Accel-Sim [build accelsim-commit-a0850ec1_modified_0.0_26-09-15-18-50-11]

        *** GPGPU-Sim Simulator Version 4.2.0  [build gpgpu-sim_git-commit-a0850ec1_modified_0.0] ***


GPGPU-Sim: Configuration options:

-save_embedded_ptx                      0 # saves ptx files embedded in binary as <n>.ptx
-keep                                   0 # keep intermediate files created by GPGPU-Sim when interfacing with external programs
-gpgpu_ptx_save_converted_ptxplus                    0 # Saved converted ptxplus to a file
-gpgpu_occupancy_sm_number                   86 # The SM number to pass to ptxas when getting register usage for computing GPU occupancy. This parameter is required in the config.
-ptx_opcode_latency_int           4,4,4,4,21 # Opcode latencies for integers <ADD,MAX,MUL,MAD,DIV,SHFL>Default 1,1,19,25,145,32
-ptx_opcode_latency_fp           4,4,4,4,39 # Opcode latencies for single precision floating points <ADD,MAX,MUL,MAD,DIV>Default 1,1,1,1,30
-ptx_opcode_latency_dp      64,64,64,64,330 # Opcode latencies for double precision floating points <ADD,MAX,MUL,MAD,DIV>Default 8,8,8,8,335
-ptx_opcode_latency_sfu                   21 # Opcode latencies for SFU instructionsDefault 8
-ptx_opcode_latency_tesnor                   64 # Opcode latencies for Tensor instructionsDefault 64
-ptx_opcode_initiation_int            2,2,2,2,2 # Opcode initiation intervals for integers <ADD,MAX,MUL,MAD,DIV,SHFL>Default 1,1,4,4,32,4
-ptx_opcode_initiation_fp            1,1,1,1,2 # Opcode initiation intervals for single precision floating points <ADD,MAX,MUL,MAD,DIV>Default 1,1,1,1,5
-ptx_opcode_initiation_dp      64,64,64,64,130 # Opcode initiation intervals for double precision floating points <ADD,MAX,MUL,MAD,DIV>Default 8,8,8,8,130
-ptx_opcode_initiation_sfu                    8 # Opcode initiation intervals for sfu instructionsDefault 8
-ptx_opcode_initiation_tensor                   64 # Opcode initiation intervals for tensor instructionsDefault 64
-cdp_latency         7200,8000,100,12000,1600 # CDP API latency <cudaStreamCreateWithFlags, cudaGetParameterBufferV2_init_perWarp, cudaGetParameterBufferV2_perKernel, cudaLaunchDeviceV2_init_perWarp, cudaLaunchDevicV2_perKernel>Default 7200,8000,100,12000,1600
-network_mode                           2 # Interconnection network mode
-inter_config_file                   mesh # Interconnection network config file
-icnt_in_buffer_limit                  512 # in_buffer_limit
-icnt_out_buffer_limit                  512 # out_buffer_limit
-icnt_subnets                           2 # subnets
-icnt_arbiter_algo                      1 # arbiter_algo
-icnt_verbose                           0 # inct_verbose
-icnt_grant_cycles                      1 # grant_cycles
-gpgpu_ptx_use_cuobjdump                    1 # Use cuobjdump to extract ptx and sass from binaries
-gpgpu_experimental_lib_support                    0 # Try to extract code from cuda libraries [Broken because of unknown cudaGetExportTable]
-checkpoint_option                      0 #  checkpointing flag (0 = no checkpoint)
-checkpoint_kernel                      1 #  checkpointing during execution of which kernel (1- 1st kernel)
-checkpoint_CTA                         0 #  checkpointing after # of CTA (< less than total CTA)
-resume_option                          0 #  resume flag (0 = no resume)
-resume_kernel                          0 #  Resume from which kernel (1= 1st kernel)
-resume_CTA                             0 #  resume from which CTA 
-checkpoint_CTA_t                       0 #  resume from which CTA 
-checkpoint_insn_Y                      0 #  resume from which CTA 
-gpgpu_ptx_convert_to_ptxplus                    0 # Convert SASS (native ISA) to ptxplus and run ptxplus
-gpgpu_ptx_force_max_capability                   86 # Force maximum compute capability
-gpgpu_ptx_inst_debug_to_file                    0 # Dump executed instructions' debug information to file
-gpgpu_ptx_inst_debug_file       inst_debug.txt # Executed instructions' debug output file
-gpgpu_ptx_inst_debug_thread_uid                    1 # Thread UID for executed instructions' debug output
-gpgpu_simd_model                       1 # 1 = post-dominator
-gpgpu_shader_core_pipeline              1536:32 # shader core pipeline config, i.e., {<nthread>:<warpsize>}
-gpgpu_tex_cache:l1  N:4:128:256,L:R:m:N:L,T:512:8,128:2 # per-shader L1 texture cache  (READ-ONLY) config  {<nsets>:<bsize>:<assoc>,<rep>:<wr>:<alloc>:<wr_alloc>,<mshr>:<N>:<merge>,<mq>:<rf>}
-gpgpu_const_cache:l1 N:128:64:8,L:R:f:N:L,S:2:64,4 # per-shader L1 constant memory cache  (READ-ONLY) config  {<nsets>:<bsize>:<assoc>,<rep>:<wr>:<alloc>:<wr_alloc>,<mshr>:<N>:<merge>,<mq>} 
-gpgpu_cache:il1     N:64:128:16,L:R:f:N:L,S:2:48,4 # shader L1 instruction cache config  {<sector?>:<nsets>:<bsize>:<assoc>,<rep>:<wr>:<alloc>:<wr_alloc>:<set_index_fn>,<mshr>:<N>:<merge>,<mq>} 
-gpgpu_cache:dl1     S:4:128:256,L:T:m:L:L,A:384:48,16:0,32 # per-shader L1 data cache config  {<sector?>:<nsets>:<bsize>:<assoc>,<rep>:<wr>:<alloc>:<wr_alloc>:<set_index_fn>,<mshr>:<N>:<merge>,<mq>:<fifo_entry>,<data_port_width> | none}
-gpgpu_l1_cache_write_ratio                   25 # L1D write ratio
-gpgpu_l1_banks                         4 # The number of L1 cache banks
-gpgpu_l1_banks_byte_interleaving                   32 # l1 banks byte interleaving granularity
-gpgpu_l1_banks_hashing_function                    0 # l1 banks hashing function
-gpgpu_l1_latency                      39 # L1 Hit Latency
-gpgpu_smem_latency                    29 # smem Latency
-gpgpu_cache:dl1PrefL1                 none # per-shader L1 data cache config  {<sector?>:<nsets>:<bsize>:<assoc>,<rep>:<wr>:<alloc>:<wr_alloc>:<set_index_fn>,<mshr>:<N>:<merge>,<mq>:<fifo_entry>,<data_port_width> | none}
-gpgpu_cache:dl1PrefShared                 none # per-shader L1 data cache config  {<sector?>:<nsets>:<bsize>:<assoc>,<rep>:<wr>:<alloc>:<wr_alloc>:<set_index_fn>,<mshr>:<N>:<merge>,<mq>:<fifo_entry>,<data_port_width> | none}
-gpgpu_gmem_skip_L1D                    0 # global memory access skip L1D cache (implements -Xptxas -dlcm=cg, default=no skip)
-gpgpu_vm_mode                          2 # VM core mode: 0=disabled, 1=ideal identity, 2=functional TLB translation
-gpgpu_vm_page_size                 65536 # VM core base page size in bytes
-gpgpu_vm_l1_tlb_entries                   32 # per-SM functional L1 TLB entries
-gpgpu_vm_l1_tlb_assoc                   32 # per-SM functional L1 TLB associativity
-gpgpu_vm_l1_tlb_ports                    1 # per-SM functional L1 TLB lookups/cycle
-gpgpu_vm_l1_tlb_lookup_latency                   10 # generic M3 L1 TLB lookup service cycles
-gpgpu_vm_l2_tlb_entries                  768 # shared functional L2 TLB entries
-gpgpu_vm_l2_tlb_assoc                   16 # shared functional L2 TLB associativity
-gpgpu_vm_l2_tlb_ports                    1 # shared functional L2 TLB lookups/cycle
-gpgpu_vm_l2_tlb_lookup_latency                   80 # generic M3 L2 TLB lookup service cycles
-gpgpu_vm_l2_tlb_mode                    1 # L2 TLB mode: 0=accepted exact-page, 1=speculative 16-subentry candidate
-gpgpu_vm_fair_arm                      1 # C10A2 fair arm: 0=manual, 1=F0, 2=F1, 3=F2, 4=F3, 5=F4, 6=F5(physical PWC), 7=F6, 8=F7, 9=F8, 10=F9; 11=H0(rejected)
-gpgpu_vm_translation_mshr_entries                   32 # functional translation MSHR entries
-gpgpu_vm_pwq_entries                   32 # functional PWQ entries
-gpgpu_vm_walkers                      16 # functional page walkers
-gpgpu_vm_walk_latency                  100 # M2 fixed page-walk latency in core cycles
-gpgpu_vm_ptw_mode                      1 # VM PTW mode: 0=M2 fixed latency, 1=M3 real PTE L2/DRAM traffic
-gpgpu_vm_pt_levels                     4 # generic M3 radix page-table levels
-gpgpu_vm_virtual_address_bits                   49 # generic M3 SimVA/backend width; 49 and 56 are directed-tested
-gpgpu_vm_application_physical_limit      562949953421312 # exclusive identity-mapped application physical limit
-gpgpu_vm_pte_physical_base      562949953421312 # generic M3 reserved PTE physical range base
-gpgpu_vm_pte_physical_bytes         549755813888 # generic M3 reserved PTE physical range size
-gpgpu_vm_pwc_mode                      1 # PWC mode: 0=OFF, 1=generic FINITE LRU, 2=IDEAL, 3=C9 F5 physical (selector-controlled)
-gpgpu_vm_pwc_entries                  128 # generic M3 finite PWC entries (ignored by IDEAL)
-gpgpu_vm_pwc_lookup_latency                    1 # generic M3 PWC service latency in core cycles
-gpgpu_vm_object_map /root/workspace/accel-sim-framework-awma-first-current-model-replay-174new-v1/outputs/current_model_runtime/object-map.tsv # immutable M4C VM object-range map (empty disables)
-gpgpu_vm_weight_segmentation_enable                    1 # M4B speculative Weight Segmentation enable
-gpgpu_vm_weight_segment_entries                    8 # M4B immutable Weight Segment descriptor capacity
-gpgpu_vm_weight_segment_lookup_latency                    5 # M4B parallel Weight Segment lookup service cycles
-gpgpu_vm_weight_segment_map /root/workspace/accel-sim-framework-awma-first-current-model-replay-174new-v1/outputs/current_model_runtime/segment-map.tsv # M4B immutable Weight Segment map (empty disables)
-gpgpu_memory_telemetry_level                    2 # M4C bounded memory telemetry: 0=off, 1=aggregate, 2=windows, 3=diagnostic
-gpgpu_memory_telemetry_window_transactions              1000000 # M4C fixed telemetry window in coalesced transactions
-gpgpu_perfect_mem                      0 # enable perfect memory mode (no cache miss)
-n_regfile_gating_group                    4 # group of lanes that should be read/written together)
-gpgpu_clock_gated_reg_file                    0 # enable clock gated reg file for power calculations
-gpgpu_clock_gated_lanes                    0 # enable clock gated lanes for power calculations
-gpgpu_shader_registers                65536 # Number of registers per shader core. Limits number of concurrent CTAs. (default 8192)
-gpgpu_registers_per_block                65536 # Maximum number of registers per CTA. (default 8192)
-gpgpu_ignore_resources_limitation                    0 # gpgpu_ignore_resources_limitation (default 0)
-gpgpu_shader_cta                      32 # Maximum number of concurrent CTAs in shader (default 32)
-gpgpu_num_cta_barriers                   16 # Maximum number of named barriers per CTA (default 16)
-gpgpu_n_clusters                      35 # number of processing clusters
-gpgpu_n_cores_per_cluster                    1 # number of simd cores per cluster
-gpgpu_n_cluster_ejection_buffer_size                   32 # number of packets in ejection buffer
-gpgpu_n_ldst_response_buffer_size                    2 # number of response packets in ld/st unit ejection buffer
-gpgpu_shmem_per_block                49152 # Size of shared memory per thread block or CTA (default 48kB)
-gpgpu_shmem_size                  102400 # Size of shared memory per shader core (default 16kB)
-gpgpu_shmem_option      0,8,16,32,64,100 # Option list of shared memory sizes
-gpgpu_unified_l1d_size                  128 # Size of unified data cache(L1D + shared memory) in KB
-gpgpu_adaptive_cache_config                    1 # adaptive_cache_config
-gpgpu_shmem_sizeDefault               102400 # Size of shared memory per shader core (default 16kB)
-gpgpu_shmem_size_PrefL1                16384 # Size of shared memory per shader core (default 16kB)
-gpgpu_shmem_size_PrefShared                16384 # Size of shared memory per shader core (default 16kB)
-gpgpu_shmem_num_banks                   32 # Number of banks in the shared memory in each shader core (default 16)
-gpgpu_shmem_limited_broadcast                    0 # Limit shared memory to do one broadcast per cycle (default on)
-gpgpu_shmem_warp_parts                    1 # Number of portions a warp is divided into for shared memory bank conflict check 
-gpgpu_mem_unit_ports                    1 # The number of memory transactions allowed per core cycle
-gpgpu_shmem_warp_parts                    1 # Number of portions a warp is divided into for shared memory bank conflict check 
-gpgpu_warpdistro_shader                   -1 # Specify which shader core to collect the warp size distribution from
-gpgpu_warp_issue_shader                    0 # Specify which shader core to collect the warp issue distribution from
-gpgpu_local_mem_map                    1 # Mapping from local memory space address to simulated GPU physical address space (default = enabled)
-gpgpu_num_reg_banks                    8 # Number of register banks (default = 8)
-gpgpu_reg_bank_use_warp_id                    0 # Use warp ID in mapping registers to banks (default = off)
-gpgpu_sub_core_model                    1 # Sub Core Volta/Pascal model (default = off)
-gpgpu_enable_specialized_operand_collector                    0 # enable_specialized_operand_collector
-gpgpu_operand_collector_num_units_sp                    4 # number of collector units (default = 4)
-gpgpu_operand_collector_num_units_dp                    0 # number of collector units (default = 0)
-gpgpu_operand_collector_num_units_sfu                    4 # number of collector units (default = 4)
-gpgpu_operand_collector_num_units_int                    0 # number of collector units (default = 0)
-gpgpu_operand_collector_num_units_tensor_core                    4 # number of collector units (default = 4)
-gpgpu_operand_collector_num_units_mem                    2 # number of collector units (default = 2)
-gpgpu_operand_collector_num_units_gen                    8 # number of collector units (default = 0)
-gpgpu_operand_collector_num_in_ports_sp                    1 # number of collector unit in ports (default = 1)
-gpgpu_operand_collector_num_in_ports_dp                    0 # number of collector unit in ports (default = 0)
-gpgpu_operand_collector_num_in_ports_sfu                    1 # number of collector unit in ports (default = 1)
-gpgpu_operand_collector_num_in_ports_int                    0 # number of collector unit in ports (default = 0)
-gpgpu_operand_collector_num_in_ports_tensor_core                    1 # number of collector unit in ports (default = 1)
-gpgpu_operand_collector_num_in_ports_mem                    1 # number of collector unit in ports (default = 1)
-gpgpu_operand_collector_num_in_ports_gen                    8 # number of collector unit in ports (default = 0)
-gpgpu_operand_collector_num_out_ports_sp                    1 # number of collector unit in ports (default = 1)
-gpgpu_operand_collector_num_out_ports_dp                    0 # number of collector unit in ports (default = 0)
-gpgpu_operand_collector_num_out_ports_sfu                    1 # number of collector unit in ports (default = 1)
-gpgpu_operand_collector_num_out_ports_int                    0 # number of collector unit in ports (default = 0)
-gpgpu_operand_collector_num_out_ports_tensor_core                    1 # number of collector unit in ports (default = 1)
-gpgpu_operand_collector_num_out_ports_mem                    1 # number of collector unit in ports (default = 1)
-gpgpu_operand_collector_num_out_ports_gen                    8 # number of collector unit in ports (default = 0)
-gpgpu_coalesce_arch                   86 # Coalescing arch (GT200 = 13, Fermi = 20)
-gpgpu_num_sched_per_core                    4 # Number of warp schedulers per core
-gpgpu_max_insn_issue_per_warp                    1 # Max number of instructions that can be issued per warp in one cycle by scheduler (either 1 or 2)
-gpgpu_dual_issue_diff_exec_units                    1 # should dual issue use two different execution unit resources (Default = 1)
-gpgpu_simt_core_sim_order                    1 # Select the simulation order of cores in a cluster (0=Fix, 1=Round-Robin)
-gpgpu_pipeline_widths 4,4,4,4,4,4,4,4,4,4,8,4,4 # Pipeline widths ID_OC_SP,ID_OC_DP,ID_OC_INT,ID_OC_SFU,ID_OC_MEM,OC_EX_SP,OC_EX_DP,OC_EX_INT,OC_EX_SFU,OC_EX_MEM,EX_WB,ID_OC_TENSOR_CORE,OC_EX_TENSOR_CORE
-gpgpu_tensor_core_avail                    1 # Tensor Core Available (default=0)
-gpgpu_num_sp_units                     4 # Number of SP units (default=1)
-gpgpu_num_dp_units                     4 # Number of DP units (default=0)
-gpgpu_num_int_units                    4 # Number of INT units (default=0)
-gpgpu_num_sfu_units                    4 # Number of SF units (default=1)
-gpgpu_num_tensor_core_units                    4 # Number of tensor_core units (default=1)
-gpgpu_num_mem_units                    1 # Number if ldst units (default=1) WARNING: not hooked up to anything
-gpgpu_scheduler                      lrr # Scheduler configuration: < lrr | gto | two_level_active > If two_level_active:<num_active_warps>:<inner_prioritization>:<outer_prioritization>For complete list of prioritization values see shader.h enum scheduler_prioritization_typeDefault: gto
-gpgpu_concurrent_kernel_sm                    0 # Support concurrent kernels on a SM (default = disabled)
-gpgpu_perfect_inst_const_cache                    1 # perfect inst and const cache mode, so all inst and const hits in the cache(default = disabled)
-gpgpu_inst_fetch_throughput                    4 # the number of fetched intruction per warp each cycle
-gpgpu_reg_file_port_throughput                    2 # the number ports of the register file
-specialized_unit_1         1,4,4,4,4,BRA # specialized unit config {<enabled>,<num_units>:<latency>:<initiation>,<ID_OC_SPEC>:<OC_EX_SPEC>,<NAME>}
-specialized_unit_2       1,4,200,4,4,TEX # specialized unit config {<enabled>,<num_units>:<latency>:<initiation>,<ID_OC_SPEC>:<OC_EX_SPEC>,<NAME>}
-specialized_unit_3     1,4,32,4,4,TENSOR # specialized unit config {<enabled>,<num_units>:<latency>:<initiation>,<ID_OC_SPEC>:<OC_EX_SPEC>,<NAME>}
-specialized_unit_4         1,4,4,4,4,UDP # specialized unit config {<enabled>,<num_units>:<latency>:<initiation>,<ID_OC_SPEC>:<OC_EX_SPEC>,<NAME>}
-specialized_unit_5         0,4,4,4,4,BRA # specialized unit config {<enabled>,<num_units>:<latency>:<initiation>,<ID_OC_SPEC>:<OC_EX_SPEC>,<NAME>}
-specialized_unit_6         0,4,4,4,4,BRA # specialized unit config {<enabled>,<num_units>:<latency>:<initiation>,<ID_OC_SPEC>:<OC_EX_SPEC>,<NAME>}
-specialized_unit_7         0,4,4,4,4,BRA # specialized unit config {<enabled>,<num_units>:<latency>:<initiation>,<ID_OC_SPEC>:<OC_EX_SPEC>,<NAME>}
-specialized_unit_8         0,4,4,4,4,BRA # specialized unit config {<enabled>,<num_units>:<latency>:<initiation>,<ID_OC_SPEC>:<OC_EX_SPEC>,<NAME>}
-gpgpu_perf_sim_memcpy                    1 # Fill the L2 cache on memcpy
-gpgpu_simple_dram_model                    0 # simple_dram_model with fixed latency and BW
-gpgpu_dram_scheduler                    1 # 0 = fifo, 1 = FR-FCFS (defaul)
-gpgpu_dram_partition_queues          64:64:64:64 # i2$:$2d:d2$:$2i
-l2_ideal                               0 # Use a ideal L2 cache that always hit
-gpgpu_cache:dl2     S:64:128:16,L:B:m:L:P,A:192:4,32:0,32 # unified banked L2 data cache config  {<sector?>:<nsets>:<bsize>:<assoc>,<rep>:<wr>:<alloc>:<wr_alloc>:<set_index_fn>,<mshr>:<N>:<merge>,<mq>:<fifo_entry>,<data_port_width>
-gpgpu_cache:dl2_texture_only                    0 # L2 cache used for texture only
-gpgpu_n_mem                           12 # number of memory modules (e.g. memory controllers) in gpu
-gpgpu_n_sub_partition_per_mchannel                    2 # number of memory subpartition in each memory module
-gpgpu_n_mem_per_ctrlr                    1 # number of memory chips per memory controller
-gpgpu_memlatency_stat                   14 # track and display latency statistics 0x2 enables MC, 0x4 enables queue logs
-gpgpu_frfcfs_dram_sched_queue_size                   64 # 0 = unlimited (default); # entries per chip
-gpgpu_dram_return_queue_size                  192 # 0 = unlimited (default); # entries per chip
-gpgpu_dram_buswidth                    2 # default = 4 bytes (8 bytes per cycle at DDR)
-gpgpu_dram_burst_length                   16 # Burst length of each DRAM request (default = 4 data bus cycle)
-dram_data_command_freq_ratio                    4 # Frequency ratio between DRAM data bus and command bus (default = 2 times, i.e. DDR)
-gpgpu_dram_timing_opt nbk=16:CCD=4:RRD=12:RCD=24:RAS=55:RP=24:RC=78:CL=24:WL=8:CDLR=10:WR=24:nbkgrp=4:CCDL=6:RTPL=4 # DRAM timing parameters = {nbk:tCCD:tRRD:tRCD:tRAS:tRP:tRC:CL:WL:tCDLR:tWR:nbkgrp:tCCDL:tRTPL}
-gpgpu_l2_rop_latency                  187 # ROP queue latency (default 85)
-dram_latency                         254 # DRAM latency (default 30)
-dram_dual_bus_interface                    0 # dual_bus_interface (default = 0) 
-dram_bnk_indexing_policy                    0 # dram_bnk_indexing_policy (0 = normal indexing, 1 = Xoring with the higher bits) (Default = 0)
-dram_bnkgrp_indexing_policy                    1 # dram_bnkgrp_indexing_policy (0 = take higher bits, 1 = take lower bits) (Default = 0)
-dram_seperate_write_queue_enable                    0 # Seperate_Write_Queue_Enable
-dram_write_queue_size             32:28:16 # Write_Queue_Size
-dram_elimnate_rw_turnaround                    0 # elimnate_rw_turnaround i.e set tWTR and tRTW = 0
-icnt_flit_size                        40 # icnt_flit_size
-SST_mode                               0 # SST mode
-gpgpu_mem_addr_mapping dramid@8;00000000.00000000.00000000.00000000.0000RRRR.RRRRRRRR.RBBBCCCC.BCCSSSSS # mapping memory address to dram model {dramid@<start bit>;<memory address map>}
-gpgpu_mem_addr_test                    0 # run sweep test to check address mapping for aliased address
-gpgpu_mem_address_mask                    1 # 0 = old addressing mask, 1 = new addressing mask, 2 = new add. mask + flipped bank sel and chip sel bits
-gpgpu_memory_partition_indexing                    2 # 0 = no indexing, 1 = bitwise xoring, 2 = IPoly, 3 = custom indexing
-accelwattch_xml_file accelwattch_sass_sim.xml # AccelWattch XML file
-power_simulation_enabled                    0 # Turn on power simulator (1=On, 0=Off)
-power_per_cycle_dump                    0 # Dump detailed power output each cycle
-hw_perf_file_name            hw_perf.csv # Hardware Performance Statistics file
-hw_perf_bench_name                       # Kernel Name in Hardware Performance Statistics file
-power_simulation_mode                    0 # Switch performance counter input for power simulation (0=Sim, 1=HW, 2=HW-Sim Hybrid)
-dvfs_enabled                           0 # Turn on DVFS for power model
-aggregate_power_stats                    0 # Accumulate power across all kernels
-accelwattch_hybrid_perfsim_L1_RH                    0 # Get L1 Read Hits for Accelwattch-Hybrid from Accel-Sim
-accelwattch_hybrid_perfsim_L1_RM                    0 # Get L1 Read Misses for Accelwattch-Hybrid from Accel-Sim
-accelwattch_hybrid_perfsim_L1_WH                    0 # Get L1 Write Hits for Accelwattch-Hybrid from Accel-Sim
-accelwattch_hybrid_perfsim_L1_WM                    0 # Get L1 Write Misses for Accelwattch-Hybrid from Accel-Sim
-accelwattch_hybrid_perfsim_L2_RH                    0 # Get L2 Read Hits for Accelwattch-Hybrid from Accel-Sim
-accelwattch_hybrid_perfsim_L2_RM                    0 # Get L2 Read Misses for Accelwattch-Hybrid from Accel-Sim
-accelwattch_hybrid_perfsim_L2_WH                    0 # Get L2 Write Hits for Accelwattch-Hybrid from Accel-Sim
-accelwattch_hybrid_perfsim_L2_WM                    0 # Get L2 Write Misses for Accelwattch-Hybrid from Accel-Sim
-accelwattch_hybrid_perfsim_CC_ACC                    0 # Get Constant Cache Acesses for Accelwattch-Hybrid from Accel-Sim
-accelwattch_hybrid_perfsim_SHARED_ACC                    0 # Get Shared Memory Acesses for Accelwattch-Hybrid from Accel-Sim
-accelwattch_hybrid_perfsim_DRAM_RD                    0 # Get DRAM Reads for Accelwattch-Hybrid from Accel-Sim
-accelwattch_hybrid_perfsim_DRAM_WR                    0 # Get DRAM Writes for Accelwattch-Hybrid from Accel-Sim
-accelwattch_hybrid_perfsim_NOC                    0 # Get Interconnect Acesses for Accelwattch-Hybrid from Accel-Sim
-accelwattch_hybrid_perfsim_PIPE_DUTY                    0 # Get Pipeline Duty Cycle Acesses for Accelwattch-Hybrid from Accel-Sim
-accelwattch_hybrid_perfsim_NUM_SM_IDLE                    0 # Get Number of Idle SMs for Accelwattch-Hybrid from Accel-Sim
-accelwattch_hybrid_perfsim_CYCLES                    0 # Get Executed Cycles for Accelwattch-Hybrid from Accel-Sim
-accelwattch_hybrid_perfsim_VOLTAGE                    0 # Get Chip Voltage for Accelwattch-Hybrid from Accel-Sim
-power_trace_enabled                    0 # produce a file for the power trace (1=On, 0=Off)
-power_trace_zlevel                     6 # Compression level of the power trace output log (0=no comp, 9=highest)
-steady_power_levels_enabled                    0 # produce a file for the steady power levels (1=On, 0=Off)
-steady_state_definition                  8:4 # allowed deviation:number of samples
-gpgpu_max_cycle                    10000 # terminates gpu simulation early (0 = no limit)
-gpgpu_max_insn                         0 # terminates gpu simulation early (0 = no limit)
-gpgpu_max_cta                          0 # terminates gpu simulation early (0 = no limit)
-gpgpu_max_completed_cta                    0 # terminates gpu simulation early (0 = no limit)
-gpgpu_runtime_stat                   500 # display runtime statistics such as dram utilization {<freq>:<flag>}
-liveness_message_freq                    1 # Minimum number of seconds between simulation liveness messages (0 = always print)
-gpgpu_compute_capability_major                    8 # Major compute capability version number
-gpgpu_compute_capability_minor                    6 # Minor compute capability version number
-gpgpu_flush_l1_cache                    1 # Flush L1 cache at the end of each kernel call
-gpgpu_flush_l2_cache                    0 # Flush L2 cache at the end of each kernel call
-gpgpu_deadlock_detect                    1 # Stop the simulation at deadlock (1=on (default), 0=off)
-gpgpu_ptx_instruction_classification                    0 # if enabled will classify ptx instruction types per kernel (Max 255 kernels now)
-gpgpu_ptx_sim_mode                     0 # Select between Performance (default) or Functional simulation (1)
-gpgpu_clock_domains 1500:1500:1500:3500.5 # Clock Domain Frequencies in MhZ {<Core Clock>:<ICNT Clock>:<L2 Clock>:<DRAM Clock>}
-gpgpu_max_concurrent_kernel                  128 # maximum kernels that can run concurrently on GPU, set this value according to max resident grids for your compute capability
-gpgpu_cflog_interval                    0 # Interval between each snapshot in control flow logger
-visualizer_enabled                     0 # Turn on visualizer output (1=On, 0=Off)
-visualizer_outputfile                 NULL # Specifies the output log file for visualizer
-visualizer_zlevel                      6 # Compression level of the visualizer output log (0=no comp, 9=highest)
-gpgpu_stack_size_limit                 1024 # GPU thread stack size
-gpgpu_heap_size_limit              8388608 # GPU malloc heap size 
-gpgpu_runtime_sync_depth_limit                    2 # GPU device runtime synchronize depth
-gpgpu_runtime_pending_launch_count_limit                 2048 # GPU device runtime pending launch count
-trace_enabled                          0 # Turn on traces
-trace_components                    none # comma seperated list of traces to enable. Complete list found in trace_streams.tup. Default none
-trace_sampling_core                    0 # The core which is printed using CORE_DPRINTF. Default 0
-trace_sampling_memory_partition                   -1 # The memory partition which is printed using MEMPART_DPRINTF. Default -1 (i.e. all)
-enable_ptx_file_line_stats                    1 # Turn on PTX source line statistic profiling. (1 = On)
-ptx_line_stats_filename gpgpu_inst_stats.txt # Output file for PTX source line statistics.
-gpgpu_kernel_launch_latency                 5000 # Kernel launch latency in cycles. Default: 0
-gpgpu_cdp_enabled                      0 # Turn on CDP
-gpgpu_TB_launch_latency                    0 # thread block launch latency in cycles. Default: 0
-trace               /root/share/mnt164/huangrulin/c16_ai_workload/raw/C16R_qwen25-05b_s2-text_prefill_awma-routeb-sim_q05-prefill-attn-flash_20260917T163000Z_e46193b94dd9/traces/kernelslist.g # traces kernel filetraces kernel file directory
-trace_opcode_latency_initiation_int                  2,2 # Opcode latencies and initiation for integers in trace driven mode <latency,initiation>
-trace_opcode_latency_initiation_sp                  2,1 # Opcode latencies and initiation for sp in trace driven mode <latency,initiation>
-trace_opcode_latency_initiation_dp                64,64 # Opcode latencies and initiation for dp in trace driven mode <latency,initiation>
-trace_opcode_latency_initiation_sfu                 21,8 # Opcode latencies and initiation for sfu in trace driven mode <latency,initiation>
-trace_opcode_latency_initiation_tensor                32,32 # Opcode latencies and initiation for tensor in trace driven mode <latency,initiation>
-trace_opcode_latency_initiation_spec_op_1                  4,4 # specialized unit config <latency,initiation>
-trace_opcode_latency_initiation_spec_op_2                200,4 # specialized unit config <latency,initiation>
-trace_opcode_latency_initiation_spec_op_3                32,32 # specialized unit config <latency,initiation>
-trace_opcode_latency_initiation_spec_op_4                  4,1 # specialized unit config <latency,initiation>
-trace_opcode_latency_initiation_spec_op_5                  4,4 # specialized unit config <latency,initiation>
-trace_opcode_latency_initiation_spec_op_6                  4,4 # specialized unit config <latency,initiation>
-trace_opcode_latency_initiation_spec_op_7                  4,4 # specialized unit config <latency,initiation>
-trace_opcode_latency_initiation_spec_op_8                  4,4 # specialized unit config <latency,initiation>
DRAM Timing Options:
nbk                                    16 # number of banks
CCD                                     4 # column to column delay
RRD                                    12 # minimal delay between activation of rows in different banks
RCD                                    24 # row to column delay
RAS                                    55 # time needed to activate row
RP                                     24 # time needed to precharge (deactivate) row
RC                                     78 # row cycle time
CDLR                                   10 # switching from write to read (changes tWTR)
WR                                     24 # last data-in to row precharge
CL                                     24 # CAS latency
WL                                      8 # Write latency
nbkgrp                                  4 # number of bank groups
CCDL                                    6 # column to column delay between accesses to different bank groups
RTPL                                    4 # read to precharge delay between accesses to different bank groups
Total number of memory sub partition = 24
addr_dec_mask[CHIP]  = 0000000000000000 	high:64 low:0
addr_dec_mask[BK]    = 0000000000007080 	high:15 low:7
addr_dec_mask[ROW]   = 000000000fff8000 	high:28 low:15
addr_dec_mask[COL]   = 0000000000000f7f 	high:12 low:0
addr_dec_mask[BURST] = 000000000000001f 	high:5 low:0
sub_partition_id_mask = 0000000000000080
GPGPU-Sim uArch: clock freqs: 1500000000.000000:1500000000.000000:1500000000.000000:3500500000.000000
GPGPU-Sim uArch: clock periods: 0.00000000066666666667:0.00000000066666666667:0.00000000066666666667:0.00000000028567347522
*** Initializing Memory Statistics ***
GPGPU-Sim uArch: performance model initialization complete.
Processing kernel /root/share/mnt164/huangrulin/c16_ai_workload/raw/C16R_qwen25-05b_s2-text_prefill_awma-routeb-sim_q05-prefill-attn-flash_20260917T163000Z_e46193b94dd9/traces/kernel-34-ctx_0x5dd0a1addd30.traceg.xz
-kernel name = void pytorch_flash::flash_fwd_kernel<pytorch_flash::Flash_fwd_kernel_traits<64, 128, 128, 4, false, false, cutlass::half_t, pytorch_flash::Flash_kernel_traits<64, 128, 128, 4, cutlass::half_t> >, false, true, false, false, true, true, false>(pytorch_flash::Flash_fwd_params)
-kernel id = 34
-grid dim = (16,1,14)
-block dim = (128,1,1)
-shmem = 49152
-nregs = 255
-binary version = 86
-cuda stream id = 0
-shmem base_addr = 0x00007cb9c1000000
-local mem base_addr = 0x00007cb9bf000000
-nvbit version = 1.7.7.1
-accelsim tracer version = 5
-enable lineinfo = 0
Header info loaded for kernel command : /root/share/mnt164/huangrulin/c16_ai_workload/raw/C16R_qwen25-05b_s2-text_prefill_awma-routeb-sim_q05-prefill-attn-flash_20260917T163000Z_e46193b94dd9/traces/kernel-34-ctx_0x5dd0a1addd30.traceg.xz
launching kernel name: void pytorch_flash::flash_fwd_kernel<pytorch_flash::Flash_fwd_kernel_traits<64, 128, 128, 4, false, false, cutlass::half_t, pytorch_flash::Flash_kernel_traits<64, 128, 128, 4, cutlass::half_t> >, false, true, false, false, true, true, false>(pytorch_flash::Flash_fwd_params) uid: 1 cuda_stream_id: 0
GPGPU-Sim uArch: Shader 0 bind to kernel 1 'void pytorch_flash::flash_fwd_kernel<pytorch_flash::Flash_fwd_kernel_traits<64, 128, 128, 4, false, false, cutlass::half_t, pytorch_flash::Flash_kernel_traits<64, 128, 128, 4, cutlass::half_t> >, false, true, false, false, true, true, false>(pytorch_flash::Flash_fwd_params)'
GPGPU-Sim uArch: CTA/core = 2, limited by: shmem regs
GPGPU-Sim: Reconfigure L1 cache to 28KB
thread block = 0,0,0
GPGPU-Sim uArch: Shader 1 bind to kernel 1 'void pytorch_flash::flash_fwd_kernel<pytorch_flash::Flash_fwd_kernel_traits<64, 128, 128, 4, false, false, cutlass::half_t, pytorch_flash::Flash_kernel_traits<64, 128, 128, 4, cutlass::half_t> >, false, true, false, false, true, true, false>(pytorch_flash::Flash_fwd_params)'
thread block = 1,0,0
GPGPU-Sim uArch: Shader 2 bind to kernel 1 'void pytorch_flash::flash_fwd_kernel<pytorch_flash::Flash_fwd_kernel_traits<64, 128, 128, 4, false, false, cutlass::half_t, pytorch_flash::Flash_kernel_traits<64, 128, 128, 4, cutlass::half_t> >, false, true, false, false, true, true, false>(pytorch_flash::Flash_fwd_params)'
thread block = 2,0,0
GPGPU-Sim uArch: Shader 3 bind to kernel 1 'void pytorch_flash::flash_fwd_kernel<pytorch_flash::Flash_fwd_kernel_traits<64, 128, 128, 4, false, false, cutlass::half_t, pytorch_flash::Flash_kernel_traits<64, 128, 128, 4, cutlass::half_t> >, false, true, false, false, true, true, false>(pytorch_flash::Flash_fwd_params)'
thread block = 3,0,0
GPGPU-Sim uArch: Shader 4 bind to kernel 1 'void pytorch_flash::flash_fwd_kernel<pytorch_flash::Flash_fwd_kernel_traits<64, 128, 128, 4, false, false, cutlass::half_t, pytorch_flash::Flash_kernel_traits<64, 128, 128, 4, cutlass::half_t> >, false, true, false, false, true, true, false>(pytorch_flash::Flash_fwd_params)'
thread block = 4,0,0
GPGPU-Sim uArch: Shader 5 bind to kernel 1 'void pytorch_flash::flash_fwd_kernel<pytorch_flash::Flash_fwd_kernel_traits<64, 128, 128, 4, false, false, cutlass::half_t, pytorch_flash::Flash_kernel_traits<64, 128, 128, 4, cutlass::half_t> >, false, true, false, false, true, true, false>(pytorch_flash::Flash_fwd_params)'
thread block = 5,0,0
GPGPU-Sim uArch: Shader 6 bind to kernel 1 'void pytorch_flash::flash_fwd_kernel<pytorch_flash::Flash_fwd_kernel_traits<64, 128, 128, 4, false, false, cutlass::half_t, pytorch_flash::Flash_kernel_traits<64, 128, 128, 4, cutlass::half_t> >, false, true, false, false, true, true, false>(pytorch_flash::Flash_fwd_params)'
thread block = 6,0,0
GPGPU-Sim uArch: Shader 7 bind to kernel 1 'void pytorch_flash::flash_fwd_kernel<pytorch_flash::Flash_fwd_kernel_traits<64, 128, 128, 4, false, false, cutlass::half_t, pytorch_flash::Flash_kernel_traits<64, 128, 128, 4, cutlass::half_t> >, false, true, false, false, true, true, false>(pytorch_flash::Flash_fwd_params)'
thread block = 7,0,0
GPGPU-Sim uArch: Shader 8 bind to kernel 1 'void pytorch_flash::flash_fwd_kernel<pytorch_flash::Flash_fwd_kernel_traits<64, 128, 128, 4, false, false, cutlass::half_t, pytorch_flash::Flash_kernel_traits<64, 128, 128, 4, cutlass::half_t> >, false, true, false, false, true, true, false>(pytorch_flash::Flash_fwd_params)'
thread block = 8,0,0
GPGPU-Sim uArch: Shader 9 bind to kernel 1 'void pytorch_flash::flash_fwd_kernel<pytorch_flash::Flash_fwd_kernel_traits<64, 128, 128, 4, false, false, cutlass::half_t, pytorch_flash::Flash_kernel_traits<64, 128, 128, 4, cutlass::half_t> >, false, true, false, false, true, true, false>(pytorch_flash::Flash_fwd_params)'
thread block = 9,0,0
GPGPU-Sim uArch: Shader 10 bind to kernel 1 'void pytorch_flash::flash_fwd_kernel<pytorch_flash::Flash_fwd_kernel_traits<64, 128, 128, 4, false, false, cutlass::half_t, pytorch_flash::Flash_kernel_traits<64, 128, 128, 4, cutlass::half_t> >, false, true, false, false, true, true, false>(pytorch_flash::Flash_fwd_params)'
thread block = 10,0,0
GPGPU-Sim uArch: Shader 11 bind to kernel 1 'void pytorch_flash::flash_fwd_kernel<pytorch_flash::Flash_fwd_kernel_traits<64, 128, 128, 4, false, false, cutlass::half_t, pytorch_flash::Flash_kernel_traits<64, 128, 128, 4, cutlass::half_t> >, false, true, false, false, true, true, false>(pytorch_flash::Flash_fwd_params)'
thread block = 11,0,0
GPGPU-Sim uArch: Shader 12 bind to kernel 1 'void pytorch_flash::flash_fwd_kernel<pytorch_flash::Flash_fwd_kernel_traits<64, 128, 128, 4, false, false, cutlass::half_t, pytorch_flash::Flash_kernel_traits<64, 128, 128, 4, cutlass::half_t> >, false, true, false, false, true, true, false>(pytorch_flash::Flash_fwd_params)'
thread block = 12,0,0
GPGPU-Sim uArch: Shader 13 bind to kernel 1 'void pytorch_flash::flash_fwd_kernel<pytorch_flash::Flash_fwd_kernel_traits<64, 128, 128, 4, false, false, cutlass::half_t, pytorch_flash::Flash_kernel_traits<64, 128, 128, 4, cutlass::half_t> >, false, true, false, false, true, true, false>(pytorch_flash::Flash_fwd_params)'
thread block = 13,0,0
GPGPU-Sim uArch: Shader 14 bind to kernel 1 'void pytorch_flash::flash_fwd_kernel<pytorch_flash::Flash_fwd_kernel_traits<64, 128, 128, 4, false, false, cutlass::half_t, pytorch_flash::Flash_kernel_traits<64, 128, 128, 4, cutlass::half_t> >, false, true, false, false, true, true, false>(pytorch_flash::Flash_fwd_params)'
thread block = 14,0,0
GPGPU-Sim uArch: Shader 15 bind to kernel 1 'void pytorch_flash::flash_fwd_kernel<pytorch_flash::Flash_fwd_kernel_traits<64, 128, 128, 4, false, false, cutlass::half_t, pytorch_flash::Flash_kernel_traits<64, 128, 128, 4, cutlass::half_t> >, false, true, false, false, true, true, false>(pytorch_flash::Flash_fwd_params)'
thread block = 15,0,0
GPGPU-Sim uArch: Shader 16 bind to kernel 1 'void pytorch_flash::flash_fwd_kernel<pytorch_flash::Flash_fwd_kernel_traits<64, 128, 128, 4, false, false, cutlass::half_t, pytorch_flash::Flash_kernel_traits<64, 128, 128, 4, cutlass::half_t> >, false, true, false, false, true, true, false>(pytorch_flash::Flash_fwd_params)'
thread block = 0,0,1
GPGPU-Sim uArch: Shader 17 bind to kernel 1 'void pytorch_flash::flash_fwd_kernel<pytorch_flash::Flash_fwd_kernel_traits<64, 128, 128, 4, false, false, cutlass::half_t, pytorch_flash::Flash_kernel_traits<64, 128, 128, 4, cutlass::half_t> >, false, true, false, false, true, true, false>(pytorch_flash::Flash_fwd_params)'
thread block = 1,0,1
GPGPU-Sim uArch: Shader 18 bind to kernel 1 'void pytorch_flash::flash_fwd_kernel<pytorch_flash::Flash_fwd_kernel_traits<64, 128, 128, 4, false, false, cutlass::half_t, pytorch_flash::Flash_kernel_traits<64, 128, 128, 4, cutlass::half_t> >, false, true, false, false, true, true, false>(pytorch_flash::Flash_fwd_params)'
thread block = 2,0,1
GPGPU-Sim uArch: Shader 19 bind to kernel 1 'void pytorch_flash::flash_fwd_kernel<pytorch_flash::Flash_fwd_kernel_traits<64, 128, 128, 4, false, false, cutlass::half_t, pytorch_flash::Flash_kernel_traits<64, 128, 128, 4, cutlass::half_t> >, false, true, false, false, true, true, false>(pytorch_flash::Flash_fwd_params)'
thread block = 3,0,1
GPGPU-Sim uArch: Shader 20 bind to kernel 1 'void pytorch_flash::flash_fwd_kernel<pytorch_flash::Flash_fwd_kernel_traits<64, 128, 128, 4, false, false, cutlass::half_t, pytorch_flash::Flash_kernel_traits<64, 128, 128, 4, cutlass::half_t> >, false, true, false, false, true, true, false>(pytorch_flash::Flash_fwd_params)'
thread block = 4,0,1
GPGPU-Sim uArch: Shader 21 bind to kernel 1 'void pytorch_flash::flash_fwd_kernel<pytorch_flash::Flash_fwd_kernel_traits<64, 128, 128, 4, false, false, cutlass::half_t, pytorch_flash::Flash_kernel_traits<64, 128, 128, 4, cutlass::half_t> >, false, true, false, false, true, true, false>(pytorch_flash::Flash_fwd_params)'
thread block = 5,0,1
GPGPU-Sim uArch: Shader 22 bind to kernel 1 'void pytorch_flash::flash_fwd_kernel<pytorch_flash::Flash_fwd_kernel_traits<64, 128, 128, 4, false, false, cutlass::half_t, pytorch_flash::Flash_kernel_traits<64, 128, 128, 4, cutlass::half_t> >, false, true, false, false, true, true, false>(pytorch_flash::Flash_fwd_params)'
thread block = 6,0,1
GPGPU-Sim uArch: Shader 23 bind to kernel 1 'void pytorch_flash::flash_fwd_kernel<pytorch_flash::Flash_fwd_kernel_traits<64, 128, 128, 4, false, false, cutlass::half_t, pytorch_flash::Flash_kernel_traits<64, 128, 128, 4, cutlass::half_t> >, false, true, false, false, true, true, false>(pytorch_flash::Flash_fwd_params)'
thread block = 7,0,1
GPGPU-Sim uArch: Shader 24 bind to kernel 1 'void pytorch_flash::flash_fwd_kernel<pytorch_flash::Flash_fwd_kernel_traits<64, 128, 128, 4, false, false, cutlass::half_t, pytorch_flash::Flash_kernel_traits<64, 128, 128, 4, cutlass::half_t> >, false, true, false, false, true, true, false>(pytorch_flash::Flash_fwd_params)'
thread block = 8,0,1
GPGPU-Sim uArch: Shader 25 bind to kernel 1 'void pytorch_flash::flash_fwd_kernel<pytorch_flash::Flash_fwd_kernel_traits<64, 128, 128, 4, false, false, cutlass::half_t, pytorch_flash::Flash_kernel_traits<64, 128, 128, 4, cutlass::half_t> >, false, true, false, false, true, true, false>(pytorch_flash::Flash_fwd_params)'
thread block = 9,0,1
GPGPU-Sim uArch: Shader 26 bind to kernel 1 'void pytorch_flash::flash_fwd_kernel<pytorch_flash::Flash_fwd_kernel_traits<64, 128, 128, 4, false, false, cutlass::half_t, pytorch_flash::Flash_kernel_traits<64, 128, 128, 4, cutlass::half_t> >, false, true, false, false, true, true, false>(pytorch_flash::Flash_fwd_params)'
thread block = 10,0,1
GPGPU-Sim uArch: Shader 27 bind to kernel 1 'void pytorch_flash::flash_fwd_kernel<pytorch_flash::Flash_fwd_kernel_traits<64, 128, 128, 4, false, false, cutlass::half_t, pytorch_flash::Flash_kernel_traits<64, 128, 128, 4, cutlass::half_t> >, false, true, false, false, true, true, false>(pytorch_flash::Flash_fwd_params)'
thread block = 11,0,1
GPGPU-Sim uArch: Shader 28 bind to kernel 1 'void pytorch_flash::flash_fwd_kernel<pytorch_flash::Flash_fwd_kernel_traits<64, 128, 128, 4, false, false, cutlass::half_t, pytorch_flash::Flash_kernel_traits<64, 128, 128, 4, cutlass::half_t> >, false, true, false, false, true, true, false>(pytorch_flash::Flash_fwd_params)'
thread block = 12,0,1
GPGPU-Sim uArch: Shader 29 bind to kernel 1 'void pytorch_flash::flash_fwd_kernel<pytorch_flash::Flash_fwd_kernel_traits<64, 128, 128, 4, false, false, cutlass::half_t, pytorch_flash::Flash_kernel_traits<64, 128, 128, 4, cutlass::half_t> >, false, true, false, false, true, true, false>(pytorch_flash::Flash_fwd_params)'
thread block = 13,0,1
GPGPU-Sim uArch: Shader 30 bind to kernel 1 'void pytorch_flash::flash_fwd_kernel<pytorch_flash::Flash_fwd_kernel_traits<64, 128, 128, 4, false, false, cutlass::half_t, pytorch_flash::Flash_kernel_traits<64, 128, 128, 4, cutlass::half_t> >, false, true, false, false, true, true, false>(pytorch_flash::Flash_fwd_params)'
thread block = 14,0,1
GPGPU-Sim uArch: Shader 31 bind to kernel 1 'void pytorch_flash::flash_fwd_kernel<pytorch_flash::Flash_fwd_kernel_traits<64, 128, 128, 4, false, false, cutlass::half_t, pytorch_flash::Flash_kernel_traits<64, 128, 128, 4, cutlass::half_t> >, false, true, false, false, true, true, false>(pytorch_flash::Flash_fwd_params)'
thread block = 15,0,1
GPGPU-Sim uArch: Shader 32 bind to kernel 1 'void pytorch_flash::flash_fwd_kernel<pytorch_flash::Flash_fwd_kernel_traits<64, 128, 128, 4, false, false, cutlass::half_t, pytorch_flash::Flash_kernel_traits<64, 128, 128, 4, cutlass::half_t> >, false, true, false, false, true, true, false>(pytorch_flash::Flash_fwd_params)'
thread block = 0,0,2
GPGPU-Sim uArch: Shader 33 bind to kernel 1 'void pytorch_flash::flash_fwd_kernel<pytorch_flash::Flash_fwd_kernel_traits<64, 128, 128, 4, false, false, cutlass::half_t, pytorch_flash::Flash_kernel_traits<64, 128, 128, 4, cutlass::half_t> >, false, true, false, false, true, true, false>(pytorch_flash::Flash_fwd_params)'
thread block = 1,0,2
GPGPU-Sim uArch: Shader 34 bind to kernel 1 'void pytorch_flash::flash_fwd_kernel<pytorch_flash::Flash_fwd_kernel_traits<64, 128, 128, 4, false, false, cutlass::half_t, pytorch_flash::Flash_kernel_traits<64, 128, 128, 4, cutlass::half_t> >, false, true, false, false, true, true, false>(pytorch_flash::Flash_fwd_params)'
thread block = 2,0,2
thread block = 3,0,2
thread block = 4,0,2
thread block = 5,0,2
thread block = 6,0,2
thread block = 7,0,2
thread block = 8,0,2
thread block = 9,0,2
thread block = 10,0,2
thread block = 11,0,2
thread block = 12,0,2
thread block = 13,0,2
thread block = 14,0,2
thread block = 15,0,2
thread block = 0,0,3
thread block = 1,0,3
thread block = 2,0,3
thread block = 3,0,3
thread block = 4,0,3
thread block = 5,0,3
thread block = 6,0,3
thread block = 7,0,3
thread block = 8,0,3
thread block = 9,0,3
thread block = 10,0,3
thread block = 11,0,3
thread block = 12,0,3
thread block = 13,0,3
thread block = 14,0,3
thread block = 15,0,3
thread block = 0,0,4
thread block = 1,0,4
thread block = 2,0,4
thread block = 3,0,4
thread block = 4,0,4
thread block = 5,0,4
Destroy streams for kernel 1: size 0
kernel_name = void pytorch_flash::flash_fwd_kernel<pytorch_flash::Flash_fwd_kernel_traits<64, 128, 128, 4, false, false, cutlass::half_t, pytorch_flash::Flash_kernel_traits<64, 128, 128, 4, cutlass::half_t> >, false, true, false, false, true, true, false>(pytorch_flash::Flash_fwd_params) 
kernel_launch_uid = 1 
kernel_stream_id = 0
gpu_sim_cycle = 10000
gpu_sim_insn = 1084480
gpu_ipc =     108.4480
gpu_tot_sim_cycle = 10000
gpu_tot_sim_insn = 1084480
gpu_tot_ipc =     108.4480
gpu_tot_issued_cta = 70
gpu_occupancy = 16.6650% 
gpu_tot_occupancy = 16.6650% 
max_total_param_size = 0
gpu_stall_dramfull = 0
gpu_stall_icnt2sh    = 0
partiton_level_parallism =       0.2961
partiton_level_parallism_total  =       0.2961
partiton_level_parallism_util =       7.7513
partiton_level_parallism_util_total  =       7.7513
L2_BW  =      12.4080 GB/Sec
L2_BW_total  =      12.4080 GB/Sec
gpu_total_sim_rate=108448

========= Core cache stats =========
L1I_cache:
	L1I_total_cache_accesses = 0
	L1I_total_cache_misses = 0
	L1I_total_cache_pending_hits = 0
	L1I_total_cache_reservation_fails = 0
L1D_cache:
	L1D_cache_core[0]: Access = 60, Miss = 60, Miss_rate = 1.000, Pending_hits = 0, Reservation_fails = 0
	L1D_cache_core[1]: Access = 60, Miss = 60, Miss_rate = 1.000, Pending_hits = 0, Reservation_fails = 0
	L1D_cache_core[2]: Access = 60, Miss = 60, Miss_rate = 1.000, Pending_hits = 0, Reservation_fails = 0
	L1D_cache_core[3]: Access = 60, Miss = 60, Miss_rate = 1.000, Pending_hits = 0, Reservation_fails = 0
	L1D_cache_core[4]: Access = 60, Miss = 60, Miss_rate = 1.000, Pending_hits = 0, Reservation_fails = 0
	L1D_cache_core[5]: Access = 60, Miss = 60, Miss_rate = 1.000, Pending_hits = 0, Reservation_fails = 0
	L1D_cache_core[6]: Access = 60, Miss = 60, Miss_rate = 1.000, Pending_hits = 0, Reservation_fails = 0
	L1D_cache_core[7]: Access = 60, Miss = 60, Miss_rate = 1.000, Pending_hits = 0, Reservation_fails = 0
	L1D_cache_core[8]: Access = 60, Miss = 60, Miss_rate = 1.000, Pending_hits = 0, Reservation_fails = 0
	L1D_cache_core[9]: Access = 60, Miss = 60, Miss_rate = 1.000, Pending_hits = 0, Reservation_fails = 0
	L1D_cache_core[10]: Access = 60, Miss = 60, Miss_rate = 1.000, Pending_hits = 0, Reservation_fails = 0
	L1D_cache_core[11]: Access = 60, Miss = 60, Miss_rate = 1.000, Pending_hits = 0, Reservation_fails = 0
	L1D_cache_core[12]: Access = 60, Miss = 60, Miss_rate = 1.000, Pending_hits = 0, Reservation_fails = 0
	L1D_cache_core[13]: Access = 60, Miss = 60, Miss_rate = 1.000, Pending_hits = 0, Reservation_fails = 0
	L1D_cache_core[14]: Access = 60, Miss = 60, Miss_rate = 1.000, Pending_hits = 0, Reservation_fails = 0
	L1D_cache_core[15]: Access = 60, Miss = 60, Miss_rate = 1.000, Pending_hits = 0, Reservation_fails = 0
	L1D_cache_core[16]: Access = 60, Miss = 60, Miss_rate = 1.000, Pending_hits = 0, Reservation_fails = 0
	L1D_cache_core[17]: Access = 60, Miss = 60, Miss_rate = 1.000, Pending_hits = 0, Reservation_fails = 0
	L1D_cache_core[18]: Access = 60, Miss = 60, Miss_rate = 1.000, Pending_hits = 0, Reservation_fails = 0
	L1D_cache_core[19]: Access = 60, Miss = 60, Miss_rate = 1.000, Pending_hits = 0, Reservation_fails = 0
	L1D_cache_core[20]: Access = 60, Miss = 60, Miss_rate = 1.000, Pending_hits = 0, Reservation_fails = 0
	L1D_cache_core[21]: Access = 60, Miss = 60, Miss_rate = 1.000, Pending_hits = 0, Reservation_fails = 0
	L1D_cache_core[22]: Access = 60, Miss = 60, Miss_rate = 1.000, Pending_hits = 0, Reservation_fails = 0
	L1D_cache_core[23]: Access = 60, Miss = 60, Miss_rate = 1.000, Pending_hits = 0, Reservation_fails = 0
	L1D_cache_core[24]: Access = 60, Miss = 60, Miss_rate = 1.000, Pending_hits = 0, Reservation_fails = 0
	L1D_cache_core[25]: Access = 60, Miss = 60, Miss_rate = 1.000, Pending_hits = 0, Reservation_fails = 0
	L1D_cache_core[26]: Access = 60, Miss = 60, Miss_rate = 1.000, Pending_hits = 0, Reservation_fails = 0
	L1D_cache_core[27]: Access = 60, Miss = 60, Miss_rate = 1.000, Pending_hits = 0, Reservation_fails = 0
	L1D_cache_core[28]: Access = 60, Miss = 60, Miss_rate = 1.000, Pending_hits = 0, Reservation_fails = 0
	L1D_cache_core[29]: Access = 60, Miss = 60, Miss_rate = 1.000, Pending_hits = 0, Reservation_fails = 0
	L1D_cache_core[30]: Access = 60, Miss = 60, Miss_rate = 1.000, Pending_hits = 0, Reservation_fails = 0
	L1D_cache_core[31]: Access = 60, Miss = 60, Miss_rate = 1.000, Pending_hits = 0, Reservation_fails = 0
	L1D_cache_core[32]: Access = 60, Miss = 60, Miss_rate = 1.000, Pending_hits = 0, Reservation_fails = 0
	L1D_cache_core[33]: Access = 60, Miss = 60, Miss_rate = 1.000, Pending_hits = 0, Reservation_fails = 0
	L1D_cache_core[34]: Access = 60, Miss = 60, Miss_rate = 1.000, Pending_hits = 0, Reservation_fails = 0
	L1D_total_cache_accesses = 2100
	L1D_total_cache_misses = 2100
	L1D_total_cache_miss_rate = 1.0000
	L1D_total_cache_pending_hits = 0
	L1D_total_cache_reservation_fails = 0
	L1D_cache_data_port_util = 0.000
	L1D_cache_fill_port_util = 0.000
L1C_cache:
	L1C_total_cache_accesses = 0
	L1C_total_cache_misses = 0
	L1C_total_cache_pending_hits = 0
	L1C_total_cache_reservation_fails = 0
L1T_cache:
	L1T_total_cache_accesses = 0
	L1T_total_cache_misses = 0
	L1T_total_cache_pending_hits = 0
	L1T_total_cache_reservation_fails = 0

Total_core_cache_stats:
	Total_core_cache_stats_breakdown[GLOBAL_ACC_R][HIT] = 0
	Total_core_cache_stats_breakdown[GLOBAL_ACC_R][HIT_RESERVED] = 0
	Total_core_cache_stats_breakdown[GLOBAL_ACC_R][MISS] = 0
	Total_core_cache_stats_breakdown[GLOBAL_ACC_R][RESERVATION_FAIL] = 0
	Total_core_cache_stats_breakdown[GLOBAL_ACC_R][SECTOR_MISS] = 0
	Total_core_cache_stats_breakdown[GLOBAL_ACC_R][MSHR_HIT] = 0
	Total_core_cache_stats_breakdown[LOCAL_ACC_R][HIT] = 0
	Total_core_cache_stats_breakdown[LOCAL_ACC_R][HIT_RESERVED] = 0
	Total_core_cache_stats_breakdown[LOCAL_ACC_R][MISS] = 0
	Total_core_cache_stats_breakdown[LOCAL_ACC_R][RESERVATION_FAIL] = 0
	Total_core_cache_stats_breakdown[LOCAL_ACC_R][SECTOR_MISS] = 0
	Total_core_cache_stats_breakdown[LOCAL_ACC_R][MSHR_HIT] = 0
	Total_core_cache_stats_breakdown[CONST_ACC_R][HIT] = 0
	Total_core_cache_stats_breakdown[CONST_ACC_R][HIT_RESERVED] = 0
	Total_core_cache_stats_breakdown[CONST_ACC_R][MISS] = 0
	Total_core_cache_stats_breakdown[CONST_ACC_R][RESERVATION_FAIL] = 0
	Total_core_cache_stats_breakdown[CONST_ACC_R][SECTOR_MISS] = 0
	Total_core_cache_stats_breakdown[CONST_ACC_R][MSHR_HIT] = 0
	Total_core_cache_stats_breakdown[TEXTURE_ACC_R][HIT] = 0
	Total_core_cache_stats_breakdown[TEXTURE_ACC_R][HIT_RESERVED] = 0
	Total_core_cache_stats_breakdown[TEXTURE_ACC_R][MISS] = 0
	Total_core_cache_stats_breakdown[TEXTURE_ACC_R][RESERVATION_FAIL] = 0
	Total_core_cache_stats_breakdown[TEXTURE_ACC_R][SECTOR_MISS] = 0
	Total_core_cache_stats_breakdown[TEXTURE_ACC_R][MSHR_HIT] = 0
	Total_core_cache_stats_breakdown[GLOBAL_ACC_W][HIT] = 0
	Total_core_cache_stats_breakdown[GLOBAL_ACC_W][HIT_RESERVED] = 0
	Total_core_cache_stats_breakdown[GLOBAL_ACC_W][MISS] = 0
	Total_core_cache_stats_breakdown[GLOBAL_ACC_W][RESERVATION_FAIL] = 0
	Total_core_cache_stats_breakdown[GLOBAL_ACC_W][SECTOR_MISS] = 0
	Total_core_cache_stats_breakdown[GLOBAL_ACC_W][MSHR_HIT] = 0
	Total_core_cache_stats_breakdown[LOCAL_ACC_W][HIT] = 0
	Total_core_cache_stats_breakdown[LOCAL_ACC_W][HIT_RESERVED] = 0
	Total_core_cache_stats_breakdown[LOCAL_ACC_W][MISS] = 525
	Total_core_cache_stats_breakdown[LOCAL_ACC_W][RESERVATION_FAIL] = 0
	Total_core_cache_stats_breakdown[LOCAL_ACC_W][SECTOR_MISS] = 1575
	Total_core_cache_stats_breakdown[LOCAL_ACC_W][MSHR_HIT] = 0
	Total_core_cache_stats_breakdown[L1_WRBK_ACC][HIT] = 0
	Total_core_cache_stats_breakdown[L1_WRBK_ACC][HIT_RESERVED] = 0
	Total_core_cache_stats_breakdown[L1_WRBK_ACC][MISS] = 0
	Total_core_cache_stats_breakdown[L1_WRBK_ACC][RESERVATION_FAIL] = 0
	Total_core_cache_stats_breakdown[L1_WRBK_ACC][SECTOR_MISS] = 0
	Total_core_cache_stats_breakdown[L1_WRBK_ACC][MSHR_HIT] = 0
	Total_core_cache_stats_breakdown[L2_WRBK_ACC][HIT] = 0
	Total_core_cache_stats_breakdown[L2_WRBK_ACC][HIT_RESERVED] = 0
	Total_core_cache_stats_breakdown[L2_WRBK_ACC][MISS] = 0
	Total_core_cache_stats_breakdown[L2_WRBK_ACC][RESERVATION_FAIL] = 0
	Total_core_cache_stats_breakdown[L2_WRBK_ACC][SECTOR_MISS] = 0
	Total_core_cache_stats_breakdown[L2_WRBK_ACC][MSHR_HIT] = 0
	Total_core_cache_stats_breakdown[INST_ACC_R][HIT] = 0
	Total_core_cache_stats_breakdown[INST_ACC_R][HIT_RESERVED] = 0
	Total_core_cache_stats_breakdown[INST_ACC_R][MISS] = 0
	Total_core_cache_stats_breakdown[INST_ACC_R][RESERVATION_FAIL] = 0
	Total_core_cache_stats_breakdown[INST_ACC_R][SECTOR_MISS] = 0
	Total_core_cache_stats_breakdown[INST_ACC_R][MSHR_HIT] = 0
	Total_core_cache_stats_breakdown[L1_WR_ALLOC_R][HIT] = 0
	Total_core_cache_stats_breakdown[L1_WR_ALLOC_R][HIT_RESERVED] = 0
	Total_core_cache_stats_breakdown[L1_WR_ALLOC_R][MISS] = 0
	Total_core_cache_stats_breakdown[L1_WR_ALLOC_R][RESERVATION_FAIL] = 0
	Total_core_cache_stats_breakdown[L1_WR_ALLOC_R][SECTOR_MISS] = 0
	Total_core_cache_stats_breakdown[L1_WR_ALLOC_R][MSHR_HIT] = 0
	Total_core_cache_stats_breakdown[L2_WR_ALLOC_R][HIT] = 0
	Total_core_cache_stats_breakdown[L2_WR_ALLOC_R][HIT_RESERVED] = 0
	Total_core_cache_stats_breakdown[L2_WR_ALLOC_R][MISS] = 0
	Total_core_cache_stats_breakdown[L2_WR_ALLOC_R][RESERVATION_FAIL] = 0
	Total_core_cache_stats_breakdown[L2_WR_ALLOC_R][SECTOR_MISS] = 0
	Total_core_cache_stats_breakdown[L2_WR_ALLOC_R][MSHR_HIT] = 0
	Total_core_cache_stats_breakdown[PTE_ACC_R][HIT] = 0
	Total_core_cache_stats_breakdown[PTE_ACC_R][HIT_RESERVED] = 0
	Total_core_cache_stats_breakdown[PTE_ACC_R][MISS] = 0
	Total_core_cache_stats_breakdown[PTE_ACC_R][RESERVATION_FAIL] = 0
	Total_core_cache_stats_breakdown[PTE_ACC_R][SECTOR_MISS] = 0
	Total_core_cache_stats_breakdown[PTE_ACC_R][MSHR_HIT] = 0
	Total_core_cache_stats_breakdown[LOCAL_ACC_W][TOTAL_ACCESS] = 2100

Total_core_cache_fail_stats:
ctas_completed 0, Shader 0 warp_id issue ditsribution:
warp_id:
0, 1, 2, 3, 4, 5, 6, 7, 
distro:
132, 133, 135, 132, 125, 122, 123, 123, 
gpgpu_n_tot_thrd_icount = 1133376
gpgpu_n_tot_w_icount = 35418
gpgpu_n_stall_shd_mem = 165410
gpgpu_n_mem_read_local = 0
gpgpu_n_mem_write_local = 2100
gpgpu_n_mem_read_global = 1120
gpgpu_n_mem_write_global = 0
gpgpu_n_mem_texture = 0
gpgpu_n_mem_const = 0
gpgpu_n_load_insn  = 3360
gpgpu_n_store_insn = 8960
gpgpu_n_shmem_insn = 0
gpgpu_n_sstarr_insn = 0
gpgpu_n_tex_insn = 0
gpgpu_n_const_mem_insn = 0
gpgpu_n_param_mem_insn = 0
gpgpu_n_shmem_bkconflict = 0
gpgpu_n_l1cache_bkconflict = 0
vm_requests = 165760
vm_disabled_bypasses = 0
vm_ideal_translations = 805
vm_identity_equal = 805
vm_translation_stall_cycles = 164955
gpgpu_n_intrawarp_mshr_merge = 0
gpgpu_n_cmem_portconflict = 0
gpgpu_stall_shd_mem[c_mem][resource_stall] = 0
gpgpu_stall_shd_mem[s_mem][bk_conf] = 0
gpgpu_stall_shd_mem[gl_mem][resource_stall] = 0
gpgpu_stall_shd_mem[gl_mem][coal_stall] = 165410
gpgpu_stall_shd_mem[gl_mem][data_port_stall] = 0
gpu_reg_bank_conflict_stalls = 0
Warp Occupancy Distribution:
Stall:657148	W0_Idle:175	W0_Scoreboard:8190	W1:0	W2:0	W3:0	W4:0	W5:0	W6:0	W7:0	W8:0	W9:0	W10:0	W11:0	W12:0	W13:0	W14:0	W15:0	W16:0	W17:0	W18:0	W19:0	W20:0	W21:0	W22:0	W23:0	W24:0	W25:0	W26:0	W27:0	W28:0	W29:0	W30:0	W31:0	W32:34347
single_issue_nums: WS0:8995	WS1:8925	WS2:9030	WS3:8925	
dual_issue_nums: WS0:0	WS1:0	WS2:0	WS3:0	
traffic_breakdown_coretomem[GLOBAL_ACC_R] = 8960 {8:1120,}
traffic_breakdown_coretomem[LOCAL_ACC_W] = 84000 {40:2100,}
traffic_breakdown_coretomem[PTE_ACC_R] = 560 {8:70,}
traffic_breakdown_memtocore[GLOBAL_ACC_R] = 22200 {40:555,}
traffic_breakdown_memtocore[LOCAL_ACC_W] = 15680 {8:1960,}
traffic_breakdown_memtocore[PTE_ACC_R] = 2800 {40:70,}
maxmflatency = 603 
max_icnt2mem_latency = 53 
maxmrqlatency = 151 
max_icnt2sh_latency = 4 
averagemflatency = 296 
avg_icnt2mem_latency = 37 
avg_mrq_latency = 32 
avg_icnt2sh_latency = 2 
mrq_lat_table:109 	0 	2 	102 	141 	117 	103 	6 	0 	0 	0 	0 	0 	0 	0 	0 	0 	0 	0 	0 	0 	0 	0 	0 	0 	0 	0 	0 	0 	0 	0 	0 	
dq_lat_table:0 	0 	0 	0 	0 	0 	0 	0 	0 	0 	0 	0 	0 	0 	0 	0 	0 	0 	0 	0 	0 	0 	0 	0 	0 	0 	0 	0 	0 	0 	0 	0 	
mf_lat_table:0 	0 	0 	0 	0 	0 	0 	1928 	403 	183 	0 	0 	0 	0 	0 	0 	0 	0 	0 	0 	0 	0 	0 	0 	0 	0 	0 	0 	0 	0 	0 	0 	
icnt2mem_lat_table:70 	271 	398 	204 	36 	1982 	0 	0 	0 	0 	0 	0 	0 	0 	0 	0 	0 	0 	0 	0 	0 	0 	0 	0 	
icnt2sh_lat_table:0 	2513 	1 	0 	0 	0 	0 	0 	0 	0 	0 	0 	0 	0 	0 	0 	0 	0 	0 	0 	0 	0 	0 	0 	
mf_lat_pw_table:0 	0 	0 	0 	0 	0 	0 	2 	1 	0 	0 	0 	0 	0 	0 	0 	0 	0 	0 	0 	0 	0 	0 	0 	0 	0 	0 	0 	0 	0 	0 	0 	
maximum concurrent accesses to same row:
dram[0]:         0         0         0         0         4         0         1         0         4         4         0         0         8         0         0         0 
dram[1]:         4         4         0         0         8         8         0         0         0         0         0         0         4         4         0         0 
dram[2]:         0         0         0         0         4         4         0         0         4         4         0         0         0         0         0         0 
dram[3]:         0         0         0         0         0         0         0         0         0         0         4         0         4         4         0         0 
dram[4]:         0         0         0         0         1         0         0         0         0         0         0         0         0         0         0         0 
dram[5]:         0         0         0         0         0         0         0         0         0         0         0         0         0         0         0         0 
dram[6]:         0         0         0         0         0         0         0         0         0         0         0         0         4         4         0         0 
dram[7]:         0         0         0         0         4         4         0         0         0         0         0         0         0         0         0         0 
dram[8]:         0         0         0         0         0         0         0         0         0         0         0         0         0         0         0         0 
dram[9]:         0         0         0         0         0         0         0         0         0         0         0         0         0         0         0         0 
dram[10]:         0         0         0         1         0         0         0         0         0         0         0         0         0         0         0         0 
dram[11]:         0         0         0         0         4         0         0         0         0         2         0         0         0         0         0         0 
maximum service time to same row:
dram[0]:         0         0         0         0      9836      9836      8386      9820      9330      9325      9818      9817      9822      9827         0         0 
dram[1]:      9805      9806         0         0      9828      9827      9831      9831      9333         0      9828      9828      9852      9851         0         0 
dram[2]:      9828      9828      9833      9832      9824      9825         0         0      9808      9809      9813      9813         0         0      9835      9834 
dram[3]:      9840      9839      7212         0         0         0      9845      9843         0         0      9817      9825      9818      9819         0         0 
dram[4]:      9817      9818         0         0      6271         0         0         0      9819      9819         0         0      9831      9831         0         0 
dram[5]:         0         0         0         0         0         0         0         0      9837      9836         0         0      9832         0         0         0 
dram[6]:         0         0         0         0      5800         0      9833      9832         0         0         0         0      9816      9816      9812      9813 
dram[7]:      6742         0      9822      9821      9819      9818         0         0      9825      9825         0         0         0         0         0         0 
dram[8]:      9828      9827         0         0         0         0      9842      9843         0         0      9839      9840      9829      9831         0         0 
dram[9]:         0         0         0         0      9813      9813         0         0         0         0      9854         0      9842         0         0         0 
dram[10]:      9816      9816      9810      8856         0         0         0         0         0         0      9835      9836      9840      9841         0         0 
dram[11]:         0         0         0         0      9816      9816      9822      9821      9831      9337         0         0         0         0      9823      9824 
average row accesses per activate:
dram[0]:      -nan      -nan      -nan      -nan  6.000000  4.000000  2.500000  4.000000  4.000000  4.000000  8.000000  4.000000  5.333333  8.000000      -nan      -nan 
dram[1]:  4.000000  4.000000      -nan      -nan  8.000000  5.333333  4.000000  4.000000  4.000000      -nan  4.000000  4.000000  4.000000  4.000000      -nan      -nan 
dram[2]:  8.000000  8.000000  8.000000  8.000000  4.000000  3.333333      -nan      -nan  4.000000  4.000000  4.000000  4.000000      -nan      -nan  8.000000  8.000000 
dram[3]:  4.000000  4.000000  2.000000      -nan      -nan      -nan  8.000000  8.000000      -nan      -nan  4.000000  4.000000  4.000000  4.000000      -nan      -nan 
dram[4]:  4.000000  4.000000      -nan      -nan  2.500000      -nan      -nan      -nan  8.000000  8.000000      -nan      -nan  4.000000  4.000000      -nan      -nan 
dram[5]:      -nan      -nan      -nan      -nan      -nan      -nan      -nan      -nan  4.000000  4.000000      -nan      -nan  4.000000      -nan      -nan      -nan 
dram[6]:      -nan      -nan      -nan      -nan  2.000000      -nan  4.000000  4.000000      -nan      -nan      -nan      -nan  4.000000  4.000000  4.000000  4.000000 
dram[7]:  1.000000      -nan  4.000000  4.000000  4.000000  4.000000      -nan      -nan  4.000000  4.000000      -nan      -nan      -nan      -nan      -nan      -nan 
dram[8]:  4.000000  4.000000      -nan      -nan      -nan      -nan  8.000000  8.000000      -nan      -nan  8.000000  8.000000  4.000000  4.000000      -nan      -nan 
dram[9]:      -nan      -nan      -nan      -nan  4.000000  4.000000      -nan      -nan      -nan      -nan  4.000000      -nan  4.000000      -nan      -nan      -nan 
dram[10]:  4.000000  4.000000  4.000000  2.500000      -nan      -nan      -nan      -nan      -nan      -nan  8.000000  8.000000  4.000000  4.000000      -nan      -nan 
dram[11]:      -nan      -nan      -nan      -nan  4.000000  4.000000  4.000000  4.000000  4.000000  3.000000      -nan      -nan      -nan      -nan  4.000000  4.000000 
average row locality = 580/127 = 4.566929
number of total memory accesses made:
dram[0]:         0         0         0         0         0         0         0         0         0         0         0         0         0         0         0         0 
dram[1]:         0         0         0         0         0         0         0         0         0         0         0         0         0         0         0         0 
dram[2]:         0         0         0         0         0         0         0         0         0         0         0         0         0         0         0         0 
dram[3]:         0         0         0         0         0         0         0         0         0         0         0         0         0         0         0         0 
dram[4]:         0         0         0         0         0         0         0         0         0         0         0         0         0         0         0         0 
dram[5]:         0         0         0         0         0         0         0         0         0         0         0         0         0         0         0         0 
dram[6]:         0         0         0         0         0         0         0         0         0         0         0         0         0         0         0         0 
dram[7]:         0         0         0         0         0         0         0         0         0         0         0         0         0         0         0         0 
dram[8]:         0         0         0         0         0         0         0         0         0         0         0         0         0         0         0         0 
dram[9]:         0         0         0         0         0         0         0         0         0         0         0         0         0         0         0         0 
dram[10]:         0         0         0         0         0         0         0         0         0         0         0         0         0         0         0         0 
dram[11]:         0         0         0         0         0         0         0         0         0         0         0         0         0         0         0         0 
total accesses: 0
min_bank_accesses = 0!
min_chip_accesses = 0!
number of total read accesses:
dram[0]:         0         0         0         0        12         4         5         4         8         8         8         4        16         8         0         0 
dram[1]:         8         8         0         0        16        16         4         4         4         0         4         4         8         8         0         0 
dram[2]:         8         8         8         8        12        12         0         0         8         8         4         4         0         0         8         8 
dram[3]:         4         4         2         0         0         0         8         8         0         0        12         4        12        12         0         0 
dram[4]:         4         4         0         0         5         0         0         0         8         8         0         0         4         4         0         0 
dram[5]:         0         0         0         0         0         0         0         0         4         4         0         0         4         0         0         0 
dram[6]:         0         0         0         0         2         0         4         4         0         0         0         0         8         8         4         4 
dram[7]:         1         0         4         4         8         8         0         0         4         4         0         0         0         0         0         0 
dram[8]:         4         4         0         0         0         0         8         8         0         0         8         8         4         4         0         0 
dram[9]:         0         0         0         0         4         4         0         0         0         0         4         0         4         0         0         0 
dram[10]:         4         4         4         5         0         0         0         0         0         0         8         8         4         4         0         0 
dram[11]:         0         0         0         0         8         4         4         4         4         6         0         0         0         0         4         4 
total dram reads = 582
min_bank_accesses = 0!
chip skew: 96/12 = 8.00
number of total write accesses:
dram[0]:         0         0         0         0         0         0         0         0         0         0         0         0         0         0         0         0 
dram[1]:         0         0         0         0         0         0         0         0         0         0         0         0         0         0         0         0 
dram[2]:         0         0         0         0         0         0         0         0         0         0         0         0         0         0         0         0 
dram[3]:         0         0         0         0         0         0         0         0         0         0         0         0         0         0         0         0 
dram[4]:         0         0         0         0         0         0         0         0         0         0         0         0         0         0         0         0 
dram[5]:         0         0         0         0         0         0         0         0         0         0         0         0         0         0         0         0 
dram[6]:         0         0         0         0         0         0         0         0         0         0         0         0         0         0         0         0 
dram[7]:         0         0         0         0         0         0         0         0         0         0         0         0         0         0         0         0 
dram[8]:         0         0         0         0         0         0         0         0         0         0         0         0         0         0         0         0 
dram[9]:         0         0         0         0         0         0         0         0         0         0         0         0         0         0         0         0 
dram[10]:         0         0         0         0         0         0         0         0         0         0         0         0         0         0         0         0 
dram[11]:         0         0         0         0         0         0         0         0         0         0         0         0         0         0         0         0 
total dram writes = 0
min_bank_accesses = 0!
min_chip_accesses = 0!
average mf latency per bank:
dram[0]:     none      none      none      none         523       510       405       537       275       274       488       476       535       508    none      none  
dram[1]:       3317      2986    none      none         510       530       486       505         0    none         519       521       543       555    none      none  
dram[2]:       3363      2543      1247       806       447       377    none      none         494       507       483       504    none      none        1075      1091
dram[3]:       6151      5447      2831    none      none      none         496       498    none      none         524       481       533       536    none      none  
dram[4]:       3291      2611    none      none         402    none      none      none         487       493    none      none         508       508    none      none  
dram[5]:     none      none      none      none      none      none      none      none         479       484    none      none         479    none      none      none  
dram[6]:     none      none      none      none           0    none         480       490    none      none      none      none         482       488      1096      1150
dram[7]:      11260    none         947       493       512       482    none      none         483       494    none      none      none      none      none      none  
dram[8]:       3326      1895    none      none      none      none         487       504    none      none         506       527       479       486    none      none  
dram[9]:     none      none      none      none         475       482    none      none      none      none         479    none         475    none      none      none  
dram[10]:       3300      1892      1417       772    none      none      none      none      none      none         478       487       501       505    none      none  
dram[11]:     none      none      none      none         492       480       503       509       507       335    none      none      none      none        1183      1188
maximum mf latency per bank:
dram[0]:        242       244       244       236       553       529       529       551       572       564       507       482       576       536       240       240
dram[1]:        505       535       243       244       550       579       491       517         0         0       530       532       566       586       240       240
dram[2]:        541       554       568       582       603       596         0         0       530       559       490       511         0         0       496       513
dram[3]:        492       490       243       244         0         0       510       511         0         0       565       487       571       578       240       240
dram[4]:        488       524       236       236       518         0         0         0       502       507         0         0       519       521       236       236
dram[5]:        237       237       236         0         0         0         0         0       484       490         0         0       493         0       236       236
dram[6]:        410       378       236       236         0         0       486       497         0         0         0         0       492       499       490       507
dram[7]:        237       236       484       499       518       492         0         0       490       500         0         0         0         0       236       236
dram[8]:        528       500       240       236         0         0       503       516         0         0       520       535       486       493       236       236
dram[9]:        239       240       240       239       480       486         0         0         0         0       483         0       479         0       236       236
dram[10]:        488       483       480       502         0         0         0         0         0         0       485       495       508       510       236       236
dram[11]:        239       240       240       239       506       499       511       520       521       514         0         0         0         0       485       490
Memory Partition 0: 
Memory Sub Parition 0: pending memory requests:
  mf: uid= 20836, sid28:w02, part=0, addr=0x231f035500, store, size=32, LOCAL_W  status = IN_PARTITION_ROP_DELAY (9997), 0x0830 w02[11111111111111111111111111111111]: <no instruction at address 0x830>
  mf: uid= 21052, sid12:w02, part=0, addr=0x7cb926624600, load , size=32, GLOBAL_R status = IN_PARTITION_ROP_DELAY (9982), 0x0800 w02[11111111111111111111111111111111]: <no instruction at address 0x800>
  mf: uid= 21273, sid33:w02, part=0, addr=0x7cb9263bc060, load , size=32, GLOBAL_R status = IN_PARTITION_ROP_DELAY (9996), 0x0800 w02[11111111111111111111111111111111]: <no instruction at address 0x800>
  mf: uid= 21274, sid33:w02, part=0, addr=0x7cb9263bc040, load , size=32, GLOBAL_R status = IN_PARTITION_ROP_DELAY (9998), 0x0800 w02[11111111111111111111111111111111]: <no instruction at address 0x800>
  mf: uid= 21225, sid21:w02, part=0, addr=0x7cb92649bfe0, load , size=32, GLOBAL_R status = IN_PARTITION_ROP_DELAY (9990), 0x0800 w02[11111111111111111111111111111111]: <no instruction at address 0x800>
  mf: uid= 21226, sid21:w02, part=0, addr=0x7cb92649bfc0, load , size=32, GLOBAL_R status = IN_PARTITION_ROP_DELAY (9991), 0x0800 w02[11111111111111111111111111111111]: <no instruction at address 0x800>
  mf: uid= 21227, sid21:w02, part=0, addr=0x7cb92649bfa0, load , size=32, GLOBAL_R status = IN_PARTITION_ROP_DELAY (9992), 0x0800 w02[11111111111111111111111111111111]: <no instruction at address 0x800>
  mf: uid= 21228, sid21:w02, part=0, addr=0x7cb92649bf80, load , size=32, GLOBAL_R status = IN_PARTITION_ROP_DELAY (9993), 0x0800 w02[11111111111111111111111111111111]: <no instruction at address 0x800>
  mf: uid= 21049, sid12:w02, part=0, addr=0x7cb926624660, load , size=32, GLOBAL_R status = IN_PARTITION_ROP_DELAY (9979), 0x0800 w02[11111111111111111111111111111111]: <no instruction at address 0x800>
  mf: uid= 20835, sid28:w02, part=0, addr=0x231f035520, store, size=32, LOCAL_W  status = IN_PARTITION_ROP_DELAY (9999), 0x0830 w02[11111111111111111111111111111111]: <no instruction at address 0x830>
  mf: uid= 21050, sid12:w02, part=0, addr=0x7cb926624640, load , size=32, GLOBAL_R status = IN_PARTITION_ROP_DELAY (9980), 0x0800 w02[11111111111111111111111111111111]: <no instruction at address 0x800>
  mf: uid= 21051, sid12:w02, part=0, addr=0x7cb926624620, load , size=32, GLOBAL_R status = IN_PARTITION_ROP_DELAY (9981), 0x0800 w02[11111111111111111111111111111111]: <no instruction at address 0x800>
Cache L2_bank_000:
MSHR contents

Memory Sub Parition 1: pending memory requests:
  mf: uid= 20816, sid23:w02, part=0, addr=0x231f034b00, store, size=32, LOCAL_W  status = IN_PARTITION_ROP_DELAY (9997), 0x0830 w02[11111111111111111111111111111111]: <no instruction at address 0x830>
  mf: uid= 20815, sid23:w02, part=0, addr=0x231f034b20, store, size=32, LOCAL_W  status = IN_PARTITION_ROP_DELAY (9998), 0x0830 w02[11111111111111111111111111111111]: <no instruction at address 0x830>
  mf: uid= 21113, sid28:w02, part=0, addr=0x7cb9266246e0, load , size=32, GLOBAL_R status = IN_PARTITION_ROP_DELAY (9979), 0x0800 w02[11111111111111111111111111111111]: <no instruction at address 0x800>
  mf: uid= 21114, sid28:w02, part=0, addr=0x7cb9266246c0, load , size=32, GLOBAL_R status = IN_PARTITION_ROP_DELAY (9980), 0x0800 w02[11111111111111111111111111111111]: <no instruction at address 0x800>
  mf: uid= 21115, sid28:w02, part=0, addr=0x7cb9266246a0, load , size=32, GLOBAL_R status = IN_PARTITION_ROP_DELAY (9981), 0x0800 w02[11111111111111111111111111111111]: <no instruction at address 0x800>
  mf: uid= 21116, sid28:w02, part=0, addr=0x7cb926624680, load , size=32, GLOBAL_R status = IN_PARTITION_ROP_DELAY (9982), 0x0800 w02[11111111111111111111111111111111]: <no instruction at address 0x800>
  mf: uid= 21161, sid05:w02, part=0, addr=0x7cb92649bf60, load , size=32, GLOBAL_R status = IN_PARTITION_ROP_DELAY (9990), 0x0800 w02[11111111111111111111111111111111]: <no instruction at address 0x800>
  mf: uid= 21162, sid05:w02, part=0, addr=0x7cb92649bf40, load , size=32, GLOBAL_R status = IN_PARTITION_ROP_DELAY (9991), 0x0800 w02[11111111111111111111111111111111]: <no instruction at address 0x800>
  mf: uid= 21163, sid05:w02, part=0, addr=0x7cb92649bf20, load , size=32, GLOBAL_R status = IN_PARTITION_ROP_DELAY (9992), 0x0800 w02[11111111111111111111111111111111]: <no instruction at address 0x800>
  mf: uid= 21164, sid05:w02, part=0, addr=0x7cb92649bf00, load , size=32, GLOBAL_R status = IN_PARTITION_ROP_DELAY (9993), 0x0800 w02[11111111111111111111111111111111]: <no instruction at address 0x800>
  mf: uid= 20814, sid23:w02, part=0, addr=0x231f034b40, store, size=32, LOCAL_W  status = IN_PARTITION_ROP_DELAY (9999), 0x0830 w02[11111111111111111111111111111111]: <no instruction at address 0x830>
Cache L2_bank_001:
MSHR contents

In Dram Latency Queue (total = 0): 
DRAM[0]: 16 bks, busW=2 BL=16 CL=24, tRRD=12 tCCD=4, tRCD=24 tRAS=55 tRP=24 tRC=78
n_cmd=23335 n_nop=23238 n_act=16 n_pre=6 n_ref_event=0 n_req=77 n_rd=77 n_rd_L2_A=0 n_write=0 n_wr_bk=0 bw_util=0.0132
n_activity=564 dram_eff=0.5461
bk0: 0a 23340i bk1: 0a 23342i bk2: 0a 23343i bk3: 0a 23344i bk4: 12a 23098i bk5: 4a 23185i bk6: 5a 23158i bk7: 4a 23129i bk8: 8a 23034i bk9: 8a 23052i bk10: 8a 23205i bk11: 4a 23285i bk12: 16a 23003i bk13: 8a 23111i bk14: 0a 23329i bk15: 0a 23335i 

------------------------------------------------------------------------

Row_Buffer_Locality = 0.792208
Row_Buffer_Locality_read = 0.792208
Row_Buffer_Locality_write = -nan
Bank_Level_Parallism = 4.847191
Bank_Level_Parallism_Col = 3.890215
Bank_Level_Parallism_Ready = 2.769231
write_to_read_ratio_blp_rw_average = 0.000000
GrpLevelPara = 2.279236 

BW Util details:
bwutil = 0.013199 
total_CMD = 23335 
util_bw = 308 
Wasted_Col = 127 
Wasted_Row = 19 
Idle = 22881 

BW Util Bottlenecks: 
RCDc_limit = 134 
RCDWRc_limit = 0 
WTRc_limit = 0 
RTWc_limit = 0 
CCDLc_limit = 40 
rwq = 0 
CCDLc_limit_alone = 40 
WTRc_limit_alone = 0 
RTWc_limit_alone = 0 

Commands details: 
total_CMD = 23335 
n_nop = 23238 
Read = 77 
Write = 0 
L2_Alloc = 0 
L2_WB = 0 
n_act = 16 
n_pre = 6 
n_ref = 0 
n_req = 77 
total_req = 77 

Dual Bus Interface Util: 
issued_total_row = 22 
issued_total_col = 77 
Row_Bus_Util =  0.000943 
CoL_Bus_Util = 0.003300 
Either_Row_CoL_Bus_Util = 0.004157 
Issued_on_Two_Bus_Simul_Util = 0.000086 
issued_two_Eff = 0.020619 
queue_avg = 0.299379 


dram_util_bins: 0 0 0 0 0 0 0 0 0 0
dram_eff_bins: 0 0 0 0 0 0 0 0 0 0
mrqq: max=43 avg=0.299379
Memory Partition 1: 
Memory Sub Parition 2: pending memory requests:
  mf: uid= 20804, sid20:w02, part=1, addr=0x231f034500, store, size=32, LOCAL_W  status = IN_PARTITION_ROP_DELAY (9997), 0x0830 w02[11111111111111111111111111111111]: <no instruction at address 0x830>
  mf: uid= 20918, sid14:w02, part=1, addr=0x7cb926694d40, load , size=32, GLOBAL_R status = IN_PARTITION_ROP_DELAY (9970), 0x0800 w02[11111111111111111111111111111111]: <no instruction at address 0x800>
  mf: uid= 20933, sid18:w02, part=1, addr=0x7cb9263f4de0, load , size=32, GLOBAL_R status = IN_PARTITION_ROP_DELAY (9969), 0x0800 w02[11111111111111111111111111111111]: <no instruction at address 0x800>
  mf: uid= 20934, sid18:w02, part=1, addr=0x7cb9263f4dc0, load , size=32, GLOBAL_R status = IN_PARTITION_ROP_DELAY (9971), 0x0800 w02[11111111111111111111111111111111]: <no instruction at address 0x800>
  mf: uid= 20935, sid18:w02, part=1, addr=0x7cb9263f4da0, load , size=32, GLOBAL_R status = IN_PARTITION_ROP_DELAY (9973), 0x0800 w02[11111111111111111111111111111111]: <no instruction at address 0x800>
  mf: uid= 20936, sid18:w02, part=1, addr=0x7cb9263f4d80, load , size=32, GLOBAL_R status = IN_PARTITION_ROP_DELAY (9975), 0x0800 w02[11111111111111111111111111111111]: <no instruction at address 0x800>
  mf: uid= 20802, sid20:w02, part=1, addr=0x231f034540, store, size=32, LOCAL_W  status = IN_PARTITION_ROP_DELAY (9999), 0x0830 w02[11111111111111111111111111111111]: <no instruction at address 0x830>
  mf: uid= 20803, sid20:w02, part=1, addr=0x231f034520, store, size=32, LOCAL_W  status = IN_PARTITION_ROP_DELAY (9998), 0x0830 w02[11111111111111111111111111111111]: <no instruction at address 0x830>
  mf: uid= 20919, sid14:w02, part=1, addr=0x7cb926694d20, load , size=32, GLOBAL_R status = IN_PARTITION_ROP_DELAY (9972), 0x0800 w02[11111111111111111111111111111111]: <no instruction at address 0x800>
  mf: uid= 20920, sid14:w02, part=1, addr=0x7cb926694d00, load , size=32, GLOBAL_R status = IN_PARTITION_ROP_DELAY (9974), 0x0800 w02[11111111111111111111111111111111]: <no instruction at address 0x800>
  mf: uid= 21249, sid27:w02, part=1, addr=0x7cb9265ebfe0, load , size=32, GLOBAL_R status = IN_PARTITION_ROP_DELAY (9990), 0x0800 w02[11111111111111111111111111111111]: <no instruction at address 0x800>
  mf: uid= 21250, sid27:w02, part=1, addr=0x7cb9265ebfc0, load , size=32, GLOBAL_R status = IN_PARTITION_ROP_DELAY (9991), 0x0800 w02[11111111111111111111111111111111]: <no instruction at address 0x800>
  mf: uid= 21251, sid27:w02, part=1, addr=0x7cb9265ebfa0, load , size=32, GLOBAL_R status = IN_PARTITION_ROP_DELAY (9992), 0x0800 w02[11111111111111111111111111111111]: <no instruction at address 0x800>
  mf: uid= 21252, sid27:w02, part=1, addr=0x7cb9265ebf80, load , size=32, GLOBAL_R status = IN_PARTITION_ROP_DELAY (9993), 0x0800 w02[11111111111111111111111111111111]: <no instruction at address 0x800>
  mf: uid= 20917, sid14:w02, part=1, addr=0x7cb926694d60, load , size=32, GLOBAL_R status = IN_PARTITION_ROP_DELAY (9968), 0x0800 w02[11111111111111111111111111111111]: <no instruction at address 0x800>
  mf: uid= 21081, sid20:w02, part=1, addr=0x7cb9264646e0, load , size=32, GLOBAL_R status = IN_PARTITION_ROP_DELAY (9981), 0x0800 w02[11111111111111111111111111111111]: <no instruction at address 0x800>
  mf: uid= 21082, sid20:w02, part=1, addr=0x7cb9264646c0, load , size=32, GLOBAL_R status = IN_PARTITION_ROP_DELAY (9982), 0x0800 w02[11111111111111111111111111111111]: <no instruction at address 0x800>
  mf: uid= 21083, sid20:w02, part=1, addr=0x7cb9264646a0, load , size=32, GLOBAL_R status = IN_PARTITION_ROP_DELAY (9983), 0x0800 w02[11111111111111111111111111111111]: <no instruction at address 0x800>
  mf: uid= 21084, sid20:w02, part=1, addr=0x7cb926464680, load , size=32, GLOBAL_R status = IN_PARTITION_ROP_DELAY (9984), 0x0800 w02[11111111111111111111111111111111]: <no instruction at address 0x800>
Cache L2_bank_002:
MSHR contents

Memory Sub Parition 3: pending memory requests:
  mf: uid= 20775, sid13:w02, part=1, addr=0x231f033720, store, size=32, LOCAL_W  status = IN_PARTITION_ROP_DELAY (9999), 0x0830 w02[11111111111111111111111111111111]: <no instruction at address 0x830>
  mf: uid= 21185, sid11:w02, part=1, addr=0x7cb9265ebf60, load , size=32, GLOBAL_R status = IN_PARTITION_ROP_DELAY (9990), 0x0800 w02[11111111111111111111111111111111]: <no instruction at address 0x800>
  mf: uid= 21186, sid11:w02, part=1, addr=0x7cb9265ebf40, load , size=32, GLOBAL_R status = IN_PARTITION_ROP_DELAY (9991), 0x0800 w02[11111111111111111111111111111111]: <no instruction at address 0x800>
  mf: uid= 21187, sid11:w02, part=1, addr=0x7cb9265ebf20, load , size=32, GLOBAL_R status = IN_PARTITION_ROP_DELAY (9992), 0x0800 w02[11111111111111111111111111111111]: <no instruction at address 0x800>
  mf: uid= 21188, sid11:w02, part=1, addr=0x7cb9265ebf00, load , size=32, GLOBAL_R status = IN_PARTITION_ROP_DELAY (9993), 0x0800 w02[11111111111111111111111111111111]: <no instruction at address 0x800>
  mf: uid= 20872, sid02:w02, part=1, addr=0x7cb9263f4d00, load , size=32, GLOBAL_R status = IN_PARTITION_ROP_DELAY (9975), 0x0800 w02[11111111111111111111111111111111]: <no instruction at address 0x800>
  mf: uid= 20869, sid02:w02, part=1, addr=0x7cb9263f4d60, load , size=32, GLOBAL_R status = IN_PARTITION_ROP_DELAY (9969), 0x0800 w02[11111111111111111111111111111111]: <no instruction at address 0x800>
  mf: uid= 21017, sid04:w02, part=1, addr=0x7cb926464660, load , size=32, GLOBAL_R status = IN_PARTITION_ROP_DELAY (9979), 0x0800 w02[11111111111111111111111111111111]: <no instruction at address 0x800>
  mf: uid= 20871, sid02:w02, part=1, addr=0x7cb9263f4d20, load , size=32, GLOBAL_R status = IN_PARTITION_ROP_DELAY (9973), 0x0800 w02[11111111111111111111111111111111]: <no instruction at address 0x800>
  mf: uid= 20776, sid13:w02, part=1, addr=0x231f033700, store, size=32, LOCAL_W  status = IN_PARTITION_ROP_DELAY (9998), 0x0830 w02[11111111111111111111111111111111]: <no instruction at address 0x830>
  mf: uid= 21018, sid04:w02, part=1, addr=0x7cb926464640, load , size=32, GLOBAL_R status = IN_PARTITION_ROP_DELAY (9980), 0x0800 w02[11111111111111111111111111111111]: <no instruction at address 0x800>
  mf: uid= 21019, sid04:w02, part=1, addr=0x7cb926464620, load , size=32, GLOBAL_R status = IN_PARTITION_ROP_DELAY (9981), 0x0800 w02[11111111111111111111111111111111]: <no instruction at address 0x800>
  mf: uid= 20870, sid02:w02, part=1, addr=0x7cb9263f4d40, load , size=32, GLOBAL_R status = IN_PARTITION_ROP_DELAY (9971), 0x0800 w02[11111111111111111111111111111111]: <no instruction at address 0x800>
  mf: uid= 20983, sid30:w02, part=1, addr=0x7cb926694da0, load , size=32, GLOBAL_R status = IN_PARTITION_ROP_DELAY (9972), 0x0800 w02[11111111111111111111111111111111]: <no instruction at address 0x800>
  mf: uid= 20984, sid30:w02, part=1, addr=0x7cb926694d80, load , size=32, GLOBAL_R status = IN_PARTITION_ROP_DELAY (9974), 0x0800 w02[11111111111111111111111111111111]: <no instruction at address 0x800>
  mf: uid= 21020, sid04:w02, part=1, addr=0x7cb926464600, load , size=32, GLOBAL_R status = IN_PARTITION_ROP_DELAY (9982), 0x0800 w02[11111111111111111111111111111111]: <no instruction at address 0x800>
  mf: uid= 20981, sid30:w02, part=1, addr=0x7cb926694de0, load , size=32, GLOBAL_R status = IN_PARTITION_ROP_DELAY (9968), 0x0800 w02[11111111111111111111111111111111]: <no instruction at address 0x800>
  mf: uid= 20982, sid30:w02, part=1, addr=0x7cb926694dc0, load , size=32, GLOBAL_R status = IN_PARTITION_ROP_DELAY (9970), 0x0800 w02[11111111111111111111111111111111]: <no instruction at address 0x800>
Cache L2_bank_003:
MSHR contents

In Dram Latency Queue (total = 0): 
DRAM[1]: 16 bks, busW=2 BL=16 CL=24, tRRD=12 tCCD=4, tRCD=24 tRAS=55 tRP=24 tRC=78
n_cmd=23335 n_nop=23228 n_act=18 n_pre=7 n_ref_event=0 n_req=84 n_rd=84 n_rd_L2_A=0 n_write=0 n_wr_bk=0 bw_util=0.0144
n_activity=504 dram_eff=0.6667
bk0: 8a 23196i bk1: 8a 23115i bk2: 0a 23334i bk3: 0a 23336i bk4: 16a 23094i bk5: 16a 23023i bk6: 4a 23266i bk7: 4a 23206i bk8: 4a 23292i bk9: 0a 23335i bk10: 4a 23177i bk11: 4a 23174i bk12: 8a 23090i bk13: 8a 23047i bk14: 0a 23334i bk15: 0a 23335i 

------------------------------------------------------------------------

Row_Buffer_Locality = 0.785714
Row_Buffer_Locality_read = 0.785714
Row_Buffer_Locality_write = -nan
Bank_Level_Parallism = 4.657718
Bank_Level_Parallism_Col = 3.424719
Bank_Level_Parallism_Ready = 2.223529
write_to_read_ratio_blp_rw_average = 0.000000
GrpLevelPara = 2.200000 

BW Util details:
bwutil = 0.014399 
total_CMD = 23335 
util_bw = 336 
Wasted_Col = 117 
Wasted_Row = 0 
Idle = 22882 

BW Util Bottlenecks: 
RCDc_limit = 134 
RCDWRc_limit = 0 
WTRc_limit = 0 
RTWc_limit = 0 
CCDLc_limit = 51 
rwq = 0 
CCDLc_limit_alone = 51 
WTRc_limit_alone = 0 
RTWc_limit_alone = 0 

Commands details: 
total_CMD = 23335 
n_nop = 23228 
Read = 84 
Write = 0 
L2_Alloc = 0 
L2_WB = 0 
n_act = 18 
n_pre = 7 
n_ref = 0 
n_req = 84 
total_req = 84 

Dual Bus Interface Util: 
issued_total_row = 25 
issued_total_col = 84 
Row_Bus_Util =  0.001071 
CoL_Bus_Util = 0.003600 
Either_Row_CoL_Bus_Util = 0.004585 
Issued_on_Two_Bus_Simul_Util = 0.000086 
issued_two_Eff = 0.018692 
queue_avg = 0.338204 


dram_util_bins: 0 0 0 0 0 0 0 0 0 0
dram_eff_bins: 0 0 0 0 0 0 0 0 0 0
mrqq: max=48 avg=0.338204
Memory Partition 2: 
Memory Sub Parition 4: pending memory requests:
  mf: uid= 20884, sid05:w02, part=2, addr=0x7cb92649cd00, load , size=32, GLOBAL_R status = IN_PARTITION_ROP_DELAY (9974), 0x0800 w02[11111111111111111111111111111111]: <no instruction at address 0x800>
  mf: uid= 20882, sid05:w02, part=2, addr=0x7cb92649cd40, load , size=32, GLOBAL_R status = IN_PARTITION_ROP_DELAY (9970), 0x0800 w02[11111111111111111111111111111111]: <no instruction at address 0x800>
  mf: uid= 21005, sid01:w02, part=2, addr=0x7cb9263bc660, load , size=32, GLOBAL_R status = IN_PARTITION_ROP_DELAY (9980), 0x0800 w02[11111111111111111111111111111111]: <no instruction at address 0x800>
  mf: uid= 21008, sid01:w02, part=2, addr=0x7cb9263bc600, load , size=32, GLOBAL_R status = IN_PARTITION_ROP_DELAY (9999), 0x0800 w02[11111111111111111111111111111111]: <no instruction at address 0x800>
  mf: uid= 21098, sid24:w02, part=2, addr=0x7cb9265446c0, load , size=32, GLOBAL_R status = IN_PARTITION_ROP_DELAY (9988), 0x0800 w02[11111111111111111111111111111111]: <no instruction at address 0x800>
  mf: uid= 21099, sid24:w02, part=2, addr=0x7cb9265446a0, load , size=32, GLOBAL_R status = IN_PARTITION_ROP_DELAY (9995), 0x0800 w02[11111111111111111111111111111111]: <no instruction at address 0x800>
  mf: uid= 20923, sid15:w02, part=2, addr=0x7cb9266ccd20, load , size=32, GLOBAL_R status = IN_PARTITION_ROP_DELAY (9973), 0x0800 w02[11111111111111111111111111111111]: <no instruction at address 0x800>
  mf: uid= 20924, sid15:w02, part=2, addr=0x7cb9266ccd00, load , size=32, GLOBAL_R status = IN_PARTITION_ROP_DELAY (9975), 0x0800 w02[11111111111111111111111111111111]: <no instruction at address 0x800>
  mf: uid= 20881, sid05:w02, part=2, addr=0x7cb92649cd60, load , size=32, GLOBAL_R status = IN_PARTITION_ROP_DELAY (9968), 0x0800 w02[11111111111111111111111111111111]: <no instruction at address 0x800>
  mf: uid= 21117, sid29:w02, part=2, addr=0x7cb92665c6e0, load , size=32, GLOBAL_R status = IN_PARTITION_ROP_DELAY (9979), 0x0800 w02[11111111111111111111111111111111]: <no instruction at address 0x800>
  mf: uid= 21118, sid29:w02, part=2, addr=0x7cb92665c6c0, load , size=32, GLOBAL_R status = IN_PARTITION_ROP_DELAY (9984), 0x0800 w02[11111111111111111111111111111111]: <no instruction at address 0x800>
  mf: uid= 21119, sid29:w02, part=2, addr=0x7cb92665c6a0, load , size=32, GLOBAL_R status = IN_PARTITION_ROP_DELAY (9989), 0x0800 w02[11111111111111111111111111111111]: <no instruction at address 0x800>
  mf: uid= 20548, sid17:w01, part=2, addr=0x7cb9263ba3e0, load , size=32, GLOBAL_R status = IN_PARTITION_DRAM (9999), 0x0800 w01[11111111111111111111111111111111]: <no instruction at address 0x800>
  mf: uid= 20549, sid17:w01, part=2, addr=0x7cb9263ba3c0, load , size=32, GLOBAL_R status = IN_PARTITION_DRAM (9999), 0x0800 w01[11111111111111111111111111111111]: <no instruction at address 0x800>
  mf: uid= 20550, sid17:w01, part=2, addr=0x7cb9263ba3a0, load , size=32, GLOBAL_R status = IN_PARTITION_MC_INPUT_QUEUE (9852), 0x0800 w01[11111111111111111111111111111111]: <no instruction at address 0x800>
  mf: uid= 20551, sid17:w01, part=2, addr=0x7cb9263ba380, load , size=32, GLOBAL_R status = IN_PARTITION_MC_INPUT_QUEUE (9856), 0x0800 w01[11111111111111111111111111111111]: <no instruction at address 0x800>
  mf: uid= 21265, sid31:w02, part=2, addr=0x7cb9266cbfe0, load , size=32, GLOBAL_R status = IN_PARTITION_ROP_DELAY (9990), 0x0800 w02[11111111111111111111111111111111]: <no instruction at address 0x800>
  mf: uid= 21266, sid31:w02, part=2, addr=0x7cb9266cbfc0, load , size=32, GLOBAL_R status = IN_PARTITION_ROP_DELAY (9997), 0x0800 w02[11111111111111111111111111111111]: <no instruction at address 0x800>
  mf: uid= 21277, sid34:w02, part=2, addr=0x7cb9263f4060, load , size=32, GLOBAL_R status = IN_PARTITION_ROP_DELAY (9991), 0x0800 w02[11111111111111111111111111111111]: <no instruction at address 0x800>
  mf: uid= 21278, sid34:w02, part=2, addr=0x7cb9263f4040, load , size=32, GLOBAL_R status = IN_PARTITION_ROP_DELAY (9998), 0x0800 w02[11111111111111111111111111111111]: <no instruction at address 0x800>
  mf: uid= 21097, sid24:w02, part=2, addr=0x7cb9265446e0, load , size=32, GLOBAL_R status = IN_PARTITION_ROP_DELAY (9983), 0x0800 w02[11111111111111111111111111111111]: <no instruction at address 0x800>
  mf: uid= 21120, sid29:w02, part=2, addr=0x7cb92665c680, load , size=32, GLOBAL_R status = IN_PARTITION_ROP_DELAY (9996), 0x0800 w02[11111111111111111111111111111111]: <no instruction at address 0x800>
  mf: uid= 21067, sid16:w02, part=2, addr=0x7cb9263846a0, load , size=32, GLOBAL_R status = IN_PARTITION_ROP_DELAY (9993), 0x0800 w02[11111111111111111111111111111111]: <no instruction at address 0x800>
  mf: uid= 21006, sid01:w02, part=2, addr=0x7cb9263bc640, load , size=32, GLOBAL_R status = IN_PARTITION_ROP_DELAY (9985), 0x0800 w02[11111111111111111111111111111111]: <no instruction at address 0x800>
  mf: uid= 21065, sid16:w02, part=2, addr=0x7cb9263846e0, load , size=32, GLOBAL_R status = IN_PARTITION_ROP_DELAY (9981), 0x0800 w02[11111111111111111111111111111111]: <no instruction at address 0x800>
  mf: uid= 21066, sid16:w02, part=2, addr=0x7cb9263846c0, load , size=32, GLOBAL_R status = IN_PARTITION_ROP_DELAY (9986), 0x0800 w02[11111111111111111111111111111111]: <no instruction at address 0x800>
  mf: uid= 20921, sid15:w02, part=2, addr=0x7cb9266ccd60, load , size=32, GLOBAL_R status = IN_PARTITION_ROP_DELAY (9969), 0x0800 w02[11111111111111111111111111111111]: <no instruction at address 0x800>
  mf: uid= 20922, sid15:w02, part=2, addr=0x7cb9266ccd40, load , size=32, GLOBAL_R status = IN_PARTITION_ROP_DELAY (9971), 0x0800 w02[11111111111111111111111111111111]: <no instruction at address 0x800>
  mf: uid= 20883, sid05:w02, part=2, addr=0x7cb92649cd20, load , size=32, GLOBAL_R status = IN_PARTITION_ROP_DELAY (9972), 0x0800 w02[11111111111111111111111111111111]: <no instruction at address 0x800>
  mf: uid= 21007, sid01:w02, part=2, addr=0x7cb9263bc620, load , size=32, GLOBAL_R status = IN_PARTITION_ROP_DELAY (9992), 0x0800 w02[11111111111111111111111111111111]: <no instruction at address 0x800>
  mf: uid= 21077, sid19:w02, part=2, addr=0x7cb92642c6e0, load , size=32, GLOBAL_R status = IN_PARTITION_ROP_DELAY (9982), 0x0800 w02[11111111111111111111111111111111]: <no instruction at address 0x800>
  mf: uid= 21078, sid19:w02, part=2, addr=0x7cb92642c6c0, load , size=32, GLOBAL_R status = IN_PARTITION_ROP_DELAY (9987), 0x0800 w02[11111111111111111111111111111111]: <no instruction at address 0x800>
  mf: uid= 21079, sid19:w02, part=2, addr=0x7cb92642c6a0, load , size=32, GLOBAL_R status = IN_PARTITION_ROP_DELAY (9994), 0x0800 w02[11111111111111111111111111111111]: <no instruction at address 0x800>
Cache L2_bank_004:
MSHR contents
MSHR: tag=0x263ba3c0, atomic=0 1 entries : 0x5a975ebd5c70 :  mf: uid= 20549, sid17:w01, part=2, addr=0x7cb9263ba3c0, load , size=32, GLOBAL_R status = IN_PARTITION_DRAM (9999), 0x0800 w01[11111111111111111111111111111111]: <no instruction at address 0x800>
MSHR: tag=0x263ba3e0, atomic=0 1 entries : 0x5a975ebd4bd0 :  mf: uid= 20548, sid17:w01, part=2, addr=0x7cb9263ba3e0, load , size=32, GLOBAL_R status = IN_PARTITION_DRAM (9999), 0x0800 w01[11111111111111111111111111111111]: <no instruction at address 0x800>
MSHR: tag=0x263ba380, atomic=0 1 entries : 0x5a975ebd7e30 :  mf: uid= 20551, sid17:w01, part=2, addr=0x7cb9263ba380, load , size=32, GLOBAL_R status = IN_PARTITION_MC_INPUT_QUEUE (9856), 0x0800 w01[11111111111111111111111111111111]: <no instruction at address 0x800>
MSHR: tag=0x263ba3a0, atomic=0 1 entries : 0x5a975ebd6d90 :  mf: uid= 20550, sid17:w01, part=2, addr=0x7cb9263ba3a0, load , size=32, GLOBAL_R status = IN_PARTITION_MC_INPUT_QUEUE (9852), 0x0800 w01[11111111111111111111111111111111]: <no instruction at address 0x800>

Memory Sub Parition 5: pending memory requests:
  mf: uid= 20987, sid31:w02, part=2, addr=0x7cb9266ccda0, load , size=32, GLOBAL_R status = IN_PARTITION_ROP_DELAY (9975), 0x0800 w02[11111111111111111111111111111111]: <no instruction at address 0x800>
  mf: uid= 20988, sid31:w02, part=2, addr=0x7cb9266ccd80, load , size=32, GLOBAL_R status = IN_PARTITION_ROP_DELAY (9978), 0x0800 w02[11111111111111111111111111111111]: <no instruction at address 0x800>
  mf: uid= 21034, sid08:w02, part=2, addr=0x7cb926544640, load , size=32, GLOBAL_R status = IN_PARTITION_ROP_DELAY (9987), 0x0800 w02[11111111111111111111111111111111]: <no instruction at address 0x800>
  mf: uid= 21035, sid08:w02, part=2, addr=0x7cb926544620, load , size=32, GLOBAL_R status = IN_PARTITION_ROP_DELAY (9992), 0x0800 w02[11111111111111111111111111111111]: <no instruction at address 0x800>
  mf: uid= 21181, sid10:w02, part=2, addr=0x7cb9265b3f60, load , size=32, GLOBAL_R status = IN_PARTITION_ROP_DELAY (9999), 0x0800 w02[11111111111111111111111111111111]: <no instruction at address 0x800>
  mf: uid= 21003, sid00:w02, part=2, addr=0x7cb926384620, load , size=32, GLOBAL_R status = IN_PARTITION_ROP_DELAY (9996), 0x0800 w02[11111111111111111111111111111111]: <no instruction at address 0x800>
  mf: uid= 21054, sid13:w02, part=2, addr=0x7cb92665c640, load , size=32, GLOBAL_R status = IN_PARTITION_ROP_DELAY (9983), 0x0800 w02[11111111111111111111111111111111]: <no instruction at address 0x800>
  mf: uid= 21055, sid13:w02, part=2, addr=0x7cb92665c620, load , size=32, GLOBAL_R status = IN_PARTITION_ROP_DELAY (9988), 0x0800 w02[11111111111111111111111111111111]: <no instruction at address 0x800>
  mf: uid= 21033, sid08:w02, part=2, addr=0x7cb926544660, load , size=32, GLOBAL_R status = IN_PARTITION_ROP_DELAY (9982), 0x0800 w02[11111111111111111111111111111111]: <no instruction at address 0x800>
  mf: uid= 21013, sid03:w02, part=2, addr=0x7cb92642c660, load , size=32, GLOBAL_R status = IN_PARTITION_ROP_DELAY (9986), 0x0800 w02[11111111111111111111111111111111]: <no instruction at address 0x800>
  mf: uid= 21053, sid13:w02, part=2, addr=0x7cb92665c660, load , size=32, GLOBAL_R status = IN_PARTITION_ROP_DELAY (9980), 0x0800 w02[11111111111111111111111111111111]: <no instruction at address 0x800>
  mf: uid= 21014, sid03:w02, part=2, addr=0x7cb92642c640, load , size=32, GLOBAL_R status = IN_PARTITION_ROP_DELAY (9991), 0x0800 w02[11111111111111111111111111111111]: <no instruction at address 0x800>
  mf: uid= 21036, sid08:w02, part=2, addr=0x7cb926544600, load , size=32, GLOBAL_R status = IN_PARTITION_ROP_DELAY (9998), 0x0800 w02[11111111111111111111111111111111]: <no instruction at address 0x800>
  mf: uid= 21002, sid00:w02, part=2, addr=0x7cb926384640, load , size=32, GLOBAL_R status = IN_PARTITION_ROP_DELAY (9990), 0x0800 w02[11111111111111111111111111111111]: <no instruction at address 0x800>
  mf: uid= 21015, sid03:w02, part=2, addr=0x7cb92642c620, load , size=32, GLOBAL_R status = IN_PARTITION_ROP_DELAY (9997), 0x0800 w02[11111111111111111111111111111111]: <no instruction at address 0x800>
  mf: uid= 21201, sid15:w02, part=2, addr=0x7cb9266cbf60, load , size=32, GLOBAL_R status = IN_PARTITION_ROP_DELAY (9994), 0x0800 w02[11111111111111111111111111111111]: <no instruction at address 0x800>
  mf: uid= 21069, sid17:w02, part=2, addr=0x7cb9263bc6e0, load , size=32, GLOBAL_R status = IN_PARTITION_ROP_DELAY (9981), 0x0800 w02[11111111111111111111111111111111]: <no instruction at address 0x800>
  mf: uid= 21070, sid17:w02, part=2, addr=0x7cb9263bc6c0, load , size=32, GLOBAL_R status = IN_PARTITION_ROP_DELAY (9984), 0x0800 w02[11111111111111111111111111111111]: <no instruction at address 0x800>
  mf: uid= 21071, sid17:w02, part=2, addr=0x7cb9263bc6a0, load , size=32, GLOBAL_R status = IN_PARTITION_ROP_DELAY (9989), 0x0800 w02[11111111111111111111111111111111]: <no instruction at address 0x800>
  mf: uid= 21072, sid17:w02, part=2, addr=0x7cb9263bc680, load , size=32, GLOBAL_R status = IN_PARTITION_ROP_DELAY (9995), 0x0800 w02[11111111111111111111111111111111]: <no instruction at address 0x800>
  mf: uid= 21001, sid00:w02, part=2, addr=0x7cb926384660, load , size=32, GLOBAL_R status = IN_PARTITION_ROP_DELAY (9985), 0x0800 w02[11111111111111111111111111111111]: <no instruction at address 0x800>
  mf: uid= 20543, sid01:w01, part=2, addr=0x7cb9263ba300, load , size=32, GLOBAL_R status = IN_PARTITION_L2_FILL_QUEUE (9999), 0x0800 w01[11111111111111111111111111111111]: <no instruction at address 0x800>
  mf: uid= 20997, sid34:w02, part=2, addr=0x7cb9263f4e60, load , size=32, GLOBAL_R status = IN_PARTITION_ROP_DELAY (9970), 0x0800 w02[11111111111111111111111111111111]: <no instruction at address 0x800>
  mf: uid= 20998, sid34:w02, part=2, addr=0x7cb9263f4e40, load , size=32, GLOBAL_R status = IN_PARTITION_ROP_DELAY (9973), 0x0800 w02[11111111111111111111111111111111]: <no instruction at address 0x800>
  mf: uid= 20947, sid21:w02, part=2, addr=0x7cb92649cda0, load , size=32, GLOBAL_R status = IN_PARTITION_ROP_DELAY (9974), 0x0800 w02[11111111111111111111111111111111]: <no instruction at address 0x800>
  mf: uid= 20948, sid21:w02, part=2, addr=0x7cb92649cd80, load , size=32, GLOBAL_R status = IN_PARTITION_ROP_DELAY (9977), 0x0800 w02[11111111111111111111111111111111]: <no instruction at address 0x800>
  mf: uid= 20945, sid21:w02, part=2, addr=0x7cb92649cde0, load , size=32, GLOBAL_R status = IN_PARTITION_ROP_DELAY (9968), 0x0800 w02[11111111111111111111111111111111]: <no instruction at address 0x800>
  mf: uid= 20946, sid21:w02, part=2, addr=0x7cb92649cdc0, load , size=32, GLOBAL_R status = IN_PARTITION_ROP_DELAY (9971), 0x0800 w02[11111111111111111111111111111111]: <no instruction at address 0x800>
  mf: uid= 20999, sid34:w02, part=2, addr=0x7cb9263f4e20, load , size=32, GLOBAL_R status = IN_PARTITION_ROP_DELAY (9976), 0x0800 w02[11111111111111111111111111111111]: <no instruction at address 0x800>
  mf: uid= 21000, sid34:w02, part=2, addr=0x7cb9263f4e00, load , size=32, GLOBAL_R status = IN_PARTITION_ROP_DELAY (9979), 0x0800 w02[11111111111111111111111111111111]: <no instruction at address 0x800>
  mf: uid= 20985, sid31:w02, part=2, addr=0x7cb9266ccde0, load , size=32, GLOBAL_R status = IN_PARTITION_ROP_DELAY (9969), 0x0800 w02[11111111111111111111111111111111]: <no instruction at address 0x800>
  mf: uid= 20986, sid31:w02, part=2, addr=0x7cb9266ccdc0, load , size=32, GLOBAL_R status = IN_PARTITION_ROP_DELAY (9972), 0x0800 w02[11111111111111111111111111111111]: <no instruction at address 0x800>
  mf: uid= 21056, sid13:w02, part=2, addr=0x7cb92665c600, load , size=32, GLOBAL_R status = IN_PARTITION_ROP_DELAY (9993), 0x0800 w02[11111111111111111111111111111111]: <no instruction at address 0x800>
Cache L2_bank_005:
MSHR contents
MSHR: tag=0x263ba300, atomic=0 1 entries : 0x5a975ecc7ae0 :  mf: uid= 20543, sid01:w01, part=2, addr=0x7cb9263ba300, load , size=32, GLOBAL_R status = IN_PARTITION_L2_FILL_QUEUE (9999), 0x0800 w01[11111111111111111111111111111111]: <no instruction at address 0x800>

In Dram Latency Queue (total = 0): 
DRAM[2]: 16 bks, busW=2 BL=16 CL=24, tRRD=12 tCCD=4, tRCD=24 tRAS=55 tRP=24 tRC=78
n_cmd=23335 n_nop=23220 n_act=18 n_pre=6 n_ref_event=0 n_req=96 n_rd=93 n_rd_L2_A=0 n_write=0 n_wr_bk=0 bw_util=0.01594
n_activity=447 dram_eff=0.8322
bk0: 8a 23105i bk1: 8a 23096i bk2: 8a 23072i bk3: 8a 23038i bk4: 12a 22966i bk5: 9a 22935i bk6: 0a 23327i bk7: 0a 23330i bk8: 8a 23141i bk9: 8a 23048i bk10: 4a 23263i bk11: 4a 23218i bk12: 0a 23334i bk13: 0a 23337i bk14: 8a 23237i bk15: 8a 23194i 

------------------------------------------------------------------------

Row_Buffer_Locality = 0.808511
Row_Buffer_Locality_read = 0.808511
Row_Buffer_Locality_write = -nan
Bank_Level_Parallism = 6.268456
Bank_Level_Parallism_Col = 4.795506
Bank_Level_Parallism_Ready = 3.268817
write_to_read_ratio_blp_rw_average = 0.000000
GrpLevelPara = 3.047191 

BW Util details:
bwutil = 0.015942 
total_CMD = 23335 
util_bw = 371 
Wasted_Col = 76 
Wasted_Row = 0 
Idle = 22888 

BW Util Bottlenecks: 
RCDc_limit = 84 
RCDWRc_limit = 0 
WTRc_limit = 0 
RTWc_limit = 0 
CCDLc_limit = 20 
rwq = 0 
CCDLc_limit_alone = 20 
WTRc_limit_alone = 0 
RTWc_limit_alone = 0 

Commands details: 
total_CMD = 23335 
n_nop = 23220 
Read = 93 
Write = 0 
L2_Alloc = 0 
L2_WB = 0 
n_act = 18 
n_pre = 6 
n_ref = 0 
n_req = 96 
total_req = 93 

Dual Bus Interface Util: 
issued_total_row = 24 
issued_total_col = 93 
Row_Bus_Util =  0.001028 
CoL_Bus_Util = 0.003985 
Either_Row_CoL_Bus_Util = 0.004928 
Issued_on_Two_Bus_Simul_Util = 0.000086 
issued_two_Eff = 0.017391 
queue_avg = 0.502593 


dram_util_bins: 0 0 0 0 0 0 0 0 0 0
dram_eff_bins: 0 0 0 0 0 0 0 0 0 0
mrqq: max=60 avg=0.502593
Memory Partition 3: 
Memory Sub Parition 6: pending memory requests:
  mf: uid= 20888, sid06:w02, part=3, addr=0x7cb9264d4d00, load , size=32, GLOBAL_R status = IN_PARTITION_ROP_DELAY (9977), 0x0800 w02[11111111111111111111111111111111]: <no instruction at address 0x800>
  mf: uid= 20898, sid09:w02, part=3, addr=0x7cb92657cd40, load , size=32, GLOBAL_R status = IN_PARTITION_ROP_DELAY (9972), 0x0800 w02[11111111111111111111111111111111]: <no instruction at address 0x800>
  mf: uid= 20904, sid10:w02, part=3, addr=0x7cb9265b4d00, load , size=32, GLOBAL_R status = IN_PARTITION_ROP_DELAY (9991), 0x0800 w02[11111111111111111111111111111111]: <no instruction at address 0x800>
  mf: uid= 20907, sid11:w02, part=3, addr=0x7cb9265ecd20, load , size=32, GLOBAL_R status = IN_PARTITION_ROP_DELAY (9976), 0x0800 w02[11111111111111111111111111111111]: <no instruction at address 0x800>
  mf: uid= 20897, sid09:w02, part=3, addr=0x7cb92657cd60, load , size=32, GLOBAL_R status = IN_PARTITION_ROP_DELAY (9969), 0x0800 w02[11111111111111111111111111111111]: <no instruction at address 0x800>
  mf: uid= 20899, sid09:w02, part=3, addr=0x7cb92657cd20, load , size=32, GLOBAL_R status = IN_PARTITION_ROP_DELAY (9975), 0x0800 w02[11111111111111111111111111111111]: <no instruction at address 0x800>
  mf: uid= 21149, sid02:w02, part=3, addr=0x7cb9263f3f60, load , size=32, GLOBAL_R status = IN_PARTITION_ROP_DELAY (9990), 0x0800 w02[11111111111111111111111111111111]: <no instruction at address 0x800>
  mf: uid= 20905, sid11:w02, part=3, addr=0x7cb9265ecd60, load , size=32, GLOBAL_R status = IN_PARTITION_ROP_DELAY (9970), 0x0800 w02[11111111111111111111111111111111]: <no instruction at address 0x800>
  mf: uid= 20908, sid11:w02, part=3, addr=0x7cb9265ecd00, load , size=32, GLOBAL_R status = IN_PARTITION_ROP_DELAY (9979), 0x0800 w02[11111111111111111111111111111111]: <no instruction at address 0x800>
  mf: uid= 20886, sid06:w02, part=3, addr=0x7cb9264d4d40, load , size=32, GLOBAL_R status = IN_PARTITION_ROP_DELAY (9971), 0x0800 w02[11111111111111111111111111111111]: <no instruction at address 0x800>
  mf: uid= 20808, sid21:w02, part=3, addr=0x231f034700, store, size=32, LOCAL_W  status = IN_PARTITION_ROP_DELAY (9997), 0x0830 w02[11111111111111111111111111111111]: <no instruction at address 0x830>
  mf: uid= 20902, sid10:w02, part=3, addr=0x7cb9265b4d40, load , size=32, GLOBAL_R status = IN_PARTITION_ROP_DELAY (9984), 0x0800 w02[11111111111111111111111111111111]: <no instruction at address 0x800>
  mf: uid= 20901, sid10:w02, part=3, addr=0x7cb9265b4d60, load , size=32, GLOBAL_R status = IN_PARTITION_ROP_DELAY (9981), 0x0800 w02[11111111111111111111111111111111]: <no instruction at address 0x800>
  mf: uid= 21261, sid30:w02, part=3, addr=0x7cb926693fe0, load , size=32, GLOBAL_R status = IN_PARTITION_ROP_DELAY (9994), 0x0800 w02[11111111111111111111111111111111]: <no instruction at address 0x800>
  mf: uid= 21262, sid30:w02, part=3, addr=0x7cb926693fc0, load , size=32, GLOBAL_R status = IN_PARTITION_ROP_DELAY (9999), 0x0800 w02[11111111111111111111111111111111]: <no instruction at address 0x800>
  mf: uid= 20885, sid06:w02, part=3, addr=0x7cb9264d4d60, load , size=32, GLOBAL_R status = IN_PARTITION_ROP_DELAY (9968), 0x0800 w02[11111111111111111111111111111111]: <no instruction at address 0x800>
  mf: uid= 21093, sid23:w02, part=3, addr=0x7cb92650c6e0, load , size=32, GLOBAL_R status = IN_PARTITION_ROP_DELAY (9980), 0x0800 w02[11111111111111111111111111111111]: <no instruction at address 0x800>
  mf: uid= 21094, sid23:w02, part=3, addr=0x7cb92650c6c0, load , size=32, GLOBAL_R status = IN_PARTITION_ROP_DELAY (9982), 0x0800 w02[11111111111111111111111111111111]: <no instruction at address 0x800>
  mf: uid= 21095, sid23:w02, part=3, addr=0x7cb92650c6a0, load , size=32, GLOBAL_R status = IN_PARTITION_ROP_DELAY (9985), 0x0800 w02[11111111111111111111111111111111]: <no instruction at address 0x800>
  mf: uid= 21096, sid23:w02, part=3, addr=0x7cb92650c680, load , size=32, GLOBAL_R status = IN_PARTITION_ROP_DELAY (9988), 0x0800 w02[11111111111111111111111111111111]: <no instruction at address 0x800>
  mf: uid= 21133, sid33:w02, part=3, addr=0x7cb9263bc760, load , size=32, GLOBAL_R status = IN_PARTITION_ROP_DELAY (9983), 0x0800 w02[11111111111111111111111111111111]: <no instruction at address 0x800>
  mf: uid= 21134, sid33:w02, part=3, addr=0x7cb9263bc740, load , size=32, GLOBAL_R status = IN_PARTITION_ROP_DELAY (9986), 0x0800 w02[11111111111111111111111111111111]: <no instruction at address 0x800>
  mf: uid= 21135, sid33:w02, part=3, addr=0x7cb9263bc720, load , size=32, GLOBAL_R status = IN_PARTITION_ROP_DELAY (9989), 0x0800 w02[11111111111111111111111111111111]: <no instruction at address 0x800>
  mf: uid= 21229, sid22:w02, part=3, addr=0x7cb9264d3fe0, load , size=32, GLOBAL_R status = IN_PARTITION_ROP_DELAY (9992), 0x0800 w02[11111111111111111111111111111111]: <no instruction at address 0x800>
  mf: uid= 21241, sid25:w02, part=3, addr=0x7cb92657bfe0, load , size=32, GLOBAL_R status = IN_PARTITION_ROP_DELAY (9993), 0x0800 w02[11111111111111111111111111111111]: <no instruction at address 0x800>
  mf: uid= 21242, sid25:w02, part=3, addr=0x7cb92657bfc0, load , size=32, GLOBAL_R status = IN_PARTITION_ROP_DELAY (9998), 0x0800 w02[11111111111111111111111111111111]: <no instruction at address 0x800>
  mf: uid= 21150, sid02:w02, part=3, addr=0x7cb9263f3f40, load , size=32, GLOBAL_R status = IN_PARTITION_ROP_DELAY (9996), 0x0800 w02[11111111111111111111111111111111]: <no instruction at address 0x800>
  mf: uid= 21136, sid33:w02, part=3, addr=0x7cb9263bc700, load , size=32, GLOBAL_R status = IN_PARTITION_ROP_DELAY (9995), 0x0800 w02[11111111111111111111111111111111]: <no instruction at address 0x800>
  mf: uid= 20900, sid09:w02, part=3, addr=0x7cb92657cd00, load , size=32, GLOBAL_R status = IN_PARTITION_ROP_DELAY (9978), 0x0800 w02[11111111111111111111111111111111]: <no instruction at address 0x800>
  mf: uid= 20887, sid06:w02, part=3, addr=0x7cb9264d4d20, load , size=32, GLOBAL_R status = IN_PARTITION_ROP_DELAY (9974), 0x0800 w02[11111111111111111111111111111111]: <no instruction at address 0x800>
  mf: uid= 20906, sid11:w02, part=3, addr=0x7cb9265ecd40, load , size=32, GLOBAL_R status = IN_PARTITION_ROP_DELAY (9973), 0x0800 w02[11111111111111111111111111111111]: <no instruction at address 0x800>
  mf: uid= 20903, sid10:w02, part=3, addr=0x7cb9265b4d20, load , size=32, GLOBAL_R status = IN_PARTITION_ROP_DELAY (9987), 0x0800 w02[11111111111111111111111111111111]: <no instruction at address 0x800>
Cache L2_bank_006:
MSHR contents

Memory Sub Parition 7: pending memory requests:
  mf: uid= 20966, sid26:w02, part=3, addr=0x7cb9265b4dc0, load , size=32, GLOBAL_R status = IN_PARTITION_ROP_DELAY (9985), 0x0800 w02[11111111111111111111111111111111]: <no instruction at address 0x800>
  mf: uid= 20967, sid26:w02, part=3, addr=0x7cb9265b4da0, load , size=32, GLOBAL_R status = IN_PARTITION_ROP_DELAY (9988), 0x0800 w02[11111111111111111111111111111111]: <no instruction at address 0x800>
  mf: uid= 20968, sid26:w02, part=3, addr=0x7cb9265b4d80, load , size=32, GLOBAL_R status = IN_PARTITION_ROP_DELAY (9994), 0x0800 w02[11111111111111111111111111111111]: <no instruction at address 0x800>
  mf: uid= 20969, sid27:w02, part=3, addr=0x7cb9265ecde0, load , size=32, GLOBAL_R status = IN_PARTITION_ROP_DELAY (9970), 0x0800 w02[11111111111111111111111111111111]: <no instruction at address 0x800>
  mf: uid= 20963, sid25:w02, part=3, addr=0x7cb92657cda0, load , size=32, GLOBAL_R status = IN_PARTITION_ROP_DELAY (9975), 0x0800 w02[11111111111111111111111111111111]: <no instruction at address 0x800>
  mf: uid= 20964, sid25:w02, part=3, addr=0x7cb92657cd80, load , size=32, GLOBAL_R status = IN_PARTITION_ROP_DELAY (9978), 0x0800 w02[11111111111111111111111111111111]: <no instruction at address 0x800>
  mf: uid= 21029, sid07:w02, part=3, addr=0x7cb92650c660, load , size=32, GLOBAL_R status = IN_PARTITION_ROP_DELAY (9981), 0x0800 w02[11111111111111111111111111111111]: <no instruction at address 0x800>
  mf: uid= 21177, sid09:w02, part=3, addr=0x7cb92657bf60, load , size=32, GLOBAL_R status = IN_PARTITION_ROP_DELAY (9991), 0x0800 w02[11111111111111111111111111111111]: <no instruction at address 0x800>
  mf: uid= 21178, sid09:w02, part=3, addr=0x7cb92657bf40, load , size=32, GLOBAL_R status = IN_PARTITION_ROP_DELAY (9996), 0x0800 w02[11111111111111111111111111111111]: <no instruction at address 0x800>
  mf: uid= 20970, sid27:w02, part=3, addr=0x7cb9265ecdc0, load , size=32, GLOBAL_R status = IN_PARTITION_ROP_DELAY (9973), 0x0800 w02[11111111111111111111111111111111]: <no instruction at address 0x800>
  mf: uid= 20965, sid26:w02, part=3, addr=0x7cb9265b4de0, load , size=32, GLOBAL_R status = IN_PARTITION_ROP_DELAY (9982), 0x0800 w02[11111111111111111111111111111111]: <no instruction at address 0x800>
  mf: uid= 20772, sid12:w02, part=3, addr=0x231f033500, store, size=32, LOCAL_W  status = IN_PARTITION_ROP_DELAY (9997), 0x0830 w02[11111111111111111111111111111111]: <no instruction at address 0x830>
  mf: uid= 20961, sid25:w02, part=3, addr=0x7cb92657cde0, load , size=32, GLOBAL_R status = IN_PARTITION_ROP_DELAY (9969), 0x0800 w02[11111111111111111111111111111111]: <no instruction at address 0x800>
  mf: uid= 20962, sid25:w02, part=3, addr=0x7cb92657cdc0, load , size=32, GLOBAL_R status = IN_PARTITION_ROP_DELAY (9972), 0x0800 w02[11111111111111111111111111111111]: <no instruction at address 0x800>
  mf: uid= 21197, sid14:w02, part=3, addr=0x7cb926693f60, load , size=32, GLOBAL_R status = IN_PARTITION_ROP_DELAY (9992), 0x0800 w02[11111111111111111111111111111111]: <no instruction at address 0x800>
  mf: uid= 21198, sid14:w02, part=3, addr=0x7cb926693f40, load , size=32, GLOBAL_R status = IN_PARTITION_ROP_DELAY (9998), 0x0800 w02[11111111111111111111111111111111]: <no instruction at address 0x800>
  mf: uid= 21213, sid18:w02, part=3, addr=0x7cb9263f3fe0, load , size=32, GLOBAL_R status = IN_PARTITION_ROP_DELAY (9993), 0x0800 w02[11111111111111111111111111111111]: <no instruction at address 0x800>
  mf: uid= 21214, sid18:w02, part=3, addr=0x7cb9263f3fc0, load , size=32, GLOBAL_R status = IN_PARTITION_ROP_DELAY (9999), 0x0800 w02[11111111111111111111111111111111]: <no instruction at address 0x800>
  mf: uid= 21129, sid32:w02, part=3, addr=0x7cb926384760, load , size=32, GLOBAL_R status = IN_PARTITION_ROP_DELAY (9980), 0x0800 w02[11111111111111111111111111111111]: <no instruction at address 0x800>
  mf: uid= 21130, sid32:w02, part=3, addr=0x7cb926384740, load , size=32, GLOBAL_R status = IN_PARTITION_ROP_DELAY (9983), 0x0800 w02[11111111111111111111111111111111]: <no instruction at address 0x800>
  mf: uid= 21131, sid32:w02, part=3, addr=0x7cb926384720, load , size=32, GLOBAL_R status = IN_PARTITION_ROP_DELAY (9986), 0x0800 w02[11111111111111111111111111111111]: <no instruction at address 0x800>
  mf: uid= 21132, sid32:w02, part=3, addr=0x7cb926384700, load , size=32, GLOBAL_R status = IN_PARTITION_ROP_DELAY (9989), 0x0800 w02[11111111111111111111111111111111]: <no instruction at address 0x800>
  mf: uid= 20949, sid22:w02, part=3, addr=0x7cb9264d4de0, load , size=32, GLOBAL_R status = IN_PARTITION_ROP_DELAY (9968), 0x0800 w02[11111111111111111111111111111111]: <no instruction at address 0x800>
  mf: uid= 20950, sid22:w02, part=3, addr=0x7cb9264d4dc0, load , size=32, GLOBAL_R status = IN_PARTITION_ROP_DELAY (9971), 0x0800 w02[11111111111111111111111111111111]: <no instruction at address 0x800>
  mf: uid= 21165, sid06:w02, part=3, addr=0x7cb9264d3f60, load , size=32, GLOBAL_R status = IN_PARTITION_ROP_DELAY (9990), 0x0800 w02[11111111111111111111111111111111]: <no instruction at address 0x800>
  mf: uid= 21166, sid06:w02, part=3, addr=0x7cb9264d3f40, load , size=32, GLOBAL_R status = IN_PARTITION_ROP_DELAY (9995), 0x0800 w02[11111111111111111111111111111111]: <no instruction at address 0x800>
  mf: uid= 20971, sid27:w02, part=3, addr=0x7cb9265ecda0, load , size=32, GLOBAL_R status = IN_PARTITION_ROP_DELAY (9976), 0x0800 w02[11111111111111111111111111111111]: <no instruction at address 0x800>
  mf: uid= 20972, sid27:w02, part=3, addr=0x7cb9265ecd80, load , size=32, GLOBAL_R status = IN_PARTITION_ROP_DELAY (9979), 0x0800 w02[11111111111111111111111111111111]: <no instruction at address 0x800>
  mf: uid= 21030, sid07:w02, part=3, addr=0x7cb92650c640, load , size=32, GLOBAL_R status = IN_PARTITION_ROP_DELAY (9984), 0x0800 w02[11111111111111111111111111111111]: <no instruction at address 0x800>
  mf: uid= 21031, sid07:w02, part=3, addr=0x7cb92650c620, load , size=32, GLOBAL_R status = IN_PARTITION_ROP_DELAY (9987), 0x0800 w02[11111111111111111111111111111111]: <no instruction at address 0x800>
  mf: uid= 20951, sid22:w02, part=3, addr=0x7cb9264d4da0, load , size=32, GLOBAL_R status = IN_PARTITION_ROP_DELAY (9974), 0x0800 w02[11111111111111111111111111111111]: <no instruction at address 0x800>
  mf: uid= 20952, sid22:w02, part=3, addr=0x7cb9264d4d80, load , size=32, GLOBAL_R status = IN_PARTITION_ROP_DELAY (9977), 0x0800 w02[11111111111111111111111111111111]: <no instruction at address 0x800>
Cache L2_bank_007:
MSHR contents

In Dram Latency Queue (total = 0): 
DRAM[3]: 16 bks, busW=2 BL=16 CL=24, tRRD=12 tCCD=4, tRCD=24 tRAS=55 tRP=24 tRC=78
n_cmd=23335 n_nop=23248 n_act=15 n_pre=6 n_ref_event=0 n_req=66 n_rd=66 n_rd_L2_A=0 n_write=0 n_wr_bk=0 bw_util=0.01131
n_activity=424 dram_eff=0.6226
bk0: 4a 23268i bk1: 4a 23272i bk2: 2a 23310i bk3: 0a 23334i bk4: 0a 23338i bk5: 0a 23340i bk6: 8a 23209i bk7: 8a 23201i bk8: 0a 23338i bk9: 0a 23340i bk10: 12a 23052i bk11: 4a 23278i bk12: 12a 23041i bk13: 12a 23026i bk14: 0a 23325i bk15: 0a 23329i 

------------------------------------------------------------------------

Row_Buffer_Locality = 0.772727
Row_Buffer_Locality_read = 0.772727
Row_Buffer_Locality_write = -nan
Bank_Level_Parallism = 4.086207
Bank_Level_Parallism_Col = 3.244118
Bank_Level_Parallism_Ready = 2.044118
write_to_read_ratio_blp_rw_average = 0.000000
GrpLevelPara = 2.729412 

BW Util details:
bwutil = 0.011313 
total_CMD = 23335 
util_bw = 264 
Wasted_Col = 88 
Wasted_Row = 2 
Idle = 22981 

BW Util Bottlenecks: 
RCDc_limit = 108 
RCDWRc_limit = 0 
WTRc_limit = 0 
RTWc_limit = 0 
CCDLc_limit = 16 
rwq = 0 
CCDLc_limit_alone = 16 
WTRc_limit_alone = 0 
RTWc_limit_alone = 0 

Commands details: 
total_CMD = 23335 
n_nop = 23248 
Read = 66 
Write = 0 
L2_Alloc = 0 
L2_WB = 0 
n_act = 15 
n_pre = 6 
n_ref = 0 
n_req = 66 
total_req = 66 

Dual Bus Interface Util: 
issued_total_row = 21 
issued_total_col = 66 
Row_Bus_Util =  0.000900 
CoL_Bus_Util = 0.002828 
Either_Row_CoL_Bus_Util = 0.003728 
Issued_on_Two_Bus_Simul_Util = 0.000000 
issued_two_Eff = 0.000000 
queue_avg = 0.256996 


dram_util_bins: 0 0 0 0 0 0 0 0 0 0
dram_eff_bins: 0 0 0 0 0 0 0 0 0 0
mrqq: max=40 avg=0.256996
Memory Partition 4: 
Memory Sub Parition 8: pending memory requests:
  mf: uid= 20743, sid05:w02, part=4, addr=0x231f032720, store, size=32, LOCAL_W  status = IN_PARTITION_ROP_DELAY (9999), 0x0830 w02[11111111111111111111111111111111]: <no instruction at address 0x830>
  mf: uid= 20852, sid32:w02, part=4, addr=0x231f035d00, store, size=32, LOCAL_W  status = IN_PARTITION_ROP_DELAY (9998), 0x0830 w02[11111111111111111111111111111111]: <no instruction at address 0x830>
  mf: uid= 20744, sid05:w02, part=4, addr=0x231f032700, store, size=32, LOCAL_W  status = IN_PARTITION_ROP_DELAY (9997), 0x0830 w02[11111111111111111111111111111111]: <no instruction at address 0x830>
  mf: uid= 21009, sid02:w02, part=4, addr=0x7cb9263f4660, load , size=32, GLOBAL_R status = IN_PARTITION_ROP_DELAY (9979), 0x0800 w02[11111111111111111111111111111111]: <no instruction at address 0x800>
  mf: uid= 21012, sid02:w02, part=4, addr=0x7cb9263f4600, load , size=32, GLOBAL_R status = IN_PARTITION_ROP_DELAY (9985), 0x0800 w02[11111111111111111111111111111111]: <no instruction at address 0x800>
  mf: uid= 21011, sid02:w02, part=4, addr=0x7cb9263f4620, load , size=32, GLOBAL_R status = IN_PARTITION_ROP_DELAY (9983), 0x0800 w02[11111111111111111111111111111111]: <no instruction at address 0x800>
  mf: uid= 21037, sid09:w02, part=4, addr=0x7cb92657c660, load , size=32, GLOBAL_R status = IN_PARTITION_ROP_DELAY (9980), 0x0800 w02[11111111111111111111111111111111]: <no instruction at address 0x800>
  mf: uid= 21221, sid20:w02, part=4, addr=0x7cb926463fe0, load , size=32, GLOBAL_R status = IN_PARTITION_ROP_DELAY (9990), 0x0800 w02[11111111111111111111111111111111]: <no instruction at address 0x800>
  mf: uid= 21222, sid20:w02, part=4, addr=0x7cb926463fc0, load , size=32, GLOBAL_R status = IN_PARTITION_ROP_DELAY (9991), 0x0800 w02[11111111111111111111111111111111]: <no instruction at address 0x800>
  mf: uid= 21223, sid20:w02, part=4, addr=0x7cb926463fa0, load , size=32, GLOBAL_R status = IN_PARTITION_ROP_DELAY (9992), 0x0800 w02[11111111111111111111111111111111]: <no instruction at address 0x800>
  mf: uid= 21224, sid20:w02, part=4, addr=0x7cb926463f80, load , size=32, GLOBAL_R status = IN_PARTITION_ROP_DELAY (9993), 0x0800 w02[11111111111111111111111111111111]: <no instruction at address 0x800>
  mf: uid= 21040, sid09:w02, part=4, addr=0x7cb92657c600, load , size=32, GLOBAL_R status = IN_PARTITION_ROP_DELAY (9986), 0x0800 w02[11111111111111111111111111111111]: <no instruction at address 0x800>
  mf: uid= 21038, sid09:w02, part=4, addr=0x7cb92657c640, load , size=32, GLOBAL_R status = IN_PARTITION_ROP_DELAY (9982), 0x0800 w02[11111111111111111111111111111111]: <no instruction at address 0x800>
  mf: uid= 21039, sid09:w02, part=4, addr=0x7cb92657c620, load , size=32, GLOBAL_R status = IN_PARTITION_ROP_DELAY (9984), 0x0800 w02[11111111111111111111111111111111]: <no instruction at address 0x800>
  mf: uid= 21010, sid02:w02, part=4, addr=0x7cb9263f4640, load , size=32, GLOBAL_R status = IN_PARTITION_ROP_DELAY (9981), 0x0800 w02[11111111111111111111111111111111]: <no instruction at address 0x800>
Cache L2_bank_008:
MSHR contents

Memory Sub Parition 9: pending memory requests:
  mf: uid= 20830, sid27:w02, part=4, addr=0x231f035340, store, size=32, LOCAL_W  status = IN_PARTITION_ROP_DELAY (9999), 0x0830 w02[11111111111111111111111111111111]: <no instruction at address 0x830>
  mf: uid= 21101, sid25:w02, part=4, addr=0x7cb92657c6e0, load , size=32, GLOBAL_R status = IN_PARTITION_ROP_DELAY (9980), 0x0800 w02[11111111111111111111111111111111]: <no instruction at address 0x800>
  mf: uid= 21102, sid25:w02, part=4, addr=0x7cb92657c6c0, load , size=32, GLOBAL_R status = IN_PARTITION_ROP_DELAY (9982), 0x0800 w02[11111111111111111111111111111111]: <no instruction at address 0x800>
  mf: uid= 21103, sid25:w02, part=4, addr=0x7cb92657c6a0, load , size=32, GLOBAL_R status = IN_PARTITION_ROP_DELAY (9984), 0x0800 w02[11111111111111111111111111111111]: <no instruction at address 0x800>
  mf: uid= 21104, sid25:w02, part=4, addr=0x7cb92657c680, load , size=32, GLOBAL_R status = IN_PARTITION_ROP_DELAY (9986), 0x0800 w02[11111111111111111111111111111111]: <no instruction at address 0x800>
  mf: uid= 20831, sid27:w02, part=4, addr=0x231f035320, store, size=32, LOCAL_W  status = IN_PARTITION_ROP_DELAY (9998), 0x0830 w02[11111111111111111111111111111111]: <no instruction at address 0x830>
  mf: uid= 21073, sid18:w02, part=4, addr=0x7cb9263f46e0, load , size=32, GLOBAL_R status = IN_PARTITION_ROP_DELAY (9979), 0x0800 w02[11111111111111111111111111111111]: <no instruction at address 0x800>
  mf: uid= 21074, sid18:w02, part=4, addr=0x7cb9263f46c0, load , size=32, GLOBAL_R status = IN_PARTITION_ROP_DELAY (9981), 0x0800 w02[11111111111111111111111111111111]: <no instruction at address 0x800>
  mf: uid= 21157, sid04:w02, part=4, addr=0x7cb926463f60, load , size=32, GLOBAL_R status = IN_PARTITION_ROP_DELAY (9990), 0x0800 w02[11111111111111111111111111111111]: <no instruction at address 0x800>
  mf: uid= 21158, sid04:w02, part=4, addr=0x7cb926463f40, load , size=32, GLOBAL_R status = IN_PARTITION_ROP_DELAY (9991), 0x0800 w02[11111111111111111111111111111111]: <no instruction at address 0x800>
  mf: uid= 21159, sid04:w02, part=4, addr=0x7cb926463f20, load , size=32, GLOBAL_R status = IN_PARTITION_ROP_DELAY (9992), 0x0800 w02[11111111111111111111111111111111]: <no instruction at address 0x800>
  mf: uid= 21160, sid04:w02, part=4, addr=0x7cb926463f00, load , size=32, GLOBAL_R status = IN_PARTITION_ROP_DELAY (9993), 0x0800 w02[11111111111111111111111111111111]: <no instruction at address 0x800>
  mf: uid= 20832, sid27:w02, part=4, addr=0x231f035300, store, size=32, LOCAL_W  status = IN_PARTITION_ROP_DELAY (9997), 0x0830 w02[11111111111111111111111111111111]: <no instruction at address 0x830>
  mf: uid= 21075, sid18:w02, part=4, addr=0x7cb9263f46a0, load , size=32, GLOBAL_R status = IN_PARTITION_ROP_DELAY (9983), 0x0800 w02[11111111111111111111111111111111]: <no instruction at address 0x800>
  mf: uid= 21076, sid18:w02, part=4, addr=0x7cb9263f4680, load , size=32, GLOBAL_R status = IN_PARTITION_ROP_DELAY (9985), 0x0800 w02[11111111111111111111111111111111]: <no instruction at address 0x800>
Cache L2_bank_009:
MSHR contents

In Dram Latency Queue (total = 0): 
DRAM[4]: 16 bks, busW=2 BL=16 CL=24, tRRD=12 tCCD=4, tRCD=24 tRAS=55 tRP=24 tRC=78
n_cmd=23335 n_nop=23290 n_act=8 n_pre=1 n_ref_event=0 n_req=37 n_rd=37 n_rd_L2_A=0 n_write=0 n_wr_bk=0 bw_util=0.006342
n_activity=272 dram_eff=0.5441
bk0: 4a 23274i bk1: 4a 23191i bk2: 0a 23334i bk3: 0a 23335i bk4: 5a 23180i bk5: 0a 23331i bk6: 0a 23333i bk7: 0a 23335i bk8: 8a 23194i bk9: 8a 23182i bk10: 0a 23334i bk11: 0a 23336i bk12: 4a 23204i bk13: 4a 23199i bk14: 0a 23334i bk15: 0a 23336i 

------------------------------------------------------------------------

Row_Buffer_Locality = 0.783784
Row_Buffer_Locality_read = 0.783784
Row_Buffer_Locality_write = -nan
Bank_Level_Parallism = 4.838384
Bank_Level_Parallism_Col = 3.938776
Bank_Level_Parallism_Ready = 2.162162
write_to_read_ratio_blp_rw_average = 0.000000
GrpLevelPara = 1.734694 

BW Util details:
bwutil = 0.006342 
total_CMD = 23335 
util_bw = 148 
Wasted_Col = 56 
Wasted_Row = 0 
Idle = 23131 

BW Util Bottlenecks: 
RCDc_limit = 76 
RCDWRc_limit = 0 
WTRc_limit = 0 
RTWc_limit = 0 
CCDLc_limit = 16 
rwq = 0 
CCDLc_limit_alone = 16 
WTRc_limit_alone = 0 
RTWc_limit_alone = 0 

Commands details: 
total_CMD = 23335 
n_nop = 23290 
Read = 37 
Write = 0 
L2_Alloc = 0 
L2_WB = 0 
n_act = 8 
n_pre = 1 
n_ref = 0 
n_req = 37 
total_req = 37 

Dual Bus Interface Util: 
issued_total_row = 9 
issued_total_col = 37 
Row_Bus_Util =  0.000386 
CoL_Bus_Util = 0.001586 
Either_Row_CoL_Bus_Util = 0.001928 
Issued_on_Two_Bus_Simul_Util = 0.000043 
issued_two_Eff = 0.022222 
queue_avg = 0.075680 


dram_util_bins: 0 0 0 0 0 0 0 0 0 0
dram_eff_bins: 0 0 0 0 0 0 0 0 0 0
mrqq: max=21 avg=0.0756803
Memory Partition 5: 
Memory Sub Parition 10: pending memory requests:
  mf: uid= 21137, sid34:w02, part=5, addr=0x7cb9263f4760, load , size=32, GLOBAL_R status = IN_PARTITION_ROP_DELAY (9980), 0x0800 w02[11111111111111111111111111111111]: <no instruction at address 0x800>
  mf: uid= 20877, sid04:w02, part=5, addr=0x7cb926464d60, load , size=32, GLOBAL_R status = IN_PARTITION_ROP_DELAY (9968), 0x0800 w02[11111111111111111111111111111111]: <no instruction at address 0x800>
  mf: uid= 20939, sid19:w02, part=5, addr=0x7cb92642cda0, load , size=32, GLOBAL_R status = IN_PARTITION_ROP_DELAY (9976), 0x0800 w02[11111111111111111111111111111111]: <no instruction at address 0x800>
  mf: uid= 20940, sid19:w02, part=5, addr=0x7cb92642cd80, load , size=32, GLOBAL_R status = IN_PARTITION_ROP_DELAY (9979), 0x0800 w02[11111111111111111111111111111111]: <no instruction at address 0x800>
  mf: uid= 20925, sid16:w02, part=5, addr=0x7cb926384de0, load , size=32, GLOBAL_R status = IN_PARTITION_ROP_DELAY (9969), 0x0800 w02[11111111111111111111111111111111]: <no instruction at address 0x800>
  mf: uid= 20926, sid16:w02, part=5, addr=0x7cb926384dc0, load , size=32, GLOBAL_R status = IN_PARTITION_ROP_DELAY (9972), 0x0800 w02[11111111111111111111111111111111]: <no instruction at address 0x800>
  mf: uid= 20878, sid04:w02, part=5, addr=0x7cb926464d40, load , size=32, GLOBAL_R status = IN_PARTITION_ROP_DELAY (9971), 0x0800 w02[11111111111111111111111111111111]: <no instruction at address 0x800>
  mf: uid= 21138, sid34:w02, part=5, addr=0x7cb9263f4740, load , size=32, GLOBAL_R status = IN_PARTITION_ROP_DELAY (9981), 0x0800 w02[11111111111111111111111111111111]: <no instruction at address 0x800>
  mf: uid= 21139, sid34:w02, part=5, addr=0x7cb9263f4720, load , size=32, GLOBAL_R status = IN_PARTITION_ROP_DELAY (9982), 0x0800 w02[11111111111111111111111111111111]: <no instruction at address 0x800>
  mf: uid= 21140, sid34:w02, part=5, addr=0x7cb9263f4700, load , size=32, GLOBAL_R status = IN_PARTITION_ROP_DELAY (9983), 0x0800 w02[11111111111111111111111111111111]: <no instruction at address 0x800>
  mf: uid= 20927, sid16:w02, part=5, addr=0x7cb926384da0, load , size=32, GLOBAL_R status = IN_PARTITION_ROP_DELAY (9975), 0x0800 w02[11111111111111111111111111111111]: <no instruction at address 0x800>
  mf: uid= 20928, sid16:w02, part=5, addr=0x7cb926384d80, load , size=32, GLOBAL_R status = IN_PARTITION_ROP_DELAY (9978), 0x0800 w02[11111111111111111111111111111111]: <no instruction at address 0x800>
  mf: uid= 20880, sid04:w02, part=5, addr=0x7cb926464d00, load , size=32, GLOBAL_R status = IN_PARTITION_ROP_DELAY (9977), 0x0800 w02[11111111111111111111111111111111]: <no instruction at address 0x800>
  mf: uid= 20879, sid04:w02, part=5, addr=0x7cb926464d20, load , size=32, GLOBAL_R status = IN_PARTITION_ROP_DELAY (9974), 0x0800 w02[11111111111111111111111111111111]: <no instruction at address 0x800>
  mf: uid= 20937, sid19:w02, part=5, addr=0x7cb92642cde0, load , size=32, GLOBAL_R status = IN_PARTITION_ROP_DELAY (9970), 0x0800 w02[11111111111111111111111111111111]: <no instruction at address 0x800>
  mf: uid= 20938, sid19:w02, part=5, addr=0x7cb92642cdc0, load , size=32, GLOBAL_R status = IN_PARTITION_ROP_DELAY (9973), 0x0800 w02[11111111111111111111111111111111]: <no instruction at address 0x800>
Cache L2_bank_010:
MSHR contents

Memory Sub Parition 11: pending memory requests:
  mf: uid= 20862, sid00:w02, part=5, addr=0x7cb926384d40, load , size=32, GLOBAL_R status = IN_PARTITION_ROP_DELAY (9974), 0x0800 w02[11111111111111111111111111111111]: <no instruction at address 0x800>
  mf: uid= 20863, sid00:w02, part=5, addr=0x7cb926384d20, load , size=32, GLOBAL_R status = IN_PARTITION_ROP_DELAY (9978), 0x0800 w02[11111111111111111111111111111111]: <no instruction at address 0x800>
  mf: uid= 20874, sid03:w02, part=5, addr=0x7cb92642cd40, load , size=32, GLOBAL_R status = IN_PARTITION_ROP_DELAY (9975), 0x0800 w02[11111111111111111111111111111111]: <no instruction at address 0x800>
  mf: uid= 20875, sid03:w02, part=5, addr=0x7cb92642cd20, load , size=32, GLOBAL_R status = IN_PARTITION_ROP_DELAY (9979), 0x0800 w02[11111111111111111111111111111111]: <no instruction at address 0x800>
  mf: uid= 20993, sid33:w02, part=5, addr=0x7cb9263bce60, load , size=32, GLOBAL_R status = IN_PARTITION_ROP_DELAY (9969), 0x0800 w02[11111111111111111111111111111111]: <no instruction at address 0x800>
  mf: uid= 20994, sid33:w02, part=5, addr=0x7cb9263bce40, load , size=32, GLOBAL_R status = IN_PARTITION_ROP_DELAY (9973), 0x0800 w02[11111111111111111111111111111111]: <no instruction at address 0x800>
  mf: uid= 20873, sid03:w02, part=5, addr=0x7cb92642cd60, load , size=32, GLOBAL_R status = IN_PARTITION_ROP_DELAY (9971), 0x0800 w02[11111111111111111111111111111111]: <no instruction at address 0x800>
  mf: uid= 20861, sid00:w02, part=5, addr=0x7cb926384d60, load , size=32, GLOBAL_R status = IN_PARTITION_ROP_DELAY (9970), 0x0800 w02[11111111111111111111111111111111]: <no instruction at address 0x800>
  mf: uid= 20995, sid33:w02, part=5, addr=0x7cb9263bce20, load , size=32, GLOBAL_R status = IN_PARTITION_ROP_DELAY (9977), 0x0800 w02[11111111111111111111111111111111]: <no instruction at address 0x800>
  mf: uid= 20996, sid33:w02, part=5, addr=0x7cb9263bce00, load , size=32, GLOBAL_R status = IN_PARTITION_ROP_DELAY (9981), 0x0800 w02[11111111111111111111111111111111]: <no instruction at address 0x800>
  mf: uid= 20941, sid20:w02, part=5, addr=0x7cb926464de0, load , size=32, GLOBAL_R status = IN_PARTITION_ROP_DELAY (9968), 0x0800 w02[11111111111111111111111111111111]: <no instruction at address 0x800>
  mf: uid= 20942, sid20:w02, part=5, addr=0x7cb926464dc0, load , size=32, GLOBAL_R status = IN_PARTITION_ROP_DELAY (9972), 0x0800 w02[11111111111111111111111111111111]: <no instruction at address 0x800>
  mf: uid= 20864, sid00:w02, part=5, addr=0x7cb926384d00, load , size=32, GLOBAL_R status = IN_PARTITION_ROP_DELAY (9982), 0x0800 w02[11111111111111111111111111111111]: <no instruction at address 0x800>
  mf: uid= 20876, sid03:w02, part=5, addr=0x7cb92642cd00, load , size=32, GLOBAL_R status = IN_PARTITION_ROP_DELAY (9983), 0x0800 w02[11111111111111111111111111111111]: <no instruction at address 0x800>
  mf: uid= 20943, sid20:w02, part=5, addr=0x7cb926464da0, load , size=32, GLOBAL_R status = IN_PARTITION_ROP_DELAY (9976), 0x0800 w02[11111111111111111111111111111111]: <no instruction at address 0x800>
  mf: uid= 20944, sid20:w02, part=5, addr=0x7cb926464d80, load , size=32, GLOBAL_R status = IN_PARTITION_ROP_DELAY (9980), 0x0800 w02[11111111111111111111111111111111]: <no instruction at address 0x800>
Cache L2_bank_011:
MSHR contents

In Dram Latency Queue (total = 0): 
DRAM[5]: 16 bks, busW=2 BL=16 CL=24, tRRD=12 tCCD=4, tRCD=24 tRAS=55 tRP=24 tRC=78
n_cmd=23335 n_nop=23321 n_act=3 n_pre=0 n_ref_event=0 n_req=12 n_rd=12 n_rd_L2_A=0 n_write=0 n_wr_bk=0 bw_util=0.002057
n_activity=102 dram_eff=0.4706
bk0: 0a 23334i bk1: 0a 23335i bk2: 0a 23335i bk3: 0a 23336i bk4: 0a 23336i bk5: 0a 23336i bk6: 0a 23336i bk7: 0a 23336i bk8: 4a 23284i bk9: 4a 23272i bk10: 0a 23334i bk11: 0a 23335i bk12: 4a 23266i bk13: 0a 23333i bk14: 0a 23333i bk15: 0a 23334i 

------------------------------------------------------------------------

Row_Buffer_Locality = 0.750000
Row_Buffer_Locality_read = 0.750000
Row_Buffer_Locality_write = -nan
Bank_Level_Parallism = 2.545455
Bank_Level_Parallism_Col = 2.315789
Bank_Level_Parallism_Ready = 1.500000
write_to_read_ratio_blp_rw_average = 0.000000
GrpLevelPara = 1.631579 

BW Util details:
bwutil = 0.002057 
total_CMD = 23335 
util_bw = 48 
Wasted_Col = 32 
Wasted_Row = 0 
Idle = 23255 

BW Util Bottlenecks: 
RCDc_limit = 48 
RCDWRc_limit = 0 
WTRc_limit = 0 
RTWc_limit = 0 
CCDLc_limit = 16 
rwq = 0 
CCDLc_limit_alone = 16 
WTRc_limit_alone = 0 
RTWc_limit_alone = 0 

Commands details: 
total_CMD = 23335 
n_nop = 23321 
Read = 12 
Write = 0 
L2_Alloc = 0 
L2_WB = 0 
n_act = 3 
n_pre = 0 
n_ref = 0 
n_req = 12 
total_req = 12 

Dual Bus Interface Util: 
issued_total_row = 3 
issued_total_col = 12 
Row_Bus_Util =  0.000129 
CoL_Bus_Util = 0.000514 
Either_Row_CoL_Bus_Util = 0.000600 
Issued_on_Two_Bus_Simul_Util = 0.000043 
issued_two_Eff = 0.071429 
queue_avg = 0.014013 


dram_util_bins: 0 0 0 0 0 0 0 0 0 0
dram_eff_bins: 0 0 0 0 0 0 0 0 0 0
mrqq: max=9 avg=0.0140133
Memory Partition 6: 
Memory Sub Parition 12: pending memory requests:
  mf: uid= 20740, sid04:w02, part=6, addr=0x231f032500, store, size=32, LOCAL_W  status = IN_PARTITION_ROP_DELAY (9998), 0x0830 w02[11111111111111111111111111111111]: <no instruction at address 0x830>
  mf: uid= 20929, sid17:w02, part=6, addr=0x7cb9263bcde0, load , size=32, GLOBAL_R status = IN_PARTITION_ROP_DELAY (9968), 0x0800 w02[11111111111111111111111111111111]: <no instruction at address 0x800>
  mf: uid= 20930, sid17:w02, part=6, addr=0x7cb9263bcdc0, load , size=32, GLOBAL_R status = IN_PARTITION_ROP_DELAY (9969), 0x0800 w02[11111111111111111111111111111111]: <no instruction at address 0x800>
  mf: uid= 20739, sid04:w02, part=6, addr=0x231f032520, store, size=32, LOCAL_W  status = IN_PARTITION_ROP_DELAY (9999), 0x0830 w02[11111111111111111111111111111111]: <no instruction at address 0x830>
  mf: uid= 21269, sid32:w02, part=6, addr=0x7cb926384060, load , size=32, GLOBAL_R status = IN_PARTITION_ROP_DELAY (9991), 0x0800 w02[11111111111111111111111111111111]: <no instruction at address 0x800>
  mf: uid= 21270, sid32:w02, part=6, addr=0x7cb926384040, load , size=32, GLOBAL_R status = IN_PARTITION_ROP_DELAY (9993), 0x0800 w02[11111111111111111111111111111111]: <no instruction at address 0x800>
  mf: uid= 21271, sid32:w02, part=6, addr=0x7cb926384020, load , size=32, GLOBAL_R status = IN_PARTITION_ROP_DELAY (9995), 0x0800 w02[11111111111111111111111111111111]: <no instruction at address 0x800>
  mf: uid= 21272, sid32:w02, part=6, addr=0x7cb926384000, load , size=32, GLOBAL_R status = IN_PARTITION_ROP_DELAY (9997), 0x0800 w02[11111111111111111111111111111111]: <no instruction at address 0x800>
  mf: uid= 21233, sid23:w02, part=6, addr=0x7cb92650bfe0, load , size=32, GLOBAL_R status = IN_PARTITION_ROP_DELAY (9990), 0x0800 w02[11111111111111111111111111111111]: <no instruction at address 0x800>
  mf: uid= 21234, sid23:w02, part=6, addr=0x7cb92650bfc0, load , size=32, GLOBAL_R status = IN_PARTITION_ROP_DELAY (9992), 0x0800 w02[11111111111111111111111111111111]: <no instruction at address 0x800>
  mf: uid= 21235, sid23:w02, part=6, addr=0x7cb92650bfa0, load , size=32, GLOBAL_R status = IN_PARTITION_ROP_DELAY (9994), 0x0800 w02[11111111111111111111111111111111]: <no instruction at address 0x800>
  mf: uid= 21236, sid23:w02, part=6, addr=0x7cb92650bf80, load , size=32, GLOBAL_R status = IN_PARTITION_ROP_DELAY (9996), 0x0800 w02[11111111111111111111111111111111]: <no instruction at address 0x800>
  mf: uid= 20931, sid17:w02, part=6, addr=0x7cb9263bcda0, load , size=32, GLOBAL_R status = IN_PARTITION_ROP_DELAY (9970), 0x0800 w02[11111111111111111111111111111111]: <no instruction at address 0x800>
  mf: uid= 20932, sid17:w02, part=6, addr=0x7cb9263bcd80, load , size=32, GLOBAL_R status = IN_PARTITION_ROP_DELAY (9971), 0x0800 w02[11111111111111111111111111111111]: <no instruction at address 0x800>
Cache L2_bank_012:
MSHR contents

Memory Sub Parition 13: pending memory requests:
  mf: uid= 20866, sid01:w02, part=6, addr=0x7cb9263bcd40, load , size=32, GLOBAL_R status = IN_PARTITION_ROP_DELAY (9971), 0x0800 w02[11111111111111111111111111111111]: <no instruction at address 0x800>
  mf: uid= 20989, sid32:w02, part=6, addr=0x7cb926384e60, load , size=32, GLOBAL_R status = IN_PARTITION_ROP_DELAY (9968), 0x0800 w02[11111111111111111111111111111111]: <no instruction at address 0x800>
  mf: uid= 20990, sid32:w02, part=6, addr=0x7cb926384e40, load , size=32, GLOBAL_R status = IN_PARTITION_ROP_DELAY (9970), 0x0800 w02[11111111111111111111111111111111]: <no instruction at address 0x800>
  mf: uid= 20868, sid01:w02, part=6, addr=0x7cb9263bcd00, load , size=32, GLOBAL_R status = IN_PARTITION_ROP_DELAY (9975), 0x0800 w02[11111111111111111111111111111111]: <no instruction at address 0x800>
  mf: uid= 20867, sid01:w02, part=6, addr=0x7cb9263bcd20, load , size=32, GLOBAL_R status = IN_PARTITION_ROP_DELAY (9973), 0x0800 w02[11111111111111111111111111111111]: <no instruction at address 0x800>
  mf: uid= 20865, sid01:w02, part=6, addr=0x7cb9263bcd60, load , size=32, GLOBAL_R status = IN_PARTITION_ROP_DELAY (9969), 0x0800 w02[11111111111111111111111111111111]: <no instruction at address 0x800>
  mf: uid= 20991, sid32:w02, part=6, addr=0x7cb926384e20, load , size=32, GLOBAL_R status = IN_PARTITION_ROP_DELAY (9972), 0x0800 w02[11111111111111111111111111111111]: <no instruction at address 0x800>
  mf: uid= 20992, sid32:w02, part=6, addr=0x7cb926384e00, load , size=32, GLOBAL_R status = IN_PARTITION_ROP_DELAY (9974), 0x0800 w02[11111111111111111111111111111111]: <no instruction at address 0x800>
Cache L2_bank_013:
MSHR contents

In Dram Latency Queue (total = 0): 
DRAM[6]: 16 bks, busW=2 BL=16 CL=24, tRRD=12 tCCD=4, tRCD=24 tRAS=55 tRP=24 tRC=78
n_cmd=23335 n_nop=23290 n_act=9 n_pre=2 n_ref_event=0 n_req=34 n_rd=34 n_rd_L2_A=0 n_write=0 n_wr_bk=0 bw_util=0.005828
n_activity=284 dram_eff=0.4789
bk0: 0a 23331i bk1: 0a 23333i bk2: 0a 23335i bk3: 0a 23335i bk4: 2a 23310i bk5: 0a 23334i bk6: 4a 23280i bk7: 4a 23255i bk8: 0a 23335i bk9: 0a 23338i bk10: 0a 23339i bk11: 0a 23339i bk12: 8a 23219i bk13: 8a 23195i bk14: 4a 23266i bk15: 4a 23230i 

------------------------------------------------------------------------

Row_Buffer_Locality = 0.735294
Row_Buffer_Locality_read = 0.735294
Row_Buffer_Locality_write = -nan
Bank_Level_Parallism = 3.340541
Bank_Level_Parallism_Col = 2.644809
Bank_Level_Parallism_Ready = 1.400000
write_to_read_ratio_blp_rw_average = 0.000000
GrpLevelPara = 2.284153 

BW Util details:
bwutil = 0.005828 
total_CMD = 23335 
util_bw = 136 
Wasted_Col = 58 
Wasted_Row = 0 
Idle = 23141 

BW Util Bottlenecks: 
RCDc_limit = 72 
RCDWRc_limit = 0 
WTRc_limit = 0 
RTWc_limit = 0 
CCDLc_limit = 9 
rwq = 0 
CCDLc_limit_alone = 9 
WTRc_limit_alone = 0 
RTWc_limit_alone = 0 

Commands details: 
total_CMD = 23335 
n_nop = 23290 
Read = 34 
Write = 0 
L2_Alloc = 0 
L2_WB = 0 
n_act = 9 
n_pre = 2 
n_ref = 0 
n_req = 34 
total_req = 34 

Dual Bus Interface Util: 
issued_total_row = 11 
issued_total_col = 34 
Row_Bus_Util =  0.000471 
CoL_Bus_Util = 0.001457 
Either_Row_CoL_Bus_Util = 0.001928 
Issued_on_Two_Bus_Simul_Util = 0.000000 
issued_two_Eff = 0.000000 
queue_avg = 0.051768 


dram_util_bins: 0 0 0 0 0 0 0 0 0 0
dram_eff_bins: 0 0 0 0 0 0 0 0 0 0
mrqq: max=14 avg=0.0517677
Memory Partition 7: 
Memory Sub Parition 14: pending memory requests:
  mf: uid= 20889, sid07:w02, part=7, addr=0x7cb92650cd60, load , size=32, GLOBAL_R status = IN_PARTITION_ROP_DELAY (9968), 0x0800 w02[11111111111111111111111111111111]: <no instruction at address 0x800>
  mf: uid= 20895, sid08:w02, part=7, addr=0x7cb926544d20, load , size=32, GLOBAL_R status = IN_PARTITION_ROP_DELAY (9978), 0x0800 w02[11111111111111111111111111111111]: <no instruction at address 0x800>
  mf: uid= 20909, sid12:w02, part=7, addr=0x7cb926624d60, load , size=32, GLOBAL_R status = IN_PARTITION_ROP_DELAY (9969), 0x0800 w02[11111111111111111111111111111111]: <no instruction at address 0x800>
  mf: uid= 20892, sid07:w02, part=7, addr=0x7cb92650cd00, load , size=32, GLOBAL_R status = IN_PARTITION_ROP_DELAY (9974), 0x0800 w02[11111111111111111111111111111111]: <no instruction at address 0x800>
  mf: uid= 20912, sid12:w02, part=7, addr=0x7cb926624d00, load , size=32, GLOBAL_R status = IN_PARTITION_ROP_DELAY (9975), 0x0800 w02[11111111111111111111111111111111]: <no instruction at address 0x800>
  mf: uid= 20894, sid08:w02, part=7, addr=0x7cb926544d40, load , size=32, GLOBAL_R status = IN_PARTITION_ROP_DELAY (9977), 0x0800 w02[11111111111111111111111111111111]: <no instruction at address 0x800>
  mf: uid= 20896, sid08:w02, part=7, addr=0x7cb926544d00, load , size=32, GLOBAL_R status = IN_PARTITION_ROP_DELAY (9980), 0x0800 w02[11111111111111111111111111111111]: <no instruction at address 0x800>
  mf: uid= 20891, sid07:w02, part=7, addr=0x7cb92650cd20, load , size=32, GLOBAL_R status = IN_PARTITION_ROP_DELAY (9972), 0x0800 w02[11111111111111111111111111111111]: <no instruction at address 0x800>
  mf: uid= 21105, sid26:w02, part=7, addr=0x7cb9265b46e0, load , size=32, GLOBAL_R status = IN_PARTITION_ROP_DELAY (9995), 0x0800 w02[11111111111111111111111111111111]: <no instruction at address 0x800>
  mf: uid= 21106, sid26:w02, part=7, addr=0x7cb9265b46c0, load , size=32, GLOBAL_R status = IN_PARTITION_ROP_DELAY (9996), 0x0800 w02[11111111111111111111111111111111]: <no instruction at address 0x800>
  mf: uid= 21107, sid26:w02, part=7, addr=0x7cb9265b46a0, load , size=32, GLOBAL_R status = IN_PARTITION_ROP_DELAY (9997), 0x0800 w02[11111111111111111111111111111111]: <no instruction at address 0x800>
  mf: uid= 21108, sid26:w02, part=7, addr=0x7cb9265b4680, load , size=32, GLOBAL_R status = IN_PARTITION_ROP_DELAY (9998), 0x0800 w02[11111111111111111111111111111111]: <no instruction at address 0x800>
  mf: uid= 20911, sid12:w02, part=7, addr=0x7cb926624d20, load , size=32, GLOBAL_R status = IN_PARTITION_ROP_DELAY (9973), 0x0800 w02[11111111111111111111111111111111]: <no instruction at address 0x800>
  mf: uid= 20890, sid07:w02, part=7, addr=0x7cb92650cd40, load , size=32, GLOBAL_R status = IN_PARTITION_ROP_DELAY (9970), 0x0800 w02[11111111111111111111111111111111]: <no instruction at address 0x800>
  mf: uid= 21086, sid21:w02, part=7, addr=0x7cb92649c6c0, load , size=32, GLOBAL_R status = IN_PARTITION_ROP_DELAY (9981), 0x0800 w02[11111111111111111111111111111111]: <no instruction at address 0x800>
  mf: uid= 21087, sid21:w02, part=7, addr=0x7cb92649c6a0, load , size=32, GLOBAL_R status = IN_PARTITION_ROP_DELAY (9982), 0x0800 w02[11111111111111111111111111111111]: <no instruction at address 0x800>
  mf: uid= 21088, sid21:w02, part=7, addr=0x7cb92649c680, load , size=32, GLOBAL_R status = IN_PARTITION_ROP_DELAY (9983), 0x0800 w02[11111111111111111111111111111111]: <no instruction at address 0x800>
  mf: uid= 20910, sid12:w02, part=7, addr=0x7cb926624d40, load , size=32, GLOBAL_R status = IN_PARTITION_ROP_DELAY (9971), 0x0800 w02[11111111111111111111111111111111]: <no instruction at address 0x800>
  mf: uid= 21085, sid21:w02, part=7, addr=0x7cb92649c6e0, load , size=32, GLOBAL_R status = IN_PARTITION_ROP_DELAY (9979), 0x0800 w02[11111111111111111111111111111111]: <no instruction at address 0x800>
  mf: uid= 20893, sid08:w02, part=7, addr=0x7cb926544d60, load , size=32, GLOBAL_R status = IN_PARTITION_ROP_DELAY (9976), 0x0800 w02[11111111111111111111111111111111]: <no instruction at address 0x800>
Cache L2_bank_014:
MSHR contents

Memory Sub Parition 15: pending memory requests:
  mf: uid= 21024, sid05:w02, part=7, addr=0x7cb92649c600, load , size=32, GLOBAL_R status = IN_PARTITION_ROP_DELAY (9983), 0x0800 w02[11111111111111111111111111111111]: <no instruction at address 0x800>
  mf: uid= 20973, sid28:w02, part=7, addr=0x7cb926624de0, load , size=32, GLOBAL_R status = IN_PARTITION_ROP_DELAY (9969), 0x0800 w02[11111111111111111111111111111111]: <no instruction at address 0x800>
  mf: uid= 20974, sid28:w02, part=7, addr=0x7cb926624dc0, load , size=32, GLOBAL_R status = IN_PARTITION_ROP_DELAY (9971), 0x0800 w02[11111111111111111111111111111111]: <no instruction at address 0x800>
  mf: uid= 20976, sid28:w02, part=7, addr=0x7cb926624d80, load , size=32, GLOBAL_R status = IN_PARTITION_ROP_DELAY (9975), 0x0800 w02[11111111111111111111111111111111]: <no instruction at address 0x800>
  mf: uid= 21209, sid17:w02, part=7, addr=0x7cb9263bbfe0, load , size=32, GLOBAL_R status = IN_PARTITION_ROP_DELAY (9996), 0x0800 w02[11111111111111111111111111111111]: <no instruction at address 0x800>
  mf: uid= 21210, sid17:w02, part=7, addr=0x7cb9263bbfc0, load , size=32, GLOBAL_R status = IN_PARTITION_ROP_DELAY (9997), 0x0800 w02[11111111111111111111111111111111]: <no instruction at address 0x800>
  mf: uid= 21211, sid17:w02, part=7, addr=0x7cb9263bbfa0, load , size=32, GLOBAL_R status = IN_PARTITION_ROP_DELAY (9998), 0x0800 w02[11111111111111111111111111111111]: <no instruction at address 0x800>
  mf: uid= 21212, sid17:w02, part=7, addr=0x7cb9263bbf80, load , size=32, GLOBAL_R status = IN_PARTITION_ROP_DELAY (9999), 0x0800 w02[11111111111111111111111111111111]: <no instruction at address 0x800>
  mf: uid= 21042, sid10:w02, part=7, addr=0x7cb9265b4640, load , size=32, GLOBAL_R status = IN_PARTITION_ROP_DELAY (9993), 0x0800 w02[11111111111111111111111111111111]: <no instruction at address 0x800>
  mf: uid= 21043, sid10:w02, part=7, addr=0x7cb9265b4620, load , size=32, GLOBAL_R status = IN_PARTITION_ROP_DELAY (9994), 0x0800 w02[11111111111111111111111111111111]: <no instruction at address 0x800>
  mf: uid= 20953, sid23:w02, part=7, addr=0x7cb92650cde0, load , size=32, GLOBAL_R status = IN_PARTITION_ROP_DELAY (9968), 0x0800 w02[11111111111111111111111111111111]: <no instruction at address 0x800>
  mf: uid= 20975, sid28:w02, part=7, addr=0x7cb926624da0, load , size=32, GLOBAL_R status = IN_PARTITION_ROP_DELAY (9973), 0x0800 w02[11111111111111111111111111111111]: <no instruction at address 0x800>
  mf: uid= 20956, sid23:w02, part=7, addr=0x7cb92650cd80, load , size=32, GLOBAL_R status = IN_PARTITION_ROP_DELAY (9974), 0x0800 w02[11111111111111111111111111111111]: <no instruction at address 0x800>
  mf: uid= 20957, sid24:w02, part=7, addr=0x7cb926544de0, load , size=32, GLOBAL_R status = IN_PARTITION_ROP_DELAY (9976), 0x0800 w02[11111111111111111111111111111111]: <no instruction at address 0x800>
  mf: uid= 20954, sid23:w02, part=7, addr=0x7cb92650cdc0, load , size=32, GLOBAL_R status = IN_PARTITION_ROP_DELAY (9970), 0x0800 w02[11111111111111111111111111111111]: <no instruction at address 0x800>
  mf: uid= 20955, sid23:w02, part=7, addr=0x7cb92650cda0, load , size=32, GLOBAL_R status = IN_PARTITION_ROP_DELAY (9972), 0x0800 w02[11111111111111111111111111111111]: <no instruction at address 0x800>
  mf: uid= 21041, sid10:w02, part=7, addr=0x7cb9265b4660, load , size=32, GLOBAL_R status = IN_PARTITION_ROP_DELAY (9992), 0x0800 w02[11111111111111111111111111111111]: <no instruction at address 0x800>
  mf: uid= 21044, sid10:w02, part=7, addr=0x7cb9265b4600, load , size=32, GLOBAL_R status = IN_PARTITION_ROP_DELAY (9995), 0x0800 w02[11111111111111111111111111111111]: <no instruction at address 0x800>
  mf: uid= 20958, sid24:w02, part=7, addr=0x7cb926544dc0, load , size=32, GLOBAL_R status = IN_PARTITION_ROP_DELAY (9977), 0x0800 w02[11111111111111111111111111111111]: <no instruction at address 0x800>
  mf: uid= 20960, sid24:w02, part=7, addr=0x7cb926544d80, load , size=32, GLOBAL_R status = IN_PARTITION_ROP_DELAY (9980), 0x0800 w02[11111111111111111111111111111111]: <no instruction at address 0x800>
  mf: uid= 21021, sid05:w02, part=7, addr=0x7cb92649c660, load , size=32, GLOBAL_R status = IN_PARTITION_ROP_DELAY (9979), 0x0800 w02[11111111111111111111111111111111]: <no instruction at address 0x800>
  mf: uid= 21022, sid05:w02, part=7, addr=0x7cb92649c640, load , size=32, GLOBAL_R status = IN_PARTITION_ROP_DELAY (9981), 0x0800 w02[11111111111111111111111111111111]: <no instruction at address 0x800>
  mf: uid= 21023, sid05:w02, part=7, addr=0x7cb92649c620, load , size=32, GLOBAL_R status = IN_PARTITION_ROP_DELAY (9982), 0x0800 w02[11111111111111111111111111111111]: <no instruction at address 0x800>
  mf: uid= 20959, sid24:w02, part=7, addr=0x7cb926544da0, load , size=32, GLOBAL_R status = IN_PARTITION_ROP_DELAY (9978), 0x0800 w02[11111111111111111111111111111111]: <no instruction at address 0x800>
Cache L2_bank_015:
MSHR contents

In Dram Latency Queue (total = 0): 
DRAM[7]: 16 bks, busW=2 BL=16 CL=24, tRRD=12 tCCD=4, tRCD=24 tRAS=55 tRP=24 tRC=78
n_cmd=23335 n_nop=23291 n_act=9 n_pre=2 n_ref_event=0 n_req=33 n_rd=33 n_rd_L2_A=0 n_write=0 n_wr_bk=0 bw_util=0.005657
n_activity=312 dram_eff=0.4231
bk0: 1a 23316i bk1: 0a 23340i bk2: 4a 23290i bk3: 4a 23251i bk4: 8a 23146i bk5: 8a 23217i bk6: 0a 23331i bk7: 0a 23331i bk8: 4a 23267i bk9: 4a 23245i bk10: 0a 23329i bk11: 0a 23330i bk12: 0a 23334i bk13: 0a 23336i bk14: 0a 23339i bk15: 0a 23339i 

------------------------------------------------------------------------

Row_Buffer_Locality = 0.727273
Row_Buffer_Locality_read = 0.727273
Row_Buffer_Locality_write = -nan
Bank_Level_Parallism = 2.901786
Bank_Level_Parallism_Col = 2.219512
Bank_Level_Parallism_Ready = 1.294118
write_to_read_ratio_blp_rw_average = 0.000000
GrpLevelPara = 2.019512 

BW Util details:
bwutil = 0.005657 
total_CMD = 23335 
util_bw = 132 
Wasted_Col = 85 
Wasted_Row = 13 
Idle = 23105 

BW Util Bottlenecks: 
RCDc_limit = 92 
RCDWRc_limit = 0 
WTRc_limit = 0 
RTWc_limit = 0 
CCDLc_limit = 12 
rwq = 0 
CCDLc_limit_alone = 12 
WTRc_limit_alone = 0 
RTWc_limit_alone = 0 

Commands details: 
total_CMD = 23335 
n_nop = 23291 
Read = 33 
Write = 0 
L2_Alloc = 0 
L2_WB = 0 
n_act = 9 
n_pre = 2 
n_ref = 0 
n_req = 33 
total_req = 33 

Dual Bus Interface Util: 
issued_total_row = 11 
issued_total_col = 33 
Row_Bus_Util =  0.000471 
CoL_Bus_Util = 0.001414 
Either_Row_CoL_Bus_Util = 0.001886 
Issued_on_Two_Bus_Simul_Util = 0.000000 
issued_two_Eff = 0.000000 
queue_avg = 0.067838 


dram_util_bins: 0 0 0 0 0 0 0 0 0 0
dram_eff_bins: 0 0 0 0 0 0 0 0 0 0
mrqq: max=17 avg=0.067838
Memory Partition 8: 
Memory Sub Parition 16: pending memory requests:
  mf: uid= 21028, sid06:w02, part=8, addr=0x7cb9264d4600, load , size=32, GLOBAL_R status = IN_PARTITION_ROP_DELAY (9985), 0x0800 w02[11111111111111111111111111111111]: <no instruction at address 0x800>
  mf: uid= 21025, sid06:w02, part=8, addr=0x7cb9264d4660, load , size=32, GLOBAL_R status = IN_PARTITION_ROP_DELAY (9979), 0x0800 w02[11111111111111111111111111111111]: <no instruction at address 0x800>
  mf: uid= 21121, sid30:w02, part=8, addr=0x7cb9266946e0, load , size=32, GLOBAL_R status = IN_PARTITION_ROP_DELAY (9980), 0x0800 w02[11111111111111111111111111111111]: <no instruction at address 0x800>
  mf: uid= 21122, sid30:w02, part=8, addr=0x7cb9266946c0, load , size=32, GLOBAL_R status = IN_PARTITION_ROP_DELAY (9982), 0x0800 w02[11111111111111111111111111111111]: <no instruction at address 0x800>
  mf: uid= 21123, sid30:w02, part=8, addr=0x7cb9266946a0, load , size=32, GLOBAL_R status = IN_PARTITION_ROP_DELAY (9984), 0x0800 w02[11111111111111111111111111111111]: <no instruction at address 0x800>
  mf: uid= 21124, sid30:w02, part=8, addr=0x7cb926694680, load , size=32, GLOBAL_R status = IN_PARTITION_ROP_DELAY (9986), 0x0800 w02[11111111111111111111111111111111]: <no instruction at address 0x800>
  mf: uid= 21026, sid06:w02, part=8, addr=0x7cb9264d4640, load , size=32, GLOBAL_R status = IN_PARTITION_ROP_DELAY (9981), 0x0800 w02[11111111111111111111111111111111]: <no instruction at address 0x800>
  mf: uid= 21027, sid06:w02, part=8, addr=0x7cb9264d4620, load , size=32, GLOBAL_R status = IN_PARTITION_ROP_DELAY (9983), 0x0800 w02[11111111111111111111111111111111]: <no instruction at address 0x800>
Cache L2_bank_016:
MSHR contents

Memory Sub Parition 17: pending memory requests:
  mf: uid= 21060, sid14:w02, part=8, addr=0x7cb926694600, load , size=32, GLOBAL_R status = IN_PARTITION_ROP_DELAY (9986), 0x0800 w02[11111111111111111111111111111111]: <no instruction at address 0x800>
  mf: uid= 21089, sid22:w02, part=8, addr=0x7cb9264d46e0, load , size=32, GLOBAL_R status = IN_PARTITION_ROP_DELAY (9979), 0x0800 w02[11111111111111111111111111111111]: <no instruction at address 0x800>
  mf: uid= 21090, sid22:w02, part=8, addr=0x7cb9264d46c0, load , size=32, GLOBAL_R status = IN_PARTITION_ROP_DELAY (9981), 0x0800 w02[11111111111111111111111111111111]: <no instruction at address 0x800>
  mf: uid= 21091, sid22:w02, part=8, addr=0x7cb9264d46a0, load , size=32, GLOBAL_R status = IN_PARTITION_ROP_DELAY (9983), 0x0800 w02[11111111111111111111111111111111]: <no instruction at address 0x800>
  mf: uid= 21092, sid22:w02, part=8, addr=0x7cb9264d4680, load , size=32, GLOBAL_R status = IN_PARTITION_ROP_DELAY (9985), 0x0800 w02[11111111111111111111111111111111]: <no instruction at address 0x800>
  mf: uid= 21058, sid14:w02, part=8, addr=0x7cb926694640, load , size=32, GLOBAL_R status = IN_PARTITION_ROP_DELAY (9982), 0x0800 w02[11111111111111111111111111111111]: <no instruction at address 0x800>
  mf: uid= 21059, sid14:w02, part=8, addr=0x7cb926694620, load , size=32, GLOBAL_R status = IN_PARTITION_ROP_DELAY (9984), 0x0800 w02[11111111111111111111111111111111]: <no instruction at address 0x800>
  mf: uid= 21057, sid14:w02, part=8, addr=0x7cb926694660, load , size=32, GLOBAL_R status = IN_PARTITION_ROP_DELAY (9980), 0x0800 w02[11111111111111111111111111111111]: <no instruction at address 0x800>
Cache L2_bank_017:
MSHR contents

In Dram Latency Queue (total = 0): 
DRAM[8]: 16 bks, busW=2 BL=16 CL=24, tRRD=12 tCCD=4, tRCD=24 tRAS=55 tRP=24 tRC=78
n_cmd=23335 n_nop=23284 n_act=8 n_pre=0 n_ref_event=0 n_req=48 n_rd=48 n_rd_L2_A=0 n_write=0 n_wr_bk=0 bw_util=0.008228
n_activity=248 dram_eff=0.7742
bk0: 4a 23183i bk1: 4a 23246i bk2: 0a 23332i bk3: 0a 23334i bk4: 0a 23336i bk5: 0a 23338i bk6: 8a 23218i bk7: 8a 23191i bk8: 0a 23334i bk9: 0a 23334i bk10: 8a 23179i bk11: 8a 23146i bk12: 4a 23277i bk13: 4a 23266i bk14: 0a 23334i bk15: 0a 23335i 

------------------------------------------------------------------------

Row_Buffer_Locality = 0.833333
Row_Buffer_Locality_read = 0.833333
Row_Buffer_Locality_write = -nan
Bank_Level_Parallism = 4.511013
Bank_Level_Parallism_Col = 3.632743
Bank_Level_Parallism_Ready = 2.145833
write_to_read_ratio_blp_rw_average = 0.000000
GrpLevelPara = 2.415929 

BW Util details:
bwutil = 0.008228 
total_CMD = 23335 
util_bw = 192 
Wasted_Col = 38 
Wasted_Row = 0 
Idle = 23105 

BW Util Bottlenecks: 
RCDc_limit = 44 
RCDWRc_limit = 0 
WTRc_limit = 0 
RTWc_limit = 0 
CCDLc_limit = 18 
rwq = 0 
CCDLc_limit_alone = 18 
WTRc_limit_alone = 0 
RTWc_limit_alone = 0 

Commands details: 
total_CMD = 23335 
n_nop = 23284 
Read = 48 
Write = 0 
L2_Alloc = 0 
L2_WB = 0 
n_act = 8 
n_pre = 0 
n_ref = 0 
n_req = 48 
total_req = 48 

Dual Bus Interface Util: 
issued_total_row = 8 
issued_total_col = 48 
Row_Bus_Util =  0.000343 
CoL_Bus_Util = 0.002057 
Either_Row_CoL_Bus_Util = 0.002186 
Issued_on_Two_Bus_Simul_Util = 0.000214 
issued_two_Eff = 0.098039 
queue_avg = 0.136362 


dram_util_bins: 0 0 0 0 0 0 0 0 0 0
dram_eff_bins: 0 0 0 0 0 0 0 0 0 0
mrqq: max=30 avg=0.136362
Memory Partition 9: 
Memory Sub Parition 18: pending memory requests:
  mf: uid= 21061, sid15:w02, part=9, addr=0x7cb9266cc660, load , size=32, GLOBAL_R status = IN_PARTITION_ROP_DELAY (9979), 0x0800 w02[11111111111111111111111111111111]: <no instruction at address 0x800>
  mf: uid= 21064, sid15:w02, part=9, addr=0x7cb9266cc600, load , size=32, GLOBAL_R status = IN_PARTITION_ROP_DELAY (9982), 0x0800 w02[11111111111111111111111111111111]: <no instruction at address 0x800>
  mf: uid= 21062, sid15:w02, part=9, addr=0x7cb9266cc640, load , size=32, GLOBAL_R status = IN_PARTITION_ROP_DELAY (9980), 0x0800 w02[11111111111111111111111111111111]: <no instruction at address 0x800>
  mf: uid= 21063, sid15:w02, part=9, addr=0x7cb9266cc620, load , size=32, GLOBAL_R status = IN_PARTITION_ROP_DELAY (9981), 0x0800 w02[11111111111111111111111111111111]: <no instruction at address 0x800>
Cache L2_bank_018:
MSHR contents

Memory Sub Parition 19: pending memory requests:
  mf: uid= 20767, sid11:w02, part=9, addr=0x231f033320, store, size=32, LOCAL_W  status = IN_PARTITION_ROP_DELAY (9998), 0x0830 w02[11111111111111111111111111111111]: <no instruction at address 0x830>
  mf: uid= 21173, sid08:w02, part=9, addr=0x7cb926543f60, load , size=32, GLOBAL_R status = IN_PARTITION_ROP_DELAY (9999), 0x0800 w02[11111111111111111111111111111111]: <no instruction at address 0x800>
  mf: uid= 20768, sid11:w02, part=9, addr=0x231f033300, store, size=32, LOCAL_W  status = IN_PARTITION_ROP_DELAY (9997), 0x0830 w02[11111111111111111111111111111111]: <no instruction at address 0x830>
  mf: uid= 21125, sid31:w02, part=9, addr=0x7cb9266cc6e0, load , size=32, GLOBAL_R status = IN_PARTITION_ROP_DELAY (9979), 0x0800 w02[11111111111111111111111111111111]: <no instruction at address 0x800>
  mf: uid= 21126, sid31:w02, part=9, addr=0x7cb9266cc6c0, load , size=32, GLOBAL_R status = IN_PARTITION_ROP_DELAY (9980), 0x0800 w02[11111111111111111111111111111111]: <no instruction at address 0x800>
  mf: uid= 21127, sid31:w02, part=9, addr=0x7cb9266cc6a0, load , size=32, GLOBAL_R status = IN_PARTITION_ROP_DELAY (9981), 0x0800 w02[11111111111111111111111111111111]: <no instruction at address 0x800>
  mf: uid= 21128, sid31:w02, part=9, addr=0x7cb9266cc680, load , size=32, GLOBAL_R status = IN_PARTITION_ROP_DELAY (9982), 0x0800 w02[11111111111111111111111111111111]: <no instruction at address 0x800>
Cache L2_bank_019:
MSHR contents

In Dram Latency Queue (total = 0): 
DRAM[9]: 16 bks, busW=2 BL=16 CL=24, tRRD=12 tCCD=4, tRCD=24 tRAS=55 tRP=24 tRC=78
n_cmd=23335 n_nop=23315 n_act=4 n_pre=0 n_ref_event=0 n_req=16 n_rd=16 n_rd_L2_A=0 n_write=0 n_wr_bk=0 bw_util=0.002743
n_activity=174 dram_eff=0.3678
bk0: 0a 23335i bk1: 0a 23336i bk2: 0a 23336i bk3: 0a 23336i bk4: 4a 23294i bk5: 4a 23278i bk6: 0a 23334i bk7: 0a 23335i bk8: 0a 23335i bk9: 0a 23336i bk10: 4a 23296i bk11: 0a 23334i bk12: 4a 23296i bk13: 0a 23334i bk14: 0a 23334i bk15: 0a 23335i 

------------------------------------------------------------------------

Row_Buffer_Locality = 0.750000
Row_Buffer_Locality_read = 0.750000
Row_Buffer_Locality_write = -nan
Bank_Level_Parallism = 1.446970
Bank_Level_Parallism_Col = 1.353846
Bank_Level_Parallism_Ready = 1.062500
write_to_read_ratio_blp_rw_average = 0.000000
GrpLevelPara = 1.353846 

BW Util details:
bwutil = 0.002743 
total_CMD = 23335 
util_bw = 64 
Wasted_Col = 74 
Wasted_Row = 0 
Idle = 23197 

BW Util Bottlenecks: 
RCDc_limit = 76 
RCDWRc_limit = 0 
WTRc_limit = 0 
RTWc_limit = 0 
CCDLc_limit = 20 
rwq = 0 
CCDLc_limit_alone = 20 
WTRc_limit_alone = 0 
RTWc_limit_alone = 0 

Commands details: 
total_CMD = 23335 
n_nop = 23315 
Read = 16 
Write = 0 
L2_Alloc = 0 
L2_WB = 0 
n_act = 4 
n_pre = 0 
n_ref = 0 
n_req = 16 
total_req = 16 

Dual Bus Interface Util: 
issued_total_row = 4 
issued_total_col = 16 
Row_Bus_Util =  0.000171 
CoL_Bus_Util = 0.000686 
Either_Row_CoL_Bus_Util = 0.000857 
Issued_on_Two_Bus_Simul_Util = 0.000000 
issued_two_Eff = 0.000000 
queue_avg = 0.015556 


dram_util_bins: 0 0 0 0 0 0 0 0 0 0
dram_eff_bins: 0 0 0 0 0 0 0 0 0 0
mrqq: max=6 avg=0.015556
Memory Partition 10: 
Memory Sub Parition 20: pending memory requests:
  mf: uid= 20915, sid13:w02, part=10, addr=0x7cb92665cd20, load , size=32, GLOBAL_R status = IN_PARTITION_ROP_DELAY (9970), 0x0800 w02[11111111111111111111111111111111]: <no instruction at address 0x800>
  mf: uid= 20913, sid13:w02, part=10, addr=0x7cb92665cd60, load , size=32, GLOBAL_R status = IN_PARTITION_ROP_DELAY (9968), 0x0800 w02[11111111111111111111111111111111]: <no instruction at address 0x800>
  mf: uid= 21112, sid27:w02, part=10, addr=0x7cb9265ec680, load , size=32, GLOBAL_R status = IN_PARTITION_ROP_DELAY (9983), 0x0800 w02[11111111111111111111111111111111]: <no instruction at address 0x800>
  mf: uid= 21109, sid27:w02, part=10, addr=0x7cb9265ec6e0, load , size=32, GLOBAL_R status = IN_PARTITION_ROP_DELAY (9980), 0x0800 w02[11111111111111111111111111111111]: <no instruction at address 0x800>
  mf: uid= 21110, sid27:w02, part=10, addr=0x7cb9265ec6c0, load , size=32, GLOBAL_R status = IN_PARTITION_ROP_DELAY (9981), 0x0800 w02[11111111111111111111111111111111]: <no instruction at address 0x800>
  mf: uid= 21111, sid27:w02, part=10, addr=0x7cb9265ec6a0, load , size=32, GLOBAL_R status = IN_PARTITION_ROP_DELAY (9982), 0x0800 w02[11111111111111111111111111111111]: <no instruction at address 0x800>
  mf: uid= 20914, sid13:w02, part=10, addr=0x7cb92665cd40, load , size=32, GLOBAL_R status = IN_PARTITION_ROP_DELAY (9969), 0x0800 w02[11111111111111111111111111111111]: <no instruction at address 0x800>
  mf: uid= 20916, sid13:w02, part=10, addr=0x7cb92665cd00, load , size=32, GLOBAL_R status = IN_PARTITION_ROP_DELAY (9971), 0x0800 w02[11111111111111111111111111111111]: <no instruction at address 0x800>
Cache L2_bank_020:
MSHR contents

Memory Sub Parition 21: pending memory requests:
  mf: uid= 20978, sid29:w02, part=10, addr=0x7cb92665cdc0, load , size=32, GLOBAL_R status = IN_PARTITION_ROP_DELAY (9969), 0x0800 w02[11111111111111111111111111111111]: <no instruction at address 0x800>
  mf: uid= 20979, sid29:w02, part=10, addr=0x7cb92665cda0, load , size=32, GLOBAL_R status = IN_PARTITION_ROP_DELAY (9970), 0x0800 w02[11111111111111111111111111111111]: <no instruction at address 0x800>
  mf: uid= 21046, sid11:w02, part=10, addr=0x7cb9265ec640, load , size=32, GLOBAL_R status = IN_PARTITION_ROP_DELAY (9981), 0x0800 w02[11111111111111111111111111111111]: <no instruction at address 0x800>
  mf: uid= 21047, sid11:w02, part=10, addr=0x7cb9265ec620, load , size=32, GLOBAL_R status = IN_PARTITION_ROP_DELAY (9982), 0x0800 w02[11111111111111111111111111111111]: <no instruction at address 0x800>
  mf: uid= 20977, sid29:w02, part=10, addr=0x7cb92665cde0, load , size=32, GLOBAL_R status = IN_PARTITION_ROP_DELAY (9968), 0x0800 w02[11111111111111111111111111111111]: <no instruction at address 0x800>
  mf: uid= 21048, sid11:w02, part=10, addr=0x7cb9265ec600, load , size=32, GLOBAL_R status = IN_PARTITION_ROP_DELAY (9983), 0x0800 w02[11111111111111111111111111111111]: <no instruction at address 0x800>
  mf: uid= 20980, sid29:w02, part=10, addr=0x7cb92665cd80, load , size=32, GLOBAL_R status = IN_PARTITION_ROP_DELAY (9971), 0x0800 w02[11111111111111111111111111111111]: <no instruction at address 0x800>
  mf: uid= 21045, sid11:w02, part=10, addr=0x7cb9265ec660, load , size=32, GLOBAL_R status = IN_PARTITION_ROP_DELAY (9980), 0x0800 w02[11111111111111111111111111111111]: <no instruction at address 0x800>
Cache L2_bank_021:
MSHR contents

In Dram Latency Queue (total = 0): 
DRAM[10]: 16 bks, busW=2 BL=16 CL=24, tRRD=12 tCCD=4, tRCD=24 tRAS=55 tRP=24 tRC=78
n_cmd=23335 n_nop=23284 n_act=9 n_pre=1 n_ref_event=0 n_req=41 n_rd=41 n_rd_L2_A=0 n_write=0 n_wr_bk=0 bw_util=0.007028
n_activity=285 dram_eff=0.5754
bk0: 4a 23277i bk1: 4a 23289i bk2: 4a 23295i bk3: 5a 23217i bk4: 0a 23331i bk5: 0a 23334i bk6: 0a 23334i bk7: 0a 23335i bk8: 0a 23335i bk9: 0a 23337i bk10: 8a 23260i bk11: 8a 23236i bk12: 4a 23227i bk13: 4a 23224i bk14: 0a 23333i bk15: 0a 23335i 

------------------------------------------------------------------------

Row_Buffer_Locality = 0.780488
Row_Buffer_Locality_read = 0.780488
Row_Buffer_Locality_write = -nan
Bank_Level_Parallism = 3.303318
Bank_Level_Parallism_Col = 2.850961
Bank_Level_Parallism_Ready = 1.634146
write_to_read_ratio_blp_rw_average = 0.000000
GrpLevelPara = 2.725961 

BW Util details:
bwutil = 0.007028 
total_CMD = 23335 
util_bw = 164 
Wasted_Col = 52 
Wasted_Row = 1 
Idle = 23118 

BW Util Bottlenecks: 
RCDc_limit = 67 
RCDWRc_limit = 0 
WTRc_limit = 0 
RTWc_limit = 0 
CCDLc_limit = 4 
rwq = 0 
CCDLc_limit_alone = 4 
WTRc_limit_alone = 0 
RTWc_limit_alone = 0 

Commands details: 
total_CMD = 23335 
n_nop = 23284 
Read = 41 
Write = 0 
L2_Alloc = 0 
L2_WB = 0 
n_act = 9 
n_pre = 1 
n_ref = 0 
n_req = 41 
total_req = 41 

Dual Bus Interface Util: 
issued_total_row = 10 
issued_total_col = 41 
Row_Bus_Util =  0.000429 
CoL_Bus_Util = 0.001757 
Either_Row_CoL_Bus_Util = 0.002186 
Issued_on_Two_Bus_Simul_Util = 0.000000 
issued_two_Eff = 0.000000 
queue_avg = 0.071138 


dram_util_bins: 0 0 0 0 0 0 0 0 0 0
dram_eff_bins: 0 0 0 0 0 0 0 0 0 0
mrqq: max=19 avg=0.0711378
Memory Partition 11: 
Memory Sub Parition 22: pending memory requests:
  mf: uid= 21255, sid28:w02, part=11, addr=0x7cb926623fa0, load , size=32, GLOBAL_R status = IN_PARTITION_ROP_DELAY (9992), 0x0800 w02[11111111111111111111111111111111]: <no instruction at address 0x800>
  mf: uid= 21256, sid28:w02, part=11, addr=0x7cb926623f80, load , size=32, GLOBAL_R status = IN_PARTITION_ROP_DELAY (9993), 0x0800 w02[11111111111111111111111111111111]: <no instruction at address 0x800>
  mf: uid= 21257, sid29:w02, part=11, addr=0x7cb92665bfe0, load , size=32, GLOBAL_R status = IN_PARTITION_ROP_DELAY (9997), 0x0800 w02[11111111111111111111111111111111]: <no instruction at address 0x800>
  mf: uid= 21258, sid29:w02, part=11, addr=0x7cb92665bfc0, load , size=32, GLOBAL_R status = IN_PARTITION_ROP_DELAY (9998), 0x0800 w02[11111111111111111111111111111111]: <no instruction at address 0x800>
  mf: uid= 21259, sid29:w02, part=11, addr=0x7cb92665bfa0, load , size=32, GLOBAL_R status = IN_PARTITION_ROP_DELAY (9999), 0x0800 w02[11111111111111111111111111111111]: <no instruction at address 0x800>
  mf: uid= 21253, sid28:w02, part=11, addr=0x7cb926623fe0, load , size=32, GLOBAL_R status = IN_PARTITION_ROP_DELAY (9990), 0x0800 w02[11111111111111111111111111111111]: <no instruction at address 0x800>
  mf: uid= 21254, sid28:w02, part=11, addr=0x7cb926623fc0, load , size=32, GLOBAL_R status = IN_PARTITION_ROP_DELAY (9991), 0x0800 w02[11111111111111111111111111111111]: <no instruction at address 0x800>
Cache L2_bank_022:
MSHR contents

Memory Sub Parition 23: pending memory requests:
  mf: uid= 21189, sid12:w02, part=11, addr=0x7cb926623f60, load , size=32, GLOBAL_R status = IN_PARTITION_ROP_DELAY (9990), 0x0800 w02[11111111111111111111111111111111]: <no instruction at address 0x800>
  mf: uid= 21190, sid12:w02, part=11, addr=0x7cb926623f40, load , size=32, GLOBAL_R status = IN_PARTITION_ROP_DELAY (9991), 0x0800 w02[11111111111111111111111111111111]: <no instruction at address 0x800>
  mf: uid= 21191, sid12:w02, part=11, addr=0x7cb926623f20, load , size=32, GLOBAL_R status = IN_PARTITION_ROP_DELAY (9992), 0x0800 w02[11111111111111111111111111111111]: <no instruction at address 0x800>
  mf: uid= 21192, sid12:w02, part=11, addr=0x7cb926623f00, load , size=32, GLOBAL_R status = IN_PARTITION_ROP_DELAY (9993), 0x0800 w02[11111111111111111111111111111111]: <no instruction at address 0x800>
  mf: uid= 21193, sid13:w02, part=11, addr=0x7cb92665bf60, load , size=32, GLOBAL_R status = IN_PARTITION_ROP_DELAY (9994), 0x0800 w02[11111111111111111111111111111111]: <no instruction at address 0x800>
  mf: uid= 21194, sid13:w02, part=11, addr=0x7cb92665bf40, load , size=32, GLOBAL_R status = IN_PARTITION_ROP_DELAY (9995), 0x0800 w02[11111111111111111111111111111111]: <no instruction at address 0x800>
  mf: uid= 21195, sid13:w02, part=11, addr=0x7cb92665bf20, load , size=32, GLOBAL_R status = IN_PARTITION_ROP_DELAY (9996), 0x0800 w02[11111111111111111111111111111111]: <no instruction at address 0x800>
  mf: uid= 21196, sid13:w02, part=11, addr=0x7cb92665bf00, load , size=32, GLOBAL_R status = IN_PARTITION_ROP_DELAY (9997), 0x0800 w02[11111111111111111111111111111111]: <no instruction at address 0x800>
Cache L2_bank_023:
MSHR contents

In Dram Latency Queue (total = 0): 
DRAM[11]: 16 bks, busW=2 BL=16 CL=24, tRRD=12 tCCD=4, tRCD=24 tRAS=55 tRP=24 tRC=78
n_cmd=23335 n_nop=23285 n_act=10 n_pre=2 n_ref_event=0 n_req=38 n_rd=38 n_rd_L2_A=0 n_write=0 n_wr_bk=0 bw_util=0.006514
n_activity=273 dram_eff=0.5568
bk0: 0a 23334i bk1: 0a 23336i bk2: 0a 23337i bk3: 0a 23340i bk4: 8a 23184i bk5: 4a 23249i bk6: 4a 23221i bk7: 4a 23201i bk8: 4a 23200i bk9: 6a 23185i bk10: 0a 23331i bk11: 0a 23334i bk12: 0a 23335i bk13: 0a 23335i bk14: 4a 23281i bk15: 4a 23270i 

------------------------------------------------------------------------

Row_Buffer_Locality = 0.736842
Row_Buffer_Locality_read = 0.736842
Row_Buffer_Locality_write = -nan
Bank_Level_Parallism = 4.521951
Bank_Level_Parallism_Col = 3.354680
Bank_Level_Parallism_Ready = 2.200000
write_to_read_ratio_blp_rw_average = 0.000000
GrpLevelPara = 2.788177 

BW Util details:
bwutil = 0.006514 
total_CMD = 23335 
util_bw = 152 
Wasted_Col = 59 
Wasted_Row = 0 
Idle = 23124 

BW Util Bottlenecks: 
RCDc_limit = 70 
RCDWRc_limit = 0 
WTRc_limit = 0 
RTWc_limit = 0 
CCDLc_limit = 10 
rwq = 0 
CCDLc_limit_alone = 10 
WTRc_limit_alone = 0 
RTWc_limit_alone = 0 

Commands details: 
total_CMD = 23335 
n_nop = 23285 
Read = 38 
Write = 0 
L2_Alloc = 0 
L2_WB = 0 
n_act = 10 
n_pre = 2 
n_ref = 0 
n_req = 38 
total_req = 38 

Dual Bus Interface Util: 
issued_total_row = 12 
issued_total_col = 38 
Row_Bus_Util =  0.000514 
CoL_Bus_Util = 0.001628 
Either_Row_CoL_Bus_Util = 0.002143 
Issued_on_Two_Bus_Simul_Util = 0.000000 
issued_two_Eff = 0.000000 
queue_avg = 0.077052 


dram_util_bins: 0 0 0 0 0 0 0 0 0 0
dram_eff_bins: 0 0 0 0 0 0 0 0 0 0
mrqq: max=21 avg=0.0770516

========= L2 cache stats =========
L2_cache_bank[0]: Access = 177, Miss = 161, Miss_rate = 0.910, Pending_hits = 4, Reservation_fails = 273
L2_cache_bank[1]: Access = 156, Miss = 156, Miss_rate = 1.000, Pending_hits = 0, Reservation_fails = 0
L2_cache_bank[2]: Access = 168, Miss = 168, Miss_rate = 1.000, Pending_hits = 0, Reservation_fails = 0
L2_cache_bank[3]: Access = 176, Miss = 176, Miss_rate = 1.000, Pending_hits = 0, Reservation_fails = 0
L2_cache_bank[4]: Access = 164, Miss = 164, Miss_rate = 1.000, Pending_hits = 0, Reservation_fails = 0
L2_cache_bank[5]: Access = 168, Miss = 168, Miss_rate = 1.000, Pending_hits = 0, Reservation_fails = 0
L2_cache_bank[6]: Access = 160, Miss = 160, Miss_rate = 1.000, Pending_hits = 0, Reservation_fails = 0
L2_cache_bank[7]: Access = 167, Miss = 166, Miss_rate = 0.994, Pending_hits = 0, Reservation_fails = 0
L2_cache_bank[8]: Access = 72, Miss = 72, Miss_rate = 1.000, Pending_hits = 0, Reservation_fails = 0
L2_cache_bank[9]: Access = 81, Miss = 81, Miss_rate = 1.000, Pending_hits = 0, Reservation_fails = 0
L2_cache_bank[10]: Access = 60, Miss = 60, Miss_rate = 1.000, Pending_hits = 0, Reservation_fails = 0
L2_cache_bank[11]: Access = 64, Miss = 64, Miss_rate = 1.000, Pending_hits = 0, Reservation_fails = 0
L2_cache_bank[12]: Access = 72, Miss = 72, Miss_rate = 1.000, Pending_hits = 0, Reservation_fails = 0
L2_cache_bank[13]: Access = 89, Miss = 74, Miss_rate = 0.831, Pending_hits = 3, Reservation_fails = 263
L2_cache_bank[14]: Access = 72, Miss = 72, Miss_rate = 1.000, Pending_hits = 0, Reservation_fails = 0
L2_cache_bank[15]: Access = 73, Miss = 73, Miss_rate = 1.000, Pending_hits = 0, Reservation_fails = 0
L2_cache_bank[16]: Access = 84, Miss = 84, Miss_rate = 1.000, Pending_hits = 0, Reservation_fails = 0
L2_cache_bank[17]: Access = 84, Miss = 84, Miss_rate = 1.000, Pending_hits = 0, Reservation_fails = 0
L2_cache_bank[18]: Access = 80, Miss = 80, Miss_rate = 1.000, Pending_hits = 0, Reservation_fails = 0
L2_cache_bank[19]: Access = 72, Miss = 72, Miss_rate = 1.000, Pending_hits = 0, Reservation_fails = 0
L2_cache_bank[20]: Access = 96, Miss = 81, Miss_rate = 0.844, Pending_hits = 3, Reservation_fails = 273
L2_cache_bank[21]: Access = 80, Miss = 80, Miss_rate = 1.000, Pending_hits = 0, Reservation_fails = 0
L2_cache_bank[22]: Access = 91, Miss = 90, Miss_rate = 0.989, Pending_hits = 1, Reservation_fails = 0
L2_cache_bank[23]: Access = 84, Miss = 84, Miss_rate = 1.000, Pending_hits = 0, Reservation_fails = 0
L2_total_cache_accesses = 2590
L2_total_cache_misses = 2542
L2_total_cache_miss_rate = 0.9815
L2_total_cache_pending_hits = 11
L2_total_cache_reservation_fails = 809
L2_total_cache_breakdown:
	L2_cache_stats_breakdown[GLOBAL_ACC_R][HIT] = 0
	L2_cache_stats_breakdown[GLOBAL_ACC_R][HIT_RESERVED] = 0
	L2_cache_stats_breakdown[GLOBAL_ACC_R][MISS] = 140
	L2_cache_stats_breakdown[GLOBAL_ACC_R][RESERVATION_FAIL] = 0
	L2_cache_stats_breakdown[GLOBAL_ACC_R][SECTOR_MISS] = 420
	L2_cache_stats_breakdown[GLOBAL_ACC_R][MSHR_HIT] = 0
	L2_cache_stats_breakdown[LOCAL_ACC_R][HIT] = 0
	L2_cache_stats_breakdown[LOCAL_ACC_R][HIT_RESERVED] = 0
	L2_cache_stats_breakdown[LOCAL_ACC_R][MISS] = 0
	L2_cache_stats_breakdown[LOCAL_ACC_R][RESERVATION_FAIL] = 0
	L2_cache_stats_breakdown[LOCAL_ACC_R][SECTOR_MISS] = 0
	L2_cache_stats_breakdown[LOCAL_ACC_R][MSHR_HIT] = 0
	L2_cache_stats_breakdown[CONST_ACC_R][HIT] = 0
	L2_cache_stats_breakdown[CONST_ACC_R][HIT_RESERVED] = 0
	L2_cache_stats_breakdown[CONST_ACC_R][MISS] = 0
	L2_cache_stats_breakdown[CONST_ACC_R][RESERVATION_FAIL] = 0
	L2_cache_stats_breakdown[CONST_ACC_R][SECTOR_MISS] = 0
	L2_cache_stats_breakdown[CONST_ACC_R][MSHR_HIT] = 0
	L2_cache_stats_breakdown[TEXTURE_ACC_R][HIT] = 0
	L2_cache_stats_breakdown[TEXTURE_ACC_R][HIT_RESERVED] = 0
	L2_cache_stats_breakdown[TEXTURE_ACC_R][MISS] = 0
	L2_cache_stats_breakdown[TEXTURE_ACC_R][RESERVATION_FAIL] = 0
	L2_cache_stats_breakdown[TEXTURE_ACC_R][SECTOR_MISS] = 0
	L2_cache_stats_breakdown[TEXTURE_ACC_R][MSHR_HIT] = 0
	L2_cache_stats_breakdown[GLOBAL_ACC_W][HIT] = 0
	L2_cache_stats_breakdown[GLOBAL_ACC_W][HIT_RESERVED] = 0
	L2_cache_stats_breakdown[GLOBAL_ACC_W][MISS] = 0
	L2_cache_stats_breakdown[GLOBAL_ACC_W][RESERVATION_FAIL] = 0
	L2_cache_stats_breakdown[GLOBAL_ACC_W][SECTOR_MISS] = 0
	L2_cache_stats_breakdown[GLOBAL_ACC_W][MSHR_HIT] = 0
	L2_cache_stats_breakdown[LOCAL_ACC_W][HIT] = 0
	L2_cache_stats_breakdown[LOCAL_ACC_W][HIT_RESERVED] = 0
	L2_cache_stats_breakdown[LOCAL_ACC_W][MISS] = 490
	L2_cache_stats_breakdown[LOCAL_ACC_W][RESERVATION_FAIL] = 0
	L2_cache_stats_breakdown[LOCAL_ACC_W][SECTOR_MISS] = 1470
	L2_cache_stats_breakdown[LOCAL_ACC_W][MSHR_HIT] = 0
	L2_cache_stats_breakdown[L1_WRBK_ACC][HIT] = 0
	L2_cache_stats_breakdown[L1_WRBK_ACC][HIT_RESERVED] = 0
	L2_cache_stats_breakdown[L1_WRBK_ACC][MISS] = 0
	L2_cache_stats_breakdown[L1_WRBK_ACC][RESERVATION_FAIL] = 0
	L2_cache_stats_breakdown[L1_WRBK_ACC][SECTOR_MISS] = 0
	L2_cache_stats_breakdown[L1_WRBK_ACC][MSHR_HIT] = 0
	L2_cache_stats_breakdown[L2_WRBK_ACC][HIT] = 0
	L2_cache_stats_breakdown[L2_WRBK_ACC][HIT_RESERVED] = 0
	L2_cache_stats_breakdown[L2_WRBK_ACC][MISS] = 0
	L2_cache_stats_breakdown[L2_WRBK_ACC][RESERVATION_FAIL] = 0
	L2_cache_stats_breakdown[L2_WRBK_ACC][SECTOR_MISS] = 0
	L2_cache_stats_breakdown[L2_WRBK_ACC][MSHR_HIT] = 0
	L2_cache_stats_breakdown[INST_ACC_R][HIT] = 0
	L2_cache_stats_breakdown[INST_ACC_R][HIT_RESERVED] = 0
	L2_cache_stats_breakdown[INST_ACC_R][MISS] = 0
	L2_cache_stats_breakdown[INST_ACC_R][RESERVATION_FAIL] = 0
	L2_cache_stats_breakdown[INST_ACC_R][SECTOR_MISS] = 0
	L2_cache_stats_breakdown[INST_ACC_R][MSHR_HIT] = 0
	L2_cache_stats_breakdown[L1_WR_ALLOC_R][HIT] = 0
	L2_cache_stats_breakdown[L1_WR_ALLOC_R][HIT_RESERVED] = 0
	L2_cache_stats_breakdown[L1_WR_ALLOC_R][MISS] = 0
	L2_cache_stats_breakdown[L1_WR_ALLOC_R][RESERVATION_FAIL] = 0
	L2_cache_stats_breakdown[L1_WR_ALLOC_R][SECTOR_MISS] = 0
	L2_cache_stats_breakdown[L1_WR_ALLOC_R][MSHR_HIT] = 0
	L2_cache_stats_breakdown[L2_WR_ALLOC_R][HIT] = 0
	L2_cache_stats_breakdown[L2_WR_ALLOC_R][HIT_RESERVED] = 0
	L2_cache_stats_breakdown[L2_WR_ALLOC_R][MISS] = 0
	L2_cache_stats_breakdown[L2_WR_ALLOC_R][RESERVATION_FAIL] = 0
	L2_cache_stats_breakdown[L2_WR_ALLOC_R][SECTOR_MISS] = 0
	L2_cache_stats_breakdown[L2_WR_ALLOC_R][MSHR_HIT] = 0
	L2_cache_stats_breakdown[PTE_ACC_R][HIT] = 37
	L2_cache_stats_breakdown[PTE_ACC_R][HIT_RESERVED] = 11
	L2_cache_stats_breakdown[PTE_ACC_R][MISS] = 10
	L2_cache_stats_breakdown[PTE_ACC_R][RESERVATION_FAIL] = 809
	L2_cache_stats_breakdown[PTE_ACC_R][SECTOR_MISS] = 12
	L2_cache_stats_breakdown[PTE_ACC_R][MSHR_HIT] = 11
	L2_cache_stats_breakdown[GLOBAL_ACC_R][TOTAL_ACCESS] = 560
	L2_cache_stats_breakdown[LOCAL_ACC_W][TOTAL_ACCESS] = 1960
	L2_cache_stats_breakdown[PTE_ACC_R][TOTAL_ACCESS] = 70
L2_total_cache_reservation_fail_breakdown:
	L2_cache_stats_fail_breakdown[PTE_ACC_R][MSHR_MERGE_ENRTY_FAIL] = 809
L2_cache_data_port_util = 0.000
L2_cache_fill_port_util = 0.002

icnt_total_pkts_mem_to_simt=2585
icnt_total_pkts_simt_to_mem=3220
LD_mem_lat_dist  0 0 0 0 0 0 0 0 0 0 0 0 0 0 0 0 0 0 0 0 0 0 0 0 0 0 0
ST_mem_lat_dist  0 0 0 0 0 0 0 0 0 0 0 0 0 0 0 0 0 0 0 0 0 0 0 0 0 0 0
vm_translation_page_size_bytes = 65536
vm_translation_virtual_address_bits = 49
vm_fair_arm_id = 1
vm_fair_arm_name = F0
vm_fair_arm_charged_bits = 66000
vm_fair_l2_entries_realized = 768
vm_fair_l2_sets_realized = 48
vm_fair_l2_associativity_realized = 16
vm_translation_lookup_requests = 930
vm_translation_pending_waiter_bypasses = 144303
vm_translation_lookup_inflight_bypasses = 19722
vm_l1_tlb_lookup_latency_cycles = 10
vm_l1_tlb_lookup_launches = 930
vm_l1_tlb_lookup_completions = 930
vm_l1_tlb_lookup_service_cycles = 9300
vm_l2_tlb_lookup_latency_cycles = 80
vm_l2_tlb_lookup_launches = 125
vm_l2_tlb_lookup_completions = 125
vm_l2_tlb_lookup_service_cycles = 10000
vm_weight_segmentation_enabled = 0
vm_weight_segment_entries_configured = 0
vm_weight_segment_descriptors_loaded = 1
vm_weight_segment_registration_schema = HISTORICAL_UNFAIR_SPECULATIVE_V1
vm_weight_segment_registration_status = ACCEPTED_HISTORICAL_V1
vm_weight_segment_lifecycle_state = INACTIVE
vm_weight_segment_lifecycle_active_asid = 0
vm_weight_segment_lifecycle_active_epoch = 0
vm_weight_segment_provisioned_asid = 0
vm_weight_segment_active_epoch = 0
vm_weight_segment_local_table_entries = 0
vm_weight_segment_local_table_replicas = 0
vm_weight_segment_local_accepts_per_cycle = 1
vm_weight_segment_lookup_latency_cycles = 0
vm_weight_segment_lookup_attempts = 0
vm_weight_segment_lookup_accepts = 0
vm_weight_segment_port_denials = 0
vm_weight_segment_lookup_launches = 0
vm_weight_segment_lookup_completions = 0
vm_weight_segment_hits = 0
vm_weight_segment_misses = 0
vm_weight_segment_raw_l1_completions = 0
vm_weight_segment_raw_l1_hits = 0
vm_weight_segment_raw_l1_misses = 0
vm_weight_segment_effective_l1_hits = 0
vm_weight_segment_effective_l1_misses = 0
vm_weight_segment_l2_suppressed = 0
vm_weight_segment_mshr_suppressed = 0
vm_weight_segment_pwq_suppressed = 0
vm_weight_segment_walker_suppressed = 0
vm_weight_segment_pwc_suppressed = 0
vm_weight_segment_pte_suppressed = 0
vm_weight_segment_l1_fills_suppressed = 0
vm_weight_segment_fallback_no_descriptor = 0
vm_weight_segment_fallback_asid = 0
vm_weight_segment_fallback_epoch = 0
vm_weight_segment_fallback_rights = 0
vm_weight_segment_fallback_boundary = 0
vm_weight_segment_l1_first_owners = 0
vm_weight_segment_first_owners = 0
vm_weight_segment_both_miss = 0
vm_weight_segment_miss_join_wait_cycles = 0
vm_weight_segment_late_result_discards = 0
vm_weight_segment_mapping_mismatch_faults = 0
vm_weight_segment_install_attempts = 0
vm_weight_segment_install_acks = 0
vm_weight_segment_install_rejections = 0
vm_weight_segment_revoke_attempts = 0
vm_weight_segment_revoke_acks = 0
vm_weight_segment_install_replica_acks = 0
vm_weight_segment_revoke_replica_acks = 0
vm_weight_segment_epoch_wrap_quiesces = 0
vm_translation_generation_advances = 0
vm_translation_generation_wrap_quiesces = 0
vm_translation_stale_fills_discarded = 0
vm_translation_stale_ready_discards = 0
vm_translation_stale_waiters_discarded = 0
vm_translation_requester_completions = 930
vm_translation_requester_latency_cycles_total = 164955
vm_translation_requester_latency_cycles_max = 1975
vm_translation_requester_l1_queue_cycles_total = 0
vm_translation_requester_l1_queue_cycles_max = 0
vm_translation_requester_l1_service_cycles_total = 9300
vm_translation_requester_l1_service_cycles_max = 10
vm_translation_requester_l2_queue_cycles_total = 1352
vm_translation_requester_l2_queue_cycles_max = 34
vm_translation_requester_l2_service_cycles_total = 10000
vm_translation_requester_l2_service_cycles_max = 80
vm_translation_requester_mshr_wait_cycles_total = 144303
vm_translation_requester_mshr_wait_cycles_max = 1882
vm_functional_mapper_lookups = 19
vm_functional_completed = 805
vm_translation_mshr_allocations = 19
vm_translation_mshr_merges = 106
vm_translation_mshr_full_events = 0
vm_translation_mshr_active = 0
vm_translation_mshr_occupancy_high_watermark = 16
vm_translation_mshr_entries_completed = 19
vm_translation_mshr_waiter_depth_total = 125
vm_translation_mshr_waiter_depth_max = 35
vm_translation_mshr_lifetime_cycles_total = 32208
vm_translation_mshr_lifetime_cycles_max = 1882
vm_translation_pwq_occupancy = 0
vm_translation_pwq_full_events = 0
vm_translation_walkers_active = 0
vm_translation_walk_starts = 19
vm_translation_walk_completions = 19
vm_pte_requests = 70
vm_pte_responses = 70
vm_pte_l2_only_responses = 48
vm_pte_dram_responses = 22
vm_pte_response_misassociations = 0
vm_pte_memory_wait_cycles_total = 32100
vm_pte_memory_wait_cycles_max = 476
vm_pwc_mode = 1
vm_pwc_entries_configured = 128
vm_pwc_lookup_latency_cycles = 1
vm_pwc_physical_f5_enabled = 0
vm_pwc_physical_f5_entries_total = 0
vm_pwc_physical_f5_entries_per_nonleaf_level = 0
vm_pwc_physical_f5_sets_per_level = 0
vm_pwc_physical_f5_ways = 0
vm_pwc_physical_f5_prefix_bits_l0_l1_l2 = NA
vm_pwc_physical_f5_payload_bits = 0
vm_pwc_physical_f5_attributes_bits = 0
vm_pwc_physical_f5_array_bits = 0
vm_pwc_physical_f5_plru_bits = 0
vm_pwc_physical_f5_charged_bits = 0
vm_pwc_port_accepts = 0
vm_pwc_port_denials = 0
vm_pwc_queue_wait_cycles_total = 0
vm_pwc_queue_wait_cycles_max = 0
vm_pwc_queue_high_watermark = 0
vm_pwc_physical_payload_validations = 0
vm_pwc_accesses = 57
vm_pwc_hits = 6
vm_pwc_misses = 51
vm_pwc_inserts = 6
vm_pwc_evictions = 0
vm_pwc_occupancy = 6
vm_pwc_occupancy_high_watermark = 6
vm_pwc_service_cycles = 57
vm_pwc_level_0_occupancy = 0
vm_pwc_level_0_accesses = 19
vm_pwc_level_0_hits = 2
vm_pwc_level_0_misses = 17
vm_pwc_level_0_pte_requests_skipped = 2
vm_pwc_level_1_occupancy = 0
vm_pwc_level_1_accesses = 19
vm_pwc_level_1_hits = 2
vm_pwc_level_1_misses = 17
vm_pwc_level_1_pte_requests_skipped = 2
vm_pwc_level_2_occupancy = 0
vm_pwc_level_2_accesses = 19
vm_pwc_level_2_hits = 2
vm_pwc_level_2_misses = 17
vm_pwc_level_2_pte_requests_skipped = 2
vm_pwc_level_3_occupancy = 0
vm_pwc_level_3_accesses = 0
vm_pwc_level_3_hits = 0
vm_pwc_level_3_misses = 0
vm_pwc_level_3_pte_requests_skipped = 0
vm_translation_waiter_registrations = 125
vm_translation_waiter_wakeups = 125
vm_l1_tlb_accesses = 930
vm_l1_tlb_hits = 805
vm_l1_tlb_misses = 125
vm_l1_tlb_evictions = 0
vm_l1_tlb_port_stalls = 0
vm_l1_tlb_occupancy = 125
vm_l2_tlb_mode = 0
vm_l2_tlb_accesses = 125
vm_l2_tlb_hits = 0
vm_l2_tlb_misses = 125
vm_l2_tlb_evictions = 0
vm_l2_tlb_port_stalls = 5828
vm_l2_tlb_occupancy = 19
vm_object_attribution_enabled = 1
vm_object_UNKNOWN_translation_requesters = 0
vm_object_UNKNOWN_unique_translation_keys = 0
vm_object_UNKNOWN_l1_lookup_launches = 0
vm_object_UNKNOWN_l1_hits = 0
vm_object_UNKNOWN_l1_misses = 0
vm_object_UNKNOWN_l2_lookup_launches = 0
vm_object_UNKNOWN_l2_hits = 0
vm_object_UNKNOWN_l2_misses = 0
vm_object_UNKNOWN_mshr_allocations = 0
vm_object_UNKNOWN_mshr_merges = 0
vm_object_UNKNOWN_walk_starts = 0
vm_object_UNKNOWN_completed = 0
vm_object_UNKNOWN_requester_latency_cycles_total = 0
vm_object_UNKNOWN_requester_latency_cycles_max = 0
vm_object_UNKNOWN_requester_mshr_wait_cycles_total = 0
vm_object_UNKNOWN_requester_mshr_wait_cycles_max = 0
vm_object_UNKNOWN_pwc_accesses = 0
vm_object_UNKNOWN_pwc_hits = 0
vm_object_UNKNOWN_pwc_misses = 0
vm_object_UNKNOWN_pte_requests = 0
vm_object_UNKNOWN_pte_l2_only_responses = 0
vm_object_UNKNOWN_pte_dram_responses = 0
vm_object_UNKNOWN_pte_memory_wait_cycles_total = 0
vm_object_UNKNOWN_pte_memory_wait_cycles_max = 0
vm_object_UNKNOWN_l2_fills = 0
vm_l2_tlb_replacement_incoming_UNKNOWN_victim_UNKNOWN = 0
vm_l2_tlb_replacement_incoming_UNKNOWN_victim_WEIGHT = 0
vm_l2_tlb_replacement_incoming_UNKNOWN_victim_KV_CACHE = 0
vm_object_WEIGHT_translation_requesters = 0
vm_object_WEIGHT_unique_translation_keys = 0
vm_object_WEIGHT_l1_lookup_launches = 0
vm_object_WEIGHT_l1_hits = 0
vm_object_WEIGHT_l1_misses = 0
vm_object_WEIGHT_l2_lookup_launches = 0
vm_object_WEIGHT_l2_hits = 0
vm_object_WEIGHT_l2_misses = 0
vm_object_WEIGHT_mshr_allocations = 0
vm_object_WEIGHT_mshr_merges = 0
vm_object_WEIGHT_walk_starts = 0
vm_object_WEIGHT_completed = 0
vm_object_WEIGHT_requester_latency_cycles_total = 0
vm_object_WEIGHT_requester_latency_cycles_max = 0
vm_object_WEIGHT_requester_mshr_wait_cycles_total = 0
vm_object_WEIGHT_requester_mshr_wait_cycles_max = 0
vm_object_WEIGHT_pwc_accesses = 0
vm_object_WEIGHT_pwc_hits = 0
vm_object_WEIGHT_pwc_misses = 0
vm_object_WEIGHT_pte_requests = 0
vm_object_WEIGHT_pte_l2_only_responses = 0
vm_object_WEIGHT_pte_dram_responses = 0
vm_object_WEIGHT_pte_memory_wait_cycles_total = 0
vm_object_WEIGHT_pte_memory_wait_cycles_max = 0
vm_object_WEIGHT_l2_fills = 0
vm_l2_tlb_replacement_incoming_WEIGHT_victim_UNKNOWN = 0
vm_l2_tlb_replacement_incoming_WEIGHT_victim_WEIGHT = 0
vm_l2_tlb_replacement_incoming_WEIGHT_victim_KV_CACHE = 0
vm_object_KV_CACHE_translation_requesters = 930
vm_object_KV_CACHE_unique_translation_keys = 19
vm_object_KV_CACHE_l1_lookup_launches = 930
vm_object_KV_CACHE_l1_hits = 805
vm_object_KV_CACHE_l1_misses = 125
vm_object_KV_CACHE_l2_lookup_launches = 125
vm_object_KV_CACHE_l2_hits = 0
vm_object_KV_CACHE_l2_misses = 125
vm_object_KV_CACHE_mshr_allocations = 19
vm_object_KV_CACHE_mshr_merges = 106
vm_object_KV_CACHE_walk_starts = 19
vm_object_KV_CACHE_completed = 930
vm_object_KV_CACHE_requester_latency_cycles_total = 164955
vm_object_KV_CACHE_requester_latency_cycles_max = 1975
vm_object_KV_CACHE_requester_mshr_wait_cycles_total = 144303
vm_object_KV_CACHE_requester_mshr_wait_cycles_max = 1882
vm_object_KV_CACHE_pwc_accesses = 57
vm_object_KV_CACHE_pwc_hits = 6
vm_object_KV_CACHE_pwc_misses = 51
vm_object_KV_CACHE_pte_requests = 70
vm_object_KV_CACHE_pte_l2_only_responses = 48
vm_object_KV_CACHE_pte_dram_responses = 22
vm_object_KV_CACHE_pte_memory_wait_cycles_total = 32100
vm_object_KV_CACHE_pte_memory_wait_cycles_max = 476
vm_object_KV_CACHE_l2_fills = 19
vm_l2_tlb_replacement_incoming_KV_CACHE_victim_UNKNOWN = 0
vm_l2_tlb_replacement_incoming_KV_CACHE_victim_WEIGHT = 0
vm_l2_tlb_replacement_incoming_KV_CACHE_victim_KV_CACHE = 0
vm_object_attribution_conservation_pass = 1
m4c_telemetry_schema = M4C_MEMORY_TELEMETRY_V1
m4c_telemetry_level = 2
m4c_telemetry_kernel_index = 0
m4c_telemetry_window_transactions = 1000000
m4c_telemetry_frontend_instruction	KERNEL	UNKNOWN	0	350	11200
m4c_telemetry_frontend_transaction	KERNEL	UNKNOWN	0	DATA_UNKNOWN	LOAD	0	0	0	0
m4c_telemetry_frontend_transaction	KERNEL	UNKNOWN	0	DATA_UNKNOWN	STORE	0	0	0	0
m4c_telemetry_frontend_transaction	KERNEL	UNKNOWN	0	DATA_UNKNOWN	ATOMIC	0	0	0	0
m4c_telemetry	KERNEL	UNKNOWN	0	DATA_UNKNOWN	HIT	0
m4c_telemetry_l2	KERNEL	UNKNOWN	0	DATA_UNKNOWN	HIT	0
m4c_telemetry	KERNEL	UNKNOWN	0	DATA_UNKNOWN	HIT_RESERVED	0
m4c_telemetry_l2	KERNEL	UNKNOWN	0	DATA_UNKNOWN	HIT_RESERVED	0
m4c_telemetry	KERNEL	UNKNOWN	0	DATA_UNKNOWN	MISS	1575
m4c_telemetry_l2	KERNEL	UNKNOWN	0	DATA_UNKNOWN	MISS	1890
m4c_telemetry	KERNEL	UNKNOWN	0	DATA_UNKNOWN	RESERVATION_FAIL	0
m4c_telemetry_l2	KERNEL	UNKNOWN	0	DATA_UNKNOWN	RESERVATION_FAIL	0
m4c_telemetry	KERNEL	UNKNOWN	0	DATA_UNKNOWN	SECTOR_MISS	0
m4c_telemetry_l2	KERNEL	UNKNOWN	0	DATA_UNKNOWN	SECTOR_MISS	0
m4c_telemetry	KERNEL	UNKNOWN	0	DATA_UNKNOWN	MSHR_HIT	0
m4c_telemetry_l2	KERNEL	UNKNOWN	0	DATA_UNKNOWN	MSHR_HIT	0
m4c_telemetry_dram	KERNEL	UNKNOWN	0	DATA_UNKNOWN	420	13440
m4c_telemetry_bytes	KERNEL	UNKNOWN	0	DATA_UNKNOWN	50400	60480
m4c_telemetry_dram_rw	KERNEL	UNKNOWN	0	DATA_UNKNOWN	420	13440	0	0
m4c_telemetry_l2_replacement	KERNEL	UNKNOWN	0	DATA_UNKNOWN	DATA_UNKNOWN	0
m4c_telemetry_l2_replacement	KERNEL	UNKNOWN	0	DATA_UNKNOWN	DATA_WEIGHT	0
m4c_telemetry_l2_replacement	KERNEL	UNKNOWN	0	DATA_UNKNOWN	DATA_KV_CACHE	0
m4c_telemetry_l2_replacement	KERNEL	UNKNOWN	0	DATA_UNKNOWN	PTE_L0	0
m4c_telemetry_l2_replacement	KERNEL	UNKNOWN	0	DATA_UNKNOWN	PTE_L1	0
m4c_telemetry_l2_replacement	KERNEL	UNKNOWN	0	DATA_UNKNOWN	PTE_L2	0
m4c_telemetry_l2_replacement	KERNEL	UNKNOWN	0	DATA_UNKNOWN	PTE_L3	0
m4c_telemetry_l2_replacement	KERNEL	UNKNOWN	0	DATA_UNKNOWN	OTHER	0
m4c_telemetry_frontend_transaction	KERNEL	UNKNOWN	0	DATA_WEIGHT	LOAD	0	0	0	0
m4c_telemetry_frontend_transaction	KERNEL	UNKNOWN	0	DATA_WEIGHT	STORE	0	0	0	0
m4c_telemetry_frontend_transaction	KERNEL	UNKNOWN	0	DATA_WEIGHT	ATOMIC	0	0	0	0
m4c_telemetry	KERNEL	UNKNOWN	0	DATA_WEIGHT	HIT	0
m4c_telemetry_l2	KERNEL	UNKNOWN	0	DATA_WEIGHT	HIT	0
m4c_telemetry	KERNEL	UNKNOWN	0	DATA_WEIGHT	HIT_RESERVED	0
m4c_telemetry_l2	KERNEL	UNKNOWN	0	DATA_WEIGHT	HIT_RESERVED	0
m4c_telemetry	KERNEL	UNKNOWN	0	DATA_WEIGHT	MISS	0
m4c_telemetry_l2	KERNEL	UNKNOWN	0	DATA_WEIGHT	MISS	0
m4c_telemetry	KERNEL	UNKNOWN	0	DATA_WEIGHT	RESERVATION_FAIL	0
m4c_telemetry_l2	KERNEL	UNKNOWN	0	DATA_WEIGHT	RESERVATION_FAIL	0
m4c_telemetry	KERNEL	UNKNOWN	0	DATA_WEIGHT	SECTOR_MISS	0
m4c_telemetry_l2	KERNEL	UNKNOWN	0	DATA_WEIGHT	SECTOR_MISS	0
m4c_telemetry	KERNEL	UNKNOWN	0	DATA_WEIGHT	MSHR_HIT	0
m4c_telemetry_l2	KERNEL	UNKNOWN	0	DATA_WEIGHT	MSHR_HIT	0
m4c_telemetry_dram	KERNEL	UNKNOWN	0	DATA_WEIGHT	0	0
m4c_telemetry_bytes	KERNEL	UNKNOWN	0	DATA_WEIGHT	0	0
m4c_telemetry_dram_rw	KERNEL	UNKNOWN	0	DATA_WEIGHT	0	0	0	0
m4c_telemetry_l2_replacement	KERNEL	UNKNOWN	0	DATA_WEIGHT	DATA_UNKNOWN	0
m4c_telemetry_l2_replacement	KERNEL	UNKNOWN	0	DATA_WEIGHT	DATA_WEIGHT	0
m4c_telemetry_l2_replacement	KERNEL	UNKNOWN	0	DATA_WEIGHT	DATA_KV_CACHE	0
m4c_telemetry_l2_replacement	KERNEL	UNKNOWN	0	DATA_WEIGHT	PTE_L0	0
m4c_telemetry_l2_replacement	KERNEL	UNKNOWN	0	DATA_WEIGHT	PTE_L1	0
m4c_telemetry_l2_replacement	KERNEL	UNKNOWN	0	DATA_WEIGHT	PTE_L2	0
m4c_telemetry_l2_replacement	KERNEL	UNKNOWN	0	DATA_WEIGHT	PTE_L3	0
m4c_telemetry_l2_replacement	KERNEL	UNKNOWN	0	DATA_WEIGHT	OTHER	0
m4c_telemetry_frontend_transaction	KERNEL	UNKNOWN	0	DATA_KV_CACHE	LOAD	280	8960	8960	280
m4c_telemetry_frontend_transaction	KERNEL	UNKNOWN	0	DATA_KV_CACHE	STORE	525	16800	16800	525
m4c_telemetry_frontend_transaction	KERNEL	UNKNOWN	0	DATA_KV_CACHE	ATOMIC	0	0	0	0
m4c_telemetry	KERNEL	UNKNOWN	0	DATA_KV_CACHE	HIT	0
m4c_telemetry_l2	KERNEL	UNKNOWN	0	DATA_KV_CACHE	HIT	0
m4c_telemetry	KERNEL	UNKNOWN	0	DATA_KV_CACHE	HIT_RESERVED	0
m4c_telemetry_l2	KERNEL	UNKNOWN	0	DATA_KV_CACHE	HIT_RESERVED	0
m4c_telemetry	KERNEL	UNKNOWN	0	DATA_KV_CACHE	MISS	525
m4c_telemetry_l2	KERNEL	UNKNOWN	0	DATA_KV_CACHE	MISS	630
m4c_telemetry	KERNEL	UNKNOWN	0	DATA_KV_CACHE	RESERVATION_FAIL	0
m4c_telemetry_l2	KERNEL	UNKNOWN	0	DATA_KV_CACHE	RESERVATION_FAIL	0
m4c_telemetry	KERNEL	UNKNOWN	0	DATA_KV_CACHE	SECTOR_MISS	0
m4c_telemetry_l2	KERNEL	UNKNOWN	0	DATA_KV_CACHE	SECTOR_MISS	0
m4c_telemetry	KERNEL	UNKNOWN	0	DATA_KV_CACHE	MSHR_HIT	0
m4c_telemetry_l2	KERNEL	UNKNOWN	0	DATA_KV_CACHE	MSHR_HIT	0
m4c_telemetry_dram	KERNEL	UNKNOWN	0	DATA_KV_CACHE	140	4480
m4c_telemetry_bytes	KERNEL	UNKNOWN	0	DATA_KV_CACHE	16800	20160
m4c_telemetry_dram_rw	KERNEL	UNKNOWN	0	DATA_KV_CACHE	140	4480	0	0
m4c_telemetry_l2_replacement	KERNEL	UNKNOWN	0	DATA_KV_CACHE	DATA_UNKNOWN	0
m4c_telemetry_l2_replacement	KERNEL	UNKNOWN	0	DATA_KV_CACHE	DATA_WEIGHT	0
m4c_telemetry_l2_replacement	KERNEL	UNKNOWN	0	DATA_KV_CACHE	DATA_KV_CACHE	0
m4c_telemetry_l2_replacement	KERNEL	UNKNOWN	0	DATA_KV_CACHE	PTE_L0	0
m4c_telemetry_l2_replacement	KERNEL	UNKNOWN	0	DATA_KV_CACHE	PTE_L1	0
m4c_telemetry_l2_replacement	KERNEL	UNKNOWN	0	DATA_KV_CACHE	PTE_L2	0
m4c_telemetry_l2_replacement	KERNEL	UNKNOWN	0	DATA_KV_CACHE	PTE_L3	0
m4c_telemetry_l2_replacement	KERNEL	UNKNOWN	0	DATA_KV_CACHE	OTHER	0
m4c_telemetry_frontend_transaction	KERNEL	UNKNOWN	0	PTE_L0	LOAD	0	0	0	0
m4c_telemetry_frontend_transaction	KERNEL	UNKNOWN	0	PTE_L0	STORE	0	0	0	0
m4c_telemetry_frontend_transaction	KERNEL	UNKNOWN	0	PTE_L0	ATOMIC	0	0	0	0
m4c_telemetry	KERNEL	UNKNOWN	0	PTE_L0	HIT	0
m4c_telemetry_l2	KERNEL	UNKNOWN	0	PTE_L0	HIT	12
m4c_telemetry	KERNEL	UNKNOWN	0	PTE_L0	HIT_RESERVED	0
m4c_telemetry_l2	KERNEL	UNKNOWN	0	PTE_L0	HIT_RESERVED	0
m4c_telemetry	KERNEL	UNKNOWN	0	PTE_L0	MISS	0
m4c_telemetry_l2	KERNEL	UNKNOWN	0	PTE_L0	MISS	5
m4c_telemetry	KERNEL	UNKNOWN	0	PTE_L0	RESERVATION_FAIL	0
m4c_telemetry_l2	KERNEL	UNKNOWN	0	PTE_L0	RESERVATION_FAIL	263
m4c_telemetry	KERNEL	UNKNOWN	0	PTE_L0	SECTOR_MISS	0
m4c_telemetry_l2	KERNEL	UNKNOWN	0	PTE_L0	SECTOR_MISS	0
m4c_telemetry	KERNEL	UNKNOWN	0	PTE_L0	MSHR_HIT	0
m4c_telemetry_l2	KERNEL	UNKNOWN	0	PTE_L0	MSHR_HIT	0
m4c_telemetry_dram	KERNEL	UNKNOWN	0	PTE_L0	2	64
m4c_telemetry_bytes	KERNEL	UNKNOWN	0	PTE_L0	0	8960
m4c_telemetry_dram_rw	KERNEL	UNKNOWN	0	PTE_L0	2	64	0	0
m4c_telemetry_l2_replacement	KERNEL	UNKNOWN	0	PTE_L0	DATA_UNKNOWN	0
m4c_telemetry_l2_replacement	KERNEL	UNKNOWN	0	PTE_L0	DATA_WEIGHT	0
m4c_telemetry_l2_replacement	KERNEL	UNKNOWN	0	PTE_L0	DATA_KV_CACHE	0
m4c_telemetry_l2_replacement	KERNEL	UNKNOWN	0	PTE_L0	PTE_L0	0
m4c_telemetry_l2_replacement	KERNEL	UNKNOWN	0	PTE_L0	PTE_L1	0
m4c_telemetry_l2_replacement	KERNEL	UNKNOWN	0	PTE_L0	PTE_L2	0
m4c_telemetry_l2_replacement	KERNEL	UNKNOWN	0	PTE_L0	PTE_L3	0
m4c_telemetry_l2_replacement	KERNEL	UNKNOWN	0	PTE_L0	OTHER	0
m4c_telemetry_frontend_transaction	KERNEL	UNKNOWN	0	PTE_L1	LOAD	0	0	0	0
m4c_telemetry_frontend_transaction	KERNEL	UNKNOWN	0	PTE_L1	STORE	0	0	0	0
m4c_telemetry_frontend_transaction	KERNEL	UNKNOWN	0	PTE_L1	ATOMIC	0	0	0	0
m4c_telemetry	KERNEL	UNKNOWN	0	PTE_L1	HIT	0
m4c_telemetry_l2	KERNEL	UNKNOWN	0	PTE_L1	HIT	12
m4c_telemetry	KERNEL	UNKNOWN	0	PTE_L1	HIT_RESERVED	0
m4c_telemetry_l2	KERNEL	UNKNOWN	0	PTE_L1	HIT_RESERVED	0
m4c_telemetry	KERNEL	UNKNOWN	0	PTE_L1	MISS	0
m4c_telemetry_l2	KERNEL	UNKNOWN	0	PTE_L1	MISS	5
m4c_telemetry	KERNEL	UNKNOWN	0	PTE_L1	RESERVATION_FAIL	0
m4c_telemetry_l2	KERNEL	UNKNOWN	0	PTE_L1	RESERVATION_FAIL	273
m4c_telemetry	KERNEL	UNKNOWN	0	PTE_L1	SECTOR_MISS	0
m4c_telemetry_l2	KERNEL	UNKNOWN	0	PTE_L1	SECTOR_MISS	0
m4c_telemetry	KERNEL	UNKNOWN	0	PTE_L1	MSHR_HIT	0
m4c_telemetry_l2	KERNEL	UNKNOWN	0	PTE_L1	MSHR_HIT	0
m4c_telemetry_dram	KERNEL	UNKNOWN	0	PTE_L1	2	64
m4c_telemetry_bytes	KERNEL	UNKNOWN	0	PTE_L1	0	9280
m4c_telemetry_dram_rw	KERNEL	UNKNOWN	0	PTE_L1	2	64	0	0
m4c_telemetry_l2_replacement	KERNEL	UNKNOWN	0	PTE_L1	DATA_UNKNOWN	0
m4c_telemetry_l2_replacement	KERNEL	UNKNOWN	0	PTE_L1	DATA_WEIGHT	0
m4c_telemetry_l2_replacement	KERNEL	UNKNOWN	0	PTE_L1	DATA_KV_CACHE	0
m4c_telemetry_l2_replacement	KERNEL	UNKNOWN	0	PTE_L1	PTE_L0	0
m4c_telemetry_l2_replacement	KERNEL	UNKNOWN	0	PTE_L1	PTE_L1	0
m4c_telemetry_l2_replacement	KERNEL	UNKNOWN	0	PTE_L1	PTE_L2	0
m4c_telemetry_l2_replacement	KERNEL	UNKNOWN	0	PTE_L1	PTE_L3	0
m4c_telemetry_l2_replacement	KERNEL	UNKNOWN	0	PTE_L1	OTHER	0
m4c_telemetry_frontend_transaction	KERNEL	UNKNOWN	0	PTE_L2	LOAD	0	0	0	0
m4c_telemetry_frontend_transaction	KERNEL	UNKNOWN	0	PTE_L2	STORE	0	0	0	0
m4c_telemetry_frontend_transaction	KERNEL	UNKNOWN	0	PTE_L2	ATOMIC	0	0	0	0
m4c_telemetry	KERNEL	UNKNOWN	0	PTE_L2	HIT	0
m4c_telemetry_l2	KERNEL	UNKNOWN	0	PTE_L2	HIT	12
m4c_telemetry	KERNEL	UNKNOWN	0	PTE_L2	HIT_RESERVED	0
m4c_telemetry_l2	KERNEL	UNKNOWN	0	PTE_L2	HIT_RESERVED	0
m4c_telemetry	KERNEL	UNKNOWN	0	PTE_L2	MISS	0
m4c_telemetry_l2	KERNEL	UNKNOWN	0	PTE_L2	MISS	5
m4c_telemetry	KERNEL	UNKNOWN	0	PTE_L2	RESERVATION_FAIL	0
m4c_telemetry_l2	KERNEL	UNKNOWN	0	PTE_L2	RESERVATION_FAIL	273
m4c_telemetry	KERNEL	UNKNOWN	0	PTE_L2	SECTOR_MISS	0
m4c_telemetry_l2	KERNEL	UNKNOWN	0	PTE_L2	SECTOR_MISS	0
m4c_telemetry	KERNEL	UNKNOWN	0	PTE_L2	MSHR_HIT	0
m4c_telemetry_l2	KERNEL	UNKNOWN	0	PTE_L2	MSHR_HIT	0
m4c_telemetry_dram	KERNEL	UNKNOWN	0	PTE_L2	2	64
m4c_telemetry_bytes	KERNEL	UNKNOWN	0	PTE_L2	0	9280
m4c_telemetry_dram_rw	KERNEL	UNKNOWN	0	PTE_L2	2	64	0	0
m4c_telemetry_l2_replacement	KERNEL	UNKNOWN	0	PTE_L2	DATA_UNKNOWN	0
m4c_telemetry_l2_replacement	KERNEL	UNKNOWN	0	PTE_L2	DATA_WEIGHT	0
m4c_telemetry_l2_replacement	KERNEL	UNKNOWN	0	PTE_L2	DATA_KV_CACHE	0
m4c_telemetry_l2_replacement	KERNEL	UNKNOWN	0	PTE_L2	PTE_L0	0
m4c_telemetry_l2_replacement	KERNEL	UNKNOWN	0	PTE_L2	PTE_L1	0
m4c_telemetry_l2_replacement	KERNEL	UNKNOWN	0	PTE_L2	PTE_L2	0
m4c_telemetry_l2_replacement	KERNEL	UNKNOWN	0	PTE_L2	PTE_L3	0
m4c_telemetry_l2_replacement	KERNEL	UNKNOWN	0	PTE_L2	OTHER	0
m4c_telemetry_frontend_transaction	KERNEL	UNKNOWN	0	PTE_L3	LOAD	0	0	0	0
m4c_telemetry_frontend_transaction	KERNEL	UNKNOWN	0	PTE_L3	STORE	0	0	0	0
m4c_telemetry_frontend_transaction	KERNEL	UNKNOWN	0	PTE_L3	ATOMIC	0	0	0	0
m4c_telemetry	KERNEL	UNKNOWN	0	PTE_L3	HIT	0
m4c_telemetry_l2	KERNEL	UNKNOWN	0	PTE_L3	HIT	1
m4c_telemetry	KERNEL	UNKNOWN	0	PTE_L3	HIT_RESERVED	0
m4c_telemetry_l2	KERNEL	UNKNOWN	0	PTE_L3	HIT_RESERVED	0
m4c_telemetry	KERNEL	UNKNOWN	0	PTE_L3	MISS	0
m4c_telemetry_l2	KERNEL	UNKNOWN	0	PTE_L3	MISS	18
m4c_telemetry	KERNEL	UNKNOWN	0	PTE_L3	RESERVATION_FAIL	0
m4c_telemetry_l2	KERNEL	UNKNOWN	0	PTE_L3	RESERVATION_FAIL	0
m4c_telemetry	KERNEL	UNKNOWN	0	PTE_L3	SECTOR_MISS	0
m4c_telemetry_l2	KERNEL	UNKNOWN	0	PTE_L3	SECTOR_MISS	0
m4c_telemetry	KERNEL	UNKNOWN	0	PTE_L3	MSHR_HIT	0
m4c_telemetry_l2	KERNEL	UNKNOWN	0	PTE_L3	MSHR_HIT	0
m4c_telemetry_dram	KERNEL	UNKNOWN	0	PTE_L3	16	512
m4c_telemetry_bytes	KERNEL	UNKNOWN	0	PTE_L3	0	608
m4c_telemetry_dram_rw	KERNEL	UNKNOWN	0	PTE_L3	16	512	0	0
m4c_telemetry_l2_replacement	KERNEL	UNKNOWN	0	PTE_L3	DATA_UNKNOWN	0
m4c_telemetry_l2_replacement	KERNEL	UNKNOWN	0	PTE_L3	DATA_WEIGHT	0
m4c_telemetry_l2_replacement	KERNEL	UNKNOWN	0	PTE_L3	DATA_KV_CACHE	0
m4c_telemetry_l2_replacement	KERNEL	UNKNOWN	0	PTE_L3	PTE_L0	0
m4c_telemetry_l2_replacement	KERNEL	UNKNOWN	0	PTE_L3	PTE_L1	0
m4c_telemetry_l2_replacement	KERNEL	UNKNOWN	0	PTE_L3	PTE_L2	0
m4c_telemetry_l2_replacement	KERNEL	UNKNOWN	0	PTE_L3	PTE_L3	0
m4c_telemetry_l2_replacement	KERNEL	UNKNOWN	0	PTE_L3	OTHER	0
m4c_telemetry_frontend_transaction	KERNEL	UNKNOWN	0	OTHER	LOAD	0	0	0	0
m4c_telemetry_frontend_transaction	KERNEL	UNKNOWN	0	OTHER	STORE	0	0	0	0
m4c_telemetry_frontend_transaction	KERNEL	UNKNOWN	0	OTHER	ATOMIC	0	0	0	0
m4c_telemetry	KERNEL	UNKNOWN	0	OTHER	HIT	0
m4c_telemetry_l2	KERNEL	UNKNOWN	0	OTHER	HIT	0
m4c_telemetry	KERNEL	UNKNOWN	0	OTHER	HIT_RESERVED	0
m4c_telemetry_l2	KERNEL	UNKNOWN	0	OTHER	HIT_RESERVED	0
m4c_telemetry	KERNEL	UNKNOWN	0	OTHER	MISS	0
m4c_telemetry_l2	KERNEL	UNKNOWN	0	OTHER	MISS	0
m4c_telemetry	KERNEL	UNKNOWN	0	OTHER	RESERVATION_FAIL	0
m4c_telemetry_l2	KERNEL	UNKNOWN	0	OTHER	RESERVATION_FAIL	0
m4c_telemetry	KERNEL	UNKNOWN	0	OTHER	SECTOR_MISS	0
m4c_telemetry_l2	KERNEL	UNKNOWN	0	OTHER	SECTOR_MISS	0
m4c_telemetry	KERNEL	UNKNOWN	0	OTHER	MSHR_HIT	0
m4c_telemetry_l2	KERNEL	UNKNOWN	0	OTHER	MSHR_HIT	0
m4c_telemetry_dram	KERNEL	UNKNOWN	0	OTHER	0	0
m4c_telemetry_bytes	KERNEL	UNKNOWN	0	OTHER	0	0
m4c_telemetry_dram_rw	KERNEL	UNKNOWN	0	OTHER	0	0	0	0
m4c_telemetry_l2_replacement	KERNEL	UNKNOWN	0	OTHER	DATA_UNKNOWN	0
m4c_telemetry_l2_replacement	KERNEL	UNKNOWN	0	OTHER	DATA_WEIGHT	0
m4c_telemetry_l2_replacement	KERNEL	UNKNOWN	0	OTHER	DATA_KV_CACHE	0
m4c_telemetry_l2_replacement	KERNEL	UNKNOWN	0	OTHER	PTE_L0	0
m4c_telemetry_l2_replacement	KERNEL	UNKNOWN	0	OTHER	PTE_L1	0
m4c_telemetry_l2_replacement	KERNEL	UNKNOWN	0	OTHER	PTE_L2	0
m4c_telemetry_l2_replacement	KERNEL	UNKNOWN	0	OTHER	PTE_L3	0
m4c_telemetry_l2_replacement	KERNEL	UNKNOWN	0	OTHER	OTHER	0
m4c_telemetry_l2_queue	KERNEL	UNKNOWN	0	240000	16114	0	578	260	43	0	1	4
m4c_telemetry_cross_l1	KERNEL	UNKNOWN	0	DATA_UNKNOWN	UNOBSERVED	MISS	1575
m4c_telemetry_cross_l1_l2	KERNEL	UNKNOWN	0	DATA_UNKNOWN	UNOBSERVED	MISS	MISS	1470
m4c_telemetry_cross_l1	KERNEL	UNKNOWN	0	DATA_KV_CACHE	L1_TLB_HIT	MISS	435
m4c_telemetry_cross_l1_l2	KERNEL	UNKNOWN	0	DATA_KV_CACHE	L1_TLB_HIT	MISS	MISS	435
m4c_telemetry_cross_l1	KERNEL	UNKNOWN	0	DATA_KV_CACHE	PTW	MISS	90
m4c_telemetry_cross_l1_l2	KERNEL	UNKNOWN	0	DATA_KV_CACHE	PTW	MISS	MISS	55
m4c_telemetry_frontend_instruction	FIXED_WINDOW_PARTIAL	UNKNOWN	0	0	0
m4c_telemetry_frontend_transaction	FIXED_WINDOW_PARTIAL	UNKNOWN	0	DATA_UNKNOWN	LOAD	0	0	0	0
m4c_telemetry_frontend_transaction	FIXED_WINDOW_PARTIAL	UNKNOWN	0	DATA_UNKNOWN	STORE	0	0	0	0
m4c_telemetry_frontend_transaction	FIXED_WINDOW_PARTIAL	UNKNOWN	0	DATA_UNKNOWN	ATOMIC	0	0	0	0
m4c_telemetry	FIXED_WINDOW_PARTIAL	UNKNOWN	0	DATA_UNKNOWN	HIT	0
m4c_telemetry_l2	FIXED_WINDOW_PARTIAL	UNKNOWN	0	DATA_UNKNOWN	HIT	0
m4c_telemetry	FIXED_WINDOW_PARTIAL	UNKNOWN	0	DATA_UNKNOWN	HIT_RESERVED	0
m4c_telemetry_l2	FIXED_WINDOW_PARTIAL	UNKNOWN	0	DATA_UNKNOWN	HIT_RESERVED	0
m4c_telemetry	FIXED_WINDOW_PARTIAL	UNKNOWN	0	DATA_UNKNOWN	MISS	1575
m4c_telemetry_l2	FIXED_WINDOW_PARTIAL	UNKNOWN	0	DATA_UNKNOWN	MISS	1890
m4c_telemetry	FIXED_WINDOW_PARTIAL	UNKNOWN	0	DATA_UNKNOWN	RESERVATION_FAIL	0
m4c_telemetry_l2	FIXED_WINDOW_PARTIAL	UNKNOWN	0	DATA_UNKNOWN	RESERVATION_FAIL	0
m4c_telemetry	FIXED_WINDOW_PARTIAL	UNKNOWN	0	DATA_UNKNOWN	SECTOR_MISS	0
m4c_telemetry_l2	FIXED_WINDOW_PARTIAL	UNKNOWN	0	DATA_UNKNOWN	SECTOR_MISS	0
m4c_telemetry	FIXED_WINDOW_PARTIAL	UNKNOWN	0	DATA_UNKNOWN	MSHR_HIT	0
m4c_telemetry_l2	FIXED_WINDOW_PARTIAL	UNKNOWN	0	DATA_UNKNOWN	MSHR_HIT	0
m4c_telemetry_dram	FIXED_WINDOW_PARTIAL	UNKNOWN	0	DATA_UNKNOWN	420	13440
m4c_telemetry_bytes	FIXED_WINDOW_PARTIAL	UNKNOWN	0	DATA_UNKNOWN	50400	60480
m4c_telemetry_dram_rw	FIXED_WINDOW_PARTIAL	UNKNOWN	0	DATA_UNKNOWN	420	13440	0	0
m4c_telemetry_l2_replacement	FIXED_WINDOW_PARTIAL	UNKNOWN	0	DATA_UNKNOWN	DATA_UNKNOWN	0
m4c_telemetry_l2_replacement	FIXED_WINDOW_PARTIAL	UNKNOWN	0	DATA_UNKNOWN	DATA_WEIGHT	0
m4c_telemetry_l2_replacement	FIXED_WINDOW_PARTIAL	UNKNOWN	0	DATA_UNKNOWN	DATA_KV_CACHE	0
m4c_telemetry_l2_replacement	FIXED_WINDOW_PARTIAL	UNKNOWN	0	DATA_UNKNOWN	PTE_L0	0
m4c_telemetry_l2_replacement	FIXED_WINDOW_PARTIAL	UNKNOWN	0	DATA_UNKNOWN	PTE_L1	0
m4c_telemetry_l2_replacement	FIXED_WINDOW_PARTIAL	UNKNOWN	0	DATA_UNKNOWN	PTE_L2	0
m4c_telemetry_l2_replacement	FIXED_WINDOW_PARTIAL	UNKNOWN	0	DATA_UNKNOWN	PTE_L3	0
m4c_telemetry_l2_replacement	FIXED_WINDOW_PARTIAL	UNKNOWN	0	DATA_UNKNOWN	OTHER	0
m4c_telemetry_frontend_transaction	FIXED_WINDOW_PARTIAL	UNKNOWN	0	DATA_WEIGHT	LOAD	0	0	0	0
m4c_telemetry_frontend_transaction	FIXED_WINDOW_PARTIAL	UNKNOWN	0	DATA_WEIGHT	STORE	0	0	0	0
m4c_telemetry_frontend_transaction	FIXED_WINDOW_PARTIAL	UNKNOWN	0	DATA_WEIGHT	ATOMIC	0	0	0	0
m4c_telemetry	FIXED_WINDOW_PARTIAL	UNKNOWN	0	DATA_WEIGHT	HIT	0
m4c_telemetry_l2	FIXED_WINDOW_PARTIAL	UNKNOWN	0	DATA_WEIGHT	HIT	0
m4c_telemetry	FIXED_WINDOW_PARTIAL	UNKNOWN	0	DATA_WEIGHT	HIT_RESERVED	0
m4c_telemetry_l2	FIXED_WINDOW_PARTIAL	UNKNOWN	0	DATA_WEIGHT	HIT_RESERVED	0
m4c_telemetry	FIXED_WINDOW_PARTIAL	UNKNOWN	0	DATA_WEIGHT	MISS	0
m4c_telemetry_l2	FIXED_WINDOW_PARTIAL	UNKNOWN	0	DATA_WEIGHT	MISS	0
m4c_telemetry	FIXED_WINDOW_PARTIAL	UNKNOWN	0	DATA_WEIGHT	RESERVATION_FAIL	0
m4c_telemetry_l2	FIXED_WINDOW_PARTIAL	UNKNOWN	0	DATA_WEIGHT	RESERVATION_FAIL	0
m4c_telemetry	FIXED_WINDOW_PARTIAL	UNKNOWN	0	DATA_WEIGHT	SECTOR_MISS	0
m4c_telemetry_l2	FIXED_WINDOW_PARTIAL	UNKNOWN	0	DATA_WEIGHT	SECTOR_MISS	0
m4c_telemetry	FIXED_WINDOW_PARTIAL	UNKNOWN	0	DATA_WEIGHT	MSHR_HIT	0
m4c_telemetry_l2	FIXED_WINDOW_PARTIAL	UNKNOWN	0	DATA_WEIGHT	MSHR_HIT	0
m4c_telemetry_dram	FIXED_WINDOW_PARTIAL	UNKNOWN	0	DATA_WEIGHT	0	0
m4c_telemetry_bytes	FIXED_WINDOW_PARTIAL	UNKNOWN	0	DATA_WEIGHT	0	0
m4c_telemetry_dram_rw	FIXED_WINDOW_PARTIAL	UNKNOWN	0	DATA_WEIGHT	0	0	0	0
m4c_telemetry_l2_replacement	FIXED_WINDOW_PARTIAL	UNKNOWN	0	DATA_WEIGHT	DATA_UNKNOWN	0
m4c_telemetry_l2_replacement	FIXED_WINDOW_PARTIAL	UNKNOWN	0	DATA_WEIGHT	DATA_WEIGHT	0
m4c_telemetry_l2_replacement	FIXED_WINDOW_PARTIAL	UNKNOWN	0	DATA_WEIGHT	DATA_KV_CACHE	0
m4c_telemetry_l2_replacement	FIXED_WINDOW_PARTIAL	UNKNOWN	0	DATA_WEIGHT	PTE_L0	0
m4c_telemetry_l2_replacement	FIXED_WINDOW_PARTIAL	UNKNOWN	0	DATA_WEIGHT	PTE_L1	0
m4c_telemetry_l2_replacement	FIXED_WINDOW_PARTIAL	UNKNOWN	0	DATA_WEIGHT	PTE_L2	0
m4c_telemetry_l2_replacement	FIXED_WINDOW_PARTIAL	UNKNOWN	0	DATA_WEIGHT	PTE_L3	0
m4c_telemetry_l2_replacement	FIXED_WINDOW_PARTIAL	UNKNOWN	0	DATA_WEIGHT	OTHER	0
m4c_telemetry_frontend_transaction	FIXED_WINDOW_PARTIAL	UNKNOWN	0	DATA_KV_CACHE	LOAD	280	8960	8960	280
m4c_telemetry_frontend_transaction	FIXED_WINDOW_PARTIAL	UNKNOWN	0	DATA_KV_CACHE	STORE	525	16800	16800	525
m4c_telemetry_frontend_transaction	FIXED_WINDOW_PARTIAL	UNKNOWN	0	DATA_KV_CACHE	ATOMIC	0	0	0	0
m4c_telemetry	FIXED_WINDOW_PARTIAL	UNKNOWN	0	DATA_KV_CACHE	HIT	0
m4c_telemetry_l2	FIXED_WINDOW_PARTIAL	UNKNOWN	0	DATA_KV_CACHE	HIT	0
m4c_telemetry	FIXED_WINDOW_PARTIAL	UNKNOWN	0	DATA_KV_CACHE	HIT_RESERVED	0
m4c_telemetry_l2	FIXED_WINDOW_PARTIAL	UNKNOWN	0	DATA_KV_CACHE	HIT_RESERVED	0
m4c_telemetry	FIXED_WINDOW_PARTIAL	UNKNOWN	0	DATA_KV_CACHE	MISS	525
m4c_telemetry_l2	FIXED_WINDOW_PARTIAL	UNKNOWN	0	DATA_KV_CACHE	MISS	630
m4c_telemetry	FIXED_WINDOW_PARTIAL	UNKNOWN	0	DATA_KV_CACHE	RESERVATION_FAIL	0
m4c_telemetry_l2	FIXED_WINDOW_PARTIAL	UNKNOWN	0	DATA_KV_CACHE	RESERVATION_FAIL	0
m4c_telemetry	FIXED_WINDOW_PARTIAL	UNKNOWN	0	DATA_KV_CACHE	SECTOR_MISS	0
m4c_telemetry_l2	FIXED_WINDOW_PARTIAL	UNKNOWN	0	DATA_KV_CACHE	SECTOR_MISS	0
m4c_telemetry	FIXED_WINDOW_PARTIAL	UNKNOWN	0	DATA_KV_CACHE	MSHR_HIT	0
m4c_telemetry_l2	FIXED_WINDOW_PARTIAL	UNKNOWN	0	DATA_KV_CACHE	MSHR_HIT	0
m4c_telemetry_dram	FIXED_WINDOW_PARTIAL	UNKNOWN	0	DATA_KV_CACHE	140	4480
m4c_telemetry_bytes	FIXED_WINDOW_PARTIAL	UNKNOWN	0	DATA_KV_CACHE	16800	20160
m4c_telemetry_dram_rw	FIXED_WINDOW_PARTIAL	UNKNOWN	0	DATA_KV_CACHE	140	4480	0	0
m4c_telemetry_l2_replacement	FIXED_WINDOW_PARTIAL	UNKNOWN	0	DATA_KV_CACHE	DATA_UNKNOWN	0
m4c_telemetry_l2_replacement	FIXED_WINDOW_PARTIAL	UNKNOWN	0	DATA_KV_CACHE	DATA_WEIGHT	0
m4c_telemetry_l2_replacement	FIXED_WINDOW_PARTIAL	UNKNOWN	0	DATA_KV_CACHE	DATA_KV_CACHE	0
m4c_telemetry_l2_replacement	FIXED_WINDOW_PARTIAL	UNKNOWN	0	DATA_KV_CACHE	PTE_L0	0
m4c_telemetry_l2_replacement	FIXED_WINDOW_PARTIAL	UNKNOWN	0	DATA_KV_CACHE	PTE_L1	0
m4c_telemetry_l2_replacement	FIXED_WINDOW_PARTIAL	UNKNOWN	0	DATA_KV_CACHE	PTE_L2	0
m4c_telemetry_l2_replacement	FIXED_WINDOW_PARTIAL	UNKNOWN	0	DATA_KV_CACHE	PTE_L3	0
m4c_telemetry_l2_replacement	FIXED_WINDOW_PARTIAL	UNKNOWN	0	DATA_KV_CACHE	OTHER	0
m4c_telemetry_frontend_transaction	FIXED_WINDOW_PARTIAL	UNKNOWN	0	PTE_L0	LOAD	0	0	0	0
m4c_telemetry_frontend_transaction	FIXED_WINDOW_PARTIAL	UNKNOWN	0	PTE_L0	STORE	0	0	0	0
m4c_telemetry_frontend_transaction	FIXED_WINDOW_PARTIAL	UNKNOWN	0	PTE_L0	ATOMIC	0	0	0	0
m4c_telemetry	FIXED_WINDOW_PARTIAL	UNKNOWN	0	PTE_L0	HIT	0
m4c_telemetry_l2	FIXED_WINDOW_PARTIAL	UNKNOWN	0	PTE_L0	HIT	12
m4c_telemetry	FIXED_WINDOW_PARTIAL	UNKNOWN	0	PTE_L0	HIT_RESERVED	0
m4c_telemetry_l2	FIXED_WINDOW_PARTIAL	UNKNOWN	0	PTE_L0	HIT_RESERVED	0
m4c_telemetry	FIXED_WINDOW_PARTIAL	UNKNOWN	0	PTE_L0	MISS	0
m4c_telemetry_l2	FIXED_WINDOW_PARTIAL	UNKNOWN	0	PTE_L0	MISS	5
m4c_telemetry	FIXED_WINDOW_PARTIAL	UNKNOWN	0	PTE_L0	RESERVATION_FAIL	0
m4c_telemetry_l2	FIXED_WINDOW_PARTIAL	UNKNOWN	0	PTE_L0	RESERVATION_FAIL	263
m4c_telemetry	FIXED_WINDOW_PARTIAL	UNKNOWN	0	PTE_L0	SECTOR_MISS	0
m4c_telemetry_l2	FIXED_WINDOW_PARTIAL	UNKNOWN	0	PTE_L0	SECTOR_MISS	0
m4c_telemetry	FIXED_WINDOW_PARTIAL	UNKNOWN	0	PTE_L0	MSHR_HIT	0
m4c_telemetry_l2	FIXED_WINDOW_PARTIAL	UNKNOWN	0	PTE_L0	MSHR_HIT	0
m4c_telemetry_dram	FIXED_WINDOW_PARTIAL	UNKNOWN	0	PTE_L0	2	64
m4c_telemetry_bytes	FIXED_WINDOW_PARTIAL	UNKNOWN	0	PTE_L0	0	8960
m4c_telemetry_dram_rw	FIXED_WINDOW_PARTIAL	UNKNOWN	0	PTE_L0	2	64	0	0
m4c_telemetry_l2_replacement	FIXED_WINDOW_PARTIAL	UNKNOWN	0	PTE_L0	DATA_UNKNOWN	0
m4c_telemetry_l2_replacement	FIXED_WINDOW_PARTIAL	UNKNOWN	0	PTE_L0	DATA_WEIGHT	0
m4c_telemetry_l2_replacement	FIXED_WINDOW_PARTIAL	UNKNOWN	0	PTE_L0	DATA_KV_CACHE	0
m4c_telemetry_l2_replacement	FIXED_WINDOW_PARTIAL	UNKNOWN	0	PTE_L0	PTE_L0	0
m4c_telemetry_l2_replacement	FIXED_WINDOW_PARTIAL	UNKNOWN	0	PTE_L0	PTE_L1	0
m4c_telemetry_l2_replacement	FIXED_WINDOW_PARTIAL	UNKNOWN	0	PTE_L0	PTE_L2	0
m4c_telemetry_l2_replacement	FIXED_WINDOW_PARTIAL	UNKNOWN	0	PTE_L0	PTE_L3	0
m4c_telemetry_l2_replacement	FIXED_WINDOW_PARTIAL	UNKNOWN	0	PTE_L0	OTHER	0
m4c_telemetry_frontend_transaction	FIXED_WINDOW_PARTIAL	UNKNOWN	0	PTE_L1	LOAD	0	0	0	0
m4c_telemetry_frontend_transaction	FIXED_WINDOW_PARTIAL	UNKNOWN	0	PTE_L1	STORE	0	0	0	0
m4c_telemetry_frontend_transaction	FIXED_WINDOW_PARTIAL	UNKNOWN	0	PTE_L1	ATOMIC	0	0	0	0
m4c_telemetry	FIXED_WINDOW_PARTIAL	UNKNOWN	0	PTE_L1	HIT	0
m4c_telemetry_l2	FIXED_WINDOW_PARTIAL	UNKNOWN	0	PTE_L1	HIT	12
m4c_telemetry	FIXED_WINDOW_PARTIAL	UNKNOWN	0	PTE_L1	HIT_RESERVED	0
m4c_telemetry_l2	FIXED_WINDOW_PARTIAL	UNKNOWN	0	PTE_L1	HIT_RESERVED	0
m4c_telemetry	FIXED_WINDOW_PARTIAL	UNKNOWN	0	PTE_L1	MISS	0
m4c_telemetry_l2	FIXED_WINDOW_PARTIAL	UNKNOWN	0	PTE_L1	MISS	5
m4c_telemetry	FIXED_WINDOW_PARTIAL	UNKNOWN	0	PTE_L1	RESERVATION_FAIL	0
m4c_telemetry_l2	FIXED_WINDOW_PARTIAL	UNKNOWN	0	PTE_L1	RESERVATION_FAIL	273
m4c_telemetry	FIXED_WINDOW_PARTIAL	UNKNOWN	0	PTE_L1	SECTOR_MISS	0
m4c_telemetry_l2	FIXED_WINDOW_PARTIAL	UNKNOWN	0	PTE_L1	SECTOR_MISS	0
m4c_telemetry	FIXED_WINDOW_PARTIAL	UNKNOWN	0	PTE_L1	MSHR_HIT	0
m4c_telemetry_l2	FIXED_WINDOW_PARTIAL	UNKNOWN	0	PTE_L1	MSHR_HIT	0
m4c_telemetry_dram	FIXED_WINDOW_PARTIAL	UNKNOWN	0	PTE_L1	2	64
m4c_telemetry_bytes	FIXED_WINDOW_PARTIAL	UNKNOWN	0	PTE_L1	0	9280
m4c_telemetry_dram_rw	FIXED_WINDOW_PARTIAL	UNKNOWN	0	PTE_L1	2	64	0	0
m4c_telemetry_l2_replacement	FIXED_WINDOW_PARTIAL	UNKNOWN	0	PTE_L1	DATA_UNKNOWN	0
m4c_telemetry_l2_replacement	FIXED_WINDOW_PARTIAL	UNKNOWN	0	PTE_L1	DATA_WEIGHT	0
m4c_telemetry_l2_replacement	FIXED_WINDOW_PARTIAL	UNKNOWN	0	PTE_L1	DATA_KV_CACHE	0
m4c_telemetry_l2_replacement	FIXED_WINDOW_PARTIAL	UNKNOWN	0	PTE_L1	PTE_L0	0
m4c_telemetry_l2_replacement	FIXED_WINDOW_PARTIAL	UNKNOWN	0	PTE_L1	PTE_L1	0
m4c_telemetry_l2_replacement	FIXED_WINDOW_PARTIAL	UNKNOWN	0	PTE_L1	PTE_L2	0
m4c_telemetry_l2_replacement	FIXED_WINDOW_PARTIAL	UNKNOWN	0	PTE_L1	PTE_L3	0
m4c_telemetry_l2_replacement	FIXED_WINDOW_PARTIAL	UNKNOWN	0	PTE_L1	OTHER	0
m4c_telemetry_frontend_transaction	FIXED_WINDOW_PARTIAL	UNKNOWN	0	PTE_L2	LOAD	0	0	0	0
m4c_telemetry_frontend_transaction	FIXED_WINDOW_PARTIAL	UNKNOWN	0	PTE_L2	STORE	0	0	0	0
m4c_telemetry_frontend_transaction	FIXED_WINDOW_PARTIAL	UNKNOWN	0	PTE_L2	ATOMIC	0	0	0	0
m4c_telemetry	FIXED_WINDOW_PARTIAL	UNKNOWN	0	PTE_L2	HIT	0
m4c_telemetry_l2	FIXED_WINDOW_PARTIAL	UNKNOWN	0	PTE_L2	HIT	12
m4c_telemetry	FIXED_WINDOW_PARTIAL	UNKNOWN	0	PTE_L2	HIT_RESERVED	0
m4c_telemetry_l2	FIXED_WINDOW_PARTIAL	UNKNOWN	0	PTE_L2	HIT_RESERVED	0
m4c_telemetry	FIXED_WINDOW_PARTIAL	UNKNOWN	0	PTE_L2	MISS	0
m4c_telemetry_l2	FIXED_WINDOW_PARTIAL	UNKNOWN	0	PTE_L2	MISS	5
m4c_telemetry	FIXED_WINDOW_PARTIAL	UNKNOWN	0	PTE_L2	RESERVATION_FAIL	0
m4c_telemetry_l2	FIXED_WINDOW_PARTIAL	UNKNOWN	0	PTE_L2	RESERVATION_FAIL	273
m4c_telemetry	FIXED_WINDOW_PARTIAL	UNKNOWN	0	PTE_L2	SECTOR_MISS	0
m4c_telemetry_l2	FIXED_WINDOW_PARTIAL	UNKNOWN	0	PTE_L2	SECTOR_MISS	0
m4c_telemetry	FIXED_WINDOW_PARTIAL	UNKNOWN	0	PTE_L2	MSHR_HIT	0
m4c_telemetry_l2	FIXED_WINDOW_PARTIAL	UNKNOWN	0	PTE_L2	MSHR_HIT	0
m4c_telemetry_dram	FIXED_WINDOW_PARTIAL	UNKNOWN	0	PTE_L2	2	64
m4c_telemetry_bytes	FIXED_WINDOW_PARTIAL	UNKNOWN	0	PTE_L2	0	9280
m4c_telemetry_dram_rw	FIXED_WINDOW_PARTIAL	UNKNOWN	0	PTE_L2	2	64	0	0
m4c_telemetry_l2_replacement	FIXED_WINDOW_PARTIAL	UNKNOWN	0	PTE_L2	DATA_UNKNOWN	0
m4c_telemetry_l2_replacement	FIXED_WINDOW_PARTIAL	UNKNOWN	0	PTE_L2	DATA_WEIGHT	0
m4c_telemetry_l2_replacement	FIXED_WINDOW_PARTIAL	UNKNOWN	0	PTE_L2	DATA_KV_CACHE	0
m4c_telemetry_l2_replacement	FIXED_WINDOW_PARTIAL	UNKNOWN	0	PTE_L2	PTE_L0	0
m4c_telemetry_l2_replacement	FIXED_WINDOW_PARTIAL	UNKNOWN	0	PTE_L2	PTE_L1	0
m4c_telemetry_l2_replacement	FIXED_WINDOW_PARTIAL	UNKNOWN	0	PTE_L2	PTE_L2	0
m4c_telemetry_l2_replacement	FIXED_WINDOW_PARTIAL	UNKNOWN	0	PTE_L2	PTE_L3	0
m4c_telemetry_l2_replacement	FIXED_WINDOW_PARTIAL	UNKNOWN	0	PTE_L2	OTHER	0
m4c_telemetry_frontend_transaction	FIXED_WINDOW_PARTIAL	UNKNOWN	0	PTE_L3	LOAD	0	0	0	0
m4c_telemetry_frontend_transaction	FIXED_WINDOW_PARTIAL	UNKNOWN	0	PTE_L3	STORE	0	0	0	0
m4c_telemetry_frontend_transaction	FIXED_WINDOW_PARTIAL	UNKNOWN	0	PTE_L3	ATOMIC	0	0	0	0
m4c_telemetry	FIXED_WINDOW_PARTIAL	UNKNOWN	0	PTE_L3	HIT	0
m4c_telemetry_l2	FIXED_WINDOW_PARTIAL	UNKNOWN	0	PTE_L3	HIT	1
m4c_telemetry	FIXED_WINDOW_PARTIAL	UNKNOWN	0	PTE_L3	HIT_RESERVED	0
m4c_telemetry_l2	FIXED_WINDOW_PARTIAL	UNKNOWN	0	PTE_L3	HIT_RESERVED	0
m4c_telemetry	FIXED_WINDOW_PARTIAL	UNKNOWN	0	PTE_L3	MISS	0
m4c_telemetry_l2	FIXED_WINDOW_PARTIAL	UNKNOWN	0	PTE_L3	MISS	18
m4c_telemetry	FIXED_WINDOW_PARTIAL	UNKNOWN	0	PTE_L3	RESERVATION_FAIL	0
m4c_telemetry_l2	FIXED_WINDOW_PARTIAL	UNKNOWN	0	PTE_L3	RESERVATION_FAIL	0
m4c_telemetry	FIXED_WINDOW_PARTIAL	UNKNOWN	0	PTE_L3	SECTOR_MISS	0
m4c_telemetry_l2	FIXED_WINDOW_PARTIAL	UNKNOWN	0	PTE_L3	SECTOR_MISS	0
m4c_telemetry	FIXED_WINDOW_PARTIAL	UNKNOWN	0	PTE_L3	MSHR_HIT	0
m4c_telemetry_l2	FIXED_WINDOW_PARTIAL	UNKNOWN	0	PTE_L3	MSHR_HIT	0
m4c_telemetry_dram	FIXED_WINDOW_PARTIAL	UNKNOWN	0	PTE_L3	16	512
m4c_telemetry_bytes	FIXED_WINDOW_PARTIAL	UNKNOWN	0	PTE_L3	0	608
m4c_telemetry_dram_rw	FIXED_WINDOW_PARTIAL	UNKNOWN	0	PTE_L3	16	512	0	0
m4c_telemetry_l2_replacement	FIXED_WINDOW_PARTIAL	UNKNOWN	0	PTE_L3	DATA_UNKNOWN	0
m4c_telemetry_l2_replacement	FIXED_WINDOW_PARTIAL	UNKNOWN	0	PTE_L3	DATA_WEIGHT	0
m4c_telemetry_l2_replacement	FIXED_WINDOW_PARTIAL	UNKNOWN	0	PTE_L3	DATA_KV_CACHE	0
m4c_telemetry_l2_replacement	FIXED_WINDOW_PARTIAL	UNKNOWN	0	PTE_L3	PTE_L0	0
m4c_telemetry_l2_replacement	FIXED_WINDOW_PARTIAL	UNKNOWN	0	PTE_L3	PTE_L1	0
m4c_telemetry_l2_replacement	FIXED_WINDOW_PARTIAL	UNKNOWN	0	PTE_L3	PTE_L2	0
m4c_telemetry_l2_replacement	FIXED_WINDOW_PARTIAL	UNKNOWN	0	PTE_L3	PTE_L3	0
m4c_telemetry_l2_replacement	FIXED_WINDOW_PARTIAL	UNKNOWN	0	PTE_L3	OTHER	0
m4c_telemetry_frontend_transaction	FIXED_WINDOW_PARTIAL	UNKNOWN	0	OTHER	LOAD	0	0	0	0
m4c_telemetry_frontend_transaction	FIXED_WINDOW_PARTIAL	UNKNOWN	0	OTHER	STORE	0	0	0	0
m4c_telemetry_frontend_transaction	FIXED_WINDOW_PARTIAL	UNKNOWN	0	OTHER	ATOMIC	0	0	0	0
m4c_telemetry	FIXED_WINDOW_PARTIAL	UNKNOWN	0	OTHER	HIT	0
m4c_telemetry_l2	FIXED_WINDOW_PARTIAL	UNKNOWN	0	OTHER	HIT	0
m4c_telemetry	FIXED_WINDOW_PARTIAL	UNKNOWN	0	OTHER	HIT_RESERVED	0
m4c_telemetry_l2	FIXED_WINDOW_PARTIAL	UNKNOWN	0	OTHER	HIT_RESERVED	0
m4c_telemetry	FIXED_WINDOW_PARTIAL	UNKNOWN	0	OTHER	MISS	0
m4c_telemetry_l2	FIXED_WINDOW_PARTIAL	UNKNOWN	0	OTHER	MISS	0
m4c_telemetry	FIXED_WINDOW_PARTIAL	UNKNOWN	0	OTHER	RESERVATION_FAIL	0
m4c_telemetry_l2	FIXED_WINDOW_PARTIAL	UNKNOWN	0	OTHER	RESERVATION_FAIL	0
m4c_telemetry	FIXED_WINDOW_PARTIAL	UNKNOWN	0	OTHER	SECTOR_MISS	0
m4c_telemetry_l2	FIXED_WINDOW_PARTIAL	UNKNOWN	0	OTHER	SECTOR_MISS	0
m4c_telemetry	FIXED_WINDOW_PARTIAL	UNKNOWN	0	OTHER	MSHR_HIT	0
m4c_telemetry_l2	FIXED_WINDOW_PARTIAL	UNKNOWN	0	OTHER	MSHR_HIT	0
m4c_telemetry_dram	FIXED_WINDOW_PARTIAL	UNKNOWN	0	OTHER	0	0
m4c_telemetry_bytes	FIXED_WINDOW_PARTIAL	UNKNOWN	0	OTHER	0	0
m4c_telemetry_dram_rw	FIXED_WINDOW_PARTIAL	UNKNOWN	0	OTHER	0	0	0	0
m4c_telemetry_l2_replacement	FIXED_WINDOW_PARTIAL	UNKNOWN	0	OTHER	DATA_UNKNOWN	0
m4c_telemetry_l2_replacement	FIXED_WINDOW_PARTIAL	UNKNOWN	0	OTHER	DATA_WEIGHT	0
m4c_telemetry_l2_replacement	FIXED_WINDOW_PARTIAL	UNKNOWN	0	OTHER	DATA_KV_CACHE	0
m4c_telemetry_l2_replacement	FIXED_WINDOW_PARTIAL	UNKNOWN	0	OTHER	PTE_L0	0
m4c_telemetry_l2_replacement	FIXED_WINDOW_PARTIAL	UNKNOWN	0	OTHER	PTE_L1	0
m4c_telemetry_l2_replacement	FIXED_WINDOW_PARTIAL	UNKNOWN	0	OTHER	PTE_L2	0
m4c_telemetry_l2_replacement	FIXED_WINDOW_PARTIAL	UNKNOWN	0	OTHER	PTE_L3	0
m4c_telemetry_l2_replacement	FIXED_WINDOW_PARTIAL	UNKNOWN	0	OTHER	OTHER	0
m4c_telemetry_l2_queue	FIXED_WINDOW_PARTIAL	UNKNOWN	0	240000	16114	0	578	260	43	0	1	4
m4c_telemetry_cross_l1	FIXED_WINDOW_PARTIAL	UNKNOWN	0	DATA_UNKNOWN	UNOBSERVED	MISS	1575
m4c_telemetry_cross_l1_l2	FIXED_WINDOW_PARTIAL	UNKNOWN	0	DATA_UNKNOWN	UNOBSERVED	MISS	MISS	1470
m4c_telemetry_cross_l1	FIXED_WINDOW_PARTIAL	UNKNOWN	0	DATA_KV_CACHE	L1_TLB_HIT	MISS	435
m4c_telemetry_cross_l1_l2	FIXED_WINDOW_PARTIAL	UNKNOWN	0	DATA_KV_CACHE	L1_TLB_HIT	MISS	MISS	435
m4c_telemetry_cross_l1	FIXED_WINDOW_PARTIAL	UNKNOWN	0	DATA_KV_CACHE	PTW	MISS	90
m4c_telemetry_cross_l1_l2	FIXED_WINDOW_PARTIAL	UNKNOWN	0	DATA_KV_CACHE	PTW	MISS	MISS	55
----------------------------Interconnect-DETAILS--------------------------------
Req_Network_injected_packets_num = 3290
Req_Network_cycles = 10000
Req_Network_injected_packets_per_cycle =       0.3290 
Req_Network_conflicts_per_cycle =       0.1737
Req_Network_conflicts_per_cycle_util =       4.5352
Req_Bank_Level_Parallism =       7.7676
Req_Network_in_buffer_full_per_cycle =       0.0000
Req_Network_in_buffer_avg_util =       0.0188
Req_Network_out_buffer_full_per_cycle =       0.0000
Req_Network_out_buffer_avg_util =       0.0124

Reply_Network_injected_packets_num = 2585
Reply_Network_cycles = 10000
Reply_Network_injected_packets_per_cycle =        0.2585
Reply_Network_conflicts_per_cycle =        0.0020
Reply_Network_conflicts_per_cycle_util =       0.0426
Reply_Bank_Level_Parallism =       5.5117
Reply_Network_in_buffer_full_per_cycle =       0.0000
Reply_Network_in_buffer_avg_util =       0.0001
Reply_Network_out_buffer_full_per_cycle =       0.0000
Reply_Network_out_buffer_avg_util =       0.0074
----------------------------END-of-Interconnect-DETAILS-------------------------


gpgpu_simulation_time = 0 days, 0 hrs, 0 min, 10 sec (10 sec)
gpgpu_simulation_rate = 108448 (inst/sec)
gpgpu_simulation_rate = 1000 (cycle/sec)
gpgpu_silicon_slowdown = 1500000x
GPGPU-Sim: ** break due to reaching the maximum cycles (or instructions) **
GPGPU-Sim: *** simulation thread exiting ***
GPGPU-Sim: *** exit detected ***
