nvbit_static_index	vector_ordinal	instruction_offset	opcode	memory_space	is_load	is_store	has_mref	sass	function_full_name	function_mangled_name	function_address	libtorch_cuda_sha256
0	0	0	MOV	CONSTANT	0	0	0	MOV R1, c[0x0][0x28] ;	void cutlass::Kernel2<cutlass_80_wmma_tensorop_bf16_s161616gemm_bf16_32x32_128x2_tn_align8>(cutlass_80_wmma_tensorop_bf16_s161616gemm_bf16_32x32_128x2_tn_align8::Params)	_ZN7cutlass7Kernel2I68cutlass_80_wmma_tensorop_bf16_s161616gemm_bf16_32x32_128x2_tn_align8EEvNT_6ParamsE	0x7e1aa05fc300	761b14acafb8b02011e32d11bd437b63cca3fe882b9c4a02c89fd01d738ccb6a
1	1	16	S2R	NONE	0	0	0	S2R R2, SR_CTAID.Y ;	void cutlass::Kernel2<cutlass_80_wmma_tensorop_bf16_s161616gemm_bf16_32x32_128x2_tn_align8>(cutlass_80_wmma_tensorop_bf16_s161616gemm_bf16_32x32_128x2_tn_align8::Params)	_ZN7cutlass7Kernel2I68cutlass_80_wmma_tensorop_bf16_s161616gemm_bf16_32x32_128x2_tn_align8EEvNT_6ParamsE	0x7e1aa05fc300	761b14acafb8b02011e32d11bd437b63cca3fe882b9c4a02c89fd01d738ccb6a
2	2	32	IMAD.MOV.U32	NONE	0	0	0	IMAD.MOV.U32 R0, RZ, RZ, -0x1 ;	void cutlass::Kernel2<cutlass_80_wmma_tensorop_bf16_s161616gemm_bf16_32x32_128x2_tn_align8>(cutlass_80_wmma_tensorop_bf16_s161616gemm_bf16_32x32_128x2_tn_align8::Params)	_ZN7cutlass7Kernel2I68cutlass_80_wmma_tensorop_bf16_s161616gemm_bf16_32x32_128x2_tn_align8EEvNT_6ParamsE	0x7e1aa05fc300	761b14acafb8b02011e32d11bd437b63cca3fe882b9c4a02c89fd01d738ccb6a
3	3	48	S2R	NONE	0	0	0	S2R R4, SR_CTAID.X ;	void cutlass::Kernel2<cutlass_80_wmma_tensorop_bf16_s161616gemm_bf16_32x32_128x2_tn_align8>(cutlass_80_wmma_tensorop_bf16_s161616gemm_bf16_32x32_128x2_tn_align8::Params)	_ZN7cutlass7Kernel2I68cutlass_80_wmma_tensorop_bf16_s161616gemm_bf16_32x32_128x2_tn_align8EEvNT_6ParamsE	0x7e1aa05fc300	761b14acafb8b02011e32d11bd437b63cca3fe882b9c4a02c89fd01d738ccb6a
4	4	64	SHF.L.U32	NONE	0	0	0	SHF.L.U32 R3, R0, c[0x0][0x178], RZ ;	void cutlass::Kernel2<cutlass_80_wmma_tensorop_bf16_s161616gemm_bf16_32x32_128x2_tn_align8>(cutlass_80_wmma_tensorop_bf16_s161616gemm_bf16_32x32_128x2_tn_align8::Params)	_ZN7cutlass7Kernel2I68cutlass_80_wmma_tensorop_bf16_s161616gemm_bf16_32x32_128x2_tn_align8EEvNT_6ParamsE	0x7e1aa05fc300	761b14acafb8b02011e32d11bd437b63cca3fe882b9c4a02c89fd01d738ccb6a
5	5	80	SHF.L.U32	NONE	0	0	0	SHF.L.U32 R2, R2, c[0x0][0x178], RZ ;	void cutlass::Kernel2<cutlass_80_wmma_tensorop_bf16_s161616gemm_bf16_32x32_128x2_tn_align8>(cutlass_80_wmma_tensorop_bf16_s161616gemm_bf16_32x32_128x2_tn_align8::Params)	_ZN7cutlass7Kernel2I68cutlass_80_wmma_tensorop_bf16_s161616gemm_bf16_32x32_128x2_tn_align8EEvNT_6ParamsE	0x7e1aa05fc300	761b14acafb8b02011e32d11bd437b63cca3fe882b9c4a02c89fd01d738ccb6a
6	6	96	LOP3.LUT	NONE	0	0	0	LOP3.LUT R3, R4, R3, RZ, 0x30, !PT ;	void cutlass::Kernel2<cutlass_80_wmma_tensorop_bf16_s161616gemm_bf16_32x32_128x2_tn_align8>(cutlass_80_wmma_tensorop_bf16_s161616gemm_bf16_32x32_128x2_tn_align8::Params)	_ZN7cutlass7Kernel2I68cutlass_80_wmma_tensorop_bf16_s161616gemm_bf16_32x32_128x2_tn_align8EEvNT_6ParamsE	0x7e1aa05fc300	761b14acafb8b02011e32d11bd437b63cca3fe882b9c4a02c89fd01d738ccb6a
7	7	112	SHF.R.S32.HI	NONE	0	0	0	SHF.R.S32.HI R4, RZ, c[0x0][0x178], R4 ;	void cutlass::Kernel2<cutlass_80_wmma_tensorop_bf16_s161616gemm_bf16_32x32_128x2_tn_align8>(cutlass_80_wmma_tensorop_bf16_s161616gemm_bf16_32x32_128x2_tn_align8::Params)	_ZN7cutlass7Kernel2I68cutlass_80_wmma_tensorop_bf16_s161616gemm_bf16_32x32_128x2_tn_align8EEvNT_6ParamsE	0x7e1aa05fc300	761b14acafb8b02011e32d11bd437b63cca3fe882b9c4a02c89fd01d738ccb6a
8	8	128	IMAD.IADD	NONE	0	0	0	IMAD.IADD R2, R2, 0x1, R3 ;	void cutlass::Kernel2<cutlass_80_wmma_tensorop_bf16_s161616gemm_bf16_32x32_128x2_tn_align8>(cutlass_80_wmma_tensorop_bf16_s161616gemm_bf16_32x32_128x2_tn_align8::Params)	_ZN7cutlass7Kernel2I68cutlass_80_wmma_tensorop_bf16_s161616gemm_bf16_32x32_128x2_tn_align8EEvNT_6ParamsE	0x7e1aa05fc300	761b14acafb8b02011e32d11bd437b63cca3fe882b9c4a02c89fd01d738ccb6a
9	9	144	ISETP.GE.AND	NONE	0	0	0	ISETP.GE.AND P0, PT, R2, c[0x0][0x170], PT ;	void cutlass::Kernel2<cutlass_80_wmma_tensorop_bf16_s161616gemm_bf16_32x32_128x2_tn_align8>(cutlass_80_wmma_tensorop_bf16_s161616gemm_bf16_32x32_128x2_tn_align8::Params)	_ZN7cutlass7Kernel2I68cutlass_80_wmma_tensorop_bf16_s161616gemm_bf16_32x32_128x2_tn_align8EEvNT_6ParamsE	0x7e1aa05fc300	761b14acafb8b02011e32d11bd437b63cca3fe882b9c4a02c89fd01d738ccb6a
10	10	160	ISETP.GE.OR	NONE	0	0	0	ISETP.GE.OR P0, PT, R4, c[0x0][0x16c], P0 ;	void cutlass::Kernel2<cutlass_80_wmma_tensorop_bf16_s161616gemm_bf16_32x32_128x2_tn_align8>(cutlass_80_wmma_tensorop_bf16_s161616gemm_bf16_32x32_128x2_tn_align8::Params)	_ZN7cutlass7Kernel2I68cutlass_80_wmma_tensorop_bf16_s161616gemm_bf16_32x32_128x2_tn_align8EEvNT_6ParamsE	0x7e1aa05fc300	761b14acafb8b02011e32d11bd437b63cca3fe882b9c4a02c89fd01d738ccb6a
11	11	176	EXIT	NONE	0	0	0	@P0 EXIT ;	void cutlass::Kernel2<cutlass_80_wmma_tensorop_bf16_s161616gemm_bf16_32x32_128x2_tn_align8>(cutlass_80_wmma_tensorop_bf16_s161616gemm_bf16_32x32_128x2_tn_align8::Params)	_ZN7cutlass7Kernel2I68cutlass_80_wmma_tensorop_bf16_s161616gemm_bf16_32x32_128x2_tn_align8EEvNT_6ParamsE	0x7e1aa05fc300	761b14acafb8b02011e32d11bd437b63cca3fe882b9c4a02c89fd01d738ccb6a
12	12	192	S2R	NONE	0	0	0	S2R R73, SR_CTAID.Z ;	void cutlass::Kernel2<cutlass_80_wmma_tensorop_bf16_s161616gemm_bf16_32x32_128x2_tn_align8>(cutlass_80_wmma_tensorop_bf16_s161616gemm_bf16_32x32_128x2_tn_align8::Params)	_ZN7cutlass7Kernel2I68cutlass_80_wmma_tensorop_bf16_s161616gemm_bf16_32x32_128x2_tn_align8EEvNT_6ParamsE	0x7e1aa05fc300	761b14acafb8b02011e32d11bd437b63cca3fe882b9c4a02c89fd01d738ccb6a
13	13	208	IMAD.MOV.U32	NONE	0	0	0	IMAD.MOV.U32 R3, RZ, RZ, c[0x0][0x17c] ;	void cutlass::Kernel2<cutlass_80_wmma_tensorop_bf16_s161616gemm_bf16_32x32_128x2_tn_align8>(cutlass_80_wmma_tensorop_bf16_s161616gemm_bf16_32x32_128x2_tn_align8::Params)	_ZN7cutlass7Kernel2I68cutlass_80_wmma_tensorop_bf16_s161616gemm_bf16_32x32_128x2_tn_align8EEvNT_6ParamsE	0x7e1aa05fc300	761b14acafb8b02011e32d11bd437b63cca3fe882b9c4a02c89fd01d738ccb6a
14	14	224	ULDC.64	NONE	0	0	0	ULDC.64 UR4, c[0x0][0x118] ;	void cutlass::Kernel2<cutlass_80_wmma_tensorop_bf16_s161616gemm_bf16_32x32_128x2_tn_align8>(cutlass_80_wmma_tensorop_bf16_s161616gemm_bf16_32x32_128x2_tn_align8::Params)	_ZN7cutlass7Kernel2I68cutlass_80_wmma_tensorop_bf16_s161616gemm_bf16_32x32_128x2_tn_align8EEvNT_6ParamsE	0x7e1aa05fc300	761b14acafb8b02011e32d11bd437b63cca3fe882b9c4a02c89fd01d738ccb6a
15	15	240	MOV	CONSTANT	0	0	0	MOV R36, c[0x0][0x278] ;	void cutlass::Kernel2<cutlass_80_wmma_tensorop_bf16_s161616gemm_bf16_32x32_128x2_tn_align8>(cutlass_80_wmma_tensorop_bf16_s161616gemm_bf16_32x32_128x2_tn_align8::Params)	_ZN7cutlass7Kernel2I68cutlass_80_wmma_tensorop_bf16_s161616gemm_bf16_32x32_128x2_tn_align8EEvNT_6ParamsE	0x7e1aa05fc300	761b14acafb8b02011e32d11bd437b63cca3fe882b9c4a02c89fd01d738ccb6a
16	16	256	IMAD.MOV.U32	NONE	0	0	0	IMAD.MOV.U32 R37, RZ, RZ, c[0x0][0x27c] ;	void cutlass::Kernel2<cutlass_80_wmma_tensorop_bf16_s161616gemm_bf16_32x32_128x2_tn_align8>(cutlass_80_wmma_tensorop_bf16_s161616gemm_bf16_32x32_128x2_tn_align8::Params)	_ZN7cutlass7Kernel2I68cutlass_80_wmma_tensorop_bf16_s161616gemm_bf16_32x32_128x2_tn_align8EEvNT_6ParamsE	0x7e1aa05fc300	761b14acafb8b02011e32d11bd437b63cca3fe882b9c4a02c89fd01d738ccb6a
17	17	272	MOV	CONSTANT	0	0	0	MOV R38, c[0x0][0x280] ;	void cutlass::Kernel2<cutlass_80_wmma_tensorop_bf16_s161616gemm_bf16_32x32_128x2_tn_align8>(cutlass_80_wmma_tensorop_bf16_s161616gemm_bf16_32x32_128x2_tn_align8::Params)	_ZN7cutlass7Kernel2I68cutlass_80_wmma_tensorop_bf16_s161616gemm_bf16_32x32_128x2_tn_align8EEvNT_6ParamsE	0x7e1aa05fc300	761b14acafb8b02011e32d11bd437b63cca3fe882b9c4a02c89fd01d738ccb6a
18	18	288	IMAD.MOV.U32	NONE	0	0	0	IMAD.MOV.U32 R39, RZ, RZ, c[0x0][0x284] ;	void cutlass::Kernel2<cutlass_80_wmma_tensorop_bf16_s161616gemm_bf16_32x32_128x2_tn_align8>(cutlass_80_wmma_tensorop_bf16_s161616gemm_bf16_32x32_128x2_tn_align8::Params)	_ZN7cutlass7Kernel2I68cutlass_80_wmma_tensorop_bf16_s161616gemm_bf16_32x32_128x2_tn_align8EEvNT_6ParamsE	0x7e1aa05fc300	761b14acafb8b02011e32d11bd437b63cca3fe882b9c4a02c89fd01d738ccb6a
19	19	304	ISETP.GE.U32.AND	NONE	0	0	0	ISETP.GE.U32.AND P0, PT, R3, 0x2, PT ;	void cutlass::Kernel2<cutlass_80_wmma_tensorop_bf16_s161616gemm_bf16_32x32_128x2_tn_align8>(cutlass_80_wmma_tensorop_bf16_s161616gemm_bf16_32x32_128x2_tn_align8::Params)	_ZN7cutlass7Kernel2I68cutlass_80_wmma_tensorop_bf16_s161616gemm_bf16_32x32_128x2_tn_align8EEvNT_6ParamsE	0x7e1aa05fc300	761b14acafb8b02011e32d11bd437b63cca3fe882b9c4a02c89fd01d738ccb6a
20	20	320	BRA	NONE	0	0	0	@!P0 BRA 0x2f0 ;	void cutlass::Kernel2<cutlass_80_wmma_tensorop_bf16_s161616gemm_bf16_32x32_128x2_tn_align8>(cutlass_80_wmma_tensorop_bf16_s161616gemm_bf16_32x32_128x2_tn_align8::Params)	_ZN7cutlass7Kernel2I68cutlass_80_wmma_tensorop_bf16_s161616gemm_bf16_32x32_128x2_tn_align8EEvNT_6ParamsE	0x7e1aa05fc300	761b14acafb8b02011e32d11bd437b63cca3fe882b9c4a02c89fd01d738ccb6a
21	21	336	ISETP.NE.AND	NONE	0	0	0	ISETP.NE.AND P0, PT, R3, 0x2, PT ;	void cutlass::Kernel2<cutlass_80_wmma_tensorop_bf16_s161616gemm_bf16_32x32_128x2_tn_align8>(cutlass_80_wmma_tensorop_bf16_s161616gemm_bf16_32x32_128x2_tn_align8::Params)	_ZN7cutlass7Kernel2I68cutlass_80_wmma_tensorop_bf16_s161616gemm_bf16_32x32_128x2_tn_align8EEvNT_6ParamsE	0x7e1aa05fc300	761b14acafb8b02011e32d11bd437b63cca3fe882b9c4a02c89fd01d738ccb6a
22	22	352	IMAD.MOV.U32	NONE	0	0	0	IMAD.MOV.U32 R0, RZ, RZ, c[0x0][0x168] ;	void cutlass::Kernel2<cutlass_80_wmma_tensorop_bf16_s161616gemm_bf16_32x32_128x2_tn_align8>(cutlass_80_wmma_tensorop_bf16_s161616gemm_bf16_32x32_128x2_tn_align8::Params)	_ZN7cutlass7Kernel2I68cutlass_80_wmma_tensorop_bf16_s161616gemm_bf16_32x32_128x2_tn_align8EEvNT_6ParamsE	0x7e1aa05fc300	761b14acafb8b02011e32d11bd437b63cca3fe882b9c4a02c89fd01d738ccb6a
23	23	368	MOV	NONE	0	0	0	MOV R43, RZ ;	void cutlass::Kernel2<cutlass_80_wmma_tensorop_bf16_s161616gemm_bf16_32x32_128x2_tn_align8>(cutlass_80_wmma_tensorop_bf16_s161616gemm_bf16_32x32_128x2_tn_align8::Params)	_ZN7cutlass7Kernel2I68cutlass_80_wmma_tensorop_bf16_s161616gemm_bf16_32x32_128x2_tn_align8EEvNT_6ParamsE	0x7e1aa05fc300	761b14acafb8b02011e32d11bd437b63cca3fe882b9c4a02c89fd01d738ccb6a
24	24	384	BRA	NONE	0	0	0	@!P0 BRA 0x210 ;	void cutlass::Kernel2<cutlass_80_wmma_tensorop_bf16_s161616gemm_bf16_32x32_128x2_tn_align8>(cutlass_80_wmma_tensorop_bf16_s161616gemm_bf16_32x32_128x2_tn_align8::Params)	_ZN7cutlass7Kernel2I68cutlass_80_wmma_tensorop_bf16_s161616gemm_bf16_32x32_128x2_tn_align8EEvNT_6ParamsE	0x7e1aa05fc300	761b14acafb8b02011e32d11bd437b63cca3fe882b9c4a02c89fd01d738ccb6a
25	25	400	ISETP.NE.AND	NONE	0	0	0	ISETP.NE.AND P0, PT, R3, 0x3, PT ;	void cutlass::Kernel2<cutlass_80_wmma_tensorop_bf16_s161616gemm_bf16_32x32_128x2_tn_align8>(cutlass_80_wmma_tensorop_bf16_s161616gemm_bf16_32x32_128x2_tn_align8::Params)	_ZN7cutlass7Kernel2I68cutlass_80_wmma_tensorop_bf16_s161616gemm_bf16_32x32_128x2_tn_align8EEvNT_6ParamsE	0x7e1aa05fc300	761b14acafb8b02011e32d11bd437b63cca3fe882b9c4a02c89fd01d738ccb6a
26	26	416	BRA	NONE	0	0	0	@P0 BRA 0x340 ;	void cutlass::Kernel2<cutlass_80_wmma_tensorop_bf16_s161616gemm_bf16_32x32_128x2_tn_align8>(cutlass_80_wmma_tensorop_bf16_s161616gemm_bf16_32x32_128x2_tn_align8::Params)	_ZN7cutlass7Kernel2I68cutlass_80_wmma_tensorop_bf16_s161616gemm_bf16_32x32_128x2_tn_align8EEvNT_6ParamsE	0x7e1aa05fc300	761b14acafb8b02011e32d11bd437b63cca3fe882b9c4a02c89fd01d738ccb6a
27	27	432	MOV	NONE	0	0	0	MOV R38, 0x8 ;	void cutlass::Kernel2<cutlass_80_wmma_tensorop_bf16_s161616gemm_bf16_32x32_128x2_tn_align8>(cutlass_80_wmma_tensorop_bf16_s161616gemm_bf16_32x32_128x2_tn_align8::Params)	_ZN7cutlass7Kernel2I68cutlass_80_wmma_tensorop_bf16_s161616gemm_bf16_32x32_128x2_tn_align8EEvNT_6ParamsE	0x7e1aa05fc300	761b14acafb8b02011e32d11bd437b63cca3fe882b9c4a02c89fd01d738ccb6a
28	28	448	IMAD.WIDE	NONE	0	0	0	IMAD.WIDE R36, R73, R38, c[0x0][0x278] ;	void cutlass::Kernel2<cutlass_80_wmma_tensorop_bf16_s161616gemm_bf16_32x32_128x2_tn_align8>(cutlass_80_wmma_tensorop_bf16_s161616gemm_bf16_32x32_128x2_tn_align8::Params)	_ZN7cutlass7Kernel2I68cutlass_80_wmma_tensorop_bf16_s161616gemm_bf16_32x32_128x2_tn_align8EEvNT_6ParamsE	0x7e1aa05fc300	761b14acafb8b02011e32d11bd437b63cca3fe882b9c4a02c89fd01d738ccb6a
29	29	464	IMAD.WIDE	NONE	0	0	0	IMAD.WIDE R38, R73, R38, c[0x0][0x280] ;	void cutlass::Kernel2<cutlass_80_wmma_tensorop_bf16_s161616gemm_bf16_32x32_128x2_tn_align8>(cutlass_80_wmma_tensorop_bf16_s161616gemm_bf16_32x32_128x2_tn_align8::Params)	_ZN7cutlass7Kernel2I68cutlass_80_wmma_tensorop_bf16_s161616gemm_bf16_32x32_128x2_tn_align8EEvNT_6ParamsE	0x7e1aa05fc300	761b14acafb8b02011e32d11bd437b63cca3fe882b9c4a02c89fd01d738ccb6a
30	30	480	LDG.E.64	GLOBAL	1	0	1	LDG.E.64 R36, [R36.64] ;	void cutlass::Kernel2<cutlass_80_wmma_tensorop_bf16_s161616gemm_bf16_32x32_128x2_tn_align8>(cutlass_80_wmma_tensorop_bf16_s161616gemm_bf16_32x32_128x2_tn_align8::Params)	_ZN7cutlass7Kernel2I68cutlass_80_wmma_tensorop_bf16_s161616gemm_bf16_32x32_128x2_tn_align8EEvNT_6ParamsE	0x7e1aa05fc300	761b14acafb8b02011e32d11bd437b63cca3fe882b9c4a02c89fd01d738ccb6a
31	31	496	LDG.E.64	GLOBAL	1	0	1	LDG.E.64 R38, [R38.64] ;	void cutlass::Kernel2<cutlass_80_wmma_tensorop_bf16_s161616gemm_bf16_32x32_128x2_tn_align8>(cutlass_80_wmma_tensorop_bf16_s161616gemm_bf16_32x32_128x2_tn_align8::Params)	_ZN7cutlass7Kernel2I68cutlass_80_wmma_tensorop_bf16_s161616gemm_bf16_32x32_128x2_tn_align8EEvNT_6ParamsE	0x7e1aa05fc300	761b14acafb8b02011e32d11bd437b63cca3fe882b9c4a02c89fd01d738ccb6a
32	32	512	BRA	NONE	0	0	0	BRA 0x340 ;	void cutlass::Kernel2<cutlass_80_wmma_tensorop_bf16_s161616gemm_bf16_32x32_128x2_tn_align8>(cutlass_80_wmma_tensorop_bf16_s161616gemm_bf16_32x32_128x2_tn_align8::Params)	_ZN7cutlass7Kernel2I68cutlass_80_wmma_tensorop_bf16_s161616gemm_bf16_32x32_128x2_tn_align8EEvNT_6ParamsE	0x7e1aa05fc300	761b14acafb8b02011e32d11bd437b63cca3fe882b9c4a02c89fd01d738ccb6a
33	33	528	SHF.R.S32.HI	NONE	0	0	0	SHF.R.S32.HI R10, RZ, 0x1f, R73 ;	void cutlass::Kernel2<cutlass_80_wmma_tensorop_bf16_s161616gemm_bf16_32x32_128x2_tn_align8>(cutlass_80_wmma_tensorop_bf16_s161616gemm_bf16_32x32_128x2_tn_align8::Params)	_ZN7cutlass7Kernel2I68cutlass_80_wmma_tensorop_bf16_s161616gemm_bf16_32x32_128x2_tn_align8EEvNT_6ParamsE	0x7e1aa05fc300	761b14acafb8b02011e32d11bd437b63cca3fe882b9c4a02c89fd01d738ccb6a
34	34	544	IMAD.WIDE.U32	NONE	0	0	0	IMAD.WIDE.U32 R8, R73, c[0x0][0x298], RZ ;	void cutlass::Kernel2<cutlass_80_wmma_tensorop_bf16_s161616gemm_bf16_32x32_128x2_tn_align8>(cutlass_80_wmma_tensorop_bf16_s161616gemm_bf16_32x32_128x2_tn_align8::Params)	_ZN7cutlass7Kernel2I68cutlass_80_wmma_tensorop_bf16_s161616gemm_bf16_32x32_128x2_tn_align8EEvNT_6ParamsE	0x7e1aa05fc300	761b14acafb8b02011e32d11bd437b63cca3fe882b9c4a02c89fd01d738ccb6a
35	35	560	IMAD	NONE	0	0	0	IMAD R12, R10, c[0x0][0x298], RZ ;	void cutlass::Kernel2<cutlass_80_wmma_tensorop_bf16_s161616gemm_bf16_32x32_128x2_tn_align8>(cutlass_80_wmma_tensorop_bf16_s161616gemm_bf16_32x32_128x2_tn_align8::Params)	_ZN7cutlass7Kernel2I68cutlass_80_wmma_tensorop_bf16_s161616gemm_bf16_32x32_128x2_tn_align8EEvNT_6ParamsE	0x7e1aa05fc300	761b14acafb8b02011e32d11bd437b63cca3fe882b9c4a02c89fd01d738ccb6a
36	36	576	LEA	NONE	0	0	0	LEA R36, P1, R8, c[0x0][0x278], 0x1 ;	void cutlass::Kernel2<cutlass_80_wmma_tensorop_bf16_s161616gemm_bf16_32x32_128x2_tn_align8>(cutlass_80_wmma_tensorop_bf16_s161616gemm_bf16_32x32_128x2_tn_align8::Params)	_ZN7cutlass7Kernel2I68cutlass_80_wmma_tensorop_bf16_s161616gemm_bf16_32x32_128x2_tn_align8EEvNT_6ParamsE	0x7e1aa05fc300	761b14acafb8b02011e32d11bd437b63cca3fe882b9c4a02c89fd01d738ccb6a
37	37	592	IMAD	NONE	0	0	0	IMAD R10, R10, c[0x0][0x2a0], RZ ;	void cutlass::Kernel2<cutlass_80_wmma_tensorop_bf16_s161616gemm_bf16_32x32_128x2_tn_align8>(cutlass_80_wmma_tensorop_bf16_s161616gemm_bf16_32x32_128x2_tn_align8::Params)	_ZN7cutlass7Kernel2I68cutlass_80_wmma_tensorop_bf16_s161616gemm_bf16_32x32_128x2_tn_align8EEvNT_6ParamsE	0x7e1aa05fc300	761b14acafb8b02011e32d11bd437b63cca3fe882b9c4a02c89fd01d738ccb6a
38	38	608	IMAD.WIDE.U32	NONE	0	0	0	IMAD.WIDE.U32 R6, R73, c[0x0][0x2a0], RZ ;	void cutlass::Kernel2<cutlass_80_wmma_tensorop_bf16_s161616gemm_bf16_32x32_128x2_tn_align8>(cutlass_80_wmma_tensorop_bf16_s161616gemm_bf16_32x32_128x2_tn_align8::Params)	_ZN7cutlass7Kernel2I68cutlass_80_wmma_tensorop_bf16_s161616gemm_bf16_32x32_128x2_tn_align8EEvNT_6ParamsE	0x7e1aa05fc300	761b14acafb8b02011e32d11bd437b63cca3fe882b9c4a02c89fd01d738ccb6a
39	39	624	IMAD	NONE	0	0	0	IMAD R37, R73.reuse, c[0x0][0x29c], R12 ;	void cutlass::Kernel2<cutlass_80_wmma_tensorop_bf16_s161616gemm_bf16_32x32_128x2_tn_align8>(cutlass_80_wmma_tensorop_bf16_s161616gemm_bf16_32x32_128x2_tn_align8::Params)	_ZN7cutlass7Kernel2I68cutlass_80_wmma_tensorop_bf16_s161616gemm_bf16_32x32_128x2_tn_align8EEvNT_6ParamsE	0x7e1aa05fc300	761b14acafb8b02011e32d11bd437b63cca3fe882b9c4a02c89fd01d738ccb6a
40	40	640	LEA	NONE	0	0	0	LEA R38, P0, R6, c[0x0][0x280], 0x1 ;	void cutlass::Kernel2<cutlass_80_wmma_tensorop_bf16_s161616gemm_bf16_32x32_128x2_tn_align8>(cutlass_80_wmma_tensorop_bf16_s161616gemm_bf16_32x32_128x2_tn_align8::Params)	_ZN7cutlass7Kernel2I68cutlass_80_wmma_tensorop_bf16_s161616gemm_bf16_32x32_128x2_tn_align8EEvNT_6ParamsE	0x7e1aa05fc300	761b14acafb8b02011e32d11bd437b63cca3fe882b9c4a02c89fd01d738ccb6a
41	41	656	IMAD	NONE	0	0	0	IMAD R39, R73, c[0x0][0x2a4], R10 ;	void cutlass::Kernel2<cutlass_80_wmma_tensorop_bf16_s161616gemm_bf16_32x32_128x2_tn_align8>(cutlass_80_wmma_tensorop_bf16_s161616gemm_bf16_32x32_128x2_tn_align8::Params)	_ZN7cutlass7Kernel2I68cutlass_80_wmma_tensorop_bf16_s161616gemm_bf16_32x32_128x2_tn_align8EEvNT_6ParamsE	0x7e1aa05fc300	761b14acafb8b02011e32d11bd437b63cca3fe882b9c4a02c89fd01d738ccb6a
42	42	672	IADD3	NONE	0	0	0	IADD3 R37, R9, R37, RZ ;	void cutlass::Kernel2<cutlass_80_wmma_tensorop_bf16_s161616gemm_bf16_32x32_128x2_tn_align8>(cutlass_80_wmma_tensorop_bf16_s161616gemm_bf16_32x32_128x2_tn_align8::Params)	_ZN7cutlass7Kernel2I68cutlass_80_wmma_tensorop_bf16_s161616gemm_bf16_32x32_128x2_tn_align8EEvNT_6ParamsE	0x7e1aa05fc300	761b14acafb8b02011e32d11bd437b63cca3fe882b9c4a02c89fd01d738ccb6a
43	43	688	IADD3	NONE	0	0	0	IADD3 R39, R7, R39, RZ ;	void cutlass::Kernel2<cutlass_80_wmma_tensorop_bf16_s161616gemm_bf16_32x32_128x2_tn_align8>(cutlass_80_wmma_tensorop_bf16_s161616gemm_bf16_32x32_128x2_tn_align8::Params)	_ZN7cutlass7Kernel2I68cutlass_80_wmma_tensorop_bf16_s161616gemm_bf16_32x32_128x2_tn_align8EEvNT_6ParamsE	0x7e1aa05fc300	761b14acafb8b02011e32d11bd437b63cca3fe882b9c4a02c89fd01d738ccb6a
44	44	704	LEA.HI.X	NONE	0	0	0	LEA.HI.X R37, R8, c[0x0][0x27c], R37, 0x1, P1 ;	void cutlass::Kernel2<cutlass_80_wmma_tensorop_bf16_s161616gemm_bf16_32x32_128x2_tn_align8>(cutlass_80_wmma_tensorop_bf16_s161616gemm_bf16_32x32_128x2_tn_align8::Params)	_ZN7cutlass7Kernel2I68cutlass_80_wmma_tensorop_bf16_s161616gemm_bf16_32x32_128x2_tn_align8EEvNT_6ParamsE	0x7e1aa05fc300	761b14acafb8b02011e32d11bd437b63cca3fe882b9c4a02c89fd01d738ccb6a
45	45	720	LEA.HI.X	NONE	0	0	0	LEA.HI.X R39, R6, c[0x0][0x284], R39, 0x1, P0 ;	void cutlass::Kernel2<cutlass_80_wmma_tensorop_bf16_s161616gemm_bf16_32x32_128x2_tn_align8>(cutlass_80_wmma_tensorop_bf16_s161616gemm_bf16_32x32_128x2_tn_align8::Params)	_ZN7cutlass7Kernel2I68cutlass_80_wmma_tensorop_bf16_s161616gemm_bf16_32x32_128x2_tn_align8EEvNT_6ParamsE	0x7e1aa05fc300	761b14acafb8b02011e32d11bd437b63cca3fe882b9c4a02c89fd01d738ccb6a
46	46	736	BRA	NONE	0	0	0	BRA 0x340 ;	void cutlass::Kernel2<cutlass_80_wmma_tensorop_bf16_s161616gemm_bf16_32x32_128x2_tn_align8>(cutlass_80_wmma_tensorop_bf16_s161616gemm_bf16_32x32_128x2_tn_align8::Params)	_ZN7cutlass7Kernel2I68cutlass_80_wmma_tensorop_bf16_s161616gemm_bf16_32x32_128x2_tn_align8EEvNT_6ParamsE	0x7e1aa05fc300	761b14acafb8b02011e32d11bd437b63cca3fe882b9c4a02c89fd01d738ccb6a
47	47	752	IADD3	NONE	0	0	0	IADD3 R0, R73.reuse, 0x1, RZ ;	void cutlass::Kernel2<cutlass_80_wmma_tensorop_bf16_s161616gemm_bf16_32x32_128x2_tn_align8>(cutlass_80_wmma_tensorop_bf16_s161616gemm_bf16_32x32_128x2_tn_align8::Params)	_ZN7cutlass7Kernel2I68cutlass_80_wmma_tensorop_bf16_s161616gemm_bf16_32x32_128x2_tn_align8EEvNT_6ParamsE	0x7e1aa05fc300	761b14acafb8b02011e32d11bd437b63cca3fe882b9c4a02c89fd01d738ccb6a
48	48	768	IMAD	NONE	0	0	0	IMAD R43, R73, c[0x0][0x184], RZ ;	void cutlass::Kernel2<cutlass_80_wmma_tensorop_bf16_s161616gemm_bf16_32x32_128x2_tn_align8>(cutlass_80_wmma_tensorop_bf16_s161616gemm_bf16_32x32_128x2_tn_align8::Params)	_ZN7cutlass7Kernel2I68cutlass_80_wmma_tensorop_bf16_s161616gemm_bf16_32x32_128x2_tn_align8EEvNT_6ParamsE	0x7e1aa05fc300	761b14acafb8b02011e32d11bd437b63cca3fe882b9c4a02c89fd01d738ccb6a
49	49	784	ISETP.GE.AND	NONE	0	0	0	ISETP.GE.AND P0, PT, R0.reuse, c[0x0][0x174], PT ;	void cutlass::Kernel2<cutlass_80_wmma_tensorop_bf16_s161616gemm_bf16_32x32_128x2_tn_align8>(cutlass_80_wmma_tensorop_bf16_s161616gemm_bf16_32x32_128x2_tn_align8::Params)	_ZN7cutlass7Kernel2I68cutlass_80_wmma_tensorop_bf16_s161616gemm_bf16_32x32_128x2_tn_align8EEvNT_6ParamsE	0x7e1aa05fc300	761b14acafb8b02011e32d11bd437b63cca3fe882b9c4a02c89fd01d738ccb6a
50	50	800	IMAD	NONE	0	0	0	IMAD R0, R0, c[0x0][0x184], RZ ;	void cutlass::Kernel2<cutlass_80_wmma_tensorop_bf16_s161616gemm_bf16_32x32_128x2_tn_align8>(cutlass_80_wmma_tensorop_bf16_s161616gemm_bf16_32x32_128x2_tn_align8::Params)	_ZN7cutlass7Kernel2I68cutlass_80_wmma_tensorop_bf16_s161616gemm_bf16_32x32_128x2_tn_align8EEvNT_6ParamsE	0x7e1aa05fc300	761b14acafb8b02011e32d11bd437b63cca3fe882b9c4a02c89fd01d738ccb6a
51	51	816	SEL	NONE	0	0	0	SEL R0, R0, c[0x0][0x168], !P0 ;	void cutlass::Kernel2<cutlass_80_wmma_tensorop_bf16_s161616gemm_bf16_32x32_128x2_tn_align8>(cutlass_80_wmma_tensorop_bf16_s161616gemm_bf16_32x32_128x2_tn_align8::Params)	_ZN7cutlass7Kernel2I68cutlass_80_wmma_tensorop_bf16_s161616gemm_bf16_32x32_128x2_tn_align8EEvNT_6ParamsE	0x7e1aa05fc300	761b14acafb8b02011e32d11bd437b63cca3fe882b9c4a02c89fd01d738ccb6a
52	52	832	S2R	NONE	0	0	0	S2R R46, SR_TID.X ;	void cutlass::Kernel2<cutlass_80_wmma_tensorop_bf16_s161616gemm_bf16_32x32_128x2_tn_align8>(cutlass_80_wmma_tensorop_bf16_s161616gemm_bf16_32x32_128x2_tn_align8::Params)	_ZN7cutlass7Kernel2I68cutlass_80_wmma_tensorop_bf16_s161616gemm_bf16_32x32_128x2_tn_align8EEvNT_6ParamsE	0x7e1aa05fc300	761b14acafb8b02011e32d11bd437b63cca3fe882b9c4a02c89fd01d738ccb6a
53	53	848	IMAD.IADD	NONE	0	0	0	IMAD.IADD R49, R0, 0x1, -R43 ;	void cutlass::Kernel2<cutlass_80_wmma_tensorop_bf16_s161616gemm_bf16_32x32_128x2_tn_align8>(cutlass_80_wmma_tensorop_bf16_s161616gemm_bf16_32x32_128x2_tn_align8::Params)	_ZN7cutlass7Kernel2I68cutlass_80_wmma_tensorop_bf16_s161616gemm_bf16_32x32_128x2_tn_align8EEvNT_6ParamsE	0x7e1aa05fc300	761b14acafb8b02011e32d11bd437b63cca3fe882b9c4a02c89fd01d738ccb6a
54	54	864	CS2R	NONE	0	0	0	CS2R R32, SRZ ;	void cutlass::Kernel2<cutlass_80_wmma_tensorop_bf16_s161616gemm_bf16_32x32_128x2_tn_align8>(cutlass_80_wmma_tensorop_bf16_s161616gemm_bf16_32x32_128x2_tn_align8::Params)	_ZN7cutlass7Kernel2I68cutlass_80_wmma_tensorop_bf16_s161616gemm_bf16_32x32_128x2_tn_align8EEvNT_6ParamsE	0x7e1aa05fc300	761b14acafb8b02011e32d11bd437b63cca3fe882b9c4a02c89fd01d738ccb6a
55	55	880	CS2R	NONE	0	0	0	CS2R R34, SRZ ;	void cutlass::Kernel2<cutlass_80_wmma_tensorop_bf16_s161616gemm_bf16_32x32_128x2_tn_align8>(cutlass_80_wmma_tensorop_bf16_s161616gemm_bf16_32x32_128x2_tn_align8::Params)	_ZN7cutlass7Kernel2I68cutlass_80_wmma_tensorop_bf16_s161616gemm_bf16_32x32_128x2_tn_align8EEvNT_6ParamsE	0x7e1aa05fc300	761b14acafb8b02011e32d11bd437b63cca3fe882b9c4a02c89fd01d738ccb6a
56	56	896	BAR.SYNC.DEFER_BLOCKING	NONE	0	0	0	BAR.SYNC.DEFER_BLOCKING 0x0 ;	void cutlass::Kernel2<cutlass_80_wmma_tensorop_bf16_s161616gemm_bf16_32x32_128x2_tn_align8>(cutlass_80_wmma_tensorop_bf16_s161616gemm_bf16_32x32_128x2_tn_align8::Params)	_ZN7cutlass7Kernel2I68cutlass_80_wmma_tensorop_bf16_s161616gemm_bf16_32x32_128x2_tn_align8EEvNT_6ParamsE	0x7e1aa05fc300	761b14acafb8b02011e32d11bd437b63cca3fe882b9c4a02c89fd01d738ccb6a
57	57	912	SHF.R.S32.HI	NONE	0	0	0	SHF.R.S32.HI R48, RZ, 0x1f, R49 ;	void cutlass::Kernel2<cutlass_80_wmma_tensorop_bf16_s161616gemm_bf16_32x32_128x2_tn_align8>(cutlass_80_wmma_tensorop_bf16_s161616gemm_bf16_32x32_128x2_tn_align8::Params)	_ZN7cutlass7Kernel2I68cutlass_80_wmma_tensorop_bf16_s161616gemm_bf16_32x32_128x2_tn_align8EEvNT_6ParamsE	0x7e1aa05fc300	761b14acafb8b02011e32d11bd437b63cca3fe882b9c4a02c89fd01d738ccb6a
58	58	928	LEA.HI	NONE	0	0	0	LEA.HI R48, R48, R49, RZ, 0x7 ;	void cutlass::Kernel2<cutlass_80_wmma_tensorop_bf16_s161616gemm_bf16_32x32_128x2_tn_align8>(cutlass_80_wmma_tensorop_bf16_s161616gemm_bf16_32x32_128x2_tn_align8::Params)	_ZN7cutlass7Kernel2I68cutlass_80_wmma_tensorop_bf16_s161616gemm_bf16_32x32_128x2_tn_align8EEvNT_6ParamsE	0x7e1aa05fc300	761b14acafb8b02011e32d11bd437b63cca3fe882b9c4a02c89fd01d738ccb6a
59	59	944	CS2R	NONE	0	0	0	CS2R R28, SRZ ;	void cutlass::Kernel2<cutlass_80_wmma_tensorop_bf16_s161616gemm_bf16_32x32_128x2_tn_align8>(cutlass_80_wmma_tensorop_bf16_s161616gemm_bf16_32x32_128x2_tn_align8::Params)	_ZN7cutlass7Kernel2I68cutlass_80_wmma_tensorop_bf16_s161616gemm_bf16_32x32_128x2_tn_align8EEvNT_6ParamsE	0x7e1aa05fc300	761b14acafb8b02011e32d11bd437b63cca3fe882b9c4a02c89fd01d738ccb6a
60	60	960	CS2R	NONE	0	0	0	CS2R R30, SRZ ;	void cutlass::Kernel2<cutlass_80_wmma_tensorop_bf16_s161616gemm_bf16_32x32_128x2_tn_align8>(cutlass_80_wmma_tensorop_bf16_s161616gemm_bf16_32x32_128x2_tn_align8::Params)	_ZN7cutlass7Kernel2I68cutlass_80_wmma_tensorop_bf16_s161616gemm_bf16_32x32_128x2_tn_align8EEvNT_6ParamsE	0x7e1aa05fc300	761b14acafb8b02011e32d11bd437b63cca3fe882b9c4a02c89fd01d738ccb6a
61	61	976	CS2R	NONE	0	0	0	CS2R R10, SRZ ;	void cutlass::Kernel2<cutlass_80_wmma_tensorop_bf16_s161616gemm_bf16_32x32_128x2_tn_align8>(cutlass_80_wmma_tensorop_bf16_s161616gemm_bf16_32x32_128x2_tn_align8::Params)	_ZN7cutlass7Kernel2I68cutlass_80_wmma_tensorop_bf16_s161616gemm_bf16_32x32_128x2_tn_align8EEvNT_6ParamsE	0x7e1aa05fc300	761b14acafb8b02011e32d11bd437b63cca3fe882b9c4a02c89fd01d738ccb6a
62	62	992	LOP3.LUT	NONE	0	0	0	LOP3.LUT R48, R48, 0xffffff80, RZ, 0xc0, !PT ;	void cutlass::Kernel2<cutlass_80_wmma_tensorop_bf16_s161616gemm_bf16_32x32_128x2_tn_align8>(cutlass_80_wmma_tensorop_bf16_s161616gemm_bf16_32x32_128x2_tn_align8::Params)	_ZN7cutlass7Kernel2I68cutlass_80_wmma_tensorop_bf16_s161616gemm_bf16_32x32_128x2_tn_align8EEvNT_6ParamsE	0x7e1aa05fc300	761b14acafb8b02011e32d11bd437b63cca3fe882b9c4a02c89fd01d738ccb6a
63	63	1008	CS2R	NONE	0	0	0	CS2R R24, SRZ ;	void cutlass::Kernel2<cutlass_80_wmma_tensorop_bf16_s161616gemm_bf16_32x32_128x2_tn_align8>(cutlass_80_wmma_tensorop_bf16_s161616gemm_bf16_32x32_128x2_tn_align8::Params)	_ZN7cutlass7Kernel2I68cutlass_80_wmma_tensorop_bf16_s161616gemm_bf16_32x32_128x2_tn_align8EEvNT_6ParamsE	0x7e1aa05fc300	761b14acafb8b02011e32d11bd437b63cca3fe882b9c4a02c89fd01d738ccb6a
64	64	1024	CS2R	NONE	0	0	0	CS2R R26, SRZ ;	void cutlass::Kernel2<cutlass_80_wmma_tensorop_bf16_s161616gemm_bf16_32x32_128x2_tn_align8>(cutlass_80_wmma_tensorop_bf16_s161616gemm_bf16_32x32_128x2_tn_align8::Params)	_ZN7cutlass7Kernel2I68cutlass_80_wmma_tensorop_bf16_s161616gemm_bf16_32x32_128x2_tn_align8EEvNT_6ParamsE	0x7e1aa05fc300	761b14acafb8b02011e32d11bd437b63cca3fe882b9c4a02c89fd01d738ccb6a
65	65	1040	CS2R	NONE	0	0	0	CS2R R20, SRZ ;	void cutlass::Kernel2<cutlass_80_wmma_tensorop_bf16_s161616gemm_bf16_32x32_128x2_tn_align8>(cutlass_80_wmma_tensorop_bf16_s161616gemm_bf16_32x32_128x2_tn_align8::Params)	_ZN7cutlass7Kernel2I68cutlass_80_wmma_tensorop_bf16_s161616gemm_bf16_32x32_128x2_tn_align8EEvNT_6ParamsE	0x7e1aa05fc300	761b14acafb8b02011e32d11bd437b63cca3fe882b9c4a02c89fd01d738ccb6a
66	66	1056	CS2R	NONE	0	0	0	CS2R R22, SRZ ;	void cutlass::Kernel2<cutlass_80_wmma_tensorop_bf16_s161616gemm_bf16_32x32_128x2_tn_align8>(cutlass_80_wmma_tensorop_bf16_s161616gemm_bf16_32x32_128x2_tn_align8::Params)	_ZN7cutlass7Kernel2I68cutlass_80_wmma_tensorop_bf16_s161616gemm_bf16_32x32_128x2_tn_align8EEvNT_6ParamsE	0x7e1aa05fc300	761b14acafb8b02011e32d11bd437b63cca3fe882b9c4a02c89fd01d738ccb6a
67	67	1072	IMAD.IADD	NONE	0	0	0	IMAD.IADD R48, R49, 0x1, -R48 ;	void cutlass::Kernel2<cutlass_80_wmma_tensorop_bf16_s161616gemm_bf16_32x32_128x2_tn_align8>(cutlass_80_wmma_tensorop_bf16_s161616gemm_bf16_32x32_128x2_tn_align8::Params)	_ZN7cutlass7Kernel2I68cutlass_80_wmma_tensorop_bf16_s161616gemm_bf16_32x32_128x2_tn_align8EEvNT_6ParamsE	0x7e1aa05fc300	761b14acafb8b02011e32d11bd437b63cca3fe882b9c4a02c89fd01d738ccb6a
68	68	1088	CS2R	NONE	0	0	0	CS2R R16, SRZ ;	void cutlass::Kernel2<cutlass_80_wmma_tensorop_bf16_s161616gemm_bf16_32x32_128x2_tn_align8>(cutlass_80_wmma_tensorop_bf16_s161616gemm_bf16_32x32_128x2_tn_align8::Params)	_ZN7cutlass7Kernel2I68cutlass_80_wmma_tensorop_bf16_s161616gemm_bf16_32x32_128x2_tn_align8EEvNT_6ParamsE	0x7e1aa05fc300	761b14acafb8b02011e32d11bd437b63cca3fe882b9c4a02c89fd01d738ccb6a
69	69	1104	CS2R	NONE	0	0	0	CS2R R18, SRZ ;	void cutlass::Kernel2<cutlass_80_wmma_tensorop_bf16_s161616gemm_bf16_32x32_128x2_tn_align8>(cutlass_80_wmma_tensorop_bf16_s161616gemm_bf16_32x32_128x2_tn_align8::Params)	_ZN7cutlass7Kernel2I68cutlass_80_wmma_tensorop_bf16_s161616gemm_bf16_32x32_128x2_tn_align8EEvNT_6ParamsE	0x7e1aa05fc300	761b14acafb8b02011e32d11bd437b63cca3fe882b9c4a02c89fd01d738ccb6a
70	70	1120	ULDC.64	NONE	0	0	0	ULDC.64 UR6, c[0x0][0x18] ;	void cutlass::Kernel2<cutlass_80_wmma_tensorop_bf16_s161616gemm_bf16_32x32_128x2_tn_align8>(cutlass_80_wmma_tensorop_bf16_s161616gemm_bf16_32x32_128x2_tn_align8::Params)	_ZN7cutlass7Kernel2I68cutlass_80_wmma_tensorop_bf16_s161616gemm_bf16_32x32_128x2_tn_align8EEvNT_6ParamsE	0x7e1aa05fc300	761b14acafb8b02011e32d11bd437b63cca3fe882b9c4a02c89fd01d738ccb6a
71	71	1136	SHF.R.S32.HI	NONE	0	0	0	SHF.R.S32.HI R47, RZ, 0x1f, R46 ;	void cutlass::Kernel2<cutlass_80_wmma_tensorop_bf16_s161616gemm_bf16_32x32_128x2_tn_align8>(cutlass_80_wmma_tensorop_bf16_s161616gemm_bf16_32x32_128x2_tn_align8::Params)	_ZN7cutlass7Kernel2I68cutlass_80_wmma_tensorop_bf16_s161616gemm_bf16_32x32_128x2_tn_align8EEvNT_6ParamsE	0x7e1aa05fc300	761b14acafb8b02011e32d11bd437b63cca3fe882b9c4a02c89fd01d738ccb6a
72	72	1152	ISETP.NE.AND	NONE	0	0	0	ISETP.NE.AND P0, PT, R48.reuse, RZ, PT ;	void cutlass::Kernel2<cutlass_80_wmma_tensorop_bf16_s161616gemm_bf16_32x32_128x2_tn_align8>(cutlass_80_wmma_tensorop_bf16_s161616gemm_bf16_32x32_128x2_tn_align8::Params)	_ZN7cutlass7Kernel2I68cutlass_80_wmma_tensorop_bf16_s161616gemm_bf16_32x32_128x2_tn_align8EEvNT_6ParamsE	0x7e1aa05fc300	761b14acafb8b02011e32d11bd437b63cca3fe882b9c4a02c89fd01d738ccb6a
73	73	1168	LEA.HI	NONE	0	0	0	LEA.HI R47, R47, R46, RZ, 0x4 ;	void cutlass::Kernel2<cutlass_80_wmma_tensorop_bf16_s161616gemm_bf16_32x32_128x2_tn_align8>(cutlass_80_wmma_tensorop_bf16_s161616gemm_bf16_32x32_128x2_tn_align8::Params)	_ZN7cutlass7Kernel2I68cutlass_80_wmma_tensorop_bf16_s161616gemm_bf16_32x32_128x2_tn_align8EEvNT_6ParamsE	0x7e1aa05fc300	761b14acafb8b02011e32d11bd437b63cca3fe882b9c4a02c89fd01d738ccb6a
74	74	1184	SEL	NONE	0	0	0	SEL R48, R48, 0x80, P0 ;	void cutlass::Kernel2<cutlass_80_wmma_tensorop_bf16_s161616gemm_bf16_32x32_128x2_tn_align8>(cutlass_80_wmma_tensorop_bf16_s161616gemm_bf16_32x32_128x2_tn_align8::Params)	_ZN7cutlass7Kernel2I68cutlass_80_wmma_tensorop_bf16_s161616gemm_bf16_32x32_128x2_tn_align8EEvNT_6ParamsE	0x7e1aa05fc300	761b14acafb8b02011e32d11bd437b63cca3fe882b9c4a02c89fd01d738ccb6a
75	75	1200	LOP3.LUT	NONE	0	0	0	LOP3.LUT R3, R47, 0x1ffffff0, RZ, 0xc0, !PT ;	void cutlass::Kernel2<cutlass_80_wmma_tensorop_bf16_s161616gemm_bf16_32x32_128x2_tn_align8>(cutlass_80_wmma_tensorop_bf16_s161616gemm_bf16_32x32_128x2_tn_align8::Params)	_ZN7cutlass7Kernel2I68cutlass_80_wmma_tensorop_bf16_s161616gemm_bf16_32x32_128x2_tn_align8EEvNT_6ParamsE	0x7e1aa05fc300	761b14acafb8b02011e32d11bd437b63cca3fe882b9c4a02c89fd01d738ccb6a
76	76	1216	SHF.R.S32.HI	NONE	0	0	0	SHF.R.S32.HI R47, RZ, 0x4, R47 ;	void cutlass::Kernel2<cutlass_80_wmma_tensorop_bf16_s161616gemm_bf16_32x32_128x2_tn_align8>(cutlass_80_wmma_tensorop_bf16_s161616gemm_bf16_32x32_128x2_tn_align8::Params)	_ZN7cutlass7Kernel2I68cutlass_80_wmma_tensorop_bf16_s161616gemm_bf16_32x32_128x2_tn_align8EEvNT_6ParamsE	0x7e1aa05fc300	761b14acafb8b02011e32d11bd437b63cca3fe882b9c4a02c89fd01d738ccb6a
77	77	1232	IMAD.IADD	NONE	0	0	0	IMAD.IADD R5, R48, 0x1, R43 ;	void cutlass::Kernel2<cutlass_80_wmma_tensorop_bf16_s161616gemm_bf16_32x32_128x2_tn_align8>(cutlass_80_wmma_tensorop_bf16_s161616gemm_bf16_32x32_128x2_tn_align8::Params)	_ZN7cutlass7Kernel2I68cutlass_80_wmma_tensorop_bf16_s161616gemm_bf16_32x32_128x2_tn_align8EEvNT_6ParamsE	0x7e1aa05fc300	761b14acafb8b02011e32d11bd437b63cca3fe882b9c4a02c89fd01d738ccb6a
78	78	1248	IMAD.IADD	NONE	0	0	0	IMAD.IADD R52, R46, 0x1, -R3 ;	void cutlass::Kernel2<cutlass_80_wmma_tensorop_bf16_s161616gemm_bf16_32x32_128x2_tn_align8>(cutlass_80_wmma_tensorop_bf16_s161616gemm_bf16_32x32_128x2_tn_align8::Params)	_ZN7cutlass7Kernel2I68cutlass_80_wmma_tensorop_bf16_s161616gemm_bf16_32x32_128x2_tn_align8EEvNT_6ParamsE	0x7e1aa05fc300	761b14acafb8b02011e32d11bd437b63cca3fe882b9c4a02c89fd01d738ccb6a
79	79	1264	IMAD	NONE	0	0	0	IMAD R45, R4, 0x20, R47.reuse ;	void cutlass::Kernel2<cutlass_80_wmma_tensorop_bf16_s161616gemm_bf16_32x32_128x2_tn_align8>(cutlass_80_wmma_tensorop_bf16_s161616gemm_bf16_32x32_128x2_tn_align8::Params)	_ZN7cutlass7Kernel2I68cutlass_80_wmma_tensorop_bf16_s161616gemm_bf16_32x32_128x2_tn_align8EEvNT_6ParamsE	0x7e1aa05fc300	761b14acafb8b02011e32d11bd437b63cca3fe882b9c4a02c89fd01d738ccb6a
80	80	1280	IMNMX	NONE	0	0	0	IMNMX R5, R5, R0, PT ;	void cutlass::Kernel2<cutlass_80_wmma_tensorop_bf16_s161616gemm_bf16_32x32_128x2_tn_align8>(cutlass_80_wmma_tensorop_bf16_s161616gemm_bf16_32x32_128x2_tn_align8::Params)	_ZN7cutlass7Kernel2I68cutlass_80_wmma_tensorop_bf16_s161616gemm_bf16_32x32_128x2_tn_align8EEvNT_6ParamsE	0x7e1aa05fc300	761b14acafb8b02011e32d11bd437b63cca3fe882b9c4a02c89fd01d738ccb6a
81	81	1296	IMAD.SHL.U32	NONE	0	0	0	IMAD.SHL.U32 R52, R52, 0x8, RZ ;	void cutlass::Kernel2<cutlass_80_wmma_tensorop_bf16_s161616gemm_bf16_32x32_128x2_tn_align8>(cutlass_80_wmma_tensorop_bf16_s161616gemm_bf16_32x32_128x2_tn_align8::Params)	_ZN7cutlass7Kernel2I68cutlass_80_wmma_tensorop_bf16_s161616gemm_bf16_32x32_128x2_tn_align8EEvNT_6ParamsE	0x7e1aa05fc300	761b14acafb8b02011e32d11bd437b63cca3fe882b9c4a02c89fd01d738ccb6a
82	82	1312	IMAD	NONE	0	0	0	IMAD R41, R2, 0x20, R47 ;	void cutlass::Kernel2<cutlass_80_wmma_tensorop_bf16_s161616gemm_bf16_32x32_128x2_tn_align8>(cutlass_80_wmma_tensorop_bf16_s161616gemm_bf16_32x32_128x2_tn_align8::Params)	_ZN7cutlass7Kernel2I68cutlass_80_wmma_tensorop_bf16_s161616gemm_bf16_32x32_128x2_tn_align8EEvNT_6ParamsE	0x7e1aa05fc300	761b14acafb8b02011e32d11bd437b63cca3fe882b9c4a02c89fd01d738ccb6a
83	83	1328	IADD3	NONE	0	0	0	IADD3 R4, R45.reuse, 0x8, RZ ;	void cutlass::Kernel2<cutlass_80_wmma_tensorop_bf16_s161616gemm_bf16_32x32_128x2_tn_align8>(cutlass_80_wmma_tensorop_bf16_s161616gemm_bf16_32x32_128x2_tn_align8::Params)	_ZN7cutlass7Kernel2I68cutlass_80_wmma_tensorop_bf16_s161616gemm_bf16_32x32_128x2_tn_align8EEvNT_6ParamsE	0x7e1aa05fc300	761b14acafb8b02011e32d11bd437b63cca3fe882b9c4a02c89fd01d738ccb6a
84	84	1344	IMAD.IADD	NONE	0	0	0	IMAD.IADD R42, R52, 0x1, R43 ;	void cutlass::Kernel2<cutlass_80_wmma_tensorop_bf16_s161616gemm_bf16_32x32_128x2_tn_align8>(cutlass_80_wmma_tensorop_bf16_s161616gemm_bf16_32x32_128x2_tn_align8::Params)	_ZN7cutlass7Kernel2I68cutlass_80_wmma_tensorop_bf16_s161616gemm_bf16_32x32_128x2_tn_align8EEvNT_6ParamsE	0x7e1aa05fc300	761b14acafb8b02011e32d11bd437b63cca3fe882b9c4a02c89fd01d738ccb6a
85	85	1360	IADD3	NONE	0	0	0	IADD3 R3, R45.reuse, 0x10, RZ ;	void cutlass::Kernel2<cutlass_80_wmma_tensorop_bf16_s161616gemm_bf16_32x32_128x2_tn_align8>(cutlass_80_wmma_tensorop_bf16_s161616gemm_bf16_32x32_128x2_tn_align8::Params)	_ZN7cutlass7Kernel2I68cutlass_80_wmma_tensorop_bf16_s161616gemm_bf16_32x32_128x2_tn_align8EEvNT_6ParamsE	0x7e1aa05fc300	761b14acafb8b02011e32d11bd437b63cca3fe882b9c4a02c89fd01d738ccb6a
86	86	1376	IADD3	NONE	0	0	0	IADD3 R0, R45.reuse, 0x18, RZ ;	void cutlass::Kernel2<cutlass_80_wmma_tensorop_bf16_s161616gemm_bf16_32x32_128x2_tn_align8>(cutlass_80_wmma_tensorop_bf16_s161616gemm_bf16_32x32_128x2_tn_align8::Params)	_ZN7cutlass7Kernel2I68cutlass_80_wmma_tensorop_bf16_s161616gemm_bf16_32x32_128x2_tn_align8EEvNT_6ParamsE	0x7e1aa05fc300	761b14acafb8b02011e32d11bd437b63cca3fe882b9c4a02c89fd01d738ccb6a
87	87	1392	ISETP.GE.AND	NONE	0	0	0	ISETP.GE.AND P1, PT, R45, c[0x0][0x160], PT ;	void cutlass::Kernel2<cutlass_80_wmma_tensorop_bf16_s161616gemm_bf16_32x32_128x2_tn_align8>(cutlass_80_wmma_tensorop_bf16_s161616gemm_bf16_32x32_128x2_tn_align8::Params)	_ZN7cutlass7Kernel2I68cutlass_80_wmma_tensorop_bf16_s161616gemm_bf16_32x32_128x2_tn_align8EEvNT_6ParamsE	0x7e1aa05fc300	761b14acafb8b02011e32d11bd437b63cca3fe882b9c4a02c89fd01d738ccb6a
88	88	1408	ISETP.GE.AND	NONE	0	0	0	ISETP.GE.AND P6, PT, R4, c[0x0][0x160], PT ;	void cutlass::Kernel2<cutlass_80_wmma_tensorop_bf16_s161616gemm_bf16_32x32_128x2_tn_align8>(cutlass_80_wmma_tensorop_bf16_s161616gemm_bf16_32x32_128x2_tn_align8::Params)	_ZN7cutlass7Kernel2I68cutlass_80_wmma_tensorop_bf16_s161616gemm_bf16_32x32_128x2_tn_align8EEvNT_6ParamsE	0x7e1aa05fc300	761b14acafb8b02011e32d11bd437b63cca3fe882b9c4a02c89fd01d738ccb6a
89	89	1424	ISETP.GE.AND	NONE	0	0	0	ISETP.GE.AND P5, PT, R3, c[0x0][0x160], PT ;	void cutlass::Kernel2<cutlass_80_wmma_tensorop_bf16_s161616gemm_bf16_32x32_128x2_tn_align8>(cutlass_80_wmma_tensorop_bf16_s161616gemm_bf16_32x32_128x2_tn_align8::Params)	_ZN7cutlass7Kernel2I68cutlass_80_wmma_tensorop_bf16_s161616gemm_bf16_32x32_128x2_tn_align8EEvNT_6ParamsE	0x7e1aa05fc300	761b14acafb8b02011e32d11bd437b63cca3fe882b9c4a02c89fd01d738ccb6a
90	90	1440	ISETP.GE.AND	NONE	0	0	0	ISETP.GE.AND P4, PT, R0, c[0x0][0x160], PT ;	void cutlass::Kernel2<cutlass_80_wmma_tensorop_bf16_s161616gemm_bf16_32x32_128x2_tn_align8>(cutlass_80_wmma_tensorop_bf16_s161616gemm_bf16_32x32_128x2_tn_align8::Params)	_ZN7cutlass7Kernel2I68cutlass_80_wmma_tensorop_bf16_s161616gemm_bf16_32x32_128x2_tn_align8EEvNT_6ParamsE	0x7e1aa05fc300	761b14acafb8b02011e32d11bd437b63cca3fe882b9c4a02c89fd01d738ccb6a
91	91	1456	ISETP.LT.AND	NONE	0	0	0	ISETP.LT.AND P0, PT, R42.reuse, R5.reuse, !P1 ;	void cutlass::Kernel2<cutlass_80_wmma_tensorop_bf16_s161616gemm_bf16_32x32_128x2_tn_align8>(cutlass_80_wmma_tensorop_bf16_s161616gemm_bf16_32x32_128x2_tn_align8::Params)	_ZN7cutlass7Kernel2I68cutlass_80_wmma_tensorop_bf16_s161616gemm_bf16_32x32_128x2_tn_align8EEvNT_6ParamsE	0x7e1aa05fc300	761b14acafb8b02011e32d11bd437b63cca3fe882b9c4a02c89fd01d738ccb6a
92	92	1472	ISETP.LT.AND	NONE	0	0	0	ISETP.LT.AND P1, PT, R42.reuse, R5.reuse, !P6 ;	void cutlass::Kernel2<cutlass_80_wmma_tensorop_bf16_s161616gemm_bf16_32x32_128x2_tn_align8>(cutlass_80_wmma_tensorop_bf16_s161616gemm_bf16_32x32_128x2_tn_align8::Params)	_ZN7cutlass7Kernel2I68cutlass_80_wmma_tensorop_bf16_s161616gemm_bf16_32x32_128x2_tn_align8EEvNT_6ParamsE	0x7e1aa05fc300	761b14acafb8b02011e32d11bd437b63cca3fe882b9c4a02c89fd01d738ccb6a
93	93	1488	ISETP.LT.AND	NONE	0	0	0	ISETP.LT.AND P2, PT, R42, R5, !P5 ;	void cutlass::Kernel2<cutlass_80_wmma_tensorop_bf16_s161616gemm_bf16_32x32_128x2_tn_align8>(cutlass_80_wmma_tensorop_bf16_s161616gemm_bf16_32x32_128x2_tn_align8::Params)	_ZN7cutlass7Kernel2I68cutlass_80_wmma_tensorop_bf16_s161616gemm_bf16_32x32_128x2_tn_align8EEvNT_6ParamsE	0x7e1aa05fc300	761b14acafb8b02011e32d11bd437b63cca3fe882b9c4a02c89fd01d738ccb6a
94	94	1504	ISETP.LT.AND	NONE	0	0	0	ISETP.LT.AND P3, PT, R42, R5, !P4 ;	void cutlass::Kernel2<cutlass_80_wmma_tensorop_bf16_s161616gemm_bf16_32x32_128x2_tn_align8>(cutlass_80_wmma_tensorop_bf16_s161616gemm_bf16_32x32_128x2_tn_align8::Params)	_ZN7cutlass7Kernel2I68cutlass_80_wmma_tensorop_bf16_s161616gemm_bf16_32x32_128x2_tn_align8EEvNT_6ParamsE	0x7e1aa05fc300	761b14acafb8b02011e32d11bd437b63cca3fe882b9c4a02c89fd01d738ccb6a
95	95	1520	SHF.R.S32.HI	NONE	0	0	0	SHF.R.S32.HI R40, RZ, 0x1f, R45 ;	void cutlass::Kernel2<cutlass_80_wmma_tensorop_bf16_s161616gemm_bf16_32x32_128x2_tn_align8>(cutlass_80_wmma_tensorop_bf16_s161616gemm_bf16_32x32_128x2_tn_align8::Params)	_ZN7cutlass7Kernel2I68cutlass_80_wmma_tensorop_bf16_s161616gemm_bf16_32x32_128x2_tn_align8EEvNT_6ParamsE	0x7e1aa05fc300	761b14acafb8b02011e32d11bd437b63cca3fe882b9c4a02c89fd01d738ccb6a
96	96	1536	IADD3	NONE	0	0	0	IADD3 R50, R41.reuse, 0x8, RZ ;	void cutlass::Kernel2<cutlass_80_wmma_tensorop_bf16_s161616gemm_bf16_32x32_128x2_tn_align8>(cutlass_80_wmma_tensorop_bf16_s161616gemm_bf16_32x32_128x2_tn_align8::Params)	_ZN7cutlass7Kernel2I68cutlass_80_wmma_tensorop_bf16_s161616gemm_bf16_32x32_128x2_tn_align8EEvNT_6ParamsE	0x7e1aa05fc300	761b14acafb8b02011e32d11bd437b63cca3fe882b9c4a02c89fd01d738ccb6a
97	97	1552	IADD3	NONE	0	0	0	IADD3 R44, R41.reuse, 0x10, RZ ;	void cutlass::Kernel2<cutlass_80_wmma_tensorop_bf16_s161616gemm_bf16_32x32_128x2_tn_align8>(cutlass_80_wmma_tensorop_bf16_s161616gemm_bf16_32x32_128x2_tn_align8::Params)	_ZN7cutlass7Kernel2I68cutlass_80_wmma_tensorop_bf16_s161616gemm_bf16_32x32_128x2_tn_align8EEvNT_6ParamsE	0x7e1aa05fc300	761b14acafb8b02011e32d11bd437b63cca3fe882b9c4a02c89fd01d738ccb6a
98	98	1568	IMAD	NONE	0	0	0	IMAD R40, R40, c[0x0][0x198], RZ ;	void cutlass::Kernel2<cutlass_80_wmma_tensorop_bf16_s161616gemm_bf16_32x32_128x2_tn_align8>(cutlass_80_wmma_tensorop_bf16_s161616gemm_bf16_32x32_128x2_tn_align8::Params)	_ZN7cutlass7Kernel2I68cutlass_80_wmma_tensorop_bf16_s161616gemm_bf16_32x32_128x2_tn_align8EEvNT_6ParamsE	0x7e1aa05fc300	761b14acafb8b02011e32d11bd437b63cca3fe882b9c4a02c89fd01d738ccb6a
99	99	1584	IADD3	NONE	0	0	0	IADD3 R3, R41, 0x18, RZ ;	void cutlass::Kernel2<cutlass_80_wmma_tensorop_bf16_s161616gemm_bf16_32x32_128x2_tn_align8>(cutlass_80_wmma_tensorop_bf16_s161616gemm_bf16_32x32_128x2_tn_align8::Params)	_ZN7cutlass7Kernel2I68cutlass_80_wmma_tensorop_bf16_s161616gemm_bf16_32x32_128x2_tn_align8EEvNT_6ParamsE	0x7e1aa05fc300	761b14acafb8b02011e32d11bd437b63cca3fe882b9c4a02c89fd01d738ccb6a
100	100	1600	P2R	NONE	0	0	0	P2R R0, PR, RZ, 0xf ;	void cutlass::Kernel2<cutlass_80_wmma_tensorop_bf16_s161616gemm_bf16_32x32_128x2_tn_align8>(cutlass_80_wmma_tensorop_bf16_s161616gemm_bf16_32x32_128x2_tn_align8::Params)	_ZN7cutlass7Kernel2I68cutlass_80_wmma_tensorop_bf16_s161616gemm_bf16_32x32_128x2_tn_align8EEvNT_6ParamsE	0x7e1aa05fc300	761b14acafb8b02011e32d11bd437b63cca3fe882b9c4a02c89fd01d738ccb6a
101	101	1616	IMAD	NONE	0	0	0	IMAD R40, R45, c[0x0][0x19c], R40 ;	void cutlass::Kernel2<cutlass_80_wmma_tensorop_bf16_s161616gemm_bf16_32x32_128x2_tn_align8>(cutlass_80_wmma_tensorop_bf16_s161616gemm_bf16_32x32_128x2_tn_align8::Params)	_ZN7cutlass7Kernel2I68cutlass_80_wmma_tensorop_bf16_s161616gemm_bf16_32x32_128x2_tn_align8EEvNT_6ParamsE	0x7e1aa05fc300	761b14acafb8b02011e32d11bd437b63cca3fe882b9c4a02c89fd01d738ccb6a
102	102	1632	SHF.R.S32.HI	NONE	0	0	0	SHF.R.S32.HI R43, RZ, 0x1f, R42 ;	void cutlass::Kernel2<cutlass_80_wmma_tensorop_bf16_s161616gemm_bf16_32x32_128x2_tn_align8>(cutlass_80_wmma_tensorop_bf16_s161616gemm_bf16_32x32_128x2_tn_align8::Params)	_ZN7cutlass7Kernel2I68cutlass_80_wmma_tensorop_bf16_s161616gemm_bf16_32x32_128x2_tn_align8EEvNT_6ParamsE	0x7e1aa05fc300	761b14acafb8b02011e32d11bd437b63cca3fe882b9c4a02c89fd01d738ccb6a
103	103	1648	ISETP.GE.AND	NONE	0	0	0	ISETP.GE.AND P0, PT, R41, c[0x0][0x164], PT ;	void cutlass::Kernel2<cutlass_80_wmma_tensorop_bf16_s161616gemm_bf16_32x32_128x2_tn_align8>(cutlass_80_wmma_tensorop_bf16_s161616gemm_bf16_32x32_128x2_tn_align8::Params)	_ZN7cutlass7Kernel2I68cutlass_80_wmma_tensorop_bf16_s161616gemm_bf16_32x32_128x2_tn_align8EEvNT_6ParamsE	0x7e1aa05fc300	761b14acafb8b02011e32d11bd437b63cca3fe882b9c4a02c89fd01d738ccb6a
104	104	1664	ISETP.GE.AND	NONE	0	0	0	ISETP.GE.AND P1, PT, R50, c[0x0][0x164], PT ;	void cutlass::Kernel2<cutlass_80_wmma_tensorop_bf16_s161616gemm_bf16_32x32_128x2_tn_align8>(cutlass_80_wmma_tensorop_bf16_s161616gemm_bf16_32x32_128x2_tn_align8::Params)	_ZN7cutlass7Kernel2I68cutlass_80_wmma_tensorop_bf16_s161616gemm_bf16_32x32_128x2_tn_align8EEvNT_6ParamsE	0x7e1aa05fc300	761b14acafb8b02011e32d11bd437b63cca3fe882b9c4a02c89fd01d738ccb6a
105	105	1680	IMAD.WIDE.U32	NONE	0	0	0	IMAD.WIDE.U32 R8, R45, c[0x0][0x198], R42 ;	void cutlass::Kernel2<cutlass_80_wmma_tensorop_bf16_s161616gemm_bf16_32x32_128x2_tn_align8>(cutlass_80_wmma_tensorop_bf16_s161616gemm_bf16_32x32_128x2_tn_align8::Params)	_ZN7cutlass7Kernel2I68cutlass_80_wmma_tensorop_bf16_s161616gemm_bf16_32x32_128x2_tn_align8EEvNT_6ParamsE	0x7e1aa05fc300	761b14acafb8b02011e32d11bd437b63cca3fe882b9c4a02c89fd01d738ccb6a
106	106	1696	ISETP.GE.AND	NONE	0	0	0	ISETP.GE.AND P2, PT, R44, c[0x0][0x164], PT ;	void cutlass::Kernel2<cutlass_80_wmma_tensorop_bf16_s161616gemm_bf16_32x32_128x2_tn_align8>(cutlass_80_wmma_tensorop_bf16_s161616gemm_bf16_32x32_128x2_tn_align8::Params)	_ZN7cutlass7Kernel2I68cutlass_80_wmma_tensorop_bf16_s161616gemm_bf16_32x32_128x2_tn_align8EEvNT_6ParamsE	0x7e1aa05fc300	761b14acafb8b02011e32d11bd437b63cca3fe882b9c4a02c89fd01d738ccb6a
107	107	1712	ISETP.GE.AND	NONE	0	0	0	ISETP.GE.AND P3, PT, R3, c[0x0][0x164], PT ;	void cutlass::Kernel2<cutlass_80_wmma_tensorop_bf16_s161616gemm_bf16_32x32_128x2_tn_align8>(cutlass_80_wmma_tensorop_bf16_s161616gemm_bf16_32x32_128x2_tn_align8::Params)	_ZN7cutlass7Kernel2I68cutlass_80_wmma_tensorop_bf16_s161616gemm_bf16_32x32_128x2_tn_align8EEvNT_6ParamsE	0x7e1aa05fc300	761b14acafb8b02011e32d11bd437b63cca3fe882b9c4a02c89fd01d738ccb6a
108	108	1728	IMAD.IADD	NONE	0	0	0	IMAD.IADD R2, R9, 0x1, R40 ;	void cutlass::Kernel2<cutlass_80_wmma_tensorop_bf16_s161616gemm_bf16_32x32_128x2_tn_align8>(cutlass_80_wmma_tensorop_bf16_s161616gemm_bf16_32x32_128x2_tn_align8::Params)	_ZN7cutlass7Kernel2I68cutlass_80_wmma_tensorop_bf16_s161616gemm_bf16_32x32_128x2_tn_align8EEvNT_6ParamsE	0x7e1aa05fc300	761b14acafb8b02011e32d11bd437b63cca3fe882b9c4a02c89fd01d738ccb6a
109	109	1744	ISETP.LT.AND	NONE	0	0	0	ISETP.LT.AND P0, PT, R42.reuse, R5.reuse, !P0 ;	void cutlass::Kernel2<cutlass_80_wmma_tensorop_bf16_s161616gemm_bf16_32x32_128x2_tn_align8>(cutlass_80_wmma_tensorop_bf16_s161616gemm_bf16_32x32_128x2_tn_align8::Params)	_ZN7cutlass7Kernel2I68cutlass_80_wmma_tensorop_bf16_s161616gemm_bf16_32x32_128x2_tn_align8EEvNT_6ParamsE	0x7e1aa05fc300	761b14acafb8b02011e32d11bd437b63cca3fe882b9c4a02c89fd01d738ccb6a
110	110	1760	ISETP.LT.AND	NONE	0	0	0	ISETP.LT.AND P1, PT, R42, R5, !P1 ;	void cutlass::Kernel2<cutlass_80_wmma_tensorop_bf16_s161616gemm_bf16_32x32_128x2_tn_align8>(cutlass_80_wmma_tensorop_bf16_s161616gemm_bf16_32x32_128x2_tn_align8::Params)	_ZN7cutlass7Kernel2I68cutlass_80_wmma_tensorop_bf16_s161616gemm_bf16_32x32_128x2_tn_align8EEvNT_6ParamsE	0x7e1aa05fc300	761b14acafb8b02011e32d11bd437b63cca3fe882b9c4a02c89fd01d738ccb6a
111	111	1776	ISETP.LT.AND	NONE	0	0	0	ISETP.LT.AND P2, PT, R42.reuse, R5.reuse, !P2 ;	void cutlass::Kernel2<cutlass_80_wmma_tensorop_bf16_s161616gemm_bf16_32x32_128x2_tn_align8>(cutlass_80_wmma_tensorop_bf16_s161616gemm_bf16_32x32_128x2_tn_align8::Params)	_ZN7cutlass7Kernel2I68cutlass_80_wmma_tensorop_bf16_s161616gemm_bf16_32x32_128x2_tn_align8EEvNT_6ParamsE	0x7e1aa05fc300	761b14acafb8b02011e32d11bd437b63cca3fe882b9c4a02c89fd01d738ccb6a
112	112	1792	ISETP.LT.AND	NONE	0	0	0	ISETP.LT.AND P3, PT, R42, R5, !P3 ;	void cutlass::Kernel2<cutlass_80_wmma_tensorop_bf16_s161616gemm_bf16_32x32_128x2_tn_align8>(cutlass_80_wmma_tensorop_bf16_s161616gemm_bf16_32x32_128x2_tn_align8::Params)	_ZN7cutlass7Kernel2I68cutlass_80_wmma_tensorop_bf16_s161616gemm_bf16_32x32_128x2_tn_align8EEvNT_6ParamsE	0x7e1aa05fc300	761b14acafb8b02011e32d11bd437b63cca3fe882b9c4a02c89fd01d738ccb6a
113	113	1808	P2R	NONE	0	0	0	P2R R4, PR, RZ, 0xf ;	void cutlass::Kernel2<cutlass_80_wmma_tensorop_bf16_s161616gemm_bf16_32x32_128x2_tn_align8>(cutlass_80_wmma_tensorop_bf16_s161616gemm_bf16_32x32_128x2_tn_align8::Params)	_ZN7cutlass7Kernel2I68cutlass_80_wmma_tensorop_bf16_s161616gemm_bf16_32x32_128x2_tn_align8EEvNT_6ParamsE	0x7e1aa05fc300	761b14acafb8b02011e32d11bd437b63cca3fe882b9c4a02c89fd01d738ccb6a
114	114	1824	LEA	NONE	0	0	0	LEA R6, P0, R8, R36, 0x1 ;	void cutlass::Kernel2<cutlass_80_wmma_tensorop_bf16_s161616gemm_bf16_32x32_128x2_tn_align8>(cutlass_80_wmma_tensorop_bf16_s161616gemm_bf16_32x32_128x2_tn_align8::Params)	_ZN7cutlass7Kernel2I68cutlass_80_wmma_tensorop_bf16_s161616gemm_bf16_32x32_128x2_tn_align8EEvNT_6ParamsE	0x7e1aa05fc300	761b14acafb8b02011e32d11bd437b63cca3fe882b9c4a02c89fd01d738ccb6a
115	115	1840	LEA.HI.X	NONE	0	0	0	LEA.HI.X R7, R8, R37, R2, 0x1, P0 ;	void cutlass::Kernel2<cutlass_80_wmma_tensorop_bf16_s161616gemm_bf16_32x32_128x2_tn_align8>(cutlass_80_wmma_tensorop_bf16_s161616gemm_bf16_32x32_128x2_tn_align8::Params)	_ZN7cutlass7Kernel2I68cutlass_80_wmma_tensorop_bf16_s161616gemm_bf16_32x32_128x2_tn_align8EEvNT_6ParamsE	0x7e1aa05fc300	761b14acafb8b02011e32d11bd437b63cca3fe882b9c4a02c89fd01d738ccb6a
116	116	1856	IADD3	NONE	0	0	0	IADD3 R14, P0, R6, c[0x0][0x1a0], RZ ;	void cutlass::Kernel2<cutlass_80_wmma_tensorop_bf16_s161616gemm_bf16_32x32_128x2_tn_align8>(cutlass_80_wmma_tensorop_bf16_s161616gemm_bf16_32x32_128x2_tn_align8::Params)	_ZN7cutlass7Kernel2I68cutlass_80_wmma_tensorop_bf16_s161616gemm_bf16_32x32_128x2_tn_align8EEvNT_6ParamsE	0x7e1aa05fc300	761b14acafb8b02011e32d11bd437b63cca3fe882b9c4a02c89fd01d738ccb6a
117	117	1872	IADD3.X	NONE	0	0	0	IADD3.X R15, R7, c[0x0][0x1a4], RZ, P0, !PT ;	void cutlass::Kernel2<cutlass_80_wmma_tensorop_bf16_s161616gemm_bf16_32x32_128x2_tn_align8>(cutlass_80_wmma_tensorop_bf16_s161616gemm_bf16_32x32_128x2_tn_align8::Params)	_ZN7cutlass7Kernel2I68cutlass_80_wmma_tensorop_bf16_s161616gemm_bf16_32x32_128x2_tn_align8EEvNT_6ParamsE	0x7e1aa05fc300	761b14acafb8b02011e32d11bd437b63cca3fe882b9c4a02c89fd01d738ccb6a
118	118	1888	IADD3	NONE	0	0	0	IADD3 R12, P0, R14, c[0x0][0x1a0], RZ ;	void cutlass::Kernel2<cutlass_80_wmma_tensorop_bf16_s161616gemm_bf16_32x32_128x2_tn_align8>(cutlass_80_wmma_tensorop_bf16_s161616gemm_bf16_32x32_128x2_tn_align8::Params)	_ZN7cutlass7Kernel2I68cutlass_80_wmma_tensorop_bf16_s161616gemm_bf16_32x32_128x2_tn_align8EEvNT_6ParamsE	0x7e1aa05fc300	761b14acafb8b02011e32d11bd437b63cca3fe882b9c4a02c89fd01d738ccb6a
119	119	1904	IADD3.X	NONE	0	0	0	IADD3.X R13, R15, c[0x0][0x1a4], RZ, P0, !PT ;	void cutlass::Kernel2<cutlass_80_wmma_tensorop_bf16_s161616gemm_bf16_32x32_128x2_tn_align8>(cutlass_80_wmma_tensorop_bf16_s161616gemm_bf16_32x32_128x2_tn_align8::Params)	_ZN7cutlass7Kernel2I68cutlass_80_wmma_tensorop_bf16_s161616gemm_bf16_32x32_128x2_tn_align8EEvNT_6ParamsE	0x7e1aa05fc300	761b14acafb8b02011e32d11bd437b63cca3fe882b9c4a02c89fd01d738ccb6a
120	120	1920	R2P	NONE	0	0	0	R2P PR, R0, 0xf ;	void cutlass::Kernel2<cutlass_80_wmma_tensorop_bf16_s161616gemm_bf16_32x32_128x2_tn_align8>(cutlass_80_wmma_tensorop_bf16_s161616gemm_bf16_32x32_128x2_tn_align8::Params)	_ZN7cutlass7Kernel2I68cutlass_80_wmma_tensorop_bf16_s161616gemm_bf16_32x32_128x2_tn_align8EEvNT_6ParamsE	0x7e1aa05fc300	761b14acafb8b02011e32d11bd437b63cca3fe882b9c4a02c89fd01d738ccb6a
121	121	1936	SHF.R.S32.HI	NONE	0	0	0	SHF.R.S32.HI R0, RZ, 0x1f, R41 ;	void cutlass::Kernel2<cutlass_80_wmma_tensorop_bf16_s161616gemm_bf16_32x32_128x2_tn_align8>(cutlass_80_wmma_tensorop_bf16_s161616gemm_bf16_32x32_128x2_tn_align8::Params)	_ZN7cutlass7Kernel2I68cutlass_80_wmma_tensorop_bf16_s161616gemm_bf16_32x32_128x2_tn_align8EEvNT_6ParamsE	0x7e1aa05fc300	761b14acafb8b02011e32d11bd437b63cca3fe882b9c4a02c89fd01d738ccb6a
122	122	1952	CS2R	NONE	0	0	0	CS2R R8, SRZ ;	void cutlass::Kernel2<cutlass_80_wmma_tensorop_bf16_s161616gemm_bf16_32x32_128x2_tn_align8>(cutlass_80_wmma_tensorop_bf16_s161616gemm_bf16_32x32_128x2_tn_align8::Params)	_ZN7cutlass7Kernel2I68cutlass_80_wmma_tensorop_bf16_s161616gemm_bf16_32x32_128x2_tn_align8EEvNT_6ParamsE	0x7e1aa05fc300	761b14acafb8b02011e32d11bd437b63cca3fe882b9c4a02c89fd01d738ccb6a
123	123	1968	LDG.E.LTC128B.128	GLOBAL	1	0	1	@P0 LDG.E.LTC128B.128 R32, [R6.64] ;	void cutlass::Kernel2<cutlass_80_wmma_tensorop_bf16_s161616gemm_bf16_32x32_128x2_tn_align8>(cutlass_80_wmma_tensorop_bf16_s161616gemm_bf16_32x32_128x2_tn_align8::Params)	_ZN7cutlass7Kernel2I68cutlass_80_wmma_tensorop_bf16_s161616gemm_bf16_32x32_128x2_tn_align8EEvNT_6ParamsE	0x7e1aa05fc300	761b14acafb8b02011e32d11bd437b63cca3fe882b9c4a02c89fd01d738ccb6a
124	124	1984	IMAD	NONE	0	0	0	IMAD R0, R0, c[0x0][0x1b8], RZ ;	void cutlass::Kernel2<cutlass_80_wmma_tensorop_bf16_s161616gemm_bf16_32x32_128x2_tn_align8>(cutlass_80_wmma_tensorop_bf16_s161616gemm_bf16_32x32_128x2_tn_align8::Params)	_ZN7cutlass7Kernel2I68cutlass_80_wmma_tensorop_bf16_s161616gemm_bf16_32x32_128x2_tn_align8EEvNT_6ParamsE	0x7e1aa05fc300	761b14acafb8b02011e32d11bd437b63cca3fe882b9c4a02c89fd01d738ccb6a
125	125	2000	LDG.E.LTC128B.128	GLOBAL	1	0	1	@P1 LDG.E.LTC128B.128 R28, [R14.64] ;	void cutlass::Kernel2<cutlass_80_wmma_tensorop_bf16_s161616gemm_bf16_32x32_128x2_tn_align8>(cutlass_80_wmma_tensorop_bf16_s161616gemm_bf16_32x32_128x2_tn_align8::Params)	_ZN7cutlass7Kernel2I68cutlass_80_wmma_tensorop_bf16_s161616gemm_bf16_32x32_128x2_tn_align8EEvNT_6ParamsE	0x7e1aa05fc300	761b14acafb8b02011e32d11bd437b63cca3fe882b9c4a02c89fd01d738ccb6a
126	126	2016	ISETP.GE.AND	NONE	0	0	0	ISETP.GE.AND P1, PT, R45, c[0x0][0x160], PT ;	void cutlass::Kernel2<cutlass_80_wmma_tensorop_bf16_s161616gemm_bf16_32x32_128x2_tn_align8>(cutlass_80_wmma_tensorop_bf16_s161616gemm_bf16_32x32_128x2_tn_align8::Params)	_ZN7cutlass7Kernel2I68cutlass_80_wmma_tensorop_bf16_s161616gemm_bf16_32x32_128x2_tn_align8EEvNT_6ParamsE	0x7e1aa05fc300	761b14acafb8b02011e32d11bd437b63cca3fe882b9c4a02c89fd01d738ccb6a
127	127	2032	IMAD	NONE	0	0	0	IMAD R0, R41, c[0x0][0x1bc], R0 ;	void cutlass::Kernel2<cutlass_80_wmma_tensorop_bf16_s161616gemm_bf16_32x32_128x2_tn_align8>(cutlass_80_wmma_tensorop_bf16_s161616gemm_bf16_32x32_128x2_tn_align8::Params)	_ZN7cutlass7Kernel2I68cutlass_80_wmma_tensorop_bf16_s161616gemm_bf16_32x32_128x2_tn_align8EEvNT_6ParamsE	0x7e1aa05fc300	761b14acafb8b02011e32d11bd437b63cca3fe882b9c4a02c89fd01d738ccb6a
128	128	2048	LDG.E.LTC128B.128	GLOBAL	1	0	1	@P2 LDG.E.LTC128B.128 R8, [R12.64] ;	void cutlass::Kernel2<cutlass_80_wmma_tensorop_bf16_s161616gemm_bf16_32x32_128x2_tn_align8>(cutlass_80_wmma_tensorop_bf16_s161616gemm_bf16_32x32_128x2_tn_align8::Params)	_ZN7cutlass7Kernel2I68cutlass_80_wmma_tensorop_bf16_s161616gemm_bf16_32x32_128x2_tn_align8EEvNT_6ParamsE	0x7e1aa05fc300	761b14acafb8b02011e32d11bd437b63cca3fe882b9c4a02c89fd01d738ccb6a
129	129	2064	PLOP3.LUT	NONE	0	0	0	PLOP3.LUT P2, PT, P5, PT, PT, 0x8, 0x0 ;	void cutlass::Kernel2<cutlass_80_wmma_tensorop_bf16_s161616gemm_bf16_32x32_128x2_tn_align8>(cutlass_80_wmma_tensorop_bf16_s161616gemm_bf16_32x32_128x2_tn_align8::Params)	_ZN7cutlass7Kernel2I68cutlass_80_wmma_tensorop_bf16_s161616gemm_bf16_32x32_128x2_tn_align8EEvNT_6ParamsE	0x7e1aa05fc300	761b14acafb8b02011e32d11bd437b63cca3fe882b9c4a02c89fd01d738ccb6a
130	130	2080	IADD3	NONE	0	0	0	IADD3 R6, P0, R12, c[0x0][0x1a0], RZ ;	void cutlass::Kernel2<cutlass_80_wmma_tensorop_bf16_s161616gemm_bf16_32x32_128x2_tn_align8>(cutlass_80_wmma_tensorop_bf16_s161616gemm_bf16_32x32_128x2_tn_align8::Params)	_ZN7cutlass7Kernel2I68cutlass_80_wmma_tensorop_bf16_s161616gemm_bf16_32x32_128x2_tn_align8EEvNT_6ParamsE	0x7e1aa05fc300	761b14acafb8b02011e32d11bd437b63cca3fe882b9c4a02c89fd01d738ccb6a
131	131	2096	IADD3.X	NONE	0	0	0	IADD3.X R7, R13, c[0x0][0x1a4], RZ, P0, !PT ;	void cutlass::Kernel2<cutlass_80_wmma_tensorop_bf16_s161616gemm_bf16_32x32_128x2_tn_align8>(cutlass_80_wmma_tensorop_bf16_s161616gemm_bf16_32x32_128x2_tn_align8::Params)	_ZN7cutlass7Kernel2I68cutlass_80_wmma_tensorop_bf16_s161616gemm_bf16_32x32_128x2_tn_align8EEvNT_6ParamsE	0x7e1aa05fc300	761b14acafb8b02011e32d11bd437b63cca3fe882b9c4a02c89fd01d738ccb6a
132	132	2112	IMAD.WIDE.U32	NONE	0	0	0	IMAD.WIDE.U32 R14, R41, c[0x0][0x1b8], R42 ;	void cutlass::Kernel2<cutlass_80_wmma_tensorop_bf16_s161616gemm_bf16_32x32_128x2_tn_align8>(cutlass_80_wmma_tensorop_bf16_s161616gemm_bf16_32x32_128x2_tn_align8::Params)	_ZN7cutlass7Kernel2I68cutlass_80_wmma_tensorop_bf16_s161616gemm_bf16_32x32_128x2_tn_align8EEvNT_6ParamsE	0x7e1aa05fc300	761b14acafb8b02011e32d11bd437b63cca3fe882b9c4a02c89fd01d738ccb6a
133	133	2128	PLOP3.LUT	NONE	0	0	0	PLOP3.LUT P0, PT, P1, PT, PT, 0x8, 0x0 ;	void cutlass::Kernel2<cutlass_80_wmma_tensorop_bf16_s161616gemm_bf16_32x32_128x2_tn_align8>(cutlass_80_wmma_tensorop_bf16_s161616gemm_bf16_32x32_128x2_tn_align8::Params)	_ZN7cutlass7Kernel2I68cutlass_80_wmma_tensorop_bf16_s161616gemm_bf16_32x32_128x2_tn_align8EEvNT_6ParamsE	0x7e1aa05fc300	761b14acafb8b02011e32d11bd437b63cca3fe882b9c4a02c89fd01d738ccb6a
134	134	2144	PLOP3.LUT	NONE	0	0	0	PLOP3.LUT P1, PT, P6, PT, PT, 0x8, 0x0 ;	void cutlass::Kernel2<cutlass_80_wmma_tensorop_bf16_s161616gemm_bf16_32x32_128x2_tn_align8>(cutlass_80_wmma_tensorop_bf16_s161616gemm_bf16_32x32_128x2_tn_align8::Params)	_ZN7cutlass7Kernel2I68cutlass_80_wmma_tensorop_bf16_s161616gemm_bf16_32x32_128x2_tn_align8EEvNT_6ParamsE	0x7e1aa05fc300	761b14acafb8b02011e32d11bd437b63cca3fe882b9c4a02c89fd01d738ccb6a
135	135	2160	LDG.E.LTC128B.128	GLOBAL	1	0	1	@P3 LDG.E.LTC128B.128 R24, [R6.64] ;	void cutlass::Kernel2<cutlass_80_wmma_tensorop_bf16_s161616gemm_bf16_32x32_128x2_tn_align8>(cutlass_80_wmma_tensorop_bf16_s161616gemm_bf16_32x32_128x2_tn_align8::Params)	_ZN7cutlass7Kernel2I68cutlass_80_wmma_tensorop_bf16_s161616gemm_bf16_32x32_128x2_tn_align8EEvNT_6ParamsE	0x7e1aa05fc300	761b14acafb8b02011e32d11bd437b63cca3fe882b9c4a02c89fd01d738ccb6a
136	136	2176	PLOP3.LUT	NONE	0	0	0	PLOP3.LUT P3, PT, P4, PT, PT, 0x8, 0x0 ;	void cutlass::Kernel2<cutlass_80_wmma_tensorop_bf16_s161616gemm_bf16_32x32_128x2_tn_align8>(cutlass_80_wmma_tensorop_bf16_s161616gemm_bf16_32x32_128x2_tn_align8::Params)	_ZN7cutlass7Kernel2I68cutlass_80_wmma_tensorop_bf16_s161616gemm_bf16_32x32_128x2_tn_align8EEvNT_6ParamsE	0x7e1aa05fc300	761b14acafb8b02011e32d11bd437b63cca3fe882b9c4a02c89fd01d738ccb6a
137	137	2192	IMAD.IADD	NONE	0	0	0	IMAD.IADD R12, R15, 0x1, R0 ;	void cutlass::Kernel2<cutlass_80_wmma_tensorop_bf16_s161616gemm_bf16_32x32_128x2_tn_align8>(cutlass_80_wmma_tensorop_bf16_s161616gemm_bf16_32x32_128x2_tn_align8::Params)	_ZN7cutlass7Kernel2I68cutlass_80_wmma_tensorop_bf16_s161616gemm_bf16_32x32_128x2_tn_align8EEvNT_6ParamsE	0x7e1aa05fc300	761b14acafb8b02011e32d11bd437b63cca3fe882b9c4a02c89fd01d738ccb6a
138	138	2208	P2R	NONE	0	0	0	P2R R2, PR, RZ, 0xf ;	void cutlass::Kernel2<cutlass_80_wmma_tensorop_bf16_s161616gemm_bf16_32x32_128x2_tn_align8>(cutlass_80_wmma_tensorop_bf16_s161616gemm_bf16_32x32_128x2_tn_align8::Params)	_ZN7cutlass7Kernel2I68cutlass_80_wmma_tensorop_bf16_s161616gemm_bf16_32x32_128x2_tn_align8EEvNT_6ParamsE	0x7e1aa05fc300	761b14acafb8b02011e32d11bd437b63cca3fe882b9c4a02c89fd01d738ccb6a
139	139	2224	LEA	NONE	0	0	0	LEA R6, P0, R14, R38, 0x1 ;	void cutlass::Kernel2<cutlass_80_wmma_tensorop_bf16_s161616gemm_bf16_32x32_128x2_tn_align8>(cutlass_80_wmma_tensorop_bf16_s161616gemm_bf16_32x32_128x2_tn_align8::Params)	_ZN7cutlass7Kernel2I68cutlass_80_wmma_tensorop_bf16_s161616gemm_bf16_32x32_128x2_tn_align8EEvNT_6ParamsE	0x7e1aa05fc300	761b14acafb8b02011e32d11bd437b63cca3fe882b9c4a02c89fd01d738ccb6a
140	140	2240	LEA.HI.X	NONE	0	0	0	LEA.HI.X R7, R14, R39, R12, 0x1, P0 ;	void cutlass::Kernel2<cutlass_80_wmma_tensorop_bf16_s161616gemm_bf16_32x32_128x2_tn_align8>(cutlass_80_wmma_tensorop_bf16_s161616gemm_bf16_32x32_128x2_tn_align8::Params)	_ZN7cutlass7Kernel2I68cutlass_80_wmma_tensorop_bf16_s161616gemm_bf16_32x32_128x2_tn_align8EEvNT_6ParamsE	0x7e1aa05fc300	761b14acafb8b02011e32d11bd437b63cca3fe882b9c4a02c89fd01d738ccb6a
141	141	2256	IADD3	NONE	0	0	0	IADD3 R58, P0, R6, c[0x0][0x1c0], RZ ;	void cutlass::Kernel2<cutlass_80_wmma_tensorop_bf16_s161616gemm_bf16_32x32_128x2_tn_align8>(cutlass_80_wmma_tensorop_bf16_s161616gemm_bf16_32x32_128x2_tn_align8::Params)	_ZN7cutlass7Kernel2I68cutlass_80_wmma_tensorop_bf16_s161616gemm_bf16_32x32_128x2_tn_align8EEvNT_6ParamsE	0x7e1aa05fc300	761b14acafb8b02011e32d11bd437b63cca3fe882b9c4a02c89fd01d738ccb6a
142	142	2272	IADD3.X	NONE	0	0	0	IADD3.X R59, R7, c[0x0][0x1c4], RZ, P0, !PT ;	void cutlass::Kernel2<cutlass_80_wmma_tensorop_bf16_s161616gemm_bf16_32x32_128x2_tn_align8>(cutlass_80_wmma_tensorop_bf16_s161616gemm_bf16_32x32_128x2_tn_align8::Params)	_ZN7cutlass7Kernel2I68cutlass_80_wmma_tensorop_bf16_s161616gemm_bf16_32x32_128x2_tn_align8EEvNT_6ParamsE	0x7e1aa05fc300	761b14acafb8b02011e32d11bd437b63cca3fe882b9c4a02c89fd01d738ccb6a
143	143	2288	IADD3	NONE	0	0	0	IADD3 R56, P0, R58, c[0x0][0x1c0], RZ ;	void cutlass::Kernel2<cutlass_80_wmma_tensorop_bf16_s161616gemm_bf16_32x32_128x2_tn_align8>(cutlass_80_wmma_tensorop_bf16_s161616gemm_bf16_32x32_128x2_tn_align8::Params)	_ZN7cutlass7Kernel2I68cutlass_80_wmma_tensorop_bf16_s161616gemm_bf16_32x32_128x2_tn_align8EEvNT_6ParamsE	0x7e1aa05fc300	761b14acafb8b02011e32d11bd437b63cca3fe882b9c4a02c89fd01d738ccb6a
144	144	2304	IADD3.X	NONE	0	0	0	IADD3.X R57, R59, c[0x0][0x1c4], RZ, P0, !PT ;	void cutlass::Kernel2<cutlass_80_wmma_tensorop_bf16_s161616gemm_bf16_32x32_128x2_tn_align8>(cutlass_80_wmma_tensorop_bf16_s161616gemm_bf16_32x32_128x2_tn_align8::Params)	_ZN7cutlass7Kernel2I68cutlass_80_wmma_tensorop_bf16_s161616gemm_bf16_32x32_128x2_tn_align8EEvNT_6ParamsE	0x7e1aa05fc300	761b14acafb8b02011e32d11bd437b63cca3fe882b9c4a02c89fd01d738ccb6a
145	145	2320	R2P	NONE	0	0	0	R2P PR, R4, 0xf ;	void cutlass::Kernel2<cutlass_80_wmma_tensorop_bf16_s161616gemm_bf16_32x32_128x2_tn_align8>(cutlass_80_wmma_tensorop_bf16_s161616gemm_bf16_32x32_128x2_tn_align8::Params)	_ZN7cutlass7Kernel2I68cutlass_80_wmma_tensorop_bf16_s161616gemm_bf16_32x32_128x2_tn_align8EEvNT_6ParamsE	0x7e1aa05fc300	761b14acafb8b02011e32d11bd437b63cca3fe882b9c4a02c89fd01d738ccb6a
146	146	2336	CS2R	NONE	0	0	0	CS2R R12, SRZ ;	void cutlass::Kernel2<cutlass_80_wmma_tensorop_bf16_s161616gemm_bf16_32x32_128x2_tn_align8>(cutlass_80_wmma_tensorop_bf16_s161616gemm_bf16_32x32_128x2_tn_align8::Params)	_ZN7cutlass7Kernel2I68cutlass_80_wmma_tensorop_bf16_s161616gemm_bf16_32x32_128x2_tn_align8EEvNT_6ParamsE	0x7e1aa05fc300	761b14acafb8b02011e32d11bd437b63cca3fe882b9c4a02c89fd01d738ccb6a
147	147	2352	CS2R	NONE	0	0	0	CS2R R14, SRZ ;	void cutlass::Kernel2<cutlass_80_wmma_tensorop_bf16_s161616gemm_bf16_32x32_128x2_tn_align8>(cutlass_80_wmma_tensorop_bf16_s161616gemm_bf16_32x32_128x2_tn_align8::Params)	_ZN7cutlass7Kernel2I68cutlass_80_wmma_tensorop_bf16_s161616gemm_bf16_32x32_128x2_tn_align8EEvNT_6ParamsE	0x7e1aa05fc300	761b14acafb8b02011e32d11bd437b63cca3fe882b9c4a02c89fd01d738ccb6a
148	148	2368	CS2R	NONE	0	0	0	CS2R R4, SRZ ;	void cutlass::Kernel2<cutlass_80_wmma_tensorop_bf16_s161616gemm_bf16_32x32_128x2_tn_align8>(cutlass_80_wmma_tensorop_bf16_s161616gemm_bf16_32x32_128x2_tn_align8::Params)	_ZN7cutlass7Kernel2I68cutlass_80_wmma_tensorop_bf16_s161616gemm_bf16_32x32_128x2_tn_align8EEvNT_6ParamsE	0x7e1aa05fc300	761b14acafb8b02011e32d11bd437b63cca3fe882b9c4a02c89fd01d738ccb6a
149	149	2384	LDG.E.LTC128B.128	GLOBAL	1	0	1	@P0 LDG.E.LTC128B.128 R20, [R6.64] ;	void cutlass::Kernel2<cutlass_80_wmma_tensorop_bf16_s161616gemm_bf16_32x32_128x2_tn_align8>(cutlass_80_wmma_tensorop_bf16_s161616gemm_bf16_32x32_128x2_tn_align8::Params)	_ZN7cutlass7Kernel2I68cutlass_80_wmma_tensorop_bf16_s161616gemm_bf16_32x32_128x2_tn_align8EEvNT_6ParamsE	0x7e1aa05fc300	761b14acafb8b02011e32d11bd437b63cca3fe882b9c4a02c89fd01d738ccb6a
150	150	2400	IADD3	NONE	0	0	0	IADD3 R54, P0, R56, c[0x0][0x1c0], RZ ;	void cutlass::Kernel2<cutlass_80_wmma_tensorop_bf16_s161616gemm_bf16_32x32_128x2_tn_align8>(cutlass_80_wmma_tensorop_bf16_s161616gemm_bf16_32x32_128x2_tn_align8::Params)	_ZN7cutlass7Kernel2I68cutlass_80_wmma_tensorop_bf16_s161616gemm_bf16_32x32_128x2_tn_align8EEvNT_6ParamsE	0x7e1aa05fc300	761b14acafb8b02011e32d11bd437b63cca3fe882b9c4a02c89fd01d738ccb6a
151	151	2416	LDG.E.LTC128B.128	GLOBAL	1	0	1	@P1 LDG.E.LTC128B.128 R16, [R58.64] ;	void cutlass::Kernel2<cutlass_80_wmma_tensorop_bf16_s161616gemm_bf16_32x32_128x2_tn_align8>(cutlass_80_wmma_tensorop_bf16_s161616gemm_bf16_32x32_128x2_tn_align8::Params)	_ZN7cutlass7Kernel2I68cutlass_80_wmma_tensorop_bf16_s161616gemm_bf16_32x32_128x2_tn_align8EEvNT_6ParamsE	0x7e1aa05fc300	761b14acafb8b02011e32d11bd437b63cca3fe882b9c4a02c89fd01d738ccb6a
152	152	2432	IADD3.X	NONE	0	0	0	IADD3.X R55, R57, c[0x0][0x1c4], RZ, P0, !PT ;	void cutlass::Kernel2<cutlass_80_wmma_tensorop_bf16_s161616gemm_bf16_32x32_128x2_tn_align8>(cutlass_80_wmma_tensorop_bf16_s161616gemm_bf16_32x32_128x2_tn_align8::Params)	_ZN7cutlass7Kernel2I68cutlass_80_wmma_tensorop_bf16_s161616gemm_bf16_32x32_128x2_tn_align8EEvNT_6ParamsE	0x7e1aa05fc300	761b14acafb8b02011e32d11bd437b63cca3fe882b9c4a02c89fd01d738ccb6a
153	153	2448	LDG.E.LTC128B.128	GLOBAL	1	0	1	@P2 LDG.E.LTC128B.128 R12, [R56.64] ;	void cutlass::Kernel2<cutlass_80_wmma_tensorop_bf16_s161616gemm_bf16_32x32_128x2_tn_align8>(cutlass_80_wmma_tensorop_bf16_s161616gemm_bf16_32x32_128x2_tn_align8::Params)	_ZN7cutlass7Kernel2I68cutlass_80_wmma_tensorop_bf16_s161616gemm_bf16_32x32_128x2_tn_align8EEvNT_6ParamsE	0x7e1aa05fc300	761b14acafb8b02011e32d11bd437b63cca3fe882b9c4a02c89fd01d738ccb6a
154	154	2464	CS2R	NONE	0	0	0	CS2R R6, SRZ ;	void cutlass::Kernel2<cutlass_80_wmma_tensorop_bf16_s161616gemm_bf16_32x32_128x2_tn_align8>(cutlass_80_wmma_tensorop_bf16_s161616gemm_bf16_32x32_128x2_tn_align8::Params)	_ZN7cutlass7Kernel2I68cutlass_80_wmma_tensorop_bf16_s161616gemm_bf16_32x32_128x2_tn_align8EEvNT_6ParamsE	0x7e1aa05fc300	761b14acafb8b02011e32d11bd437b63cca3fe882b9c4a02c89fd01d738ccb6a
155	155	2480	LDG.E.LTC128B.128	GLOBAL	1	0	1	@P3 LDG.E.LTC128B.128 R4, [R54.64] ;	void cutlass::Kernel2<cutlass_80_wmma_tensorop_bf16_s161616gemm_bf16_32x32_128x2_tn_align8>(cutlass_80_wmma_tensorop_bf16_s161616gemm_bf16_32x32_128x2_tn_align8::Params)	_ZN7cutlass7Kernel2I68cutlass_80_wmma_tensorop_bf16_s161616gemm_bf16_32x32_128x2_tn_align8EEvNT_6ParamsE	0x7e1aa05fc300	761b14acafb8b02011e32d11bd437b63cca3fe882b9c4a02c89fd01d738ccb6a
156	156	2496	SHF.R.U32.HI	NONE	0	0	0	SHF.R.U32.HI R53, RZ, 0x5, R46 ;	void cutlass::Kernel2<cutlass_80_wmma_tensorop_bf16_s161616gemm_bf16_32x32_128x2_tn_align8>(cutlass_80_wmma_tensorop_bf16_s161616gemm_bf16_32x32_128x2_tn_align8::Params)	_ZN7cutlass7Kernel2I68cutlass_80_wmma_tensorop_bf16_s161616gemm_bf16_32x32_128x2_tn_align8EEvNT_6ParamsE	0x7e1aa05fc300	761b14acafb8b02011e32d11bd437b63cca3fe882b9c4a02c89fd01d738ccb6a
157	157	2512	SHFL.IDX	NONE	0	1	0	SHFL.IDX PT, R53, R53, RZ, 0x1f ;	void cutlass::Kernel2<cutlass_80_wmma_tensorop_bf16_s161616gemm_bf16_32x32_128x2_tn_align8>(cutlass_80_wmma_tensorop_bf16_s161616gemm_bf16_32x32_128x2_tn_align8::Params)	_ZN7cutlass7Kernel2I68cutlass_80_wmma_tensorop_bf16_s161616gemm_bf16_32x32_128x2_tn_align8EEvNT_6ParamsE	0x7e1aa05fc300	761b14acafb8b02011e32d11bd437b63cca3fe882b9c4a02c89fd01d738ccb6a
158	158	2528	R2UR	NONE	0	0	0	R2UR UR9, R53 ;	void cutlass::Kernel2<cutlass_80_wmma_tensorop_bf16_s161616gemm_bf16_32x32_128x2_tn_align8>(cutlass_80_wmma_tensorop_bf16_s161616gemm_bf16_32x32_128x2_tn_align8::Params)	_ZN7cutlass7Kernel2I68cutlass_80_wmma_tensorop_bf16_s161616gemm_bf16_32x32_128x2_tn_align8EEvNT_6ParamsE	0x7e1aa05fc300	761b14acafb8b02011e32d11bd437b63cca3fe882b9c4a02c89fd01d738ccb6a
159	159	2544	S2R	NONE	0	0	0	S2R R46, SR_LANEID ;	void cutlass::Kernel2<cutlass_80_wmma_tensorop_bf16_s161616gemm_bf16_32x32_128x2_tn_align8>(cutlass_80_wmma_tensorop_bf16_s161616gemm_bf16_32x32_128x2_tn_align8::Params)	_ZN7cutlass7Kernel2I68cutlass_80_wmma_tensorop_bf16_s161616gemm_bf16_32x32_128x2_tn_align8EEvNT_6ParamsE	0x7e1aa05fc300	761b14acafb8b02011e32d11bd437b63cca3fe882b9c4a02c89fd01d738ccb6a
160	160	2560	USHF.R.S32.HI	NONE	0	0	0	USHF.R.S32.HI UR15, URZ, 0x1f, UR9 ;	void cutlass::Kernel2<cutlass_80_wmma_tensorop_bf16_s161616gemm_bf16_32x32_128x2_tn_align8>(cutlass_80_wmma_tensorop_bf16_s161616gemm_bf16_32x32_128x2_tn_align8::Params)	_ZN7cutlass7Kernel2I68cutlass_80_wmma_tensorop_bf16_s161616gemm_bf16_32x32_128x2_tn_align8EEvNT_6ParamsE	0x7e1aa05fc300	761b14acafb8b02011e32d11bd437b63cca3fe882b9c4a02c89fd01d738ccb6a
161	161	2576	ULEA.HI	NONE	0	0	0	ULEA.HI UR15, UR15, UR9, URZ, 0x2 ;	void cutlass::Kernel2<cutlass_80_wmma_tensorop_bf16_s161616gemm_bf16_32x32_128x2_tn_align8>(cutlass_80_wmma_tensorop_bf16_s161616gemm_bf16_32x32_128x2_tn_align8::Params)	_ZN7cutlass7Kernel2I68cutlass_80_wmma_tensorop_bf16_s161616gemm_bf16_32x32_128x2_tn_align8EEvNT_6ParamsE	0x7e1aa05fc300	761b14acafb8b02011e32d11bd437b63cca3fe882b9c4a02c89fd01d738ccb6a
162	162	2592	ULOP3.LUT	NONE	0	0	0	ULOP3.LUT UR8, UR15, 0xfffffffc, URZ, 0xc0, !UPT ;	void cutlass::Kernel2<cutlass_80_wmma_tensorop_bf16_s161616gemm_bf16_32x32_128x2_tn_align8>(cutlass_80_wmma_tensorop_bf16_s161616gemm_bf16_32x32_128x2_tn_align8::Params)	_ZN7cutlass7Kernel2I68cutlass_80_wmma_tensorop_bf16_s161616gemm_bf16_32x32_128x2_tn_align8EEvNT_6ParamsE	0x7e1aa05fc300	761b14acafb8b02011e32d11bd437b63cca3fe882b9c4a02c89fd01d738ccb6a
163	163	2608	UIADD3	NONE	0	0	0	UIADD3 UR8, UR9, -UR8, URZ ;	void cutlass::Kernel2<cutlass_80_wmma_tensorop_bf16_s161616gemm_bf16_32x32_128x2_tn_align8>(cutlass_80_wmma_tensorop_bf16_s161616gemm_bf16_32x32_128x2_tn_align8::Params)	_ZN7cutlass7Kernel2I68cutlass_80_wmma_tensorop_bf16_s161616gemm_bf16_32x32_128x2_tn_align8EEvNT_6ParamsE	0x7e1aa05fc300	761b14acafb8b02011e32d11bd437b63cca3fe882b9c4a02c89fd01d738ccb6a
164	164	2624	ULEA.HI	NONE	0	0	0	ULEA.HI UR14, UR8, UR8, URZ, 0x1 ;	void cutlass::Kernel2<cutlass_80_wmma_tensorop_bf16_s161616gemm_bf16_32x32_128x2_tn_align8>(cutlass_80_wmma_tensorop_bf16_s161616gemm_bf16_32x32_128x2_tn_align8::Params)	_ZN7cutlass7Kernel2I68cutlass_80_wmma_tensorop_bf16_s161616gemm_bf16_32x32_128x2_tn_align8EEvNT_6ParamsE	0x7e1aa05fc300	761b14acafb8b02011e32d11bd437b63cca3fe882b9c4a02c89fd01d738ccb6a
165	165	2640	USHF.R.S32.HI	NONE	0	0	0	USHF.R.S32.HI UR15, URZ, 0x2, UR15 ;	void cutlass::Kernel2<cutlass_80_wmma_tensorop_bf16_s161616gemm_bf16_32x32_128x2_tn_align8>(cutlass_80_wmma_tensorop_bf16_s161616gemm_bf16_32x32_128x2_tn_align8::Params)	_ZN7cutlass7Kernel2I68cutlass_80_wmma_tensorop_bf16_s161616gemm_bf16_32x32_128x2_tn_align8EEvNT_6ParamsE	0x7e1aa05fc300	761b14acafb8b02011e32d11bd437b63cca3fe882b9c4a02c89fd01d738ccb6a
166	166	2656	ULOP3.LUT	NONE	0	0	0	ULOP3.LUT UR13, UR14, 0xfffffffe, URZ, 0xc0, !UPT ;	void cutlass::Kernel2<cutlass_80_wmma_tensorop_bf16_s161616gemm_bf16_32x32_128x2_tn_align8>(cutlass_80_wmma_tensorop_bf16_s161616gemm_bf16_32x32_128x2_tn_align8::Params)	_ZN7cutlass7Kernel2I68cutlass_80_wmma_tensorop_bf16_s161616gemm_bf16_32x32_128x2_tn_align8EEvNT_6ParamsE	0x7e1aa05fc300	761b14acafb8b02011e32d11bd437b63cca3fe882b9c4a02c89fd01d738ccb6a
167	167	2672	USHF.L.U32	NONE	0	0	0	USHF.L.U32 UR12, UR15, 0x7, URZ ;	void cutlass::Kernel2<cutlass_80_wmma_tensorop_bf16_s161616gemm_bf16_32x32_128x2_tn_align8>(cutlass_80_wmma_tensorop_bf16_s161616gemm_bf16_32x32_128x2_tn_align8::Params)	_ZN7cutlass7Kernel2I68cutlass_80_wmma_tensorop_bf16_s161616gemm_bf16_32x32_128x2_tn_align8EEvNT_6ParamsE	0x7e1aa05fc300	761b14acafb8b02011e32d11bd437b63cca3fe882b9c4a02c89fd01d738ccb6a
168	168	2688	USHF.R.S32.HI	NONE	0	0	0	USHF.R.S32.HI UR14, URZ, 0x1, UR14 ;	void cutlass::Kernel2<cutlass_80_wmma_tensorop_bf16_s161616gemm_bf16_32x32_128x2_tn_align8>(cutlass_80_wmma_tensorop_bf16_s161616gemm_bf16_32x32_128x2_tn_align8::Params)	_ZN7cutlass7Kernel2I68cutlass_80_wmma_tensorop_bf16_s161616gemm_bf16_32x32_128x2_tn_align8EEvNT_6ParamsE	0x7e1aa05fc300	761b14acafb8b02011e32d11bd437b63cca3fe882b9c4a02c89fd01d738ccb6a
169	169	2704	UIADD3	NONE	0	0	0	UIADD3 UR13, UR8, -UR13, URZ ;	void cutlass::Kernel2<cutlass_80_wmma_tensorop_bf16_s161616gemm_bf16_32x32_128x2_tn_align8>(cutlass_80_wmma_tensorop_bf16_s161616gemm_bf16_32x32_128x2_tn_align8::Params)	_ZN7cutlass7Kernel2I68cutlass_80_wmma_tensorop_bf16_s161616gemm_bf16_32x32_128x2_tn_align8EEvNT_6ParamsE	0x7e1aa05fc300	761b14acafb8b02011e32d11bd437b63cca3fe882b9c4a02c89fd01d738ccb6a
170	170	2720	UIMAD	NONE	0	0	0	UIMAD UR11, UR14, 0x1080, UR12 ;	void cutlass::Kernel2<cutlass_80_wmma_tensorop_bf16_s161616gemm_bf16_32x32_128x2_tn_align8>(cutlass_80_wmma_tensorop_bf16_s161616gemm_bf16_32x32_128x2_tn_align8::Params)	_ZN7cutlass7Kernel2I68cutlass_80_wmma_tensorop_bf16_s161616gemm_bf16_32x32_128x2_tn_align8EEvNT_6ParamsE	0x7e1aa05fc300	761b14acafb8b02011e32d11bd437b63cca3fe882b9c4a02c89fd01d738ccb6a
171	171	2736	UIMAD	NONE	0	0	0	UIMAD UR12, UR13, 0x1080, UR12 ;	void cutlass::Kernel2<cutlass_80_wmma_tensorop_bf16_s161616gemm_bf16_32x32_128x2_tn_align8>(cutlass_80_wmma_tensorop_bf16_s161616gemm_bf16_32x32_128x2_tn_align8::Params)	_ZN7cutlass7Kernel2I68cutlass_80_wmma_tensorop_bf16_s161616gemm_bf16_32x32_128x2_tn_align8EEvNT_6ParamsE	0x7e1aa05fc300	761b14acafb8b02011e32d11bd437b63cca3fe882b9c4a02c89fd01d738ccb6a
172	172	2752	IMAD	NONE	0	0	0	IMAD R74, R47, 0x108, R52 ;	void cutlass::Kernel2<cutlass_80_wmma_tensorop_bf16_s161616gemm_bf16_32x32_128x2_tn_align8>(cutlass_80_wmma_tensorop_bf16_s161616gemm_bf16_32x32_128x2_tn_align8::Params)	_ZN7cutlass7Kernel2I68cutlass_80_wmma_tensorop_bf16_s161616gemm_bf16_32x32_128x2_tn_align8EEvNT_6ParamsE	0x7e1aa05fc300	761b14acafb8b02011e32d11bd437b63cca3fe882b9c4a02c89fd01d738ccb6a
173	173	2768	LOP3.LUT	NONE	0	0	0	LOP3.LUT R52, R46, 0x3, RZ, 0xc0, !PT ;	void cutlass::Kernel2<cutlass_80_wmma_tensorop_bf16_s161616gemm_bf16_32x32_128x2_tn_align8>(cutlass_80_wmma_tensorop_bf16_s161616gemm_bf16_32x32_128x2_tn_align8::Params)	_ZN7cutlass7Kernel2I68cutlass_80_wmma_tensorop_bf16_s161616gemm_bf16_32x32_128x2_tn_align8EEvNT_6ParamsE	0x7e1aa05fc300	761b14acafb8b02011e32d11bd437b63cca3fe882b9c4a02c89fd01d738ccb6a
174	174	2784	USHF.L.U32	NONE	0	0	0	USHF.L.U32 UR11, UR11, 0x1, URZ ;	void cutlass::Kernel2<cutlass_80_wmma_tensorop_bf16_s161616gemm_bf16_32x32_128x2_tn_align8>(cutlass_80_wmma_tensorop_bf16_s161616gemm_bf16_32x32_128x2_tn_align8::Params)	_ZN7cutlass7Kernel2I68cutlass_80_wmma_tensorop_bf16_s161616gemm_bf16_32x32_128x2_tn_align8EEvNT_6ParamsE	0x7e1aa05fc300	761b14acafb8b02011e32d11bd437b63cca3fe882b9c4a02c89fd01d738ccb6a
175	175	2800	SHF.R.U32.HI	NONE	0	0	0	SHF.R.U32.HI R46, RZ, 0x2, R46 ;	void cutlass::Kernel2<cutlass_80_wmma_tensorop_bf16_s161616gemm_bf16_32x32_128x2_tn_align8>(cutlass_80_wmma_tensorop_bf16_s161616gemm_bf16_32x32_128x2_tn_align8::Params)	_ZN7cutlass7Kernel2I68cutlass_80_wmma_tensorop_bf16_s161616gemm_bf16_32x32_128x2_tn_align8EEvNT_6ParamsE	0x7e1aa05fc300	761b14acafb8b02011e32d11bd437b63cca3fe882b9c4a02c89fd01d738ccb6a
176	176	2816	USHF.L.U32	NONE	0	0	0	USHF.L.U32 UR12, UR12, 0x1, URZ ;	void cutlass::Kernel2<cutlass_80_wmma_tensorop_bf16_s161616gemm_bf16_32x32_128x2_tn_align8>(cutlass_80_wmma_tensorop_bf16_s161616gemm_bf16_32x32_128x2_tn_align8::Params)	_ZN7cutlass7Kernel2I68cutlass_80_wmma_tensorop_bf16_s161616gemm_bf16_32x32_128x2_tn_align8EEvNT_6ParamsE	0x7e1aa05fc300	761b14acafb8b02011e32d11bd437b63cca3fe882b9c4a02c89fd01d738ccb6a
177	177	2832	IMAD.MOV.U32	NONE	0	0	0	IMAD.MOV.U32 R53, RZ, RZ, RZ ;	void cutlass::Kernel2<cutlass_80_wmma_tensorop_bf16_s161616gemm_bf16_32x32_128x2_tn_align8>(cutlass_80_wmma_tensorop_bf16_s161616gemm_bf16_32x32_128x2_tn_align8::Params)	_ZN7cutlass7Kernel2I68cutlass_80_wmma_tensorop_bf16_s161616gemm_bf16_32x32_128x2_tn_align8EEvNT_6ParamsE	0x7e1aa05fc300	761b14acafb8b02011e32d11bd437b63cca3fe882b9c4a02c89fd01d738ccb6a
178	178	2848	ISETP.GE.AND	NONE	0	0	0	ISETP.GE.AND P0, PT, R41, c[0x0][0x164], PT ;	void cutlass::Kernel2<cutlass_80_wmma_tensorop_bf16_s161616gemm_bf16_32x32_128x2_tn_align8>(cutlass_80_wmma_tensorop_bf16_s161616gemm_bf16_32x32_128x2_tn_align8::Params)	_ZN7cutlass7Kernel2I68cutlass_80_wmma_tensorop_bf16_s161616gemm_bf16_32x32_128x2_tn_align8EEvNT_6ParamsE	0x7e1aa05fc300	761b14acafb8b02011e32d11bd437b63cca3fe882b9c4a02c89fd01d738ccb6a
179	179	2864	ISETP.GE.AND	NONE	0	0	0	ISETP.GE.AND P1, PT, R50, c[0x0][0x164], PT ;	void cutlass::Kernel2<cutlass_80_wmma_tensorop_bf16_s161616gemm_bf16_32x32_128x2_tn_align8>(cutlass_80_wmma_tensorop_bf16_s161616gemm_bf16_32x32_128x2_tn_align8::Params)	_ZN7cutlass7Kernel2I68cutlass_80_wmma_tensorop_bf16_s161616gemm_bf16_32x32_128x2_tn_align8EEvNT_6ParamsE	0x7e1aa05fc300	761b14acafb8b02011e32d11bd437b63cca3fe882b9c4a02c89fd01d738ccb6a
180	180	2880	ISETP.GE.AND	NONE	0	0	0	ISETP.GE.AND P2, PT, R44, c[0x0][0x164], PT ;	void cutlass::Kernel2<cutlass_80_wmma_tensorop_bf16_s161616gemm_bf16_32x32_128x2_tn_align8>(cutlass_80_wmma_tensorop_bf16_s161616gemm_bf16_32x32_128x2_tn_align8::Params)	_ZN7cutlass7Kernel2I68cutlass_80_wmma_tensorop_bf16_s161616gemm_bf16_32x32_128x2_tn_align8EEvNT_6ParamsE	0x7e1aa05fc300	761b14acafb8b02011e32d11bd437b63cca3fe882b9c4a02c89fd01d738ccb6a
181	181	2896	ISETP.GE.AND	NONE	0	0	0	ISETP.GE.AND P3, PT, R3, c[0x0][0x164], PT ;	void cutlass::Kernel2<cutlass_80_wmma_tensorop_bf16_s161616gemm_bf16_32x32_128x2_tn_align8>(cutlass_80_wmma_tensorop_bf16_s161616gemm_bf16_32x32_128x2_tn_align8::Params)	_ZN7cutlass7Kernel2I68cutlass_80_wmma_tensorop_bf16_s161616gemm_bf16_32x32_128x2_tn_align8EEvNT_6ParamsE	0x7e1aa05fc300	761b14acafb8b02011e32d11bd437b63cca3fe882b9c4a02c89fd01d738ccb6a
182	182	2912	UIADD3	NONE	0	0	0	UIADD3 UR8, UP0, UR11, UR6, URZ ;	void cutlass::Kernel2<cutlass_80_wmma_tensorop_bf16_s161616gemm_bf16_32x32_128x2_tn_align8>(cutlass_80_wmma_tensorop_bf16_s161616gemm_bf16_32x32_128x2_tn_align8::Params)	_ZN7cutlass7Kernel2I68cutlass_80_wmma_tensorop_bf16_s161616gemm_bf16_32x32_128x2_tn_align8EEvNT_6ParamsE	0x7e1aa05fc300	761b14acafb8b02011e32d11bd437b63cca3fe882b9c4a02c89fd01d738ccb6a
183	183	2928	ISETP.GE.AND	NONE	0	0	0	ISETP.GE.AND P5, PT, R49.reuse, 0x1, PT ;	void cutlass::Kernel2<cutlass_80_wmma_tensorop_bf16_s161616gemm_bf16_32x32_128x2_tn_align8>(cutlass_80_wmma_tensorop_bf16_s161616gemm_bf16_32x32_128x2_tn_align8::Params)	_ZN7cutlass7Kernel2I68cutlass_80_wmma_tensorop_bf16_s161616gemm_bf16_32x32_128x2_tn_align8EEvNT_6ParamsE	0x7e1aa05fc300	761b14acafb8b02011e32d11bd437b63cca3fe882b9c4a02c89fd01d738ccb6a
184	184	2944	IMAD.SHL.U32	NONE	0	0	0	IMAD.SHL.U32 R74, R74, 0x2, RZ ;	void cutlass::Kernel2<cutlass_80_wmma_tensorop_bf16_s161616gemm_bf16_32x32_128x2_tn_align8>(cutlass_80_wmma_tensorop_bf16_s161616gemm_bf16_32x32_128x2_tn_align8::Params)	_ZN7cutlass7Kernel2I68cutlass_80_wmma_tensorop_bf16_s161616gemm_bf16_32x32_128x2_tn_align8EEvNT_6ParamsE	0x7e1aa05fc300	761b14acafb8b02011e32d11bd437b63cca3fe882b9c4a02c89fd01d738ccb6a
185	185	2960	ISETP.GT.AND	NONE	0	0	0	ISETP.GT.AND P6, PT, R49, 0x80, PT ;	void cutlass::Kernel2<cutlass_80_wmma_tensorop_bf16_s161616gemm_bf16_32x32_128x2_tn_align8>(cutlass_80_wmma_tensorop_bf16_s161616gemm_bf16_32x32_128x2_tn_align8::Params)	_ZN7cutlass7Kernel2I68cutlass_80_wmma_tensorop_bf16_s161616gemm_bf16_32x32_128x2_tn_align8EEvNT_6ParamsE	0x7e1aa05fc300	761b14acafb8b02011e32d11bd437b63cca3fe882b9c4a02c89fd01d738ccb6a
186	186	2976	UIADD3	NONE	0	0	0	UIADD3 UR6, UP1, UR12, UR6, URZ ;	void cutlass::Kernel2<cutlass_80_wmma_tensorop_bf16_s161616gemm_bf16_32x32_128x2_tn_align8>(cutlass_80_wmma_tensorop_bf16_s161616gemm_bf16_32x32_128x2_tn_align8::Params)	_ZN7cutlass7Kernel2I68cutlass_80_wmma_tensorop_bf16_s161616gemm_bf16_32x32_128x2_tn_align8EEvNT_6ParamsE	0x7e1aa05fc300	761b14acafb8b02011e32d11bd437b63cca3fe882b9c4a02c89fd01d738ccb6a
187	187	2992	IMAD.WIDE.U32	NONE	0	0	0	IMAD.WIDE.U32 R46, R46, 0x84, R52 ;	void cutlass::Kernel2<cutlass_80_wmma_tensorop_bf16_s161616gemm_bf16_32x32_128x2_tn_align8>(cutlass_80_wmma_tensorop_bf16_s161616gemm_bf16_32x32_128x2_tn_align8::Params)	_ZN7cutlass7Kernel2I68cutlass_80_wmma_tensorop_bf16_s161616gemm_bf16_32x32_128x2_tn_align8EEvNT_6ParamsE	0x7e1aa05fc300	761b14acafb8b02011e32d11bd437b63cca3fe882b9c4a02c89fd01d738ccb6a
188	188	3008	PLOP3.LUT	NONE	0	0	0	PLOP3.LUT P0, PT, P0, PT, PT, 0x8, 0x0 ;	void cutlass::Kernel2<cutlass_80_wmma_tensorop_bf16_s161616gemm_bf16_32x32_128x2_tn_align8>(cutlass_80_wmma_tensorop_bf16_s161616gemm_bf16_32x32_128x2_tn_align8::Params)	_ZN7cutlass7Kernel2I68cutlass_80_wmma_tensorop_bf16_s161616gemm_bf16_32x32_128x2_tn_align8EEvNT_6ParamsE	0x7e1aa05fc300	761b14acafb8b02011e32d11bd437b63cca3fe882b9c4a02c89fd01d738ccb6a
189	189	3024	PLOP3.LUT	NONE	0	0	0	PLOP3.LUT P1, PT, P1, PT, PT, 0x8, 0x0 ;	void cutlass::Kernel2<cutlass_80_wmma_tensorop_bf16_s161616gemm_bf16_32x32_128x2_tn_align8>(cutlass_80_wmma_tensorop_bf16_s161616gemm_bf16_32x32_128x2_tn_align8::Params)	_ZN7cutlass7Kernel2I68cutlass_80_wmma_tensorop_bf16_s161616gemm_bf16_32x32_128x2_tn_align8EEvNT_6ParamsE	0x7e1aa05fc300	761b14acafb8b02011e32d11bd437b63cca3fe882b9c4a02c89fd01d738ccb6a
190	190	3040	PLOP3.LUT	NONE	0	0	0	PLOP3.LUT P2, PT, P2, PT, PT, 0x8, 0x0 ;	void cutlass::Kernel2<cutlass_80_wmma_tensorop_bf16_s161616gemm_bf16_32x32_128x2_tn_align8>(cutlass_80_wmma_tensorop_bf16_s161616gemm_bf16_32x32_128x2_tn_align8::Params)	_ZN7cutlass7Kernel2I68cutlass_80_wmma_tensorop_bf16_s161616gemm_bf16_32x32_128x2_tn_align8EEvNT_6ParamsE	0x7e1aa05fc300	761b14acafb8b02011e32d11bd437b63cca3fe882b9c4a02c89fd01d738ccb6a
191	191	3056	PLOP3.LUT	NONE	0	0	0	PLOP3.LUT P3, PT, P3, PT, PT, 0x8, 0x0 ;	void cutlass::Kernel2<cutlass_80_wmma_tensorop_bf16_s161616gemm_bf16_32x32_128x2_tn_align8>(cutlass_80_wmma_tensorop_bf16_s161616gemm_bf16_32x32_128x2_tn_align8::Params)	_ZN7cutlass7Kernel2I68cutlass_80_wmma_tensorop_bf16_s161616gemm_bf16_32x32_128x2_tn_align8EEvNT_6ParamsE	0x7e1aa05fc300	761b14acafb8b02011e32d11bd437b63cca3fe882b9c4a02c89fd01d738ccb6a
192	192	3072	ULEA.HI.X.SX32	NONE	0	0	0	ULEA.HI.X.SX32 UR9, UR11, UR7, 0x1, UP0 ;	void cutlass::Kernel2<cutlass_80_wmma_tensorop_bf16_s161616gemm_bf16_32x32_128x2_tn_align8>(cutlass_80_wmma_tensorop_bf16_s161616gemm_bf16_32x32_128x2_tn_align8::Params)	_ZN7cutlass7Kernel2I68cutlass_80_wmma_tensorop_bf16_s161616gemm_bf16_32x32_128x2_tn_align8EEvNT_6ParamsE	0x7e1aa05fc300	761b14acafb8b02011e32d11bd437b63cca3fe882b9c4a02c89fd01d738ccb6a
193	193	3088	IADD3	NONE	0	0	0	IADD3 R51, R49.reuse, 0x7f, RZ ;	void cutlass::Kernel2<cutlass_80_wmma_tensorop_bf16_s161616gemm_bf16_32x32_128x2_tn_align8>(cutlass_80_wmma_tensorop_bf16_s161616gemm_bf16_32x32_128x2_tn_align8::Params)	_ZN7cutlass7Kernel2I68cutlass_80_wmma_tensorop_bf16_s161616gemm_bf16_32x32_128x2_tn_align8EEvNT_6ParamsE	0x7e1aa05fc300	761b14acafb8b02011e32d11bd437b63cca3fe882b9c4a02c89fd01d738ccb6a
194	194	3104	ULEA.HI.X.SX32	NONE	0	0	0	ULEA.HI.X.SX32 UR7, UR12, UR7, 0x1, UP1 ;	void cutlass::Kernel2<cutlass_80_wmma_tensorop_bf16_s161616gemm_bf16_32x32_128x2_tn_align8>(cutlass_80_wmma_tensorop_bf16_s161616gemm_bf16_32x32_128x2_tn_align8::Params)	_ZN7cutlass7Kernel2I68cutlass_80_wmma_tensorop_bf16_s161616gemm_bf16_32x32_128x2_tn_align8EEvNT_6ParamsE	0x7e1aa05fc300	761b14acafb8b02011e32d11bd437b63cca3fe882b9c4a02c89fd01d738ccb6a
195	195	3120	P2R	NONE	0	0	0	P2R R77, PR, RZ, 0xf ;	void cutlass::Kernel2<cutlass_80_wmma_tensorop_bf16_s161616gemm_bf16_32x32_128x2_tn_align8>(cutlass_80_wmma_tensorop_bf16_s161616gemm_bf16_32x32_128x2_tn_align8::Params)	_ZN7cutlass7Kernel2I68cutlass_80_wmma_tensorop_bf16_s161616gemm_bf16_32x32_128x2_tn_align8EEvNT_6ParamsE	0x7e1aa05fc300	761b14acafb8b02011e32d11bd437b63cca3fe882b9c4a02c89fd01d738ccb6a
196	196	3136	ISETP.GE.AND	NONE	0	0	0	ISETP.GE.AND P4, PT, R49, 0x81, PT ;	void cutlass::Kernel2<cutlass_80_wmma_tensorop_bf16_s161616gemm_bf16_32x32_128x2_tn_align8>(cutlass_80_wmma_tensorop_bf16_s161616gemm_bf16_32x32_128x2_tn_align8::Params)	_ZN7cutlass7Kernel2I68cutlass_80_wmma_tensorop_bf16_s161616gemm_bf16_32x32_128x2_tn_align8EEvNT_6ParamsE	0x7e1aa05fc300	761b14acafb8b02011e32d11bd437b63cca3fe882b9c4a02c89fd01d738ccb6a
197	197	3152	SHF.R.S32.HI	NONE	0	0	0	SHF.R.S32.HI R78, RZ, 0x1f, R51 ;	void cutlass::Kernel2<cutlass_80_wmma_tensorop_bf16_s161616gemm_bf16_32x32_128x2_tn_align8>(cutlass_80_wmma_tensorop_bf16_s161616gemm_bf16_32x32_128x2_tn_align8::Params)	_ZN7cutlass7Kernel2I68cutlass_80_wmma_tensorop_bf16_s161616gemm_bf16_32x32_128x2_tn_align8EEvNT_6ParamsE	0x7e1aa05fc300	761b14acafb8b02011e32d11bd437b63cca3fe882b9c4a02c89fd01d738ccb6a
198	198	3168	IMAD.MOV.U32	NONE	0	0	0	@!P6 IMAD.MOV.U32 R77, RZ, RZ, RZ ;	void cutlass::Kernel2<cutlass_80_wmma_tensorop_bf16_s161616gemm_bf16_32x32_128x2_tn_align8>(cutlass_80_wmma_tensorop_bf16_s161616gemm_bf16_32x32_128x2_tn_align8::Params)	_ZN7cutlass7Kernel2I68cutlass_80_wmma_tensorop_bf16_s161616gemm_bf16_32x32_128x2_tn_align8EEvNT_6ParamsE	0x7e1aa05fc300	761b14acafb8b02011e32d11bd437b63cca3fe882b9c4a02c89fd01d738ccb6a
199	199	3184	SEL	NONE	0	0	0	SEL R76, R2, RZ, P4 ;	void cutlass::Kernel2<cutlass_80_wmma_tensorop_bf16_s161616gemm_bf16_32x32_128x2_tn_align8>(cutlass_80_wmma_tensorop_bf16_s161616gemm_bf16_32x32_128x2_tn_align8::Params)	_ZN7cutlass7Kernel2I68cutlass_80_wmma_tensorop_bf16_s161616gemm_bf16_32x32_128x2_tn_align8EEvNT_6ParamsE	0x7e1aa05fc300	761b14acafb8b02011e32d11bd437b63cca3fe882b9c4a02c89fd01d738ccb6a
200	200	3200	LEA.HI	NONE	0	0	0	LEA.HI R78, R78, R51, RZ, 0x7 ;	void cutlass::Kernel2<cutlass_80_wmma_tensorop_bf16_s161616gemm_bf16_32x32_128x2_tn_align8>(cutlass_80_wmma_tensorop_bf16_s161616gemm_bf16_32x32_128x2_tn_align8::Params)	_ZN7cutlass7Kernel2I68cutlass_80_wmma_tensorop_bf16_s161616gemm_bf16_32x32_128x2_tn_align8EEvNT_6ParamsE	0x7e1aa05fc300	761b14acafb8b02011e32d11bd437b63cca3fe882b9c4a02c89fd01d738ccb6a
201	201	3216	STS.128	SHARED	0	1	1	STS.128 [R74], R32 ;	void cutlass::Kernel2<cutlass_80_wmma_tensorop_bf16_s161616gemm_bf16_32x32_128x2_tn_align8>(cutlass_80_wmma_tensorop_bf16_s161616gemm_bf16_32x32_128x2_tn_align8::Params)	_ZN7cutlass7Kernel2I68cutlass_80_wmma_tensorop_bf16_s161616gemm_bf16_32x32_128x2_tn_align8EEvNT_6ParamsE	0x7e1aa05fc300	761b14acafb8b02011e32d11bd437b63cca3fe882b9c4a02c89fd01d738ccb6a
202	202	3232	STS.128	SHARED	0	1	1	STS.128 [R74+0x1080], R28 ;	void cutlass::Kernel2<cutlass_80_wmma_tensorop_bf16_s161616gemm_bf16_32x32_128x2_tn_align8>(cutlass_80_wmma_tensorop_bf16_s161616gemm_bf16_32x32_128x2_tn_align8::Params)	_ZN7cutlass7Kernel2I68cutlass_80_wmma_tensorop_bf16_s161616gemm_bf16_32x32_128x2_tn_align8EEvNT_6ParamsE	0x7e1aa05fc300	761b14acafb8b02011e32d11bd437b63cca3fe882b9c4a02c89fd01d738ccb6a
203	203	3248	STS.128	SHARED	0	1	1	STS.128 [R74+0x2100], R8 ;	void cutlass::Kernel2<cutlass_80_wmma_tensorop_bf16_s161616gemm_bf16_32x32_128x2_tn_align8>(cutlass_80_wmma_tensorop_bf16_s161616gemm_bf16_32x32_128x2_tn_align8::Params)	_ZN7cutlass7Kernel2I68cutlass_80_wmma_tensorop_bf16_s161616gemm_bf16_32x32_128x2_tn_align8EEvNT_6ParamsE	0x7e1aa05fc300	761b14acafb8b02011e32d11bd437b63cca3fe882b9c4a02c89fd01d738ccb6a
204	204	3264	STS.128	SHARED	0	1	1	STS.128 [R74+0x3180], R24 ;	void cutlass::Kernel2<cutlass_80_wmma_tensorop_bf16_s161616gemm_bf16_32x32_128x2_tn_align8>(cutlass_80_wmma_tensorop_bf16_s161616gemm_bf16_32x32_128x2_tn_align8::Params)	_ZN7cutlass7Kernel2I68cutlass_80_wmma_tensorop_bf16_s161616gemm_bf16_32x32_128x2_tn_align8EEvNT_6ParamsE	0x7e1aa05fc300	761b14acafb8b02011e32d11bd437b63cca3fe882b9c4a02c89fd01d738ccb6a
205	205	3280	CS2R	NONE	0	0	0	CS2R R10, SRZ ;	void cutlass::Kernel2<cutlass_80_wmma_tensorop_bf16_s161616gemm_bf16_32x32_128x2_tn_align8>(cutlass_80_wmma_tensorop_bf16_s161616gemm_bf16_32x32_128x2_tn_align8::Params)	_ZN7cutlass7Kernel2I68cutlass_80_wmma_tensorop_bf16_s161616gemm_bf16_32x32_128x2_tn_align8EEvNT_6ParamsE	0x7e1aa05fc300	761b14acafb8b02011e32d11bd437b63cca3fe882b9c4a02c89fd01d738ccb6a
206	206	3296	CS2R	NONE	0	0	0	CS2R R8, SRZ ;	void cutlass::Kernel2<cutlass_80_wmma_tensorop_bf16_s161616gemm_bf16_32x32_128x2_tn_align8>(cutlass_80_wmma_tensorop_bf16_s161616gemm_bf16_32x32_128x2_tn_align8::Params)	_ZN7cutlass7Kernel2I68cutlass_80_wmma_tensorop_bf16_s161616gemm_bf16_32x32_128x2_tn_align8EEvNT_6ParamsE	0x7e1aa05fc300	761b14acafb8b02011e32d11bd437b63cca3fe882b9c4a02c89fd01d738ccb6a
207	207	3312	STS.128	SHARED	0	1	1	STS.128 [R74+0x4200], R20 ;	void cutlass::Kernel2<cutlass_80_wmma_tensorop_bf16_s161616gemm_bf16_32x32_128x2_tn_align8>(cutlass_80_wmma_tensorop_bf16_s161616gemm_bf16_32x32_128x2_tn_align8::Params)	_ZN7cutlass7Kernel2I68cutlass_80_wmma_tensorop_bf16_s161616gemm_bf16_32x32_128x2_tn_align8EEvNT_6ParamsE	0x7e1aa05fc300	761b14acafb8b02011e32d11bd437b63cca3fe882b9c4a02c89fd01d738ccb6a
208	208	3328	STS.128	SHARED	0	1	1	STS.128 [R74+0x5280], R16 ;	void cutlass::Kernel2<cutlass_80_wmma_tensorop_bf16_s161616gemm_bf16_32x32_128x2_tn_align8>(cutlass_80_wmma_tensorop_bf16_s161616gemm_bf16_32x32_128x2_tn_align8::Params)	_ZN7cutlass7Kernel2I68cutlass_80_wmma_tensorop_bf16_s161616gemm_bf16_32x32_128x2_tn_align8EEvNT_6ParamsE	0x7e1aa05fc300	761b14acafb8b02011e32d11bd437b63cca3fe882b9c4a02c89fd01d738ccb6a
209	209	3344	STS.128	SHARED	0	1	1	STS.128 [R74+0x6300], R12 ;	void cutlass::Kernel2<cutlass_80_wmma_tensorop_bf16_s161616gemm_bf16_32x32_128x2_tn_align8>(cutlass_80_wmma_tensorop_bf16_s161616gemm_bf16_32x32_128x2_tn_align8::Params)	_ZN7cutlass7Kernel2I68cutlass_80_wmma_tensorop_bf16_s161616gemm_bf16_32x32_128x2_tn_align8EEvNT_6ParamsE	0x7e1aa05fc300	761b14acafb8b02011e32d11bd437b63cca3fe882b9c4a02c89fd01d738ccb6a
210	210	3360	LEA	NONE	0	0	0	LEA R22, P0, R46.reuse, UR8, 0x2 ;	void cutlass::Kernel2<cutlass_80_wmma_tensorop_bf16_s161616gemm_bf16_32x32_128x2_tn_align8>(cutlass_80_wmma_tensorop_bf16_s161616gemm_bf16_32x32_128x2_tn_align8::Params)	_ZN7cutlass7Kernel2I68cutlass_80_wmma_tensorop_bf16_s161616gemm_bf16_32x32_128x2_tn_align8EEvNT_6ParamsE	0x7e1aa05fc300	761b14acafb8b02011e32d11bd437b63cca3fe882b9c4a02c89fd01d738ccb6a
211	211	3376	LEA	NONE	0	0	0	LEA R20, P1, R46.reuse, UR6, 0x2 ;	void cutlass::Kernel2<cutlass_80_wmma_tensorop_bf16_s161616gemm_bf16_32x32_128x2_tn_align8>(cutlass_80_wmma_tensorop_bf16_s161616gemm_bf16_32x32_128x2_tn_align8::Params)	_ZN7cutlass7Kernel2I68cutlass_80_wmma_tensorop_bf16_s161616gemm_bf16_32x32_128x2_tn_align8EEvNT_6ParamsE	0x7e1aa05fc300	761b14acafb8b02011e32d11bd437b63cca3fe882b9c4a02c89fd01d738ccb6a
212	212	3392	STS.128	SHARED	0	1	1	STS.128 [R74+0x7380], R4 ;	void cutlass::Kernel2<cutlass_80_wmma_tensorop_bf16_s161616gemm_bf16_32x32_128x2_tn_align8>(cutlass_80_wmma_tensorop_bf16_s161616gemm_bf16_32x32_128x2_tn_align8::Params)	_ZN7cutlass7Kernel2I68cutlass_80_wmma_tensorop_bf16_s161616gemm_bf16_32x32_128x2_tn_align8EEvNT_6ParamsE	0x7e1aa05fc300	761b14acafb8b02011e32d11bd437b63cca3fe882b9c4a02c89fd01d738ccb6a
213	213	3408	LEA.HI.X	NONE	0	0	0	LEA.HI.X R23, R46, UR9, R47, 0x2, P0 ;	void cutlass::Kernel2<cutlass_80_wmma_tensorop_bf16_s161616gemm_bf16_32x32_128x2_tn_align8>(cutlass_80_wmma_tensorop_bf16_s161616gemm_bf16_32x32_128x2_tn_align8::Params)	_ZN7cutlass7Kernel2I68cutlass_80_wmma_tensorop_bf16_s161616gemm_bf16_32x32_128x2_tn_align8EEvNT_6ParamsE	0x7e1aa05fc300	761b14acafb8b02011e32d11bd437b63cca3fe882b9c4a02c89fd01d738ccb6a
214	214	3424	LEA.HI.X	NONE	0	0	0	LEA.HI.X R21, R46, UR7, R47, 0x2, P1 ;	void cutlass::Kernel2<cutlass_80_wmma_tensorop_bf16_s161616gemm_bf16_32x32_128x2_tn_align8>(cutlass_80_wmma_tensorop_bf16_s161616gemm_bf16_32x32_128x2_tn_align8::Params)	_ZN7cutlass7Kernel2I68cutlass_80_wmma_tensorop_bf16_s161616gemm_bf16_32x32_128x2_tn_align8EEvNT_6ParamsE	0x7e1aa05fc300	761b14acafb8b02011e32d11bd437b63cca3fe882b9c4a02c89fd01d738ccb6a
215	215	3440	CS2R	NONE	0	0	0	CS2R R6, SRZ ;	void cutlass::Kernel2<cutlass_80_wmma_tensorop_bf16_s161616gemm_bf16_32x32_128x2_tn_align8>(cutlass_80_wmma_tensorop_bf16_s161616gemm_bf16_32x32_128x2_tn_align8::Params)	_ZN7cutlass7Kernel2I68cutlass_80_wmma_tensorop_bf16_s161616gemm_bf16_32x32_128x2_tn_align8EEvNT_6ParamsE	0x7e1aa05fc300	761b14acafb8b02011e32d11bd437b63cca3fe882b9c4a02c89fd01d738ccb6a
216	216	3456	CS2R	NONE	0	0	0	CS2R R4, SRZ ;	void cutlass::Kernel2<cutlass_80_wmma_tensorop_bf16_s161616gemm_bf16_32x32_128x2_tn_align8>(cutlass_80_wmma_tensorop_bf16_s161616gemm_bf16_32x32_128x2_tn_align8::Params)	_ZN7cutlass7Kernel2I68cutlass_80_wmma_tensorop_bf16_s161616gemm_bf16_32x32_128x2_tn_align8EEvNT_6ParamsE	0x7e1aa05fc300	761b14acafb8b02011e32d11bd437b63cca3fe882b9c4a02c89fd01d738ccb6a
217	217	3472	BAR.SYNC.DEFER_BLOCKING	NONE	0	0	0	BAR.SYNC.DEFER_BLOCKING 0x0 ;	void cutlass::Kernel2<cutlass_80_wmma_tensorop_bf16_s161616gemm_bf16_32x32_128x2_tn_align8>(cutlass_80_wmma_tensorop_bf16_s161616gemm_bf16_32x32_128x2_tn_align8::Params)	_ZN7cutlass7Kernel2I68cutlass_80_wmma_tensorop_bf16_s161616gemm_bf16_32x32_128x2_tn_align8EEvNT_6ParamsE	0x7e1aa05fc300	761b14acafb8b02011e32d11bd437b63cca3fe882b9c4a02c89fd01d738ccb6a
218	218	3488	BRA	NONE	0	0	0	@!P5 BRA 0x2000 ;	void cutlass::Kernel2<cutlass_80_wmma_tensorop_bf16_s161616gemm_bf16_32x32_128x2_tn_align8>(cutlass_80_wmma_tensorop_bf16_s161616gemm_bf16_32x32_128x2_tn_align8::Params)	_ZN7cutlass7Kernel2I68cutlass_80_wmma_tensorop_bf16_s161616gemm_bf16_32x32_128x2_tn_align8EEvNT_6ParamsE	0x7e1aa05fc300	761b14acafb8b02011e32d11bd437b63cca3fe882b9c4a02c89fd01d738ccb6a
219	219	3504	LD.E	GENERIC	1	0	1	LD.E R2, [R22.64+0x4200] ;	void cutlass::Kernel2<cutlass_80_wmma_tensorop_bf16_s161616gemm_bf16_32x32_128x2_tn_align8>(cutlass_80_wmma_tensorop_bf16_s161616gemm_bf16_32x32_128x2_tn_align8::Params)	_ZN7cutlass7Kernel2I68cutlass_80_wmma_tensorop_bf16_s161616gemm_bf16_32x32_128x2_tn_align8EEvNT_6ParamsE	0x7e1aa05fc300	761b14acafb8b02011e32d11bd437b63cca3fe882b9c4a02c89fd01d738ccb6a
220	220	3520	LD.E	GENERIC	1	0	1	LD.E R3, [R22.64+0x4210] ;	void cutlass::Kernel2<cutlass_80_wmma_tensorop_bf16_s161616gemm_bf16_32x32_128x2_tn_align8>(cutlass_80_wmma_tensorop_bf16_s161616gemm_bf16_32x32_128x2_tn_align8::Params)	_ZN7cutlass7Kernel2I68cutlass_80_wmma_tensorop_bf16_s161616gemm_bf16_32x32_128x2_tn_align8EEvNT_6ParamsE	0x7e1aa05fc300	761b14acafb8b02011e32d11bd437b63cca3fe882b9c4a02c89fd01d738ccb6a
221	221	3536	LD.E	GENERIC	1	0	1	LD.E R16, [R22.64+0x5280] ;	void cutlass::Kernel2<cutlass_80_wmma_tensorop_bf16_s161616gemm_bf16_32x32_128x2_tn_align8>(cutlass_80_wmma_tensorop_bf16_s161616gemm_bf16_32x32_128x2_tn_align8::Params)	_ZN7cutlass7Kernel2I68cutlass_80_wmma_tensorop_bf16_s161616gemm_bf16_32x32_128x2_tn_align8EEvNT_6ParamsE	0x7e1aa05fc300	761b14acafb8b02011e32d11bd437b63cca3fe882b9c4a02c89fd01d738ccb6a
222	222	3552	LD.E	GENERIC	1	0	1	LD.E R17, [R22.64+0x5290] ;	void cutlass::Kernel2<cutlass_80_wmma_tensorop_bf16_s161616gemm_bf16_32x32_128x2_tn_align8>(cutlass_80_wmma_tensorop_bf16_s161616gemm_bf16_32x32_128x2_tn_align8::Params)	_ZN7cutlass7Kernel2I68cutlass_80_wmma_tensorop_bf16_s161616gemm_bf16_32x32_128x2_tn_align8EEvNT_6ParamsE	0x7e1aa05fc300	761b14acafb8b02011e32d11bd437b63cca3fe882b9c4a02c89fd01d738ccb6a
223	223	3568	LD.E	GENERIC	1	0	1	LD.E R12, [R20.64] ;	void cutlass::Kernel2<cutlass_80_wmma_tensorop_bf16_s161616gemm_bf16_32x32_128x2_tn_align8>(cutlass_80_wmma_tensorop_bf16_s161616gemm_bf16_32x32_128x2_tn_align8::Params)	_ZN7cutlass7Kernel2I68cutlass_80_wmma_tensorop_bf16_s161616gemm_bf16_32x32_128x2_tn_align8EEvNT_6ParamsE	0x7e1aa05fc300	761b14acafb8b02011e32d11bd437b63cca3fe882b9c4a02c89fd01d738ccb6a
224	224	3584	LD.E	GENERIC	1	0	1	LD.E R13, [R20.64+0x1080] ;	void cutlass::Kernel2<cutlass_80_wmma_tensorop_bf16_s161616gemm_bf16_32x32_128x2_tn_align8>(cutlass_80_wmma_tensorop_bf16_s161616gemm_bf16_32x32_128x2_tn_align8::Params)	_ZN7cutlass7Kernel2I68cutlass_80_wmma_tensorop_bf16_s161616gemm_bf16_32x32_128x2_tn_align8EEvNT_6ParamsE	0x7e1aa05fc300	761b14acafb8b02011e32d11bd437b63cca3fe882b9c4a02c89fd01d738ccb6a
225	225	3600	LD.E	GENERIC	1	0	1	LD.E R14, [R20.64+0x10] ;	void cutlass::Kernel2<cutlass_80_wmma_tensorop_bf16_s161616gemm_bf16_32x32_128x2_tn_align8>(cutlass_80_wmma_tensorop_bf16_s161616gemm_bf16_32x32_128x2_tn_align8::Params)	_ZN7cutlass7Kernel2I68cutlass_80_wmma_tensorop_bf16_s161616gemm_bf16_32x32_128x2_tn_align8EEvNT_6ParamsE	0x7e1aa05fc300	761b14acafb8b02011e32d11bd437b63cca3fe882b9c4a02c89fd01d738ccb6a
226	226	3616	LD.E	GENERIC	1	0	1	LD.E R15, [R20.64+0x1090] ;	void cutlass::Kernel2<cutlass_80_wmma_tensorop_bf16_s161616gemm_bf16_32x32_128x2_tn_align8>(cutlass_80_wmma_tensorop_bf16_s161616gemm_bf16_32x32_128x2_tn_align8::Params)	_ZN7cutlass7Kernel2I68cutlass_80_wmma_tensorop_bf16_s161616gemm_bf16_32x32_128x2_tn_align8EEvNT_6ParamsE	0x7e1aa05fc300	761b14acafb8b02011e32d11bd437b63cca3fe882b9c4a02c89fd01d738ccb6a
227	227	3632	SHF.R.S32.HI	NONE	0	0	0	SHF.R.S32.HI R49, RZ, 0x1f, R48.reuse ;	void cutlass::Kernel2<cutlass_80_wmma_tensorop_bf16_s161616gemm_bf16_32x32_128x2_tn_align8>(cutlass_80_wmma_tensorop_bf16_s161616gemm_bf16_32x32_128x2_tn_align8::Params)	_ZN7cutlass7Kernel2I68cutlass_80_wmma_tensorop_bf16_s161616gemm_bf16_32x32_128x2_tn_align8EEvNT_6ParamsE	0x7e1aa05fc300	761b14acafb8b02011e32d11bd437b63cca3fe882b9c4a02c89fd01d738ccb6a
228	228	3648	UMOV	NONE	0	0	0	UMOV UR16, 0x3 ;	void cutlass::Kernel2<cutlass_80_wmma_tensorop_bf16_s161616gemm_bf16_32x32_128x2_tn_align8>(cutlass_80_wmma_tensorop_bf16_s161616gemm_bf16_32x32_128x2_tn_align8::Params)	_ZN7cutlass7Kernel2I68cutlass_80_wmma_tensorop_bf16_s161616gemm_bf16_32x32_128x2_tn_align8EEvNT_6ParamsE	0x7e1aa05fc300	761b14acafb8b02011e32d11bd437b63cca3fe882b9c4a02c89fd01d738ccb6a
229	229	3664	IMAD.MOV.U32	NONE	0	0	0	IMAD.MOV.U32 R35, RZ, RZ, c[0x0][0x1b4] ;	void cutlass::Kernel2<cutlass_80_wmma_tensorop_bf16_s161616gemm_bf16_32x32_128x2_tn_align8>(cutlass_80_wmma_tensorop_bf16_s161616gemm_bf16_32x32_128x2_tn_align8::Params)	_ZN7cutlass7Kernel2I68cutlass_80_wmma_tensorop_bf16_s161616gemm_bf16_32x32_128x2_tn_align8EEvNT_6ParamsE	0x7e1aa05fc300	761b14acafb8b02011e32d11bd437b63cca3fe882b9c4a02c89fd01d738ccb6a
230	230	3680	ULDC.64	NONE	0	0	0	ULDC.64 UR6, c[0x0][0x1a0] ;	void cutlass::Kernel2<cutlass_80_wmma_tensorop_bf16_s161616gemm_bf16_32x32_128x2_tn_align8>(cutlass_80_wmma_tensorop_bf16_s161616gemm_bf16_32x32_128x2_tn_align8::Params)	_ZN7cutlass7Kernel2I68cutlass_80_wmma_tensorop_bf16_s161616gemm_bf16_32x32_128x2_tn_align8EEvNT_6ParamsE	0x7e1aa05fc300	761b14acafb8b02011e32d11bd437b63cca3fe882b9c4a02c89fd01d738ccb6a
231	231	3696	IMAD.MOV.U32	NONE	0	0	0	IMAD.MOV.U32 R69, RZ, RZ, c[0x0][0x1d4] ;	void cutlass::Kernel2<cutlass_80_wmma_tensorop_bf16_s161616gemm_bf16_32x32_128x2_tn_align8>(cutlass_80_wmma_tensorop_bf16_s161616gemm_bf16_32x32_128x2_tn_align8::Params)	_ZN7cutlass7Kernel2I68cutlass_80_wmma_tensorop_bf16_s161616gemm_bf16_32x32_128x2_tn_align8EEvNT_6ParamsE	0x7e1aa05fc300	761b14acafb8b02011e32d11bd437b63cca3fe882b9c4a02c89fd01d738ccb6a
232	232	3712	UIMAD.WIDE.U32	NONE	0	0	0	UIMAD.WIDE.U32 UR20, UR16, UR6, URZ ;	void cutlass::Kernel2<cutlass_80_wmma_tensorop_bf16_s161616gemm_bf16_32x32_128x2_tn_align8>(cutlass_80_wmma_tensorop_bf16_s161616gemm_bf16_32x32_128x2_tn_align8::Params)	_ZN7cutlass7Kernel2I68cutlass_80_wmma_tensorop_bf16_s161616gemm_bf16_32x32_128x2_tn_align8EEvNT_6ParamsE	0x7e1aa05fc300	761b14acafb8b02011e32d11bd437b63cca3fe882b9c4a02c89fd01d738ccb6a
233	233	3728	IMAD.WIDE.U32	NONE	0	0	0	IMAD.WIDE.U32 R18, R45, c[0x0][0x198], R48.reuse ;	void cutlass::Kernel2<cutlass_80_wmma_tensorop_bf16_s161616gemm_bf16_32x32_128x2_tn_align8>(cutlass_80_wmma_tensorop_bf16_s161616gemm_bf16_32x32_128x2_tn_align8::Params)	_ZN7cutlass7Kernel2I68cutlass_80_wmma_tensorop_bf16_s161616gemm_bf16_32x32_128x2_tn_align8EEvNT_6ParamsE	0x7e1aa05fc300	761b14acafb8b02011e32d11bd437b63cca3fe882b9c4a02c89fd01d738ccb6a
234	234	3744	UIMAD	NONE	0	0	0	UIMAD UR10, UR16, UR7, URZ ;	void cutlass::Kernel2<cutlass_80_wmma_tensorop_bf16_s161616gemm_bf16_32x32_128x2_tn_align8>(cutlass_80_wmma_tensorop_bf16_s161616gemm_bf16_32x32_128x2_tn_align8::Params)	_ZN7cutlass7Kernel2I68cutlass_80_wmma_tensorop_bf16_s161616gemm_bf16_32x32_128x2_tn_align8EEvNT_6ParamsE	0x7e1aa05fc300	761b14acafb8b02011e32d11bd437b63cca3fe882b9c4a02c89fd01d738ccb6a
235	235	3760	IADD3	NONE	0	0	0	IADD3 R75, R74, 0x100, RZ ;	void cutlass::Kernel2<cutlass_80_wmma_tensorop_bf16_s161616gemm_bf16_32x32_128x2_tn_align8>(cutlass_80_wmma_tensorop_bf16_s161616gemm_bf16_32x32_128x2_tn_align8::Params)	_ZN7cutlass7Kernel2I68cutlass_80_wmma_tensorop_bf16_s161616gemm_bf16_32x32_128x2_tn_align8EEvNT_6ParamsE	0x7e1aa05fc300	761b14acafb8b02011e32d11bd437b63cca3fe882b9c4a02c89fd01d738ccb6a
236	236	3776	ULDC.64	NONE	0	0	0	ULDC.64 UR8, c[0x0][0x1a8] ;	void cutlass::Kernel2<cutlass_80_wmma_tensorop_bf16_s161616gemm_bf16_32x32_128x2_tn_align8>(cutlass_80_wmma_tensorop_bf16_s161616gemm_bf16_32x32_128x2_tn_align8::Params)	_ZN7cutlass7Kernel2I68cutlass_80_wmma_tensorop_bf16_s161616gemm_bf16_32x32_128x2_tn_align8EEvNT_6ParamsE	0x7e1aa05fc300	761b14acafb8b02011e32d11bd437b63cca3fe882b9c4a02c89fd01d738ccb6a
237	237	3792	IMAD.WIDE.U32	NONE	0	0	0	IMAD.WIDE.U32 R48, R41, c[0x0][0x1b8], R48 ;	void cutlass::Kernel2<cutlass_80_wmma_tensorop_bf16_s161616gemm_bf16_32x32_128x2_tn_align8>(cutlass_80_wmma_tensorop_bf16_s161616gemm_bf16_32x32_128x2_tn_align8::Params)	_ZN7cutlass7Kernel2I68cutlass_80_wmma_tensorop_bf16_s161616gemm_bf16_32x32_128x2_tn_align8EEvNT_6ParamsE	0x7e1aa05fc300	761b14acafb8b02011e32d11bd437b63cca3fe882b9c4a02c89fd01d738ccb6a
238	238	3808	IADD3	NONE	0	0	0	IADD3 R11, P1, R42, R18, RZ ;	void cutlass::Kernel2<cutlass_80_wmma_tensorop_bf16_s161616gemm_bf16_32x32_128x2_tn_align8>(cutlass_80_wmma_tensorop_bf16_s161616gemm_bf16_32x32_128x2_tn_align8::Params)	_ZN7cutlass7Kernel2I68cutlass_80_wmma_tensorop_bf16_s161616gemm_bf16_32x32_128x2_tn_align8EEvNT_6ParamsE	0x7e1aa05fc300	761b14acafb8b02011e32d11bd437b63cca3fe882b9c4a02c89fd01d738ccb6a
239	239	3824	ULDC.64	NONE	0	0	0	ULDC.64 UR6, c[0x0][0x1c0] ;	void cutlass::Kernel2<cutlass_80_wmma_tensorop_bf16_s161616gemm_bf16_32x32_128x2_tn_align8>(cutlass_80_wmma_tensorop_bf16_s161616gemm_bf16_32x32_128x2_tn_align8::Params)	_ZN7cutlass7Kernel2I68cutlass_80_wmma_tensorop_bf16_s161616gemm_bf16_32x32_128x2_tn_align8EEvNT_6ParamsE	0x7e1aa05fc300	761b14acafb8b02011e32d11bd437b63cca3fe882b9c4a02c89fd01d738ccb6a
240	240	3840	SHF.L.U64.HI	NONE	0	0	0	SHF.L.U64.HI R71, R46, 0x2, R47 ;	void cutlass::Kernel2<cutlass_80_wmma_tensorop_bf16_s161616gemm_bf16_32x32_128x2_tn_align8>(cutlass_80_wmma_tensorop_bf16_s161616gemm_bf16_32x32_128x2_tn_align8::Params)	_ZN7cutlass7Kernel2I68cutlass_80_wmma_tensorop_bf16_s161616gemm_bf16_32x32_128x2_tn_align8EEvNT_6ParamsE	0x7e1aa05fc300	761b14acafb8b02011e32d11bd437b63cca3fe882b9c4a02c89fd01d738ccb6a
241	241	3856	UIMAD.WIDE.U32	NONE	0	0	0	UIMAD.WIDE.U32 UR18, UR16, UR6, URZ ;	void cutlass::Kernel2<cutlass_80_wmma_tensorop_bf16_s161616gemm_bf16_32x32_128x2_tn_align8>(cutlass_80_wmma_tensorop_bf16_s161616gemm_bf16_32x32_128x2_tn_align8::Params)	_ZN7cutlass7Kernel2I68cutlass_80_wmma_tensorop_bf16_s161616gemm_bf16_32x32_128x2_tn_align8EEvNT_6ParamsE	0x7e1aa05fc300	761b14acafb8b02011e32d11bd437b63cca3fe882b9c4a02c89fd01d738ccb6a
242	242	3872	IADD3.X	NONE	0	0	0	IADD3.X R40, R43, R40, R19, P1, !PT ;	void cutlass::Kernel2<cutlass_80_wmma_tensorop_bf16_s161616gemm_bf16_32x32_128x2_tn_align8>(cutlass_80_wmma_tensorop_bf16_s161616gemm_bf16_32x32_128x2_tn_align8::Params)	_ZN7cutlass7Kernel2I68cutlass_80_wmma_tensorop_bf16_s161616gemm_bf16_32x32_128x2_tn_align8EEvNT_6ParamsE	0x7e1aa05fc300	761b14acafb8b02011e32d11bd437b63cca3fe882b9c4a02c89fd01d738ccb6a
243	243	3888	IMAD.MOV.U32	NONE	0	0	0	IMAD.MOV.U32 R19, RZ, RZ, c[0x0][0x1b0] ;	void cutlass::Kernel2<cutlass_80_wmma_tensorop_bf16_s161616gemm_bf16_32x32_128x2_tn_align8>(cutlass_80_wmma_tensorop_bf16_s161616gemm_bf16_32x32_128x2_tn_align8::Params)	_ZN7cutlass7Kernel2I68cutlass_80_wmma_tensorop_bf16_s161616gemm_bf16_32x32_128x2_tn_align8EEvNT_6ParamsE	0x7e1aa05fc300	761b14acafb8b02011e32d11bd437b63cca3fe882b9c4a02c89fd01d738ccb6a
244	244	3904	IADD3	NONE	0	0	0	IADD3 R18, P0, R42, R48, RZ ;	void cutlass::Kernel2<cutlass_80_wmma_tensorop_bf16_s161616gemm_bf16_32x32_128x2_tn_align8>(cutlass_80_wmma_tensorop_bf16_s161616gemm_bf16_32x32_128x2_tn_align8::Params)	_ZN7cutlass7Kernel2I68cutlass_80_wmma_tensorop_bf16_s161616gemm_bf16_32x32_128x2_tn_align8EEvNT_6ParamsE	0x7e1aa05fc300	761b14acafb8b02011e32d11bd437b63cca3fe882b9c4a02c89fd01d738ccb6a
245	245	3920	UIMAD	NONE	0	0	0	UIMAD UR16, UR16, UR7, URZ ;	void cutlass::Kernel2<cutlass_80_wmma_tensorop_bf16_s161616gemm_bf16_32x32_128x2_tn_align8>(cutlass_80_wmma_tensorop_bf16_s161616gemm_bf16_32x32_128x2_tn_align8::Params)	_ZN7cutlass7Kernel2I68cutlass_80_wmma_tensorop_bf16_s161616gemm_bf16_32x32_128x2_tn_align8EEvNT_6ParamsE	0x7e1aa05fc300	761b14acafb8b02011e32d11bd437b63cca3fe882b9c4a02c89fd01d738ccb6a
246	246	3936	LEA	NONE	0	0	0	LEA R36, P1, R11, R36, 0x1 ;	void cutlass::Kernel2<cutlass_80_wmma_tensorop_bf16_s161616gemm_bf16_32x32_128x2_tn_align8>(cutlass_80_wmma_tensorop_bf16_s161616gemm_bf16_32x32_128x2_tn_align8::Params)	_ZN7cutlass7Kernel2I68cutlass_80_wmma_tensorop_bf16_s161616gemm_bf16_32x32_128x2_tn_align8EEvNT_6ParamsE	0x7e1aa05fc300	761b14acafb8b02011e32d11bd437b63cca3fe882b9c4a02c89fd01d738ccb6a
247	247	3952	UIADD3	NONE	0	0	0	UIADD3 UR10, UR21, UR10, URZ ;	void cutlass::Kernel2<cutlass_80_wmma_tensorop_bf16_s161616gemm_bf16_32x32_128x2_tn_align8>(cutlass_80_wmma_tensorop_bf16_s161616gemm_bf16_32x32_128x2_tn_align8::Params)	_ZN7cutlass7Kernel2I68cutlass_80_wmma_tensorop_bf16_s161616gemm_bf16_32x32_128x2_tn_align8EEvNT_6ParamsE	0x7e1aa05fc300	761b14acafb8b02011e32d11bd437b63cca3fe882b9c4a02c89fd01d738ccb6a
248	248	3968	IADD3.X	NONE	0	0	0	IADD3.X R0, R43, R0, R49, P0, !PT ;	void cutlass::Kernel2<cutlass_80_wmma_tensorop_bf16_s161616gemm_bf16_32x32_128x2_tn_align8>(cutlass_80_wmma_tensorop_bf16_s161616gemm_bf16_32x32_128x2_tn_align8::Params)	_ZN7cutlass7Kernel2I68cutlass_80_wmma_tensorop_bf16_s161616gemm_bf16_32x32_128x2_tn_align8EEvNT_6ParamsE	0x7e1aa05fc300	761b14acafb8b02011e32d11bd437b63cca3fe882b9c4a02c89fd01d738ccb6a
249	249	3984	ULDC.64	NONE	0	0	0	ULDC.64 UR6, c[0x0][0x1c8] ;	void cutlass::Kernel2<cutlass_80_wmma_tensorop_bf16_s161616gemm_bf16_32x32_128x2_tn_align8>(cutlass_80_wmma_tensorop_bf16_s161616gemm_bf16_32x32_128x2_tn_align8::Params)	_ZN7cutlass7Kernel2I68cutlass_80_wmma_tensorop_bf16_s161616gemm_bf16_32x32_128x2_tn_align8EEvNT_6ParamsE	0x7e1aa05fc300	761b14acafb8b02011e32d11bd437b63cca3fe882b9c4a02c89fd01d738ccb6a
250	250	4000	LEA.HI.X	NONE	0	0	0	LEA.HI.X R40, R11, R37, R40, 0x1, P1 ;	void cutlass::Kernel2<cutlass_80_wmma_tensorop_bf16_s161616gemm_bf16_32x32_128x2_tn_align8>(cutlass_80_wmma_tensorop_bf16_s161616gemm_bf16_32x32_128x2_tn_align8::Params)	_ZN7cutlass7Kernel2I68cutlass_80_wmma_tensorop_bf16_s161616gemm_bf16_32x32_128x2_tn_align8EEvNT_6ParamsE	0x7e1aa05fc300	761b14acafb8b02011e32d11bd437b63cca3fe882b9c4a02c89fd01d738ccb6a
251	251	4016	IMAD.MOV.U32	NONE	0	0	0	IMAD.MOV.U32 R11, RZ, RZ, c[0x0][0x1d0] ;	void cutlass::Kernel2<cutlass_80_wmma_tensorop_bf16_s161616gemm_bf16_32x32_128x2_tn_align8>(cutlass_80_wmma_tensorop_bf16_s161616gemm_bf16_32x32_128x2_tn_align8::Params)	_ZN7cutlass7Kernel2I68cutlass_80_wmma_tensorop_bf16_s161616gemm_bf16_32x32_128x2_tn_align8EEvNT_6ParamsE	0x7e1aa05fc300	761b14acafb8b02011e32d11bd437b63cca3fe882b9c4a02c89fd01d738ccb6a
252	252	4032	LEA	NONE	0	0	0	LEA R38, P0, R18, R38, 0x1 ;	void cutlass::Kernel2<cutlass_80_wmma_tensorop_bf16_s161616gemm_bf16_32x32_128x2_tn_align8>(cutlass_80_wmma_tensorop_bf16_s161616gemm_bf16_32x32_128x2_tn_align8::Params)	_ZN7cutlass7Kernel2I68cutlass_80_wmma_tensorop_bf16_s161616gemm_bf16_32x32_128x2_tn_align8EEvNT_6ParamsE	0x7e1aa05fc300	761b14acafb8b02011e32d11bd437b63cca3fe882b9c4a02c89fd01d738ccb6a
253	253	4048	UIADD3	NONE	0	0	0	UIADD3 UR8, UP1, UR20, UR8, URZ ;	void cutlass::Kernel2<cutlass_80_wmma_tensorop_bf16_s161616gemm_bf16_32x32_128x2_tn_align8>(cutlass_80_wmma_tensorop_bf16_s161616gemm_bf16_32x32_128x2_tn_align8::Params)	_ZN7cutlass7Kernel2I68cutlass_80_wmma_tensorop_bf16_s161616gemm_bf16_32x32_128x2_tn_align8EEvNT_6ParamsE	0x7e1aa05fc300	761b14acafb8b02011e32d11bd437b63cca3fe882b9c4a02c89fd01d738ccb6a
254	254	4064	IADD3	NONE	0	0	0	IADD3 R68, P3, P2, R36, c[0x0][0x1a8], -R19 ;	void cutlass::Kernel2<cutlass_80_wmma_tensorop_bf16_s161616gemm_bf16_32x32_128x2_tn_align8>(cutlass_80_wmma_tensorop_bf16_s161616gemm_bf16_32x32_128x2_tn_align8::Params)	_ZN7cutlass7Kernel2I68cutlass_80_wmma_tensorop_bf16_s161616gemm_bf16_32x32_128x2_tn_align8EEvNT_6ParamsE	0x7e1aa05fc300	761b14acafb8b02011e32d11bd437b63cca3fe882b9c4a02c89fd01d738ccb6a
255	255	4080	UIADD3	NONE	0	0	0	UIADD3 UR16, UR19, UR16, URZ ;	void cutlass::Kernel2<cutlass_80_wmma_tensorop_bf16_s161616gemm_bf16_32x32_128x2_tn_align8>(cutlass_80_wmma_tensorop_bf16_s161616gemm_bf16_32x32_128x2_tn_align8::Params)	_ZN7cutlass7Kernel2I68cutlass_80_wmma_tensorop_bf16_s161616gemm_bf16_32x32_128x2_tn_align8EEvNT_6ParamsE	0x7e1aa05fc300	761b14acafb8b02011e32d11bd437b63cca3fe882b9c4a02c89fd01d738ccb6a
256	256	4096	LEA.HI.X	NONE	0	0	0	LEA.HI.X R0, R18, R39, R0, 0x1, P0 ;	void cutlass::Kernel2<cutlass_80_wmma_tensorop_bf16_s161616gemm_bf16_32x32_128x2_tn_align8>(cutlass_80_wmma_tensorop_bf16_s161616gemm_bf16_32x32_128x2_tn_align8::Params)	_ZN7cutlass7Kernel2I68cutlass_80_wmma_tensorop_bf16_s161616gemm_bf16_32x32_128x2_tn_align8EEvNT_6ParamsE	0x7e1aa05fc300	761b14acafb8b02011e32d11bd437b63cca3fe882b9c4a02c89fd01d738ccb6a
257	257	4112	UIADD3	NONE	0	0	0	UIADD3 UR17, UP0, UR18, UR6, URZ ;	void cutlass::Kernel2<cutlass_80_wmma_tensorop_bf16_s161616gemm_bf16_32x32_128x2_tn_align8>(cutlass_80_wmma_tensorop_bf16_s161616gemm_bf16_32x32_128x2_tn_align8::Params)	_ZN7cutlass7Kernel2I68cutlass_80_wmma_tensorop_bf16_s161616gemm_bf16_32x32_128x2_tn_align8EEvNT_6ParamsE	0x7e1aa05fc300	761b14acafb8b02011e32d11bd437b63cca3fe882b9c4a02c89fd01d738ccb6a
258	258	4128	IADD3	NONE	0	0	0	IADD3 R70, P1, P0, R38, c[0x0][0x1c8], -R11 ;	void cutlass::Kernel2<cutlass_80_wmma_tensorop_bf16_s161616gemm_bf16_32x32_128x2_tn_align8>(cutlass_80_wmma_tensorop_bf16_s161616gemm_bf16_32x32_128x2_tn_align8::Params)	_ZN7cutlass7Kernel2I68cutlass_80_wmma_tensorop_bf16_s161616gemm_bf16_32x32_128x2_tn_align8EEvNT_6ParamsE	0x7e1aa05fc300	761b14acafb8b02011e32d11bd437b63cca3fe882b9c4a02c89fd01d738ccb6a
259	259	4144	IMAD.SHL.U32	NONE	0	0	0	IMAD.SHL.U32 R72, R46, 0x4, RZ ;	void cutlass::Kernel2<cutlass_80_wmma_tensorop_bf16_s161616gemm_bf16_32x32_128x2_tn_align8>(cutlass_80_wmma_tensorop_bf16_s161616gemm_bf16_32x32_128x2_tn_align8::Params)	_ZN7cutlass7Kernel2I68cutlass_80_wmma_tensorop_bf16_s161616gemm_bf16_32x32_128x2_tn_align8EEvNT_6ParamsE	0x7e1aa05fc300	761b14acafb8b02011e32d11bd437b63cca3fe882b9c4a02c89fd01d738ccb6a
260	260	4160	IADD3.X	NONE	0	0	0	IADD3.X R35, R40, c[0x0][0x1ac], ~R35, P3, P2 ;	void cutlass::Kernel2<cutlass_80_wmma_tensorop_bf16_s161616gemm_bf16_32x32_128x2_tn_align8>(cutlass_80_wmma_tensorop_bf16_s161616gemm_bf16_32x32_128x2_tn_align8::Params)	_ZN7cutlass7Kernel2I68cutlass_80_wmma_tensorop_bf16_s161616gemm_bf16_32x32_128x2_tn_align8EEvNT_6ParamsE	0x7e1aa05fc300	761b14acafb8b02011e32d11bd437b63cca3fe882b9c4a02c89fd01d738ccb6a
261	261	4176	IMAD.MOV.U32	NONE	0	0	0	IMAD.MOV.U32 R11, RZ, RZ, RZ ;	void cutlass::Kernel2<cutlass_80_wmma_tensorop_bf16_s161616gemm_bf16_32x32_128x2_tn_align8>(cutlass_80_wmma_tensorop_bf16_s161616gemm_bf16_32x32_128x2_tn_align8::Params)	_ZN7cutlass7Kernel2I68cutlass_80_wmma_tensorop_bf16_s161616gemm_bf16_32x32_128x2_tn_align8EEvNT_6ParamsE	0x7e1aa05fc300	761b14acafb8b02011e32d11bd437b63cca3fe882b9c4a02c89fd01d738ccb6a
262	262	4192	IADD3.X	NONE	0	0	0	IADD3.X R69, R0, c[0x0][0x1cc], ~R69, P1, P0 ;	void cutlass::Kernel2<cutlass_80_wmma_tensorop_bf16_s161616gemm_bf16_32x32_128x2_tn_align8>(cutlass_80_wmma_tensorop_bf16_s161616gemm_bf16_32x32_128x2_tn_align8::Params)	_ZN7cutlass7Kernel2I68cutlass_80_wmma_tensorop_bf16_s161616gemm_bf16_32x32_128x2_tn_align8EEvNT_6ParamsE	0x7e1aa05fc300	761b14acafb8b02011e32d11bd437b63cca3fe882b9c4a02c89fd01d738ccb6a
263	263	4208	UIADD3.X	NONE	0	0	0	UIADD3.X UR9, UR10, UR9, URZ, UP1, !UPT ;	void cutlass::Kernel2<cutlass_80_wmma_tensorop_bf16_s161616gemm_bf16_32x32_128x2_tn_align8>(cutlass_80_wmma_tensorop_bf16_s161616gemm_bf16_32x32_128x2_tn_align8::Params)	_ZN7cutlass7Kernel2I68cutlass_80_wmma_tensorop_bf16_s161616gemm_bf16_32x32_128x2_tn_align8EEvNT_6ParamsE	0x7e1aa05fc300	761b14acafb8b02011e32d11bd437b63cca3fe882b9c4a02c89fd01d738ccb6a
264	264	4224	LEA.HI.SX32	NONE	0	0	0	LEA.HI.SX32 R78, R78, 0x1, 0x19 ;	void cutlass::Kernel2<cutlass_80_wmma_tensorop_bf16_s161616gemm_bf16_32x32_128x2_tn_align8>(cutlass_80_wmma_tensorop_bf16_s161616gemm_bf16_32x32_128x2_tn_align8::Params)	_ZN7cutlass7Kernel2I68cutlass_80_wmma_tensorop_bf16_s161616gemm_bf16_32x32_128x2_tn_align8EEvNT_6ParamsE	0x7e1aa05fc300	761b14acafb8b02011e32d11bd437b63cca3fe882b9c4a02c89fd01d738ccb6a
265	265	4240	UIADD3.X	NONE	0	0	0	UIADD3.X UR24, UR16, UR7, URZ, UP0, !UPT ;	void cutlass::Kernel2<cutlass_80_wmma_tensorop_bf16_s161616gemm_bf16_32x32_128x2_tn_align8>(cutlass_80_wmma_tensorop_bf16_s161616gemm_bf16_32x32_128x2_tn_align8::Params)	_ZN7cutlass7Kernel2I68cutlass_80_wmma_tensorop_bf16_s161616gemm_bf16_32x32_128x2_tn_align8EEvNT_6ParamsE	0x7e1aa05fc300	761b14acafb8b02011e32d11bd437b63cca3fe882b9c4a02c89fd01d738ccb6a
266	266	4256	IADD3	NONE	0	0	0	IADD3 R74, R74, 0x4300, RZ ;	void cutlass::Kernel2<cutlass_80_wmma_tensorop_bf16_s161616gemm_bf16_32x32_128x2_tn_align8>(cutlass_80_wmma_tensorop_bf16_s161616gemm_bf16_32x32_128x2_tn_align8::Params)	_ZN7cutlass7Kernel2I68cutlass_80_wmma_tensorop_bf16_s161616gemm_bf16_32x32_128x2_tn_align8EEvNT_6ParamsE	0x7e1aa05fc300	761b14acafb8b02011e32d11bd437b63cca3fe882b9c4a02c89fd01d738ccb6a
267	267	4272	UMOV	NONE	0	0	0	UMOV UR31, 0x1 ;	void cutlass::Kernel2<cutlass_80_wmma_tensorop_bf16_s161616gemm_bf16_32x32_128x2_tn_align8>(cutlass_80_wmma_tensorop_bf16_s161616gemm_bf16_32x32_128x2_tn_align8::Params)	_ZN7cutlass7Kernel2I68cutlass_80_wmma_tensorop_bf16_s161616gemm_bf16_32x32_128x2_tn_align8EEvNT_6ParamsE	0x7e1aa05fc300	761b14acafb8b02011e32d11bd437b63cca3fe882b9c4a02c89fd01d738ccb6a
268	268	4288	S2R	NONE	0	0	0	S2R R80, SR_LANEID ;	void cutlass::Kernel2<cutlass_80_wmma_tensorop_bf16_s161616gemm_bf16_32x32_128x2_tn_align8>(cutlass_80_wmma_tensorop_bf16_s161616gemm_bf16_32x32_128x2_tn_align8::Params)	_ZN7cutlass7Kernel2I68cutlass_80_wmma_tensorop_bf16_s161616gemm_bf16_32x32_128x2_tn_align8EEvNT_6ParamsE	0x7e1aa05fc300	761b14acafb8b02011e32d11bd437b63cca3fe882b9c4a02c89fd01d738ccb6a
269	269	4304	MOV	NONE	0	0	0	MOV R19, RZ ;	void cutlass::Kernel2<cutlass_80_wmma_tensorop_bf16_s161616gemm_bf16_32x32_128x2_tn_align8>(cutlass_80_wmma_tensorop_bf16_s161616gemm_bf16_32x32_128x2_tn_align8::Params)	_ZN7cutlass7Kernel2I68cutlass_80_wmma_tensorop_bf16_s161616gemm_bf16_32x32_128x2_tn_align8EEvNT_6ParamsE	0x7e1aa05fc300	761b14acafb8b02011e32d11bd437b63cca3fe882b9c4a02c89fd01d738ccb6a
270	270	4320	LOP3.LUT	NONE	0	0	0	LOP3.LUT R18, R80, 0x3, RZ, 0xc0, !PT ;	void cutlass::Kernel2<cutlass_80_wmma_tensorop_bf16_s161616gemm_bf16_32x32_128x2_tn_align8>(cutlass_80_wmma_tensorop_bf16_s161616gemm_bf16_32x32_128x2_tn_align8::Params)	_ZN7cutlass7Kernel2I68cutlass_80_wmma_tensorop_bf16_s161616gemm_bf16_32x32_128x2_tn_align8EEvNT_6ParamsE	0x7e1aa05fc300	761b14acafb8b02011e32d11bd437b63cca3fe882b9c4a02c89fd01d738ccb6a
271	271	4336	SHF.R.U32.HI	NONE	0	0	0	SHF.R.U32.HI R80, RZ, 0x2, R80 ;	void cutlass::Kernel2<cutlass_80_wmma_tensorop_bf16_s161616gemm_bf16_32x32_128x2_tn_align8>(cutlass_80_wmma_tensorop_bf16_s161616gemm_bf16_32x32_128x2_tn_align8::Params)	_ZN7cutlass7Kernel2I68cutlass_80_wmma_tensorop_bf16_s161616gemm_bf16_32x32_128x2_tn_align8EEvNT_6ParamsE	0x7e1aa05fc300	761b14acafb8b02011e32d11bd437b63cca3fe882b9c4a02c89fd01d738ccb6a
272	272	4352	IMAD.WIDE.U32	NONE	0	0	0	IMAD.WIDE.U32 R80, R80, 0x84, R18 ;	void cutlass::Kernel2<cutlass_80_wmma_tensorop_bf16_s161616gemm_bf16_32x32_128x2_tn_align8>(cutlass_80_wmma_tensorop_bf16_s161616gemm_bf16_32x32_128x2_tn_align8::Params)	_ZN7cutlass7Kernel2I68cutlass_80_wmma_tensorop_bf16_s161616gemm_bf16_32x32_128x2_tn_align8EEvNT_6ParamsE	0x7e1aa05fc300	761b14acafb8b02011e32d11bd437b63cca3fe882b9c4a02c89fd01d738ccb6a
273	273	4368	IADD3	NONE	0	0	0	IADD3 R36, P1, R68, UR20, RZ ;	void cutlass::Kernel2<cutlass_80_wmma_tensorop_bf16_s161616gemm_bf16_32x32_128x2_tn_align8>(cutlass_80_wmma_tensorop_bf16_s161616gemm_bf16_32x32_128x2_tn_align8::Params)	_ZN7cutlass7Kernel2I68cutlass_80_wmma_tensorop_bf16_s161616gemm_bf16_32x32_128x2_tn_align8EEvNT_6ParamsE	0x7e1aa05fc300	761b14acafb8b02011e32d11bd437b63cca3fe882b9c4a02c89fd01d738ccb6a
274	274	4384	UIADD3	NONE	0	0	0	UIADD3 UR25, UR12, 0x20, URZ ;	void cutlass::Kernel2<cutlass_80_wmma_tensorop_bf16_s161616gemm_bf16_32x32_128x2_tn_align8>(cutlass_80_wmma_tensorop_bf16_s161616gemm_bf16_32x32_128x2_tn_align8::Params)	_ZN7cutlass7Kernel2I68cutlass_80_wmma_tensorop_bf16_s161616gemm_bf16_32x32_128x2_tn_align8EEvNT_6ParamsE	0x7e1aa05fc300	761b14acafb8b02011e32d11bd437b63cca3fe882b9c4a02c89fd01d738ccb6a
275	275	4400	IADD3	NONE	0	0	0	IADD3 R40, P0, R70, UR18, RZ ;	void cutlass::Kernel2<cutlass_80_wmma_tensorop_bf16_s161616gemm_bf16_32x32_128x2_tn_align8>(cutlass_80_wmma_tensorop_bf16_s161616gemm_bf16_32x32_128x2_tn_align8::Params)	_ZN7cutlass7Kernel2I68cutlass_80_wmma_tensorop_bf16_s161616gemm_bf16_32x32_128x2_tn_align8EEvNT_6ParamsE	0x7e1aa05fc300	761b14acafb8b02011e32d11bd437b63cca3fe882b9c4a02c89fd01d738ccb6a
276	276	4416	ULDC.64	NONE	0	0	0	ULDC.64 UR6, c[0x0][0x18] ;	void cutlass::Kernel2<cutlass_80_wmma_tensorop_bf16_s161616gemm_bf16_32x32_128x2_tn_align8>(cutlass_80_wmma_tensorop_bf16_s161616gemm_bf16_32x32_128x2_tn_align8::Params)	_ZN7cutlass7Kernel2I68cutlass_80_wmma_tensorop_bf16_s161616gemm_bf16_32x32_128x2_tn_align8EEvNT_6ParamsE	0x7e1aa05fc300	761b14acafb8b02011e32d11bd437b63cca3fe882b9c4a02c89fd01d738ccb6a
277	277	4432	IADD3.X	NONE	0	0	0	IADD3.X R37, R35, UR10, RZ, P1, !PT ;	void cutlass::Kernel2<cutlass_80_wmma_tensorop_bf16_s161616gemm_bf16_32x32_128x2_tn_align8>(cutlass_80_wmma_tensorop_bf16_s161616gemm_bf16_32x32_128x2_tn_align8::Params)	_ZN7cutlass7Kernel2I68cutlass_80_wmma_tensorop_bf16_s161616gemm_bf16_32x32_128x2_tn_align8EEvNT_6ParamsE	0x7e1aa05fc300	761b14acafb8b02011e32d11bd437b63cca3fe882b9c4a02c89fd01d738ccb6a
278	278	4448	CS2R	NONE	0	0	0	CS2R R60, SRZ ;	void cutlass::Kernel2<cutlass_80_wmma_tensorop_bf16_s161616gemm_bf16_32x32_128x2_tn_align8>(cutlass_80_wmma_tensorop_bf16_s161616gemm_bf16_32x32_128x2_tn_align8::Params)	_ZN7cutlass7Kernel2I68cutlass_80_wmma_tensorop_bf16_s161616gemm_bf16_32x32_128x2_tn_align8EEvNT_6ParamsE	0x7e1aa05fc300	761b14acafb8b02011e32d11bd437b63cca3fe882b9c4a02c89fd01d738ccb6a
279	279	4464	IADD3.X	NONE	0	0	0	IADD3.X R41, R69, UR16, RZ, P0, !PT ;	void cutlass::Kernel2<cutlass_80_wmma_tensorop_bf16_s161616gemm_bf16_32x32_128x2_tn_align8>(cutlass_80_wmma_tensorop_bf16_s161616gemm_bf16_32x32_128x2_tn_align8::Params)	_ZN7cutlass7Kernel2I68cutlass_80_wmma_tensorop_bf16_s161616gemm_bf16_32x32_128x2_tn_align8EEvNT_6ParamsE	0x7e1aa05fc300	761b14acafb8b02011e32d11bd437b63cca3fe882b9c4a02c89fd01d738ccb6a
280	280	4480	CS2R	NONE	0	0	0	CS2R R62, SRZ ;	void cutlass::Kernel2<cutlass_80_wmma_tensorop_bf16_s161616gemm_bf16_32x32_128x2_tn_align8>(cutlass_80_wmma_tensorop_bf16_s161616gemm_bf16_32x32_128x2_tn_align8::Params)	_ZN7cutlass7Kernel2I68cutlass_80_wmma_tensorop_bf16_s161616gemm_bf16_32x32_128x2_tn_align8EEvNT_6ParamsE	0x7e1aa05fc300	761b14acafb8b02011e32d11bd437b63cca3fe882b9c4a02c89fd01d738ccb6a
281	281	4496	R2P	NONE	0	0	0	R2P PR, R76, 0xf ;	void cutlass::Kernel2<cutlass_80_wmma_tensorop_bf16_s161616gemm_bf16_32x32_128x2_tn_align8>(cutlass_80_wmma_tensorop_bf16_s161616gemm_bf16_32x32_128x2_tn_align8::Params)	_ZN7cutlass7Kernel2I68cutlass_80_wmma_tensorop_bf16_s161616gemm_bf16_32x32_128x2_tn_align8EEvNT_6ParamsE	0x7e1aa05fc300	761b14acafb8b02011e32d11bd437b63cca3fe882b9c4a02c89fd01d738ccb6a
282	282	4512	UIADD3	NONE	0	0	0	UIADD3 UR26, UP0, UR25, UR6, URZ ;	void cutlass::Kernel2<cutlass_80_wmma_tensorop_bf16_s161616gemm_bf16_32x32_128x2_tn_align8>(cutlass_80_wmma_tensorop_bf16_s161616gemm_bf16_32x32_128x2_tn_align8::Params)	_ZN7cutlass7Kernel2I68cutlass_80_wmma_tensorop_bf16_s161616gemm_bf16_32x32_128x2_tn_align8EEvNT_6ParamsE	0x7e1aa05fc300	761b14acafb8b02011e32d11bd437b63cca3fe882b9c4a02c89fd01d738ccb6a
283	283	4528	IADD3	NONE	0	0	0	IADD3 R38, P4, R36, c[0x0][0x1a0], RZ ;	void cutlass::Kernel2<cutlass_80_wmma_tensorop_bf16_s161616gemm_bf16_32x32_128x2_tn_align8>(cutlass_80_wmma_tensorop_bf16_s161616gemm_bf16_32x32_128x2_tn_align8::Params)	_ZN7cutlass7Kernel2I68cutlass_80_wmma_tensorop_bf16_s161616gemm_bf16_32x32_128x2_tn_align8EEvNT_6ParamsE	0x7e1aa05fc300	761b14acafb8b02011e32d11bd437b63cca3fe882b9c4a02c89fd01d738ccb6a
284	284	4544	UIADD3	NONE	0	0	0	UIADD3 UR27, UR11, 0x20, URZ ;	void cutlass::Kernel2<cutlass_80_wmma_tensorop_bf16_s161616gemm_bf16_32x32_128x2_tn_align8>(cutlass_80_wmma_tensorop_bf16_s161616gemm_bf16_32x32_128x2_tn_align8::Params)	_ZN7cutlass7Kernel2I68cutlass_80_wmma_tensorop_bf16_s161616gemm_bf16_32x32_128x2_tn_align8EEvNT_6ParamsE	0x7e1aa05fc300	761b14acafb8b02011e32d11bd437b63cca3fe882b9c4a02c89fd01d738ccb6a
285	285	4560	HMMA.16816.F32.BF16	NONE	0	0	0	HMMA.16816.F32.BF16 R4, R12.reuse, R2, R4 ;	void cutlass::Kernel2<cutlass_80_wmma_tensorop_bf16_s161616gemm_bf16_32x32_128x2_tn_align8>(cutlass_80_wmma_tensorop_bf16_s161616gemm_bf16_32x32_128x2_tn_align8::Params)	_ZN7cutlass7Kernel2I68cutlass_80_wmma_tensorop_bf16_s161616gemm_bf16_32x32_128x2_tn_align8EEvNT_6ParamsE	0x7e1aa05fc300	761b14acafb8b02011e32d11bd437b63cca3fe882b9c4a02c89fd01d738ccb6a
286	286	4576	ULEA.HI.X.SX32	NONE	0	0	0	ULEA.HI.X.SX32 UR25, UR25, UR7, 0x1, UP0 ;	void cutlass::Kernel2<cutlass_80_wmma_tensorop_bf16_s161616gemm_bf16_32x32_128x2_tn_align8>(cutlass_80_wmma_tensorop_bf16_s161616gemm_bf16_32x32_128x2_tn_align8::Params)	_ZN7cutlass7Kernel2I68cutlass_80_wmma_tensorop_bf16_s161616gemm_bf16_32x32_128x2_tn_align8EEvNT_6ParamsE	0x7e1aa05fc300	761b14acafb8b02011e32d11bd437b63cca3fe882b9c4a02c89fd01d738ccb6a
287	287	4592	CS2R	NONE	0	0	0	CS2R R64, SRZ ;	void cutlass::Kernel2<cutlass_80_wmma_tensorop_bf16_s161616gemm_bf16_32x32_128x2_tn_align8>(cutlass_80_wmma_tensorop_bf16_s161616gemm_bf16_32x32_128x2_tn_align8::Params)	_ZN7cutlass7Kernel2I68cutlass_80_wmma_tensorop_bf16_s161616gemm_bf16_32x32_128x2_tn_align8EEvNT_6ParamsE	0x7e1aa05fc300	761b14acafb8b02011e32d11bd437b63cca3fe882b9c4a02c89fd01d738ccb6a
288	288	4608	CS2R	NONE	0	0	0	CS2R R66, SRZ ;	void cutlass::Kernel2<cutlass_80_wmma_tensorop_bf16_s161616gemm_bf16_32x32_128x2_tn_align8>(cutlass_80_wmma_tensorop_bf16_s161616gemm_bf16_32x32_128x2_tn_align8::Params)	_ZN7cutlass7Kernel2I68cutlass_80_wmma_tensorop_bf16_s161616gemm_bf16_32x32_128x2_tn_align8EEvNT_6ParamsE	0x7e1aa05fc300	761b14acafb8b02011e32d11bd437b63cca3fe882b9c4a02c89fd01d738ccb6a
289	289	4624	CS2R	NONE	0	0	0	CS2R R52, SRZ ;	void cutlass::Kernel2<cutlass_80_wmma_tensorop_bf16_s161616gemm_bf16_32x32_128x2_tn_align8>(cutlass_80_wmma_tensorop_bf16_s161616gemm_bf16_32x32_128x2_tn_align8::Params)	_ZN7cutlass7Kernel2I68cutlass_80_wmma_tensorop_bf16_s161616gemm_bf16_32x32_128x2_tn_align8EEvNT_6ParamsE	0x7e1aa05fc300	761b14acafb8b02011e32d11bd437b63cca3fe882b9c4a02c89fd01d738ccb6a
290	290	4640	IADD3.X	NONE	0	0	0	IADD3.X R39, R37, c[0x0][0x1a4], RZ, P4, !PT ;	void cutlass::Kernel2<cutlass_80_wmma_tensorop_bf16_s161616gemm_bf16_32x32_128x2_tn_align8>(cutlass_80_wmma_tensorop_bf16_s161616gemm_bf16_32x32_128x2_tn_align8::Params)	_ZN7cutlass7Kernel2I68cutlass_80_wmma_tensorop_bf16_s161616gemm_bf16_32x32_128x2_tn_align8EEvNT_6ParamsE	0x7e1aa05fc300	761b14acafb8b02011e32d11bd437b63cca3fe882b9c4a02c89fd01d738ccb6a
291	291	4656	CS2R	NONE	0	0	0	CS2R R54, SRZ ;	void cutlass::Kernel2<cutlass_80_wmma_tensorop_bf16_s161616gemm_bf16_32x32_128x2_tn_align8>(cutlass_80_wmma_tensorop_bf16_s161616gemm_bf16_32x32_128x2_tn_align8::Params)	_ZN7cutlass7Kernel2I68cutlass_80_wmma_tensorop_bf16_s161616gemm_bf16_32x32_128x2_tn_align8EEvNT_6ParamsE	0x7e1aa05fc300	761b14acafb8b02011e32d11bd437b63cca3fe882b9c4a02c89fd01d738ccb6a
292	292	4672	CS2R	NONE	0	0	0	CS2R R56, SRZ ;	void cutlass::Kernel2<cutlass_80_wmma_tensorop_bf16_s161616gemm_bf16_32x32_128x2_tn_align8>(cutlass_80_wmma_tensorop_bf16_s161616gemm_bf16_32x32_128x2_tn_align8::Params)	_ZN7cutlass7Kernel2I68cutlass_80_wmma_tensorop_bf16_s161616gemm_bf16_32x32_128x2_tn_align8EEvNT_6ParamsE	0x7e1aa05fc300	761b14acafb8b02011e32d11bd437b63cca3fe882b9c4a02c89fd01d738ccb6a
293	293	4688	HMMA.16816.F32.BF16	NONE	0	0	0	HMMA.16816.F32.BF16 R8, R12, R16, R8 ;	void cutlass::Kernel2<cutlass_80_wmma_tensorop_bf16_s161616gemm_bf16_32x32_128x2_tn_align8>(cutlass_80_wmma_tensorop_bf16_s161616gemm_bf16_32x32_128x2_tn_align8::Params)	_ZN7cutlass7Kernel2I68cutlass_80_wmma_tensorop_bf16_s161616gemm_bf16_32x32_128x2_tn_align8EEvNT_6ParamsE	0x7e1aa05fc300	761b14acafb8b02011e32d11bd437b63cca3fe882b9c4a02c89fd01d738ccb6a
294	294	4704	LDG.E.LTC128B.128	GLOBAL	1	0	1	@P0 LDG.E.LTC128B.128 R64, [R36.64] ;	void cutlass::Kernel2<cutlass_80_wmma_tensorop_bf16_s161616gemm_bf16_32x32_128x2_tn_align8>(cutlass_80_wmma_tensorop_bf16_s161616gemm_bf16_32x32_128x2_tn_align8::Params)	_ZN7cutlass7Kernel2I68cutlass_80_wmma_tensorop_bf16_s161616gemm_bf16_32x32_128x2_tn_align8EEvNT_6ParamsE	0x7e1aa05fc300	761b14acafb8b02011e32d11bd437b63cca3fe882b9c4a02c89fd01d738ccb6a
295	295	4720	UIADD3	NONE	0	0	0	UIADD3 UR30, UR11, 0x40, URZ ;	void cutlass::Kernel2<cutlass_80_wmma_tensorop_bf16_s161616gemm_bf16_32x32_128x2_tn_align8>(cutlass_80_wmma_tensorop_bf16_s161616gemm_bf16_32x32_128x2_tn_align8::Params)	_ZN7cutlass7Kernel2I68cutlass_80_wmma_tensorop_bf16_s161616gemm_bf16_32x32_128x2_tn_align8EEvNT_6ParamsE	0x7e1aa05fc300	761b14acafb8b02011e32d11bd437b63cca3fe882b9c4a02c89fd01d738ccb6a
296	296	4736	IADD3	NONE	0	0	0	IADD3 R42, P0, R38, c[0x0][0x1a0], RZ ;	void cutlass::Kernel2<cutlass_80_wmma_tensorop_bf16_s161616gemm_bf16_32x32_128x2_tn_align8>(cutlass_80_wmma_tensorop_bf16_s161616gemm_bf16_32x32_128x2_tn_align8::Params)	_ZN7cutlass7Kernel2I68cutlass_80_wmma_tensorop_bf16_s161616gemm_bf16_32x32_128x2_tn_align8EEvNT_6ParamsE	0x7e1aa05fc300	761b14acafb8b02011e32d11bd437b63cca3fe882b9c4a02c89fd01d738ccb6a
297	297	4752	LDG.E.LTC128B.128	GLOBAL	1	0	1	@P1 LDG.E.LTC128B.128 R60, [R38.64] ;	void cutlass::Kernel2<cutlass_80_wmma_tensorop_bf16_s161616gemm_bf16_32x32_128x2_tn_align8>(cutlass_80_wmma_tensorop_bf16_s161616gemm_bf16_32x32_128x2_tn_align8::Params)	_ZN7cutlass7Kernel2I68cutlass_80_wmma_tensorop_bf16_s161616gemm_bf16_32x32_128x2_tn_align8EEvNT_6ParamsE	0x7e1aa05fc300	761b14acafb8b02011e32d11bd437b63cca3fe882b9c4a02c89fd01d738ccb6a
298	298	4768	IADD3	NONE	0	0	0	IADD3 R20, P1, R72.reuse, UR26, RZ ;	void cutlass::Kernel2<cutlass_80_wmma_tensorop_bf16_s161616gemm_bf16_32x32_128x2_tn_align8>(cutlass_80_wmma_tensorop_bf16_s161616gemm_bf16_32x32_128x2_tn_align8::Params)	_ZN7cutlass7Kernel2I68cutlass_80_wmma_tensorop_bf16_s161616gemm_bf16_32x32_128x2_tn_align8EEvNT_6ParamsE	0x7e1aa05fc300	761b14acafb8b02011e32d11bd437b63cca3fe882b9c4a02c89fd01d738ccb6a
299	299	4784	UIADD3	NONE	0	0	0	UIADD3 UR26, UP0, UR27, UR6, URZ ;	void cutlass::Kernel2<cutlass_80_wmma_tensorop_bf16_s161616gemm_bf16_32x32_128x2_tn_align8>(cutlass_80_wmma_tensorop_bf16_s161616gemm_bf16_32x32_128x2_tn_align8::Params)	_ZN7cutlass7Kernel2I68cutlass_80_wmma_tensorop_bf16_s161616gemm_bf16_32x32_128x2_tn_align8EEvNT_6ParamsE	0x7e1aa05fc300	761b14acafb8b02011e32d11bd437b63cca3fe882b9c4a02c89fd01d738ccb6a
300	300	4800	IADD3.X	NONE	0	0	0	IADD3.X R43, R39, c[0x0][0x1a4], RZ, P0, !PT ;	void cutlass::Kernel2<cutlass_80_wmma_tensorop_bf16_s161616gemm_bf16_32x32_128x2_tn_align8>(cutlass_80_wmma_tensorop_bf16_s161616gemm_bf16_32x32_128x2_tn_align8::Params)	_ZN7cutlass7Kernel2I68cutlass_80_wmma_tensorop_bf16_s161616gemm_bf16_32x32_128x2_tn_align8EEvNT_6ParamsE	0x7e1aa05fc300	761b14acafb8b02011e32d11bd437b63cca3fe882b9c4a02c89fd01d738ccb6a
301	301	4816	CS2R	NONE	0	0	0	CS2R R58, SRZ ;	void cutlass::Kernel2<cutlass_80_wmma_tensorop_bf16_s161616gemm_bf16_32x32_128x2_tn_align8>(cutlass_80_wmma_tensorop_bf16_s161616gemm_bf16_32x32_128x2_tn_align8::Params)	_ZN7cutlass7Kernel2I68cutlass_80_wmma_tensorop_bf16_s161616gemm_bf16_32x32_128x2_tn_align8EEvNT_6ParamsE	0x7e1aa05fc300	761b14acafb8b02011e32d11bd437b63cca3fe882b9c4a02c89fd01d738ccb6a
302	302	4832	UMOV	NONE	0	0	0	UMOV UR22, UR11 ;	void cutlass::Kernel2<cutlass_80_wmma_tensorop_bf16_s161616gemm_bf16_32x32_128x2_tn_align8>(cutlass_80_wmma_tensorop_bf16_s161616gemm_bf16_32x32_128x2_tn_align8::Params)	_ZN7cutlass7Kernel2I68cutlass_80_wmma_tensorop_bf16_s161616gemm_bf16_32x32_128x2_tn_align8EEvNT_6ParamsE	0x7e1aa05fc300	761b14acafb8b02011e32d11bd437b63cca3fe882b9c4a02c89fd01d738ccb6a
303	303	4848	ULEA.HI.X.SX32	NONE	0	0	0	ULEA.HI.X.SX32 UR27, UR27, UR7, 0x1, UP0 ;	void cutlass::Kernel2<cutlass_80_wmma_tensorop_bf16_s161616gemm_bf16_32x32_128x2_tn_align8>(cutlass_80_wmma_tensorop_bf16_s161616gemm_bf16_32x32_128x2_tn_align8::Params)	_ZN7cutlass7Kernel2I68cutlass_80_wmma_tensorop_bf16_s161616gemm_bf16_32x32_128x2_tn_align8EEvNT_6ParamsE	0x7e1aa05fc300	761b14acafb8b02011e32d11bd437b63cca3fe882b9c4a02c89fd01d738ccb6a
304	304	4864	IADD3	NONE	0	0	0	IADD3 R18, P4, R72, UR26, RZ ;	void cutlass::Kernel2<cutlass_80_wmma_tensorop_bf16_s161616gemm_bf16_32x32_128x2_tn_align8>(cutlass_80_wmma_tensorop_bf16_s161616gemm_bf16_32x32_128x2_tn_align8::Params)	_ZN7cutlass7Kernel2I68cutlass_80_wmma_tensorop_bf16_s161616gemm_bf16_32x32_128x2_tn_align8EEvNT_6ParamsE	0x7e1aa05fc300	761b14acafb8b02011e32d11bd437b63cca3fe882b9c4a02c89fd01d738ccb6a
305	305	4880	CS2R	NONE	0	0	0	CS2R R48, SRZ ;	void cutlass::Kernel2<cutlass_80_wmma_tensorop_bf16_s161616gemm_bf16_32x32_128x2_tn_align8>(cutlass_80_wmma_tensorop_bf16_s161616gemm_bf16_32x32_128x2_tn_align8::Params)	_ZN7cutlass7Kernel2I68cutlass_80_wmma_tensorop_bf16_s161616gemm_bf16_32x32_128x2_tn_align8EEvNT_6ParamsE	0x7e1aa05fc300	761b14acafb8b02011e32d11bd437b63cca3fe882b9c4a02c89fd01d738ccb6a
306	306	4896	LDG.E.LTC128B.128	GLOBAL	1	0	1	@P2 LDG.E.LTC128B.128 R56, [R42.64] ;	void cutlass::Kernel2<cutlass_80_wmma_tensorop_bf16_s161616gemm_bf16_32x32_128x2_tn_align8>(cutlass_80_wmma_tensorop_bf16_s161616gemm_bf16_32x32_128x2_tn_align8::Params)	_ZN7cutlass7Kernel2I68cutlass_80_wmma_tensorop_bf16_s161616gemm_bf16_32x32_128x2_tn_align8EEvNT_6ParamsE	0x7e1aa05fc300	761b14acafb8b02011e32d11bd437b63cca3fe882b9c4a02c89fd01d738ccb6a
307	307	4912	IADD3.X	NONE	0	0	0	IADD3.X R21, R71.reuse, UR25, RZ, P1, !PT ;	void cutlass::Kernel2<cutlass_80_wmma_tensorop_bf16_s161616gemm_bf16_32x32_128x2_tn_align8>(cutlass_80_wmma_tensorop_bf16_s161616gemm_bf16_32x32_128x2_tn_align8::Params)	_ZN7cutlass7Kernel2I68cutlass_80_wmma_tensorop_bf16_s161616gemm_bf16_32x32_128x2_tn_align8EEvNT_6ParamsE	0x7e1aa05fc300	761b14acafb8b02011e32d11bd437b63cca3fe882b9c4a02c89fd01d738ccb6a
308	308	4928	CS2R	NONE	0	0	0	CS2R R50, SRZ ;	void cutlass::Kernel2<cutlass_80_wmma_tensorop_bf16_s161616gemm_bf16_32x32_128x2_tn_align8>(cutlass_80_wmma_tensorop_bf16_s161616gemm_bf16_32x32_128x2_tn_align8::Params)	_ZN7cutlass7Kernel2I68cutlass_80_wmma_tensorop_bf16_s161616gemm_bf16_32x32_128x2_tn_align8EEvNT_6ParamsE	0x7e1aa05fc300	761b14acafb8b02011e32d11bd437b63cca3fe882b9c4a02c89fd01d738ccb6a
309	309	4944	IADD3.X	NONE	0	0	0	IADD3.X R19, R71, UR27, RZ, P4, !PT ;	void cutlass::Kernel2<cutlass_80_wmma_tensorop_bf16_s161616gemm_bf16_32x32_128x2_tn_align8>(cutlass_80_wmma_tensorop_bf16_s161616gemm_bf16_32x32_128x2_tn_align8::Params)	_ZN7cutlass7Kernel2I68cutlass_80_wmma_tensorop_bf16_s161616gemm_bf16_32x32_128x2_tn_align8EEvNT_6ParamsE	0x7e1aa05fc300	761b14acafb8b02011e32d11bd437b63cca3fe882b9c4a02c89fd01d738ccb6a
310	310	4960	CS2R	NONE	0	0	0	CS2R R44, SRZ ;	void cutlass::Kernel2<cutlass_80_wmma_tensorop_bf16_s161616gemm_bf16_32x32_128x2_tn_align8>(cutlass_80_wmma_tensorop_bf16_s161616gemm_bf16_32x32_128x2_tn_align8::Params)	_ZN7cutlass7Kernel2I68cutlass_80_wmma_tensorop_bf16_s161616gemm_bf16_32x32_128x2_tn_align8EEvNT_6ParamsE	0x7e1aa05fc300	761b14acafb8b02011e32d11bd437b63cca3fe882b9c4a02c89fd01d738ccb6a
311	311	4976	CS2R	NONE	0	0	0	CS2R R46, SRZ ;	void cutlass::Kernel2<cutlass_80_wmma_tensorop_bf16_s161616gemm_bf16_32x32_128x2_tn_align8>(cutlass_80_wmma_tensorop_bf16_s161616gemm_bf16_32x32_128x2_tn_align8::Params)	_ZN7cutlass7Kernel2I68cutlass_80_wmma_tensorop_bf16_s161616gemm_bf16_32x32_128x2_tn_align8EEvNT_6ParamsE	0x7e1aa05fc300	761b14acafb8b02011e32d11bd437b63cca3fe882b9c4a02c89fd01d738ccb6a
312	312	4992	LD.E	GENERIC	1	0	1	LD.E R12, [R20.64] ;	void cutlass::Kernel2<cutlass_80_wmma_tensorop_bf16_s161616gemm_bf16_32x32_128x2_tn_align8>(cutlass_80_wmma_tensorop_bf16_s161616gemm_bf16_32x32_128x2_tn_align8::Params)	_ZN7cutlass7Kernel2I68cutlass_80_wmma_tensorop_bf16_s161616gemm_bf16_32x32_128x2_tn_align8EEvNT_6ParamsE	0x7e1aa05fc300	761b14acafb8b02011e32d11bd437b63cca3fe882b9c4a02c89fd01d738ccb6a
313	313	5008	UIADD3	NONE	0	0	0	UIADD3 UR27, UR12, 0x40, URZ ;	void cutlass::Kernel2<cutlass_80_wmma_tensorop_bf16_s161616gemm_bf16_32x32_128x2_tn_align8>(cutlass_80_wmma_tensorop_bf16_s161616gemm_bf16_32x32_128x2_tn_align8::Params)	_ZN7cutlass7Kernel2I68cutlass_80_wmma_tensorop_bf16_s161616gemm_bf16_32x32_128x2_tn_align8EEvNT_6ParamsE	0x7e1aa05fc300	761b14acafb8b02011e32d11bd437b63cca3fe882b9c4a02c89fd01d738ccb6a
314	314	5024	IMAD.MOV.U32	NONE	0	0	0	IMAD.MOV.U32 R34, RZ, RZ, R75 ;	void cutlass::Kernel2<cutlass_80_wmma_tensorop_bf16_s161616gemm_bf16_32x32_128x2_tn_align8>(cutlass_80_wmma_tensorop_bf16_s161616gemm_bf16_32x32_128x2_tn_align8::Params)	_ZN7cutlass7Kernel2I68cutlass_80_wmma_tensorop_bf16_s161616gemm_bf16_32x32_128x2_tn_align8EEvNT_6ParamsE	0x7e1aa05fc300	761b14acafb8b02011e32d11bd437b63cca3fe882b9c4a02c89fd01d738ccb6a
315	315	5040	UIADD3	NONE	0	0	0	UIADD3 UR26, UP0, UR6, 0x4200, URZ ;	void cutlass::Kernel2<cutlass_80_wmma_tensorop_bf16_s161616gemm_bf16_32x32_128x2_tn_align8>(cutlass_80_wmma_tensorop_bf16_s161616gemm_bf16_32x32_128x2_tn_align8::Params)	_ZN7cutlass7Kernel2I68cutlass_80_wmma_tensorop_bf16_s161616gemm_bf16_32x32_128x2_tn_align8EEvNT_6ParamsE	0x7e1aa05fc300	761b14acafb8b02011e32d11bd437b63cca3fe882b9c4a02c89fd01d738ccb6a
316	316	5056	LD.E	GENERIC	1	0	1	LD.E R13, [R20.64+0x1080] ;	void cutlass::Kernel2<cutlass_80_wmma_tensorop_bf16_s161616gemm_bf16_32x32_128x2_tn_align8>(cutlass_80_wmma_tensorop_bf16_s161616gemm_bf16_32x32_128x2_tn_align8::Params)	_ZN7cutlass7Kernel2I68cutlass_80_wmma_tensorop_bf16_s161616gemm_bf16_32x32_128x2_tn_align8EEvNT_6ParamsE	0x7e1aa05fc300	761b14acafb8b02011e32d11bd437b63cca3fe882b9c4a02c89fd01d738ccb6a
317	317	5072	CS2R	NONE	0	0	0	CS2R R36, SRZ ;	void cutlass::Kernel2<cutlass_80_wmma_tensorop_bf16_s161616gemm_bf16_32x32_128x2_tn_align8>(cutlass_80_wmma_tensorop_bf16_s161616gemm_bf16_32x32_128x2_tn_align8::Params)	_ZN7cutlass7Kernel2I68cutlass_80_wmma_tensorop_bf16_s161616gemm_bf16_32x32_128x2_tn_align8EEvNT_6ParamsE	0x7e1aa05fc300	761b14acafb8b02011e32d11bd437b63cca3fe882b9c4a02c89fd01d738ccb6a
318	318	5088	UIADD3	NONE	0	0	0	UIADD3 UR28, UP1, UR27, UR6, URZ ;	void cutlass::Kernel2<cutlass_80_wmma_tensorop_bf16_s161616gemm_bf16_32x32_128x2_tn_align8>(cutlass_80_wmma_tensorop_bf16_s161616gemm_bf16_32x32_128x2_tn_align8::Params)	_ZN7cutlass7Kernel2I68cutlass_80_wmma_tensorop_bf16_s161616gemm_bf16_32x32_128x2_tn_align8EEvNT_6ParamsE	0x7e1aa05fc300	761b14acafb8b02011e32d11bd437b63cca3fe882b9c4a02c89fd01d738ccb6a
319	319	5104	IMAD.MOV.U32	NONE	0	0	0	IMAD.MOV.U32 R0, RZ, RZ, R74 ;	void cutlass::Kernel2<cutlass_80_wmma_tensorop_bf16_s161616gemm_bf16_32x32_128x2_tn_align8>(cutlass_80_wmma_tensorop_bf16_s161616gemm_bf16_32x32_128x2_tn_align8::Params)	_ZN7cutlass7Kernel2I68cutlass_80_wmma_tensorop_bf16_s161616gemm_bf16_32x32_128x2_tn_align8EEvNT_6ParamsE	0x7e1aa05fc300	761b14acafb8b02011e32d11bd437b63cca3fe882b9c4a02c89fd01d738ccb6a
320	320	5120	LD.E	GENERIC	1	0	1	LD.E R14, [R20.64+0x10] ;	void cutlass::Kernel2<cutlass_80_wmma_tensorop_bf16_s161616gemm_bf16_32x32_128x2_tn_align8>(cutlass_80_wmma_tensorop_bf16_s161616gemm_bf16_32x32_128x2_tn_align8::Params)	_ZN7cutlass7Kernel2I68cutlass_80_wmma_tensorop_bf16_s161616gemm_bf16_32x32_128x2_tn_align8EEvNT_6ParamsE	0x7e1aa05fc300	761b14acafb8b02011e32d11bd437b63cca3fe882b9c4a02c89fd01d738ccb6a
321	321	5136	IADD3	NONE	0	0	0	IADD3 R38, P0, R42, c[0x0][0x1a0], RZ ;	void cutlass::Kernel2<cutlass_80_wmma_tensorop_bf16_s161616gemm_bf16_32x32_128x2_tn_align8>(cutlass_80_wmma_tensorop_bf16_s161616gemm_bf16_32x32_128x2_tn_align8::Params)	_ZN7cutlass7Kernel2I68cutlass_80_wmma_tensorop_bf16_s161616gemm_bf16_32x32_128x2_tn_align8EEvNT_6ParamsE	0x7e1aa05fc300	761b14acafb8b02011e32d11bd437b63cca3fe882b9c4a02c89fd01d738ccb6a
322	322	5152	ULEA.HI.X.SX32	NONE	0	0	0	ULEA.HI.X.SX32 UR27, UR27, UR7, 0x1, UP1 ;	void cutlass::Kernel2<cutlass_80_wmma_tensorop_bf16_s161616gemm_bf16_32x32_128x2_tn_align8>(cutlass_80_wmma_tensorop_bf16_s161616gemm_bf16_32x32_128x2_tn_align8::Params)	_ZN7cutlass7Kernel2I68cutlass_80_wmma_tensorop_bf16_s161616gemm_bf16_32x32_128x2_tn_align8EEvNT_6ParamsE	0x7e1aa05fc300	761b14acafb8b02011e32d11bd437b63cca3fe882b9c4a02c89fd01d738ccb6a
323	323	5168	IADD3	NONE	0	0	0	IADD3 R78, R78, -0x1, RZ ;	void cutlass::Kernel2<cutlass_80_wmma_tensorop_bf16_s161616gemm_bf16_32x32_128x2_tn_align8>(cutlass_80_wmma_tensorop_bf16_s161616gemm_bf16_32x32_128x2_tn_align8::Params)	_ZN7cutlass7Kernel2I68cutlass_80_wmma_tensorop_bf16_s161616gemm_bf16_32x32_128x2_tn_align8EEvNT_6ParamsE	0x7e1aa05fc300	761b14acafb8b02011e32d11bd437b63cca3fe882b9c4a02c89fd01d738ccb6a
324	324	5184	LD.E	GENERIC	1	0	1	LD.E R15, [R20.64+0x1090] ;	void cutlass::Kernel2<cutlass_80_wmma_tensorop_bf16_s161616gemm_bf16_32x32_128x2_tn_align8>(cutlass_80_wmma_tensorop_bf16_s161616gemm_bf16_32x32_128x2_tn_align8::Params)	_ZN7cutlass7Kernel2I68cutlass_80_wmma_tensorop_bf16_s161616gemm_bf16_32x32_128x2_tn_align8EEvNT_6ParamsE	0x7e1aa05fc300	761b14acafb8b02011e32d11bd437b63cca3fe882b9c4a02c89fd01d738ccb6a
325	325	5200	IADD3.X	NONE	0	0	0	IADD3.X R39, R43, c[0x0][0x1a4], RZ, P0, !PT ;	void cutlass::Kernel2<cutlass_80_wmma_tensorop_bf16_s161616gemm_bf16_32x32_128x2_tn_align8>(cutlass_80_wmma_tensorop_bf16_s161616gemm_bf16_32x32_128x2_tn_align8::Params)	_ZN7cutlass7Kernel2I68cutlass_80_wmma_tensorop_bf16_s161616gemm_bf16_32x32_128x2_tn_align8EEvNT_6ParamsE	0x7e1aa05fc300	761b14acafb8b02011e32d11bd437b63cca3fe882b9c4a02c89fd01d738ccb6a
326	326	5216	UIADD3.X	NONE	0	0	0	UIADD3.X UR25, URZ, UR7, URZ, UP0, !UPT ;	void cutlass::Kernel2<cutlass_80_wmma_tensorop_bf16_s161616gemm_bf16_32x32_128x2_tn_align8>(cutlass_80_wmma_tensorop_bf16_s161616gemm_bf16_32x32_128x2_tn_align8::Params)	_ZN7cutlass7Kernel2I68cutlass_80_wmma_tensorop_bf16_s161616gemm_bf16_32x32_128x2_tn_align8EEvNT_6ParamsE	0x7e1aa05fc300	761b14acafb8b02011e32d11bd437b63cca3fe882b9c4a02c89fd01d738ccb6a
327	327	5232	LD.E	GENERIC	1	0	1	LD.E R2, [R18.64+0x4200] ;	void cutlass::Kernel2<cutlass_80_wmma_tensorop_bf16_s161616gemm_bf16_32x32_128x2_tn_align8>(cutlass_80_wmma_tensorop_bf16_s161616gemm_bf16_32x32_128x2_tn_align8::Params)	_ZN7cutlass7Kernel2I68cutlass_80_wmma_tensorop_bf16_s161616gemm_bf16_32x32_128x2_tn_align8EEvNT_6ParamsE	0x7e1aa05fc300	761b14acafb8b02011e32d11bd437b63cca3fe882b9c4a02c89fd01d738ccb6a
328	328	5248	UIADD3	NONE	0	0	0	UIADD3 UR29, UP0, UR30, UR26, URZ ;	void cutlass::Kernel2<cutlass_80_wmma_tensorop_bf16_s161616gemm_bf16_32x32_128x2_tn_align8>(cutlass_80_wmma_tensorop_bf16_s161616gemm_bf16_32x32_128x2_tn_align8::Params)	_ZN7cutlass7Kernel2I68cutlass_80_wmma_tensorop_bf16_s161616gemm_bf16_32x32_128x2_tn_align8EEvNT_6ParamsE	0x7e1aa05fc300	761b14acafb8b02011e32d11bd437b63cca3fe882b9c4a02c89fd01d738ccb6a
329	329	5264	CS2R	NONE	0	0	0	CS2R R42, SRZ ;	void cutlass::Kernel2<cutlass_80_wmma_tensorop_bf16_s161616gemm_bf16_32x32_128x2_tn_align8>(cutlass_80_wmma_tensorop_bf16_s161616gemm_bf16_32x32_128x2_tn_align8::Params)	_ZN7cutlass7Kernel2I68cutlass_80_wmma_tensorop_bf16_s161616gemm_bf16_32x32_128x2_tn_align8EEvNT_6ParamsE	0x7e1aa05fc300	761b14acafb8b02011e32d11bd437b63cca3fe882b9c4a02c89fd01d738ccb6a
330	330	5280	LD.E	GENERIC	1	0	1	LD.E R3, [R18.64+0x4210] ;	void cutlass::Kernel2<cutlass_80_wmma_tensorop_bf16_s161616gemm_bf16_32x32_128x2_tn_align8>(cutlass_80_wmma_tensorop_bf16_s161616gemm_bf16_32x32_128x2_tn_align8::Params)	_ZN7cutlass7Kernel2I68cutlass_80_wmma_tensorop_bf16_s161616gemm_bf16_32x32_128x2_tn_align8EEvNT_6ParamsE	0x7e1aa05fc300	761b14acafb8b02011e32d11bd437b63cca3fe882b9c4a02c89fd01d738ccb6a
331	331	5296	ULEA.HI.X.SX32	NONE	0	0	0	ULEA.HI.X.SX32 UR30, UR30, UR25, 0x1, UP0 ;	void cutlass::Kernel2<cutlass_80_wmma_tensorop_bf16_s161616gemm_bf16_32x32_128x2_tn_align8>(cutlass_80_wmma_tensorop_bf16_s161616gemm_bf16_32x32_128x2_tn_align8::Params)	_ZN7cutlass7Kernel2I68cutlass_80_wmma_tensorop_bf16_s161616gemm_bf16_32x32_128x2_tn_align8EEvNT_6ParamsE	0x7e1aa05fc300	761b14acafb8b02011e32d11bd437b63cca3fe882b9c4a02c89fd01d738ccb6a
332	332	5312	UMOV	NONE	0	0	0	UMOV UR23, UR12 ;	void cutlass::Kernel2<cutlass_80_wmma_tensorop_bf16_s161616gemm_bf16_32x32_128x2_tn_align8>(cutlass_80_wmma_tensorop_bf16_s161616gemm_bf16_32x32_128x2_tn_align8::Params)	_ZN7cutlass7Kernel2I68cutlass_80_wmma_tensorop_bf16_s161616gemm_bf16_32x32_128x2_tn_align8EEvNT_6ParamsE	0x7e1aa05fc300	761b14acafb8b02011e32d11bd437b63cca3fe882b9c4a02c89fd01d738ccb6a
333	333	5328	LD.E	GENERIC	1	0	1	LD.E R16, [R18.64+0x5280] ;	void cutlass::Kernel2<cutlass_80_wmma_tensorop_bf16_s161616gemm_bf16_32x32_128x2_tn_align8>(cutlass_80_wmma_tensorop_bf16_s161616gemm_bf16_32x32_128x2_tn_align8::Params)	_ZN7cutlass7Kernel2I68cutlass_80_wmma_tensorop_bf16_s161616gemm_bf16_32x32_128x2_tn_align8EEvNT_6ParamsE	0x7e1aa05fc300	761b14acafb8b02011e32d11bd437b63cca3fe882b9c4a02c89fd01d738ccb6a
334	334	5344	LD.E	GENERIC	1	0	1	LD.E R17, [R18.64+0x5290] ;	void cutlass::Kernel2<cutlass_80_wmma_tensorop_bf16_s161616gemm_bf16_32x32_128x2_tn_align8>(cutlass_80_wmma_tensorop_bf16_s161616gemm_bf16_32x32_128x2_tn_align8::Params)	_ZN7cutlass7Kernel2I68cutlass_80_wmma_tensorop_bf16_s161616gemm_bf16_32x32_128x2_tn_align8EEvNT_6ParamsE	0x7e1aa05fc300	761b14acafb8b02011e32d11bd437b63cca3fe882b9c4a02c89fd01d738ccb6a
335	335	5360	LDG.E.LTC128B.128	GLOBAL	1	0	1	@P3 LDG.E.LTC128B.128 R52, [R38.64] ;	void cutlass::Kernel2<cutlass_80_wmma_tensorop_bf16_s161616gemm_bf16_32x32_128x2_tn_align8>(cutlass_80_wmma_tensorop_bf16_s161616gemm_bf16_32x32_128x2_tn_align8::Params)	_ZN7cutlass7Kernel2I68cutlass_80_wmma_tensorop_bf16_s161616gemm_bf16_32x32_128x2_tn_align8EEvNT_6ParamsE	0x7e1aa05fc300	761b14acafb8b02011e32d11bd437b63cca3fe882b9c4a02c89fd01d738ccb6a
336	336	5376	R2P	NONE	0	0	0	R2P PR, R77, 0xf ;	void cutlass::Kernel2<cutlass_80_wmma_tensorop_bf16_s161616gemm_bf16_32x32_128x2_tn_align8>(cutlass_80_wmma_tensorop_bf16_s161616gemm_bf16_32x32_128x2_tn_align8::Params)	_ZN7cutlass7Kernel2I68cutlass_80_wmma_tensorop_bf16_s161616gemm_bf16_32x32_128x2_tn_align8EEvNT_6ParamsE	0x7e1aa05fc300	761b14acafb8b02011e32d11bd437b63cca3fe882b9c4a02c89fd01d738ccb6a
337	337	5392	ISETP.GT.AND	NONE	0	0	0	ISETP.GT.AND P4, PT, R78, 0x2, PT ;	void cutlass::Kernel2<cutlass_80_wmma_tensorop_bf16_s161616gemm_bf16_32x32_128x2_tn_align8>(cutlass_80_wmma_tensorop_bf16_s161616gemm_bf16_32x32_128x2_tn_align8::Params)	_ZN7cutlass7Kernel2I68cutlass_80_wmma_tensorop_bf16_s161616gemm_bf16_32x32_128x2_tn_align8EEvNT_6ParamsE	0x7e1aa05fc300	761b14acafb8b02011e32d11bd437b63cca3fe882b9c4a02c89fd01d738ccb6a
338	338	5408	UIADD3	NONE	0	0	0	@!UPT UIADD3 URZ, URZ, URZ, URZ ;	void cutlass::Kernel2<cutlass_80_wmma_tensorop_bf16_s161616gemm_bf16_32x32_128x2_tn_align8>(cutlass_80_wmma_tensorop_bf16_s161616gemm_bf16_32x32_128x2_tn_align8::Params)	_ZN7cutlass7Kernel2I68cutlass_80_wmma_tensorop_bf16_s161616gemm_bf16_32x32_128x2_tn_align8EEvNT_6ParamsE	0x7e1aa05fc300	761b14acafb8b02011e32d11bd437b63cca3fe882b9c4a02c89fd01d738ccb6a
339	339	5424	IMAD.MOV.U32	NONE	0	0	0	@!P4 IMAD.MOV.U32 R77, RZ, RZ, RZ ;	void cutlass::Kernel2<cutlass_80_wmma_tensorop_bf16_s161616gemm_bf16_32x32_128x2_tn_align8>(cutlass_80_wmma_tensorop_bf16_s161616gemm_bf16_32x32_128x2_tn_align8::Params)	_ZN7cutlass7Kernel2I68cutlass_80_wmma_tensorop_bf16_s161616gemm_bf16_32x32_128x2_tn_align8EEvNT_6ParamsE	0x7e1aa05fc300	761b14acafb8b02011e32d11bd437b63cca3fe882b9c4a02c89fd01d738ccb6a
340	340	5440	CS2R	NONE	0	0	0	CS2R R38, SRZ ;	void cutlass::Kernel2<cutlass_80_wmma_tensorop_bf16_s161616gemm_bf16_32x32_128x2_tn_align8>(cutlass_80_wmma_tensorop_bf16_s161616gemm_bf16_32x32_128x2_tn_align8::Params)	_ZN7cutlass7Kernel2I68cutlass_80_wmma_tensorop_bf16_s161616gemm_bf16_32x32_128x2_tn_align8EEvNT_6ParamsE	0x7e1aa05fc300	761b14acafb8b02011e32d11bd437b63cca3fe882b9c4a02c89fd01d738ccb6a
341	341	5456	LDG.E.LTC128B.128	GLOBAL	1	0	1	@P0 LDG.E.LTC128B.128 R36, [R40.64] ;	void cutlass::Kernel2<cutlass_80_wmma_tensorop_bf16_s161616gemm_bf16_32x32_128x2_tn_align8>(cutlass_80_wmma_tensorop_bf16_s161616gemm_bf16_32x32_128x2_tn_align8::Params)	_ZN7cutlass7Kernel2I68cutlass_80_wmma_tensorop_bf16_s161616gemm_bf16_32x32_128x2_tn_align8EEvNT_6ParamsE	0x7e1aa05fc300	761b14acafb8b02011e32d11bd437b63cca3fe882b9c4a02c89fd01d738ccb6a
342	342	5472	IADD3	NONE	0	0	0	IADD3 R82, P0, R40, c[0x0][0x1c0], RZ ;	void cutlass::Kernel2<cutlass_80_wmma_tensorop_bf16_s161616gemm_bf16_32x32_128x2_tn_align8>(cutlass_80_wmma_tensorop_bf16_s161616gemm_bf16_32x32_128x2_tn_align8::Params)	_ZN7cutlass7Kernel2I68cutlass_80_wmma_tensorop_bf16_s161616gemm_bf16_32x32_128x2_tn_align8EEvNT_6ParamsE	0x7e1aa05fc300	761b14acafb8b02011e32d11bd437b63cca3fe882b9c4a02c89fd01d738ccb6a
343	343	5488	IADD3.X	NONE	0	0	0	IADD3.X R83, R41, c[0x0][0x1c4], RZ, P0, !PT ;	void cutlass::Kernel2<cutlass_80_wmma_tensorop_bf16_s161616gemm_bf16_32x32_128x2_tn_align8>(cutlass_80_wmma_tensorop_bf16_s161616gemm_bf16_32x32_128x2_tn_align8::Params)	_ZN7cutlass7Kernel2I68cutlass_80_wmma_tensorop_bf16_s161616gemm_bf16_32x32_128x2_tn_align8EEvNT_6ParamsE	0x7e1aa05fc300	761b14acafb8b02011e32d11bd437b63cca3fe882b9c4a02c89fd01d738ccb6a
344	344	5504	IADD3	NONE	0	0	0	IADD3 R86, P0, R82, c[0x0][0x1c0], RZ ;	void cutlass::Kernel2<cutlass_80_wmma_tensorop_bf16_s161616gemm_bf16_32x32_128x2_tn_align8>(cutlass_80_wmma_tensorop_bf16_s161616gemm_bf16_32x32_128x2_tn_align8::Params)	_ZN7cutlass7Kernel2I68cutlass_80_wmma_tensorop_bf16_s161616gemm_bf16_32x32_128x2_tn_align8EEvNT_6ParamsE	0x7e1aa05fc300	761b14acafb8b02011e32d11bd437b63cca3fe882b9c4a02c89fd01d738ccb6a
345	345	5520	LDG.E.LTC128B.128	GLOBAL	1	0	1	@P1 LDG.E.LTC128B.128 R48, [R82.64] ;	void cutlass::Kernel2<cutlass_80_wmma_tensorop_bf16_s161616gemm_bf16_32x32_128x2_tn_align8>(cutlass_80_wmma_tensorop_bf16_s161616gemm_bf16_32x32_128x2_tn_align8::Params)	_ZN7cutlass7Kernel2I68cutlass_80_wmma_tensorop_bf16_s161616gemm_bf16_32x32_128x2_tn_align8EEvNT_6ParamsE	0x7e1aa05fc300	761b14acafb8b02011e32d11bd437b63cca3fe882b9c4a02c89fd01d738ccb6a
346	346	5536	IADD3.X	NONE	0	0	0	IADD3.X R87, R83, c[0x0][0x1c4], RZ, P0, !PT ;	void cutlass::Kernel2<cutlass_80_wmma_tensorop_bf16_s161616gemm_bf16_32x32_128x2_tn_align8>(cutlass_80_wmma_tensorop_bf16_s161616gemm_bf16_32x32_128x2_tn_align8::Params)	_ZN7cutlass7Kernel2I68cutlass_80_wmma_tensorop_bf16_s161616gemm_bf16_32x32_128x2_tn_align8EEvNT_6ParamsE	0x7e1aa05fc300	761b14acafb8b02011e32d11bd437b63cca3fe882b9c4a02c89fd01d738ccb6a
347	347	5552	IADD3	NONE	0	0	0	IADD3 R84, P0, R86, c[0x0][0x1c0], RZ ;	void cutlass::Kernel2<cutlass_80_wmma_tensorop_bf16_s161616gemm_bf16_32x32_128x2_tn_align8>(cutlass_80_wmma_tensorop_bf16_s161616gemm_bf16_32x32_128x2_tn_align8::Params)	_ZN7cutlass7Kernel2I68cutlass_80_wmma_tensorop_bf16_s161616gemm_bf16_32x32_128x2_tn_align8EEvNT_6ParamsE	0x7e1aa05fc300	761b14acafb8b02011e32d11bd437b63cca3fe882b9c4a02c89fd01d738ccb6a
348	348	5568	LEA	NONE	0	0	0	LEA R28, P1, R80.reuse, UR28, 0x2 ;	void cutlass::Kernel2<cutlass_80_wmma_tensorop_bf16_s161616gemm_bf16_32x32_128x2_tn_align8>(cutlass_80_wmma_tensorop_bf16_s161616gemm_bf16_32x32_128x2_tn_align8::Params)	_ZN7cutlass7Kernel2I68cutlass_80_wmma_tensorop_bf16_s161616gemm_bf16_32x32_128x2_tn_align8EEvNT_6ParamsE	0x7e1aa05fc300	761b14acafb8b02011e32d11bd437b63cca3fe882b9c4a02c89fd01d738ccb6a
349	349	5584	LDG.E.LTC128B.128	GLOBAL	1	0	1	@P2 LDG.E.LTC128B.128 R44, [R86.64] ;	void cutlass::Kernel2<cutlass_80_wmma_tensorop_bf16_s161616gemm_bf16_32x32_128x2_tn_align8>(cutlass_80_wmma_tensorop_bf16_s161616gemm_bf16_32x32_128x2_tn_align8::Params)	_ZN7cutlass7Kernel2I68cutlass_80_wmma_tensorop_bf16_s161616gemm_bf16_32x32_128x2_tn_align8EEvNT_6ParamsE	0x7e1aa05fc300	761b14acafb8b02011e32d11bd437b63cca3fe882b9c4a02c89fd01d738ccb6a
350	350	5600	IADD3.X	NONE	0	0	0	IADD3.X R85, R87, c[0x0][0x1c4], RZ, P0, !PT ;	void cutlass::Kernel2<cutlass_80_wmma_tensorop_bf16_s161616gemm_bf16_32x32_128x2_tn_align8>(cutlass_80_wmma_tensorop_bf16_s161616gemm_bf16_32x32_128x2_tn_align8::Params)	_ZN7cutlass7Kernel2I68cutlass_80_wmma_tensorop_bf16_s161616gemm_bf16_32x32_128x2_tn_align8EEvNT_6ParamsE	0x7e1aa05fc300	761b14acafb8b02011e32d11bd437b63cca3fe882b9c4a02c89fd01d738ccb6a
351	351	5616	LEA	NONE	0	0	0	LEA R26, P0, R80.reuse, UR29, 0x2 ;	void cutlass::Kernel2<cutlass_80_wmma_tensorop_bf16_s161616gemm_bf16_32x32_128x2_tn_align8>(cutlass_80_wmma_tensorop_bf16_s161616gemm_bf16_32x32_128x2_tn_align8::Params)	_ZN7cutlass7Kernel2I68cutlass_80_wmma_tensorop_bf16_s161616gemm_bf16_32x32_128x2_tn_align8EEvNT_6ParamsE	0x7e1aa05fc300	761b14acafb8b02011e32d11bd437b63cca3fe882b9c4a02c89fd01d738ccb6a
352	352	5632	LEA.HI.X	NONE	0	0	0	LEA.HI.X R29, R80.reuse, UR27, R81.reuse, 0x2, P1 ;	void cutlass::Kernel2<cutlass_80_wmma_tensorop_bf16_s161616gemm_bf16_32x32_128x2_tn_align8>(cutlass_80_wmma_tensorop_bf16_s161616gemm_bf16_32x32_128x2_tn_align8::Params)	_ZN7cutlass7Kernel2I68cutlass_80_wmma_tensorop_bf16_s161616gemm_bf16_32x32_128x2_tn_align8EEvNT_6ParamsE	0x7e1aa05fc300	761b14acafb8b02011e32d11bd437b63cca3fe882b9c4a02c89fd01d738ccb6a
353	353	5648	UIADD3	NONE	0	0	0	UIADD3 UR27, UR12, 0x60, URZ ;	void cutlass::Kernel2<cutlass_80_wmma_tensorop_bf16_s161616gemm_bf16_32x32_128x2_tn_align8>(cutlass_80_wmma_tensorop_bf16_s161616gemm_bf16_32x32_128x2_tn_align8::Params)	_ZN7cutlass7Kernel2I68cutlass_80_wmma_tensorop_bf16_s161616gemm_bf16_32x32_128x2_tn_align8EEvNT_6ParamsE	0x7e1aa05fc300	761b14acafb8b02011e32d11bd437b63cca3fe882b9c4a02c89fd01d738ccb6a
354	354	5664	LEA.HI.X	NONE	0	0	0	LEA.HI.X R27, R80, UR30, R81.reuse, 0x2, P0 ;	void cutlass::Kernel2<cutlass_80_wmma_tensorop_bf16_s161616gemm_bf16_32x32_128x2_tn_align8>(cutlass_80_wmma_tensorop_bf16_s161616gemm_bf16_32x32_128x2_tn_align8::Params)	_ZN7cutlass7Kernel2I68cutlass_80_wmma_tensorop_bf16_s161616gemm_bf16_32x32_128x2_tn_align8EEvNT_6ParamsE	0x7e1aa05fc300	761b14acafb8b02011e32d11bd437b63cca3fe882b9c4a02c89fd01d738ccb6a
355	355	5680	UIADD3	NONE	0	0	0	UIADD3 UR30, UR11, 0x60, URZ ;	void cutlass::Kernel2<cutlass_80_wmma_tensorop_bf16_s161616gemm_bf16_32x32_128x2_tn_align8>(cutlass_80_wmma_tensorop_bf16_s161616gemm_bf16_32x32_128x2_tn_align8::Params)	_ZN7cutlass7Kernel2I68cutlass_80_wmma_tensorop_bf16_s161616gemm_bf16_32x32_128x2_tn_align8EEvNT_6ParamsE	0x7e1aa05fc300	761b14acafb8b02011e32d11bd437b63cca3fe882b9c4a02c89fd01d738ccb6a
356	356	5696	CS2R	NONE	0	0	0	CS2R R40, SRZ ;	void cutlass::Kernel2<cutlass_80_wmma_tensorop_bf16_s161616gemm_bf16_32x32_128x2_tn_align8>(cutlass_80_wmma_tensorop_bf16_s161616gemm_bf16_32x32_128x2_tn_align8::Params)	_ZN7cutlass7Kernel2I68cutlass_80_wmma_tensorop_bf16_s161616gemm_bf16_32x32_128x2_tn_align8EEvNT_6ParamsE	0x7e1aa05fc300	761b14acafb8b02011e32d11bd437b63cca3fe882b9c4a02c89fd01d738ccb6a
357	357	5712	LD.E	GENERIC	1	0	1	LD.E R20, [R28.64] ;	void cutlass::Kernel2<cutlass_80_wmma_tensorop_bf16_s161616gemm_bf16_32x32_128x2_tn_align8>(cutlass_80_wmma_tensorop_bf16_s161616gemm_bf16_32x32_128x2_tn_align8::Params)	_ZN7cutlass7Kernel2I68cutlass_80_wmma_tensorop_bf16_s161616gemm_bf16_32x32_128x2_tn_align8EEvNT_6ParamsE	0x7e1aa05fc300	761b14acafb8b02011e32d11bd437b63cca3fe882b9c4a02c89fd01d738ccb6a
358	358	5728	UIADD3	NONE	0	0	0	UIADD3 UR28, UP1, UR27, UR6, URZ ;	void cutlass::Kernel2<cutlass_80_wmma_tensorop_bf16_s161616gemm_bf16_32x32_128x2_tn_align8>(cutlass_80_wmma_tensorop_bf16_s161616gemm_bf16_32x32_128x2_tn_align8::Params)	_ZN7cutlass7Kernel2I68cutlass_80_wmma_tensorop_bf16_s161616gemm_bf16_32x32_128x2_tn_align8EEvNT_6ParamsE	0x7e1aa05fc300	761b14acafb8b02011e32d11bd437b63cca3fe882b9c4a02c89fd01d738ccb6a
359	359	5744	ISETP.GE.AND	NONE	0	0	0	ISETP.GE.AND P2, PT, R78, 0x3, PT ;	void cutlass::Kernel2<cutlass_80_wmma_tensorop_bf16_s161616gemm_bf16_32x32_128x2_tn_align8>(cutlass_80_wmma_tensorop_bf16_s161616gemm_bf16_32x32_128x2_tn_align8::Params)	_ZN7cutlass7Kernel2I68cutlass_80_wmma_tensorop_bf16_s161616gemm_bf16_32x32_128x2_tn_align8EEvNT_6ParamsE	0x7e1aa05fc300	761b14acafb8b02011e32d11bd437b63cca3fe882b9c4a02c89fd01d738ccb6a
360	360	5760	UIADD3	NONE	0	0	0	UIADD3 UR29, UP0, UR30, UR26, URZ ;	void cutlass::Kernel2<cutlass_80_wmma_tensorop_bf16_s161616gemm_bf16_32x32_128x2_tn_align8>(cutlass_80_wmma_tensorop_bf16_s161616gemm_bf16_32x32_128x2_tn_align8::Params)	_ZN7cutlass7Kernel2I68cutlass_80_wmma_tensorop_bf16_s161616gemm_bf16_32x32_128x2_tn_align8EEvNT_6ParamsE	0x7e1aa05fc300	761b14acafb8b02011e32d11bd437b63cca3fe882b9c4a02c89fd01d738ccb6a
361	361	5776	LD.E	GENERIC	1	0	1	LD.E R21, [R28.64+0x1080] ;	void cutlass::Kernel2<cutlass_80_wmma_tensorop_bf16_s161616gemm_bf16_32x32_128x2_tn_align8>(cutlass_80_wmma_tensorop_bf16_s161616gemm_bf16_32x32_128x2_tn_align8::Params)	_ZN7cutlass7Kernel2I68cutlass_80_wmma_tensorop_bf16_s161616gemm_bf16_32x32_128x2_tn_align8EEvNT_6ParamsE	0x7e1aa05fc300	761b14acafb8b02011e32d11bd437b63cca3fe882b9c4a02c89fd01d738ccb6a
362	362	5792	ULEA.HI.X.SX32	NONE	0	0	0	ULEA.HI.X.SX32 UR27, UR27, UR7, 0x1, UP1 ;	void cutlass::Kernel2<cutlass_80_wmma_tensorop_bf16_s161616gemm_bf16_32x32_128x2_tn_align8>(cutlass_80_wmma_tensorop_bf16_s161616gemm_bf16_32x32_128x2_tn_align8::Params)	_ZN7cutlass7Kernel2I68cutlass_80_wmma_tensorop_bf16_s161616gemm_bf16_32x32_128x2_tn_align8EEvNT_6ParamsE	0x7e1aa05fc300	761b14acafb8b02011e32d11bd437b63cca3fe882b9c4a02c89fd01d738ccb6a
363	363	5808	SEL	NONE	0	0	0	SEL R76, R76, RZ, P2 ;	void cutlass::Kernel2<cutlass_80_wmma_tensorop_bf16_s161616gemm_bf16_32x32_128x2_tn_align8>(cutlass_80_wmma_tensorop_bf16_s161616gemm_bf16_32x32_128x2_tn_align8::Params)	_ZN7cutlass7Kernel2I68cutlass_80_wmma_tensorop_bf16_s161616gemm_bf16_32x32_128x2_tn_align8EEvNT_6ParamsE	0x7e1aa05fc300	761b14acafb8b02011e32d11bd437b63cca3fe882b9c4a02c89fd01d738ccb6a
364	364	5824	ULEA.HI.X.SX32	NONE	0	0	0	ULEA.HI.X.SX32 UR30, UR30, UR25, 0x1, UP0 ;	void cutlass::Kernel2<cutlass_80_wmma_tensorop_bf16_s161616gemm_bf16_32x32_128x2_tn_align8>(cutlass_80_wmma_tensorop_bf16_s161616gemm_bf16_32x32_128x2_tn_align8::Params)	_ZN7cutlass7Kernel2I68cutlass_80_wmma_tensorop_bf16_s161616gemm_bf16_32x32_128x2_tn_align8EEvNT_6ParamsE	0x7e1aa05fc300	761b14acafb8b02011e32d11bd437b63cca3fe882b9c4a02c89fd01d738ccb6a
365	365	5840	LD.E	GENERIC	1	0	1	LD.E R22, [R28.64+0x10] ;	void cutlass::Kernel2<cutlass_80_wmma_tensorop_bf16_s161616gemm_bf16_32x32_128x2_tn_align8>(cutlass_80_wmma_tensorop_bf16_s161616gemm_bf16_32x32_128x2_tn_align8::Params)	_ZN7cutlass7Kernel2I68cutlass_80_wmma_tensorop_bf16_s161616gemm_bf16_32x32_128x2_tn_align8EEvNT_6ParamsE	0x7e1aa05fc300	761b14acafb8b02011e32d11bd437b63cca3fe882b9c4a02c89fd01d738ccb6a
366	366	5856	ISETP.GT.AND	NONE	0	0	0	ISETP.GT.AND P2, PT, R78, 0x1, PT ;	void cutlass::Kernel2<cutlass_80_wmma_tensorop_bf16_s161616gemm_bf16_32x32_128x2_tn_align8>(cutlass_80_wmma_tensorop_bf16_s161616gemm_bf16_32x32_128x2_tn_align8::Params)	_ZN7cutlass7Kernel2I68cutlass_80_wmma_tensorop_bf16_s161616gemm_bf16_32x32_128x2_tn_align8EEvNT_6ParamsE	0x7e1aa05fc300	761b14acafb8b02011e32d11bd437b63cca3fe882b9c4a02c89fd01d738ccb6a
367	367	5872	LD.E	GENERIC	1	0	1	LD.E R23, [R28.64+0x1090] ;	void cutlass::Kernel2<cutlass_80_wmma_tensorop_bf16_s161616gemm_bf16_32x32_128x2_tn_align8>(cutlass_80_wmma_tensorop_bf16_s161616gemm_bf16_32x32_128x2_tn_align8::Params)	_ZN7cutlass7Kernel2I68cutlass_80_wmma_tensorop_bf16_s161616gemm_bf16_32x32_128x2_tn_align8EEvNT_6ParamsE	0x7e1aa05fc300	761b14acafb8b02011e32d11bd437b63cca3fe882b9c4a02c89fd01d738ccb6a
368	368	5888	LD.E	GENERIC	1	0	1	LD.E R18, [R26.64] ;	void cutlass::Kernel2<cutlass_80_wmma_tensorop_bf16_s161616gemm_bf16_32x32_128x2_tn_align8>(cutlass_80_wmma_tensorop_bf16_s161616gemm_bf16_32x32_128x2_tn_align8::Params)	_ZN7cutlass7Kernel2I68cutlass_80_wmma_tensorop_bf16_s161616gemm_bf16_32x32_128x2_tn_align8EEvNT_6ParamsE	0x7e1aa05fc300	761b14acafb8b02011e32d11bd437b63cca3fe882b9c4a02c89fd01d738ccb6a
369	369	5904	LD.E	GENERIC	1	0	1	LD.E R19, [R26.64+0x10] ;	void cutlass::Kernel2<cutlass_80_wmma_tensorop_bf16_s161616gemm_bf16_32x32_128x2_tn_align8>(cutlass_80_wmma_tensorop_bf16_s161616gemm_bf16_32x32_128x2_tn_align8::Params)	_ZN7cutlass7Kernel2I68cutlass_80_wmma_tensorop_bf16_s161616gemm_bf16_32x32_128x2_tn_align8EEvNT_6ParamsE	0x7e1aa05fc300	761b14acafb8b02011e32d11bd437b63cca3fe882b9c4a02c89fd01d738ccb6a
370	370	5920	LD.E	GENERIC	1	0	1	LD.E R24, [R26.64+0x1080] ;	void cutlass::Kernel2<cutlass_80_wmma_tensorop_bf16_s161616gemm_bf16_32x32_128x2_tn_align8>(cutlass_80_wmma_tensorop_bf16_s161616gemm_bf16_32x32_128x2_tn_align8::Params)	_ZN7cutlass7Kernel2I68cutlass_80_wmma_tensorop_bf16_s161616gemm_bf16_32x32_128x2_tn_align8EEvNT_6ParamsE	0x7e1aa05fc300	761b14acafb8b02011e32d11bd437b63cca3fe882b9c4a02c89fd01d738ccb6a
371	371	5936	LD.E	GENERIC	1	0	1	LD.E R25, [R26.64+0x1090] ;	void cutlass::Kernel2<cutlass_80_wmma_tensorop_bf16_s161616gemm_bf16_32x32_128x2_tn_align8>(cutlass_80_wmma_tensorop_bf16_s161616gemm_bf16_32x32_128x2_tn_align8::Params)	_ZN7cutlass7Kernel2I68cutlass_80_wmma_tensorop_bf16_s161616gemm_bf16_32x32_128x2_tn_align8EEvNT_6ParamsE	0x7e1aa05fc300	761b14acafb8b02011e32d11bd437b63cca3fe882b9c4a02c89fd01d738ccb6a
372	372	5952	LDG.E.LTC128B.128	GLOBAL	1	0	1	@P3 LDG.E.LTC128B.128 R40, [R84.64] ;	void cutlass::Kernel2<cutlass_80_wmma_tensorop_bf16_s161616gemm_bf16_32x32_128x2_tn_align8>(cutlass_80_wmma_tensorop_bf16_s161616gemm_bf16_32x32_128x2_tn_align8::Params)	_ZN7cutlass7Kernel2I68cutlass_80_wmma_tensorop_bf16_s161616gemm_bf16_32x32_128x2_tn_align8EEvNT_6ParamsE	0x7e1aa05fc300	761b14acafb8b02011e32d11bd437b63cca3fe882b9c4a02c89fd01d738ccb6a
373	373	5968	LEA	NONE	0	0	0	LEA R28, P1, R80.reuse, UR28, 0x2 ;	void cutlass::Kernel2<cutlass_80_wmma_tensorop_bf16_s161616gemm_bf16_32x32_128x2_tn_align8>(cutlass_80_wmma_tensorop_bf16_s161616gemm_bf16_32x32_128x2_tn_align8::Params)	_ZN7cutlass7Kernel2I68cutlass_80_wmma_tensorop_bf16_s161616gemm_bf16_32x32_128x2_tn_align8EEvNT_6ParamsE	0x7e1aa05fc300	761b14acafb8b02011e32d11bd437b63cca3fe882b9c4a02c89fd01d738ccb6a
374	374	5984	LEA.HI.X	NONE	0	0	0	LEA.HI.X R29, R80.reuse, UR27, R81.reuse, 0x2, P1 ;	void cutlass::Kernel2<cutlass_80_wmma_tensorop_bf16_s161616gemm_bf16_32x32_128x2_tn_align8>(cutlass_80_wmma_tensorop_bf16_s161616gemm_bf16_32x32_128x2_tn_align8::Params)	_ZN7cutlass7Kernel2I68cutlass_80_wmma_tensorop_bf16_s161616gemm_bf16_32x32_128x2_tn_align8EEvNT_6ParamsE	0x7e1aa05fc300	761b14acafb8b02011e32d11bd437b63cca3fe882b9c4a02c89fd01d738ccb6a
375	375	6000	UIADD3	NONE	0	0	0	UIADD3 UR27, UR12, 0x80, URZ ;	void cutlass::Kernel2<cutlass_80_wmma_tensorop_bf16_s161616gemm_bf16_32x32_128x2_tn_align8>(cutlass_80_wmma_tensorop_bf16_s161616gemm_bf16_32x32_128x2_tn_align8::Params)	_ZN7cutlass7Kernel2I68cutlass_80_wmma_tensorop_bf16_s161616gemm_bf16_32x32_128x2_tn_align8EEvNT_6ParamsE	0x7e1aa05fc300	761b14acafb8b02011e32d11bd437b63cca3fe882b9c4a02c89fd01d738ccb6a
376	376	6016	UIADD3	NONE	0	0	0	UIADD3 UR28, UP1, UR27, UR6, URZ ;	void cutlass::Kernel2<cutlass_80_wmma_tensorop_bf16_s161616gemm_bf16_32x32_128x2_tn_align8>(cutlass_80_wmma_tensorop_bf16_s161616gemm_bf16_32x32_128x2_tn_align8::Params)	_ZN7cutlass7Kernel2I68cutlass_80_wmma_tensorop_bf16_s161616gemm_bf16_32x32_128x2_tn_align8EEvNT_6ParamsE	0x7e1aa05fc300	761b14acafb8b02011e32d11bd437b63cca3fe882b9c4a02c89fd01d738ccb6a
377	377	6032	ULEA.HI.X.SX32	NONE	0	0	0	ULEA.HI.X.SX32 UR27, UR27, UR7, 0x1, UP1 ;	void cutlass::Kernel2<cutlass_80_wmma_tensorop_bf16_s161616gemm_bf16_32x32_128x2_tn_align8>(cutlass_80_wmma_tensorop_bf16_s161616gemm_bf16_32x32_128x2_tn_align8::Params)	_ZN7cutlass7Kernel2I68cutlass_80_wmma_tensorop_bf16_s161616gemm_bf16_32x32_128x2_tn_align8EEvNT_6ParamsE	0x7e1aa05fc300	761b14acafb8b02011e32d11bd437b63cca3fe882b9c4a02c89fd01d738ccb6a
378	378	6048	LEA	NONE	0	0	0	LEA R26, P0, R80.reuse, UR29, 0x2 ;	void cutlass::Kernel2<cutlass_80_wmma_tensorop_bf16_s161616gemm_bf16_32x32_128x2_tn_align8>(cutlass_80_wmma_tensorop_bf16_s161616gemm_bf16_32x32_128x2_tn_align8::Params)	_ZN7cutlass7Kernel2I68cutlass_80_wmma_tensorop_bf16_s161616gemm_bf16_32x32_128x2_tn_align8EEvNT_6ParamsE	0x7e1aa05fc300	761b14acafb8b02011e32d11bd437b63cca3fe882b9c4a02c89fd01d738ccb6a
379	379	6064	LEA.HI.X	NONE	0	0	0	LEA.HI.X R27, R80.reuse, UR30, R81.reuse, 0x2, P0 ;	void cutlass::Kernel2<cutlass_80_wmma_tensorop_bf16_s161616gemm_bf16_32x32_128x2_tn_align8>(cutlass_80_wmma_tensorop_bf16_s161616gemm_bf16_32x32_128x2_tn_align8::Params)	_ZN7cutlass7Kernel2I68cutlass_80_wmma_tensorop_bf16_s161616gemm_bf16_32x32_128x2_tn_align8EEvNT_6ParamsE	0x7e1aa05fc300	761b14acafb8b02011e32d11bd437b63cca3fe882b9c4a02c89fd01d738ccb6a
380	380	6080	UIADD3	NONE	0	0	0	UIADD3 UR30, UR11, 0x80, URZ ;	void cutlass::Kernel2<cutlass_80_wmma_tensorop_bf16_s161616gemm_bf16_32x32_128x2_tn_align8>(cutlass_80_wmma_tensorop_bf16_s161616gemm_bf16_32x32_128x2_tn_align8::Params)	_ZN7cutlass7Kernel2I68cutlass_80_wmma_tensorop_bf16_s161616gemm_bf16_32x32_128x2_tn_align8EEvNT_6ParamsE	0x7e1aa05fc300	761b14acafb8b02011e32d11bd437b63cca3fe882b9c4a02c89fd01d738ccb6a
381	381	6096	UIADD3	NONE	0	0	0	UIADD3 UR29, UP0, UR30, UR26, URZ ;	void cutlass::Kernel2<cutlass_80_wmma_tensorop_bf16_s161616gemm_bf16_32x32_128x2_tn_align8>(cutlass_80_wmma_tensorop_bf16_s161616gemm_bf16_32x32_128x2_tn_align8::Params)	_ZN7cutlass7Kernel2I68cutlass_80_wmma_tensorop_bf16_s161616gemm_bf16_32x32_128x2_tn_align8EEvNT_6ParamsE	0x7e1aa05fc300	761b14acafb8b02011e32d11bd437b63cca3fe882b9c4a02c89fd01d738ccb6a
382	382	6112	ULEA.HI.X.SX32	NONE	0	0	0	ULEA.HI.X.SX32 UR30, UR30, UR25, 0x1, UP0 ;	void cutlass::Kernel2<cutlass_80_wmma_tensorop_bf16_s161616gemm_bf16_32x32_128x2_tn_align8>(cutlass_80_wmma_tensorop_bf16_s161616gemm_bf16_32x32_128x2_tn_align8::Params)	_ZN7cutlass7Kernel2I68cutlass_80_wmma_tensorop_bf16_s161616gemm_bf16_32x32_128x2_tn_align8EEvNT_6ParamsE	0x7e1aa05fc300	761b14acafb8b02011e32d11bd437b63cca3fe882b9c4a02c89fd01d738ccb6a
383	383	6128	HMMA.16816.F32.BF16	NONE	0	0	0	HMMA.16816.F32.BF16 R4, R12.reuse, R2, R4 ;	void cutlass::Kernel2<cutlass_80_wmma_tensorop_bf16_s161616gemm_bf16_32x32_128x2_tn_align8>(cutlass_80_wmma_tensorop_bf16_s161616gemm_bf16_32x32_128x2_tn_align8::Params)	_ZN7cutlass7Kernel2I68cutlass_80_wmma_tensorop_bf16_s161616gemm_bf16_32x32_128x2_tn_align8EEvNT_6ParamsE	0x7e1aa05fc300	761b14acafb8b02011e32d11bd437b63cca3fe882b9c4a02c89fd01d738ccb6a
384	384	6144	LD.E	GENERIC	1	0	1	LD.E R2, [R26.64] ;	void cutlass::Kernel2<cutlass_80_wmma_tensorop_bf16_s161616gemm_bf16_32x32_128x2_tn_align8>(cutlass_80_wmma_tensorop_bf16_s161616gemm_bf16_32x32_128x2_tn_align8::Params)	_ZN7cutlass7Kernel2I68cutlass_80_wmma_tensorop_bf16_s161616gemm_bf16_32x32_128x2_tn_align8EEvNT_6ParamsE	0x7e1aa05fc300	761b14acafb8b02011e32d11bd437b63cca3fe882b9c4a02c89fd01d738ccb6a
385	385	6160	LD.E	GENERIC	1	0	1	LD.E R3, [R26.64+0x10] ;	void cutlass::Kernel2<cutlass_80_wmma_tensorop_bf16_s161616gemm_bf16_32x32_128x2_tn_align8>(cutlass_80_wmma_tensorop_bf16_s161616gemm_bf16_32x32_128x2_tn_align8::Params)	_ZN7cutlass7Kernel2I68cutlass_80_wmma_tensorop_bf16_s161616gemm_bf16_32x32_128x2_tn_align8EEvNT_6ParamsE	0x7e1aa05fc300	761b14acafb8b02011e32d11bd437b63cca3fe882b9c4a02c89fd01d738ccb6a
386	386	6176	HMMA.16816.F32.BF16	NONE	0	0	0	HMMA.16816.F32.BF16 R8, R12, R16, R8 ;	void cutlass::Kernel2<cutlass_80_wmma_tensorop_bf16_s161616gemm_bf16_32x32_128x2_tn_align8>(cutlass_80_wmma_tensorop_bf16_s161616gemm_bf16_32x32_128x2_tn_align8::Params)	_ZN7cutlass7Kernel2I68cutlass_80_wmma_tensorop_bf16_s161616gemm_bf16_32x32_128x2_tn_align8EEvNT_6ParamsE	0x7e1aa05fc300	761b14acafb8b02011e32d11bd437b63cca3fe882b9c4a02c89fd01d738ccb6a
387	387	6192	LD.E	GENERIC	1	0	1	LD.E R12, [R28.64] ;	void cutlass::Kernel2<cutlass_80_wmma_tensorop_bf16_s161616gemm_bf16_32x32_128x2_tn_align8>(cutlass_80_wmma_tensorop_bf16_s161616gemm_bf16_32x32_128x2_tn_align8::Params)	_ZN7cutlass7Kernel2I68cutlass_80_wmma_tensorop_bf16_s161616gemm_bf16_32x32_128x2_tn_align8EEvNT_6ParamsE	0x7e1aa05fc300	761b14acafb8b02011e32d11bd437b63cca3fe882b9c4a02c89fd01d738ccb6a
388	388	6208	LD.E	GENERIC	1	0	1	LD.E R13, [R28.64+0x1080] ;	void cutlass::Kernel2<cutlass_80_wmma_tensorop_bf16_s161616gemm_bf16_32x32_128x2_tn_align8>(cutlass_80_wmma_tensorop_bf16_s161616gemm_bf16_32x32_128x2_tn_align8::Params)	_ZN7cutlass7Kernel2I68cutlass_80_wmma_tensorop_bf16_s161616gemm_bf16_32x32_128x2_tn_align8EEvNT_6ParamsE	0x7e1aa05fc300	761b14acafb8b02011e32d11bd437b63cca3fe882b9c4a02c89fd01d738ccb6a
389	389	6224	LD.E	GENERIC	1	0	1	LD.E R14, [R28.64+0x10] ;	void cutlass::Kernel2<cutlass_80_wmma_tensorop_bf16_s161616gemm_bf16_32x32_128x2_tn_align8>(cutlass_80_wmma_tensorop_bf16_s161616gemm_bf16_32x32_128x2_tn_align8::Params)	_ZN7cutlass7Kernel2I68cutlass_80_wmma_tensorop_bf16_s161616gemm_bf16_32x32_128x2_tn_align8EEvNT_6ParamsE	0x7e1aa05fc300	761b14acafb8b02011e32d11bd437b63cca3fe882b9c4a02c89fd01d738ccb6a
390	390	6240	LD.E	GENERIC	1	0	1	LD.E R15, [R28.64+0x1090] ;	void cutlass::Kernel2<cutlass_80_wmma_tensorop_bf16_s161616gemm_bf16_32x32_128x2_tn_align8>(cutlass_80_wmma_tensorop_bf16_s161616gemm_bf16_32x32_128x2_tn_align8::Params)	_ZN7cutlass7Kernel2I68cutlass_80_wmma_tensorop_bf16_s161616gemm_bf16_32x32_128x2_tn_align8EEvNT_6ParamsE	0x7e1aa05fc300	761b14acafb8b02011e32d11bd437b63cca3fe882b9c4a02c89fd01d738ccb6a
391	391	6256	LD.E	GENERIC	1	0	1	LD.E R16, [R26.64+0x1080] ;	void cutlass::Kernel2<cutlass_80_wmma_tensorop_bf16_s161616gemm_bf16_32x32_128x2_tn_align8>(cutlass_80_wmma_tensorop_bf16_s161616gemm_bf16_32x32_128x2_tn_align8::Params)	_ZN7cutlass7Kernel2I68cutlass_80_wmma_tensorop_bf16_s161616gemm_bf16_32x32_128x2_tn_align8EEvNT_6ParamsE	0x7e1aa05fc300	761b14acafb8b02011e32d11bd437b63cca3fe882b9c4a02c89fd01d738ccb6a
392	392	6272	LD.E	GENERIC	1	0	1	LD.E R17, [R26.64+0x1090] ;	void cutlass::Kernel2<cutlass_80_wmma_tensorop_bf16_s161616gemm_bf16_32x32_128x2_tn_align8>(cutlass_80_wmma_tensorop_bf16_s161616gemm_bf16_32x32_128x2_tn_align8::Params)	_ZN7cutlass7Kernel2I68cutlass_80_wmma_tensorop_bf16_s161616gemm_bf16_32x32_128x2_tn_align8EEvNT_6ParamsE	0x7e1aa05fc300	761b14acafb8b02011e32d11bd437b63cca3fe882b9c4a02c89fd01d738ccb6a
393	393	6288	LEA	NONE	0	0	0	LEA R28, P1, R80.reuse, UR28, 0x2 ;	void cutlass::Kernel2<cutlass_80_wmma_tensorop_bf16_s161616gemm_bf16_32x32_128x2_tn_align8>(cutlass_80_wmma_tensorop_bf16_s161616gemm_bf16_32x32_128x2_tn_align8::Params)	_ZN7cutlass7Kernel2I68cutlass_80_wmma_tensorop_bf16_s161616gemm_bf16_32x32_128x2_tn_align8EEvNT_6ParamsE	0x7e1aa05fc300	761b14acafb8b02011e32d11bd437b63cca3fe882b9c4a02c89fd01d738ccb6a
394	394	6304	LEA.HI.X	NONE	0	0	0	LEA.HI.X R29, R80.reuse, UR27, R81.reuse, 0x2, P1 ;	void cutlass::Kernel2<cutlass_80_wmma_tensorop_bf16_s161616gemm_bf16_32x32_128x2_tn_align8>(cutlass_80_wmma_tensorop_bf16_s161616gemm_bf16_32x32_128x2_tn_align8::Params)	_ZN7cutlass7Kernel2I68cutlass_80_wmma_tensorop_bf16_s161616gemm_bf16_32x32_128x2_tn_align8EEvNT_6ParamsE	0x7e1aa05fc300	761b14acafb8b02011e32d11bd437b63cca3fe882b9c4a02c89fd01d738ccb6a
395	395	6320	UIADD3	NONE	0	0	0	UIADD3 UR27, UR12, 0xa0, URZ ;	void cutlass::Kernel2<cutlass_80_wmma_tensorop_bf16_s161616gemm_bf16_32x32_128x2_tn_align8>(cutlass_80_wmma_tensorop_bf16_s161616gemm_bf16_32x32_128x2_tn_align8::Params)	_ZN7cutlass7Kernel2I68cutlass_80_wmma_tensorop_bf16_s161616gemm_bf16_32x32_128x2_tn_align8EEvNT_6ParamsE	0x7e1aa05fc300	761b14acafb8b02011e32d11bd437b63cca3fe882b9c4a02c89fd01d738ccb6a
396	396	6336	LEA	NONE	0	0	0	LEA R26, P0, R80.reuse, UR29, 0x2 ;	void cutlass::Kernel2<cutlass_80_wmma_tensorop_bf16_s161616gemm_bf16_32x32_128x2_tn_align8>(cutlass_80_wmma_tensorop_bf16_s161616gemm_bf16_32x32_128x2_tn_align8::Params)	_ZN7cutlass7Kernel2I68cutlass_80_wmma_tensorop_bf16_s161616gemm_bf16_32x32_128x2_tn_align8EEvNT_6ParamsE	0x7e1aa05fc300	761b14acafb8b02011e32d11bd437b63cca3fe882b9c4a02c89fd01d738ccb6a
397	397	6352	UIADD3	NONE	0	0	0	UIADD3 UR28, UP1, UR27, UR6, URZ ;	void cutlass::Kernel2<cutlass_80_wmma_tensorop_bf16_s161616gemm_bf16_32x32_128x2_tn_align8>(cutlass_80_wmma_tensorop_bf16_s161616gemm_bf16_32x32_128x2_tn_align8::Params)	_ZN7cutlass7Kernel2I68cutlass_80_wmma_tensorop_bf16_s161616gemm_bf16_32x32_128x2_tn_align8EEvNT_6ParamsE	0x7e1aa05fc300	761b14acafb8b02011e32d11bd437b63cca3fe882b9c4a02c89fd01d738ccb6a
398	398	6368	LEA.HI.X	NONE	0	0	0	LEA.HI.X R27, R80.reuse, UR30, R81.reuse, 0x2, P0 ;	void cutlass::Kernel2<cutlass_80_wmma_tensorop_bf16_s161616gemm_bf16_32x32_128x2_tn_align8>(cutlass_80_wmma_tensorop_bf16_s161616gemm_bf16_32x32_128x2_tn_align8::Params)	_ZN7cutlass7Kernel2I68cutlass_80_wmma_tensorop_bf16_s161616gemm_bf16_32x32_128x2_tn_align8EEvNT_6ParamsE	0x7e1aa05fc300	761b14acafb8b02011e32d11bd437b63cca3fe882b9c4a02c89fd01d738ccb6a
399	399	6384	UIADD3	NONE	0	0	0	UIADD3 UR30, UR11, 0xa0, URZ ;	void cutlass::Kernel2<cutlass_80_wmma_tensorop_bf16_s161616gemm_bf16_32x32_128x2_tn_align8>(cutlass_80_wmma_tensorop_bf16_s161616gemm_bf16_32x32_128x2_tn_align8::Params)	_ZN7cutlass7Kernel2I68cutlass_80_wmma_tensorop_bf16_s161616gemm_bf16_32x32_128x2_tn_align8EEvNT_6ParamsE	0x7e1aa05fc300	761b14acafb8b02011e32d11bd437b63cca3fe882b9c4a02c89fd01d738ccb6a
400	400	6400	ULEA.HI.X.SX32	NONE	0	0	0	ULEA.HI.X.SX32 UR27, UR27, UR7, 0x1, UP1 ;	void cutlass::Kernel2<cutlass_80_wmma_tensorop_bf16_s161616gemm_bf16_32x32_128x2_tn_align8>(cutlass_80_wmma_tensorop_bf16_s161616gemm_bf16_32x32_128x2_tn_align8::Params)	_ZN7cutlass7Kernel2I68cutlass_80_wmma_tensorop_bf16_s161616gemm_bf16_32x32_128x2_tn_align8EEvNT_6ParamsE	0x7e1aa05fc300	761b14acafb8b02011e32d11bd437b63cca3fe882b9c4a02c89fd01d738ccb6a
401	401	6416	UIADD3	NONE	0	0	0	UIADD3 UR29, UP0, UR30, UR26, URZ ;	void cutlass::Kernel2<cutlass_80_wmma_tensorop_bf16_s161616gemm_bf16_32x32_128x2_tn_align8>(cutlass_80_wmma_tensorop_bf16_s161616gemm_bf16_32x32_128x2_tn_align8::Params)	_ZN7cutlass7Kernel2I68cutlass_80_wmma_tensorop_bf16_s161616gemm_bf16_32x32_128x2_tn_align8EEvNT_6ParamsE	0x7e1aa05fc300	761b14acafb8b02011e32d11bd437b63cca3fe882b9c4a02c89fd01d738ccb6a
402	402	6432	ULEA.HI.X.SX32	NONE	0	0	0	ULEA.HI.X.SX32 UR30, UR30, UR25, 0x1, UP0 ;	void cutlass::Kernel2<cutlass_80_wmma_tensorop_bf16_s161616gemm_bf16_32x32_128x2_tn_align8>(cutlass_80_wmma_tensorop_bf16_s161616gemm_bf16_32x32_128x2_tn_align8::Params)	_ZN7cutlass7Kernel2I68cutlass_80_wmma_tensorop_bf16_s161616gemm_bf16_32x32_128x2_tn_align8EEvNT_6ParamsE	0x7e1aa05fc300	761b14acafb8b02011e32d11bd437b63cca3fe882b9c4a02c89fd01d738ccb6a
403	403	6448	HMMA.16816.F32.BF16	NONE	0	0	0	HMMA.16816.F32.BF16 R4, R20.reuse, R18, R4 ;	void cutlass::Kernel2<cutlass_80_wmma_tensorop_bf16_s161616gemm_bf16_32x32_128x2_tn_align8>(cutlass_80_wmma_tensorop_bf16_s161616gemm_bf16_32x32_128x2_tn_align8::Params)	_ZN7cutlass7Kernel2I68cutlass_80_wmma_tensorop_bf16_s161616gemm_bf16_32x32_128x2_tn_align8EEvNT_6ParamsE	0x7e1aa05fc300	761b14acafb8b02011e32d11bd437b63cca3fe882b9c4a02c89fd01d738ccb6a
404	404	6464	LD.E	GENERIC	1	0	1	LD.E R18, [R26.64] ;	void cutlass::Kernel2<cutlass_80_wmma_tensorop_bf16_s161616gemm_bf16_32x32_128x2_tn_align8>(cutlass_80_wmma_tensorop_bf16_s161616gemm_bf16_32x32_128x2_tn_align8::Params)	_ZN7cutlass7Kernel2I68cutlass_80_wmma_tensorop_bf16_s161616gemm_bf16_32x32_128x2_tn_align8EEvNT_6ParamsE	0x7e1aa05fc300	761b14acafb8b02011e32d11bd437b63cca3fe882b9c4a02c89fd01d738ccb6a
405	405	6480	LD.E	GENERIC	1	0	1	LD.E R19, [R26.64+0x10] ;	void cutlass::Kernel2<cutlass_80_wmma_tensorop_bf16_s161616gemm_bf16_32x32_128x2_tn_align8>(cutlass_80_wmma_tensorop_bf16_s161616gemm_bf16_32x32_128x2_tn_align8::Params)	_ZN7cutlass7Kernel2I68cutlass_80_wmma_tensorop_bf16_s161616gemm_bf16_32x32_128x2_tn_align8EEvNT_6ParamsE	0x7e1aa05fc300	761b14acafb8b02011e32d11bd437b63cca3fe882b9c4a02c89fd01d738ccb6a
406	406	6496	HMMA.16816.F32.BF16	NONE	0	0	0	HMMA.16816.F32.BF16 R8, R20, R24, R8 ;	void cutlass::Kernel2<cutlass_80_wmma_tensorop_bf16_s161616gemm_bf16_32x32_128x2_tn_align8>(cutlass_80_wmma_tensorop_bf16_s161616gemm_bf16_32x32_128x2_tn_align8::Params)	_ZN7cutlass7Kernel2I68cutlass_80_wmma_tensorop_bf16_s161616gemm_bf16_32x32_128x2_tn_align8EEvNT_6ParamsE	0x7e1aa05fc300	761b14acafb8b02011e32d11bd437b63cca3fe882b9c4a02c89fd01d738ccb6a
407	407	6512	LD.E	GENERIC	1	0	1	LD.E R20, [R28.64] ;	void cutlass::Kernel2<cutlass_80_wmma_tensorop_bf16_s161616gemm_bf16_32x32_128x2_tn_align8>(cutlass_80_wmma_tensorop_bf16_s161616gemm_bf16_32x32_128x2_tn_align8::Params)	_ZN7cutlass7Kernel2I68cutlass_80_wmma_tensorop_bf16_s161616gemm_bf16_32x32_128x2_tn_align8EEvNT_6ParamsE	0x7e1aa05fc300	761b14acafb8b02011e32d11bd437b63cca3fe882b9c4a02c89fd01d738ccb6a
408	408	6528	LD.E	GENERIC	1	0	1	LD.E R21, [R28.64+0x1080] ;	void cutlass::Kernel2<cutlass_80_wmma_tensorop_bf16_s161616gemm_bf16_32x32_128x2_tn_align8>(cutlass_80_wmma_tensorop_bf16_s161616gemm_bf16_32x32_128x2_tn_align8::Params)	_ZN7cutlass7Kernel2I68cutlass_80_wmma_tensorop_bf16_s161616gemm_bf16_32x32_128x2_tn_align8EEvNT_6ParamsE	0x7e1aa05fc300	761b14acafb8b02011e32d11bd437b63cca3fe882b9c4a02c89fd01d738ccb6a
409	409	6544	LD.E	GENERIC	1	0	1	LD.E R22, [R28.64+0x10] ;	void cutlass::Kernel2<cutlass_80_wmma_tensorop_bf16_s161616gemm_bf16_32x32_128x2_tn_align8>(cutlass_80_wmma_tensorop_bf16_s161616gemm_bf16_32x32_128x2_tn_align8::Params)	_ZN7cutlass7Kernel2I68cutlass_80_wmma_tensorop_bf16_s161616gemm_bf16_32x32_128x2_tn_align8EEvNT_6ParamsE	0x7e1aa05fc300	761b14acafb8b02011e32d11bd437b63cca3fe882b9c4a02c89fd01d738ccb6a
410	410	6560	LD.E	GENERIC	1	0	1	LD.E R23, [R28.64+0x1090] ;	void cutlass::Kernel2<cutlass_80_wmma_tensorop_bf16_s161616gemm_bf16_32x32_128x2_tn_align8>(cutlass_80_wmma_tensorop_bf16_s161616gemm_bf16_32x32_128x2_tn_align8::Params)	_ZN7cutlass7Kernel2I68cutlass_80_wmma_tensorop_bf16_s161616gemm_bf16_32x32_128x2_tn_align8EEvNT_6ParamsE	0x7e1aa05fc300	761b14acafb8b02011e32d11bd437b63cca3fe882b9c4a02c89fd01d738ccb6a
411	411	6576	LD.E	GENERIC	1	0	1	LD.E R24, [R26.64+0x1080] ;	void cutlass::Kernel2<cutlass_80_wmma_tensorop_bf16_s161616gemm_bf16_32x32_128x2_tn_align8>(cutlass_80_wmma_tensorop_bf16_s161616gemm_bf16_32x32_128x2_tn_align8::Params)	_ZN7cutlass7Kernel2I68cutlass_80_wmma_tensorop_bf16_s161616gemm_bf16_32x32_128x2_tn_align8EEvNT_6ParamsE	0x7e1aa05fc300	761b14acafb8b02011e32d11bd437b63cca3fe882b9c4a02c89fd01d738ccb6a
412	412	6592	LD.E	GENERIC	1	0	1	LD.E R25, [R26.64+0x1090] ;	void cutlass::Kernel2<cutlass_80_wmma_tensorop_bf16_s161616gemm_bf16_32x32_128x2_tn_align8>(cutlass_80_wmma_tensorop_bf16_s161616gemm_bf16_32x32_128x2_tn_align8::Params)	_ZN7cutlass7Kernel2I68cutlass_80_wmma_tensorop_bf16_s161616gemm_bf16_32x32_128x2_tn_align8EEvNT_6ParamsE	0x7e1aa05fc300	761b14acafb8b02011e32d11bd437b63cca3fe882b9c4a02c89fd01d738ccb6a
413	413	6608	LEA	NONE	0	0	0	LEA R28, P1, R80.reuse, UR28, 0x2 ;	void cutlass::Kernel2<cutlass_80_wmma_tensorop_bf16_s161616gemm_bf16_32x32_128x2_tn_align8>(cutlass_80_wmma_tensorop_bf16_s161616gemm_bf16_32x32_128x2_tn_align8::Params)	_ZN7cutlass7Kernel2I68cutlass_80_wmma_tensorop_bf16_s161616gemm_bf16_32x32_128x2_tn_align8EEvNT_6ParamsE	0x7e1aa05fc300	761b14acafb8b02011e32d11bd437b63cca3fe882b9c4a02c89fd01d738ccb6a
414	414	6624	LEA.HI.X	NONE	0	0	0	LEA.HI.X R29, R80.reuse, UR27, R81.reuse, 0x2, P1 ;	void cutlass::Kernel2<cutlass_80_wmma_tensorop_bf16_s161616gemm_bf16_32x32_128x2_tn_align8>(cutlass_80_wmma_tensorop_bf16_s161616gemm_bf16_32x32_128x2_tn_align8::Params)	_ZN7cutlass7Kernel2I68cutlass_80_wmma_tensorop_bf16_s161616gemm_bf16_32x32_128x2_tn_align8EEvNT_6ParamsE	0x7e1aa05fc300	761b14acafb8b02011e32d11bd437b63cca3fe882b9c4a02c89fd01d738ccb6a
415	415	6640	UIADD3	NONE	0	0	0	UIADD3 UR27, UR12, 0xc0, URZ ;	void cutlass::Kernel2<cutlass_80_wmma_tensorop_bf16_s161616gemm_bf16_32x32_128x2_tn_align8>(cutlass_80_wmma_tensorop_bf16_s161616gemm_bf16_32x32_128x2_tn_align8::Params)	_ZN7cutlass7Kernel2I68cutlass_80_wmma_tensorop_bf16_s161616gemm_bf16_32x32_128x2_tn_align8EEvNT_6ParamsE	0x7e1aa05fc300	761b14acafb8b02011e32d11bd437b63cca3fe882b9c4a02c89fd01d738ccb6a
416	416	6656	LEA	NONE	0	0	0	LEA R26, P0, R80.reuse, UR29, 0x2 ;	void cutlass::Kernel2<cutlass_80_wmma_tensorop_bf16_s161616gemm_bf16_32x32_128x2_tn_align8>(cutlass_80_wmma_tensorop_bf16_s161616gemm_bf16_32x32_128x2_tn_align8::Params)	_ZN7cutlass7Kernel2I68cutlass_80_wmma_tensorop_bf16_s161616gemm_bf16_32x32_128x2_tn_align8EEvNT_6ParamsE	0x7e1aa05fc300	761b14acafb8b02011e32d11bd437b63cca3fe882b9c4a02c89fd01d738ccb6a
417	417	6672	UIADD3	NONE	0	0	0	UIADD3 UR28, UP1, UR27, UR6, URZ ;	void cutlass::Kernel2<cutlass_80_wmma_tensorop_bf16_s161616gemm_bf16_32x32_128x2_tn_align8>(cutlass_80_wmma_tensorop_bf16_s161616gemm_bf16_32x32_128x2_tn_align8::Params)	_ZN7cutlass7Kernel2I68cutlass_80_wmma_tensorop_bf16_s161616gemm_bf16_32x32_128x2_tn_align8EEvNT_6ParamsE	0x7e1aa05fc300	761b14acafb8b02011e32d11bd437b63cca3fe882b9c4a02c89fd01d738ccb6a
418	418	6688	LEA.HI.X	NONE	0	0	0	LEA.HI.X R27, R80.reuse, UR30, R81.reuse, 0x2, P0 ;	void cutlass::Kernel2<cutlass_80_wmma_tensorop_bf16_s161616gemm_bf16_32x32_128x2_tn_align8>(cutlass_80_wmma_tensorop_bf16_s161616gemm_bf16_32x32_128x2_tn_align8::Params)	_ZN7cutlass7Kernel2I68cutlass_80_wmma_tensorop_bf16_s161616gemm_bf16_32x32_128x2_tn_align8EEvNT_6ParamsE	0x7e1aa05fc300	761b14acafb8b02011e32d11bd437b63cca3fe882b9c4a02c89fd01d738ccb6a
419	419	6704	UIADD3	NONE	0	0	0	UIADD3 UR30, UR11, 0xc0, URZ ;	void cutlass::Kernel2<cutlass_80_wmma_tensorop_bf16_s161616gemm_bf16_32x32_128x2_tn_align8>(cutlass_80_wmma_tensorop_bf16_s161616gemm_bf16_32x32_128x2_tn_align8::Params)	_ZN7cutlass7Kernel2I68cutlass_80_wmma_tensorop_bf16_s161616gemm_bf16_32x32_128x2_tn_align8EEvNT_6ParamsE	0x7e1aa05fc300	761b14acafb8b02011e32d11bd437b63cca3fe882b9c4a02c89fd01d738ccb6a
420	420	6720	ULEA.HI.X.SX32	NONE	0	0	0	ULEA.HI.X.SX32 UR27, UR27, UR7, 0x1, UP1 ;	void cutlass::Kernel2<cutlass_80_wmma_tensorop_bf16_s161616gemm_bf16_32x32_128x2_tn_align8>(cutlass_80_wmma_tensorop_bf16_s161616gemm_bf16_32x32_128x2_tn_align8::Params)	_ZN7cutlass7Kernel2I68cutlass_80_wmma_tensorop_bf16_s161616gemm_bf16_32x32_128x2_tn_align8EEvNT_6ParamsE	0x7e1aa05fc300	761b14acafb8b02011e32d11bd437b63cca3fe882b9c4a02c89fd01d738ccb6a
421	421	6736	UIADD3	NONE	0	0	0	UIADD3 UR29, UP0, UR30, UR26, URZ ;	void cutlass::Kernel2<cutlass_80_wmma_tensorop_bf16_s161616gemm_bf16_32x32_128x2_tn_align8>(cutlass_80_wmma_tensorop_bf16_s161616gemm_bf16_32x32_128x2_tn_align8::Params)	_ZN7cutlass7Kernel2I68cutlass_80_wmma_tensorop_bf16_s161616gemm_bf16_32x32_128x2_tn_align8EEvNT_6ParamsE	0x7e1aa05fc300	761b14acafb8b02011e32d11bd437b63cca3fe882b9c4a02c89fd01d738ccb6a
422	422	6752	ULEA.HI.X.SX32	NONE	0	0	0	ULEA.HI.X.SX32 UR30, UR30, UR25, 0x1, UP0 ;	void cutlass::Kernel2<cutlass_80_wmma_tensorop_bf16_s161616gemm_bf16_32x32_128x2_tn_align8>(cutlass_80_wmma_tensorop_bf16_s161616gemm_bf16_32x32_128x2_tn_align8::Params)	_ZN7cutlass7Kernel2I68cutlass_80_wmma_tensorop_bf16_s161616gemm_bf16_32x32_128x2_tn_align8EEvNT_6ParamsE	0x7e1aa05fc300	761b14acafb8b02011e32d11bd437b63cca3fe882b9c4a02c89fd01d738ccb6a
423	423	6768	HMMA.16816.F32.BF16	NONE	0	0	0	HMMA.16816.F32.BF16 R4, R12.reuse, R2, R4 ;	void cutlass::Kernel2<cutlass_80_wmma_tensorop_bf16_s161616gemm_bf16_32x32_128x2_tn_align8>(cutlass_80_wmma_tensorop_bf16_s161616gemm_bf16_32x32_128x2_tn_align8::Params)	_ZN7cutlass7Kernel2I68cutlass_80_wmma_tensorop_bf16_s161616gemm_bf16_32x32_128x2_tn_align8EEvNT_6ParamsE	0x7e1aa05fc300	761b14acafb8b02011e32d11bd437b63cca3fe882b9c4a02c89fd01d738ccb6a
424	424	6784	LD.E	GENERIC	1	0	1	LD.E R2, [R26.64] ;	void cutlass::Kernel2<cutlass_80_wmma_tensorop_bf16_s161616gemm_bf16_32x32_128x2_tn_align8>(cutlass_80_wmma_tensorop_bf16_s161616gemm_bf16_32x32_128x2_tn_align8::Params)	_ZN7cutlass7Kernel2I68cutlass_80_wmma_tensorop_bf16_s161616gemm_bf16_32x32_128x2_tn_align8EEvNT_6ParamsE	0x7e1aa05fc300	761b14acafb8b02011e32d11bd437b63cca3fe882b9c4a02c89fd01d738ccb6a
425	425	6800	LD.E	GENERIC	1	0	1	LD.E R3, [R26.64+0x10] ;	void cutlass::Kernel2<cutlass_80_wmma_tensorop_bf16_s161616gemm_bf16_32x32_128x2_tn_align8>(cutlass_80_wmma_tensorop_bf16_s161616gemm_bf16_32x32_128x2_tn_align8::Params)	_ZN7cutlass7Kernel2I68cutlass_80_wmma_tensorop_bf16_s161616gemm_bf16_32x32_128x2_tn_align8EEvNT_6ParamsE	0x7e1aa05fc300	761b14acafb8b02011e32d11bd437b63cca3fe882b9c4a02c89fd01d738ccb6a
426	426	6816	HMMA.16816.F32.BF16	NONE	0	0	0	HMMA.16816.F32.BF16 R8, R12, R16, R8 ;	void cutlass::Kernel2<cutlass_80_wmma_tensorop_bf16_s161616gemm_bf16_32x32_128x2_tn_align8>(cutlass_80_wmma_tensorop_bf16_s161616gemm_bf16_32x32_128x2_tn_align8::Params)	_ZN7cutlass7Kernel2I68cutlass_80_wmma_tensorop_bf16_s161616gemm_bf16_32x32_128x2_tn_align8EEvNT_6ParamsE	0x7e1aa05fc300	761b14acafb8b02011e32d11bd437b63cca3fe882b9c4a02c89fd01d738ccb6a
427	427	6832	LD.E	GENERIC	1	0	1	LD.E R12, [R28.64] ;	void cutlass::Kernel2<cutlass_80_wmma_tensorop_bf16_s161616gemm_bf16_32x32_128x2_tn_align8>(cutlass_80_wmma_tensorop_bf16_s161616gemm_bf16_32x32_128x2_tn_align8::Params)	_ZN7cutlass7Kernel2I68cutlass_80_wmma_tensorop_bf16_s161616gemm_bf16_32x32_128x2_tn_align8EEvNT_6ParamsE	0x7e1aa05fc300	761b14acafb8b02011e32d11bd437b63cca3fe882b9c4a02c89fd01d738ccb6a
428	428	6848	LD.E	GENERIC	1	0	1	LD.E R13, [R28.64+0x1080] ;	void cutlass::Kernel2<cutlass_80_wmma_tensorop_bf16_s161616gemm_bf16_32x32_128x2_tn_align8>(cutlass_80_wmma_tensorop_bf16_s161616gemm_bf16_32x32_128x2_tn_align8::Params)	_ZN7cutlass7Kernel2I68cutlass_80_wmma_tensorop_bf16_s161616gemm_bf16_32x32_128x2_tn_align8EEvNT_6ParamsE	0x7e1aa05fc300	761b14acafb8b02011e32d11bd437b63cca3fe882b9c4a02c89fd01d738ccb6a
429	429	6864	LD.E	GENERIC	1	0	1	LD.E R14, [R28.64+0x10] ;	void cutlass::Kernel2<cutlass_80_wmma_tensorop_bf16_s161616gemm_bf16_32x32_128x2_tn_align8>(cutlass_80_wmma_tensorop_bf16_s161616gemm_bf16_32x32_128x2_tn_align8::Params)	_ZN7cutlass7Kernel2I68cutlass_80_wmma_tensorop_bf16_s161616gemm_bf16_32x32_128x2_tn_align8EEvNT_6ParamsE	0x7e1aa05fc300	761b14acafb8b02011e32d11bd437b63cca3fe882b9c4a02c89fd01d738ccb6a
430	430	6880	LD.E	GENERIC	1	0	1	LD.E R15, [R28.64+0x1090] ;	void cutlass::Kernel2<cutlass_80_wmma_tensorop_bf16_s161616gemm_bf16_32x32_128x2_tn_align8>(cutlass_80_wmma_tensorop_bf16_s161616gemm_bf16_32x32_128x2_tn_align8::Params)	_ZN7cutlass7Kernel2I68cutlass_80_wmma_tensorop_bf16_s161616gemm_bf16_32x32_128x2_tn_align8EEvNT_6ParamsE	0x7e1aa05fc300	761b14acafb8b02011e32d11bd437b63cca3fe882b9c4a02c89fd01d738ccb6a
431	431	6896	LD.E	GENERIC	1	0	1	LD.E R16, [R26.64+0x1080] ;	void cutlass::Kernel2<cutlass_80_wmma_tensorop_bf16_s161616gemm_bf16_32x32_128x2_tn_align8>(cutlass_80_wmma_tensorop_bf16_s161616gemm_bf16_32x32_128x2_tn_align8::Params)	_ZN7cutlass7Kernel2I68cutlass_80_wmma_tensorop_bf16_s161616gemm_bf16_32x32_128x2_tn_align8EEvNT_6ParamsE	0x7e1aa05fc300	761b14acafb8b02011e32d11bd437b63cca3fe882b9c4a02c89fd01d738ccb6a
432	432	6912	LD.E	GENERIC	1	0	1	LD.E R17, [R26.64+0x1090] ;	void cutlass::Kernel2<cutlass_80_wmma_tensorop_bf16_s161616gemm_bf16_32x32_128x2_tn_align8>(cutlass_80_wmma_tensorop_bf16_s161616gemm_bf16_32x32_128x2_tn_align8::Params)	_ZN7cutlass7Kernel2I68cutlass_80_wmma_tensorop_bf16_s161616gemm_bf16_32x32_128x2_tn_align8EEvNT_6ParamsE	0x7e1aa05fc300	761b14acafb8b02011e32d11bd437b63cca3fe882b9c4a02c89fd01d738ccb6a
433	433	6928	LEA	NONE	0	0	0	LEA R28, P1, R80.reuse, UR28, 0x2 ;	void cutlass::Kernel2<cutlass_80_wmma_tensorop_bf16_s161616gemm_bf16_32x32_128x2_tn_align8>(cutlass_80_wmma_tensorop_bf16_s161616gemm_bf16_32x32_128x2_tn_align8::Params)	_ZN7cutlass7Kernel2I68cutlass_80_wmma_tensorop_bf16_s161616gemm_bf16_32x32_128x2_tn_align8EEvNT_6ParamsE	0x7e1aa05fc300	761b14acafb8b02011e32d11bd437b63cca3fe882b9c4a02c89fd01d738ccb6a
434	434	6944	UIADD3	NONE	0	0	0	UIADD3 UR28, UR11, 0xe0, URZ ;	void cutlass::Kernel2<cutlass_80_wmma_tensorop_bf16_s161616gemm_bf16_32x32_128x2_tn_align8>(cutlass_80_wmma_tensorop_bf16_s161616gemm_bf16_32x32_128x2_tn_align8::Params)	_ZN7cutlass7Kernel2I68cutlass_80_wmma_tensorop_bf16_s161616gemm_bf16_32x32_128x2_tn_align8EEvNT_6ParamsE	0x7e1aa05fc300	761b14acafb8b02011e32d11bd437b63cca3fe882b9c4a02c89fd01d738ccb6a
435	435	6960	LEA.HI.X	NONE	0	0	0	LEA.HI.X R29, R80.reuse, UR27, R81.reuse, 0x2, P1 ;	void cutlass::Kernel2<cutlass_80_wmma_tensorop_bf16_s161616gemm_bf16_32x32_128x2_tn_align8>(cutlass_80_wmma_tensorop_bf16_s161616gemm_bf16_32x32_128x2_tn_align8::Params)	_ZN7cutlass7Kernel2I68cutlass_80_wmma_tensorop_bf16_s161616gemm_bf16_32x32_128x2_tn_align8EEvNT_6ParamsE	0x7e1aa05fc300	761b14acafb8b02011e32d11bd437b63cca3fe882b9c4a02c89fd01d738ccb6a
436	436	6976	UIADD3	NONE	0	0	0	UIADD3 UR26, UP0, UR28, UR26, URZ ;	void cutlass::Kernel2<cutlass_80_wmma_tensorop_bf16_s161616gemm_bf16_32x32_128x2_tn_align8>(cutlass_80_wmma_tensorop_bf16_s161616gemm_bf16_32x32_128x2_tn_align8::Params)	_ZN7cutlass7Kernel2I68cutlass_80_wmma_tensorop_bf16_s161616gemm_bf16_32x32_128x2_tn_align8EEvNT_6ParamsE	0x7e1aa05fc300	761b14acafb8b02011e32d11bd437b63cca3fe882b9c4a02c89fd01d738ccb6a
437	437	6992	LEA	NONE	0	0	0	LEA R26, P0, R80.reuse, UR29, 0x2 ;	void cutlass::Kernel2<cutlass_80_wmma_tensorop_bf16_s161616gemm_bf16_32x32_128x2_tn_align8>(cutlass_80_wmma_tensorop_bf16_s161616gemm_bf16_32x32_128x2_tn_align8::Params)	_ZN7cutlass7Kernel2I68cutlass_80_wmma_tensorop_bf16_s161616gemm_bf16_32x32_128x2_tn_align8EEvNT_6ParamsE	0x7e1aa05fc300	761b14acafb8b02011e32d11bd437b63cca3fe882b9c4a02c89fd01d738ccb6a
438	438	7008	UIADD3	NONE	0	0	0	UIADD3 UR29, UR12, 0xe0, URZ ;	void cutlass::Kernel2<cutlass_80_wmma_tensorop_bf16_s161616gemm_bf16_32x32_128x2_tn_align8>(cutlass_80_wmma_tensorop_bf16_s161616gemm_bf16_32x32_128x2_tn_align8::Params)	_ZN7cutlass7Kernel2I68cutlass_80_wmma_tensorop_bf16_s161616gemm_bf16_32x32_128x2_tn_align8EEvNT_6ParamsE	0x7e1aa05fc300	761b14acafb8b02011e32d11bd437b63cca3fe882b9c4a02c89fd01d738ccb6a
439	439	7024	ULEA.HI.X.SX32	NONE	0	0	0	ULEA.HI.X.SX32 UR25, UR28, UR25, 0x1, UP0 ;	void cutlass::Kernel2<cutlass_80_wmma_tensorop_bf16_s161616gemm_bf16_32x32_128x2_tn_align8>(cutlass_80_wmma_tensorop_bf16_s161616gemm_bf16_32x32_128x2_tn_align8::Params)	_ZN7cutlass7Kernel2I68cutlass_80_wmma_tensorop_bf16_s161616gemm_bf16_32x32_128x2_tn_align8EEvNT_6ParamsE	0x7e1aa05fc300	761b14acafb8b02011e32d11bd437b63cca3fe882b9c4a02c89fd01d738ccb6a
440	440	7040	LEA.HI.X	NONE	0	0	0	LEA.HI.X R27, R80, UR30, R81, 0x2, P0 ;	void cutlass::Kernel2<cutlass_80_wmma_tensorop_bf16_s161616gemm_bf16_32x32_128x2_tn_align8>(cutlass_80_wmma_tensorop_bf16_s161616gemm_bf16_32x32_128x2_tn_align8::Params)	_ZN7cutlass7Kernel2I68cutlass_80_wmma_tensorop_bf16_s161616gemm_bf16_32x32_128x2_tn_align8EEvNT_6ParamsE	0x7e1aa05fc300	761b14acafb8b02011e32d11bd437b63cca3fe882b9c4a02c89fd01d738ccb6a
441	441	7056	UIADD3	NONE	0	0	0	UIADD3 UR27, UP1, UR29, UR6, URZ ;	void cutlass::Kernel2<cutlass_80_wmma_tensorop_bf16_s161616gemm_bf16_32x32_128x2_tn_align8>(cutlass_80_wmma_tensorop_bf16_s161616gemm_bf16_32x32_128x2_tn_align8::Params)	_ZN7cutlass7Kernel2I68cutlass_80_wmma_tensorop_bf16_s161616gemm_bf16_32x32_128x2_tn_align8EEvNT_6ParamsE	0x7e1aa05fc300	761b14acafb8b02011e32d11bd437b63cca3fe882b9c4a02c89fd01d738ccb6a
442	442	7072	UISETP.NE.AND	NONE	0	0	0	UISETP.NE.AND UP0, UPT, UR31, 0x1, UPT ;	void cutlass::Kernel2<cutlass_80_wmma_tensorop_bf16_s161616gemm_bf16_32x32_128x2_tn_align8>(cutlass_80_wmma_tensorop_bf16_s161616gemm_bf16_32x32_128x2_tn_align8::Params)	_ZN7cutlass7Kernel2I68cutlass_80_wmma_tensorop_bf16_s161616gemm_bf16_32x32_128x2_tn_align8EEvNT_6ParamsE	0x7e1aa05fc300	761b14acafb8b02011e32d11bd437b63cca3fe882b9c4a02c89fd01d738ccb6a
443	443	7088	ULEA.HI.X.SX32	NONE	0	0	0	ULEA.HI.X.SX32 UR29, UR29, UR7, 0x1, UP1 ;	void cutlass::Kernel2<cutlass_80_wmma_tensorop_bf16_s161616gemm_bf16_32x32_128x2_tn_align8>(cutlass_80_wmma_tensorop_bf16_s161616gemm_bf16_32x32_128x2_tn_align8::Params)	_ZN7cutlass7Kernel2I68cutlass_80_wmma_tensorop_bf16_s161616gemm_bf16_32x32_128x2_tn_align8EEvNT_6ParamsE	0x7e1aa05fc300	761b14acafb8b02011e32d11bd437b63cca3fe882b9c4a02c89fd01d738ccb6a
444	444	7104	ULOP3.LUT	NONE	0	0	0	ULOP3.LUT UR31, UR31, 0x1, URZ, 0x3c, !UPT ;	void cutlass::Kernel2<cutlass_80_wmma_tensorop_bf16_s161616gemm_bf16_32x32_128x2_tn_align8>(cutlass_80_wmma_tensorop_bf16_s161616gemm_bf16_32x32_128x2_tn_align8::Params)	_ZN7cutlass7Kernel2I68cutlass_80_wmma_tensorop_bf16_s161616gemm_bf16_32x32_128x2_tn_align8EEvNT_6ParamsE	0x7e1aa05fc300	761b14acafb8b02011e32d11bd437b63cca3fe882b9c4a02c89fd01d738ccb6a
445	445	7120	UIADD3	NONE	0	0	0	@UP0 UIADD3 UR11, UR11, -0x100, URZ ;	void cutlass::Kernel2<cutlass_80_wmma_tensorop_bf16_s161616gemm_bf16_32x32_128x2_tn_align8>(cutlass_80_wmma_tensorop_bf16_s161616gemm_bf16_32x32_128x2_tn_align8::Params)	_ZN7cutlass7Kernel2I68cutlass_80_wmma_tensorop_bf16_s161616gemm_bf16_32x32_128x2_tn_align8EEvNT_6ParamsE	0x7e1aa05fc300	761b14acafb8b02011e32d11bd437b63cca3fe882b9c4a02c89fd01d738ccb6a
446	446	7136	UIADD3	NONE	0	0	0	@UP0 UIADD3 UR12, UR12, -0x100, URZ ;	void cutlass::Kernel2<cutlass_80_wmma_tensorop_bf16_s161616gemm_bf16_32x32_128x2_tn_align8>(cutlass_80_wmma_tensorop_bf16_s161616gemm_bf16_32x32_128x2_tn_align8::Params)	_ZN7cutlass7Kernel2I68cutlass_80_wmma_tensorop_bf16_s161616gemm_bf16_32x32_128x2_tn_align8EEvNT_6ParamsE	0x7e1aa05fc300	761b14acafb8b02011e32d11bd437b63cca3fe882b9c4a02c89fd01d738ccb6a
447	447	7152	UIADD3	NONE	0	0	0	@!UP0 UIADD3 UR11, UR22, 0x100, URZ ;	void cutlass::Kernel2<cutlass_80_wmma_tensorop_bf16_s161616gemm_bf16_32x32_128x2_tn_align8>(cutlass_80_wmma_tensorop_bf16_s161616gemm_bf16_32x32_128x2_tn_align8::Params)	_ZN7cutlass7Kernel2I68cutlass_80_wmma_tensorop_bf16_s161616gemm_bf16_32x32_128x2_tn_align8EEvNT_6ParamsE	0x7e1aa05fc300	761b14acafb8b02011e32d11bd437b63cca3fe882b9c4a02c89fd01d738ccb6a
448	448	7168	UIADD3	NONE	0	0	0	@!UP0 UIADD3 UR12, UR23, 0x100, URZ ;	void cutlass::Kernel2<cutlass_80_wmma_tensorop_bf16_s161616gemm_bf16_32x32_128x2_tn_align8>(cutlass_80_wmma_tensorop_bf16_s161616gemm_bf16_32x32_128x2_tn_align8::Params)	_ZN7cutlass7Kernel2I68cutlass_80_wmma_tensorop_bf16_s161616gemm_bf16_32x32_128x2_tn_align8EEvNT_6ParamsE	0x7e1aa05fc300	761b14acafb8b02011e32d11bd437b63cca3fe882b9c4a02c89fd01d738ccb6a
449	449	7184	UIADD3	NONE	0	0	0	UIADD3 UR23, UP1, UR12, UR6, URZ ;	void cutlass::Kernel2<cutlass_80_wmma_tensorop_bf16_s161616gemm_bf16_32x32_128x2_tn_align8>(cutlass_80_wmma_tensorop_bf16_s161616gemm_bf16_32x32_128x2_tn_align8::Params)	_ZN7cutlass7Kernel2I68cutlass_80_wmma_tensorop_bf16_s161616gemm_bf16_32x32_128x2_tn_align8EEvNT_6ParamsE	0x7e1aa05fc300	761b14acafb8b02011e32d11bd437b63cca3fe882b9c4a02c89fd01d738ccb6a
450	450	7200	HMMA.16816.F32.BF16	NONE	0	0	0	HMMA.16816.F32.BF16 R4, R20.reuse, R18, R4 ;	void cutlass::Kernel2<cutlass_80_wmma_tensorop_bf16_s161616gemm_bf16_32x32_128x2_tn_align8>(cutlass_80_wmma_tensorop_bf16_s161616gemm_bf16_32x32_128x2_tn_align8::Params)	_ZN7cutlass7Kernel2I68cutlass_80_wmma_tensorop_bf16_s161616gemm_bf16_32x32_128x2_tn_align8EEvNT_6ParamsE	0x7e1aa05fc300	761b14acafb8b02011e32d11bd437b63cca3fe882b9c4a02c89fd01d738ccb6a
451	451	7216	LD.E	GENERIC	1	0	1	LD.E R18, [R26.64] ;	void cutlass::Kernel2<cutlass_80_wmma_tensorop_bf16_s161616gemm_bf16_32x32_128x2_tn_align8>(cutlass_80_wmma_tensorop_bf16_s161616gemm_bf16_32x32_128x2_tn_align8::Params)	_ZN7cutlass7Kernel2I68cutlass_80_wmma_tensorop_bf16_s161616gemm_bf16_32x32_128x2_tn_align8EEvNT_6ParamsE	0x7e1aa05fc300	761b14acafb8b02011e32d11bd437b63cca3fe882b9c4a02c89fd01d738ccb6a
452	452	7232	LD.E	GENERIC	1	0	1	LD.E R19, [R26.64+0x10] ;	void cutlass::Kernel2<cutlass_80_wmma_tensorop_bf16_s161616gemm_bf16_32x32_128x2_tn_align8>(cutlass_80_wmma_tensorop_bf16_s161616gemm_bf16_32x32_128x2_tn_align8::Params)	_ZN7cutlass7Kernel2I68cutlass_80_wmma_tensorop_bf16_s161616gemm_bf16_32x32_128x2_tn_align8EEvNT_6ParamsE	0x7e1aa05fc300	761b14acafb8b02011e32d11bd437b63cca3fe882b9c4a02c89fd01d738ccb6a
453	453	7248	HMMA.16816.F32.BF16	NONE	0	0	0	HMMA.16816.F32.BF16 R8, R20, R24, R8 ;	void cutlass::Kernel2<cutlass_80_wmma_tensorop_bf16_s161616gemm_bf16_32x32_128x2_tn_align8>(cutlass_80_wmma_tensorop_bf16_s161616gemm_bf16_32x32_128x2_tn_align8::Params)	_ZN7cutlass7Kernel2I68cutlass_80_wmma_tensorop_bf16_s161616gemm_bf16_32x32_128x2_tn_align8EEvNT_6ParamsE	0x7e1aa05fc300	761b14acafb8b02011e32d11bd437b63cca3fe882b9c4a02c89fd01d738ccb6a
454	454	7264	LD.E	GENERIC	1	0	1	LD.E R20, [R28.64] ;	void cutlass::Kernel2<cutlass_80_wmma_tensorop_bf16_s161616gemm_bf16_32x32_128x2_tn_align8>(cutlass_80_wmma_tensorop_bf16_s161616gemm_bf16_32x32_128x2_tn_align8::Params)	_ZN7cutlass7Kernel2I68cutlass_80_wmma_tensorop_bf16_s161616gemm_bf16_32x32_128x2_tn_align8EEvNT_6ParamsE	0x7e1aa05fc300	761b14acafb8b02011e32d11bd437b63cca3fe882b9c4a02c89fd01d738ccb6a
455	455	7280	LD.E	GENERIC	1	0	1	LD.E R21, [R28.64+0x1080] ;	void cutlass::Kernel2<cutlass_80_wmma_tensorop_bf16_s161616gemm_bf16_32x32_128x2_tn_align8>(cutlass_80_wmma_tensorop_bf16_s161616gemm_bf16_32x32_128x2_tn_align8::Params)	_ZN7cutlass7Kernel2I68cutlass_80_wmma_tensorop_bf16_s161616gemm_bf16_32x32_128x2_tn_align8EEvNT_6ParamsE	0x7e1aa05fc300	761b14acafb8b02011e32d11bd437b63cca3fe882b9c4a02c89fd01d738ccb6a
456	456	7296	LD.E	GENERIC	1	0	1	LD.E R22, [R28.64+0x10] ;	void cutlass::Kernel2<cutlass_80_wmma_tensorop_bf16_s161616gemm_bf16_32x32_128x2_tn_align8>(cutlass_80_wmma_tensorop_bf16_s161616gemm_bf16_32x32_128x2_tn_align8::Params)	_ZN7cutlass7Kernel2I68cutlass_80_wmma_tensorop_bf16_s161616gemm_bf16_32x32_128x2_tn_align8EEvNT_6ParamsE	0x7e1aa05fc300	761b14acafb8b02011e32d11bd437b63cca3fe882b9c4a02c89fd01d738ccb6a
457	457	7312	LD.E	GENERIC	1	0	1	LD.E R23, [R28.64+0x1090] ;	void cutlass::Kernel2<cutlass_80_wmma_tensorop_bf16_s161616gemm_bf16_32x32_128x2_tn_align8>(cutlass_80_wmma_tensorop_bf16_s161616gemm_bf16_32x32_128x2_tn_align8::Params)	_ZN7cutlass7Kernel2I68cutlass_80_wmma_tensorop_bf16_s161616gemm_bf16_32x32_128x2_tn_align8EEvNT_6ParamsE	0x7e1aa05fc300	761b14acafb8b02011e32d11bd437b63cca3fe882b9c4a02c89fd01d738ccb6a
458	458	7328	LD.E	GENERIC	1	0	1	LD.E R24, [R26.64+0x1080] ;	void cutlass::Kernel2<cutlass_80_wmma_tensorop_bf16_s161616gemm_bf16_32x32_128x2_tn_align8>(cutlass_80_wmma_tensorop_bf16_s161616gemm_bf16_32x32_128x2_tn_align8::Params)	_ZN7cutlass7Kernel2I68cutlass_80_wmma_tensorop_bf16_s161616gemm_bf16_32x32_128x2_tn_align8EEvNT_6ParamsE	0x7e1aa05fc300	761b14acafb8b02011e32d11bd437b63cca3fe882b9c4a02c89fd01d738ccb6a
459	459	7344	LD.E	GENERIC	1	0	1	LD.E R25, [R26.64+0x1090] ;	void cutlass::Kernel2<cutlass_80_wmma_tensorop_bf16_s161616gemm_bf16_32x32_128x2_tn_align8>(cutlass_80_wmma_tensorop_bf16_s161616gemm_bf16_32x32_128x2_tn_align8::Params)	_ZN7cutlass7Kernel2I68cutlass_80_wmma_tensorop_bf16_s161616gemm_bf16_32x32_128x2_tn_align8EEvNT_6ParamsE	0x7e1aa05fc300	761b14acafb8b02011e32d11bd437b63cca3fe882b9c4a02c89fd01d738ccb6a
460	460	7360	HMMA.16816.F32.BF16	NONE	0	0	0	HMMA.16816.F32.BF16 R4, R12.reuse, R2, R4 ;	void cutlass::Kernel2<cutlass_80_wmma_tensorop_bf16_s161616gemm_bf16_32x32_128x2_tn_align8>(cutlass_80_wmma_tensorop_bf16_s161616gemm_bf16_32x32_128x2_tn_align8::Params)	_ZN7cutlass7Kernel2I68cutlass_80_wmma_tensorop_bf16_s161616gemm_bf16_32x32_128x2_tn_align8EEvNT_6ParamsE	0x7e1aa05fc300	761b14acafb8b02011e32d11bd437b63cca3fe882b9c4a02c89fd01d738ccb6a
461	461	7376	LEA	NONE	0	0	0	LEA R2, P0, R80.reuse, UR26, 0x2 ;	void cutlass::Kernel2<cutlass_80_wmma_tensorop_bf16_s161616gemm_bf16_32x32_128x2_tn_align8>(cutlass_80_wmma_tensorop_bf16_s161616gemm_bf16_32x32_128x2_tn_align8::Params)	_ZN7cutlass7Kernel2I68cutlass_80_wmma_tensorop_bf16_s161616gemm_bf16_32x32_128x2_tn_align8EEvNT_6ParamsE	0x7e1aa05fc300	761b14acafb8b02011e32d11bd437b63cca3fe882b9c4a02c89fd01d738ccb6a
462	462	7392	HMMA.16816.F32.BF16	NONE	0	0	0	HMMA.16816.F32.BF16 R8, R12, R16, R8 ;	void cutlass::Kernel2<cutlass_80_wmma_tensorop_bf16_s161616gemm_bf16_32x32_128x2_tn_align8>(cutlass_80_wmma_tensorop_bf16_s161616gemm_bf16_32x32_128x2_tn_align8::Params)	_ZN7cutlass7Kernel2I68cutlass_80_wmma_tensorop_bf16_s161616gemm_bf16_32x32_128x2_tn_align8EEvNT_6ParamsE	0x7e1aa05fc300	761b14acafb8b02011e32d11bd437b63cca3fe882b9c4a02c89fd01d738ccb6a
463	463	7408	LEA.HI.X	NONE	0	0	0	LEA.HI.X R3, R80.reuse, UR25, R81.reuse, 0x2, P0 ;	void cutlass::Kernel2<cutlass_80_wmma_tensorop_bf16_s161616gemm_bf16_32x32_128x2_tn_align8>(cutlass_80_wmma_tensorop_bf16_s161616gemm_bf16_32x32_128x2_tn_align8::Params)	_ZN7cutlass7Kernel2I68cutlass_80_wmma_tensorop_bf16_s161616gemm_bf16_32x32_128x2_tn_align8EEvNT_6ParamsE	0x7e1aa05fc300	761b14acafb8b02011e32d11bd437b63cca3fe882b9c4a02c89fd01d738ccb6a
464	464	7424	PLOP3.LUT	NONE	0	0	0	PLOP3.LUT P0, PT, PT, PT, UP0, 0x80, 0x0 ;	void cutlass::Kernel2<cutlass_80_wmma_tensorop_bf16_s161616gemm_bf16_32x32_128x2_tn_align8>(cutlass_80_wmma_tensorop_bf16_s161616gemm_bf16_32x32_128x2_tn_align8::Params)	_ZN7cutlass7Kernel2I68cutlass_80_wmma_tensorop_bf16_s161616gemm_bf16_32x32_128x2_tn_align8EEvNT_6ParamsE	0x7e1aa05fc300	761b14acafb8b02011e32d11bd437b63cca3fe882b9c4a02c89fd01d738ccb6a
465	465	7440	UIADD3	NONE	0	0	0	UIADD3 UR22, UP0, UR11, UR6, URZ ;	void cutlass::Kernel2<cutlass_80_wmma_tensorop_bf16_s161616gemm_bf16_32x32_128x2_tn_align8>(cutlass_80_wmma_tensorop_bf16_s161616gemm_bf16_32x32_128x2_tn_align8::Params)	_ZN7cutlass7Kernel2I68cutlass_80_wmma_tensorop_bf16_s161616gemm_bf16_32x32_128x2_tn_align8EEvNT_6ParamsE	0x7e1aa05fc300	761b14acafb8b02011e32d11bd437b63cca3fe882b9c4a02c89fd01d738ccb6a
466	466	7456	LEA	NONE	0	0	0	LEA R12, P1, R80.reuse, UR27, 0x2 ;	void cutlass::Kernel2<cutlass_80_wmma_tensorop_bf16_s161616gemm_bf16_32x32_128x2_tn_align8>(cutlass_80_wmma_tensorop_bf16_s161616gemm_bf16_32x32_128x2_tn_align8::Params)	_ZN7cutlass7Kernel2I68cutlass_80_wmma_tensorop_bf16_s161616gemm_bf16_32x32_128x2_tn_align8EEvNT_6ParamsE	0x7e1aa05fc300	761b14acafb8b02011e32d11bd437b63cca3fe882b9c4a02c89fd01d738ccb6a
467	467	7472	LD.E	GENERIC	1	0	1	LD.E R26, [R2.64] ;	void cutlass::Kernel2<cutlass_80_wmma_tensorop_bf16_s161616gemm_bf16_32x32_128x2_tn_align8>(cutlass_80_wmma_tensorop_bf16_s161616gemm_bf16_32x32_128x2_tn_align8::Params)	_ZN7cutlass7Kernel2I68cutlass_80_wmma_tensorop_bf16_s161616gemm_bf16_32x32_128x2_tn_align8EEvNT_6ParamsE	0x7e1aa05fc300	761b14acafb8b02011e32d11bd437b63cca3fe882b9c4a02c89fd01d738ccb6a
468	468	7488	ULEA.HI.X.SX32	NONE	0	0	0	ULEA.HI.X.SX32 UR6, UR11, UR7, 0x1, UP0 ;	void cutlass::Kernel2<cutlass_80_wmma_tensorop_bf16_s161616gemm_bf16_32x32_128x2_tn_align8>(cutlass_80_wmma_tensorop_bf16_s161616gemm_bf16_32x32_128x2_tn_align8::Params)	_ZN7cutlass7Kernel2I68cutlass_80_wmma_tensorop_bf16_s161616gemm_bf16_32x32_128x2_tn_align8EEvNT_6ParamsE	0x7e1aa05fc300	761b14acafb8b02011e32d11bd437b63cca3fe882b9c4a02c89fd01d738ccb6a
469	469	7504	LEA.HI.X	NONE	0	0	0	LEA.HI.X R13, R80, UR29, R81, 0x2, P1 ;	void cutlass::Kernel2<cutlass_80_wmma_tensorop_bf16_s161616gemm_bf16_32x32_128x2_tn_align8>(cutlass_80_wmma_tensorop_bf16_s161616gemm_bf16_32x32_128x2_tn_align8::Params)	_ZN7cutlass7Kernel2I68cutlass_80_wmma_tensorop_bf16_s161616gemm_bf16_32x32_128x2_tn_align8EEvNT_6ParamsE	0x7e1aa05fc300	761b14acafb8b02011e32d11bd437b63cca3fe882b9c4a02c89fd01d738ccb6a
470	470	7520	LD.E	GENERIC	1	0	1	LD.E R27, [R2.64+0x10] ;	void cutlass::Kernel2<cutlass_80_wmma_tensorop_bf16_s161616gemm_bf16_32x32_128x2_tn_align8>(cutlass_80_wmma_tensorop_bf16_s161616gemm_bf16_32x32_128x2_tn_align8::Params)	_ZN7cutlass7Kernel2I68cutlass_80_wmma_tensorop_bf16_s161616gemm_bf16_32x32_128x2_tn_align8EEvNT_6ParamsE	0x7e1aa05fc300	761b14acafb8b02011e32d11bd437b63cca3fe882b9c4a02c89fd01d738ccb6a
471	471	7536	ULEA.HI.X.SX32	NONE	0	0	0	ULEA.HI.X.SX32 UR7, UR12, UR7, 0x1, UP1 ;	void cutlass::Kernel2<cutlass_80_wmma_tensorop_bf16_s161616gemm_bf16_32x32_128x2_tn_align8>(cutlass_80_wmma_tensorop_bf16_s161616gemm_bf16_32x32_128x2_tn_align8::Params)	_ZN7cutlass7Kernel2I68cutlass_80_wmma_tensorop_bf16_s161616gemm_bf16_32x32_128x2_tn_align8EEvNT_6ParamsE	0x7e1aa05fc300	761b14acafb8b02011e32d11bd437b63cca3fe882b9c4a02c89fd01d738ccb6a
472	472	7552	LD.E	GENERIC	1	0	1	LD.E R28, [R12.64] ;	void cutlass::Kernel2<cutlass_80_wmma_tensorop_bf16_s161616gemm_bf16_32x32_128x2_tn_align8>(cutlass_80_wmma_tensorop_bf16_s161616gemm_bf16_32x32_128x2_tn_align8::Params)	_ZN7cutlass7Kernel2I68cutlass_80_wmma_tensorop_bf16_s161616gemm_bf16_32x32_128x2_tn_align8EEvNT_6ParamsE	0x7e1aa05fc300	761b14acafb8b02011e32d11bd437b63cca3fe882b9c4a02c89fd01d738ccb6a
473	473	7568	LD.E	GENERIC	1	0	1	LD.E R29, [R12.64+0x1080] ;	void cutlass::Kernel2<cutlass_80_wmma_tensorop_bf16_s161616gemm_bf16_32x32_128x2_tn_align8>(cutlass_80_wmma_tensorop_bf16_s161616gemm_bf16_32x32_128x2_tn_align8::Params)	_ZN7cutlass7Kernel2I68cutlass_80_wmma_tensorop_bf16_s161616gemm_bf16_32x32_128x2_tn_align8EEvNT_6ParamsE	0x7e1aa05fc300	761b14acafb8b02011e32d11bd437b63cca3fe882b9c4a02c89fd01d738ccb6a
474	474	7584	LD.E	GENERIC	1	0	1	LD.E R30, [R12.64+0x10] ;	void cutlass::Kernel2<cutlass_80_wmma_tensorop_bf16_s161616gemm_bf16_32x32_128x2_tn_align8>(cutlass_80_wmma_tensorop_bf16_s161616gemm_bf16_32x32_128x2_tn_align8::Params)	_ZN7cutlass7Kernel2I68cutlass_80_wmma_tensorop_bf16_s161616gemm_bf16_32x32_128x2_tn_align8EEvNT_6ParamsE	0x7e1aa05fc300	761b14acafb8b02011e32d11bd437b63cca3fe882b9c4a02c89fd01d738ccb6a
475	475	7600	LD.E	GENERIC	1	0	1	LD.E R31, [R12.64+0x1090] ;	void cutlass::Kernel2<cutlass_80_wmma_tensorop_bf16_s161616gemm_bf16_32x32_128x2_tn_align8>(cutlass_80_wmma_tensorop_bf16_s161616gemm_bf16_32x32_128x2_tn_align8::Params)	_ZN7cutlass7Kernel2I68cutlass_80_wmma_tensorop_bf16_s161616gemm_bf16_32x32_128x2_tn_align8EEvNT_6ParamsE	0x7e1aa05fc300	761b14acafb8b02011e32d11bd437b63cca3fe882b9c4a02c89fd01d738ccb6a
476	476	7616	LD.E	GENERIC	1	0	1	LD.E R32, [R2.64+0x1080] ;	void cutlass::Kernel2<cutlass_80_wmma_tensorop_bf16_s161616gemm_bf16_32x32_128x2_tn_align8>(cutlass_80_wmma_tensorop_bf16_s161616gemm_bf16_32x32_128x2_tn_align8::Params)	_ZN7cutlass7Kernel2I68cutlass_80_wmma_tensorop_bf16_s161616gemm_bf16_32x32_128x2_tn_align8EEvNT_6ParamsE	0x7e1aa05fc300	761b14acafb8b02011e32d11bd437b63cca3fe882b9c4a02c89fd01d738ccb6a
477	477	7632	LD.E	GENERIC	1	0	1	LD.E R33, [R2.64+0x1090] ;	void cutlass::Kernel2<cutlass_80_wmma_tensorop_bf16_s161616gemm_bf16_32x32_128x2_tn_align8>(cutlass_80_wmma_tensorop_bf16_s161616gemm_bf16_32x32_128x2_tn_align8::Params)	_ZN7cutlass7Kernel2I68cutlass_80_wmma_tensorop_bf16_s161616gemm_bf16_32x32_128x2_tn_align8EEvNT_6ParamsE	0x7e1aa05fc300	761b14acafb8b02011e32d11bd437b63cca3fe882b9c4a02c89fd01d738ccb6a
478	478	7648	STS.128	SHARED	0	1	1	STS.128 [R75], R64 ;	void cutlass::Kernel2<cutlass_80_wmma_tensorop_bf16_s161616gemm_bf16_32x32_128x2_tn_align8>(cutlass_80_wmma_tensorop_bf16_s161616gemm_bf16_32x32_128x2_tn_align8::Params)	_ZN7cutlass7Kernel2I68cutlass_80_wmma_tensorop_bf16_s161616gemm_bf16_32x32_128x2_tn_align8EEvNT_6ParamsE	0x7e1aa05fc300	761b14acafb8b02011e32d11bd437b63cca3fe882b9c4a02c89fd01d738ccb6a
479	479	7664	STS.128	SHARED	0	1	1	STS.128 [R75+0x1080], R60 ;	void cutlass::Kernel2<cutlass_80_wmma_tensorop_bf16_s161616gemm_bf16_32x32_128x2_tn_align8>(cutlass_80_wmma_tensorop_bf16_s161616gemm_bf16_32x32_128x2_tn_align8::Params)	_ZN7cutlass7Kernel2I68cutlass_80_wmma_tensorop_bf16_s161616gemm_bf16_32x32_128x2_tn_align8EEvNT_6ParamsE	0x7e1aa05fc300	761b14acafb8b02011e32d11bd437b63cca3fe882b9c4a02c89fd01d738ccb6a
480	480	7680	STS.128	SHARED	0	1	1	STS.128 [R75+0x2100], R56 ;	void cutlass::Kernel2<cutlass_80_wmma_tensorop_bf16_s161616gemm_bf16_32x32_128x2_tn_align8>(cutlass_80_wmma_tensorop_bf16_s161616gemm_bf16_32x32_128x2_tn_align8::Params)	_ZN7cutlass7Kernel2I68cutlass_80_wmma_tensorop_bf16_s161616gemm_bf16_32x32_128x2_tn_align8EEvNT_6ParamsE	0x7e1aa05fc300	761b14acafb8b02011e32d11bd437b63cca3fe882b9c4a02c89fd01d738ccb6a
481	481	7696	STS.128	SHARED	0	1	1	STS.128 [R75+0x3180], R52 ;	void cutlass::Kernel2<cutlass_80_wmma_tensorop_bf16_s161616gemm_bf16_32x32_128x2_tn_align8>(cutlass_80_wmma_tensorop_bf16_s161616gemm_bf16_32x32_128x2_tn_align8::Params)	_ZN7cutlass7Kernel2I68cutlass_80_wmma_tensorop_bf16_s161616gemm_bf16_32x32_128x2_tn_align8EEvNT_6ParamsE	0x7e1aa05fc300	761b14acafb8b02011e32d11bd437b63cca3fe882b9c4a02c89fd01d738ccb6a
482	482	7712	STS.128	SHARED	0	1	1	STS.128 [R74], R36 ;	void cutlass::Kernel2<cutlass_80_wmma_tensorop_bf16_s161616gemm_bf16_32x32_128x2_tn_align8>(cutlass_80_wmma_tensorop_bf16_s161616gemm_bf16_32x32_128x2_tn_align8::Params)	_ZN7cutlass7Kernel2I68cutlass_80_wmma_tensorop_bf16_s161616gemm_bf16_32x32_128x2_tn_align8EEvNT_6ParamsE	0x7e1aa05fc300	761b14acafb8b02011e32d11bd437b63cca3fe882b9c4a02c89fd01d738ccb6a
483	483	7728	STS.128	SHARED	0	1	1	STS.128 [R74+0x1080], R48 ;	void cutlass::Kernel2<cutlass_80_wmma_tensorop_bf16_s161616gemm_bf16_32x32_128x2_tn_align8>(cutlass_80_wmma_tensorop_bf16_s161616gemm_bf16_32x32_128x2_tn_align8::Params)	_ZN7cutlass7Kernel2I68cutlass_80_wmma_tensorop_bf16_s161616gemm_bf16_32x32_128x2_tn_align8EEvNT_6ParamsE	0x7e1aa05fc300	761b14acafb8b02011e32d11bd437b63cca3fe882b9c4a02c89fd01d738ccb6a
484	484	7744	STS.128	SHARED	0	1	1	STS.128 [R74+0x2100], R44 ;	void cutlass::Kernel2<cutlass_80_wmma_tensorop_bf16_s161616gemm_bf16_32x32_128x2_tn_align8>(cutlass_80_wmma_tensorop_bf16_s161616gemm_bf16_32x32_128x2_tn_align8::Params)	_ZN7cutlass7Kernel2I68cutlass_80_wmma_tensorop_bf16_s161616gemm_bf16_32x32_128x2_tn_align8EEvNT_6ParamsE	0x7e1aa05fc300	761b14acafb8b02011e32d11bd437b63cca3fe882b9c4a02c89fd01d738ccb6a
485	485	7760	STS.128	SHARED	0	1	1	STS.128 [R74+0x3180], R40 ;	void cutlass::Kernel2<cutlass_80_wmma_tensorop_bf16_s161616gemm_bf16_32x32_128x2_tn_align8>(cutlass_80_wmma_tensorop_bf16_s161616gemm_bf16_32x32_128x2_tn_align8::Params)	_ZN7cutlass7Kernel2I68cutlass_80_wmma_tensorop_bf16_s161616gemm_bf16_32x32_128x2_tn_align8EEvNT_6ParamsE	0x7e1aa05fc300	761b14acafb8b02011e32d11bd437b63cca3fe882b9c4a02c89fd01d738ccb6a
486	486	7776	BAR.SYNC.DEFER_BLOCKING	NONE	0	0	0	BAR.SYNC.DEFER_BLOCKING 0x0 ;	void cutlass::Kernel2<cutlass_80_wmma_tensorop_bf16_s161616gemm_bf16_32x32_128x2_tn_align8>(cutlass_80_wmma_tensorop_bf16_s161616gemm_bf16_32x32_128x2_tn_align8::Params)	_ZN7cutlass7Kernel2I68cutlass_80_wmma_tensorop_bf16_s161616gemm_bf16_32x32_128x2_tn_align8EEvNT_6ParamsE	0x7e1aa05fc300	761b14acafb8b02011e32d11bd437b63cca3fe882b9c4a02c89fd01d738ccb6a
487	487	7792	HMMA.16816.F32.BF16	NONE	0	0	0	HMMA.16816.F32.BF16 R4, R20.reuse, R18, R4 ;	void cutlass::Kernel2<cutlass_80_wmma_tensorop_bf16_s161616gemm_bf16_32x32_128x2_tn_align8>(cutlass_80_wmma_tensorop_bf16_s161616gemm_bf16_32x32_128x2_tn_align8::Params)	_ZN7cutlass7Kernel2I68cutlass_80_wmma_tensorop_bf16_s161616gemm_bf16_32x32_128x2_tn_align8EEvNT_6ParamsE	0x7e1aa05fc300	761b14acafb8b02011e32d11bd437b63cca3fe882b9c4a02c89fd01d738ccb6a
488	488	7808	IADD3	NONE	0	0	0	@P0 IADD3 R75, R75, 0x100, RZ ;	void cutlass::Kernel2<cutlass_80_wmma_tensorop_bf16_s161616gemm_bf16_32x32_128x2_tn_align8>(cutlass_80_wmma_tensorop_bf16_s161616gemm_bf16_32x32_128x2_tn_align8::Params)	_ZN7cutlass7Kernel2I68cutlass_80_wmma_tensorop_bf16_s161616gemm_bf16_32x32_128x2_tn_align8EEvNT_6ParamsE	0x7e1aa05fc300	761b14acafb8b02011e32d11bd437b63cca3fe882b9c4a02c89fd01d738ccb6a
489	489	7824	IADD3	NONE	0	0	0	IADD3 R36, P1, R72, UR23, RZ ;	void cutlass::Kernel2<cutlass_80_wmma_tensorop_bf16_s161616gemm_bf16_32x32_128x2_tn_align8>(cutlass_80_wmma_tensorop_bf16_s161616gemm_bf16_32x32_128x2_tn_align8::Params)	_ZN7cutlass7Kernel2I68cutlass_80_wmma_tensorop_bf16_s161616gemm_bf16_32x32_128x2_tn_align8EEvNT_6ParamsE	0x7e1aa05fc300	761b14acafb8b02011e32d11bd437b63cca3fe882b9c4a02c89fd01d738ccb6a
490	490	7840	HMMA.16816.F32.BF16	NONE	0	0	0	HMMA.16816.F32.BF16 R8, R20, R24, R8 ;	void cutlass::Kernel2<cutlass_80_wmma_tensorop_bf16_s161616gemm_bf16_32x32_128x2_tn_align8>(cutlass_80_wmma_tensorop_bf16_s161616gemm_bf16_32x32_128x2_tn_align8::Params)	_ZN7cutlass7Kernel2I68cutlass_80_wmma_tensorop_bf16_s161616gemm_bf16_32x32_128x2_tn_align8EEvNT_6ParamsE	0x7e1aa05fc300	761b14acafb8b02011e32d11bd437b63cca3fe882b9c4a02c89fd01d738ccb6a
491	491	7856	IADD3	NONE	0	0	0	@!P0 IADD3 R75, R34, -0x100, RZ ;	void cutlass::Kernel2<cutlass_80_wmma_tensorop_bf16_s161616gemm_bf16_32x32_128x2_tn_align8>(cutlass_80_wmma_tensorop_bf16_s161616gemm_bf16_32x32_128x2_tn_align8::Params)	_ZN7cutlass7Kernel2I68cutlass_80_wmma_tensorop_bf16_s161616gemm_bf16_32x32_128x2_tn_align8EEvNT_6ParamsE	0x7e1aa05fc300	761b14acafb8b02011e32d11bd437b63cca3fe882b9c4a02c89fd01d738ccb6a
492	492	7872	IADD3.X	NONE	0	0	0	IADD3.X R37, R71, UR7, RZ, P1, !PT ;	void cutlass::Kernel2<cutlass_80_wmma_tensorop_bf16_s161616gemm_bf16_32x32_128x2_tn_align8>(cutlass_80_wmma_tensorop_bf16_s161616gemm_bf16_32x32_128x2_tn_align8::Params)	_ZN7cutlass7Kernel2I68cutlass_80_wmma_tensorop_bf16_s161616gemm_bf16_32x32_128x2_tn_align8EEvNT_6ParamsE	0x7e1aa05fc300	761b14acafb8b02011e32d11bd437b63cca3fe882b9c4a02c89fd01d738ccb6a
493	493	7888	IADD3	NONE	0	0	0	IADD3 R68, P1, R68, UR8, RZ ;	void cutlass::Kernel2<cutlass_80_wmma_tensorop_bf16_s161616gemm_bf16_32x32_128x2_tn_align8>(cutlass_80_wmma_tensorop_bf16_s161616gemm_bf16_32x32_128x2_tn_align8::Params)	_ZN7cutlass7Kernel2I68cutlass_80_wmma_tensorop_bf16_s161616gemm_bf16_32x32_128x2_tn_align8EEvNT_6ParamsE	0x7e1aa05fc300	761b14acafb8b02011e32d11bd437b63cca3fe882b9c4a02c89fd01d738ccb6a
494	494	7904	LD.E	GENERIC	1	0	1	LD.E R12, [R36.64] ;	void cutlass::Kernel2<cutlass_80_wmma_tensorop_bf16_s161616gemm_bf16_32x32_128x2_tn_align8>(cutlass_80_wmma_tensorop_bf16_s161616gemm_bf16_32x32_128x2_tn_align8::Params)	_ZN7cutlass7Kernel2I68cutlass_80_wmma_tensorop_bf16_s161616gemm_bf16_32x32_128x2_tn_align8EEvNT_6ParamsE	0x7e1aa05fc300	761b14acafb8b02011e32d11bd437b63cca3fe882b9c4a02c89fd01d738ccb6a
495	495	7920	IADD3	NONE	0	0	0	@P0 IADD3 R74, R74, 0x100, RZ ;	void cutlass::Kernel2<cutlass_80_wmma_tensorop_bf16_s161616gemm_bf16_32x32_128x2_tn_align8>(cutlass_80_wmma_tensorop_bf16_s161616gemm_bf16_32x32_128x2_tn_align8::Params)	_ZN7cutlass7Kernel2I68cutlass_80_wmma_tensorop_bf16_s161616gemm_bf16_32x32_128x2_tn_align8EEvNT_6ParamsE	0x7e1aa05fc300	761b14acafb8b02011e32d11bd437b63cca3fe882b9c4a02c89fd01d738ccb6a
496	496	7936	IADD3	NONE	0	0	0	@!P0 IADD3 R74, R0, -0x100, RZ ;	void cutlass::Kernel2<cutlass_80_wmma_tensorop_bf16_s161616gemm_bf16_32x32_128x2_tn_align8>(cutlass_80_wmma_tensorop_bf16_s161616gemm_bf16_32x32_128x2_tn_align8::Params)	_ZN7cutlass7Kernel2I68cutlass_80_wmma_tensorop_bf16_s161616gemm_bf16_32x32_128x2_tn_align8EEvNT_6ParamsE	0x7e1aa05fc300	761b14acafb8b02011e32d11bd437b63cca3fe882b9c4a02c89fd01d738ccb6a
497	497	7952	LD.E	GENERIC	1	0	1	LD.E R13, [R36.64+0x1080] ;	void cutlass::Kernel2<cutlass_80_wmma_tensorop_bf16_s161616gemm_bf16_32x32_128x2_tn_align8>(cutlass_80_wmma_tensorop_bf16_s161616gemm_bf16_32x32_128x2_tn_align8::Params)	_ZN7cutlass7Kernel2I68cutlass_80_wmma_tensorop_bf16_s161616gemm_bf16_32x32_128x2_tn_align8EEvNT_6ParamsE	0x7e1aa05fc300	761b14acafb8b02011e32d11bd437b63cca3fe882b9c4a02c89fd01d738ccb6a
498	498	7968	IADD3	NONE	0	0	0	IADD3 R38, P0, R72, UR22, RZ ;	void cutlass::Kernel2<cutlass_80_wmma_tensorop_bf16_s161616gemm_bf16_32x32_128x2_tn_align8>(cutlass_80_wmma_tensorop_bf16_s161616gemm_bf16_32x32_128x2_tn_align8::Params)	_ZN7cutlass7Kernel2I68cutlass_80_wmma_tensorop_bf16_s161616gemm_bf16_32x32_128x2_tn_align8EEvNT_6ParamsE	0x7e1aa05fc300	761b14acafb8b02011e32d11bd437b63cca3fe882b9c4a02c89fd01d738ccb6a
499	499	7984	IADD3.X	NONE	0	0	0	IADD3.X R35, R35, UR9, RZ, P1, !PT ;	void cutlass::Kernel2<cutlass_80_wmma_tensorop_bf16_s161616gemm_bf16_32x32_128x2_tn_align8>(cutlass_80_wmma_tensorop_bf16_s161616gemm_bf16_32x32_128x2_tn_align8::Params)	_ZN7cutlass7Kernel2I68cutlass_80_wmma_tensorop_bf16_s161616gemm_bf16_32x32_128x2_tn_align8EEvNT_6ParamsE	0x7e1aa05fc300	761b14acafb8b02011e32d11bd437b63cca3fe882b9c4a02c89fd01d738ccb6a
500	500	8000	LD.E	GENERIC	1	0	1	LD.E R14, [R36.64+0x10] ;	void cutlass::Kernel2<cutlass_80_wmma_tensorop_bf16_s161616gemm_bf16_32x32_128x2_tn_align8>(cutlass_80_wmma_tensorop_bf16_s161616gemm_bf16_32x32_128x2_tn_align8::Params)	_ZN7cutlass7Kernel2I68cutlass_80_wmma_tensorop_bf16_s161616gemm_bf16_32x32_128x2_tn_align8EEvNT_6ParamsE	0x7e1aa05fc300	761b14acafb8b02011e32d11bd437b63cca3fe882b9c4a02c89fd01d738ccb6a
501	501	8016	IADD3.X	NONE	0	0	0	IADD3.X R39, R71, UR6, RZ, P0, !PT ;	void cutlass::Kernel2<cutlass_80_wmma_tensorop_bf16_s161616gemm_bf16_32x32_128x2_tn_align8>(cutlass_80_wmma_tensorop_bf16_s161616gemm_bf16_32x32_128x2_tn_align8::Params)	_ZN7cutlass7Kernel2I68cutlass_80_wmma_tensorop_bf16_s161616gemm_bf16_32x32_128x2_tn_align8EEvNT_6ParamsE	0x7e1aa05fc300	761b14acafb8b02011e32d11bd437b63cca3fe882b9c4a02c89fd01d738ccb6a
502	502	8032	IADD3	NONE	0	0	0	IADD3 R70, P0, R70, UR17, RZ ;	void cutlass::Kernel2<cutlass_80_wmma_tensorop_bf16_s161616gemm_bf16_32x32_128x2_tn_align8>(cutlass_80_wmma_tensorop_bf16_s161616gemm_bf16_32x32_128x2_tn_align8::Params)	_ZN7cutlass7Kernel2I68cutlass_80_wmma_tensorop_bf16_s161616gemm_bf16_32x32_128x2_tn_align8EEvNT_6ParamsE	0x7e1aa05fc300	761b14acafb8b02011e32d11bd437b63cca3fe882b9c4a02c89fd01d738ccb6a
503	503	8048	LD.E	GENERIC	1	0	1	LD.E R15, [R36.64+0x1090] ;	void cutlass::Kernel2<cutlass_80_wmma_tensorop_bf16_s161616gemm_bf16_32x32_128x2_tn_align8>(cutlass_80_wmma_tensorop_bf16_s161616gemm_bf16_32x32_128x2_tn_align8::Params)	_ZN7cutlass7Kernel2I68cutlass_80_wmma_tensorop_bf16_s161616gemm_bf16_32x32_128x2_tn_align8EEvNT_6ParamsE	0x7e1aa05fc300	761b14acafb8b02011e32d11bd437b63cca3fe882b9c4a02c89fd01d738ccb6a
504	504	8064	IADD3.X	NONE	0	0	0	IADD3.X R69, R69, UR24, RZ, P0, !PT ;	void cutlass::Kernel2<cutlass_80_wmma_tensorop_bf16_s161616gemm_bf16_32x32_128x2_tn_align8>(cutlass_80_wmma_tensorop_bf16_s161616gemm_bf16_32x32_128x2_tn_align8::Params)	_ZN7cutlass7Kernel2I68cutlass_80_wmma_tensorop_bf16_s161616gemm_bf16_32x32_128x2_tn_align8EEvNT_6ParamsE	0x7e1aa05fc300	761b14acafb8b02011e32d11bd437b63cca3fe882b9c4a02c89fd01d738ccb6a
505	505	8080	LD.E	GENERIC	1	0	1	LD.E R2, [R38.64+0x4200] ;	void cutlass::Kernel2<cutlass_80_wmma_tensorop_bf16_s161616gemm_bf16_32x32_128x2_tn_align8>(cutlass_80_wmma_tensorop_bf16_s161616gemm_bf16_32x32_128x2_tn_align8::Params)	_ZN7cutlass7Kernel2I68cutlass_80_wmma_tensorop_bf16_s161616gemm_bf16_32x32_128x2_tn_align8EEvNT_6ParamsE	0x7e1aa05fc300	761b14acafb8b02011e32d11bd437b63cca3fe882b9c4a02c89fd01d738ccb6a
506	506	8096	LD.E	GENERIC	1	0	1	LD.E R3, [R38.64+0x4210] ;	void cutlass::Kernel2<cutlass_80_wmma_tensorop_bf16_s161616gemm_bf16_32x32_128x2_tn_align8>(cutlass_80_wmma_tensorop_bf16_s161616gemm_bf16_32x32_128x2_tn_align8::Params)	_ZN7cutlass7Kernel2I68cutlass_80_wmma_tensorop_bf16_s161616gemm_bf16_32x32_128x2_tn_align8EEvNT_6ParamsE	0x7e1aa05fc300	761b14acafb8b02011e32d11bd437b63cca3fe882b9c4a02c89fd01d738ccb6a
507	507	8112	LD.E	GENERIC	1	0	1	LD.E R16, [R38.64+0x5280] ;	void cutlass::Kernel2<cutlass_80_wmma_tensorop_bf16_s161616gemm_bf16_32x32_128x2_tn_align8>(cutlass_80_wmma_tensorop_bf16_s161616gemm_bf16_32x32_128x2_tn_align8::Params)	_ZN7cutlass7Kernel2I68cutlass_80_wmma_tensorop_bf16_s161616gemm_bf16_32x32_128x2_tn_align8EEvNT_6ParamsE	0x7e1aa05fc300	761b14acafb8b02011e32d11bd437b63cca3fe882b9c4a02c89fd01d738ccb6a
508	508	8128	LD.E	GENERIC	1	0	1	LD.E R17, [R38.64+0x5290] ;	void cutlass::Kernel2<cutlass_80_wmma_tensorop_bf16_s161616gemm_bf16_32x32_128x2_tn_align8>(cutlass_80_wmma_tensorop_bf16_s161616gemm_bf16_32x32_128x2_tn_align8::Params)	_ZN7cutlass7Kernel2I68cutlass_80_wmma_tensorop_bf16_s161616gemm_bf16_32x32_128x2_tn_align8EEvNT_6ParamsE	0x7e1aa05fc300	761b14acafb8b02011e32d11bd437b63cca3fe882b9c4a02c89fd01d738ccb6a
509	509	8144	HMMA.16816.F32.BF16	NONE	0	0	0	HMMA.16816.F32.BF16 R4, R28.reuse, R26, R4 ;	void cutlass::Kernel2<cutlass_80_wmma_tensorop_bf16_s161616gemm_bf16_32x32_128x2_tn_align8>(cutlass_80_wmma_tensorop_bf16_s161616gemm_bf16_32x32_128x2_tn_align8::Params)	_ZN7cutlass7Kernel2I68cutlass_80_wmma_tensorop_bf16_s161616gemm_bf16_32x32_128x2_tn_align8EEvNT_6ParamsE	0x7e1aa05fc300	761b14acafb8b02011e32d11bd437b63cca3fe882b9c4a02c89fd01d738ccb6a
510	510	8160	HMMA.16816.F32.BF16	NONE	0	0	0	HMMA.16816.F32.BF16 R8, R28, R32, R8 ;	void cutlass::Kernel2<cutlass_80_wmma_tensorop_bf16_s161616gemm_bf16_32x32_128x2_tn_align8>(cutlass_80_wmma_tensorop_bf16_s161616gemm_bf16_32x32_128x2_tn_align8::Params)	_ZN7cutlass7Kernel2I68cutlass_80_wmma_tensorop_bf16_s161616gemm_bf16_32x32_128x2_tn_align8EEvNT_6ParamsE	0x7e1aa05fc300	761b14acafb8b02011e32d11bd437b63cca3fe882b9c4a02c89fd01d738ccb6a
511	511	8176	BRA	NONE	0	0	0	@P2 BRA 0x1110 ;	void cutlass::Kernel2<cutlass_80_wmma_tensorop_bf16_s161616gemm_bf16_32x32_128x2_tn_align8>(cutlass_80_wmma_tensorop_bf16_s161616gemm_bf16_32x32_128x2_tn_align8::Params)	_ZN7cutlass7Kernel2I68cutlass_80_wmma_tensorop_bf16_s161616gemm_bf16_32x32_128x2_tn_align8EEvNT_6ParamsE	0x7e1aa05fc300	761b14acafb8b02011e32d11bd437b63cca3fe882b9c4a02c89fd01d738ccb6a
512	512	8192	ISETP.NE.U32.AND	NONE	0	0	0	ISETP.NE.U32.AND P0, PT, RZ, c[0x0][0x268], PT ;	void cutlass::Kernel2<cutlass_80_wmma_tensorop_bf16_s161616gemm_bf16_32x32_128x2_tn_align8>(cutlass_80_wmma_tensorop_bf16_s161616gemm_bf16_32x32_128x2_tn_align8::Params)	_ZN7cutlass7Kernel2I68cutlass_80_wmma_tensorop_bf16_s161616gemm_bf16_32x32_128x2_tn_align8EEvNT_6ParamsE	0x7e1aa05fc300	761b14acafb8b02011e32d11bd437b63cca3fe882b9c4a02c89fd01d738ccb6a
513	513	8208	ISETP.NE.U32.AND	NONE	0	0	0	ISETP.NE.U32.AND P2, PT, RZ, c[0x0][0x270], PT ;	void cutlass::Kernel2<cutlass_80_wmma_tensorop_bf16_s161616gemm_bf16_32x32_128x2_tn_align8>(cutlass_80_wmma_tensorop_bf16_s161616gemm_bf16_32x32_128x2_tn_align8::Params)	_ZN7cutlass7Kernel2I68cutlass_80_wmma_tensorop_bf16_s161616gemm_bf16_32x32_128x2_tn_align8EEvNT_6ParamsE	0x7e1aa05fc300	761b14acafb8b02011e32d11bd437b63cca3fe882b9c4a02c89fd01d738ccb6a
514	514	8224	ISETP.NE.AND.EX	NONE	0	0	0	ISETP.NE.AND.EX P1, PT, RZ, c[0x0][0x26c], PT, P0 ;	void cutlass::Kernel2<cutlass_80_wmma_tensorop_bf16_s161616gemm_bf16_32x32_128x2_tn_align8>(cutlass_80_wmma_tensorop_bf16_s161616gemm_bf16_32x32_128x2_tn_align8::Params)	_ZN7cutlass7Kernel2I68cutlass_80_wmma_tensorop_bf16_s161616gemm_bf16_32x32_128x2_tn_align8EEvNT_6ParamsE	0x7e1aa05fc300	761b14acafb8b02011e32d11bd437b63cca3fe882b9c4a02c89fd01d738ccb6a
515	515	8240	ISETP.NE.AND.EX	NONE	0	0	0	ISETP.NE.AND.EX P0, PT, RZ, c[0x0][0x274], PT, P2 ;	void cutlass::Kernel2<cutlass_80_wmma_tensorop_bf16_s161616gemm_bf16_32x32_128x2_tn_align8>(cutlass_80_wmma_tensorop_bf16_s161616gemm_bf16_32x32_128x2_tn_align8::Params)	_ZN7cutlass7Kernel2I68cutlass_80_wmma_tensorop_bf16_s161616gemm_bf16_32x32_128x2_tn_align8EEvNT_6ParamsE	0x7e1aa05fc300	761b14acafb8b02011e32d11bd437b63cca3fe882b9c4a02c89fd01d738ccb6a
516	516	8256	IMAD.MOV.U32	NONE	0	0	0	@P1 IMAD.MOV.U32 R12, RZ, RZ, c[0x0][0x268] ;	void cutlass::Kernel2<cutlass_80_wmma_tensorop_bf16_s161616gemm_bf16_32x32_128x2_tn_align8>(cutlass_80_wmma_tensorop_bf16_s161616gemm_bf16_32x32_128x2_tn_align8::Params)	_ZN7cutlass7Kernel2I68cutlass_80_wmma_tensorop_bf16_s161616gemm_bf16_32x32_128x2_tn_align8EEvNT_6ParamsE	0x7e1aa05fc300	761b14acafb8b02011e32d11bd437b63cca3fe882b9c4a02c89fd01d738ccb6a
517	517	8272	IMAD.MOV.U32	NONE	0	0	0	@P1 IMAD.MOV.U32 R13, RZ, RZ, c[0x0][0x26c] ;	void cutlass::Kernel2<cutlass_80_wmma_tensorop_bf16_s161616gemm_bf16_32x32_128x2_tn_align8>(cutlass_80_wmma_tensorop_bf16_s161616gemm_bf16_32x32_128x2_tn_align8::Params)	_ZN7cutlass7Kernel2I68cutlass_80_wmma_tensorop_bf16_s161616gemm_bf16_32x32_128x2_tn_align8EEvNT_6ParamsE	0x7e1aa05fc300	761b14acafb8b02011e32d11bd437b63cca3fe882b9c4a02c89fd01d738ccb6a
518	518	8288	MOV	CONSTANT	0	0	0	@P0 MOV R2, c[0x0][0x270] ;	void cutlass::Kernel2<cutlass_80_wmma_tensorop_bf16_s161616gemm_bf16_32x32_128x2_tn_align8>(cutlass_80_wmma_tensorop_bf16_s161616gemm_bf16_32x32_128x2_tn_align8::Params)	_ZN7cutlass7Kernel2I68cutlass_80_wmma_tensorop_bf16_s161616gemm_bf16_32x32_128x2_tn_align8EEvNT_6ParamsE	0x7e1aa05fc300	761b14acafb8b02011e32d11bd437b63cca3fe882b9c4a02c89fd01d738ccb6a
519	519	8304	IMAD.MOV.U32	NONE	0	0	0	@P0 IMAD.MOV.U32 R3, RZ, RZ, c[0x0][0x274] ;	void cutlass::Kernel2<cutlass_80_wmma_tensorop_bf16_s161616gemm_bf16_32x32_128x2_tn_align8>(cutlass_80_wmma_tensorop_bf16_s161616gemm_bf16_32x32_128x2_tn_align8::Params)	_ZN7cutlass7Kernel2I68cutlass_80_wmma_tensorop_bf16_s161616gemm_bf16_32x32_128x2_tn_align8EEvNT_6ParamsE	0x7e1aa05fc300	761b14acafb8b02011e32d11bd437b63cca3fe882b9c4a02c89fd01d738ccb6a
520	520	8320	LDG.E	GLOBAL	1	0	1	@P1 LDG.E R24, [R12.64] ;	void cutlass::Kernel2<cutlass_80_wmma_tensorop_bf16_s161616gemm_bf16_32x32_128x2_tn_align8>(cutlass_80_wmma_tensorop_bf16_s161616gemm_bf16_32x32_128x2_tn_align8::Params)	_ZN7cutlass7Kernel2I68cutlass_80_wmma_tensorop_bf16_s161616gemm_bf16_32x32_128x2_tn_align8EEvNT_6ParamsE	0x7e1aa05fc300	761b14acafb8b02011e32d11bd437b63cca3fe882b9c4a02c89fd01d738ccb6a
521	521	8336	LDG.E	GLOBAL	1	0	1	@P0 LDG.E R25, [R2.64] ;	void cutlass::Kernel2<cutlass_80_wmma_tensorop_bf16_s161616gemm_bf16_32x32_128x2_tn_align8>(cutlass_80_wmma_tensorop_bf16_s161616gemm_bf16_32x32_128x2_tn_align8::Params)	_ZN7cutlass7Kernel2I68cutlass_80_wmma_tensorop_bf16_s161616gemm_bf16_32x32_128x2_tn_align8EEvNT_6ParamsE	0x7e1aa05fc300	761b14acafb8b02011e32d11bd437b63cca3fe882b9c4a02c89fd01d738ccb6a
522	522	8352	S2UR	NONE	0	0	0	S2UR UR7, SR_CTAID.Y ;	void cutlass::Kernel2<cutlass_80_wmma_tensorop_bf16_s161616gemm_bf16_32x32_128x2_tn_align8>(cutlass_80_wmma_tensorop_bf16_s161616gemm_bf16_32x32_128x2_tn_align8::Params)	_ZN7cutlass7Kernel2I68cutlass_80_wmma_tensorop_bf16_s161616gemm_bf16_32x32_128x2_tn_align8EEvNT_6ParamsE	0x7e1aa05fc300	761b14acafb8b02011e32d11bd437b63cca3fe882b9c4a02c89fd01d738ccb6a
523	523	8368	IMAD.MOV.U32	NONE	0	0	0	IMAD.MOV.U32 R16, RZ, RZ, -0x1 ;	void cutlass::Kernel2<cutlass_80_wmma_tensorop_bf16_s161616gemm_bf16_32x32_128x2_tn_align8>(cutlass_80_wmma_tensorop_bf16_s161616gemm_bf16_32x32_128x2_tn_align8::Params)	_ZN7cutlass7Kernel2I68cutlass_80_wmma_tensorop_bf16_s161616gemm_bf16_32x32_128x2_tn_align8EEvNT_6ParamsE	0x7e1aa05fc300	761b14acafb8b02011e32d11bd437b63cca3fe882b9c4a02c89fd01d738ccb6a
524	524	8384	ULDC	NONE	0	0	0	ULDC UR6, c[0x0][0x178] ;	void cutlass::Kernel2<cutlass_80_wmma_tensorop_bf16_s161616gemm_bf16_32x32_128x2_tn_align8>(cutlass_80_wmma_tensorop_bf16_s161616gemm_bf16_32x32_128x2_tn_align8::Params)	_ZN7cutlass7Kernel2I68cutlass_80_wmma_tensorop_bf16_s161616gemm_bf16_32x32_128x2_tn_align8EEvNT_6ParamsE	0x7e1aa05fc300	761b14acafb8b02011e32d11bd437b63cca3fe882b9c4a02c89fd01d738ccb6a
525	525	8400	S2R	NONE	0	0	0	S2R R22, SR_CTAID.X ;	void cutlass::Kernel2<cutlass_80_wmma_tensorop_bf16_s161616gemm_bf16_32x32_128x2_tn_align8>(cutlass_80_wmma_tensorop_bf16_s161616gemm_bf16_32x32_128x2_tn_align8::Params)	_ZN7cutlass7Kernel2I68cutlass_80_wmma_tensorop_bf16_s161616gemm_bf16_32x32_128x2_tn_align8EEvNT_6ParamsE	0x7e1aa05fc300	761b14acafb8b02011e32d11bd437b63cca3fe882b9c4a02c89fd01d738ccb6a
526	526	8416	ISETP.NE.AND	NONE	0	0	0	ISETP.NE.AND P2, PT, RZ, c[0x0][0x17c], PT ;	void cutlass::Kernel2<cutlass_80_wmma_tensorop_bf16_s161616gemm_bf16_32x32_128x2_tn_align8>(cutlass_80_wmma_tensorop_bf16_s161616gemm_bf16_32x32_128x2_tn_align8::Params)	_ZN7cutlass7Kernel2I68cutlass_80_wmma_tensorop_bf16_s161616gemm_bf16_32x32_128x2_tn_align8EEvNT_6ParamsE	0x7e1aa05fc300	761b14acafb8b02011e32d11bd437b63cca3fe882b9c4a02c89fd01d738ccb6a
527	527	8432	IMAD.MOV.U32	NONE	0	0	0	IMAD.MOV.U32 R23, RZ, RZ, c[0x0][0x260] ;	void cutlass::Kernel2<cutlass_80_wmma_tensorop_bf16_s161616gemm_bf16_32x32_128x2_tn_align8>(cutlass_80_wmma_tensorop_bf16_s161616gemm_bf16_32x32_128x2_tn_align8::Params)	_ZN7cutlass7Kernel2I68cutlass_80_wmma_tensorop_bf16_s161616gemm_bf16_32x32_128x2_tn_align8EEvNT_6ParamsE	0x7e1aa05fc300	761b14acafb8b02011e32d11bd437b63cca3fe882b9c4a02c89fd01d738ccb6a
528	528	8448	SHF.L.U32	NONE	0	0	0	SHF.L.U32 R15, R16, c[0x0][0x178], RZ ;	void cutlass::Kernel2<cutlass_80_wmma_tensorop_bf16_s161616gemm_bf16_32x32_128x2_tn_align8>(cutlass_80_wmma_tensorop_bf16_s161616gemm_bf16_32x32_128x2_tn_align8::Params)	_ZN7cutlass7Kernel2I68cutlass_80_wmma_tensorop_bf16_s161616gemm_bf16_32x32_128x2_tn_align8EEvNT_6ParamsE	0x7e1aa05fc300	761b14acafb8b02011e32d11bd437b63cca3fe882b9c4a02c89fd01d738ccb6a
529	529	8464	S2R	NONE	0	0	0	S2R R0, SR_TID.X ;	void cutlass::Kernel2<cutlass_80_wmma_tensorop_bf16_s161616gemm_bf16_32x32_128x2_tn_align8>(cutlass_80_wmma_tensorop_bf16_s161616gemm_bf16_32x32_128x2_tn_align8::Params)	_ZN7cutlass7Kernel2I68cutlass_80_wmma_tensorop_bf16_s161616gemm_bf16_32x32_128x2_tn_align8EEvNT_6ParamsE	0x7e1aa05fc300	761b14acafb8b02011e32d11bd437b63cca3fe882b9c4a02c89fd01d738ccb6a
530	530	8480	MOV	NONE	0	0	0	MOV R26, 0x4 ;	void cutlass::Kernel2<cutlass_80_wmma_tensorop_bf16_s161616gemm_bf16_32x32_128x2_tn_align8>(cutlass_80_wmma_tensorop_bf16_s161616gemm_bf16_32x32_128x2_tn_align8::Params)	_ZN7cutlass7Kernel2I68cutlass_80_wmma_tensorop_bf16_s161616gemm_bf16_32x32_128x2_tn_align8EEvNT_6ParamsE	0x7e1aa05fc300	761b14acafb8b02011e32d11bd437b63cca3fe882b9c4a02c89fd01d738ccb6a
531	531	8496	IMAD.MOV.U32	NONE	0	0	0	IMAD.MOV.U32 R14, RZ, RZ, -0x1 ;	void cutlass::Kernel2<cutlass_80_wmma_tensorop_bf16_s161616gemm_bf16_32x32_128x2_tn_align8>(cutlass_80_wmma_tensorop_bf16_s161616gemm_bf16_32x32_128x2_tn_align8::Params)	_ZN7cutlass7Kernel2I68cutlass_80_wmma_tensorop_bf16_s161616gemm_bf16_32x32_128x2_tn_align8EEvNT_6ParamsE	0x7e1aa05fc300	761b14acafb8b02011e32d11bd437b63cca3fe882b9c4a02c89fd01d738ccb6a
532	532	8512	IMAD.MOV.U32	NONE	0	0	0	IMAD.MOV.U32 R12, RZ, RZ, c[0x0][0x290] ;	void cutlass::Kernel2<cutlass_80_wmma_tensorop_bf16_s161616gemm_bf16_32x32_128x2_tn_align8>(cutlass_80_wmma_tensorop_bf16_s161616gemm_bf16_32x32_128x2_tn_align8::Params)	_ZN7cutlass7Kernel2I68cutlass_80_wmma_tensorop_bf16_s161616gemm_bf16_32x32_128x2_tn_align8EEvNT_6ParamsE	0x7e1aa05fc300	761b14acafb8b02011e32d11bd437b63cca3fe882b9c4a02c89fd01d738ccb6a
533	533	8528	MOV	CONSTANT	0	0	0	MOV R13, c[0x0][0x294] ;	void cutlass::Kernel2<cutlass_80_wmma_tensorop_bf16_s161616gemm_bf16_32x32_128x2_tn_align8>(cutlass_80_wmma_tensorop_bf16_s161616gemm_bf16_32x32_128x2_tn_align8::Params)	_ZN7cutlass7Kernel2I68cutlass_80_wmma_tensorop_bf16_s161616gemm_bf16_32x32_128x2_tn_align8EEvNT_6ParamsE	0x7e1aa05fc300	761b14acafb8b02011e32d11bd437b63cca3fe882b9c4a02c89fd01d738ccb6a
534	534	8544	USHF.L.U32	NONE	0	0	0	USHF.L.U32 UR6, UR7, UR6, URZ ;	void cutlass::Kernel2<cutlass_80_wmma_tensorop_bf16_s161616gemm_bf16_32x32_128x2_tn_align8>(cutlass_80_wmma_tensorop_bf16_s161616gemm_bf16_32x32_128x2_tn_align8::Params)	_ZN7cutlass7Kernel2I68cutlass_80_wmma_tensorop_bf16_s161616gemm_bf16_32x32_128x2_tn_align8EEvNT_6ParamsE	0x7e1aa05fc300	761b14acafb8b02011e32d11bd437b63cca3fe882b9c4a02c89fd01d738ccb6a
535	535	8560	MOV	CONSTANT	0	0	0	MOV R2, c[0x0][0x288] ;	void cutlass::Kernel2<cutlass_80_wmma_tensorop_bf16_s161616gemm_bf16_32x32_128x2_tn_align8>(cutlass_80_wmma_tensorop_bf16_s161616gemm_bf16_32x32_128x2_tn_align8::Params)	_ZN7cutlass7Kernel2I68cutlass_80_wmma_tensorop_bf16_s161616gemm_bf16_32x32_128x2_tn_align8EEvNT_6ParamsE	0x7e1aa05fc300	761b14acafb8b02011e32d11bd437b63cca3fe882b9c4a02c89fd01d738ccb6a
536	536	8576	IMAD.MOV.U32	NONE	0	0	0	IMAD.MOV.U32 R3, RZ, RZ, c[0x0][0x28c] ;	void cutlass::Kernel2<cutlass_80_wmma_tensorop_bf16_s161616gemm_bf16_32x32_128x2_tn_align8>(cutlass_80_wmma_tensorop_bf16_s161616gemm_bf16_32x32_128x2_tn_align8::Params)	_ZN7cutlass7Kernel2I68cutlass_80_wmma_tensorop_bf16_s161616gemm_bf16_32x32_128x2_tn_align8EEvNT_6ParamsE	0x7e1aa05fc300	761b14acafb8b02011e32d11bd437b63cca3fe882b9c4a02c89fd01d738ccb6a
537	537	8592	LOP3.LUT	NONE	0	0	0	LOP3.LUT R15, R22, R15, RZ, 0x30, !PT ;	void cutlass::Kernel2<cutlass_80_wmma_tensorop_bf16_s161616gemm_bf16_32x32_128x2_tn_align8>(cutlass_80_wmma_tensorop_bf16_s161616gemm_bf16_32x32_128x2_tn_align8::Params)	_ZN7cutlass7Kernel2I68cutlass_80_wmma_tensorop_bf16_s161616gemm_bf16_32x32_128x2_tn_align8EEvNT_6ParamsE	0x7e1aa05fc300	761b14acafb8b02011e32d11bd437b63cca3fe882b9c4a02c89fd01d738ccb6a
538	538	8608	SHF.R.S32.HI	NONE	0	0	0	SHF.R.S32.HI R22, RZ, c[0x0][0x178], R22 ;	void cutlass::Kernel2<cutlass_80_wmma_tensorop_bf16_s161616gemm_bf16_32x32_128x2_tn_align8>(cutlass_80_wmma_tensorop_bf16_s161616gemm_bf16_32x32_128x2_tn_align8::Params)	_ZN7cutlass7Kernel2I68cutlass_80_wmma_tensorop_bf16_s161616gemm_bf16_32x32_128x2_tn_align8EEvNT_6ParamsE	0x7e1aa05fc300	761b14acafb8b02011e32d11bd437b63cca3fe882b9c4a02c89fd01d738ccb6a
539	539	8624	IADD3	NONE	0	0	0	IADD3 R15, R15, UR6, RZ ;	void cutlass::Kernel2<cutlass_80_wmma_tensorop_bf16_s161616gemm_bf16_32x32_128x2_tn_align8>(cutlass_80_wmma_tensorop_bf16_s161616gemm_bf16_32x32_128x2_tn_align8::Params)	_ZN7cutlass7Kernel2I68cutlass_80_wmma_tensorop_bf16_s161616gemm_bf16_32x32_128x2_tn_align8EEvNT_6ParamsE	0x7e1aa05fc300	761b14acafb8b02011e32d11bd437b63cca3fe882b9c4a02c89fd01d738ccb6a
540	540	8640	IMAD	NONE	0	0	0	IMAD R27, R15, c[0x0][0x16c], R22 ;	void cutlass::Kernel2<cutlass_80_wmma_tensorop_bf16_s161616gemm_bf16_32x32_128x2_tn_align8>(cutlass_80_wmma_tensorop_bf16_s161616gemm_bf16_32x32_128x2_tn_align8::Params)	_ZN7cutlass7Kernel2I68cutlass_80_wmma_tensorop_bf16_s161616gemm_bf16_32x32_128x2_tn_align8EEvNT_6ParamsE	0x7e1aa05fc300	761b14acafb8b02011e32d11bd437b63cca3fe882b9c4a02c89fd01d738ccb6a
541	541	8656	IMAD.WIDE	NONE	0	0	0	IMAD.WIDE R26, R27, R26, c[0x0][0x190] ;	void cutlass::Kernel2<cutlass_80_wmma_tensorop_bf16_s161616gemm_bf16_32x32_128x2_tn_align8>(cutlass_80_wmma_tensorop_bf16_s161616gemm_bf16_32x32_128x2_tn_align8::Params)	_ZN7cutlass7Kernel2I68cutlass_80_wmma_tensorop_bf16_s161616gemm_bf16_32x32_128x2_tn_align8EEvNT_6ParamsE	0x7e1aa05fc300	761b14acafb8b02011e32d11bd437b63cca3fe882b9c4a02c89fd01d738ccb6a
542	542	8672	IMAD.MOV.U32	NONE	0	0	0	@!P1 IMAD.MOV.U32 R24, RZ, RZ, c[0x0][0x258] ;	void cutlass::Kernel2<cutlass_80_wmma_tensorop_bf16_s161616gemm_bf16_32x32_128x2_tn_align8>(cutlass_80_wmma_tensorop_bf16_s161616gemm_bf16_32x32_128x2_tn_align8::Params)	_ZN7cutlass7Kernel2I68cutlass_80_wmma_tensorop_bf16_s161616gemm_bf16_32x32_128x2_tn_align8EEvNT_6ParamsE	0x7e1aa05fc300	761b14acafb8b02011e32d11bd437b63cca3fe882b9c4a02c89fd01d738ccb6a
543	543	8688	MOV	CONSTANT	0	0	0	@!P0 MOV R25, c[0x0][0x25c] ;	void cutlass::Kernel2<cutlass_80_wmma_tensorop_bf16_s161616gemm_bf16_32x32_128x2_tn_align8>(cutlass_80_wmma_tensorop_bf16_s161616gemm_bf16_32x32_128x2_tn_align8::Params)	_ZN7cutlass7Kernel2I68cutlass_80_wmma_tensorop_bf16_s161616gemm_bf16_32x32_128x2_tn_align8EEvNT_6ParamsE	0x7e1aa05fc300	761b14acafb8b02011e32d11bd437b63cca3fe882b9c4a02c89fd01d738ccb6a
544	544	8704	BRA	NONE	0	0	0	@!P2 BRA 0x2460 ;	void cutlass::Kernel2<cutlass_80_wmma_tensorop_bf16_s161616gemm_bf16_32x32_128x2_tn_align8>(cutlass_80_wmma_tensorop_bf16_s161616gemm_bf16_32x32_128x2_tn_align8::Params)	_ZN7cutlass7Kernel2I68cutlass_80_wmma_tensorop_bf16_s161616gemm_bf16_32x32_128x2_tn_align8EEvNT_6ParamsE	0x7e1aa05fc300	761b14acafb8b02011e32d11bd437b63cca3fe882b9c4a02c89fd01d738ccb6a
545	545	8720	IMAD.MOV.U32	NONE	0	0	0	IMAD.MOV.U32 R17, RZ, RZ, c[0x0][0x17c] ;	void cutlass::Kernel2<cutlass_80_wmma_tensorop_bf16_s161616gemm_bf16_32x32_128x2_tn_align8>(cutlass_80_wmma_tensorop_bf16_s161616gemm_bf16_32x32_128x2_tn_align8::Params)	_ZN7cutlass7Kernel2I68cutlass_80_wmma_tensorop_bf16_s161616gemm_bf16_32x32_128x2_tn_align8EEvNT_6ParamsE	0x7e1aa05fc300	761b14acafb8b02011e32d11bd437b63cca3fe882b9c4a02c89fd01d738ccb6a
546	546	8736	IADD3	NONE	0	0	0	IADD3 R16, R17, -0x1, RZ ;	void cutlass::Kernel2<cutlass_80_wmma_tensorop_bf16_s161616gemm_bf16_32x32_128x2_tn_align8>(cutlass_80_wmma_tensorop_bf16_s161616gemm_bf16_32x32_128x2_tn_align8::Params)	_ZN7cutlass7Kernel2I68cutlass_80_wmma_tensorop_bf16_s161616gemm_bf16_32x32_128x2_tn_align8EEvNT_6ParamsE	0x7e1aa05fc300	761b14acafb8b02011e32d11bd437b63cca3fe882b9c4a02c89fd01d738ccb6a
547	547	8752	IMNMX.U32	NONE	0	0	0	IMNMX.U32 R16, R16, 0x2, PT ;	void cutlass::Kernel2<cutlass_80_wmma_tensorop_bf16_s161616gemm_bf16_32x32_128x2_tn_align8>(cutlass_80_wmma_tensorop_bf16_s161616gemm_bf16_32x32_128x2_tn_align8::Params)	_ZN7cutlass7Kernel2I68cutlass_80_wmma_tensorop_bf16_s161616gemm_bf16_32x32_128x2_tn_align8EEvNT_6ParamsE	0x7e1aa05fc300	761b14acafb8b02011e32d11bd437b63cca3fe882b9c4a02c89fd01d738ccb6a
548	548	8768	IMAD.SHL.U32	NONE	0	0	0	IMAD.SHL.U32 R16, R16, 0x4, RZ ;	void cutlass::Kernel2<cutlass_80_wmma_tensorop_bf16_s161616gemm_bf16_32x32_128x2_tn_align8>(cutlass_80_wmma_tensorop_bf16_s161616gemm_bf16_32x32_128x2_tn_align8::Params)	_ZN7cutlass7Kernel2I68cutlass_80_wmma_tensorop_bf16_s161616gemm_bf16_32x32_128x2_tn_align8EEvNT_6ParamsE	0x7e1aa05fc300	761b14acafb8b02011e32d11bd437b63cca3fe882b9c4a02c89fd01d738ccb6a
549	549	8784	LDC	CONSTANT	1	0	0	LDC R18, c[0x2][R16] ;	void cutlass::Kernel2<cutlass_80_wmma_tensorop_bf16_s161616gemm_bf16_32x32_128x2_tn_align8>(cutlass_80_wmma_tensorop_bf16_s161616gemm_bf16_32x32_128x2_tn_align8::Params)	_ZN7cutlass7Kernel2I68cutlass_80_wmma_tensorop_bf16_s161616gemm_bf16_32x32_128x2_tn_align8EEvNT_6ParamsE	0x7e1aa05fc300	761b14acafb8b02011e32d11bd437b63cca3fe882b9c4a02c89fd01d738ccb6a
550	550	8800	SHF.R.S32.HI	NONE	0	0	0	SHF.R.S32.HI R19, RZ, 0x1f, R18 ;	void cutlass::Kernel2<cutlass_80_wmma_tensorop_bf16_s161616gemm_bf16_32x32_128x2_tn_align8>(cutlass_80_wmma_tensorop_bf16_s161616gemm_bf16_32x32_128x2_tn_align8::Params)	_ZN7cutlass7Kernel2I68cutlass_80_wmma_tensorop_bf16_s161616gemm_bf16_32x32_128x2_tn_align8EEvNT_6ParamsE	0x7e1aa05fc300	761b14acafb8b02011e32d11bd437b63cca3fe882b9c4a02c89fd01d738ccb6a
551	551	8816	BRX	NONE	0	0	0	BRX R18 -0x2280 ;	void cutlass::Kernel2<cutlass_80_wmma_tensorop_bf16_s161616gemm_bf16_32x32_128x2_tn_align8>(cutlass_80_wmma_tensorop_bf16_s161616gemm_bf16_32x32_128x2_tn_align8::Params)	_ZN7cutlass7Kernel2I68cutlass_80_wmma_tensorop_bf16_s161616gemm_bf16_32x32_128x2_tn_align8EEvNT_6ParamsE	0x7e1aa05fc300	761b14acafb8b02011e32d11bd437b63cca3fe882b9c4a02c89fd01d738ccb6a
552	552	8832	ISETP.NE.AND	NONE	0	0	0	ISETP.NE.AND P0, PT, R17, 0x3, PT ;	void cutlass::Kernel2<cutlass_80_wmma_tensorop_bf16_s161616gemm_bf16_32x32_128x2_tn_align8>(cutlass_80_wmma_tensorop_bf16_s161616gemm_bf16_32x32_128x2_tn_align8::Params)	_ZN7cutlass7Kernel2I68cutlass_80_wmma_tensorop_bf16_s161616gemm_bf16_32x32_128x2_tn_align8EEvNT_6ParamsE	0x7e1aa05fc300	761b14acafb8b02011e32d11bd437b63cca3fe882b9c4a02c89fd01d738ccb6a
553	553	8848	BRA	NONE	0	0	0	@P0 BRA 0x2520 ;	void cutlass::Kernel2<cutlass_80_wmma_tensorop_bf16_s161616gemm_bf16_32x32_128x2_tn_align8>(cutlass_80_wmma_tensorop_bf16_s161616gemm_bf16_32x32_128x2_tn_align8::Params)	_ZN7cutlass7Kernel2I68cutlass_80_wmma_tensorop_bf16_s161616gemm_bf16_32x32_128x2_tn_align8EEvNT_6ParamsE	0x7e1aa05fc300	761b14acafb8b02011e32d11bd437b63cca3fe882b9c4a02c89fd01d738ccb6a
554	554	8864	MOV	NONE	0	0	0	MOV R12, 0x8 ;	void cutlass::Kernel2<cutlass_80_wmma_tensorop_bf16_s161616gemm_bf16_32x32_128x2_tn_align8>(cutlass_80_wmma_tensorop_bf16_s161616gemm_bf16_32x32_128x2_tn_align8::Params)	_ZN7cutlass7Kernel2I68cutlass_80_wmma_tensorop_bf16_s161616gemm_bf16_32x32_128x2_tn_align8EEvNT_6ParamsE	0x7e1aa05fc300	761b14acafb8b02011e32d11bd437b63cca3fe882b9c4a02c89fd01d738ccb6a
555	555	8880	IMAD.WIDE	NONE	0	0	0	IMAD.WIDE R2, R73, R12, c[0x0][0x288] ;	void cutlass::Kernel2<cutlass_80_wmma_tensorop_bf16_s161616gemm_bf16_32x32_128x2_tn_align8>(cutlass_80_wmma_tensorop_bf16_s161616gemm_bf16_32x32_128x2_tn_align8::Params)	_ZN7cutlass7Kernel2I68cutlass_80_wmma_tensorop_bf16_s161616gemm_bf16_32x32_128x2_tn_align8EEvNT_6ParamsE	0x7e1aa05fc300	761b14acafb8b02011e32d11bd437b63cca3fe882b9c4a02c89fd01d738ccb6a
556	556	8896	IMAD.WIDE	NONE	0	0	0	IMAD.WIDE R12, R73, R12, c[0x0][0x290] ;	void cutlass::Kernel2<cutlass_80_wmma_tensorop_bf16_s161616gemm_bf16_32x32_128x2_tn_align8>(cutlass_80_wmma_tensorop_bf16_s161616gemm_bf16_32x32_128x2_tn_align8::Params)	_ZN7cutlass7Kernel2I68cutlass_80_wmma_tensorop_bf16_s161616gemm_bf16_32x32_128x2_tn_align8EEvNT_6ParamsE	0x7e1aa05fc300	761b14acafb8b02011e32d11bd437b63cca3fe882b9c4a02c89fd01d738ccb6a
557	557	8912	LDG.E.64	GLOBAL	1	0	1	LDG.E.64 R2, [R2.64] ;	void cutlass::Kernel2<cutlass_80_wmma_tensorop_bf16_s161616gemm_bf16_32x32_128x2_tn_align8>(cutlass_80_wmma_tensorop_bf16_s161616gemm_bf16_32x32_128x2_tn_align8::Params)	_ZN7cutlass7Kernel2I68cutlass_80_wmma_tensorop_bf16_s161616gemm_bf16_32x32_128x2_tn_align8EEvNT_6ParamsE	0x7e1aa05fc300	761b14acafb8b02011e32d11bd437b63cca3fe882b9c4a02c89fd01d738ccb6a
558	558	8928	LDG.E.64	GLOBAL	1	0	1	LDG.E.64 R12, [R12.64] ;	void cutlass::Kernel2<cutlass_80_wmma_tensorop_bf16_s161616gemm_bf16_32x32_128x2_tn_align8>(cutlass_80_wmma_tensorop_bf16_s161616gemm_bf16_32x32_128x2_tn_align8::Params)	_ZN7cutlass7Kernel2I68cutlass_80_wmma_tensorop_bf16_s161616gemm_bf16_32x32_128x2_tn_align8EEvNT_6ParamsE	0x7e1aa05fc300	761b14acafb8b02011e32d11bd437b63cca3fe882b9c4a02c89fd01d738ccb6a
559	559	8944	BRA	NONE	0	0	0	BRA 0x2520 ;	void cutlass::Kernel2<cutlass_80_wmma_tensorop_bf16_s161616gemm_bf16_32x32_128x2_tn_align8>(cutlass_80_wmma_tensorop_bf16_s161616gemm_bf16_32x32_128x2_tn_align8::Params)	_ZN7cutlass7Kernel2I68cutlass_80_wmma_tensorop_bf16_s161616gemm_bf16_32x32_128x2_tn_align8EEvNT_6ParamsE	0x7e1aa05fc300	761b14acafb8b02011e32d11bd437b63cca3fe882b9c4a02c89fd01d738ccb6a
560	560	8960	SHF.R.S32.HI	NONE	0	0	0	SHF.R.S32.HI R2, RZ, 0x1f, R73 ;	void cutlass::Kernel2<cutlass_80_wmma_tensorop_bf16_s161616gemm_bf16_32x32_128x2_tn_align8>(cutlass_80_wmma_tensorop_bf16_s161616gemm_bf16_32x32_128x2_tn_align8::Params)	_ZN7cutlass7Kernel2I68cutlass_80_wmma_tensorop_bf16_s161616gemm_bf16_32x32_128x2_tn_align8EEvNT_6ParamsE	0x7e1aa05fc300	761b14acafb8b02011e32d11bd437b63cca3fe882b9c4a02c89fd01d738ccb6a
561	561	8976	IMAD.WIDE.U32	NONE	0	0	0	IMAD.WIDE.U32 R18, R73, c[0x0][0x2a8], RZ ;	void cutlass::Kernel2<cutlass_80_wmma_tensorop_bf16_s161616gemm_bf16_32x32_128x2_tn_align8>(cutlass_80_wmma_tensorop_bf16_s161616gemm_bf16_32x32_128x2_tn_align8::Params)	_ZN7cutlass7Kernel2I68cutlass_80_wmma_tensorop_bf16_s161616gemm_bf16_32x32_128x2_tn_align8EEvNT_6ParamsE	0x7e1aa05fc300	761b14acafb8b02011e32d11bd437b63cca3fe882b9c4a02c89fd01d738ccb6a
562	562	8992	IMAD	NONE	0	0	0	IMAD R12, R2.reuse, c[0x0][0x2a8], RZ ;	void cutlass::Kernel2<cutlass_80_wmma_tensorop_bf16_s161616gemm_bf16_32x32_128x2_tn_align8>(cutlass_80_wmma_tensorop_bf16_s161616gemm_bf16_32x32_128x2_tn_align8::Params)	_ZN7cutlass7Kernel2I68cutlass_80_wmma_tensorop_bf16_s161616gemm_bf16_32x32_128x2_tn_align8EEvNT_6ParamsE	0x7e1aa05fc300	761b14acafb8b02011e32d11bd437b63cca3fe882b9c4a02c89fd01d738ccb6a
563	563	9008	IMAD	NONE	0	0	0	IMAD R2, R2, c[0x0][0x188], RZ ;	void cutlass::Kernel2<cutlass_80_wmma_tensorop_bf16_s161616gemm_bf16_32x32_128x2_tn_align8>(cutlass_80_wmma_tensorop_bf16_s161616gemm_bf16_32x32_128x2_tn_align8::Params)	_ZN7cutlass7Kernel2I68cutlass_80_wmma_tensorop_bf16_s161616gemm_bf16_32x32_128x2_tn_align8EEvNT_6ParamsE	0x7e1aa05fc300	761b14acafb8b02011e32d11bd437b63cca3fe882b9c4a02c89fd01d738ccb6a
564	564	9024	IMAD.WIDE.U32	NONE	0	0	0	IMAD.WIDE.U32 R16, R73, c[0x0][0x188], RZ ;	void cutlass::Kernel2<cutlass_80_wmma_tensorop_bf16_s161616gemm_bf16_32x32_128x2_tn_align8>(cutlass_80_wmma_tensorop_bf16_s161616gemm_bf16_32x32_128x2_tn_align8::Params)	_ZN7cutlass7Kernel2I68cutlass_80_wmma_tensorop_bf16_s161616gemm_bf16_32x32_128x2_tn_align8EEvNT_6ParamsE	0x7e1aa05fc300	761b14acafb8b02011e32d11bd437b63cca3fe882b9c4a02c89fd01d738ccb6a
565	565	9040	IMAD	NONE	0	0	0	IMAD R3, R73.reuse, c[0x0][0x2ac], R12 ;	void cutlass::Kernel2<cutlass_80_wmma_tensorop_bf16_s161616gemm_bf16_32x32_128x2_tn_align8>(cutlass_80_wmma_tensorop_bf16_s161616gemm_bf16_32x32_128x2_tn_align8::Params)	_ZN7cutlass7Kernel2I68cutlass_80_wmma_tensorop_bf16_s161616gemm_bf16_32x32_128x2_tn_align8EEvNT_6ParamsE	0x7e1aa05fc300	761b14acafb8b02011e32d11bd437b63cca3fe882b9c4a02c89fd01d738ccb6a
566	566	9056	LEA	NONE	0	0	0	LEA R12, P0, R16, c[0x0][0x290], 0x1 ;	void cutlass::Kernel2<cutlass_80_wmma_tensorop_bf16_s161616gemm_bf16_32x32_128x2_tn_align8>(cutlass_80_wmma_tensorop_bf16_s161616gemm_bf16_32x32_128x2_tn_align8::Params)	_ZN7cutlass7Kernel2I68cutlass_80_wmma_tensorop_bf16_s161616gemm_bf16_32x32_128x2_tn_align8EEvNT_6ParamsE	0x7e1aa05fc300	761b14acafb8b02011e32d11bd437b63cca3fe882b9c4a02c89fd01d738ccb6a
567	567	9072	IMAD	NONE	0	0	0	IMAD R13, R73, c[0x0][0x18c], R2 ;	void cutlass::Kernel2<cutlass_80_wmma_tensorop_bf16_s161616gemm_bf16_32x32_128x2_tn_align8>(cutlass_80_wmma_tensorop_bf16_s161616gemm_bf16_32x32_128x2_tn_align8::Params)	_ZN7cutlass7Kernel2I68cutlass_80_wmma_tensorop_bf16_s161616gemm_bf16_32x32_128x2_tn_align8EEvNT_6ParamsE	0x7e1aa05fc300	761b14acafb8b02011e32d11bd437b63cca3fe882b9c4a02c89fd01d738ccb6a
568	568	9088	LEA	NONE	0	0	0	LEA R2, P1, R18.reuse, c[0x0][0x288], 0x1 ;	void cutlass::Kernel2<cutlass_80_wmma_tensorop_bf16_s161616gemm_bf16_32x32_128x2_tn_align8>(cutlass_80_wmma_tensorop_bf16_s161616gemm_bf16_32x32_128x2_tn_align8::Params)	_ZN7cutlass7Kernel2I68cutlass_80_wmma_tensorop_bf16_s161616gemm_bf16_32x32_128x2_tn_align8EEvNT_6ParamsE	0x7e1aa05fc300	761b14acafb8b02011e32d11bd437b63cca3fe882b9c4a02c89fd01d738ccb6a
569	569	9104	IADD3	NONE	0	0	0	IADD3 R3, R19, R3, RZ ;	void cutlass::Kernel2<cutlass_80_wmma_tensorop_bf16_s161616gemm_bf16_32x32_128x2_tn_align8>(cutlass_80_wmma_tensorop_bf16_s161616gemm_bf16_32x32_128x2_tn_align8::Params)	_ZN7cutlass7Kernel2I68cutlass_80_wmma_tensorop_bf16_s161616gemm_bf16_32x32_128x2_tn_align8EEvNT_6ParamsE	0x7e1aa05fc300	761b14acafb8b02011e32d11bd437b63cca3fe882b9c4a02c89fd01d738ccb6a
570	570	9120	IADD3	NONE	0	0	0	IADD3 R13, R17, R13, RZ ;	void cutlass::Kernel2<cutlass_80_wmma_tensorop_bf16_s161616gemm_bf16_32x32_128x2_tn_align8>(cutlass_80_wmma_tensorop_bf16_s161616gemm_bf16_32x32_128x2_tn_align8::Params)	_ZN7cutlass7Kernel2I68cutlass_80_wmma_tensorop_bf16_s161616gemm_bf16_32x32_128x2_tn_align8EEvNT_6ParamsE	0x7e1aa05fc300	761b14acafb8b02011e32d11bd437b63cca3fe882b9c4a02c89fd01d738ccb6a
571	571	9136	LEA.HI.X	NONE	0	0	0	LEA.HI.X R3, R18, c[0x0][0x28c], R3, 0x1, P1 ;	void cutlass::Kernel2<cutlass_80_wmma_tensorop_bf16_s161616gemm_bf16_32x32_128x2_tn_align8>(cutlass_80_wmma_tensorop_bf16_s161616gemm_bf16_32x32_128x2_tn_align8::Params)	_ZN7cutlass7Kernel2I68cutlass_80_wmma_tensorop_bf16_s161616gemm_bf16_32x32_128x2_tn_align8EEvNT_6ParamsE	0x7e1aa05fc300	761b14acafb8b02011e32d11bd437b63cca3fe882b9c4a02c89fd01d738ccb6a
572	572	9152	LEA.HI.X	NONE	0	0	0	LEA.HI.X R13, R16, c[0x0][0x294], R13, 0x1, P0 ;	void cutlass::Kernel2<cutlass_80_wmma_tensorop_bf16_s161616gemm_bf16_32x32_128x2_tn_align8>(cutlass_80_wmma_tensorop_bf16_s161616gemm_bf16_32x32_128x2_tn_align8::Params)	_ZN7cutlass7Kernel2I68cutlass_80_wmma_tensorop_bf16_s161616gemm_bf16_32x32_128x2_tn_align8EEvNT_6ParamsE	0x7e1aa05fc300	761b14acafb8b02011e32d11bd437b63cca3fe882b9c4a02c89fd01d738ccb6a
573	573	9168	BRA	NONE	0	0	0	BRA 0x2520 ;	void cutlass::Kernel2<cutlass_80_wmma_tensorop_bf16_s161616gemm_bf16_32x32_128x2_tn_align8>(cutlass_80_wmma_tensorop_bf16_s161616gemm_bf16_32x32_128x2_tn_align8::Params)	_ZN7cutlass7Kernel2I68cutlass_80_wmma_tensorop_bf16_s161616gemm_bf16_32x32_128x2_tn_align8EEvNT_6ParamsE	0x7e1aa05fc300	761b14acafb8b02011e32d11bd437b63cca3fe882b9c4a02c89fd01d738ccb6a
574	574	9184	SHF.R.S32.HI	NONE	0	0	0	SHF.R.S32.HI R12, RZ, 0x1f, R73 ;	void cutlass::Kernel2<cutlass_80_wmma_tensorop_bf16_s161616gemm_bf16_32x32_128x2_tn_align8>(cutlass_80_wmma_tensorop_bf16_s161616gemm_bf16_32x32_128x2_tn_align8::Params)	_ZN7cutlass7Kernel2I68cutlass_80_wmma_tensorop_bf16_s161616gemm_bf16_32x32_128x2_tn_align8EEvNT_6ParamsE	0x7e1aa05fc300	761b14acafb8b02011e32d11bd437b63cca3fe882b9c4a02c89fd01d738ccb6a
575	575	9200	IMAD.WIDE.U32	NONE	0	0	0	IMAD.WIDE.U32 R16, R73, c[0x0][0x188], RZ ;	void cutlass::Kernel2<cutlass_80_wmma_tensorop_bf16_s161616gemm_bf16_32x32_128x2_tn_align8>(cutlass_80_wmma_tensorop_bf16_s161616gemm_bf16_32x32_128x2_tn_align8::Params)	_ZN7cutlass7Kernel2I68cutlass_80_wmma_tensorop_bf16_s161616gemm_bf16_32x32_128x2_tn_align8EEvNT_6ParamsE	0x7e1aa05fc300	761b14acafb8b02011e32d11bd437b63cca3fe882b9c4a02c89fd01d738ccb6a
576	576	9216	IMAD	NONE	0	0	0	IMAD R12, R12, c[0x0][0x188], RZ ;	void cutlass::Kernel2<cutlass_80_wmma_tensorop_bf16_s161616gemm_bf16_32x32_128x2_tn_align8>(cutlass_80_wmma_tensorop_bf16_s161616gemm_bf16_32x32_128x2_tn_align8::Params)	_ZN7cutlass7Kernel2I68cutlass_80_wmma_tensorop_bf16_s161616gemm_bf16_32x32_128x2_tn_align8EEvNT_6ParamsE	0x7e1aa05fc300	761b14acafb8b02011e32d11bd437b63cca3fe882b9c4a02c89fd01d738ccb6a
577	577	9232	IMAD	NONE	0	0	0	IMAD R13, R73, c[0x0][0x18c], R12 ;	void cutlass::Kernel2<cutlass_80_wmma_tensorop_bf16_s161616gemm_bf16_32x32_128x2_tn_align8>(cutlass_80_wmma_tensorop_bf16_s161616gemm_bf16_32x32_128x2_tn_align8::Params)	_ZN7cutlass7Kernel2I68cutlass_80_wmma_tensorop_bf16_s161616gemm_bf16_32x32_128x2_tn_align8EEvNT_6ParamsE	0x7e1aa05fc300	761b14acafb8b02011e32d11bd437b63cca3fe882b9c4a02c89fd01d738ccb6a
578	578	9248	LEA	NONE	0	0	0	LEA R12, P0, R16, c[0x0][0x290], 0x1 ;	void cutlass::Kernel2<cutlass_80_wmma_tensorop_bf16_s161616gemm_bf16_32x32_128x2_tn_align8>(cutlass_80_wmma_tensorop_bf16_s161616gemm_bf16_32x32_128x2_tn_align8::Params)	_ZN7cutlass7Kernel2I68cutlass_80_wmma_tensorop_bf16_s161616gemm_bf16_32x32_128x2_tn_align8EEvNT_6ParamsE	0x7e1aa05fc300	761b14acafb8b02011e32d11bd437b63cca3fe882b9c4a02c89fd01d738ccb6a
579	579	9264	IADD3	NONE	0	0	0	IADD3 R13, R17, R13, RZ ;	void cutlass::Kernel2<cutlass_80_wmma_tensorop_bf16_s161616gemm_bf16_32x32_128x2_tn_align8>(cutlass_80_wmma_tensorop_bf16_s161616gemm_bf16_32x32_128x2_tn_align8::Params)	_ZN7cutlass7Kernel2I68cutlass_80_wmma_tensorop_bf16_s161616gemm_bf16_32x32_128x2_tn_align8EEvNT_6ParamsE	0x7e1aa05fc300	761b14acafb8b02011e32d11bd437b63cca3fe882b9c4a02c89fd01d738ccb6a
580	580	9280	LEA.HI.X	NONE	0	0	0	LEA.HI.X R13, R16, c[0x0][0x294], R13, 0x1, P0 ;	void cutlass::Kernel2<cutlass_80_wmma_tensorop_bf16_s161616gemm_bf16_32x32_128x2_tn_align8>(cutlass_80_wmma_tensorop_bf16_s161616gemm_bf16_32x32_128x2_tn_align8::Params)	_ZN7cutlass7Kernel2I68cutlass_80_wmma_tensorop_bf16_s161616gemm_bf16_32x32_128x2_tn_align8EEvNT_6ParamsE	0x7e1aa05fc300	761b14acafb8b02011e32d11bd437b63cca3fe882b9c4a02c89fd01d738ccb6a
581	581	9296	BRA	NONE	0	0	0	BRA 0x2520 ;	void cutlass::Kernel2<cutlass_80_wmma_tensorop_bf16_s161616gemm_bf16_32x32_128x2_tn_align8>(cutlass_80_wmma_tensorop_bf16_s161616gemm_bf16_32x32_128x2_tn_align8::Params)	_ZN7cutlass7Kernel2I68cutlass_80_wmma_tensorop_bf16_s161616gemm_bf16_32x32_128x2_tn_align8EEvNT_6ParamsE	0x7e1aa05fc300	761b14acafb8b02011e32d11bd437b63cca3fe882b9c4a02c89fd01d738ccb6a
582	582	9312	MOV	CONSTANT	0	0	0	MOV R17, c[0x0][0x174] ;	void cutlass::Kernel2<cutlass_80_wmma_tensorop_bf16_s161616gemm_bf16_32x32_128x2_tn_align8>(cutlass_80_wmma_tensorop_bf16_s161616gemm_bf16_32x32_128x2_tn_align8::Params)	_ZN7cutlass7Kernel2I68cutlass_80_wmma_tensorop_bf16_s161616gemm_bf16_32x32_128x2_tn_align8EEvNT_6ParamsE	0x7e1aa05fc300	761b14acafb8b02011e32d11bd437b63cca3fe882b9c4a02c89fd01d738ccb6a
583	583	9328	ISETP.GE.AND	NONE	0	0	0	ISETP.GE.AND P0, PT, R17, 0x2, PT ;	void cutlass::Kernel2<cutlass_80_wmma_tensorop_bf16_s161616gemm_bf16_32x32_128x2_tn_align8>(cutlass_80_wmma_tensorop_bf16_s161616gemm_bf16_32x32_128x2_tn_align8::Params)	_ZN7cutlass7Kernel2I68cutlass_80_wmma_tensorop_bf16_s161616gemm_bf16_32x32_128x2_tn_align8EEvNT_6ParamsE	0x7e1aa05fc300	761b14acafb8b02011e32d11bd437b63cca3fe882b9c4a02c89fd01d738ccb6a
584	584	9344	BRA	NONE	0	0	0	@!P0 BRA 0x2520 ;	void cutlass::Kernel2<cutlass_80_wmma_tensorop_bf16_s161616gemm_bf16_32x32_128x2_tn_align8>(cutlass_80_wmma_tensorop_bf16_s161616gemm_bf16_32x32_128x2_tn_align8::Params)	_ZN7cutlass7Kernel2I68cutlass_80_wmma_tensorop_bf16_s161616gemm_bf16_32x32_128x2_tn_align8EEvNT_6ParamsE	0x7e1aa05fc300	761b14acafb8b02011e32d11bd437b63cca3fe882b9c4a02c89fd01d738ccb6a
585	585	9360	ISETP.GT.AND	NONE	0	0	0	ISETP.GT.AND P0, PT, R0, RZ, PT ;	void cutlass::Kernel2<cutlass_80_wmma_tensorop_bf16_s161616gemm_bf16_32x32_128x2_tn_align8>(cutlass_80_wmma_tensorop_bf16_s161616gemm_bf16_32x32_128x2_tn_align8::Params)	_ZN7cutlass7Kernel2I68cutlass_80_wmma_tensorop_bf16_s161616gemm_bf16_32x32_128x2_tn_align8EEvNT_6ParamsE	0x7e1aa05fc300	761b14acafb8b02011e32d11bd437b63cca3fe882b9c4a02c89fd01d738ccb6a
586	586	9376	IMAD.MOV.U32	NONE	0	0	0	IMAD.MOV.U32 R14, RZ, RZ, -0x1 ;	void cutlass::Kernel2<cutlass_80_wmma_tensorop_bf16_s161616gemm_bf16_32x32_128x2_tn_align8>(cutlass_80_wmma_tensorop_bf16_s161616gemm_bf16_32x32_128x2_tn_align8::Params)	_ZN7cutlass7Kernel2I68cutlass_80_wmma_tensorop_bf16_s161616gemm_bf16_32x32_128x2_tn_align8EEvNT_6ParamsE	0x7e1aa05fc300	761b14acafb8b02011e32d11bd437b63cca3fe882b9c4a02c89fd01d738ccb6a
587	587	9392	LDG.E.STRONG.GPU	GLOBAL	1	0	1	@!P0 LDG.E.STRONG.GPU R14, [R26.64] ;	void cutlass::Kernel2<cutlass_80_wmma_tensorop_bf16_s161616gemm_bf16_32x32_128x2_tn_align8>(cutlass_80_wmma_tensorop_bf16_s161616gemm_bf16_32x32_128x2_tn_align8::Params)	_ZN7cutlass7Kernel2I68cutlass_80_wmma_tensorop_bf16_s161616gemm_bf16_32x32_128x2_tn_align8EEvNT_6ParamsE	0x7e1aa05fc300	761b14acafb8b02011e32d11bd437b63cca3fe882b9c4a02c89fd01d738ccb6a
588	588	9408	IADD3	NONE	0	0	0	IADD3 R18, R17, -0x1, RZ ;	void cutlass::Kernel2<cutlass_80_wmma_tensorop_bf16_s161616gemm_bf16_32x32_128x2_tn_align8>(cutlass_80_wmma_tensorop_bf16_s161616gemm_bf16_32x32_128x2_tn_align8::Params)	_ZN7cutlass7Kernel2I68cutlass_80_wmma_tensorop_bf16_s161616gemm_bf16_32x32_128x2_tn_align8EEvNT_6ParamsE	0x7e1aa05fc300	761b14acafb8b02011e32d11bd437b63cca3fe882b9c4a02c89fd01d738ccb6a
589	589	9424	ISETP.NE.AND	NONE	0	0	0	ISETP.NE.AND P1, PT, R73, RZ, PT ;	void cutlass::Kernel2<cutlass_80_wmma_tensorop_bf16_s161616gemm_bf16_32x32_128x2_tn_align8>(cutlass_80_wmma_tensorop_bf16_s161616gemm_bf16_32x32_128x2_tn_align8::Params)	_ZN7cutlass7Kernel2I68cutlass_80_wmma_tensorop_bf16_s161616gemm_bf16_32x32_128x2_tn_align8EEvNT_6ParamsE	0x7e1aa05fc300	761b14acafb8b02011e32d11bd437b63cca3fe882b9c4a02c89fd01d738ccb6a
590	590	9440	ISETP.NE.AND	NONE	0	0	0	ISETP.NE.AND P0, PT, R18, R73, PT ;	void cutlass::Kernel2<cutlass_80_wmma_tensorop_bf16_s161616gemm_bf16_32x32_128x2_tn_align8>(cutlass_80_wmma_tensorop_bf16_s161616gemm_bf16_32x32_128x2_tn_align8::Params)	_ZN7cutlass7Kernel2I68cutlass_80_wmma_tensorop_bf16_s161616gemm_bf16_32x32_128x2_tn_align8EEvNT_6ParamsE	0x7e1aa05fc300	761b14acafb8b02011e32d11bd437b63cca3fe882b9c4a02c89fd01d738ccb6a
591	591	9456	FSEL	NONE	0	0	0	FSEL R25, R25, 1, !P1 ;	void cutlass::Kernel2<cutlass_80_wmma_tensorop_bf16_s161616gemm_bf16_32x32_128x2_tn_align8>(cutlass_80_wmma_tensorop_bf16_s161616gemm_bf16_32x32_128x2_tn_align8::Params)	_ZN7cutlass7Kernel2I68cutlass_80_wmma_tensorop_bf16_s161616gemm_bf16_32x32_128x2_tn_align8EEvNT_6ParamsE	0x7e1aa05fc300	761b14acafb8b02011e32d11bd437b63cca3fe882b9c4a02c89fd01d738ccb6a
592	592	9472	FSEL	NONE	0	0	0	FSEL R23, R16, c[0x0][0x260], P0 ;	void cutlass::Kernel2<cutlass_80_wmma_tensorop_bf16_s161616gemm_bf16_32x32_128x2_tn_align8>(cutlass_80_wmma_tensorop_bf16_s161616gemm_bf16_32x32_128x2_tn_align8::Params)	_ZN7cutlass7Kernel2I68cutlass_80_wmma_tensorop_bf16_s161616gemm_bf16_32x32_128x2_tn_align8EEvNT_6ParamsE	0x7e1aa05fc300	761b14acafb8b02011e32d11bd437b63cca3fe882b9c4a02c89fd01d738ccb6a
593	593	9488	CCTL.IVALL	NONE	0	0	0	CCTL.IVALL ;	void cutlass::Kernel2<cutlass_80_wmma_tensorop_bf16_s161616gemm_bf16_32x32_128x2_tn_align8>(cutlass_80_wmma_tensorop_bf16_s161616gemm_bf16_32x32_128x2_tn_align8::Params)	_ZN7cutlass7Kernel2I68cutlass_80_wmma_tensorop_bf16_s161616gemm_bf16_32x32_128x2_tn_align8EEvNT_6ParamsE	0x7e1aa05fc300	761b14acafb8b02011e32d11bd437b63cca3fe882b9c4a02c89fd01d738ccb6a
594	594	9504	SHF.R.S32.HI	NONE	0	0	0	SHF.R.S32.HI R19, RZ, 0x1f, R0 ;	void cutlass::Kernel2<cutlass_80_wmma_tensorop_bf16_s161616gemm_bf16_32x32_128x2_tn_align8>(cutlass_80_wmma_tensorop_bf16_s161616gemm_bf16_32x32_128x2_tn_align8::Params)	_ZN7cutlass7Kernel2I68cutlass_80_wmma_tensorop_bf16_s161616gemm_bf16_32x32_128x2_tn_align8EEvNT_6ParamsE	0x7e1aa05fc300	761b14acafb8b02011e32d11bd437b63cca3fe882b9c4a02c89fd01d738ccb6a
595	595	9520	ULEA	NONE	0	0	0	ULEA UR13, UR15, UR13, 0x1 ;	void cutlass::Kernel2<cutlass_80_wmma_tensorop_bf16_s161616gemm_bf16_32x32_128x2_tn_align8>(cutlass_80_wmma_tensorop_bf16_s161616gemm_bf16_32x32_128x2_tn_align8::Params)	_ZN7cutlass7Kernel2I68cutlass_80_wmma_tensorop_bf16_s161616gemm_bf16_32x32_128x2_tn_align8EEvNT_6ParamsE	0x7e1aa05fc300	761b14acafb8b02011e32d11bd437b63cca3fe882b9c4a02c89fd01d738ccb6a
596	596	9536	ISETP.NE.U32.AND	NONE	0	0	0	ISETP.NE.U32.AND P1, PT, R2, RZ, PT ;	void cutlass::Kernel2<cutlass_80_wmma_tensorop_bf16_s161616gemm_bf16_32x32_128x2_tn_align8>(cutlass_80_wmma_tensorop_bf16_s161616gemm_bf16_32x32_128x2_tn_align8::Params)	_ZN7cutlass7Kernel2I68cutlass_80_wmma_tensorop_bf16_s161616gemm_bf16_32x32_128x2_tn_align8EEvNT_6ParamsE	0x7e1aa05fc300	761b14acafb8b02011e32d11bd437b63cca3fe882b9c4a02c89fd01d738ccb6a
597	597	9552	USHF.L.U32	NONE	0	0	0	USHF.L.U32 UR14, UR14, 0x4, URZ ;	void cutlass::Kernel2<cutlass_80_wmma_tensorop_bf16_s161616gemm_bf16_32x32_128x2_tn_align8>(cutlass_80_wmma_tensorop_bf16_s161616gemm_bf16_32x32_128x2_tn_align8::Params)	_ZN7cutlass7Kernel2I68cutlass_80_wmma_tensorop_bf16_s161616gemm_bf16_32x32_128x2_tn_align8EEvNT_6ParamsE	0x7e1aa05fc300	761b14acafb8b02011e32d11bd437b63cca3fe882b9c4a02c89fd01d738ccb6a
598	598	9568	LEA.HI	NONE	0	0	0	LEA.HI R21, R19.reuse, R0.reuse, RZ, 0x5 ;	void cutlass::Kernel2<cutlass_80_wmma_tensorop_bf16_s161616gemm_bf16_32x32_128x2_tn_align8>(cutlass_80_wmma_tensorop_bf16_s161616gemm_bf16_32x32_128x2_tn_align8::Params)	_ZN7cutlass7Kernel2I68cutlass_80_wmma_tensorop_bf16_s161616gemm_bf16_32x32_128x2_tn_align8EEvNT_6ParamsE	0x7e1aa05fc300	761b14acafb8b02011e32d11bd437b63cca3fe882b9c4a02c89fd01d738ccb6a
599	599	9584	USHF.L.U32	NONE	0	0	0	USHF.L.U32 UR13, UR13, 0x4, URZ ;	void cutlass::Kernel2<cutlass_80_wmma_tensorop_bf16_s161616gemm_bf16_32x32_128x2_tn_align8>(cutlass_80_wmma_tensorop_bf16_s161616gemm_bf16_32x32_128x2_tn_align8::Params)	_ZN7cutlass7Kernel2I68cutlass_80_wmma_tensorop_bf16_s161616gemm_bf16_32x32_128x2_tn_align8EEvNT_6ParamsE	0x7e1aa05fc300	761b14acafb8b02011e32d11bd437b63cca3fe882b9c4a02c89fd01d738ccb6a
600	600	9600	LEA.HI	NONE	0	0	0	LEA.HI R18, R19, R0, RZ, 0x7 ;	void cutlass::Kernel2<cutlass_80_wmma_tensorop_bf16_s161616gemm_bf16_32x32_128x2_tn_align8>(cutlass_80_wmma_tensorop_bf16_s161616gemm_bf16_32x32_128x2_tn_align8::Params)	_ZN7cutlass7Kernel2I68cutlass_80_wmma_tensorop_bf16_s161616gemm_bf16_32x32_128x2_tn_align8EEvNT_6ParamsE	0x7e1aa05fc300	761b14acafb8b02011e32d11bd437b63cca3fe882b9c4a02c89fd01d738ccb6a
601	601	9616	SHF.R.S32.HI	NONE	0	0	0	SHF.R.S32.HI R17, RZ, 0x5, R21.reuse ;	void cutlass::Kernel2<cutlass_80_wmma_tensorop_bf16_s161616gemm_bf16_32x32_128x2_tn_align8>(cutlass_80_wmma_tensorop_bf16_s161616gemm_bf16_32x32_128x2_tn_align8::Params)	_ZN7cutlass7Kernel2I68cutlass_80_wmma_tensorop_bf16_s161616gemm_bf16_32x32_128x2_tn_align8EEvNT_6ParamsE	0x7e1aa05fc300	761b14acafb8b02011e32d11bd437b63cca3fe882b9c4a02c89fd01d738ccb6a
602	602	9632	UIMAD	NONE	0	0	0	UIMAD UR6, UR13, 0x28, UR14 ;	void cutlass::Kernel2<cutlass_80_wmma_tensorop_bf16_s161616gemm_bf16_32x32_128x2_tn_align8>(cutlass_80_wmma_tensorop_bf16_s161616gemm_bf16_32x32_128x2_tn_align8::Params)	_ZN7cutlass7Kernel2I68cutlass_80_wmma_tensorop_bf16_s161616gemm_bf16_32x32_128x2_tn_align8EEvNT_6ParamsE	0x7e1aa05fc300	761b14acafb8b02011e32d11bd437b63cca3fe882b9c4a02c89fd01d738ccb6a
603	603	9648	SHF.R.S32.HI	NONE	0	0	0	SHF.R.S32.HI R16, RZ, 0x1f, R21 ;	void cutlass::Kernel2<cutlass_80_wmma_tensorop_bf16_s161616gemm_bf16_32x32_128x2_tn_align8>(cutlass_80_wmma_tensorop_bf16_s161616gemm_bf16_32x32_128x2_tn_align8::Params)	_ZN7cutlass7Kernel2I68cutlass_80_wmma_tensorop_bf16_s161616gemm_bf16_32x32_128x2_tn_align8EEvNT_6ParamsE	0x7e1aa05fc300	761b14acafb8b02011e32d11bd437b63cca3fe882b9c4a02c89fd01d738ccb6a
604	604	9664	LOP3.LUT	NONE	0	0	0	LOP3.LUT R21, R21, 0xffffffe0, RZ, 0xc0, !PT ;	void cutlass::Kernel2<cutlass_80_wmma_tensorop_bf16_s161616gemm_bf16_32x32_128x2_tn_align8>(cutlass_80_wmma_tensorop_bf16_s161616gemm_bf16_32x32_128x2_tn_align8::Params)	_ZN7cutlass7Kernel2I68cutlass_80_wmma_tensorop_bf16_s161616gemm_bf16_32x32_128x2_tn_align8EEvNT_6ParamsE	0x7e1aa05fc300	761b14acafb8b02011e32d11bd437b63cca3fe882b9c4a02c89fd01d738ccb6a
605	605	9680	LEA.HI	NONE	0	0	0	LEA.HI R16, R16, R17, RZ, 0x2 ;	void cutlass::Kernel2<cutlass_80_wmma_tensorop_bf16_s161616gemm_bf16_32x32_128x2_tn_align8>(cutlass_80_wmma_tensorop_bf16_s161616gemm_bf16_32x32_128x2_tn_align8::Params)	_ZN7cutlass7Kernel2I68cutlass_80_wmma_tensorop_bf16_s161616gemm_bf16_32x32_128x2_tn_align8EEvNT_6ParamsE	0x7e1aa05fc300	761b14acafb8b02011e32d11bd437b63cca3fe882b9c4a02c89fd01d738ccb6a
606	606	9696	SHF.R.S32.HI	NONE	0	0	0	SHF.R.S32.HI R18, RZ, 0x7, R18 ;	void cutlass::Kernel2<cutlass_80_wmma_tensorop_bf16_s161616gemm_bf16_32x32_128x2_tn_align8>(cutlass_80_wmma_tensorop_bf16_s161616gemm_bf16_32x32_128x2_tn_align8::Params)	_ZN7cutlass7Kernel2I68cutlass_80_wmma_tensorop_bf16_s161616gemm_bf16_32x32_128x2_tn_align8EEvNT_6ParamsE	0x7e1aa05fc300	761b14acafb8b02011e32d11bd437b63cca3fe882b9c4a02c89fd01d738ccb6a
607	607	9712	IMAD.IADD	NONE	0	0	0	IMAD.IADD R20, R0, 0x1, -R21 ;	void cutlass::Kernel2<cutlass_80_wmma_tensorop_bf16_s161616gemm_bf16_32x32_128x2_tn_align8>(cutlass_80_wmma_tensorop_bf16_s161616gemm_bf16_32x32_128x2_tn_align8::Params)	_ZN7cutlass7Kernel2I68cutlass_80_wmma_tensorop_bf16_s161616gemm_bf16_32x32_128x2_tn_align8EEvNT_6ParamsE	0x7e1aa05fc300	761b14acafb8b02011e32d11bd437b63cca3fe882b9c4a02c89fd01d738ccb6a
608	608	9728	LOP3.LUT	NONE	0	0	0	LOP3.LUT R16, R16, 0xfffffffc, RZ, 0xc0, !PT ;	void cutlass::Kernel2<cutlass_80_wmma_tensorop_bf16_s161616gemm_bf16_32x32_128x2_tn_align8>(cutlass_80_wmma_tensorop_bf16_s161616gemm_bf16_32x32_128x2_tn_align8::Params)	_ZN7cutlass7Kernel2I68cutlass_80_wmma_tensorop_bf16_s161616gemm_bf16_32x32_128x2_tn_align8EEvNT_6ParamsE	0x7e1aa05fc300	761b14acafb8b02011e32d11bd437b63cca3fe882b9c4a02c89fd01d738ccb6a
609	609	9744	IMAD.SHL.U32	NONE	0	0	0	IMAD.SHL.U32 R18, R18, 0x20, RZ ;	void cutlass::Kernel2<cutlass_80_wmma_tensorop_bf16_s161616gemm_bf16_32x32_128x2_tn_align8>(cutlass_80_wmma_tensorop_bf16_s161616gemm_bf16_32x32_128x2_tn_align8::Params)	_ZN7cutlass7Kernel2I68cutlass_80_wmma_tensorop_bf16_s161616gemm_bf16_32x32_128x2_tn_align8EEvNT_6ParamsE	0x7e1aa05fc300	761b14acafb8b02011e32d11bd437b63cca3fe882b9c4a02c89fd01d738ccb6a
610	610	9760	SHF.R.S32.HI	NONE	0	0	0	SHF.R.S32.HI R21, RZ, 0x1f, R20 ;	void cutlass::Kernel2<cutlass_80_wmma_tensorop_bf16_s161616gemm_bf16_32x32_128x2_tn_align8>(cutlass_80_wmma_tensorop_bf16_s161616gemm_bf16_32x32_128x2_tn_align8::Params)	_ZN7cutlass7Kernel2I68cutlass_80_wmma_tensorop_bf16_s161616gemm_bf16_32x32_128x2_tn_align8EEvNT_6ParamsE	0x7e1aa05fc300	761b14acafb8b02011e32d11bd437b63cca3fe882b9c4a02c89fd01d738ccb6a
611	611	9776	IMAD.IADD	NONE	0	0	0	IMAD.IADD R16, R17, 0x1, -R16 ;	void cutlass::Kernel2<cutlass_80_wmma_tensorop_bf16_s161616gemm_bf16_32x32_128x2_tn_align8>(cutlass_80_wmma_tensorop_bf16_s161616gemm_bf16_32x32_128x2_tn_align8::Params)	_ZN7cutlass7Kernel2I68cutlass_80_wmma_tensorop_bf16_s161616gemm_bf16_32x32_128x2_tn_align8EEvNT_6ParamsE	0x7e1aa05fc300	761b14acafb8b02011e32d11bd437b63cca3fe882b9c4a02c89fd01d738ccb6a
612	612	9792	LEA.HI	NONE	0	0	0	LEA.HI R21, R21, R20, RZ, 0x3 ;	void cutlass::Kernel2<cutlass_80_wmma_tensorop_bf16_s161616gemm_bf16_32x32_128x2_tn_align8>(cutlass_80_wmma_tensorop_bf16_s161616gemm_bf16_32x32_128x2_tn_align8::Params)	_ZN7cutlass7Kernel2I68cutlass_80_wmma_tensorop_bf16_s161616gemm_bf16_32x32_128x2_tn_align8EEvNT_6ParamsE	0x7e1aa05fc300	761b14acafb8b02011e32d11bd437b63cca3fe882b9c4a02c89fd01d738ccb6a
613	613	9808	LEA.HI	NONE	0	0	0	LEA.HI R28, R16, R16, RZ, 0x1 ;	void cutlass::Kernel2<cutlass_80_wmma_tensorop_bf16_s161616gemm_bf16_32x32_128x2_tn_align8>(cutlass_80_wmma_tensorop_bf16_s161616gemm_bf16_32x32_128x2_tn_align8::Params)	_ZN7cutlass7Kernel2I68cutlass_80_wmma_tensorop_bf16_s161616gemm_bf16_32x32_128x2_tn_align8EEvNT_6ParamsE	0x7e1aa05fc300	761b14acafb8b02011e32d11bd437b63cca3fe882b9c4a02c89fd01d738ccb6a
614	614	9824	LOP3.LUT	NONE	0	0	0	LOP3.LUT R19, R21.reuse, 0x3ffffff8, RZ, 0xc0, !PT ;	void cutlass::Kernel2<cutlass_80_wmma_tensorop_bf16_s161616gemm_bf16_32x32_128x2_tn_align8>(cutlass_80_wmma_tensorop_bf16_s161616gemm_bf16_32x32_128x2_tn_align8::Params)	_ZN7cutlass7Kernel2I68cutlass_80_wmma_tensorop_bf16_s161616gemm_bf16_32x32_128x2_tn_align8EEvNT_6ParamsE	0x7e1aa05fc300	761b14acafb8b02011e32d11bd437b63cca3fe882b9c4a02c89fd01d738ccb6a
615	615	9840	LEA.HI.SX32	NONE	0	0	0	LEA.HI.SX32 R18, R21, R18, 0x1d ;	void cutlass::Kernel2<cutlass_80_wmma_tensorop_bf16_s161616gemm_bf16_32x32_128x2_tn_align8>(cutlass_80_wmma_tensorop_bf16_s161616gemm_bf16_32x32_128x2_tn_align8::Params)	_ZN7cutlass7Kernel2I68cutlass_80_wmma_tensorop_bf16_s161616gemm_bf16_32x32_128x2_tn_align8EEvNT_6ParamsE	0x7e1aa05fc300	761b14acafb8b02011e32d11bd437b63cca3fe882b9c4a02c89fd01d738ccb6a
616	616	9856	IMAD.SHL.U32	NONE	0	0	0	IMAD.SHL.U32 R17, R28.reuse, 0x8, RZ ;	void cutlass::Kernel2<cutlass_80_wmma_tensorop_bf16_s161616gemm_bf16_32x32_128x2_tn_align8>(cutlass_80_wmma_tensorop_bf16_s161616gemm_bf16_32x32_128x2_tn_align8::Params)	_ZN7cutlass7Kernel2I68cutlass_80_wmma_tensorop_bf16_s161616gemm_bf16_32x32_128x2_tn_align8EEvNT_6ParamsE	0x7e1aa05fc300	761b14acafb8b02011e32d11bd437b63cca3fe882b9c4a02c89fd01d738ccb6a
617	617	9872	LOP3.LUT	NONE	0	0	0	LOP3.LUT R21, R28, 0x1ffffffe, RZ, 0xc0, !PT ;	void cutlass::Kernel2<cutlass_80_wmma_tensorop_bf16_s161616gemm_bf16_32x32_128x2_tn_align8>(cutlass_80_wmma_tensorop_bf16_s161616gemm_bf16_32x32_128x2_tn_align8::Params)	_ZN7cutlass7Kernel2I68cutlass_80_wmma_tensorop_bf16_s161616gemm_bf16_32x32_128x2_tn_align8EEvNT_6ParamsE	0x7e1aa05fc300	761b14acafb8b02011e32d11bd437b63cca3fe882b9c4a02c89fd01d738ccb6a
618	618	9888	IMAD.IADD	NONE	0	0	0	IMAD.IADD R19, R20, 0x1, -R19 ;	void cutlass::Kernel2<cutlass_80_wmma_tensorop_bf16_s161616gemm_bf16_32x32_128x2_tn_align8>(cutlass_80_wmma_tensorop_bf16_s161616gemm_bf16_32x32_128x2_tn_align8::Params)	_ZN7cutlass7Kernel2I68cutlass_80_wmma_tensorop_bf16_s161616gemm_bf16_32x32_128x2_tn_align8EEvNT_6ParamsE	0x7e1aa05fc300	761b14acafb8b02011e32d11bd437b63cca3fe882b9c4a02c89fd01d738ccb6a
619	619	9904	IMAD.MOV.U32	NONE	0	0	0	IMAD.MOV.U32 R20, RZ, RZ, c[0x0][0x174] ;	void cutlass::Kernel2<cutlass_80_wmma_tensorop_bf16_s161616gemm_bf16_32x32_128x2_tn_align8>(cutlass_80_wmma_tensorop_bf16_s161616gemm_bf16_32x32_128x2_tn_align8::Params)	_ZN7cutlass7Kernel2I68cutlass_80_wmma_tensorop_bf16_s161616gemm_bf16_32x32_128x2_tn_align8EEvNT_6ParamsE	0x7e1aa05fc300	761b14acafb8b02011e32d11bd437b63cca3fe882b9c4a02c89fd01d738ccb6a
620	620	9920	LOP3.LUT	NONE	0	0	0	LOP3.LUT R17, R17, 0xfffffff0, RZ, 0xc0, !PT ;	void cutlass::Kernel2<cutlass_80_wmma_tensorop_bf16_s161616gemm_bf16_32x32_128x2_tn_align8>(cutlass_80_wmma_tensorop_bf16_s161616gemm_bf16_32x32_128x2_tn_align8::Params)	_ZN7cutlass7Kernel2I68cutlass_80_wmma_tensorop_bf16_s161616gemm_bf16_32x32_128x2_tn_align8EEvNT_6ParamsE	0x7e1aa05fc300	761b14acafb8b02011e32d11bd437b63cca3fe882b9c4a02c89fd01d738ccb6a
621	621	9936	IMAD.SHL.U32	NONE	0	0	0	IMAD.SHL.U32 R30, R19, 0x4, RZ ;	void cutlass::Kernel2<cutlass_80_wmma_tensorop_bf16_s161616gemm_bf16_32x32_128x2_tn_align8>(cutlass_80_wmma_tensorop_bf16_s161616gemm_bf16_32x32_128x2_tn_align8::Params)	_ZN7cutlass7Kernel2I68cutlass_80_wmma_tensorop_bf16_s161616gemm_bf16_32x32_128x2_tn_align8EEvNT_6ParamsE	0x7e1aa05fc300	761b14acafb8b02011e32d11bd437b63cca3fe882b9c4a02c89fd01d738ccb6a
622	622	9952	IMAD.IADD	NONE	0	0	0	IMAD.IADD R21, R16, 0x1, -R21 ;	void cutlass::Kernel2<cutlass_80_wmma_tensorop_bf16_s161616gemm_bf16_32x32_128x2_tn_align8>(cutlass_80_wmma_tensorop_bf16_s161616gemm_bf16_32x32_128x2_tn_align8::Params)	_ZN7cutlass7Kernel2I68cutlass_80_wmma_tensorop_bf16_s161616gemm_bf16_32x32_128x2_tn_align8EEvNT_6ParamsE	0x7e1aa05fc300	761b14acafb8b02011e32d11bd437b63cca3fe882b9c4a02c89fd01d738ccb6a
623	623	9968	ISETP.GT.AND	NONE	0	0	0	ISETP.GT.AND P4, PT, R20, 0x1, PT ;	void cutlass::Kernel2<cutlass_80_wmma_tensorop_bf16_s161616gemm_bf16_32x32_128x2_tn_align8>(cutlass_80_wmma_tensorop_bf16_s161616gemm_bf16_32x32_128x2_tn_align8::Params)	_ZN7cutlass7Kernel2I68cutlass_80_wmma_tensorop_bf16_s161616gemm_bf16_32x32_128x2_tn_align8EEvNT_6ParamsE	0x7e1aa05fc300	761b14acafb8b02011e32d11bd437b63cca3fe882b9c4a02c89fd01d738ccb6a
624	624	9984	IMAD.IADD	NONE	0	0	0	IMAD.IADD R18, R17, 0x1, R18 ;	void cutlass::Kernel2<cutlass_80_wmma_tensorop_bf16_s161616gemm_bf16_32x32_128x2_tn_align8>(cutlass_80_wmma_tensorop_bf16_s161616gemm_bf16_32x32_128x2_tn_align8::Params)	_ZN7cutlass7Kernel2I68cutlass_80_wmma_tensorop_bf16_s161616gemm_bf16_32x32_128x2_tn_align8EEvNT_6ParamsE	0x7e1aa05fc300	761b14acafb8b02011e32d11bd437b63cca3fe882b9c4a02c89fd01d738ccb6a
625	625	10000	IMAD	NONE	0	0	0	IMAD R16, R15, 0x20, R30 ;	void cutlass::Kernel2<cutlass_80_wmma_tensorop_bf16_s161616gemm_bf16_32x32_128x2_tn_align8>(cutlass_80_wmma_tensorop_bf16_s161616gemm_bf16_32x32_128x2_tn_align8::Params)	_ZN7cutlass7Kernel2I68cutlass_80_wmma_tensorop_bf16_s161616gemm_bf16_32x32_128x2_tn_align8EEvNT_6ParamsE	0x7e1aa05fc300	761b14acafb8b02011e32d11bd437b63cca3fe882b9c4a02c89fd01d738ccb6a
626	626	10016	ISETP.EQ.AND	NONE	0	0	0	ISETP.EQ.AND P4, PT, RZ, c[0x0][0x17c], P4 ;	void cutlass::Kernel2<cutlass_80_wmma_tensorop_bf16_s161616gemm_bf16_32x32_128x2_tn_align8>(cutlass_80_wmma_tensorop_bf16_s161616gemm_bf16_32x32_128x2_tn_align8::Params)	_ZN7cutlass7Kernel2I68cutlass_80_wmma_tensorop_bf16_s161616gemm_bf16_32x32_128x2_tn_align8EEvNT_6ParamsE	0x7e1aa05fc300	761b14acafb8b02011e32d11bd437b63cca3fe882b9c4a02c89fd01d738ccb6a
627	627	10032	IMAD	NONE	0	0	0	IMAD R17, R21, 0x8, R18 ;	void cutlass::Kernel2<cutlass_80_wmma_tensorop_bf16_s161616gemm_bf16_32x32_128x2_tn_align8>(cutlass_80_wmma_tensorop_bf16_s161616gemm_bf16_32x32_128x2_tn_align8::Params)	_ZN7cutlass7Kernel2I68cutlass_80_wmma_tensorop_bf16_s161616gemm_bf16_32x32_128x2_tn_align8EEvNT_6ParamsE	0x7e1aa05fc300	761b14acafb8b02011e32d11bd437b63cca3fe882b9c4a02c89fd01d738ccb6a
628	628	10048	IMAD.WIDE	NONE	0	0	0	IMAD.WIDE R18, R16.reuse, 0x2, RZ ;	void cutlass::Kernel2<cutlass_80_wmma_tensorop_bf16_s161616gemm_bf16_32x32_128x2_tn_align8>(cutlass_80_wmma_tensorop_bf16_s161616gemm_bf16_32x32_128x2_tn_align8::Params)	_ZN7cutlass7Kernel2I68cutlass_80_wmma_tensorop_bf16_s161616gemm_bf16_32x32_128x2_tn_align8EEvNT_6ParamsE	0x7e1aa05fc300	761b14acafb8b02011e32d11bd437b63cca3fe882b9c4a02c89fd01d738ccb6a
629	629	10064	ISETP.GE.AND	NONE	0	0	0	ISETP.GE.AND P2, PT, R16, c[0x0][0x164], PT ;	void cutlass::Kernel2<cutlass_80_wmma_tensorop_bf16_s161616gemm_bf16_32x32_128x2_tn_align8>(cutlass_80_wmma_tensorop_bf16_s161616gemm_bf16_32x32_128x2_tn_align8::Params)	_ZN7cutlass7Kernel2I68cutlass_80_wmma_tensorop_bf16_s161616gemm_bf16_32x32_128x2_tn_align8EEvNT_6ParamsE	0x7e1aa05fc300	761b14acafb8b02011e32d11bd437b63cca3fe882b9c4a02c89fd01d738ccb6a
630	630	10080	IMAD	NONE	0	0	0	IMAD R22, R22, 0x20, R17 ;	void cutlass::Kernel2<cutlass_80_wmma_tensorop_bf16_s161616gemm_bf16_32x32_128x2_tn_align8>(cutlass_80_wmma_tensorop_bf16_s161616gemm_bf16_32x32_128x2_tn_align8::Params)	_ZN7cutlass7Kernel2I68cutlass_80_wmma_tensorop_bf16_s161616gemm_bf16_32x32_128x2_tn_align8EEvNT_6ParamsE	0x7e1aa05fc300	761b14acafb8b02011e32d11bd437b63cca3fe882b9c4a02c89fd01d738ccb6a
631	631	10096	LOP3.LUT	NONE	0	0	0	LOP3.LUT R18, R18, 0xfffffff8, RZ, 0xc0, !PT ;	void cutlass::Kernel2<cutlass_80_wmma_tensorop_bf16_s161616gemm_bf16_32x32_128x2_tn_align8>(cutlass_80_wmma_tensorop_bf16_s161616gemm_bf16_32x32_128x2_tn_align8::Params)	_ZN7cutlass7Kernel2I68cutlass_80_wmma_tensorop_bf16_s161616gemm_bf16_32x32_128x2_tn_align8EEvNT_6ParamsE	0x7e1aa05fc300	761b14acafb8b02011e32d11bd437b63cca3fe882b9c4a02c89fd01d738ccb6a
632	632	10112	IMAD.SHL.U32	NONE	0	0	0	IMAD.SHL.U32 R30, R30, 0x4, RZ ;	void cutlass::Kernel2<cutlass_80_wmma_tensorop_bf16_s161616gemm_bf16_32x32_128x2_tn_align8>(cutlass_80_wmma_tensorop_bf16_s161616gemm_bf16_32x32_128x2_tn_align8::Params)	_ZN7cutlass7Kernel2I68cutlass_80_wmma_tensorop_bf16_s161616gemm_bf16_32x32_128x2_tn_align8EEvNT_6ParamsE	0x7e1aa05fc300	761b14acafb8b02011e32d11bd437b63cca3fe882b9c4a02c89fd01d738ccb6a
633	633	10128	LOP3.LUT	NONE	0	0	0	LOP3.LUT R19, R19, 0x3fffffff, RZ, 0xc0, !PT ;	void cutlass::Kernel2<cutlass_80_wmma_tensorop_bf16_s161616gemm_bf16_32x32_128x2_tn_align8>(cutlass_80_wmma_tensorop_bf16_s161616gemm_bf16_32x32_128x2_tn_align8::Params)	_ZN7cutlass7Kernel2I68cutlass_80_wmma_tensorop_bf16_s161616gemm_bf16_32x32_128x2_tn_align8EEvNT_6ParamsE	0x7e1aa05fc300	761b14acafb8b02011e32d11bd437b63cca3fe882b9c4a02c89fd01d738ccb6a
634	634	10144	SHF.R.S32.HI	NONE	0	0	0	SHF.R.S32.HI R15, RZ, 0x1f, R22 ;	void cutlass::Kernel2<cutlass_80_wmma_tensorop_bf16_s161616gemm_bf16_32x32_128x2_tn_align8>(cutlass_80_wmma_tensorop_bf16_s161616gemm_bf16_32x32_128x2_tn_align8::Params)	_ZN7cutlass7Kernel2I68cutlass_80_wmma_tensorop_bf16_s161616gemm_bf16_32x32_128x2_tn_align8EEvNT_6ParamsE	0x7e1aa05fc300	761b14acafb8b02011e32d11bd437b63cca3fe882b9c4a02c89fd01d738ccb6a
635	635	10160	ISETP.NE.AND.EX	NONE	0	0	0	ISETP.NE.AND.EX P3, PT, R3, RZ, !P2, P1 ;	void cutlass::Kernel2<cutlass_80_wmma_tensorop_bf16_s161616gemm_bf16_32x32_128x2_tn_align8>(cutlass_80_wmma_tensorop_bf16_s161616gemm_bf16_32x32_128x2_tn_align8::Params)	_ZN7cutlass7Kernel2I68cutlass_80_wmma_tensorop_bf16_s161616gemm_bf16_32x32_128x2_tn_align8EEvNT_6ParamsE	0x7e1aa05fc300	761b14acafb8b02011e32d11bd437b63cca3fe882b9c4a02c89fd01d738ccb6a
636	636	10176	IMAD.WIDE.U32	NONE	0	0	0	IMAD.WIDE.U32 R28, R22, c[0x0][0x1d8], R18.reuse ;	void cutlass::Kernel2<cutlass_80_wmma_tensorop_bf16_s161616gemm_bf16_32x32_128x2_tn_align8>(cutlass_80_wmma_tensorop_bf16_s161616gemm_bf16_32x32_128x2_tn_align8::Params)	_ZN7cutlass7Kernel2I68cutlass_80_wmma_tensorop_bf16_s161616gemm_bf16_32x32_128x2_tn_align8EEvNT_6ParamsE	0x7e1aa05fc300	761b14acafb8b02011e32d11bd437b63cca3fe882b9c4a02c89fd01d738ccb6a
637	637	10192	LOP3.LUT	NONE	0	0	0	LOP3.LUT R30, R30, 0xfffffff0, RZ, 0xc0, !PT ;	void cutlass::Kernel2<cutlass_80_wmma_tensorop_bf16_s161616gemm_bf16_32x32_128x2_tn_align8>(cutlass_80_wmma_tensorop_bf16_s161616gemm_bf16_32x32_128x2_tn_align8::Params)	_ZN7cutlass7Kernel2I68cutlass_80_wmma_tensorop_bf16_s161616gemm_bf16_32x32_128x2_tn_align8EEvNT_6ParamsE	0x7e1aa05fc300	761b14acafb8b02011e32d11bd437b63cca3fe882b9c4a02c89fd01d738ccb6a
638	638	10208	ISETP.NE.U32.AND	NONE	0	0	0	ISETP.NE.U32.AND P1, PT, R12, RZ, PT ;	void cutlass::Kernel2<cutlass_80_wmma_tensorop_bf16_s161616gemm_bf16_32x32_128x2_tn_align8>(cutlass_80_wmma_tensorop_bf16_s161616gemm_bf16_32x32_128x2_tn_align8::Params)	_ZN7cutlass7Kernel2I68cutlass_80_wmma_tensorop_bf16_s161616gemm_bf16_32x32_128x2_tn_align8EEvNT_6ParamsE	0x7e1aa05fc300	761b14acafb8b02011e32d11bd437b63cca3fe882b9c4a02c89fd01d738ccb6a
639	639	10224	IMAD	NONE	0	0	0	IMAD R21, R15, c[0x0][0x1d8], RZ ;	void cutlass::Kernel2<cutlass_80_wmma_tensorop_bf16_s161616gemm_bf16_32x32_128x2_tn_align8>(cutlass_80_wmma_tensorop_bf16_s161616gemm_bf16_32x32_128x2_tn_align8::Params)	_ZN7cutlass7Kernel2I68cutlass_80_wmma_tensorop_bf16_s161616gemm_bf16_32x32_128x2_tn_align8EEvNT_6ParamsE	0x7e1aa05fc300	761b14acafb8b02011e32d11bd437b63cca3fe882b9c4a02c89fd01d738ccb6a
640	640	10240	IADD3	NONE	0	0	0	IADD3 R2, P0, R2, R28, RZ ;	void cutlass::Kernel2<cutlass_80_wmma_tensorop_bf16_s161616gemm_bf16_32x32_128x2_tn_align8>(cutlass_80_wmma_tensorop_bf16_s161616gemm_bf16_32x32_128x2_tn_align8::Params)	_ZN7cutlass7Kernel2I68cutlass_80_wmma_tensorop_bf16_s161616gemm_bf16_32x32_128x2_tn_align8EEvNT_6ParamsE	0x7e1aa05fc300	761b14acafb8b02011e32d11bd437b63cca3fe882b9c4a02c89fd01d738ccb6a
641	641	10256	IMAD.WIDE.U32	NONE	0	0	0	IMAD.WIDE.U32 R18, R22, c[0x0][0x218], R18 ;	void cutlass::Kernel2<cutlass_80_wmma_tensorop_bf16_s161616gemm_bf16_32x32_128x2_tn_align8>(cutlass_80_wmma_tensorop_bf16_s161616gemm_bf16_32x32_128x2_tn_align8::Params)	_ZN7cutlass7Kernel2I68cutlass_80_wmma_tensorop_bf16_s161616gemm_bf16_32x32_128x2_tn_align8EEvNT_6ParamsE	0x7e1aa05fc300	761b14acafb8b02011e32d11bd437b63cca3fe882b9c4a02c89fd01d738ccb6a
642	642	10272	ISETP.NE.AND.EX	NONE	0	0	0	ISETP.NE.AND.EX P2, PT, R13, RZ, !P2, P1 ;	void cutlass::Kernel2<cutlass_80_wmma_tensorop_bf16_s161616gemm_bf16_32x32_128x2_tn_align8>(cutlass_80_wmma_tensorop_bf16_s161616gemm_bf16_32x32_128x2_tn_align8::Params)	_ZN7cutlass7Kernel2I68cutlass_80_wmma_tensorop_bf16_s161616gemm_bf16_32x32_128x2_tn_align8EEvNT_6ParamsE	0x7e1aa05fc300	761b14acafb8b02011e32d11bd437b63cca3fe882b9c4a02c89fd01d738ccb6a
643	643	10288	IMAD	NONE	0	0	0	IMAD R16, R22.reuse, c[0x0][0x1dc], R21 ;	void cutlass::Kernel2<cutlass_80_wmma_tensorop_bf16_s161616gemm_bf16_32x32_128x2_tn_align8>(cutlass_80_wmma_tensorop_bf16_s161616gemm_bf16_32x32_128x2_tn_align8::Params)	_ZN7cutlass7Kernel2I68cutlass_80_wmma_tensorop_bf16_s161616gemm_bf16_32x32_128x2_tn_align8EEvNT_6ParamsE	0x7e1aa05fc300	761b14acafb8b02011e32d11bd437b63cca3fe882b9c4a02c89fd01d738ccb6a
644	644	10304	IMAD	NONE	0	0	0	IMAD R15, R15, c[0x0][0x218], RZ ;	void cutlass::Kernel2<cutlass_80_wmma_tensorop_bf16_s161616gemm_bf16_32x32_128x2_tn_align8>(cutlass_80_wmma_tensorop_bf16_s161616gemm_bf16_32x32_128x2_tn_align8::Params)	_ZN7cutlass7Kernel2I68cutlass_80_wmma_tensorop_bf16_s161616gemm_bf16_32x32_128x2_tn_align8EEvNT_6ParamsE	0x7e1aa05fc300	761b14acafb8b02011e32d11bd437b63cca3fe882b9c4a02c89fd01d738ccb6a
645	645	10320	IMAD	NONE	0	0	0	IMAD R30, R17, 0xa0, R30 ;	void cutlass::Kernel2<cutlass_80_wmma_tensorop_bf16_s161616gemm_bf16_32x32_128x2_tn_align8>(cutlass_80_wmma_tensorop_bf16_s161616gemm_bf16_32x32_128x2_tn_align8::Params)	_ZN7cutlass7Kernel2I68cutlass_80_wmma_tensorop_bf16_s161616gemm_bf16_32x32_128x2_tn_align8EEvNT_6ParamsE	0x7e1aa05fc300	761b14acafb8b02011e32d11bd437b63cca3fe882b9c4a02c89fd01d738ccb6a
646	646	10336	IADD3.X	NONE	0	0	0	IADD3.X R3, R3, R29, R16, P0, !PT ;	void cutlass::Kernel2<cutlass_80_wmma_tensorop_bf16_s161616gemm_bf16_32x32_128x2_tn_align8>(cutlass_80_wmma_tensorop_bf16_s161616gemm_bf16_32x32_128x2_tn_align8::Params)	_ZN7cutlass7Kernel2I68cutlass_80_wmma_tensorop_bf16_s161616gemm_bf16_32x32_128x2_tn_align8EEvNT_6ParamsE	0x7e1aa05fc300	761b14acafb8b02011e32d11bd437b63cca3fe882b9c4a02c89fd01d738ccb6a
647	647	10352	IMAD	NONE	0	0	0	IMAD R16, R22, c[0x0][0x21c], R15 ;	void cutlass::Kernel2<cutlass_80_wmma_tensorop_bf16_s161616gemm_bf16_32x32_128x2_tn_align8>(cutlass_80_wmma_tensorop_bf16_s161616gemm_bf16_32x32_128x2_tn_align8::Params)	_ZN7cutlass7Kernel2I68cutlass_80_wmma_tensorop_bf16_s161616gemm_bf16_32x32_128x2_tn_align8EEvNT_6ParamsE	0x7e1aa05fc300	761b14acafb8b02011e32d11bd437b63cca3fe882b9c4a02c89fd01d738ccb6a
648	648	10368	IADD3	NONE	0	0	0	IADD3 R28, P0, R12, R18, RZ ;	void cutlass::Kernel2<cutlass_80_wmma_tensorop_bf16_s161616gemm_bf16_32x32_128x2_tn_align8>(cutlass_80_wmma_tensorop_bf16_s161616gemm_bf16_32x32_128x2_tn_align8::Params)	_ZN7cutlass7Kernel2I68cutlass_80_wmma_tensorop_bf16_s161616gemm_bf16_32x32_128x2_tn_align8EEvNT_6ParamsE	0x7e1aa05fc300	761b14acafb8b02011e32d11bd437b63cca3fe882b9c4a02c89fd01d738ccb6a
649	649	10384	IMAD.MOV.U32	NONE	0	0	0	IMAD.MOV.U32 R12, RZ, RZ, c[0x0][0x1e4] ;	void cutlass::Kernel2<cutlass_80_wmma_tensorop_bf16_s161616gemm_bf16_32x32_128x2_tn_align8>(cutlass_80_wmma_tensorop_bf16_s161616gemm_bf16_32x32_128x2_tn_align8::Params)	_ZN7cutlass7Kernel2I68cutlass_80_wmma_tensorop_bf16_s161616gemm_bf16_32x32_128x2_tn_align8EEvNT_6ParamsE	0x7e1aa05fc300	761b14acafb8b02011e32d11bd437b63cca3fe882b9c4a02c89fd01d738ccb6a
650	650	10400	SEL	NONE	0	0	0	SEL R15, RZ, 0x1, !P3 ;	void cutlass::Kernel2<cutlass_80_wmma_tensorop_bf16_s161616gemm_bf16_32x32_128x2_tn_align8>(cutlass_80_wmma_tensorop_bf16_s161616gemm_bf16_32x32_128x2_tn_align8::Params)	_ZN7cutlass7Kernel2I68cutlass_80_wmma_tensorop_bf16_s161616gemm_bf16_32x32_128x2_tn_align8EEvNT_6ParamsE	0x7e1aa05fc300	761b14acafb8b02011e32d11bd437b63cca3fe882b9c4a02c89fd01d738ccb6a
651	651	10416	IADD3.X	NONE	0	0	0	IADD3.X R29, R13, R19, R16, P0, !PT ;	void cutlass::Kernel2<cutlass_80_wmma_tensorop_bf16_s161616gemm_bf16_32x32_128x2_tn_align8>(cutlass_80_wmma_tensorop_bf16_s161616gemm_bf16_32x32_128x2_tn_align8::Params)	_ZN7cutlass7Kernel2I68cutlass_80_wmma_tensorop_bf16_s161616gemm_bf16_32x32_128x2_tn_align8EEvNT_6ParamsE	0x7e1aa05fc300	761b14acafb8b02011e32d11bd437b63cca3fe882b9c4a02c89fd01d738ccb6a
652	652	10432	IMAD.MOV.U32	NONE	0	0	0	IMAD.MOV.U32 R13, RZ, RZ, c[0x0][0x1e0] ;	void cutlass::Kernel2<cutlass_80_wmma_tensorop_bf16_s161616gemm_bf16_32x32_128x2_tn_align8>(cutlass_80_wmma_tensorop_bf16_s161616gemm_bf16_32x32_128x2_tn_align8::Params)	_ZN7cutlass7Kernel2I68cutlass_80_wmma_tensorop_bf16_s161616gemm_bf16_32x32_128x2_tn_align8EEvNT_6ParamsE	0x7e1aa05fc300	761b14acafb8b02011e32d11bd437b63cca3fe882b9c4a02c89fd01d738ccb6a
653	653	10448	BRA	NONE	0	0	0	@!P4 BRA 0x2a60 ;	void cutlass::Kernel2<cutlass_80_wmma_tensorop_bf16_s161616gemm_bf16_32x32_128x2_tn_align8>(cutlass_80_wmma_tensorop_bf16_s161616gemm_bf16_32x32_128x2_tn_align8::Params)	_ZN7cutlass7Kernel2I68cutlass_80_wmma_tensorop_bf16_s161616gemm_bf16_32x32_128x2_tn_align8EEvNT_6ParamsE	0x7e1aa05fc300	761b14acafb8b02011e32d11bd437b63cca3fe882b9c4a02c89fd01d738ccb6a
654	654	10464	ISETP.NE.AND	NONE	0	0	0	ISETP.NE.AND P0, PT, R14, R73, PT ;	void cutlass::Kernel2<cutlass_80_wmma_tensorop_bf16_s161616gemm_bf16_32x32_128x2_tn_align8>(cutlass_80_wmma_tensorop_bf16_s161616gemm_bf16_32x32_128x2_tn_align8::Params)	_ZN7cutlass7Kernel2I68cutlass_80_wmma_tensorop_bf16_s161616gemm_bf16_32x32_128x2_tn_align8EEvNT_6ParamsE	0x7e1aa05fc300	761b14acafb8b02011e32d11bd437b63cca3fe882b9c4a02c89fd01d738ccb6a
655	655	10480	IMAD.MOV.U32	NONE	0	0	0	IMAD.MOV.U32 R13, RZ, RZ, c[0x0][0x1e0] ;	void cutlass::Kernel2<cutlass_80_wmma_tensorop_bf16_s161616gemm_bf16_32x32_128x2_tn_align8>(cutlass_80_wmma_tensorop_bf16_s161616gemm_bf16_32x32_128x2_tn_align8::Params)	_ZN7cutlass7Kernel2I68cutlass_80_wmma_tensorop_bf16_s161616gemm_bf16_32x32_128x2_tn_align8EEvNT_6ParamsE	0x7e1aa05fc300	761b14acafb8b02011e32d11bd437b63cca3fe882b9c4a02c89fd01d738ccb6a
656	656	10496	BAR.RED.AND.DEFER_BLOCKING	NONE	0	0	0	BAR.RED.AND.DEFER_BLOCKING 0x0, P0 ;	void cutlass::Kernel2<cutlass_80_wmma_tensorop_bf16_s161616gemm_bf16_32x32_128x2_tn_align8>(cutlass_80_wmma_tensorop_bf16_s161616gemm_bf16_32x32_128x2_tn_align8::Params)	_ZN7cutlass7Kernel2I68cutlass_80_wmma_tensorop_bf16_s161616gemm_bf16_32x32_128x2_tn_align8EEvNT_6ParamsE	0x7e1aa05fc300	761b14acafb8b02011e32d11bd437b63cca3fe882b9c4a02c89fd01d738ccb6a
657	657	10512	ISETP.NE.AND	NONE	0	0	0	ISETP.NE.AND P1, PT, R73, RZ, PT ;	void cutlass::Kernel2<cutlass_80_wmma_tensorop_bf16_s161616gemm_bf16_32x32_128x2_tn_align8>(cutlass_80_wmma_tensorop_bf16_s161616gemm_bf16_32x32_128x2_tn_align8::Params)	_ZN7cutlass7Kernel2I68cutlass_80_wmma_tensorop_bf16_s161616gemm_bf16_32x32_128x2_tn_align8EEvNT_6ParamsE	0x7e1aa05fc300	761b14acafb8b02011e32d11bd437b63cca3fe882b9c4a02c89fd01d738ccb6a
658	658	10528	IMAD.MOV.U32	NONE	0	0	0	IMAD.MOV.U32 R12, RZ, RZ, c[0x0][0x1e4] ;	void cutlass::Kernel2<cutlass_80_wmma_tensorop_bf16_s161616gemm_bf16_32x32_128x2_tn_align8>(cutlass_80_wmma_tensorop_bf16_s161616gemm_bf16_32x32_128x2_tn_align8::Params)	_ZN7cutlass7Kernel2I68cutlass_80_wmma_tensorop_bf16_s161616gemm_bf16_32x32_128x2_tn_align8EEvNT_6ParamsE	0x7e1aa05fc300	761b14acafb8b02011e32d11bd437b63cca3fe882b9c4a02c89fd01d738ccb6a
659	659	10544	SEL	NONE	0	0	0	SEL R2, R2, R28, !P1 ;	void cutlass::Kernel2<cutlass_80_wmma_tensorop_bf16_s161616gemm_bf16_32x32_128x2_tn_align8>(cutlass_80_wmma_tensorop_bf16_s161616gemm_bf16_32x32_128x2_tn_align8::Params)	_ZN7cutlass7Kernel2I68cutlass_80_wmma_tensorop_bf16_s161616gemm_bf16_32x32_128x2_tn_align8EEvNT_6ParamsE	0x7e1aa05fc300	761b14acafb8b02011e32d11bd437b63cca3fe882b9c4a02c89fd01d738ccb6a
660	660	10560	SEL	NONE	0	0	0	SEL R3, R3, R29, !P1 ;	void cutlass::Kernel2<cutlass_80_wmma_tensorop_bf16_s161616gemm_bf16_32x32_128x2_tn_align8>(cutlass_80_wmma_tensorop_bf16_s161616gemm_bf16_32x32_128x2_tn_align8::Params)	_ZN7cutlass7Kernel2I68cutlass_80_wmma_tensorop_bf16_s161616gemm_bf16_32x32_128x2_tn_align8EEvNT_6ParamsE	0x7e1aa05fc300	761b14acafb8b02011e32d11bd437b63cca3fe882b9c4a02c89fd01d738ccb6a
661	661	10576	SEL	NONE	0	0	0	SEL R13, R13, c[0x0][0x220], !P1 ;	void cutlass::Kernel2<cutlass_80_wmma_tensorop_bf16_s161616gemm_bf16_32x32_128x2_tn_align8>(cutlass_80_wmma_tensorop_bf16_s161616gemm_bf16_32x32_128x2_tn_align8::Params)	_ZN7cutlass7Kernel2I68cutlass_80_wmma_tensorop_bf16_s161616gemm_bf16_32x32_128x2_tn_align8EEvNT_6ParamsE	0x7e1aa05fc300	761b14acafb8b02011e32d11bd437b63cca3fe882b9c4a02c89fd01d738ccb6a
662	662	10592	SEL	NONE	0	0	0	SEL R12, R12, c[0x0][0x224], !P1 ;	void cutlass::Kernel2<cutlass_80_wmma_tensorop_bf16_s161616gemm_bf16_32x32_128x2_tn_align8>(cutlass_80_wmma_tensorop_bf16_s161616gemm_bf16_32x32_128x2_tn_align8::Params)	_ZN7cutlass7Kernel2I68cutlass_80_wmma_tensorop_bf16_s161616gemm_bf16_32x32_128x2_tn_align8EEvNT_6ParamsE	0x7e1aa05fc300	761b14acafb8b02011e32d11bd437b63cca3fe882b9c4a02c89fd01d738ccb6a
663	663	10608	SEL	NONE	0	0	0	@P1 SEL R15, RZ, 0x1, !P2 ;	void cutlass::Kernel2<cutlass_80_wmma_tensorop_bf16_s161616gemm_bf16_32x32_128x2_tn_align8>(cutlass_80_wmma_tensorop_bf16_s161616gemm_bf16_32x32_128x2_tn_align8::Params)	_ZN7cutlass7Kernel2I68cutlass_80_wmma_tensorop_bf16_s161616gemm_bf16_32x32_128x2_tn_align8EEvNT_6ParamsE	0x7e1aa05fc300	761b14acafb8b02011e32d11bd437b63cca3fe882b9c4a02c89fd01d738ccb6a
664	664	10624	B2R.RESULT	NONE	0	0	0	B2R.RESULT RZ, P0 ;	void cutlass::Kernel2<cutlass_80_wmma_tensorop_bf16_s161616gemm_bf16_32x32_128x2_tn_align8>(cutlass_80_wmma_tensorop_bf16_s161616gemm_bf16_32x32_128x2_tn_align8::Params)	_ZN7cutlass7Kernel2I68cutlass_80_wmma_tensorop_bf16_s161616gemm_bf16_32x32_128x2_tn_align8EEvNT_6ParamsE	0x7e1aa05fc300	761b14acafb8b02011e32d11bd437b63cca3fe882b9c4a02c89fd01d738ccb6a
665	665	10640	BRA	NONE	0	0	0	@!P0 BRA 0x2a40 ;	void cutlass::Kernel2<cutlass_80_wmma_tensorop_bf16_s161616gemm_bf16_32x32_128x2_tn_align8>(cutlass_80_wmma_tensorop_bf16_s161616gemm_bf16_32x32_128x2_tn_align8::Params)	_ZN7cutlass7Kernel2I68cutlass_80_wmma_tensorop_bf16_s161616gemm_bf16_32x32_128x2_tn_align8EEvNT_6ParamsE	0x7e1aa05fc300	761b14acafb8b02011e32d11bd437b63cca3fe882b9c4a02c89fd01d738ccb6a
666	666	10656	ISETP.GT.AND	NONE	0	0	0	ISETP.GT.AND P1, PT, R0, RZ, PT ;	void cutlass::Kernel2<cutlass_80_wmma_tensorop_bf16_s161616gemm_bf16_32x32_128x2_tn_align8>(cutlass_80_wmma_tensorop_bf16_s161616gemm_bf16_32x32_128x2_tn_align8::Params)	_ZN7cutlass7Kernel2I68cutlass_80_wmma_tensorop_bf16_s161616gemm_bf16_32x32_128x2_tn_align8EEvNT_6ParamsE	0x7e1aa05fc300	761b14acafb8b02011e32d11bd437b63cca3fe882b9c4a02c89fd01d738ccb6a
667	667	10672	YIELD	NONE	0	0	0	YIELD ;	void cutlass::Kernel2<cutlass_80_wmma_tensorop_bf16_s161616gemm_bf16_32x32_128x2_tn_align8>(cutlass_80_wmma_tensorop_bf16_s161616gemm_bf16_32x32_128x2_tn_align8::Params)	_ZN7cutlass7Kernel2I68cutlass_80_wmma_tensorop_bf16_s161616gemm_bf16_32x32_128x2_tn_align8EEvNT_6ParamsE	0x7e1aa05fc300	761b14acafb8b02011e32d11bd437b63cca3fe882b9c4a02c89fd01d738ccb6a
668	668	10688	BRA	NONE	0	0	0	@P1 BRA 0x29f0 ;	void cutlass::Kernel2<cutlass_80_wmma_tensorop_bf16_s161616gemm_bf16_32x32_128x2_tn_align8>(cutlass_80_wmma_tensorop_bf16_s161616gemm_bf16_32x32_128x2_tn_align8::Params)	_ZN7cutlass7Kernel2I68cutlass_80_wmma_tensorop_bf16_s161616gemm_bf16_32x32_128x2_tn_align8EEvNT_6ParamsE	0x7e1aa05fc300	761b14acafb8b02011e32d11bd437b63cca3fe882b9c4a02c89fd01d738ccb6a
669	669	10704	LDG.E.STRONG.GPU	GLOBAL	1	0	1	LDG.E.STRONG.GPU R14, [R26.64] ;	void cutlass::Kernel2<cutlass_80_wmma_tensorop_bf16_s161616gemm_bf16_32x32_128x2_tn_align8>(cutlass_80_wmma_tensorop_bf16_s161616gemm_bf16_32x32_128x2_tn_align8::Params)	_ZN7cutlass7Kernel2I68cutlass_80_wmma_tensorop_bf16_s161616gemm_bf16_32x32_128x2_tn_align8EEvNT_6ParamsE	0x7e1aa05fc300	761b14acafb8b02011e32d11bd437b63cca3fe882b9c4a02c89fd01d738ccb6a
670	670	10720	CCTL.IVALL	NONE	0	0	0	CCTL.IVALL ;	void cutlass::Kernel2<cutlass_80_wmma_tensorop_bf16_s161616gemm_bf16_32x32_128x2_tn_align8>(cutlass_80_wmma_tensorop_bf16_s161616gemm_bf16_32x32_128x2_tn_align8::Params)	_ZN7cutlass7Kernel2I68cutlass_80_wmma_tensorop_bf16_s161616gemm_bf16_32x32_128x2_tn_align8EEvNT_6ParamsE	0x7e1aa05fc300	761b14acafb8b02011e32d11bd437b63cca3fe882b9c4a02c89fd01d738ccb6a
671	671	10736	ISETP.NE.AND	NONE	0	0	0	ISETP.NE.AND P0, PT, R14, R73, PT ;	void cutlass::Kernel2<cutlass_80_wmma_tensorop_bf16_s161616gemm_bf16_32x32_128x2_tn_align8>(cutlass_80_wmma_tensorop_bf16_s161616gemm_bf16_32x32_128x2_tn_align8::Params)	_ZN7cutlass7Kernel2I68cutlass_80_wmma_tensorop_bf16_s161616gemm_bf16_32x32_128x2_tn_align8EEvNT_6ParamsE	0x7e1aa05fc300	761b14acafb8b02011e32d11bd437b63cca3fe882b9c4a02c89fd01d738ccb6a
672	672	10752	WARPSYNC	NONE	0	0	0	WARPSYNC 0xffffffff ;	void cutlass::Kernel2<cutlass_80_wmma_tensorop_bf16_s161616gemm_bf16_32x32_128x2_tn_align8>(cutlass_80_wmma_tensorop_bf16_s161616gemm_bf16_32x32_128x2_tn_align8::Params)	_ZN7cutlass7Kernel2I68cutlass_80_wmma_tensorop_bf16_s161616gemm_bf16_32x32_128x2_tn_align8EEvNT_6ParamsE	0x7e1aa05fc300	761b14acafb8b02011e32d11bd437b63cca3fe882b9c4a02c89fd01d738ccb6a
673	673	10768	BAR.RED.AND.DEFER_BLOCKING	NONE	0	0	0	BAR.RED.AND.DEFER_BLOCKING 0x0, P0 ;	void cutlass::Kernel2<cutlass_80_wmma_tensorop_bf16_s161616gemm_bf16_32x32_128x2_tn_align8>(cutlass_80_wmma_tensorop_bf16_s161616gemm_bf16_32x32_128x2_tn_align8::Params)	_ZN7cutlass7Kernel2I68cutlass_80_wmma_tensorop_bf16_s161616gemm_bf16_32x32_128x2_tn_align8EEvNT_6ParamsE	0x7e1aa05fc300	761b14acafb8b02011e32d11bd437b63cca3fe882b9c4a02c89fd01d738ccb6a
674	674	10784	B2R.RESULT	NONE	0	0	0	B2R.RESULT RZ, P0 ;	void cutlass::Kernel2<cutlass_80_wmma_tensorop_bf16_s161616gemm_bf16_32x32_128x2_tn_align8>(cutlass_80_wmma_tensorop_bf16_s161616gemm_bf16_32x32_128x2_tn_align8::Params)	_ZN7cutlass7Kernel2I68cutlass_80_wmma_tensorop_bf16_s161616gemm_bf16_32x32_128x2_tn_align8EEvNT_6ParamsE	0x7e1aa05fc300	761b14acafb8b02011e32d11bd437b63cca3fe882b9c4a02c89fd01d738ccb6a
675	675	10800	BRA	NONE	0	0	0	@P0 BRA 0x29b0 ;	void cutlass::Kernel2<cutlass_80_wmma_tensorop_bf16_s161616gemm_bf16_32x32_128x2_tn_align8>(cutlass_80_wmma_tensorop_bf16_s161616gemm_bf16_32x32_128x2_tn_align8::Params)	_ZN7cutlass7Kernel2I68cutlass_80_wmma_tensorop_bf16_s161616gemm_bf16_32x32_128x2_tn_align8EEvNT_6ParamsE	0x7e1aa05fc300	761b14acafb8b02011e32d11bd437b63cca3fe882b9c4a02c89fd01d738ccb6a
676	676	10816	WARPSYNC	NONE	0	0	0	WARPSYNC 0xffffffff ;	void cutlass::Kernel2<cutlass_80_wmma_tensorop_bf16_s161616gemm_bf16_32x32_128x2_tn_align8>(cutlass_80_wmma_tensorop_bf16_s161616gemm_bf16_32x32_128x2_tn_align8::Params)	_ZN7cutlass7Kernel2I68cutlass_80_wmma_tensorop_bf16_s161616gemm_bf16_32x32_128x2_tn_align8EEvNT_6ParamsE	0x7e1aa05fc300	761b14acafb8b02011e32d11bd437b63cca3fe882b9c4a02c89fd01d738ccb6a
677	677	10832	BAR.SYNC.DEFER_BLOCKING	NONE	0	0	0	BAR.SYNC.DEFER_BLOCKING 0x0 ;	void cutlass::Kernel2<cutlass_80_wmma_tensorop_bf16_s161616gemm_bf16_32x32_128x2_tn_align8>(cutlass_80_wmma_tensorop_bf16_s161616gemm_bf16_32x32_128x2_tn_align8::Params)	_ZN7cutlass7Kernel2I68cutlass_80_wmma_tensorop_bf16_s161616gemm_bf16_32x32_128x2_tn_align8EEvNT_6ParamsE	0x7e1aa05fc300	761b14acafb8b02011e32d11bd437b63cca3fe882b9c4a02c89fd01d738ccb6a
678	678	10848	FSETP.NEU.AND	NONE	0	0	0	FSETP.NEU.AND P0, PT, R25, RZ, PT ;	void cutlass::Kernel2<cutlass_80_wmma_tensorop_bf16_s161616gemm_bf16_32x32_128x2_tn_align8>(cutlass_80_wmma_tensorop_bf16_s161616gemm_bf16_32x32_128x2_tn_align8::Params)	_ZN7cutlass7Kernel2I68cutlass_80_wmma_tensorop_bf16_s161616gemm_bf16_32x32_128x2_tn_align8EEvNT_6ParamsE	0x7e1aa05fc300	761b14acafb8b02011e32d11bd437b63cca3fe882b9c4a02c89fd01d738ccb6a
679	679	10864	BSSY	NONE	0	0	0	BSSY B0, 0x3180 ;	void cutlass::Kernel2<cutlass_80_wmma_tensorop_bf16_s161616gemm_bf16_32x32_128x2_tn_align8>(cutlass_80_wmma_tensorop_bf16_s161616gemm_bf16_32x32_128x2_tn_align8::Params)	_ZN7cutlass7Kernel2I68cutlass_80_wmma_tensorop_bf16_s161616gemm_bf16_32x32_128x2_tn_align8EEvNT_6ParamsE	0x7e1aa05fc300	761b14acafb8b02011e32d11bd437b63cca3fe882b9c4a02c89fd01d738ccb6a
680	680	10880	BRA	NONE	0	0	0	@!P0 BRA 0x2ef0 ;	void cutlass::Kernel2<cutlass_80_wmma_tensorop_bf16_s161616gemm_bf16_32x32_128x2_tn_align8>(cutlass_80_wmma_tensorop_bf16_s161616gemm_bf16_32x32_128x2_tn_align8::Params)	_ZN7cutlass7Kernel2I68cutlass_80_wmma_tensorop_bf16_s161616gemm_bf16_32x32_128x2_tn_align8EEvNT_6ParamsE	0x7e1aa05fc300	761b14acafb8b02011e32d11bd437b63cca3fe882b9c4a02c89fd01d738ccb6a
681	681	10896	PRMT	NONE	0	0	0	PRMT R15, R15, 0x9910, RZ ;	void cutlass::Kernel2<cutlass_80_wmma_tensorop_bf16_s161616gemm_bf16_32x32_128x2_tn_align8>(cutlass_80_wmma_tensorop_bf16_s161616gemm_bf16_32x32_128x2_tn_align8::Params)	_ZN7cutlass7Kernel2I68cutlass_80_wmma_tensorop_bf16_s161616gemm_bf16_32x32_128x2_tn_align8EEvNT_6ParamsE	0x7e1aa05fc300	761b14acafb8b02011e32d11bd437b63cca3fe882b9c4a02c89fd01d738ccb6a
682	682	10912	CS2R	NONE	0	0	0	CS2R R20, SRZ ;	void cutlass::Kernel2<cutlass_80_wmma_tensorop_bf16_s161616gemm_bf16_32x32_128x2_tn_align8>(cutlass_80_wmma_tensorop_bf16_s161616gemm_bf16_32x32_128x2_tn_align8::Params)	_ZN7cutlass7Kernel2I68cutlass_80_wmma_tensorop_bf16_s161616gemm_bf16_32x32_128x2_tn_align8EEvNT_6ParamsE	0x7e1aa05fc300	761b14acafb8b02011e32d11bd437b63cca3fe882b9c4a02c89fd01d738ccb6a
683	683	10928	ISETP.NE.AND	NONE	0	0	0	ISETP.NE.AND P1, PT, R15, RZ, PT ;	void cutlass::Kernel2<cutlass_80_wmma_tensorop_bf16_s161616gemm_bf16_32x32_128x2_tn_align8>(cutlass_80_wmma_tensorop_bf16_s161616gemm_bf16_32x32_128x2_tn_align8::Params)	_ZN7cutlass7Kernel2I68cutlass_80_wmma_tensorop_bf16_s161616gemm_bf16_32x32_128x2_tn_align8EEvNT_6ParamsE	0x7e1aa05fc300	761b14acafb8b02011e32d11bd437b63cca3fe882b9c4a02c89fd01d738ccb6a
684	684	10944	ISETP.LT.AND	NONE	0	0	0	ISETP.LT.AND P0, PT, R22.reuse, c[0x0][0x160], P1 ;	void cutlass::Kernel2<cutlass_80_wmma_tensorop_bf16_s161616gemm_bf16_32x32_128x2_tn_align8>(cutlass_80_wmma_tensorop_bf16_s161616gemm_bf16_32x32_128x2_tn_align8::Params)	_ZN7cutlass7Kernel2I68cutlass_80_wmma_tensorop_bf16_s161616gemm_bf16_32x32_128x2_tn_align8EEvNT_6ParamsE	0x7e1aa05fc300	761b14acafb8b02011e32d11bd437b63cca3fe882b9c4a02c89fd01d738ccb6a
685	685	10960	IADD3	NONE	0	0	0	IADD3 R31, R22, 0x4, RZ ;	void cutlass::Kernel2<cutlass_80_wmma_tensorop_bf16_s161616gemm_bf16_32x32_128x2_tn_align8>(cutlass_80_wmma_tensorop_bf16_s161616gemm_bf16_32x32_128x2_tn_align8::Params)	_ZN7cutlass7Kernel2I68cutlass_80_wmma_tensorop_bf16_s161616gemm_bf16_32x32_128x2_tn_align8EEvNT_6ParamsE	0x7e1aa05fc300	761b14acafb8b02011e32d11bd437b63cca3fe882b9c4a02c89fd01d738ccb6a
686	686	10976	IMAD.MOV.U32	NONE	0	0	0	@P0 IMAD.MOV.U32 R16, RZ, RZ, R2 ;	void cutlass::Kernel2<cutlass_80_wmma_tensorop_bf16_s161616gemm_bf16_32x32_128x2_tn_align8>(cutlass_80_wmma_tensorop_bf16_s161616gemm_bf16_32x32_128x2_tn_align8::Params)	_ZN7cutlass7Kernel2I68cutlass_80_wmma_tensorop_bf16_s161616gemm_bf16_32x32_128x2_tn_align8EEvNT_6ParamsE	0x7e1aa05fc300	761b14acafb8b02011e32d11bd437b63cca3fe882b9c4a02c89fd01d738ccb6a
687	687	10992	IMAD.MOV.U32	NONE	0	0	0	@P0 IMAD.MOV.U32 R17, RZ, RZ, R3 ;	void cutlass::Kernel2<cutlass_80_wmma_tensorop_bf16_s161616gemm_bf16_32x32_128x2_tn_align8>(cutlass_80_wmma_tensorop_bf16_s161616gemm_bf16_32x32_128x2_tn_align8::Params)	_ZN7cutlass7Kernel2I68cutlass_80_wmma_tensorop_bf16_s161616gemm_bf16_32x32_128x2_tn_align8EEvNT_6ParamsE	0x7e1aa05fc300	761b14acafb8b02011e32d11bd437b63cca3fe882b9c4a02c89fd01d738ccb6a
688	688	11008	LDG.E.LTC128B.64	GLOBAL	1	0	1	@P0 LDG.E.LTC128B.64 R20, [R16.64] ;	void cutlass::Kernel2<cutlass_80_wmma_tensorop_bf16_s161616gemm_bf16_32x32_128x2_tn_align8>(cutlass_80_wmma_tensorop_bf16_s161616gemm_bf16_32x32_128x2_tn_align8::Params)	_ZN7cutlass7Kernel2I68cutlass_80_wmma_tensorop_bf16_s161616gemm_bf16_32x32_128x2_tn_align8EEvNT_6ParamsE	0x7e1aa05fc300	761b14acafb8b02011e32d11bd437b63cca3fe882b9c4a02c89fd01d738ccb6a
689	689	11024	ISETP.LT.AND	NONE	0	0	0	ISETP.LT.AND P0, PT, R31, c[0x0][0x160], P1 ;	void cutlass::Kernel2<cutlass_80_wmma_tensorop_bf16_s161616gemm_bf16_32x32_128x2_tn_align8>(cutlass_80_wmma_tensorop_bf16_s161616gemm_bf16_32x32_128x2_tn_align8::Params)	_ZN7cutlass7Kernel2I68cutlass_80_wmma_tensorop_bf16_s161616gemm_bf16_32x32_128x2_tn_align8EEvNT_6ParamsE	0x7e1aa05fc300	761b14acafb8b02011e32d11bd437b63cca3fe882b9c4a02c89fd01d738ccb6a
690	690	11040	IADD3	NONE	0	0	0	IADD3 R14, P1, R13, R2, RZ ;	void cutlass::Kernel2<cutlass_80_wmma_tensorop_bf16_s161616gemm_bf16_32x32_128x2_tn_align8>(cutlass_80_wmma_tensorop_bf16_s161616gemm_bf16_32x32_128x2_tn_align8::Params)	_ZN7cutlass7Kernel2I68cutlass_80_wmma_tensorop_bf16_s161616gemm_bf16_32x32_128x2_tn_align8EEvNT_6ParamsE	0x7e1aa05fc300	761b14acafb8b02011e32d11bd437b63cca3fe882b9c4a02c89fd01d738ccb6a
691	691	11056	IMAD.X	NONE	0	0	0	IMAD.X R15, R12, 0x1, R3, P1 ;	void cutlass::Kernel2<cutlass_80_wmma_tensorop_bf16_s161616gemm_bf16_32x32_128x2_tn_align8>(cutlass_80_wmma_tensorop_bf16_s161616gemm_bf16_32x32_128x2_tn_align8::Params)	_ZN7cutlass7Kernel2I68cutlass_80_wmma_tensorop_bf16_s161616gemm_bf16_32x32_128x2_tn_align8EEvNT_6ParamsE	0x7e1aa05fc300	761b14acafb8b02011e32d11bd437b63cca3fe882b9c4a02c89fd01d738ccb6a
692	692	11072	CS2R	NONE	0	0	0	CS2R R2, SRZ ;	void cutlass::Kernel2<cutlass_80_wmma_tensorop_bf16_s161616gemm_bf16_32x32_128x2_tn_align8>(cutlass_80_wmma_tensorop_bf16_s161616gemm_bf16_32x32_128x2_tn_align8::Params)	_ZN7cutlass7Kernel2I68cutlass_80_wmma_tensorop_bf16_s161616gemm_bf16_32x32_128x2_tn_align8EEvNT_6ParamsE	0x7e1aa05fc300	761b14acafb8b02011e32d11bd437b63cca3fe882b9c4a02c89fd01d738ccb6a
693	693	11088	LDG.E.LTC128B.64	GLOBAL	1	0	1	@P0 LDG.E.LTC128B.64 R2, [R14.64] ;	void cutlass::Kernel2<cutlass_80_wmma_tensorop_bf16_s161616gemm_bf16_32x32_128x2_tn_align8>(cutlass_80_wmma_tensorop_bf16_s161616gemm_bf16_32x32_128x2_tn_align8::Params)	_ZN7cutlass7Kernel2I68cutlass_80_wmma_tensorop_bf16_s161616gemm_bf16_32x32_128x2_tn_align8EEvNT_6ParamsE	0x7e1aa05fc300	761b14acafb8b02011e32d11bd437b63cca3fe882b9c4a02c89fd01d738ccb6a
694	694	11104	USHF.L.U32	NONE	0	0	0	USHF.L.U32 UR6, UR6, 0x2, URZ ;	void cutlass::Kernel2<cutlass_80_wmma_tensorop_bf16_s161616gemm_bf16_32x32_128x2_tn_align8>(cutlass_80_wmma_tensorop_bf16_s161616gemm_bf16_32x32_128x2_tn_align8::Params)	_ZN7cutlass7Kernel2I68cutlass_80_wmma_tensorop_bf16_s161616gemm_bf16_32x32_128x2_tn_align8EEvNT_6ParamsE	0x7e1aa05fc300	761b14acafb8b02011e32d11bd437b63cca3fe882b9c4a02c89fd01d738ccb6a
695	695	11120	BAR.SYNC.DEFER_BLOCKING	NONE	0	0	0	BAR.SYNC.DEFER_BLOCKING 0x0 ;	void cutlass::Kernel2<cutlass_80_wmma_tensorop_bf16_s161616gemm_bf16_32x32_128x2_tn_align8>(cutlass_80_wmma_tensorop_bf16_s161616gemm_bf16_32x32_128x2_tn_align8::Params)	_ZN7cutlass7Kernel2I68cutlass_80_wmma_tensorop_bf16_s161616gemm_bf16_32x32_128x2_tn_align8EEvNT_6ParamsE	0x7e1aa05fc300	761b14acafb8b02011e32d11bd437b63cca3fe882b9c4a02c89fd01d738ccb6a
696	696	11136	ISETP.LT.AND	NONE	0	0	0	ISETP.LT.AND P0, PT, R22, c[0x0][0x160], P2 ;	void cutlass::Kernel2<cutlass_80_wmma_tensorop_bf16_s161616gemm_bf16_32x32_128x2_tn_align8>(cutlass_80_wmma_tensorop_bf16_s161616gemm_bf16_32x32_128x2_tn_align8::Params)	_ZN7cutlass7Kernel2I68cutlass_80_wmma_tensorop_bf16_s161616gemm_bf16_32x32_128x2_tn_align8EEvNT_6ParamsE	0x7e1aa05fc300	761b14acafb8b02011e32d11bd437b63cca3fe882b9c4a02c89fd01d738ccb6a
697	697	11152	ISETP.LT.AND	NONE	0	0	0	ISETP.LT.AND P1, PT, R31, c[0x0][0x160], P2 ;	void cutlass::Kernel2<cutlass_80_wmma_tensorop_bf16_s161616gemm_bf16_32x32_128x2_tn_align8>(cutlass_80_wmma_tensorop_bf16_s161616gemm_bf16_32x32_128x2_tn_align8::Params)	_ZN7cutlass7Kernel2I68cutlass_80_wmma_tensorop_bf16_s161616gemm_bf16_32x32_128x2_tn_align8EEvNT_6ParamsE	0x7e1aa05fc300	761b14acafb8b02011e32d11bd437b63cca3fe882b9c4a02c89fd01d738ccb6a
698	698	11168	S2R	NONE	0	0	0	S2R R12, SR_LANEID ;	void cutlass::Kernel2<cutlass_80_wmma_tensorop_bf16_s161616gemm_bf16_32x32_128x2_tn_align8>(cutlass_80_wmma_tensorop_bf16_s161616gemm_bf16_32x32_128x2_tn_align8::Params)	_ZN7cutlass7Kernel2I68cutlass_80_wmma_tensorop_bf16_s161616gemm_bf16_32x32_128x2_tn_align8EEvNT_6ParamsE	0x7e1aa05fc300	761b14acafb8b02011e32d11bd437b63cca3fe882b9c4a02c89fd01d738ccb6a
699	699	11184	SHF.R.U32.HI	NONE	0	0	0	SHF.R.U32.HI R13, RZ, 0x2, R12 ;	void cutlass::Kernel2<cutlass_80_wmma_tensorop_bf16_s161616gemm_bf16_32x32_128x2_tn_align8>(cutlass_80_wmma_tensorop_bf16_s161616gemm_bf16_32x32_128x2_tn_align8::Params)	_ZN7cutlass7Kernel2I68cutlass_80_wmma_tensorop_bf16_s161616gemm_bf16_32x32_128x2_tn_align8EEvNT_6ParamsE	0x7e1aa05fc300	761b14acafb8b02011e32d11bd437b63cca3fe882b9c4a02c89fd01d738ccb6a
700	700	11200	LOP3.LUT	NONE	0	0	0	LOP3.LUT R12, R12, 0x3, RZ, 0xc0, !PT ;	void cutlass::Kernel2<cutlass_80_wmma_tensorop_bf16_s161616gemm_bf16_32x32_128x2_tn_align8>(cutlass_80_wmma_tensorop_bf16_s161616gemm_bf16_32x32_128x2_tn_align8::Params)	_ZN7cutlass7Kernel2I68cutlass_80_wmma_tensorop_bf16_s161616gemm_bf16_32x32_128x2_tn_align8EEvNT_6ParamsE	0x7e1aa05fc300	761b14acafb8b02011e32d11bd437b63cca3fe882b9c4a02c89fd01d738ccb6a
701	701	11216	IMAD	NONE	0	0	0	IMAD R33, R13, 0x14, R12 ;	void cutlass::Kernel2<cutlass_80_wmma_tensorop_bf16_s161616gemm_bf16_32x32_128x2_tn_align8>(cutlass_80_wmma_tensorop_bf16_s161616gemm_bf16_32x32_128x2_tn_align8::Params)	_ZN7cutlass7Kernel2I68cutlass_80_wmma_tensorop_bf16_s161616gemm_bf16_32x32_128x2_tn_align8EEvNT_6ParamsE	0x7e1aa05fc300	761b14acafb8b02011e32d11bd437b63cca3fe882b9c4a02c89fd01d738ccb6a
702	702	11232	STS.64	SHARED	0	1	1	STS.64 [R33.X8+UR6], R4 ;	void cutlass::Kernel2<cutlass_80_wmma_tensorop_bf16_s161616gemm_bf16_32x32_128x2_tn_align8>(cutlass_80_wmma_tensorop_bf16_s161616gemm_bf16_32x32_128x2_tn_align8::Params)	_ZN7cutlass7Kernel2I68cutlass_80_wmma_tensorop_bf16_s161616gemm_bf16_32x32_128x2_tn_align8EEvNT_6ParamsE	0x7e1aa05fc300	761b14acafb8b02011e32d11bd437b63cca3fe882b9c4a02c89fd01d738ccb6a
703	703	11248	STS.64	SHARED	0	1	1	STS.64 [R33.X8+UR6+0x500], R6 ;	void cutlass::Kernel2<cutlass_80_wmma_tensorop_bf16_s161616gemm_bf16_32x32_128x2_tn_align8>(cutlass_80_wmma_tensorop_bf16_s161616gemm_bf16_32x32_128x2_tn_align8::Params)	_ZN7cutlass7Kernel2I68cutlass_80_wmma_tensorop_bf16_s161616gemm_bf16_32x32_128x2_tn_align8EEvNT_6ParamsE	0x7e1aa05fc300	761b14acafb8b02011e32d11bd437b63cca3fe882b9c4a02c89fd01d738ccb6a
704	704	11264	STS.64	SHARED	0	1	1	STS.64 [R33.X8+UR6+0x20], R8 ;	void cutlass::Kernel2<cutlass_80_wmma_tensorop_bf16_s161616gemm_bf16_32x32_128x2_tn_align8>(cutlass_80_wmma_tensorop_bf16_s161616gemm_bf16_32x32_128x2_tn_align8::Params)	_ZN7cutlass7Kernel2I68cutlass_80_wmma_tensorop_bf16_s161616gemm_bf16_32x32_128x2_tn_align8EEvNT_6ParamsE	0x7e1aa05fc300	761b14acafb8b02011e32d11bd437b63cca3fe882b9c4a02c89fd01d738ccb6a
705	705	11280	STS.64	SHARED	0	1	1	STS.64 [R33.X8+UR6+0x520], R10 ;	void cutlass::Kernel2<cutlass_80_wmma_tensorop_bf16_s161616gemm_bf16_32x32_128x2_tn_align8>(cutlass_80_wmma_tensorop_bf16_s161616gemm_bf16_32x32_128x2_tn_align8::Params)	_ZN7cutlass7Kernel2I68cutlass_80_wmma_tensorop_bf16_s161616gemm_bf16_32x32_128x2_tn_align8EEvNT_6ParamsE	0x7e1aa05fc300	761b14acafb8b02011e32d11bd437b63cca3fe882b9c4a02c89fd01d738ccb6a
706	706	11296	BAR.SYNC.DEFER_BLOCKING	NONE	0	0	0	BAR.SYNC.DEFER_BLOCKING 0x0 ;	void cutlass::Kernel2<cutlass_80_wmma_tensorop_bf16_s161616gemm_bf16_32x32_128x2_tn_align8>(cutlass_80_wmma_tensorop_bf16_s161616gemm_bf16_32x32_128x2_tn_align8::Params)	_ZN7cutlass7Kernel2I68cutlass_80_wmma_tensorop_bf16_s161616gemm_bf16_32x32_128x2_tn_align8EEvNT_6ParamsE	0x7e1aa05fc300	761b14acafb8b02011e32d11bd437b63cca3fe882b9c4a02c89fd01d738ccb6a
707	707	11312	LDS.128	SHARED	1	0	1	LDS.128 R16, [R30] ;	void cutlass::Kernel2<cutlass_80_wmma_tensorop_bf16_s161616gemm_bf16_32x32_128x2_tn_align8>(cutlass_80_wmma_tensorop_bf16_s161616gemm_bf16_32x32_128x2_tn_align8::Params)	_ZN7cutlass7Kernel2I68cutlass_80_wmma_tensorop_bf16_s161616gemm_bf16_32x32_128x2_tn_align8EEvNT_6ParamsE	0x7e1aa05fc300	761b14acafb8b02011e32d11bd437b63cca3fe882b9c4a02c89fd01d738ccb6a
708	708	11328	LDS.128	SHARED	1	0	1	LDS.128 R12, [R30+0x280] ;	void cutlass::Kernel2<cutlass_80_wmma_tensorop_bf16_s161616gemm_bf16_32x32_128x2_tn_align8>(cutlass_80_wmma_tensorop_bf16_s161616gemm_bf16_32x32_128x2_tn_align8::Params)	_ZN7cutlass7Kernel2I68cutlass_80_wmma_tensorop_bf16_s161616gemm_bf16_32x32_128x2_tn_align8EEvNT_6ParamsE	0x7e1aa05fc300	761b14acafb8b02011e32d11bd437b63cca3fe882b9c4a02c89fd01d738ccb6a
709	709	11344	LOP3.LUT	NONE	0	0	0	LOP3.LUT R34, R20.reuse, 0xffff0000, RZ, 0xc0, !PT ;	void cutlass::Kernel2<cutlass_80_wmma_tensorop_bf16_s161616gemm_bf16_32x32_128x2_tn_align8>(cutlass_80_wmma_tensorop_bf16_s161616gemm_bf16_32x32_128x2_tn_align8::Params)	_ZN7cutlass7Kernel2I68cutlass_80_wmma_tensorop_bf16_s161616gemm_bf16_32x32_128x2_tn_align8EEvNT_6ParamsE	0x7e1aa05fc300	761b14acafb8b02011e32d11bd437b63cca3fe882b9c4a02c89fd01d738ccb6a
710	710	11360	IMAD.U32	NONE	0	0	0	IMAD.U32 R32, R20, 0x10000, RZ ;	void cutlass::Kernel2<cutlass_80_wmma_tensorop_bf16_s161616gemm_bf16_32x32_128x2_tn_align8>(cutlass_80_wmma_tensorop_bf16_s161616gemm_bf16_32x32_128x2_tn_align8::Params)	_ZN7cutlass7Kernel2I68cutlass_80_wmma_tensorop_bf16_s161616gemm_bf16_32x32_128x2_tn_align8EEvNT_6ParamsE	0x7e1aa05fc300	761b14acafb8b02011e32d11bd437b63cca3fe882b9c4a02c89fd01d738ccb6a
711	711	11376	LOP3.LUT	NONE	0	0	0	LOP3.LUT R36, R21.reuse, 0xffff0000, RZ, 0xc0, !PT ;	void cutlass::Kernel2<cutlass_80_wmma_tensorop_bf16_s161616gemm_bf16_32x32_128x2_tn_align8>(cutlass_80_wmma_tensorop_bf16_s161616gemm_bf16_32x32_128x2_tn_align8::Params)	_ZN7cutlass7Kernel2I68cutlass_80_wmma_tensorop_bf16_s161616gemm_bf16_32x32_128x2_tn_align8EEvNT_6ParamsE	0x7e1aa05fc300	761b14acafb8b02011e32d11bd437b63cca3fe882b9c4a02c89fd01d738ccb6a
712	712	11392	IMAD.U32	NONE	0	0	0	IMAD.U32 R20, R21, 0x10000, RZ ;	void cutlass::Kernel2<cutlass_80_wmma_tensorop_bf16_s161616gemm_bf16_32x32_128x2_tn_align8>(cutlass_80_wmma_tensorop_bf16_s161616gemm_bf16_32x32_128x2_tn_align8::Params)	_ZN7cutlass7Kernel2I68cutlass_80_wmma_tensorop_bf16_s161616gemm_bf16_32x32_128x2_tn_align8EEvNT_6ParamsE	0x7e1aa05fc300	761b14acafb8b02011e32d11bd437b63cca3fe882b9c4a02c89fd01d738ccb6a
713	713	11408	FMUL	NONE	0	0	0	FMUL R5, R32, R25.reuse ;	void cutlass::Kernel2<cutlass_80_wmma_tensorop_bf16_s161616gemm_bf16_32x32_128x2_tn_align8>(cutlass_80_wmma_tensorop_bf16_s161616gemm_bf16_32x32_128x2_tn_align8::Params)	_ZN7cutlass7Kernel2I68cutlass_80_wmma_tensorop_bf16_s161616gemm_bf16_32x32_128x2_tn_align8EEvNT_6ParamsE	0x7e1aa05fc300	761b14acafb8b02011e32d11bd437b63cca3fe882b9c4a02c89fd01d738ccb6a
714	714	11424	FMUL	NONE	0	0	0	FMUL R34, R34, R25.reuse ;	void cutlass::Kernel2<cutlass_80_wmma_tensorop_bf16_s161616gemm_bf16_32x32_128x2_tn_align8>(cutlass_80_wmma_tensorop_bf16_s161616gemm_bf16_32x32_128x2_tn_align8::Params)	_ZN7cutlass7Kernel2I68cutlass_80_wmma_tensorop_bf16_s161616gemm_bf16_32x32_128x2_tn_align8EEvNT_6ParamsE	0x7e1aa05fc300	761b14acafb8b02011e32d11bd437b63cca3fe882b9c4a02c89fd01d738ccb6a
715	715	11440	FMUL	NONE	0	0	0	FMUL R7, R20, R25.reuse ;	void cutlass::Kernel2<cutlass_80_wmma_tensorop_bf16_s161616gemm_bf16_32x32_128x2_tn_align8>(cutlass_80_wmma_tensorop_bf16_s161616gemm_bf16_32x32_128x2_tn_align8::Params)	_ZN7cutlass7Kernel2I68cutlass_80_wmma_tensorop_bf16_s161616gemm_bf16_32x32_128x2_tn_align8EEvNT_6ParamsE	0x7e1aa05fc300	761b14acafb8b02011e32d11bd437b63cca3fe882b9c4a02c89fd01d738ccb6a
716	716	11456	FMUL	NONE	0	0	0	FMUL R36, R36, R25 ;	void cutlass::Kernel2<cutlass_80_wmma_tensorop_bf16_s161616gemm_bf16_32x32_128x2_tn_align8>(cutlass_80_wmma_tensorop_bf16_s161616gemm_bf16_32x32_128x2_tn_align8::Params)	_ZN7cutlass7Kernel2I68cutlass_80_wmma_tensorop_bf16_s161616gemm_bf16_32x32_128x2_tn_align8EEvNT_6ParamsE	0x7e1aa05fc300	761b14acafb8b02011e32d11bd437b63cca3fe882b9c4a02c89fd01d738ccb6a
717	717	11472	FFMA	NONE	0	0	0	FFMA R16, R16, R24.reuse, R5 ;	void cutlass::Kernel2<cutlass_80_wmma_tensorop_bf16_s161616gemm_bf16_32x32_128x2_tn_align8>(cutlass_80_wmma_tensorop_bf16_s161616gemm_bf16_32x32_128x2_tn_align8::Params)	_ZN7cutlass7Kernel2I68cutlass_80_wmma_tensorop_bf16_s161616gemm_bf16_32x32_128x2_tn_align8EEvNT_6ParamsE	0x7e1aa05fc300	761b14acafb8b02011e32d11bd437b63cca3fe882b9c4a02c89fd01d738ccb6a
718	718	11488	FFMA	NONE	0	0	0	FFMA R34, R17, R24.reuse, R34 ;	void cutlass::Kernel2<cutlass_80_wmma_tensorop_bf16_s161616gemm_bf16_32x32_128x2_tn_align8>(cutlass_80_wmma_tensorop_bf16_s161616gemm_bf16_32x32_128x2_tn_align8::Params)	_ZN7cutlass7Kernel2I68cutlass_80_wmma_tensorop_bf16_s161616gemm_bf16_32x32_128x2_tn_align8EEvNT_6ParamsE	0x7e1aa05fc300	761b14acafb8b02011e32d11bd437b63cca3fe882b9c4a02c89fd01d738ccb6a
719	719	11504	LOP3.LUT	NONE	0	0	0	LOP3.LUT R8, R2, 0xffff0000, RZ, 0xc0, !PT ;	void cutlass::Kernel2<cutlass_80_wmma_tensorop_bf16_s161616gemm_bf16_32x32_128x2_tn_align8>(cutlass_80_wmma_tensorop_bf16_s161616gemm_bf16_32x32_128x2_tn_align8::Params)	_ZN7cutlass7Kernel2I68cutlass_80_wmma_tensorop_bf16_s161616gemm_bf16_32x32_128x2_tn_align8EEvNT_6ParamsE	0x7e1aa05fc300	761b14acafb8b02011e32d11bd437b63cca3fe882b9c4a02c89fd01d738ccb6a
720	720	11520	FFMA	NONE	0	0	0	FFMA R18, R18, R24.reuse, R7 ;	void cutlass::Kernel2<cutlass_80_wmma_tensorop_bf16_s161616gemm_bf16_32x32_128x2_tn_align8>(cutlass_80_wmma_tensorop_bf16_s161616gemm_bf16_32x32_128x2_tn_align8::Params)	_ZN7cutlass7Kernel2I68cutlass_80_wmma_tensorop_bf16_s161616gemm_bf16_32x32_128x2_tn_align8EEvNT_6ParamsE	0x7e1aa05fc300	761b14acafb8b02011e32d11bd437b63cca3fe882b9c4a02c89fd01d738ccb6a
721	721	11536	FMNMX	NONE	0	0	0	FMNMX R4, R16, R23.reuse, !PT ;	void cutlass::Kernel2<cutlass_80_wmma_tensorop_bf16_s161616gemm_bf16_32x32_128x2_tn_align8>(cutlass_80_wmma_tensorop_bf16_s161616gemm_bf16_32x32_128x2_tn_align8::Params)	_ZN7cutlass7Kernel2I68cutlass_80_wmma_tensorop_bf16_s161616gemm_bf16_32x32_128x2_tn_align8EEvNT_6ParamsE	0x7e1aa05fc300	761b14acafb8b02011e32d11bd437b63cca3fe882b9c4a02c89fd01d738ccb6a
722	722	11552	FFMA	NONE	0	0	0	FFMA R36, R19, R24, R36 ;	void cutlass::Kernel2<cutlass_80_wmma_tensorop_bf16_s161616gemm_bf16_32x32_128x2_tn_align8>(cutlass_80_wmma_tensorop_bf16_s161616gemm_bf16_32x32_128x2_tn_align8::Params)	_ZN7cutlass7Kernel2I68cutlass_80_wmma_tensorop_bf16_s161616gemm_bf16_32x32_128x2_tn_align8EEvNT_6ParamsE	0x7e1aa05fc300	761b14acafb8b02011e32d11bd437b63cca3fe882b9c4a02c89fd01d738ccb6a
723	723	11568	FMNMX	NONE	0	0	0	FMNMX R7, R34, R23.reuse, !PT ;	void cutlass::Kernel2<cutlass_80_wmma_tensorop_bf16_s161616gemm_bf16_32x32_128x2_tn_align8>(cutlass_80_wmma_tensorop_bf16_s161616gemm_bf16_32x32_128x2_tn_align8::Params)	_ZN7cutlass7Kernel2I68cutlass_80_wmma_tensorop_bf16_s161616gemm_bf16_32x32_128x2_tn_align8EEvNT_6ParamsE	0x7e1aa05fc300	761b14acafb8b02011e32d11bd437b63cca3fe882b9c4a02c89fd01d738ccb6a
724	724	11584	IMAD.U32	NONE	0	0	0	IMAD.U32 R6, R2, 0x10000, RZ ;	void cutlass::Kernel2<cutlass_80_wmma_tensorop_bf16_s161616gemm_bf16_32x32_128x2_tn_align8>(cutlass_80_wmma_tensorop_bf16_s161616gemm_bf16_32x32_128x2_tn_align8::Params)	_ZN7cutlass7Kernel2I68cutlass_80_wmma_tensorop_bf16_s161616gemm_bf16_32x32_128x2_tn_align8EEvNT_6ParamsE	0x7e1aa05fc300	761b14acafb8b02011e32d11bd437b63cca3fe882b9c4a02c89fd01d738ccb6a
725	725	11600	LOP3.LUT	NONE	0	0	0	LOP3.LUT R10, R3.reuse, 0xffff0000, RZ, 0xc0, !PT ;	void cutlass::Kernel2<cutlass_80_wmma_tensorop_bf16_s161616gemm_bf16_32x32_128x2_tn_align8>(cutlass_80_wmma_tensorop_bf16_s161616gemm_bf16_32x32_128x2_tn_align8::Params)	_ZN7cutlass7Kernel2I68cutlass_80_wmma_tensorop_bf16_s161616gemm_bf16_32x32_128x2_tn_align8EEvNT_6ParamsE	0x7e1aa05fc300	761b14acafb8b02011e32d11bd437b63cca3fe882b9c4a02c89fd01d738ccb6a
726	726	11616	IMAD.U32	NONE	0	0	0	IMAD.U32 R2, R3, 0x10000, RZ ;	void cutlass::Kernel2<cutlass_80_wmma_tensorop_bf16_s161616gemm_bf16_32x32_128x2_tn_align8>(cutlass_80_wmma_tensorop_bf16_s161616gemm_bf16_32x32_128x2_tn_align8::Params)	_ZN7cutlass7Kernel2I68cutlass_80_wmma_tensorop_bf16_s161616gemm_bf16_32x32_128x2_tn_align8EEvNT_6ParamsE	0x7e1aa05fc300	761b14acafb8b02011e32d11bd437b63cca3fe882b9c4a02c89fd01d738ccb6a
727	727	11632	FMNMX	NONE	0	0	0	FMNMX R5, R18, R23, !PT ;	void cutlass::Kernel2<cutlass_80_wmma_tensorop_bf16_s161616gemm_bf16_32x32_128x2_tn_align8>(cutlass_80_wmma_tensorop_bf16_s161616gemm_bf16_32x32_128x2_tn_align8::Params)	_ZN7cutlass7Kernel2I68cutlass_80_wmma_tensorop_bf16_s161616gemm_bf16_32x32_128x2_tn_align8EEvNT_6ParamsE	0x7e1aa05fc300	761b14acafb8b02011e32d11bd437b63cca3fe882b9c4a02c89fd01d738ccb6a
728	728	11648	FMUL	NONE	0	0	0	FMUL R3, R6, R25 ;	void cutlass::Kernel2<cutlass_80_wmma_tensorop_bf16_s161616gemm_bf16_32x32_128x2_tn_align8>(cutlass_80_wmma_tensorop_bf16_s161616gemm_bf16_32x32_128x2_tn_align8::Params)	_ZN7cutlass7Kernel2I68cutlass_80_wmma_tensorop_bf16_s161616gemm_bf16_32x32_128x2_tn_align8EEvNT_6ParamsE	0x7e1aa05fc300	761b14acafb8b02011e32d11bd437b63cca3fe882b9c4a02c89fd01d738ccb6a
729	729	11664	FMNMX	NONE	0	0	0	FMNMX R36, R36, R23, !PT ;	void cutlass::Kernel2<cutlass_80_wmma_tensorop_bf16_s161616gemm_bf16_32x32_128x2_tn_align8>(cutlass_80_wmma_tensorop_bf16_s161616gemm_bf16_32x32_128x2_tn_align8::Params)	_ZN7cutlass7Kernel2I68cutlass_80_wmma_tensorop_bf16_s161616gemm_bf16_32x32_128x2_tn_align8EEvNT_6ParamsE	0x7e1aa05fc300	761b14acafb8b02011e32d11bd437b63cca3fe882b9c4a02c89fd01d738ccb6a
730	730	11680	FMUL	NONE	0	0	0	FMUL R8, R8, R25.reuse ;	void cutlass::Kernel2<cutlass_80_wmma_tensorop_bf16_s161616gemm_bf16_32x32_128x2_tn_align8>(cutlass_80_wmma_tensorop_bf16_s161616gemm_bf16_32x32_128x2_tn_align8::Params)	_ZN7cutlass7Kernel2I68cutlass_80_wmma_tensorop_bf16_s161616gemm_bf16_32x32_128x2_tn_align8EEvNT_6ParamsE	0x7e1aa05fc300	761b14acafb8b02011e32d11bd437b63cca3fe882b9c4a02c89fd01d738ccb6a
731	731	11696	F2FP.BF16.F32.PACK_AB	NONE	0	0	0	F2FP.BF16.F32.PACK_AB R4, R7, R4 ;	void cutlass::Kernel2<cutlass_80_wmma_tensorop_bf16_s161616gemm_bf16_32x32_128x2_tn_align8>(cutlass_80_wmma_tensorop_bf16_s161616gemm_bf16_32x32_128x2_tn_align8::Params)	_ZN7cutlass7Kernel2I68cutlass_80_wmma_tensorop_bf16_s161616gemm_bf16_32x32_128x2_tn_align8EEvNT_6ParamsE	0x7e1aa05fc300	761b14acafb8b02011e32d11bd437b63cca3fe882b9c4a02c89fd01d738ccb6a
732	732	11712	FMUL	NONE	0	0	0	FMUL R7, R2, R25 ;	void cutlass::Kernel2<cutlass_80_wmma_tensorop_bf16_s161616gemm_bf16_32x32_128x2_tn_align8>(cutlass_80_wmma_tensorop_bf16_s161616gemm_bf16_32x32_128x2_tn_align8::Params)	_ZN7cutlass7Kernel2I68cutlass_80_wmma_tensorop_bf16_s161616gemm_bf16_32x32_128x2_tn_align8EEvNT_6ParamsE	0x7e1aa05fc300	761b14acafb8b02011e32d11bd437b63cca3fe882b9c4a02c89fd01d738ccb6a
733	733	11728	F2FP.BF16.F32.PACK_AB	NONE	0	0	0	F2FP.BF16.F32.PACK_AB R5, R36, R5 ;	void cutlass::Kernel2<cutlass_80_wmma_tensorop_bf16_s161616gemm_bf16_32x32_128x2_tn_align8>(cutlass_80_wmma_tensorop_bf16_s161616gemm_bf16_32x32_128x2_tn_align8::Params)	_ZN7cutlass7Kernel2I68cutlass_80_wmma_tensorop_bf16_s161616gemm_bf16_32x32_128x2_tn_align8EEvNT_6ParamsE	0x7e1aa05fc300	761b14acafb8b02011e32d11bd437b63cca3fe882b9c4a02c89fd01d738ccb6a
734	734	11744	FMUL	NONE	0	0	0	FMUL R10, R10, R25 ;	void cutlass::Kernel2<cutlass_80_wmma_tensorop_bf16_s161616gemm_bf16_32x32_128x2_tn_align8>(cutlass_80_wmma_tensorop_bf16_s161616gemm_bf16_32x32_128x2_tn_align8::Params)	_ZN7cutlass7Kernel2I68cutlass_80_wmma_tensorop_bf16_s161616gemm_bf16_32x32_128x2_tn_align8EEvNT_6ParamsE	0x7e1aa05fc300	761b14acafb8b02011e32d11bd437b63cca3fe882b9c4a02c89fd01d738ccb6a
735	735	11760	FFMA	NONE	0	0	0	FFMA R12, R12, R24.reuse, R3 ;	void cutlass::Kernel2<cutlass_80_wmma_tensorop_bf16_s161616gemm_bf16_32x32_128x2_tn_align8>(cutlass_80_wmma_tensorop_bf16_s161616gemm_bf16_32x32_128x2_tn_align8::Params)	_ZN7cutlass7Kernel2I68cutlass_80_wmma_tensorop_bf16_s161616gemm_bf16_32x32_128x2_tn_align8EEvNT_6ParamsE	0x7e1aa05fc300	761b14acafb8b02011e32d11bd437b63cca3fe882b9c4a02c89fd01d738ccb6a
736	736	11776	FFMA	NONE	0	0	0	FFMA R8, R13, R24.reuse, R8 ;	void cutlass::Kernel2<cutlass_80_wmma_tensorop_bf16_s161616gemm_bf16_32x32_128x2_tn_align8>(cutlass_80_wmma_tensorop_bf16_s161616gemm_bf16_32x32_128x2_tn_align8::Params)	_ZN7cutlass7Kernel2I68cutlass_80_wmma_tensorop_bf16_s161616gemm_bf16_32x32_128x2_tn_align8EEvNT_6ParamsE	0x7e1aa05fc300	761b14acafb8b02011e32d11bd437b63cca3fe882b9c4a02c89fd01d738ccb6a
737	737	11792	STG.E.64	GLOBAL	0	1	1	@P0 STG.E.64 [R28.64], R4 ;	void cutlass::Kernel2<cutlass_80_wmma_tensorop_bf16_s161616gemm_bf16_32x32_128x2_tn_align8>(cutlass_80_wmma_tensorop_bf16_s161616gemm_bf16_32x32_128x2_tn_align8::Params)	_ZN7cutlass7Kernel2I68cutlass_80_wmma_tensorop_bf16_s161616gemm_bf16_32x32_128x2_tn_align8EEvNT_6ParamsE	0x7e1aa05fc300	761b14acafb8b02011e32d11bd437b63cca3fe882b9c4a02c89fd01d738ccb6a
738	738	11808	FFMA	NONE	0	0	0	FFMA R14, R14, R24.reuse, R7 ;	void cutlass::Kernel2<cutlass_80_wmma_tensorop_bf16_s161616gemm_bf16_32x32_128x2_tn_align8>(cutlass_80_wmma_tensorop_bf16_s161616gemm_bf16_32x32_128x2_tn_align8::Params)	_ZN7cutlass7Kernel2I68cutlass_80_wmma_tensorop_bf16_s161616gemm_bf16_32x32_128x2_tn_align8EEvNT_6ParamsE	0x7e1aa05fc300	761b14acafb8b02011e32d11bd437b63cca3fe882b9c4a02c89fd01d738ccb6a
739	739	11824	IADD3	NONE	0	0	0	IADD3 R6, P0, R28, c[0x0][0x220], RZ ;	void cutlass::Kernel2<cutlass_80_wmma_tensorop_bf16_s161616gemm_bf16_32x32_128x2_tn_align8>(cutlass_80_wmma_tensorop_bf16_s161616gemm_bf16_32x32_128x2_tn_align8::Params)	_ZN7cutlass7Kernel2I68cutlass_80_wmma_tensorop_bf16_s161616gemm_bf16_32x32_128x2_tn_align8EEvNT_6ParamsE	0x7e1aa05fc300	761b14acafb8b02011e32d11bd437b63cca3fe882b9c4a02c89fd01d738ccb6a
740	740	11840	FFMA	NONE	0	0	0	FFMA R10, R15, R24, R10 ;	void cutlass::Kernel2<cutlass_80_wmma_tensorop_bf16_s161616gemm_bf16_32x32_128x2_tn_align8>(cutlass_80_wmma_tensorop_bf16_s161616gemm_bf16_32x32_128x2_tn_align8::Params)	_ZN7cutlass7Kernel2I68cutlass_80_wmma_tensorop_bf16_s161616gemm_bf16_32x32_128x2_tn_align8EEvNT_6ParamsE	0x7e1aa05fc300	761b14acafb8b02011e32d11bd437b63cca3fe882b9c4a02c89fd01d738ccb6a
741	741	11856	FMNMX	NONE	0	0	0	FMNMX R2, R12, R23.reuse, !PT ;	void cutlass::Kernel2<cutlass_80_wmma_tensorop_bf16_s161616gemm_bf16_32x32_128x2_tn_align8>(cutlass_80_wmma_tensorop_bf16_s161616gemm_bf16_32x32_128x2_tn_align8::Params)	_ZN7cutlass7Kernel2I68cutlass_80_wmma_tensorop_bf16_s161616gemm_bf16_32x32_128x2_tn_align8EEvNT_6ParamsE	0x7e1aa05fc300	761b14acafb8b02011e32d11bd437b63cca3fe882b9c4a02c89fd01d738ccb6a
742	742	11872	FMNMX	NONE	0	0	0	FMNMX R3, R14, R23.reuse, !PT ;	void cutlass::Kernel2<cutlass_80_wmma_tensorop_bf16_s161616gemm_bf16_32x32_128x2_tn_align8>(cutlass_80_wmma_tensorop_bf16_s161616gemm_bf16_32x32_128x2_tn_align8::Params)	_ZN7cutlass7Kernel2I68cutlass_80_wmma_tensorop_bf16_s161616gemm_bf16_32x32_128x2_tn_align8EEvNT_6ParamsE	0x7e1aa05fc300	761b14acafb8b02011e32d11bd437b63cca3fe882b9c4a02c89fd01d738ccb6a
743	743	11888	FMNMX	NONE	0	0	0	FMNMX R10, R10, R23, !PT ;	void cutlass::Kernel2<cutlass_80_wmma_tensorop_bf16_s161616gemm_bf16_32x32_128x2_tn_align8>(cutlass_80_wmma_tensorop_bf16_s161616gemm_bf16_32x32_128x2_tn_align8::Params)	_ZN7cutlass7Kernel2I68cutlass_80_wmma_tensorop_bf16_s161616gemm_bf16_32x32_128x2_tn_align8EEvNT_6ParamsE	0x7e1aa05fc300	761b14acafb8b02011e32d11bd437b63cca3fe882b9c4a02c89fd01d738ccb6a
744	744	11904	IADD3.X	NONE	0	0	0	IADD3.X R7, R29, c[0x0][0x224], RZ, P0, !PT ;	void cutlass::Kernel2<cutlass_80_wmma_tensorop_bf16_s161616gemm_bf16_32x32_128x2_tn_align8>(cutlass_80_wmma_tensorop_bf16_s161616gemm_bf16_32x32_128x2_tn_align8::Params)	_ZN7cutlass7Kernel2I68cutlass_80_wmma_tensorop_bf16_s161616gemm_bf16_32x32_128x2_tn_align8EEvNT_6ParamsE	0x7e1aa05fc300	761b14acafb8b02011e32d11bd437b63cca3fe882b9c4a02c89fd01d738ccb6a
745	745	11920	F2FP.BF16.F32.PACK_AB	NONE	0	0	0	F2FP.BF16.F32.PACK_AB R3, R10, R3 ;	void cutlass::Kernel2<cutlass_80_wmma_tensorop_bf16_s161616gemm_bf16_32x32_128x2_tn_align8>(cutlass_80_wmma_tensorop_bf16_s161616gemm_bf16_32x32_128x2_tn_align8::Params)	_ZN7cutlass7Kernel2I68cutlass_80_wmma_tensorop_bf16_s161616gemm_bf16_32x32_128x2_tn_align8EEvNT_6ParamsE	0x7e1aa05fc300	761b14acafb8b02011e32d11bd437b63cca3fe882b9c4a02c89fd01d738ccb6a
746	746	11936	FMNMX	NONE	0	0	0	FMNMX R5, R8, R23, !PT ;	void cutlass::Kernel2<cutlass_80_wmma_tensorop_bf16_s161616gemm_bf16_32x32_128x2_tn_align8>(cutlass_80_wmma_tensorop_bf16_s161616gemm_bf16_32x32_128x2_tn_align8::Params)	_ZN7cutlass7Kernel2I68cutlass_80_wmma_tensorop_bf16_s161616gemm_bf16_32x32_128x2_tn_align8EEvNT_6ParamsE	0x7e1aa05fc300	761b14acafb8b02011e32d11bd437b63cca3fe882b9c4a02c89fd01d738ccb6a
747	747	11952	F2FP.BF16.F32.PACK_AB	NONE	0	0	0	F2FP.BF16.F32.PACK_AB R2, R5, R2 ;	void cutlass::Kernel2<cutlass_80_wmma_tensorop_bf16_s161616gemm_bf16_32x32_128x2_tn_align8>(cutlass_80_wmma_tensorop_bf16_s161616gemm_bf16_32x32_128x2_tn_align8::Params)	_ZN7cutlass7Kernel2I68cutlass_80_wmma_tensorop_bf16_s161616gemm_bf16_32x32_128x2_tn_align8EEvNT_6ParamsE	0x7e1aa05fc300	761b14acafb8b02011e32d11bd437b63cca3fe882b9c4a02c89fd01d738ccb6a
748	748	11968	BRA	NONE	0	0	0	@!P1 BRA 0x3170 ;	void cutlass::Kernel2<cutlass_80_wmma_tensorop_bf16_s161616gemm_bf16_32x32_128x2_tn_align8>(cutlass_80_wmma_tensorop_bf16_s161616gemm_bf16_32x32_128x2_tn_align8::Params)	_ZN7cutlass7Kernel2I68cutlass_80_wmma_tensorop_bf16_s161616gemm_bf16_32x32_128x2_tn_align8EEvNT_6ParamsE	0x7e1aa05fc300	761b14acafb8b02011e32d11bd437b63cca3fe882b9c4a02c89fd01d738ccb6a
749	749	11984	STG.E.64	GLOBAL	0	1	1	STG.E.64 [R6.64], R2 ;	void cutlass::Kernel2<cutlass_80_wmma_tensorop_bf16_s161616gemm_bf16_32x32_128x2_tn_align8>(cutlass_80_wmma_tensorop_bf16_s161616gemm_bf16_32x32_128x2_tn_align8::Params)	_ZN7cutlass7Kernel2I68cutlass_80_wmma_tensorop_bf16_s161616gemm_bf16_32x32_128x2_tn_align8EEvNT_6ParamsE	0x7e1aa05fc300	761b14acafb8b02011e32d11bd437b63cca3fe882b9c4a02c89fd01d738ccb6a
750	750	12000	BRA	NONE	0	0	0	BRA 0x3170 ;	void cutlass::Kernel2<cutlass_80_wmma_tensorop_bf16_s161616gemm_bf16_32x32_128x2_tn_align8>(cutlass_80_wmma_tensorop_bf16_s161616gemm_bf16_32x32_128x2_tn_align8::Params)	_ZN7cutlass7Kernel2I68cutlass_80_wmma_tensorop_bf16_s161616gemm_bf16_32x32_128x2_tn_align8EEvNT_6ParamsE	0x7e1aa05fc300	761b14acafb8b02011e32d11bd437b63cca3fe882b9c4a02c89fd01d738ccb6a
751	751	12016	S2R	NONE	0	0	0	S2R R2, SR_LANEID ;	void cutlass::Kernel2<cutlass_80_wmma_tensorop_bf16_s161616gemm_bf16_32x32_128x2_tn_align8>(cutlass_80_wmma_tensorop_bf16_s161616gemm_bf16_32x32_128x2_tn_align8::Params)	_ZN7cutlass7Kernel2I68cutlass_80_wmma_tensorop_bf16_s161616gemm_bf16_32x32_128x2_tn_align8EEvNT_6ParamsE	0x7e1aa05fc300	761b14acafb8b02011e32d11bd437b63cca3fe882b9c4a02c89fd01d738ccb6a
752	752	12032	USHF.L.U32	NONE	0	0	0	USHF.L.U32 UR6, UR6, 0x2, URZ ;	void cutlass::Kernel2<cutlass_80_wmma_tensorop_bf16_s161616gemm_bf16_32x32_128x2_tn_align8>(cutlass_80_wmma_tensorop_bf16_s161616gemm_bf16_32x32_128x2_tn_align8::Params)	_ZN7cutlass7Kernel2I68cutlass_80_wmma_tensorop_bf16_s161616gemm_bf16_32x32_128x2_tn_align8EEvNT_6ParamsE	0x7e1aa05fc300	761b14acafb8b02011e32d11bd437b63cca3fe882b9c4a02c89fd01d738ccb6a
753	753	12048	BAR.SYNC.DEFER_BLOCKING	NONE	0	0	0	BAR.SYNC.DEFER_BLOCKING 0x0 ;	void cutlass::Kernel2<cutlass_80_wmma_tensorop_bf16_s161616gemm_bf16_32x32_128x2_tn_align8>(cutlass_80_wmma_tensorop_bf16_s161616gemm_bf16_32x32_128x2_tn_align8::Params)	_ZN7cutlass7Kernel2I68cutlass_80_wmma_tensorop_bf16_s161616gemm_bf16_32x32_128x2_tn_align8EEvNT_6ParamsE	0x7e1aa05fc300	761b14acafb8b02011e32d11bd437b63cca3fe882b9c4a02c89fd01d738ccb6a
754	754	12064	ISETP.LT.AND	NONE	0	0	0	ISETP.LT.AND P0, PT, R22, c[0x0][0x160], P2 ;	void cutlass::Kernel2<cutlass_80_wmma_tensorop_bf16_s161616gemm_bf16_32x32_128x2_tn_align8>(cutlass_80_wmma_tensorop_bf16_s161616gemm_bf16_32x32_128x2_tn_align8::Params)	_ZN7cutlass7Kernel2I68cutlass_80_wmma_tensorop_bf16_s161616gemm_bf16_32x32_128x2_tn_align8EEvNT_6ParamsE	0x7e1aa05fc300	761b14acafb8b02011e32d11bd437b63cca3fe882b9c4a02c89fd01d738ccb6a
755	755	12080	SHF.R.U32.HI	NONE	0	0	0	SHF.R.U32.HI R3, RZ, 0x2, R2 ;	void cutlass::Kernel2<cutlass_80_wmma_tensorop_bf16_s161616gemm_bf16_32x32_128x2_tn_align8>(cutlass_80_wmma_tensorop_bf16_s161616gemm_bf16_32x32_128x2_tn_align8::Params)	_ZN7cutlass7Kernel2I68cutlass_80_wmma_tensorop_bf16_s161616gemm_bf16_32x32_128x2_tn_align8EEvNT_6ParamsE	0x7e1aa05fc300	761b14acafb8b02011e32d11bd437b63cca3fe882b9c4a02c89fd01d738ccb6a
756	756	12096	LOP3.LUT	NONE	0	0	0	LOP3.LUT R2, R2, 0x3, RZ, 0xc0, !PT ;	void cutlass::Kernel2<cutlass_80_wmma_tensorop_bf16_s161616gemm_bf16_32x32_128x2_tn_align8>(cutlass_80_wmma_tensorop_bf16_s161616gemm_bf16_32x32_128x2_tn_align8::Params)	_ZN7cutlass7Kernel2I68cutlass_80_wmma_tensorop_bf16_s161616gemm_bf16_32x32_128x2_tn_align8EEvNT_6ParamsE	0x7e1aa05fc300	761b14acafb8b02011e32d11bd437b63cca3fe882b9c4a02c89fd01d738ccb6a
757	757	12112	IMAD	NONE	0	0	0	IMAD R2, R3, 0x14, R2 ;	void cutlass::Kernel2<cutlass_80_wmma_tensorop_bf16_s161616gemm_bf16_32x32_128x2_tn_align8>(cutlass_80_wmma_tensorop_bf16_s161616gemm_bf16_32x32_128x2_tn_align8::Params)	_ZN7cutlass7Kernel2I68cutlass_80_wmma_tensorop_bf16_s161616gemm_bf16_32x32_128x2_tn_align8EEvNT_6ParamsE	0x7e1aa05fc300	761b14acafb8b02011e32d11bd437b63cca3fe882b9c4a02c89fd01d738ccb6a
758	758	12128	IADD3	NONE	0	0	0	IADD3 R3, R22, 0x4, RZ ;	void cutlass::Kernel2<cutlass_80_wmma_tensorop_bf16_s161616gemm_bf16_32x32_128x2_tn_align8>(cutlass_80_wmma_tensorop_bf16_s161616gemm_bf16_32x32_128x2_tn_align8::Params)	_ZN7cutlass7Kernel2I68cutlass_80_wmma_tensorop_bf16_s161616gemm_bf16_32x32_128x2_tn_align8EEvNT_6ParamsE	0x7e1aa05fc300	761b14acafb8b02011e32d11bd437b63cca3fe882b9c4a02c89fd01d738ccb6a
759	759	12144	STS.64	SHARED	0	1	1	STS.64 [R2.X8+UR6], R4 ;	void cutlass::Kernel2<cutlass_80_wmma_tensorop_bf16_s161616gemm_bf16_32x32_128x2_tn_align8>(cutlass_80_wmma_tensorop_bf16_s161616gemm_bf16_32x32_128x2_tn_align8::Params)	_ZN7cutlass7Kernel2I68cutlass_80_wmma_tensorop_bf16_s161616gemm_bf16_32x32_128x2_tn_align8EEvNT_6ParamsE	0x7e1aa05fc300	761b14acafb8b02011e32d11bd437b63cca3fe882b9c4a02c89fd01d738ccb6a
760	760	12160	ISETP.LT.AND	NONE	0	0	0	ISETP.LT.AND P2, PT, R3, c[0x0][0x160], P2 ;	void cutlass::Kernel2<cutlass_80_wmma_tensorop_bf16_s161616gemm_bf16_32x32_128x2_tn_align8>(cutlass_80_wmma_tensorop_bf16_s161616gemm_bf16_32x32_128x2_tn_align8::Params)	_ZN7cutlass7Kernel2I68cutlass_80_wmma_tensorop_bf16_s161616gemm_bf16_32x32_128x2_tn_align8EEvNT_6ParamsE	0x7e1aa05fc300	761b14acafb8b02011e32d11bd437b63cca3fe882b9c4a02c89fd01d738ccb6a
761	761	12176	STS.64	SHARED	0	1	1	STS.64 [R2.X8+UR6+0x500], R6 ;	void cutlass::Kernel2<cutlass_80_wmma_tensorop_bf16_s161616gemm_bf16_32x32_128x2_tn_align8>(cutlass_80_wmma_tensorop_bf16_s161616gemm_bf16_32x32_128x2_tn_align8::Params)	_ZN7cutlass7Kernel2I68cutlass_80_wmma_tensorop_bf16_s161616gemm_bf16_32x32_128x2_tn_align8EEvNT_6ParamsE	0x7e1aa05fc300	761b14acafb8b02011e32d11bd437b63cca3fe882b9c4a02c89fd01d738ccb6a
762	762	12192	STS.64	SHARED	0	1	1	STS.64 [R2.X8+UR6+0x20], R8 ;	void cutlass::Kernel2<cutlass_80_wmma_tensorop_bf16_s161616gemm_bf16_32x32_128x2_tn_align8>(cutlass_80_wmma_tensorop_bf16_s161616gemm_bf16_32x32_128x2_tn_align8::Params)	_ZN7cutlass7Kernel2I68cutlass_80_wmma_tensorop_bf16_s161616gemm_bf16_32x32_128x2_tn_align8EEvNT_6ParamsE	0x7e1aa05fc300	761b14acafb8b02011e32d11bd437b63cca3fe882b9c4a02c89fd01d738ccb6a
763	763	12208	STS.64	SHARED	0	1	1	STS.64 [R2.X8+UR6+0x520], R10 ;	void cutlass::Kernel2<cutlass_80_wmma_tensorop_bf16_s161616gemm_bf16_32x32_128x2_tn_align8>(cutlass_80_wmma_tensorop_bf16_s161616gemm_bf16_32x32_128x2_tn_align8::Params)	_ZN7cutlass7Kernel2I68cutlass_80_wmma_tensorop_bf16_s161616gemm_bf16_32x32_128x2_tn_align8EEvNT_6ParamsE	0x7e1aa05fc300	761b14acafb8b02011e32d11bd437b63cca3fe882b9c4a02c89fd01d738ccb6a
764	764	12224	BAR.SYNC.DEFER_BLOCKING	NONE	0	0	0	BAR.SYNC.DEFER_BLOCKING 0x0 ;	void cutlass::Kernel2<cutlass_80_wmma_tensorop_bf16_s161616gemm_bf16_32x32_128x2_tn_align8>(cutlass_80_wmma_tensorop_bf16_s161616gemm_bf16_32x32_128x2_tn_align8::Params)	_ZN7cutlass7Kernel2I68cutlass_80_wmma_tensorop_bf16_s161616gemm_bf16_32x32_128x2_tn_align8EEvNT_6ParamsE	0x7e1aa05fc300	761b14acafb8b02011e32d11bd437b63cca3fe882b9c4a02c89fd01d738ccb6a
765	765	12240	IADD3	NONE	0	0	0	IADD3 R8, P1, R28, c[0x0][0x220], RZ ;	void cutlass::Kernel2<cutlass_80_wmma_tensorop_bf16_s161616gemm_bf16_32x32_128x2_tn_align8>(cutlass_80_wmma_tensorop_bf16_s161616gemm_bf16_32x32_128x2_tn_align8::Params)	_ZN7cutlass7Kernel2I68cutlass_80_wmma_tensorop_bf16_s161616gemm_bf16_32x32_128x2_tn_align8EEvNT_6ParamsE	0x7e1aa05fc300	761b14acafb8b02011e32d11bd437b63cca3fe882b9c4a02c89fd01d738ccb6a
766	766	12256	IADD3.X	NONE	0	0	0	IADD3.X R9, R29, c[0x0][0x224], RZ, P1, !PT ;	void cutlass::Kernel2<cutlass_80_wmma_tensorop_bf16_s161616gemm_bf16_32x32_128x2_tn_align8>(cutlass_80_wmma_tensorop_bf16_s161616gemm_bf16_32x32_128x2_tn_align8::Params)	_ZN7cutlass7Kernel2I68cutlass_80_wmma_tensorop_bf16_s161616gemm_bf16_32x32_128x2_tn_align8EEvNT_6ParamsE	0x7e1aa05fc300	761b14acafb8b02011e32d11bd437b63cca3fe882b9c4a02c89fd01d738ccb6a
767	767	12272	LDS.128	SHARED	1	0	1	LDS.128 R16, [R30] ;	void cutlass::Kernel2<cutlass_80_wmma_tensorop_bf16_s161616gemm_bf16_32x32_128x2_tn_align8>(cutlass_80_wmma_tensorop_bf16_s161616gemm_bf16_32x32_128x2_tn_align8::Params)	_ZN7cutlass7Kernel2I68cutlass_80_wmma_tensorop_bf16_s161616gemm_bf16_32x32_128x2_tn_align8EEvNT_6ParamsE	0x7e1aa05fc300	761b14acafb8b02011e32d11bd437b63cca3fe882b9c4a02c89fd01d738ccb6a
768	768	12288	LDS.128	SHARED	1	0	1	LDS.128 R12, [R30+0x280] ;	void cutlass::Kernel2<cutlass_80_wmma_tensorop_bf16_s161616gemm_bf16_32x32_128x2_tn_align8>(cutlass_80_wmma_tensorop_bf16_s161616gemm_bf16_32x32_128x2_tn_align8::Params)	_ZN7cutlass7Kernel2I68cutlass_80_wmma_tensorop_bf16_s161616gemm_bf16_32x32_128x2_tn_align8EEvNT_6ParamsE	0x7e1aa05fc300	761b14acafb8b02011e32d11bd437b63cca3fe882b9c4a02c89fd01d738ccb6a
769	769	12304	FMUL	NONE	0	0	0	FMUL R16, R16, R24.reuse ;	void cutlass::Kernel2<cutlass_80_wmma_tensorop_bf16_s161616gemm_bf16_32x32_128x2_tn_align8>(cutlass_80_wmma_tensorop_bf16_s161616gemm_bf16_32x32_128x2_tn_align8::Params)	_ZN7cutlass7Kernel2I68cutlass_80_wmma_tensorop_bf16_s161616gemm_bf16_32x32_128x2_tn_align8EEvNT_6ParamsE	0x7e1aa05fc300	761b14acafb8b02011e32d11bd437b63cca3fe882b9c4a02c89fd01d738ccb6a
770	770	12320	FMUL	NONE	0	0	0	FMUL R4, R17, R24.reuse ;	void cutlass::Kernel2<cutlass_80_wmma_tensorop_bf16_s161616gemm_bf16_32x32_128x2_tn_align8>(cutlass_80_wmma_tensorop_bf16_s161616gemm_bf16_32x32_128x2_tn_align8::Params)	_ZN7cutlass7Kernel2I68cutlass_80_wmma_tensorop_bf16_s161616gemm_bf16_32x32_128x2_tn_align8EEvNT_6ParamsE	0x7e1aa05fc300	761b14acafb8b02011e32d11bd437b63cca3fe882b9c4a02c89fd01d738ccb6a
771	771	12336	FMUL	NONE	0	0	0	FMUL R18, R18, R24.reuse ;	void cutlass::Kernel2<cutlass_80_wmma_tensorop_bf16_s161616gemm_bf16_32x32_128x2_tn_align8>(cutlass_80_wmma_tensorop_bf16_s161616gemm_bf16_32x32_128x2_tn_align8::Params)	_ZN7cutlass7Kernel2I68cutlass_80_wmma_tensorop_bf16_s161616gemm_bf16_32x32_128x2_tn_align8EEvNT_6ParamsE	0x7e1aa05fc300	761b14acafb8b02011e32d11bd437b63cca3fe882b9c4a02c89fd01d738ccb6a
772	772	12352	FMNMX	NONE	0	0	0	FMNMX R16, R16, R23.reuse, !PT ;	void cutlass::Kernel2<cutlass_80_wmma_tensorop_bf16_s161616gemm_bf16_32x32_128x2_tn_align8>(cutlass_80_wmma_tensorop_bf16_s161616gemm_bf16_32x32_128x2_tn_align8::Params)	_ZN7cutlass7Kernel2I68cutlass_80_wmma_tensorop_bf16_s161616gemm_bf16_32x32_128x2_tn_align8EEvNT_6ParamsE	0x7e1aa05fc300	761b14acafb8b02011e32d11bd437b63cca3fe882b9c4a02c89fd01d738ccb6a
773	773	12368	FMUL	NONE	0	0	0	FMUL R6, R19, R24.reuse ;	void cutlass::Kernel2<cutlass_80_wmma_tensorop_bf16_s161616gemm_bf16_32x32_128x2_tn_align8>(cutlass_80_wmma_tensorop_bf16_s161616gemm_bf16_32x32_128x2_tn_align8::Params)	_ZN7cutlass7Kernel2I68cutlass_80_wmma_tensorop_bf16_s161616gemm_bf16_32x32_128x2_tn_align8EEvNT_6ParamsE	0x7e1aa05fc300	761b14acafb8b02011e32d11bd437b63cca3fe882b9c4a02c89fd01d738ccb6a
774	774	12384	FMNMX	NONE	0	0	0	FMNMX R3, R4, R23.reuse, !PT ;	void cutlass::Kernel2<cutlass_80_wmma_tensorop_bf16_s161616gemm_bf16_32x32_128x2_tn_align8>(cutlass_80_wmma_tensorop_bf16_s161616gemm_bf16_32x32_128x2_tn_align8::Params)	_ZN7cutlass7Kernel2I68cutlass_80_wmma_tensorop_bf16_s161616gemm_bf16_32x32_128x2_tn_align8EEvNT_6ParamsE	0x7e1aa05fc300	761b14acafb8b02011e32d11bd437b63cca3fe882b9c4a02c89fd01d738ccb6a
775	775	12400	FMUL	NONE	0	0	0	FMUL R12, R12, R24.reuse ;	void cutlass::Kernel2<cutlass_80_wmma_tensorop_bf16_s161616gemm_bf16_32x32_128x2_tn_align8>(cutlass_80_wmma_tensorop_bf16_s161616gemm_bf16_32x32_128x2_tn_align8::Params)	_ZN7cutlass7Kernel2I68cutlass_80_wmma_tensorop_bf16_s161616gemm_bf16_32x32_128x2_tn_align8EEvNT_6ParamsE	0x7e1aa05fc300	761b14acafb8b02011e32d11bd437b63cca3fe882b9c4a02c89fd01d738ccb6a
776	776	12416	FMNMX	NONE	0	0	0	FMNMX R5, R18, R23.reuse, !PT ;	void cutlass::Kernel2<cutlass_80_wmma_tensorop_bf16_s161616gemm_bf16_32x32_128x2_tn_align8>(cutlass_80_wmma_tensorop_bf16_s161616gemm_bf16_32x32_128x2_tn_align8::Params)	_ZN7cutlass7Kernel2I68cutlass_80_wmma_tensorop_bf16_s161616gemm_bf16_32x32_128x2_tn_align8EEvNT_6ParamsE	0x7e1aa05fc300	761b14acafb8b02011e32d11bd437b63cca3fe882b9c4a02c89fd01d738ccb6a
777	777	12432	FMUL	NONE	0	0	0	FMUL R2, R13, R24.reuse ;	void cutlass::Kernel2<cutlass_80_wmma_tensorop_bf16_s161616gemm_bf16_32x32_128x2_tn_align8>(cutlass_80_wmma_tensorop_bf16_s161616gemm_bf16_32x32_128x2_tn_align8::Params)	_ZN7cutlass7Kernel2I68cutlass_80_wmma_tensorop_bf16_s161616gemm_bf16_32x32_128x2_tn_align8EEvNT_6ParamsE	0x7e1aa05fc300	761b14acafb8b02011e32d11bd437b63cca3fe882b9c4a02c89fd01d738ccb6a
778	778	12448	FMNMX	NONE	0	0	0	FMNMX R6, R6, R23.reuse, !PT ;	void cutlass::Kernel2<cutlass_80_wmma_tensorop_bf16_s161616gemm_bf16_32x32_128x2_tn_align8>(cutlass_80_wmma_tensorop_bf16_s161616gemm_bf16_32x32_128x2_tn_align8::Params)	_ZN7cutlass7Kernel2I68cutlass_80_wmma_tensorop_bf16_s161616gemm_bf16_32x32_128x2_tn_align8EEvNT_6ParamsE	0x7e1aa05fc300	761b14acafb8b02011e32d11bd437b63cca3fe882b9c4a02c89fd01d738ccb6a
779	779	12464	FMUL	NONE	0	0	0	FMUL R14, R14, R24.reuse ;	void cutlass::Kernel2<cutlass_80_wmma_tensorop_bf16_s161616gemm_bf16_32x32_128x2_tn_align8>(cutlass_80_wmma_tensorop_bf16_s161616gemm_bf16_32x32_128x2_tn_align8::Params)	_ZN7cutlass7Kernel2I68cutlass_80_wmma_tensorop_bf16_s161616gemm_bf16_32x32_128x2_tn_align8EEvNT_6ParamsE	0x7e1aa05fc300	761b14acafb8b02011e32d11bd437b63cca3fe882b9c4a02c89fd01d738ccb6a
780	780	12480	FMNMX	NONE	0	0	0	FMNMX R12, R12, R23.reuse, !PT ;	void cutlass::Kernel2<cutlass_80_wmma_tensorop_bf16_s161616gemm_bf16_32x32_128x2_tn_align8>(cutlass_80_wmma_tensorop_bf16_s161616gemm_bf16_32x32_128x2_tn_align8::Params)	_ZN7cutlass7Kernel2I68cutlass_80_wmma_tensorop_bf16_s161616gemm_bf16_32x32_128x2_tn_align8EEvNT_6ParamsE	0x7e1aa05fc300	761b14acafb8b02011e32d11bd437b63cca3fe882b9c4a02c89fd01d738ccb6a
781	781	12496	FMUL	NONE	0	0	0	FMUL R24, R15, R24 ;	void cutlass::Kernel2<cutlass_80_wmma_tensorop_bf16_s161616gemm_bf16_32x32_128x2_tn_align8>(cutlass_80_wmma_tensorop_bf16_s161616gemm_bf16_32x32_128x2_tn_align8::Params)	_ZN7cutlass7Kernel2I68cutlass_80_wmma_tensorop_bf16_s161616gemm_bf16_32x32_128x2_tn_align8EEvNT_6ParamsE	0x7e1aa05fc300	761b14acafb8b02011e32d11bd437b63cca3fe882b9c4a02c89fd01d738ccb6a
782	782	12512	FMNMX	NONE	0	0	0	FMNMX R7, R2, R23, !PT ;	void cutlass::Kernel2<cutlass_80_wmma_tensorop_bf16_s161616gemm_bf16_32x32_128x2_tn_align8>(cutlass_80_wmma_tensorop_bf16_s161616gemm_bf16_32x32_128x2_tn_align8::Params)	_ZN7cutlass7Kernel2I68cutlass_80_wmma_tensorop_bf16_s161616gemm_bf16_32x32_128x2_tn_align8EEvNT_6ParamsE	0x7e1aa05fc300	761b14acafb8b02011e32d11bd437b63cca3fe882b9c4a02c89fd01d738ccb6a
783	783	12528	FMNMX	NONE	0	0	0	FMNMX R14, R14, R23.reuse, !PT ;	void cutlass::Kernel2<cutlass_80_wmma_tensorop_bf16_s161616gemm_bf16_32x32_128x2_tn_align8>(cutlass_80_wmma_tensorop_bf16_s161616gemm_bf16_32x32_128x2_tn_align8::Params)	_ZN7cutlass7Kernel2I68cutlass_80_wmma_tensorop_bf16_s161616gemm_bf16_32x32_128x2_tn_align8EEvNT_6ParamsE	0x7e1aa05fc300	761b14acafb8b02011e32d11bd437b63cca3fe882b9c4a02c89fd01d738ccb6a
784	784	12544	FMNMX	NONE	0	0	0	FMNMX R23, R24, R23, !PT ;	void cutlass::Kernel2<cutlass_80_wmma_tensorop_bf16_s161616gemm_bf16_32x32_128x2_tn_align8>(cutlass_80_wmma_tensorop_bf16_s161616gemm_bf16_32x32_128x2_tn_align8::Params)	_ZN7cutlass7Kernel2I68cutlass_80_wmma_tensorop_bf16_s161616gemm_bf16_32x32_128x2_tn_align8EEvNT_6ParamsE	0x7e1aa05fc300	761b14acafb8b02011e32d11bd437b63cca3fe882b9c4a02c89fd01d738ccb6a
785	785	12560	F2FP.BF16.F32.PACK_AB	NONE	0	0	0	F2FP.BF16.F32.PACK_AB R4, R3, R16 ;	void cutlass::Kernel2<cutlass_80_wmma_tensorop_bf16_s161616gemm_bf16_32x32_128x2_tn_align8>(cutlass_80_wmma_tensorop_bf16_s161616gemm_bf16_32x32_128x2_tn_align8::Params)	_ZN7cutlass7Kernel2I68cutlass_80_wmma_tensorop_bf16_s161616gemm_bf16_32x32_128x2_tn_align8EEvNT_6ParamsE	0x7e1aa05fc300	761b14acafb8b02011e32d11bd437b63cca3fe882b9c4a02c89fd01d738ccb6a
786	786	12576	F2FP.BF16.F32.PACK_AB	NONE	0	0	0	F2FP.BF16.F32.PACK_AB R5, R6, R5 ;	void cutlass::Kernel2<cutlass_80_wmma_tensorop_bf16_s161616gemm_bf16_32x32_128x2_tn_align8>(cutlass_80_wmma_tensorop_bf16_s161616gemm_bf16_32x32_128x2_tn_align8::Params)	_ZN7cutlass7Kernel2I68cutlass_80_wmma_tensorop_bf16_s161616gemm_bf16_32x32_128x2_tn_align8EEvNT_6ParamsE	0x7e1aa05fc300	761b14acafb8b02011e32d11bd437b63cca3fe882b9c4a02c89fd01d738ccb6a
787	787	12592	F2FP.BF16.F32.PACK_AB	NONE	0	0	0	F2FP.BF16.F32.PACK_AB R2, R7, R12 ;	void cutlass::Kernel2<cutlass_80_wmma_tensorop_bf16_s161616gemm_bf16_32x32_128x2_tn_align8>(cutlass_80_wmma_tensorop_bf16_s161616gemm_bf16_32x32_128x2_tn_align8::Params)	_ZN7cutlass7Kernel2I68cutlass_80_wmma_tensorop_bf16_s161616gemm_bf16_32x32_128x2_tn_align8EEvNT_6ParamsE	0x7e1aa05fc300	761b14acafb8b02011e32d11bd437b63cca3fe882b9c4a02c89fd01d738ccb6a
788	788	12608	F2FP.BF16.F32.PACK_AB	NONE	0	0	0	F2FP.BF16.F32.PACK_AB R3, R23, R14 ;	void cutlass::Kernel2<cutlass_80_wmma_tensorop_bf16_s161616gemm_bf16_32x32_128x2_tn_align8>(cutlass_80_wmma_tensorop_bf16_s161616gemm_bf16_32x32_128x2_tn_align8::Params)	_ZN7cutlass7Kernel2I68cutlass_80_wmma_tensorop_bf16_s161616gemm_bf16_32x32_128x2_tn_align8EEvNT_6ParamsE	0x7e1aa05fc300	761b14acafb8b02011e32d11bd437b63cca3fe882b9c4a02c89fd01d738ccb6a
789	789	12624	STG.E.64	GLOBAL	0	1	1	@P0 STG.E.64 [R28.64], R4 ;	void cutlass::Kernel2<cutlass_80_wmma_tensorop_bf16_s161616gemm_bf16_32x32_128x2_tn_align8>(cutlass_80_wmma_tensorop_bf16_s161616gemm_bf16_32x32_128x2_tn_align8::Params)	_ZN7cutlass7Kernel2I68cutlass_80_wmma_tensorop_bf16_s161616gemm_bf16_32x32_128x2_tn_align8EEvNT_6ParamsE	0x7e1aa05fc300	761b14acafb8b02011e32d11bd437b63cca3fe882b9c4a02c89fd01d738ccb6a
790	790	12640	STG.E.64	GLOBAL	0	1	1	@P2 STG.E.64 [R8.64], R2 ;	void cutlass::Kernel2<cutlass_80_wmma_tensorop_bf16_s161616gemm_bf16_32x32_128x2_tn_align8>(cutlass_80_wmma_tensorop_bf16_s161616gemm_bf16_32x32_128x2_tn_align8::Params)	_ZN7cutlass7Kernel2I68cutlass_80_wmma_tensorop_bf16_s161616gemm_bf16_32x32_128x2_tn_align8EEvNT_6ParamsE	0x7e1aa05fc300	761b14acafb8b02011e32d11bd437b63cca3fe882b9c4a02c89fd01d738ccb6a
791	791	12656	BSYNC	NONE	0	0	0	BSYNC B0 ;	void cutlass::Kernel2<cutlass_80_wmma_tensorop_bf16_s161616gemm_bf16_32x32_128x2_tn_align8>(cutlass_80_wmma_tensorop_bf16_s161616gemm_bf16_32x32_128x2_tn_align8::Params)	_ZN7cutlass7Kernel2I68cutlass_80_wmma_tensorop_bf16_s161616gemm_bf16_32x32_128x2_tn_align8EEvNT_6ParamsE	0x7e1aa05fc300	761b14acafb8b02011e32d11bd437b63cca3fe882b9c4a02c89fd01d738ccb6a
792	792	12672	EXIT	NONE	0	0	0	@!P4 EXIT ;	void cutlass::Kernel2<cutlass_80_wmma_tensorop_bf16_s161616gemm_bf16_32x32_128x2_tn_align8>(cutlass_80_wmma_tensorop_bf16_s161616gemm_bf16_32x32_128x2_tn_align8::Params)	_ZN7cutlass7Kernel2I68cutlass_80_wmma_tensorop_bf16_s161616gemm_bf16_32x32_128x2_tn_align8EEvNT_6ParamsE	0x7e1aa05fc300	761b14acafb8b02011e32d11bd437b63cca3fe882b9c4a02c89fd01d738ccb6a
793	793	12688	BAR.SYNC.DEFER_BLOCKING	NONE	0	0	0	BAR.SYNC.DEFER_BLOCKING 0x0 ;	void cutlass::Kernel2<cutlass_80_wmma_tensorop_bf16_s161616gemm_bf16_32x32_128x2_tn_align8>(cutlass_80_wmma_tensorop_bf16_s161616gemm_bf16_32x32_128x2_tn_align8::Params)	_ZN7cutlass7Kernel2I68cutlass_80_wmma_tensorop_bf16_s161616gemm_bf16_32x32_128x2_tn_align8EEvNT_6ParamsE	0x7e1aa05fc300	761b14acafb8b02011e32d11bd437b63cca3fe882b9c4a02c89fd01d738ccb6a
794	794	12704	ISETP.GT.AND	NONE	0	0	0	ISETP.GT.AND P1, PT, R0, RZ, PT ;	void cutlass::Kernel2<cutlass_80_wmma_tensorop_bf16_s161616gemm_bf16_32x32_128x2_tn_align8>(cutlass_80_wmma_tensorop_bf16_s161616gemm_bf16_32x32_128x2_tn_align8::Params)	_ZN7cutlass7Kernel2I68cutlass_80_wmma_tensorop_bf16_s161616gemm_bf16_32x32_128x2_tn_align8EEvNT_6ParamsE	0x7e1aa05fc300	761b14acafb8b02011e32d11bd437b63cca3fe882b9c4a02c89fd01d738ccb6a
795	795	12720	IADD3	NONE	0	0	0	IADD3 R73, R73, 0x1, RZ ;	void cutlass::Kernel2<cutlass_80_wmma_tensorop_bf16_s161616gemm_bf16_32x32_128x2_tn_align8>(cutlass_80_wmma_tensorop_bf16_s161616gemm_bf16_32x32_128x2_tn_align8::Params)	_ZN7cutlass7Kernel2I68cutlass_80_wmma_tensorop_bf16_s161616gemm_bf16_32x32_128x2_tn_align8EEvNT_6ParamsE	0x7e1aa05fc300	761b14acafb8b02011e32d11bd437b63cca3fe882b9c4a02c89fd01d738ccb6a
796	796	12736	ISETP.NE.AND	NONE	0	0	0	ISETP.NE.AND P0, PT, R73, c[0x0][0x174], PT ;	void cutlass::Kernel2<cutlass_80_wmma_tensorop_bf16_s161616gemm_bf16_32x32_128x2_tn_align8>(cutlass_80_wmma_tensorop_bf16_s161616gemm_bf16_32x32_128x2_tn_align8::Params)	_ZN7cutlass7Kernel2I68cutlass_80_wmma_tensorop_bf16_s161616gemm_bf16_32x32_128x2_tn_align8EEvNT_6ParamsE	0x7e1aa05fc300	761b14acafb8b02011e32d11bd437b63cca3fe882b9c4a02c89fd01d738ccb6a
797	797	12752	SEL	NONE	0	0	0	SEL R73, R73, RZ, P0 ;	void cutlass::Kernel2<cutlass_80_wmma_tensorop_bf16_s161616gemm_bf16_32x32_128x2_tn_align8>(cutlass_80_wmma_tensorop_bf16_s161616gemm_bf16_32x32_128x2_tn_align8::Params)	_ZN7cutlass7Kernel2I68cutlass_80_wmma_tensorop_bf16_s161616gemm_bf16_32x32_128x2_tn_align8EEvNT_6ParamsE	0x7e1aa05fc300	761b14acafb8b02011e32d11bd437b63cca3fe882b9c4a02c89fd01d738ccb6a
798	798	12768	EXIT	NONE	0	0	0	@P1 EXIT ;	void cutlass::Kernel2<cutlass_80_wmma_tensorop_bf16_s161616gemm_bf16_32x32_128x2_tn_align8>(cutlass_80_wmma_tensorop_bf16_s161616gemm_bf16_32x32_128x2_tn_align8::Params)	_ZN7cutlass7Kernel2I68cutlass_80_wmma_tensorop_bf16_s161616gemm_bf16_32x32_128x2_tn_align8EEvNT_6ParamsE	0x7e1aa05fc300	761b14acafb8b02011e32d11bd437b63cca3fe882b9c4a02c89fd01d738ccb6a
799	799	12784	MEMBAR.ALL.GPU	NONE	0	0	0	MEMBAR.ALL.GPU ;	void cutlass::Kernel2<cutlass_80_wmma_tensorop_bf16_s161616gemm_bf16_32x32_128x2_tn_align8>(cutlass_80_wmma_tensorop_bf16_s161616gemm_bf16_32x32_128x2_tn_align8::Params)	_ZN7cutlass7Kernel2I68cutlass_80_wmma_tensorop_bf16_s161616gemm_bf16_32x32_128x2_tn_align8EEvNT_6ParamsE	0x7e1aa05fc300	761b14acafb8b02011e32d11bd437b63cca3fe882b9c4a02c89fd01d738ccb6a
800	800	12800	ERRBAR	NONE	0	0	0	ERRBAR;	void cutlass::Kernel2<cutlass_80_wmma_tensorop_bf16_s161616gemm_bf16_32x32_128x2_tn_align8>(cutlass_80_wmma_tensorop_bf16_s161616gemm_bf16_32x32_128x2_tn_align8::Params)	_ZN7cutlass7Kernel2I68cutlass_80_wmma_tensorop_bf16_s161616gemm_bf16_32x32_128x2_tn_align8EEvNT_6ParamsE	0x7e1aa05fc300	761b14acafb8b02011e32d11bd437b63cca3fe882b9c4a02c89fd01d738ccb6a
801	801	12816	STG.E.STRONG.GPU	GLOBAL	0	1	1	STG.E.STRONG.GPU [R26.64], R73 ;	void cutlass::Kernel2<cutlass_80_wmma_tensorop_bf16_s161616gemm_bf16_32x32_128x2_tn_align8>(cutlass_80_wmma_tensorop_bf16_s161616gemm_bf16_32x32_128x2_tn_align8::Params)	_ZN7cutlass7Kernel2I68cutlass_80_wmma_tensorop_bf16_s161616gemm_bf16_32x32_128x2_tn_align8EEvNT_6ParamsE	0x7e1aa05fc300	761b14acafb8b02011e32d11bd437b63cca3fe882b9c4a02c89fd01d738ccb6a
802	802	12832	EXIT	NONE	0	0	0	EXIT ;	void cutlass::Kernel2<cutlass_80_wmma_tensorop_bf16_s161616gemm_bf16_32x32_128x2_tn_align8>(cutlass_80_wmma_tensorop_bf16_s161616gemm_bf16_32x32_128x2_tn_align8::Params)	_ZN7cutlass7Kernel2I68cutlass_80_wmma_tensorop_bf16_s161616gemm_bf16_32x32_128x2_tn_align8EEvNT_6ParamsE	0x7e1aa05fc300	761b14acafb8b02011e32d11bd437b63cca3fe882b9c4a02c89fd01d738ccb6a
803	803	12848	BRA	NONE	0	0	0	BRA 0x3230;	void cutlass::Kernel2<cutlass_80_wmma_tensorop_bf16_s161616gemm_bf16_32x32_128x2_tn_align8>(cutlass_80_wmma_tensorop_bf16_s161616gemm_bf16_32x32_128x2_tn_align8::Params)	_ZN7cutlass7Kernel2I68cutlass_80_wmma_tensorop_bf16_s161616gemm_bf16_32x32_128x2_tn_align8EEvNT_6ParamsE	0x7e1aa05fc300	761b14acafb8b02011e32d11bd437b63cca3fe882b9c4a02c89fd01d738ccb6a
804	804	12864	NOP	NONE	0	0	0	NOP;	void cutlass::Kernel2<cutlass_80_wmma_tensorop_bf16_s161616gemm_bf16_32x32_128x2_tn_align8>(cutlass_80_wmma_tensorop_bf16_s161616gemm_bf16_32x32_128x2_tn_align8::Params)	_ZN7cutlass7Kernel2I68cutlass_80_wmma_tensorop_bf16_s161616gemm_bf16_32x32_128x2_tn_align8EEvNT_6ParamsE	0x7e1aa05fc300	761b14acafb8b02011e32d11bd437b63cca3fe882b9c4a02c89fd01d738ccb6a
805	805	12880	NOP	NONE	0	0	0	NOP;	void cutlass::Kernel2<cutlass_80_wmma_tensorop_bf16_s161616gemm_bf16_32x32_128x2_tn_align8>(cutlass_80_wmma_tensorop_bf16_s161616gemm_bf16_32x32_128x2_tn_align8::Params)	_ZN7cutlass7Kernel2I68cutlass_80_wmma_tensorop_bf16_s161616gemm_bf16_32x32_128x2_tn_align8EEvNT_6ParamsE	0x7e1aa05fc300	761b14acafb8b02011e32d11bd437b63cca3fe882b9c4a02c89fd01d738ccb6a
806	806	12896	NOP	NONE	0	0	0	NOP;	void cutlass::Kernel2<cutlass_80_wmma_tensorop_bf16_s161616gemm_bf16_32x32_128x2_tn_align8>(cutlass_80_wmma_tensorop_bf16_s161616gemm_bf16_32x32_128x2_tn_align8::Params)	_ZN7cutlass7Kernel2I68cutlass_80_wmma_tensorop_bf16_s161616gemm_bf16_32x32_128x2_tn_align8EEvNT_6ParamsE	0x7e1aa05fc300	761b14acafb8b02011e32d11bd437b63cca3fe882b9c4a02c89fd01d738ccb6a
807	807	12912	NOP	NONE	0	0	0	NOP;	void cutlass::Kernel2<cutlass_80_wmma_tensorop_bf16_s161616gemm_bf16_32x32_128x2_tn_align8>(cutlass_80_wmma_tensorop_bf16_s161616gemm_bf16_32x32_128x2_tn_align8::Params)	_ZN7cutlass7Kernel2I68cutlass_80_wmma_tensorop_bf16_s161616gemm_bf16_32x32_128x2_tn_align8EEvNT_6ParamsE	0x7e1aa05fc300	761b14acafb8b02011e32d11bd437b63cca3fe882b9c4a02c89fd01d738ccb6a
808	808	12928	NOP	NONE	0	0	0	NOP;	void cutlass::Kernel2<cutlass_80_wmma_tensorop_bf16_s161616gemm_bf16_32x32_128x2_tn_align8>(cutlass_80_wmma_tensorop_bf16_s161616gemm_bf16_32x32_128x2_tn_align8::Params)	_ZN7cutlass7Kernel2I68cutlass_80_wmma_tensorop_bf16_s161616gemm_bf16_32x32_128x2_tn_align8EEvNT_6ParamsE	0x7e1aa05fc300	761b14acafb8b02011e32d11bd437b63cca3fe882b9c4a02c89fd01d738ccb6a
809	809	12944	NOP	NONE	0	0	0	NOP;	void cutlass::Kernel2<cutlass_80_wmma_tensorop_bf16_s161616gemm_bf16_32x32_128x2_tn_align8>(cutlass_80_wmma_tensorop_bf16_s161616gemm_bf16_32x32_128x2_tn_align8::Params)	_ZN7cutlass7Kernel2I68cutlass_80_wmma_tensorop_bf16_s161616gemm_bf16_32x32_128x2_tn_align8EEvNT_6ParamsE	0x7e1aa05fc300	761b14acafb8b02011e32d11bd437b63cca3fe882b9c4a02c89fd01d738ccb6a
810	810	12960	NOP	NONE	0	0	0	NOP;	void cutlass::Kernel2<cutlass_80_wmma_tensorop_bf16_s161616gemm_bf16_32x32_128x2_tn_align8>(cutlass_80_wmma_tensorop_bf16_s161616gemm_bf16_32x32_128x2_tn_align8::Params)	_ZN7cutlass7Kernel2I68cutlass_80_wmma_tensorop_bf16_s161616gemm_bf16_32x32_128x2_tn_align8EEvNT_6ParamsE	0x7e1aa05fc300	761b14acafb8b02011e32d11bd437b63cca3fe882b9c4a02c89fd01d738ccb6a
811	811	12976	NOP	NONE	0	0	0	NOP;	void cutlass::Kernel2<cutlass_80_wmma_tensorop_bf16_s161616gemm_bf16_32x32_128x2_tn_align8>(cutlass_80_wmma_tensorop_bf16_s161616gemm_bf16_32x32_128x2_tn_align8::Params)	_ZN7cutlass7Kernel2I68cutlass_80_wmma_tensorop_bf16_s161616gemm_bf16_32x32_128x2_tn_align8EEvNT_6ParamsE	0x7e1aa05fc300	761b14acafb8b02011e32d11bd437b63cca3fe882b9c4a02c89fd01d738ccb6a
812	812	12992	NOP	NONE	0	0	0	NOP;	void cutlass::Kernel2<cutlass_80_wmma_tensorop_bf16_s161616gemm_bf16_32x32_128x2_tn_align8>(cutlass_80_wmma_tensorop_bf16_s161616gemm_bf16_32x32_128x2_tn_align8::Params)	_ZN7cutlass7Kernel2I68cutlass_80_wmma_tensorop_bf16_s161616gemm_bf16_32x32_128x2_tn_align8EEvNT_6ParamsE	0x7e1aa05fc300	761b14acafb8b02011e32d11bd437b63cca3fe882b9c4a02c89fd01d738ccb6a
813	813	13008	NOP	NONE	0	0	0	NOP;	void cutlass::Kernel2<cutlass_80_wmma_tensorop_bf16_s161616gemm_bf16_32x32_128x2_tn_align8>(cutlass_80_wmma_tensorop_bf16_s161616gemm_bf16_32x32_128x2_tn_align8::Params)	_ZN7cutlass7Kernel2I68cutlass_80_wmma_tensorop_bf16_s161616gemm_bf16_32x32_128x2_tn_align8EEvNT_6ParamsE	0x7e1aa05fc300	761b14acafb8b02011e32d11bd437b63cca3fe882b9c4a02c89fd01d738ccb6a
814	814	13024	NOP	NONE	0	0	0	NOP;	void cutlass::Kernel2<cutlass_80_wmma_tensorop_bf16_s161616gemm_bf16_32x32_128x2_tn_align8>(cutlass_80_wmma_tensorop_bf16_s161616gemm_bf16_32x32_128x2_tn_align8::Params)	_ZN7cutlass7Kernel2I68cutlass_80_wmma_tensorop_bf16_s161616gemm_bf16_32x32_128x2_tn_align8EEvNT_6ParamsE	0x7e1aa05fc300	761b14acafb8b02011e32d11bd437b63cca3fe882b9c4a02c89fd01d738ccb6a
815	815	13040	NOP	NONE	0	0	0	NOP;	void cutlass::Kernel2<cutlass_80_wmma_tensorop_bf16_s161616gemm_bf16_32x32_128x2_tn_align8>(cutlass_80_wmma_tensorop_bf16_s161616gemm_bf16_32x32_128x2_tn_align8::Params)	_ZN7cutlass7Kernel2I68cutlass_80_wmma_tensorop_bf16_s161616gemm_bf16_32x32_128x2_tn_align8EEvNT_6ParamsE	0x7e1aa05fc300	761b14acafb8b02011e32d11bd437b63cca3fe882b9c4a02c89fd01d738ccb6a
