scenario	phase	family	function	grid	block	launch_count	gpu_duration_ns	gpu_time_share
LLAMA32_1B_B1_T256_D8	DECODE	GEMV	std::enable_if<!T7, void>::type internal::gemvx::kernel<int, int, __nv_bfloat16, __nv_bfloat16, __nv_bfloat16, float, (bool)0, (bool)1, (bool)1, (bool)0, (int)6, (bool)0, cublasGemvParamsEx<int, cublasGemvTensorStridedBatched<const __nv_bfloat16>, cublasGemvTensorStridedBatched<const __nv_bfloat16>, cublasGemvTensorStridedBatched<__nv_bfloat16>, float>>(T13)	2048,1,1	16,4,1	256	13347477	0.26652819623569884
LLAMA32_1B_B1_T256_D8	DECODE	GEMV	std::enable_if<!T7, void>::type internal::gemvx::kernel<int, int, __nv_bfloat16, __nv_bfloat16, __nv_bfloat16, float, (bool)0, (bool)1, (bool)1, (bool)0, (int)7, (bool)0, cublasGemvParamsEx<int, cublasGemvTensorStridedBatched<const __nv_bfloat16>, cublasGemvTensorStridedBatched<const __nv_bfloat16>, cublasGemvTensorStridedBatched<__nv_bfloat16>, float>>(T13)	512,1,1	32,4,1	128	6687964	0.13354815905727271
LLAMA32_1B_B1_T256_D8	DECODE	GEMV	std::enable_if<!T7, void>::type internal::gemvx::kernel<int, int, __nv_bfloat16, __nv_bfloat16, __nv_bfloat16, float, (bool)0, (bool)1, (bool)1, (bool)0, (int)6, (bool)0, cublasGemvParamsEx<int, cublasGemvTensorStridedBatched<const __nv_bfloat16>, cublasGemvTensorStridedBatched<const __nv_bfloat16>, cublasGemvTensorStridedBatched<__nv_bfloat16>, float>>(T13)	32064,1,1	16,4,1	8	6223140	0.12426635229431202
LLAMA32_1B_B1_T256_D8	DECODE	GEMV	std::enable_if<!T7, void>::type internal::gemvx::kernel<int, int, __nv_bfloat16, __nv_bfloat16, __nv_bfloat16, float, (bool)0, (bool)1, (bool)1, (bool)0, (int)6, (bool)0, cublasGemvParamsEx<int, cublasGemvTensorStridedBatched<const __nv_bfloat16>, cublasGemvTensorStridedBatched<const __nv_bfloat16>, cublasGemvTensorStridedBatched<__nv_bfloat16>, float>>(T13)	512,1,1	16,4,1	256	3784415	0.07556883624952658
LLAMA32_1B_B1_T256_D8	PREFILL	GEMM	ampere_bf16_s16816gemm_bf16_128x128_ldg8_f2f_stages_64x3_tn	64,2,1	128,1,1	32	3671925	0.07332258725471251
LLAMA32_1B_B1_T256_D8	PREFILL	GEMM	void cutlass::Kernel2<cutlass_80_tensorop_bf16_s16816gemm_relu_bf16_128x256_32x3_tn_align8>(T1::Params)	8,2,4	256,1,1	16	1786698	0.03567755877443585
LLAMA32_1B_B1_T256_D8	PREFILL	GEMM	void cutlass::Kernel2<cutlass_80_tensorop_bf16_s16816gemm_relu_bf16_256x128_32x3_tn_align8>(T1::Params)	16,63,1	256,1,1	1	1524873	0.03044932388184814
LLAMA32_1B_B1_T256_D8	DECODE	GEMV	std::enable_if<!T7, void>::type internal::gemvx::kernel<int, int, __nv_bfloat16, __nv_bfloat16, __nv_bfloat16, float, (bool)0, (bool)1, (bool)1, (bool)0, (int)7, (bool)0, cublasGemvParamsEx<int, cublasGemvTensorStridedBatched<const __nv_bfloat16>, cublasGemvTensorStridedBatched<const __nv_bfloat16>, cublasGemvTensorStridedBatched<__nv_bfloat16>, float>>(T13)	128,1,1	32,4,1	256	1274342	0.0254466124682135
LLAMA32_1B_B1_T256_D8	PREFILL	GEMM	ampere_bf16_s16816gemm_bf16_128x64_ldg8_f2f_stages_32x6_tn	16,4,1	128,1,1	32	982215	0.019613294127845054
LLAMA32_1B_B1_T256_D8	DECODE	ATTENTION_LIKE	void pytorch_flash::flash_fwd_splitkv_kernel<pytorch_flash::Flash_fwd_kernel_traits<(int)64, (int)64, (int)256, (int)4, (bool)0, (bool)0, cutlass::bfloat16_t, pytorch_flash::Flash_kernel_traits<(int)64, (int)64, (int)256, (int)4, cutlass::bfloat16_t>>, (bool)0, (bool)0, (bool)0, (bool)0, (bool)1, (bool)1, (bool)0>(pytorch_flash::Flash_fwd_params)	1,2,32	128,1,1	128	932837	0.018627292857812797
LLAMA32_1B_B1_T256_D8	DECODE	COPY	void at::native::<unnamed>::CatArrayBatchedCopy<at::native::<unnamed>::OpaqueType<(unsigned int)2>, unsigned int, (int)4, (int)64, (int)64>(T1 *, at::native::<unnamed>::CatArrInputTensorMetadata<T1, T2, T4, T5>, at::native::<unnamed>::TensorSizeStride<T2, (unsigned int)4>, int, T2)	152,2,1	512,1,1	288	636578	0.012711464953513588
LLAMA32_1B_B1_T256_D8	DECODE	COPY	void at::native::unrolled_elementwise_kernel<at::native::direct_copy_kernel_cuda(at::TensorIteratorBase &)::[lambda() (instance 3)]::operator ()() const::[lambda() (instance 12)]::operator ()() const::[lambda(c10::BFloat16) (instance 1)], at::detail::Array<char *, (int)2>, TrivialOffsetCalculator<(int)1, unsigned int>, TrivialOffsetCalculator<(int)1, unsigned int>, at::native::memory::LoadWithCast<(int)1>, at::native::memory::StoreWithCast<(int)1>>(int, T1, T2, T3, T4, T5, T6)	4,1,1	128,1,1	264	632453	0.012629095168611748
LLAMA32_1B_B1_T256_D8	DECODE	REDUCTION	void at::native::reduce_kernel<(int)512, (int)1, at::native::ReduceOp<float, at::native::MeanOps<float, float, float, float>, unsigned int, float, (int)4>>(T3)	1,1,1	512,1,1	264	614016	0.012260937174857755
LLAMA32_1B_B1_T256_D8	DECODE	COPY	void at::native::unrolled_elementwise_kernel<at::native::direct_copy_kernel_cuda(at::TensorIteratorBase &)::[lambda() (instance 3)]::operator ()() const::[lambda() (instance 7)]::operator ()() const::[lambda(float) (instance 1)], at::detail::Array<char *, (int)2>, TrivialOffsetCalculator<(int)1, unsigned int>, TrivialOffsetCalculator<(int)1, unsigned int>, at::native::memory::LoadWithCast<(int)1>, at::native::memory::StoreWithCast<(int)1>>(int, T1, T2, T3, T4, T5, T6)	4,1,1	128,1,1	264	585028	0.011682092247649382
LLAMA32_1B_B1_T256_D8	DECODE	COPY	void at::native::<unnamed>::CatArrayBatchedCopy_contig<at::native::<unnamed>::OpaqueType<(unsigned int)2>, unsigned int, (int)4, (int)128, (int)1>(T1 *, at::native::<unnamed>::CatArrInputTensorMetadata<T1, T2, T4, T5>, at::native::<unnamed>::TensorSizeStride<T2, (unsigned int)4>, int, T2)	152,2,1	512,1,1	224	497698	0.009938249019654788
LLAMA32_1B_B1_T256_D8	DECODE	OTHER	void at::native::elementwise_kernel<(int)128, (int)4, void at::native::gpu_kernel_impl_nocast<at::native::BinaryFunctor<c10::BFloat16, c10::BFloat16, c10::BFloat16, at::native::binary_internal::MulFunctor<float>>>(at::TensorIteratorBase &, const T1 &)::[lambda(int) (instance 1)]>(int, T3)	4,1,1	128,1,1	256	475076	0.009486523135036746
LLAMA32_1B_B1_T256_D8	DECODE	OTHER	void at::native::elementwise_kernel<(int)128, (int)4, void at::native::gpu_kernel_impl_nocast<at::native::BinaryFunctor<c10::BFloat16, c10::BFloat16, c10::BFloat16, at::native::binary_internal::MulFunctor<float>>>(at::TensorIteratorBase &, const T1 &)::[lambda(int) (instance 1)]>(int, T3)	1,1,1	128,1,1	256	452545	0.00903661437779472
LLAMA32_1B_B1_T256_D8	DECODE	OTHER	void at::native::vectorized_elementwise_kernel<(int)4, at::native::CUDAFunctor_add<c10::BFloat16>, at::detail::Array<char *, (int)3>>(int, T2, T3)	4,1,1	128,1,1	384	384868	0.007685210757721548
LLAMA32_1B_B1_T256_D8	DECODE	OTHER	void at::native::elementwise_kernel<(int)128, (int)2, void at::native::gpu_kernel_impl_nocast<at::native::BinaryFunctor<float, float, float, at::native::binary_internal::MulFunctor<float>>>(at::TensorIteratorBase &, const T1 &)::[lambda(int) (instance 1)]>(int, T3)	8,1,1	128,1,1	264	371555	0.007419371013140167
LLAMA32_1B_B1_T256_D8	PREFILL	GEMM	ampere_bf16_s16816gemm_bf16_64x64_ldg8_f2f_stages_64x5_tn	8,4,2	128,1,1	32	363873	0.007265973513112062
LLAMA32_1B_B1_T256_D8	DECODE	OTHER	void at::native::vectorized_elementwise_kernel<(int)4, at::native::BinaryFunctor<c10::BFloat16, c10::BFloat16, c10::BFloat16, at::native::binary_internal::MulFunctor<float>>, at::detail::Array<char *, (int)3>>(int, T2, T3)	4,1,1	128,1,1	264	266532	0.005322226305322967
LLAMA32_1B_B1_T256_D8	DECODE	OTHER	void at::native::vectorized_elementwise_kernel<(int)4, void at::native::<unnamed>::pow_tensor_scalar_kernel_impl<float, float>(at::TensorIteratorBase &, T2)::[lambda(float) (instance 1)], at::detail::Array<char *, (int)2>>(int, T2, T3)	4,1,1	128,1,1	264	262688	0.005245467650010804
LLAMA32_1B_B1_T256_D8	DECODE	OTHER	void at::native::vectorized_elementwise_kernel<(int)4, at::native::rsqrt_kernel_cuda(at::TensorIteratorBase &)::[lambda() (instance 2)]::operator ()() const::[lambda() (instance 2)]::operator ()() const::[lambda(float) (instance 1)], at::detail::Array<char *, (int)2>>(int, T2, T3)	1,1,1	128,1,1	264	262531	0.005242332606076358
LLAMA32_1B_B1_T256_D8	DECODE	OTHER	void at::native::vectorized_elementwise_kernel<(int)4, at::native::CUDAFunctorOnSelf_add<float>, at::detail::Array<char *, (int)2>>(int, T2, T3)	1,1,1	128,1,1	264	252897	0.005049956725411067
LLAMA32_1B_B1_T256_D8	DECODE	OTHER	void at::native::elementwise_kernel<(int)128, (int)4, void at::native::gpu_kernel_impl_nocast<at::native::neg_kernel_cuda(at::TensorIteratorBase &)::[lambda() (instance 2)]::operator ()() const::[lambda() (instance 9)]::operator ()() const::[lambda(c10::BFloat16) (instance 1)]>(at::TensorIteratorBase &, const T1 &)::[lambda(int) (instance 1)]>(int, T3)	2,1,1	128,1,1	128	239617	0.004784775939108901
LLAMA32_1B_B1_T256_D8	DECODE	ATTENTION_LIKE	void pytorch_flash::flash_fwd_splitkv_combine_kernel<pytorch_flash::Flash_fwd_kernel_traits<(int)64, (int)64, (int)256, (int)4, (bool)0, (bool)0, cutlass::bfloat16_t, pytorch_flash::Flash_kernel_traits<(int)64, (int)64, (int)256, (int)4, cutlass::bfloat16_t>>, (int)8, (int)1, (bool)1>(pytorch_flash::Flash_fwd_params)	4,1,1	128,1,1	128	238496	0.004762391326048303
LLAMA32_1B_B1_T256_D8	PREFILL	OTHER	void at::native::elementwise_kernel<(int)128, (int)4, void at::native::gpu_kernel_impl_nocast<at::native::BinaryFunctor<c10::BFloat16, c10::BFloat16, c10::BFloat16, at::native::binary_internal::MulFunctor<float>>>(at::TensorIteratorBase &, const T1 &)::[lambda(int) (instance 1)]>(int, T3)	1024,1,1	128,1,1	65	232578	0.00464421814130913
LLAMA32_1B_B1_T256_D8	DECODE	OTHER	void at::native::elementwise_kernel<(int)128, (int)4, void at::native::gpu_kernel_impl_nocast<at::native::neg_kernel_cuda(at::TensorIteratorBase &)::[lambda() (instance 2)]::operator ()() const::[lambda() (instance 9)]::operator ()() const::[lambda(c10::BFloat16) (instance 1)]>(at::TensorIteratorBase &, const T1 &)::[lambda(int) (instance 1)]>(int, T3)	1,1,1	128,1,1	128	182273	0.0036397061341607506
LLAMA32_1B_B1_T256_D8	PREFILL	ATTENTION_LIKE	void pytorch_flash::flash_fwd_kernel<pytorch_flash::Flash_fwd_kernel_traits<(int)64, (int)128, (int)128, (int)4, (bool)0, (bool)0, cutlass::bfloat16_t, pytorch_flash::Flash_kernel_traits<(int)64, (int)128, (int)128, (int)4, cutlass::bfloat16_t>>, (bool)0, (bool)1, (bool)0, (bool)0, (bool)1, (bool)1, (bool)0>(pytorch_flash::Flash_fwd_params)	2,1,32	128,1,1	16	182145	0.0036371501747747056
LLAMA32_1B_B1_T256_D8	PREFILL	REDUCTION	void at::native::reduce_kernel<(int)512, (int)1, at::native::ReduceOp<float, at::native::MeanOps<float, float, float, float>, unsigned int, float, (int)4>>(T3)	16,1,1	32,16,1	33	154240	0.003079931060184197
LLAMA32_1B_B1_T256_D8	DECODE	OTHER	void at::native::vectorized_elementwise_kernel<(int)4, at::native::<unnamed>::silu_kernel(at::TensorIteratorBase &)::[lambda() (instance 1)]::operator ()() const::[lambda() (instance 6)]::operator ()() const::[lambda(c10::BFloat16) (instance 1)], at::detail::Array<char *, (int)2>>(int, T2, T3)	16,1,1	128,1,1	128	145570	0.0029068047486450568
LLAMA32_1B_B1_T256_D8	PREFILL	COPY	void at::native::<unnamed>::CatArrayBatchedCopy<at::native::<unnamed>::OpaqueType<(unsigned int)2>, unsigned int, (int)4, (int)64, (int)64>(T1 *, at::native::<unnamed>::CatArrInputTensorMetadata<T1, T2, T4, T5>, at::native::<unnamed>::TensorSizeStride<T2, (unsigned int)4>, int, T2)	152,2,1	512,1,1	32	143809	0.0028716403386542353
LLAMA32_1B_B1_T256_D8	PREFILL	COPY	void at::native::unrolled_elementwise_kernel<at::native::direct_copy_kernel_cuda(at::TensorIteratorBase &)::[lambda() (instance 3)]::operator ()() const::[lambda() (instance 7)]::operator ()() const::[lambda(float) (instance 1)], at::detail::Array<char *, (int)2>, TrivialOffsetCalculator<(int)1, unsigned int>, TrivialOffsetCalculator<(int)1, unsigned int>, at::native::memory::LoadWithCast<(int)1>, at::native::memory::StoreWithCast<(int)1>>(int, T1, T2, T3, T4, T5, T6)	1024,1,1	128,1,1	33	127520	0.0025463745383473083
LLAMA32_1B_B1_T256_D8	DECODE	OTHER	void at::native::vectorized_elementwise_kernel<(int)4, at::native::BinaryFunctor<c10::BFloat16, c10::BFloat16, c10::BFloat16, at::native::binary_internal::MulFunctor<float>>, at::detail::Array<char *, (int)3>>(int, T2, T3)	16,1,1	128,1,1	128	124928	0.0024946163607798976
LLAMA32_1B_B1_T256_D8	DECODE	OTHER	void at::native::vectorized_elementwise_kernel<(int)4, at::native::CUDAFunctor_add<c10::BFloat16>, at::detail::Array<char *, (int)3>>(int, T2, T3)	1,1,1	128,1,1	128	124097	0.002478022593203309
LLAMA32_1B_B1_T256_D8	PREFILL	COPY	void at::native::unrolled_elementwise_kernel<at::native::direct_copy_kernel_cuda(at::TensorIteratorBase &)::[lambda() (instance 3)]::operator ()() const::[lambda() (instance 12)]::operator ()() const::[lambda(c10::BFloat16) (instance 1)], at::detail::Array<char *, (int)2>, TrivialOffsetCalculator<(int)1, unsigned int>, TrivialOffsetCalculator<(int)1, unsigned int>, at::native::memory::LoadWithCast<(int)1>, at::native::memory::StoreWithCast<(int)1>>(int, T1, T2, T3, T4, T5, T6)	1024,1,1	128,1,1	33	121730	0.00243075731299418
LLAMA32_1B_B1_T256_D8	PREFILL	COPY	void at::native::elementwise_kernel<(int)128, (int)4, void at::native::gpu_kernel_impl_nocast<at::native::direct_copy_kernel_cuda(at::TensorIteratorBase &)::[lambda() (instance 3)]::operator ()() const::[lambda() (instance 12)]::operator ()() const::[lambda(c10::BFloat16) (instance 1)]>(at::TensorIteratorBase &, const T1 &)::[lambda(int) (instance 1)]>(int, T3)	1024,1,1	128,1,1	32	108482	0.002166215516538525
LLAMA32_1B_B1_T256_D8	PREFILL	OTHER	void at::native::elementwise_kernel<(int)128, (int)2, void at::native::gpu_kernel_impl_nocast<at::native::BinaryFunctor<float, float, float, at::native::binary_internal::MulFunctor<float>>>(at::TensorIteratorBase &, const T1 &)::[lambda(int) (instance 1)]>(int, T3)	2048,1,1	128,1,1	33	106561	0.0021278561573151466
LLAMA32_1B_B1_T256_D8	DECODE	COPY	void at::native::elementwise_kernel<(int)128, (int)4, void at::native::gpu_kernel_impl_nocast<at::native::direct_copy_kernel_cuda(at::TensorIteratorBase &)::[lambda() (instance 3)]::operator ()() const::[lambda() (instance 12)]::operator ()() const::[lambda(c10::BFloat16) (instance 1)]>(at::TensorIteratorBase &, const T1 &)::[lambda(int) (instance 1)]>(int, T3)	1056,1,1	128,1,1	32	103809	0.00207290303051518
LLAMA32_1B_B1_T256_D8	DECODE	COPY	void at::native::elementwise_kernel<(int)128, (int)4, void at::native::gpu_kernel_impl_nocast<at::native::direct_copy_kernel_cuda(at::TensorIteratorBase &)::[lambda() (instance 3)]::operator ()() const::[lambda() (instance 12)]::operator ()() const::[lambda(c10::BFloat16) (instance 1)]>(at::TensorIteratorBase &, const T1 &)::[lambda(int) (instance 1)]>(int, T3)	1052,1,1	128,1,1	32	103232	0.002061381244845274
LLAMA32_1B_B1_T256_D8	DECODE	COPY	void at::native::elementwise_kernel<(int)128, (int)4, void at::native::gpu_kernel_impl_nocast<at::native::direct_copy_kernel_cuda(at::TensorIteratorBase &)::[lambda() (instance 3)]::operator ()() const::[lambda() (instance 12)]::operator ()() const::[lambda(c10::BFloat16) (instance 1)]>(at::TensorIteratorBase &, const T1 &)::[lambda(int) (instance 1)]>(int, T3)	1040,1,1	128,1,1	32	102464	0.002046045488529004
LLAMA32_1B_B1_T256_D8	DECODE	COPY	void at::native::elementwise_kernel<(int)128, (int)4, void at::native::gpu_kernel_impl_nocast<at::native::direct_copy_kernel_cuda(at::TensorIteratorBase &)::[lambda() (instance 3)]::operator ()() const::[lambda() (instance 12)]::operator ()() const::[lambda(c10::BFloat16) (instance 1)]>(at::TensorIteratorBase &, const T1 &)::[lambda(int) (instance 1)]>(int, T3)	1048,1,1	128,1,1	32	102464	0.002046045488529004
LLAMA32_1B_B1_T256_D8	DECODE	COPY	void at::native::elementwise_kernel<(int)128, (int)4, void at::native::gpu_kernel_impl_nocast<at::native::direct_copy_kernel_cuda(at::TensorIteratorBase &)::[lambda() (instance 3)]::operator ()() const::[lambda() (instance 12)]::operator ()() const::[lambda(c10::BFloat16) (instance 1)]>(at::TensorIteratorBase &, const T1 &)::[lambda(int) (instance 1)]>(int, T3)	1044,1,1	128,1,1	32	102304	0.002042850539296448
LLAMA32_1B_B1_T256_D8	DECODE	COPY	void at::native::elementwise_kernel<(int)128, (int)4, void at::native::gpu_kernel_impl_nocast<at::native::direct_copy_kernel_cuda(at::TensorIteratorBase &)::[lambda() (instance 3)]::operator ()() const::[lambda() (instance 12)]::operator ()() const::[lambda(c10::BFloat16) (instance 1)]>(at::TensorIteratorBase &, const T1 &)::[lambda(int) (instance 1)]>(int, T3)	1036,1,1	128,1,1	32	101664	0.002030070742366223
LLAMA32_1B_B1_T256_D8	DECODE	COPY	void at::native::elementwise_kernel<(int)128, (int)4, void at::native::gpu_kernel_impl_nocast<at::native::direct_copy_kernel_cuda(at::TensorIteratorBase &)::[lambda() (instance 3)]::operator ()() const::[lambda() (instance 12)]::operator ()() const::[lambda(c10::BFloat16) (instance 1)]>(at::TensorIteratorBase &, const T1 &)::[lambda(int) (instance 1)]>(int, T3)	1028,1,1	128,1,1	32	100064	0.0019981212500406608
LLAMA32_1B_B1_T256_D8	DECODE	COPY	void at::native::elementwise_kernel<(int)128, (int)4, void at::native::gpu_kernel_impl_nocast<at::native::direct_copy_kernel_cuda(at::TensorIteratorBase &)::[lambda() (instance 3)]::operator ()() const::[lambda() (instance 12)]::operator ()() const::[lambda(c10::BFloat16) (instance 1)]>(at::TensorIteratorBase &, const T1 &)::[lambda(int) (instance 1)]>(int, T3)	1032,1,1	128,1,1	32	99616	0.0019891753921895032
LLAMA32_1B_B1_T256_D8	PREFILL	OTHER	void at::native::vectorized_elementwise_kernel<(int)4, at::native::CUDAFunctor_add<c10::BFloat16>, at::detail::Array<char *, (int)3>>(int, T2, T3)	1024,1,1	128,1,1	32	76992	0.0015374095707060536
LLAMA32_1B_B1_T256_D8	PREFILL	OTHER	void at::native::vectorized_elementwise_kernel<(int)4, at::native::<unnamed>::silu_kernel(at::TensorIteratorBase &)::[lambda() (instance 1)]::operator ()() const::[lambda() (instance 6)]::operator ()() const::[lambda(c10::BFloat16) (instance 1)], at::detail::Array<char *, (int)2>>(int, T2, T3)	4096,1,1	128,1,1	16	73184	0.0014613697789712156
LLAMA32_1B_B1_T256_D8	PREFILL	OTHER	void at::native::vectorized_elementwise_kernel<(int)4, void at::native::<unnamed>::pow_tensor_scalar_kernel_impl<float, float>(at::TensorIteratorBase &, T2)::[lambda(float) (instance 1)], at::detail::Array<char *, (int)2>>(int, T2, T3)	1024,1,1	128,1,1	33	71392	0.001425586347566586
LLAMA32_1B_B1_T256_D8	PREFILL	OTHER	void at::native::elementwise_kernel<(int)128, (int)4, void at::native::gpu_kernel_impl_nocast<at::native::BinaryFunctor<c10::BFloat16, c10::BFloat16, c10::BFloat16, at::native::binary_internal::MulFunctor<float>>>(at::TensorIteratorBase &, const T1 &)::[lambda(int) (instance 1)]>(int, T3)	256,1,1	128,1,1	32	64224	0.0012824526219480672
LLAMA32_1B_B1_T256_D8	PREFILL	OTHER	void at::native::vectorized_elementwise_kernel<(int)4, at::native::BinaryFunctor<c10::BFloat16, c10::BFloat16, c10::BFloat16, at::native::binary_internal::MulFunctor<float>>, at::detail::Array<char *, (int)3>>(int, T2, T3)	4096,1,1	128,1,1	16	62753	0.0012530790574412534
LLAMA32_1B_B1_T256_D8	PREFILL	REDUCTION	void cublasLt::splitKreduce_kernel<(int)32, (int)16, int, __nv_bfloat16, __nv_bfloat16, float, __nv_bfloat16, (bool)1, (bool)0, (bool)0>(cublasLt::cublasSplitKParams<T6>, const T4 *, const T5 *, T5 *, const T6 *, const T6 *, const T7 *, const T4 *, T7 *, void *, long, T6 *, int *)	64,8,1	32,16,1	16	57441	0.0011470067429203868
LLAMA32_1B_B1_T256_D8	PREFILL	OTHER	void at::native::elementwise_kernel<(int)128, (int)4, void at::native::gpu_kernel_impl_nocast<at::native::CUDAFunctor_add<c10::BFloat16>>(at::TensorIteratorBase &, const T1 &)::[lambda(int) (instance 1)]>(int, T3)	1024,1,1	128,1,1	16	56032	0.0011188712212411886
LLAMA32_1B_B1_T256_D8	PREFILL	OTHER	void at::native::elementwise_kernel<(int)128, (int)4, void at::native::gpu_kernel_impl_nocast<at::native::neg_kernel_cuda(at::TensorIteratorBase &)::[lambda() (instance 2)]::operator ()() const::[lambda() (instance 9)]::operator ()() const::[lambda(c10::BFloat16) (instance 1)]>(at::TensorIteratorBase &, const T1 &)::[lambda(int) (instance 1)]>(int, T3)	512,1,1	128,1,1	16	36000	0.0007188635773251497
LLAMA32_1B_B1_T256_D8	PREFILL	OTHER	void at::native::vectorized_elementwise_kernel<(int)4, at::native::rsqrt_kernel_cuda(at::TensorIteratorBase &)::[lambda() (instance 2)]::operator ()() const::[lambda() (instance 2)]::operator ()() const::[lambda(float) (instance 1)], at::detail::Array<char *, (int)2>>(int, T2, T3)	1,1,1	128,1,1	33	34176	0.0006824411560740089
LLAMA32_1B_B1_T256_D8	PREFILL	OTHER	void at::native::vectorized_elementwise_kernel<(int)4, at::native::CUDAFunctorOnSelf_add<float>, at::detail::Array<char *, (int)2>>(int, T2, T3)	1,1,1	128,1,1	33	33536	0.0006696613591437839
LLAMA32_1B_B1_T256_D8	PREFILL	OTHER	void at::native::elementwise_kernel<(int)128, (int)4, void at::native::gpu_kernel_impl_nocast<at::native::CUDAFunctor_add<c10::BFloat16>>(at::TensorIteratorBase &, const T1 &)::[lambda(int) (instance 1)]>(int, T3)	256,1,1	128,1,1	16	32832	0.0006556035825205366
LLAMA32_1B_B1_T256_D8	PREFILL	OTHER	void at::native::elementwise_kernel<(int)128, (int)4, void at::native::gpu_kernel_impl_nocast<at::native::neg_kernel_cuda(at::TensorIteratorBase &)::[lambda() (instance 2)]::operator ()() const::[lambda() (instance 9)]::operator ()() const::[lambda(c10::BFloat16) (instance 1)]>(at::TensorIteratorBase &, const T1 &)::[lambda(int) (instance 1)]>(int, T3)	128,1,1	128,1,1	16	29792	0.0005948995471019684
LLAMA32_1B_B1_T256_D8	DECODE	COPY	void at::native::unrolled_elementwise_kernel<at::native::direct_copy_kernel_cuda(at::TensorIteratorBase &)::[lambda() (instance 3)]::operator ()() const::[lambda() (instance 12)]::operator ()() const::[lambda(c10::BFloat16) (instance 1)], at::detail::Array<char *, (int)2>, TrivialOffsetCalculator<(int)1, unsigned int>, TrivialOffsetCalculator<(int)1, unsigned int>, at::native::memory::LoadWithCast<(int)1>, at::native::memory::StoreWithCast<(int)1>>(int, T1, T2, T3, T4, T5, T6)	1,1,1	128,1,1	16	20001	0.0003993886225022311
LLAMA32_1B_B1_T256_D8	DECODE	OTHER	void at::native::vectorized_elementwise_kernel<(int)4, at::native::AUnaryFunctor<float, float, float, at::native::binary_internal::MulFunctor<float>>, at::detail::Array<char *, (int)2>>(int, T2, T3)	1,1,1	128,1,1	16	15361	0.0003067350947581007
LLAMA32_1B_B1_T256_D8	DECODE	OTHER	void at::native::<unnamed>::indexSelectSmallIndex<c10::BFloat16, long, unsigned int, (int)2, (int)2, (int)-2>(at::cuda::detail::TensorInfo<T1, T3>, at::cuda::detail::TensorInfo<const T1, T3>, at::cuda::detail::TensorInfo<const T2, T3>, int, int, T3, long)	16,1,1	128,1,1	8	14880	0.0002971302786277286
LLAMA32_1B_B1_T256_D8	DECODE	COPY	void at::native::<unnamed>::CatArrayBatchedCopy_aligned16_contig<at::native::<unnamed>::OpaqueType<(unsigned int)4>, unsigned int, (int)3, (int)128, (int)1>(T1 *, at::native::<unnamed>::CatArrInputTensorMetadata<T1, T2, T4, T5>, at::native::<unnamed>::TensorSizeStride<T2, (unsigned int)4>, int, T2)	1,2,1	128,1,1	8	11968	0.00023898220259520534
LLAMA32_1B_B1_T256_D8	DECODE	COPY	void at::native::unrolled_elementwise_kernel<at::native::direct_copy_kernel_cuda(at::TensorIteratorBase &)::[lambda() (instance 3)]::operator ()() const::[lambda() (instance 7)]::operator ()() const::[lambda(float) (instance 1)], at::detail::Array<char *, (int)2>, TrivialOffsetCalculator<(int)1, unsigned int>, TrivialOffsetCalculator<(int)1, unsigned int>, at::native::memory::LoadWithCast<(int)1>, at::native::memory::StoreWithCast<(int)1>>(int, T1, T2, T3, T4, T5, T6)	1,1,1	128,1,1	8	10368	0.00020703271026964313
LLAMA32_1B_B1_T256_D8	DECODE	GEMM	void gemmk1_kernel<int, float, (int)256, (int)5, (bool)1, (bool)0, (bool)0, (bool)0, cublasGemvTensorStridedBatched<const float>, cublasGemvTensorStridedBatched<const float>, cublasGemvTensorStridedBatched<float>, float, (int)0>(cublasGemmk1Params<T2, T9, T10, T11, T12, biasType<T11::value_type, T12>::type>)	1,1,1	256,1,1	8	9536	0.00019041897426035079
LLAMA32_1B_B1_T256_D8	DECODE	OTHER	void at::native::vectorized_elementwise_kernel<(int)4, at::native::sin_kernel_cuda(at::TensorIteratorBase &)::[lambda() (instance 2)]::operator ()() const::[lambda() (instance 2)]::operator ()() const::[lambda(float) (instance 1)], at::detail::Array<char *, (int)2>>(int, T2, T3)	1,1,1	128,1,1	8	9248	0.00018466806564174958
LLAMA32_1B_B1_T256_D8	DECODE	OTHER	void at::native::vectorized_elementwise_kernel<(int)4, at::native::cos_kernel_cuda(at::TensorIteratorBase &)::[lambda() (instance 2)]::operator ()() const::[lambda() (instance 2)]::operator ()() const::[lambda(float) (instance 1)], at::detail::Array<char *, (int)2>>(int, T2, T3)	1,1,1	128,1,1	8	9216	0.00018402907579523833
LLAMA32_1B_B1_T256_D8	DECODE	OTHER	void <unnamed>::elementwise_kernel_with_index<int, at::native::arange_cuda_out(const c10::Scalar &, const c10::Scalar &, const c10::Scalar &, at::Tensor &)::[lambda() (instance 1)]::operator ()() const::[lambda() (instance 4)]::operator ()() const::[lambda(long) (instance 1)]>(T1, T2, function_traits<T2>::result_type *)	1,1,1	64,1,1	8	7136	0.00014249473577200746
LLAMA32_1B_B1_T256_D8	PREFILL	OTHER	void at::native::<unnamed>::indexSelectLargeIndex<c10::BFloat16, long, unsigned int, (int)2, (int)2, (int)-2, (bool)1>(at::cuda::detail::TensorInfo<T1, T3>, at::cuda::detail::TensorInfo<const T1, T3>, at::cuda::detail::TensorInfo<const T2, T3>, int, int, T3, T3, long)	608,1,1	128,1,1	1	5920	0.00011821312160458018
LLAMA32_1B_B1_T256_D8	PREFILL	COPY	void at::native::unrolled_elementwise_kernel<at::native::direct_copy_kernel_cuda(at::TensorIteratorBase &)::[lambda() (instance 3)]::operator ()() const::[lambda() (instance 12)]::operator ()() const::[lambda(c10::BFloat16) (instance 1)], at::detail::Array<char *, (int)2>, TrivialOffsetCalculator<(int)1, unsigned int>, TrivialOffsetCalculator<(int)1, unsigned int>, at::native::memory::LoadWithCast<(int)1>, at::native::memory::StoreWithCast<(int)1>>(int, T1, T2, T3, T4, T5, T6)	32,1,1	128,1,1	2	4320	8.626362927901797e-05
LLAMA32_1B_B1_T256_D8	PREFILL	COPY	void at::native::<unnamed>::CatArrayBatchedCopy<at::native::<unnamed>::OpaqueType<(unsigned int)4>, unsigned int, (int)3, (int)64, (int)64>(T1 *, at::native::<unnamed>::CatArrInputTensorMetadata<T1, T2, T4, T5>, at::native::<unnamed>::TensorSizeStride<T2, (unsigned int)4>, int, T2)	152,2,1	512,1,1	1	2656	5.303615726043327e-05
LLAMA32_1B_B1_T256_D8	PREFILL	OTHER	void at::native::vectorized_elementwise_kernel<(int)4, at::native::AUnaryFunctor<float, float, float, at::native::binary_internal::MulFunctor<float>>, at::detail::Array<char *, (int)2>>(int, T2, T3)	32,1,1	128,1,1	2	1984	3.9617370483697144e-05
LLAMA32_1B_B1_T256_D8	PREFILL	COPY	void at::native::unrolled_elementwise_kernel<at::native::direct_copy_kernel_cuda(at::TensorIteratorBase &)::[lambda() (instance 3)]::operator ()() const::[lambda() (instance 7)]::operator ()() const::[lambda(float) (instance 1)], at::detail::Array<char *, (int)2>, TrivialOffsetCalculator<(int)1, unsigned int>, TrivialOffsetCalculator<(int)1, unsigned int>, at::native::memory::LoadWithCast<(int)1>, at::native::memory::StoreWithCast<(int)1>>(int, T1, T2, T3, T4, T5, T6)	1,1,1	128,1,1	1	1568	3.1310502479050966e-05
LLAMA32_1B_B1_T256_D8	PREFILL	GEMM	void gemmk1_kernel<int, float, (int)256, (int)5, (bool)0, (bool)0, (bool)0, (bool)0, cublasGemvTensorStridedBatched<const float>, cublasGemvTensorStridedBatched<const float>, cublasGemvTensorStridedBatched<float>, float, (int)0>(cublasGemmk1Params<T2, T9, T10, T11, T12, biasType<T11::value_type, T12>::type>)	8,1,1	256,1,1	1	1248	2.4920604013938524e-05
LLAMA32_1B_B1_T256_D8	PREFILL	OTHER	void at::native::vectorized_elementwise_kernel<(int)4, at::native::cos_kernel_cuda(at::TensorIteratorBase &)::[lambda() (instance 2)]::operator ()() const::[lambda() (instance 2)]::operator ()() const::[lambda(float) (instance 1)], at::detail::Array<char *, (int)2>>(int, T2, T3)	32,1,1	128,1,1	1	1248	2.4920604013938524e-05
LLAMA32_1B_B1_T256_D8	PREFILL	OTHER	void at::native::vectorized_elementwise_kernel<(int)4, at::native::sin_kernel_cuda(at::TensorIteratorBase &)::[lambda() (instance 2)]::operator ()() const::[lambda() (instance 2)]::operator ()() const::[lambda(float) (instance 1)], at::detail::Array<char *, (int)2>>(int, T2, T3)	32,1,1	128,1,1	1	1248	2.4920604013938524e-05
LLAMA32_1B_B1_T256_D8	PREFILL	OTHER	void <unnamed>::elementwise_kernel_with_index<int, at::native::arange_cuda_out(const c10::Scalar &, const c10::Scalar &, const c10::Scalar &, at::Tensor &)::[lambda() (instance 1)]::operator ()() const::[lambda() (instance 4)]::operator ()() const::[lambda(long) (instance 1)]>(T1, T2, function_traits<T2>::result_type *)	4,1,1	64,1,1	1	896	1.789171570231484e-05
OLMOE_1B7B_B1_T256_D8	DECODE	GEMV	std::enable_if<!T7, void>::type internal::gemvx::kernel<int, int, __nv_bfloat16, __nv_bfloat16, __nv_bfloat16, float, (bool)0, (bool)1, (bool)1, (bool)0, (int)6, (bool)0, cublasGemvParamsEx<int, cublasGemvTensorStridedBatched<const __nv_bfloat16>, cublasGemvTensorStridedBatched<const __nv_bfloat16>, cublasGemvTensorStridedBatched<__nv_bfloat16>, float>>(T13)	256,1,1	16,4,1	2048	16463901	0.10646452898910953
OLMOE_1B7B_B1_T256_D8	DECODE	GEMV	std::enable_if<!T7, void>::type internal::gemvx::kernel<int, int, __nv_bfloat16, __nv_bfloat16, __nv_bfloat16, float, (bool)0, (bool)1, (bool)1, (bool)0, (int)6, (bool)0, cublasGemvParamsEx<int, cublasGemvTensorStridedBatched<const __nv_bfloat16>, cublasGemvTensorStridedBatched<const __nv_bfloat16>, cublasGemvTensorStridedBatched<__nv_bfloat16>, float>>(T13)	512,1,1	16,4,1	1536	15715317	0.10162377812643224
OLMOE_1B7B_B1_T256_D8	PREFILL	GEMM	void cutlass::Kernel2<cutlass_80_wmma_tensorop_bf16_s161616gemm_bf16_16x16_128x2_tn_align8>(T1::Params)	8,8,1	32,1,1	746	9202361	0.05950746602841884
OLMOE_1B7B_B1_T256_D8	DECODE	COPY	void at::native::elementwise_kernel<(int)128, (int)2, void at::native::gpu_kernel_impl_nocast<at::native::direct_copy_kernel_cuda(at::TensorIteratorBase &)::[lambda() (instance 3)]::operator ()() const::[lambda() (instance 4)]::operator ()() const::[lambda(long) (instance 1)]>(at::TensorIteratorBase &, const T1 &)::[lambda(int) (instance 1)]>(int, T3)	1,1,1	128,1,1	8192	8745993	0.05655634258776514
OLMOE_1B7B_B1_T256_D8	DECODE	OTHER	void at_cuda_detail::cub::DeviceSelectSweepKernel<at_cuda_detail::cub::detail::device_select_policy_hub<long, bool, int, (bool)0, (bool)0>::Policy900, at_cuda_detail::cub::CountingInputIterator<long, long>, at_cuda_detail::cub::TransformInputIterator<bool, at::native::<unnamed>::NonZeroOp<long>, const long *, long>, long *, int *, at_cuda_detail::cub::ScanTileState<int, (bool)1>, at_cuda_detail::cub::NullType, at_cuda_detail::cub::NullType, int, (bool)0>(T2, T3, T4, T5, T6, T7, T8, T9, int)	1,1,1	128,1,1	8192	8689463	0.05619078889403518
OLMOE_1B7B_B1_T256_D8	DECODE	REDUCTION	void at_cuda_detail::cub::DeviceReduceSingleTileKernel<at_cuda_detail::cub::DeviceReducePolicy<int, unsigned int, cuda::std::__4::plus<void>>::Policy600, at_cuda_detail::cub::TransformInputIterator<bool, at::native::<unnamed>::NonZeroOp<long>, const long *, long>, int *, unsigned int, cuda::std::__4::plus<void>, int, int>(T2, T3, T4, T5, T6)	1,1,1	256,1,1	8192	8564366	0.05538184372466429
OLMOE_1B7B_B1_T256_D8	DECODE	REDUCTION	void at::native::indexFuncSmallIndex<c10::BFloat16, long, unsigned int, (int)2, (int)2, (int)-2, at::native::<unnamed>::ReduceAdd>(at::cuda::detail::TensorInfo<T1, T3>, at::cuda::detail::TensorInfo<const T1, T3>, at::cuda::detail::TensorInfo<const T2, T3>, int, int, T3, long, long, const T7 &, T1)	16,1,1	128,1,1	8192	6825377	0.044136596027764104
OLMOE_1B7B_B1_T256_D8	DECODE	OTHER	void at_cuda_detail::cub::DeviceCompactInitKernel<at_cuda_detail::cub::ScanTileState<int, (bool)1>, int *>(T1, int, T2)	1,1,1	128,1,1	8192	6096159	0.039421076242970664
OLMOE_1B7B_B1_T256_D8	PREFILL	GEMM	void cutlass::Kernel2<cutlass_80_wmma_tensorop_bf16_s161616gemm_bf16_32x32_128x2_tn_align8>(T1::Params)	16,4,1	128,1,1	346	4397273	0.028435156332726287
OLMOE_1B7B_B1_T256_D8	PREFILL	GEMM	void cutlass::Kernel2<cutlass_80_wmma_tensorop_bf16_s161616gemm_bf16_32x32_128x2_tn_align8>(T1::Params)	8,4,2	128,1,1	490	4376578	0.02830133121877367
OLMOE_1B7B_B1_T256_D8	PREFILL	REDUCTION	void at::native::indexFuncSmallIndex<c10::BFloat16, long, unsigned int, (int)2, (int)2, (int)-2, at::native::<unnamed>::ReduceAdd>(at::cuda::detail::TensorInfo<T1, T3>, at::cuda::detail::TensorInfo<const T1, T3>, at::cuda::detail::TensorInfo<const T2, T3>, int, int, T3, long, long, const T7 &, T1)	16,1,1	128,1,1	468	3457492	0.022358021787401074
OLMOE_1B7B_B1_T256_D8	PREFILL	GEMM	void cutlass::Kernel2<cutlass_80_wmma_tensorop_bf16_s161616gemm_bf16_16x16_128x2_tn_align8>(T1::Params)	8,16,1	32,1,1	373	3390739	0.021926360621337813
OLMOE_1B7B_B1_T256_D8	DECODE	OTHER	void at::native::index_elementwise_kernel<(int)128, (int)4, void at::native::gpu_index_kernel<void at::native::index_kernel_impl<at::native::OpaqueType<(int)2>>(at::TensorIteratorBase &, c10::ArrayRef<long>, c10::ArrayRef<long>)::[lambda(char *, const char *, long) (instance 1)]>(at::TensorIteratorBase &, c10::ArrayRef<long>, c10::ArrayRef<long>, const T1 &)::[lambda(int) (instance 1)]>(long, T3)	4,1,1	128,1,1	1024	2738803	0.017710588237196043
OLMOE_1B7B_B1_T256_D8	DECODE	GEMV	std::enable_if<!T7, void>::type internal::gemvx::kernel<int, int, __nv_bfloat16, __nv_bfloat16, __nv_bfloat16, float, (bool)0, (bool)1, (bool)1, (bool)0, (int)6, (bool)0, cublasGemvParamsEx<int, cublasGemvTensorStridedBatched<const __nv_bfloat16>, cublasGemvTensorStridedBatched<const __nv_bfloat16>, cublasGemvTensorStridedBatched<__nv_bfloat16>, float>>(T13)	12576,1,1	16,4,1	8	2519275	0.016291000915824198
OLMOE_1B7B_B1_T256_D8	DECODE	OTHER	void at::native::elementwise_kernel<(int)128, (int)4, void at::native::gpu_kernel_impl_nocast<at::native::BinaryFunctor<c10::BFloat16, c10::BFloat16, c10::BFloat16, at::native::binary_internal::MulFunctor<float>>>(at::TensorIteratorBase &, const T1 &)::[lambda(int) (instance 1)]>(int, T3)	4,1,1	128,1,1	1536	2442635	0.01579540503598227
OLMOE_1B7B_B1_T256_D8	PREFILL	GEMM	void cutlass::Kernel2<cutlass_80_wmma_tensorop_bf16_s161616gemm_bf16_32x32_128x2_tn_align8>(T1::Params)	8,8,1	128,1,1	245	2204582	0.014256024999656464
OLMOE_1B7B_B1_T256_D8	PREFILL	GEMM	void cutlass::Kernel2<cutlass_80_wmma_tensorop_bf16_s161616gemm_bf16_32x32_128x2_tn_align8>(T1::Params)	24,4,1	128,1,1	138	2052937	0.013275406038296486
OLMOE_1B7B_B1_T256_D8	PREFILL	GEMM	ampere_bf16_s16816gemm_bf16_128x64_ldg8_f2f_stages_32x6_tn	16,4,1	128,1,1	75	1988616	0.012859471505581031
OLMOE_1B7B_B1_T256_D8	PREFILL	OTHER	void at::native::<unnamed>::write_indices<int>(long *, at::native::<unnamed>::TensorDims<T1>, int, T1)	1,1,1	256,1,1	957	1892427	0.012237461170428175
OLMOE_1B7B_B1_T256_D8	DECODE	OTHER	void at::native::<unnamed>::write_indices<int>(long *, at::native::<unnamed>::TensorDims<T1>, int, T1)	1,1,1	256,1,1	1024	1853067	0.011982938025457164
OLMOE_1B7B_B1_T256_D8	PREFILL	REDUCTION	void at_cuda_detail::cub::DeviceReduceSingleTileKernel<at_cuda_detail::cub::DeviceReducePolicy<int, unsigned int, cuda::std::__4::plus<void>>::Policy600, at_cuda_detail::cub::TransformInputIterator<bool, at::native::<unnamed>::NonZeroOp<long>, const long *, long>, int *, unsigned int, cuda::std::__4::plus<void>, int, int>(T2, T3, T4, T5, T6)	1,1,1	256,1,1	1024	1801226	0.011647705953342273
OLMOE_1B7B_B1_T256_D8	PREFILL	OTHER	void at::native::index_elementwise_kernel<(int)128, (int)4, void at::native::gpu_index_kernel<void at::native::index_kernel_impl<at::native::OpaqueType<(int)2>>(at::TensorIteratorBase &, c10::ArrayRef<long>, c10::ArrayRef<long>)::[lambda(char *, const char *, long) (instance 1)]>(at::TensorIteratorBase &, c10::ArrayRef<long>, c10::ArrayRef<long>, const T1 &)::[lambda(int) (instance 1)]>(long, T3)	1,1,1	128,1,1	957	1721515	0.011132251318972757
OLMOE_1B7B_B1_T256_D8	PREFILL	OTHER	void at_cuda_detail::cub::DeviceSelectSweepKernel<at_cuda_detail::cub::detail::device_select_policy_hub<long, bool, int, (bool)0, (bool)0>::Policy900, at_cuda_detail::cub::CountingInputIterator<long, long>, at_cuda_detail::cub::TransformInputIterator<bool, at::native::<unnamed>::NonZeroOp<long>, const long *, long>, long *, int *, at_cuda_detail::cub::ScanTileState<int, (bool)1>, at_cuda_detail::cub::NullType, at_cuda_detail::cub::NullType, int, (bool)0>(T2, T3, T4, T5, T6, T7, T8, T9, int)	4,1,1	128,1,1	1024	1709637	0.01105544171744924
OLMOE_1B7B_B1_T256_D8	PREFILL	GEMM	void cutlass::Kernel2<cutlass_80_wmma_tensorop_bf16_s161616gemm_bf16_32x32_128x2_tn_align8>(T1::Params)	16,8,1	128,1,1	173	1681003	0.010870278716100157
OLMOE_1B7B_B1_T256_D8	DECODE	OTHER	void at::native::index_elementwise_kernel<(int)128, (int)4, void at::native::gpu_index_kernel<void at::native::index_kernel_impl<at::native::OpaqueType<(int)2>>(at::TensorIteratorBase &, c10::ArrayRef<long>, c10::ArrayRef<long>)::[lambda(char *, const char *, long) (instance 1)]>(at::TensorIteratorBase &, c10::ArrayRef<long>, c10::ArrayRef<long>, const T1 &)::[lambda(int) (instance 1)]>(long, T3)	1,1,1	128,1,1	1024	1571722	0.010163608395836516
OLMOE_1B7B_B1_T256_D8	PREFILL	COPY	void at::native::elementwise_kernel<(int)128, (int)2, void at::native::gpu_kernel_impl_nocast<at::native::direct_copy_kernel_cuda(at::TensorIteratorBase &)::[lambda() (instance 3)]::operator ()() const::[lambda() (instance 4)]::operator ()() const::[lambda(long) (instance 1)]>(at::TensorIteratorBase &, const T1 &)::[lambda(int) (instance 1)]>(int, T3)	8,1,1	128,1,1	1024	1543501	0.0099811160768775
OLMOE_1B7B_B1_T256_D8	PREFILL	REDUCTION	void at::native::indexFuncLargeIndex<c10::BFloat16, long, unsigned int, (int)2, (int)2, (int)-2, (bool)1, at::native::<unnamed>::ReduceAdd>(at::cuda::detail::TensorInfo<T1, T3>, at::cuda::detail::TensorInfo<const T1, T3>, at::cuda::detail::TensorInfo<const T2, T3>, int, int, T3, T3, long, long, const T8 &, T1)	608,1,1	128,1,1	274	1236227	0.007994115445581209
OLMOE_1B7B_B1_T256_D8	DECODE	REDUCTION	void at::native::reduce_kernel<(int)512, (int)1, at::native::ReduceOp<float, at::native::MeanOps<float, float, float, float>, unsigned int, float, (int)4>>(T3)	1,1,1	512,1,1	520	1072581	0.006935891497869678
OLMOE_1B7B_B1_T256_D8	DECODE	COPY	void at::native::unrolled_elementwise_kernel<at::native::direct_copy_kernel_cuda(at::TensorIteratorBase &)::[lambda() (instance 3)]::operator ()() const::[lambda() (instance 12)]::operator ()() const::[lambda(c10::BFloat16) (instance 1)], at::detail::Array<char *, (int)2>, TrivialOffsetCalculator<(int)1, unsigned int>, TrivialOffsetCalculator<(int)1, unsigned int>, at::native::memory::LoadWithCast<(int)1>, at::native::memory::StoreWithCast<(int)1>>(int, T1, T2, T3, T4, T5, T6)	4,1,1	128,1,1	520	1063204	0.00687525472118286
OLMOE_1B7B_B1_T256_D8	PREFILL	GEMM	ampere_bf16_s16816gemm_bf16_64x64_ldg8_f2f_stages_64x5_tn	16,3,1	128,1,1	68	1054536	0.006819202723708046
OLMOE_1B7B_B1_T256_D8	DECODE	OTHER	void at::native::vectorized_elementwise_kernel<(int)4, at::native::<unnamed>::silu_kernel(at::TensorIteratorBase &)::[lambda() (instance 1)]::operator ()() const::[lambda() (instance 6)]::operator ()() const::[lambda(c10::BFloat16) (instance 1)], at::detail::Array<char *, (int)2>>(int, T2, T3)	2,1,1	128,1,1	1024	1042725	0.00674282638058679
OLMOE_1B7B_B1_T256_D8	DECODE	COPY	void at::native::<unnamed>::CatArrayBatchedCopy_contig<at::native::<unnamed>::OpaqueType<(unsigned int)2>, unsigned int, (int)4, (int)128, (int)1>(T1 *, at::native::<unnamed>::CatArrInputTensorMetadata<T1, T2, T4, T5>, at::native::<unnamed>::TensorSizeStride<T2, (unsigned int)4>, int, T2)	152,2,1	512,1,1	224	1001829	0.006478370625080327
OLMOE_1B7B_B1_T256_D8	DECODE	COPY	void at::native::unrolled_elementwise_kernel<at::native::direct_copy_kernel_cuda(at::TensorIteratorBase &)::[lambda() (instance 3)]::operator ()() const::[lambda() (instance 7)]::operator ()() const::[lambda(float) (instance 1)], at::detail::Array<char *, (int)2>, TrivialOffsetCalculator<(int)1, unsigned int>, TrivialOffsetCalculator<(int)1, unsigned int>, at::native::memory::LoadWithCast<(int)1>, at::native::memory::StoreWithCast<(int)1>>(int, T1, T2, T3, T4, T5, T6)	4,1,1	128,1,1	520	987494	0.006385672726626073
OLMOE_1B7B_B1_T256_D8	PREFILL	GEMM	ampere_bf16_s16816gemm_bf16_64x64_ldg8_f2f_stages_64x5_tn	32,2,1	128,1,1	93	910306	0.005886533181046238
OLMOE_1B7B_B1_T256_D8	DECODE	OTHER	void at::native::vectorized_elementwise_kernel<(int)4, at::native::BinaryFunctor<c10::BFloat16, c10::BFloat16, c10::BFloat16, at::native::binary_internal::MulFunctor<float>>, at::detail::Array<char *, (int)3>>(int, T2, T3)	2,1,1	128,1,1	1024	906499	0.005861915050637076
OLMOE_1B7B_B1_T256_D8	PREFILL	OTHER	void at_cuda_detail::cub::DeviceCompactInitKernel<at_cuda_detail::cub::ScanTileState<int, (bool)1>, int *>(T1, int, T2)	1,1,1	128,1,1	1024	822594	0.005319339733594582
OLMOE_1B7B_B1_T256_D8	DECODE	ATTENTION_LIKE	void pytorch_flash::flash_fwd_splitkv_kernel<pytorch_flash::Flash_fwd_kernel_traits<(int)128, (int)64, (int)128, (int)4, (bool)0, (bool)0, cutlass::bfloat16_t, pytorch_flash::Flash_kernel_traits<(int)128, (int)64, (int)128, (int)4, cutlass::bfloat16_t>>, (bool)0, (bool)0, (bool)0, (bool)0, (bool)1, (bool)1, (bool)0>(pytorch_flash::Flash_fwd_params)	1,3,16	128,1,1	128	783745	0.005068120992258739
OLMOE_1B7B_B1_T256_D8	DECODE	COPY	void at::native::<unnamed>::CatArrayBatchedCopy<at::native::<unnamed>::OpaqueType<(unsigned int)2>, unsigned int, (int)4, (int)64, (int)64>(T1 *, at::native::<unnamed>::CatArrInputTensorMetadata<T1, T2, T4, T5>, at::native::<unnamed>::TensorSizeStride<T2, (unsigned int)4>, int, T2)	152,2,1	512,1,1	288	740706	0.0047898074344231885
OLMOE_1B7B_B1_T256_D8	DECODE	OTHER	void at::native::elementwise_kernel<(int)128, (int)2, void at::native::gpu_kernel_impl_nocast<at::native::BinaryFunctor<float, float, float, at::native::binary_internal::MulFunctor<float>>>(at::TensorIteratorBase &, const T1 &)::[lambda(int) (instance 1)]>(int, T3)	8,1,1	128,1,1	520	646820	0.004182689548530195
OLMOE_1B7B_B1_T256_D8	PREFILL	GEMM	void cutlass::Kernel2<cutlass_80_tensorop_bf16_s16816gemm_relu_bf16_256x128_32x3_tn_align8>(T1::Params)	16,25,1	256,1,1	1	615427	0.003979685354168536
OLMOE_1B7B_B1_T256_D8	PREFILL	REDUCTION	void cublasLt::splitKreduce_kernel<(int)32, (int)16, int, __nv_bfloat16, __nv_bfloat16, float, __nv_bfloat16, (bool)1, (bool)0, (bool)0>(cublasLt::cublasSplitKParams<T6>, const T4 *, const T5 *, T5 *, const T6 *, const T6 *, const T7 *, const T4 *, T7 *, void *, long, T6 *, int *)	32,2,1	32,16,1	490	598338	0.0038691785954182924
OLMOE_1B7B_B1_T256_D8	PREFILL	GEMM	ampere_bf16_s16816gemm_bf16_64x64_ldg8_f2f_stages_64x5_tn	16,2,2	128,1,1	48	535428	0.003462368355323622
OLMOE_1B7B_B1_T256_D8	DECODE	OTHER	void at::native::vectorized_elementwise_kernel<(int)4, at::native::BinaryFunctor<c10::BFloat16, c10::BFloat16, c10::BFloat16, at::native::binary_internal::MulFunctor<float>>, at::detail::Array<char *, (int)3>>(int, T2, T3)	4,1,1	128,1,1	520	533122	0.0034474565064338066
OLMOE_1B7B_B1_T256_D8	PREFILL	GEMM	ampere_bf16_s16816gemm_bf16_128x64_ldg8_f2f_stages_32x6_tn	16,3,1	128,1,1	34	528130	0.003415175522193581
OLMOE_1B7B_B1_T256_D8	PREFILL	GEMV	std::enable_if<!T7, void>::type internal::gemvx::kernel<int, int, __nv_bfloat16, __nv_bfloat16, __nv_bfloat16, float, (bool)0, (bool)1, (bool)1, (bool)0, (int)6, (bool)0, cublasGemvParamsEx<int, cublasGemvTensorStridedBatched<const __nv_bfloat16>, cublasGemvTensorStridedBatched<const __nv_bfloat16>, cublasGemvTensorStridedBatched<__nv_bfloat16>, float>>(T13)	256,1,1	16,4,1	56	468963	0.0030325695537357627
OLMOE_1B7B_B1_T256_D8	DECODE	OTHER	void at::native::vectorized_elementwise_kernel<(int)4, void at::native::<unnamed>::pow_tensor_scalar_kernel_impl<float, float>(at::TensorIteratorBase &, T2)::[lambda(float) (instance 1)], at::detail::Array<char *, (int)2>>(int, T2, T3)	4,1,1	128,1,1	520	459140	0.0029690486987294052
OLMOE_1B7B_B1_T256_D8	DECODE	OTHER	void at::native::vectorized_elementwise_kernel<(int)4, at::native::rsqrt_kernel_cuda(at::TensorIteratorBase &)::[lambda() (instance 2)]::operator ()() const::[lambda() (instance 2)]::operator ()() const::[lambda(float) (instance 1)], at::detail::Array<char *, (int)2>>(int, T2, T3)	1,1,1	128,1,1	520	456547	0.002952280951907509
OLMOE_1B7B_B1_T256_D8	DECODE	MOE_DISPATCH_EXPERT	void at::native::sbtopk::gatherTopK<float, unsigned int, (int)1, (bool)0>(at::cuda::detail::TensorInfo<const T1, T2>, T2, T2, bool, T2, T2, at::cuda::detail::TensorInfo<T1, T2>, T2, at::cuda::detail::TensorInfo<long, T2>, T2, T1 *)	1,1,1	64,1,1	128	453283	0.002931174154519669
OLMOE_1B7B_B1_T256_D8	DECODE	OTHER	void at::native::vectorized_elementwise_kernel<(int)4, at::native::CUDAFunctor_add<c10::BFloat16>, at::detail::Array<char *, (int)3>>(int, T2, T3)	4,1,1	128,1,1	512	450785	0.0029150207293129216
OLMOE_1B7B_B1_T256_D8	DECODE	OTHER	void at::native::vectorized_elementwise_kernel<(int)4, at::native::CUDAFunctorOnSelf_add<float>, at::detail::Array<char *, (int)2>>(int, T2, T3)	1,1,1	128,1,1	520	444419	0.002873854714554653
OLMOE_1B7B_B1_T256_D8	PREFILL	OTHER	void at::native::elementwise_kernel<(int)128, (int)4, void at::native::gpu_kernel_impl_nocast<at::native::BinaryFunctor<c10::BFloat16, c10::BFloat16, c10::BFloat16, at::native::binary_internal::MulFunctor<float>>>(at::TensorIteratorBase &, const T1 &)::[lambda(int) (instance 1)]>(int, T3)	1024,1,1	128,1,1	129	419138	0.002710374032948655
OLMOE_1B7B_B1_T256_D8	DECODE	OTHER	void at::native::elementwise_kernel<(int)128, (int)4, void at::native::gpu_kernel_impl_nocast<at::native::neg_kernel_cuda(at::TensorIteratorBase &)::[lambda() (instance 2)]::operator ()() const::[lambda() (instance 9)]::operator ()() const::[lambda(c10::BFloat16) (instance 1)]>(at::TensorIteratorBase &, const T1 &)::[lambda(int) (instance 1)]>(int, T3)	2,1,1	128,1,1	256	415137	0.002684501393135926
OLMOE_1B7B_B1_T256_D8	DECODE	OTHER	void at::native::bitonicSortKVInPlace<(int)-2, (int)-1, (int)16, (int)16, float, long, at::native::GTOp<float, (bool)1>, unsigned int>(at::cuda::detail::TensorInfo<T5, T8>, T8, T8, T8, at::cuda::detail::TensorInfo<T6, T8>, T8, T7)	1,1,1	16,1,1	128	391586	0.0025322078314689482
OLMOE_1B7B_B1_T256_D8	PREFILL	GEMM	ampere_bf16_s16816gemm_bf16_128x64_ldg8_f2f_stages_64x4_tn	8,4,2	128,1,1	22	386690	0.0025005476353871883
OLMOE_1B7B_B1_T256_D8	PREFILL	REDUCTION	void at::native::reduce_kernel<(int)512, (int)1, at::native::ReduceOp<float, at::native::MeanOps<float, float, float, float>, unsigned int, float, (int)4>>(T3)	16,1,1	32,16,1	65	280641	0.0018147771831252318
OLMOE_1B7B_B1_T256_D8	DECODE	GEMV	std::enable_if<!T7, void>::type internal::gemvx::kernel<int, int, __nv_bfloat16, __nv_bfloat16, __nv_bfloat16, float, (bool)0, (bool)1, (bool)1, (bool)0, (int)7, (bool)0, cublasGemvParamsEx<int, cublasGemvTensorStridedBatched<const __nv_bfloat16>, cublasGemvTensorStridedBatched<const __nv_bfloat16>, cublasGemvTensorStridedBatched<__nv_bfloat16>, float>>(T13)	16,1,1	32,4,1	128	274529	0.0017752536703695711
OLMOE_1B7B_B1_T256_D8	PREFILL	COPY	void at::native::unrolled_elementwise_kernel<at::native::direct_copy_kernel_cuda(at::TensorIteratorBase &)::[lambda() (instance 3)]::operator ()() const::[lambda() (instance 7)]::operator ()() const::[lambda(float) (instance 1)], at::detail::Array<char *, (int)2>, TrivialOffsetCalculator<(int)1, unsigned int>, TrivialOffsetCalculator<(int)1, unsigned int>, at::native::memory::LoadWithCast<(int)1>, at::native::memory::StoreWithCast<(int)1>>(int, T1, T2, T3, T4, T5, T6)	1024,1,1	128,1,1	65	231041	0.0014940366345845286
OLMOE_1B7B_B1_T256_D8	DECODE	ATTENTION_LIKE	void pytorch_flash::flash_fwd_splitkv_combine_kernel<pytorch_flash::Flash_fwd_kernel_traits<(int)128, (int)64, (int)128, (int)4, (bool)0, (bool)0, cutlass::bfloat16_t, pytorch_flash::Flash_kernel_traits<(int)128, (int)64, (int)128, (int)4, cutlass::bfloat16_t>>, (int)4, (int)2, (bool)1>(pytorch_flash::Flash_fwd_params)	4,1,1	128,1,1	128	228676	0.0014787432596389892
OLMOE_1B7B_B1_T256_D8	PREFILL	GEMV	std::enable_if<!T7, void>::type internal::gemvx::kernel<int, int, __nv_bfloat16, __nv_bfloat16, __nv_bfloat16, float, (bool)0, (bool)1, (bool)1, (bool)0, (int)6, (bool)0, cublasGemvParamsEx<int, cublasGemvTensorStridedBatched<const __nv_bfloat16>, cublasGemvTensorStridedBatched<const __nv_bfloat16>, cublasGemvTensorStridedBatched<__nv_bfloat16>, float>>(T13)	512,1,1	16,4,1	28	224322	0.0014505879300352345
OLMOE_1B7B_B1_T256_D8	PREFILL	COPY	void at::native::unrolled_elementwise_kernel<at::native::direct_copy_kernel_cuda(at::TensorIteratorBase &)::[lambda() (instance 3)]::operator ()() const::[lambda() (instance 12)]::operator ()() const::[lambda(c10::BFloat16) (instance 1)], at::detail::Array<char *, (int)2>, TrivialOffsetCalculator<(int)1, unsigned int>, TrivialOffsetCalculator<(int)1, unsigned int>, at::native::memory::LoadWithCast<(int)1>, at::native::memory::StoreWithCast<(int)1>>(int, T1, T2, T3, T4, T5, T6)	1024,1,1	128,1,1	65	219905	0.0014220252082024869
OLMOE_1B7B_B1_T256_D8	PREFILL	ATTENTION_LIKE	void pytorch_flash::flash_fwd_splitkv_kernel<pytorch_flash::Flash_fwd_kernel_traits<(int)128, (int)64, (int)128, (int)4, (bool)0, (bool)0, cutlass::bfloat16_t, pytorch_flash::Flash_kernel_traits<(int)128, (int)64, (int)128, (int)4, cutlass::bfloat16_t>>, (bool)1, (bool)0, (bool)0, (bool)1, (bool)1, (bool)1, (bool)0>(pytorch_flash::Flash_fwd_params)	4,2,16	128,1,1	16	207328	0.0013406954929001396
OLMOE_1B7B_B1_T256_D8	PREFILL	OTHER	void at::native::elementwise_kernel<(int)128, (int)2, void at::native::gpu_kernel_impl_nocast<at::native::BinaryFunctor<float, float, float, at::native::binary_internal::MulFunctor<float>>>(at::TensorIteratorBase &, const T1 &)::[lambda(int) (instance 1)]>(int, T3)	2048,1,1	128,1,1	65	192929	0.0012475837356735753
OLMOE_1B7B_B1_T256_D8	PREFILL	COPY	void at::native::<unnamed>::CatArrayBatchedCopy<at::native::<unnamed>::OpaqueType<(unsigned int)2>, unsigned int, (int)4, (int)64, (int)64>(T1 *, at::native::<unnamed>::CatArrInputTensorMetadata<T1, T2, T4, T5>, at::native::<unnamed>::TensorSizeStride<T2, (unsigned int)4>, int, T2)	152,2,1	512,1,1	32	168193	0.0010876273201755344
OLMOE_1B7B_B1_T256_D8	DECODE	COPY	void at::native::unrolled_elementwise_kernel<at::native::direct_copy_kernel_cuda(at::TensorIteratorBase &)::[lambda() (instance 3)]::operator ()() const::[lambda() (instance 12)]::operator ()() const::[lambda(c10::BFloat16) (instance 1)], at::detail::Array<char *, (int)2>, TrivialOffsetCalculator<(int)1, unsigned int>, TrivialOffsetCalculator<(int)1, unsigned int>, at::native::memory::LoadWithCast<(int)1>, at::native::memory::StoreWithCast<(int)1>>(int, T1, T2, T3, T4, T5, T6)	1,1,1	128,1,1	144	158497	0.0010249277161704807
OLMOE_1B7B_B1_T256_D8	DECODE	COPY	void at::native::unrolled_elementwise_kernel<at::native::direct_copy_kernel_cuda(at::TensorIteratorBase &)::[lambda() (instance 3)]::operator ()() const::[lambda() (instance 7)]::operator ()() const::[lambda(float) (instance 1)], at::detail::Array<char *, (int)2>, TrivialOffsetCalculator<(int)1, unsigned int>, TrivialOffsetCalculator<(int)1, unsigned int>, at::native::memory::LoadWithCast<(int)1>, at::native::memory::StoreWithCast<(int)1>>(int, T1, T2, T3, T4, T5, T6)	1,1,1	128,1,1	136	151009	0.0009765062398101423
OLMOE_1B7B_B1_T256_D8	DECODE	OTHER	void at::native::_scatter_gather_elementwise_kernel<(int)128, (int)4, void at::native::_cuda_scatter_fill_internal_kernel<at::native::OpaqueType<(int)8>>::operator ()<at::native::TensorAssign>(at::TensorIterator &, at::native::OpaqueType<(int)8>, long, long, long, const T1 &)::[lambda(int) (instance 1)]>(int, T3)	1,1,1	128,1,1	128	145121	0.0009384312327575685
OLMOE_1B7B_B1_T256_D8	DECODE	OTHER	void <unnamed>::softmax_warp_forward<float, float, float, (int)6, (bool)0, (bool)0>(T2 *, const T1 *, int, int, int, const bool *, int, bool)	1,1,1	32,4,1	128	140449	0.0009082195423788957
OLMOE_1B7B_B1_T256_D8	PREFILL	OTHER	void at::native::vectorized_elementwise_kernel<(int)4, void at::native::<unnamed>::pow_tensor_scalar_kernel_impl<float, float>(at::TensorIteratorBase &, T2)::[lambda(float) (instance 1)], at::detail::Array<char *, (int)2>>(int, T2, T3)	1024,1,1	128,1,1	65	132545	0.0008571079839985385
OLMOE_1B7B_B1_T256_D8	PREFILL	OTHER	void at::native::index_elementwise_kernel<(int)128, (int)4, void at::native::gpu_index_kernel<void at::native::index_kernel_impl<at::native::OpaqueType<(int)2>>(at::TensorIteratorBase &, c10::ArrayRef<long>, c10::ArrayRef<long>)::[lambda(char *, const char *, long) (instance 1)]>(at::TensorIteratorBase &, c10::ArrayRef<long>, c10::ArrayRef<long>, const T1 &)::[lambda(int) (instance 1)]>(long, T3)	20,1,1	128,1,1	36	111744	0.0007225974164542812
OLMOE_1B7B_B1_T256_D8	PREFILL	OTHER	void at::native::index_elementwise_kernel<(int)128, (int)4, void at::native::gpu_index_kernel<void at::native::index_kernel_impl<at::native::OpaqueType<(int)2>>(at::TensorIteratorBase &, c10::ArrayRef<long>, c10::ArrayRef<long>)::[lambda(char *, const char *, long) (instance 1)]>(at::TensorIteratorBase &, c10::ArrayRef<long>, c10::ArrayRef<long>, const T1 &)::[lambda(int) (instance 1)]>(long, T3)	64,1,1	128,1,1	32	104608	0.0006764521633416509
OLMOE_1B7B_B1_T256_D8	DECODE	OTHER	void at::native::vectorized_elementwise_kernel<(int)4, at::native::FillFunctor<long>, at::detail::Array<char *, (int)1>>(int, T2, T3)	1,1,1	128,1,1	128	104512	0.0006758313751831851
OLMOE_1B7B_B1_T256_D8	PREFILL	OTHER	void at::native::elementwise_kernel<(int)128, (int)4, void at::native::gpu_kernel_impl_nocast<at::native::CUDAFunctor_add<c10::BFloat16>>(at::TensorIteratorBase &, const T1 &)::[lambda(int) (instance 1)]>(int, T3)	1024,1,1	128,1,1	32	102658	0.0006638424038728128
OLMOE_1B7B_B1_T256_D8	PREFILL	OTHER	void at::native::index_elementwise_kernel<(int)128, (int)4, void at::native::gpu_index_kernel<void at::native::index_kernel_impl<at::native::OpaqueType<(int)2>>(at::TensorIteratorBase &, c10::ArrayRef<long>, c10::ArrayRef<long>)::[lambda(char *, const char *, long) (instance 1)]>(at::TensorIteratorBase &, c10::ArrayRef<long>, c10::ArrayRef<long>, const T1 &)::[lambda(int) (instance 1)]>(long, T3)	24,1,1	128,1,1	31	100707	0.0006512261778606573
OLMOE_1B7B_B1_T256_D8	PREFILL	OTHER	void at::native::index_elementwise_kernel<(int)128, (int)4, void at::native::gpu_index_kernel<void at::native::index_kernel_impl<at::native::OpaqueType<(int)2>>(at::TensorIteratorBase &, c10::ArrayRef<long>, c10::ArrayRef<long>)::[lambda(char *, const char *, long) (instance 1)]>(at::TensorIteratorBase &, c10::ArrayRef<long>, c10::ArrayRef<long>, const T1 &)::[lambda(int) (instance 1)]>(long, T3)	44,1,1	128,1,1	31	100448	0.0006495513431414629
OLMOE_1B7B_B1_T256_D8	DECODE	OTHER	void at::native::vectorized_elementwise_kernel<(int)4, at::native::FillFunctor<c10::BFloat16>, at::detail::Array<char *, (int)1>>(int, T2, T3)	4,1,1	128,1,1	128	98272	0.000635480144882903
OLMOE_1B7B_B1_T256_D8	PREFILL	OTHER	void at::native::index_elementwise_kernel<(int)128, (int)4, void at::native::gpu_index_kernel<void at::native::index_kernel_impl<at::native::OpaqueType<(int)2>>(at::TensorIteratorBase &, c10::ArrayRef<long>, c10::ArrayRef<long>)::[lambda(char *, const char *, long) (instance 1)]>(at::TensorIteratorBase &, c10::ArrayRef<long>, c10::ArrayRef<long>, const T1 &)::[lambda(int) (instance 1)]>(long, T3)	40,1,1	128,1,1	29	92641	0.0005990670394628889
OLMOE_1B7B_B1_T256_D8	PREFILL	MOE_DISPATCH_EXPERT	void at::native::sbtopk::gatherTopK<float, unsigned int, (int)2, (bool)0>(at::cuda::detail::TensorInfo<const T1, T2>, T2, T2, bool, T2, T2, at::cuda::detail::TensorInfo<T1, T2>, T2, at::cuda::detail::TensorInfo<long, T2>, T2, T1 *)	256,1,1	64,1,1	16	89121	0.0005763048069858068
OLMOE_1B7B_B1_T256_D8	PREFILL	OTHER	void at::native::index_elementwise_kernel<(int)128, (int)4, void at::native::gpu_index_kernel<void at::native::index_kernel_impl<at::native::OpaqueType<(int)2>>(at::TensorIteratorBase &, c10::ArrayRef<long>, c10::ArrayRef<long>)::[lambda(char *, const char *, long) (instance 1)]>(at::TensorIteratorBase &, c10::ArrayRef<long>, c10::ArrayRef<long>, const T1 &)::[lambda(int) (instance 1)]>(long, T3)	80,1,1	128,1,1	26	85154	0.0005506520296458678
OLMOE_1B7B_B1_T256_D8	PREFILL	OTHER	void at::native::index_elementwise_kernel<(int)128, (int)4, void at::native::gpu_index_kernel<void at::native::index_kernel_impl<at::native::OpaqueType<(int)2>>(at::TensorIteratorBase &, c10::ArrayRef<long>, c10::ArrayRef<long>)::[lambda(char *, const char *, long) (instance 1)]>(at::TensorIteratorBase &, c10::ArrayRef<long>, c10::ArrayRef<long>, const T1 &)::[lambda(int) (instance 1)]>(long, T3)	28,1,1	128,1,1	26	84738	0.000547961947625849
OLMOE_1B7B_B1_T256_D8	PREFILL	OTHER	void at::native::vectorized_elementwise_kernel<(int)4, at::native::CUDAFunctor_add<c10::BFloat16>, at::detail::Array<char *, (int)3>>(int, T2, T3)	1024,1,1	128,1,1	32	83840	0.0005421549917268662
OLMOE_1B7B_B1_T256_D8	PREFILL	OTHER	void at::native::index_elementwise_kernel<(int)128, (int)4, void at::native::gpu_index_kernel<void at::native::index_kernel_impl<at::native::OpaqueType<(int)2>>(at::TensorIteratorBase &, c10::ArrayRef<long>, c10::ArrayRef<long>)::[lambda(char *, const char *, long) (instance 1)]>(at::TensorIteratorBase &, c10::ArrayRef<long>, c10::ArrayRef<long>, const T1 &)::[lambda(int) (instance 1)]>(long, T3)	4,1,1	128,1,1	28	83361	0.0005390575174778541
OLMOE_1B7B_B1_T256_D8	PREFILL	OTHER	void at::native::index_elementwise_kernel<(int)128, (int)4, void at::native::gpu_index_kernel<void at::native::index_kernel_impl<at::native::OpaqueType<(int)2>>(at::TensorIteratorBase &, c10::ArrayRef<long>, c10::ArrayRef<long>)::[lambda(char *, const char *, long) (instance 1)]>(at::TensorIteratorBase &, c10::ArrayRef<long>, c10::ArrayRef<long>, const T1 &)::[lambda(int) (instance 1)]>(long, T3)	8,1,1	128,1,1	26	79872	0.0005164957478436099
OLMOE_1B7B_B1_T256_D8	PREFILL	OTHER	void at::native::index_elementwise_kernel<(int)128, (int)4, void at::native::gpu_index_kernel<void at::native::index_kernel_impl<at::native::OpaqueType<(int)2>>(at::TensorIteratorBase &, c10::ArrayRef<long>, c10::ArrayRef<long>)::[lambda(char *, const char *, long) (instance 1)]>(at::TensorIteratorBase &, c10::ArrayRef<long>, c10::ArrayRef<long>, const T1 &)::[lambda(int) (instance 1)]>(long, T3)	12,1,1	128,1,1	25	78592	0.0005082185723973982
OLMOE_1B7B_B1_T256_D8	PREFILL	OTHER	void at::native::index_elementwise_kernel<(int)128, (int)4, void at::native::gpu_index_kernel<void at::native::index_kernel_impl<at::native::OpaqueType<(int)2>>(at::TensorIteratorBase &, c10::ArrayRef<long>, c10::ArrayRef<long>)::[lambda(char *, const char *, long) (instance 1)]>(at::TensorIteratorBase &, c10::ArrayRef<long>, c10::ArrayRef<long>, const T1 &)::[lambda(int) (instance 1)]>(long, T3)	16,1,1	128,1,1	24	75905	0.0004908429705036709
OLMOE_1B7B_B1_T256_D8	PREFILL	OTHER	void at::native::index_elementwise_kernel<(int)128, (int)4, void at::native::gpu_index_kernel<void at::native::index_kernel_impl<at::native::OpaqueType<(int)2>>(at::TensorIteratorBase &, c10::ArrayRef<long>, c10::ArrayRef<long>)::[lambda(char *, const char *, long) (instance 1)]>(at::TensorIteratorBase &, c10::ArrayRef<long>, c10::ArrayRef<long>, const T1 &)::[lambda(int) (instance 1)]>(long, T3)	60,1,1	128,1,1	23	75904	0.0004908365039603536
OLMOE_1B7B_B1_T256_D8	PREFILL	OTHER	void at::native::index_elementwise_kernel<(int)128, (int)4, void at::native::gpu_index_kernel<void at::native::index_kernel_impl<at::native::OpaqueType<(int)2>>(at::TensorIteratorBase &, c10::ArrayRef<long>, c10::ArrayRef<long>)::[lambda(char *, const char *, long) (instance 1)]>(at::TensorIteratorBase &, c10::ArrayRef<long>, c10::ArrayRef<long>, const T1 &)::[lambda(int) (instance 1)]>(long, T3)	36,1,1	128,1,1	23	72993	0.0004720123963635394
OLMOE_1B7B_B1_T256_D8	PREFILL	GEMM	void cutlass::Kernel2<cutlass_80_wmma_tensorop_bf16_s161616gemm_bf16_32x32_128x2_tn_align8>(T1::Params)	16,1,4	128,1,1	16	69506	0.0004494635598159298
OLMOE_1B7B_B1_T256_D8	PREFILL	OTHER	void at::native::index_elementwise_kernel<(int)128, (int)4, void at::native::gpu_index_kernel<void at::native::index_kernel_impl<at::native::OpaqueType<(int)2>>(at::TensorIteratorBase &, c10::ArrayRef<long>, c10::ArrayRef<long>)::[lambda(char *, const char *, long) (instance 1)]>(at::TensorIteratorBase &, c10::ArrayRef<long>, c10::ArrayRef<long>, const T1 &)::[lambda(int) (instance 1)]>(long, T3)	48,1,1	128,1,1	21	68608	0.00044365660391694695
OLMOE_1B7B_B1_T256_D8	PREFILL	OTHER	void at::native::index_elementwise_kernel<(int)128, (int)4, void at::native::gpu_index_kernel<void at::native::index_kernel_impl<at::native::OpaqueType<(int)2>>(at::TensorIteratorBase &, c10::ArrayRef<long>, c10::ArrayRef<long>)::[lambda(char *, const char *, long) (instance 1)]>(at::TensorIteratorBase &, c10::ArrayRef<long>, c10::ArrayRef<long>, const T1 &)::[lambda(int) (instance 1)]>(long, T3)	68,1,1	128,1,1	21	68032	0.0004399318749661517
OLMOE_1B7B_B1_T256_D8	PREFILL	REDUCTION	void at::native::indexFuncLargeIndex<c10::BFloat16, long, unsigned int, (int)2, (int)2, (int)-2, (bool)1, at::native::<unnamed>::ReduceAdd>(at::cuda::detail::TensorInfo<T1, T3>, at::cuda::detail::TensorInfo<const T1, T3>, at::cuda::detail::TensorInfo<const T2, T3>, int, int, T3, T3, long, long, const T8 &, T1)	320,1,1	128,1,1	26	67809	0.00043848983580638197
OLMOE_1B7B_B1_T256_D8	PREFILL	OTHER	void at::native::index_elementwise_kernel<(int)128, (int)4, void at::native::gpu_index_kernel<void at::native::index_kernel_impl<at::native::OpaqueType<(int)2>>(at::TensorIteratorBase &, c10::ArrayRef<long>, c10::ArrayRef<long>)::[lambda(char *, const char *, long) (instance 1)]>(at::TensorIteratorBase &, c10::ArrayRef<long>, c10::ArrayRef<long>, const T1 &)::[lambda(int) (instance 1)]>(long, T3)	116,1,1	128,1,1	20	66560	0.0004304131232030082
OLMOE_1B7B_B1_T256_D8	PREFILL	OTHER	void at::native::elementwise_kernel<(int)128, (int)4, void at::native::gpu_kernel_impl_nocast<at::native::neg_kernel_cuda(at::TensorIteratorBase &)::[lambda() (instance 2)]::operator ()() const::[lambda() (instance 9)]::operator ()() const::[lambda(c10::BFloat16) (instance 1)]>(at::TensorIteratorBase &, const T1 &)::[lambda(int) (instance 1)]>(int, T3)	512,1,1	128,1,1	32	65953	0.00042648793140937505
OLMOE_1B7B_B1_T256_D8	PREFILL	OTHER	void at::native::index_elementwise_kernel<(int)128, (int)4, void at::native::gpu_index_kernel<void at::native::index_kernel_impl<at::native::OpaqueType<(int)2>>(at::TensorIteratorBase &, c10::ArrayRef<long>, c10::ArrayRef<long>)::[lambda(char *, const char *, long) (instance 1)]>(at::TensorIteratorBase &, c10::ArrayRef<long>, c10::ArrayRef<long>, const T1 &)::[lambda(int) (instance 1)]>(long, T3)	32,1,1	128,1,1	20	64064	0.00041427263108289545
OLMOE_1B7B_B1_T256_D8	PREFILL	OTHER	void at::native::index_elementwise_kernel<(int)128, (int)4, void at::native::gpu_index_kernel<void at::native::index_kernel_impl<at::native::OpaqueType<(int)2>>(at::TensorIteratorBase &, c10::ArrayRef<long>, c10::ArrayRef<long>)::[lambda(char *, const char *, long) (instance 1)]>(at::TensorIteratorBase &, c10::ArrayRef<long>, c10::ArrayRef<long>, const T1 &)::[lambda(int) (instance 1)]>(long, T3)	92,1,1	128,1,1	19	63105	0.000408071216041554
OLMOE_1B7B_B1_T256_D8	PREFILL	OTHER	void at::native::vectorized_elementwise_kernel<(int)4, at::native::rsqrt_kernel_cuda(at::TensorIteratorBase &)::[lambda() (instance 2)]::operator ()() const::[lambda() (instance 2)]::operator ()() const::[lambda(float) (instance 1)], at::detail::Array<char *, (int)2>>(int, T2, T3)	1,1,1	128,1,1	65	62880	0.0004066162437951496
OLMOE_1B7B_B1_T256_D8	PREFILL	OTHER	void at::native::index_elementwise_kernel<(int)128, (int)4, void at::native::gpu_index_kernel<void at::native::index_kernel_impl<at::native::OpaqueType<(int)2>>(at::TensorIteratorBase &, c10::ArrayRef<long>, c10::ArrayRef<long>)::[lambda(char *, const char *, long) (instance 1)]>(at::TensorIteratorBase &, c10::ArrayRef<long>, c10::ArrayRef<long>, const T1 &)::[lambda(int) (instance 1)]>(long, T3)	52,1,1	128,1,1	19	61985	0.00040082868752611876
OLMOE_1B7B_B1_T256_D8	PREFILL	OTHER	void at::native::elementwise_kernel<(int)128, (int)4, void at::native::gpu_kernel_impl_nocast<at::native::BinaryFunctor<c10::BFloat16, c10::BFloat16, c10::BFloat16, at::native::binary_internal::MulFunctor<float>>>(at::TensorIteratorBase &, const T1 &)::[lambda(int) (instance 1)]>(int, T3)	20,1,1	128,1,1	36	61568	0.0003981321389627826
OLMOE_1B7B_B1_T256_D8	PREFILL	OTHER	void at::native::vectorized_elementwise_kernel<(int)4, at::native::CUDAFunctorOnSelf_add<float>, at::detail::Array<char *, (int)2>>(int, T2, T3)	1,1,1	128,1,1	65	60832	0.0003933727630812109
OLMOE_1B7B_B1_T256_D8	PREFILL	OTHER	void at::native::index_elementwise_kernel<(int)128, (int)4, void at::native::gpu_index_kernel<void at::native::index_kernel_impl<at::native::OpaqueType<(int)2>>(at::TensorIteratorBase &, c10::ArrayRef<long>, c10::ArrayRef<long>)::[lambda(char *, const char *, long) (instance 1)]>(at::TensorIteratorBase &, c10::ArrayRef<long>, c10::ArrayRef<long>, const T1 &)::[lambda(int) (instance 1)]>(long, T3)	84,1,1	128,1,1	18	59841	0.0003869644186537142
OLMOE_1B7B_B1_T256_D8	PREFILL	OTHER	void at::native::bitonicSortKVInPlace<(int)2, (int)-1, (int)16, (int)16, float, long, at::native::GTOp<float, (bool)1>, unsigned int>(at::cuda::detail::TensorInfo<T5, T8>, T8, T8, T8, at::cuda::detail::TensorInfo<T6, T8>, T8, T7)	256,1,1	16,1,1	16	59136	0.0003824055056149804
OLMOE_1B7B_B1_T256_D8	PREFILL	ATTENTION_LIKE	void pytorch_flash::flash_fwd_splitkv_combine_kernel<pytorch_flash::Flash_fwd_kernel_traits<(int)128, (int)64, (int)128, (int)4, (bool)0, (bool)0, cutlass::bfloat16_t, pytorch_flash::Flash_kernel_traits<(int)128, (int)64, (int)128, (int)4, cutlass::bfloat16_t>>, (int)4, (int)1, (bool)1>(pytorch_flash::Flash_fwd_params)	1024,1,1	128,1,1	16	57312	0.0003706105306041287
OLMOE_1B7B_B1_T256_D8	PREFILL	OTHER	void at::native::elementwise_kernel<(int)128, (int)4, void at::native::gpu_kernel_impl_nocast<at::native::BinaryFunctor<c10::BFloat16, c10::BFloat16, c10::BFloat16, at::native::binary_internal::MulFunctor<float>>>(at::TensorIteratorBase &, const T1 &)::[lambda(int) (instance 1)]>(int, T3)	64,1,1	128,1,1	32	55552	0.00035922941436558766
OLMOE_1B7B_B1_T256_D8	PREFILL	REDUCTION	void at::native::indexFuncLargeIndex<c10::BFloat16, long, unsigned int, (int)2, (int)2, (int)-2, (bool)1, at::native::<unnamed>::ReduceAdd>(at::cuda::detail::TensorInfo<T1, T3>, at::cuda::detail::TensorInfo<const T1, T3>, at::cuda::detail::TensorInfo<const T2, T3>, int, int, T3, T3, long, long, const T8 &, T1)	272,1,1	128,1,1	21	54240	0.00035074530953322063
OLMOE_1B7B_B1_T256_D8	PREFILL	OTHER	void at::native::elementwise_kernel<(int)128, (int)4, void at::native::gpu_kernel_impl_nocast<at::native::BinaryFunctor<c10::BFloat16, c10::BFloat16, c10::BFloat16, at::native::binary_internal::MulFunctor<float>>>(at::TensorIteratorBase &, const T1 &)::[lambda(int) (instance 1)]>(int, T3)	44,1,1	128,1,1	31	53920	0.0003486760156716677
OLMOE_1B7B_B1_T256_D8	PREFILL	REDUCTION	void at::native::indexFuncLargeIndex<c10::BFloat16, long, unsigned int, (int)2, (int)2, (int)-2, (bool)1, at::native::<unnamed>::ReduceAdd>(at::cuda::detail::TensorInfo<T1, T3>, at::cuda::detail::TensorInfo<const T1, T3>, at::cuda::detail::TensorInfo<const T2, T3>, int, int, T3, T3, long, long, const T8 &, T1)	464,1,1	128,1,1	20	53568	0.0003463997924239595
OLMOE_1B7B_B1_T256_D8	PREFILL	OTHER	void at::native::elementwise_kernel<(int)128, (int)4, void at::native::gpu_kernel_impl_nocast<at::native::BinaryFunctor<c10::BFloat16, c10::BFloat16, c10::BFloat16, at::native::binary_internal::MulFunctor<float>>>(at::TensorIteratorBase &, const T1 &)::[lambda(int) (instance 1)]>(int, T3)	24,1,1	128,1,1	31	53376	0.00034515821610702776
OLMOE_1B7B_B1_T256_D8	PREFILL	OTHER	void at::native::elementwise_kernel<(int)128, (int)4, void at::native::gpu_kernel_impl_nocast<at::native::BinaryFunctor<c10::BFloat16, c10::BFloat16, c10::BFloat16, at::native::binary_internal::MulFunctor<float>>>(at::TensorIteratorBase &, const T1 &)::[lambda(int) (instance 1)]>(int, T3)	40,1,1	128,1,1	29	50497	0.0003265410378963688
OLMOE_1B7B_B1_T256_D8	PREFILL	OTHER	void at::native::index_elementwise_kernel<(int)128, (int)4, void at::native::gpu_index_kernel<void at::native::index_kernel_impl<at::native::OpaqueType<(int)2>>(at::TensorIteratorBase &, c10::ArrayRef<long>, c10::ArrayRef<long>)::[lambda(char *, const char *, long) (instance 1)]>(at::TensorIteratorBase &, c10::ArrayRef<long>, c10::ArrayRef<long>, const T1 &)::[lambda(int) (instance 1)]>(long, T3)	104,1,1	128,1,1	15	50209	0.0003246786734209712
OLMOE_1B7B_B1_T256_D8	PREFILL	REDUCTION	void at::native::indexFuncLargeIndex<c10::BFloat16, long, unsigned int, (int)2, (int)2, (int)-2, (bool)1, at::native::<unnamed>::ReduceAdd>(at::cuda::detail::TensorInfo<T1, T3>, at::cuda::detail::TensorInfo<const T1, T3>, at::cuda::detail::TensorInfo<const T2, T3>, int, int, T3, T3, long, long, const T8 &, T1)	368,1,1	128,1,1	19	50208	0.0003246722068776538
OLMOE_1B7B_B1_T256_D8	PREFILL	OTHER	void at::native::index_elementwise_kernel<(int)128, (int)4, void at::native::gpu_index_kernel<void at::native::index_kernel_impl<at::native::OpaqueType<(int)2>>(at::TensorIteratorBase &, c10::ArrayRef<long>, c10::ArrayRef<long>)::[lambda(char *, const char *, long) (instance 1)]>(at::TensorIteratorBase &, c10::ArrayRef<long>, c10::ArrayRef<long>, const T1 &)::[lambda(int) (instance 1)]>(long, T3)	88,1,1	128,1,1	15	49280	0.00031867125467915035
OLMOE_1B7B_B1_T256_D8	PREFILL	REDUCTION	void at::native::indexFuncLargeIndex<c10::BFloat16, long, unsigned int, (int)2, (int)2, (int)-2, (bool)1, at::native::<unnamed>::ReduceAdd>(at::cuda::detail::TensorInfo<T1, T3>, at::cuda::detail::TensorInfo<const T1, T3>, at::cuda::detail::TensorInfo<const T2, T3>, int, int, T3, T3, long, long, const T8 &, T1)	336,1,1	128,1,1	18	47360	0.0003062554915098328
OLMOE_1B7B_B1_T256_D8	PREFILL	OTHER	void at::native::elementwise_kernel<(int)128, (int)4, void at::native::gpu_kernel_impl_nocast<at::native::BinaryFunctor<c10::BFloat16, c10::BFloat16, c10::BFloat16, at::native::binary_internal::MulFunctor<float>>>(at::TensorIteratorBase &, const T1 &)::[lambda(int) (instance 1)]>(int, T3)	4,1,1	128,1,1	28	47168	0.00030501391519290104
OLMOE_1B7B_B1_T256_D8	PREFILL	OTHER	void at::native::index_elementwise_kernel<(int)128, (int)4, void at::native::gpu_index_kernel<void at::native::index_kernel_impl<at::native::OpaqueType<(int)2>>(at::TensorIteratorBase &, c10::ArrayRef<long>, c10::ArrayRef<long>)::[lambda(char *, const char *, long) (instance 1)]>(at::TensorIteratorBase &, c10::ArrayRef<long>, c10::ArrayRef<long>, const T1 &)::[lambda(int) (instance 1)]>(long, T3)	128,1,1	128,1,1	14	46240	0.0002990129629943975
OLMOE_1B7B_B1_T256_D8	PREFILL	OTHER	void at::native::index_elementwise_kernel<(int)128, (int)4, void at::native::gpu_index_kernel<void at::native::index_kernel_impl<at::native::OpaqueType<(int)2>>(at::TensorIteratorBase &, c10::ArrayRef<long>, c10::ArrayRef<long>)::[lambda(char *, const char *, long) (instance 1)]>(at::TensorIteratorBase &, c10::ArrayRef<long>, c10::ArrayRef<long>, const T1 &)::[lambda(int) (instance 1)]>(long, T3)	100,1,1	128,1,1	14	46080	0.0002979783160636211
OLMOE_1B7B_B1_T256_D8	PREFILL	OTHER	void at::native::elementwise_kernel<(int)128, (int)4, void at::native::gpu_kernel_impl_nocast<at::native::BinaryFunctor<c10::BFloat16, c10::BFloat16, c10::BFloat16, at::native::binary_internal::MulFunctor<float>>>(at::TensorIteratorBase &, const T1 &)::[lambda(int) (instance 1)]>(int, T3)	80,1,1	128,1,1	26	45728	0.0002957020928159129
OLMOE_1B7B_B1_T256_D8	PREFILL	OTHER	void at::native::elementwise_kernel<(int)128, (int)4, void at::native::gpu_kernel_impl_nocast<at::native::BinaryFunctor<c10::BFloat16, c10::BFloat16, c10::BFloat16, at::native::binary_internal::MulFunctor<float>>>(at::TensorIteratorBase &, const T1 &)::[lambda(int) (instance 1)]>(int, T3)	8,1,1	128,1,1	26	44832	0.0002899080700035647
OLMOE_1B7B_B1_T256_D8	PREFILL	OTHER	void at::native::elementwise_kernel<(int)128, (int)4, void at::native::gpu_kernel_impl_nocast<at::native::BinaryFunctor<c10::BFloat16, c10::BFloat16, c10::BFloat16, at::native::binary_internal::MulFunctor<float>>>(at::TensorIteratorBase &, const T1 &)::[lambda(int) (instance 1)]>(int, T3)	28,1,1	128,1,1	26	44705	0.00028908681900226084
OLMOE_1B7B_B1_T256_D8	PREFILL	OTHER	void at::native::elementwise_kernel<(int)128, (int)4, void at::native::gpu_kernel_impl_nocast<at::native::BinaryFunctor<c10::BFloat16, c10::BFloat16, c10::BFloat16, at::native::binary_internal::MulFunctor<float>>>(at::TensorIteratorBase &, const T1 &)::[lambda(int) (instance 1)]>(int, T3)	12,1,1	128,1,1	25	42849	0.0002770849146052539
OLMOE_1B7B_B1_T256_D8	PREFILL	OTHER	void at::native::elementwise_kernel<(int)128, (int)4, void at::native::gpu_kernel_impl_nocast<at::native::BinaryFunctor<c10::BFloat16, c10::BFloat16, c10::BFloat16, at::native::binary_internal::MulFunctor<float>>>(at::TensorIteratorBase &, const T1 &)::[lambda(int) (instance 1)]>(int, T3)	16,1,1	128,1,1	24	41248	0.0002667319787541719
OLMOE_1B7B_B1_T256_D8	PREFILL	OTHER	void at::native::elementwise_kernel<(int)128, (int)4, void at::native::gpu_kernel_impl_nocast<at::native::BinaryFunctor<c10::BFloat16, c10::BFloat16, c10::BFloat16, at::native::binary_internal::MulFunctor<float>>>(at::TensorIteratorBase &, const T1 &)::[lambda(int) (instance 1)]>(int, T3)	60,1,1	128,1,1	23	40033	0.00025887512862358817
OLMOE_1B7B_B1_T256_D8	PREFILL	REDUCTION	void at::native::indexFuncLargeIndex<c10::BFloat16, long, unsigned int, (int)2, (int)2, (int)-2, (bool)1, at::native::<unnamed>::ReduceAdd>(at::cuda::detail::TensorInfo<T1, T3>, at::cuda::detail::TensorInfo<const T1, T3>, at::cuda::detail::TensorInfo<const T2, T3>, int, int, T3, T3, long, long, const T8 &, T1)	416,1,1	128,1,1	15	39841	0.0002576335523066564
OLMOE_1B7B_B1_T256_D8	PREFILL	OTHER	void at::native::elementwise_kernel<(int)128, (int)4, void at::native::gpu_kernel_impl_nocast<at::native::BinaryFunctor<c10::BFloat16, c10::BFloat16, c10::BFloat16, at::native::binary_internal::MulFunctor<float>>>(at::TensorIteratorBase &, const T1 &)::[lambda(int) (instance 1)]>(int, T3)	36,1,1	128,1,1	23	39809	0.00025742662292050115
OLMOE_1B7B_B1_T256_D8	PREFILL	OTHER	void at::native::index_elementwise_kernel<(int)128, (int)4, void at::native::gpu_index_kernel<void at::native::index_kernel_impl<at::native::OpaqueType<(int)2>>(at::TensorIteratorBase &, c10::ArrayRef<long>, c10::ArrayRef<long>)::[lambda(char *, const char *, long) (instance 1)]>(at::TensorIteratorBase &, c10::ArrayRef<long>, c10::ArrayRef<long>, const T1 &)::[lambda(int) (instance 1)]>(long, T3)	112,1,1	128,1,1	12	39744	0.0002570062976048732
OLMOE_1B7B_B1_T256_D8	PREFILL	REDUCTION	void at::native::indexFuncLargeIndex<c10::BFloat16, long, unsigned int, (int)2, (int)2, (int)-2, (bool)1, at::native::<unnamed>::ReduceAdd>(at::cuda::detail::TensorInfo<T1, T3>, at::cuda::detail::TensorInfo<const T1, T3>, at::cuda::detail::TensorInfo<const T2, T3>, int, int, T3, T3, long, long, const T8 &, T1)	352,1,1	128,1,1	15	39392	0.00025473007435716495
OLMOE_1B7B_B1_T256_D8	PREFILL	OTHER	void at::native::index_elementwise_kernel<(int)128, (int)4, void at::native::gpu_index_kernel<void at::native::index_kernel_impl<at::native::OpaqueType<(int)2>>(at::TensorIteratorBase &, c10::ArrayRef<long>, c10::ArrayRef<long>)::[lambda(char *, const char *, long) (instance 1)]>(at::TensorIteratorBase &, c10::ArrayRef<long>, c10::ArrayRef<long>, const T1 &)::[lambda(int) (instance 1)]>(long, T3)	140,1,1	128,1,1	12	39392	0.00025473007435716495
OLMOE_1B7B_B1_T256_D8	PREFILL	OTHER	void at::native::index_elementwise_kernel<(int)128, (int)4, void at::native::gpu_index_kernel<void at::native::index_kernel_impl<at::native::OpaqueType<(int)2>>(at::TensorIteratorBase &, c10::ArrayRef<long>, c10::ArrayRef<long>)::[lambda(char *, const char *, long) (instance 1)]>(at::TensorIteratorBase &, c10::ArrayRef<long>, c10::ArrayRef<long>, const T1 &)::[lambda(int) (instance 1)]>(long, T3)	108,1,1	128,1,1	12	39392	0.00025473007435716495
OLMOE_1B7B_B1_T256_D8	PREFILL	OTHER	void at::native::index_elementwise_kernel<(int)128, (int)4, void at::native::gpu_index_kernel<void at::native::index_kernel_impl<at::native::OpaqueType<(int)2>>(at::TensorIteratorBase &, c10::ArrayRef<long>, c10::ArrayRef<long>)::[lambda(char *, const char *, long) (instance 1)]>(at::TensorIteratorBase &, c10::ArrayRef<long>, c10::ArrayRef<long>, const T1 &)::[lambda(int) (instance 1)]>(long, T3)	72,1,1	128,1,1	12	39234	0.0002537083605130232
OLMOE_1B7B_B1_T256_D8	PREFILL	OTHER	void at::native::index_elementwise_kernel<(int)128, (int)4, void at::native::gpu_index_kernel<void at::native::index_kernel_impl<at::native::OpaqueType<(int)2>>(at::TensorIteratorBase &, c10::ArrayRef<long>, c10::ArrayRef<long>)::[lambda(char *, const char *, long) (instance 1)]>(at::TensorIteratorBase &, c10::ArrayRef<long>, c10::ArrayRef<long>, const T1 &)::[lambda(int) (instance 1)]>(long, T3)	124,1,1	128,1,1	12	38817	0.00025101181194968705
OLMOE_1B7B_B1_T256_D8	PREFILL	OTHER	void at::native::index_elementwise_kernel<(int)128, (int)4, void at::native::gpu_index_kernel<void at::native::index_kernel_impl<at::native::OpaqueType<(int)2>>(at::TensorIteratorBase &, c10::ArrayRef<long>, c10::ArrayRef<long>)::[lambda(char *, const char *, long) (instance 1)]>(at::TensorIteratorBase &, c10::ArrayRef<long>, c10::ArrayRef<long>, const T1 &)::[lambda(int) (instance 1)]>(long, T3)	76,1,1	128,1,1	12	38688	0.0002501776278617485
OLMOE_1B7B_B1_T256_D8	PREFILL	OTHER	void at::native::index_elementwise_kernel<(int)128, (int)4, void at::native::gpu_index_kernel<void at::native::index_kernel_impl<at::native::OpaqueType<(int)2>>(at::TensorIteratorBase &, c10::ArrayRef<long>, c10::ArrayRef<long>)::[lambda(char *, const char *, long) (instance 1)]>(at::TensorIteratorBase &, c10::ArrayRef<long>, c10::ArrayRef<long>, const T1 &)::[lambda(int) (instance 1)]>(long, T3)	96,1,1	128,1,1	12	38592	0.00024955683970328266
OLMOE_1B7B_B1_T256_D8	PREFILL	OTHER	void at::native::vectorized_elementwise_kernel<(int)4, at::native::<unnamed>::silu_kernel(at::TensorIteratorBase &)::[lambda() (instance 1)]::operator ()() const::[lambda() (instance 6)]::operator ()() const::[lambda(c10::BFloat16) (instance 1)], at::detail::Array<char *, (int)2>>(int, T2, T3)	10,1,1	128,1,1	36	38563	0.00024936930994707944
OLMOE_1B7B_B1_T256_D8	PREFILL	REDUCTION	void at::native::indexFuncLargeIndex<c10::BFloat16, long, unsigned int, (int)2, (int)2, (int)-2, (bool)1, at::native::<unnamed>::ReduceAdd>(at::cuda::detail::TensorInfo<T1, T3>, at::cuda::detail::TensorInfo<const T1, T3>, at::cuda::detail::TensorInfo<const T2, T3>, int, int, T3, T3, long, long, const T8 &, T1)	512,1,1	128,1,1	14	37984	0.00024562518136633213
OLMOE_1B7B_B1_T256_D8	PREFILL	REDUCTION	void at::native::indexFuncLargeIndex<c10::BFloat16, long, unsigned int, (int)2, (int)2, (int)-2, (bool)1, at::native::<unnamed>::ReduceAdd>(at::cuda::detail::TensorInfo<T1, T3>, at::cuda::detail::TensorInfo<const T1, T3>, at::cuda::detail::TensorInfo<const T2, T3>, int, int, T3, T3, long, long, const T8 &, T1)	400,1,1	128,1,1	14	37280	0.00024107273487091566
OLMOE_1B7B_B1_T256_D8	PREFILL	OTHER	void at::native::elementwise_kernel<(int)128, (int)4, void at::native::gpu_kernel_impl_nocast<at::native::BinaryFunctor<c10::BFloat16, c10::BFloat16, c10::BFloat16, at::native::binary_internal::MulFunctor<float>>>(at::TensorIteratorBase &, const T1 &)::[lambda(int) (instance 1)]>(int, T3)	68,1,1	128,1,1	21	36736	0.0002375549353062757
OLMOE_1B7B_B1_T256_D8	PREFILL	OTHER	void at::native::elementwise_kernel<(int)128, (int)4, void at::native::gpu_kernel_impl_nocast<at::native::BinaryFunctor<c10::BFloat16, c10::BFloat16, c10::BFloat16, at::native::binary_internal::MulFunctor<float>>>(at::TensorIteratorBase &, const T1 &)::[lambda(int) (instance 1)]>(int, T3)	48,1,1	128,1,1	21	36352	0.00023507178267241218
OLMOE_1B7B_B1_T256_D8	PREFILL	OTHER	void at::native::index_elementwise_kernel<(int)128, (int)4, void at::native::gpu_index_kernel<void at::native::index_kernel_impl<at::native::OpaqueType<(int)2>>(at::TensorIteratorBase &, c10::ArrayRef<long>, c10::ArrayRef<long>)::[lambda(char *, const char *, long) (instance 1)]>(at::TensorIteratorBase &, c10::ArrayRef<long>, c10::ArrayRef<long>, const T1 &)::[lambda(int) (instance 1)]>(long, T3)	120,1,1	128,1,1	11	35936	0.0002323817006523934
OLMOE_1B7B_B1_T256_D8	PREFILL	OTHER	void at::native::elementwise_kernel<(int)128, (int)4, void at::native::gpu_kernel_impl_nocast<at::native::BinaryFunctor<c10::BFloat16, c10::BFloat16, c10::BFloat16, at::native::binary_internal::MulFunctor<float>>>(at::TensorIteratorBase &, const T1 &)::[lambda(int) (instance 1)]>(int, T3)	116,1,1	128,1,1	20	35521	0.00022969808517569193
OLMOE_1B7B_B1_T256_D8	PREFILL	COPY	void at::native::unrolled_elementwise_kernel<at::native::direct_copy_kernel_cuda(at::TensorIteratorBase &)::[lambda() (instance 3)]::operator ()() const::[lambda() (instance 12)]::operator ()() const::[lambda(c10::BFloat16) (instance 1)], at::detail::Array<char *, (int)2>, TrivialOffsetCalculator<(int)1, unsigned int>, TrivialOffsetCalculator<(int)1, unsigned int>, at::native::memory::LoadWithCast<(int)1>, at::native::memory::StoreWithCast<(int)1>>(int, T1, T2, T3, T4, T5, T6)	4,1,1	128,1,1	16	34529	0.00022328327420487786
OLMOE_1B7B_B1_T256_D8	PREFILL	OTHER	void at::native::vectorized_elementwise_kernel<(int)4, at::native::<unnamed>::silu_kernel(at::TensorIteratorBase &)::[lambda() (instance 1)]::operator ()() const::[lambda() (instance 6)]::operator ()() const::[lambda(c10::BFloat16) (instance 1)], at::detail::Array<char *, (int)2>>(int, T2, T3)	32,1,1	128,1,1	32	34465	0.0002228694154325673
OLMOE_1B7B_B1_T256_D8	PREFILL	OTHER	void at::native::elementwise_kernel<(int)128, (int)4, void at::native::gpu_kernel_impl_nocast<at::native::BinaryFunctor<c10::BFloat16, c10::BFloat16, c10::BFloat16, at::native::binary_internal::MulFunctor<float>>>(at::TensorIteratorBase &, const T1 &)::[lambda(int) (instance 1)]>(int, T3)	32,1,1	128,1,1	20	34305	0.00022183476850179084
OLMOE_1B7B_B1_T256_D8	PREFILL	OTHER	void at::native::index_elementwise_kernel<(int)128, (int)4, void at::native::gpu_index_kernel<void at::native::index_kernel_impl<at::native::OpaqueType<(int)2>>(at::TensorIteratorBase &, c10::ArrayRef<long>, c10::ArrayRef<long>)::[lambda(char *, const char *, long) (instance 1)]>(at::TensorIteratorBase &, c10::ArrayRef<long>, c10::ArrayRef<long>, const T1 &)::[lambda(int) (instance 1)]>(long, T3)	156,1,1	128,1,1	10	34176	0.0002210005844138523
OLMOE_1B7B_B1_T256_D8	PREFILL	OTHER	void at::native::_scatter_gather_elementwise_kernel<(int)128, (int)4, void at::native::_cuda_scatter_fill_internal_kernel<at::native::OpaqueType<(int)8>>::operator ()<at::native::TensorAssign>(at::TensorIterator &, at::native::OpaqueType<(int)8>, long, long, long, const T1 &)::[lambda(int) (instance 1)]>(int, T3)	4,1,1	128,1,1	16	34048	0.00022017286686923113
OLMOE_1B7B_B1_T256_D8	PREFILL	OTHER	void at::native::elementwise_kernel<(int)128, (int)4, void at::native::gpu_kernel_impl_nocast<at::native::BinaryFunctor<c10::BFloat16, c10::BFloat16, c10::BFloat16, at::native::binary_internal::MulFunctor<float>>>(at::TensorIteratorBase &, const T1 &)::[lambda(int) (instance 1)]>(int, T3)	92,1,1	128,1,1	19	33569	0.0002170753926202191
OLMOE_1B7B_B1_T256_D8	PREFILL	OTHER	void at::native::vectorized_elementwise_kernel<(int)4, at::native::BinaryFunctor<c10::BFloat16, c10::BFloat16, c10::BFloat16, at::native::binary_internal::MulFunctor<float>>, at::detail::Array<char *, (int)3>>(int, T2, T3)	10,1,1	128,1,1	36	33312	0.0002154134909876594
OLMOE_1B7B_B1_T256_D8	PREFILL	COPY	void at::native::unrolled_elementwise_kernel<at::native::direct_copy_kernel_cuda(at::TensorIteratorBase &)::[lambda() (instance 3)]::operator ()() const::[lambda() (instance 7)]::operator ()() const::[lambda(float) (instance 1)], at::detail::Array<char *, (int)2>, TrivialOffsetCalculator<(int)1, unsigned int>, TrivialOffsetCalculator<(int)1, unsigned int>, at::native::memory::LoadWithCast<(int)1>, at::native::memory::StoreWithCast<(int)1>>(int, T1, T2, T3, T4, T5, T6)	32,1,1	128,1,1	16	33248	0.00021499963221534882
OLMOE_1B7B_B1_T256_D8	PREFILL	OTHER	void at::native::vectorized_elementwise_kernel<(int)4, at::native::<unnamed>::silu_kernel(at::TensorIteratorBase &)::[lambda() (instance 1)]::operator ()() const::[lambda() (instance 6)]::operator ()() const::[lambda(c10::BFloat16) (instance 1)], at::detail::Array<char *, (int)2>>(int, T2, T3)	12,1,1	128,1,1	31	33152	0.00021437884405688294
OLMOE_1B7B_B1_T256_D8	PREFILL	OTHER	void at::native::vectorized_elementwise_kernel<(int)4, at::native::<unnamed>::silu_kernel(at::TensorIteratorBase &)::[lambda() (instance 1)]::operator ()() const::[lambda() (instance 6)]::operator ()() const::[lambda(c10::BFloat16) (instance 1)], at::detail::Array<char *, (int)2>>(int, T2, T3)	22,1,1	128,1,1	31	33088	0.00021396498528457235
OLMOE_1B7B_B1_T256_D8	PREFILL	OTHER	void at::native::index_elementwise_kernel<(int)128, (int)4, void at::native::gpu_index_kernel<void at::native::index_kernel_impl<at::native::OpaqueType<(int)2>>(at::TensorIteratorBase &, c10::ArrayRef<long>, c10::ArrayRef<long>)::[lambda(char *, const char *, long) (instance 1)]>(at::TensorIteratorBase &, c10::ArrayRef<long>, c10::ArrayRef<long>, const T1 &)::[lambda(int) (instance 1)]>(long, T3)	160,1,1	128,1,1	10	33056	0.00021375805589841706
OLMOE_1B7B_B1_T256_D8	PREFILL	OTHER	void at::native::elementwise_kernel<(int)128, (int)4, void at::native::gpu_kernel_impl_nocast<at::native::BinaryFunctor<c10::BFloat16, c10::BFloat16, c10::BFloat16, at::native::binary_internal::MulFunctor<float>>>(at::TensorIteratorBase &, const T1 &)::[lambda(int) (instance 1)]>(int, T3)	52,1,1	128,1,1	19	33024	0.00021355112651226177
OLMOE_1B7B_B1_T256_D8	PREFILL	OTHER	void at::native::index_elementwise_kernel<(int)128, (int)4, void at::native::gpu_index_kernel<void at::native::index_kernel_impl<at::native::OpaqueType<(int)2>>(at::TensorIteratorBase &, c10::ArrayRef<long>, c10::ArrayRef<long>)::[lambda(char *, const char *, long) (instance 1)]>(at::TensorIteratorBase &, c10::ArrayRef<long>, c10::ArrayRef<long>, const T1 &)::[lambda(int) (instance 1)]>(long, T3)	164,1,1	128,1,1	10	32704	0.00021148183265070884
OLMOE_1B7B_B1_T256_D8	PREFILL	REDUCTION	void at::native::indexFuncLargeIndex<c10::BFloat16, long, unsigned int, (int)2, (int)2, (int)-2, (bool)1, at::native::<unnamed>::ReduceAdd>(at::cuda::detail::TensorInfo<T1, T3>, at::cuda::detail::TensorInfo<const T1, T3>, at::cuda::detail::TensorInfo<const T2, T3>, int, int, T3, T3, long, long, const T8 &, T1)	560,1,1	128,1,1	12	32512	0.0002102402563337771
OLMOE_1B7B_B1_T256_D8	PREFILL	REDUCTION	void at::native::indexFuncLargeIndex<c10::BFloat16, long, unsigned int, (int)2, (int)2, (int)-2, (bool)1, at::native::<unnamed>::ReduceAdd>(at::cuda::detail::TensorInfo<T1, T3>, at::cuda::detail::TensorInfo<const T1, T3>, at::cuda::detail::TensorInfo<const T2, T3>, int, int, T3, T3, long, long, const T8 &, T1)	496,1,1	128,1,1	12	32192	0.0002081709624722242
OLMOE_1B7B_B1_T256_D8	PREFILL	OTHER	void at::native::vectorized_elementwise_kernel<(int)4, at::native::<unnamed>::silu_kernel(at::TensorIteratorBase &)::[lambda() (instance 1)]::operator ()() const::[lambda() (instance 6)]::operator ()() const::[lambda(c10::BFloat16) (instance 1)], at::detail::Array<char *, (int)2>>(int, T2, T3)	40,1,1	128,1,1	26	32096	0.0002075501743137583
OLMOE_1B7B_B1_T256_D8	PREFILL	REDUCTION	void at::native::indexFuncLargeIndex<c10::BFloat16, long, unsigned int, (int)2, (int)2, (int)-2, (bool)1, at::native::<unnamed>::ReduceAdd>(at::cuda::detail::TensorInfo<T1, T3>, at::cuda::detail::TensorInfo<const T1, T3>, at::cuda::detail::TensorInfo<const T2, T3>, int, int, T3, T3, long, long, const T8 &, T1)	448,1,1	128,1,1	12	32033	0.00020714278208476506
OLMOE_1B7B_B1_T256_D8	PREFILL	REDUCTION	void at::native::indexFuncLargeIndex<c10::BFloat16, long, unsigned int, (int)2, (int)2, (int)-2, (bool)1, at::native::<unnamed>::ReduceAdd>(at::cuda::detail::TensorInfo<T1, T3>, at::cuda::detail::TensorInfo<const T1, T3>, at::cuda::detail::TensorInfo<const T2, T3>, int, int, T3, T3, long, long, const T8 &, T1)	432,1,1	128,1,1	12	32000	0.00020692938615529243
OLMOE_1B7B_B1_T256_D8	PREFILL	REDUCTION	void at::native::indexFuncLargeIndex<c10::BFloat16, long, unsigned int, (int)2, (int)2, (int)-2, (bool)1, at::native::<unnamed>::ReduceAdd>(at::cuda::detail::TensorInfo<T1, T3>, at::cuda::detail::TensorInfo<const T1, T3>, at::cuda::detail::TensorInfo<const T2, T3>, int, int, T3, T3, long, long, const T8 &, T1)	384,1,1	128,1,1	12	31808	0.00020568780983836068
OLMOE_1B7B_B1_T256_D8	PREFILL	OTHER	void at::native::elementwise_kernel<(int)128, (int)4, void at::native::gpu_kernel_impl_nocast<at::native::BinaryFunctor<c10::BFloat16, c10::BFloat16, c10::BFloat16, at::native::binary_internal::MulFunctor<float>>>(at::TensorIteratorBase &, const T1 &)::[lambda(int) (instance 1)]>(int, T3)	84,1,1	128,1,1	18	31584	0.00020423930413527363
OLMOE_1B7B_B1_T256_D8	PREFILL	OTHER	void at::native::vectorized_elementwise_kernel<(int)4, at::native::<unnamed>::silu_kernel(at::TensorIteratorBase &)::[lambda() (instance 1)]::operator ()() const::[lambda() (instance 6)]::operator ()() const::[lambda(c10::BFloat16) (instance 1)], at::detail::Array<char *, (int)2>>(int, T2, T3)	20,1,1	128,1,1	29	31072	0.00020092843395678894
OLMOE_1B7B_B1_T256_D8	PREFILL	REDUCTION	void at::native::indexFuncLargeIndex<c10::BFloat16, long, unsigned int, (int)2, (int)2, (int)-2, (bool)1, at::native::<unnamed>::ReduceAdd>(at::cuda::detail::TensorInfo<T1, T3>, at::cuda::detail::TensorInfo<const T1, T3>, at::cuda::detail::TensorInfo<const T2, T3>, int, int, T3, T3, long, long, const T8 &, T1)	288,1,1	128,1,1	12	30880	0.0001996868576398572
OLMOE_1B7B_B1_T256_D8	PREFILL	REDUCTION	void at::native::indexFuncLargeIndex<c10::BFloat16, long, unsigned int, (int)2, (int)2, (int)-2, (bool)1, at::native::<unnamed>::ReduceAdd>(at::cuda::detail::TensorInfo<T1, T3>, at::cuda::detail::TensorInfo<const T1, T3>, at::cuda::detail::TensorInfo<const T2, T3>, int, int, T3, T3, long, long, const T8 &, T1)	304,1,1	128,1,1	12	30880	0.0001996868576398572
OLMOE_1B7B_B1_T256_D8	PREFILL	OTHER	void at::native::index_elementwise_kernel<(int)128, (int)4, void at::native::gpu_index_kernel<void at::native::index_kernel_impl<at::native::OpaqueType<(int)2>>(at::TensorIteratorBase &, c10::ArrayRef<long>, c10::ArrayRef<long>)::[lambda(char *, const char *, long) (instance 1)]>(at::TensorIteratorBase &, c10::ArrayRef<long>, c10::ArrayRef<long>, const T1 &)::[lambda(int) (instance 1)]>(long, T3)	188,1,1	128,1,1	9	30464	0.00019699677561983838
OLMOE_1B7B_B1_T256_D8	PREFILL	OTHER	void at::native::vectorized_elementwise_kernel<(int)4, at::native::FillFunctor<long>, at::detail::Array<char *, (int)1>>(int, T2, T3)	256,1,1	128,1,1	16	30272	0.00019575519930290663
OLMOE_1B7B_B1_T256_D8	PREFILL	OTHER	void at::native::vectorized_elementwise_kernel<(int)4, at::native::<unnamed>::silu_kernel(at::TensorIteratorBase &)::[lambda() (instance 1)]::operator ()() const::[lambda() (instance 6)]::operator ()() const::[lambda(c10::BFloat16) (instance 1)], at::detail::Array<char *, (int)2>>(int, T2, T3)	2,1,1	128,1,1	28	30272	0.00019575519930290663
OLMOE_1B7B_B1_T256_D8	PREFILL	OTHER	void at::native::vectorized_elementwise_kernel<(int)4, at::native::BinaryFunctor<c10::BFloat16, c10::BFloat16, c10::BFloat16, at::native::binary_internal::MulFunctor<float>>, at::detail::Array<char *, (int)3>>(int, T2, T3)	32,1,1	128,1,1	32	29792	0.00019265125851057724
OLMOE_1B7B_B1_T256_D8	PREFILL	REDUCTION	void at::native::indexFuncLargeIndex<c10::BFloat16, long, unsigned int, (int)2, (int)2, (int)-2, (bool)1, at::native::<unnamed>::ReduceAdd>(at::cuda::detail::TensorInfo<T1, T3>, at::cuda::detail::TensorInfo<const T1, T3>, at::cuda::detail::TensorInfo<const T2, T3>, int, int, T3, T3, long, long, const T8 &, T1)	480,1,1	128,1,1	11	29536	0.0001909958234213349
OLMOE_1B7B_B1_T256_D8	PREFILL	OTHER	void at::native::vectorized_elementwise_kernel<(int)4, at::native::BinaryFunctor<c10::BFloat16, c10::BFloat16, c10::BFloat16, at::native::binary_internal::MulFunctor<float>>, at::detail::Array<char *, (int)3>>(int, T2, T3)	22,1,1	128,1,1	31	28640	0.0001852018006089867
OLMOE_1B7B_B1_T256_D8	PREFILL	OTHER	void at::native::vectorized_elementwise_kernel<(int)4, at::native::BinaryFunctor<c10::BFloat16, c10::BFloat16, c10::BFloat16, at::native::binary_internal::MulFunctor<float>>, at::detail::Array<char *, (int)3>>(int, T2, T3)	12,1,1	128,1,1	31	28416	0.00018375329490589968
OLMOE_1B7B_B1_T256_D8	PREFILL	OTHER	void at::native::vectorized_elementwise_kernel<(int)4, at::native::<unnamed>::silu_kernel(at::TensorIteratorBase &)::[lambda() (instance 1)]::operator ()() const::[lambda() (instance 6)]::operator ()() const::[lambda(c10::BFloat16) (instance 1)], at::detail::Array<char *, (int)2>>(int, T2, T3)	4,1,1	128,1,1	26	28064	0.00018147707165819146
OLMOE_1B7B_B1_T256_D8	PREFILL	OTHER	void at::native::vectorized_elementwise_kernel<(int)4, at::native::<unnamed>::silu_kernel(at::TensorIteratorBase &)::[lambda() (instance 1)]::operator ()() const::[lambda() (instance 6)]::operator ()() const::[lambda(c10::BFloat16) (instance 1)], at::detail::Array<char *, (int)2>>(int, T2, T3)	14,1,1	128,1,1	26	27713	0.00017920731495380058
OLMOE_1B7B_B1_T256_D8	PREFILL	OTHER	void at::native::vectorized_elementwise_kernel<(int)4, at::native::<unnamed>::silu_kernel(at::TensorIteratorBase &)::[lambda() (instance 1)]::operator ()() const::[lambda() (instance 6)]::operator ()() const::[lambda(c10::BFloat16) (instance 1)], at::detail::Array<char *, (int)2>>(int, T2, T3)	6,1,1	128,1,1	25	27136	0.00017547611945968798
OLMOE_1B7B_B1_T256_D8	PREFILL	OTHER	void at::native::index_elementwise_kernel<(int)128, (int)4, void at::native::gpu_index_kernel<void at::native::index_kernel_impl<at::native::OpaqueType<(int)2>>(at::TensorIteratorBase &, c10::ArrayRef<long>, c10::ArrayRef<long>)::[lambda(char *, const char *, long) (instance 1)]>(at::TensorIteratorBase &, c10::ArrayRef<long>, c10::ArrayRef<long>, const T1 &)::[lambda(int) (instance 1)]>(long, T3)	132,1,1	128,1,1	8	27008	0.0001746484019150668
OLMOE_1B7B_B1_T256_D8	PREFILL	OTHER	void at::native::vectorized_elementwise_kernel<(int)4, at::native::BinaryFunctor<c10::BFloat16, c10::BFloat16, c10::BFloat16, at::native::binary_internal::MulFunctor<float>>, at::detail::Array<char *, (int)3>>(int, T2, T3)	20,1,1	128,1,1	29	26816	0.00017340682559813505
OLMOE_1B7B_B1_T256_D8	PREFILL	OTHER	void at::native::index_elementwise_kernel<(int)128, (int)4, void at::native::gpu_index_kernel<void at::native::index_kernel_impl<at::native::OpaqueType<(int)2>>(at::TensorIteratorBase &, c10::ArrayRef<long>, c10::ArrayRef<long>)::[lambda(char *, const char *, long) (instance 1)]>(at::TensorIteratorBase &, c10::ArrayRef<long>, c10::ArrayRef<long>, const T1 &)::[lambda(int) (instance 1)]>(long, T3)	152,1,1	128,1,1	8	26752	0.00017299296682582446
OLMOE_1B7B_B1_T256_D8	PREFILL	OTHER	void at::native::elementwise_kernel<(int)128, (int)4, void at::native::gpu_kernel_impl_nocast<at::native::BinaryFunctor<c10::BFloat16, c10::BFloat16, c10::BFloat16, at::native::binary_internal::MulFunctor<float>>>(at::TensorIteratorBase &, const T1 &)::[lambda(int) (instance 1)]>(int, T3)	88,1,1	128,1,1	15	26624	0.0001721652492812033
OLMOE_1B7B_B1_T256_D8	PREFILL	OTHER	void at::native::elementwise_kernel<(int)128, (int)4, void at::native::gpu_kernel_impl_nocast<at::native::BinaryFunctor<c10::BFloat16, c10::BFloat16, c10::BFloat16, at::native::binary_internal::MulFunctor<float>>>(at::TensorIteratorBase &, const T1 &)::[lambda(int) (instance 1)]>(int, T3)	104,1,1	128,1,1	15	26464	0.00017113060235042683
OLMOE_1B7B_B1_T256_D8	PREFILL	OTHER	void at::native::vectorized_elementwise_kernel<(int)4, at::native::BinaryFunctor<c10::BFloat16, c10::BFloat16, c10::BFloat16, at::native::binary_internal::MulFunctor<float>>, at::detail::Array<char *, (int)3>>(int, T2, T3)	2,1,1	128,1,1	28	26336	0.00017030288480580566
OLMOE_1B7B_B1_T256_D8	PREFILL	OTHER	void at::native::vectorized_elementwise_kernel<(int)4, at::native::<unnamed>::silu_kernel(at::TensorIteratorBase &)::[lambda() (instance 1)]::operator ()() const::[lambda() (instance 6)]::operator ()() const::[lambda(c10::BFloat16) (instance 1)], at::detail::Array<char *, (int)2>>(int, T2, T3)	34,1,1	128,1,1	21	25984	0.00016802666155809744
OLMOE_1B7B_B1_T256_D8	PREFILL	OTHER	void at::native::vectorized_elementwise_kernel<(int)4, at::native::<unnamed>::silu_kernel(at::TensorIteratorBase &)::[lambda() (instance 1)]::operator ()() const::[lambda() (instance 6)]::operator ()() const::[lambda(c10::BFloat16) (instance 1)], at::detail::Array<char *, (int)2>>(int, T2, T3)	8,1,1	128,1,1	24	25888	0.00016740587339963156
OLMOE_1B7B_B1_T256_D8	PREFILL	OTHER	void at::native::vectorized_elementwise_kernel<(int)4, at::native::<unnamed>::silu_kernel(at::TensorIteratorBase &)::[lambda() (instance 1)]::operator ()() const::[lambda() (instance 6)]::operator ()() const::[lambda(c10::BFloat16) (instance 1)], at::detail::Array<char *, (int)2>>(int, T2, T3)	58,1,1	128,1,1	20	25120	0.00016243956813190454
OLMOE_1B7B_B1_T256_D8	PREFILL	OTHER	void at::native::elementwise_kernel<(int)128, (int)4, void at::native::gpu_kernel_impl_nocast<at::native::BinaryFunctor<c10::BFloat16, c10::BFloat16, c10::BFloat16, at::native::binary_internal::MulFunctor<float>>>(at::TensorIteratorBase &, const T1 &)::[lambda(int) (instance 1)]>(int, T3)	128,1,1	128,1,1	14	25056	0.00016202570935959395
OLMOE_1B7B_B1_T256_D8	PREFILL	OTHER	void at::native::vectorized_elementwise_kernel<(int)4, at::native::<unnamed>::silu_kernel(at::TensorIteratorBase &)::[lambda() (instance 1)]::operator ()() const::[lambda() (instance 6)]::operator ()() const::[lambda(c10::BFloat16) (instance 1)], at::detail::Array<char *, (int)2>>(int, T2, T3)	30,1,1	128,1,1	23	24832	0.0001605772036565069
OLMOE_1B7B_B1_T256_D8	PREFILL	OTHER	void at::native::elementwise_kernel<(int)128, (int)4, void at::native::gpu_kernel_impl_nocast<at::native::BinaryFunctor<c10::BFloat16, c10::BFloat16, c10::BFloat16, at::native::binary_internal::MulFunctor<float>>>(at::TensorIteratorBase &, const T1 &)::[lambda(int) (instance 1)]>(int, T3)	100,1,1	128,1,1	14	24704	0.00015974948611188576
OLMOE_1B7B_B1_T256_D8	PREFILL	OTHER	void at::native::vectorized_elementwise_kernel<(int)4, at::native::BinaryFunctor<c10::BFloat16, c10::BFloat16, c10::BFloat16, at::native::binary_internal::MulFunctor<float>>, at::detail::Array<char *, (int)3>>(int, T2, T3)	40,1,1	128,1,1	26	24480	0.0001583009804087987
OLMOE_1B7B_B1_T256_D8	PREFILL	OTHER	void at::native::vectorized_elementwise_kernel<(int)4, at::native::<unnamed>::silu_kernel(at::TensorIteratorBase &)::[lambda() (instance 1)]::operator ()() const::[lambda() (instance 6)]::operator ()() const::[lambda(c10::BFloat16) (instance 1)], at::detail::Array<char *, (int)2>>(int, T2, T3)	18,1,1	128,1,1	23	24448	0.00015809405102264342
OLMOE_1B7B_B1_T256_D8	PREFILL	OTHER	void at::native::vectorized_elementwise_kernel<(int)4, at::native::BinaryFunctor<c10::BFloat16, c10::BFloat16, c10::BFloat16, at::native::binary_internal::MulFunctor<float>>, at::detail::Array<char *, (int)3>>(int, T2, T3)	4,1,1	128,1,1	26	24448	0.00015809405102264342
OLMOE_1B7B_B1_T256_D8	PREFILL	OTHER	void at::native::vectorized_elementwise_kernel<(int)4, at::native::BinaryFunctor<c10::BFloat16, c10::BFloat16, c10::BFloat16, at::native::binary_internal::MulFunctor<float>>, at::detail::Array<char *, (int)3>>(int, T2, T3)	14,1,1	128,1,1	26	23905	0.00015458271800132078
OLMOE_1B7B_B1_T256_D8	PREFILL	OTHER	void at::native::vectorized_elementwise_kernel<(int)4, at::native::<unnamed>::silu_kernel(at::TensorIteratorBase &)::[lambda() (instance 1)]::operator ()() const::[lambda() (instance 6)]::operator ()() const::[lambda(c10::BFloat16) (instance 1)], at::detail::Array<char *, (int)2>>(int, T2, T3)	46,1,1	128,1,1	19	23840	0.00015416239268569286
OLMOE_1B7B_B1_T256_D8	PREFILL	OTHER	void at::native::index_elementwise_kernel<(int)128, (int)4, void at::native::gpu_index_kernel<void at::native::index_kernel_impl<at::native::OpaqueType<(int)2>>(at::TensorIteratorBase &, c10::ArrayRef<long>, c10::ArrayRef<long>)::[lambda(char *, const char *, long) (instance 1)]>(at::TensorIteratorBase &, c10::ArrayRef<long>, c10::ArrayRef<long>, const T1 &)::[lambda(int) (instance 1)]>(long, T3)	144,1,1	128,1,1	7	23649	0.00015292728291207844
OLMOE_1B7B_B1_T256_D8	PREFILL	OTHER	void at::native::index_elementwise_kernel<(int)128, (int)4, void at::native::gpu_index_kernel<void at::native::index_kernel_impl<at::native::OpaqueType<(int)2>>(at::TensorIteratorBase &, c10::ArrayRef<long>, c10::ArrayRef<long>)::[lambda(char *, const char *, long) (instance 1)]>(at::TensorIteratorBase &, c10::ArrayRef<long>, c10::ArrayRef<long>, const T1 &)::[lambda(int) (instance 1)]>(long, T3)	56,1,1	128,1,1	7	23456	0.00015167924005182935
OLMOE_1B7B_B1_T256_D8	PREFILL	OTHER	void at::native::vectorized_elementwise_kernel<(int)4, at::native::BinaryFunctor<c10::BFloat16, c10::BFloat16, c10::BFloat16, at::native::binary_internal::MulFunctor<float>>, at::detail::Array<char *, (int)3>>(int, T2, T3)	6,1,1	128,1,1	25	23392	0.00015126538127951876
OLMOE_1B7B_B1_T256_D8	PREFILL	OTHER	void at::native::index_elementwise_kernel<(int)128, (int)4, void at::native::gpu_index_kernel<void at::native::index_kernel_impl<at::native::OpaqueType<(int)2>>(at::TensorIteratorBase &, c10::ArrayRef<long>, c10::ArrayRef<long>)::[lambda(char *, const char *, long) (instance 1)]>(at::TensorIteratorBase &, c10::ArrayRef<long>, c10::ArrayRef<long>, const T1 &)::[lambda(int) (instance 1)]>(long, T3)	180,1,1	128,1,1	7	23297	0.00015065105966437022
OLMOE_1B7B_B1_T256_D8	PREFILL	OTHER	void at::native::index_elementwise_kernel<(int)128, (int)4, void at::native::gpu_index_kernel<void at::native::index_kernel_impl<at::native::OpaqueType<(int)2>>(at::TensorIteratorBase &, c10::ArrayRef<long>, c10::ArrayRef<long>)::[lambda(char *, const char *, long) (instance 1)]>(at::TensorIteratorBase &, c10::ArrayRef<long>, c10::ArrayRef<long>, const T1 &)::[lambda(int) (instance 1)]>(long, T3)	208,1,1	128,1,1	7	22880	0.00014795451110103408
OLMOE_1B7B_B1_T256_D8	PREFILL	OTHER	void at::native::vectorized_elementwise_kernel<(int)4, at::native::<unnamed>::silu_kernel(at::TensorIteratorBase &)::[lambda() (instance 1)]::operator ()() const::[lambda() (instance 6)]::operator ()() const::[lambda(c10::BFloat16) (instance 1)], at::detail::Array<char *, (int)2>>(int, T2, T3)	24,1,1	128,1,1	21	22624	0.00014629907601179174
OLMOE_1B7B_B1_T256_D8	PREFILL	OTHER	void at::native::vectorized_elementwise_kernel<(int)4, at::native::BinaryFunctor<c10::BFloat16, c10::BFloat16, c10::BFloat16, at::native::binary_internal::MulFunctor<float>>, at::detail::Array<char *, (int)3>>(int, T2, T3)	8,1,1	128,1,1	24	22273	0.00014402931930740089
OLMOE_1B7B_B1_T256_D8	PREFILL	OTHER	void at::native::vectorized_elementwise_kernel<(int)4, at::native::<unnamed>::silu_kernel(at::TensorIteratorBase &)::[lambda() (instance 1)]::operator ()() const::[lambda() (instance 6)]::operator ()() const::[lambda(c10::BFloat16) (instance 1)], at::detail::Array<char *, (int)2>>(int, T2, T3)	42,1,1	128,1,1	18	22208	0.00014360899399177294
OLMOE_1B7B_B1_T256_D8	PREFILL	REDUCTION	void at::native::indexFuncLargeIndex<c10::BFloat16, long, unsigned int, (int)2, (int)2, (int)-2, (bool)1, at::native::<unnamed>::ReduceAdd>(at::cuda::detail::TensorInfo<T1, T3>, at::cuda::detail::TensorInfo<const T1, T3>, at::cuda::detail::TensorInfo<const T2, T3>, int, int, T3, T3, long, long, const T8 &, T1)	528,1,1	128,1,1	8	21952	0.0001419535589025306
OLMOE_1B7B_B1_T256_D8	PREFILL	OTHER	void at::native::elementwise_kernel<(int)128, (int)4, void at::native::gpu_kernel_impl_nocast<at::native::BinaryFunctor<c10::BFloat16, c10::BFloat16, c10::BFloat16, at::native::binary_internal::MulFunctor<float>>>(at::TensorIteratorBase &, const T1 &)::[lambda(int) (instance 1)]>(int, T3)	140,1,1	128,1,1	12	21537	0.00013926994342582916
OLMOE_1B7B_B1_T256_D8	PREFILL	OTHER	void at::native::vectorized_elementwise_kernel<(int)4, at::native::BinaryFunctor<c10::BFloat16, c10::BFloat16, c10::BFloat16, at::native::binary_internal::MulFunctor<float>>, at::detail::Array<char *, (int)3>>(int, T2, T3)	30,1,1	128,1,1	23	21504	0.0001390565474963565
OLMOE_1B7B_B1_T256_D8	PREFILL	OTHER	void at::native::elementwise_kernel<(int)128, (int)4, void at::native::gpu_kernel_impl_nocast<at::native::BinaryFunctor<c10::BFloat16, c10::BFloat16, c10::BFloat16, at::native::binary_internal::MulFunctor<float>>>(at::TensorIteratorBase &, const T1 &)::[lambda(int) (instance 1)]>(int, T3)	124,1,1	128,1,1	12	21376	0.00013822882995173533
OLMOE_1B7B_B1_T256_D8	PREFILL	OTHER	void at::native::vectorized_elementwise_kernel<(int)4, at::native::BinaryFunctor<c10::BFloat16, c10::BFloat16, c10::BFloat16, at::native::binary_internal::MulFunctor<float>>, at::detail::Array<char *, (int)3>>(int, T2, T3)	18,1,1	128,1,1	23	21216	0.00013719418302095886
OLMOE_1B7B_B1_T256_D8	PREFILL	OTHER	void at::native::vectorized_elementwise_kernel<(int)4, at::native::<unnamed>::silu_kernel(at::TensorIteratorBase &)::[lambda() (instance 1)]::operator ()() const::[lambda() (instance 6)]::operator ()() const::[lambda(c10::BFloat16) (instance 1)], at::detail::Array<char *, (int)2>>(int, T2, T3)	16,1,1	128,1,1	20	21216	0.00013719418302095886
OLMOE_1B7B_B1_T256_D8	PREFILL	OTHER	void at::native::elementwise_kernel<(int)128, (int)4, void at::native::gpu_kernel_impl_nocast<at::native::BinaryFunctor<c10::BFloat16, c10::BFloat16, c10::BFloat16, at::native::binary_internal::MulFunctor<float>>>(at::TensorIteratorBase &, const T1 &)::[lambda(int) (instance 1)]>(int, T3)	112,1,1	128,1,1	12	21120	0.00013657339486249299
OLMOE_1B7B_B1_T256_D8	PREFILL	OTHER	void at::native::elementwise_kernel<(int)128, (int)4, void at::native::gpu_kernel_impl_nocast<at::native::BinaryFunctor<c10::BFloat16, c10::BFloat16, c10::BFloat16, at::native::binary_internal::MulFunctor<float>>>(at::TensorIteratorBase &, const T1 &)::[lambda(int) (instance 1)]>(int, T3)	96,1,1	128,1,1	12	21120	0.00013657339486249299
OLMOE_1B7B_B1_T256_D8	PREFILL	OTHER	void at::native::elementwise_kernel<(int)128, (int)4, void at::native::gpu_kernel_impl_nocast<at::native::BinaryFunctor<c10::BFloat16, c10::BFloat16, c10::BFloat16, at::native::binary_internal::MulFunctor<float>>>(at::TensorIteratorBase &, const T1 &)::[lambda(int) (instance 1)]>(int, T3)	108,1,1	128,1,1	12	21120	0.00013657339486249299
OLMOE_1B7B_B1_T256_D8	PREFILL	OTHER	void at::native::elementwise_kernel<(int)128, (int)4, void at::native::gpu_kernel_impl_nocast<at::native::BinaryFunctor<c10::BFloat16, c10::BFloat16, c10::BFloat16, at::native::binary_internal::MulFunctor<float>>>(at::TensorIteratorBase &, const T1 &)::[lambda(int) (instance 1)]>(int, T3)	72,1,1	128,1,1	12	20960	0.00013553874793171655
OLMOE_1B7B_B1_T256_D8	PREFILL	OTHER	void at::native::elementwise_kernel<(int)128, (int)4, void at::native::gpu_kernel_impl_nocast<at::native::BinaryFunctor<c10::BFloat16, c10::BFloat16, c10::BFloat16, at::native::binary_internal::MulFunctor<float>>>(at::TensorIteratorBase &, const T1 &)::[lambda(int) (instance 1)]>(int, T3)	76,1,1	128,1,1	12	20960	0.00013553874793171655
OLMOE_1B7B_B1_T256_D8	PREFILL	OTHER	void at::native::vectorized_elementwise_kernel<(int)4, at::native::FillFunctor<c10::BFloat16>, at::detail::Array<char *, (int)1>>(int, T2, T3)	1024,1,1	128,1,1	16	20864	0.00013491795977325067
OLMOE_1B7B_B1_T256_D8	PREFILL	OTHER	void <unnamed>::softmax_warp_forward<float, float, float, (int)6, (bool)0, (bool)0>(T2 *, const T1 *, int, int, int, const bool *, int, bool)	32,1,1	32,4,1	16	20704	0.0001338833128424742
OLMOE_1B7B_B1_T256_D8	PREFILL	OTHER	void at::native::vectorized_elementwise_kernel<(int)4, at::native::<unnamed>::silu_kernel(at::TensorIteratorBase &)::[lambda() (instance 1)]::operator ()() const::[lambda() (instance 6)]::operator ()() const::[lambda(c10::BFloat16) (instance 1)], at::detail::Array<char *, (int)2>>(int, T2, T3)	26,1,1	128,1,1	19	20449	0.0001322343442965492
OLMOE_1B7B_B1_T256_D8	PREFILL	OTHER	void at::native::index_elementwise_kernel<(int)128, (int)4, void at::native::gpu_index_kernel<void at::native::index_kernel_impl<at::native::OpaqueType<(int)2>>(at::TensorIteratorBase &, c10::ArrayRef<long>, c10::ArrayRef<long>)::[lambda(char *, const char *, long) (instance 1)]>(at::TensorIteratorBase &, c10::ArrayRef<long>, c10::ArrayRef<long>, const T1 &)::[lambda(int) (instance 1)]>(long, T3)	184,1,1	128,1,1	6	20320	0.0001314001602086107
OLMOE_1B7B_B1_T256_D8	PREFILL	OTHER	void at::native::index_elementwise_kernel<(int)128, (int)4, void at::native::gpu_index_kernel<void at::native::index_kernel_impl<at::native::OpaqueType<(int)2>>(at::TensorIteratorBase &, c10::ArrayRef<long>, c10::ArrayRef<long>)::[lambda(char *, const char *, long) (instance 1)]>(at::TensorIteratorBase &, c10::ArrayRef<long>, c10::ArrayRef<long>, const T1 &)::[lambda(int) (instance 1)]>(long, T3)	136,1,1	128,1,1	6	20288	0.0001311932308224554
OLMOE_1B7B_B1_T256_D8	PREFILL	OTHER	void at::native::vectorized_elementwise_kernel<(int)4, at::native::BinaryFunctor<c10::BFloat16, c10::BFloat16, c10::BFloat16, at::native::binary_internal::MulFunctor<float>>, at::detail::Array<char *, (int)3>>(int, T2, T3)	34,1,1	128,1,1	21	19680	0.00012726157248550484
OLMOE_1B7B_B1_T256_D8	PREFILL	OTHER	void at::native::elementwise_kernel<(int)128, (int)4, void at::native::gpu_kernel_impl_nocast<at::native::BinaryFunctor<c10::BFloat16, c10::BFloat16, c10::BFloat16, at::native::binary_internal::MulFunctor<float>>>(at::TensorIteratorBase &, const T1 &)::[lambda(int) (instance 1)]>(int, T3)	120,1,1	128,1,1	11	19648	0.00012705464309934955
OLMOE_1B7B_B1_T256_D8	PREFILL	OTHER	void at::native::vectorized_elementwise_kernel<(int)4, at::native::BinaryFunctor<c10::BFloat16, c10::BFloat16, c10::BFloat16, at::native::binary_internal::MulFunctor<float>>, at::detail::Array<char *, (int)3>>(int, T2, T3)	24,1,1	128,1,1	21	19488	0.0001260199961685731
OLMOE_1B7B_B1_T256_D8	PREFILL	OTHER	void at::native::vectorized_elementwise_kernel<(int)4, at::native::BinaryFunctor<c10::BFloat16, c10::BFloat16, c10::BFloat16, at::native::binary_internal::MulFunctor<float>>, at::detail::Array<char *, (int)3>>(int, T2, T3)	58,1,1	128,1,1	20	19329	0.00012499181578111396
OLMOE_1B7B_B1_T256_D8	PREFILL	OTHER	void at::native::index_elementwise_kernel<(int)128, (int)4, void at::native::gpu_index_kernel<void at::native::index_kernel_impl<at::native::OpaqueType<(int)2>>(at::TensorIteratorBase &, c10::ArrayRef<long>, c10::ArrayRef<long>)::[lambda(char *, const char *, long) (instance 1)]>(at::TensorIteratorBase &, c10::ArrayRef<long>, c10::ArrayRef<long>, const T1 &)::[lambda(int) (instance 1)]>(long, T3)	200,1,1	128,1,1	6	19296	0.00012477841985164133
OLMOE_1B7B_B1_T256_D8	PREFILL	REDUCTION	void cublasLt::splitKreduce_kernel<(int)32, (int)16, int, __nv_bfloat16, __nv_bfloat16, float, __nv_bfloat16, (bool)1, (bool)0, (bool)0>(cublasLt::cublasSplitKParams<T6>, const T4 *, const T5 *, T5 *, const T6 *, const T6 *, const T7 *, const T4 *, T7 *, void *, long, T6 *, int *)	2,16,1	32,16,1	16	19200	0.00012415763169317545
OLMOE_1B7B_B1_T256_D8	PREFILL	REDUCTION	void at::native::indexFuncLargeIndex<c10::BFloat16, long, unsigned int, (int)2, (int)2, (int)-2, (bool)1, at::native::<unnamed>::ReduceAdd>(at::cuda::detail::TensorInfo<T1, T3>, at::cuda::detail::TensorInfo<const T1, T3>, at::cuda::detail::TensorInfo<const T2, T3>, int, int, T3, T3, long, long, const T8 &, T1)	576,1,1	128,1,1	7	19104	0.00012353684353470958
OLMOE_1B7B_B1_T256_D8	PREFILL	OTHER	void at::native::vectorized_elementwise_kernel<(int)4, at::native::<unnamed>::silu_kernel(at::TensorIteratorBase &)::[lambda() (instance 1)]::operator ()() const::[lambda() (instance 6)]::operator ()() const::[lambda(c10::BFloat16) (instance 1)], at::detail::Array<char *, (int)2>>(int, T2, T3)	44,1,1	128,1,1	15	18656	0.00012063983212853548
OLMOE_1B7B_B1_T256_D8	PREFILL	OTHER	void at::native::vectorized_elementwise_kernel<(int)4, at::native::<unnamed>::silu_kernel(at::TensorIteratorBase &)::[lambda() (instance 1)]::operator ()() const::[lambda() (instance 6)]::operator ()() const::[lambda(c10::BFloat16) (instance 1)], at::detail::Array<char *, (int)2>>(int, T2, T3)	52,1,1	128,1,1	15	18560	0.0001200190439700696
OLMOE_1B7B_B1_T256_D8	PREFILL	OTHER	void at::native::vectorized_elementwise_kernel<(int)4, at::native::BinaryFunctor<c10::BFloat16, c10::BFloat16, c10::BFloat16, at::native::binary_internal::MulFunctor<float>>, at::detail::Array<char *, (int)3>>(int, T2, T3)	16,1,1	128,1,1	20	18432	0.00011919132642544843
OLMOE_1B7B_B1_T256_D8	PREFILL	OTHER	void at::native::elementwise_kernel<(int)128, (int)4, void at::native::gpu_kernel_impl_nocast<at::native::BinaryFunctor<c10::BFloat16, c10::BFloat16, c10::BFloat16, at::native::binary_internal::MulFunctor<float>>>(at::TensorIteratorBase &, const T1 &)::[lambda(int) (instance 1)]>(int, T3)	156,1,1	128,1,1	10	18080	0.00011691510317774022
OLMOE_1B7B_B1_T256_D8	PREFILL	OTHER	void at::native::index_elementwise_kernel<(int)128, (int)4, void at::native::gpu_index_kernel<void at::native::index_kernel_impl<at::native::OpaqueType<(int)2>>(at::TensorIteratorBase &, c10::ArrayRef<long>, c10::ArrayRef<long>)::[lambda(char *, const char *, long) (instance 1)]>(at::TensorIteratorBase &, c10::ArrayRef<long>, c10::ArrayRef<long>, const T1 &)::[lambda(int) (instance 1)]>(long, T3)	376,1,1	128,1,1	5	18048	0.00011670817379158493
OLMOE_1B7B_B1_T256_D8	PREFILL	OTHER	void at::native::vectorized_elementwise_kernel<(int)4, at::native::BinaryFunctor<c10::BFloat16, c10::BFloat16, c10::BFloat16, at::native::binary_internal::MulFunctor<float>>, at::detail::Array<char *, (int)3>>(int, T2, T3)	46,1,1	128,1,1	19	18016	0.00011650124440542964
OLMOE_1B7B_B1_T256_D8	PREFILL	OTHER	void at::native::elementwise_kernel<(int)128, (int)4, void at::native::gpu_kernel_impl_nocast<at::native::BinaryFunctor<c10::BFloat16, c10::BFloat16, c10::BFloat16, at::native::binary_internal::MulFunctor<float>>>(at::TensorIteratorBase &, const T1 &)::[lambda(int) (instance 1)]>(int, T3)	164,1,1	128,1,1	10	17984	0.00011629431501927435
OLMOE_1B7B_B1_T256_D8	PREFILL	OTHER	void at::native::elementwise_kernel<(int)128, (int)4, void at::native::gpu_kernel_impl_nocast<at::native::BinaryFunctor<c10::BFloat16, c10::BFloat16, c10::BFloat16, at::native::binary_internal::MulFunctor<float>>>(at::TensorIteratorBase &, const T1 &)::[lambda(int) (instance 1)]>(int, T3)	160,1,1	128,1,1	10	17920	0.00011588045624696376
OLMOE_1B7B_B1_T256_D8	PREFILL	OTHER	void at::native::vectorized_elementwise_kernel<(int)4, at::native::BinaryFunctor<c10::BFloat16, c10::BFloat16, c10::BFloat16, at::native::binary_internal::MulFunctor<float>>, at::detail::Array<char *, (int)3>>(int, T2, T3)	26,1,1	128,1,1	19	17696	0.00011443195054387671
OLMOE_1B7B_B1_T256_D8	PREFILL	OTHER	void at::native::index_elementwise_kernel<(int)128, (int)4, void at::native::gpu_index_kernel<void at::native::index_kernel_impl<at::native::OpaqueType<(int)2>>(at::TensorIteratorBase &, c10::ArrayRef<long>, c10::ArrayRef<long>)::[lambda(char *, const char *, long) (instance 1)]>(at::TensorIteratorBase &, c10::ArrayRef<long>, c10::ArrayRef<long>, const T1 &)::[lambda(int) (instance 1)]>(long, T3)	216,1,1	128,1,1	5	17504	0.00011319037422694496
OLMOE_1B7B_B1_T256_D8	PREFILL	OTHER	void at::native::vectorized_elementwise_kernel<(int)4, at::native::<unnamed>::silu_kernel(at::TensorIteratorBase &)::[lambda() (instance 1)]::operator ()() const::[lambda() (instance 6)]::operator ()() const::[lambda(c10::BFloat16) (instance 1)], at::detail::Array<char *, (int)2>>(int, T2, T3)	64,1,1	128,1,1	14	17472	0.00011298344484078966
OLMOE_1B7B_B1_T256_D8	PREFILL	OTHER	void at::native::index_elementwise_kernel<(int)128, (int)4, void at::native::gpu_index_kernel<void at::native::index_kernel_impl<at::native::OpaqueType<(int)2>>(at::TensorIteratorBase &, c10::ArrayRef<long>, c10::ArrayRef<long>)::[lambda(char *, const char *, long) (instance 1)]>(at::TensorIteratorBase &, c10::ArrayRef<long>, c10::ArrayRef<long>, const T1 &)::[lambda(int) (instance 1)]>(long, T3)	276,1,1	128,1,1	5	17440	0.00011277651545463437
OLMOE_1B7B_B1_T256_D8	PREFILL	OTHER	void at::native::vectorized_elementwise_kernel<(int)4, at::native::<unnamed>::silu_kernel(at::TensorIteratorBase &)::[lambda() (instance 1)]::operator ()() const::[lambda() (instance 6)]::operator ()() const::[lambda(c10::BFloat16) (instance 1)], at::detail::Array<char *, (int)2>>(int, T2, T3)	50,1,1	128,1,1	14	17280	0.00011174186852385791
OLMOE_1B7B_B1_T256_D8	PREFILL	OTHER	void at::native::index_elementwise_kernel<(int)128, (int)4, void at::native::gpu_index_kernel<void at::native::index_kernel_impl<at::native::OpaqueType<(int)2>>(at::TensorIteratorBase &, c10::ArrayRef<long>, c10::ArrayRef<long>)::[lambda(char *, const char *, long) (instance 1)]>(at::TensorIteratorBase &, c10::ArrayRef<long>, c10::ArrayRef<long>, const T1 &)::[lambda(int) (instance 1)]>(long, T3)	252,1,1	128,1,1	5	17216	0.00011132800975154732
OLMOE_1B7B_B1_T256_D8	PREFILL	OTHER	void at::native::vectorized_elementwise_kernel<(int)4, at::native::BinaryFunctor<c10::BFloat16, c10::BFloat16, c10::BFloat16, at::native::binary_internal::MulFunctor<float>>, at::detail::Array<char *, (int)3>>(int, T2, T3)	42,1,1	128,1,1	18	17184	0.00011112108036539203
OLMOE_1B7B_B1_T256_D8	PREFILL	OTHER	void at::native::index_elementwise_kernel<(int)128, (int)4, void at::native::gpu_index_kernel<void at::native::index_kernel_impl<at::native::OpaqueType<(int)2>>(at::TensorIteratorBase &, c10::ArrayRef<long>, c10::ArrayRef<long>)::[lambda(char *, const char *, long) (instance 1)]>(at::TensorIteratorBase &, c10::ArrayRef<long>, c10::ArrayRef<long>, const T1 &)::[lambda(int) (instance 1)]>(long, T3)	236,1,1	128,1,1	5	16640	0.00010760328080075206
OLMOE_1B7B_B1_T256_D8	PREFILL	OTHER	void at::native::index_elementwise_kernel<(int)128, (int)4, void at::native::gpu_index_kernel<void at::native::index_kernel_impl<at::native::OpaqueType<(int)2>>(at::TensorIteratorBase &, c10::ArrayRef<long>, c10::ArrayRef<long>)::[lambda(char *, const char *, long) (instance 1)]>(at::TensorIteratorBase &, c10::ArrayRef<long>, c10::ArrayRef<long>, const T1 &)::[lambda(int) (instance 1)]>(long, T3)	212,1,1	128,1,1	5	16608	0.00010739635141459676
OLMOE_1B7B_B1_T256_D8	PREFILL	OTHER	void at::native::index_elementwise_kernel<(int)128, (int)4, void at::native::gpu_index_kernel<void at::native::index_kernel_impl<at::native::OpaqueType<(int)2>>(at::TensorIteratorBase &, c10::ArrayRef<long>, c10::ArrayRef<long>)::[lambda(char *, const char *, long) (instance 1)]>(at::TensorIteratorBase &, c10::ArrayRef<long>, c10::ArrayRef<long>, const T1 &)::[lambda(int) (instance 1)]>(long, T3)	172,1,1	128,1,1	5	16512	0.00010677556325613088
OLMOE_1B7B_B1_T256_D8	PREFILL	OTHER	void at::native::elementwise_kernel<(int)128, (int)4, void at::native::gpu_kernel_impl_nocast<at::native::BinaryFunctor<c10::BFloat16, c10::BFloat16, c10::BFloat16, at::native::binary_internal::MulFunctor<float>>>(at::TensorIteratorBase &, const T1 &)::[lambda(int) (instance 1)]>(int, T3)	188,1,1	128,1,1	9	16288	0.00010532705755304384
OLMOE_1B7B_B1_T256_D8	PREFILL	REDUCTION	void at::native::indexFuncLargeIndex<c10::BFloat16, long, unsigned int, (int)2, (int)2, (int)-2, (bool)1, at::native::<unnamed>::ReduceAdd>(at::cuda::detail::TensorInfo<T1, T3>, at::cuda::detail::TensorInfo<const T1, T3>, at::cuda::detail::TensorInfo<const T2, T3>, int, int, T3, T3, long, long, const T8 &, T1)	544,1,1	128,1,1	6	16288	0.00010532705755304384
OLMOE_1B7B_B1_T256_D8	PREFILL	OTHER	void at::native::vectorized_elementwise_kernel<(int)4, at::native::<unnamed>::silu_kernel(at::TensorIteratorBase &)::[lambda() (instance 1)]::operator ()() const::[lambda() (instance 6)]::operator ()() const::[lambda(c10::BFloat16) (instance 1)], at::detail::Array<char *, (int)2>>(int, T2, T3)	62,1,1	128,1,1	12	15136	9.787759965145331e-05
OLMOE_1B7B_B1_T256_D8	PREFILL	OTHER	void at::native::vectorized_elementwise_kernel<(int)4, at::native::<unnamed>::silu_kernel(at::TensorIteratorBase &)::[lambda() (instance 1)]::operator ()() const::[lambda() (instance 6)]::operator ()() const::[lambda(c10::BFloat16) (instance 1)], at::detail::Array<char *, (int)2>>(int, T2, T3)	48,1,1	128,1,1	12	14944	9.663602333452156e-05
OLMOE_1B7B_B1_T256_D8	PREFILL	OTHER	void at::native::vectorized_elementwise_kernel<(int)4, at::native::<unnamed>::silu_kernel(at::TensorIteratorBase &)::[lambda() (instance 1)]::operator ()() const::[lambda() (instance 6)]::operator ()() const::[lambda(c10::BFloat16) (instance 1)], at::detail::Array<char *, (int)2>>(int, T2, T3)	54,1,1	128,1,1	12	14944	9.663602333452156e-05
OLMOE_1B7B_B1_T256_D8	PREFILL	OTHER	void at::native::vectorized_elementwise_kernel<(int)4, at::native::<unnamed>::silu_kernel(at::TensorIteratorBase &)::[lambda() (instance 1)]::operator ()() const::[lambda() (instance 6)]::operator ()() const::[lambda(c10::BFloat16) (instance 1)], at::detail::Array<char *, (int)2>>(int, T2, T3)	56,1,1	128,1,1	12	14848	9.601523517605568e-05
OLMOE_1B7B_B1_T256_D8	PREFILL	OTHER	void at::native::vectorized_elementwise_kernel<(int)4, at::native::<unnamed>::silu_kernel(at::TensorIteratorBase &)::[lambda() (instance 1)]::operator ()() const::[lambda() (instance 6)]::operator ()() const::[lambda(c10::BFloat16) (instance 1)], at::detail::Array<char *, (int)2>>(int, T2, T3)	36,1,1	128,1,1	12	14752	9.53944470175898e-05
OLMOE_1B7B_B1_T256_D8	PREFILL	OTHER	void at::native::vectorized_elementwise_kernel<(int)4, at::native::<unnamed>::silu_kernel(at::TensorIteratorBase &)::[lambda() (instance 1)]::operator ()() const::[lambda() (instance 6)]::operator ()() const::[lambda(c10::BFloat16) (instance 1)], at::detail::Array<char *, (int)2>>(int, T2, T3)	38,1,1	128,1,1	12	14689	9.498705478859657e-05
OLMOE_1B7B_B1_T256_D8	PREFILL	OTHER	void at::native::vectorized_elementwise_kernel<(int)4, at::native::BinaryFunctor<c10::BFloat16, c10::BFloat16, c10::BFloat16, at::native::binary_internal::MulFunctor<float>>, at::detail::Array<char *, (int)3>>(int, T2, T3)	44,1,1	128,1,1	15	14368	9.291129438372629e-05
OLMOE_1B7B_B1_T256_D8	PREFILL	OTHER	void at::native::elementwise_kernel<(int)128, (int)4, void at::native::gpu_kernel_impl_nocast<at::native::BinaryFunctor<c10::BFloat16, c10::BFloat16, c10::BFloat16, at::native::binary_internal::MulFunctor<float>>>(at::TensorIteratorBase &, const T1 &)::[lambda(int) (instance 1)]>(int, T3)	152,1,1	128,1,1	8	14336	9.2704364997571e-05
OLMOE_1B7B_B1_T256_D8	PREFILL	OTHER	void at::native::elementwise_kernel<(int)128, (int)4, void at::native::gpu_kernel_impl_nocast<at::native::BinaryFunctor<c10::BFloat16, c10::BFloat16, c10::BFloat16, at::native::binary_internal::MulFunctor<float>>>(at::TensorIteratorBase &, const T1 &)::[lambda(int) (instance 1)]>(int, T3)	132,1,1	128,1,1	8	14304	9.249743561141572e-05
OLMOE_1B7B_B1_T256_D8	PREFILL	OTHER	void at::native::vectorized_elementwise_kernel<(int)4, at::native::BinaryFunctor<c10::BFloat16, c10::BFloat16, c10::BFloat16, at::native::binary_internal::MulFunctor<float>>, at::detail::Array<char *, (int)3>>(int, T2, T3)	52,1,1	128,1,1	15	14273	9.229697276857778e-05
OLMOE_1B7B_B1_T256_D8	PREFILL	OTHER	void at::native::index_elementwise_kernel<(int)128, (int)4, void at::native::gpu_index_kernel<void at::native::index_kernel_impl<at::native::OpaqueType<(int)2>>(at::TensorIteratorBase &, c10::ArrayRef<long>, c10::ArrayRef<long>)::[lambda(char *, const char *, long) (instance 1)]>(at::TensorIteratorBase &, c10::ArrayRef<long>, c10::ArrayRef<long>, const T1 &)::[lambda(int) (instance 1)]>(long, T3)	264,1,1	128,1,1	4	14144	9.146278868063926e-05
OLMOE_1B7B_B1_T256_D8	PREFILL	OTHER	void at::native::index_elementwise_kernel<(int)128, (int)4, void at::native::gpu_index_kernel<void at::native::index_kernel_impl<at::native::OpaqueType<(int)2>>(at::TensorIteratorBase &, c10::ArrayRef<long>, c10::ArrayRef<long>)::[lambda(char *, const char *, long) (instance 1)]>(at::TensorIteratorBase &, c10::ArrayRef<long>, c10::ArrayRef<long>, const T1 &)::[lambda(int) (instance 1)]>(long, T3)	196,1,1	128,1,1	4	13856	8.960042420524162e-05
OLMOE_1B7B_B1_T256_D8	DECODE	OTHER	void at::native::vectorized_elementwise_kernel<(int)4, at::native::AUnaryFunctor<float, float, float, at::native::binary_internal::MulFunctor<float>>, at::detail::Array<char *, (int)2>>(int, T2, T3)	1,1,1	128,1,1	16	13792	8.918656543293104e-05
OLMOE_1B7B_B1_T256_D8	PREFILL	OTHER	void at::native::vectorized_elementwise_kernel<(int)4, at::native::<unnamed>::silu_kernel(at::TensorIteratorBase &)::[lambda() (instance 1)]::operator ()() const::[lambda() (instance 6)]::operator ()() const::[lambda(c10::BFloat16) (instance 1)], at::detail::Array<char *, (int)2>>(int, T2, T3)	60,1,1	128,1,1	11	13760	8.897963604677574e-05
OLMOE_1B7B_B1_T256_D8	DECODE	OTHER	void at::native::<unnamed>::indexSelectSmallIndex<c10::BFloat16, long, unsigned int, (int)2, (int)2, (int)-2>(at::cuda::detail::TensorInfo<T1, T3>, at::cuda::detail::TensorInfo<const T1, T3>, at::cuda::detail::TensorInfo<const T2, T3>, int, int, T3, long)	16,1,1	128,1,1	8	13728	8.877270666062045e-05
OLMOE_1B7B_B1_T256_D8	PREFILL	OTHER	void at::native::index_elementwise_kernel<(int)128, (int)4, void at::native::gpu_index_kernel<void at::native::index_kernel_impl<at::native::OpaqueType<(int)2>>(at::TensorIteratorBase &, c10::ArrayRef<long>, c10::ArrayRef<long>)::[lambda(char *, const char *, long) (instance 1)]>(at::TensorIteratorBase &, c10::ArrayRef<long>, c10::ArrayRef<long>, const T1 &)::[lambda(int) (instance 1)]>(long, T3)	224,1,1	128,1,1	4	13632	8.815191850215457e-05
OLMOE_1B7B_B1_T256_D8	PREFILL	OTHER	void at::native::vectorized_elementwise_kernel<(int)4, at::native::BinaryFunctor<c10::BFloat16, c10::BFloat16, c10::BFloat16, at::native::binary_internal::MulFunctor<float>>, at::detail::Array<char *, (int)3>>(int, T2, T3)	64,1,1	128,1,1	14	13568	8.773805972984399e-05
OLMOE_1B7B_B1_T256_D8	PREFILL	OTHER	void at::native::index_elementwise_kernel<(int)128, (int)4, void at::native::gpu_index_kernel<void at::native::index_kernel_impl<at::native::OpaqueType<(int)2>>(at::TensorIteratorBase &, c10::ArrayRef<long>, c10::ArrayRef<long>)::[lambda(char *, const char *, long) (instance 1)]>(at::TensorIteratorBase &, c10::ArrayRef<long>, c10::ArrayRef<long>, const T1 &)::[lambda(int) (instance 1)]>(long, T3)	244,1,1	128,1,1	4	13568	8.773805972984399e-05
OLMOE_1B7B_B1_T256_D8	PREFILL	OTHER	void at::native::index_elementwise_kernel<(int)128, (int)4, void at::native::gpu_index_kernel<void at::native::index_kernel_impl<at::native::OpaqueType<(int)2>>(at::TensorIteratorBase &, c10::ArrayRef<long>, c10::ArrayRef<long>)::[lambda(char *, const char *, long) (instance 1)]>(at::TensorIteratorBase &, c10::ArrayRef<long>, c10::ArrayRef<long>, const T1 &)::[lambda(int) (instance 1)]>(long, T3)	168,1,1	128,1,1	4	13440	8.691034218522282e-05
OLMOE_1B7B_B1_T256_D8	PREFILL	OTHER	void at::native::vectorized_elementwise_kernel<(int)4, at::native::BinaryFunctor<c10::BFloat16, c10::BFloat16, c10::BFloat16, at::native::binary_internal::MulFunctor<float>>, at::detail::Array<char *, (int)3>>(int, T2, T3)	50,1,1	128,1,1	14	13376	8.649648341291223e-05
OLMOE_1B7B_B1_T256_D8	PREFILL	OTHER	void at::native::index_elementwise_kernel<(int)128, (int)4, void at::native::gpu_index_kernel<void at::native::index_kernel_impl<at::native::OpaqueType<(int)2>>(at::TensorIteratorBase &, c10::ArrayRef<long>, c10::ArrayRef<long>)::[lambda(char *, const char *, long) (instance 1)]>(at::TensorIteratorBase &, c10::ArrayRef<long>, c10::ArrayRef<long>, const T1 &)::[lambda(int) (instance 1)]>(long, T3)	256,1,1	128,1,1	4	13312	8.608262464060165e-05
OLMOE_1B7B_B1_T256_D8	PREFILL	OTHER	void at::native::vectorized_elementwise_kernel<(int)4, at::native::<unnamed>::silu_kernel(at::TensorIteratorBase &)::[lambda() (instance 1)]::operator ()() const::[lambda() (instance 6)]::operator ()() const::[lambda(c10::BFloat16) (instance 1)], at::detail::Array<char *, (int)2>>(int, T2, T3)	70,1,1	128,1,1	12	13248	8.566876586829106e-05
OLMOE_1B7B_B1_T256_D8	PREFILL	OTHER	void at::native::index_elementwise_kernel<(int)128, (int)4, void at::native::gpu_index_kernel<void at::native::index_kernel_impl<at::native::OpaqueType<(int)2>>(at::TensorIteratorBase &, c10::ArrayRef<long>, c10::ArrayRef<long>)::[lambda(char *, const char *, long) (instance 1)]>(at::TensorIteratorBase &, c10::ArrayRef<long>, c10::ArrayRef<long>, const T1 &)::[lambda(int) (instance 1)]>(long, T3)	176,1,1	128,1,1	4	13216	8.546183648213577e-05
OLMOE_1B7B_B1_T256_D8	PREFILL	OTHER	void at::native::index_elementwise_kernel<(int)128, (int)4, void at::native::gpu_index_kernel<void at::native::index_kernel_impl<at::native::OpaqueType<(int)2>>(at::TensorIteratorBase &, c10::ArrayRef<long>, c10::ArrayRef<long>)::[lambda(char *, const char *, long) (instance 1)]>(at::TensorIteratorBase &, c10::ArrayRef<long>, c10::ArrayRef<long>, const T1 &)::[lambda(int) (instance 1)]>(long, T3)	148,1,1	128,1,1	4	13120	8.484104832366989e-05
OLMOE_1B7B_B1_T256_D8	PREFILL	OTHER	void at::native::elementwise_kernel<(int)128, (int)4, void at::native::gpu_kernel_impl_nocast<at::native::BinaryFunctor<c10::BFloat16, c10::BFloat16, c10::BFloat16, at::native::binary_internal::MulFunctor<float>>>(at::TensorIteratorBase &, const T1 &)::[lambda(int) (instance 1)]>(int, T3)	208,1,1	128,1,1	7	12800	8.277175446211696e-05
OLMOE_1B7B_B1_T256_D8	PREFILL	OTHER	void at::native::elementwise_kernel<(int)128, (int)4, void at::native::gpu_kernel_impl_nocast<at::native::BinaryFunctor<c10::BFloat16, c10::BFloat16, c10::BFloat16, at::native::binary_internal::MulFunctor<float>>>(at::TensorIteratorBase &, const T1 &)::[lambda(int) (instance 1)]>(int, T3)	180,1,1	128,1,1	7	12640	8.17371075313405e-05
OLMOE_1B7B_B1_T256_D8	PREFILL	OTHER	void at::native::elementwise_kernel<(int)128, (int)4, void at::native::gpu_kernel_impl_nocast<at::native::BinaryFunctor<c10::BFloat16, c10::BFloat16, c10::BFloat16, at::native::binary_internal::MulFunctor<float>>>(at::TensorIteratorBase &, const T1 &)::[lambda(int) (instance 1)]>(int, T3)	144,1,1	128,1,1	7	12576	8.132324875902992e-05
OLMOE_1B7B_B1_T256_D8	PREFILL	OTHER	void at::native::index_elementwise_kernel<(int)128, (int)4, void at::native::gpu_index_kernel<void at::native::index_kernel_impl<at::native::OpaqueType<(int)2>>(at::TensorIteratorBase &, c10::ArrayRef<long>, c10::ArrayRef<long>)::[lambda(char *, const char *, long) (instance 1)]>(at::TensorIteratorBase &, c10::ArrayRef<long>, c10::ArrayRef<long>, const T1 &)::[lambda(int) (instance 1)]>(long, T3)	736,1,1	128,1,1	3	12384	8.008167244209817e-05
OLMOE_1B7B_B1_T256_D8	PREFILL	OTHER	void at::native::elementwise_kernel<(int)128, (int)4, void at::native::gpu_kernel_impl_nocast<at::native::BinaryFunctor<c10::BFloat16, c10::BFloat16, c10::BFloat16, at::native::binary_internal::MulFunctor<float>>>(at::TensorIteratorBase &, const T1 &)::[lambda(int) (instance 1)]>(int, T3)	56,1,1	128,1,1	7	12128	7.842623735285583e-05
OLMOE_1B7B_B1_T256_D8	PREFILL	OTHER	void at::native::vectorized_elementwise_kernel<(int)4, at::native::BinaryFunctor<c10::BFloat16, c10::BFloat16, c10::BFloat16, at::native::binary_internal::MulFunctor<float>>, at::detail::Array<char *, (int)3>>(int, T2, T3)	62,1,1	128,1,1	12	11680	7.552922594668174e-05
OLMOE_1B7B_B1_T256_D8	PREFILL	OTHER	void at::native::vectorized_elementwise_kernel<(int)4, at::native::BinaryFunctor<c10::BFloat16, c10::BFloat16, c10::BFloat16, at::native::binary_internal::MulFunctor<float>>, at::detail::Array<char *, (int)3>>(int, T2, T3)	70,1,1	128,1,1	12	11552	7.470150840206056e-05
OLMOE_1B7B_B1_T256_D8	DECODE	COPY	void at::native::<unnamed>::CatArrayBatchedCopy_aligned16_contig<at::native::<unnamed>::OpaqueType<(unsigned int)4>, unsigned int, (int)3, (int)128, (int)1>(T1 *, at::native::<unnamed>::CatArrInputTensorMetadata<T1, T2, T4, T5>, at::native::<unnamed>::TensorSizeStride<T2, (unsigned int)4>, int, T2)	1,2,1	128,1,1	8	11552	7.470150840206056e-05
OLMOE_1B7B_B1_T256_D8	PREFILL	OTHER	void at::native::vectorized_elementwise_kernel<(int)4, at::native::BinaryFunctor<c10::BFloat16, c10::BFloat16, c10::BFloat16, at::native::binary_internal::MulFunctor<float>>, at::detail::Array<char *, (int)3>>(int, T2, T3)	56,1,1	128,1,1	12	11488	7.428764962974998e-05
OLMOE_1B7B_B1_T256_D8	PREFILL	OTHER	void at::native::vectorized_elementwise_kernel<(int)4, at::native::BinaryFunctor<c10::BFloat16, c10::BFloat16, c10::BFloat16, at::native::binary_internal::MulFunctor<float>>, at::detail::Array<char *, (int)3>>(int, T2, T3)	54,1,1	128,1,1	12	11424	7.38737908574394e-05
OLMOE_1B7B_B1_T256_D8	PREFILL	OTHER	void at::native::vectorized_elementwise_kernel<(int)4, at::native::BinaryFunctor<c10::BFloat16, c10::BFloat16, c10::BFloat16, at::native::binary_internal::MulFunctor<float>>, at::detail::Array<char *, (int)3>>(int, T2, T3)	48,1,1	128,1,1	12	11392	7.36668614712841e-05
OLMOE_1B7B_B1_T256_D8	PREFILL	OTHER	void at::native::vectorized_elementwise_kernel<(int)4, at::native::<unnamed>::silu_kernel(at::TensorIteratorBase &)::[lambda() (instance 1)]::operator ()() const::[lambda() (instance 6)]::operator ()() const::[lambda(c10::BFloat16) (instance 1)], at::detail::Array<char *, (int)2>>(int, T2, T3)	82,1,1	128,1,1	10	11360	7.345993208512881e-05
OLMOE_1B7B_B1_T256_D8	PREFILL	OTHER	void at::native::vectorized_elementwise_kernel<(int)4, at::native::<unnamed>::silu_kernel(at::TensorIteratorBase &)::[lambda() (instance 1)]::operator ()() const::[lambda() (instance 6)]::operator ()() const::[lambda(c10::BFloat16) (instance 1)], at::detail::Array<char *, (int)2>>(int, T2, T3)	78,1,1	128,1,1	10	11264	7.283914392666293e-05
OLMOE_1B7B_B1_T256_D8	PREFILL	OTHER	void at::native::vectorized_elementwise_kernel<(int)4, at::native::<unnamed>::silu_kernel(at::TensorIteratorBase &)::[lambda() (instance 1)]::operator ()() const::[lambda() (instance 6)]::operator ()() const::[lambda(c10::BFloat16) (instance 1)], at::detail::Array<char *, (int)2>>(int, T2, T3)	80,1,1	128,1,1	10	11264	7.283914392666293e-05
OLMOE_1B7B_B1_T256_D8	PREFILL	OTHER	void at::native::vectorized_elementwise_kernel<(int)4, at::native::BinaryFunctor<c10::BFloat16, c10::BFloat16, c10::BFloat16, at::native::binary_internal::MulFunctor<float>>, at::detail::Array<char *, (int)3>>(int, T2, T3)	36,1,1	128,1,1	12	11232	7.263221454050764e-05
OLMOE_1B7B_B1_T256_D8	PREFILL	OTHER	void at::native::vectorized_elementwise_kernel<(int)4, at::native::BinaryFunctor<c10::BFloat16, c10::BFloat16, c10::BFloat16, at::native::binary_internal::MulFunctor<float>>, at::detail::Array<char *, (int)3>>(int, T2, T3)	38,1,1	128,1,1	12	11200	7.242528515435235e-05
OLMOE_1B7B_B1_T256_D8	PREFILL	OTHER	void at::native::index_elementwise_kernel<(int)128, (int)4, void at::native::gpu_index_kernel<void at::native::index_kernel_impl<at::native::OpaqueType<(int)2>>(at::TensorIteratorBase &, c10::ArrayRef<long>, c10::ArrayRef<long>)::[lambda(char *, const char *, long) (instance 1)]>(at::TensorIteratorBase &, c10::ArrayRef<long>, c10::ArrayRef<long>, const T1 &)::[lambda(int) (instance 1)]>(long, T3)	540,1,1	128,1,1	3	11200	7.242528515435235e-05
OLMOE_1B7B_B1_T256_D8	PREFILL	REDUCTION	void at::native::indexFuncLargeIndex<c10::BFloat16, long, unsigned int, (int)2, (int)2, (int)-2, (bool)1, at::native::<unnamed>::ReduceAdd>(at::cuda::detail::TensorInfo<T1, T3>, at::cuda::detail::TensorInfo<const T1, T3>, at::cuda::detail::TensorInfo<const T2, T3>, int, int, T3, T3, long, long, const T8 &, T1)	592,1,1	128,1,1	4	11008	7.118370883742059e-05
OLMOE_1B7B_B1_T256_D8	PREFILL	OTHER	void at::native::elementwise_kernel<(int)128, (int)4, void at::native::gpu_kernel_impl_nocast<at::native::BinaryFunctor<c10::BFloat16, c10::BFloat16, c10::BFloat16, at::native::binary_internal::MulFunctor<float>>>(at::TensorIteratorBase &, const T1 &)::[lambda(int) (instance 1)]>(int, T3)	200,1,1	128,1,1	6	10976	7.09767794512653e-05
OLMOE_1B7B_B1_T256_D8	PREFILL	OTHER	void at::native::index_elementwise_kernel<(int)128, (int)4, void at::native::gpu_index_kernel<void at::native::index_kernel_impl<at::native::OpaqueType<(int)2>>(at::TensorIteratorBase &, c10::ArrayRef<long>, c10::ArrayRef<long>)::[lambda(char *, const char *, long) (instance 1)]>(at::TensorIteratorBase &, c10::ArrayRef<long>, c10::ArrayRef<long>, const T1 &)::[lambda(int) (instance 1)]>(long, T3)	544,1,1	128,1,1	3	10880	7.035599129279942e-05
OLMOE_1B7B_B1_T256_D8	PREFILL	OTHER	void at::native::elementwise_kernel<(int)128, (int)4, void at::native::gpu_kernel_impl_nocast<at::native::BinaryFunctor<c10::BFloat16, c10::BFloat16, c10::BFloat16, at::native::binary_internal::MulFunctor<float>>>(at::TensorIteratorBase &, const T1 &)::[lambda(int) (instance 1)]>(int, T3)	184,1,1	128,1,1	6	10848	7.014906190664413e-05
OLMOE_1B7B_B1_T256_D8	PREFILL	OTHER	void at::native::elementwise_kernel<(int)128, (int)4, void at::native::gpu_kernel_impl_nocast<at::native::BinaryFunctor<c10::BFloat16, c10::BFloat16, c10::BFloat16, at::native::binary_internal::MulFunctor<float>>>(at::TensorIteratorBase &, const T1 &)::[lambda(int) (instance 1)]>(int, T3)	136,1,1	128,1,1	6	10753	6.95347402914956e-05
OLMOE_1B7B_B1_T256_D8	PREFILL	OTHER	void at::native::index_elementwise_kernel<(int)128, (int)4, void at::native::gpu_index_kernel<void at::native::index_kernel_impl<at::native::OpaqueType<(int)2>>(at::TensorIteratorBase &, c10::ArrayRef<long>, c10::ArrayRef<long>)::[lambda(char *, const char *, long) (instance 1)]>(at::TensorIteratorBase &, c10::ArrayRef<long>, c10::ArrayRef<long>, const T1 &)::[lambda(int) (instance 1)]>(long, T3)	368,1,1	128,1,1	3	10752	6.952827374817825e-05
OLMOE_1B7B_B1_T256_D8	PREFILL	OTHER	void at::native::index_elementwise_kernel<(int)128, (int)4, void at::native::gpu_index_kernel<void at::native::index_kernel_impl<at::native::OpaqueType<(int)2>>(at::TensorIteratorBase &, c10::ArrayRef<long>, c10::ArrayRef<long>)::[lambda(char *, const char *, long) (instance 1)]>(at::TensorIteratorBase &, c10::ArrayRef<long>, c10::ArrayRef<long>, const T1 &)::[lambda(int) (instance 1)]>(long, T3)	336,1,1	128,1,1	3	10688	6.911441497586766e-05
OLMOE_1B7B_B1_T256_D8	PREFILL	OTHER	void at::native::index_elementwise_kernel<(int)128, (int)4, void at::native::gpu_index_kernel<void at::native::index_kernel_impl<at::native::OpaqueType<(int)2>>(at::TensorIteratorBase &, c10::ArrayRef<long>, c10::ArrayRef<long>)::[lambda(char *, const char *, long) (instance 1)]>(at::TensorIteratorBase &, c10::ArrayRef<long>, c10::ArrayRef<long>, const T1 &)::[lambda(int) (instance 1)]>(long, T3)	372,1,1	128,1,1	3	10688	6.911441497586766e-05
OLMOE_1B7B_B1_T256_D8	PREFILL	OTHER	void at::native::vectorized_elementwise_kernel<(int)4, at::native::BinaryFunctor<c10::BFloat16, c10::BFloat16, c10::BFloat16, at::native::binary_internal::MulFunctor<float>>, at::detail::Array<char *, (int)3>>(int, T2, T3)	60,1,1	128,1,1	11	10656	6.890748558971237e-05
OLMOE_1B7B_B1_T256_D8	PREFILL	OTHER	void at::native::index_elementwise_kernel<(int)128, (int)4, void at::native::gpu_index_kernel<void at::native::index_kernel_impl<at::native::OpaqueType<(int)2>>(at::TensorIteratorBase &, c10::ArrayRef<long>, c10::ArrayRef<long>)::[lambda(char *, const char *, long) (instance 1)]>(at::TensorIteratorBase &, c10::ArrayRef<long>, c10::ArrayRef<long>, const T1 &)::[lambda(int) (instance 1)]>(long, T3)	356,1,1	128,1,1	3	10624	6.870055620355708e-05
OLMOE_1B7B_B1_T256_D8	PREFILL	OTHER	void at::native::index_elementwise_kernel<(int)128, (int)4, void at::native::gpu_index_kernel<void at::native::index_kernel_impl<at::native::OpaqueType<(int)2>>(at::TensorIteratorBase &, c10::ArrayRef<long>, c10::ArrayRef<long>)::[lambda(char *, const char *, long) (instance 1)]>(at::TensorIteratorBase &, c10::ArrayRef<long>, c10::ArrayRef<long>, const T1 &)::[lambda(int) (instance 1)]>(long, T3)	288,1,1	128,1,1	3	10560	6.828669743124649e-05
OLMOE_1B7B_B1_T256_D8	PREFILL	OTHER	void at::native::index_elementwise_kernel<(int)128, (int)4, void at::native::gpu_index_kernel<void at::native::index_kernel_impl<at::native::OpaqueType<(int)2>>(at::TensorIteratorBase &, c10::ArrayRef<long>, c10::ArrayRef<long>)::[lambda(char *, const char *, long) (instance 1)]>(at::TensorIteratorBase &, c10::ArrayRef<long>, c10::ArrayRef<long>, const T1 &)::[lambda(int) (instance 1)]>(long, T3)	300,1,1	128,1,1	3	10400	6.725205050047004e-05
OLMOE_1B7B_B1_T256_D8	PREFILL	OTHER	void at::native::index_elementwise_kernel<(int)128, (int)4, void at::native::gpu_index_kernel<void at::native::index_kernel_impl<at::native::OpaqueType<(int)2>>(at::TensorIteratorBase &, c10::ArrayRef<long>, c10::ArrayRef<long>)::[lambda(char *, const char *, long) (instance 1)]>(at::TensorIteratorBase &, c10::ArrayRef<long>, c10::ArrayRef<long>, const T1 &)::[lambda(int) (instance 1)]>(long, T3)	232,1,1	128,1,1	3	10336	6.683819172815946e-05
OLMOE_1B7B_B1_T256_D8	PREFILL	OTHER	void at::native::index_elementwise_kernel<(int)128, (int)4, void at::native::gpu_index_kernel<void at::native::index_kernel_impl<at::native::OpaqueType<(int)2>>(at::TensorIteratorBase &, c10::ArrayRef<long>, c10::ArrayRef<long>)::[lambda(char *, const char *, long) (instance 1)]>(at::TensorIteratorBase &, c10::ArrayRef<long>, c10::ArrayRef<long>, const T1 &)::[lambda(int) (instance 1)]>(long, T3)	380,1,1	128,1,1	3	10304	6.663126234200417e-05
OLMOE_1B7B_B1_T256_D8	PREFILL	OTHER	void at::native::vectorized_elementwise_kernel<(int)4, at::native::<unnamed>::silu_kernel(at::TensorIteratorBase &)::[lambda() (instance 1)]::operator ()() const::[lambda() (instance 6)]::operator ()() const::[lambda(c10::BFloat16) (instance 1)], at::detail::Array<char *, (int)2>>(int, T2, T3)	94,1,1	128,1,1	9	10272	6.642433295584887e-05
OLMOE_1B7B_B1_T256_D8	PREFILL	OTHER	void at::native::index_elementwise_kernel<(int)128, (int)4, void at::native::gpu_index_kernel<void at::native::index_kernel_impl<at::native::OpaqueType<(int)2>>(at::TensorIteratorBase &, c10::ArrayRef<long>, c10::ArrayRef<long>)::[lambda(char *, const char *, long) (instance 1)]>(at::TensorIteratorBase &, c10::ArrayRef<long>, c10::ArrayRef<long>, const T1 &)::[lambda(int) (instance 1)]>(long, T3)	268,1,1	128,1,1	3	10272	6.642433295584887e-05
OLMOE_1B7B_B1_T256_D8	PREFILL	OTHER	void at::native::index_elementwise_kernel<(int)128, (int)4, void at::native::gpu_index_kernel<void at::native::index_kernel_impl<at::native::OpaqueType<(int)2>>(at::TensorIteratorBase &, c10::ArrayRef<long>, c10::ArrayRef<long>)::[lambda(char *, const char *, long) (instance 1)]>(at::TensorIteratorBase &, c10::ArrayRef<long>, c10::ArrayRef<long>, const T1 &)::[lambda(int) (instance 1)]>(long, T3)	296,1,1	128,1,1	3	10144	6.55966154112277e-05
OLMOE_1B7B_B1_T256_D8	PREFILL	OTHER	void at::native::vectorized_elementwise_kernel<(int)4, at::native::BinaryFunctor<c10::BFloat16, c10::BFloat16, c10::BFloat16, at::native::binary_internal::MulFunctor<float>>, at::detail::Array<char *, (int)3>>(int, T2, T3)	80,1,1	128,1,1	10	9984	6.456196848045124e-05
OLMOE_1B7B_B1_T256_D8	PREFILL	OTHER	void at::native::vectorized_elementwise_kernel<(int)4, at::native::BinaryFunctor<c10::BFloat16, c10::BFloat16, c10::BFloat16, at::native::binary_internal::MulFunctor<float>>, at::detail::Array<char *, (int)3>>(int, T2, T3)	78,1,1	128,1,1	10	9952	6.435503909429595e-05
OLMOE_1B7B_B1_T256_D8	PREFILL	OTHER	void at::native::vectorized_elementwise_kernel<(int)4, at::native::BinaryFunctor<c10::BFloat16, c10::BFloat16, c10::BFloat16, at::native::binary_internal::MulFunctor<float>>, at::detail::Array<char *, (int)3>>(int, T2, T3)	82,1,1	128,1,1	10	9952	6.435503909429595e-05
OLMOE_1B7B_B1_T256_D8	PREFILL	OTHER	void at::native::index_elementwise_kernel<(int)128, (int)4, void at::native::gpu_index_kernel<void at::native::index_kernel_impl<at::native::OpaqueType<(int)2>>(at::TensorIteratorBase &, c10::ArrayRef<long>, c10::ArrayRef<long>)::[lambda(char *, const char *, long) (instance 1)]>(at::TensorIteratorBase &, c10::ArrayRef<long>, c10::ArrayRef<long>, const T1 &)::[lambda(int) (instance 1)]>(long, T3)	272,1,1	128,1,1	3	9952	6.435503909429595e-05
OLMOE_1B7B_B1_T256_D8	PREFILL	OTHER	void at::native::elementwise_kernel<(int)128, (int)4, void at::native::gpu_kernel_impl_nocast<at::native::BinaryFunctor<c10::BFloat16, c10::BFloat16, c10::BFloat16, at::native::binary_internal::MulFunctor<float>>>(at::TensorIteratorBase &, const T1 &)::[lambda(int) (instance 1)]>(int, T3)	376,1,1	128,1,1	5	9792	6.332039216351948e-05
OLMOE_1B7B_B1_T256_D8	PREFILL	OTHER	void at::native::index_elementwise_kernel<(int)128, (int)4, void at::native::gpu_index_kernel<void at::native::index_kernel_impl<at::native::OpaqueType<(int)2>>(at::TensorIteratorBase &, c10::ArrayRef<long>, c10::ArrayRef<long>)::[lambda(char *, const char *, long) (instance 1)]>(at::TensorIteratorBase &, c10::ArrayRef<long>, c10::ArrayRef<long>, const T1 &)::[lambda(int) (instance 1)]>(long, T3)	192,1,1	128,1,1	3	9632	6.228574523274302e-05
OLMOE_1B7B_B1_T256_D8	PREFILL	OTHER	void at::native::elementwise_kernel<(int)128, (int)4, void at::native::gpu_kernel_impl_nocast<at::native::BinaryFunctor<c10::BFloat16, c10::BFloat16, c10::BFloat16, at::native::binary_internal::MulFunctor<float>>>(at::TensorIteratorBase &, const T1 &)::[lambda(int) (instance 1)]>(int, T3)	276,1,1	128,1,1	5	9440	6.104416891581126e-05
OLMOE_1B7B_B1_T256_D8	DECODE	GEMM	void gemmk1_kernel<int, float, (int)256, (int)5, (bool)1, (bool)0, (bool)0, (bool)0, cublasGemvTensorStridedBatched<const float>, cublasGemvTensorStridedBatched<const float>, cublasGemvTensorStridedBatched<float>, float, (int)0>(cublasGemmk1Params<T2, T9, T10, T11, T12, biasType<T11::value_type, T12>::type>)	2,1,1	256,1,1	8	9408	6.083723952965597e-05
OLMOE_1B7B_B1_T256_D8	DECODE	OTHER	void at::native::vectorized_elementwise_kernel<(int)4, at::native::cos_kernel_cuda(at::TensorIteratorBase &)::[lambda() (instance 2)]::operator ()() const::[lambda() (instance 2)]::operator ()() const::[lambda(float) (instance 1)], at::detail::Array<char *, (int)2>>(int, T2, T3)	1,1,1	128,1,1	8	9408	6.083723952965597e-05
OLMOE_1B7B_B1_T256_D8	PREFILL	OTHER	void at::native::elementwise_kernel<(int)128, (int)4, void at::native::gpu_kernel_impl_nocast<at::native::BinaryFunctor<c10::BFloat16, c10::BFloat16, c10::BFloat16, at::native::binary_internal::MulFunctor<float>>>(at::TensorIteratorBase &, const T1 &)::[lambda(int) (instance 1)]>(int, T3)	236,1,1	128,1,1	5	9281	6.001598852835215e-05
OLMOE_1B7B_B1_T256_D8	PREFILL	OTHER	void at::native::elementwise_kernel<(int)128, (int)4, void at::native::gpu_kernel_impl_nocast<at::native::BinaryFunctor<c10::BFloat16, c10::BFloat16, c10::BFloat16, at::native::binary_internal::MulFunctor<float>>>(at::TensorIteratorBase &, const T1 &)::[lambda(int) (instance 1)]>(int, T3)	252,1,1	128,1,1	5	9280	6.00095219850348e-05
OLMOE_1B7B_B1_T256_D8	DECODE	OTHER	void at::native::vectorized_elementwise_kernel<(int)4, at::native::sin_kernel_cuda(at::TensorIteratorBase &)::[lambda() (instance 2)]::operator ()() const::[lambda() (instance 2)]::operator ()() const::[lambda(float) (instance 1)], at::detail::Array<char *, (int)2>>(int, T2, T3)	1,1,1	128,1,1	8	9248	5.980259259887951e-05
OLMOE_1B7B_B1_T256_D8	PREFILL	OTHER	void at::native::elementwise_kernel<(int)128, (int)4, void at::native::gpu_kernel_impl_nocast<at::native::BinaryFunctor<c10::BFloat16, c10::BFloat16, c10::BFloat16, at::native::binary_internal::MulFunctor<float>>>(at::TensorIteratorBase &, const T1 &)::[lambda(int) (instance 1)]>(int, T3)	216,1,1	128,1,1	5	9216	5.9595663212724215e-05
OLMOE_1B7B_B1_T256_D8	PREFILL	OTHER	void at::native::elementwise_kernel<(int)128, (int)4, void at::native::gpu_kernel_impl_nocast<at::native::BinaryFunctor<c10::BFloat16, c10::BFloat16, c10::BFloat16, at::native::binary_internal::MulFunctor<float>>>(at::TensorIteratorBase &, const T1 &)::[lambda(int) (instance 1)]>(int, T3)	212,1,1	128,1,1	5	9184	5.938873382656892e-05
OLMOE_1B7B_B1_T256_D8	PREFILL	OTHER	void at::native::elementwise_kernel<(int)128, (int)4, void at::native::gpu_kernel_impl_nocast<at::native::BinaryFunctor<c10::BFloat16, c10::BFloat16, c10::BFloat16, at::native::binary_internal::MulFunctor<float>>>(at::TensorIteratorBase &, const T1 &)::[lambda(int) (instance 1)]>(int, T3)	172,1,1	128,1,1	5	9056	5.856101628194776e-05
OLMOE_1B7B_B1_T256_D8	PREFILL	OTHER	void at::native::vectorized_elementwise_kernel<(int)4, at::native::<unnamed>::silu_kernel(at::TensorIteratorBase &)::[lambda() (instance 1)]::operator ()() const::[lambda() (instance 6)]::operator ()() const::[lambda(c10::BFloat16) (instance 1)], at::detail::Array<char *, (int)2>>(int, T2, T3)	76,1,1	128,1,1	8	8896	5.7526369351171295e-05
OLMOE_1B7B_B1_T256_D8	PREFILL	OTHER	void at::native::vectorized_elementwise_kernel<(int)4, at::native::<unnamed>::silu_kernel(at::TensorIteratorBase &)::[lambda() (instance 1)]::operator ()() const::[lambda() (instance 6)]::operator ()() const::[lambda(c10::BFloat16) (instance 1)], at::detail::Array<char *, (int)2>>(int, T2, T3)	66,1,1	128,1,1	8	8896	5.7526369351171295e-05
OLMOE_1B7B_B1_T256_D8	PREFILL	OTHER	void at::native::vectorized_elementwise_kernel<(int)4, at::native::BinaryFunctor<c10::BFloat16, c10::BFloat16, c10::BFloat16, at::native::binary_internal::MulFunctor<float>>, at::detail::Array<char *, (int)3>>(int, T2, T3)	94,1,1	128,1,1	9	8896	5.7526369351171295e-05
OLMOE_1B7B_B1_T256_D8	PREFILL	OTHER	void at::native::index_elementwise_kernel<(int)128, (int)4, void at::native::gpu_index_kernel<void at::native::index_kernel_impl<at::native::OpaqueType<(int)2>>(at::TensorIteratorBase &, c10::ArrayRef<long>, c10::ArrayRef<long>)::[lambda(char *, const char *, long) (instance 1)]>(at::TensorIteratorBase &, c10::ArrayRef<long>, c10::ArrayRef<long>, const T1 &)::[lambda(int) (instance 1)]>(long, T3)	764,1,1	128,1,1	2	8768	5.6698651806550125e-05
OLMOE_1B7B_B1_T256_D8	PREFILL	OTHER	void at::native::index_elementwise_kernel<(int)128, (int)4, void at::native::gpu_index_kernel<void at::native::index_kernel_impl<at::native::OpaqueType<(int)2>>(at::TensorIteratorBase &, c10::ArrayRef<long>, c10::ArrayRef<long>)::[lambda(char *, const char *, long) (instance 1)]>(at::TensorIteratorBase &, c10::ArrayRef<long>, c10::ArrayRef<long>, const T1 &)::[lambda(int) (instance 1)]>(long, T3)	808,1,1	128,1,1	2	8544	5.5250146103463076e-05
OLMOE_1B7B_B1_T256_D8	PREFILL	OTHER	void at::native::index_elementwise_kernel<(int)128, (int)4, void at::native::gpu_index_kernel<void at::native::index_kernel_impl<at::native::OpaqueType<(int)2>>(at::TensorIteratorBase &, c10::ArrayRef<long>, c10::ArrayRef<long>)::[lambda(char *, const char *, long) (instance 1)]>(at::TensorIteratorBase &, c10::ArrayRef<long>, c10::ArrayRef<long>, const T1 &)::[lambda(int) (instance 1)]>(long, T3)	796,1,1	128,1,1	2	8384	5.421549917268661e-05
OLMOE_1B7B_B1_T256_D8	PREFILL	OTHER	void at::native::vectorized_elementwise_kernel<(int)4, at::native::<unnamed>::silu_kernel(at::TensorIteratorBase &)::[lambda() (instance 1)]::operator ()() const::[lambda() (instance 6)]::operator ()() const::[lambda(c10::BFloat16) (instance 1)], at::detail::Array<char *, (int)2>>(int, T2, T3)	104,1,1	128,1,1	7	8000	5.173234653882311e-05
OLMOE_1B7B_B1_T256_D8	PREFILL	OTHER	void at::native::vectorized_elementwise_kernel<(int)4, at::native::<unnamed>::silu_kernel(at::TensorIteratorBase &)::[lambda() (instance 1)]::operator ()() const::[lambda() (instance 6)]::operator ()() const::[lambda(c10::BFloat16) (instance 1)], at::detail::Array<char *, (int)2>>(int, T2, T3)	90,1,1	128,1,1	7	7904	5.111155838035723e-05
OLMOE_1B7B_B1_T256_D8	PREFILL	OTHER	void at::native::index_elementwise_kernel<(int)128, (int)4, void at::native::gpu_index_kernel<void at::native::index_kernel_impl<at::native::OpaqueType<(int)2>>(at::TensorIteratorBase &, c10::ArrayRef<long>, c10::ArrayRef<long>)::[lambda(char *, const char *, long) (instance 1)]>(at::TensorIteratorBase &, c10::ArrayRef<long>, c10::ArrayRef<long>, const T1 &)::[lambda(int) (instance 1)]>(long, T3)	636,1,1	128,1,1	2	7840	5.0697699608046645e-05
OLMOE_1B7B_B1_T256_D8	PREFILL	OTHER	void at::native::vectorized_elementwise_kernel<(int)4, at::native::<unnamed>::silu_kernel(at::TensorIteratorBase &)::[lambda() (instance 1)]::operator ()() const::[lambda() (instance 6)]::operator ()() const::[lambda(c10::BFloat16) (instance 1)], at::detail::Array<char *, (int)2>>(int, T2, T3)	72,1,1	128,1,1	7	7808	5.049077022189135e-05
OLMOE_1B7B_B1_T256_D8	PREFILL	OTHER	void at::native::index_elementwise_kernel<(int)128, (int)4, void at::native::gpu_index_kernel<void at::native::index_kernel_impl<at::native::OpaqueType<(int)2>>(at::TensorIteratorBase &, c10::ArrayRef<long>, c10::ArrayRef<long>)::[lambda(char *, const char *, long) (instance 1)]>(at::TensorIteratorBase &, c10::ArrayRef<long>, c10::ArrayRef<long>, const T1 &)::[lambda(int) (instance 1)]>(long, T3)	576,1,1	128,1,1	2	7808	5.049077022189135e-05
OLMOE_1B7B_B1_T256_D8	PREFILL	OTHER	void at::native::vectorized_elementwise_kernel<(int)4, at::native::BinaryFunctor<c10::BFloat16, c10::BFloat16, c10::BFloat16, at::native::binary_internal::MulFunctor<float>>, at::detail::Array<char *, (int)3>>(int, T2, T3)	76,1,1	128,1,1	8	7776	5.028384083573606e-05
OLMOE_1B7B_B1_T256_D8	PREFILL	OTHER	void at::native::vectorized_elementwise_kernel<(int)4, at::native::BinaryFunctor<c10::BFloat16, c10::BFloat16, c10::BFloat16, at::native::binary_internal::MulFunctor<float>>, at::detail::Array<char *, (int)3>>(int, T2, T3)	66,1,1	128,1,1	8	7744	5.007691144958077e-05
OLMOE_1B7B_B1_T256_D8	PREFILL	OTHER	void at::native::index_elementwise_kernel<(int)128, (int)4, void at::native::gpu_index_kernel<void at::native::index_kernel_impl<at::native::OpaqueType<(int)2>>(at::TensorIteratorBase &, c10::ArrayRef<long>, c10::ArrayRef<long>)::[lambda(char *, const char *, long) (instance 1)]>(at::TensorIteratorBase &, c10::ArrayRef<long>, c10::ArrayRef<long>, const T1 &)::[lambda(int) (instance 1)]>(long, T3)	528,1,1	128,1,1	2	7584	4.9042264518804303e-05
OLMOE_1B7B_B1_T256_D8	PREFILL	OTHER	void at::native::elementwise_kernel<(int)128, (int)4, void at::native::gpu_kernel_impl_nocast<at::native::BinaryFunctor<c10::BFloat16, c10::BFloat16, c10::BFloat16, at::native::binary_internal::MulFunctor<float>>>(at::TensorIteratorBase &, const T1 &)::[lambda(int) (instance 1)]>(int, T3)	264,1,1	128,1,1	4	7520	4.862840574649372e-05
OLMOE_1B7B_B1_T256_D8	PREFILL	OTHER	void at::native::vectorized_elementwise_kernel<(int)4, at::native::<unnamed>::silu_kernel(at::TensorIteratorBase &)::[lambda() (instance 1)]::operator ()() const::[lambda() (instance 6)]::operator ()() const::[lambda(c10::BFloat16) (instance 1)], at::detail::Array<char *, (int)2>>(int, T2, T3)	28,1,1	128,1,1	7	7488	4.8421476360338426e-05
OLMOE_1B7B_B1_T256_D8	PREFILL	OTHER	void at::native::elementwise_kernel<(int)128, (int)4, void at::native::gpu_kernel_impl_nocast<at::native::BinaryFunctor<c10::BFloat16, c10::BFloat16, c10::BFloat16, at::native::binary_internal::MulFunctor<float>>>(at::TensorIteratorBase &, const T1 &)::[lambda(int) (instance 1)]>(int, T3)	244,1,1	128,1,1	4	7488	4.8421476360338426e-05
OLMOE_1B7B_B1_T256_D8	PREFILL	OTHER	void at::native::index_elementwise_kernel<(int)128, (int)4, void at::native::gpu_index_kernel<void at::native::index_kernel_impl<at::native::OpaqueType<(int)2>>(at::TensorIteratorBase &, c10::ArrayRef<long>, c10::ArrayRef<long>)::[lambda(char *, const char *, long) (instance 1)]>(at::TensorIteratorBase &, c10::ArrayRef<long>, c10::ArrayRef<long>, const T1 &)::[lambda(int) (instance 1)]>(long, T3)	428,1,1	128,1,1	2	7456	4.821454697418313e-05
OLMOE_1B7B_B1_T256_D8	PREFILL	OTHER	void at::native::index_elementwise_kernel<(int)128, (int)4, void at::native::gpu_index_kernel<void at::native::index_kernel_impl<at::native::OpaqueType<(int)2>>(at::TensorIteratorBase &, c10::ArrayRef<long>, c10::ArrayRef<long>)::[lambda(char *, const char *, long) (instance 1)]>(at::TensorIteratorBase &, c10::ArrayRef<long>, c10::ArrayRef<long>, const T1 &)::[lambda(int) (instance 1)]>(long, T3)	464,1,1	128,1,1	2	7456	4.821454697418313e-05
OLMOE_1B7B_B1_T256_D8	PREFILL	OTHER	void at::native::elementwise_kernel<(int)128, (int)4, void at::native::gpu_kernel_impl_nocast<at::native::BinaryFunctor<c10::BFloat16, c10::BFloat16, c10::BFloat16, at::native::binary_internal::MulFunctor<float>>>(at::TensorIteratorBase &, const T1 &)::[lambda(int) (instance 1)]>(int, T3)	256,1,1	128,1,1	4	7424	4.800761758802784e-05
OLMOE_1B7B_B1_T256_D8	PREFILL	OTHER	void at::native::index_elementwise_kernel<(int)128, (int)4, void at::native::gpu_index_kernel<void at::native::index_kernel_impl<at::native::OpaqueType<(int)2>>(at::TensorIteratorBase &, c10::ArrayRef<long>, c10::ArrayRef<long>)::[lambda(char *, const char *, long) (instance 1)]>(at::TensorIteratorBase &, c10::ArrayRef<long>, c10::ArrayRef<long>, const T1 &)::[lambda(int) (instance 1)]>(long, T3)	304,1,1	128,1,1	2	7360	4.7593758815717255e-05
OLMOE_1B7B_B1_T256_D8	PREFILL	OTHER	void at::native::elementwise_kernel<(int)128, (int)4, void at::native::gpu_kernel_impl_nocast<at::native::BinaryFunctor<c10::BFloat16, c10::BFloat16, c10::BFloat16, at::native::binary_internal::MulFunctor<float>>>(at::TensorIteratorBase &, const T1 &)::[lambda(int) (instance 1)]>(int, T3)	224,1,1	128,1,1	4	7328	4.738682942956196e-05
OLMOE_1B7B_B1_T256_D8	PREFILL	OTHER	void at::native::elementwise_kernel<(int)128, (int)4, void at::native::gpu_kernel_impl_nocast<at::native::BinaryFunctor<c10::BFloat16, c10::BFloat16, c10::BFloat16, at::native::binary_internal::MulFunctor<float>>>(at::TensorIteratorBase &, const T1 &)::[lambda(int) (instance 1)]>(int, T3)	196,1,1	128,1,1	4	7328	4.738682942956196e-05
OLMOE_1B7B_B1_T256_D8	PREFILL	OTHER	void at::native::index_elementwise_kernel<(int)128, (int)4, void at::native::gpu_index_kernel<void at::native::index_kernel_impl<at::native::OpaqueType<(int)2>>(at::TensorIteratorBase &, c10::ArrayRef<long>, c10::ArrayRef<long>)::[lambda(char *, const char *, long) (instance 1)]>(at::TensorIteratorBase &, c10::ArrayRef<long>, c10::ArrayRef<long>, const T1 &)::[lambda(int) (instance 1)]>(long, T3)	400,1,1	128,1,1	2	7296	4.717990004340667e-05
OLMOE_1B7B_B1_T256_D8	PREFILL	OTHER	void at::native::elementwise_kernel<(int)128, (int)4, void at::native::gpu_kernel_impl_nocast<at::native::BinaryFunctor<c10::BFloat16, c10::BFloat16, c10::BFloat16, at::native::binary_internal::MulFunctor<float>>>(at::TensorIteratorBase &, const T1 &)::[lambda(int) (instance 1)]>(int, T3)	148,1,1	128,1,1	4	7296	4.717990004340667e-05
OLMOE_1B7B_B1_T256_D8	PREFILL	OTHER	void at::native::index_elementwise_kernel<(int)128, (int)4, void at::native::gpu_index_kernel<void at::native::index_kernel_impl<at::native::OpaqueType<(int)2>>(at::TensorIteratorBase &, c10::ArrayRef<long>, c10::ArrayRef<long>)::[lambda(char *, const char *, long) (instance 1)]>(at::TensorIteratorBase &, c10::ArrayRef<long>, c10::ArrayRef<long>, const T1 &)::[lambda(int) (instance 1)]>(long, T3)	384,1,1	128,1,1	2	7264	4.697297065725138e-05
OLMOE_1B7B_B1_T256_D8	PREFILL	OTHER	void at::native::index_elementwise_kernel<(int)128, (int)4, void at::native::gpu_index_kernel<void at::native::index_kernel_impl<at::native::OpaqueType<(int)2>>(at::TensorIteratorBase &, c10::ArrayRef<long>, c10::ArrayRef<long>)::[lambda(char *, const char *, long) (instance 1)]>(at::TensorIteratorBase &, c10::ArrayRef<long>, c10::ArrayRef<long>, const T1 &)::[lambda(int) (instance 1)]>(long, T3)	348,1,1	128,1,1	2	7264	4.697297065725138e-05
OLMOE_1B7B_B1_T256_D8	PREFILL	OTHER	void at::native::index_elementwise_kernel<(int)128, (int)4, void at::native::gpu_index_kernel<void at::native::index_kernel_impl<at::native::OpaqueType<(int)2>>(at::TensorIteratorBase &, c10::ArrayRef<long>, c10::ArrayRef<long>)::[lambda(char *, const char *, long) (instance 1)]>(at::TensorIteratorBase &, c10::ArrayRef<long>, c10::ArrayRef<long>, const T1 &)::[lambda(int) (instance 1)]>(long, T3)	408,1,1	128,1,1	2	7264	4.697297065725138e-05
OLMOE_1B7B_B1_T256_D8	PREFILL	OTHER	void at::native::elementwise_kernel<(int)128, (int)4, void at::native::gpu_kernel_impl_nocast<at::native::BinaryFunctor<c10::BFloat16, c10::BFloat16, c10::BFloat16, at::native::binary_internal::MulFunctor<float>>>(at::TensorIteratorBase &, const T1 &)::[lambda(int) (instance 1)]>(int, T3)	176,1,1	128,1,1	4	7232	4.6766041271096084e-05
OLMOE_1B7B_B1_T256_D8	PREFILL	OTHER	void at::native::index_elementwise_kernel<(int)128, (int)4, void at::native::gpu_index_kernel<void at::native::index_kernel_impl<at::native::OpaqueType<(int)2>>(at::TensorIteratorBase &, c10::ArrayRef<long>, c10::ArrayRef<long>)::[lambda(char *, const char *, long) (instance 1)]>(at::TensorIteratorBase &, c10::ArrayRef<long>, c10::ArrayRef<long>, const T1 &)::[lambda(int) (instance 1)]>(long, T3)	420,1,1	128,1,1	2	7200	4.655911188494079e-05
OLMOE_1B7B_B1_T256_D8	PREFILL	OTHER	void at::native::elementwise_kernel<(int)128, (int)4, void at::native::gpu_kernel_impl_nocast<at::native::BinaryFunctor<c10::BFloat16, c10::BFloat16, c10::BFloat16, at::native::binary_internal::MulFunctor<float>>>(at::TensorIteratorBase &, const T1 &)::[lambda(int) (instance 1)]>(int, T3)	168,1,1	128,1,1	4	7200	4.655911188494079e-05
OLMOE_1B7B_B1_T256_D8	PREFILL	OTHER	void at::native::index_elementwise_kernel<(int)128, (int)4, void at::native::gpu_index_kernel<void at::native::index_kernel_impl<at::native::OpaqueType<(int)2>>(at::TensorIteratorBase &, c10::ArrayRef<long>, c10::ArrayRef<long>)::[lambda(char *, const char *, long) (instance 1)]>(at::TensorIteratorBase &, c10::ArrayRef<long>, c10::ArrayRef<long>, const T1 &)::[lambda(int) (instance 1)]>(long, T3)	520,1,1	128,1,1	2	7200	4.655911188494079e-05
OLMOE_1B7B_B1_T256_D8	PREFILL	OTHER	void at::native::index_elementwise_kernel<(int)128, (int)4, void at::native::gpu_index_kernel<void at::native::index_kernel_impl<at::native::OpaqueType<(int)2>>(at::TensorIteratorBase &, c10::ArrayRef<long>, c10::ArrayRef<long>)::[lambda(char *, const char *, long) (instance 1)]>(at::TensorIteratorBase &, c10::ArrayRef<long>, c10::ArrayRef<long>, const T1 &)::[lambda(int) (instance 1)]>(long, T3)	344,1,1	128,1,1	2	7200	4.655911188494079e-05
OLMOE_1B7B_B1_T256_D8	PREFILL	OTHER	void at::native::index_elementwise_kernel<(int)128, (int)4, void at::native::gpu_index_kernel<void at::native::index_kernel_impl<at::native::OpaqueType<(int)2>>(at::TensorIteratorBase &, c10::ArrayRef<long>, c10::ArrayRef<long>)::[lambda(char *, const char *, long) (instance 1)]>(at::TensorIteratorBase &, c10::ArrayRef<long>, c10::ArrayRef<long>, const T1 &)::[lambda(int) (instance 1)]>(long, T3)	308,1,1	128,1,1	2	7072	4.573139434031963e-05
OLMOE_1B7B_B1_T256_D8	PREFILL	OTHER	void at::native::vectorized_elementwise_kernel<(int)4, at::native::BinaryFunctor<c10::BFloat16, c10::BFloat16, c10::BFloat16, at::native::binary_internal::MulFunctor<float>>, at::detail::Array<char *, (int)3>>(int, T2, T3)	104,1,1	128,1,1	7	7072	4.573139434031963e-05
OLMOE_1B7B_B1_T256_D8	PREFILL	OTHER	void at::native::index_elementwise_kernel<(int)128, (int)4, void at::native::gpu_index_kernel<void at::native::index_kernel_impl<at::native::OpaqueType<(int)2>>(at::TensorIteratorBase &, c10::ArrayRef<long>, c10::ArrayRef<long>)::[lambda(char *, const char *, long) (instance 1)]>(at::TensorIteratorBase &, c10::ArrayRef<long>, c10::ArrayRef<long>, const T1 &)::[lambda(int) (instance 1)]>(long, T3)	316,1,1	128,1,1	2	7072	4.573139434031963e-05
OLMOE_1B7B_B1_T256_D8	PREFILL	OTHER	void at::native::index_elementwise_kernel<(int)128, (int)4, void at::native::gpu_index_kernel<void at::native::index_kernel_impl<at::native::OpaqueType<(int)2>>(at::TensorIteratorBase &, c10::ArrayRef<long>, c10::ArrayRef<long>)::[lambda(char *, const char *, long) (instance 1)]>(at::TensorIteratorBase &, c10::ArrayRef<long>, c10::ArrayRef<long>, const T1 &)::[lambda(int) (instance 1)]>(long, T3)	220,1,1	128,1,1	2	7072	4.573139434031963e-05
OLMOE_1B7B_B1_T256_D8	PREFILL	OTHER	void at::native::vectorized_elementwise_kernel<(int)4, at::native::BinaryFunctor<c10::BFloat16, c10::BFloat16, c10::BFloat16, at::native::binary_internal::MulFunctor<float>>, at::detail::Array<char *, (int)3>>(int, T2, T3)	90,1,1	128,1,1	7	7040	4.5524464954164335e-05
OLMOE_1B7B_B1_T256_D8	PREFILL	OTHER	void at::native::index_elementwise_kernel<(int)128, (int)4, void at::native::gpu_index_kernel<void at::native::index_kernel_impl<at::native::OpaqueType<(int)2>>(at::TensorIteratorBase &, c10::ArrayRef<long>, c10::ArrayRef<long>)::[lambda(char *, const char *, long) (instance 1)]>(at::TensorIteratorBase &, c10::ArrayRef<long>, c10::ArrayRef<long>, const T1 &)::[lambda(int) (instance 1)]>(long, T3)	228,1,1	128,1,1	2	6976	4.511060618185375e-05
OLMOE_1B7B_B1_T256_D8	PREFILL	OTHER	void at::native::index_elementwise_kernel<(int)128, (int)4, void at::native::gpu_index_kernel<void at::native::index_kernel_impl<at::native::OpaqueType<(int)2>>(at::TensorIteratorBase &, c10::ArrayRef<long>, c10::ArrayRef<long>)::[lambda(char *, const char *, long) (instance 1)]>(at::TensorIteratorBase &, c10::ArrayRef<long>, c10::ArrayRef<long>, const T1 &)::[lambda(int) (instance 1)]>(long, T3)	240,1,1	128,1,1	2	6912	4.4696747409543165e-05
OLMOE_1B7B_B1_T256_D8	PREFILL	OTHER	void at::native::elementwise_kernel<(int)128, (int)4, void at::native::gpu_kernel_impl_nocast<at::native::BinaryFunctor<c10::BFloat16, c10::BFloat16, c10::BFloat16, at::native::binary_internal::MulFunctor<float>>>(at::TensorIteratorBase &, const T1 &)::[lambda(int) (instance 1)]>(int, T3)	736,1,1	128,1,1	3	6880	4.448981802338787e-05
OLMOE_1B7B_B1_T256_D8	PREFILL	OTHER	void at::native::vectorized_elementwise_kernel<(int)4, at::native::<unnamed>::silu_kernel(at::TensorIteratorBase &)::[lambda() (instance 1)]::operator ()() const::[lambda() (instance 6)]::operator ()() const::[lambda(c10::BFloat16) (instance 1)], at::detail::Array<char *, (int)2>>(int, T2, T3)	100,1,1	128,1,1	6	6848	4.428288863723258e-05
OLMOE_1B7B_B1_T256_D8	PREFILL	OTHER	void at::native::vectorized_elementwise_kernel<(int)4, at::native::BinaryFunctor<c10::BFloat16, c10::BFloat16, c10::BFloat16, at::native::binary_internal::MulFunctor<float>>, at::detail::Array<char *, (int)3>>(int, T2, T3)	72,1,1	128,1,1	7	6816	4.407595925107729e-05
OLMOE_1B7B_B1_T256_D8	PREFILL	OTHER	void at::native::vectorized_elementwise_kernel<(int)4, at::native::<unnamed>::silu_kernel(at::TensorIteratorBase &)::[lambda() (instance 1)]::operator ()() const::[lambda() (instance 6)]::operator ()() const::[lambda(c10::BFloat16) (instance 1)], at::detail::Array<char *, (int)2>>(int, T2, T3)	92,1,1	128,1,1	6	6784	4.3869029864921994e-05
OLMOE_1B7B_B1_T256_D8	PREFILL	OTHER	void at::native::index_elementwise_kernel<(int)128, (int)4, void at::native::gpu_index_kernel<void at::native::index_kernel_impl<at::native::OpaqueType<(int)2>>(at::TensorIteratorBase &, c10::ArrayRef<long>, c10::ArrayRef<long>)::[lambda(char *, const char *, long) (instance 1)]>(at::TensorIteratorBase &, c10::ArrayRef<long>, c10::ArrayRef<long>, const T1 &)::[lambda(int) (instance 1)]>(long, T3)	452,1,1	128,1,1	2	6784	4.3869029864921994e-05
OLMOE_1B7B_B1_T256_D8	PREFILL	OTHER	void at::native::index_elementwise_kernel<(int)128, (int)4, void at::native::gpu_index_kernel<void at::native::index_kernel_impl<at::native::OpaqueType<(int)2>>(at::TensorIteratorBase &, c10::ArrayRef<long>, c10::ArrayRef<long>)::[lambda(char *, const char *, long) (instance 1)]>(at::TensorIteratorBase &, c10::ArrayRef<long>, c10::ArrayRef<long>, const T1 &)::[lambda(int) (instance 1)]>(long, T3)	360,1,1	128,1,1	2	6784	4.3869029864921994e-05
OLMOE_1B7B_B1_T256_D8	PREFILL	OTHER	void at::native::vectorized_elementwise_kernel<(int)4, at::native::<unnamed>::silu_kernel(at::TensorIteratorBase &)::[lambda() (instance 1)]::operator ()() const::[lambda() (instance 6)]::operator ()() const::[lambda(c10::BFloat16) (instance 1)], at::detail::Array<char *, (int)2>>(int, T2, T3)	68,1,1	128,1,1	6	6720	4.345517109261141e-05
OLMOE_1B7B_B1_T256_D8	PREFILL	OTHER	void at::native::index_elementwise_kernel<(int)128, (int)4, void at::native::gpu_index_kernel<void at::native::index_kernel_impl<at::native::OpaqueType<(int)2>>(at::TensorIteratorBase &, c10::ArrayRef<long>, c10::ArrayRef<long>)::[lambda(char *, const char *, long) (instance 1)]>(at::TensorIteratorBase &, c10::ArrayRef<long>, c10::ArrayRef<long>, const T1 &)::[lambda(int) (instance 1)]>(long, T3)	364,1,1	128,1,1	2	6624	4.283438293414553e-05
OLMOE_1B7B_B1_T256_D8	PREFILL	OTHER	void at::native::vectorized_elementwise_kernel<(int)4, at::native::BinaryFunctor<c10::BFloat16, c10::BFloat16, c10::BFloat16, at::native::binary_internal::MulFunctor<float>>, at::detail::Array<char *, (int)3>>(int, T2, T3)	28,1,1	128,1,1	7	6496	4.200666538952436e-05
OLMOE_1B7B_B1_T256_D8	PREFILL	OTHER	void at::native::index_elementwise_kernel<(int)128, (int)4, void at::native::gpu_index_kernel<void at::native::index_kernel_impl<at::native::OpaqueType<(int)2>>(at::TensorIteratorBase &, c10::ArrayRef<long>, c10::ArrayRef<long>)::[lambda(char *, const char *, long) (instance 1)]>(at::TensorIteratorBase &, c10::ArrayRef<long>, c10::ArrayRef<long>, const T1 &)::[lambda(int) (instance 1)]>(long, T3)	312,1,1	128,1,1	2	6432	4.1592806617213775e-05
OLMOE_1B7B_B1_T256_D8	DECODE	OTHER	void <unnamed>::elementwise_kernel_with_index<int, at::native::arange_cuda_out(const c10::Scalar &, const c10::Scalar &, const c10::Scalar &, at::Tensor &)::[lambda() (instance 1)]::operator ()() const::[lambda() (instance 4)]::operator ()() const::[lambda(long) (instance 1)]>(T1, T2, function_traits<T2>::result_type *)	1,1,1	64,1,1	8	6368	4.117894784490319e-05
OLMOE_1B7B_B1_T256_D8	PREFILL	OTHER	void at::native::elementwise_kernel<(int)128, (int)4, void at::native::gpu_kernel_impl_nocast<at::native::BinaryFunctor<c10::BFloat16, c10::BFloat16, c10::BFloat16, at::native::binary_internal::MulFunctor<float>>>(at::TensorIteratorBase &, const T1 &)::[lambda(int) (instance 1)]>(int, T3)	544,1,1	128,1,1	3	6241	4.035769684359938e-05
OLMOE_1B7B_B1_T256_D8	PREFILL	OTHER	void at::native::elementwise_kernel<(int)128, (int)4, void at::native::gpu_kernel_impl_nocast<at::native::BinaryFunctor<c10::BFloat16, c10::BFloat16, c10::BFloat16, at::native::binary_internal::MulFunctor<float>>>(at::TensorIteratorBase &, const T1 &)::[lambda(int) (instance 1)]>(int, T3)	540,1,1	128,1,1	3	6240	4.035123030028202e-05
OLMOE_1B7B_B1_T256_D8	PREFILL	OTHER	void at::native::index_elementwise_kernel<(int)128, (int)4, void at::native::gpu_index_kernel<void at::native::index_kernel_impl<at::native::OpaqueType<(int)2>>(at::TensorIteratorBase &, c10::ArrayRef<long>, c10::ArrayRef<long>)::[lambda(char *, const char *, long) (instance 1)]>(at::TensorIteratorBase &, c10::ArrayRef<long>, c10::ArrayRef<long>, const T1 &)::[lambda(int) (instance 1)]>(long, T3)	204,1,1	128,1,1	2	6144	3.973044214181615e-05
OLMOE_1B7B_B1_T256_D8	PREFILL	OTHER	void at::native::vectorized_elementwise_kernel<(int)4, at::native::BinaryFunctor<c10::BFloat16, c10::BFloat16, c10::BFloat16, at::native::binary_internal::MulFunctor<float>>, at::detail::Array<char *, (int)3>>(int, T2, T3)	100,1,1	128,1,1	6	6080	3.931658336950556e-05
OLMOE_1B7B_B1_T256_D8	PREFILL	OTHER	void at::native::vectorized_elementwise_kernel<(int)4, at::native::<unnamed>::silu_kernel(at::TensorIteratorBase &)::[lambda() (instance 1)]::operator ()() const::[lambda() (instance 6)]::operator ()() const::[lambda(c10::BFloat16) (instance 1)], at::detail::Array<char *, (int)2>>(int, T2, T3)	188,1,1	128,1,1	5	6080	3.931658336950556e-05
OLMOE_1B7B_B1_T256_D8	PREFILL	OTHER	void at::native::vectorized_elementwise_kernel<(int)4, at::native::BinaryFunctor<c10::BFloat16, c10::BFloat16, c10::BFloat16, at::native::binary_internal::MulFunctor<float>>, at::detail::Array<char *, (int)3>>(int, T2, T3)	92,1,1	128,1,1	6	5984	3.8695795211039685e-05
OLMOE_1B7B_B1_T256_D8	PREFILL	OTHER	void at::native::elementwise_kernel<(int)128, (int)4, void at::native::gpu_kernel_impl_nocast<at::native::BinaryFunctor<c10::BFloat16, c10::BFloat16, c10::BFloat16, at::native::binary_internal::MulFunctor<float>>>(at::TensorIteratorBase &, const T1 &)::[lambda(int) (instance 1)]>(int, T3)	380,1,1	128,1,1	3	5888	3.807500705257381e-05
OLMOE_1B7B_B1_T256_D8	PREFILL	OTHER	void at::native::elementwise_kernel<(int)128, (int)4, void at::native::gpu_kernel_impl_nocast<at::native::BinaryFunctor<c10::BFloat16, c10::BFloat16, c10::BFloat16, at::native::binary_internal::MulFunctor<float>>>(at::TensorIteratorBase &, const T1 &)::[lambda(int) (instance 1)]>(int, T3)	372,1,1	128,1,1	3	5856	3.7868077666418514e-05
OLMOE_1B7B_B1_T256_D8	PREFILL	OTHER	void at::native::elementwise_kernel<(int)128, (int)4, void at::native::gpu_kernel_impl_nocast<at::native::BinaryFunctor<c10::BFloat16, c10::BFloat16, c10::BFloat16, at::native::binary_internal::MulFunctor<float>>>(at::TensorIteratorBase &, const T1 &)::[lambda(int) (instance 1)]>(int, T3)	356,1,1	128,1,1	3	5856	3.7868077666418514e-05
OLMOE_1B7B_B1_T256_D8	PREFILL	OTHER	void at::native::elementwise_kernel<(int)128, (int)4, void at::native::gpu_kernel_impl_nocast<at::native::BinaryFunctor<c10::BFloat16, c10::BFloat16, c10::BFloat16, at::native::binary_internal::MulFunctor<float>>>(at::TensorIteratorBase &, const T1 &)::[lambda(int) (instance 1)]>(int, T3)	368,1,1	128,1,1	3	5856	3.7868077666418514e-05
OLMOE_1B7B_B1_T256_D8	PREFILL	OTHER	void at::native::vectorized_elementwise_kernel<(int)4, at::native::<unnamed>::silu_kernel(at::TensorIteratorBase &)::[lambda() (instance 1)]::operator ()() const::[lambda() (instance 6)]::operator ()() const::[lambda(c10::BFloat16) (instance 1)], at::detail::Array<char *, (int)2>>(int, T2, T3)	126,1,1	128,1,1	5	5824	3.766114828026322e-05
OLMOE_1B7B_B1_T256_D8	PREFILL	OTHER	void at::native::vectorized_elementwise_kernel<(int)4, at::native::<unnamed>::silu_kernel(at::TensorIteratorBase &)::[lambda() (instance 1)]::operator ()() const::[lambda() (instance 6)]::operator ()() const::[lambda(c10::BFloat16) (instance 1)], at::detail::Array<char *, (int)2>>(int, T2, T3)	138,1,1	128,1,1	5	5824	3.766114828026322e-05
OLMOE_1B7B_B1_T256_D8	PREFILL	OTHER	void at::native::vectorized_elementwise_kernel<(int)4, at::native::BinaryFunctor<c10::BFloat16, c10::BFloat16, c10::BFloat16, at::native::binary_internal::MulFunctor<float>>, at::detail::Array<char *, (int)3>>(int, T2, T3)	68,1,1	128,1,1	6	5792	3.745421889410793e-05
OLMOE_1B7B_B1_T256_D8	PREFILL	OTHER	void at::native::vectorized_elementwise_kernel<(int)4, at::native::<unnamed>::silu_kernel(at::TensorIteratorBase &)::[lambda() (instance 1)]::operator ()() const::[lambda() (instance 6)]::operator ()() const::[lambda(c10::BFloat16) (instance 1)], at::detail::Array<char *, (int)2>>(int, T2, T3)	108,1,1	128,1,1	5	5760	3.7247289507952636e-05
OLMOE_1B7B_B1_T256_D8	PREFILL	OTHER	void at::native::vectorized_elementwise_kernel<(int)4, at::native::<unnamed>::silu_kernel(at::TensorIteratorBase &)::[lambda() (instance 1)]::operator ()() const::[lambda() (instance 6)]::operator ()() const::[lambda(c10::BFloat16) (instance 1)], at::detail::Array<char *, (int)2>>(int, T2, T3)	118,1,1	128,1,1	5	5760	3.7247289507952636e-05
OLMOE_1B7B_B1_T256_D8	PREFILL	OTHER	void at::native::elementwise_kernel<(int)128, (int)4, void at::native::gpu_kernel_impl_nocast<at::native::BinaryFunctor<c10::BFloat16, c10::BFloat16, c10::BFloat16, at::native::binary_internal::MulFunctor<float>>>(at::TensorIteratorBase &, const T1 &)::[lambda(int) (instance 1)]>(int, T3)	336,1,1	128,1,1	3	5760	3.7247289507952636e-05
OLMOE_1B7B_B1_T256_D8	PREFILL	OTHER	void at::native::elementwise_kernel<(int)128, (int)4, void at::native::gpu_kernel_impl_nocast<at::native::BinaryFunctor<c10::BFloat16, c10::BFloat16, c10::BFloat16, at::native::binary_internal::MulFunctor<float>>>(at::TensorIteratorBase &, const T1 &)::[lambda(int) (instance 1)]>(int, T3)	296,1,1	128,1,1	3	5696	3.683343073564205e-05
OLMOE_1B7B_B1_T256_D8	PREFILL	OTHER	void at::native::vectorized_elementwise_kernel<(int)4, at::native::<unnamed>::silu_kernel(at::TensorIteratorBase &)::[lambda() (instance 1)]::operator ()() const::[lambda() (instance 6)]::operator ()() const::[lambda(c10::BFloat16) (instance 1)], at::detail::Array<char *, (int)2>>(int, T2, T3)	106,1,1	128,1,1	5	5696	3.683343073564205e-05
OLMOE_1B7B_B1_T256_D8	PREFILL	OTHER	void at::native::<unnamed>::indexSelectLargeIndex<c10::BFloat16, long, unsigned int, (int)2, (int)2, (int)-2, (bool)1>(at::cuda::detail::TensorInfo<T1, T3>, at::cuda::detail::TensorInfo<const T1, T3>, at::cuda::detail::TensorInfo<const T2, T3>, int, int, T3, T3, long)	608,1,1	128,1,1	1	5664	3.662650134948676e-05
OLMOE_1B7B_B1_T256_D8	PREFILL	OTHER	void at::native::vectorized_elementwise_kernel<(int)4, at::native::<unnamed>::silu_kernel(at::TensorIteratorBase &)::[lambda() (instance 1)]::operator ()() const::[lambda() (instance 6)]::operator ()() const::[lambda(c10::BFloat16) (instance 1)], at::detail::Array<char *, (int)2>>(int, T2, T3)	86,1,1	128,1,1	5	5664	3.662650134948676e-05
OLMOE_1B7B_B1_T256_D8	PREFILL	OTHER	void at::native::elementwise_kernel<(int)128, (int)4, void at::native::gpu_kernel_impl_nocast<at::native::BinaryFunctor<c10::BFloat16, c10::BFloat16, c10::BFloat16, at::native::binary_internal::MulFunctor<float>>>(at::TensorIteratorBase &, const T1 &)::[lambda(int) (instance 1)]>(int, T3)	288,1,1	128,1,1	3	5664	3.662650134948676e-05
OLMOE_1B7B_B1_T256_D8	PREFILL	OTHER	void at::native::elementwise_kernel<(int)128, (int)4, void at::native::gpu_kernel_impl_nocast<at::native::BinaryFunctor<c10::BFloat16, c10::BFloat16, c10::BFloat16, at::native::binary_internal::MulFunctor<float>>>(at::TensorIteratorBase &, const T1 &)::[lambda(int) (instance 1)]>(int, T3)	300,1,1	128,1,1	3	5664	3.662650134948676e-05
OLMOE_1B7B_B1_T256_D8	PREFILL	OTHER	void at::native::elementwise_kernel<(int)128, (int)4, void at::native::gpu_kernel_impl_nocast<at::native::BinaryFunctor<c10::BFloat16, c10::BFloat16, c10::BFloat16, at::native::binary_internal::MulFunctor<float>>>(at::TensorIteratorBase &, const T1 &)::[lambda(int) (instance 1)]>(int, T3)	272,1,1	128,1,1	3	5664	3.662650134948676e-05
OLMOE_1B7B_B1_T256_D8	PREFILL	OTHER	void at::native::elementwise_kernel<(int)128, (int)4, void at::native::gpu_kernel_impl_nocast<at::native::BinaryFunctor<c10::BFloat16, c10::BFloat16, c10::BFloat16, at::native::binary_internal::MulFunctor<float>>>(at::TensorIteratorBase &, const T1 &)::[lambda(int) (instance 1)]>(int, T3)	268,1,1	128,1,1	3	5632	3.6419571963331465e-05
OLMOE_1B7B_B1_T256_D8	PREFILL	OTHER	void at::native::elementwise_kernel<(int)128, (int)4, void at::native::gpu_kernel_impl_nocast<at::native::BinaryFunctor<c10::BFloat16, c10::BFloat16, c10::BFloat16, at::native::binary_internal::MulFunctor<float>>>(at::TensorIteratorBase &, const T1 &)::[lambda(int) (instance 1)]>(int, T3)	232,1,1	128,1,1	3	5536	3.579878380486559e-05
OLMOE_1B7B_B1_T256_D8	PREFILL	OTHER	void at::native::index_elementwise_kernel<(int)128, (int)4, void at::native::gpu_index_kernel<void at::native::index_kernel_impl<at::native::OpaqueType<(int)2>>(at::TensorIteratorBase &, c10::ArrayRef<long>, c10::ArrayRef<long>)::[lambda(char *, const char *, long) (instance 1)]>(at::TensorIteratorBase &, c10::ArrayRef<long>, c10::ArrayRef<long>, const T1 &)::[lambda(int) (instance 1)]>(long, T3)	920,1,1	128,1,1	1	5504	3.5591854418710295e-05
OLMOE_1B7B_B1_T256_D8	PREFILL	OTHER	void at::native::elementwise_kernel<(int)128, (int)4, void at::native::gpu_kernel_impl_nocast<at::native::BinaryFunctor<c10::BFloat16, c10::BFloat16, c10::BFloat16, at::native::binary_internal::MulFunctor<float>>>(at::TensorIteratorBase &, const T1 &)::[lambda(int) (instance 1)]>(int, T3)	192,1,1	128,1,1	3	5408	3.497106626024442e-05
OLMOE_1B7B_B1_T256_D8	PREFILL	OTHER	void at::native::vectorized_elementwise_kernel<(int)4, at::native::BinaryFunctor<c10::BFloat16, c10::BFloat16, c10::BFloat16, at::native::binary_internal::MulFunctor<float>>, at::detail::Array<char *, (int)3>>(int, T2, T3)	188,1,1	128,1,1	5	5408	3.497106626024442e-05
OLMOE_1B7B_B1_T256_D8	PREFILL	OTHER	void at::native::vectorized_elementwise_kernel<(int)4, at::native::BinaryFunctor<c10::BFloat16, c10::BFloat16, c10::BFloat16, at::native::binary_internal::MulFunctor<float>>, at::detail::Array<char *, (int)3>>(int, T2, T3)	138,1,1	128,1,1	5	5248	3.3936419329467954e-05
OLMOE_1B7B_B1_T256_D8	PREFILL	OTHER	void at::native::vectorized_elementwise_kernel<(int)4, at::native::BinaryFunctor<c10::BFloat16, c10::BFloat16, c10::BFloat16, at::native::binary_internal::MulFunctor<float>>, at::detail::Array<char *, (int)3>>(int, T2, T3)	126,1,1	128,1,1	5	5120	3.310870178484679e-05
OLMOE_1B7B_B1_T256_D8	PREFILL	OTHER	void at::native::vectorized_elementwise_kernel<(int)4, at::native::BinaryFunctor<c10::BFloat16, c10::BFloat16, c10::BFloat16, at::native::binary_internal::MulFunctor<float>>, at::detail::Array<char *, (int)3>>(int, T2, T3)	118,1,1	128,1,1	5	5088	3.29017723986915e-05
OLMOE_1B7B_B1_T256_D8	PREFILL	OTHER	void at::native::vectorized_elementwise_kernel<(int)4, at::native::BinaryFunctor<c10::BFloat16, c10::BFloat16, c10::BFloat16, at::native::binary_internal::MulFunctor<float>>, at::detail::Array<char *, (int)3>>(int, T2, T3)	106,1,1	128,1,1	5	5088	3.29017723986915e-05
OLMOE_1B7B_B1_T256_D8	PREFILL	OTHER	void at::native::vectorized_elementwise_kernel<(int)4, at::native::BinaryFunctor<c10::BFloat16, c10::BFloat16, c10::BFloat16, at::native::binary_internal::MulFunctor<float>>, at::detail::Array<char *, (int)3>>(int, T2, T3)	108,1,1	128,1,1	5	5024	3.248791362638091e-05
OLMOE_1B7B_B1_T256_D8	PREFILL	OTHER	void at::native::vectorized_elementwise_kernel<(int)4, at::native::BinaryFunctor<c10::BFloat16, c10::BFloat16, c10::BFloat16, at::native::binary_internal::MulFunctor<float>>, at::detail::Array<char *, (int)3>>(int, T2, T3)	86,1,1	128,1,1	5	4928	3.1867125467915034e-05
OLMOE_1B7B_B1_T256_D8	PREFILL	OTHER	void at::native::elementwise_kernel<(int)128, (int)4, void at::native::gpu_kernel_impl_nocast<at::native::BinaryFunctor<c10::BFloat16, c10::BFloat16, c10::BFloat16, at::native::binary_internal::MulFunctor<float>>>(at::TensorIteratorBase &, const T1 &)::[lambda(int) (instance 1)]>(int, T3)	796,1,1	128,1,1	2	4800	3.103940792329386e-05
OLMOE_1B7B_B1_T256_D8	PREFILL	OTHER	void at::native::elementwise_kernel<(int)128, (int)4, void at::native::gpu_kernel_impl_nocast<at::native::BinaryFunctor<c10::BFloat16, c10::BFloat16, c10::BFloat16, at::native::binary_internal::MulFunctor<float>>>(at::TensorIteratorBase &, const T1 &)::[lambda(int) (instance 1)]>(int, T3)	808,1,1	128,1,1	2	4768	3.083247853713857e-05
OLMOE_1B7B_B1_T256_D8	PREFILL	OTHER	void at::native::elementwise_kernel<(int)128, (int)4, void at::native::gpu_kernel_impl_nocast<at::native::BinaryFunctor<c10::BFloat16, c10::BFloat16, c10::BFloat16, at::native::binary_internal::MulFunctor<float>>>(at::TensorIteratorBase &, const T1 &)::[lambda(int) (instance 1)]>(int, T3)	764,1,1	128,1,1	2	4704	3.0418619764827985e-05
OLMOE_1B7B_B1_T256_D8	PREFILL	OTHER	void at::native::vectorized_elementwise_kernel<(int)4, at::native::<unnamed>::silu_kernel(at::TensorIteratorBase &)::[lambda() (instance 1)]::operator ()() const::[lambda() (instance 6)]::operator ()() const::[lambda(c10::BFloat16) (instance 1)], at::detail::Array<char *, (int)2>>(int, T2, T3)	122,1,1	128,1,1	4	4640	3.00047609925174e-05
OLMOE_1B7B_B1_T256_D8	PREFILL	OTHER	void at::native::vectorized_elementwise_kernel<(int)4, at::native::<unnamed>::silu_kernel(at::TensorIteratorBase &)::[lambda() (instance 1)]::operator ()() const::[lambda() (instance 6)]::operator ()() const::[lambda(c10::BFloat16) (instance 1)], at::detail::Array<char *, (int)2>>(int, T2, T3)	132,1,1	128,1,1	4	4640	3.00047609925174e-05
OLMOE_1B7B_B1_T256_D8	PREFILL	OTHER	void at::native::vectorized_elementwise_kernel<(int)4, at::native::<unnamed>::silu_kernel(at::TensorIteratorBase &)::[lambda() (instance 1)]::operator ()() const::[lambda() (instance 6)]::operator ()() const::[lambda(c10::BFloat16) (instance 1)], at::detail::Array<char *, (int)2>>(int, T2, T3)	128,1,1	128,1,1	4	4609	2.9804298149679463e-05
OLMOE_1B7B_B1_T256_D8	PREFILL	OTHER	void at::native::vectorized_elementwise_kernel<(int)4, at::native::<unnamed>::silu_kernel(at::TensorIteratorBase &)::[lambda() (instance 1)]::operator ()() const::[lambda() (instance 6)]::operator ()() const::[lambda(c10::BFloat16) (instance 1)], at::detail::Array<char *, (int)2>>(int, T2, T3)	112,1,1	128,1,1	4	4576	2.9590902220206815e-05
OLMOE_1B7B_B1_T256_D8	PREFILL	OTHER	void at::native::index_elementwise_kernel<(int)128, (int)4, void at::native::gpu_index_kernel<void at::native::index_kernel_impl<at::native::OpaqueType<(int)2>>(at::TensorIteratorBase &, c10::ArrayRef<long>, c10::ArrayRef<long>)::[lambda(char *, const char *, long) (instance 1)]>(at::TensorIteratorBase &, c10::ArrayRef<long>, c10::ArrayRef<long>, const T1 &)::[lambda(int) (instance 1)]>(long, T3)	908,1,1	128,1,1	1	4576	2.9590902220206815e-05
OLMOE_1B7B_B1_T256_D8	PREFILL	OTHER	void at::native::vectorized_elementwise_kernel<(int)4, at::native::<unnamed>::silu_kernel(at::TensorIteratorBase &)::[lambda() (instance 1)]::operator ()() const::[lambda() (instance 6)]::operator ()() const::[lambda(c10::BFloat16) (instance 1)], at::detail::Array<char *, (int)2>>(int, T2, T3)	84,1,1	128,1,1	4	4544	2.9383972834051522e-05
OLMOE_1B7B_B1_T256_D8	PREFILL	OTHER	void at::native::vectorized_elementwise_kernel<(int)4, at::native::<unnamed>::silu_kernel(at::TensorIteratorBase &)::[lambda() (instance 1)]::operator ()() const::[lambda() (instance 6)]::operator ()() const::[lambda(c10::BFloat16) (instance 1)], at::detail::Array<char *, (int)2>>(int, T2, T3)	98,1,1	128,1,1	4	4544	2.9383972834051522e-05
OLMOE_1B7B_B1_T256_D8	PREFILL	OTHER	void at::native::vectorized_elementwise_kernel<(int)4, at::native::<unnamed>::silu_kernel(at::TensorIteratorBase &)::[lambda() (instance 1)]::operator ()() const::[lambda() (instance 6)]::operator ()() const::[lambda(c10::BFloat16) (instance 1)], at::detail::Array<char *, (int)2>>(int, T2, T3)	88,1,1	128,1,1	4	4544	2.9383972834051522e-05
OLMOE_1B7B_B1_T256_D8	PREFILL	OTHER	void at::native::vectorized_elementwise_kernel<(int)4, at::native::<unnamed>::silu_kernel(at::TensorIteratorBase &)::[lambda() (instance 1)]::operator ()() const::[lambda() (instance 6)]::operator ()() const::[lambda(c10::BFloat16) (instance 1)], at::detail::Array<char *, (int)2>>(int, T2, T3)	74,1,1	128,1,1	4	4512	2.9177043447896233e-05
OLMOE_1B7B_B1_T256_D8	PREFILL	OTHER	void at::native::index_elementwise_kernel<(int)128, (int)4, void at::native::gpu_index_kernel<void at::native::index_kernel_impl<at::native::OpaqueType<(int)2>>(at::TensorIteratorBase &, c10::ArrayRef<long>, c10::ArrayRef<long>)::[lambda(char *, const char *, long) (instance 1)]>(at::TensorIteratorBase &, c10::ArrayRef<long>, c10::ArrayRef<long>, const T1 &)::[lambda(int) (instance 1)]>(long, T3)	744,1,1	128,1,1	1	4512	2.9177043447896233e-05
OLMOE_1B7B_B1_T256_D8	PREFILL	OTHER	void at::native::elementwise_kernel<(int)128, (int)4, void at::native::gpu_kernel_impl_nocast<at::native::BinaryFunctor<c10::BFloat16, c10::BFloat16, c10::BFloat16, at::native::binary_internal::MulFunctor<float>>>(at::TensorIteratorBase &, const T1 &)::[lambda(int) (instance 1)]>(int, T3)	636,1,1	128,1,1	2	4320	2.7935467130964477e-05
OLMOE_1B7B_B1_T256_D8	PREFILL	OTHER	void at::native::index_elementwise_kernel<(int)128, (int)4, void at::native::gpu_index_kernel<void at::native::index_kernel_impl<at::native::OpaqueType<(int)2>>(at::TensorIteratorBase &, c10::ArrayRef<long>, c10::ArrayRef<long>)::[lambda(char *, const char *, long) (instance 1)]>(at::TensorIteratorBase &, c10::ArrayRef<long>, c10::ArrayRef<long>, const T1 &)::[lambda(int) (instance 1)]>(long, T3)	832,1,1	128,1,1	1	4320	2.7935467130964477e-05
OLMOE_1B7B_B1_T256_D8	PREFILL	OTHER	void at::native::index_elementwise_kernel<(int)128, (int)4, void at::native::gpu_index_kernel<void at::native::index_kernel_impl<at::native::OpaqueType<(int)2>>(at::TensorIteratorBase &, c10::ArrayRef<long>, c10::ArrayRef<long>)::[lambda(char *, const char *, long) (instance 1)]>(at::TensorIteratorBase &, c10::ArrayRef<long>, c10::ArrayRef<long>, const T1 &)::[lambda(int) (instance 1)]>(long, T3)	772,1,1	128,1,1	1	4256	2.7521608358653892e-05
OLMOE_1B7B_B1_T256_D8	PREFILL	OTHER	void at::native::index_elementwise_kernel<(int)128, (int)4, void at::native::gpu_index_kernel<void at::native::index_kernel_impl<at::native::OpaqueType<(int)2>>(at::TensorIteratorBase &, c10::ArrayRef<long>, c10::ArrayRef<long>)::[lambda(char *, const char *, long) (instance 1)]>(at::TensorIteratorBase &, c10::ArrayRef<long>, c10::ArrayRef<long>, const T1 &)::[lambda(int) (instance 1)]>(long, T3)	828,1,1	128,1,1	1	4256	2.7521608358653892e-05
OLMOE_1B7B_B1_T256_D8	PREFILL	OTHER	void at::native::index_elementwise_kernel<(int)128, (int)4, void at::native::gpu_index_kernel<void at::native::index_kernel_impl<at::native::OpaqueType<(int)2>>(at::TensorIteratorBase &, c10::ArrayRef<long>, c10::ArrayRef<long>)::[lambda(char *, const char *, long) (instance 1)]>(at::TensorIteratorBase &, c10::ArrayRef<long>, c10::ArrayRef<long>, const T1 &)::[lambda(int) (instance 1)]>(long, T3)	720,1,1	128,1,1	1	4256	2.7521608358653892e-05
OLMOE_1B7B_B1_T256_D8	PREFILL	OTHER	void at::native::vectorized_elementwise_kernel<(int)4, at::native::BinaryFunctor<c10::BFloat16, c10::BFloat16, c10::BFloat16, at::native::binary_internal::MulFunctor<float>>, at::detail::Array<char *, (int)3>>(int, T2, T3)	132,1,1	128,1,1	4	4192	2.7107749586343306e-05
OLMOE_1B7B_B1_T256_D8	PREFILL	OTHER	void at::native::elementwise_kernel<(int)128, (int)4, void at::native::gpu_kernel_impl_nocast<at::native::BinaryFunctor<c10::BFloat16, c10::BFloat16, c10::BFloat16, at::native::binary_internal::MulFunctor<float>>>(at::TensorIteratorBase &, const T1 &)::[lambda(int) (instance 1)]>(int, T3)	576,1,1	128,1,1	2	4192	2.7107749586343306e-05
OLMOE_1B7B_B1_T256_D8	PREFILL	OTHER	void at::native::index_elementwise_kernel<(int)128, (int)4, void at::native::gpu_index_kernel<void at::native::index_kernel_impl<at::native::OpaqueType<(int)2>>(at::TensorIteratorBase &, c10::ArrayRef<long>, c10::ArrayRef<long>)::[lambda(char *, const char *, long) (instance 1)]>(at::TensorIteratorBase &, c10::ArrayRef<long>, c10::ArrayRef<long>, const T1 &)::[lambda(int) (instance 1)]>(long, T3)	704,1,1	128,1,1	1	4128	2.669389081403272e-05
OLMOE_1B7B_B1_T256_D8	PREFILL	OTHER	void at::native::elementwise_kernel<(int)128, (int)4, void at::native::gpu_kernel_impl_nocast<at::native::BinaryFunctor<c10::BFloat16, c10::BFloat16, c10::BFloat16, at::native::binary_internal::MulFunctor<float>>>(at::TensorIteratorBase &, const T1 &)::[lambda(int) (instance 1)]>(int, T3)	528,1,1	128,1,1	2	4128	2.669389081403272e-05
OLMOE_1B7B_B1_T256_D8	PREFILL	OTHER	void at::native::elementwise_kernel<(int)128, (int)4, void at::native::gpu_kernel_impl_nocast<at::native::BinaryFunctor<c10::BFloat16, c10::BFloat16, c10::BFloat16, at::native::binary_internal::MulFunctor<float>>>(at::TensorIteratorBase &, const T1 &)::[lambda(int) (instance 1)]>(int, T3)	520,1,1	128,1,1	2	4128	2.669389081403272e-05
OLMOE_1B7B_B1_T256_D8	PREFILL	COPY	void at::native::unrolled_elementwise_kernel<at::native::direct_copy_kernel_cuda(at::TensorIteratorBase &)::[lambda() (instance 3)]::operator ()() const::[lambda() (instance 12)]::operator ()() const::[lambda(c10::BFloat16) (instance 1)], at::detail::Array<char *, (int)2>, TrivialOffsetCalculator<(int)1, unsigned int>, TrivialOffsetCalculator<(int)1, unsigned int>, at::native::memory::LoadWithCast<(int)1>, at::native::memory::StoreWithCast<(int)1>>(int, T1, T2, T3, T4, T5, T6)	64,1,1	128,1,1	2	4096	2.648696142787743e-05
OLMOE_1B7B_B1_T256_D8	PREFILL	OTHER	void at::native::vectorized_elementwise_kernel<(int)4, at::native::BinaryFunctor<c10::BFloat16, c10::BFloat16, c10::BFloat16, at::native::binary_internal::MulFunctor<float>>, at::detail::Array<char *, (int)3>>(int, T2, T3)	112,1,1	128,1,1	4	4096	2.648696142787743e-05
OLMOE_1B7B_B1_T256_D8	PREFILL	OTHER	void at::native::vectorized_elementwise_kernel<(int)4, at::native::BinaryFunctor<c10::BFloat16, c10::BFloat16, c10::BFloat16, at::native::binary_internal::MulFunctor<float>>, at::detail::Array<char *, (int)3>>(int, T2, T3)	128,1,1	128,1,1	4	4096	2.648696142787743e-05
OLMOE_1B7B_B1_T256_D8	PREFILL	OTHER	void at::native::index_elementwise_kernel<(int)128, (int)4, void at::native::gpu_index_kernel<void at::native::index_kernel_impl<at::native::OpaqueType<(int)2>>(at::TensorIteratorBase &, c10::ArrayRef<long>, c10::ArrayRef<long>)::[lambda(char *, const char *, long) (instance 1)]>(at::TensorIteratorBase &, c10::ArrayRef<long>, c10::ArrayRef<long>, const T1 &)::[lambda(int) (instance 1)]>(long, T3)	708,1,1	128,1,1	1	4096	2.648696142787743e-05
OLMOE_1B7B_B1_T256_D8	PREFILL	OTHER	void at::native::vectorized_elementwise_kernel<(int)4, at::native::BinaryFunctor<c10::BFloat16, c10::BFloat16, c10::BFloat16, at::native::binary_internal::MulFunctor<float>>, at::detail::Array<char *, (int)3>>(int, T2, T3)	122,1,1	128,1,1	4	4064	2.6280032041722136e-05
OLMOE_1B7B_B1_T256_D8	PREFILL	OTHER	void at::native::vectorized_elementwise_kernel<(int)4, at::native::BinaryFunctor<c10::BFloat16, c10::BFloat16, c10::BFloat16, at::native::binary_internal::MulFunctor<float>>, at::detail::Array<char *, (int)3>>(int, T2, T3)	84,1,1	128,1,1	4	4032	2.6073102655566847e-05
OLMOE_1B7B_B1_T256_D8	PREFILL	OTHER	void at::native::elementwise_kernel<(int)128, (int)4, void at::native::gpu_kernel_impl_nocast<at::native::BinaryFunctor<c10::BFloat16, c10::BFloat16, c10::BFloat16, at::native::binary_internal::MulFunctor<float>>>(at::TensorIteratorBase &, const T1 &)::[lambda(int) (instance 1)]>(int, T3)	452,1,1	128,1,1	2	4032	2.6073102655566847e-05
OLMOE_1B7B_B1_T256_D8	PREFILL	OTHER	void at::native::index_elementwise_kernel<(int)128, (int)4, void at::native::gpu_index_kernel<void at::native::index_kernel_impl<at::native::OpaqueType<(int)2>>(at::TensorIteratorBase &, c10::ArrayRef<long>, c10::ArrayRef<long>)::[lambda(char *, const char *, long) (instance 1)]>(at::TensorIteratorBase &, c10::ArrayRef<long>, c10::ArrayRef<long>, const T1 &)::[lambda(int) (instance 1)]>(long, T3)	816,1,1	128,1,1	1	4032	2.6073102655566847e-05
OLMOE_1B7B_B1_T256_D8	PREFILL	OTHER	void at::native::elementwise_kernel<(int)128, (int)4, void at::native::gpu_kernel_impl_nocast<at::native::BinaryFunctor<c10::BFloat16, c10::BFloat16, c10::BFloat16, at::native::binary_internal::MulFunctor<float>>>(at::TensorIteratorBase &, const T1 &)::[lambda(int) (instance 1)]>(int, T3)	428,1,1	128,1,1	2	4032	2.6073102655566847e-05
OLMOE_1B7B_B1_T256_D8	PREFILL	OTHER	void at::native::vectorized_elementwise_kernel<(int)4, at::native::<unnamed>::silu_kernel(at::TensorIteratorBase &)::[lambda() (instance 1)]::operator ()() const::[lambda() (instance 6)]::operator ()() const::[lambda(c10::BFloat16) (instance 1)], at::detail::Array<char *, (int)2>>(int, T2, T3)	368,1,1	128,1,1	3	4032	2.6073102655566847e-05
OLMOE_1B7B_B1_T256_D8	PREFILL	OTHER	void at::native::elementwise_kernel<(int)128, (int)4, void at::native::gpu_kernel_impl_nocast<at::native::BinaryFunctor<c10::BFloat16, c10::BFloat16, c10::BFloat16, at::native::binary_internal::MulFunctor<float>>>(at::TensorIteratorBase &, const T1 &)::[lambda(int) (instance 1)]>(int, T3)	464,1,1	128,1,1	2	4032	2.6073102655566847e-05
OLMOE_1B7B_B1_T256_D8	PREFILL	OTHER	void at::native::vectorized_elementwise_kernel<(int)4, at::native::BinaryFunctor<c10::BFloat16, c10::BFloat16, c10::BFloat16, at::native::binary_internal::MulFunctor<float>>, at::detail::Array<char *, (int)3>>(int, T2, T3)	98,1,1	128,1,1	4	4000	2.5866173269411554e-05
OLMOE_1B7B_B1_T256_D8	PREFILL	OTHER	void at::native::index_elementwise_kernel<(int)128, (int)4, void at::native::gpu_index_kernel<void at::native::index_kernel_impl<at::native::OpaqueType<(int)2>>(at::TensorIteratorBase &, c10::ArrayRef<long>, c10::ArrayRef<long>)::[lambda(char *, const char *, long) (instance 1)]>(at::TensorIteratorBase &, c10::ArrayRef<long>, c10::ArrayRef<long>, const T1 &)::[lambda(int) (instance 1)]>(long, T3)	580,1,1	128,1,1	1	4000	2.5866173269411554e-05
OLMOE_1B7B_B1_T256_D8	PREFILL	OTHER	void at::native::index_elementwise_kernel<(int)128, (int)4, void at::native::gpu_index_kernel<void at::native::index_kernel_impl<at::native::OpaqueType<(int)2>>(at::TensorIteratorBase &, c10::ArrayRef<long>, c10::ArrayRef<long>)::[lambda(char *, const char *, long) (instance 1)]>(at::TensorIteratorBase &, c10::ArrayRef<long>, c10::ArrayRef<long>, const T1 &)::[lambda(int) (instance 1)]>(long, T3)	752,1,1	128,1,1	1	4000	2.5866173269411554e-05
OLMOE_1B7B_B1_T256_D8	PREFILL	OTHER	void at::native::elementwise_kernel<(int)128, (int)4, void at::native::gpu_kernel_impl_nocast<at::native::BinaryFunctor<c10::BFloat16, c10::BFloat16, c10::BFloat16, at::native::binary_internal::MulFunctor<float>>>(at::TensorIteratorBase &, const T1 &)::[lambda(int) (instance 1)]>(int, T3)	420,1,1	128,1,1	2	3968	2.565924388325626e-05
OLMOE_1B7B_B1_T256_D8	PREFILL	OTHER	void at::native::elementwise_kernel<(int)128, (int)4, void at::native::gpu_kernel_impl_nocast<at::native::BinaryFunctor<c10::BFloat16, c10::BFloat16, c10::BFloat16, at::native::binary_internal::MulFunctor<float>>>(at::TensorIteratorBase &, const T1 &)::[lambda(int) (instance 1)]>(int, T3)	400,1,1	128,1,1	2	3968	2.565924388325626e-05
OLMOE_1B7B_B1_T256_D8	PREFILL	OTHER	void at::native::vectorized_elementwise_kernel<(int)4, at::native::BinaryFunctor<c10::BFloat16, c10::BFloat16, c10::BFloat16, at::native::binary_internal::MulFunctor<float>>, at::detail::Array<char *, (int)3>>(int, T2, T3)	88,1,1	128,1,1	4	3968	2.565924388325626e-05
OLMOE_1B7B_B1_T256_D8	PREFILL	OTHER	void at::native::elementwise_kernel<(int)128, (int)4, void at::native::gpu_kernel_impl_nocast<at::native::BinaryFunctor<c10::BFloat16, c10::BFloat16, c10::BFloat16, at::native::binary_internal::MulFunctor<float>>>(at::TensorIteratorBase &, const T1 &)::[lambda(int) (instance 1)]>(int, T3)	408,1,1	128,1,1	2	3968	2.565924388325626e-05
OLMOE_1B7B_B1_T256_D8	PREFILL	OTHER	void at::native::elementwise_kernel<(int)128, (int)4, void at::native::gpu_kernel_impl_nocast<at::native::BinaryFunctor<c10::BFloat16, c10::BFloat16, c10::BFloat16, at::native::binary_internal::MulFunctor<float>>>(at::TensorIteratorBase &, const T1 &)::[lambda(int) (instance 1)]>(int, T3)	384,1,1	128,1,1	2	3936	2.545231449710097e-05
OLMOE_1B7B_B1_T256_D8	PREFILL	OTHER	void at::native::elementwise_kernel<(int)128, (int)4, void at::native::gpu_kernel_impl_nocast<at::native::BinaryFunctor<c10::BFloat16, c10::BFloat16, c10::BFloat16, at::native::binary_internal::MulFunctor<float>>>(at::TensorIteratorBase &, const T1 &)::[lambda(int) (instance 1)]>(int, T3)	364,1,1	128,1,1	2	3936	2.545231449710097e-05
OLMOE_1B7B_B1_T256_D8	PREFILL	OTHER	void at::native::index_elementwise_kernel<(int)128, (int)4, void at::native::gpu_index_kernel<void at::native::index_kernel_impl<at::native::OpaqueType<(int)2>>(at::TensorIteratorBase &, c10::ArrayRef<long>, c10::ArrayRef<long>)::[lambda(char *, const char *, long) (instance 1)]>(at::TensorIteratorBase &, c10::ArrayRef<long>, c10::ArrayRef<long>, const T1 &)::[lambda(int) (instance 1)]>(long, T3)	680,1,1	128,1,1	1	3936	2.545231449710097e-05
OLMOE_1B7B_B1_T256_D8	PREFILL	OTHER	void at::native::elementwise_kernel<(int)128, (int)4, void at::native::gpu_kernel_impl_nocast<at::native::BinaryFunctor<c10::BFloat16, c10::BFloat16, c10::BFloat16, at::native::binary_internal::MulFunctor<float>>>(at::TensorIteratorBase &, const T1 &)::[lambda(int) (instance 1)]>(int, T3)	360,1,1	128,1,1	2	3904	2.5245385110945676e-05
OLMOE_1B7B_B1_T256_D8	PREFILL	OTHER	void at::native::vectorized_elementwise_kernel<(int)4, at::native::BinaryFunctor<c10::BFloat16, c10::BFloat16, c10::BFloat16, at::native::binary_internal::MulFunctor<float>>, at::detail::Array<char *, (int)3>>(int, T2, T3)	74,1,1	128,1,1	4	3904	2.5245385110945676e-05
OLMOE_1B7B_B1_T256_D8	PREFILL	OTHER	void at::native::index_elementwise_kernel<(int)128, (int)4, void at::native::gpu_index_kernel<void at::native::index_kernel_impl<at::native::OpaqueType<(int)2>>(at::TensorIteratorBase &, c10::ArrayRef<long>, c10::ArrayRef<long>)::[lambda(char *, const char *, long) (instance 1)]>(at::TensorIteratorBase &, c10::ArrayRef<long>, c10::ArrayRef<long>, const T1 &)::[lambda(int) (instance 1)]>(long, T3)	496,1,1	128,1,1	1	3904	2.5245385110945676e-05
OLMOE_1B7B_B1_T256_D8	PREFILL	OTHER	void at::native::elementwise_kernel<(int)128, (int)4, void at::native::gpu_kernel_impl_nocast<at::native::BinaryFunctor<c10::BFloat16, c10::BFloat16, c10::BFloat16, at::native::binary_internal::MulFunctor<float>>>(at::TensorIteratorBase &, const T1 &)::[lambda(int) (instance 1)]>(int, T3)	348,1,1	128,1,1	2	3904	2.5245385110945676e-05
OLMOE_1B7B_B1_T256_D8	PREFILL	OTHER	void at::native::elementwise_kernel<(int)128, (int)4, void at::native::gpu_kernel_impl_nocast<at::native::BinaryFunctor<c10::BFloat16, c10::BFloat16, c10::BFloat16, at::native::binary_internal::MulFunctor<float>>>(at::TensorIteratorBase &, const T1 &)::[lambda(int) (instance 1)]>(int, T3)	308,1,1	128,1,1	2	3872	2.5038455724790383e-05
OLMOE_1B7B_B1_T256_D8	PREFILL	OTHER	void at::native::index_elementwise_kernel<(int)128, (int)4, void at::native::gpu_index_kernel<void at::native::index_kernel_impl<at::native::OpaqueType<(int)2>>(at::TensorIteratorBase &, c10::ArrayRef<long>, c10::ArrayRef<long>)::[lambda(char *, const char *, long) (instance 1)]>(at::TensorIteratorBase &, c10::ArrayRef<long>, c10::ArrayRef<long>, const T1 &)::[lambda(int) (instance 1)]>(long, T3)	648,1,1	128,1,1	1	3872	2.5038455724790383e-05
OLMOE_1B7B_B1_T256_D8	PREFILL	OTHER	void at::native::index_elementwise_kernel<(int)128, (int)4, void at::native::gpu_index_kernel<void at::native::index_kernel_impl<at::native::OpaqueType<(int)2>>(at::TensorIteratorBase &, c10::ArrayRef<long>, c10::ArrayRef<long>)::[lambda(char *, const char *, long) (instance 1)]>(at::TensorIteratorBase &, c10::ArrayRef<long>, c10::ArrayRef<long>, const T1 &)::[lambda(int) (instance 1)]>(long, T3)	780,1,1	128,1,1	1	3872	2.5038455724790383e-05
OLMOE_1B7B_B1_T256_D8	PREFILL	OTHER	void at::native::elementwise_kernel<(int)128, (int)4, void at::native::gpu_kernel_impl_nocast<at::native::BinaryFunctor<c10::BFloat16, c10::BFloat16, c10::BFloat16, at::native::binary_internal::MulFunctor<float>>>(at::TensorIteratorBase &, const T1 &)::[lambda(int) (instance 1)]>(int, T3)	316,1,1	128,1,1	2	3872	2.5038455724790383e-05
OLMOE_1B7B_B1_T256_D8	PREFILL	OTHER	void at::native::index_elementwise_kernel<(int)128, (int)4, void at::native::gpu_index_kernel<void at::native::index_kernel_impl<at::native::OpaqueType<(int)2>>(at::TensorIteratorBase &, c10::ArrayRef<long>, c10::ArrayRef<long>)::[lambda(char *, const char *, long) (instance 1)]>(at::TensorIteratorBase &, c10::ArrayRef<long>, c10::ArrayRef<long>, const T1 &)::[lambda(int) (instance 1)]>(long, T3)	624,1,1	128,1,1	1	3872	2.5038455724790383e-05
OLMOE_1B7B_B1_T256_D8	PREFILL	OTHER	void at::native::index_elementwise_kernel<(int)128, (int)4, void at::native::gpu_index_kernel<void at::native::index_kernel_impl<at::native::OpaqueType<(int)2>>(at::TensorIteratorBase &, c10::ArrayRef<long>, c10::ArrayRef<long>)::[lambda(char *, const char *, long) (instance 1)]>(at::TensorIteratorBase &, c10::ArrayRef<long>, c10::ArrayRef<long>, const T1 &)::[lambda(int) (instance 1)]>(long, T3)	532,1,1	128,1,1	1	3840	2.483152633863509e-05
OLMOE_1B7B_B1_T256_D8	PREFILL	OTHER	void at::native::elementwise_kernel<(int)128, (int)4, void at::native::gpu_kernel_impl_nocast<at::native::BinaryFunctor<c10::BFloat16, c10::BFloat16, c10::BFloat16, at::native::binary_internal::MulFunctor<float>>>(at::TensorIteratorBase &, const T1 &)::[lambda(int) (instance 1)]>(int, T3)	344,1,1	128,1,1	2	3840	2.483152633863509e-05
OLMOE_1B7B_B1_T256_D8	PREFILL	OTHER	void at::native::elementwise_kernel<(int)128, (int)4, void at::native::gpu_kernel_impl_nocast<at::native::BinaryFunctor<c10::BFloat16, c10::BFloat16, c10::BFloat16, at::native::binary_internal::MulFunctor<float>>>(at::TensorIteratorBase &, const T1 &)::[lambda(int) (instance 1)]>(int, T3)	312,1,1	128,1,1	2	3808	2.4624596952479798e-05
OLMOE_1B7B_B1_T256_D8	PREFILL	OTHER	void at::native::index_elementwise_kernel<(int)128, (int)4, void at::native::gpu_index_kernel<void at::native::index_kernel_impl<at::native::OpaqueType<(int)2>>(at::TensorIteratorBase &, c10::ArrayRef<long>, c10::ArrayRef<long>)::[lambda(char *, const char *, long) (instance 1)]>(at::TensorIteratorBase &, c10::ArrayRef<long>, c10::ArrayRef<long>, const T1 &)::[lambda(int) (instance 1)]>(long, T3)	548,1,1	128,1,1	1	3808	2.4624596952479798e-05
OLMOE_1B7B_B1_T256_D8	PREFILL	OTHER	void at::native::vectorized_elementwise_kernel<(int)4, at::native::<unnamed>::silu_kernel(at::TensorIteratorBase &)::[lambda() (instance 1)]::operator ()() const::[lambda() (instance 6)]::operator ()() const::[lambda(c10::BFloat16) (instance 1)], at::detail::Array<char *, (int)2>>(int, T2, T3)	270,1,1	128,1,1	3	3808	2.4624596952479798e-05
OLMOE_1B7B_B1_T256_D8	PREFILL	OTHER	void at::native::elementwise_kernel<(int)128, (int)4, void at::native::gpu_kernel_impl_nocast<at::native::BinaryFunctor<c10::BFloat16, c10::BFloat16, c10::BFloat16, at::native::binary_internal::MulFunctor<float>>>(at::TensorIteratorBase &, const T1 &)::[lambda(int) (instance 1)]>(int, T3)	304,1,1	128,1,1	2	3808	2.4624596952479798e-05
OLMOE_1B7B_B1_T256_D8	PREFILL	OTHER	void at::native::index_elementwise_kernel<(int)128, (int)4, void at::native::gpu_index_kernel<void at::native::index_kernel_impl<at::native::OpaqueType<(int)2>>(at::TensorIteratorBase &, c10::ArrayRef<long>, c10::ArrayRef<long>)::[lambda(char *, const char *, long) (instance 1)]>(at::TensorIteratorBase &, c10::ArrayRef<long>, c10::ArrayRef<long>, const T1 &)::[lambda(int) (instance 1)]>(long, T3)	556,1,1	128,1,1	1	3808	2.4624596952479798e-05
OLMOE_1B7B_B1_T256_D8	PREFILL	OTHER	void at::native::index_elementwise_kernel<(int)128, (int)4, void at::native::gpu_index_kernel<void at::native::index_kernel_impl<at::native::OpaqueType<(int)2>>(at::TensorIteratorBase &, c10::ArrayRef<long>, c10::ArrayRef<long>)::[lambda(char *, const char *, long) (instance 1)]>(at::TensorIteratorBase &, c10::ArrayRef<long>, c10::ArrayRef<long>, const T1 &)::[lambda(int) (instance 1)]>(long, T3)	536,1,1	128,1,1	1	3776	2.4417667566324505e-05
OLMOE_1B7B_B1_T256_D8	PREFILL	OTHER	void at::native::index_elementwise_kernel<(int)128, (int)4, void at::native::gpu_index_kernel<void at::native::index_kernel_impl<at::native::OpaqueType<(int)2>>(at::TensorIteratorBase &, c10::ArrayRef<long>, c10::ArrayRef<long>)::[lambda(char *, const char *, long) (instance 1)]>(at::TensorIteratorBase &, c10::ArrayRef<long>, c10::ArrayRef<long>, const T1 &)::[lambda(int) (instance 1)]>(long, T3)	492,1,1	128,1,1	1	3776	2.4417667566324505e-05
OLMOE_1B7B_B1_T256_D8	PREFILL	OTHER	void at::native::vectorized_elementwise_kernel<(int)4, at::native::<unnamed>::silu_kernel(at::TensorIteratorBase &)::[lambda() (instance 1)]::operator ()() const::[lambda() (instance 6)]::operator ()() const::[lambda(c10::BFloat16) (instance 1)], at::detail::Array<char *, (int)2>>(int, T2, T3)	272,1,1	128,1,1	3	3776	2.4417667566324505e-05
OLMOE_1B7B_B1_T256_D8	PREFILL	OTHER	void at::native::index_elementwise_kernel<(int)128, (int)4, void at::native::gpu_index_kernel<void at::native::index_kernel_impl<at::native::OpaqueType<(int)2>>(at::TensorIteratorBase &, c10::ArrayRef<long>, c10::ArrayRef<long>)::[lambda(char *, const char *, long) (instance 1)]>(at::TensorIteratorBase &, c10::ArrayRef<long>, c10::ArrayRef<long>, const T1 &)::[lambda(int) (instance 1)]>(long, T3)	508,1,1	128,1,1	1	3776	2.4417667566324505e-05
OLMOE_1B7B_B1_T256_D8	PREFILL	OTHER	void at::native::index_elementwise_kernel<(int)128, (int)4, void at::native::gpu_index_kernel<void at::native::index_kernel_impl<at::native::OpaqueType<(int)2>>(at::TensorIteratorBase &, c10::ArrayRef<long>, c10::ArrayRef<long>)::[lambda(char *, const char *, long) (instance 1)]>(at::TensorIteratorBase &, c10::ArrayRef<long>, c10::ArrayRef<long>, const T1 &)::[lambda(int) (instance 1)]>(long, T3)	456,1,1	128,1,1	1	3744	2.4210738180169213e-05
OLMOE_1B7B_B1_T256_D8	PREFILL	OTHER	void at::native::index_elementwise_kernel<(int)128, (int)4, void at::native::gpu_index_kernel<void at::native::index_kernel_impl<at::native::OpaqueType<(int)2>>(at::TensorIteratorBase &, c10::ArrayRef<long>, c10::ArrayRef<long>)::[lambda(char *, const char *, long) (instance 1)]>(at::TensorIteratorBase &, c10::ArrayRef<long>, c10::ArrayRef<long>, const T1 &)::[lambda(int) (instance 1)]>(long, T3)	476,1,1	128,1,1	1	3712	2.400380879401392e-05
OLMOE_1B7B_B1_T256_D8	PREFILL	OTHER	void at::native::vectorized_elementwise_kernel<(int)4, at::native::BinaryFunctor<c10::BFloat16, c10::BFloat16, c10::BFloat16, at::native::binary_internal::MulFunctor<float>>, at::detail::Array<char *, (int)3>>(int, T2, T3)	368,1,1	128,1,1	3	3712	2.400380879401392e-05
OLMOE_1B7B_B1_T256_D8	PREFILL	OTHER	void at::native::elementwise_kernel<(int)128, (int)4, void at::native::gpu_kernel_impl_nocast<at::native::BinaryFunctor<c10::BFloat16, c10::BFloat16, c10::BFloat16, at::native::binary_internal::MulFunctor<float>>>(at::TensorIteratorBase &, const T1 &)::[lambda(int) (instance 1)]>(int, T3)	240,1,1	128,1,1	2	3712	2.400380879401392e-05
OLMOE_1B7B_B1_T256_D8	PREFILL	OTHER	void at::native::index_elementwise_kernel<(int)128, (int)4, void at::native::gpu_index_kernel<void at::native::index_kernel_impl<at::native::OpaqueType<(int)2>>(at::TensorIteratorBase &, c10::ArrayRef<long>, c10::ArrayRef<long>)::[lambda(char *, const char *, long) (instance 1)]>(at::TensorIteratorBase &, c10::ArrayRef<long>, c10::ArrayRef<long>, const T1 &)::[lambda(int) (instance 1)]>(long, T3)	440,1,1	128,1,1	1	3712	2.400380879401392e-05
OLMOE_1B7B_B1_T256_D8	PREFILL	OTHER	void at::native::elementwise_kernel<(int)128, (int)4, void at::native::gpu_kernel_impl_nocast<at::native::BinaryFunctor<c10::BFloat16, c10::BFloat16, c10::BFloat16, at::native::binary_internal::MulFunctor<float>>>(at::TensorIteratorBase &, const T1 &)::[lambda(int) (instance 1)]>(int, T3)	228,1,1	128,1,1	2	3680	2.3796879407858627e-05
OLMOE_1B7B_B1_T256_D8	PREFILL	OTHER	void at::native::elementwise_kernel<(int)128, (int)4, void at::native::gpu_kernel_impl_nocast<at::native::BinaryFunctor<c10::BFloat16, c10::BFloat16, c10::BFloat16, at::native::binary_internal::MulFunctor<float>>>(at::TensorIteratorBase &, const T1 &)::[lambda(int) (instance 1)]>(int, T3)	204,1,1	128,1,1	2	3680	2.3796879407858627e-05
OLMOE_1B7B_B1_T256_D8	PREFILL	OTHER	void at::native::index_elementwise_kernel<(int)128, (int)4, void at::native::gpu_index_kernel<void at::native::index_kernel_impl<at::native::OpaqueType<(int)2>>(at::TensorIteratorBase &, c10::ArrayRef<long>, c10::ArrayRef<long>)::[lambda(char *, const char *, long) (instance 1)]>(at::TensorIteratorBase &, c10::ArrayRef<long>, c10::ArrayRef<long>, const T1 &)::[lambda(int) (instance 1)]>(long, T3)	512,1,1	128,1,1	1	3680	2.3796879407858627e-05
OLMOE_1B7B_B1_T256_D8	PREFILL	OTHER	void at::native::index_elementwise_kernel<(int)128, (int)4, void at::native::gpu_index_kernel<void at::native::index_kernel_impl<at::native::OpaqueType<(int)2>>(at::TensorIteratorBase &, c10::ArrayRef<long>, c10::ArrayRef<long>)::[lambda(char *, const char *, long) (instance 1)]>(at::TensorIteratorBase &, c10::ArrayRef<long>, c10::ArrayRef<long>, const T1 &)::[lambda(int) (instance 1)]>(long, T3)	332,1,1	128,1,1	1	3680	2.3796879407858627e-05
OLMOE_1B7B_B1_T256_D8	PREFILL	OTHER	void at::native::index_elementwise_kernel<(int)128, (int)4, void at::native::gpu_index_kernel<void at::native::index_kernel_impl<at::native::OpaqueType<(int)2>>(at::TensorIteratorBase &, c10::ArrayRef<long>, c10::ArrayRef<long>)::[lambda(char *, const char *, long) (instance 1)]>(at::TensorIteratorBase &, c10::ArrayRef<long>, c10::ArrayRef<long>, const T1 &)::[lambda(int) (instance 1)]>(long, T3)	388,1,1	128,1,1	1	3648	2.3589950021703335e-05
OLMOE_1B7B_B1_T256_D8	PREFILL	OTHER	void at::native::vectorized_elementwise_kernel<(int)4, at::native::<unnamed>::silu_kernel(at::TensorIteratorBase &)::[lambda() (instance 1)]::operator ()() const::[lambda() (instance 6)]::operator ()() const::[lambda(c10::BFloat16) (instance 1)], at::detail::Array<char *, (int)2>>(int, T2, T3)	178,1,1	128,1,1	3	3648	2.3589950021703335e-05
OLMOE_1B7B_B1_T256_D8	PREFILL	OTHER	void at::native::elementwise_kernel<(int)128, (int)4, void at::native::gpu_kernel_impl_nocast<at::native::BinaryFunctor<c10::BFloat16, c10::BFloat16, c10::BFloat16, at::native::binary_internal::MulFunctor<float>>>(at::TensorIteratorBase &, const T1 &)::[lambda(int) (instance 1)]>(int, T3)	220,1,1	128,1,1	2	3648	2.3589950021703335e-05
OLMOE_1B7B_B1_T256_D8	PREFILL	OTHER	void at::native::index_elementwise_kernel<(int)128, (int)4, void at::native::gpu_index_kernel<void at::native::index_kernel_impl<at::native::OpaqueType<(int)2>>(at::TensorIteratorBase &, c10::ArrayRef<long>, c10::ArrayRef<long>)::[lambda(char *, const char *, long) (instance 1)]>(at::TensorIteratorBase &, c10::ArrayRef<long>, c10::ArrayRef<long>, const T1 &)::[lambda(int) (instance 1)]>(long, T3)	352,1,1	128,1,1	1	3648	2.3589950021703335e-05
OLMOE_1B7B_B1_T256_D8	PREFILL	OTHER	void at::native::index_elementwise_kernel<(int)128, (int)4, void at::native::gpu_index_kernel<void at::native::index_kernel_impl<at::native::OpaqueType<(int)2>>(at::TensorIteratorBase &, c10::ArrayRef<long>, c10::ArrayRef<long>)::[lambda(char *, const char *, long) (instance 1)]>(at::TensorIteratorBase &, c10::ArrayRef<long>, c10::ArrayRef<long>, const T1 &)::[lambda(int) (instance 1)]>(long, T3)	436,1,1	128,1,1	1	3648	2.3589950021703335e-05
OLMOE_1B7B_B1_T256_D8	PREFILL	OTHER	void at::native::index_elementwise_kernel<(int)128, (int)4, void at::native::gpu_index_kernel<void at::native::index_kernel_impl<at::native::OpaqueType<(int)2>>(at::TensorIteratorBase &, c10::ArrayRef<long>, c10::ArrayRef<long>)::[lambda(char *, const char *, long) (instance 1)]>(at::TensorIteratorBase &, c10::ArrayRef<long>, c10::ArrayRef<long>, const T1 &)::[lambda(int) (instance 1)]>(long, T3)	412,1,1	128,1,1	1	3648	2.3589950021703335e-05
OLMOE_1B7B_B1_T256_D8	PREFILL	OTHER	void at::native::vectorized_elementwise_kernel<(int)4, at::native::<unnamed>::silu_kernel(at::TensorIteratorBase &)::[lambda() (instance 1)]::operator ()() const::[lambda() (instance 6)]::operator ()() const::[lambda(c10::BFloat16) (instance 1)], at::detail::Array<char *, (int)2>>(int, T2, T3)	190,1,1	128,1,1	3	3616	2.3383020635548042e-05
OLMOE_1B7B_B1_T256_D8	PREFILL	OTHER	void at::native::vectorized_elementwise_kernel<(int)4, at::native::<unnamed>::silu_kernel(at::TensorIteratorBase &)::[lambda() (instance 1)]::operator ()() const::[lambda() (instance 6)]::operator ()() const::[lambda(c10::BFloat16) (instance 1)], at::detail::Array<char *, (int)2>>(int, T2, T3)	186,1,1	128,1,1	3	3616	2.3383020635548042e-05
OLMOE_1B7B_B1_T256_D8	PREFILL	OTHER	void at::native::index_elementwise_kernel<(int)128, (int)4, void at::native::gpu_index_kernel<void at::native::index_kernel_impl<at::native::OpaqueType<(int)2>>(at::TensorIteratorBase &, c10::ArrayRef<long>, c10::ArrayRef<long>)::[lambda(char *, const char *, long) (instance 1)]>(at::TensorIteratorBase &, c10::ArrayRef<long>, c10::ArrayRef<long>, const T1 &)::[lambda(int) (instance 1)]>(long, T3)	676,1,1	128,1,1	1	3616	2.3383020635548042e-05
OLMOE_1B7B_B1_T256_D8	PREFILL	OTHER	void at::native::index_elementwise_kernel<(int)128, (int)4, void at::native::gpu_index_kernel<void at::native::index_kernel_impl<at::native::OpaqueType<(int)2>>(at::TensorIteratorBase &, c10::ArrayRef<long>, c10::ArrayRef<long>)::[lambda(char *, const char *, long) (instance 1)]>(at::TensorIteratorBase &, c10::ArrayRef<long>, c10::ArrayRef<long>, const T1 &)::[lambda(int) (instance 1)]>(long, T3)	340,1,1	128,1,1	1	3584	2.317609124939275e-05
OLMOE_1B7B_B1_T256_D8	PREFILL	OTHER	void at::native::vectorized_elementwise_kernel<(int)4, at::native::<unnamed>::silu_kernel(at::TensorIteratorBase &)::[lambda() (instance 1)]::operator ()() const::[lambda() (instance 6)]::operator ()() const::[lambda(c10::BFloat16) (instance 1)], at::detail::Array<char *, (int)2>>(int, T2, T3)	168,1,1	128,1,1	3	3584	2.317609124939275e-05
OLMOE_1B7B_B1_T256_D8	PREFILL	OTHER	void at::native::vectorized_elementwise_kernel<(int)4, at::native::<unnamed>::silu_kernel(at::TensorIteratorBase &)::[lambda() (instance 1)]::operator ()() const::[lambda() (instance 6)]::operator ()() const::[lambda(c10::BFloat16) (instance 1)], at::detail::Array<char *, (int)2>>(int, T2, T3)	144,1,1	128,1,1	3	3552	2.296916186323746e-05
OLMOE_1B7B_B1_T256_D8	PREFILL	OTHER	void at::native::vectorized_elementwise_kernel<(int)4, at::native::<unnamed>::silu_kernel(at::TensorIteratorBase &)::[lambda() (instance 1)]::operator ()() const::[lambda() (instance 6)]::operator ()() const::[lambda(c10::BFloat16) (instance 1)], at::detail::Array<char *, (int)2>>(int, T2, T3)	150,1,1	128,1,1	3	3552	2.296916186323746e-05
OLMOE_1B7B_B1_T256_D8	PREFILL	OTHER	void at::native::vectorized_elementwise_kernel<(int)4, at::native::<unnamed>::silu_kernel(at::TensorIteratorBase &)::[lambda() (instance 1)]::operator ()() const::[lambda() (instance 6)]::operator ()() const::[lambda(c10::BFloat16) (instance 1)], at::detail::Array<char *, (int)2>>(int, T2, T3)	148,1,1	128,1,1	3	3552	2.296916186323746e-05
OLMOE_1B7B_B1_T256_D8	PREFILL	OTHER	void at::native::vectorized_elementwise_kernel<(int)4, at::native::<unnamed>::silu_kernel(at::TensorIteratorBase &)::[lambda() (instance 1)]::operator ()() const::[lambda() (instance 6)]::operator ()() const::[lambda(c10::BFloat16) (instance 1)], at::detail::Array<char *, (int)2>>(int, T2, T3)	134,1,1	128,1,1	3	3552	2.296916186323746e-05
OLMOE_1B7B_B1_T256_D8	PREFILL	OTHER	void at::native::index_elementwise_kernel<(int)128, (int)4, void at::native::gpu_index_kernel<void at::native::index_kernel_impl<at::native::OpaqueType<(int)2>>(at::TensorIteratorBase &, c10::ArrayRef<long>, c10::ArrayRef<long>)::[lambda(char *, const char *, long) (instance 1)]>(at::TensorIteratorBase &, c10::ArrayRef<long>, c10::ArrayRef<long>, const T1 &)::[lambda(int) (instance 1)]>(long, T3)	460,1,1	128,1,1	1	3552	2.296916186323746e-05
OLMOE_1B7B_B1_T256_D8	PREFILL	OTHER	void at::native::vectorized_elementwise_kernel<(int)4, at::native::<unnamed>::silu_kernel(at::TensorIteratorBase &)::[lambda() (instance 1)]::operator ()() const::[lambda() (instance 6)]::operator ()() const::[lambda(c10::BFloat16) (instance 1)], at::detail::Array<char *, (int)2>>(int, T2, T3)	184,1,1	128,1,1	3	3552	2.296916186323746e-05
OLMOE_1B7B_B1_T256_D8	PREFILL	OTHER	void at::native::index_elementwise_kernel<(int)128, (int)4, void at::native::gpu_index_kernel<void at::native::index_kernel_impl<at::native::OpaqueType<(int)2>>(at::TensorIteratorBase &, c10::ArrayRef<long>, c10::ArrayRef<long>)::[lambda(char *, const char *, long) (instance 1)]>(at::TensorIteratorBase &, c10::ArrayRef<long>, c10::ArrayRef<long>, const T1 &)::[lambda(int) (instance 1)]>(long, T3)	260,1,1	128,1,1	1	3552	2.296916186323746e-05
OLMOE_1B7B_B1_T256_D8	PREFILL	OTHER	void at::native::vectorized_elementwise_kernel<(int)4, at::native::<unnamed>::silu_kernel(at::TensorIteratorBase &)::[lambda() (instance 1)]::operator ()() const::[lambda() (instance 6)]::operator ()() const::[lambda(c10::BFloat16) (instance 1)], at::detail::Array<char *, (int)2>>(int, T2, T3)	136,1,1	128,1,1	3	3488	2.2555303090926875e-05
OLMOE_1B7B_B1_T256_D8	PREFILL	OTHER	void at::native::vectorized_elementwise_kernel<(int)4, at::native::BinaryFunctor<c10::BFloat16, c10::BFloat16, c10::BFloat16, at::native::binary_internal::MulFunctor<float>>, at::detail::Array<char *, (int)3>>(int, T2, T3)	270,1,1	128,1,1	3	3488	2.2555303090926875e-05
OLMOE_1B7B_B1_T256_D8	PREFILL	OTHER	void at::native::index_elementwise_kernel<(int)128, (int)4, void at::native::gpu_index_kernel<void at::native::index_kernel_impl<at::native::OpaqueType<(int)2>>(at::TensorIteratorBase &, c10::ArrayRef<long>, c10::ArrayRef<long>)::[lambda(char *, const char *, long) (instance 1)]>(at::TensorIteratorBase &, c10::ArrayRef<long>, c10::ArrayRef<long>, const T1 &)::[lambda(int) (instance 1)]>(long, T3)	328,1,1	128,1,1	1	3488	2.2555303090926875e-05
OLMOE_1B7B_B1_T256_D8	PREFILL	OTHER	void at::native::vectorized_elementwise_kernel<(int)4, at::native::BinaryFunctor<c10::BFloat16, c10::BFloat16, c10::BFloat16, at::native::binary_internal::MulFunctor<float>>, at::detail::Array<char *, (int)3>>(int, T2, T3)	272,1,1	128,1,1	3	3488	2.2555303090926875e-05
OLMOE_1B7B_B1_T256_D8	PREFILL	OTHER	void at::native::index_elementwise_kernel<(int)128, (int)4, void at::native::gpu_index_kernel<void at::native::index_kernel_impl<at::native::OpaqueType<(int)2>>(at::TensorIteratorBase &, c10::ArrayRef<long>, c10::ArrayRef<long>)::[lambda(char *, const char *, long) (instance 1)]>(at::TensorIteratorBase &, c10::ArrayRef<long>, c10::ArrayRef<long>, const T1 &)::[lambda(int) (instance 1)]>(long, T3)	284,1,1	128,1,1	1	3424	2.214144431861629e-05
OLMOE_1B7B_B1_T256_D8	PREFILL	OTHER	void at::native::index_elementwise_kernel<(int)128, (int)4, void at::native::gpu_index_kernel<void at::native::index_kernel_impl<at::native::OpaqueType<(int)2>>(at::TensorIteratorBase &, c10::ArrayRef<long>, c10::ArrayRef<long>)::[lambda(char *, const char *, long) (instance 1)]>(at::TensorIteratorBase &, c10::ArrayRef<long>, c10::ArrayRef<long>, const T1 &)::[lambda(int) (instance 1)]>(long, T3)	280,1,1	128,1,1	1	3424	2.214144431861629e-05
OLMOE_1B7B_B1_T256_D8	PREFILL	OTHER	void at::native::vectorized_elementwise_kernel<(int)4, at::native::<unnamed>::silu_kernel(at::TensorIteratorBase &)::[lambda() (instance 1)]::operator ()() const::[lambda() (instance 6)]::operator ()() const::[lambda(c10::BFloat16) (instance 1)], at::detail::Array<char *, (int)2>>(int, T2, T3)	116,1,1	128,1,1	3	3392	2.1934514932460997e-05
OLMOE_1B7B_B1_T256_D8	PREFILL	OTHER	void at::native::vectorized_elementwise_kernel<(int)4, at::native::<unnamed>::silu_kernel(at::TensorIteratorBase &)::[lambda() (instance 1)]::operator ()() const::[lambda() (instance 6)]::operator ()() const::[lambda(c10::BFloat16) (instance 1)], at::detail::Array<char *, (int)2>>(int, T2, T3)	96,1,1	128,1,1	3	3392	2.1934514932460997e-05
OLMOE_1B7B_B1_T256_D8	PREFILL	OTHER	void at::native::index_elementwise_kernel<(int)128, (int)4, void at::native::gpu_index_kernel<void at::native::index_kernel_impl<at::native::OpaqueType<(int)2>>(at::TensorIteratorBase &, c10::ArrayRef<long>, c10::ArrayRef<long>)::[lambda(char *, const char *, long) (instance 1)]>(at::TensorIteratorBase &, c10::ArrayRef<long>, c10::ArrayRef<long>, const T1 &)::[lambda(int) (instance 1)]>(long, T3)	432,1,1	128,1,1	1	3360	2.1727585546305704e-05
OLMOE_1B7B_B1_T256_D8	PREFILL	OTHER	void at::native::index_elementwise_kernel<(int)128, (int)4, void at::native::gpu_index_kernel<void at::native::index_kernel_impl<at::native::OpaqueType<(int)2>>(at::TensorIteratorBase &, c10::ArrayRef<long>, c10::ArrayRef<long>)::[lambda(char *, const char *, long) (instance 1)]>(at::TensorIteratorBase &, c10::ArrayRef<long>, c10::ArrayRef<long>, const T1 &)::[lambda(int) (instance 1)]>(long, T3)	588,1,1	128,1,1	1	3360	2.1727585546305704e-05
OLMOE_1B7B_B1_T256_D8	PREFILL	OTHER	void at::native::vectorized_elementwise_kernel<(int)4, at::native::BinaryFunctor<c10::BFloat16, c10::BFloat16, c10::BFloat16, at::native::binary_internal::MulFunctor<float>>, at::detail::Array<char *, (int)3>>(int, T2, T3)	190,1,1	128,1,1	3	3296	2.131372677399512e-05
OLMOE_1B7B_B1_T256_D8	PREFILL	OTHER	void at::native::vectorized_elementwise_kernel<(int)4, at::native::BinaryFunctor<c10::BFloat16, c10::BFloat16, c10::BFloat16, at::native::binary_internal::MulFunctor<float>>, at::detail::Array<char *, (int)3>>(int, T2, T3)	184,1,1	128,1,1	3	3296	2.131372677399512e-05
OLMOE_1B7B_B1_T256_D8	PREFILL	OTHER	void at::native::vectorized_elementwise_kernel<(int)4, at::native::BinaryFunctor<c10::BFloat16, c10::BFloat16, c10::BFloat16, at::native::binary_internal::MulFunctor<float>>, at::detail::Array<char *, (int)3>>(int, T2, T3)	178,1,1	128,1,1	3	3264	2.1106797387839826e-05
OLMOE_1B7B_B1_T256_D8	PREFILL	OTHER	void at::native::vectorized_elementwise_kernel<(int)4, at::native::BinaryFunctor<c10::BFloat16, c10::BFloat16, c10::BFloat16, at::native::binary_internal::MulFunctor<float>>, at::detail::Array<char *, (int)3>>(int, T2, T3)	186,1,1	128,1,1	3	3232	2.0899868001684534e-05
OLMOE_1B7B_B1_T256_D8	PREFILL	OTHER	void at::native::vectorized_elementwise_kernel<(int)4, at::native::BinaryFunctor<c10::BFloat16, c10::BFloat16, c10::BFloat16, at::native::binary_internal::MulFunctor<float>>, at::detail::Array<char *, (int)3>>(int, T2, T3)	148,1,1	128,1,1	3	3200	2.069293861552924e-05
OLMOE_1B7B_B1_T256_D8	PREFILL	OTHER	void at::native::vectorized_elementwise_kernel<(int)4, at::native::BinaryFunctor<c10::BFloat16, c10::BFloat16, c10::BFloat16, at::native::binary_internal::MulFunctor<float>>, at::detail::Array<char *, (int)3>>(int, T2, T3)	168,1,1	128,1,1	3	3200	2.069293861552924e-05
OLMOE_1B7B_B1_T256_D8	PREFILL	OTHER	void at::native::vectorized_elementwise_kernel<(int)4, at::native::BinaryFunctor<c10::BFloat16, c10::BFloat16, c10::BFloat16, at::native::binary_internal::MulFunctor<float>>, at::detail::Array<char *, (int)3>>(int, T2, T3)	144,1,1	128,1,1	3	3168	2.048600922937395e-05
OLMOE_1B7B_B1_T256_D8	PREFILL	OTHER	void at::native::vectorized_elementwise_kernel<(int)4, at::native::BinaryFunctor<c10::BFloat16, c10::BFloat16, c10::BFloat16, at::native::binary_internal::MulFunctor<float>>, at::detail::Array<char *, (int)3>>(int, T2, T3)	150,1,1	128,1,1	3	3168	2.048600922937395e-05
OLMOE_1B7B_B1_T256_D8	PREFILL	OTHER	void at::native::vectorized_elementwise_kernel<(int)4, at::native::BinaryFunctor<c10::BFloat16, c10::BFloat16, c10::BFloat16, at::native::binary_internal::MulFunctor<float>>, at::detail::Array<char *, (int)3>>(int, T2, T3)	134,1,1	128,1,1	3	3136	2.0279079843218656e-05
OLMOE_1B7B_B1_T256_D8	PREFILL	OTHER	void at::native::vectorized_elementwise_kernel<(int)4, at::native::BinaryFunctor<c10::BFloat16, c10::BFloat16, c10::BFloat16, at::native::binary_internal::MulFunctor<float>>, at::detail::Array<char *, (int)3>>(int, T2, T3)	136,1,1	128,1,1	3	3104	2.0072150457063363e-05
OLMOE_1B7B_B1_T256_D8	PREFILL	OTHER	void at::native::vectorized_elementwise_kernel<(int)4, at::native::BinaryFunctor<c10::BFloat16, c10::BFloat16, c10::BFloat16, at::native::binary_internal::MulFunctor<float>>, at::detail::Array<char *, (int)3>>(int, T2, T3)	116,1,1	128,1,1	3	3072	1.9865221070908074e-05
OLMOE_1B7B_B1_T256_D8	PREFILL	OTHER	void at::native::vectorized_elementwise_kernel<(int)4, at::native::BinaryFunctor<c10::BFloat16, c10::BFloat16, c10::BFloat16, at::native::binary_internal::MulFunctor<float>>, at::detail::Array<char *, (int)3>>(int, T2, T3)	96,1,1	128,1,1	3	2977	1.9250899455759548e-05
OLMOE_1B7B_B1_T256_D8	PREFILL	OTHER	void at::native::vectorized_elementwise_kernel<(int)4, at::native::<unnamed>::silu_kernel(at::TensorIteratorBase &)::[lambda() (instance 1)]::operator ()() const::[lambda() (instance 6)]::operator ()() const::[lambda(c10::BFloat16) (instance 1)], at::detail::Array<char *, (int)2>>(int, T2, T3)	404,1,1	128,1,1	2	2784	1.800285659551044e-05
OLMOE_1B7B_B1_T256_D8	PREFILL	OTHER	void at::native::elementwise_kernel<(int)128, (int)4, void at::native::gpu_kernel_impl_nocast<at::native::BinaryFunctor<c10::BFloat16, c10::BFloat16, c10::BFloat16, at::native::binary_internal::MulFunctor<float>>>(at::TensorIteratorBase &, const T1 &)::[lambda(int) (instance 1)]>(int, T3)	920,1,1	128,1,1	1	2752	1.7795927209355147e-05
OLMOE_1B7B_B1_T256_D8	PREFILL	OTHER	void at::native::vectorized_elementwise_kernel<(int)4, at::native::<unnamed>::silu_kernel(at::TensorIteratorBase &)::[lambda() (instance 1)]::operator ()() const::[lambda() (instance 6)]::operator ()() const::[lambda(c10::BFloat16) (instance 1)], at::detail::Array<char *, (int)2>>(int, T2, T3)	398,1,1	128,1,1	2	2752	1.7795927209355147e-05
OLMOE_1B7B_B1_T256_D8	PREFILL	OTHER	void at::native::vectorized_elementwise_kernel<(int)4, at::native::<unnamed>::silu_kernel(at::TensorIteratorBase &)::[lambda() (instance 1)]::operator ()() const::[lambda() (instance 6)]::operator ()() const::[lambda(c10::BFloat16) (instance 1)], at::detail::Array<char *, (int)2>>(int, T2, T3)	382,1,1	128,1,1	2	2720	1.7588997823199855e-05
OLMOE_1B7B_B1_T256_D8	PREFILL	OTHER	void at::native::vectorized_elementwise_kernel<(int)4, at::native::<unnamed>::silu_kernel(at::TensorIteratorBase &)::[lambda() (instance 1)]::operator ()() const::[lambda() (instance 6)]::operator ()() const::[lambda(c10::BFloat16) (instance 1)], at::detail::Array<char *, (int)2>>(int, T2, T3)	318,1,1	128,1,1	2	2592	1.6761280278578688e-05
OLMOE_1B7B_B1_T256_D8	PREFILL	OTHER	void at::native::vectorized_elementwise_kernel<(int)4, at::native::BinaryFunctor<c10::BFloat16, c10::BFloat16, c10::BFloat16, at::native::binary_internal::MulFunctor<float>>, at::detail::Array<char *, (int)3>>(int, T2, T3)	404,1,1	128,1,1	2	2592	1.6761280278578688e-05
OLMOE_1B7B_B1_T256_D8	PREFILL	OTHER	void at::native::elementwise_kernel<(int)128, (int)4, void at::native::gpu_kernel_impl_nocast<at::native::BinaryFunctor<c10::BFloat16, c10::BFloat16, c10::BFloat16, at::native::binary_internal::MulFunctor<float>>>(at::TensorIteratorBase &, const T1 &)::[lambda(int) (instance 1)]>(int, T3)	908,1,1	128,1,1	1	2560	1.6554350892423395e-05
OLMOE_1B7B_B1_T256_D8	PREFILL	OTHER	void at::native::vectorized_elementwise_kernel<(int)4, at::native::<unnamed>::silu_kernel(at::TensorIteratorBase &)::[lambda() (instance 1)]::operator ()() const::[lambda() (instance 6)]::operator ()() const::[lambda(c10::BFloat16) (instance 1)], at::detail::Array<char *, (int)2>>(int, T2, T3)	288,1,1	128,1,1	2	2560	1.6554350892423395e-05
OLMOE_1B7B_B1_T256_D8	PREFILL	OTHER	void at::native::vectorized_elementwise_kernel<(int)4, at::native::BinaryFunctor<c10::BFloat16, c10::BFloat16, c10::BFloat16, at::native::binary_internal::MulFunctor<float>>, at::detail::Array<char *, (int)3>>(int, T2, T3)	382,1,1	128,1,1	2	2560	1.6554350892423395e-05
OLMOE_1B7B_B1_T256_D8	PREFILL	OTHER	void at::native::vectorized_elementwise_kernel<(int)4, at::native::<unnamed>::silu_kernel(at::TensorIteratorBase &)::[lambda() (instance 1)]::operator ()() const::[lambda() (instance 6)]::operator ()() const::[lambda(c10::BFloat16) (instance 1)], at::detail::Array<char *, (int)2>>(int, T2, T3)	264,1,1	128,1,1	2	2528	1.6347421506268102e-05
OLMOE_1B7B_B1_T256_D8	PREFILL	OTHER	void at::native::vectorized_elementwise_kernel<(int)4, at::native::BinaryFunctor<c10::BFloat16, c10::BFloat16, c10::BFloat16, at::native::binary_internal::MulFunctor<float>>, at::detail::Array<char *, (int)3>>(int, T2, T3)	398,1,1	128,1,1	2	2528	1.6347421506268102e-05
OLMOE_1B7B_B1_T256_D8	PREFILL	COPY	void at::native::<unnamed>::CatArrayBatchedCopy<at::native::<unnamed>::OpaqueType<(unsigned int)4>, unsigned int, (int)3, (int)64, (int)64>(T1 *, at::native::<unnamed>::CatArrInputTensorMetadata<T1, T2, T4, T5>, at::native::<unnamed>::TensorSizeStride<T2, (unsigned int)4>, int, T2)	152,2,1	512,1,1	1	2496	1.614049212011281e-05
OLMOE_1B7B_B1_T256_D8	PREFILL	OTHER	void at::native::vectorized_elementwise_kernel<(int)4, at::native::<unnamed>::silu_kernel(at::TensorIteratorBase &)::[lambda() (instance 1)]::operator ()() const::[lambda() (instance 6)]::operator ()() const::[lambda(c10::BFloat16) (instance 1)], at::detail::Array<char *, (int)2>>(int, T2, T3)	226,1,1	128,1,1	2	2496	1.614049212011281e-05
OLMOE_1B7B_B1_T256_D8	PREFILL	OTHER	void at::native::vectorized_elementwise_kernel<(int)4, at::native::<unnamed>::silu_kernel(at::TensorIteratorBase &)::[lambda() (instance 1)]::operator ()() const::[lambda() (instance 6)]::operator ()() const::[lambda(c10::BFloat16) (instance 1)], at::detail::Array<char *, (int)2>>(int, T2, T3)	260,1,1	128,1,1	2	2496	1.614049212011281e-05
OLMOE_1B7B_B1_T256_D8	PREFILL	OTHER	void at::native::vectorized_elementwise_kernel<(int)4, at::native::<unnamed>::silu_kernel(at::TensorIteratorBase &)::[lambda() (instance 1)]::operator ()() const::[lambda() (instance 6)]::operator ()() const::[lambda(c10::BFloat16) (instance 1)], at::detail::Array<char *, (int)2>>(int, T2, T3)	210,1,1	128,1,1	2	2464	1.5933562733957517e-05
OLMOE_1B7B_B1_T256_D8	PREFILL	OTHER	void at::native::vectorized_elementwise_kernel<(int)4, at::native::<unnamed>::silu_kernel(at::TensorIteratorBase &)::[lambda() (instance 1)]::operator ()() const::[lambda() (instance 6)]::operator ()() const::[lambda(c10::BFloat16) (instance 1)], at::detail::Array<char *, (int)2>>(int, T2, T3)	214,1,1	128,1,1	2	2464	1.5933562733957517e-05
OLMOE_1B7B_B1_T256_D8	PREFILL	OTHER	void at::native::vectorized_elementwise_kernel<(int)4, at::native::<unnamed>::silu_kernel(at::TensorIteratorBase &)::[lambda() (instance 1)]::operator ()() const::[lambda() (instance 6)]::operator ()() const::[lambda(c10::BFloat16) (instance 1)], at::detail::Array<char *, (int)2>>(int, T2, T3)	232,1,1	128,1,1	2	2464	1.5933562733957517e-05
OLMOE_1B7B_B1_T256_D8	PREFILL	OTHER	void at::native::vectorized_elementwise_kernel<(int)4, at::native::<unnamed>::silu_kernel(at::TensorIteratorBase &)::[lambda() (instance 1)]::operator ()() const::[lambda() (instance 6)]::operator ()() const::[lambda(c10::BFloat16) (instance 1)], at::detail::Array<char *, (int)2>>(int, T2, T3)	200,1,1	128,1,1	2	2432	1.5726633347802224e-05
OLMOE_1B7B_B1_T256_D8	PREFILL	OTHER	void at::native::vectorized_elementwise_kernel<(int)4, at::native::<unnamed>::silu_kernel(at::TensorIteratorBase &)::[lambda() (instance 1)]::operator ()() const::[lambda() (instance 6)]::operator ()() const::[lambda(c10::BFloat16) (instance 1)], at::detail::Array<char *, (int)2>>(int, T2, T3)	180,1,1	128,1,1	2	2432	1.5726633347802224e-05
OLMOE_1B7B_B1_T256_D8	PREFILL	OTHER	void at::native::elementwise_kernel<(int)128, (int)4, void at::native::gpu_kernel_impl_nocast<at::native::BinaryFunctor<c10::BFloat16, c10::BFloat16, c10::BFloat16, at::native::binary_internal::MulFunctor<float>>>(at::TensorIteratorBase &, const T1 &)::[lambda(int) (instance 1)]>(int, T3)	832,1,1	128,1,1	1	2432	1.5726633347802224e-05
OLMOE_1B7B_B1_T256_D8	PREFILL	OTHER	void at::native::elementwise_kernel<(int)128, (int)4, void at::native::gpu_kernel_impl_nocast<at::native::BinaryFunctor<c10::BFloat16, c10::BFloat16, c10::BFloat16, at::native::binary_internal::MulFunctor<float>>>(at::TensorIteratorBase &, const T1 &)::[lambda(int) (instance 1)]>(int, T3)	828,1,1	128,1,1	1	2432	1.5726633347802224e-05
OLMOE_1B7B_B1_T256_D8	PREFILL	OTHER	void at::native::vectorized_elementwise_kernel<(int)4, at::native::<unnamed>::silu_kernel(at::TensorIteratorBase &)::[lambda() (instance 1)]::operator ()() const::[lambda() (instance 6)]::operator ()() const::[lambda(c10::BFloat16) (instance 1)], at::detail::Array<char *, (int)2>>(int, T2, T3)	204,1,1	128,1,1	2	2432	1.5726633347802224e-05
OLMOE_1B7B_B1_T256_D8	PREFILL	OTHER	void at::native::elementwise_kernel<(int)128, (int)4, void at::native::gpu_kernel_impl_nocast<at::native::BinaryFunctor<c10::BFloat16, c10::BFloat16, c10::BFloat16, at::native::binary_internal::MulFunctor<float>>>(at::TensorIteratorBase &, const T1 &)::[lambda(int) (instance 1)]>(int, T3)	816,1,1	128,1,1	1	2400	1.551970396164693e-05
OLMOE_1B7B_B1_T256_D8	PREFILL	OTHER	void at::native::vectorized_elementwise_kernel<(int)4, at::native::<unnamed>::silu_kernel(at::TensorIteratorBase &)::[lambda() (instance 1)]::operator ()() const::[lambda() (instance 6)]::operator ()() const::[lambda(c10::BFloat16) (instance 1)], at::detail::Array<char *, (int)2>>(int, T2, T3)	182,1,1	128,1,1	2	2400	1.551970396164693e-05
OLMOE_1B7B_B1_T256_D8	PREFILL	OTHER	void at::native::elementwise_kernel<(int)128, (int)4, void at::native::gpu_kernel_impl_nocast<at::native::BinaryFunctor<c10::BFloat16, c10::BFloat16, c10::BFloat16, at::native::binary_internal::MulFunctor<float>>>(at::TensorIteratorBase &, const T1 &)::[lambda(int) (instance 1)]>(int, T3)	780,1,1	128,1,1	1	2400	1.551970396164693e-05
OLMOE_1B7B_B1_T256_D8	PREFILL	OTHER	void at::native::vectorized_elementwise_kernel<(int)4, at::native::<unnamed>::silu_kernel(at::TensorIteratorBase &)::[lambda() (instance 1)]::operator ()() const::[lambda() (instance 6)]::operator ()() const::[lambda(c10::BFloat16) (instance 1)], at::detail::Array<char *, (int)2>>(int, T2, T3)	156,1,1	128,1,1	2	2368	1.531277457549164e-05
OLMOE_1B7B_B1_T256_D8	PREFILL	OTHER	void at::native::vectorized_elementwise_kernel<(int)4, at::native::BinaryFunctor<c10::BFloat16, c10::BFloat16, c10::BFloat16, at::native::binary_internal::MulFunctor<float>>, at::detail::Array<char *, (int)3>>(int, T2, T3)	318,1,1	128,1,1	2	2368	1.531277457549164e-05
OLMOE_1B7B_B1_T256_D8	PREFILL	OTHER	void at::native::vectorized_elementwise_kernel<(int)4, at::native::<unnamed>::silu_kernel(at::TensorIteratorBase &)::[lambda() (instance 1)]::operator ()() const::[lambda() (instance 6)]::operator ()() const::[lambda(c10::BFloat16) (instance 1)], at::detail::Array<char *, (int)2>>(int, T2, T3)	192,1,1	128,1,1	2	2368	1.531277457549164e-05
OLMOE_1B7B_B1_T256_D8	PREFILL	OTHER	void at::native::vectorized_elementwise_kernel<(int)4, at::native::<unnamed>::silu_kernel(at::TensorIteratorBase &)::[lambda() (instance 1)]::operator ()() const::[lambda() (instance 6)]::operator ()() const::[lambda(c10::BFloat16) (instance 1)], at::detail::Array<char *, (int)2>>(int, T2, T3)	114,1,1	128,1,1	2	2368	1.531277457549164e-05
OLMOE_1B7B_B1_T256_D8	PREFILL	OTHER	void at::native::vectorized_elementwise_kernel<(int)4, at::native::<unnamed>::silu_kernel(at::TensorIteratorBase &)::[lambda() (instance 1)]::operator ()() const::[lambda() (instance 6)]::operator ()() const::[lambda(c10::BFloat16) (instance 1)], at::detail::Array<char *, (int)2>>(int, T2, T3)	152,1,1	128,1,1	2	2368	1.531277457549164e-05
OLMOE_1B7B_B1_T256_D8	PREFILL	OTHER	void at::native::vectorized_elementwise_kernel<(int)4, at::native::<unnamed>::silu_kernel(at::TensorIteratorBase &)::[lambda() (instance 1)]::operator ()() const::[lambda() (instance 6)]::operator ()() const::[lambda(c10::BFloat16) (instance 1)], at::detail::Array<char *, (int)2>>(int, T2, T3)	158,1,1	128,1,1	2	2368	1.531277457549164e-05
OLMOE_1B7B_B1_T256_D8	PREFILL	OTHER	void at::native::vectorized_elementwise_kernel<(int)4, at::native::BinaryFunctor<c10::BFloat16, c10::BFloat16, c10::BFloat16, at::native::binary_internal::MulFunctor<float>>, at::detail::Array<char *, (int)3>>(int, T2, T3)	288,1,1	128,1,1	2	2368	1.531277457549164e-05
OLMOE_1B7B_B1_T256_D8	PREFILL	OTHER	void at::native::vectorized_elementwise_kernel<(int)4, at::native::<unnamed>::silu_kernel(at::TensorIteratorBase &)::[lambda() (instance 1)]::operator ()() const::[lambda() (instance 6)]::operator ()() const::[lambda(c10::BFloat16) (instance 1)], at::detail::Array<char *, (int)2>>(int, T2, T3)	172,1,1	128,1,1	2	2368	1.531277457549164e-05
OLMOE_1B7B_B1_T256_D8	PREFILL	OTHER	void at::native::vectorized_elementwise_kernel<(int)4, at::native::<unnamed>::silu_kernel(at::TensorIteratorBase &)::[lambda() (instance 1)]::operator ()() const::[lambda() (instance 6)]::operator ()() const::[lambda(c10::BFloat16) (instance 1)], at::detail::Array<char *, (int)2>>(int, T2, T3)	174,1,1	128,1,1	2	2368	1.531277457549164e-05
OLMOE_1B7B_B1_T256_D8	PREFILL	OTHER	void at::native::vectorized_elementwise_kernel<(int)4, at::native::<unnamed>::silu_kernel(at::TensorIteratorBase &)::[lambda() (instance 1)]::operator ()() const::[lambda() (instance 6)]::operator ()() const::[lambda(c10::BFloat16) (instance 1)], at::detail::Array<char *, (int)2>>(int, T2, T3)	154,1,1	128,1,1	2	2336	1.5105845189336346e-05
OLMOE_1B7B_B1_T256_D8	PREFILL	OTHER	void at::native::vectorized_elementwise_kernel<(int)4, at::native::BinaryFunctor<c10::BFloat16, c10::BFloat16, c10::BFloat16, at::native::binary_internal::MulFunctor<float>>, at::detail::Array<char *, (int)3>>(int, T2, T3)	264,1,1	128,1,1	2	2336	1.5105845189336346e-05
OLMOE_1B7B_B1_T256_D8	PREFILL	OTHER	void at::native::elementwise_kernel<(int)128, (int)4, void at::native::gpu_kernel_impl_nocast<at::native::BinaryFunctor<c10::BFloat16, c10::BFloat16, c10::BFloat16, at::native::binary_internal::MulFunctor<float>>>(at::TensorIteratorBase &, const T1 &)::[lambda(int) (instance 1)]>(int, T3)	772,1,1	128,1,1	1	2336	1.5105845189336346e-05
OLMOE_1B7B_B1_T256_D8	PREFILL	OTHER	void at::native::vectorized_elementwise_kernel<(int)4, at::native::<unnamed>::silu_kernel(at::TensorIteratorBase &)::[lambda() (instance 1)]::operator ()() const::[lambda() (instance 6)]::operator ()() const::[lambda(c10::BFloat16) (instance 1)], at::detail::Array<char *, (int)2>>(int, T2, T3)	120,1,1	128,1,1	2	2336	1.5105845189336346e-05
OLMOE_1B7B_B1_T256_D8	PREFILL	OTHER	void at::native::elementwise_kernel<(int)128, (int)4, void at::native::gpu_kernel_impl_nocast<at::native::BinaryFunctor<c10::BFloat16, c10::BFloat16, c10::BFloat16, at::native::binary_internal::MulFunctor<float>>>(at::TensorIteratorBase &, const T1 &)::[lambda(int) (instance 1)]>(int, T3)	752,1,1	128,1,1	1	2304	1.4898915803181054e-05
OLMOE_1B7B_B1_T256_D8	PREFILL	OTHER	void at::native::vectorized_elementwise_kernel<(int)4, at::native::<unnamed>::silu_kernel(at::TensorIteratorBase &)::[lambda() (instance 1)]::operator ()() const::[lambda() (instance 6)]::operator ()() const::[lambda(c10::BFloat16) (instance 1)], at::detail::Array<char *, (int)2>>(int, T2, T3)	110,1,1	128,1,1	2	2304	1.4898915803181054e-05
OLMOE_1B7B_B1_T256_D8	PREFILL	OTHER	void at::native::vectorized_elementwise_kernel<(int)4, at::native::BinaryFunctor<c10::BFloat16, c10::BFloat16, c10::BFloat16, at::native::binary_internal::MulFunctor<float>>, at::detail::Array<char *, (int)3>>(int, T2, T3)	232,1,1	128,1,1	2	2304	1.4898915803181054e-05
OLMOE_1B7B_B1_T256_D8	PREFILL	OTHER	void at::native::elementwise_kernel<(int)128, (int)4, void at::native::gpu_kernel_impl_nocast<at::native::BinaryFunctor<c10::BFloat16, c10::BFloat16, c10::BFloat16, at::native::binary_internal::MulFunctor<float>>>(at::TensorIteratorBase &, const T1 &)::[lambda(int) (instance 1)]>(int, T3)	744,1,1	128,1,1	1	2304	1.4898915803181054e-05
OLMOE_1B7B_B1_T256_D8	PREFILL	OTHER	void at::native::vectorized_elementwise_kernel<(int)4, at::native::BinaryFunctor<c10::BFloat16, c10::BFloat16, c10::BFloat16, at::native::binary_internal::MulFunctor<float>>, at::detail::Array<char *, (int)3>>(int, T2, T3)	226,1,1	128,1,1	2	2272	1.4691986417025761e-05
OLMOE_1B7B_B1_T256_D8	PREFILL	OTHER	void at::native::elementwise_kernel<(int)128, (int)4, void at::native::gpu_kernel_impl_nocast<at::native::BinaryFunctor<c10::BFloat16, c10::BFloat16, c10::BFloat16, at::native::binary_internal::MulFunctor<float>>>(at::TensorIteratorBase &, const T1 &)::[lambda(int) (instance 1)]>(int, T3)	704,1,1	128,1,1	1	2272	1.4691986417025761e-05
OLMOE_1B7B_B1_T256_D8	PREFILL	OTHER	void at::native::elementwise_kernel<(int)128, (int)4, void at::native::gpu_kernel_impl_nocast<at::native::BinaryFunctor<c10::BFloat16, c10::BFloat16, c10::BFloat16, at::native::binary_internal::MulFunctor<float>>>(at::TensorIteratorBase &, const T1 &)::[lambda(int) (instance 1)]>(int, T3)	708,1,1	128,1,1	1	2272	1.4691986417025761e-05
OLMOE_1B7B_B1_T256_D8	PREFILL	OTHER	void at::native::vectorized_elementwise_kernel<(int)4, at::native::<unnamed>::silu_kernel(at::TensorIteratorBase &)::[lambda() (instance 1)]::operator ()() const::[lambda() (instance 6)]::operator ()() const::[lambda(c10::BFloat16) (instance 1)], at::detail::Array<char *, (int)2>>(int, T2, T3)	102,1,1	128,1,1	2	2272	1.4691986417025761e-05
OLMOE_1B7B_B1_T256_D8	PREFILL	OTHER	void at::native::vectorized_elementwise_kernel<(int)4, at::native::BinaryFunctor<c10::BFloat16, c10::BFloat16, c10::BFloat16, at::native::binary_internal::MulFunctor<float>>, at::detail::Array<char *, (int)3>>(int, T2, T3)	260,1,1	128,1,1	2	2272	1.4691986417025761e-05
OLMOE_1B7B_B1_T256_D8	PREFILL	OTHER	void at::native::elementwise_kernel<(int)128, (int)4, void at::native::gpu_kernel_impl_nocast<at::native::BinaryFunctor<c10::BFloat16, c10::BFloat16, c10::BFloat16, at::native::binary_internal::MulFunctor<float>>>(at::TensorIteratorBase &, const T1 &)::[lambda(int) (instance 1)]>(int, T3)	720,1,1	128,1,1	1	2272	1.4691986417025761e-05
OLMOE_1B7B_B1_T256_D8	PREFILL	OTHER	void at::native::vectorized_elementwise_kernel<(int)4, at::native::BinaryFunctor<c10::BFloat16, c10::BFloat16, c10::BFloat16, at::native::binary_internal::MulFunctor<float>>, at::detail::Array<char *, (int)3>>(int, T2, T3)	210,1,1	128,1,1	2	2240	1.448505703087047e-05
OLMOE_1B7B_B1_T256_D8	PREFILL	OTHER	void at::native::vectorized_elementwise_kernel<(int)4, at::native::BinaryFunctor<c10::BFloat16, c10::BFloat16, c10::BFloat16, at::native::binary_internal::MulFunctor<float>>, at::detail::Array<char *, (int)3>>(int, T2, T3)	214,1,1	128,1,1	2	2240	1.448505703087047e-05
OLMOE_1B7B_B1_T256_D8	PREFILL	OTHER	void at::native::vectorized_elementwise_kernel<(int)4, at::native::BinaryFunctor<c10::BFloat16, c10::BFloat16, c10::BFloat16, at::native::binary_internal::MulFunctor<float>>, at::detail::Array<char *, (int)3>>(int, T2, T3)	182,1,1	128,1,1	2	2208	1.4278127644715177e-05
OLMOE_1B7B_B1_T256_D8	PREFILL	OTHER	void at::native::elementwise_kernel<(int)128, (int)4, void at::native::gpu_kernel_impl_nocast<at::native::BinaryFunctor<c10::BFloat16, c10::BFloat16, c10::BFloat16, at::native::binary_internal::MulFunctor<float>>>(at::TensorIteratorBase &, const T1 &)::[lambda(int) (instance 1)]>(int, T3)	676,1,1	128,1,1	1	2208	1.4278127644715177e-05
OLMOE_1B7B_B1_T256_D8	PREFILL	OTHER	void at::native::elementwise_kernel<(int)128, (int)4, void at::native::gpu_kernel_impl_nocast<at::native::BinaryFunctor<c10::BFloat16, c10::BFloat16, c10::BFloat16, at::native::binary_internal::MulFunctor<float>>>(at::TensorIteratorBase &, const T1 &)::[lambda(int) (instance 1)]>(int, T3)	680,1,1	128,1,1	1	2208	1.4278127644715177e-05
OLMOE_1B7B_B1_T256_D8	PREFILL	OTHER	void at::native::vectorized_elementwise_kernel<(int)4, at::native::BinaryFunctor<c10::BFloat16, c10::BFloat16, c10::BFloat16, at::native::binary_internal::MulFunctor<float>>, at::detail::Array<char *, (int)3>>(int, T2, T3)	204,1,1	128,1,1	2	2208	1.4278127644715177e-05
OLMOE_1B7B_B1_T256_D8	PREFILL	OTHER	void at::native::vectorized_elementwise_kernel<(int)4, at::native::BinaryFunctor<c10::BFloat16, c10::BFloat16, c10::BFloat16, at::native::binary_internal::MulFunctor<float>>, at::detail::Array<char *, (int)3>>(int, T2, T3)	156,1,1	128,1,1	2	2176	1.4071198258559885e-05
OLMOE_1B7B_B1_T256_D8	PREFILL	OTHER	void at::native::vectorized_elementwise_kernel<(int)4, at::native::BinaryFunctor<c10::BFloat16, c10::BFloat16, c10::BFloat16, at::native::binary_internal::MulFunctor<float>>, at::detail::Array<char *, (int)3>>(int, T2, T3)	192,1,1	128,1,1	2	2176	1.4071198258559885e-05
OLMOE_1B7B_B1_T256_D8	PREFILL	OTHER	void at::native::vectorized_elementwise_kernel<(int)4, at::native::BinaryFunctor<c10::BFloat16, c10::BFloat16, c10::BFloat16, at::native::binary_internal::MulFunctor<float>>, at::detail::Array<char *, (int)3>>(int, T2, T3)	200,1,1	128,1,1	2	2176	1.4071198258559885e-05
OLMOE_1B7B_B1_T256_D8	PREFILL	OTHER	void at::native::vectorized_elementwise_kernel<(int)4, at::native::BinaryFunctor<c10::BFloat16, c10::BFloat16, c10::BFloat16, at::native::binary_internal::MulFunctor<float>>, at::detail::Array<char *, (int)3>>(int, T2, T3)	180,1,1	128,1,1	2	2176	1.4071198258559885e-05
OLMOE_1B7B_B1_T256_D8	PREFILL	OTHER	void at::native::elementwise_kernel<(int)128, (int)4, void at::native::gpu_kernel_impl_nocast<at::native::BinaryFunctor<c10::BFloat16, c10::BFloat16, c10::BFloat16, at::native::binary_internal::MulFunctor<float>>>(at::TensorIteratorBase &, const T1 &)::[lambda(int) (instance 1)]>(int, T3)	588,1,1	128,1,1	1	2176	1.4071198258559885e-05
OLMOE_1B7B_B1_T256_D8	PREFILL	OTHER	void at::native::elementwise_kernel<(int)128, (int)4, void at::native::gpu_kernel_impl_nocast<at::native::BinaryFunctor<c10::BFloat16, c10::BFloat16, c10::BFloat16, at::native::binary_internal::MulFunctor<float>>>(at::TensorIteratorBase &, const T1 &)::[lambda(int) (instance 1)]>(int, T3)	648,1,1	128,1,1	1	2176	1.4071198258559885e-05
OLMOE_1B7B_B1_T256_D8	PREFILL	OTHER	void at::native::vectorized_elementwise_kernel<(int)4, at::native::BinaryFunctor<c10::BFloat16, c10::BFloat16, c10::BFloat16, at::native::binary_internal::MulFunctor<float>>, at::detail::Array<char *, (int)3>>(int, T2, T3)	152,1,1	128,1,1	2	2144	1.3864268872404592e-05
OLMOE_1B7B_B1_T256_D8	PREFILL	OTHER	void at::native::vectorized_elementwise_kernel<(int)4, at::native::BinaryFunctor<c10::BFloat16, c10::BFloat16, c10::BFloat16, at::native::binary_internal::MulFunctor<float>>, at::detail::Array<char *, (int)3>>(int, T2, T3)	172,1,1	128,1,1	2	2144	1.3864268872404592e-05
OLMOE_1B7B_B1_T256_D8	PREFILL	OTHER	void at::native::elementwise_kernel<(int)128, (int)4, void at::native::gpu_kernel_impl_nocast<at::native::BinaryFunctor<c10::BFloat16, c10::BFloat16, c10::BFloat16, at::native::binary_internal::MulFunctor<float>>>(at::TensorIteratorBase &, const T1 &)::[lambda(int) (instance 1)]>(int, T3)	624,1,1	128,1,1	1	2144	1.3864268872404592e-05
OLMOE_1B7B_B1_T256_D8	PREFILL	OTHER	void at::native::vectorized_elementwise_kernel<(int)4, at::native::BinaryFunctor<c10::BFloat16, c10::BFloat16, c10::BFloat16, at::native::binary_internal::MulFunctor<float>>, at::detail::Array<char *, (int)3>>(int, T2, T3)	154,1,1	128,1,1	2	2112	1.36573394862493e-05
OLMOE_1B7B_B1_T256_D8	PREFILL	OTHER	void at::native::elementwise_kernel<(int)128, (int)4, void at::native::gpu_kernel_impl_nocast<at::native::BinaryFunctor<c10::BFloat16, c10::BFloat16, c10::BFloat16, at::native::binary_internal::MulFunctor<float>>>(at::TensorIteratorBase &, const T1 &)::[lambda(int) (instance 1)]>(int, T3)	580,1,1	128,1,1	1	2112	1.36573394862493e-05
OLMOE_1B7B_B1_T256_D8	PREFILL	OTHER	void at::native::vectorized_elementwise_kernel<(int)4, at::native::BinaryFunctor<c10::BFloat16, c10::BFloat16, c10::BFloat16, at::native::binary_internal::MulFunctor<float>>, at::detail::Array<char *, (int)3>>(int, T2, T3)	174,1,1	128,1,1	2	2112	1.36573394862493e-05
OLMOE_1B7B_B1_T256_D8	PREFILL	OTHER	void at::native::elementwise_kernel<(int)128, (int)4, void at::native::gpu_kernel_impl_nocast<at::native::BinaryFunctor<c10::BFloat16, c10::BFloat16, c10::BFloat16, at::native::binary_internal::MulFunctor<float>>>(at::TensorIteratorBase &, const T1 &)::[lambda(int) (instance 1)]>(int, T3)	548,1,1	128,1,1	1	2080	1.3450410100094007e-05
OLMOE_1B7B_B1_T256_D8	PREFILL	OTHER	void at::native::elementwise_kernel<(int)128, (int)4, void at::native::gpu_kernel_impl_nocast<at::native::BinaryFunctor<c10::BFloat16, c10::BFloat16, c10::BFloat16, at::native::binary_internal::MulFunctor<float>>>(at::TensorIteratorBase &, const T1 &)::[lambda(int) (instance 1)]>(int, T3)	512,1,1	128,1,1	1	2080	1.3450410100094007e-05
OLMOE_1B7B_B1_T256_D8	PREFILL	OTHER	void at::native::elementwise_kernel<(int)128, (int)4, void at::native::gpu_kernel_impl_nocast<at::native::BinaryFunctor<c10::BFloat16, c10::BFloat16, c10::BFloat16, at::native::binary_internal::MulFunctor<float>>>(at::TensorIteratorBase &, const T1 &)::[lambda(int) (instance 1)]>(int, T3)	556,1,1	128,1,1	1	2080	1.3450410100094007e-05
OLMOE_1B7B_B1_T256_D8	PREFILL	OTHER	void at::native::elementwise_kernel<(int)128, (int)4, void at::native::gpu_kernel_impl_nocast<at::native::BinaryFunctor<c10::BFloat16, c10::BFloat16, c10::BFloat16, at::native::binary_internal::MulFunctor<float>>>(at::TensorIteratorBase &, const T1 &)::[lambda(int) (instance 1)]>(int, T3)	432,1,1	128,1,1	1	2048	1.3243480713938714e-05
OLMOE_1B7B_B1_T256_D8	PREFILL	OTHER	void at::native::elementwise_kernel<(int)128, (int)4, void at::native::gpu_kernel_impl_nocast<at::native::BinaryFunctor<c10::BFloat16, c10::BFloat16, c10::BFloat16, at::native::binary_internal::MulFunctor<float>>>(at::TensorIteratorBase &, const T1 &)::[lambda(int) (instance 1)]>(int, T3)	476,1,1	128,1,1	1	2048	1.3243480713938714e-05
OLMOE_1B7B_B1_T256_D8	PREFILL	OTHER	void at::native::vectorized_elementwise_kernel<(int)4, at::native::BinaryFunctor<c10::BFloat16, c10::BFloat16, c10::BFloat16, at::native::binary_internal::MulFunctor<float>>, at::detail::Array<char *, (int)3>>(int, T2, T3)	114,1,1	128,1,1	2	2048	1.3243480713938714e-05
OLMOE_1B7B_B1_T256_D8	PREFILL	OTHER	void at::native::elementwise_kernel<(int)128, (int)4, void at::native::gpu_kernel_impl_nocast<at::native::BinaryFunctor<c10::BFloat16, c10::BFloat16, c10::BFloat16, at::native::binary_internal::MulFunctor<float>>>(at::TensorIteratorBase &, const T1 &)::[lambda(int) (instance 1)]>(int, T3)	536,1,1	128,1,1	1	2048	1.3243480713938714e-05
OLMOE_1B7B_B1_T256_D8	PREFILL	OTHER	void at::native::elementwise_kernel<(int)128, (int)4, void at::native::gpu_kernel_impl_nocast<at::native::BinaryFunctor<c10::BFloat16, c10::BFloat16, c10::BFloat16, at::native::binary_internal::MulFunctor<float>>>(at::TensorIteratorBase &, const T1 &)::[lambda(int) (instance 1)]>(int, T3)	532,1,1	128,1,1	1	2048	1.3243480713938714e-05
OLMOE_1B7B_B1_T256_D8	PREFILL	OTHER	void at::native::elementwise_kernel<(int)128, (int)4, void at::native::gpu_kernel_impl_nocast<at::native::BinaryFunctor<c10::BFloat16, c10::BFloat16, c10::BFloat16, at::native::binary_internal::MulFunctor<float>>>(at::TensorIteratorBase &, const T1 &)::[lambda(int) (instance 1)]>(int, T3)	456,1,1	128,1,1	1	2048	1.3243480713938714e-05
OLMOE_1B7B_B1_T256_D8	PREFILL	OTHER	void at::native::elementwise_kernel<(int)128, (int)4, void at::native::gpu_kernel_impl_nocast<at::native::BinaryFunctor<c10::BFloat16, c10::BFloat16, c10::BFloat16, at::native::binary_internal::MulFunctor<float>>>(at::TensorIteratorBase &, const T1 &)::[lambda(int) (instance 1)]>(int, T3)	492,1,1	128,1,1	1	2048	1.3243480713938714e-05
OLMOE_1B7B_B1_T256_D8	PREFILL	OTHER	void at::native::elementwise_kernel<(int)128, (int)4, void at::native::gpu_kernel_impl_nocast<at::native::BinaryFunctor<c10::BFloat16, c10::BFloat16, c10::BFloat16, at::native::binary_internal::MulFunctor<float>>>(at::TensorIteratorBase &, const T1 &)::[lambda(int) (instance 1)]>(int, T3)	496,1,1	128,1,1	1	2048	1.3243480713938714e-05
OLMOE_1B7B_B1_T256_D8	PREFILL	OTHER	void at::native::vectorized_elementwise_kernel<(int)4, at::native::BinaryFunctor<c10::BFloat16, c10::BFloat16, c10::BFloat16, at::native::binary_internal::MulFunctor<float>>, at::detail::Array<char *, (int)3>>(int, T2, T3)	158,1,1	128,1,1	2	2048	1.3243480713938714e-05
OLMOE_1B7B_B1_T256_D8	PREFILL	OTHER	void at::native::elementwise_kernel<(int)128, (int)4, void at::native::gpu_kernel_impl_nocast<at::native::BinaryFunctor<c10::BFloat16, c10::BFloat16, c10::BFloat16, at::native::binary_internal::MulFunctor<float>>>(at::TensorIteratorBase &, const T1 &)::[lambda(int) (instance 1)]>(int, T3)	508,1,1	128,1,1	1	2048	1.3243480713938714e-05
OLMOE_1B7B_B1_T256_D8	PREFILL	OTHER	void at::native::vectorized_elementwise_kernel<(int)4, at::native::BinaryFunctor<c10::BFloat16, c10::BFloat16, c10::BFloat16, at::native::binary_internal::MulFunctor<float>>, at::detail::Array<char *, (int)3>>(int, T2, T3)	120,1,1	128,1,1	2	2048	1.3243480713938714e-05
OLMOE_1B7B_B1_T256_D8	PREFILL	OTHER	void at::native::vectorized_elementwise_kernel<(int)4, at::native::BinaryFunctor<c10::BFloat16, c10::BFloat16, c10::BFloat16, at::native::binary_internal::MulFunctor<float>>, at::detail::Array<char *, (int)3>>(int, T2, T3)	102,1,1	128,1,1	2	2016	1.3036551327783423e-05
OLMOE_1B7B_B1_T256_D8	PREFILL	OTHER	void at::native::elementwise_kernel<(int)128, (int)4, void at::native::gpu_kernel_impl_nocast<at::native::BinaryFunctor<c10::BFloat16, c10::BFloat16, c10::BFloat16, at::native::binary_internal::MulFunctor<float>>>(at::TensorIteratorBase &, const T1 &)::[lambda(int) (instance 1)]>(int, T3)	460,1,1	128,1,1	1	2016	1.3036551327783423e-05
OLMOE_1B7B_B1_T256_D8	PREFILL	OTHER	void at::native::vectorized_elementwise_kernel<(int)4, at::native::BinaryFunctor<c10::BFloat16, c10::BFloat16, c10::BFloat16, at::native::binary_internal::MulFunctor<float>>, at::detail::Array<char *, (int)3>>(int, T2, T3)	110,1,1	128,1,1	2	1984	1.282962194162813e-05
OLMOE_1B7B_B1_T256_D8	PREFILL	OTHER	void at::native::elementwise_kernel<(int)128, (int)4, void at::native::gpu_kernel_impl_nocast<at::native::BinaryFunctor<c10::BFloat16, c10::BFloat16, c10::BFloat16, at::native::binary_internal::MulFunctor<float>>>(at::TensorIteratorBase &, const T1 &)::[lambda(int) (instance 1)]>(int, T3)	436,1,1	128,1,1	1	1984	1.282962194162813e-05
OLMOE_1B7B_B1_T256_D8	PREFILL	OTHER	void at::native::elementwise_kernel<(int)128, (int)4, void at::native::gpu_kernel_impl_nocast<at::native::BinaryFunctor<c10::BFloat16, c10::BFloat16, c10::BFloat16, at::native::binary_internal::MulFunctor<float>>>(at::TensorIteratorBase &, const T1 &)::[lambda(int) (instance 1)]>(int, T3)	412,1,1	128,1,1	1	1984	1.282962194162813e-05
OLMOE_1B7B_B1_T256_D8	PREFILL	OTHER	void at::native::elementwise_kernel<(int)128, (int)4, void at::native::gpu_kernel_impl_nocast<at::native::BinaryFunctor<c10::BFloat16, c10::BFloat16, c10::BFloat16, at::native::binary_internal::MulFunctor<float>>>(at::TensorIteratorBase &, const T1 &)::[lambda(int) (instance 1)]>(int, T3)	440,1,1	128,1,1	1	1984	1.282962194162813e-05
OLMOE_1B7B_B1_T256_D8	PREFILL	OTHER	void at::native::elementwise_kernel<(int)128, (int)4, void at::native::gpu_kernel_impl_nocast<at::native::BinaryFunctor<c10::BFloat16, c10::BFloat16, c10::BFloat16, at::native::binary_internal::MulFunctor<float>>>(at::TensorIteratorBase &, const T1 &)::[lambda(int) (instance 1)]>(int, T3)	388,1,1	128,1,1	1	1952	1.2622692555472838e-05
OLMOE_1B7B_B1_T256_D8	PREFILL	OTHER	void at::native::elementwise_kernel<(int)128, (int)4, void at::native::gpu_kernel_impl_nocast<at::native::BinaryFunctor<c10::BFloat16, c10::BFloat16, c10::BFloat16, at::native::binary_internal::MulFunctor<float>>>(at::TensorIteratorBase &, const T1 &)::[lambda(int) (instance 1)]>(int, T3)	328,1,1	128,1,1	1	1952	1.2622692555472838e-05
OLMOE_1B7B_B1_T256_D8	PREFILL	OTHER	void at::native::elementwise_kernel<(int)128, (int)4, void at::native::gpu_kernel_impl_nocast<at::native::BinaryFunctor<c10::BFloat16, c10::BFloat16, c10::BFloat16, at::native::binary_internal::MulFunctor<float>>>(at::TensorIteratorBase &, const T1 &)::[lambda(int) (instance 1)]>(int, T3)	332,1,1	128,1,1	1	1952	1.2622692555472838e-05
OLMOE_1B7B_B1_T256_D8	PREFILL	OTHER	void at::native::elementwise_kernel<(int)128, (int)4, void at::native::gpu_kernel_impl_nocast<at::native::BinaryFunctor<c10::BFloat16, c10::BFloat16, c10::BFloat16, at::native::binary_internal::MulFunctor<float>>>(at::TensorIteratorBase &, const T1 &)::[lambda(int) (instance 1)]>(int, T3)	352,1,1	128,1,1	1	1952	1.2622692555472838e-05
OLMOE_1B7B_B1_T256_D8	PREFILL	OTHER	void at::native::vectorized_elementwise_kernel<(int)4, at::native::AUnaryFunctor<float, float, float, at::native::binary_internal::MulFunctor<float>>, at::detail::Array<char *, (int)2>>(int, T2, T3)	64,1,1	128,1,1	2	1920	1.2415763169317545e-05
OLMOE_1B7B_B1_T256_D8	PREFILL	OTHER	void at::native::elementwise_kernel<(int)128, (int)4, void at::native::gpu_kernel_impl_nocast<at::native::BinaryFunctor<c10::BFloat16, c10::BFloat16, c10::BFloat16, at::native::binary_internal::MulFunctor<float>>>(at::TensorIteratorBase &, const T1 &)::[lambda(int) (instance 1)]>(int, T3)	340,1,1	128,1,1	1	1920	1.2415763169317545e-05
OLMOE_1B7B_B1_T256_D8	PREFILL	OTHER	void at::native::elementwise_kernel<(int)128, (int)4, void at::native::gpu_kernel_impl_nocast<at::native::BinaryFunctor<c10::BFloat16, c10::BFloat16, c10::BFloat16, at::native::binary_internal::MulFunctor<float>>>(at::TensorIteratorBase &, const T1 &)::[lambda(int) (instance 1)]>(int, T3)	284,1,1	128,1,1	1	1920	1.2415763169317545e-05
OLMOE_1B7B_B1_T256_D8	PREFILL	OTHER	void at::native::elementwise_kernel<(int)128, (int)4, void at::native::gpu_kernel_impl_nocast<at::native::BinaryFunctor<c10::BFloat16, c10::BFloat16, c10::BFloat16, at::native::binary_internal::MulFunctor<float>>>(at::TensorIteratorBase &, const T1 &)::[lambda(int) (instance 1)]>(int, T3)	280,1,1	128,1,1	1	1888	1.2208833783162253e-05
OLMOE_1B7B_B1_T256_D8	PREFILL	OTHER	void at::native::elementwise_kernel<(int)128, (int)4, void at::native::gpu_kernel_impl_nocast<at::native::BinaryFunctor<c10::BFloat16, c10::BFloat16, c10::BFloat16, at::native::binary_internal::MulFunctor<float>>>(at::TensorIteratorBase &, const T1 &)::[lambda(int) (instance 1)]>(int, T3)	260,1,1	128,1,1	1	1856	1.200190439700696e-05
OLMOE_1B7B_B1_T256_D8	PREFILL	COPY	void at::native::unrolled_elementwise_kernel<at::native::direct_copy_kernel_cuda(at::TensorIteratorBase &)::[lambda() (instance 3)]::operator ()() const::[lambda() (instance 7)]::operator ()() const::[lambda(float) (instance 1)], at::detail::Array<char *, (int)2>, TrivialOffsetCalculator<(int)1, unsigned int>, TrivialOffsetCalculator<(int)1, unsigned int>, at::native::memory::LoadWithCast<(int)1>, at::native::memory::StoreWithCast<(int)1>>(int, T1, T2, T3, T4, T5, T6)	1,1,1	128,1,1	1	1472	9.518751763143452e-06
OLMOE_1B7B_B1_T256_D8	PREFILL	OTHER	void at::native::vectorized_elementwise_kernel<(int)4, at::native::<unnamed>::silu_kernel(at::TensorIteratorBase &)::[lambda() (instance 1)]::operator ()() const::[lambda() (instance 6)]::operator ()() const::[lambda(c10::BFloat16) (instance 1)], at::detail::Array<char *, (int)2>>(int, T2, T3)	454,1,1	128,1,1	1	1440	9.311822376988159e-06
OLMOE_1B7B_B1_T256_D8	PREFILL	OTHER	void at::native::vectorized_elementwise_kernel<(int)4, at::native::<unnamed>::silu_kernel(at::TensorIteratorBase &)::[lambda() (instance 1)]::operator ()() const::[lambda() (instance 6)]::operator ()() const::[lambda(c10::BFloat16) (instance 1)], at::detail::Array<char *, (int)2>>(int, T2, T3)	460,1,1	128,1,1	1	1408	9.104892990832866e-06
OLMOE_1B7B_B1_T256_D8	PREFILL	OTHER	void at::native::vectorized_elementwise_kernel<(int)4, at::native::<unnamed>::silu_kernel(at::TensorIteratorBase &)::[lambda() (instance 1)]::operator ()() const::[lambda() (instance 6)]::operator ()() const::[lambda(c10::BFloat16) (instance 1)], at::detail::Array<char *, (int)2>>(int, T2, T3)	416,1,1	128,1,1	1	1408	9.104892990832866e-06
OLMOE_1B7B_B1_T256_D8	PREFILL	OTHER	void at::native::vectorized_elementwise_kernel<(int)4, at::native::<unnamed>::silu_kernel(at::TensorIteratorBase &)::[lambda() (instance 1)]::operator ()() const::[lambda() (instance 6)]::operator ()() const::[lambda(c10::BFloat16) (instance 1)], at::detail::Array<char *, (int)2>>(int, T2, T3)	408,1,1	128,1,1	1	1376	8.897963604677574e-06
OLMOE_1B7B_B1_T256_D8	PREFILL	OTHER	void at::native::vectorized_elementwise_kernel<(int)4, at::native::<unnamed>::silu_kernel(at::TensorIteratorBase &)::[lambda() (instance 1)]::operator ()() const::[lambda() (instance 6)]::operator ()() const::[lambda(c10::BFloat16) (instance 1)], at::detail::Array<char *, (int)2>>(int, T2, T3)	390,1,1	128,1,1	1	1376	8.897963604677574e-06
OLMOE_1B7B_B1_T256_D8	PREFILL	OTHER	void at::native::vectorized_elementwise_kernel<(int)4, at::native::<unnamed>::silu_kernel(at::TensorIteratorBase &)::[lambda() (instance 1)]::operator ()() const::[lambda() (instance 6)]::operator ()() const::[lambda(c10::BFloat16) (instance 1)], at::detail::Array<char *, (int)2>>(int, T2, T3)	414,1,1	128,1,1	1	1376	8.897963604677574e-06
OLMOE_1B7B_B1_T256_D8	PREFILL	OTHER	void at::native::vectorized_elementwise_kernel<(int)4, at::native::<unnamed>::silu_kernel(at::TensorIteratorBase &)::[lambda() (instance 1)]::operator ()() const::[lambda() (instance 6)]::operator ()() const::[lambda(c10::BFloat16) (instance 1)], at::detail::Array<char *, (int)2>>(int, T2, T3)	354,1,1	128,1,1	1	1344	8.691034218522281e-06
OLMOE_1B7B_B1_T256_D8	PREFILL	OTHER	void at::native::vectorized_elementwise_kernel<(int)4, at::native::<unnamed>::silu_kernel(at::TensorIteratorBase &)::[lambda() (instance 1)]::operator ()() const::[lambda() (instance 6)]::operator ()() const::[lambda(c10::BFloat16) (instance 1)], at::detail::Array<char *, (int)2>>(int, T2, T3)	386,1,1	128,1,1	1	1344	8.691034218522281e-06
OLMOE_1B7B_B1_T256_D8	PREFILL	OTHER	void at::native::vectorized_elementwise_kernel<(int)4, at::native::<unnamed>::silu_kernel(at::TensorIteratorBase &)::[lambda() (instance 1)]::operator ()() const::[lambda() (instance 6)]::operator ()() const::[lambda(c10::BFloat16) (instance 1)], at::detail::Array<char *, (int)2>>(int, T2, T3)	376,1,1	128,1,1	1	1344	8.691034218522281e-06
OLMOE_1B7B_B1_T256_D8	PREFILL	OTHER	void at::native::vectorized_elementwise_kernel<(int)4, at::native::<unnamed>::silu_kernel(at::TensorIteratorBase &)::[lambda() (instance 1)]::operator ()() const::[lambda() (instance 6)]::operator ()() const::[lambda(c10::BFloat16) (instance 1)], at::detail::Array<char *, (int)2>>(int, T2, T3)	360,1,1	128,1,1	1	1344	8.691034218522281e-06
OLMOE_1B7B_B1_T256_D8	PREFILL	OTHER	void at::native::vectorized_elementwise_kernel<(int)4, at::native::cos_kernel_cuda(at::TensorIteratorBase &)::[lambda() (instance 2)]::operator ()() const::[lambda() (instance 2)]::operator ()() const::[lambda(float) (instance 1)], at::detail::Array<char *, (int)2>>(int, T2, T3)	64,1,1	128,1,1	1	1312	8.484104832366988e-06
OLMOE_1B7B_B1_T256_D8	PREFILL	OTHER	void at::native::vectorized_elementwise_kernel<(int)4, at::native::BinaryFunctor<c10::BFloat16, c10::BFloat16, c10::BFloat16, at::native::binary_internal::MulFunctor<float>>, at::detail::Array<char *, (int)3>>(int, T2, T3)	460,1,1	128,1,1	1	1312	8.484104832366988e-06
OLMOE_1B7B_B1_T256_D8	PREFILL	OTHER	void at::native::vectorized_elementwise_kernel<(int)4, at::native::<unnamed>::silu_kernel(at::TensorIteratorBase &)::[lambda() (instance 1)]::operator ()() const::[lambda() (instance 6)]::operator ()() const::[lambda(c10::BFloat16) (instance 1)], at::detail::Array<char *, (int)2>>(int, T2, T3)	352,1,1	128,1,1	1	1312	8.484104832366988e-06
OLMOE_1B7B_B1_T256_D8	PREFILL	OTHER	void at::native::vectorized_elementwise_kernel<(int)4, at::native::<unnamed>::silu_kernel(at::TensorIteratorBase &)::[lambda() (instance 1)]::operator ()() const::[lambda() (instance 6)]::operator ()() const::[lambda(c10::BFloat16) (instance 1)], at::detail::Array<char *, (int)2>>(int, T2, T3)	294,1,1	128,1,1	1	1312	8.484104832366988e-06
OLMOE_1B7B_B1_T256_D8	PREFILL	OTHER	void at::native::vectorized_elementwise_kernel<(int)4, at::native::<unnamed>::silu_kernel(at::TensorIteratorBase &)::[lambda() (instance 1)]::operator ()() const::[lambda() (instance 6)]::operator ()() const::[lambda(c10::BFloat16) (instance 1)], at::detail::Array<char *, (int)2>>(int, T2, T3)	324,1,1	128,1,1	1	1312	8.484104832366988e-06
OLMOE_1B7B_B1_T256_D8	PREFILL	OTHER	void at::native::vectorized_elementwise_kernel<(int)4, at::native::<unnamed>::silu_kernel(at::TensorIteratorBase &)::[lambda() (instance 1)]::operator ()() const::[lambda() (instance 6)]::operator ()() const::[lambda(c10::BFloat16) (instance 1)], at::detail::Array<char *, (int)2>>(int, T2, T3)	338,1,1	128,1,1	1	1312	8.484104832366988e-06
OLMOE_1B7B_B1_T256_D8	PREFILL	OTHER	void at::native::vectorized_elementwise_kernel<(int)4, at::native::BinaryFunctor<c10::BFloat16, c10::BFloat16, c10::BFloat16, at::native::binary_internal::MulFunctor<float>>, at::detail::Array<char *, (int)3>>(int, T2, T3)	414,1,1	128,1,1	1	1312	8.484104832366988e-06
OLMOE_1B7B_B1_T256_D8	PREFILL	OTHER	void at::native::vectorized_elementwise_kernel<(int)4, at::native::<unnamed>::silu_kernel(at::TensorIteratorBase &)::[lambda() (instance 1)]::operator ()() const::[lambda() (instance 6)]::operator ()() const::[lambda(c10::BFloat16) (instance 1)], at::detail::Array<char *, (int)2>>(int, T2, T3)	340,1,1	128,1,1	1	1312	8.484104832366988e-06
OLMOE_1B7B_B1_T256_D8	PREFILL	OTHER	void at::native::vectorized_elementwise_kernel<(int)4, at::native::<unnamed>::silu_kernel(at::TensorIteratorBase &)::[lambda() (instance 1)]::operator ()() const::[lambda() (instance 6)]::operator ()() const::[lambda(c10::BFloat16) (instance 1)], at::detail::Array<char *, (int)2>>(int, T2, T3)	372,1,1	128,1,1	1	1312	8.484104832366988e-06
OLMOE_1B7B_B1_T256_D8	PREFILL	GEMM	void gemmk1_kernel<int, float, (int)256, (int)5, (bool)0, (bool)0, (bool)0, (bool)0, cublasGemvTensorStridedBatched<const float>, cublasGemvTensorStridedBatched<const float>, cublasGemvTensorStridedBatched<float>, float, (int)0>(cublasGemmk1Params<T2, T9, T10, T11, T12, biasType<T11::value_type, T12>::type>)	8,2,1	256,1,1	1	1280	8.277175446211697e-06
OLMOE_1B7B_B1_T256_D8	PREFILL	OTHER	void at::native::vectorized_elementwise_kernel<(int)4, at::native::sin_kernel_cuda(at::TensorIteratorBase &)::[lambda() (instance 2)]::operator ()() const::[lambda() (instance 2)]::operator ()() const::[lambda(float) (instance 1)], at::detail::Array<char *, (int)2>>(int, T2, T3)	64,1,1	128,1,1	1	1280	8.277175446211697e-06
OLMOE_1B7B_B1_T256_D8	PREFILL	OTHER	void at::native::vectorized_elementwise_kernel<(int)4, at::native::BinaryFunctor<c10::BFloat16, c10::BFloat16, c10::BFloat16, at::native::binary_internal::MulFunctor<float>>, at::detail::Array<char *, (int)3>>(int, T2, T3)	408,1,1	128,1,1	1	1280	8.277175446211697e-06
OLMOE_1B7B_B1_T256_D8	PREFILL	OTHER	void at::native::vectorized_elementwise_kernel<(int)4, at::native::<unnamed>::silu_kernel(at::TensorIteratorBase &)::[lambda() (instance 1)]::operator ()() const::[lambda() (instance 6)]::operator ()() const::[lambda(c10::BFloat16) (instance 1)], at::detail::Array<char *, (int)2>>(int, T2, T3)	268,1,1	128,1,1	1	1280	8.277175446211697e-06
OLMOE_1B7B_B1_T256_D8	PREFILL	OTHER	void at::native::vectorized_elementwise_kernel<(int)4, at::native::<unnamed>::silu_kernel(at::TensorIteratorBase &)::[lambda() (instance 1)]::operator ()() const::[lambda() (instance 6)]::operator ()() const::[lambda(c10::BFloat16) (instance 1)], at::detail::Array<char *, (int)2>>(int, T2, T3)	274,1,1	128,1,1	1	1280	8.277175446211697e-06
OLMOE_1B7B_B1_T256_D8	PREFILL	OTHER	void at::native::vectorized_elementwise_kernel<(int)4, at::native::BinaryFunctor<c10::BFloat16, c10::BFloat16, c10::BFloat16, at::native::binary_internal::MulFunctor<float>>, at::detail::Array<char *, (int)3>>(int, T2, T3)	454,1,1	128,1,1	1	1280	8.277175446211697e-06
OLMOE_1B7B_B1_T256_D8	PREFILL	OTHER	void at::native::vectorized_elementwise_kernel<(int)4, at::native::BinaryFunctor<c10::BFloat16, c10::BFloat16, c10::BFloat16, at::native::binary_internal::MulFunctor<float>>, at::detail::Array<char *, (int)3>>(int, T2, T3)	386,1,1	128,1,1	1	1280	8.277175446211697e-06
OLMOE_1B7B_B1_T256_D8	PREFILL	OTHER	void at::native::vectorized_elementwise_kernel<(int)4, at::native::<unnamed>::silu_kernel(at::TensorIteratorBase &)::[lambda() (instance 1)]::operator ()() const::[lambda() (instance 6)]::operator ()() const::[lambda(c10::BFloat16) (instance 1)], at::detail::Array<char *, (int)2>>(int, T2, T3)	246,1,1	128,1,1	1	1280	8.277175446211697e-06
OLMOE_1B7B_B1_T256_D8	PREFILL	OTHER	void at::native::vectorized_elementwise_kernel<(int)4, at::native::<unnamed>::silu_kernel(at::TensorIteratorBase &)::[lambda() (instance 1)]::operator ()() const::[lambda() (instance 6)]::operator ()() const::[lambda(c10::BFloat16) (instance 1)], at::detail::Array<char *, (int)2>>(int, T2, T3)	278,1,1	128,1,1	1	1280	8.277175446211697e-06
OLMOE_1B7B_B1_T256_D8	PREFILL	OTHER	void at::native::vectorized_elementwise_kernel<(int)4, at::native::<unnamed>::silu_kernel(at::TensorIteratorBase &)::[lambda() (instance 1)]::operator ()() const::[lambda() (instance 6)]::operator ()() const::[lambda(c10::BFloat16) (instance 1)], at::detail::Array<char *, (int)2>>(int, T2, T3)	312,1,1	128,1,1	1	1280	8.277175446211697e-06
OLMOE_1B7B_B1_T256_D8	PREFILL	OTHER	void at::native::vectorized_elementwise_kernel<(int)4, at::native::<unnamed>::silu_kernel(at::TensorIteratorBase &)::[lambda() (instance 1)]::operator ()() const::[lambda() (instance 6)]::operator ()() const::[lambda(c10::BFloat16) (instance 1)], at::detail::Array<char *, (int)2>>(int, T2, T3)	216,1,1	128,1,1	1	1248	8.070246060056405e-06
OLMOE_1B7B_B1_T256_D8	PREFILL	OTHER	void at::native::vectorized_elementwise_kernel<(int)4, at::native::<unnamed>::silu_kernel(at::TensorIteratorBase &)::[lambda() (instance 1)]::operator ()() const::[lambda() (instance 6)]::operator ()() const::[lambda(c10::BFloat16) (instance 1)], at::detail::Array<char *, (int)2>>(int, T2, T3)	238,1,1	128,1,1	1	1248	8.070246060056405e-06
OLMOE_1B7B_B1_T256_D8	PREFILL	OTHER	void at::native::vectorized_elementwise_kernel<(int)4, at::native::<unnamed>::silu_kernel(at::TensorIteratorBase &)::[lambda() (instance 1)]::operator ()() const::[lambda() (instance 6)]::operator ()() const::[lambda(c10::BFloat16) (instance 1)], at::detail::Array<char *, (int)2>>(int, T2, T3)	290,1,1	128,1,1	1	1248	8.070246060056405e-06
OLMOE_1B7B_B1_T256_D8	PREFILL	OTHER	void at::native::vectorized_elementwise_kernel<(int)4, at::native::<unnamed>::silu_kernel(at::TensorIteratorBase &)::[lambda() (instance 1)]::operator ()() const::[lambda() (instance 6)]::operator ()() const::[lambda(c10::BFloat16) (instance 1)], at::detail::Array<char *, (int)2>>(int, T2, T3)	266,1,1	128,1,1	1	1248	8.070246060056405e-06
OLMOE_1B7B_B1_T256_D8	PREFILL	OTHER	void at::native::vectorized_elementwise_kernel<(int)4, at::native::<unnamed>::silu_kernel(at::TensorIteratorBase &)::[lambda() (instance 1)]::operator ()() const::[lambda() (instance 6)]::operator ()() const::[lambda(c10::BFloat16) (instance 1)], at::detail::Array<char *, (int)2>>(int, T2, T3)	230,1,1	128,1,1	1	1248	8.070246060056405e-06
OLMOE_1B7B_B1_T256_D8	PREFILL	OTHER	void at::native::vectorized_elementwise_kernel<(int)4, at::native::BinaryFunctor<c10::BFloat16, c10::BFloat16, c10::BFloat16, at::native::binary_internal::MulFunctor<float>>, at::detail::Array<char *, (int)3>>(int, T2, T3)	416,1,1	128,1,1	1	1248	8.070246060056405e-06
OLMOE_1B7B_B1_T256_D8	PREFILL	OTHER	void at::native::vectorized_elementwise_kernel<(int)4, at::native::BinaryFunctor<c10::BFloat16, c10::BFloat16, c10::BFloat16, at::native::binary_internal::MulFunctor<float>>, at::detail::Array<char *, (int)3>>(int, T2, T3)	376,1,1	128,1,1	1	1248	8.070246060056405e-06
OLMOE_1B7B_B1_T256_D8	PREFILL	OTHER	void at::native::vectorized_elementwise_kernel<(int)4, at::native::BinaryFunctor<c10::BFloat16, c10::BFloat16, c10::BFloat16, at::native::binary_internal::MulFunctor<float>>, at::detail::Array<char *, (int)3>>(int, T2, T3)	390,1,1	128,1,1	1	1248	8.070246060056405e-06
OLMOE_1B7B_B1_T256_D8	PREFILL	OTHER	void at::native::vectorized_elementwise_kernel<(int)4, at::native::<unnamed>::silu_kernel(at::TensorIteratorBase &)::[lambda() (instance 1)]::operator ()() const::[lambda() (instance 6)]::operator ()() const::[lambda(c10::BFloat16) (instance 1)], at::detail::Array<char *, (int)2>>(int, T2, T3)	256,1,1	128,1,1	1	1248	8.070246060056405e-06
OLMOE_1B7B_B1_T256_D8	PREFILL	OTHER	void at::native::vectorized_elementwise_kernel<(int)4, at::native::<unnamed>::silu_kernel(at::TensorIteratorBase &)::[lambda() (instance 1)]::operator ()() const::[lambda() (instance 6)]::operator ()() const::[lambda(c10::BFloat16) (instance 1)], at::detail::Array<char *, (int)2>>(int, T2, T3)	248,1,1	128,1,1	1	1248	8.070246060056405e-06
OLMOE_1B7B_B1_T256_D8	PREFILL	OTHER	void at::native::vectorized_elementwise_kernel<(int)4, at::native::<unnamed>::silu_kernel(at::TensorIteratorBase &)::[lambda() (instance 1)]::operator ()() const::[lambda() (instance 6)]::operator ()() const::[lambda(c10::BFloat16) (instance 1)], at::detail::Array<char *, (int)2>>(int, T2, T3)	254,1,1	128,1,1	1	1248	8.070246060056405e-06
OLMOE_1B7B_B1_T256_D8	PREFILL	OTHER	void at::native::vectorized_elementwise_kernel<(int)4, at::native::BinaryFunctor<c10::BFloat16, c10::BFloat16, c10::BFloat16, at::native::binary_internal::MulFunctor<float>>, at::detail::Array<char *, (int)3>>(int, T2, T3)	340,1,1	128,1,1	1	1248	8.070246060056405e-06
OLMOE_1B7B_B1_T256_D8	PREFILL	OTHER	void at::native::vectorized_elementwise_kernel<(int)4, at::native::<unnamed>::silu_kernel(at::TensorIteratorBase &)::[lambda() (instance 1)]::operator ()() const::[lambda() (instance 6)]::operator ()() const::[lambda(c10::BFloat16) (instance 1)], at::detail::Array<char *, (int)2>>(int, T2, T3)	218,1,1	128,1,1	1	1248	8.070246060056405e-06
OLMOE_1B7B_B1_T256_D8	PREFILL	OTHER	void at::native::vectorized_elementwise_kernel<(int)4, at::native::BinaryFunctor<c10::BFloat16, c10::BFloat16, c10::BFloat16, at::native::binary_internal::MulFunctor<float>>, at::detail::Array<char *, (int)3>>(int, T2, T3)	360,1,1	128,1,1	1	1248	8.070246060056405e-06
OLMOE_1B7B_B1_T256_D8	PREFILL	OTHER	void at::native::vectorized_elementwise_kernel<(int)4, at::native::<unnamed>::silu_kernel(at::TensorIteratorBase &)::[lambda() (instance 1)]::operator ()() const::[lambda() (instance 6)]::operator ()() const::[lambda(c10::BFloat16) (instance 1)], at::detail::Array<char *, (int)2>>(int, T2, T3)	220,1,1	128,1,1	1	1248	8.070246060056405e-06
OLMOE_1B7B_B1_T256_D8	PREFILL	OTHER	void at::native::vectorized_elementwise_kernel<(int)4, at::native::<unnamed>::silu_kernel(at::TensorIteratorBase &)::[lambda() (instance 1)]::operator ()() const::[lambda() (instance 6)]::operator ()() const::[lambda(c10::BFloat16) (instance 1)], at::detail::Array<char *, (int)2>>(int, T2, T3)	194,1,1	128,1,1	1	1216	7.863316673901112e-06
OLMOE_1B7B_B1_T256_D8	PREFILL	OTHER	void at::native::vectorized_elementwise_kernel<(int)4, at::native::BinaryFunctor<c10::BFloat16, c10::BFloat16, c10::BFloat16, at::native::binary_internal::MulFunctor<float>>, at::detail::Array<char *, (int)3>>(int, T2, T3)	352,1,1	128,1,1	1	1216	7.863316673901112e-06
OLMOE_1B7B_B1_T256_D8	PREFILL	OTHER	void at::native::vectorized_elementwise_kernel<(int)4, at::native::BinaryFunctor<c10::BFloat16, c10::BFloat16, c10::BFloat16, at::native::binary_internal::MulFunctor<float>>, at::detail::Array<char *, (int)3>>(int, T2, T3)	354,1,1	128,1,1	1	1216	7.863316673901112e-06
OLMOE_1B7B_B1_T256_D8	PREFILL	OTHER	void at::native::vectorized_elementwise_kernel<(int)4, at::native::BinaryFunctor<c10::BFloat16, c10::BFloat16, c10::BFloat16, at::native::binary_internal::MulFunctor<float>>, at::detail::Array<char *, (int)3>>(int, T2, T3)	290,1,1	128,1,1	1	1216	7.863316673901112e-06
OLMOE_1B7B_B1_T256_D8	PREFILL	OTHER	void at::native::vectorized_elementwise_kernel<(int)4, at::native::BinaryFunctor<c10::BFloat16, c10::BFloat16, c10::BFloat16, at::native::binary_internal::MulFunctor<float>>, at::detail::Array<char *, (int)3>>(int, T2, T3)	338,1,1	128,1,1	1	1216	7.863316673901112e-06
OLMOE_1B7B_B1_T256_D8	PREFILL	OTHER	void at::native::vectorized_elementwise_kernel<(int)4, at::native::<unnamed>::silu_kernel(at::TensorIteratorBase &)::[lambda() (instance 1)]::operator ()() const::[lambda() (instance 6)]::operator ()() const::[lambda(c10::BFloat16) (instance 1)], at::detail::Array<char *, (int)2>>(int, T2, T3)	228,1,1	128,1,1	1	1216	7.863316673901112e-06
OLMOE_1B7B_B1_T256_D8	PREFILL	OTHER	void at::native::vectorized_elementwise_kernel<(int)4, at::native::BinaryFunctor<c10::BFloat16, c10::BFloat16, c10::BFloat16, at::native::binary_internal::MulFunctor<float>>, at::detail::Array<char *, (int)3>>(int, T2, T3)	312,1,1	128,1,1	1	1216	7.863316673901112e-06
OLMOE_1B7B_B1_T256_D8	PREFILL	OTHER	void at::native::vectorized_elementwise_kernel<(int)4, at::native::BinaryFunctor<c10::BFloat16, c10::BFloat16, c10::BFloat16, at::native::binary_internal::MulFunctor<float>>, at::detail::Array<char *, (int)3>>(int, T2, T3)	372,1,1	128,1,1	1	1216	7.863316673901112e-06
OLMOE_1B7B_B1_T256_D8	PREFILL	OTHER	void at::native::vectorized_elementwise_kernel<(int)4, at::native::<unnamed>::silu_kernel(at::TensorIteratorBase &)::[lambda() (instance 1)]::operator ()() const::[lambda() (instance 6)]::operator ()() const::[lambda(c10::BFloat16) (instance 1)], at::detail::Array<char *, (int)2>>(int, T2, T3)	206,1,1	128,1,1	1	1216	7.863316673901112e-06
OLMOE_1B7B_B1_T256_D8	PREFILL	OTHER	void at::native::vectorized_elementwise_kernel<(int)4, at::native::<unnamed>::silu_kernel(at::TensorIteratorBase &)::[lambda() (instance 1)]::operator ()() const::[lambda() (instance 6)]::operator ()() const::[lambda(c10::BFloat16) (instance 1)], at::detail::Array<char *, (int)2>>(int, T2, T3)	170,1,1	128,1,1	1	1184	7.65638728774582e-06
OLMOE_1B7B_B1_T256_D8	PREFILL	OTHER	void at::native::vectorized_elementwise_kernel<(int)4, at::native::BinaryFunctor<c10::BFloat16, c10::BFloat16, c10::BFloat16, at::native::binary_internal::MulFunctor<float>>, at::detail::Array<char *, (int)3>>(int, T2, T3)	274,1,1	128,1,1	1	1184	7.65638728774582e-06
OLMOE_1B7B_B1_T256_D8	PREFILL	OTHER	void at::native::vectorized_elementwise_kernel<(int)4, at::native::BinaryFunctor<c10::BFloat16, c10::BFloat16, c10::BFloat16, at::native::binary_internal::MulFunctor<float>>, at::detail::Array<char *, (int)3>>(int, T2, T3)	294,1,1	128,1,1	1	1184	7.65638728774582e-06
OLMOE_1B7B_B1_T256_D8	PREFILL	OTHER	void at::native::vectorized_elementwise_kernel<(int)4, at::native::<unnamed>::silu_kernel(at::TensorIteratorBase &)::[lambda() (instance 1)]::operator ()() const::[lambda() (instance 6)]::operator ()() const::[lambda(c10::BFloat16) (instance 1)], at::detail::Array<char *, (int)2>>(int, T2, T3)	164,1,1	128,1,1	1	1184	7.65638728774582e-06
OLMOE_1B7B_B1_T256_D8	PREFILL	OTHER	void at::native::vectorized_elementwise_kernel<(int)4, at::native::BinaryFunctor<c10::BFloat16, c10::BFloat16, c10::BFloat16, at::native::binary_internal::MulFunctor<float>>, at::detail::Array<char *, (int)3>>(int, T2, T3)	324,1,1	128,1,1	1	1184	7.65638728774582e-06
OLMOE_1B7B_B1_T256_D8	PREFILL	OTHER	void at::native::vectorized_elementwise_kernel<(int)4, at::native::<unnamed>::silu_kernel(at::TensorIteratorBase &)::[lambda() (instance 1)]::operator ()() const::[lambda() (instance 6)]::operator ()() const::[lambda(c10::BFloat16) (instance 1)], at::detail::Array<char *, (int)2>>(int, T2, T3)	142,1,1	128,1,1	1	1184	7.65638728774582e-06
OLMOE_1B7B_B1_T256_D8	PREFILL	OTHER	void at::native::vectorized_elementwise_kernel<(int)4, at::native::<unnamed>::silu_kernel(at::TensorIteratorBase &)::[lambda() (instance 1)]::operator ()() const::[lambda() (instance 6)]::operator ()() const::[lambda(c10::BFloat16) (instance 1)], at::detail::Array<char *, (int)2>>(int, T2, T3)	166,1,1	128,1,1	1	1184	7.65638728774582e-06
OLMOE_1B7B_B1_T256_D8	PREFILL	OTHER	void at::native::vectorized_elementwise_kernel<(int)4, at::native::<unnamed>::silu_kernel(at::TensorIteratorBase &)::[lambda() (instance 1)]::operator ()() const::[lambda() (instance 6)]::operator ()() const::[lambda(c10::BFloat16) (instance 1)], at::detail::Array<char *, (int)2>>(int, T2, T3)	140,1,1	128,1,1	1	1184	7.65638728774582e-06
OLMOE_1B7B_B1_T256_D8	PREFILL	OTHER	void at::native::vectorized_elementwise_kernel<(int)4, at::native::<unnamed>::silu_kernel(at::TensorIteratorBase &)::[lambda() (instance 1)]::operator ()() const::[lambda() (instance 6)]::operator ()() const::[lambda(c10::BFloat16) (instance 1)], at::detail::Array<char *, (int)2>>(int, T2, T3)	176,1,1	128,1,1	1	1184	7.65638728774582e-06
OLMOE_1B7B_B1_T256_D8	PREFILL	OTHER	void at::native::vectorized_elementwise_kernel<(int)4, at::native::BinaryFunctor<c10::BFloat16, c10::BFloat16, c10::BFloat16, at::native::binary_internal::MulFunctor<float>>, at::detail::Array<char *, (int)3>>(int, T2, T3)	216,1,1	128,1,1	1	1152	7.449457901590527e-06
OLMOE_1B7B_B1_T256_D8	PREFILL	OTHER	void at::native::vectorized_elementwise_kernel<(int)4, at::native::BinaryFunctor<c10::BFloat16, c10::BFloat16, c10::BFloat16, at::native::binary_internal::MulFunctor<float>>, at::detail::Array<char *, (int)3>>(int, T2, T3)	268,1,1	128,1,1	1	1152	7.449457901590527e-06
OLMOE_1B7B_B1_T256_D8	PREFILL	OTHER	void at::native::vectorized_elementwise_kernel<(int)4, at::native::BinaryFunctor<c10::BFloat16, c10::BFloat16, c10::BFloat16, at::native::binary_internal::MulFunctor<float>>, at::detail::Array<char *, (int)3>>(int, T2, T3)	266,1,1	128,1,1	1	1152	7.449457901590527e-06
OLMOE_1B7B_B1_T256_D8	PREFILL	OTHER	void at::native::vectorized_elementwise_kernel<(int)4, at::native::BinaryFunctor<c10::BFloat16, c10::BFloat16, c10::BFloat16, at::native::binary_internal::MulFunctor<float>>, at::detail::Array<char *, (int)3>>(int, T2, T3)	230,1,1	128,1,1	1	1152	7.449457901590527e-06
OLMOE_1B7B_B1_T256_D8	PREFILL	OTHER	void at::native::vectorized_elementwise_kernel<(int)4, at::native::BinaryFunctor<c10::BFloat16, c10::BFloat16, c10::BFloat16, at::native::binary_internal::MulFunctor<float>>, at::detail::Array<char *, (int)3>>(int, T2, T3)	256,1,1	128,1,1	1	1152	7.449457901590527e-06
OLMOE_1B7B_B1_T256_D8	PREFILL	OTHER	void at::native::vectorized_elementwise_kernel<(int)4, at::native::BinaryFunctor<c10::BFloat16, c10::BFloat16, c10::BFloat16, at::native::binary_internal::MulFunctor<float>>, at::detail::Array<char *, (int)3>>(int, T2, T3)	246,1,1	128,1,1	1	1152	7.449457901590527e-06
OLMOE_1B7B_B1_T256_D8	PREFILL	OTHER	void at::native::vectorized_elementwise_kernel<(int)4, at::native::<unnamed>::silu_kernel(at::TensorIteratorBase &)::[lambda() (instance 1)]::operator ()() const::[lambda() (instance 6)]::operator ()() const::[lambda(c10::BFloat16) (instance 1)], at::detail::Array<char *, (int)2>>(int, T2, T3)	130,1,1	128,1,1	1	1152	7.449457901590527e-06
OLMOE_1B7B_B1_T256_D8	PREFILL	OTHER	void at::native::vectorized_elementwise_kernel<(int)4, at::native::BinaryFunctor<c10::BFloat16, c10::BFloat16, c10::BFloat16, at::native::binary_internal::MulFunctor<float>>, at::detail::Array<char *, (int)3>>(int, T2, T3)	248,1,1	128,1,1	1	1152	7.449457901590527e-06
OLMOE_1B7B_B1_T256_D8	PREFILL	OTHER	void at::native::vectorized_elementwise_kernel<(int)4, at::native::BinaryFunctor<c10::BFloat16, c10::BFloat16, c10::BFloat16, at::native::binary_internal::MulFunctor<float>>, at::detail::Array<char *, (int)3>>(int, T2, T3)	278,1,1	128,1,1	1	1152	7.449457901590527e-06
OLMOE_1B7B_B1_T256_D8	PREFILL	OTHER	void at::native::vectorized_elementwise_kernel<(int)4, at::native::BinaryFunctor<c10::BFloat16, c10::BFloat16, c10::BFloat16, at::native::binary_internal::MulFunctor<float>>, at::detail::Array<char *, (int)3>>(int, T2, T3)	238,1,1	128,1,1	1	1120	7.242528515435235e-06
OLMOE_1B7B_B1_T256_D8	PREFILL	OTHER	void at::native::vectorized_elementwise_kernel<(int)4, at::native::BinaryFunctor<c10::BFloat16, c10::BFloat16, c10::BFloat16, at::native::binary_internal::MulFunctor<float>>, at::detail::Array<char *, (int)3>>(int, T2, T3)	228,1,1	128,1,1	1	1120	7.242528515435235e-06
OLMOE_1B7B_B1_T256_D8	PREFILL	OTHER	void at::native::vectorized_elementwise_kernel<(int)4, at::native::BinaryFunctor<c10::BFloat16, c10::BFloat16, c10::BFloat16, at::native::binary_internal::MulFunctor<float>>, at::detail::Array<char *, (int)3>>(int, T2, T3)	254,1,1	128,1,1	1	1120	7.242528515435235e-06
OLMOE_1B7B_B1_T256_D8	PREFILL	OTHER	void at::native::vectorized_elementwise_kernel<(int)4, at::native::BinaryFunctor<c10::BFloat16, c10::BFloat16, c10::BFloat16, at::native::binary_internal::MulFunctor<float>>, at::detail::Array<char *, (int)3>>(int, T2, T3)	206,1,1	128,1,1	1	1120	7.242528515435235e-06
OLMOE_1B7B_B1_T256_D8	PREFILL	OTHER	void at::native::vectorized_elementwise_kernel<(int)4, at::native::BinaryFunctor<c10::BFloat16, c10::BFloat16, c10::BFloat16, at::native::binary_internal::MulFunctor<float>>, at::detail::Array<char *, (int)3>>(int, T2, T3)	220,1,1	128,1,1	1	1120	7.242528515435235e-06
OLMOE_1B7B_B1_T256_D8	PREFILL	OTHER	void at::native::vectorized_elementwise_kernel<(int)4, at::native::BinaryFunctor<c10::BFloat16, c10::BFloat16, c10::BFloat16, at::native::binary_internal::MulFunctor<float>>, at::detail::Array<char *, (int)3>>(int, T2, T3)	176,1,1	128,1,1	1	1089	7.042065672597295e-06
OLMOE_1B7B_B1_T256_D8	PREFILL	OTHER	void at::native::vectorized_elementwise_kernel<(int)4, at::native::BinaryFunctor<c10::BFloat16, c10::BFloat16, c10::BFloat16, at::native::binary_internal::MulFunctor<float>>, at::detail::Array<char *, (int)3>>(int, T2, T3)	170,1,1	128,1,1	1	1088	7.035599129279942e-06
OLMOE_1B7B_B1_T256_D8	PREFILL	OTHER	void at::native::vectorized_elementwise_kernel<(int)4, at::native::BinaryFunctor<c10::BFloat16, c10::BFloat16, c10::BFloat16, at::native::binary_internal::MulFunctor<float>>, at::detail::Array<char *, (int)3>>(int, T2, T3)	164,1,1	128,1,1	1	1088	7.035599129279942e-06
OLMOE_1B7B_B1_T256_D8	PREFILL	OTHER	void at::native::vectorized_elementwise_kernel<(int)4, at::native::BinaryFunctor<c10::BFloat16, c10::BFloat16, c10::BFloat16, at::native::binary_internal::MulFunctor<float>>, at::detail::Array<char *, (int)3>>(int, T2, T3)	166,1,1	128,1,1	1	1088	7.035599129279942e-06
OLMOE_1B7B_B1_T256_D8	PREFILL	OTHER	void at::native::vectorized_elementwise_kernel<(int)4, at::native::BinaryFunctor<c10::BFloat16, c10::BFloat16, c10::BFloat16, at::native::binary_internal::MulFunctor<float>>, at::detail::Array<char *, (int)3>>(int, T2, T3)	218,1,1	128,1,1	1	1088	7.035599129279942e-06
OLMOE_1B7B_B1_T256_D8	PREFILL	OTHER	void at::native::vectorized_elementwise_kernel<(int)4, at::native::BinaryFunctor<c10::BFloat16, c10::BFloat16, c10::BFloat16, at::native::binary_internal::MulFunctor<float>>, at::detail::Array<char *, (int)3>>(int, T2, T3)	194,1,1	128,1,1	1	1056	6.82866974312465e-06
OLMOE_1B7B_B1_T256_D8	PREFILL	OTHER	void at::native::vectorized_elementwise_kernel<(int)4, at::native::BinaryFunctor<c10::BFloat16, c10::BFloat16, c10::BFloat16, at::native::binary_internal::MulFunctor<float>>, at::detail::Array<char *, (int)3>>(int, T2, T3)	142,1,1	128,1,1	1	1056	6.82866974312465e-06
OLMOE_1B7B_B1_T256_D8	PREFILL	OTHER	void at::native::vectorized_elementwise_kernel<(int)4, at::native::BinaryFunctor<c10::BFloat16, c10::BFloat16, c10::BFloat16, at::native::binary_internal::MulFunctor<float>>, at::detail::Array<char *, (int)3>>(int, T2, T3)	140,1,1	128,1,1	1	1056	6.82866974312465e-06
OLMOE_1B7B_B1_T256_D8	PREFILL	OTHER	void at::native::vectorized_elementwise_kernel<(int)4, at::native::BinaryFunctor<c10::BFloat16, c10::BFloat16, c10::BFloat16, at::native::binary_internal::MulFunctor<float>>, at::detail::Array<char *, (int)3>>(int, T2, T3)	130,1,1	128,1,1	1	1024	6.621740356969357e-06
OLMOE_1B7B_B1_T256_D8	PREFILL	OTHER	void <unnamed>::elementwise_kernel_with_index<int, at::native::arange_cuda_out(const c10::Scalar &, const c10::Scalar &, const c10::Scalar &, at::Tensor &)::[lambda() (instance 1)]::operator ()() const::[lambda() (instance 4)]::operator ()() const::[lambda(long) (instance 1)]>(T1, T2, function_traits<T2>::result_type *)	4,1,1	64,1,1	1	832	5.380164040037603e-06
