record_type	point_id	observed_request_id	ordinal	module	phase	family	cuda_event_count	cuda_sum_ns	cuda_union_ns	overlap_double_count_ns	parent_full_request_cuda_union_ns	f_of_full_request_graph_off	parent_cuda_span_ns	uncorrelated_cuda_interval_count
ORDINAL	MP01	1	0	model.layers.0.self_attn	PREFILL	ATTENTION	5	177824	177824	0	38108350	0.004666273926842805	40322650	114
ORDINAL	MP01	1	1	model.layers.0.mlp.gate_up_proj	PREFILL	GATE_UP_PROJECTION	1	549247	549247	0	38108350	0.014412773053674588	40322650	114
ORDINAL	MP01	1	2	model.layers.0.mlp.act_fn	PREFILL	ACTIVATION	1	22112	22112	0	38108350	0.0005802402885456861	40322650	114
ORDINAL	MP01	1	3	model.layers.0.mlp.down_proj	PREFILL	DOWN_PROJECTION	1	269151	269151	0	38108350	0.007062782828435238	40322650	114
ORDINAL	MP01	1	4	model.layers.1.self_attn	PREFILL	ATTENTION	5	175967	175967	0	38108350	0.0046175444489199875	40322650	114
ORDINAL	MP01	1	5	model.layers.1.mlp.gate_up_proj	PREFILL	GATE_UP_PROJECTION	1	548479	548479	0	38108350	0.014392619990107155	40322650	114
ORDINAL	MP01	1	6	model.layers.1.mlp.act_fn	PREFILL	ACTIVATION	1	22176	22176	0	38108350	0.0005819197105096389	40322650	114
ORDINAL	MP01	1	7	model.layers.1.mlp.down_proj	PREFILL	DOWN_PROJECTION	1	269119	269119	0	38108350	0.007061943117453262	40322650	114
ORDINAL	MP01	1	8	model.layers.2.self_attn	PREFILL	ATTENTION	5	176256	176256	0	38108350	0.0046251280887259615	40322650	114
ORDINAL	MP01	1	9	model.layers.2.mlp.gate_up_proj	PREFILL	GATE_UP_PROJECTION	1	548446	548446	0	38108350	0.014391754038156991	40322650	114
ORDINAL	MP01	1	10	model.layers.2.mlp.act_fn	PREFILL	ACTIVATION	1	22112	22112	0	38108350	0.0005802402885456861	40322650	114
ORDINAL	MP01	1	11	model.layers.2.mlp.down_proj	PREFILL	DOWN_PROJECTION	1	268608	268608	0	38108350	0.007048533982709826	40322650	114
ORDINAL	MP01	1	12	model.layers.3.self_attn	PREFILL	ATTENTION	5	175999	175999	0	38108350	0.004618384159901964	40322650	114
ORDINAL	MP01	1	13	model.layers.3.mlp.gate_up_proj	PREFILL	GATE_UP_PROJECTION	1	548383	548383	0	38108350	0.014390100857161225	40322650	114
ORDINAL	MP01	1	14	model.layers.3.mlp.act_fn	PREFILL	ACTIVATION	1	22048	22048	0	38108350	0.0005785608665817334	40322650	114
ORDINAL	MP01	1	15	model.layers.3.mlp.down_proj	PREFILL	DOWN_PROJECTION	1	269215	269215	0	38108350	0.007064462250399191	40322650	114
ORDINAL	MP01	1	16	model.layers.4.self_attn	PREFILL	ATTENTION	5	175647	175647	0	38108350	0.004609147339100224	40322650	114
ORDINAL	MP01	1	17	model.layers.4.mlp.gate_up_proj	PREFILL	GATE_UP_PROJECTION	1	548415	548415	0	38108350	0.014390940568143202	40322650	114
ORDINAL	MP01	1	18	model.layers.4.mlp.act_fn	PREFILL	ACTIVATION	1	22112	22112	0	38108350	0.0005802402885456861	40322650	114
ORDINAL	MP01	1	19	model.layers.4.mlp.down_proj	PREFILL	DOWN_PROJECTION	1	269151	269151	0	38108350	0.007062782828435238	40322650	114
ORDINAL	MP01	1	20	model.layers.5.self_attn	PREFILL	ATTENTION	5	176640	176640	0	38108350	0.004635204620509678	40322650	114
ORDINAL	MP01	1	21	model.layers.5.mlp.gate_up_proj	PREFILL	GATE_UP_PROJECTION	1	548222	548222	0	38108350	0.014385876061283158	40322650	114
ORDINAL	MP01	1	22	model.layers.5.mlp.act_fn	PREFILL	ACTIVATION	1	22208	22208	0	38108350	0.0005827594214916153	40322650	114
ORDINAL	MP01	1	23	model.layers.5.mlp.down_proj	PREFILL	DOWN_PROJECTION	1	269120	269120	0	38108350	0.007061969358421448	40322650	114
ORDINAL	MP01	1	24	model.layers.6.self_attn	PREFILL	ATTENTION	5	176159	176159	0	38108350	0.004622582714811846	40322650	114
ORDINAL	MP01	1	25	model.layers.6.mlp.gate_up_proj	PREFILL	GATE_UP_PROJECTION	1	548447	548447	0	38108350	0.01439178027912518	40322650	114
ORDINAL	MP01	1	26	model.layers.6.mlp.act_fn	PREFILL	ACTIVATION	1	22016	22016	0	38108350	0.000577721155599757	40322650	114
ORDINAL	MP01	1	27	model.layers.6.mlp.down_proj	PREFILL	DOWN_PROJECTION	1	268863	268863	0	38108350	0.0070552254295974505	40322650	114
ORDINAL	MP01	1	28	model.layers.7.self_attn	PREFILL	ATTENTION	5	176256	176256	0	38108350	0.0046251280887259615	40322650	114
ORDINAL	MP01	1	29	model.layers.7.mlp.gate_up_proj	PREFILL	GATE_UP_PROJECTION	1	548767	548767	0	38108350	0.014400177388944942	40322650	114
ORDINAL	MP01	1	30	model.layers.7.mlp.act_fn	PREFILL	ACTIVATION	1	22272	22272	0	38108350	0.0005844388434555681	40322650	114
ORDINAL	MP01	1	31	model.layers.7.mlp.down_proj	PREFILL	DOWN_PROJECTION	1	269023	269023	0	38108350	0.007059423984507332	40322650	114
ORDINAL	MP01	1	32	model.layers.8.self_attn	PREFILL	ATTENTION	5	176448	176448	0	38108350	0.00463016635461782	40322650	114
ORDINAL	MP01	1	33	model.layers.8.mlp.gate_up_proj	PREFILL	GATE_UP_PROJECTION	1	548414	548414	0	38108350	0.014390914327175016	40322650	114
ORDINAL	MP01	1	34	model.layers.8.mlp.act_fn	PREFILL	ACTIVATION	1	22336	22336	0	38108350	0.0005861182654195209	40322650	114
ORDINAL	MP01	1	35	model.layers.8.mlp.down_proj	PREFILL	DOWN_PROJECTION	1	268864	268864	0	38108350	0.007055251670565637	40322650	114
ORDINAL	MP01	1	36	model.layers.9.self_attn	PREFILL	ATTENTION	5	175903	175903	0	38108350	0.004615865026956035	40322650	114
ORDINAL	MP01	1	37	model.layers.9.mlp.gate_up_proj	PREFILL	GATE_UP_PROJECTION	1	548959	548959	0	38108350	0.0144052156548368	40322650	114
ORDINAL	MP01	1	38	model.layers.9.mlp.act_fn	PREFILL	ACTIVATION	1	22240	22240	0	38108350	0.0005835991324735917	40322650	114
ORDINAL	MP01	1	39	model.layers.9.mlp.down_proj	PREFILL	DOWN_PROJECTION	1	269023	269023	0	38108350	0.007059423984507332	40322650	114
ORDINAL	MP01	1	40	model.layers.10.self_attn	PREFILL	ATTENTION	5	175936	175936	0	38108350	0.004616730978906198	40322650	114
ORDINAL	MP01	1	41	model.layers.10.mlp.gate_up_proj	PREFILL	GATE_UP_PROJECTION	1	548926	548926	0	38108350	0.014404349702886638	40322650	114
ORDINAL	MP01	1	42	model.layers.10.mlp.act_fn	PREFILL	ACTIVATION	1	22240	22240	0	38108350	0.0005835991324735917	40322650	114
ORDINAL	MP01	1	43	model.layers.10.mlp.down_proj	PREFILL	DOWN_PROJECTION	1	268959	268959	0	38108350	0.007057744562543379	40322650	114
ORDINAL	MP01	1	44	model.layers.11.self_attn	PREFILL	ATTENTION	5	176192	176192	0	38108350	0.004623448666762009	40322650	114
ORDINAL	MP01	1	45	model.layers.11.mlp.gate_up_proj	PREFILL	GATE_UP_PROJECTION	1	548606	548606	0	38108350	0.014395952593066873	40322650	114
ORDINAL	MP01	1	46	model.layers.11.mlp.act_fn	PREFILL	ACTIVATION	1	22208	22208	0	38108350	0.0005827594214916153	40322650	114
ORDINAL	MP01	1	47	model.layers.11.mlp.down_proj	PREFILL	DOWN_PROJECTION	1	268800	268800	0	38108350	0.0070535722486016845	40322650	114
ORDINAL	MP01	1	48	model.layers.12.self_attn	PREFILL	ATTENTION	5	176287	176287	0	38108350	0.004625941558739751	40322650	114
ORDINAL	MP01	1	49	model.layers.12.mlp.gate_up_proj	PREFILL	GATE_UP_PROJECTION	1	548863	548863	0	38108350	0.014402696521890872	40322650	114
ORDINAL	MP01	1	50	model.layers.12.mlp.act_fn	PREFILL	ACTIVATION	1	22400	22400	0	38108350	0.0005877976873834737	40322650	114
ORDINAL	MP01	1	51	model.layers.12.mlp.down_proj	PREFILL	DOWN_PROJECTION	1	268895	268895	0	38108350	0.007056065140579427	40322650	114
ORDINAL	MP01	1	52	model.layers.13.self_attn	PREFILL	ATTENTION	5	176224	176224	0	38108350	0.004624288377743985	40322650	114
ORDINAL	MP01	1	53	model.layers.13.mlp.gate_up_proj	PREFILL	GATE_UP_PROJECTION	1	548894	548894	0	38108350	0.014403509991904661	40322650	114
ORDINAL	MP01	1	54	model.layers.13.mlp.act_fn	PREFILL	ACTIVATION	1	22016	22016	0	38108350	0.000577721155599757	40322650	114
ORDINAL	MP01	1	55	model.layers.13.mlp.down_proj	PREFILL	DOWN_PROJECTION	1	269375	269375	0	38108350	0.007068660805309073	40322650	114
ORDINAL	MP01	1	56	model.layers.14.self_attn	PREFILL	ATTENTION	5	176352	176352	0	38108350	0.00462764722167189	40322650	114
ORDINAL	MP01	1	57	model.layers.14.mlp.gate_up_proj	PREFILL	GATE_UP_PROJECTION	1	548638	548638	0	38108350	0.01439679230404885	40322650	114
ORDINAL	MP01	1	58	model.layers.14.mlp.act_fn	PREFILL	ACTIVATION	1	22208	22208	0	38108350	0.0005827594214916153	40322650	114
ORDINAL	MP01	1	59	model.layers.14.mlp.down_proj	PREFILL	DOWN_PROJECTION	1	269472	269472	0	38108350	0.007071206179223188	40322650	114
ORDINAL	MP01	1	60	model.layers.15.self_attn	PREFILL	ATTENTION	5	176095	176095	0	38108350	0.004620903292847893	40322650	114
ORDINAL	MP01	1	61	model.layers.15.mlp.gate_up_proj	PREFILL	GATE_UP_PROJECTION	1	548255	548255	0	38108350	0.01438674201323332	40322650	114
ORDINAL	MP01	1	62	model.layers.15.mlp.act_fn	PREFILL	ACTIVATION	1	22240	22240	0	38108350	0.0005835991324735917	40322650	114
ORDINAL	MP01	1	63	model.layers.15.mlp.down_proj	PREFILL	DOWN_PROJECTION	1	269279	269279	0	38108350	0.007066141672363143	40322650	114
ORDINAL	MP01	1	64	model.layers.16.self_attn	PREFILL	ATTENTION	5	176607	176607	0	38108350	0.004634338668559515	40322650	114
ORDINAL	MP01	1	65	model.layers.16.mlp.gate_up_proj	PREFILL	GATE_UP_PROJECTION	1	548735	548735	0	38108350	0.014399337677962967	40322650	114
ORDINAL	MP01	1	66	model.layers.16.mlp.act_fn	PREFILL	ACTIVATION	1	22176	22176	0	38108350	0.0005819197105096389	40322650	114
ORDINAL	MP01	1	67	model.layers.16.mlp.down_proj	PREFILL	DOWN_PROJECTION	1	268767	268767	0	38108350	0.007052706296651522	40322650	114
ORDINAL	MP01	1	68	model.layers.17.self_attn	PREFILL	ATTENTION	5	176224	176224	0	38108350	0.004624288377743985	40322650	114
ORDINAL	MP01	1	69	model.layers.17.mlp.gate_up_proj	PREFILL	GATE_UP_PROJECTION	1	548382	548382	0	38108350	0.014390074616193039	40322650	114
ORDINAL	MP01	1	70	model.layers.17.mlp.act_fn	PREFILL	ACTIVATION	1	22176	22176	0	38108350	0.0005819197105096389	40322650	114
ORDINAL	MP01	1	71	model.layers.17.mlp.down_proj	PREFILL	DOWN_PROJECTION	1	269408	269408	0	38108350	0.007069526757259236	40322650	114
ORDINAL	MP01	1	72	model.layers.18.self_attn	PREFILL	ATTENTION	5	175615	175615	0	38108350	0.004608307628118247	40322650	114
ORDINAL	MP01	1	73	model.layers.18.mlp.gate_up_proj	PREFILL	GATE_UP_PROJECTION	1	548479	548479	0	38108350	0.014392619990107155	40322650	114
ORDINAL	MP01	1	74	model.layers.18.mlp.act_fn	PREFILL	ACTIVATION	1	21952	21952	0	38108350	0.0005760417336358042	40322650	114
ORDINAL	MP01	1	75	model.layers.18.mlp.down_proj	PREFILL	DOWN_PROJECTION	1	268959	268959	0	38108350	0.007057744562543379	40322650	114
ORDINAL	MP01	1	76	model.layers.19.self_attn	PREFILL	ATTENTION	5	175935	175935	0	38108350	0.004616704737938011	40322650	114
ORDINAL	MP01	1	77	model.layers.19.mlp.gate_up_proj	PREFILL	GATE_UP_PROJECTION	1	548863	548863	0	38108350	0.014402696521890872	40322650	114
ORDINAL	MP01	1	78	model.layers.19.mlp.act_fn	PREFILL	ACTIVATION	1	22016	22016	0	38108350	0.000577721155599757	40322650	114
ORDINAL	MP01	1	79	model.layers.19.mlp.down_proj	PREFILL	DOWN_PROJECTION	1	269215	269215	0	38108350	0.007064462250399191	40322650	114
ORDINAL	MP01	1	80	model.layers.20.self_attn	PREFILL	ATTENTION	5	176448	176448	0	38108350	0.00463016635461782	40322650	114
ORDINAL	MP01	1	81	model.layers.20.mlp.gate_up_proj	PREFILL	GATE_UP_PROJECTION	1	549086	549086	0	38108350	0.01440854825779652	40322650	114
ORDINAL	MP01	1	82	model.layers.20.mlp.act_fn	PREFILL	ACTIVATION	1	21984	21984	0	38108350	0.0005768814446177806	40322650	114
ORDINAL	MP01	1	83	model.layers.20.mlp.down_proj	PREFILL	DOWN_PROJECTION	1	269056	269056	0	38108350	0.007060289936457496	40322650	114
ORDINAL	MP01	1	84	model.layers.21.self_attn	PREFILL	ATTENTION	5	176127	176127	0	38108350	0.004621743003829869	40322650	114
ORDINAL	MP01	1	85	model.layers.21.mlp.gate_up_proj	PREFILL	GATE_UP_PROJECTION	1	548607	548607	0	38108350	0.01439597883403506	40322650	114
ORDINAL	MP01	1	86	model.layers.21.mlp.act_fn	PREFILL	ACTIVATION	1	21952	21952	0	38108350	0.0005760417336358042	40322650	114
ORDINAL	MP01	1	87	model.layers.21.mlp.down_proj	PREFILL	DOWN_PROJECTION	1	269791	269791	0	38108350	0.007079577048074766	40322650	114
ORDINAL	MP01	1	88	model.layers.22.self_attn	PREFILL	ATTENTION	5	176287	176287	0	38108350	0.004625941558739751	40322650	114
ORDINAL	MP01	1	89	model.layers.22.mlp.gate_up_proj	PREFILL	GATE_UP_PROJECTION	1	548415	548415	0	38108350	0.014390940568143202	40322650	114
ORDINAL	MP01	1	90	model.layers.22.mlp.act_fn	PREFILL	ACTIVATION	1	22336	22336	0	38108350	0.0005861182654195209	40322650	114
ORDINAL	MP01	1	91	model.layers.22.mlp.down_proj	PREFILL	DOWN_PROJECTION	1	269439	269439	0	38108350	0.0070703402272730255	40322650	114
ORDINAL	MP01	1	92	model.layers.23.self_attn	PREFILL	ATTENTION	5	176800	176800	0	38108350	0.00463940317541956	40322650	114
ORDINAL	MP01	1	93	model.layers.23.mlp.gate_up_proj	PREFILL	GATE_UP_PROJECTION	1	548478	548478	0	38108350	0.014392593749138968	40322650	114
ORDINAL	MP01	1	94	model.layers.23.mlp.act_fn	PREFILL	ACTIVATION	1	22112	22112	0	38108350	0.0005802402885456861	40322650	114
ORDINAL	MP01	1	95	model.layers.23.mlp.down_proj	PREFILL	DOWN_PROJECTION	1	269184	269184	0	38108350	0.007063648780385401	40322650	114
ORDINAL	MP01	1	96	model.layers.24.self_attn	PREFILL	ATTENTION	5	177856	177856	0	38108350	0.004667113637824781	40322650	114
ORDINAL	MP01	1	97	model.layers.24.mlp.gate_up_proj	PREFILL	GATE_UP_PROJECTION	1	548671	548671	0	38108350	0.014397658255999013	40322650	114
ORDINAL	MP01	1	98	model.layers.24.mlp.act_fn	PREFILL	ACTIVATION	1	22176	22176	0	38108350	0.0005819197105096389	40322650	114
ORDINAL	MP01	1	99	model.layers.24.mlp.down_proj	PREFILL	DOWN_PROJECTION	1	269311	269311	0	38108350	0.0070669813833451195	40322650	114
ORDINAL	MP01	1	100	model.layers.25.self_attn	PREFILL	ATTENTION	5	175743	175743	0	38108350	0.0046116664720461525	40322650	114
ORDINAL	MP01	1	101	model.layers.25.mlp.gate_up_proj	PREFILL	GATE_UP_PROJECTION	1	549023	549023	0	38108350	0.014406895076800754	40322650	114
ORDINAL	MP01	1	102	model.layers.25.mlp.act_fn	PREFILL	ACTIVATION	1	22304	22304	0	38108350	0.0005852785544375445	40322650	114
ORDINAL	MP01	1	103	model.layers.25.mlp.down_proj	PREFILL	DOWN_PROJECTION	1	269439	269439	0	38108350	0.0070703402272730255	40322650	114
ORDINAL	MP01	1	104	model.layers.26.self_attn	PREFILL	ATTENTION	5	176576	176576	0	38108350	0.004633525198545725	40322650	114
ORDINAL	MP01	1	105	model.layers.26.mlp.gate_up_proj	PREFILL	GATE_UP_PROJECTION	1	548446	548446	0	38108350	0.014391754038156991	40322650	114
ORDINAL	MP01	1	106	model.layers.26.mlp.act_fn	PREFILL	ACTIVATION	1	22144	22144	0	38108350	0.0005810799995276625	40322650	114
ORDINAL	MP01	1	107	model.layers.26.mlp.down_proj	PREFILL	DOWN_PROJECTION	1	269055	269055	0	38108350	0.007060263695489309	40322650	114
ORDINAL	MP01	1	108	model.layers.27.self_attn	PREFILL	ATTENTION	5	176832	176832	0	38108350	0.0046402428864015365	40322650	114
ORDINAL	MP01	1	109	model.layers.27.mlp.gate_up_proj	PREFILL	GATE_UP_PROJECTION	1	548863	548863	0	38108350	0.014402696521890872	40322650	114
ORDINAL	MP01	1	110	model.layers.27.mlp.act_fn	PREFILL	ACTIVATION	1	21951	21951	0	38108350	0.0005760154926676175	40322650	114
ORDINAL	MP01	1	111	model.layers.27.mlp.down_proj	PREFILL	DOWN_PROJECTION	1	269472	269472	0	38108350	0.007071206179223188	40322650	114
ORDINAL	MP01	1	112	model.layers.28.self_attn	PREFILL	ATTENTION	5	176671	176671	0	38108350	0.004636018090523468	40322650	114
ORDINAL	MP01	1	113	model.layers.28.mlp.gate_up_proj	PREFILL	GATE_UP_PROJECTION	1	548831	548831	0	38108350	0.014401856810908895	40322650	114
ORDINAL	MP01	1	114	model.layers.28.mlp.act_fn	PREFILL	ACTIVATION	1	22368	22368	0	38108350	0.0005869579764014973	40322650	114
ORDINAL	MP01	1	115	model.layers.28.mlp.down_proj	PREFILL	DOWN_PROJECTION	1	269343	269343	0	38108350	0.007067821094327097	40322650	114
ORDINAL	MP01	1	116	model.layers.29.self_attn	PREFILL	ATTENTION	5	175712	175712	0	38108350	0.004610853002032363	40322650	114
ORDINAL	MP01	1	117	model.layers.29.mlp.gate_up_proj	PREFILL	GATE_UP_PROJECTION	1	548350	548350	0	38108350	0.014389234905211063	40322650	114
ORDINAL	MP01	1	118	model.layers.29.mlp.act_fn	PREFILL	ACTIVATION	1	22080	22080	0	38108350	0.0005794005775637097	40322650	114
ORDINAL	MP01	1	119	model.layers.29.mlp.down_proj	PREFILL	DOWN_PROJECTION	1	268415	268415	0	38108350	0.007043469475849781	40322650	114
ORDINAL	MP01	1	120	model.layers.30.self_attn	PREFILL	ATTENTION	5	175232	175232	0	38108350	0.004598257337302717	40322650	114
ORDINAL	MP01	1	121	model.layers.30.mlp.gate_up_proj	PREFILL	GATE_UP_PROJECTION	1	547998	547998	0	38108350	0.014379998084409323	40322650	114
ORDINAL	MP01	1	122	model.layers.30.mlp.act_fn	PREFILL	ACTIVATION	1	22080	22080	0	38108350	0.0005794005775637097	40322650	114
ORDINAL	MP01	1	123	model.layers.30.mlp.down_proj	PREFILL	DOWN_PROJECTION	1	268640	268640	0	38108350	0.007049373693691802	40322650	114
ORDINAL	MP01	1	124	model.layers.31.self_attn	PREFILL	ATTENTION	5	175359	175359	0	38108350	0.004601589940262436	40322650	114
ORDINAL	MP01	1	125	model.layers.31.mlp.gate_up_proj	PREFILL	GATE_UP_PROJECTION	1	547679	547679	0	38108350	0.014371627215557745	40322650	114
ORDINAL	MP01	1	126	model.layers.31.mlp.act_fn	PREFILL	ACTIVATION	1	22176	22176	0	38108350	0.0005819197105096389	40322650	114
ORDINAL	MP01	1	127	model.layers.31.mlp.down_proj	PREFILL	DOWN_PROJECTION	1	268703	268703	0	38108350	0.007051026874687568	40322650	114
ORDINAL	MP01	1	128	model.layers.32.self_attn	PREFILL	ATTENTION	5	175232	175232	0	38108350	0.004598257337302717	40322650	114
ORDINAL	MP01	1	129	model.layers.32.mlp.gate_up_proj	PREFILL	GATE_UP_PROJECTION	1	547775	547775	0	38108350	0.014374146348503675	40322650	114
ORDINAL	MP01	1	130	model.layers.32.mlp.act_fn	PREFILL	ACTIVATION	1	22112	22112	0	38108350	0.0005802402885456861	40322650	114
ORDINAL	MP01	1	131	model.layers.32.mlp.down_proj	PREFILL	DOWN_PROJECTION	1	268959	268959	0	38108350	0.007057744562543379	40322650	114
ORDINAL	MP01	1	132	model.layers.33.self_attn	PREFILL	ATTENTION	5	175712	175712	0	38108350	0.004610853002032363	40322650	114
ORDINAL	MP01	1	133	model.layers.33.mlp.gate_up_proj	PREFILL	GATE_UP_PROJECTION	1	547550	547550	0	38108350	0.014368242130661653	40322650	114
ORDINAL	MP01	1	134	model.layers.33.mlp.act_fn	PREFILL	ACTIVATION	1	22240	22240	0	38108350	0.0005835991324735917	40322650	114
ORDINAL	MP01	1	135	model.layers.33.mlp.down_proj	PREFILL	DOWN_PROJECTION	1	268896	268896	0	38108350	0.007056091381547613	40322650	114
ORDINAL	MP01	1	136	model.layers.34.self_attn	PREFILL	ATTENTION	5	176447	176447	0	38108350	0.004630140113649634	40322650	114
ORDINAL	MP01	1	137	model.layers.34.mlp.gate_up_proj	PREFILL	GATE_UP_PROJECTION	1	547935	547935	0	38108350	0.014378344903413557	40322650	114
ORDINAL	MP01	1	138	model.layers.34.mlp.act_fn	PREFILL	ACTIVATION	1	22112	22112	0	38108350	0.0005802402885456861	40322650	114
ORDINAL	MP01	1	139	model.layers.34.mlp.down_proj	PREFILL	DOWN_PROJECTION	1	268223	268223	0	38108350	0.007038431209957923	40322650	114
ORDINAL	MP01	1	140	model.layers.35.self_attn	PREFILL	ATTENTION	5	175199	175199	0	38108350	0.004597391385352554	40322650	114
ORDINAL	MP01	1	141	model.layers.35.mlp.gate_up_proj	PREFILL	GATE_UP_PROJECTION	1	547999	547999	0	38108350	0.01438002432537751	40322650	114
ORDINAL	MP01	1	142	model.layers.35.mlp.act_fn	PREFILL	ACTIVATION	1	22176	22176	0	38108350	0.0005819197105096389	40322650	114
ORDINAL	MP01	1	143	model.layers.35.mlp.down_proj	PREFILL	DOWN_PROJECTION	1	268159	268159	0	38108350	0.0070367517879939695	40322650	114
MODULE	MP01	1	NA	model.layers.0.mlp.act_fn	NA	NA	1	22112	22112	0	NA	NA	40322650	114
MODULE	MP01	1	NA	model.layers.0.mlp.down_proj	NA	NA	1	269151	269151	0	NA	NA	40322650	114
MODULE	MP01	1	NA	model.layers.0.mlp.gate_up_proj	NA	NA	1	549247	549247	0	NA	NA	40322650	114
MODULE	MP01	1	NA	model.layers.0.self_attn	NA	NA	5	177824	177824	0	NA	NA	40322650	114
MODULE	MP01	1	NA	model.layers.1.mlp.act_fn	NA	NA	1	22176	22176	0	NA	NA	40322650	114
MODULE	MP01	1	NA	model.layers.1.mlp.down_proj	NA	NA	1	269119	269119	0	NA	NA	40322650	114
MODULE	MP01	1	NA	model.layers.1.mlp.gate_up_proj	NA	NA	1	548479	548479	0	NA	NA	40322650	114
MODULE	MP01	1	NA	model.layers.1.self_attn	NA	NA	5	175967	175967	0	NA	NA	40322650	114
MODULE	MP01	1	NA	model.layers.10.mlp.act_fn	NA	NA	1	22240	22240	0	NA	NA	40322650	114
MODULE	MP01	1	NA	model.layers.10.mlp.down_proj	NA	NA	1	268959	268959	0	NA	NA	40322650	114
MODULE	MP01	1	NA	model.layers.10.mlp.gate_up_proj	NA	NA	1	548926	548926	0	NA	NA	40322650	114
MODULE	MP01	1	NA	model.layers.10.self_attn	NA	NA	5	175936	175936	0	NA	NA	40322650	114
MODULE	MP01	1	NA	model.layers.11.mlp.act_fn	NA	NA	1	22208	22208	0	NA	NA	40322650	114
MODULE	MP01	1	NA	model.layers.11.mlp.down_proj	NA	NA	1	268800	268800	0	NA	NA	40322650	114
MODULE	MP01	1	NA	model.layers.11.mlp.gate_up_proj	NA	NA	1	548606	548606	0	NA	NA	40322650	114
MODULE	MP01	1	NA	model.layers.11.self_attn	NA	NA	5	176192	176192	0	NA	NA	40322650	114
MODULE	MP01	1	NA	model.layers.12.mlp.act_fn	NA	NA	1	22400	22400	0	NA	NA	40322650	114
MODULE	MP01	1	NA	model.layers.12.mlp.down_proj	NA	NA	1	268895	268895	0	NA	NA	40322650	114
MODULE	MP01	1	NA	model.layers.12.mlp.gate_up_proj	NA	NA	1	548863	548863	0	NA	NA	40322650	114
MODULE	MP01	1	NA	model.layers.12.self_attn	NA	NA	5	176287	176287	0	NA	NA	40322650	114
MODULE	MP01	1	NA	model.layers.13.mlp.act_fn	NA	NA	1	22016	22016	0	NA	NA	40322650	114
MODULE	MP01	1	NA	model.layers.13.mlp.down_proj	NA	NA	1	269375	269375	0	NA	NA	40322650	114
MODULE	MP01	1	NA	model.layers.13.mlp.gate_up_proj	NA	NA	1	548894	548894	0	NA	NA	40322650	114
MODULE	MP01	1	NA	model.layers.13.self_attn	NA	NA	5	176224	176224	0	NA	NA	40322650	114
MODULE	MP01	1	NA	model.layers.14.mlp.act_fn	NA	NA	1	22208	22208	0	NA	NA	40322650	114
MODULE	MP01	1	NA	model.layers.14.mlp.down_proj	NA	NA	1	269472	269472	0	NA	NA	40322650	114
MODULE	MP01	1	NA	model.layers.14.mlp.gate_up_proj	NA	NA	1	548638	548638	0	NA	NA	40322650	114
MODULE	MP01	1	NA	model.layers.14.self_attn	NA	NA	5	176352	176352	0	NA	NA	40322650	114
MODULE	MP01	1	NA	model.layers.15.mlp.act_fn	NA	NA	1	22240	22240	0	NA	NA	40322650	114
MODULE	MP01	1	NA	model.layers.15.mlp.down_proj	NA	NA	1	269279	269279	0	NA	NA	40322650	114
MODULE	MP01	1	NA	model.layers.15.mlp.gate_up_proj	NA	NA	1	548255	548255	0	NA	NA	40322650	114
MODULE	MP01	1	NA	model.layers.15.self_attn	NA	NA	5	176095	176095	0	NA	NA	40322650	114
MODULE	MP01	1	NA	model.layers.16.mlp.act_fn	NA	NA	1	22176	22176	0	NA	NA	40322650	114
MODULE	MP01	1	NA	model.layers.16.mlp.down_proj	NA	NA	1	268767	268767	0	NA	NA	40322650	114
MODULE	MP01	1	NA	model.layers.16.mlp.gate_up_proj	NA	NA	1	548735	548735	0	NA	NA	40322650	114
MODULE	MP01	1	NA	model.layers.16.self_attn	NA	NA	5	176607	176607	0	NA	NA	40322650	114
MODULE	MP01	1	NA	model.layers.17.mlp.act_fn	NA	NA	1	22176	22176	0	NA	NA	40322650	114
MODULE	MP01	1	NA	model.layers.17.mlp.down_proj	NA	NA	1	269408	269408	0	NA	NA	40322650	114
MODULE	MP01	1	NA	model.layers.17.mlp.gate_up_proj	NA	NA	1	548382	548382	0	NA	NA	40322650	114
MODULE	MP01	1	NA	model.layers.17.self_attn	NA	NA	5	176224	176224	0	NA	NA	40322650	114
MODULE	MP01	1	NA	model.layers.18.mlp.act_fn	NA	NA	1	21952	21952	0	NA	NA	40322650	114
MODULE	MP01	1	NA	model.layers.18.mlp.down_proj	NA	NA	1	268959	268959	0	NA	NA	40322650	114
MODULE	MP01	1	NA	model.layers.18.mlp.gate_up_proj	NA	NA	1	548479	548479	0	NA	NA	40322650	114
MODULE	MP01	1	NA	model.layers.18.self_attn	NA	NA	5	175615	175615	0	NA	NA	40322650	114
MODULE	MP01	1	NA	model.layers.19.mlp.act_fn	NA	NA	1	22016	22016	0	NA	NA	40322650	114
MODULE	MP01	1	NA	model.layers.19.mlp.down_proj	NA	NA	1	269215	269215	0	NA	NA	40322650	114
MODULE	MP01	1	NA	model.layers.19.mlp.gate_up_proj	NA	NA	1	548863	548863	0	NA	NA	40322650	114
MODULE	MP01	1	NA	model.layers.19.self_attn	NA	NA	5	175935	175935	0	NA	NA	40322650	114
MODULE	MP01	1	NA	model.layers.2.mlp.act_fn	NA	NA	1	22112	22112	0	NA	NA	40322650	114
MODULE	MP01	1	NA	model.layers.2.mlp.down_proj	NA	NA	1	268608	268608	0	NA	NA	40322650	114
MODULE	MP01	1	NA	model.layers.2.mlp.gate_up_proj	NA	NA	1	548446	548446	0	NA	NA	40322650	114
MODULE	MP01	1	NA	model.layers.2.self_attn	NA	NA	5	176256	176256	0	NA	NA	40322650	114
MODULE	MP01	1	NA	model.layers.20.mlp.act_fn	NA	NA	1	21984	21984	0	NA	NA	40322650	114
MODULE	MP01	1	NA	model.layers.20.mlp.down_proj	NA	NA	1	269056	269056	0	NA	NA	40322650	114
MODULE	MP01	1	NA	model.layers.20.mlp.gate_up_proj	NA	NA	1	549086	549086	0	NA	NA	40322650	114
MODULE	MP01	1	NA	model.layers.20.self_attn	NA	NA	5	176448	176448	0	NA	NA	40322650	114
MODULE	MP01	1	NA	model.layers.21.mlp.act_fn	NA	NA	1	21952	21952	0	NA	NA	40322650	114
MODULE	MP01	1	NA	model.layers.21.mlp.down_proj	NA	NA	1	269791	269791	0	NA	NA	40322650	114
MODULE	MP01	1	NA	model.layers.21.mlp.gate_up_proj	NA	NA	1	548607	548607	0	NA	NA	40322650	114
MODULE	MP01	1	NA	model.layers.21.self_attn	NA	NA	5	176127	176127	0	NA	NA	40322650	114
MODULE	MP01	1	NA	model.layers.22.mlp.act_fn	NA	NA	1	22336	22336	0	NA	NA	40322650	114
MODULE	MP01	1	NA	model.layers.22.mlp.down_proj	NA	NA	1	269439	269439	0	NA	NA	40322650	114
MODULE	MP01	1	NA	model.layers.22.mlp.gate_up_proj	NA	NA	1	548415	548415	0	NA	NA	40322650	114
MODULE	MP01	1	NA	model.layers.22.self_attn	NA	NA	5	176287	176287	0	NA	NA	40322650	114
MODULE	MP01	1	NA	model.layers.23.mlp.act_fn	NA	NA	1	22112	22112	0	NA	NA	40322650	114
MODULE	MP01	1	NA	model.layers.23.mlp.down_proj	NA	NA	1	269184	269184	0	NA	NA	40322650	114
MODULE	MP01	1	NA	model.layers.23.mlp.gate_up_proj	NA	NA	1	548478	548478	0	NA	NA	40322650	114
MODULE	MP01	1	NA	model.layers.23.self_attn	NA	NA	5	176800	176800	0	NA	NA	40322650	114
MODULE	MP01	1	NA	model.layers.24.mlp.act_fn	NA	NA	1	22176	22176	0	NA	NA	40322650	114
MODULE	MP01	1	NA	model.layers.24.mlp.down_proj	NA	NA	1	269311	269311	0	NA	NA	40322650	114
MODULE	MP01	1	NA	model.layers.24.mlp.gate_up_proj	NA	NA	1	548671	548671	0	NA	NA	40322650	114
MODULE	MP01	1	NA	model.layers.24.self_attn	NA	NA	5	177856	177856	0	NA	NA	40322650	114
MODULE	MP01	1	NA	model.layers.25.mlp.act_fn	NA	NA	1	22304	22304	0	NA	NA	40322650	114
MODULE	MP01	1	NA	model.layers.25.mlp.down_proj	NA	NA	1	269439	269439	0	NA	NA	40322650	114
MODULE	MP01	1	NA	model.layers.25.mlp.gate_up_proj	NA	NA	1	549023	549023	0	NA	NA	40322650	114
MODULE	MP01	1	NA	model.layers.25.self_attn	NA	NA	5	175743	175743	0	NA	NA	40322650	114
MODULE	MP01	1	NA	model.layers.26.mlp.act_fn	NA	NA	1	22144	22144	0	NA	NA	40322650	114
MODULE	MP01	1	NA	model.layers.26.mlp.down_proj	NA	NA	1	269055	269055	0	NA	NA	40322650	114
MODULE	MP01	1	NA	model.layers.26.mlp.gate_up_proj	NA	NA	1	548446	548446	0	NA	NA	40322650	114
MODULE	MP01	1	NA	model.layers.26.self_attn	NA	NA	5	176576	176576	0	NA	NA	40322650	114
MODULE	MP01	1	NA	model.layers.27.mlp.act_fn	NA	NA	1	21951	21951	0	NA	NA	40322650	114
MODULE	MP01	1	NA	model.layers.27.mlp.down_proj	NA	NA	1	269472	269472	0	NA	NA	40322650	114
MODULE	MP01	1	NA	model.layers.27.mlp.gate_up_proj	NA	NA	1	548863	548863	0	NA	NA	40322650	114
MODULE	MP01	1	NA	model.layers.27.self_attn	NA	NA	5	176832	176832	0	NA	NA	40322650	114
MODULE	MP01	1	NA	model.layers.28.mlp.act_fn	NA	NA	1	22368	22368	0	NA	NA	40322650	114
MODULE	MP01	1	NA	model.layers.28.mlp.down_proj	NA	NA	1	269343	269343	0	NA	NA	40322650	114
MODULE	MP01	1	NA	model.layers.28.mlp.gate_up_proj	NA	NA	1	548831	548831	0	NA	NA	40322650	114
MODULE	MP01	1	NA	model.layers.28.self_attn	NA	NA	5	176671	176671	0	NA	NA	40322650	114
MODULE	MP01	1	NA	model.layers.29.mlp.act_fn	NA	NA	1	22080	22080	0	NA	NA	40322650	114
MODULE	MP01	1	NA	model.layers.29.mlp.down_proj	NA	NA	1	268415	268415	0	NA	NA	40322650	114
MODULE	MP01	1	NA	model.layers.29.mlp.gate_up_proj	NA	NA	1	548350	548350	0	NA	NA	40322650	114
MODULE	MP01	1	NA	model.layers.29.self_attn	NA	NA	5	175712	175712	0	NA	NA	40322650	114
MODULE	MP01	1	NA	model.layers.3.mlp.act_fn	NA	NA	1	22048	22048	0	NA	NA	40322650	114
MODULE	MP01	1	NA	model.layers.3.mlp.down_proj	NA	NA	1	269215	269215	0	NA	NA	40322650	114
MODULE	MP01	1	NA	model.layers.3.mlp.gate_up_proj	NA	NA	1	548383	548383	0	NA	NA	40322650	114
MODULE	MP01	1	NA	model.layers.3.self_attn	NA	NA	5	175999	175999	0	NA	NA	40322650	114
MODULE	MP01	1	NA	model.layers.30.mlp.act_fn	NA	NA	1	22080	22080	0	NA	NA	40322650	114
MODULE	MP01	1	NA	model.layers.30.mlp.down_proj	NA	NA	1	268640	268640	0	NA	NA	40322650	114
MODULE	MP01	1	NA	model.layers.30.mlp.gate_up_proj	NA	NA	1	547998	547998	0	NA	NA	40322650	114
MODULE	MP01	1	NA	model.layers.30.self_attn	NA	NA	5	175232	175232	0	NA	NA	40322650	114
MODULE	MP01	1	NA	model.layers.31.mlp.act_fn	NA	NA	1	22176	22176	0	NA	NA	40322650	114
MODULE	MP01	1	NA	model.layers.31.mlp.down_proj	NA	NA	1	268703	268703	0	NA	NA	40322650	114
MODULE	MP01	1	NA	model.layers.31.mlp.gate_up_proj	NA	NA	1	547679	547679	0	NA	NA	40322650	114
MODULE	MP01	1	NA	model.layers.31.self_attn	NA	NA	5	175359	175359	0	NA	NA	40322650	114
MODULE	MP01	1	NA	model.layers.32.mlp.act_fn	NA	NA	1	22112	22112	0	NA	NA	40322650	114
MODULE	MP01	1	NA	model.layers.32.mlp.down_proj	NA	NA	1	268959	268959	0	NA	NA	40322650	114
MODULE	MP01	1	NA	model.layers.32.mlp.gate_up_proj	NA	NA	1	547775	547775	0	NA	NA	40322650	114
MODULE	MP01	1	NA	model.layers.32.self_attn	NA	NA	5	175232	175232	0	NA	NA	40322650	114
MODULE	MP01	1	NA	model.layers.33.mlp.act_fn	NA	NA	1	22240	22240	0	NA	NA	40322650	114
MODULE	MP01	1	NA	model.layers.33.mlp.down_proj	NA	NA	1	268896	268896	0	NA	NA	40322650	114
MODULE	MP01	1	NA	model.layers.33.mlp.gate_up_proj	NA	NA	1	547550	547550	0	NA	NA	40322650	114
MODULE	MP01	1	NA	model.layers.33.self_attn	NA	NA	5	175712	175712	0	NA	NA	40322650	114
MODULE	MP01	1	NA	model.layers.34.mlp.act_fn	NA	NA	1	22112	22112	0	NA	NA	40322650	114
MODULE	MP01	1	NA	model.layers.34.mlp.down_proj	NA	NA	1	268223	268223	0	NA	NA	40322650	114
MODULE	MP01	1	NA	model.layers.34.mlp.gate_up_proj	NA	NA	1	547935	547935	0	NA	NA	40322650	114
MODULE	MP01	1	NA	model.layers.34.self_attn	NA	NA	5	176447	176447	0	NA	NA	40322650	114
MODULE	MP01	1	NA	model.layers.35.mlp.act_fn	NA	NA	1	22176	22176	0	NA	NA	40322650	114
MODULE	MP01	1	NA	model.layers.35.mlp.down_proj	NA	NA	1	268159	268159	0	NA	NA	40322650	114
MODULE	MP01	1	NA	model.layers.35.mlp.gate_up_proj	NA	NA	1	547999	547999	0	NA	NA	40322650	114
MODULE	MP01	1	NA	model.layers.35.self_attn	NA	NA	5	175199	175199	0	NA	NA	40322650	114
MODULE	MP01	1	NA	model.layers.4.mlp.act_fn	NA	NA	1	22112	22112	0	NA	NA	40322650	114
MODULE	MP01	1	NA	model.layers.4.mlp.down_proj	NA	NA	1	269151	269151	0	NA	NA	40322650	114
MODULE	MP01	1	NA	model.layers.4.mlp.gate_up_proj	NA	NA	1	548415	548415	0	NA	NA	40322650	114
MODULE	MP01	1	NA	model.layers.4.self_attn	NA	NA	5	175647	175647	0	NA	NA	40322650	114
MODULE	MP01	1	NA	model.layers.5.mlp.act_fn	NA	NA	1	22208	22208	0	NA	NA	40322650	114
MODULE	MP01	1	NA	model.layers.5.mlp.down_proj	NA	NA	1	269120	269120	0	NA	NA	40322650	114
MODULE	MP01	1	NA	model.layers.5.mlp.gate_up_proj	NA	NA	1	548222	548222	0	NA	NA	40322650	114
MODULE	MP01	1	NA	model.layers.5.self_attn	NA	NA	5	176640	176640	0	NA	NA	40322650	114
MODULE	MP01	1	NA	model.layers.6.mlp.act_fn	NA	NA	1	22016	22016	0	NA	NA	40322650	114
MODULE	MP01	1	NA	model.layers.6.mlp.down_proj	NA	NA	1	268863	268863	0	NA	NA	40322650	114
MODULE	MP01	1	NA	model.layers.6.mlp.gate_up_proj	NA	NA	1	548447	548447	0	NA	NA	40322650	114
MODULE	MP01	1	NA	model.layers.6.self_attn	NA	NA	5	176159	176159	0	NA	NA	40322650	114
MODULE	MP01	1	NA	model.layers.7.mlp.act_fn	NA	NA	1	22272	22272	0	NA	NA	40322650	114
MODULE	MP01	1	NA	model.layers.7.mlp.down_proj	NA	NA	1	269023	269023	0	NA	NA	40322650	114
MODULE	MP01	1	NA	model.layers.7.mlp.gate_up_proj	NA	NA	1	548767	548767	0	NA	NA	40322650	114
MODULE	MP01	1	NA	model.layers.7.self_attn	NA	NA	5	176256	176256	0	NA	NA	40322650	114
MODULE	MP01	1	NA	model.layers.8.mlp.act_fn	NA	NA	1	22336	22336	0	NA	NA	40322650	114
MODULE	MP01	1	NA	model.layers.8.mlp.down_proj	NA	NA	1	268864	268864	0	NA	NA	40322650	114
MODULE	MP01	1	NA	model.layers.8.mlp.gate_up_proj	NA	NA	1	548414	548414	0	NA	NA	40322650	114
MODULE	MP01	1	NA	model.layers.8.self_attn	NA	NA	5	176448	176448	0	NA	NA	40322650	114
MODULE	MP01	1	NA	model.layers.9.mlp.act_fn	NA	NA	1	22240	22240	0	NA	NA	40322650	114
MODULE	MP01	1	NA	model.layers.9.mlp.down_proj	NA	NA	1	269023	269023	0	NA	NA	40322650	114
MODULE	MP01	1	NA	model.layers.9.mlp.gate_up_proj	NA	NA	1	548959	548959	0	NA	NA	40322650	114
MODULE	MP01	1	NA	model.layers.9.self_attn	NA	NA	5	175903	175903	0	NA	NA	40322650	114
PHASE_FAMILY	MP01	1	NA	NA	PREFILL	ACTIVATION	36	797567	797567	0	38108350	0.02092893027381138	40322650	114
PHASE_FAMILY	MP01	1	NA	NA	PREFILL	ATTENTION	180	6342799	6342799	0	38108350	0.16644118677402722	40322650	114
PHASE_FAMILY	MP01	1	NA	NA	PREFILL	DOWN_PROJECTION	36	9685351	9685351	0	38108350	0.25415298746862564	40322650	114
PHASE_FAMILY	MP01	1	NA	NA	PREFILL	GATE_UP_PROJECTION	36	19746126	19746126	0	38108350	0.5181574641777983	40322650	114
ALL_PHASE_FAMILY	MP01	1	NA	NA	ALL	ACTIVATION	36	797567	797567	0	38108350	0.02092893027381138	40322650	114
ALL_PHASE_FAMILY	MP01	1	NA	NA	ALL	ATTENTION	180	6342799	6342799	0	38108350	0.16644118677402722	40322650	114
ALL_PHASE_FAMILY	MP01	1	NA	NA	ALL	DOWN_PROJECTION	36	9685351	9685351	0	38108350	0.25415298746862564	40322650	114
ALL_PHASE_FAMILY	MP01	1	NA	NA	ALL	GATE_UP_PROJECTION	36	19746126	19746126	0	38108350	0.5181574641777983	40322650	114
ORDINAL	MP05	1	0	model.layers.0.self_attn	PREFILL	ATTENTION	5	151935	151935	0	170180451	0.0008927876210646545	407460402	3495
ORDINAL	MP05	1	1	model.layers.0.mlp.gate_up_proj	PREFILL	GATE_UP_PROJECTION	1	464992	464992	0	170180451	0.0027323467370526594	407460402	3495
ORDINAL	MP05	1	2	model.layers.0.mlp.act_fn	PREFILL	ACTIVATION	1	15040	15040	0	170180451	8.837677836451379e-05	407460402	3495
ORDINAL	MP05	1	3	model.layers.0.mlp.down_proj	PREFILL	DOWN_PROJECTION	1	230399	230399	0	170180451	0.0013538511541493095	407460402	3495
ORDINAL	MP05	1	4	model.layers.1.self_attn	PREFILL	ATTENTION	5	152544	152544	0	170180451	0.0008963661754545474	407460402	3495
ORDINAL	MP05	1	5	model.layers.1.mlp.gate_up_proj	PREFILL	GATE_UP_PROJECTION	1	464832	464832	0	170180451	0.00273140655855942	407460402	3495
ORDINAL	MP05	1	6	model.layers.1.mlp.act_fn	PREFILL	ACTIVATION	1	15040	15040	0	170180451	8.837677836451379e-05	407460402	3495
ORDINAL	MP05	1	7	model.layers.1.mlp.down_proj	PREFILL	DOWN_PROJECTION	1	230655	230655	0	170180451	0.0013553554397384927	407460402	3495
ORDINAL	MP05	1	8	model.layers.2.self_attn	PREFILL	ATTENTION	5	153472	153472	0	170180451	0.0009018192107153366	407460402	3495
ORDINAL	MP05	1	9	model.layers.2.mlp.gate_up_proj	PREFILL	GATE_UP_PROJECTION	1	464416	464416	0	170180451	0.002728962094476997	407460402	3495
ORDINAL	MP05	1	10	model.layers.2.mlp.act_fn	PREFILL	ACTIVATION	1	15168	15168	0	170180451	8.91289211591054e-05	407460402	3495
ORDINAL	MP05	1	11	model.layers.2.mlp.down_proj	PREFILL	DOWN_PROJECTION	1	230271	230271	0	170180451	0.001353099011354718	407460402	3495
ORDINAL	MP05	1	12	model.layers.3.self_attn	PREFILL	ATTENTION	5	153184	153184	0	170180451	0.0009001268894275054	407460402	3495
ORDINAL	MP05	1	13	model.layers.3.mlp.gate_up_proj	PREFILL	GATE_UP_PROJECTION	1	464288	464288	0	170180451	0.0027282099516824057	407460402	3495
ORDINAL	MP05	1	14	model.layers.3.mlp.act_fn	PREFILL	ACTIVATION	1	15072	15072	0	170180451	8.85648140631617e-05	407460402	3495
ORDINAL	MP05	1	15	model.layers.3.mlp.down_proj	PREFILL	DOWN_PROJECTION	1	230367	230367	0	170180451	0.0013536631184506616	407460402	3495
ORDINAL	MP05	1	16	model.layers.4.self_attn	PREFILL	ATTENTION	5	154080	154080	0	170180451	0.0009053918889896466	407460402	3495
ORDINAL	MP05	1	17	model.layers.4.mlp.gate_up_proj	PREFILL	GATE_UP_PROJECTION	1	464672	464672	0	170180451	0.0027304663800661803	407460402	3495
ORDINAL	MP05	1	18	model.layers.4.mlp.act_fn	PREFILL	ACTIVATION	1	15136	15136	0	170180451	8.89408854604575e-05	407460402	3495
ORDINAL	MP05	1	19	model.layers.4.mlp.down_proj	PREFILL	DOWN_PROJECTION	1	230911	230911	0	170180451	0.001356859725327676	407460402	3495
ORDINAL	MP05	1	20	model.layers.5.self_attn	PREFILL	ATTENTION	5	152192	152192	0	170180451	0.0008942977827694204	407460402	3495
ORDINAL	MP05	1	21	model.layers.5.mlp.gate_up_proj	PREFILL	GATE_UP_PROJECTION	1	464736	464736	0	170180451	0.0027308424514634762	407460402	3495
ORDINAL	MP05	1	22	model.layers.5.mlp.act_fn	PREFILL	ACTIVATION	1	15104	15104	0	170180451	8.87528497618096e-05	407460402	3495
ORDINAL	MP05	1	23	model.layers.5.mlp.down_proj	PREFILL	DOWN_PROJECTION	1	230879	230879	0	170180451	0.001356671689629028	407460402	3495
ORDINAL	MP05	1	24	model.layers.6.self_attn	PREFILL	ATTENTION	5	152960	152960	0	170180451	0.00089881063953697	407460402	3495
ORDINAL	MP05	1	25	model.layers.6.mlp.gate_up_proj	PREFILL	GATE_UP_PROJECTION	1	465344	465344	0	170180451	0.0027344151297377865	407460402	3495
ORDINAL	MP05	1	26	model.layers.6.mlp.act_fn	PREFILL	ACTIVATION	1	15072	15072	0	170180451	8.85648140631617e-05	407460402	3495
ORDINAL	MP05	1	27	model.layers.6.mlp.down_proj	PREFILL	DOWN_PROJECTION	1	230655	230655	0	170180451	0.0013553554397384927	407460402	3495
ORDINAL	MP05	1	28	model.layers.7.self_attn	PREFILL	ATTENTION	5	153312	153312	0	170180451	0.000900879032222097	407460402	3495
ORDINAL	MP05	1	29	model.layers.7.mlp.gate_up_proj	PREFILL	GATE_UP_PROJECTION	1	464768	464768	0	170180451	0.002731030487162124	407460402	3495
ORDINAL	MP05	1	30	model.layers.7.mlp.act_fn	PREFILL	ACTIVATION	1	15168	15168	0	170180451	8.91289211591054e-05	407460402	3495
ORDINAL	MP05	1	31	model.layers.7.mlp.down_proj	PREFILL	DOWN_PROJECTION	1	230623	230623	0	170180451	0.0013551674040398448	407460402	3495
ORDINAL	MP05	1	32	model.layers.8.self_attn	PREFILL	ATTENTION	5	152320	152320	0	170180451	0.000895049925564012	407460402	3495
ORDINAL	MP05	1	33	model.layers.8.mlp.gate_up_proj	PREFILL	GATE_UP_PROJECTION	1	464192	464192	0	170180451	0.002727645844586462	407460402	3495
ORDINAL	MP05	1	34	model.layers.8.mlp.act_fn	PREFILL	ACTIVATION	1	15104	15104	0	170180451	8.87528497618096e-05	407460402	3495
ORDINAL	MP05	1	35	model.layers.8.mlp.down_proj	PREFILL	DOWN_PROJECTION	1	230495	230495	0	170180451	0.0013544152612452532	407460402	3495
ORDINAL	MP05	1	36	model.layers.9.self_attn	PREFILL	ATTENTION	5	153088	153088	0	170180451	0.0008995627823315616	407460402	3495
ORDINAL	MP05	1	37	model.layers.9.mlp.gate_up_proj	PREFILL	GATE_UP_PROJECTION	1	465184	465184	0	170180451	0.0027334749512445467	407460402	3495
ORDINAL	MP05	1	38	model.layers.9.mlp.act_fn	PREFILL	ACTIVATION	1	15104	15104	0	170180451	8.87528497618096e-05	407460402	3495
ORDINAL	MP05	1	39	model.layers.9.mlp.down_proj	PREFILL	DOWN_PROJECTION	1	230783	230783	0	170180451	0.0013561075825330843	407460402	3495
ORDINAL	MP05	1	40	model.layers.10.self_attn	PREFILL	ATTENTION	5	153120	153120	0	170180451	0.0008997508180302096	407460402	3495
ORDINAL	MP05	1	41	model.layers.10.mlp.gate_up_proj	PREFILL	GATE_UP_PROJECTION	1	464640	464640	0	170180451	0.0027302783443675324	407460402	3495
ORDINAL	MP05	1	42	model.layers.10.mlp.act_fn	PREFILL	ACTIVATION	1	15072	15072	0	170180451	8.85648140631617e-05	407460402	3495
ORDINAL	MP05	1	43	model.layers.10.mlp.down_proj	PREFILL	DOWN_PROJECTION	1	230463	230463	0	170180451	0.0013542272255466052	407460402	3495
ORDINAL	MP05	1	44	model.layers.11.self_attn	PREFILL	ATTENTION	5	153472	153472	0	170180451	0.0009018192107153366	407460402	3495
ORDINAL	MP05	1	45	model.layers.11.mlp.gate_up_proj	PREFILL	GATE_UP_PROJECTION	1	464832	464832	0	170180451	0.00273140655855942	407460402	3495
ORDINAL	MP05	1	46	model.layers.11.mlp.act_fn	PREFILL	ACTIVATION	1	15040	15040	0	170180451	8.837677836451379e-05	407460402	3495
ORDINAL	MP05	1	47	model.layers.11.mlp.down_proj	PREFILL	DOWN_PROJECTION	1	230271	230271	0	170180451	0.001353099011354718	407460402	3495
ORDINAL	MP05	1	48	model.layers.12.self_attn	PREFILL	ATTENTION	5	153376	153376	0	170180451	0.0009012551036193928	407460402	3495
ORDINAL	MP05	1	49	model.layers.12.mlp.gate_up_proj	PREFILL	GATE_UP_PROJECTION	1	464800	464800	0	170180451	0.002731218522860772	407460402	3495
ORDINAL	MP05	1	50	model.layers.12.mlp.act_fn	PREFILL	ACTIVATION	1	15104	15104	0	170180451	8.87528497618096e-05	407460402	3495
ORDINAL	MP05	1	51	model.layers.12.mlp.down_proj	PREFILL	DOWN_PROJECTION	1	230207	230207	0	170180451	0.001352722939957422	407460402	3495
ORDINAL	MP05	1	52	model.layers.13.self_attn	PREFILL	ATTENTION	5	155840	155840	0	170180451	0.0009157338524152812	407460402	3495
ORDINAL	MP05	1	53	model.layers.13.mlp.gate_up_proj	PREFILL	GATE_UP_PROJECTION	1	464416	464416	0	170180451	0.002728962094476997	407460402	3495
ORDINAL	MP05	1	54	model.layers.13.mlp.act_fn	PREFILL	ACTIVATION	1	15072	15072	0	170180451	8.85648140631617e-05	407460402	3495
ORDINAL	MP05	1	55	model.layers.13.mlp.down_proj	PREFILL	DOWN_PROJECTION	1	231039	231039	0	170180451	0.0013576118681222675	407460402	3495
ORDINAL	MP05	1	56	model.layers.14.self_attn	PREFILL	ATTENTION	5	152992	152992	0	170180451	0.000898998675235618	407460402	3495
ORDINAL	MP05	1	57	model.layers.14.mlp.gate_up_proj	PREFILL	GATE_UP_PROJECTION	1	464928	464928	0	170180451	0.0027319706656553635	407460402	3495
ORDINAL	MP05	1	58	model.layers.14.mlp.act_fn	PREFILL	ACTIVATION	1	15104	15104	0	170180451	8.87528497618096e-05	407460402	3495
ORDINAL	MP05	1	59	model.layers.14.mlp.down_proj	PREFILL	DOWN_PROJECTION	1	230495	230495	0	170180451	0.0013544152612452532	407460402	3495
ORDINAL	MP05	1	60	model.layers.15.self_attn	PREFILL	ATTENTION	5	154048	154048	0	170180451	0.0009052038532909988	407460402	3495
ORDINAL	MP05	1	61	model.layers.15.mlp.gate_up_proj	PREFILL	GATE_UP_PROJECTION	1	464736	464736	0	170180451	0.0027308424514634762	407460402	3495
ORDINAL	MP05	1	62	model.layers.15.mlp.act_fn	PREFILL	ACTIVATION	1	15040	15040	0	170180451	8.837677836451379e-05	407460402	3495
ORDINAL	MP05	1	63	model.layers.15.mlp.down_proj	PREFILL	DOWN_PROJECTION	1	231007	231007	0	170180451	0.0013574238324236196	407460402	3495
ORDINAL	MP05	1	64	model.layers.16.self_attn	PREFILL	ATTENTION	5	154304	154304	0	170180451	0.000906708138880182	407460402	3495
ORDINAL	MP05	1	65	model.layers.16.mlp.gate_up_proj	PREFILL	GATE_UP_PROJECTION	1	464608	464608	0	170180451	0.002730090308668885	407460402	3495
ORDINAL	MP05	1	66	model.layers.16.mlp.act_fn	PREFILL	ACTIVATION	1	15200	15200	0	170180451	8.93169568577533e-05	407460402	3495
ORDINAL	MP05	1	67	model.layers.16.mlp.down_proj	PREFILL	DOWN_PROJECTION	1	230527	230527	0	170180451	0.0013546032969439011	407460402	3495
ORDINAL	MP05	1	68	model.layers.17.self_attn	PREFILL	ATTENTION	5	153888	153888	0	170180451	0.0009042636747977592	407460402	3495
ORDINAL	MP05	1	69	model.layers.17.mlp.gate_up_proj	PREFILL	GATE_UP_PROJECTION	1	465248	465248	0	170180451	0.0027338510226418426	407460402	3495
ORDINAL	MP05	1	70	model.layers.17.mlp.act_fn	PREFILL	ACTIVATION	1	15136	15136	0	170180451	8.89408854604575e-05	407460402	3495
ORDINAL	MP05	1	71	model.layers.17.mlp.down_proj	PREFILL	DOWN_PROJECTION	1	230591	230591	0	170180451	0.0013549793683411968	407460402	3495
ORDINAL	MP05	1	72	model.layers.18.self_attn	PREFILL	ATTENTION	5	153248	153248	0	170180451	0.0009005029608248012	407460402	3495
ORDINAL	MP05	1	73	model.layers.18.mlp.gate_up_proj	PREFILL	GATE_UP_PROJECTION	1	464864	464864	0	170180451	0.002731594594258068	407460402	3495
ORDINAL	MP05	1	74	model.layers.18.mlp.act_fn	PREFILL	ACTIVATION	1	15104	15104	0	170180451	8.87528497618096e-05	407460402	3495
ORDINAL	MP05	1	75	model.layers.18.mlp.down_proj	PREFILL	DOWN_PROJECTION	1	230367	230367	0	170180451	0.0013536631184506616	407460402	3495
ORDINAL	MP05	1	76	model.layers.19.self_attn	PREFILL	ATTENTION	5	152864	152864	0	170180451	0.0008982465324410264	407460402	3495
ORDINAL	MP05	1	77	model.layers.19.mlp.gate_up_proj	PREFILL	GATE_UP_PROJECTION	1	465376	465376	0	170180451	0.0027346031654364345	407460402	3495
ORDINAL	MP05	1	78	model.layers.19.mlp.act_fn	PREFILL	ACTIVATION	1	15136	15136	0	170180451	8.89408854604575e-05	407460402	3495
ORDINAL	MP05	1	79	model.layers.19.mlp.down_proj	PREFILL	DOWN_PROJECTION	1	230591	230591	0	170180451	0.0013549793683411968	407460402	3495
ORDINAL	MP05	1	80	model.layers.20.self_attn	PREFILL	ATTENTION	5	152384	152384	0	170180451	0.0008954259969613078	407460402	3495
ORDINAL	MP05	1	81	model.layers.20.mlp.gate_up_proj	PREFILL	GATE_UP_PROJECTION	1	464512	464512	0	170180451	0.002729526201572941	407460402	3495
ORDINAL	MP05	1	82	model.layers.20.mlp.act_fn	PREFILL	ACTIVATION	1	15040	15040	0	170180451	8.837677836451379e-05	407460402	3495
ORDINAL	MP05	1	83	model.layers.20.mlp.down_proj	PREFILL	DOWN_PROJECTION	1	230111	230111	0	170180451	0.0013521588328614784	407460402	3495
ORDINAL	MP05	1	84	model.layers.21.self_attn	PREFILL	ATTENTION	5	153376	153376	0	170180451	0.0009012551036193928	407460402	3495
ORDINAL	MP05	1	85	model.layers.21.mlp.gate_up_proj	PREFILL	GATE_UP_PROJECTION	1	464512	464512	0	170180451	0.002729526201572941	407460402	3495
ORDINAL	MP05	1	86	model.layers.21.mlp.act_fn	PREFILL	ACTIVATION	1	15200	15200	0	170180451	8.93169568577533e-05	407460402	3495
ORDINAL	MP05	1	87	model.layers.21.mlp.down_proj	PREFILL	DOWN_PROJECTION	1	230527	230527	0	170180451	0.0013546032969439011	407460402	3495
ORDINAL	MP05	1	88	model.layers.22.self_attn	PREFILL	ATTENTION	5	154048	154048	0	170180451	0.0009052038532909988	407460402	3495
ORDINAL	MP05	1	89	model.layers.22.mlp.gate_up_proj	PREFILL	GATE_UP_PROJECTION	1	464864	464864	0	170180451	0.002731594594258068	407460402	3495
ORDINAL	MP05	1	90	model.layers.22.mlp.act_fn	PREFILL	ACTIVATION	1	15072	15072	0	170180451	8.85648140631617e-05	407460402	3495
ORDINAL	MP05	1	91	model.layers.22.mlp.down_proj	PREFILL	DOWN_PROJECTION	1	230719	230719	0	170180451	0.0013557315111357884	407460402	3495
ORDINAL	MP05	1	92	model.layers.23.self_attn	PREFILL	ATTENTION	5	153472	153472	0	170180451	0.0009018192107153366	407460402	3495
ORDINAL	MP05	1	93	model.layers.23.mlp.gate_up_proj	PREFILL	GATE_UP_PROJECTION	1	464896	464896	0	170180451	0.0027317826299567156	407460402	3495
ORDINAL	MP05	1	94	model.layers.23.mlp.act_fn	PREFILL	ACTIVATION	1	15104	15104	0	170180451	8.87528497618096e-05	407460402	3495
ORDINAL	MP05	1	95	model.layers.23.mlp.down_proj	PREFILL	DOWN_PROJECTION	1	230367	230367	0	170180451	0.0013536631184506616	407460402	3495
ORDINAL	MP05	1	96	model.layers.24.self_attn	PREFILL	ATTENTION	5	152800	152800	0	170180451	0.0008978704610437306	407460402	3495
ORDINAL	MP05	1	97	model.layers.24.mlp.gate_up_proj	PREFILL	GATE_UP_PROJECTION	1	464608	464608	0	170180451	0.002730090308668885	407460402	3495
ORDINAL	MP05	1	98	model.layers.24.mlp.act_fn	PREFILL	ACTIVATION	1	15072	15072	0	170180451	8.85648140631617e-05	407460402	3495
ORDINAL	MP05	1	99	model.layers.24.mlp.down_proj	PREFILL	DOWN_PROJECTION	1	230591	230591	0	170180451	0.0013549793683411968	407460402	3495
ORDINAL	MP05	1	100	model.layers.25.self_attn	PREFILL	ATTENTION	5	154208	154208	0	170180451	0.0009061440317842382	407460402	3495
ORDINAL	MP05	1	101	model.layers.25.mlp.gate_up_proj	PREFILL	GATE_UP_PROJECTION	1	464352	464352	0	170180451	0.0027285860230797016	407460402	3495
ORDINAL	MP05	1	102	model.layers.25.mlp.act_fn	PREFILL	ACTIVATION	1	15168	15168	0	170180451	8.91289211591054e-05	407460402	3495
ORDINAL	MP05	1	103	model.layers.25.mlp.down_proj	PREFILL	DOWN_PROJECTION	1	230847	230847	0	170180451	0.00135648365393038	407460402	3495
ORDINAL	MP05	1	104	model.layers.26.self_attn	PREFILL	ATTENTION	5	152480	152480	0	170180451	0.0008959901040572516	407460402	3495
ORDINAL	MP05	1	105	model.layers.26.mlp.gate_up_proj	PREFILL	GATE_UP_PROJECTION	1	464736	464736	0	170180451	0.0027308424514634762	407460402	3495
ORDINAL	MP05	1	106	model.layers.26.mlp.act_fn	PREFILL	ACTIVATION	1	15072	15072	0	170180451	8.85648140631617e-05	407460402	3495
ORDINAL	MP05	1	107	model.layers.26.mlp.down_proj	PREFILL	DOWN_PROJECTION	1	230559	230559	0	170180451	0.0013547913326425489	407460402	3495
ORDINAL	MP05	1	108	model.layers.27.self_attn	PREFILL	ATTENTION	5	153568	153568	0	170180451	0.0009023833178112802	407460402	3495
ORDINAL	MP05	1	109	model.layers.27.mlp.gate_up_proj	PREFILL	GATE_UP_PROJECTION	1	464448	464448	0	170180451	0.002729150130175645	407460402	3495
ORDINAL	MP05	1	110	model.layers.27.mlp.act_fn	PREFILL	ACTIVATION	1	15136	15136	0	170180451	8.89408854604575e-05	407460402	3495
ORDINAL	MP05	1	111	model.layers.27.mlp.down_proj	PREFILL	DOWN_PROJECTION	1	230271	230271	0	170180451	0.001353099011354718	407460402	3495
ORDINAL	MP05	1	112	model.layers.28.self_attn	PREFILL	ATTENTION	5	154336	154336	0	170180451	0.0009068961745788298	407460402	3495
ORDINAL	MP05	1	113	model.layers.28.mlp.gate_up_proj	PREFILL	GATE_UP_PROJECTION	1	464224	464224	0	170180451	0.00272783388028511	407460402	3495
ORDINAL	MP05	1	114	model.layers.28.mlp.act_fn	PREFILL	ACTIVATION	1	15008	15008	0	170180451	8.818874266586589e-05	407460402	3495
ORDINAL	MP05	1	115	model.layers.28.mlp.down_proj	PREFILL	DOWN_PROJECTION	1	230751	230751	0	170180451	0.0013559195468344364	407460402	3495
ORDINAL	MP05	1	116	model.layers.29.self_attn	PREFILL	ATTENTION	5	153024	153024	0	170180451	0.0008991867109342658	407460402	3495
ORDINAL	MP05	1	117	model.layers.29.mlp.gate_up_proj	PREFILL	GATE_UP_PROJECTION	1	465152	465152	0	170180451	0.0027332869155458988	407460402	3495
ORDINAL	MP05	1	118	model.layers.29.mlp.act_fn	PREFILL	ACTIVATION	1	15040	15040	0	170180451	8.837677836451379e-05	407460402	3495
ORDINAL	MP05	1	119	model.layers.29.mlp.down_proj	PREFILL	DOWN_PROJECTION	1	230559	230559	0	170180451	0.0013547913326425489	407460402	3495
ORDINAL	MP05	1	120	model.layers.30.self_attn	PREFILL	ATTENTION	5	153568	153568	0	170180451	0.0009023833178112802	407460402	3495
ORDINAL	MP05	1	121	model.layers.30.mlp.gate_up_proj	PREFILL	GATE_UP_PROJECTION	1	464512	464512	0	170180451	0.002729526201572941	407460402	3495
ORDINAL	MP05	1	122	model.layers.30.mlp.act_fn	PREFILL	ACTIVATION	1	15072	15072	0	170180451	8.85648140631617e-05	407460402	3495
ORDINAL	MP05	1	123	model.layers.30.mlp.down_proj	PREFILL	DOWN_PROJECTION	1	230431	230431	0	170180451	0.0013540391898479573	407460402	3495
ORDINAL	MP05	1	124	model.layers.31.self_attn	PREFILL	ATTENTION	5	154432	154432	0	170180451	0.0009074602816747736	407460402	3495
ORDINAL	MP05	1	125	model.layers.31.mlp.gate_up_proj	PREFILL	GATE_UP_PROJECTION	1	464288	464288	0	170180451	0.0027282099516824057	407460402	3495
ORDINAL	MP05	1	126	model.layers.31.mlp.act_fn	PREFILL	ACTIVATION	1	15136	15136	0	170180451	8.89408854604575e-05	407460402	3495
ORDINAL	MP05	1	127	model.layers.31.mlp.down_proj	PREFILL	DOWN_PROJECTION	1	230463	230463	0	170180451	0.0013542272255466052	407460402	3495
ORDINAL	MP05	1	128	model.layers.32.self_attn	PREFILL	ATTENTION	5	152416	152416	0	170180451	0.0008956140326599558	407460402	3495
ORDINAL	MP05	1	129	model.layers.32.mlp.gate_up_proj	PREFILL	GATE_UP_PROJECTION	1	464832	464832	0	170180451	0.00273140655855942	407460402	3495
ORDINAL	MP05	1	130	model.layers.32.mlp.act_fn	PREFILL	ACTIVATION	1	15104	15104	0	170180451	8.87528497618096e-05	407460402	3495
ORDINAL	MP05	1	131	model.layers.32.mlp.down_proj	PREFILL	DOWN_PROJECTION	1	230207	230207	0	170180451	0.001352722939957422	407460402	3495
ORDINAL	MP05	1	132	model.layers.33.self_attn	PREFILL	ATTENTION	5	153152	153152	0	170180451	0.0008999388537288574	407460402	3495
ORDINAL	MP05	1	133	model.layers.33.mlp.gate_up_proj	PREFILL	GATE_UP_PROJECTION	1	464640	464640	0	170180451	0.0027302783443675324	407460402	3495
ORDINAL	MP05	1	134	model.layers.33.mlp.act_fn	PREFILL	ACTIVATION	1	15072	15072	0	170180451	8.85648140631617e-05	407460402	3495
ORDINAL	MP05	1	135	model.layers.33.mlp.down_proj	PREFILL	DOWN_PROJECTION	1	230463	230463	0	170180451	0.0013542272255466052	407460402	3495
ORDINAL	MP05	1	136	model.layers.34.self_attn	PREFILL	ATTENTION	5	154400	154400	0	170180451	0.0009072722459761256	407460402	3495
ORDINAL	MP05	1	137	model.layers.34.mlp.gate_up_proj	PREFILL	GATE_UP_PROJECTION	1	464928	464928	0	170180451	0.0027319706656553635	407460402	3495
ORDINAL	MP05	1	138	model.layers.34.mlp.act_fn	PREFILL	ACTIVATION	1	15136	15136	0	170180451	8.89408854604575e-05	407460402	3495
ORDINAL	MP05	1	139	model.layers.34.mlp.down_proj	PREFILL	DOWN_PROJECTION	1	230559	230559	0	170180451	0.0013547913326425489	407460402	3495
ORDINAL	MP05	1	140	model.layers.35.self_attn	PREFILL	ATTENTION	5	153216	153216	0	170180451	0.0009003149251261534	407460402	3495
ORDINAL	MP05	1	141	model.layers.35.mlp.gate_up_proj	PREFILL	GATE_UP_PROJECTION	1	464672	464672	0	170180451	0.0027304663800661803	407460402	3495
ORDINAL	MP05	1	142	model.layers.35.mlp.act_fn	PREFILL	ACTIVATION	1	15136	15136	0	170180451	8.89408854604575e-05	407460402	3495
ORDINAL	MP05	1	143	model.layers.35.mlp.down_proj	PREFILL	DOWN_PROJECTION	1	230271	230271	0	170180451	0.001353099011354718	407460402	3495
ORDINAL	MP05	1	144	model.layers.0.self_attn	DECODE	ATTENTION	6	28480	28480	0	170180451	0.0001673517717966325	407460402	3495
ORDINAL	MP05	1	145	model.layers.0.mlp.gate_up_proj	DECODE	GATE_UP_PROJECTION	1	45856	45856	0	170180451	0.0002694551561624431	407460402	3495
ORDINAL	MP05	1	146	model.layers.0.mlp.act_fn	DECODE	ACTIVATION	1	2400	2400	0	170180451	1.4102677398592628e-05	407460402	3495
ORDINAL	MP05	1	147	model.layers.0.mlp.down_proj	DECODE	DOWN_PROJECTION	1	27872	27872	0	170180451	0.00016377909352232236	407460402	3495
ORDINAL	MP05	1	148	model.layers.1.self_attn	DECODE	ATTENTION	6	30560	30560	0	170180451	0.00017957409220874612	407460402	3495
ORDINAL	MP05	1	149	model.layers.1.mlp.gate_up_proj	DECODE	GATE_UP_PROJECTION	1	53504	53504	0	170180451	0.0003143956881392916	407460402	3495
ORDINAL	MP05	1	150	model.layers.1.mlp.act_fn	DECODE	ACTIVATION	1	2400	2400	0	170180451	1.4102677398592628e-05	407460402	3495
ORDINAL	MP05	1	151	model.layers.1.mlp.down_proj	DECODE	DOWN_PROJECTION	1	27744	27744	0	170180451	0.00016302695072773076	407460402	3495
ORDINAL	MP05	1	152	model.layers.2.self_attn	DECODE	ATTENTION	6	29536	29536	0	170180451	0.00017355694985201326	407460402	3495
ORDINAL	MP05	1	153	model.layers.2.mlp.gate_up_proj	DECODE	GATE_UP_PROJECTION	1	42272	42272	0	170180451	0.00024839515791387815	407460402	3495
ORDINAL	MP05	1	154	model.layers.2.mlp.act_fn	DECODE	ACTIVATION	1	2400	2400	0	170180451	1.4102677398592628e-05	407460402	3495
ORDINAL	MP05	1	155	model.layers.2.mlp.down_proj	DECODE	DOWN_PROJECTION	1	20576	20576	0	170180451	0.00012090695423060078	407460402	3495
ORDINAL	MP05	1	156	model.layers.3.self_attn	DECODE	ATTENTION	6	27424	27424	0	170180451	0.00016114659374125175	407460402	3495
ORDINAL	MP05	1	157	model.layers.3.mlp.gate_up_proj	DECODE	GATE_UP_PROJECTION	1	39392	39392	0	170180451	0.000231471945035567	407460402	3495
ORDINAL	MP05	1	158	model.layers.3.mlp.act_fn	DECODE	ACTIVATION	1	2368	2368	0	170180451	1.3914641699944725e-05	407460402	3495
ORDINAL	MP05	1	159	model.layers.3.mlp.down_proj	DECODE	DOWN_PROJECTION	1	20576	20576	0	170180451	0.00012090695423060078	407460402	3495
ORDINAL	MP05	1	160	model.layers.4.self_attn	DECODE	ATTENTION	6	27648	27648	0	170180451	0.00016246284363178706	407460402	3495
ORDINAL	MP05	1	161	model.layers.4.mlp.gate_up_proj	DECODE	GATE_UP_PROJECTION	1	38624	38624	0	170180451	0.00022695908826801735	407460402	3495
ORDINAL	MP05	1	162	model.layers.4.mlp.act_fn	DECODE	ACTIVATION	1	2368	2368	0	170180451	1.3914641699944725e-05	407460402	3495
ORDINAL	MP05	1	163	model.layers.4.mlp.down_proj	DECODE	DOWN_PROJECTION	1	20543	20543	0	170180451	0.00012071304241637013	407460402	3495
ORDINAL	MP05	1	164	model.layers.5.self_attn	DECODE	ATTENTION	6	27456	27456	0	170180451	0.00016133462943989965	407460402	3495
ORDINAL	MP05	1	165	model.layers.5.mlp.gate_up_proj	DECODE	GATE_UP_PROJECTION	1	39296	39296	0	170180451	0.00023090783793962326	407460402	3495
ORDINAL	MP05	1	166	model.layers.5.mlp.act_fn	DECODE	ACTIVATION	1	2432	2432	0	170180451	1.4290713097240528e-05	407460402	3495
ORDINAL	MP05	1	167	model.layers.5.mlp.down_proj	DECODE	DOWN_PROJECTION	1	20544	20544	0	170180451	0.00012071891853195288	407460402	3495
ORDINAL	MP05	1	168	model.layers.6.self_attn	DECODE	ATTENTION	6	27648	27648	0	170180451	0.00016246284363178706	407460402	3495
ORDINAL	MP05	1	169	model.layers.6.mlp.gate_up_proj	DECODE	GATE_UP_PROJECTION	1	39104	39104	0	170180451	0.00022977962374773586	407460402	3495
ORDINAL	MP05	1	170	model.layers.6.mlp.act_fn	DECODE	ACTIVATION	1	2368	2368	0	170180451	1.3914641699944725e-05	407460402	3495
ORDINAL	MP05	1	171	model.layers.6.mlp.down_proj	DECODE	DOWN_PROJECTION	1	20608	20608	0	170180451	0.00012109498992924868	407460402	3495
ORDINAL	MP05	1	172	model.layers.7.self_attn	DECODE	ATTENTION	6	27616	27616	0	170180451	0.00016227480793313916	407460402	3495
ORDINAL	MP05	1	173	model.layers.7.mlp.gate_up_proj	DECODE	GATE_UP_PROJECTION	1	38720	38720	0	170180451	0.00022752319536396105	407460402	3495
ORDINAL	MP05	1	174	model.layers.7.mlp.act_fn	DECODE	ACTIVATION	1	2368	2368	0	170180451	1.3914641699944725e-05	407460402	3495
ORDINAL	MP05	1	175	model.layers.7.mlp.down_proj	DECODE	DOWN_PROJECTION	1	20608	20608	0	170180451	0.00012109498992924868	407460402	3495
ORDINAL	MP05	1	176	model.layers.8.self_attn	DECODE	ATTENTION	6	27328	27328	0	170180451	0.00016058248664530805	407460402	3495
ORDINAL	MP05	1	177	model.layers.8.mlp.gate_up_proj	DECODE	GATE_UP_PROJECTION	1	38976	38976	0	170180451	0.00022902748095314426	407460402	3495
ORDINAL	MP05	1	178	model.layers.8.mlp.act_fn	DECODE	ACTIVATION	1	2368	2368	0	170180451	1.3914641699944725e-05	407460402	3495
ORDINAL	MP05	1	179	model.layers.8.mlp.down_proj	DECODE	DOWN_PROJECTION	1	20576	20576	0	170180451	0.00012090695423060078	407460402	3495
ORDINAL	MP05	1	180	model.layers.9.self_attn	DECODE	ATTENTION	6	27296	27296	0	170180451	0.00016039445094666015	407460402	3495
ORDINAL	MP05	1	181	model.layers.9.mlp.gate_up_proj	DECODE	GATE_UP_PROJECTION	1	38848	38848	0	170180451	0.00022827533815855265	407460402	3495
ORDINAL	MP05	1	182	model.layers.9.mlp.act_fn	DECODE	ACTIVATION	1	2400	2400	0	170180451	1.4102677398592628e-05	407460402	3495
ORDINAL	MP05	1	183	model.layers.9.mlp.down_proj	DECODE	DOWN_PROJECTION	1	20608	20608	0	170180451	0.00012109498992924868	407460402	3495
ORDINAL	MP05	1	184	model.layers.10.self_attn	DECODE	ATTENTION	6	27488	27488	0	170180451	0.00016152266513854755	407460402	3495
ORDINAL	MP05	1	185	model.layers.10.mlp.gate_up_proj	DECODE	GATE_UP_PROJECTION	1	39552	39552	0	170180451	0.0002324121235288065	407460402	3495
ORDINAL	MP05	1	186	model.layers.10.mlp.act_fn	DECODE	ACTIVATION	1	2400	2400	0	170180451	1.4102677398592628e-05	407460402	3495
ORDINAL	MP05	1	187	model.layers.10.mlp.down_proj	DECODE	DOWN_PROJECTION	1	20576	20576	0	170180451	0.00012090695423060078	407460402	3495
ORDINAL	MP05	1	188	model.layers.11.self_attn	DECODE	ATTENTION	6	27808	27808	0	170180451	0.00016340302212502656	407460402	3495
ORDINAL	MP05	1	189	model.layers.11.mlp.gate_up_proj	DECODE	GATE_UP_PROJECTION	1	38880	38880	0	170180451	0.00022846337385720055	407460402	3495
ORDINAL	MP05	1	190	model.layers.11.mlp.act_fn	DECODE	ACTIVATION	1	2368	2368	0	170180451	1.3914641699944725e-05	407460402	3495
ORDINAL	MP05	1	191	model.layers.11.mlp.down_proj	DECODE	DOWN_PROJECTION	1	20736	20736	0	170180451	0.0001218471327238403	407460402	3495
ORDINAL	MP05	1	192	model.layers.12.self_attn	DECODE	ATTENTION	6	27616	27616	0	170180451	0.00016227480793313916	407460402	3495
ORDINAL	MP05	1	193	model.layers.12.mlp.gate_up_proj	DECODE	GATE_UP_PROJECTION	1	38912	38912	0	170180451	0.00022865140955584845	407460402	3495
ORDINAL	MP05	1	194	model.layers.12.mlp.act_fn	DECODE	ACTIVATION	1	2368	2368	0	170180451	1.3914641699944725e-05	407460402	3495
ORDINAL	MP05	1	195	model.layers.12.mlp.down_proj	DECODE	DOWN_PROJECTION	1	20768	20768	0	170180451	0.0001220351684224882	407460402	3495
ORDINAL	MP05	1	196	model.layers.13.self_attn	DECODE	ATTENTION	6	27712	27712	0	170180451	0.00016283891502908286	407460402	3495
ORDINAL	MP05	1	197	model.layers.13.mlp.gate_up_proj	DECODE	GATE_UP_PROJECTION	1	38975	38975	0	170180451	0.0002290216048375615	407460402	3495
ORDINAL	MP05	1	198	model.layers.13.mlp.act_fn	DECODE	ACTIVATION	1	2400	2400	0	170180451	1.4102677398592628e-05	407460402	3495
ORDINAL	MP05	1	199	model.layers.13.mlp.down_proj	DECODE	DOWN_PROJECTION	1	20512	20512	0	170180451	0.00012053088283330498	407460402	3495
ORDINAL	MP05	1	200	model.layers.14.self_attn	DECODE	ATTENTION	6	27616	27616	0	170180451	0.00016227480793313916	407460402	3495
ORDINAL	MP05	1	201	model.layers.14.mlp.gate_up_proj	DECODE	GATE_UP_PROJECTION	1	38944	38944	0	170180451	0.00022883944525449635	407460402	3495
ORDINAL	MP05	1	202	model.layers.14.mlp.act_fn	DECODE	ACTIVATION	1	2400	2400	0	170180451	1.4102677398592628e-05	407460402	3495
ORDINAL	MP05	1	203	model.layers.14.mlp.down_proj	DECODE	DOWN_PROJECTION	1	20416	20416	0	170180451	0.00011996677573736128	407460402	3495
ORDINAL	MP05	1	204	model.layers.15.self_attn	DECODE	ATTENTION	6	27744	27744	0	170180451	0.00016302695072773076	407460402	3495
ORDINAL	MP05	1	205	model.layers.15.mlp.gate_up_proj	DECODE	GATE_UP_PROJECTION	1	38912	38912	0	170180451	0.00022865140955584845	407460402	3495
ORDINAL	MP05	1	206	model.layers.15.mlp.act_fn	DECODE	ACTIVATION	1	2400	2400	0	170180451	1.4102677398592628e-05	407460402	3495
ORDINAL	MP05	1	207	model.layers.15.mlp.down_proj	DECODE	DOWN_PROJECTION	1	20448	20448	0	170180451	0.00012015481143600918	407460402	3495
ORDINAL	MP05	1	208	model.layers.16.self_attn	DECODE	ATTENTION	6	27776	27776	0	170180451	0.00016321498642637866	407460402	3495
ORDINAL	MP05	1	209	model.layers.16.mlp.gate_up_proj	DECODE	GATE_UP_PROJECTION	1	38912	38912	0	170180451	0.00022865140955584845	407460402	3495
ORDINAL	MP05	1	210	model.layers.16.mlp.act_fn	DECODE	ACTIVATION	1	2400	2400	0	170180451	1.4102677398592628e-05	407460402	3495
ORDINAL	MP05	1	211	model.layers.16.mlp.down_proj	DECODE	DOWN_PROJECTION	1	20576	20576	0	170180451	0.00012090695423060078	407460402	3495
ORDINAL	MP05	1	212	model.layers.17.self_attn	DECODE	ATTENTION	6	27488	27488	0	170180451	0.00016152266513854755	407460402	3495
ORDINAL	MP05	1	213	model.layers.17.mlp.gate_up_proj	DECODE	GATE_UP_PROJECTION	1	38816	38816	0	170180451	0.00022808730245990475	407460402	3495
ORDINAL	MP05	1	214	model.layers.17.mlp.act_fn	DECODE	ACTIVATION	1	2368	2368	0	170180451	1.3914641699944725e-05	407460402	3495
ORDINAL	MP05	1	215	model.layers.17.mlp.down_proj	DECODE	DOWN_PROJECTION	1	20608	20608	0	170180451	0.00012109498992924868	407460402	3495
ORDINAL	MP05	1	216	model.layers.18.self_attn	DECODE	ATTENTION	6	27616	27616	0	170180451	0.00016227480793313916	407460402	3495
ORDINAL	MP05	1	217	model.layers.18.mlp.gate_up_proj	DECODE	GATE_UP_PROJECTION	1	38624	38624	0	170180451	0.00022695908826801735	407460402	3495
ORDINAL	MP05	1	218	model.layers.18.mlp.act_fn	DECODE	ACTIVATION	1	2400	2400	0	170180451	1.4102677398592628e-05	407460402	3495
ORDINAL	MP05	1	219	model.layers.18.mlp.down_proj	DECODE	DOWN_PROJECTION	1	20480	20480	0	170180451	0.00012034284713465708	407460402	3495
ORDINAL	MP05	1	220	model.layers.19.self_attn	DECODE	ATTENTION	6	27552	27552	0	170180451	0.00016189873653584336	407460402	3495
ORDINAL	MP05	1	221	model.layers.19.mlp.gate_up_proj	DECODE	GATE_UP_PROJECTION	1	38976	38976	0	170180451	0.00022902748095314426	407460402	3495
ORDINAL	MP05	1	222	model.layers.19.mlp.act_fn	DECODE	ACTIVATION	1	2432	2432	0	170180451	1.4290713097240528e-05	407460402	3495
ORDINAL	MP05	1	223	model.layers.19.mlp.down_proj	DECODE	DOWN_PROJECTION	1	20416	20416	0	170180451	0.00011996677573736128	407460402	3495
ORDINAL	MP05	1	224	model.layers.20.self_attn	DECODE	ATTENTION	6	27744	27744	0	170180451	0.00016302695072773076	407460402	3495
ORDINAL	MP05	1	225	model.layers.20.mlp.gate_up_proj	DECODE	GATE_UP_PROJECTION	1	39264	39264	0	170180451	0.00023071980224097536	407460402	3495
ORDINAL	MP05	1	226	model.layers.20.mlp.act_fn	DECODE	ACTIVATION	1	2400	2400	0	170180451	1.4102677398592628e-05	407460402	3495
ORDINAL	MP05	1	227	model.layers.20.mlp.down_proj	DECODE	DOWN_PROJECTION	1	20384	20384	0	170180451	0.00011977874003871338	407460402	3495
ORDINAL	MP05	1	228	model.layers.21.self_attn	DECODE	ATTENTION	6	27680	27680	0	170180451	0.00016265087933043496	407460402	3495
ORDINAL	MP05	1	229	model.layers.21.mlp.gate_up_proj	DECODE	GATE_UP_PROJECTION	1	39008	39008	0	170180451	0.00022921551665179216	407460402	3495
ORDINAL	MP05	1	230	model.layers.21.mlp.act_fn	DECODE	ACTIVATION	1	2400	2400	0	170180451	1.4102677398592628e-05	407460402	3495
ORDINAL	MP05	1	231	model.layers.21.mlp.down_proj	DECODE	DOWN_PROJECTION	1	20512	20512	0	170180451	0.00012053088283330498	407460402	3495
ORDINAL	MP05	1	232	model.layers.22.self_attn	DECODE	ATTENTION	6	27616	27616	0	170180451	0.00016227480793313916	407460402	3495
ORDINAL	MP05	1	233	model.layers.22.mlp.gate_up_proj	DECODE	GATE_UP_PROJECTION	1	39295	39295	0	170180451	0.00023090196182404054	407460402	3495
ORDINAL	MP05	1	234	model.layers.22.mlp.act_fn	DECODE	ACTIVATION	1	2400	2400	0	170180451	1.4102677398592628e-05	407460402	3495
ORDINAL	MP05	1	235	model.layers.22.mlp.down_proj	DECODE	DOWN_PROJECTION	1	20512	20512	0	170180451	0.00012053088283330498	407460402	3495
ORDINAL	MP05	1	236	model.layers.23.self_attn	DECODE	ATTENTION	6	27616	27616	0	170180451	0.00016227480793313916	407460402	3495
ORDINAL	MP05	1	237	model.layers.23.mlp.gate_up_proj	DECODE	GATE_UP_PROJECTION	1	39104	39104	0	170180451	0.00022977962374773586	407460402	3495
ORDINAL	MP05	1	238	model.layers.23.mlp.act_fn	DECODE	ACTIVATION	1	2400	2400	0	170180451	1.4102677398592628e-05	407460402	3495
ORDINAL	MP05	1	239	model.layers.23.mlp.down_proj	DECODE	DOWN_PROJECTION	1	20576	20576	0	170180451	0.00012090695423060078	407460402	3495
ORDINAL	MP05	1	240	model.layers.24.self_attn	DECODE	ATTENTION	6	27680	27680	0	170180451	0.00016265087933043496	407460402	3495
ORDINAL	MP05	1	241	model.layers.24.mlp.gate_up_proj	DECODE	GATE_UP_PROJECTION	1	39072	39072	0	170180451	0.00022959158804908796	407460402	3495
ORDINAL	MP05	1	242	model.layers.24.mlp.act_fn	DECODE	ACTIVATION	1	2368	2368	0	170180451	1.3914641699944725e-05	407460402	3495
ORDINAL	MP05	1	243	model.layers.24.mlp.down_proj	DECODE	DOWN_PROJECTION	1	20512	20512	0	170180451	0.00012053088283330498	407460402	3495
ORDINAL	MP05	1	244	model.layers.25.self_attn	DECODE	ATTENTION	6	27872	27872	0	170180451	0.00016377909352232236	407460402	3495
ORDINAL	MP05	1	245	model.layers.25.mlp.gate_up_proj	DECODE	GATE_UP_PROJECTION	1	38880	38880	0	170180451	0.00022846337385720055	407460402	3495
ORDINAL	MP05	1	246	model.layers.25.mlp.act_fn	DECODE	ACTIVATION	1	2400	2400	0	170180451	1.4102677398592628e-05	407460402	3495
ORDINAL	MP05	1	247	model.layers.25.mlp.down_proj	DECODE	DOWN_PROJECTION	1	20416	20416	0	170180451	0.00011996677573736128	407460402	3495
ORDINAL	MP05	1	248	model.layers.26.self_attn	DECODE	ATTENTION	6	27648	27648	0	170180451	0.00016246284363178706	407460402	3495
ORDINAL	MP05	1	249	model.layers.26.mlp.gate_up_proj	DECODE	GATE_UP_PROJECTION	1	38656	38656	0	170180451	0.00022714712396666525	407460402	3495
ORDINAL	MP05	1	250	model.layers.26.mlp.act_fn	DECODE	ACTIVATION	1	2368	2368	0	170180451	1.3914641699944725e-05	407460402	3495
ORDINAL	MP05	1	251	model.layers.26.mlp.down_proj	DECODE	DOWN_PROJECTION	1	20448	20448	0	170180451	0.00012015481143600918	407460402	3495
ORDINAL	MP05	1	252	model.layers.27.self_attn	DECODE	ATTENTION	6	27552	27552	0	170180451	0.00016189873653584336	407460402	3495
ORDINAL	MP05	1	253	model.layers.27.mlp.gate_up_proj	DECODE	GATE_UP_PROJECTION	1	38784	38784	0	170180451	0.00022789926676125685	407460402	3495
ORDINAL	MP05	1	254	model.layers.27.mlp.act_fn	DECODE	ACTIVATION	1	2368	2368	0	170180451	1.3914641699944725e-05	407460402	3495
ORDINAL	MP05	1	255	model.layers.27.mlp.down_proj	DECODE	DOWN_PROJECTION	1	20640	20640	0	170180451	0.00012128302562789659	407460402	3495
ORDINAL	MP05	1	256	model.layers.28.self_attn	DECODE	ATTENTION	6	27488	27488	0	170180451	0.00016152266513854755	407460402	3495
ORDINAL	MP05	1	257	model.layers.28.mlp.gate_up_proj	DECODE	GATE_UP_PROJECTION	1	38912	38912	0	170180451	0.00022865140955584845	407460402	3495
ORDINAL	MP05	1	258	model.layers.28.mlp.act_fn	DECODE	ACTIVATION	1	2400	2400	0	170180451	1.4102677398592628e-05	407460402	3495
ORDINAL	MP05	1	259	model.layers.28.mlp.down_proj	DECODE	DOWN_PROJECTION	1	20352	20352	0	170180451	0.00011959070434006548	407460402	3495
ORDINAL	MP05	1	260	model.layers.29.self_attn	DECODE	ATTENTION	6	27872	27872	0	170180451	0.00016377909352232236	407460402	3495
ORDINAL	MP05	1	261	model.layers.29.mlp.gate_up_proj	DECODE	GATE_UP_PROJECTION	1	38784	38784	0	170180451	0.00022789926676125685	407460402	3495
ORDINAL	MP05	1	262	model.layers.29.mlp.act_fn	DECODE	ACTIVATION	1	2400	2400	0	170180451	1.4102677398592628e-05	407460402	3495
ORDINAL	MP05	1	263	model.layers.29.mlp.down_proj	DECODE	DOWN_PROJECTION	1	20736	20736	0	170180451	0.0001218471327238403	407460402	3495
ORDINAL	MP05	1	264	model.layers.30.self_attn	DECODE	ATTENTION	6	27520	27520	0	170180451	0.00016171070083719546	407460402	3495
ORDINAL	MP05	1	265	model.layers.30.mlp.gate_up_proj	DECODE	GATE_UP_PROJECTION	1	39040	39040	0	170180451	0.00022940355235044006	407460402	3495
ORDINAL	MP05	1	266	model.layers.30.mlp.act_fn	DECODE	ACTIVATION	1	2400	2400	0	170180451	1.4102677398592628e-05	407460402	3495
ORDINAL	MP05	1	267	model.layers.30.mlp.down_proj	DECODE	DOWN_PROJECTION	1	20512	20512	0	170180451	0.00012053088283330498	407460402	3495
ORDINAL	MP05	1	268	model.layers.31.self_attn	DECODE	ATTENTION	6	27744	27744	0	170180451	0.00016302695072773076	407460402	3495
ORDINAL	MP05	1	269	model.layers.31.mlp.gate_up_proj	DECODE	GATE_UP_PROJECTION	1	38464	38464	0	170180451	0.00022601890977477784	407460402	3495
ORDINAL	MP05	1	270	model.layers.31.mlp.act_fn	DECODE	ACTIVATION	1	2400	2400	0	170180451	1.4102677398592628e-05	407460402	3495
ORDINAL	MP05	1	271	model.layers.31.mlp.down_proj	DECODE	DOWN_PROJECTION	1	20576	20576	0	170180451	0.00012090695423060078	407460402	3495
ORDINAL	MP05	1	272	model.layers.32.self_attn	DECODE	ATTENTION	6	27520	27520	0	170180451	0.00016171070083719546	407460402	3495
ORDINAL	MP05	1	273	model.layers.32.mlp.gate_up_proj	DECODE	GATE_UP_PROJECTION	1	38688	38688	0	170180451	0.00022733515966531315	407460402	3495
ORDINAL	MP05	1	274	model.layers.32.mlp.act_fn	DECODE	ACTIVATION	1	2400	2400	0	170180451	1.4102677398592628e-05	407460402	3495
ORDINAL	MP05	1	275	model.layers.32.mlp.down_proj	DECODE	DOWN_PROJECTION	1	20608	20608	0	170180451	0.00012109498992924868	407460402	3495
ORDINAL	MP05	1	276	model.layers.33.self_attn	DECODE	ATTENTION	6	27552	27552	0	170180451	0.00016189873653584336	407460402	3495
ORDINAL	MP05	1	277	model.layers.33.mlp.gate_up_proj	DECODE	GATE_UP_PROJECTION	1	38848	38848	0	170180451	0.00022827533815855265	407460402	3495
ORDINAL	MP05	1	278	model.layers.33.mlp.act_fn	DECODE	ACTIVATION	1	2368	2368	0	170180451	1.3914641699944725e-05	407460402	3495
ORDINAL	MP05	1	279	model.layers.33.mlp.down_proj	DECODE	DOWN_PROJECTION	1	20544	20544	0	170180451	0.00012071891853195288	407460402	3495
ORDINAL	MP05	1	280	model.layers.34.self_attn	DECODE	ATTENTION	6	27488	27488	0	170180451	0.00016152266513854755	407460402	3495
ORDINAL	MP05	1	281	model.layers.34.mlp.gate_up_proj	DECODE	GATE_UP_PROJECTION	1	39008	39008	0	170180451	0.00022921551665179216	407460402	3495
ORDINAL	MP05	1	282	model.layers.34.mlp.act_fn	DECODE	ACTIVATION	1	2400	2400	0	170180451	1.4102677398592628e-05	407460402	3495
ORDINAL	MP05	1	283	model.layers.34.mlp.down_proj	DECODE	DOWN_PROJECTION	1	20544	20544	0	170180451	0.00012071891853195288	407460402	3495
ORDINAL	MP05	1	284	model.layers.35.self_attn	DECODE	ATTENTION	6	27584	27584	0	170180451	0.00016208677223449126	407460402	3495
ORDINAL	MP05	1	285	model.layers.35.mlp.gate_up_proj	DECODE	GATE_UP_PROJECTION	1	38880	38880	0	170180451	0.00022846337385720055	407460402	3495
ORDINAL	MP05	1	286	model.layers.35.mlp.act_fn	DECODE	ACTIVATION	1	2368	2368	0	170180451	1.3914641699944725e-05	407460402	3495
ORDINAL	MP05	1	287	model.layers.35.mlp.down_proj	DECODE	DOWN_PROJECTION	1	20672	20672	0	170180451	0.00012147106132654449	407460402	3495
ORDINAL	MP05	1	288	model.layers.0.self_attn	DECODE	ATTENTION	6	27776	27776	0	170180451	0.00016321498642637866	407460402	3495
ORDINAL	MP05	1	289	model.layers.0.mlp.gate_up_proj	DECODE	GATE_UP_PROJECTION	1	39200	39200	0	170180451	0.00023034373084367956	407460402	3495
ORDINAL	MP05	1	290	model.layers.0.mlp.act_fn	DECODE	ACTIVATION	1	2368	2368	0	170180451	1.3914641699944725e-05	407460402	3495
ORDINAL	MP05	1	291	model.layers.0.mlp.down_proj	DECODE	DOWN_PROJECTION	1	20576	20576	0	170180451	0.00012090695423060078	407460402	3495
ORDINAL	MP05	1	292	model.layers.1.self_attn	DECODE	ATTENTION	6	27648	27648	0	170180451	0.00016246284363178706	407460402	3495
ORDINAL	MP05	1	293	model.layers.1.mlp.gate_up_proj	DECODE	GATE_UP_PROJECTION	1	40160	40160	0	170180451	0.0002359848018031166	407460402	3495
ORDINAL	MP05	1	294	model.layers.1.mlp.act_fn	DECODE	ACTIVATION	1	2400	2400	0	170180451	1.4102677398592628e-05	407460402	3495
ORDINAL	MP05	1	295	model.layers.1.mlp.down_proj	DECODE	DOWN_PROJECTION	1	20959	20959	0	170180451	0.00012315750649879287	407460402	3495
ORDINAL	MP05	1	296	model.layers.2.self_attn	DECODE	ATTENTION	6	27584	27584	0	170180451	0.00016208677223449126	407460402	3495
ORDINAL	MP05	1	297	model.layers.2.mlp.gate_up_proj	DECODE	GATE_UP_PROJECTION	1	38816	38816	0	170180451	0.00022808730245990475	407460402	3495
ORDINAL	MP05	1	298	model.layers.2.mlp.act_fn	DECODE	ACTIVATION	1	2400	2400	0	170180451	1.4102677398592628e-05	407460402	3495
ORDINAL	MP05	1	299	model.layers.2.mlp.down_proj	DECODE	DOWN_PROJECTION	1	20608	20608	0	170180451	0.00012109498992924868	407460402	3495
ORDINAL	MP05	1	300	model.layers.3.self_attn	DECODE	ATTENTION	6	27424	27424	0	170180451	0.00016114659374125175	407460402	3495
ORDINAL	MP05	1	301	model.layers.3.mlp.gate_up_proj	DECODE	GATE_UP_PROJECTION	1	39072	39072	0	170180451	0.00022959158804908796	407460402	3495
ORDINAL	MP05	1	302	model.layers.3.mlp.act_fn	DECODE	ACTIVATION	1	2400	2400	0	170180451	1.4102677398592628e-05	407460402	3495
ORDINAL	MP05	1	303	model.layers.3.mlp.down_proj	DECODE	DOWN_PROJECTION	1	20672	20672	0	170180451	0.00012147106132654449	407460402	3495
ORDINAL	MP05	1	304	model.layers.4.self_attn	DECODE	ATTENTION	6	27456	27456	0	170180451	0.00016133462943989965	407460402	3495
ORDINAL	MP05	1	305	model.layers.4.mlp.gate_up_proj	DECODE	GATE_UP_PROJECTION	1	38848	38848	0	170180451	0.00022827533815855265	407460402	3495
ORDINAL	MP05	1	306	model.layers.4.mlp.act_fn	DECODE	ACTIVATION	1	2368	2368	0	170180451	1.3914641699944725e-05	407460402	3495
ORDINAL	MP05	1	307	model.layers.4.mlp.down_proj	DECODE	DOWN_PROJECTION	1	20640	20640	0	170180451	0.00012128302562789659	407460402	3495
ORDINAL	MP05	1	308	model.layers.5.self_attn	DECODE	ATTENTION	6	27584	27584	0	170180451	0.00016208677223449126	407460402	3495
ORDINAL	MP05	1	309	model.layers.5.mlp.gate_up_proj	DECODE	GATE_UP_PROJECTION	1	39072	39072	0	170180451	0.00022959158804908796	407460402	3495
ORDINAL	MP05	1	310	model.layers.5.mlp.act_fn	DECODE	ACTIVATION	1	2400	2400	0	170180451	1.4102677398592628e-05	407460402	3495
ORDINAL	MP05	1	311	model.layers.5.mlp.down_proj	DECODE	DOWN_PROJECTION	1	20576	20576	0	170180451	0.00012090695423060078	407460402	3495
ORDINAL	MP05	1	312	model.layers.6.self_attn	DECODE	ATTENTION	6	27520	27520	0	170180451	0.00016171070083719546	407460402	3495
ORDINAL	MP05	1	313	model.layers.6.mlp.gate_up_proj	DECODE	GATE_UP_PROJECTION	1	38976	38976	0	170180451	0.00022902748095314426	407460402	3495
ORDINAL	MP05	1	314	model.layers.6.mlp.act_fn	DECODE	ACTIVATION	1	2400	2400	0	170180451	1.4102677398592628e-05	407460402	3495
ORDINAL	MP05	1	315	model.layers.6.mlp.down_proj	DECODE	DOWN_PROJECTION	1	20512	20512	0	170180451	0.00012053088283330498	407460402	3495
ORDINAL	MP05	1	316	model.layers.7.self_attn	DECODE	ATTENTION	6	27776	27776	0	170180451	0.00016321498642637866	407460402	3495
ORDINAL	MP05	1	317	model.layers.7.mlp.gate_up_proj	DECODE	GATE_UP_PROJECTION	1	38880	38880	0	170180451	0.00022846337385720055	407460402	3495
ORDINAL	MP05	1	318	model.layers.7.mlp.act_fn	DECODE	ACTIVATION	1	2368	2368	0	170180451	1.3914641699944725e-05	407460402	3495
ORDINAL	MP05	1	319	model.layers.7.mlp.down_proj	DECODE	DOWN_PROJECTION	1	20384	20384	0	170180451	0.00011977874003871338	407460402	3495
ORDINAL	MP05	1	320	model.layers.8.self_attn	DECODE	ATTENTION	6	27616	27616	0	170180451	0.00016227480793313916	407460402	3495
ORDINAL	MP05	1	321	model.layers.8.mlp.gate_up_proj	DECODE	GATE_UP_PROJECTION	1	39008	39008	0	170180451	0.00022921551665179216	407460402	3495
ORDINAL	MP05	1	322	model.layers.8.mlp.act_fn	DECODE	ACTIVATION	1	2400	2400	0	170180451	1.4102677398592628e-05	407460402	3495
ORDINAL	MP05	1	323	model.layers.8.mlp.down_proj	DECODE	DOWN_PROJECTION	1	20384	20384	0	170180451	0.00011977874003871338	407460402	3495
ORDINAL	MP05	1	324	model.layers.9.self_attn	DECODE	ATTENTION	6	27488	27488	0	170180451	0.00016152266513854755	407460402	3495
ORDINAL	MP05	1	325	model.layers.9.mlp.gate_up_proj	DECODE	GATE_UP_PROJECTION	1	38560	38560	0	170180451	0.00022658301687072154	407460402	3495
ORDINAL	MP05	1	326	model.layers.9.mlp.act_fn	DECODE	ACTIVATION	1	2368	2368	0	170180451	1.3914641699944725e-05	407460402	3495
ORDINAL	MP05	1	327	model.layers.9.mlp.down_proj	DECODE	DOWN_PROJECTION	1	20448	20448	0	170180451	0.00012015481143600918	407460402	3495
ORDINAL	MP05	1	328	model.layers.10.self_attn	DECODE	ATTENTION	6	27808	27808	0	170180451	0.00016340302212502656	407460402	3495
ORDINAL	MP05	1	329	model.layers.10.mlp.gate_up_proj	DECODE	GATE_UP_PROJECTION	1	39807	39807	0	170180451	0.00023391053300240696	407460402	3495
ORDINAL	MP05	1	330	model.layers.10.mlp.act_fn	DECODE	ACTIVATION	1	2368	2368	0	170180451	1.3914641699944725e-05	407460402	3495
ORDINAL	MP05	1	331	model.layers.10.mlp.down_proj	DECODE	DOWN_PROJECTION	1	20544	20544	0	170180451	0.00012071891853195288	407460402	3495
ORDINAL	MP05	1	332	model.layers.11.self_attn	DECODE	ATTENTION	6	27648	27648	0	170180451	0.00016246284363178706	407460402	3495
ORDINAL	MP05	1	333	model.layers.11.mlp.gate_up_proj	DECODE	GATE_UP_PROJECTION	1	39200	39200	0	170180451	0.00023034373084367956	407460402	3495
ORDINAL	MP05	1	334	model.layers.11.mlp.act_fn	DECODE	ACTIVATION	1	2368	2368	0	170180451	1.3914641699944725e-05	407460402	3495
ORDINAL	MP05	1	335	model.layers.11.mlp.down_proj	DECODE	DOWN_PROJECTION	1	20704	20704	0	170180451	0.0001216590970251924	407460402	3495
ORDINAL	MP05	1	336	model.layers.12.self_attn	DECODE	ATTENTION	6	27808	27808	0	170180451	0.00016340302212502656	407460402	3495
ORDINAL	MP05	1	337	model.layers.12.mlp.gate_up_proj	DECODE	GATE_UP_PROJECTION	1	38848	38848	0	170180451	0.00022827533815855265	407460402	3495
ORDINAL	MP05	1	338	model.layers.12.mlp.act_fn	DECODE	ACTIVATION	1	2368	2368	0	170180451	1.3914641699944725e-05	407460402	3495
ORDINAL	MP05	1	339	model.layers.12.mlp.down_proj	DECODE	DOWN_PROJECTION	1	20608	20608	0	170180451	0.00012109498992924868	407460402	3495
ORDINAL	MP05	1	340	model.layers.13.self_attn	DECODE	ATTENTION	6	27616	27616	0	170180451	0.00016227480793313916	407460402	3495
ORDINAL	MP05	1	341	model.layers.13.mlp.gate_up_proj	DECODE	GATE_UP_PROJECTION	1	39328	39328	0	170180451	0.0002310958736382712	407460402	3495
ORDINAL	MP05	1	342	model.layers.13.mlp.act_fn	DECODE	ACTIVATION	1	2368	2368	0	170180451	1.3914641699944725e-05	407460402	3495
ORDINAL	MP05	1	343	model.layers.13.mlp.down_proj	DECODE	DOWN_PROJECTION	1	20384	20384	0	170180451	0.00011977874003871338	407460402	3495
ORDINAL	MP05	1	344	model.layers.14.self_attn	DECODE	ATTENTION	6	27456	27456	0	170180451	0.00016133462943989965	407460402	3495
ORDINAL	MP05	1	345	model.layers.14.mlp.gate_up_proj	DECODE	GATE_UP_PROJECTION	1	39168	39168	0	170180451	0.00023015569514503166	407460402	3495
ORDINAL	MP05	1	346	model.layers.14.mlp.act_fn	DECODE	ACTIVATION	1	2368	2368	0	170180451	1.3914641699944725e-05	407460402	3495
ORDINAL	MP05	1	347	model.layers.14.mlp.down_proj	DECODE	DOWN_PROJECTION	1	20416	20416	0	170180451	0.00011996677573736128	407460402	3495
ORDINAL	MP05	1	348	model.layers.15.self_attn	DECODE	ATTENTION	6	27552	27552	0	170180451	0.00016189873653584336	407460402	3495
ORDINAL	MP05	1	349	model.layers.15.mlp.gate_up_proj	DECODE	GATE_UP_PROJECTION	1	38944	38944	0	170180451	0.00022883944525449635	407460402	3495
ORDINAL	MP05	1	350	model.layers.15.mlp.act_fn	DECODE	ACTIVATION	1	2368	2368	0	170180451	1.3914641699944725e-05	407460402	3495
ORDINAL	MP05	1	351	model.layers.15.mlp.down_proj	DECODE	DOWN_PROJECTION	1	20640	20640	0	170180451	0.00012128302562789659	407460402	3495
ORDINAL	MP05	1	352	model.layers.16.self_attn	DECODE	ATTENTION	6	27744	27744	0	170180451	0.00016302695072773076	407460402	3495
ORDINAL	MP05	1	353	model.layers.16.mlp.gate_up_proj	DECODE	GATE_UP_PROJECTION	1	38848	38848	0	170180451	0.00022827533815855265	407460402	3495
ORDINAL	MP05	1	354	model.layers.16.mlp.act_fn	DECODE	ACTIVATION	1	2400	2400	0	170180451	1.4102677398592628e-05	407460402	3495
ORDINAL	MP05	1	355	model.layers.16.mlp.down_proj	DECODE	DOWN_PROJECTION	1	20384	20384	0	170180451	0.00011977874003871338	407460402	3495
ORDINAL	MP05	1	356	model.layers.17.self_attn	DECODE	ATTENTION	6	27552	27552	0	170180451	0.00016189873653584336	407460402	3495
ORDINAL	MP05	1	357	model.layers.17.mlp.gate_up_proj	DECODE	GATE_UP_PROJECTION	1	39072	39072	0	170180451	0.00022959158804908796	407460402	3495
ORDINAL	MP05	1	358	model.layers.17.mlp.act_fn	DECODE	ACTIVATION	1	2400	2400	0	170180451	1.4102677398592628e-05	407460402	3495
ORDINAL	MP05	1	359	model.layers.17.mlp.down_proj	DECODE	DOWN_PROJECTION	1	20448	20448	0	170180451	0.00012015481143600918	407460402	3495
ORDINAL	MP05	1	360	model.layers.18.self_attn	DECODE	ATTENTION	6	27552	27552	0	170180451	0.00016189873653584336	407460402	3495
ORDINAL	MP05	1	361	model.layers.18.mlp.gate_up_proj	DECODE	GATE_UP_PROJECTION	1	39328	39328	0	170180451	0.0002310958736382712	407460402	3495
ORDINAL	MP05	1	362	model.layers.18.mlp.act_fn	DECODE	ACTIVATION	1	2368	2368	0	170180451	1.3914641699944725e-05	407460402	3495
ORDINAL	MP05	1	363	model.layers.18.mlp.down_proj	DECODE	DOWN_PROJECTION	1	20288	20288	0	170180451	0.00011921463294276968	407460402	3495
ORDINAL	MP05	1	364	model.layers.19.self_attn	DECODE	ATTENTION	6	27680	27680	0	170180451	0.00016265087933043496	407460402	3495
ORDINAL	MP05	1	365	model.layers.19.mlp.gate_up_proj	DECODE	GATE_UP_PROJECTION	1	39040	39040	0	170180451	0.00022940355235044006	407460402	3495
ORDINAL	MP05	1	366	model.layers.19.mlp.act_fn	DECODE	ACTIVATION	1	2400	2400	0	170180451	1.4102677398592628e-05	407460402	3495
ORDINAL	MP05	1	367	model.layers.19.mlp.down_proj	DECODE	DOWN_PROJECTION	1	20320	20320	0	170180451	0.00011940266864141758	407460402	3495
ORDINAL	MP05	1	368	model.layers.20.self_attn	DECODE	ATTENTION	6	27487	27487	0	170180451	0.0001615167890229648	407460402	3495
ORDINAL	MP05	1	369	model.layers.20.mlp.gate_up_proj	DECODE	GATE_UP_PROJECTION	1	39040	39040	0	170180451	0.00022940355235044006	407460402	3495
ORDINAL	MP05	1	370	model.layers.20.mlp.act_fn	DECODE	ACTIVATION	1	2368	2368	0	170180451	1.3914641699944725e-05	407460402	3495
ORDINAL	MP05	1	371	model.layers.20.mlp.down_proj	DECODE	DOWN_PROJECTION	1	20736	20736	0	170180451	0.0001218471327238403	407460402	3495
ORDINAL	MP05	1	372	model.layers.21.self_attn	DECODE	ATTENTION	6	27616	27616	0	170180451	0.00016227480793313916	407460402	3495
ORDINAL	MP05	1	373	model.layers.21.mlp.gate_up_proj	DECODE	GATE_UP_PROJECTION	1	38752	38752	0	170180451	0.00022771123106260895	407460402	3495
ORDINAL	MP05	1	374	model.layers.21.mlp.act_fn	DECODE	ACTIVATION	1	2368	2368	0	170180451	1.3914641699944725e-05	407460402	3495
ORDINAL	MP05	1	375	model.layers.21.mlp.down_proj	DECODE	DOWN_PROJECTION	1	20320	20320	0	170180451	0.00011940266864141758	407460402	3495
ORDINAL	MP05	1	376	model.layers.22.self_attn	DECODE	ATTENTION	6	27488	27488	0	170180451	0.00016152266513854755	407460402	3495
ORDINAL	MP05	1	377	model.layers.22.mlp.gate_up_proj	DECODE	GATE_UP_PROJECTION	1	39104	39104	0	170180451	0.00022977962374773586	407460402	3495
ORDINAL	MP05	1	378	model.layers.22.mlp.act_fn	DECODE	ACTIVATION	1	2368	2368	0	170180451	1.3914641699944725e-05	407460402	3495
ORDINAL	MP05	1	379	model.layers.22.mlp.down_proj	DECODE	DOWN_PROJECTION	1	20800	20800	0	170180451	0.0001222232041211361	407460402	3495
ORDINAL	MP05	1	380	model.layers.23.self_attn	DECODE	ATTENTION	6	27872	27872	0	170180451	0.00016377909352232236	407460402	3495
ORDINAL	MP05	1	381	model.layers.23.mlp.gate_up_proj	DECODE	GATE_UP_PROJECTION	1	38880	38880	0	170180451	0.00022846337385720055	407460402	3495
ORDINAL	MP05	1	382	model.layers.23.mlp.act_fn	DECODE	ACTIVATION	1	2400	2400	0	170180451	1.4102677398592628e-05	407460402	3495
ORDINAL	MP05	1	383	model.layers.23.mlp.down_proj	DECODE	DOWN_PROJECTION	1	20608	20608	0	170180451	0.00012109498992924868	407460402	3495
ORDINAL	MP05	1	384	model.layers.24.self_attn	DECODE	ATTENTION	6	27488	27488	0	170180451	0.00016152266513854755	407460402	3495
ORDINAL	MP05	1	385	model.layers.24.mlp.gate_up_proj	DECODE	GATE_UP_PROJECTION	1	38976	38976	0	170180451	0.00022902748095314426	407460402	3495
ORDINAL	MP05	1	386	model.layers.24.mlp.act_fn	DECODE	ACTIVATION	1	2368	2368	0	170180451	1.3914641699944725e-05	407460402	3495
ORDINAL	MP05	1	387	model.layers.24.mlp.down_proj	DECODE	DOWN_PROJECTION	1	20576	20576	0	170180451	0.00012090695423060078	407460402	3495
ORDINAL	MP05	1	388	model.layers.25.self_attn	DECODE	ATTENTION	6	27840	27840	0	170180451	0.00016359105782367446	407460402	3495
ORDINAL	MP05	1	389	model.layers.25.mlp.gate_up_proj	DECODE	GATE_UP_PROJECTION	1	39616	39616	0	170180451	0.0002327881949261023	407460402	3495
ORDINAL	MP05	1	390	model.layers.25.mlp.act_fn	DECODE	ACTIVATION	1	2400	2400	0	170180451	1.4102677398592628e-05	407460402	3495
ORDINAL	MP05	1	391	model.layers.25.mlp.down_proj	DECODE	DOWN_PROJECTION	1	20608	20608	0	170180451	0.00012109498992924868	407460402	3495
ORDINAL	MP05	1	392	model.layers.26.self_attn	DECODE	ATTENTION	6	27360	27360	0	170180451	0.00016077052234395595	407460402	3495
ORDINAL	MP05	1	393	model.layers.26.mlp.gate_up_proj	DECODE	GATE_UP_PROJECTION	1	38816	38816	0	170180451	0.00022808730245990475	407460402	3495
ORDINAL	MP05	1	394	model.layers.26.mlp.act_fn	DECODE	ACTIVATION	1	2368	2368	0	170180451	1.3914641699944725e-05	407460402	3495
ORDINAL	MP05	1	395	model.layers.26.mlp.down_proj	DECODE	DOWN_PROJECTION	1	20544	20544	0	170180451	0.00012071891853195288	407460402	3495
ORDINAL	MP05	1	396	model.layers.27.self_attn	DECODE	ATTENTION	6	27584	27584	0	170180451	0.00016208677223449126	407460402	3495
ORDINAL	MP05	1	397	model.layers.27.mlp.gate_up_proj	DECODE	GATE_UP_PROJECTION	1	38752	38752	0	170180451	0.00022771123106260895	407460402	3495
ORDINAL	MP05	1	398	model.layers.27.mlp.act_fn	DECODE	ACTIVATION	1	2400	2400	0	170180451	1.4102677398592628e-05	407460402	3495
ORDINAL	MP05	1	399	model.layers.27.mlp.down_proj	DECODE	DOWN_PROJECTION	1	20448	20448	0	170180451	0.00012015481143600918	407460402	3495
ORDINAL	MP05	1	400	model.layers.28.self_attn	DECODE	ATTENTION	6	27680	27680	0	170180451	0.00016265087933043496	407460402	3495
ORDINAL	MP05	1	401	model.layers.28.mlp.gate_up_proj	DECODE	GATE_UP_PROJECTION	1	38912	38912	0	170180451	0.00022865140955584845	407460402	3495
ORDINAL	MP05	1	402	model.layers.28.mlp.act_fn	DECODE	ACTIVATION	1	2368	2368	0	170180451	1.3914641699944725e-05	407460402	3495
ORDINAL	MP05	1	403	model.layers.28.mlp.down_proj	DECODE	DOWN_PROJECTION	1	20704	20704	0	170180451	0.0001216590970251924	407460402	3495
ORDINAL	MP05	1	404	model.layers.29.self_attn	DECODE	ATTENTION	6	27648	27648	0	170180451	0.00016246284363178706	407460402	3495
ORDINAL	MP05	1	405	model.layers.29.mlp.gate_up_proj	DECODE	GATE_UP_PROJECTION	1	38880	38880	0	170180451	0.00022846337385720055	407460402	3495
ORDINAL	MP05	1	406	model.layers.29.mlp.act_fn	DECODE	ACTIVATION	1	2400	2400	0	170180451	1.4102677398592628e-05	407460402	3495
ORDINAL	MP05	1	407	model.layers.29.mlp.down_proj	DECODE	DOWN_PROJECTION	1	20480	20480	0	170180451	0.00012034284713465708	407460402	3495
ORDINAL	MP05	1	408	model.layers.30.self_attn	DECODE	ATTENTION	6	27616	27616	0	170180451	0.00016227480793313916	407460402	3495
ORDINAL	MP05	1	409	model.layers.30.mlp.gate_up_proj	DECODE	GATE_UP_PROJECTION	1	39008	39008	0	170180451	0.00022921551665179216	407460402	3495
ORDINAL	MP05	1	410	model.layers.30.mlp.act_fn	DECODE	ACTIVATION	1	2400	2400	0	170180451	1.4102677398592628e-05	407460402	3495
ORDINAL	MP05	1	411	model.layers.30.mlp.down_proj	DECODE	DOWN_PROJECTION	1	20512	20512	0	170180451	0.00012053088283330498	407460402	3495
ORDINAL	MP05	1	412	model.layers.31.self_attn	DECODE	ATTENTION	6	27552	27552	0	170180451	0.00016189873653584336	407460402	3495
ORDINAL	MP05	1	413	model.layers.31.mlp.gate_up_proj	DECODE	GATE_UP_PROJECTION	1	38336	38336	0	170180451	0.00022526676698018624	407460402	3495
ORDINAL	MP05	1	414	model.layers.31.mlp.act_fn	DECODE	ACTIVATION	1	2368	2368	0	170180451	1.3914641699944725e-05	407460402	3495
ORDINAL	MP05	1	415	model.layers.31.mlp.down_proj	DECODE	DOWN_PROJECTION	1	20384	20384	0	170180451	0.00011977874003871338	407460402	3495
ORDINAL	MP05	1	416	model.layers.32.self_attn	DECODE	ATTENTION	6	27328	27328	0	170180451	0.00016058248664530805	407460402	3495
ORDINAL	MP05	1	417	model.layers.32.mlp.gate_up_proj	DECODE	GATE_UP_PROJECTION	1	38720	38720	0	170180451	0.00022752319536396105	407460402	3495
ORDINAL	MP05	1	418	model.layers.32.mlp.act_fn	DECODE	ACTIVATION	1	2400	2400	0	170180451	1.4102677398592628e-05	407460402	3495
ORDINAL	MP05	1	419	model.layers.32.mlp.down_proj	DECODE	DOWN_PROJECTION	1	20352	20352	0	170180451	0.00011959070434006548	407460402	3495
ORDINAL	MP05	1	420	model.layers.33.self_attn	DECODE	ATTENTION	6	27744	27744	0	170180451	0.00016302695072773076	407460402	3495
ORDINAL	MP05	1	421	model.layers.33.mlp.gate_up_proj	DECODE	GATE_UP_PROJECTION	1	38560	38560	0	170180451	0.00022658301687072154	407460402	3495
ORDINAL	MP05	1	422	model.layers.33.mlp.act_fn	DECODE	ACTIVATION	1	2368	2368	0	170180451	1.3914641699944725e-05	407460402	3495
ORDINAL	MP05	1	423	model.layers.33.mlp.down_proj	DECODE	DOWN_PROJECTION	1	20256	20256	0	170180451	0.00011902659724412177	407460402	3495
ORDINAL	MP05	1	424	model.layers.34.self_attn	DECODE	ATTENTION	6	27648	27648	0	170180451	0.00016246284363178706	407460402	3495
ORDINAL	MP05	1	425	model.layers.34.mlp.gate_up_proj	DECODE	GATE_UP_PROJECTION	1	38848	38848	0	170180451	0.00022827533815855265	407460402	3495
ORDINAL	MP05	1	426	model.layers.34.mlp.act_fn	DECODE	ACTIVATION	1	2400	2400	0	170180451	1.4102677398592628e-05	407460402	3495
ORDINAL	MP05	1	427	model.layers.34.mlp.down_proj	DECODE	DOWN_PROJECTION	1	20512	20512	0	170180451	0.00012053088283330498	407460402	3495
ORDINAL	MP05	1	428	model.layers.35.self_attn	DECODE	ATTENTION	6	27776	27776	0	170180451	0.00016321498642637866	407460402	3495
ORDINAL	MP05	1	429	model.layers.35.mlp.gate_up_proj	DECODE	GATE_UP_PROJECTION	1	38560	38560	0	170180451	0.00022658301687072154	407460402	3495
ORDINAL	MP05	1	430	model.layers.35.mlp.act_fn	DECODE	ACTIVATION	1	2368	2368	0	170180451	1.3914641699944725e-05	407460402	3495
ORDINAL	MP05	1	431	model.layers.35.mlp.down_proj	DECODE	DOWN_PROJECTION	1	20544	20544	0	170180451	0.00012071891853195288	407460402	3495
ORDINAL	MP05	1	432	model.layers.0.self_attn	DECODE	ATTENTION	6	27776	27776	0	170180451	0.00016321498642637866	407460402	3495
ORDINAL	MP05	1	433	model.layers.0.mlp.gate_up_proj	DECODE	GATE_UP_PROJECTION	1	39007	39007	0	170180451	0.0002292096405362094	407460402	3495
ORDINAL	MP05	1	434	model.layers.0.mlp.act_fn	DECODE	ACTIVATION	1	2400	2400	0	170180451	1.4102677398592628e-05	407460402	3495
ORDINAL	MP05	1	435	model.layers.0.mlp.down_proj	DECODE	DOWN_PROJECTION	1	20800	20800	0	170180451	0.0001222232041211361	407460402	3495
ORDINAL	MP05	1	436	model.layers.1.self_attn	DECODE	ATTENTION	6	27680	27680	0	170180451	0.00016265087933043496	407460402	3495
ORDINAL	MP05	1	437	model.layers.1.mlp.gate_up_proj	DECODE	GATE_UP_PROJECTION	1	40352	40352	0	170180451	0.00023711301599500405	407460402	3495
ORDINAL	MP05	1	438	model.layers.1.mlp.act_fn	DECODE	ACTIVATION	1	2400	2400	0	170180451	1.4102677398592628e-05	407460402	3495
ORDINAL	MP05	1	439	model.layers.1.mlp.down_proj	DECODE	DOWN_PROJECTION	1	21056	21056	0	170180451	0.00012372748971031932	407460402	3495
ORDINAL	MP05	1	440	model.layers.2.self_attn	DECODE	ATTENTION	6	27648	27648	0	170180451	0.00016246284363178706	407460402	3495
ORDINAL	MP05	1	441	model.layers.2.mlp.gate_up_proj	DECODE	GATE_UP_PROJECTION	1	38912	38912	0	170180451	0.00022865140955584845	407460402	3495
ORDINAL	MP05	1	442	model.layers.2.mlp.act_fn	DECODE	ACTIVATION	1	2400	2400	0	170180451	1.4102677398592628e-05	407460402	3495
ORDINAL	MP05	1	443	model.layers.2.mlp.down_proj	DECODE	DOWN_PROJECTION	1	20672	20672	0	170180451	0.00012147106132654449	407460402	3495
ORDINAL	MP05	1	444	model.layers.3.self_attn	DECODE	ATTENTION	6	27584	27584	0	170180451	0.00016208677223449126	407460402	3495
ORDINAL	MP05	1	445	model.layers.3.mlp.gate_up_proj	DECODE	GATE_UP_PROJECTION	1	39456	39456	0	170180451	0.0002318480164328628	407460402	3495
ORDINAL	MP05	1	446	model.layers.3.mlp.act_fn	DECODE	ACTIVATION	1	2368	2368	0	170180451	1.3914641699944725e-05	407460402	3495
ORDINAL	MP05	1	447	model.layers.3.mlp.down_proj	DECODE	DOWN_PROJECTION	1	20704	20704	0	170180451	0.0001216590970251924	407460402	3495
ORDINAL	MP05	1	448	model.layers.4.self_attn	DECODE	ATTENTION	6	27648	27648	0	170180451	0.00016246284363178706	407460402	3495
ORDINAL	MP05	1	449	model.layers.4.mlp.gate_up_proj	DECODE	GATE_UP_PROJECTION	1	38688	38688	0	170180451	0.00022733515966531315	407460402	3495
ORDINAL	MP05	1	450	model.layers.4.mlp.act_fn	DECODE	ACTIVATION	1	2400	2400	0	170180451	1.4102677398592628e-05	407460402	3495
ORDINAL	MP05	1	451	model.layers.4.mlp.down_proj	DECODE	DOWN_PROJECTION	1	20544	20544	0	170180451	0.00012071891853195288	407460402	3495
ORDINAL	MP05	1	452	model.layers.5.self_attn	DECODE	ATTENTION	6	27712	27712	0	170180451	0.00016283891502908286	407460402	3495
ORDINAL	MP05	1	453	model.layers.5.mlp.gate_up_proj	DECODE	GATE_UP_PROJECTION	1	38656	38656	0	170180451	0.00022714712396666525	407460402	3495
ORDINAL	MP05	1	454	model.layers.5.mlp.act_fn	DECODE	ACTIVATION	1	2400	2400	0	170180451	1.4102677398592628e-05	407460402	3495
ORDINAL	MP05	1	455	model.layers.5.mlp.down_proj	DECODE	DOWN_PROJECTION	1	20480	20480	0	170180451	0.00012034284713465708	407460402	3495
ORDINAL	MP05	1	456	model.layers.6.self_attn	DECODE	ATTENTION	6	27872	27872	0	170180451	0.00016377909352232236	407460402	3495
ORDINAL	MP05	1	457	model.layers.6.mlp.gate_up_proj	DECODE	GATE_UP_PROJECTION	1	39264	39264	0	170180451	0.00023071980224097536	407460402	3495
ORDINAL	MP05	1	458	model.layers.6.mlp.act_fn	DECODE	ACTIVATION	1	2400	2400	0	170180451	1.4102677398592628e-05	407460402	3495
ORDINAL	MP05	1	459	model.layers.6.mlp.down_proj	DECODE	DOWN_PROJECTION	1	20576	20576	0	170180451	0.00012090695423060078	407460402	3495
ORDINAL	MP05	1	460	model.layers.7.self_attn	DECODE	ATTENTION	6	27712	27712	0	170180451	0.00016283891502908286	407460402	3495
ORDINAL	MP05	1	461	model.layers.7.mlp.gate_up_proj	DECODE	GATE_UP_PROJECTION	1	39168	39168	0	170180451	0.00023015569514503166	407460402	3495
ORDINAL	MP05	1	462	model.layers.7.mlp.act_fn	DECODE	ACTIVATION	1	2368	2368	0	170180451	1.3914641699944725e-05	407460402	3495
ORDINAL	MP05	1	463	model.layers.7.mlp.down_proj	DECODE	DOWN_PROJECTION	1	20384	20384	0	170180451	0.00011977874003871338	407460402	3495
ORDINAL	MP05	1	464	model.layers.8.self_attn	DECODE	ATTENTION	6	27648	27648	0	170180451	0.00016246284363178706	407460402	3495
ORDINAL	MP05	1	465	model.layers.8.mlp.gate_up_proj	DECODE	GATE_UP_PROJECTION	1	38432	38432	0	170180451	0.00022583087407612994	407460402	3495
ORDINAL	MP05	1	466	model.layers.8.mlp.act_fn	DECODE	ACTIVATION	1	2400	2400	0	170180451	1.4102677398592628e-05	407460402	3495
ORDINAL	MP05	1	467	model.layers.8.mlp.down_proj	DECODE	DOWN_PROJECTION	1	20384	20384	0	170180451	0.00011977874003871338	407460402	3495
ORDINAL	MP05	1	468	model.layers.9.self_attn	DECODE	ATTENTION	6	27584	27584	0	170180451	0.00016208677223449126	407460402	3495
ORDINAL	MP05	1	469	model.layers.9.mlp.gate_up_proj	DECODE	GATE_UP_PROJECTION	1	38720	38720	0	170180451	0.00022752319536396105	407460402	3495
ORDINAL	MP05	1	470	model.layers.9.mlp.act_fn	DECODE	ACTIVATION	1	2400	2400	0	170180451	1.4102677398592628e-05	407460402	3495
ORDINAL	MP05	1	471	model.layers.9.mlp.down_proj	DECODE	DOWN_PROJECTION	1	20544	20544	0	170180451	0.00012071891853195288	407460402	3495
ORDINAL	MP05	1	472	model.layers.10.self_attn	DECODE	ATTENTION	6	27584	27584	0	170180451	0.00016208677223449126	407460402	3495
ORDINAL	MP05	1	473	model.layers.10.mlp.gate_up_proj	DECODE	GATE_UP_PROJECTION	1	39552	39552	0	170180451	0.0002324121235288065	407460402	3495
ORDINAL	MP05	1	474	model.layers.10.mlp.act_fn	DECODE	ACTIVATION	1	2400	2400	0	170180451	1.4102677398592628e-05	407460402	3495
ORDINAL	MP05	1	475	model.layers.10.mlp.down_proj	DECODE	DOWN_PROJECTION	1	20320	20320	0	170180451	0.00011940266864141758	407460402	3495
ORDINAL	MP05	1	476	model.layers.11.self_attn	DECODE	ATTENTION	6	27680	27680	0	170180451	0.00016265087933043496	407460402	3495
ORDINAL	MP05	1	477	model.layers.11.mlp.gate_up_proj	DECODE	GATE_UP_PROJECTION	1	39071	39071	0	170180451	0.0002295857119335052	407460402	3495
ORDINAL	MP05	1	478	model.layers.11.mlp.act_fn	DECODE	ACTIVATION	1	2400	2400	0	170180451	1.4102677398592628e-05	407460402	3495
ORDINAL	MP05	1	479	model.layers.11.mlp.down_proj	DECODE	DOWN_PROJECTION	1	20512	20512	0	170180451	0.00012053088283330498	407460402	3495
ORDINAL	MP05	1	480	model.layers.12.self_attn	DECODE	ATTENTION	6	27808	27808	0	170180451	0.00016340302212502656	407460402	3495
ORDINAL	MP05	1	481	model.layers.12.mlp.gate_up_proj	DECODE	GATE_UP_PROJECTION	1	38720	38720	0	170180451	0.00022752319536396105	407460402	3495
ORDINAL	MP05	1	482	model.layers.12.mlp.act_fn	DECODE	ACTIVATION	1	2400	2400	0	170180451	1.4102677398592628e-05	407460402	3495
ORDINAL	MP05	1	483	model.layers.12.mlp.down_proj	DECODE	DOWN_PROJECTION	1	20640	20640	0	170180451	0.00012128302562789659	407460402	3495
ORDINAL	MP05	1	484	model.layers.13.self_attn	DECODE	ATTENTION	6	28000	28000	0	170180451	0.00016453123631691397	407460402	3495
ORDINAL	MP05	1	485	model.layers.13.mlp.gate_up_proj	DECODE	GATE_UP_PROJECTION	1	38976	38976	0	170180451	0.00022902748095314426	407460402	3495
ORDINAL	MP05	1	486	model.layers.13.mlp.act_fn	DECODE	ACTIVATION	1	2368	2368	0	170180451	1.3914641699944725e-05	407460402	3495
ORDINAL	MP05	1	487	model.layers.13.mlp.down_proj	DECODE	DOWN_PROJECTION	1	20480	20480	0	170180451	0.00012034284713465708	407460402	3495
ORDINAL	MP05	1	488	model.layers.14.self_attn	DECODE	ATTENTION	6	27680	27680	0	170180451	0.00016265087933043496	407460402	3495
ORDINAL	MP05	1	489	model.layers.14.mlp.gate_up_proj	DECODE	GATE_UP_PROJECTION	1	38976	38976	0	170180451	0.00022902748095314426	407460402	3495
ORDINAL	MP05	1	490	model.layers.14.mlp.act_fn	DECODE	ACTIVATION	1	2400	2400	0	170180451	1.4102677398592628e-05	407460402	3495
ORDINAL	MP05	1	491	model.layers.14.mlp.down_proj	DECODE	DOWN_PROJECTION	1	20352	20352	0	170180451	0.00011959070434006548	407460402	3495
ORDINAL	MP05	1	492	model.layers.15.self_attn	DECODE	ATTENTION	6	27648	27648	0	170180451	0.00016246284363178706	407460402	3495
ORDINAL	MP05	1	493	model.layers.15.mlp.gate_up_proj	DECODE	GATE_UP_PROJECTION	1	39392	39392	0	170180451	0.000231471945035567	407460402	3495
ORDINAL	MP05	1	494	model.layers.15.mlp.act_fn	DECODE	ACTIVATION	1	2400	2400	0	170180451	1.4102677398592628e-05	407460402	3495
ORDINAL	MP05	1	495	model.layers.15.mlp.down_proj	DECODE	DOWN_PROJECTION	1	20736	20736	0	170180451	0.0001218471327238403	407460402	3495
ORDINAL	MP05	1	496	model.layers.16.self_attn	DECODE	ATTENTION	6	27840	27840	0	170180451	0.00016359105782367446	407460402	3495
ORDINAL	MP05	1	497	model.layers.16.mlp.gate_up_proj	DECODE	GATE_UP_PROJECTION	1	38848	38848	0	170180451	0.00022827533815855265	407460402	3495
ORDINAL	MP05	1	498	model.layers.16.mlp.act_fn	DECODE	ACTIVATION	1	2368	2368	0	170180451	1.3914641699944725e-05	407460402	3495
ORDINAL	MP05	1	499	model.layers.16.mlp.down_proj	DECODE	DOWN_PROJECTION	1	20448	20448	0	170180451	0.00012015481143600918	407460402	3495
ORDINAL	MP05	1	500	model.layers.17.self_attn	DECODE	ATTENTION	6	27744	27744	0	170180451	0.00016302695072773076	407460402	3495
ORDINAL	MP05	1	501	model.layers.17.mlp.gate_up_proj	DECODE	GATE_UP_PROJECTION	1	38720	38720	0	170180451	0.00022752319536396105	407460402	3495
ORDINAL	MP05	1	502	model.layers.17.mlp.act_fn	DECODE	ACTIVATION	1	2400	2400	0	170180451	1.4102677398592628e-05	407460402	3495
ORDINAL	MP05	1	503	model.layers.17.mlp.down_proj	DECODE	DOWN_PROJECTION	1	20320	20320	0	170180451	0.00011940266864141758	407460402	3495
ORDINAL	MP05	1	504	model.layers.18.self_attn	DECODE	ATTENTION	6	27424	27424	0	170180451	0.00016114659374125175	407460402	3495
ORDINAL	MP05	1	505	model.layers.18.mlp.gate_up_proj	DECODE	GATE_UP_PROJECTION	1	39136	39136	0	170180451	0.00022996765944638376	407460402	3495
ORDINAL	MP05	1	506	model.layers.18.mlp.act_fn	DECODE	ACTIVATION	1	2400	2400	0	170180451	1.4102677398592628e-05	407460402	3495
ORDINAL	MP05	1	507	model.layers.18.mlp.down_proj	DECODE	DOWN_PROJECTION	1	20544	20544	0	170180451	0.00012071891853195288	407460402	3495
ORDINAL	MP05	1	508	model.layers.19.self_attn	DECODE	ATTENTION	6	27712	27712	0	170180451	0.00016283891502908286	407460402	3495
ORDINAL	MP05	1	509	model.layers.19.mlp.gate_up_proj	DECODE	GATE_UP_PROJECTION	1	39136	39136	0	170180451	0.00022996765944638376	407460402	3495
ORDINAL	MP05	1	510	model.layers.19.mlp.act_fn	DECODE	ACTIVATION	1	2432	2432	0	170180451	1.4290713097240528e-05	407460402	3495
ORDINAL	MP05	1	511	model.layers.19.mlp.down_proj	DECODE	DOWN_PROJECTION	1	20352	20352	0	170180451	0.00011959070434006548	407460402	3495
ORDINAL	MP05	1	512	model.layers.20.self_attn	DECODE	ATTENTION	6	27648	27648	0	170180451	0.00016246284363178706	407460402	3495
ORDINAL	MP05	1	513	model.layers.20.mlp.gate_up_proj	DECODE	GATE_UP_PROJECTION	1	39392	39392	0	170180451	0.000231471945035567	407460402	3495
ORDINAL	MP05	1	514	model.layers.20.mlp.act_fn	DECODE	ACTIVATION	1	2368	2368	0	170180451	1.3914641699944725e-05	407460402	3495
ORDINAL	MP05	1	515	model.layers.20.mlp.down_proj	DECODE	DOWN_PROJECTION	1	20512	20512	0	170180451	0.00012053088283330498	407460402	3495
ORDINAL	MP05	1	516	model.layers.21.self_attn	DECODE	ATTENTION	6	27552	27552	0	170180451	0.00016189873653584336	407460402	3495
ORDINAL	MP05	1	517	model.layers.21.mlp.gate_up_proj	DECODE	GATE_UP_PROJECTION	1	39072	39072	0	170180451	0.00022959158804908796	407460402	3495
ORDINAL	MP05	1	518	model.layers.21.mlp.act_fn	DECODE	ACTIVATION	1	2400	2400	0	170180451	1.4102677398592628e-05	407460402	3495
ORDINAL	MP05	1	519	model.layers.21.mlp.down_proj	DECODE	DOWN_PROJECTION	1	20576	20576	0	170180451	0.00012090695423060078	407460402	3495
ORDINAL	MP05	1	520	model.layers.22.self_attn	DECODE	ATTENTION	6	27840	27840	0	170180451	0.00016359105782367446	407460402	3495
ORDINAL	MP05	1	521	model.layers.22.mlp.gate_up_proj	DECODE	GATE_UP_PROJECTION	1	38656	38656	0	170180451	0.00022714712396666525	407460402	3495
ORDINAL	MP05	1	522	model.layers.22.mlp.act_fn	DECODE	ACTIVATION	1	2400	2400	0	170180451	1.4102677398592628e-05	407460402	3495
ORDINAL	MP05	1	523	model.layers.22.mlp.down_proj	DECODE	DOWN_PROJECTION	1	20576	20576	0	170180451	0.00012090695423060078	407460402	3495
ORDINAL	MP05	1	524	model.layers.23.self_attn	DECODE	ATTENTION	6	27487	27487	0	170180451	0.0001615167890229648	407460402	3495
ORDINAL	MP05	1	525	model.layers.23.mlp.gate_up_proj	DECODE	GATE_UP_PROJECTION	1	39200	39200	0	170180451	0.00023034373084367956	407460402	3495
ORDINAL	MP05	1	526	model.layers.23.mlp.act_fn	DECODE	ACTIVATION	1	2368	2368	0	170180451	1.3914641699944725e-05	407460402	3495
ORDINAL	MP05	1	527	model.layers.23.mlp.down_proj	DECODE	DOWN_PROJECTION	1	20448	20448	0	170180451	0.00012015481143600918	407460402	3495
ORDINAL	MP05	1	528	model.layers.24.self_attn	DECODE	ATTENTION	6	27744	27744	0	170180451	0.00016302695072773076	407460402	3495
ORDINAL	MP05	1	529	model.layers.24.mlp.gate_up_proj	DECODE	GATE_UP_PROJECTION	1	39264	39264	0	170180451	0.00023071980224097536	407460402	3495
ORDINAL	MP05	1	530	model.layers.24.mlp.act_fn	DECODE	ACTIVATION	1	2432	2432	0	170180451	1.4290713097240528e-05	407460402	3495
ORDINAL	MP05	1	531	model.layers.24.mlp.down_proj	DECODE	DOWN_PROJECTION	1	20352	20352	0	170180451	0.00011959070434006548	407460402	3495
ORDINAL	MP05	1	532	model.layers.25.self_attn	DECODE	ATTENTION	6	27744	27744	0	170180451	0.00016302695072773076	407460402	3495
ORDINAL	MP05	1	533	model.layers.25.mlp.gate_up_proj	DECODE	GATE_UP_PROJECTION	1	39104	39104	0	170180451	0.00022977962374773586	407460402	3495
ORDINAL	MP05	1	534	model.layers.25.mlp.act_fn	DECODE	ACTIVATION	1	2400	2400	0	170180451	1.4102677398592628e-05	407460402	3495
ORDINAL	MP05	1	535	model.layers.25.mlp.down_proj	DECODE	DOWN_PROJECTION	1	20511	20511	0	170180451	0.00012052500671772223	407460402	3495
ORDINAL	MP05	1	536	model.layers.26.self_attn	DECODE	ATTENTION	6	27872	27872	0	170180451	0.00016377909352232236	407460402	3495
ORDINAL	MP05	1	537	model.layers.26.mlp.gate_up_proj	DECODE	GATE_UP_PROJECTION	1	39168	39168	0	170180451	0.00023015569514503166	407460402	3495
ORDINAL	MP05	1	538	model.layers.26.mlp.act_fn	DECODE	ACTIVATION	1	2432	2432	0	170180451	1.4290713097240528e-05	407460402	3495
ORDINAL	MP05	1	539	model.layers.26.mlp.down_proj	DECODE	DOWN_PROJECTION	1	20384	20384	0	170180451	0.00011977874003871338	407460402	3495
ORDINAL	MP05	1	540	model.layers.27.self_attn	DECODE	ATTENTION	6	27648	27648	0	170180451	0.00016246284363178706	407460402	3495
ORDINAL	MP05	1	541	model.layers.27.mlp.gate_up_proj	DECODE	GATE_UP_PROJECTION	1	39040	39040	0	170180451	0.00022940355235044006	407460402	3495
ORDINAL	MP05	1	542	model.layers.27.mlp.act_fn	DECODE	ACTIVATION	1	2368	2368	0	170180451	1.3914641699944725e-05	407460402	3495
ORDINAL	MP05	1	543	model.layers.27.mlp.down_proj	DECODE	DOWN_PROJECTION	1	20608	20608	0	170180451	0.00012109498992924868	407460402	3495
ORDINAL	MP05	1	544	model.layers.28.self_attn	DECODE	ATTENTION	6	27552	27552	0	170180451	0.00016189873653584336	407460402	3495
ORDINAL	MP05	1	545	model.layers.28.mlp.gate_up_proj	DECODE	GATE_UP_PROJECTION	1	38943	38943	0	170180451	0.0002288335691389136	407460402	3495
ORDINAL	MP05	1	546	model.layers.28.mlp.act_fn	DECODE	ACTIVATION	1	2400	2400	0	170180451	1.4102677398592628e-05	407460402	3495
ORDINAL	MP05	1	547	model.layers.28.mlp.down_proj	DECODE	DOWN_PROJECTION	1	20544	20544	0	170180451	0.00012071891853195288	407460402	3495
ORDINAL	MP05	1	548	model.layers.29.self_attn	DECODE	ATTENTION	6	27808	27808	0	170180451	0.00016340302212502656	407460402	3495
ORDINAL	MP05	1	549	model.layers.29.mlp.gate_up_proj	DECODE	GATE_UP_PROJECTION	1	38848	38848	0	170180451	0.00022827533815855265	407460402	3495
ORDINAL	MP05	1	550	model.layers.29.mlp.act_fn	DECODE	ACTIVATION	1	2400	2400	0	170180451	1.4102677398592628e-05	407460402	3495
ORDINAL	MP05	1	551	model.layers.29.mlp.down_proj	DECODE	DOWN_PROJECTION	1	20352	20352	0	170180451	0.00011959070434006548	407460402	3495
ORDINAL	MP05	1	552	model.layers.30.self_attn	DECODE	ATTENTION	6	27968	27968	0	170180451	0.00016434320061826607	407460402	3495
ORDINAL	MP05	1	553	model.layers.30.mlp.gate_up_proj	DECODE	GATE_UP_PROJECTION	1	38976	38976	0	170180451	0.00022902748095314426	407460402	3495
ORDINAL	MP05	1	554	model.layers.30.mlp.act_fn	DECODE	ACTIVATION	1	2400	2400	0	170180451	1.4102677398592628e-05	407460402	3495
ORDINAL	MP05	1	555	model.layers.30.mlp.down_proj	DECODE	DOWN_PROJECTION	1	20480	20480	0	170180451	0.00012034284713465708	407460402	3495
ORDINAL	MP05	1	556	model.layers.31.self_attn	DECODE	ATTENTION	6	27680	27680	0	170180451	0.00016265087933043496	407460402	3495
ORDINAL	MP05	1	557	model.layers.31.mlp.gate_up_proj	DECODE	GATE_UP_PROJECTION	1	38463	38463	0	170180451	0.0002260130336591951	407460402	3495
ORDINAL	MP05	1	558	model.layers.31.mlp.act_fn	DECODE	ACTIVATION	1	2400	2400	0	170180451	1.4102677398592628e-05	407460402	3495
ORDINAL	MP05	1	559	model.layers.31.mlp.down_proj	DECODE	DOWN_PROJECTION	1	20544	20544	0	170180451	0.00012071891853195288	407460402	3495
ORDINAL	MP05	1	560	model.layers.32.self_attn	DECODE	ATTENTION	6	27648	27648	0	170180451	0.00016246284363178706	407460402	3495
ORDINAL	MP05	1	561	model.layers.32.mlp.gate_up_proj	DECODE	GATE_UP_PROJECTION	1	38752	38752	0	170180451	0.00022771123106260895	407460402	3495
ORDINAL	MP05	1	562	model.layers.32.mlp.act_fn	DECODE	ACTIVATION	1	2432	2432	0	170180451	1.4290713097240528e-05	407460402	3495
ORDINAL	MP05	1	563	model.layers.32.mlp.down_proj	DECODE	DOWN_PROJECTION	1	20576	20576	0	170180451	0.00012090695423060078	407460402	3495
ORDINAL	MP05	1	564	model.layers.33.self_attn	DECODE	ATTENTION	6	27680	27680	0	170180451	0.00016265087933043496	407460402	3495
ORDINAL	MP05	1	565	model.layers.33.mlp.gate_up_proj	DECODE	GATE_UP_PROJECTION	1	38528	38528	0	170180451	0.00022639498117207364	407460402	3495
ORDINAL	MP05	1	566	model.layers.33.mlp.act_fn	DECODE	ACTIVATION	1	2368	2368	0	170180451	1.3914641699944725e-05	407460402	3495
ORDINAL	MP05	1	567	model.layers.33.mlp.down_proj	DECODE	DOWN_PROJECTION	1	20576	20576	0	170180451	0.00012090695423060078	407460402	3495
ORDINAL	MP05	1	568	model.layers.34.self_attn	DECODE	ATTENTION	6	27264	27264	0	170180451	0.00016020641524801225	407460402	3495
ORDINAL	MP05	1	569	model.layers.34.mlp.gate_up_proj	DECODE	GATE_UP_PROJECTION	1	39040	39040	0	170180451	0.00022940355235044006	407460402	3495
ORDINAL	MP05	1	570	model.layers.34.mlp.act_fn	DECODE	ACTIVATION	1	2400	2400	0	170180451	1.4102677398592628e-05	407460402	3495
ORDINAL	MP05	1	571	model.layers.34.mlp.down_proj	DECODE	DOWN_PROJECTION	1	20544	20544	0	170180451	0.00012071891853195288	407460402	3495
ORDINAL	MP05	1	572	model.layers.35.self_attn	DECODE	ATTENTION	6	27616	27616	0	170180451	0.00016227480793313916	407460402	3495
ORDINAL	MP05	1	573	model.layers.35.mlp.gate_up_proj	DECODE	GATE_UP_PROJECTION	1	38688	38688	0	170180451	0.00022733515966531315	407460402	3495
ORDINAL	MP05	1	574	model.layers.35.mlp.act_fn	DECODE	ACTIVATION	1	2400	2400	0	170180451	1.4102677398592628e-05	407460402	3495
ORDINAL	MP05	1	575	model.layers.35.mlp.down_proj	DECODE	DOWN_PROJECTION	1	20736	20736	0	170180451	0.0001218471327238403	407460402	3495
ORDINAL	MP05	1	576	model.layers.0.self_attn	DECODE	ATTENTION	6	28000	28000	0	170180451	0.00016453123631691397	407460402	3495
ORDINAL	MP05	1	577	model.layers.0.mlp.gate_up_proj	DECODE	GATE_UP_PROJECTION	1	39231	39231	0	170180451	0.0002305258904267447	407460402	3495
ORDINAL	MP05	1	578	model.layers.0.mlp.act_fn	DECODE	ACTIVATION	1	2400	2400	0	170180451	1.4102677398592628e-05	407460402	3495
ORDINAL	MP05	1	579	model.layers.0.mlp.down_proj	DECODE	DOWN_PROJECTION	1	20480	20480	0	170180451	0.00012034284713465708	407460402	3495
ORDINAL	MP05	1	580	model.layers.1.self_attn	DECODE	ATTENTION	6	27776	27776	0	170180451	0.00016321498642637866	407460402	3495
ORDINAL	MP05	1	581	model.layers.1.mlp.gate_up_proj	DECODE	GATE_UP_PROJECTION	1	39968	39968	0	170180451	0.0002348565876112292	407460402	3495
ORDINAL	MP05	1	582	model.layers.1.mlp.act_fn	DECODE	ACTIVATION	1	2368	2368	0	170180451	1.3914641699944725e-05	407460402	3495
ORDINAL	MP05	1	583	model.layers.1.mlp.down_proj	DECODE	DOWN_PROJECTION	1	20864	20864	0	170180451	0.0001225992755184319	407460402	3495
ORDINAL	MP05	1	584	model.layers.2.self_attn	DECODE	ATTENTION	6	27680	27680	0	170180451	0.00016265087933043496	407460402	3495
ORDINAL	MP05	1	585	model.layers.2.mlp.gate_up_proj	DECODE	GATE_UP_PROJECTION	1	38880	38880	0	170180451	0.00022846337385720055	407460402	3495
ORDINAL	MP05	1	586	model.layers.2.mlp.act_fn	DECODE	ACTIVATION	1	2400	2400	0	170180451	1.4102677398592628e-05	407460402	3495
ORDINAL	MP05	1	587	model.layers.2.mlp.down_proj	DECODE	DOWN_PROJECTION	1	20672	20672	0	170180451	0.00012147106132654449	407460402	3495
ORDINAL	MP05	1	588	model.layers.3.self_attn	DECODE	ATTENTION	6	27968	27968	0	170180451	0.00016434320061826607	407460402	3495
ORDINAL	MP05	1	589	model.layers.3.mlp.gate_up_proj	DECODE	GATE_UP_PROJECTION	1	39360	39360	0	170180451	0.0002312839093369191	407460402	3495
ORDINAL	MP05	1	590	model.layers.3.mlp.act_fn	DECODE	ACTIVATION	1	2368	2368	0	170180451	1.3914641699944725e-05	407460402	3495
ORDINAL	MP05	1	591	model.layers.3.mlp.down_proj	DECODE	DOWN_PROJECTION	1	20512	20512	0	170180451	0.00012053088283330498	407460402	3495
ORDINAL	MP05	1	592	model.layers.4.self_attn	DECODE	ATTENTION	6	27520	27520	0	170180451	0.00016171070083719546	407460402	3495
ORDINAL	MP05	1	593	model.layers.4.mlp.gate_up_proj	DECODE	GATE_UP_PROJECTION	1	38688	38688	0	170180451	0.00022733515966531315	407460402	3495
ORDINAL	MP05	1	594	model.layers.4.mlp.act_fn	DECODE	ACTIVATION	1	2400	2400	0	170180451	1.4102677398592628e-05	407460402	3495
ORDINAL	MP05	1	595	model.layers.4.mlp.down_proj	DECODE	DOWN_PROJECTION	1	20480	20480	0	170180451	0.00012034284713465708	407460402	3495
ORDINAL	MP05	1	596	model.layers.5.self_attn	DECODE	ATTENTION	6	27360	27360	0	170180451	0.00016077052234395595	407460402	3495
ORDINAL	MP05	1	597	model.layers.5.mlp.gate_up_proj	DECODE	GATE_UP_PROJECTION	1	38880	38880	0	170180451	0.00022846337385720055	407460402	3495
ORDINAL	MP05	1	598	model.layers.5.mlp.act_fn	DECODE	ACTIVATION	1	2400	2400	0	170180451	1.4102677398592628e-05	407460402	3495
ORDINAL	MP05	1	599	model.layers.5.mlp.down_proj	DECODE	DOWN_PROJECTION	1	20416	20416	0	170180451	0.00011996677573736128	407460402	3495
ORDINAL	MP05	1	600	model.layers.6.self_attn	DECODE	ATTENTION	6	27424	27424	0	170180451	0.00016114659374125175	407460402	3495
ORDINAL	MP05	1	601	model.layers.6.mlp.gate_up_proj	DECODE	GATE_UP_PROJECTION	1	38976	38976	0	170180451	0.00022902748095314426	407460402	3495
ORDINAL	MP05	1	602	model.layers.6.mlp.act_fn	DECODE	ACTIVATION	1	2368	2368	0	170180451	1.3914641699944725e-05	407460402	3495
ORDINAL	MP05	1	603	model.layers.6.mlp.down_proj	DECODE	DOWN_PROJECTION	1	20608	20608	0	170180451	0.00012109498992924868	407460402	3495
ORDINAL	MP05	1	604	model.layers.7.self_attn	DECODE	ATTENTION	6	27616	27616	0	170180451	0.00016227480793313916	407460402	3495
ORDINAL	MP05	1	605	model.layers.7.mlp.gate_up_proj	DECODE	GATE_UP_PROJECTION	1	39072	39072	0	170180451	0.00022959158804908796	407460402	3495
ORDINAL	MP05	1	606	model.layers.7.mlp.act_fn	DECODE	ACTIVATION	1	2400	2400	0	170180451	1.4102677398592628e-05	407460402	3495
ORDINAL	MP05	1	607	model.layers.7.mlp.down_proj	DECODE	DOWN_PROJECTION	1	20480	20480	0	170180451	0.00012034284713465708	407460402	3495
ORDINAL	MP05	1	608	model.layers.8.self_attn	DECODE	ATTENTION	6	27456	27456	0	170180451	0.00016133462943989965	407460402	3495
ORDINAL	MP05	1	609	model.layers.8.mlp.gate_up_proj	DECODE	GATE_UP_PROJECTION	1	39488	39488	0	170180451	0.0002320360521315107	407460402	3495
ORDINAL	MP05	1	610	model.layers.8.mlp.act_fn	DECODE	ACTIVATION	1	2400	2400	0	170180451	1.4102677398592628e-05	407460402	3495
ORDINAL	MP05	1	611	model.layers.8.mlp.down_proj	DECODE	DOWN_PROJECTION	1	20608	20608	0	170180451	0.00012109498992924868	407460402	3495
ORDINAL	MP05	1	612	model.layers.9.self_attn	DECODE	ATTENTION	6	27487	27487	0	170180451	0.0001615167890229648	407460402	3495
ORDINAL	MP05	1	613	model.layers.9.mlp.gate_up_proj	DECODE	GATE_UP_PROJECTION	1	38656	38656	0	170180451	0.00022714712396666525	407460402	3495
ORDINAL	MP05	1	614	model.layers.9.mlp.act_fn	DECODE	ACTIVATION	1	2400	2400	0	170180451	1.4102677398592628e-05	407460402	3495
ORDINAL	MP05	1	615	model.layers.9.mlp.down_proj	DECODE	DOWN_PROJECTION	1	20288	20288	0	170180451	0.00011921463294276968	407460402	3495
ORDINAL	MP05	1	616	model.layers.10.self_attn	DECODE	ATTENTION	6	27584	27584	0	170180451	0.00016208677223449126	407460402	3495
ORDINAL	MP05	1	617	model.layers.10.mlp.gate_up_proj	DECODE	GATE_UP_PROJECTION	1	39456	39456	0	170180451	0.0002318480164328628	407460402	3495
ORDINAL	MP05	1	618	model.layers.10.mlp.act_fn	DECODE	ACTIVATION	1	2368	2368	0	170180451	1.3914641699944725e-05	407460402	3495
ORDINAL	MP05	1	619	model.layers.10.mlp.down_proj	DECODE	DOWN_PROJECTION	1	20544	20544	0	170180451	0.00012071891853195288	407460402	3495
ORDINAL	MP05	1	620	model.layers.11.self_attn	DECODE	ATTENTION	6	27968	27968	0	170180451	0.00016434320061826607	407460402	3495
ORDINAL	MP05	1	621	model.layers.11.mlp.gate_up_proj	DECODE	GATE_UP_PROJECTION	1	39424	39424	0	170180451	0.0002316599807342149	407460402	3495
ORDINAL	MP05	1	622	model.layers.11.mlp.act_fn	DECODE	ACTIVATION	1	2400	2400	0	170180451	1.4102677398592628e-05	407460402	3495
ORDINAL	MP05	1	623	model.layers.11.mlp.down_proj	DECODE	DOWN_PROJECTION	1	20576	20576	0	170180451	0.00012090695423060078	407460402	3495
ORDINAL	MP05	1	624	model.layers.12.self_attn	DECODE	ATTENTION	6	27552	27552	0	170180451	0.00016189873653584336	407460402	3495
ORDINAL	MP05	1	625	model.layers.12.mlp.gate_up_proj	DECODE	GATE_UP_PROJECTION	1	39008	39008	0	170180451	0.00022921551665179216	407460402	3495
ORDINAL	MP05	1	626	model.layers.12.mlp.act_fn	DECODE	ACTIVATION	1	2400	2400	0	170180451	1.4102677398592628e-05	407460402	3495
ORDINAL	MP05	1	627	model.layers.12.mlp.down_proj	DECODE	DOWN_PROJECTION	1	20608	20608	0	170180451	0.00012109498992924868	407460402	3495
ORDINAL	MP05	1	628	model.layers.13.self_attn	DECODE	ATTENTION	6	27616	27616	0	170180451	0.00016227480793313916	407460402	3495
ORDINAL	MP05	1	629	model.layers.13.mlp.gate_up_proj	DECODE	GATE_UP_PROJECTION	1	39072	39072	0	170180451	0.00022959158804908796	407460402	3495
ORDINAL	MP05	1	630	model.layers.13.mlp.act_fn	DECODE	ACTIVATION	1	2368	2368	0	170180451	1.3914641699944725e-05	407460402	3495
ORDINAL	MP05	1	631	model.layers.13.mlp.down_proj	DECODE	DOWN_PROJECTION	1	20384	20384	0	170180451	0.00011977874003871338	407460402	3495
ORDINAL	MP05	1	632	model.layers.14.self_attn	DECODE	ATTENTION	6	27168	27168	0	170180451	0.00015964230815206855	407460402	3495
ORDINAL	MP05	1	633	model.layers.14.mlp.gate_up_proj	DECODE	GATE_UP_PROJECTION	1	39584	39584	0	170180451	0.0002326001592274544	407460402	3495
ORDINAL	MP05	1	634	model.layers.14.mlp.act_fn	DECODE	ACTIVATION	1	2400	2400	0	170180451	1.4102677398592628e-05	407460402	3495
ORDINAL	MP05	1	635	model.layers.14.mlp.down_proj	DECODE	DOWN_PROJECTION	1	20448	20448	0	170180451	0.00012015481143600918	407460402	3495
ORDINAL	MP05	1	636	model.layers.15.self_attn	DECODE	ATTENTION	6	27840	27840	0	170180451	0.00016359105782367446	407460402	3495
ORDINAL	MP05	1	637	model.layers.15.mlp.gate_up_proj	DECODE	GATE_UP_PROJECTION	1	38976	38976	0	170180451	0.00022902748095314426	407460402	3495
ORDINAL	MP05	1	638	model.layers.15.mlp.act_fn	DECODE	ACTIVATION	1	2400	2400	0	170180451	1.4102677398592628e-05	407460402	3495
ORDINAL	MP05	1	639	model.layers.15.mlp.down_proj	DECODE	DOWN_PROJECTION	1	20544	20544	0	170180451	0.00012071891853195288	407460402	3495
ORDINAL	MP05	1	640	model.layers.16.self_attn	DECODE	ATTENTION	6	27360	27360	0	170180451	0.00016077052234395595	407460402	3495
ORDINAL	MP05	1	641	model.layers.16.mlp.gate_up_proj	DECODE	GATE_UP_PROJECTION	1	38720	38720	0	170180451	0.00022752319536396105	407460402	3495
ORDINAL	MP05	1	642	model.layers.16.mlp.act_fn	DECODE	ACTIVATION	1	2400	2400	0	170180451	1.4102677398592628e-05	407460402	3495
ORDINAL	MP05	1	643	model.layers.16.mlp.down_proj	DECODE	DOWN_PROJECTION	1	20480	20480	0	170180451	0.00012034284713465708	407460402	3495
ORDINAL	MP05	1	644	model.layers.17.self_attn	DECODE	ATTENTION	6	27456	27456	0	170180451	0.00016133462943989965	407460402	3495
ORDINAL	MP05	1	645	model.layers.17.mlp.gate_up_proj	DECODE	GATE_UP_PROJECTION	1	39072	39072	0	170180451	0.00022959158804908796	407460402	3495
ORDINAL	MP05	1	646	model.layers.17.mlp.act_fn	DECODE	ACTIVATION	1	2400	2400	0	170180451	1.4102677398592628e-05	407460402	3495
ORDINAL	MP05	1	647	model.layers.17.mlp.down_proj	DECODE	DOWN_PROJECTION	1	20512	20512	0	170180451	0.00012053088283330498	407460402	3495
ORDINAL	MP05	1	648	model.layers.18.self_attn	DECODE	ATTENTION	6	27648	27648	0	170180451	0.00016246284363178706	407460402	3495
ORDINAL	MP05	1	649	model.layers.18.mlp.gate_up_proj	DECODE	GATE_UP_PROJECTION	1	38816	38816	0	170180451	0.00022808730245990475	407460402	3495
ORDINAL	MP05	1	650	model.layers.18.mlp.act_fn	DECODE	ACTIVATION	1	2368	2368	0	170180451	1.3914641699944725e-05	407460402	3495
ORDINAL	MP05	1	651	model.layers.18.mlp.down_proj	DECODE	DOWN_PROJECTION	1	20576	20576	0	170180451	0.00012090695423060078	407460402	3495
ORDINAL	MP05	1	652	model.layers.19.self_attn	DECODE	ATTENTION	6	27680	27680	0	170180451	0.00016265087933043496	407460402	3495
ORDINAL	MP05	1	653	model.layers.19.mlp.gate_up_proj	DECODE	GATE_UP_PROJECTION	1	38880	38880	0	170180451	0.00022846337385720055	407460402	3495
ORDINAL	MP05	1	654	model.layers.19.mlp.act_fn	DECODE	ACTIVATION	1	2368	2368	0	170180451	1.3914641699944725e-05	407460402	3495
ORDINAL	MP05	1	655	model.layers.19.mlp.down_proj	DECODE	DOWN_PROJECTION	1	20672	20672	0	170180451	0.00012147106132654449	407460402	3495
ORDINAL	MP05	1	656	model.layers.20.self_attn	DECODE	ATTENTION	6	27648	27648	0	170180451	0.00016246284363178706	407460402	3495
ORDINAL	MP05	1	657	model.layers.20.mlp.gate_up_proj	DECODE	GATE_UP_PROJECTION	1	39648	39648	0	170180451	0.0002329762306247502	407460402	3495
ORDINAL	MP05	1	658	model.layers.20.mlp.act_fn	DECODE	ACTIVATION	1	2368	2368	0	170180451	1.3914641699944725e-05	407460402	3495
ORDINAL	MP05	1	659	model.layers.20.mlp.down_proj	DECODE	DOWN_PROJECTION	1	20448	20448	0	170180451	0.00012015481143600918	407460402	3495
ORDINAL	MP05	1	660	model.layers.21.self_attn	DECODE	ATTENTION	6	27712	27712	0	170180451	0.00016283891502908286	407460402	3495
ORDINAL	MP05	1	661	model.layers.21.mlp.gate_up_proj	DECODE	GATE_UP_PROJECTION	1	38688	38688	0	170180451	0.00022733515966531315	407460402	3495
ORDINAL	MP05	1	662	model.layers.21.mlp.act_fn	DECODE	ACTIVATION	1	2368	2368	0	170180451	1.3914641699944725e-05	407460402	3495
ORDINAL	MP05	1	663	model.layers.21.mlp.down_proj	DECODE	DOWN_PROJECTION	1	20608	20608	0	170180451	0.00012109498992924868	407460402	3495
ORDINAL	MP05	1	664	model.layers.22.self_attn	DECODE	ATTENTION	6	27776	27776	0	170180451	0.00016321498642637866	407460402	3495
ORDINAL	MP05	1	665	model.layers.22.mlp.gate_up_proj	DECODE	GATE_UP_PROJECTION	1	39552	39552	0	170180451	0.0002324121235288065	407460402	3495
ORDINAL	MP05	1	666	model.layers.22.mlp.act_fn	DECODE	ACTIVATION	1	2400	2400	0	170180451	1.4102677398592628e-05	407460402	3495
ORDINAL	MP05	1	667	model.layers.22.mlp.down_proj	DECODE	DOWN_PROJECTION	1	20352	20352	0	170180451	0.00011959070434006548	407460402	3495
ORDINAL	MP05	1	668	model.layers.23.self_attn	DECODE	ATTENTION	6	27615	27615	0	170180451	0.0001622689318175564	407460402	3495
ORDINAL	MP05	1	669	model.layers.23.mlp.gate_up_proj	DECODE	GATE_UP_PROJECTION	1	39232	39232	0	170180451	0.00023053176654232746	407460402	3495
ORDINAL	MP05	1	670	model.layers.23.mlp.act_fn	DECODE	ACTIVATION	1	2400	2400	0	170180451	1.4102677398592628e-05	407460402	3495
ORDINAL	MP05	1	671	model.layers.23.mlp.down_proj	DECODE	DOWN_PROJECTION	1	20704	20704	0	170180451	0.0001216590970251924	407460402	3495
ORDINAL	MP05	1	672	model.layers.24.self_attn	DECODE	ATTENTION	6	27552	27552	0	170180451	0.00016189873653584336	407460402	3495
ORDINAL	MP05	1	673	model.layers.24.mlp.gate_up_proj	DECODE	GATE_UP_PROJECTION	1	39488	39488	0	170180451	0.0002320360521315107	407460402	3495
ORDINAL	MP05	1	674	model.layers.24.mlp.act_fn	DECODE	ACTIVATION	1	2400	2400	0	170180451	1.4102677398592628e-05	407460402	3495
ORDINAL	MP05	1	675	model.layers.24.mlp.down_proj	DECODE	DOWN_PROJECTION	1	20640	20640	0	170180451	0.00012128302562789659	407460402	3495
ORDINAL	MP05	1	676	model.layers.25.self_attn	DECODE	ATTENTION	6	27680	27680	0	170180451	0.00016265087933043496	407460402	3495
ORDINAL	MP05	1	677	model.layers.25.mlp.gate_up_proj	DECODE	GATE_UP_PROJECTION	1	39296	39296	0	170180451	0.00023090783793962326	407460402	3495
ORDINAL	MP05	1	678	model.layers.25.mlp.act_fn	DECODE	ACTIVATION	1	2400	2400	0	170180451	1.4102677398592628e-05	407460402	3495
ORDINAL	MP05	1	679	model.layers.25.mlp.down_proj	DECODE	DOWN_PROJECTION	1	20448	20448	0	170180451	0.00012015481143600918	407460402	3495
ORDINAL	MP05	1	680	model.layers.26.self_attn	DECODE	ATTENTION	6	27520	27520	0	170180451	0.00016171070083719546	407460402	3495
ORDINAL	MP05	1	681	model.layers.26.mlp.gate_up_proj	DECODE	GATE_UP_PROJECTION	1	38592	38592	0	170180451	0.00022677105256936945	407460402	3495
ORDINAL	MP05	1	682	model.layers.26.mlp.act_fn	DECODE	ACTIVATION	1	2368	2368	0	170180451	1.3914641699944725e-05	407460402	3495
ORDINAL	MP05	1	683	model.layers.26.mlp.down_proj	DECODE	DOWN_PROJECTION	1	20608	20608	0	170180451	0.00012109498992924868	407460402	3495
ORDINAL	MP05	1	684	model.layers.27.self_attn	DECODE	ATTENTION	6	27776	27776	0	170180451	0.00016321498642637866	407460402	3495
ORDINAL	MP05	1	685	model.layers.27.mlp.gate_up_proj	DECODE	GATE_UP_PROJECTION	1	39168	39168	0	170180451	0.00023015569514503166	407460402	3495
ORDINAL	MP05	1	686	model.layers.27.mlp.act_fn	DECODE	ACTIVATION	1	2400	2400	0	170180451	1.4102677398592628e-05	407460402	3495
ORDINAL	MP05	1	687	model.layers.27.mlp.down_proj	DECODE	DOWN_PROJECTION	1	20576	20576	0	170180451	0.00012090695423060078	407460402	3495
ORDINAL	MP05	1	688	model.layers.28.self_attn	DECODE	ATTENTION	6	27808	27808	0	170180451	0.00016340302212502656	407460402	3495
ORDINAL	MP05	1	689	model.layers.28.mlp.gate_up_proj	DECODE	GATE_UP_PROJECTION	1	38944	38944	0	170180451	0.00022883944525449635	407460402	3495
ORDINAL	MP05	1	690	model.layers.28.mlp.act_fn	DECODE	ACTIVATION	1	2400	2400	0	170180451	1.4102677398592628e-05	407460402	3495
ORDINAL	MP05	1	691	model.layers.28.mlp.down_proj	DECODE	DOWN_PROJECTION	1	20320	20320	0	170180451	0.00011940266864141758	407460402	3495
ORDINAL	MP05	1	692	model.layers.29.self_attn	DECODE	ATTENTION	6	27968	27968	0	170180451	0.00016434320061826607	407460402	3495
ORDINAL	MP05	1	693	model.layers.29.mlp.gate_up_proj	DECODE	GATE_UP_PROJECTION	1	38816	38816	0	170180451	0.00022808730245990475	407460402	3495
ORDINAL	MP05	1	694	model.layers.29.mlp.act_fn	DECODE	ACTIVATION	1	2400	2400	0	170180451	1.4102677398592628e-05	407460402	3495
ORDINAL	MP05	1	695	model.layers.29.mlp.down_proj	DECODE	DOWN_PROJECTION	1	20896	20896	0	170180451	0.0001227873112170798	407460402	3495
ORDINAL	MP05	1	696	model.layers.30.self_attn	DECODE	ATTENTION	6	27456	27456	0	170180451	0.00016133462943989965	407460402	3495
ORDINAL	MP05	1	697	model.layers.30.mlp.gate_up_proj	DECODE	GATE_UP_PROJECTION	1	38944	38944	0	170180451	0.00022883944525449635	407460402	3495
ORDINAL	MP05	1	698	model.layers.30.mlp.act_fn	DECODE	ACTIVATION	1	2400	2400	0	170180451	1.4102677398592628e-05	407460402	3495
ORDINAL	MP05	1	699	model.layers.30.mlp.down_proj	DECODE	DOWN_PROJECTION	1	20352	20352	0	170180451	0.00011959070434006548	407460402	3495
ORDINAL	MP05	1	700	model.layers.31.self_attn	DECODE	ATTENTION	6	27488	27488	0	170180451	0.00016152266513854755	407460402	3495
ORDINAL	MP05	1	701	model.layers.31.mlp.gate_up_proj	DECODE	GATE_UP_PROJECTION	1	38784	38784	0	170180451	0.00022789926676125685	407460402	3495
ORDINAL	MP05	1	702	model.layers.31.mlp.act_fn	DECODE	ACTIVATION	1	2368	2368	0	170180451	1.3914641699944725e-05	407460402	3495
ORDINAL	MP05	1	703	model.layers.31.mlp.down_proj	DECODE	DOWN_PROJECTION	1	20448	20448	0	170180451	0.00012015481143600918	407460402	3495
ORDINAL	MP05	1	704	model.layers.32.self_attn	DECODE	ATTENTION	6	27328	27328	0	170180451	0.00016058248664530805	407460402	3495
ORDINAL	MP05	1	705	model.layers.32.mlp.gate_up_proj	DECODE	GATE_UP_PROJECTION	1	38944	38944	0	170180451	0.00022883944525449635	407460402	3495
ORDINAL	MP05	1	706	model.layers.32.mlp.act_fn	DECODE	ACTIVATION	1	2368	2368	0	170180451	1.3914641699944725e-05	407460402	3495
ORDINAL	MP05	1	707	model.layers.32.mlp.down_proj	DECODE	DOWN_PROJECTION	1	20576	20576	0	170180451	0.00012090695423060078	407460402	3495
ORDINAL	MP05	1	708	model.layers.33.self_attn	DECODE	ATTENTION	6	27360	27360	0	170180451	0.00016077052234395595	407460402	3495
ORDINAL	MP05	1	709	model.layers.33.mlp.gate_up_proj	DECODE	GATE_UP_PROJECTION	1	38336	38336	0	170180451	0.00022526676698018624	407460402	3495
ORDINAL	MP05	1	710	model.layers.33.mlp.act_fn	DECODE	ACTIVATION	1	2400	2400	0	170180451	1.4102677398592628e-05	407460402	3495
ORDINAL	MP05	1	711	model.layers.33.mlp.down_proj	DECODE	DOWN_PROJECTION	1	20640	20640	0	170180451	0.00012128302562789659	407460402	3495
ORDINAL	MP05	1	712	model.layers.34.self_attn	DECODE	ATTENTION	6	27616	27616	0	170180451	0.00016227480793313916	407460402	3495
ORDINAL	MP05	1	713	model.layers.34.mlp.gate_up_proj	DECODE	GATE_UP_PROJECTION	1	38784	38784	0	170180451	0.00022789926676125685	407460402	3495
ORDINAL	MP05	1	714	model.layers.34.mlp.act_fn	DECODE	ACTIVATION	1	2368	2368	0	170180451	1.3914641699944725e-05	407460402	3495
ORDINAL	MP05	1	715	model.layers.34.mlp.down_proj	DECODE	DOWN_PROJECTION	1	20512	20512	0	170180451	0.00012053088283330498	407460402	3495
ORDINAL	MP05	1	716	model.layers.35.self_attn	DECODE	ATTENTION	6	27744	27744	0	170180451	0.00016302695072773076	407460402	3495
ORDINAL	MP05	1	717	model.layers.35.mlp.gate_up_proj	DECODE	GATE_UP_PROJECTION	1	38784	38784	0	170180451	0.00022789926676125685	407460402	3495
ORDINAL	MP05	1	718	model.layers.35.mlp.act_fn	DECODE	ACTIVATION	1	2368	2368	0	170180451	1.3914641699944725e-05	407460402	3495
ORDINAL	MP05	1	719	model.layers.35.mlp.down_proj	DECODE	DOWN_PROJECTION	1	20480	20480	0	170180451	0.00012034284713465708	407460402	3495
ORDINAL	MP05	1	720	model.layers.0.self_attn	DECODE	ATTENTION	6	27936	27936	0	170180451	0.00016415516491961817	407460402	3495
ORDINAL	MP05	1	721	model.layers.0.mlp.gate_up_proj	DECODE	GATE_UP_PROJECTION	1	38816	38816	0	170180451	0.00022808730245990475	407460402	3495
ORDINAL	MP05	1	722	model.layers.0.mlp.act_fn	DECODE	ACTIVATION	1	2400	2400	0	170180451	1.4102677398592628e-05	407460402	3495
ORDINAL	MP05	1	723	model.layers.0.mlp.down_proj	DECODE	DOWN_PROJECTION	1	20896	20896	0	170180451	0.0001227873112170798	407460402	3495
ORDINAL	MP05	1	724	model.layers.1.self_attn	DECODE	ATTENTION	6	27519	27519	0	170180451	0.0001617048247216127	407460402	3495
ORDINAL	MP05	1	725	model.layers.1.mlp.gate_up_proj	DECODE	GATE_UP_PROJECTION	1	40128	40128	0	170180451	0.0002357967661044687	407460402	3495
ORDINAL	MP05	1	726	model.layers.1.mlp.act_fn	DECODE	ACTIVATION	1	2400	2400	0	170180451	1.4102677398592628e-05	407460402	3495
ORDINAL	MP05	1	727	model.layers.1.mlp.down_proj	DECODE	DOWN_PROJECTION	1	20832	20832	0	170180451	0.000122411239819784	407460402	3495
ORDINAL	MP05	1	728	model.layers.2.self_attn	DECODE	ATTENTION	6	27712	27712	0	170180451	0.00016283891502908286	407460402	3495
ORDINAL	MP05	1	729	model.layers.2.mlp.gate_up_proj	DECODE	GATE_UP_PROJECTION	1	39008	39008	0	170180451	0.00022921551665179216	407460402	3495
ORDINAL	MP05	1	730	model.layers.2.mlp.act_fn	DECODE	ACTIVATION	1	2400	2400	0	170180451	1.4102677398592628e-05	407460402	3495
ORDINAL	MP05	1	731	model.layers.2.mlp.down_proj	DECODE	DOWN_PROJECTION	1	20448	20448	0	170180451	0.00012015481143600918	407460402	3495
ORDINAL	MP05	1	732	model.layers.3.self_attn	DECODE	ATTENTION	6	27520	27520	0	170180451	0.00016171070083719546	407460402	3495
ORDINAL	MP05	1	733	model.layers.3.mlp.gate_up_proj	DECODE	GATE_UP_PROJECTION	1	39391	39391	0	170180451	0.00023146606891998424	407460402	3495
ORDINAL	MP05	1	734	model.layers.3.mlp.act_fn	DECODE	ACTIVATION	1	2368	2368	0	170180451	1.3914641699944725e-05	407460402	3495
ORDINAL	MP05	1	735	model.layers.3.mlp.down_proj	DECODE	DOWN_PROJECTION	1	20640	20640	0	170180451	0.00012128302562789659	407460402	3495
ORDINAL	MP05	1	736	model.layers.4.self_attn	DECODE	ATTENTION	6	27776	27776	0	170180451	0.00016321498642637866	407460402	3495
ORDINAL	MP05	1	737	model.layers.4.mlp.gate_up_proj	DECODE	GATE_UP_PROJECTION	1	38752	38752	0	170180451	0.00022771123106260895	407460402	3495
ORDINAL	MP05	1	738	model.layers.4.mlp.act_fn	DECODE	ACTIVATION	1	2400	2400	0	170180451	1.4102677398592628e-05	407460402	3495
ORDINAL	MP05	1	739	model.layers.4.mlp.down_proj	DECODE	DOWN_PROJECTION	1	20352	20352	0	170180451	0.00011959070434006548	407460402	3495
ORDINAL	MP05	1	740	model.layers.5.self_attn	DECODE	ATTENTION	6	27712	27712	0	170180451	0.00016283891502908286	407460402	3495
ORDINAL	MP05	1	741	model.layers.5.mlp.gate_up_proj	DECODE	GATE_UP_PROJECTION	1	39456	39456	0	170180451	0.0002318480164328628	407460402	3495
ORDINAL	MP05	1	742	model.layers.5.mlp.act_fn	DECODE	ACTIVATION	1	2368	2368	0	170180451	1.3914641699944725e-05	407460402	3495
ORDINAL	MP05	1	743	model.layers.5.mlp.down_proj	DECODE	DOWN_PROJECTION	1	20480	20480	0	170180451	0.00012034284713465708	407460402	3495
ORDINAL	MP05	1	744	model.layers.6.self_attn	DECODE	ATTENTION	6	27776	27776	0	170180451	0.00016321498642637866	407460402	3495
ORDINAL	MP05	1	745	model.layers.6.mlp.gate_up_proj	DECODE	GATE_UP_PROJECTION	1	38880	38880	0	170180451	0.00022846337385720055	407460402	3495
ORDINAL	MP05	1	746	model.layers.6.mlp.act_fn	DECODE	ACTIVATION	1	2400	2400	0	170180451	1.4102677398592628e-05	407460402	3495
ORDINAL	MP05	1	747	model.layers.6.mlp.down_proj	DECODE	DOWN_PROJECTION	1	20736	20736	0	170180451	0.0001218471327238403	407460402	3495
ORDINAL	MP05	1	748	model.layers.7.self_attn	DECODE	ATTENTION	6	27840	27840	0	170180451	0.00016359105782367446	407460402	3495
ORDINAL	MP05	1	749	model.layers.7.mlp.gate_up_proj	DECODE	GATE_UP_PROJECTION	1	38976	38976	0	170180451	0.00022902748095314426	407460402	3495
ORDINAL	MP05	1	750	model.layers.7.mlp.act_fn	DECODE	ACTIVATION	1	2400	2400	0	170180451	1.4102677398592628e-05	407460402	3495
ORDINAL	MP05	1	751	model.layers.7.mlp.down_proj	DECODE	DOWN_PROJECTION	1	20576	20576	0	170180451	0.00012090695423060078	407460402	3495
ORDINAL	MP05	1	752	model.layers.8.self_attn	DECODE	ATTENTION	6	27616	27616	0	170180451	0.00016227480793313916	407460402	3495
ORDINAL	MP05	1	753	model.layers.8.mlp.gate_up_proj	DECODE	GATE_UP_PROJECTION	1	39264	39264	0	170180451	0.00023071980224097536	407460402	3495
ORDINAL	MP05	1	754	model.layers.8.mlp.act_fn	DECODE	ACTIVATION	1	2400	2400	0	170180451	1.4102677398592628e-05	407460402	3495
ORDINAL	MP05	1	755	model.layers.8.mlp.down_proj	DECODE	DOWN_PROJECTION	1	20576	20576	0	170180451	0.00012090695423060078	407460402	3495
ORDINAL	MP05	1	756	model.layers.9.self_attn	DECODE	ATTENTION	6	27744	27744	0	170180451	0.00016302695072773076	407460402	3495
ORDINAL	MP05	1	757	model.layers.9.mlp.gate_up_proj	DECODE	GATE_UP_PROJECTION	1	38592	38592	0	170180451	0.00022677105256936945	407460402	3495
ORDINAL	MP05	1	758	model.layers.9.mlp.act_fn	DECODE	ACTIVATION	1	2400	2400	0	170180451	1.4102677398592628e-05	407460402	3495
ORDINAL	MP05	1	759	model.layers.9.mlp.down_proj	DECODE	DOWN_PROJECTION	1	20512	20512	0	170180451	0.00012053088283330498	407460402	3495
ORDINAL	MP05	1	760	model.layers.10.self_attn	DECODE	ATTENTION	6	27552	27552	0	170180451	0.00016189873653584336	407460402	3495
ORDINAL	MP05	1	761	model.layers.10.mlp.gate_up_proj	DECODE	GATE_UP_PROJECTION	1	39712	39712	0	170180451	0.000233352302022046	407460402	3495
ORDINAL	MP05	1	762	model.layers.10.mlp.act_fn	DECODE	ACTIVATION	1	2400	2400	0	170180451	1.4102677398592628e-05	407460402	3495
ORDINAL	MP05	1	763	model.layers.10.mlp.down_proj	DECODE	DOWN_PROJECTION	1	20448	20448	0	170180451	0.00012015481143600918	407460402	3495
ORDINAL	MP05	1	764	model.layers.11.self_attn	DECODE	ATTENTION	6	27520	27520	0	170180451	0.00016171070083719546	407460402	3495
ORDINAL	MP05	1	765	model.layers.11.mlp.gate_up_proj	DECODE	GATE_UP_PROJECTION	1	39104	39104	0	170180451	0.00022977962374773586	407460402	3495
ORDINAL	MP05	1	766	model.layers.11.mlp.act_fn	DECODE	ACTIVATION	1	2400	2400	0	170180451	1.4102677398592628e-05	407460402	3495
ORDINAL	MP05	1	767	model.layers.11.mlp.down_proj	DECODE	DOWN_PROJECTION	1	20608	20608	0	170180451	0.00012109498992924868	407460402	3495
ORDINAL	MP05	1	768	model.layers.12.self_attn	DECODE	ATTENTION	6	27648	27648	0	170180451	0.00016246284363178706	407460402	3495
ORDINAL	MP05	1	769	model.layers.12.mlp.gate_up_proj	DECODE	GATE_UP_PROJECTION	1	39168	39168	0	170180451	0.00023015569514503166	407460402	3495
ORDINAL	MP05	1	770	model.layers.12.mlp.act_fn	DECODE	ACTIVATION	1	2400	2400	0	170180451	1.4102677398592628e-05	407460402	3495
ORDINAL	MP05	1	771	model.layers.12.mlp.down_proj	DECODE	DOWN_PROJECTION	1	20608	20608	0	170180451	0.00012109498992924868	407460402	3495
ORDINAL	MP05	1	772	model.layers.13.self_attn	DECODE	ATTENTION	6	27488	27488	0	170180451	0.00016152266513854755	407460402	3495
ORDINAL	MP05	1	773	model.layers.13.mlp.gate_up_proj	DECODE	GATE_UP_PROJECTION	1	38944	38944	0	170180451	0.00022883944525449635	407460402	3495
ORDINAL	MP05	1	774	model.layers.13.mlp.act_fn	DECODE	ACTIVATION	1	2400	2400	0	170180451	1.4102677398592628e-05	407460402	3495
ORDINAL	MP05	1	775	model.layers.13.mlp.down_proj	DECODE	DOWN_PROJECTION	1	20608	20608	0	170180451	0.00012109498992924868	407460402	3495
ORDINAL	MP05	1	776	model.layers.14.self_attn	DECODE	ATTENTION	6	27296	27296	0	170180451	0.00016039445094666015	407460402	3495
ORDINAL	MP05	1	777	model.layers.14.mlp.gate_up_proj	DECODE	GATE_UP_PROJECTION	1	39520	39520	0	170180451	0.0002322240878301586	407460402	3495
ORDINAL	MP05	1	778	model.layers.14.mlp.act_fn	DECODE	ACTIVATION	1	2432	2432	0	170180451	1.4290713097240528e-05	407460402	3495
ORDINAL	MP05	1	779	model.layers.14.mlp.down_proj	DECODE	DOWN_PROJECTION	1	20448	20448	0	170180451	0.00012015481143600918	407460402	3495
ORDINAL	MP05	1	780	model.layers.15.self_attn	DECODE	ATTENTION	6	27936	27936	0	170180451	0.00016415516491961817	407460402	3495
ORDINAL	MP05	1	781	model.layers.15.mlp.gate_up_proj	DECODE	GATE_UP_PROJECTION	1	38912	38912	0	170180451	0.00022865140955584845	407460402	3495
ORDINAL	MP05	1	782	model.layers.15.mlp.act_fn	DECODE	ACTIVATION	1	2400	2400	0	170180451	1.4102677398592628e-05	407460402	3495
ORDINAL	MP05	1	783	model.layers.15.mlp.down_proj	DECODE	DOWN_PROJECTION	1	20544	20544	0	170180451	0.00012071891853195288	407460402	3495
ORDINAL	MP05	1	784	model.layers.16.self_attn	DECODE	ATTENTION	6	27840	27840	0	170180451	0.00016359105782367446	407460402	3495
ORDINAL	MP05	1	785	model.layers.16.mlp.gate_up_proj	DECODE	GATE_UP_PROJECTION	1	38624	38624	0	170180451	0.00022695908826801735	407460402	3495
ORDINAL	MP05	1	786	model.layers.16.mlp.act_fn	DECODE	ACTIVATION	1	2368	2368	0	170180451	1.3914641699944725e-05	407460402	3495
ORDINAL	MP05	1	787	model.layers.16.mlp.down_proj	DECODE	DOWN_PROJECTION	1	20416	20416	0	170180451	0.00011996677573736128	407460402	3495
ORDINAL	MP05	1	788	model.layers.17.self_attn	DECODE	ATTENTION	6	27680	27680	0	170180451	0.00016265087933043496	407460402	3495
ORDINAL	MP05	1	789	model.layers.17.mlp.gate_up_proj	DECODE	GATE_UP_PROJECTION	1	38752	38752	0	170180451	0.00022771123106260895	407460402	3495
ORDINAL	MP05	1	790	model.layers.17.mlp.act_fn	DECODE	ACTIVATION	1	2400	2400	0	170180451	1.4102677398592628e-05	407460402	3495
ORDINAL	MP05	1	791	model.layers.17.mlp.down_proj	DECODE	DOWN_PROJECTION	1	20544	20544	0	170180451	0.00012071891853195288	407460402	3495
ORDINAL	MP05	1	792	model.layers.18.self_attn	DECODE	ATTENTION	6	27552	27552	0	170180451	0.00016189873653584336	407460402	3495
ORDINAL	MP05	1	793	model.layers.18.mlp.gate_up_proj	DECODE	GATE_UP_PROJECTION	1	38976	38976	0	170180451	0.00022902748095314426	407460402	3495
ORDINAL	MP05	1	794	model.layers.18.mlp.act_fn	DECODE	ACTIVATION	1	2432	2432	0	170180451	1.4290713097240528e-05	407460402	3495
ORDINAL	MP05	1	795	model.layers.18.mlp.down_proj	DECODE	DOWN_PROJECTION	1	20576	20576	0	170180451	0.00012090695423060078	407460402	3495
ORDINAL	MP05	1	796	model.layers.19.self_attn	DECODE	ATTENTION	6	27648	27648	0	170180451	0.00016246284363178706	407460402	3495
ORDINAL	MP05	1	797	model.layers.19.mlp.gate_up_proj	DECODE	GATE_UP_PROJECTION	1	39168	39168	0	170180451	0.00023015569514503166	407460402	3495
ORDINAL	MP05	1	798	model.layers.19.mlp.act_fn	DECODE	ACTIVATION	1	2432	2432	0	170180451	1.4290713097240528e-05	407460402	3495
ORDINAL	MP05	1	799	model.layers.19.mlp.down_proj	DECODE	DOWN_PROJECTION	1	20416	20416	0	170180451	0.00011996677573736128	407460402	3495
ORDINAL	MP05	1	800	model.layers.20.self_attn	DECODE	ATTENTION	6	27584	27584	0	170180451	0.00016208677223449126	407460402	3495
ORDINAL	MP05	1	801	model.layers.20.mlp.gate_up_proj	DECODE	GATE_UP_PROJECTION	1	38624	38624	0	170180451	0.00022695908826801735	407460402	3495
ORDINAL	MP05	1	802	model.layers.20.mlp.act_fn	DECODE	ACTIVATION	1	2368	2368	0	170180451	1.3914641699944725e-05	407460402	3495
ORDINAL	MP05	1	803	model.layers.20.mlp.down_proj	DECODE	DOWN_PROJECTION	1	20800	20800	0	170180451	0.0001222232041211361	407460402	3495
ORDINAL	MP05	1	804	model.layers.21.self_attn	DECODE	ATTENTION	6	27872	27872	0	170180451	0.00016377909352232236	407460402	3495
ORDINAL	MP05	1	805	model.layers.21.mlp.gate_up_proj	DECODE	GATE_UP_PROJECTION	1	39616	39616	0	170180451	0.0002327881949261023	407460402	3495
ORDINAL	MP05	1	806	model.layers.21.mlp.act_fn	DECODE	ACTIVATION	1	2400	2400	0	170180451	1.4102677398592628e-05	407460402	3495
ORDINAL	MP05	1	807	model.layers.21.mlp.down_proj	DECODE	DOWN_PROJECTION	1	20800	20800	0	170180451	0.0001222232041211361	407460402	3495
ORDINAL	MP05	1	808	model.layers.22.self_attn	DECODE	ATTENTION	6	27648	27648	0	170180451	0.00016246284363178706	407460402	3495
ORDINAL	MP05	1	809	model.layers.22.mlp.gate_up_proj	DECODE	GATE_UP_PROJECTION	1	38688	38688	0	170180451	0.00022733515966531315	407460402	3495
ORDINAL	MP05	1	810	model.layers.22.mlp.act_fn	DECODE	ACTIVATION	1	2400	2400	0	170180451	1.4102677398592628e-05	407460402	3495
ORDINAL	MP05	1	811	model.layers.22.mlp.down_proj	DECODE	DOWN_PROJECTION	1	20256	20256	0	170180451	0.00011902659724412177	407460402	3495
ORDINAL	MP05	1	812	model.layers.23.self_attn	DECODE	ATTENTION	6	27808	27808	0	170180451	0.00016340302212502656	407460402	3495
ORDINAL	MP05	1	813	model.layers.23.mlp.gate_up_proj	DECODE	GATE_UP_PROJECTION	1	39232	39232	0	170180451	0.00023053176654232746	407460402	3495
ORDINAL	MP05	1	814	model.layers.23.mlp.act_fn	DECODE	ACTIVATION	1	2400	2400	0	170180451	1.4102677398592628e-05	407460402	3495
ORDINAL	MP05	1	815	model.layers.23.mlp.down_proj	DECODE	DOWN_PROJECTION	1	20480	20480	0	170180451	0.00012034284713465708	407460402	3495
ORDINAL	MP05	1	816	model.layers.24.self_attn	DECODE	ATTENTION	6	27648	27648	0	170180451	0.00016246284363178706	407460402	3495
ORDINAL	MP05	1	817	model.layers.24.mlp.gate_up_proj	DECODE	GATE_UP_PROJECTION	1	39456	39456	0	170180451	0.0002318480164328628	407460402	3495
ORDINAL	MP05	1	818	model.layers.24.mlp.act_fn	DECODE	ACTIVATION	1	2368	2368	0	170180451	1.3914641699944725e-05	407460402	3495
ORDINAL	MP05	1	819	model.layers.24.mlp.down_proj	DECODE	DOWN_PROJECTION	1	20416	20416	0	170180451	0.00011996677573736128	407460402	3495
ORDINAL	MP05	1	820	model.layers.25.self_attn	DECODE	ATTENTION	6	27744	27744	0	170180451	0.00016302695072773076	407460402	3495
ORDINAL	MP05	1	821	model.layers.25.mlp.gate_up_proj	DECODE	GATE_UP_PROJECTION	1	38816	38816	0	170180451	0.00022808730245990475	407460402	3495
ORDINAL	MP05	1	822	model.layers.25.mlp.act_fn	DECODE	ACTIVATION	1	2368	2368	0	170180451	1.3914641699944725e-05	407460402	3495
ORDINAL	MP05	1	823	model.layers.25.mlp.down_proj	DECODE	DOWN_PROJECTION	1	20480	20480	0	170180451	0.00012034284713465708	407460402	3495
ORDINAL	MP05	1	824	model.layers.26.self_attn	DECODE	ATTENTION	6	27744	27744	0	170180451	0.00016302695072773076	407460402	3495
ORDINAL	MP05	1	825	model.layers.26.mlp.gate_up_proj	DECODE	GATE_UP_PROJECTION	1	38976	38976	0	170180451	0.00022902748095314426	407460402	3495
ORDINAL	MP05	1	826	model.layers.26.mlp.act_fn	DECODE	ACTIVATION	1	2432	2432	0	170180451	1.4290713097240528e-05	407460402	3495
ORDINAL	MP05	1	827	model.layers.26.mlp.down_proj	DECODE	DOWN_PROJECTION	1	20576	20576	0	170180451	0.00012090695423060078	407460402	3495
ORDINAL	MP05	1	828	model.layers.27.self_attn	DECODE	ATTENTION	6	27488	27488	0	170180451	0.00016152266513854755	407460402	3495
ORDINAL	MP05	1	829	model.layers.27.mlp.gate_up_proj	DECODE	GATE_UP_PROJECTION	1	38272	38272	0	170180451	0.0002248906955828904	407460402	3495
ORDINAL	MP05	1	830	model.layers.27.mlp.act_fn	DECODE	ACTIVATION	1	2400	2400	0	170180451	1.4102677398592628e-05	407460402	3495
ORDINAL	MP05	1	831	model.layers.27.mlp.down_proj	DECODE	DOWN_PROJECTION	1	20480	20480	0	170180451	0.00012034284713465708	407460402	3495
ORDINAL	MP05	1	832	model.layers.28.self_attn	DECODE	ATTENTION	6	27328	27328	0	170180451	0.00016058248664530805	407460402	3495
ORDINAL	MP05	1	833	model.layers.28.mlp.gate_up_proj	DECODE	GATE_UP_PROJECTION	1	39008	39008	0	170180451	0.00022921551665179216	407460402	3495
ORDINAL	MP05	1	834	model.layers.28.mlp.act_fn	DECODE	ACTIVATION	1	2400	2400	0	170180451	1.4102677398592628e-05	407460402	3495
ORDINAL	MP05	1	835	model.layers.28.mlp.down_proj	DECODE	DOWN_PROJECTION	1	20576	20576	0	170180451	0.00012090695423060078	407460402	3495
ORDINAL	MP05	1	836	model.layers.29.self_attn	DECODE	ATTENTION	6	27648	27648	0	170180451	0.00016246284363178706	407460402	3495
ORDINAL	MP05	1	837	model.layers.29.mlp.gate_up_proj	DECODE	GATE_UP_PROJECTION	1	38688	38688	0	170180451	0.00022733515966531315	407460402	3495
ORDINAL	MP05	1	838	model.layers.29.mlp.act_fn	DECODE	ACTIVATION	1	2400	2400	0	170180451	1.4102677398592628e-05	407460402	3495
ORDINAL	MP05	1	839	model.layers.29.mlp.down_proj	DECODE	DOWN_PROJECTION	1	20864	20864	0	170180451	0.0001225992755184319	407460402	3495
ORDINAL	MP05	1	840	model.layers.30.self_attn	DECODE	ATTENTION	6	27776	27776	0	170180451	0.00016321498642637866	407460402	3495
ORDINAL	MP05	1	841	model.layers.30.mlp.gate_up_proj	DECODE	GATE_UP_PROJECTION	1	39136	39136	0	170180451	0.00022996765944638376	407460402	3495
ORDINAL	MP05	1	842	model.layers.30.mlp.act_fn	DECODE	ACTIVATION	1	2400	2400	0	170180451	1.4102677398592628e-05	407460402	3495
ORDINAL	MP05	1	843	model.layers.30.mlp.down_proj	DECODE	DOWN_PROJECTION	1	20672	20672	0	170180451	0.00012147106132654449	407460402	3495
ORDINAL	MP05	1	844	model.layers.31.self_attn	DECODE	ATTENTION	6	27904	27904	0	170180451	0.00016396712922097027	407460402	3495
ORDINAL	MP05	1	845	model.layers.31.mlp.gate_up_proj	DECODE	GATE_UP_PROJECTION	1	38976	38976	0	170180451	0.00022902748095314426	407460402	3495
ORDINAL	MP05	1	846	model.layers.31.mlp.act_fn	DECODE	ACTIVATION	1	2400	2400	0	170180451	1.4102677398592628e-05	407460402	3495
ORDINAL	MP05	1	847	model.layers.31.mlp.down_proj	DECODE	DOWN_PROJECTION	1	20608	20608	0	170180451	0.00012109498992924868	407460402	3495
ORDINAL	MP05	1	848	model.layers.32.self_attn	DECODE	ATTENTION	6	27616	27616	0	170180451	0.00016227480793313916	407460402	3495
ORDINAL	MP05	1	849	model.layers.32.mlp.gate_up_proj	DECODE	GATE_UP_PROJECTION	1	39168	39168	0	170180451	0.00023015569514503166	407460402	3495
ORDINAL	MP05	1	850	model.layers.32.mlp.act_fn	DECODE	ACTIVATION	1	2400	2400	0	170180451	1.4102677398592628e-05	407460402	3495
ORDINAL	MP05	1	851	model.layers.32.mlp.down_proj	DECODE	DOWN_PROJECTION	1	20480	20480	0	170180451	0.00012034284713465708	407460402	3495
ORDINAL	MP05	1	852	model.layers.33.self_attn	DECODE	ATTENTION	6	27552	27552	0	170180451	0.00016189873653584336	407460402	3495
ORDINAL	MP05	1	853	model.layers.33.mlp.gate_up_proj	DECODE	GATE_UP_PROJECTION	1	38784	38784	0	170180451	0.00022789926676125685	407460402	3495
ORDINAL	MP05	1	854	model.layers.33.mlp.act_fn	DECODE	ACTIVATION	1	2400	2400	0	170180451	1.4102677398592628e-05	407460402	3495
ORDINAL	MP05	1	855	model.layers.33.mlp.down_proj	DECODE	DOWN_PROJECTION	1	20480	20480	0	170180451	0.00012034284713465708	407460402	3495
ORDINAL	MP05	1	856	model.layers.34.self_attn	DECODE	ATTENTION	6	27424	27424	0	170180451	0.00016114659374125175	407460402	3495
ORDINAL	MP05	1	857	model.layers.34.mlp.gate_up_proj	DECODE	GATE_UP_PROJECTION	1	38688	38688	0	170180451	0.00022733515966531315	407460402	3495
ORDINAL	MP05	1	858	model.layers.34.mlp.act_fn	DECODE	ACTIVATION	1	2368	2368	0	170180451	1.3914641699944725e-05	407460402	3495
ORDINAL	MP05	1	859	model.layers.34.mlp.down_proj	DECODE	DOWN_PROJECTION	1	20608	20608	0	170180451	0.00012109498992924868	407460402	3495
ORDINAL	MP05	1	860	model.layers.35.self_attn	DECODE	ATTENTION	6	27616	27616	0	170180451	0.00016227480793313916	407460402	3495
ORDINAL	MP05	1	861	model.layers.35.mlp.gate_up_proj	DECODE	GATE_UP_PROJECTION	1	38752	38752	0	170180451	0.00022771123106260895	407460402	3495
ORDINAL	MP05	1	862	model.layers.35.mlp.act_fn	DECODE	ACTIVATION	1	2400	2400	0	170180451	1.4102677398592628e-05	407460402	3495
ORDINAL	MP05	1	863	model.layers.35.mlp.down_proj	DECODE	DOWN_PROJECTION	1	20576	20576	0	170180451	0.00012090695423060078	407460402	3495
ORDINAL	MP05	1	864	model.layers.0.self_attn	DECODE	ATTENTION	6	28128	28128	0	170180451	0.0001652833791115056	407460402	3495
ORDINAL	MP05	1	865	model.layers.0.mlp.gate_up_proj	DECODE	GATE_UP_PROJECTION	1	39296	39296	0	170180451	0.00023090783793962326	407460402	3495
ORDINAL	MP05	1	866	model.layers.0.mlp.act_fn	DECODE	ACTIVATION	1	2368	2368	0	170180451	1.3914641699944725e-05	407460402	3495
ORDINAL	MP05	1	867	model.layers.0.mlp.down_proj	DECODE	DOWN_PROJECTION	1	20448	20448	0	170180451	0.00012015481143600918	407460402	3495
ORDINAL	MP05	1	868	model.layers.1.self_attn	DECODE	ATTENTION	6	27840	27840	0	170180451	0.00016359105782367446	407460402	3495
ORDINAL	MP05	1	869	model.layers.1.mlp.gate_up_proj	DECODE	GATE_UP_PROJECTION	1	40608	40608	0	170180451	0.00023861730158418725	407460402	3495
ORDINAL	MP05	1	870	model.layers.1.mlp.act_fn	DECODE	ACTIVATION	1	2400	2400	0	170180451	1.4102677398592628e-05	407460402	3495
ORDINAL	MP05	1	871	model.layers.1.mlp.down_proj	DECODE	DOWN_PROJECTION	1	21088	21088	0	170180451	0.00012391552540896722	407460402	3495
ORDINAL	MP05	1	872	model.layers.2.self_attn	DECODE	ATTENTION	6	27360	27360	0	170180451	0.00016077052234395595	407460402	3495
ORDINAL	MP05	1	873	model.layers.2.mlp.gate_up_proj	DECODE	GATE_UP_PROJECTION	1	39072	39072	0	170180451	0.00022959158804908796	407460402	3495
ORDINAL	MP05	1	874	model.layers.2.mlp.act_fn	DECODE	ACTIVATION	1	2368	2368	0	170180451	1.3914641699944725e-05	407460402	3495
ORDINAL	MP05	1	875	model.layers.2.mlp.down_proj	DECODE	DOWN_PROJECTION	1	20512	20512	0	170180451	0.00012053088283330498	407460402	3495
ORDINAL	MP05	1	876	model.layers.3.self_attn	DECODE	ATTENTION	6	27712	27712	0	170180451	0.00016283891502908286	407460402	3495
ORDINAL	MP05	1	877	model.layers.3.mlp.gate_up_proj	DECODE	GATE_UP_PROJECTION	1	39584	39584	0	170180451	0.0002326001592274544	407460402	3495
ORDINAL	MP05	1	878	model.layers.3.mlp.act_fn	DECODE	ACTIVATION	1	2400	2400	0	170180451	1.4102677398592628e-05	407460402	3495
ORDINAL	MP05	1	879	model.layers.3.mlp.down_proj	DECODE	DOWN_PROJECTION	1	20448	20448	0	170180451	0.00012015481143600918	407460402	3495
ORDINAL	MP05	1	880	model.layers.4.self_attn	DECODE	ATTENTION	6	27392	27392	0	170180451	0.00016095855804260385	407460402	3495
ORDINAL	MP05	1	881	model.layers.4.mlp.gate_up_proj	DECODE	GATE_UP_PROJECTION	1	38976	38976	0	170180451	0.00022902748095314426	407460402	3495
ORDINAL	MP05	1	882	model.layers.4.mlp.act_fn	DECODE	ACTIVATION	1	2400	2400	0	170180451	1.4102677398592628e-05	407460402	3495
ORDINAL	MP05	1	883	model.layers.4.mlp.down_proj	DECODE	DOWN_PROJECTION	1	20416	20416	0	170180451	0.00011996677573736128	407460402	3495
ORDINAL	MP05	1	884	model.layers.5.self_attn	DECODE	ATTENTION	6	27552	27552	0	170180451	0.00016189873653584336	407460402	3495
ORDINAL	MP05	1	885	model.layers.5.mlp.gate_up_proj	DECODE	GATE_UP_PROJECTION	1	39552	39552	0	170180451	0.0002324121235288065	407460402	3495
ORDINAL	MP05	1	886	model.layers.5.mlp.act_fn	DECODE	ACTIVATION	1	2368	2368	0	170180451	1.3914641699944725e-05	407460402	3495
ORDINAL	MP05	1	887	model.layers.5.mlp.down_proj	DECODE	DOWN_PROJECTION	1	20383	20383	0	170180451	0.00011977286392313063	407460402	3495
ORDINAL	MP05	1	888	model.layers.6.self_attn	DECODE	ATTENTION	6	27584	27584	0	170180451	0.00016208677223449126	407460402	3495
ORDINAL	MP05	1	889	model.layers.6.mlp.gate_up_proj	DECODE	GATE_UP_PROJECTION	1	39360	39360	0	170180451	0.0002312839093369191	407460402	3495
ORDINAL	MP05	1	890	model.layers.6.mlp.act_fn	DECODE	ACTIVATION	1	2368	2368	0	170180451	1.3914641699944725e-05	407460402	3495
ORDINAL	MP05	1	891	model.layers.6.mlp.down_proj	DECODE	DOWN_PROJECTION	1	20416	20416	0	170180451	0.00011996677573736128	407460402	3495
ORDINAL	MP05	1	892	model.layers.7.self_attn	DECODE	ATTENTION	6	27776	27776	0	170180451	0.00016321498642637866	407460402	3495
ORDINAL	MP05	1	893	model.layers.7.mlp.gate_up_proj	DECODE	GATE_UP_PROJECTION	1	38624	38624	0	170180451	0.00022695908826801735	407460402	3495
ORDINAL	MP05	1	894	model.layers.7.mlp.act_fn	DECODE	ACTIVATION	1	2400	2400	0	170180451	1.4102677398592628e-05	407460402	3495
ORDINAL	MP05	1	895	model.layers.7.mlp.down_proj	DECODE	DOWN_PROJECTION	1	20320	20320	0	170180451	0.00011940266864141758	407460402	3495
ORDINAL	MP05	1	896	model.layers.8.self_attn	DECODE	ATTENTION	6	27296	27296	0	170180451	0.00016039445094666015	407460402	3495
ORDINAL	MP05	1	897	model.layers.8.mlp.gate_up_proj	DECODE	GATE_UP_PROJECTION	1	38879	38879	0	170180451	0.0002284574977416178	407460402	3495
ORDINAL	MP05	1	898	model.layers.8.mlp.act_fn	DECODE	ACTIVATION	1	2368	2368	0	170180451	1.3914641699944725e-05	407460402	3495
ORDINAL	MP05	1	899	model.layers.8.mlp.down_proj	DECODE	DOWN_PROJECTION	1	20416	20416	0	170180451	0.00011996677573736128	407460402	3495
ORDINAL	MP05	1	900	model.layers.9.self_attn	DECODE	ATTENTION	6	27584	27584	0	170180451	0.00016208677223449126	407460402	3495
ORDINAL	MP05	1	901	model.layers.9.mlp.gate_up_proj	DECODE	GATE_UP_PROJECTION	1	39136	39136	0	170180451	0.00022996765944638376	407460402	3495
ORDINAL	MP05	1	902	model.layers.9.mlp.act_fn	DECODE	ACTIVATION	1	2400	2400	0	170180451	1.4102677398592628e-05	407460402	3495
ORDINAL	MP05	1	903	model.layers.9.mlp.down_proj	DECODE	DOWN_PROJECTION	1	20608	20608	0	170180451	0.00012109498992924868	407460402	3495
ORDINAL	MP05	1	904	model.layers.10.self_attn	DECODE	ATTENTION	6	27712	27712	0	170180451	0.00016283891502908286	407460402	3495
ORDINAL	MP05	1	905	model.layers.10.mlp.gate_up_proj	DECODE	GATE_UP_PROJECTION	1	39616	39616	0	170180451	0.0002327881949261023	407460402	3495
ORDINAL	MP05	1	906	model.layers.10.mlp.act_fn	DECODE	ACTIVATION	1	2400	2400	0	170180451	1.4102677398592628e-05	407460402	3495
ORDINAL	MP05	1	907	model.layers.10.mlp.down_proj	DECODE	DOWN_PROJECTION	1	20448	20448	0	170180451	0.00012015481143600918	407460402	3495
ORDINAL	MP05	1	908	model.layers.11.self_attn	DECODE	ATTENTION	6	27872	27872	0	170180451	0.00016377909352232236	407460402	3495
ORDINAL	MP05	1	909	model.layers.11.mlp.gate_up_proj	DECODE	GATE_UP_PROJECTION	1	38720	38720	0	170180451	0.00022752319536396105	407460402	3495
ORDINAL	MP05	1	910	model.layers.11.mlp.act_fn	DECODE	ACTIVATION	1	2368	2368	0	170180451	1.3914641699944725e-05	407460402	3495
ORDINAL	MP05	1	911	model.layers.11.mlp.down_proj	DECODE	DOWN_PROJECTION	1	20608	20608	0	170180451	0.00012109498992924868	407460402	3495
ORDINAL	MP05	1	912	model.layers.12.self_attn	DECODE	ATTENTION	6	28032	28032	0	170180451	0.00016471927201556187	407460402	3495
ORDINAL	MP05	1	913	model.layers.12.mlp.gate_up_proj	DECODE	GATE_UP_PROJECTION	1	39424	39424	0	170180451	0.0002316599807342149	407460402	3495
ORDINAL	MP05	1	914	model.layers.12.mlp.act_fn	DECODE	ACTIVATION	1	2400	2400	0	170180451	1.4102677398592628e-05	407460402	3495
ORDINAL	MP05	1	915	model.layers.12.mlp.down_proj	DECODE	DOWN_PROJECTION	1	20672	20672	0	170180451	0.00012147106132654449	407460402	3495
ORDINAL	MP05	1	916	model.layers.13.self_attn	DECODE	ATTENTION	6	27584	27584	0	170180451	0.00016208677223449126	407460402	3495
ORDINAL	MP05	1	917	model.layers.13.mlp.gate_up_proj	DECODE	GATE_UP_PROJECTION	1	38944	38944	0	170180451	0.00022883944525449635	407460402	3495
ORDINAL	MP05	1	918	model.layers.13.mlp.act_fn	DECODE	ACTIVATION	1	2368	2368	0	170180451	1.3914641699944725e-05	407460402	3495
ORDINAL	MP05	1	919	model.layers.13.mlp.down_proj	DECODE	DOWN_PROJECTION	1	20416	20416	0	170180451	0.00011996677573736128	407460402	3495
ORDINAL	MP05	1	920	model.layers.14.self_attn	DECODE	ATTENTION	6	27488	27488	0	170180451	0.00016152266513854755	407460402	3495
ORDINAL	MP05	1	921	model.layers.14.mlp.gate_up_proj	DECODE	GATE_UP_PROJECTION	1	39712	39712	0	170180451	0.000233352302022046	407460402	3495
ORDINAL	MP05	1	922	model.layers.14.mlp.act_fn	DECODE	ACTIVATION	1	2400	2400	0	170180451	1.4102677398592628e-05	407460402	3495
ORDINAL	MP05	1	923	model.layers.14.mlp.down_proj	DECODE	DOWN_PROJECTION	1	20384	20384	0	170180451	0.00011977874003871338	407460402	3495
ORDINAL	MP05	1	924	model.layers.15.self_attn	DECODE	ATTENTION	6	27776	27776	0	170180451	0.00016321498642637866	407460402	3495
ORDINAL	MP05	1	925	model.layers.15.mlp.gate_up_proj	DECODE	GATE_UP_PROJECTION	1	39264	39264	0	170180451	0.00023071980224097536	407460402	3495
ORDINAL	MP05	1	926	model.layers.15.mlp.act_fn	DECODE	ACTIVATION	1	2400	2400	0	170180451	1.4102677398592628e-05	407460402	3495
ORDINAL	MP05	1	927	model.layers.15.mlp.down_proj	DECODE	DOWN_PROJECTION	1	20448	20448	0	170180451	0.00012015481143600918	407460402	3495
ORDINAL	MP05	1	928	model.layers.16.self_attn	DECODE	ATTENTION	6	27680	27680	0	170180451	0.00016265087933043496	407460402	3495
ORDINAL	MP05	1	929	model.layers.16.mlp.gate_up_proj	DECODE	GATE_UP_PROJECTION	1	38560	38560	0	170180451	0.00022658301687072154	407460402	3495
ORDINAL	MP05	1	930	model.layers.16.mlp.act_fn	DECODE	ACTIVATION	1	2368	2368	0	170180451	1.3914641699944725e-05	407460402	3495
ORDINAL	MP05	1	931	model.layers.16.mlp.down_proj	DECODE	DOWN_PROJECTION	1	20480	20480	0	170180451	0.00012034284713465708	407460402	3495
ORDINAL	MP05	1	932	model.layers.17.self_attn	DECODE	ATTENTION	6	27776	27776	0	170180451	0.00016321498642637866	407460402	3495
ORDINAL	MP05	1	933	model.layers.17.mlp.gate_up_proj	DECODE	GATE_UP_PROJECTION	1	38784	38784	0	170180451	0.00022789926676125685	407460402	3495
ORDINAL	MP05	1	934	model.layers.17.mlp.act_fn	DECODE	ACTIVATION	1	2368	2368	0	170180451	1.3914641699944725e-05	407460402	3495
ORDINAL	MP05	1	935	model.layers.17.mlp.down_proj	DECODE	DOWN_PROJECTION	1	20896	20896	0	170180451	0.0001227873112170798	407460402	3495
ORDINAL	MP05	1	936	model.layers.18.self_attn	DECODE	ATTENTION	6	27808	27808	0	170180451	0.00016340302212502656	407460402	3495
ORDINAL	MP05	1	937	model.layers.18.mlp.gate_up_proj	DECODE	GATE_UP_PROJECTION	1	39328	39328	0	170180451	0.0002310958736382712	407460402	3495
ORDINAL	MP05	1	938	model.layers.18.mlp.act_fn	DECODE	ACTIVATION	1	2400	2400	0	170180451	1.4102677398592628e-05	407460402	3495
ORDINAL	MP05	1	939	model.layers.18.mlp.down_proj	DECODE	DOWN_PROJECTION	1	20384	20384	0	170180451	0.00011977874003871338	407460402	3495
ORDINAL	MP05	1	940	model.layers.19.self_attn	DECODE	ATTENTION	6	27520	27520	0	170180451	0.00016171070083719546	407460402	3495
ORDINAL	MP05	1	941	model.layers.19.mlp.gate_up_proj	DECODE	GATE_UP_PROJECTION	1	38944	38944	0	170180451	0.00022883944525449635	407460402	3495
ORDINAL	MP05	1	942	model.layers.19.mlp.act_fn	DECODE	ACTIVATION	1	2400	2400	0	170180451	1.4102677398592628e-05	407460402	3495
ORDINAL	MP05	1	943	model.layers.19.mlp.down_proj	DECODE	DOWN_PROJECTION	1	20448	20448	0	170180451	0.00012015481143600918	407460402	3495
ORDINAL	MP05	1	944	model.layers.20.self_attn	DECODE	ATTENTION	6	27712	27712	0	170180451	0.00016283891502908286	407460402	3495
ORDINAL	MP05	1	945	model.layers.20.mlp.gate_up_proj	DECODE	GATE_UP_PROJECTION	1	39360	39360	0	170180451	0.0002312839093369191	407460402	3495
ORDINAL	MP05	1	946	model.layers.20.mlp.act_fn	DECODE	ACTIVATION	1	2368	2368	0	170180451	1.3914641699944725e-05	407460402	3495
ORDINAL	MP05	1	947	model.layers.20.mlp.down_proj	DECODE	DOWN_PROJECTION	1	20320	20320	0	170180451	0.00011940266864141758	407460402	3495
ORDINAL	MP05	1	948	model.layers.21.self_attn	DECODE	ATTENTION	6	27488	27488	0	170180451	0.00016152266513854755	407460402	3495
ORDINAL	MP05	1	949	model.layers.21.mlp.gate_up_proj	DECODE	GATE_UP_PROJECTION	1	39040	39040	0	170180451	0.00022940355235044006	407460402	3495
ORDINAL	MP05	1	950	model.layers.21.mlp.act_fn	DECODE	ACTIVATION	1	2368	2368	0	170180451	1.3914641699944725e-05	407460402	3495
ORDINAL	MP05	1	951	model.layers.21.mlp.down_proj	DECODE	DOWN_PROJECTION	1	20576	20576	0	170180451	0.00012090695423060078	407460402	3495
ORDINAL	MP05	1	952	model.layers.22.self_attn	DECODE	ATTENTION	6	27744	27744	0	170180451	0.00016302695072773076	407460402	3495
ORDINAL	MP05	1	953	model.layers.22.mlp.gate_up_proj	DECODE	GATE_UP_PROJECTION	1	39360	39360	0	170180451	0.0002312839093369191	407460402	3495
ORDINAL	MP05	1	954	model.layers.22.mlp.act_fn	DECODE	ACTIVATION	1	2400	2400	0	170180451	1.4102677398592628e-05	407460402	3495
ORDINAL	MP05	1	955	model.layers.22.mlp.down_proj	DECODE	DOWN_PROJECTION	1	20768	20768	0	170180451	0.0001220351684224882	407460402	3495
ORDINAL	MP05	1	956	model.layers.23.self_attn	DECODE	ATTENTION	6	27840	27840	0	170180451	0.00016359105782367446	407460402	3495
ORDINAL	MP05	1	957	model.layers.23.mlp.gate_up_proj	DECODE	GATE_UP_PROJECTION	1	38848	38848	0	170180451	0.00022827533815855265	407460402	3495
ORDINAL	MP05	1	958	model.layers.23.mlp.act_fn	DECODE	ACTIVATION	1	2368	2368	0	170180451	1.3914641699944725e-05	407460402	3495
ORDINAL	MP05	1	959	model.layers.23.mlp.down_proj	DECODE	DOWN_PROJECTION	1	20480	20480	0	170180451	0.00012034284713465708	407460402	3495
ORDINAL	MP05	1	960	model.layers.24.self_attn	DECODE	ATTENTION	6	27680	27680	0	170180451	0.00016265087933043496	407460402	3495
ORDINAL	MP05	1	961	model.layers.24.mlp.gate_up_proj	DECODE	GATE_UP_PROJECTION	1	38880	38880	0	170180451	0.00022846337385720055	407460402	3495
ORDINAL	MP05	1	962	model.layers.24.mlp.act_fn	DECODE	ACTIVATION	1	2368	2368	0	170180451	1.3914641699944725e-05	407460402	3495
ORDINAL	MP05	1	963	model.layers.24.mlp.down_proj	DECODE	DOWN_PROJECTION	1	20320	20320	0	170180451	0.00011940266864141758	407460402	3495
ORDINAL	MP05	1	964	model.layers.25.self_attn	DECODE	ATTENTION	6	27840	27840	0	170180451	0.00016359105782367446	407460402	3495
ORDINAL	MP05	1	965	model.layers.25.mlp.gate_up_proj	DECODE	GATE_UP_PROJECTION	1	39264	39264	0	170180451	0.00023071980224097536	407460402	3495
ORDINAL	MP05	1	966	model.layers.25.mlp.act_fn	DECODE	ACTIVATION	1	2368	2368	0	170180451	1.3914641699944725e-05	407460402	3495
ORDINAL	MP05	1	967	model.layers.25.mlp.down_proj	DECODE	DOWN_PROJECTION	1	20640	20640	0	170180451	0.00012128302562789659	407460402	3495
ORDINAL	MP05	1	968	model.layers.26.self_attn	DECODE	ATTENTION	6	27616	27616	0	170180451	0.00016227480793313916	407460402	3495
ORDINAL	MP05	1	969	model.layers.26.mlp.gate_up_proj	DECODE	GATE_UP_PROJECTION	1	39296	39296	0	170180451	0.00023090783793962326	407460402	3495
ORDINAL	MP05	1	970	model.layers.26.mlp.act_fn	DECODE	ACTIVATION	1	2368	2368	0	170180451	1.3914641699944725e-05	407460402	3495
ORDINAL	MP05	1	971	model.layers.26.mlp.down_proj	DECODE	DOWN_PROJECTION	1	20416	20416	0	170180451	0.00011996677573736128	407460402	3495
ORDINAL	MP05	1	972	model.layers.27.self_attn	DECODE	ATTENTION	6	27520	27520	0	170180451	0.00016171070083719546	407460402	3495
ORDINAL	MP05	1	973	model.layers.27.mlp.gate_up_proj	DECODE	GATE_UP_PROJECTION	1	39136	39136	0	170180451	0.00022996765944638376	407460402	3495
ORDINAL	MP05	1	974	model.layers.27.mlp.act_fn	DECODE	ACTIVATION	1	2400	2400	0	170180451	1.4102677398592628e-05	407460402	3495
ORDINAL	MP05	1	975	model.layers.27.mlp.down_proj	DECODE	DOWN_PROJECTION	1	20608	20608	0	170180451	0.00012109498992924868	407460402	3495
ORDINAL	MP05	1	976	model.layers.28.self_attn	DECODE	ATTENTION	6	27488	27488	0	170180451	0.00016152266513854755	407460402	3495
ORDINAL	MP05	1	977	model.layers.28.mlp.gate_up_proj	DECODE	GATE_UP_PROJECTION	1	38656	38656	0	170180451	0.00022714712396666525	407460402	3495
ORDINAL	MP05	1	978	model.layers.28.mlp.act_fn	DECODE	ACTIVATION	1	2368	2368	0	170180451	1.3914641699944725e-05	407460402	3495
ORDINAL	MP05	1	979	model.layers.28.mlp.down_proj	DECODE	DOWN_PROJECTION	1	20544	20544	0	170180451	0.00012071891853195288	407460402	3495
ORDINAL	MP05	1	980	model.layers.29.self_attn	DECODE	ATTENTION	6	27808	27808	0	170180451	0.00016340302212502656	407460402	3495
ORDINAL	MP05	1	981	model.layers.29.mlp.gate_up_proj	DECODE	GATE_UP_PROJECTION	1	38848	38848	0	170180451	0.00022827533815855265	407460402	3495
ORDINAL	MP05	1	982	model.layers.29.mlp.act_fn	DECODE	ACTIVATION	1	2368	2368	0	170180451	1.3914641699944725e-05	407460402	3495
ORDINAL	MP05	1	983	model.layers.29.mlp.down_proj	DECODE	DOWN_PROJECTION	1	20448	20448	0	170180451	0.00012015481143600918	407460402	3495
ORDINAL	MP05	1	984	model.layers.30.self_attn	DECODE	ATTENTION	6	27872	27872	0	170180451	0.00016377909352232236	407460402	3495
ORDINAL	MP05	1	985	model.layers.30.mlp.gate_up_proj	DECODE	GATE_UP_PROJECTION	1	38752	38752	0	170180451	0.00022771123106260895	407460402	3495
ORDINAL	MP05	1	986	model.layers.30.mlp.act_fn	DECODE	ACTIVATION	1	2400	2400	0	170180451	1.4102677398592628e-05	407460402	3495
ORDINAL	MP05	1	987	model.layers.30.mlp.down_proj	DECODE	DOWN_PROJECTION	1	20640	20640	0	170180451	0.00012128302562789659	407460402	3495
ORDINAL	MP05	1	988	model.layers.31.self_attn	DECODE	ATTENTION	6	27808	27808	0	170180451	0.00016340302212502656	407460402	3495
ORDINAL	MP05	1	989	model.layers.31.mlp.gate_up_proj	DECODE	GATE_UP_PROJECTION	1	38944	38944	0	170180451	0.00022883944525449635	407460402	3495
ORDINAL	MP05	1	990	model.layers.31.mlp.act_fn	DECODE	ACTIVATION	1	2368	2368	0	170180451	1.3914641699944725e-05	407460402	3495
ORDINAL	MP05	1	991	model.layers.31.mlp.down_proj	DECODE	DOWN_PROJECTION	1	20384	20384	0	170180451	0.00011977874003871338	407460402	3495
ORDINAL	MP05	1	992	model.layers.32.self_attn	DECODE	ATTENTION	6	27647	27647	0	170180451	0.0001624569675162043	407460402	3495
ORDINAL	MP05	1	993	model.layers.32.mlp.gate_up_proj	DECODE	GATE_UP_PROJECTION	1	38912	38912	0	170180451	0.00022865140955584845	407460402	3495
ORDINAL	MP05	1	994	model.layers.32.mlp.act_fn	DECODE	ACTIVATION	1	2400	2400	0	170180451	1.4102677398592628e-05	407460402	3495
ORDINAL	MP05	1	995	model.layers.32.mlp.down_proj	DECODE	DOWN_PROJECTION	1	20576	20576	0	170180451	0.00012090695423060078	407460402	3495
ORDINAL	MP05	1	996	model.layers.33.self_attn	DECODE	ATTENTION	6	27616	27616	0	170180451	0.00016227480793313916	407460402	3495
ORDINAL	MP05	1	997	model.layers.33.mlp.gate_up_proj	DECODE	GATE_UP_PROJECTION	1	38688	38688	0	170180451	0.00022733515966531315	407460402	3495
ORDINAL	MP05	1	998	model.layers.33.mlp.act_fn	DECODE	ACTIVATION	1	2368	2368	0	170180451	1.3914641699944725e-05	407460402	3495
ORDINAL	MP05	1	999	model.layers.33.mlp.down_proj	DECODE	DOWN_PROJECTION	1	20416	20416	0	170180451	0.00011996677573736128	407460402	3495
ORDINAL	MP05	1	1000	model.layers.34.self_attn	DECODE	ATTENTION	6	27584	27584	0	170180451	0.00016208677223449126	407460402	3495
ORDINAL	MP05	1	1001	model.layers.34.mlp.gate_up_proj	DECODE	GATE_UP_PROJECTION	1	38591	38591	0	170180451	0.0002267651764537867	407460402	3495
ORDINAL	MP05	1	1002	model.layers.34.mlp.act_fn	DECODE	ACTIVATION	1	2368	2368	0	170180451	1.3914641699944725e-05	407460402	3495
ORDINAL	MP05	1	1003	model.layers.34.mlp.down_proj	DECODE	DOWN_PROJECTION	1	20480	20480	0	170180451	0.00012034284713465708	407460402	3495
ORDINAL	MP05	1	1004	model.layers.35.self_attn	DECODE	ATTENTION	6	27424	27424	0	170180451	0.00016114659374125175	407460402	3495
ORDINAL	MP05	1	1005	model.layers.35.mlp.gate_up_proj	DECODE	GATE_UP_PROJECTION	1	39168	39168	0	170180451	0.00023015569514503166	407460402	3495
ORDINAL	MP05	1	1006	model.layers.35.mlp.act_fn	DECODE	ACTIVATION	1	2368	2368	0	170180451	1.3914641699944725e-05	407460402	3495
ORDINAL	MP05	1	1007	model.layers.35.mlp.down_proj	DECODE	DOWN_PROJECTION	1	20480	20480	0	170180451	0.00012034284713465708	407460402	3495
ORDINAL	MP05	1	1008	model.layers.0.self_attn	DECODE	ATTENTION	6	27936	27936	0	170180451	0.00016415516491961817	407460402	3495
ORDINAL	MP05	1	1009	model.layers.0.mlp.gate_up_proj	DECODE	GATE_UP_PROJECTION	1	39007	39007	0	170180451	0.0002292096405362094	407460402	3495
ORDINAL	MP05	1	1010	model.layers.0.mlp.act_fn	DECODE	ACTIVATION	1	2400	2400	0	170180451	1.4102677398592628e-05	407460402	3495
ORDINAL	MP05	1	1011	model.layers.0.mlp.down_proj	DECODE	DOWN_PROJECTION	1	20448	20448	0	170180451	0.00012015481143600918	407460402	3495
ORDINAL	MP05	1	1012	model.layers.1.self_attn	DECODE	ATTENTION	6	27808	27808	0	170180451	0.00016340302212502656	407460402	3495
ORDINAL	MP05	1	1013	model.layers.1.mlp.gate_up_proj	DECODE	GATE_UP_PROJECTION	1	40544	40544	0	170180451	0.00023824123018689145	407460402	3495
ORDINAL	MP05	1	1014	model.layers.1.mlp.act_fn	DECODE	ACTIVATION	1	2400	2400	0	170180451	1.4102677398592628e-05	407460402	3495
ORDINAL	MP05	1	1015	model.layers.1.mlp.down_proj	DECODE	DOWN_PROJECTION	1	21024	21024	0	170180451	0.00012353945401167142	407460402	3495
ORDINAL	MP05	1	1016	model.layers.2.self_attn	DECODE	ATTENTION	6	27648	27648	0	170180451	0.00016246284363178706	407460402	3495
ORDINAL	MP05	1	1017	model.layers.2.mlp.gate_up_proj	DECODE	GATE_UP_PROJECTION	1	39008	39008	0	170180451	0.00022921551665179216	407460402	3495
ORDINAL	MP05	1	1018	model.layers.2.mlp.act_fn	DECODE	ACTIVATION	1	2400	2400	0	170180451	1.4102677398592628e-05	407460402	3495
ORDINAL	MP05	1	1019	model.layers.2.mlp.down_proj	DECODE	DOWN_PROJECTION	1	20384	20384	0	170180451	0.00011977874003871338	407460402	3495
ORDINAL	MP05	1	1020	model.layers.3.self_attn	DECODE	ATTENTION	6	27808	27808	0	170180451	0.00016340302212502656	407460402	3495
ORDINAL	MP05	1	1021	model.layers.3.mlp.gate_up_proj	DECODE	GATE_UP_PROJECTION	1	39136	39136	0	170180451	0.00022996765944638376	407460402	3495
ORDINAL	MP05	1	1022	model.layers.3.mlp.act_fn	DECODE	ACTIVATION	1	2400	2400	0	170180451	1.4102677398592628e-05	407460402	3495
ORDINAL	MP05	1	1023	model.layers.3.mlp.down_proj	DECODE	DOWN_PROJECTION	1	20544	20544	0	170180451	0.00012071891853195288	407460402	3495
ORDINAL	MP05	1	1024	model.layers.4.self_attn	DECODE	ATTENTION	6	27616	27616	0	170180451	0.00016227480793313916	407460402	3495
ORDINAL	MP05	1	1025	model.layers.4.mlp.gate_up_proj	DECODE	GATE_UP_PROJECTION	1	38912	38912	0	170180451	0.00022865140955584845	407460402	3495
ORDINAL	MP05	1	1026	model.layers.4.mlp.act_fn	DECODE	ACTIVATION	1	2400	2400	0	170180451	1.4102677398592628e-05	407460402	3495
ORDINAL	MP05	1	1027	model.layers.4.mlp.down_proj	DECODE	DOWN_PROJECTION	1	20736	20736	0	170180451	0.0001218471327238403	407460402	3495
ORDINAL	MP05	1	1028	model.layers.5.self_attn	DECODE	ATTENTION	6	27712	27712	0	170180451	0.00016283891502908286	407460402	3495
ORDINAL	MP05	1	1029	model.layers.5.mlp.gate_up_proj	DECODE	GATE_UP_PROJECTION	1	38752	38752	0	170180451	0.00022771123106260895	407460402	3495
ORDINAL	MP05	1	1030	model.layers.5.mlp.act_fn	DECODE	ACTIVATION	1	2368	2368	0	170180451	1.3914641699944725e-05	407460402	3495
ORDINAL	MP05	1	1031	model.layers.5.mlp.down_proj	DECODE	DOWN_PROJECTION	1	20736	20736	0	170180451	0.0001218471327238403	407460402	3495
ORDINAL	MP05	1	1032	model.layers.6.self_attn	DECODE	ATTENTION	6	27616	27616	0	170180451	0.00016227480793313916	407460402	3495
ORDINAL	MP05	1	1033	model.layers.6.mlp.gate_up_proj	DECODE	GATE_UP_PROJECTION	1	39264	39264	0	170180451	0.00023071980224097536	407460402	3495
ORDINAL	MP05	1	1034	model.layers.6.mlp.act_fn	DECODE	ACTIVATION	1	2432	2432	0	170180451	1.4290713097240528e-05	407460402	3495
ORDINAL	MP05	1	1035	model.layers.6.mlp.down_proj	DECODE	DOWN_PROJECTION	1	20512	20512	0	170180451	0.00012053088283330498	407460402	3495
ORDINAL	MP05	1	1036	model.layers.7.self_attn	DECODE	ATTENTION	6	27616	27616	0	170180451	0.00016227480793313916	407460402	3495
ORDINAL	MP05	1	1037	model.layers.7.mlp.gate_up_proj	DECODE	GATE_UP_PROJECTION	1	38688	38688	0	170180451	0.00022733515966531315	407460402	3495
ORDINAL	MP05	1	1038	model.layers.7.mlp.act_fn	DECODE	ACTIVATION	1	2368	2368	0	170180451	1.3914641699944725e-05	407460402	3495
ORDINAL	MP05	1	1039	model.layers.7.mlp.down_proj	DECODE	DOWN_PROJECTION	1	20608	20608	0	170180451	0.00012109498992924868	407460402	3495
ORDINAL	MP05	1	1040	model.layers.8.self_attn	DECODE	ATTENTION	6	27648	27648	0	170180451	0.00016246284363178706	407460402	3495
ORDINAL	MP05	1	1041	model.layers.8.mlp.gate_up_proj	DECODE	GATE_UP_PROJECTION	1	38880	38880	0	170180451	0.00022846337385720055	407460402	3495
ORDINAL	MP05	1	1042	model.layers.8.mlp.act_fn	DECODE	ACTIVATION	1	2400	2400	0	170180451	1.4102677398592628e-05	407460402	3495
ORDINAL	MP05	1	1043	model.layers.8.mlp.down_proj	DECODE	DOWN_PROJECTION	1	20448	20448	0	170180451	0.00012015481143600918	407460402	3495
ORDINAL	MP05	1	1044	model.layers.9.self_attn	DECODE	ATTENTION	6	27776	27776	0	170180451	0.00016321498642637866	407460402	3495
ORDINAL	MP05	1	1045	model.layers.9.mlp.gate_up_proj	DECODE	GATE_UP_PROJECTION	1	38848	38848	0	170180451	0.00022827533815855265	407460402	3495
ORDINAL	MP05	1	1046	model.layers.9.mlp.act_fn	DECODE	ACTIVATION	1	2400	2400	0	170180451	1.4102677398592628e-05	407460402	3495
ORDINAL	MP05	1	1047	model.layers.9.mlp.down_proj	DECODE	DOWN_PROJECTION	1	20448	20448	0	170180451	0.00012015481143600918	407460402	3495
ORDINAL	MP05	1	1048	model.layers.10.self_attn	DECODE	ATTENTION	6	27584	27584	0	170180451	0.00016208677223449126	407460402	3495
ORDINAL	MP05	1	1049	model.layers.10.mlp.gate_up_proj	DECODE	GATE_UP_PROJECTION	1	39552	39552	0	170180451	0.0002324121235288065	407460402	3495
ORDINAL	MP05	1	1050	model.layers.10.mlp.act_fn	DECODE	ACTIVATION	1	2400	2400	0	170180451	1.4102677398592628e-05	407460402	3495
ORDINAL	MP05	1	1051	model.layers.10.mlp.down_proj	DECODE	DOWN_PROJECTION	1	20544	20544	0	170180451	0.00012071891853195288	407460402	3495
ORDINAL	MP05	1	1052	model.layers.11.self_attn	DECODE	ATTENTION	6	27584	27584	0	170180451	0.00016208677223449126	407460402	3495
ORDINAL	MP05	1	1053	model.layers.11.mlp.gate_up_proj	DECODE	GATE_UP_PROJECTION	1	38879	38879	0	170180451	0.0002284574977416178	407460402	3495
ORDINAL	MP05	1	1054	model.layers.11.mlp.act_fn	DECODE	ACTIVATION	1	2400	2400	0	170180451	1.4102677398592628e-05	407460402	3495
ORDINAL	MP05	1	1055	model.layers.11.mlp.down_proj	DECODE	DOWN_PROJECTION	1	20608	20608	0	170180451	0.00012109498992924868	407460402	3495
ORDINAL	MP05	1	1056	model.layers.12.self_attn	DECODE	ATTENTION	6	27680	27680	0	170180451	0.00016265087933043496	407460402	3495
ORDINAL	MP05	1	1057	model.layers.12.mlp.gate_up_proj	DECODE	GATE_UP_PROJECTION	1	38912	38912	0	170180451	0.00022865140955584845	407460402	3495
ORDINAL	MP05	1	1058	model.layers.12.mlp.act_fn	DECODE	ACTIVATION	1	2368	2368	0	170180451	1.3914641699944725e-05	407460402	3495
ORDINAL	MP05	1	1059	model.layers.12.mlp.down_proj	DECODE	DOWN_PROJECTION	1	20480	20480	0	170180451	0.00012034284713465708	407460402	3495
ORDINAL	MP05	1	1060	model.layers.13.self_attn	DECODE	ATTENTION	6	27840	27840	0	170180451	0.00016359105782367446	407460402	3495
ORDINAL	MP05	1	1061	model.layers.13.mlp.gate_up_proj	DECODE	GATE_UP_PROJECTION	1	39264	39264	0	170180451	0.00023071980224097536	407460402	3495
ORDINAL	MP05	1	1062	model.layers.13.mlp.act_fn	DECODE	ACTIVATION	1	2400	2400	0	170180451	1.4102677398592628e-05	407460402	3495
ORDINAL	MP05	1	1063	model.layers.13.mlp.down_proj	DECODE	DOWN_PROJECTION	1	20544	20544	0	170180451	0.00012071891853195288	407460402	3495
ORDINAL	MP05	1	1064	model.layers.14.self_attn	DECODE	ATTENTION	6	27808	27808	0	170180451	0.00016340302212502656	407460402	3495
ORDINAL	MP05	1	1065	model.layers.14.mlp.gate_up_proj	DECODE	GATE_UP_PROJECTION	1	39328	39328	0	170180451	0.0002310958736382712	407460402	3495
ORDINAL	MP05	1	1066	model.layers.14.mlp.act_fn	DECODE	ACTIVATION	1	2432	2432	0	170180451	1.4290713097240528e-05	407460402	3495
ORDINAL	MP05	1	1067	model.layers.14.mlp.down_proj	DECODE	DOWN_PROJECTION	1	20320	20320	0	170180451	0.00011940266864141758	407460402	3495
ORDINAL	MP05	1	1068	model.layers.15.self_attn	DECODE	ATTENTION	6	27584	27584	0	170180451	0.00016208677223449126	407460402	3495
ORDINAL	MP05	1	1069	model.layers.15.mlp.gate_up_proj	DECODE	GATE_UP_PROJECTION	1	38816	38816	0	170180451	0.00022808730245990475	407460402	3495
ORDINAL	MP05	1	1070	model.layers.15.mlp.act_fn	DECODE	ACTIVATION	1	2368	2368	0	170180451	1.3914641699944725e-05	407460402	3495
ORDINAL	MP05	1	1071	model.layers.15.mlp.down_proj	DECODE	DOWN_PROJECTION	1	20320	20320	0	170180451	0.00011940266864141758	407460402	3495
ORDINAL	MP05	1	1072	model.layers.16.self_attn	DECODE	ATTENTION	6	27680	27680	0	170180451	0.00016265087933043496	407460402	3495
ORDINAL	MP05	1	1073	model.layers.16.mlp.gate_up_proj	DECODE	GATE_UP_PROJECTION	1	38912	38912	0	170180451	0.00022865140955584845	407460402	3495
ORDINAL	MP05	1	1074	model.layers.16.mlp.act_fn	DECODE	ACTIVATION	1	2400	2400	0	170180451	1.4102677398592628e-05	407460402	3495
ORDINAL	MP05	1	1075	model.layers.16.mlp.down_proj	DECODE	DOWN_PROJECTION	1	20576	20576	0	170180451	0.00012090695423060078	407460402	3495
ORDINAL	MP05	1	1076	model.layers.17.self_attn	DECODE	ATTENTION	6	27840	27840	0	170180451	0.00016359105782367446	407460402	3495
ORDINAL	MP05	1	1077	model.layers.17.mlp.gate_up_proj	DECODE	GATE_UP_PROJECTION	1	39104	39104	0	170180451	0.00022977962374773586	407460402	3495
ORDINAL	MP05	1	1078	model.layers.17.mlp.act_fn	DECODE	ACTIVATION	1	2400	2400	0	170180451	1.4102677398592628e-05	407460402	3495
ORDINAL	MP05	1	1079	model.layers.17.mlp.down_proj	DECODE	DOWN_PROJECTION	1	20480	20480	0	170180451	0.00012034284713465708	407460402	3495
ORDINAL	MP05	1	1080	model.layers.18.self_attn	DECODE	ATTENTION	6	27680	27680	0	170180451	0.00016265087933043496	407460402	3495
ORDINAL	MP05	1	1081	model.layers.18.mlp.gate_up_proj	DECODE	GATE_UP_PROJECTION	1	39104	39104	0	170180451	0.00022977962374773586	407460402	3495
ORDINAL	MP05	1	1082	model.layers.18.mlp.act_fn	DECODE	ACTIVATION	1	2432	2432	0	170180451	1.4290713097240528e-05	407460402	3495
ORDINAL	MP05	1	1083	model.layers.18.mlp.down_proj	DECODE	DOWN_PROJECTION	1	20864	20864	0	170180451	0.0001225992755184319	407460402	3495
ORDINAL	MP05	1	1084	model.layers.19.self_attn	DECODE	ATTENTION	6	27744	27744	0	170180451	0.00016302695072773076	407460402	3495
ORDINAL	MP05	1	1085	model.layers.19.mlp.gate_up_proj	DECODE	GATE_UP_PROJECTION	1	38976	38976	0	170180451	0.00022902748095314426	407460402	3495
ORDINAL	MP05	1	1086	model.layers.19.mlp.act_fn	DECODE	ACTIVATION	1	2400	2400	0	170180451	1.4102677398592628e-05	407460402	3495
ORDINAL	MP05	1	1087	model.layers.19.mlp.down_proj	DECODE	DOWN_PROJECTION	1	20640	20640	0	170180451	0.00012128302562789659	407460402	3495
ORDINAL	MP05	1	1088	model.layers.20.self_attn	DECODE	ATTENTION	6	27616	27616	0	170180451	0.00016227480793313916	407460402	3495
ORDINAL	MP05	1	1089	model.layers.20.mlp.gate_up_proj	DECODE	GATE_UP_PROJECTION	1	39136	39136	0	170180451	0.00022996765944638376	407460402	3495
ORDINAL	MP05	1	1090	model.layers.20.mlp.act_fn	DECODE	ACTIVATION	1	2400	2400	0	170180451	1.4102677398592628e-05	407460402	3495
ORDINAL	MP05	1	1091	model.layers.20.mlp.down_proj	DECODE	DOWN_PROJECTION	1	20448	20448	0	170180451	0.00012015481143600918	407460402	3495
ORDINAL	MP05	1	1092	model.layers.21.self_attn	DECODE	ATTENTION	6	28000	28000	0	170180451	0.00016453123631691397	407460402	3495
ORDINAL	MP05	1	1093	model.layers.21.mlp.gate_up_proj	DECODE	GATE_UP_PROJECTION	1	39136	39136	0	170180451	0.00022996765944638376	407460402	3495
ORDINAL	MP05	1	1094	model.layers.21.mlp.act_fn	DECODE	ACTIVATION	1	2400	2400	0	170180451	1.4102677398592628e-05	407460402	3495
ORDINAL	MP05	1	1095	model.layers.21.mlp.down_proj	DECODE	DOWN_PROJECTION	1	20416	20416	0	170180451	0.00011996677573736128	407460402	3495
ORDINAL	MP05	1	1096	model.layers.22.self_attn	DECODE	ATTENTION	6	27520	27520	0	170180451	0.00016171070083719546	407460402	3495
ORDINAL	MP05	1	1097	model.layers.22.mlp.gate_up_proj	DECODE	GATE_UP_PROJECTION	1	38592	38592	0	170180451	0.00022677105256936945	407460402	3495
ORDINAL	MP05	1	1098	model.layers.22.mlp.act_fn	DECODE	ACTIVATION	1	2400	2400	0	170180451	1.4102677398592628e-05	407460402	3495
ORDINAL	MP05	1	1099	model.layers.22.mlp.down_proj	DECODE	DOWN_PROJECTION	1	20704	20704	0	170180451	0.0001216590970251924	407460402	3495
ORDINAL	MP05	1	1100	model.layers.23.self_attn	DECODE	ATTENTION	6	27456	27456	0	170180451	0.00016133462943989965	407460402	3495
ORDINAL	MP05	1	1101	model.layers.23.mlp.gate_up_proj	DECODE	GATE_UP_PROJECTION	1	39136	39136	0	170180451	0.00022996765944638376	407460402	3495
ORDINAL	MP05	1	1102	model.layers.23.mlp.act_fn	DECODE	ACTIVATION	1	2432	2432	0	170180451	1.4290713097240528e-05	407460402	3495
ORDINAL	MP05	1	1103	model.layers.23.mlp.down_proj	DECODE	DOWN_PROJECTION	1	20480	20480	0	170180451	0.00012034284713465708	407460402	3495
ORDINAL	MP05	1	1104	model.layers.24.self_attn	DECODE	ATTENTION	6	27360	27360	0	170180451	0.00016077052234395595	407460402	3495
ORDINAL	MP05	1	1105	model.layers.24.mlp.gate_up_proj	DECODE	GATE_UP_PROJECTION	1	39104	39104	0	170180451	0.00022977962374773586	407460402	3495
ORDINAL	MP05	1	1106	model.layers.24.mlp.act_fn	DECODE	ACTIVATION	1	2400	2400	0	170180451	1.4102677398592628e-05	407460402	3495
ORDINAL	MP05	1	1107	model.layers.24.mlp.down_proj	DECODE	DOWN_PROJECTION	1	20416	20416	0	170180451	0.00011996677573736128	407460402	3495
ORDINAL	MP05	1	1108	model.layers.25.self_attn	DECODE	ATTENTION	6	27968	27968	0	170180451	0.00016434320061826607	407460402	3495
ORDINAL	MP05	1	1109	model.layers.25.mlp.gate_up_proj	DECODE	GATE_UP_PROJECTION	1	39008	39008	0	170180451	0.00022921551665179216	407460402	3495
ORDINAL	MP05	1	1110	model.layers.25.mlp.act_fn	DECODE	ACTIVATION	1	2400	2400	0	170180451	1.4102677398592628e-05	407460402	3495
ORDINAL	MP05	1	1111	model.layers.25.mlp.down_proj	DECODE	DOWN_PROJECTION	1	20448	20448	0	170180451	0.00012015481143600918	407460402	3495
ORDINAL	MP05	1	1112	model.layers.26.self_attn	DECODE	ATTENTION	6	27808	27808	0	170180451	0.00016340302212502656	407460402	3495
ORDINAL	MP05	1	1113	model.layers.26.mlp.gate_up_proj	DECODE	GATE_UP_PROJECTION	1	38368	38368	0	170180451	0.00022545480267883414	407460402	3495
ORDINAL	MP05	1	1114	model.layers.26.mlp.act_fn	DECODE	ACTIVATION	1	2400	2400	0	170180451	1.4102677398592628e-05	407460402	3495
ORDINAL	MP05	1	1115	model.layers.26.mlp.down_proj	DECODE	DOWN_PROJECTION	1	20672	20672	0	170180451	0.00012147106132654449	407460402	3495
ORDINAL	MP05	1	1116	model.layers.27.self_attn	DECODE	ATTENTION	6	27360	27360	0	170180451	0.00016077052234395595	407460402	3495
ORDINAL	MP05	1	1117	model.layers.27.mlp.gate_up_proj	DECODE	GATE_UP_PROJECTION	1	39264	39264	0	170180451	0.00023071980224097536	407460402	3495
ORDINAL	MP05	1	1118	model.layers.27.mlp.act_fn	DECODE	ACTIVATION	1	2400	2400	0	170180451	1.4102677398592628e-05	407460402	3495
ORDINAL	MP05	1	1119	model.layers.27.mlp.down_proj	DECODE	DOWN_PROJECTION	1	20576	20576	0	170180451	0.00012090695423060078	407460402	3495
ORDINAL	MP05	1	1120	model.layers.28.self_attn	DECODE	ATTENTION	6	27648	27648	0	170180451	0.00016246284363178706	407460402	3495
ORDINAL	MP05	1	1121	model.layers.28.mlp.gate_up_proj	DECODE	GATE_UP_PROJECTION	1	39168	39168	0	170180451	0.00023015569514503166	407460402	3495
ORDINAL	MP05	1	1122	model.layers.28.mlp.act_fn	DECODE	ACTIVATION	1	2400	2400	0	170180451	1.4102677398592628e-05	407460402	3495
ORDINAL	MP05	1	1123	model.layers.28.mlp.down_proj	DECODE	DOWN_PROJECTION	1	20640	20640	0	170180451	0.00012128302562789659	407460402	3495
ORDINAL	MP05	1	1124	model.layers.29.self_attn	DECODE	ATTENTION	6	27776	27776	0	170180451	0.00016321498642637866	407460402	3495
ORDINAL	MP05	1	1125	model.layers.29.mlp.gate_up_proj	DECODE	GATE_UP_PROJECTION	1	38816	38816	0	170180451	0.00022808730245990475	407460402	3495
ORDINAL	MP05	1	1126	model.layers.29.mlp.act_fn	DECODE	ACTIVATION	1	2400	2400	0	170180451	1.4102677398592628e-05	407460402	3495
ORDINAL	MP05	1	1127	model.layers.29.mlp.down_proj	DECODE	DOWN_PROJECTION	1	20576	20576	0	170180451	0.00012090695423060078	407460402	3495
ORDINAL	MP05	1	1128	model.layers.30.self_attn	DECODE	ATTENTION	6	27648	27648	0	170180451	0.00016246284363178706	407460402	3495
ORDINAL	MP05	1	1129	model.layers.30.mlp.gate_up_proj	DECODE	GATE_UP_PROJECTION	1	39104	39104	0	170180451	0.00022977962374773586	407460402	3495
ORDINAL	MP05	1	1130	model.layers.30.mlp.act_fn	DECODE	ACTIVATION	1	2400	2400	0	170180451	1.4102677398592628e-05	407460402	3495
ORDINAL	MP05	1	1131	model.layers.30.mlp.down_proj	DECODE	DOWN_PROJECTION	1	20576	20576	0	170180451	0.00012090695423060078	407460402	3495
ORDINAL	MP05	1	1132	model.layers.31.self_attn	DECODE	ATTENTION	6	27552	27552	0	170180451	0.00016189873653584336	407460402	3495
ORDINAL	MP05	1	1133	model.layers.31.mlp.gate_up_proj	DECODE	GATE_UP_PROJECTION	1	38784	38784	0	170180451	0.00022789926676125685	407460402	3495
ORDINAL	MP05	1	1134	model.layers.31.mlp.act_fn	DECODE	ACTIVATION	1	2400	2400	0	170180451	1.4102677398592628e-05	407460402	3495
ORDINAL	MP05	1	1135	model.layers.31.mlp.down_proj	DECODE	DOWN_PROJECTION	1	20512	20512	0	170180451	0.00012053088283330498	407460402	3495
ORDINAL	MP05	1	1136	model.layers.32.self_attn	DECODE	ATTENTION	6	27487	27487	0	170180451	0.0001615167890229648	407460402	3495
ORDINAL	MP05	1	1137	model.layers.32.mlp.gate_up_proj	DECODE	GATE_UP_PROJECTION	1	38880	38880	0	170180451	0.00022846337385720055	407460402	3495
ORDINAL	MP05	1	1138	model.layers.32.mlp.act_fn	DECODE	ACTIVATION	1	2400	2400	0	170180451	1.4102677398592628e-05	407460402	3495
ORDINAL	MP05	1	1139	model.layers.32.mlp.down_proj	DECODE	DOWN_PROJECTION	1	20576	20576	0	170180451	0.00012090695423060078	407460402	3495
ORDINAL	MP05	1	1140	model.layers.33.self_attn	DECODE	ATTENTION	6	27456	27456	0	170180451	0.00016133462943989965	407460402	3495
ORDINAL	MP05	1	1141	model.layers.33.mlp.gate_up_proj	DECODE	GATE_UP_PROJECTION	1	38880	38880	0	170180451	0.00022846337385720055	407460402	3495
ORDINAL	MP05	1	1142	model.layers.33.mlp.act_fn	DECODE	ACTIVATION	1	2400	2400	0	170180451	1.4102677398592628e-05	407460402	3495
ORDINAL	MP05	1	1143	model.layers.33.mlp.down_proj	DECODE	DOWN_PROJECTION	1	20512	20512	0	170180451	0.00012053088283330498	407460402	3495
ORDINAL	MP05	1	1144	model.layers.34.self_attn	DECODE	ATTENTION	6	27264	27264	0	170180451	0.00016020641524801225	407460402	3495
ORDINAL	MP05	1	1145	model.layers.34.mlp.gate_up_proj	DECODE	GATE_UP_PROJECTION	1	39328	39328	0	170180451	0.0002310958736382712	407460402	3495
ORDINAL	MP05	1	1146	model.layers.34.mlp.act_fn	DECODE	ACTIVATION	1	2400	2400	0	170180451	1.4102677398592628e-05	407460402	3495
ORDINAL	MP05	1	1147	model.layers.34.mlp.down_proj	DECODE	DOWN_PROJECTION	1	20544	20544	0	170180451	0.00012071891853195288	407460402	3495
ORDINAL	MP05	1	1148	model.layers.35.self_attn	DECODE	ATTENTION	6	27552	27552	0	170180451	0.00016189873653584336	407460402	3495
ORDINAL	MP05	1	1149	model.layers.35.mlp.gate_up_proj	DECODE	GATE_UP_PROJECTION	1	38944	38944	0	170180451	0.00022883944525449635	407460402	3495
ORDINAL	MP05	1	1150	model.layers.35.mlp.act_fn	DECODE	ACTIVATION	1	2400	2400	0	170180451	1.4102677398592628e-05	407460402	3495
ORDINAL	MP05	1	1151	model.layers.35.mlp.down_proj	DECODE	DOWN_PROJECTION	1	20576	20576	0	170180451	0.00012090695423060078	407460402	3495
ORDINAL	MP05	1	1152	model.layers.0.self_attn	DECODE	ATTENTION	6	27840	27840	0	170180451	0.00016359105782367446	407460402	3495
ORDINAL	MP05	1	1153	model.layers.0.mlp.gate_up_proj	DECODE	GATE_UP_PROJECTION	1	38943	38943	0	170180451	0.0002288335691389136	407460402	3495
ORDINAL	MP05	1	1154	model.layers.0.mlp.act_fn	DECODE	ACTIVATION	1	2368	2368	0	170180451	1.3914641699944725e-05	407460402	3495
ORDINAL	MP05	1	1155	model.layers.0.mlp.down_proj	DECODE	DOWN_PROJECTION	1	20384	20384	0	170180451	0.00011977874003871338	407460402	3495
ORDINAL	MP05	1	1156	model.layers.1.self_attn	DECODE	ATTENTION	6	27744	27744	0	170180451	0.00016302695072773076	407460402	3495
ORDINAL	MP05	1	1157	model.layers.1.mlp.gate_up_proj	DECODE	GATE_UP_PROJECTION	1	40224	40224	0	170180451	0.00023636087320041242	407460402	3495
ORDINAL	MP05	1	1158	model.layers.1.mlp.act_fn	DECODE	ACTIVATION	1	2400	2400	0	170180451	1.4102677398592628e-05	407460402	3495
ORDINAL	MP05	1	1159	model.layers.1.mlp.down_proj	DECODE	DOWN_PROJECTION	1	20832	20832	0	170180451	0.000122411239819784	407460402	3495
ORDINAL	MP05	1	1160	model.layers.2.self_attn	DECODE	ATTENTION	6	27456	27456	0	170180451	0.00016133462943989965	407460402	3495
ORDINAL	MP05	1	1161	model.layers.2.mlp.gate_up_proj	DECODE	GATE_UP_PROJECTION	1	38752	38752	0	170180451	0.00022771123106260895	407460402	3495
ORDINAL	MP05	1	1162	model.layers.2.mlp.act_fn	DECODE	ACTIVATION	1	2400	2400	0	170180451	1.4102677398592628e-05	407460402	3495
ORDINAL	MP05	1	1163	model.layers.2.mlp.down_proj	DECODE	DOWN_PROJECTION	1	20480	20480	0	170180451	0.00012034284713465708	407460402	3495
ORDINAL	MP05	1	1164	model.layers.3.self_attn	DECODE	ATTENTION	6	27552	27552	0	170180451	0.00016189873653584336	407460402	3495
ORDINAL	MP05	1	1165	model.layers.3.mlp.gate_up_proj	DECODE	GATE_UP_PROJECTION	1	39296	39296	0	170180451	0.00023090783793962326	407460402	3495
ORDINAL	MP05	1	1166	model.layers.3.mlp.act_fn	DECODE	ACTIVATION	1	2400	2400	0	170180451	1.4102677398592628e-05	407460402	3495
ORDINAL	MP05	1	1167	model.layers.3.mlp.down_proj	DECODE	DOWN_PROJECTION	1	20512	20512	0	170180451	0.00012053088283330498	407460402	3495
ORDINAL	MP05	1	1168	model.layers.4.self_attn	DECODE	ATTENTION	6	27712	27712	0	170180451	0.00016283891502908286	407460402	3495
ORDINAL	MP05	1	1169	model.layers.4.mlp.gate_up_proj	DECODE	GATE_UP_PROJECTION	1	38912	38912	0	170180451	0.00022865140955584845	407460402	3495
ORDINAL	MP05	1	1170	model.layers.4.mlp.act_fn	DECODE	ACTIVATION	1	2400	2400	0	170180451	1.4102677398592628e-05	407460402	3495
ORDINAL	MP05	1	1171	model.layers.4.mlp.down_proj	DECODE	DOWN_PROJECTION	1	20576	20576	0	170180451	0.00012090695423060078	407460402	3495
ORDINAL	MP05	1	1172	model.layers.5.self_attn	DECODE	ATTENTION	6	27488	27488	0	170180451	0.00016152266513854755	407460402	3495
ORDINAL	MP05	1	1173	model.layers.5.mlp.gate_up_proj	DECODE	GATE_UP_PROJECTION	1	39136	39136	0	170180451	0.00022996765944638376	407460402	3495
ORDINAL	MP05	1	1174	model.layers.5.mlp.act_fn	DECODE	ACTIVATION	1	2400	2400	0	170180451	1.4102677398592628e-05	407460402	3495
ORDINAL	MP05	1	1175	model.layers.5.mlp.down_proj	DECODE	DOWN_PROJECTION	1	20704	20704	0	170180451	0.0001216590970251924	407460402	3495
ORDINAL	MP05	1	1176	model.layers.6.self_attn	DECODE	ATTENTION	6	27712	27712	0	170180451	0.00016283891502908286	407460402	3495
ORDINAL	MP05	1	1177	model.layers.6.mlp.gate_up_proj	DECODE	GATE_UP_PROJECTION	1	38688	38688	0	170180451	0.00022733515966531315	407460402	3495
ORDINAL	MP05	1	1178	model.layers.6.mlp.act_fn	DECODE	ACTIVATION	1	2400	2400	0	170180451	1.4102677398592628e-05	407460402	3495
ORDINAL	MP05	1	1179	model.layers.6.mlp.down_proj	DECODE	DOWN_PROJECTION	1	20480	20480	0	170180451	0.00012034284713465708	407460402	3495
ORDINAL	MP05	1	1180	model.layers.7.self_attn	DECODE	ATTENTION	6	27680	27680	0	170180451	0.00016265087933043496	407460402	3495
ORDINAL	MP05	1	1181	model.layers.7.mlp.gate_up_proj	DECODE	GATE_UP_PROJECTION	1	39328	39328	0	170180451	0.0002310958736382712	407460402	3495
ORDINAL	MP05	1	1182	model.layers.7.mlp.act_fn	DECODE	ACTIVATION	1	2400	2400	0	170180451	1.4102677398592628e-05	407460402	3495
ORDINAL	MP05	1	1183	model.layers.7.mlp.down_proj	DECODE	DOWN_PROJECTION	1	20544	20544	0	170180451	0.00012071891853195288	407460402	3495
ORDINAL	MP05	1	1184	model.layers.8.self_attn	DECODE	ATTENTION	6	27488	27488	0	170180451	0.00016152266513854755	407460402	3495
ORDINAL	MP05	1	1185	model.layers.8.mlp.gate_up_proj	DECODE	GATE_UP_PROJECTION	1	38880	38880	0	170180451	0.00022846337385720055	407460402	3495
ORDINAL	MP05	1	1186	model.layers.8.mlp.act_fn	DECODE	ACTIVATION	1	2368	2368	0	170180451	1.3914641699944725e-05	407460402	3495
ORDINAL	MP05	1	1187	model.layers.8.mlp.down_proj	DECODE	DOWN_PROJECTION	1	20448	20448	0	170180451	0.00012015481143600918	407460402	3495
ORDINAL	MP05	1	1188	model.layers.9.self_attn	DECODE	ATTENTION	6	27808	27808	0	170180451	0.00016340302212502656	407460402	3495
ORDINAL	MP05	1	1189	model.layers.9.mlp.gate_up_proj	DECODE	GATE_UP_PROJECTION	1	38944	38944	0	170180451	0.00022883944525449635	407460402	3495
ORDINAL	MP05	1	1190	model.layers.9.mlp.act_fn	DECODE	ACTIVATION	1	2400	2400	0	170180451	1.4102677398592628e-05	407460402	3495
ORDINAL	MP05	1	1191	model.layers.9.mlp.down_proj	DECODE	DOWN_PROJECTION	1	20480	20480	0	170180451	0.00012034284713465708	407460402	3495
ORDINAL	MP05	1	1192	model.layers.10.self_attn	DECODE	ATTENTION	6	27584	27584	0	170180451	0.00016208677223449126	407460402	3495
ORDINAL	MP05	1	1193	model.layers.10.mlp.gate_up_proj	DECODE	GATE_UP_PROJECTION	1	39744	39744	0	170180451	0.0002335403377206939	407460402	3495
ORDINAL	MP05	1	1194	model.layers.10.mlp.act_fn	DECODE	ACTIVATION	1	2400	2400	0	170180451	1.4102677398592628e-05	407460402	3495
ORDINAL	MP05	1	1195	model.layers.10.mlp.down_proj	DECODE	DOWN_PROJECTION	1	20448	20448	0	170180451	0.00012015481143600918	407460402	3495
ORDINAL	MP05	1	1196	model.layers.11.self_attn	DECODE	ATTENTION	6	27712	27712	0	170180451	0.00016283891502908286	407460402	3495
ORDINAL	MP05	1	1197	model.layers.11.mlp.gate_up_proj	DECODE	GATE_UP_PROJECTION	1	39136	39136	0	170180451	0.00022996765944638376	407460402	3495
ORDINAL	MP05	1	1198	model.layers.11.mlp.act_fn	DECODE	ACTIVATION	1	2400	2400	0	170180451	1.4102677398592628e-05	407460402	3495
ORDINAL	MP05	1	1199	model.layers.11.mlp.down_proj	DECODE	DOWN_PROJECTION	1	20576	20576	0	170180451	0.00012090695423060078	407460402	3495
ORDINAL	MP05	1	1200	model.layers.12.self_attn	DECODE	ATTENTION	6	27680	27680	0	170180451	0.00016265087933043496	407460402	3495
ORDINAL	MP05	1	1201	model.layers.12.mlp.gate_up_proj	DECODE	GATE_UP_PROJECTION	1	38976	38976	0	170180451	0.00022902748095314426	407460402	3495
ORDINAL	MP05	1	1202	model.layers.12.mlp.act_fn	DECODE	ACTIVATION	1	2368	2368	0	170180451	1.3914641699944725e-05	407460402	3495
ORDINAL	MP05	1	1203	model.layers.12.mlp.down_proj	DECODE	DOWN_PROJECTION	1	20672	20672	0	170180451	0.00012147106132654449	407460402	3495
ORDINAL	MP05	1	1204	model.layers.13.self_attn	DECODE	ATTENTION	6	27616	27616	0	170180451	0.00016227480793313916	407460402	3495
ORDINAL	MP05	1	1205	model.layers.13.mlp.gate_up_proj	DECODE	GATE_UP_PROJECTION	1	38816	38816	0	170180451	0.00022808730245990475	407460402	3495
ORDINAL	MP05	1	1206	model.layers.13.mlp.act_fn	DECODE	ACTIVATION	1	2368	2368	0	170180451	1.3914641699944725e-05	407460402	3495
ORDINAL	MP05	1	1207	model.layers.13.mlp.down_proj	DECODE	DOWN_PROJECTION	1	20576	20576	0	170180451	0.00012090695423060078	407460402	3495
ORDINAL	MP05	1	1208	model.layers.14.self_attn	DECODE	ATTENTION	6	27648	27648	0	170180451	0.00016246284363178706	407460402	3495
ORDINAL	MP05	1	1209	model.layers.14.mlp.gate_up_proj	DECODE	GATE_UP_PROJECTION	1	38880	38880	0	170180451	0.00022846337385720055	407460402	3495
ORDINAL	MP05	1	1210	model.layers.14.mlp.act_fn	DECODE	ACTIVATION	1	2368	2368	0	170180451	1.3914641699944725e-05	407460402	3495
ORDINAL	MP05	1	1211	model.layers.14.mlp.down_proj	DECODE	DOWN_PROJECTION	1	20480	20480	0	170180451	0.00012034284713465708	407460402	3495
ORDINAL	MP05	1	1212	model.layers.15.self_attn	DECODE	ATTENTION	6	27712	27712	0	170180451	0.00016283891502908286	407460402	3495
ORDINAL	MP05	1	1213	model.layers.15.mlp.gate_up_proj	DECODE	GATE_UP_PROJECTION	1	39104	39104	0	170180451	0.00022977962374773586	407460402	3495
ORDINAL	MP05	1	1214	model.layers.15.mlp.act_fn	DECODE	ACTIVATION	1	2368	2368	0	170180451	1.3914641699944725e-05	407460402	3495
ORDINAL	MP05	1	1215	model.layers.15.mlp.down_proj	DECODE	DOWN_PROJECTION	1	20480	20480	0	170180451	0.00012034284713465708	407460402	3495
ORDINAL	MP05	1	1216	model.layers.16.self_attn	DECODE	ATTENTION	6	27680	27680	0	170180451	0.00016265087933043496	407460402	3495
ORDINAL	MP05	1	1217	model.layers.16.mlp.gate_up_proj	DECODE	GATE_UP_PROJECTION	1	38816	38816	0	170180451	0.00022808730245990475	407460402	3495
ORDINAL	MP05	1	1218	model.layers.16.mlp.act_fn	DECODE	ACTIVATION	1	2368	2368	0	170180451	1.3914641699944725e-05	407460402	3495
ORDINAL	MP05	1	1219	model.layers.16.mlp.down_proj	DECODE	DOWN_PROJECTION	1	20544	20544	0	170180451	0.00012071891853195288	407460402	3495
ORDINAL	MP05	1	1220	model.layers.17.self_attn	DECODE	ATTENTION	6	27296	27296	0	170180451	0.00016039445094666015	407460402	3495
ORDINAL	MP05	1	1221	model.layers.17.mlp.gate_up_proj	DECODE	GATE_UP_PROJECTION	1	39232	39232	0	170180451	0.00023053176654232746	407460402	3495
ORDINAL	MP05	1	1222	model.layers.17.mlp.act_fn	DECODE	ACTIVATION	1	2400	2400	0	170180451	1.4102677398592628e-05	407460402	3495
ORDINAL	MP05	1	1223	model.layers.17.mlp.down_proj	DECODE	DOWN_PROJECTION	1	20576	20576	0	170180451	0.00012090695423060078	407460402	3495
ORDINAL	MP05	1	1224	model.layers.18.self_attn	DECODE	ATTENTION	6	27808	27808	0	170180451	0.00016340302212502656	407460402	3495
ORDINAL	MP05	1	1225	model.layers.18.mlp.gate_up_proj	DECODE	GATE_UP_PROJECTION	1	38976	38976	0	170180451	0.00022902748095314426	407460402	3495
ORDINAL	MP05	1	1226	model.layers.18.mlp.act_fn	DECODE	ACTIVATION	1	2432	2432	0	170180451	1.4290713097240528e-05	407460402	3495
ORDINAL	MP05	1	1227	model.layers.18.mlp.down_proj	DECODE	DOWN_PROJECTION	1	20608	20608	0	170180451	0.00012109498992924868	407460402	3495
ORDINAL	MP05	1	1228	model.layers.19.self_attn	DECODE	ATTENTION	6	27680	27680	0	170180451	0.00016265087933043496	407460402	3495
ORDINAL	MP05	1	1229	model.layers.19.mlp.gate_up_proj	DECODE	GATE_UP_PROJECTION	1	38816	38816	0	170180451	0.00022808730245990475	407460402	3495
ORDINAL	MP05	1	1230	model.layers.19.mlp.act_fn	DECODE	ACTIVATION	1	2400	2400	0	170180451	1.4102677398592628e-05	407460402	3495
ORDINAL	MP05	1	1231	model.layers.19.mlp.down_proj	DECODE	DOWN_PROJECTION	1	20480	20480	0	170180451	0.00012034284713465708	407460402	3495
ORDINAL	MP05	1	1232	model.layers.20.self_attn	DECODE	ATTENTION	6	27680	27680	0	170180451	0.00016265087933043496	407460402	3495
ORDINAL	MP05	1	1233	model.layers.20.mlp.gate_up_proj	DECODE	GATE_UP_PROJECTION	1	39264	39264	0	170180451	0.00023071980224097536	407460402	3495
ORDINAL	MP05	1	1234	model.layers.20.mlp.act_fn	DECODE	ACTIVATION	1	2368	2368	0	170180451	1.3914641699944725e-05	407460402	3495
ORDINAL	MP05	1	1235	model.layers.20.mlp.down_proj	DECODE	DOWN_PROJECTION	1	20608	20608	0	170180451	0.00012109498992924868	407460402	3495
ORDINAL	MP05	1	1236	model.layers.21.self_attn	DECODE	ATTENTION	6	27872	27872	0	170180451	0.00016377909352232236	407460402	3495
ORDINAL	MP05	1	1237	model.layers.21.mlp.gate_up_proj	DECODE	GATE_UP_PROJECTION	1	39200	39200	0	170180451	0.00023034373084367956	407460402	3495
ORDINAL	MP05	1	1238	model.layers.21.mlp.act_fn	DECODE	ACTIVATION	1	2368	2368	0	170180451	1.3914641699944725e-05	407460402	3495
ORDINAL	MP05	1	1239	model.layers.21.mlp.down_proj	DECODE	DOWN_PROJECTION	1	20544	20544	0	170180451	0.00012071891853195288	407460402	3495
ORDINAL	MP05	1	1240	model.layers.22.self_attn	DECODE	ATTENTION	6	27616	27616	0	170180451	0.00016227480793313916	407460402	3495
ORDINAL	MP05	1	1241	model.layers.22.mlp.gate_up_proj	DECODE	GATE_UP_PROJECTION	1	39040	39040	0	170180451	0.00022940355235044006	407460402	3495
ORDINAL	MP05	1	1242	model.layers.22.mlp.act_fn	DECODE	ACTIVATION	1	2400	2400	0	170180451	1.4102677398592628e-05	407460402	3495
ORDINAL	MP05	1	1243	model.layers.22.mlp.down_proj	DECODE	DOWN_PROJECTION	1	20448	20448	0	170180451	0.00012015481143600918	407460402	3495
ORDINAL	MP05	1	1244	model.layers.23.self_attn	DECODE	ATTENTION	6	27520	27520	0	170180451	0.00016171070083719546	407460402	3495
ORDINAL	MP05	1	1245	model.layers.23.mlp.gate_up_proj	DECODE	GATE_UP_PROJECTION	1	39328	39328	0	170180451	0.0002310958736382712	407460402	3495
ORDINAL	MP05	1	1246	model.layers.23.mlp.act_fn	DECODE	ACTIVATION	1	2368	2368	0	170180451	1.3914641699944725e-05	407460402	3495
ORDINAL	MP05	1	1247	model.layers.23.mlp.down_proj	DECODE	DOWN_PROJECTION	1	20288	20288	0	170180451	0.00011921463294276968	407460402	3495
ORDINAL	MP05	1	1248	model.layers.24.self_attn	DECODE	ATTENTION	6	27584	27584	0	170180451	0.00016208677223449126	407460402	3495
ORDINAL	MP05	1	1249	model.layers.24.mlp.gate_up_proj	DECODE	GATE_UP_PROJECTION	1	39360	39360	0	170180451	0.0002312839093369191	407460402	3495
ORDINAL	MP05	1	1250	model.layers.24.mlp.act_fn	DECODE	ACTIVATION	1	2368	2368	0	170180451	1.3914641699944725e-05	407460402	3495
ORDINAL	MP05	1	1251	model.layers.24.mlp.down_proj	DECODE	DOWN_PROJECTION	1	20448	20448	0	170180451	0.00012015481143600918	407460402	3495
ORDINAL	MP05	1	1252	model.layers.25.self_attn	DECODE	ATTENTION	6	27520	27520	0	170180451	0.00016171070083719546	407460402	3495
ORDINAL	MP05	1	1253	model.layers.25.mlp.gate_up_proj	DECODE	GATE_UP_PROJECTION	1	39072	39072	0	170180451	0.00022959158804908796	407460402	3495
ORDINAL	MP05	1	1254	model.layers.25.mlp.act_fn	DECODE	ACTIVATION	1	2368	2368	0	170180451	1.3914641699944725e-05	407460402	3495
ORDINAL	MP05	1	1255	model.layers.25.mlp.down_proj	DECODE	DOWN_PROJECTION	1	20512	20512	0	170180451	0.00012053088283330498	407460402	3495
ORDINAL	MP05	1	1256	model.layers.26.self_attn	DECODE	ATTENTION	6	27648	27648	0	170180451	0.00016246284363178706	407460402	3495
ORDINAL	MP05	1	1257	model.layers.26.mlp.gate_up_proj	DECODE	GATE_UP_PROJECTION	1	39391	39391	0	170180451	0.00023146606891998424	407460402	3495
ORDINAL	MP05	1	1258	model.layers.26.mlp.act_fn	DECODE	ACTIVATION	1	2368	2368	0	170180451	1.3914641699944725e-05	407460402	3495
ORDINAL	MP05	1	1259	model.layers.26.mlp.down_proj	DECODE	DOWN_PROJECTION	1	20576	20576	0	170180451	0.00012090695423060078	407460402	3495
ORDINAL	MP05	1	1260	model.layers.27.self_attn	DECODE	ATTENTION	6	27872	27872	0	170180451	0.00016377909352232236	407460402	3495
ORDINAL	MP05	1	1261	model.layers.27.mlp.gate_up_proj	DECODE	GATE_UP_PROJECTION	1	38752	38752	0	170180451	0.00022771123106260895	407460402	3495
ORDINAL	MP05	1	1262	model.layers.27.mlp.act_fn	DECODE	ACTIVATION	1	2400	2400	0	170180451	1.4102677398592628e-05	407460402	3495
ORDINAL	MP05	1	1263	model.layers.27.mlp.down_proj	DECODE	DOWN_PROJECTION	1	20800	20800	0	170180451	0.0001222232041211361	407460402	3495
ORDINAL	MP05	1	1264	model.layers.28.self_attn	DECODE	ATTENTION	6	27680	27680	0	170180451	0.00016265087933043496	407460402	3495
ORDINAL	MP05	1	1265	model.layers.28.mlp.gate_up_proj	DECODE	GATE_UP_PROJECTION	1	38688	38688	0	170180451	0.00022733515966531315	407460402	3495
ORDINAL	MP05	1	1266	model.layers.28.mlp.act_fn	DECODE	ACTIVATION	1	2400	2400	0	170180451	1.4102677398592628e-05	407460402	3495
ORDINAL	MP05	1	1267	model.layers.28.mlp.down_proj	DECODE	DOWN_PROJECTION	1	20864	20864	0	170180451	0.0001225992755184319	407460402	3495
ORDINAL	MP05	1	1268	model.layers.29.self_attn	DECODE	ATTENTION	6	27872	27872	0	170180451	0.00016377909352232236	407460402	3495
ORDINAL	MP05	1	1269	model.layers.29.mlp.gate_up_proj	DECODE	GATE_UP_PROJECTION	1	39007	39007	0	170180451	0.0002292096405362094	407460402	3495
ORDINAL	MP05	1	1270	model.layers.29.mlp.act_fn	DECODE	ACTIVATION	1	2368	2368	0	170180451	1.3914641699944725e-05	407460402	3495
ORDINAL	MP05	1	1271	model.layers.29.mlp.down_proj	DECODE	DOWN_PROJECTION	1	20512	20512	0	170180451	0.00012053088283330498	407460402	3495
ORDINAL	MP05	1	1272	model.layers.30.self_attn	DECODE	ATTENTION	6	27712	27712	0	170180451	0.00016283891502908286	407460402	3495
ORDINAL	MP05	1	1273	model.layers.30.mlp.gate_up_proj	DECODE	GATE_UP_PROJECTION	1	38752	38752	0	170180451	0.00022771123106260895	407460402	3495
ORDINAL	MP05	1	1274	model.layers.30.mlp.act_fn	DECODE	ACTIVATION	1	2368	2368	0	170180451	1.3914641699944725e-05	407460402	3495
ORDINAL	MP05	1	1275	model.layers.30.mlp.down_proj	DECODE	DOWN_PROJECTION	1	20608	20608	0	170180451	0.00012109498992924868	407460402	3495
ORDINAL	MP05	1	1276	model.layers.31.self_attn	DECODE	ATTENTION	6	27552	27552	0	170180451	0.00016189873653584336	407460402	3495
ORDINAL	MP05	1	1277	model.layers.31.mlp.gate_up_proj	DECODE	GATE_UP_PROJECTION	1	38880	38880	0	170180451	0.00022846337385720055	407460402	3495
ORDINAL	MP05	1	1278	model.layers.31.mlp.act_fn	DECODE	ACTIVATION	1	2368	2368	0	170180451	1.3914641699944725e-05	407460402	3495
ORDINAL	MP05	1	1279	model.layers.31.mlp.down_proj	DECODE	DOWN_PROJECTION	1	20608	20608	0	170180451	0.00012109498992924868	407460402	3495
ORDINAL	MP05	1	1280	model.layers.32.self_attn	DECODE	ATTENTION	6	27552	27552	0	170180451	0.00016189873653584336	407460402	3495
ORDINAL	MP05	1	1281	model.layers.32.mlp.gate_up_proj	DECODE	GATE_UP_PROJECTION	1	38943	38943	0	170180451	0.0002288335691389136	407460402	3495
ORDINAL	MP05	1	1282	model.layers.32.mlp.act_fn	DECODE	ACTIVATION	1	2368	2368	0	170180451	1.3914641699944725e-05	407460402	3495
ORDINAL	MP05	1	1283	model.layers.32.mlp.down_proj	DECODE	DOWN_PROJECTION	1	20416	20416	0	170180451	0.00011996677573736128	407460402	3495
ORDINAL	MP05	1	1284	model.layers.33.self_attn	DECODE	ATTENTION	6	27648	27648	0	170180451	0.00016246284363178706	407460402	3495
ORDINAL	MP05	1	1285	model.layers.33.mlp.gate_up_proj	DECODE	GATE_UP_PROJECTION	1	38400	38400	0	170180451	0.00022564283837748204	407460402	3495
ORDINAL	MP05	1	1286	model.layers.33.mlp.act_fn	DECODE	ACTIVATION	1	2400	2400	0	170180451	1.4102677398592628e-05	407460402	3495
ORDINAL	MP05	1	1287	model.layers.33.mlp.down_proj	DECODE	DOWN_PROJECTION	1	20608	20608	0	170180451	0.00012109498992924868	407460402	3495
ORDINAL	MP05	1	1288	model.layers.34.self_attn	DECODE	ATTENTION	6	27552	27552	0	170180451	0.00016189873653584336	407460402	3495
ORDINAL	MP05	1	1289	model.layers.34.mlp.gate_up_proj	DECODE	GATE_UP_PROJECTION	1	38592	38592	0	170180451	0.00022677105256936945	407460402	3495
ORDINAL	MP05	1	1290	model.layers.34.mlp.act_fn	DECODE	ACTIVATION	1	2368	2368	0	170180451	1.3914641699944725e-05	407460402	3495
ORDINAL	MP05	1	1291	model.layers.34.mlp.down_proj	DECODE	DOWN_PROJECTION	1	20512	20512	0	170180451	0.00012053088283330498	407460402	3495
ORDINAL	MP05	1	1292	model.layers.35.self_attn	DECODE	ATTENTION	6	27424	27424	0	170180451	0.00016114659374125175	407460402	3495
ORDINAL	MP05	1	1293	model.layers.35.mlp.gate_up_proj	DECODE	GATE_UP_PROJECTION	1	39039	39039	0	170180451	0.0002293976762348573	407460402	3495
ORDINAL	MP05	1	1294	model.layers.35.mlp.act_fn	DECODE	ACTIVATION	1	2400	2400	0	170180451	1.4102677398592628e-05	407460402	3495
ORDINAL	MP05	1	1295	model.layers.35.mlp.down_proj	DECODE	DOWN_PROJECTION	1	20608	20608	0	170180451	0.00012109498992924868	407460402	3495
ORDINAL	MP05	1	1296	model.layers.0.self_attn	DECODE	ATTENTION	6	27936	27936	0	170180451	0.00016415516491961817	407460402	3495
ORDINAL	MP05	1	1297	model.layers.0.mlp.gate_up_proj	DECODE	GATE_UP_PROJECTION	1	38816	38816	0	170180451	0.00022808730245990475	407460402	3495
ORDINAL	MP05	1	1298	model.layers.0.mlp.act_fn	DECODE	ACTIVATION	1	2400	2400	0	170180451	1.4102677398592628e-05	407460402	3495
ORDINAL	MP05	1	1299	model.layers.0.mlp.down_proj	DECODE	DOWN_PROJECTION	1	20416	20416	0	170180451	0.00011996677573736128	407460402	3495
ORDINAL	MP05	1	1300	model.layers.1.self_attn	DECODE	ATTENTION	6	27552	27552	0	170180451	0.00016189873653584336	407460402	3495
ORDINAL	MP05	1	1301	model.layers.1.mlp.gate_up_proj	DECODE	GATE_UP_PROJECTION	1	40192	40192	0	170180451	0.00023617283750176451	407460402	3495
ORDINAL	MP05	1	1302	model.layers.1.mlp.act_fn	DECODE	ACTIVATION	1	2400	2400	0	170180451	1.4102677398592628e-05	407460402	3495
ORDINAL	MP05	1	1303	model.layers.1.mlp.down_proj	DECODE	DOWN_PROJECTION	1	20992	20992	0	170180451	0.00012335141831302352	407460402	3495
ORDINAL	MP05	1	1304	model.layers.2.self_attn	DECODE	ATTENTION	6	27616	27616	0	170180451	0.00016227480793313916	407460402	3495
ORDINAL	MP05	1	1305	model.layers.2.mlp.gate_up_proj	DECODE	GATE_UP_PROJECTION	1	38816	38816	0	170180451	0.00022808730245990475	407460402	3495
ORDINAL	MP05	1	1306	model.layers.2.mlp.act_fn	DECODE	ACTIVATION	1	2368	2368	0	170180451	1.3914641699944725e-05	407460402	3495
ORDINAL	MP05	1	1307	model.layers.2.mlp.down_proj	DECODE	DOWN_PROJECTION	1	20416	20416	0	170180451	0.00011996677573736128	407460402	3495
ORDINAL	MP05	1	1308	model.layers.3.self_attn	DECODE	ATTENTION	6	27424	27424	0	170180451	0.00016114659374125175	407460402	3495
ORDINAL	MP05	1	1309	model.layers.3.mlp.gate_up_proj	DECODE	GATE_UP_PROJECTION	1	38880	38880	0	170180451	0.00022846337385720055	407460402	3495
ORDINAL	MP05	1	1310	model.layers.3.mlp.act_fn	DECODE	ACTIVATION	1	2400	2400	0	170180451	1.4102677398592628e-05	407460402	3495
ORDINAL	MP05	1	1311	model.layers.3.mlp.down_proj	DECODE	DOWN_PROJECTION	1	20608	20608	0	170180451	0.00012109498992924868	407460402	3495
ORDINAL	MP05	1	1312	model.layers.4.self_attn	DECODE	ATTENTION	6	27296	27296	0	170180451	0.00016039445094666015	407460402	3495
ORDINAL	MP05	1	1313	model.layers.4.mlp.gate_up_proj	DECODE	GATE_UP_PROJECTION	1	38720	38720	0	170180451	0.00022752319536396105	407460402	3495
ORDINAL	MP05	1	1314	model.layers.4.mlp.act_fn	DECODE	ACTIVATION	1	2400	2400	0	170180451	1.4102677398592628e-05	407460402	3495
ORDINAL	MP05	1	1315	model.layers.4.mlp.down_proj	DECODE	DOWN_PROJECTION	1	20576	20576	0	170180451	0.00012090695423060078	407460402	3495
ORDINAL	MP05	1	1316	model.layers.5.self_attn	DECODE	ATTENTION	6	27744	27744	0	170180451	0.00016302695072773076	407460402	3495
ORDINAL	MP05	1	1317	model.layers.5.mlp.gate_up_proj	DECODE	GATE_UP_PROJECTION	1	39104	39104	0	170180451	0.00022977962374773586	407460402	3495
ORDINAL	MP05	1	1318	model.layers.5.mlp.act_fn	DECODE	ACTIVATION	1	2400	2400	0	170180451	1.4102677398592628e-05	407460402	3495
ORDINAL	MP05	1	1319	model.layers.5.mlp.down_proj	DECODE	DOWN_PROJECTION	1	20416	20416	0	170180451	0.00011996677573736128	407460402	3495
ORDINAL	MP05	1	1320	model.layers.6.self_attn	DECODE	ATTENTION	6	27360	27360	0	170180451	0.00016077052234395595	407460402	3495
ORDINAL	MP05	1	1321	model.layers.6.mlp.gate_up_proj	DECODE	GATE_UP_PROJECTION	1	39040	39040	0	170180451	0.00022940355235044006	407460402	3495
ORDINAL	MP05	1	1322	model.layers.6.mlp.act_fn	DECODE	ACTIVATION	1	2432	2432	0	170180451	1.4290713097240528e-05	407460402	3495
ORDINAL	MP05	1	1323	model.layers.6.mlp.down_proj	DECODE	DOWN_PROJECTION	1	20576	20576	0	170180451	0.00012090695423060078	407460402	3495
ORDINAL	MP05	1	1324	model.layers.7.self_attn	DECODE	ATTENTION	6	27520	27520	0	170180451	0.00016171070083719546	407460402	3495
ORDINAL	MP05	1	1325	model.layers.7.mlp.gate_up_proj	DECODE	GATE_UP_PROJECTION	1	39424	39424	0	170180451	0.0002316599807342149	407460402	3495
ORDINAL	MP05	1	1326	model.layers.7.mlp.act_fn	DECODE	ACTIVATION	1	2400	2400	0	170180451	1.4102677398592628e-05	407460402	3495
ORDINAL	MP05	1	1327	model.layers.7.mlp.down_proj	DECODE	DOWN_PROJECTION	1	20544	20544	0	170180451	0.00012071891853195288	407460402	3495
ORDINAL	MP05	1	1328	model.layers.8.self_attn	DECODE	ATTENTION	6	27328	27328	0	170180451	0.00016058248664530805	407460402	3495
ORDINAL	MP05	1	1329	model.layers.8.mlp.gate_up_proj	DECODE	GATE_UP_PROJECTION	1	38912	38912	0	170180451	0.00022865140955584845	407460402	3495
ORDINAL	MP05	1	1330	model.layers.8.mlp.act_fn	DECODE	ACTIVATION	1	2368	2368	0	170180451	1.3914641699944725e-05	407460402	3495
ORDINAL	MP05	1	1331	model.layers.8.mlp.down_proj	DECODE	DOWN_PROJECTION	1	20608	20608	0	170180451	0.00012109498992924868	407460402	3495
ORDINAL	MP05	1	1332	model.layers.9.self_attn	DECODE	ATTENTION	6	27808	27808	0	170180451	0.00016340302212502656	407460402	3495
ORDINAL	MP05	1	1333	model.layers.9.mlp.gate_up_proj	DECODE	GATE_UP_PROJECTION	1	38528	38528	0	170180451	0.00022639498117207364	407460402	3495
ORDINAL	MP05	1	1334	model.layers.9.mlp.act_fn	DECODE	ACTIVATION	1	2432	2432	0	170180451	1.4290713097240528e-05	407460402	3495
ORDINAL	MP05	1	1335	model.layers.9.mlp.down_proj	DECODE	DOWN_PROJECTION	1	20832	20832	0	170180451	0.000122411239819784	407460402	3495
ORDINAL	MP05	1	1336	model.layers.10.self_attn	DECODE	ATTENTION	6	27583	27583	0	170180451	0.0001620808961189085	407460402	3495
ORDINAL	MP05	1	1337	model.layers.10.mlp.gate_up_proj	DECODE	GATE_UP_PROJECTION	1	39584	39584	0	170180451	0.0002326001592274544	407460402	3495
ORDINAL	MP05	1	1338	model.layers.10.mlp.act_fn	DECODE	ACTIVATION	1	2432	2432	0	170180451	1.4290713097240528e-05	407460402	3495
ORDINAL	MP05	1	1339	model.layers.10.mlp.down_proj	DECODE	DOWN_PROJECTION	1	20576	20576	0	170180451	0.00012090695423060078	407460402	3495
ORDINAL	MP05	1	1340	model.layers.11.self_attn	DECODE	ATTENTION	6	27712	27712	0	170180451	0.00016283891502908286	407460402	3495
ORDINAL	MP05	1	1341	model.layers.11.mlp.gate_up_proj	DECODE	GATE_UP_PROJECTION	1	38816	38816	0	170180451	0.00022808730245990475	407460402	3495
ORDINAL	MP05	1	1342	model.layers.11.mlp.act_fn	DECODE	ACTIVATION	1	2400	2400	0	170180451	1.4102677398592628e-05	407460402	3495
ORDINAL	MP05	1	1343	model.layers.11.mlp.down_proj	DECODE	DOWN_PROJECTION	1	20512	20512	0	170180451	0.00012053088283330498	407460402	3495
ORDINAL	MP05	1	1344	model.layers.12.self_attn	DECODE	ATTENTION	6	27616	27616	0	170180451	0.00016227480793313916	407460402	3495
ORDINAL	MP05	1	1345	model.layers.12.mlp.gate_up_proj	DECODE	GATE_UP_PROJECTION	1	38848	38848	0	170180451	0.00022827533815855265	407460402	3495
ORDINAL	MP05	1	1346	model.layers.12.mlp.act_fn	DECODE	ACTIVATION	1	2432	2432	0	170180451	1.4290713097240528e-05	407460402	3495
ORDINAL	MP05	1	1347	model.layers.12.mlp.down_proj	DECODE	DOWN_PROJECTION	1	20640	20640	0	170180451	0.00012128302562789659	407460402	3495
ORDINAL	MP05	1	1348	model.layers.13.self_attn	DECODE	ATTENTION	6	27744	27744	0	170180451	0.00016302695072773076	407460402	3495
ORDINAL	MP05	1	1349	model.layers.13.mlp.gate_up_proj	DECODE	GATE_UP_PROJECTION	1	39136	39136	0	170180451	0.00022996765944638376	407460402	3495
ORDINAL	MP05	1	1350	model.layers.13.mlp.act_fn	DECODE	ACTIVATION	1	2400	2400	0	170180451	1.4102677398592628e-05	407460402	3495
ORDINAL	MP05	1	1351	model.layers.13.mlp.down_proj	DECODE	DOWN_PROJECTION	1	20768	20768	0	170180451	0.0001220351684224882	407460402	3495
ORDINAL	MP05	1	1352	model.layers.14.self_attn	DECODE	ATTENTION	6	27616	27616	0	170180451	0.00016227480793313916	407460402	3495
ORDINAL	MP05	1	1353	model.layers.14.mlp.gate_up_proj	DECODE	GATE_UP_PROJECTION	1	39552	39552	0	170180451	0.0002324121235288065	407460402	3495
ORDINAL	MP05	1	1354	model.layers.14.mlp.act_fn	DECODE	ACTIVATION	1	2368	2368	0	170180451	1.3914641699944725e-05	407460402	3495
ORDINAL	MP05	1	1355	model.layers.14.mlp.down_proj	DECODE	DOWN_PROJECTION	1	20448	20448	0	170180451	0.00012015481143600918	407460402	3495
ORDINAL	MP05	1	1356	model.layers.15.self_attn	DECODE	ATTENTION	6	27680	27680	0	170180451	0.00016265087933043496	407460402	3495
ORDINAL	MP05	1	1357	model.layers.15.mlp.gate_up_proj	DECODE	GATE_UP_PROJECTION	1	38752	38752	0	170180451	0.00022771123106260895	407460402	3495
ORDINAL	MP05	1	1358	model.layers.15.mlp.act_fn	DECODE	ACTIVATION	1	2432	2432	0	170180451	1.4290713097240528e-05	407460402	3495
ORDINAL	MP05	1	1359	model.layers.15.mlp.down_proj	DECODE	DOWN_PROJECTION	1	20479	20479	0	170180451	0.00012033697101907433	407460402	3495
ORDINAL	MP05	1	1360	model.layers.16.self_attn	DECODE	ATTENTION	6	27616	27616	0	170180451	0.00016227480793313916	407460402	3495
ORDINAL	MP05	1	1361	model.layers.16.mlp.gate_up_proj	DECODE	GATE_UP_PROJECTION	1	39104	39104	0	170180451	0.00022977962374773586	407460402	3495
ORDINAL	MP05	1	1362	model.layers.16.mlp.act_fn	DECODE	ACTIVATION	1	2400	2400	0	170180451	1.4102677398592628e-05	407460402	3495
ORDINAL	MP05	1	1363	model.layers.16.mlp.down_proj	DECODE	DOWN_PROJECTION	1	20448	20448	0	170180451	0.00012015481143600918	407460402	3495
ORDINAL	MP05	1	1364	model.layers.17.self_attn	DECODE	ATTENTION	6	27712	27712	0	170180451	0.00016283891502908286	407460402	3495
ORDINAL	MP05	1	1365	model.layers.17.mlp.gate_up_proj	DECODE	GATE_UP_PROJECTION	1	38912	38912	0	170180451	0.00022865140955584845	407460402	3495
ORDINAL	MP05	1	1366	model.layers.17.mlp.act_fn	DECODE	ACTIVATION	1	2400	2400	0	170180451	1.4102677398592628e-05	407460402	3495
ORDINAL	MP05	1	1367	model.layers.17.mlp.down_proj	DECODE	DOWN_PROJECTION	1	20512	20512	0	170180451	0.00012053088283330498	407460402	3495
ORDINAL	MP05	1	1368	model.layers.18.self_attn	DECODE	ATTENTION	6	27680	27680	0	170180451	0.00016265087933043496	407460402	3495
ORDINAL	MP05	1	1369	model.layers.18.mlp.gate_up_proj	DECODE	GATE_UP_PROJECTION	1	39327	39327	0	170180451	0.00023108999752268844	407460402	3495
ORDINAL	MP05	1	1370	model.layers.18.mlp.act_fn	DECODE	ACTIVATION	1	2400	2400	0	170180451	1.4102677398592628e-05	407460402	3495
ORDINAL	MP05	1	1371	model.layers.18.mlp.down_proj	DECODE	DOWN_PROJECTION	1	20352	20352	0	170180451	0.00011959070434006548	407460402	3495
ORDINAL	MP05	1	1372	model.layers.19.self_attn	DECODE	ATTENTION	6	27584	27584	0	170180451	0.00016208677223449126	407460402	3495
ORDINAL	MP05	1	1373	model.layers.19.mlp.gate_up_proj	DECODE	GATE_UP_PROJECTION	1	39424	39424	0	170180451	0.0002316599807342149	407460402	3495
ORDINAL	MP05	1	1374	model.layers.19.mlp.act_fn	DECODE	ACTIVATION	1	2400	2400	0	170180451	1.4102677398592628e-05	407460402	3495
ORDINAL	MP05	1	1375	model.layers.19.mlp.down_proj	DECODE	DOWN_PROJECTION	1	20416	20416	0	170180451	0.00011996677573736128	407460402	3495
ORDINAL	MP05	1	1376	model.layers.20.self_attn	DECODE	ATTENTION	6	27712	27712	0	170180451	0.00016283891502908286	407460402	3495
ORDINAL	MP05	1	1377	model.layers.20.mlp.gate_up_proj	DECODE	GATE_UP_PROJECTION	1	38912	38912	0	170180451	0.00022865140955584845	407460402	3495
ORDINAL	MP05	1	1378	model.layers.20.mlp.act_fn	DECODE	ACTIVATION	1	2368	2368	0	170180451	1.3914641699944725e-05	407460402	3495
ORDINAL	MP05	1	1379	model.layers.20.mlp.down_proj	DECODE	DOWN_PROJECTION	1	20544	20544	0	170180451	0.00012071891853195288	407460402	3495
ORDINAL	MP05	1	1380	model.layers.21.self_attn	DECODE	ATTENTION	6	27648	27648	0	170180451	0.00016246284363178706	407460402	3495
ORDINAL	MP05	1	1381	model.layers.21.mlp.gate_up_proj	DECODE	GATE_UP_PROJECTION	1	39263	39263	0	170180451	0.00023071392612539264	407460402	3495
ORDINAL	MP05	1	1382	model.layers.21.mlp.act_fn	DECODE	ACTIVATION	1	2400	2400	0	170180451	1.4102677398592628e-05	407460402	3495
ORDINAL	MP05	1	1383	model.layers.21.mlp.down_proj	DECODE	DOWN_PROJECTION	1	20832	20832	0	170180451	0.000122411239819784	407460402	3495
ORDINAL	MP05	1	1384	model.layers.22.self_attn	DECODE	ATTENTION	6	27552	27552	0	170180451	0.00016189873653584336	407460402	3495
ORDINAL	MP05	1	1385	model.layers.22.mlp.gate_up_proj	DECODE	GATE_UP_PROJECTION	1	39520	39520	0	170180451	0.0002322240878301586	407460402	3495
ORDINAL	MP05	1	1386	model.layers.22.mlp.act_fn	DECODE	ACTIVATION	1	2400	2400	0	170180451	1.4102677398592628e-05	407460402	3495
ORDINAL	MP05	1	1387	model.layers.22.mlp.down_proj	DECODE	DOWN_PROJECTION	1	20512	20512	0	170180451	0.00012053088283330498	407460402	3495
ORDINAL	MP05	1	1388	model.layers.23.self_attn	DECODE	ATTENTION	6	27648	27648	0	170180451	0.00016246284363178706	407460402	3495
ORDINAL	MP05	1	1389	model.layers.23.mlp.gate_up_proj	DECODE	GATE_UP_PROJECTION	1	39232	39232	0	170180451	0.00023053176654232746	407460402	3495
ORDINAL	MP05	1	1390	model.layers.23.mlp.act_fn	DECODE	ACTIVATION	1	2400	2400	0	170180451	1.4102677398592628e-05	407460402	3495
ORDINAL	MP05	1	1391	model.layers.23.mlp.down_proj	DECODE	DOWN_PROJECTION	1	20448	20448	0	170180451	0.00012015481143600918	407460402	3495
ORDINAL	MP05	1	1392	model.layers.24.self_attn	DECODE	ATTENTION	6	27584	27584	0	170180451	0.00016208677223449126	407460402	3495
ORDINAL	MP05	1	1393	model.layers.24.mlp.gate_up_proj	DECODE	GATE_UP_PROJECTION	1	38976	38976	0	170180451	0.00022902748095314426	407460402	3495
ORDINAL	MP05	1	1394	model.layers.24.mlp.act_fn	DECODE	ACTIVATION	1	2400	2400	0	170180451	1.4102677398592628e-05	407460402	3495
ORDINAL	MP05	1	1395	model.layers.24.mlp.down_proj	DECODE	DOWN_PROJECTION	1	20512	20512	0	170180451	0.00012053088283330498	407460402	3495
ORDINAL	MP05	1	1396	model.layers.25.self_attn	DECODE	ATTENTION	6	27712	27712	0	170180451	0.00016283891502908286	407460402	3495
ORDINAL	MP05	1	1397	model.layers.25.mlp.gate_up_proj	DECODE	GATE_UP_PROJECTION	1	38912	38912	0	170180451	0.00022865140955584845	407460402	3495
ORDINAL	MP05	1	1398	model.layers.25.mlp.act_fn	DECODE	ACTIVATION	1	2368	2368	0	170180451	1.3914641699944725e-05	407460402	3495
ORDINAL	MP05	1	1399	model.layers.25.mlp.down_proj	DECODE	DOWN_PROJECTION	1	20640	20640	0	170180451	0.00012128302562789659	407460402	3495
ORDINAL	MP05	1	1400	model.layers.26.self_attn	DECODE	ATTENTION	6	27616	27616	0	170180451	0.00016227480793313916	407460402	3495
ORDINAL	MP05	1	1401	model.layers.26.mlp.gate_up_proj	DECODE	GATE_UP_PROJECTION	1	38720	38720	0	170180451	0.00022752319536396105	407460402	3495
ORDINAL	MP05	1	1402	model.layers.26.mlp.act_fn	DECODE	ACTIVATION	1	2400	2400	0	170180451	1.4102677398592628e-05	407460402	3495
ORDINAL	MP05	1	1403	model.layers.26.mlp.down_proj	DECODE	DOWN_PROJECTION	1	20576	20576	0	170180451	0.00012090695423060078	407460402	3495
ORDINAL	MP05	1	1404	model.layers.27.self_attn	DECODE	ATTENTION	6	27423	27423	0	170180451	0.000161140717625669	407460402	3495
ORDINAL	MP05	1	1405	model.layers.27.mlp.gate_up_proj	DECODE	GATE_UP_PROJECTION	1	38816	38816	0	170180451	0.00022808730245990475	407460402	3495
ORDINAL	MP05	1	1406	model.layers.27.mlp.act_fn	DECODE	ACTIVATION	1	2400	2400	0	170180451	1.4102677398592628e-05	407460402	3495
ORDINAL	MP05	1	1407	model.layers.27.mlp.down_proj	DECODE	DOWN_PROJECTION	1	20480	20480	0	170180451	0.00012034284713465708	407460402	3495
ORDINAL	MP05	1	1408	model.layers.28.self_attn	DECODE	ATTENTION	6	27424	27424	0	170180451	0.00016114659374125175	407460402	3495
ORDINAL	MP05	1	1409	model.layers.28.mlp.gate_up_proj	DECODE	GATE_UP_PROJECTION	1	38624	38624	0	170180451	0.00022695908826801735	407460402	3495
ORDINAL	MP05	1	1410	model.layers.28.mlp.act_fn	DECODE	ACTIVATION	1	2400	2400	0	170180451	1.4102677398592628e-05	407460402	3495
ORDINAL	MP05	1	1411	model.layers.28.mlp.down_proj	DECODE	DOWN_PROJECTION	1	20480	20480	0	170180451	0.00012034284713465708	407460402	3495
ORDINAL	MP05	1	1412	model.layers.29.self_attn	DECODE	ATTENTION	6	27808	27808	0	170180451	0.00016340302212502656	407460402	3495
ORDINAL	MP05	1	1413	model.layers.29.mlp.gate_up_proj	DECODE	GATE_UP_PROJECTION	1	38816	38816	0	170180451	0.00022808730245990475	407460402	3495
ORDINAL	MP05	1	1414	model.layers.29.mlp.act_fn	DECODE	ACTIVATION	1	2400	2400	0	170180451	1.4102677398592628e-05	407460402	3495
ORDINAL	MP05	1	1415	model.layers.29.mlp.down_proj	DECODE	DOWN_PROJECTION	1	20512	20512	0	170180451	0.00012053088283330498	407460402	3495
ORDINAL	MP05	1	1416	model.layers.30.self_attn	DECODE	ATTENTION	6	27616	27616	0	170180451	0.00016227480793313916	407460402	3495
ORDINAL	MP05	1	1417	model.layers.30.mlp.gate_up_proj	DECODE	GATE_UP_PROJECTION	1	39488	39488	0	170180451	0.0002320360521315107	407460402	3495
ORDINAL	MP05	1	1418	model.layers.30.mlp.act_fn	DECODE	ACTIVATION	1	2400	2400	0	170180451	1.4102677398592628e-05	407460402	3495
ORDINAL	MP05	1	1419	model.layers.30.mlp.down_proj	DECODE	DOWN_PROJECTION	1	20672	20672	0	170180451	0.00012147106132654449	407460402	3495
ORDINAL	MP05	1	1420	model.layers.31.self_attn	DECODE	ATTENTION	6	27840	27840	0	170180451	0.00016359105782367446	407460402	3495
ORDINAL	MP05	1	1421	model.layers.31.mlp.gate_up_proj	DECODE	GATE_UP_PROJECTION	1	38688	38688	0	170180451	0.00022733515966531315	407460402	3495
ORDINAL	MP05	1	1422	model.layers.31.mlp.act_fn	DECODE	ACTIVATION	1	2400	2400	0	170180451	1.4102677398592628e-05	407460402	3495
ORDINAL	MP05	1	1423	model.layers.31.mlp.down_proj	DECODE	DOWN_PROJECTION	1	20320	20320	0	170180451	0.00011940266864141758	407460402	3495
ORDINAL	MP05	1	1424	model.layers.32.self_attn	DECODE	ATTENTION	6	27680	27680	0	170180451	0.00016265087933043496	407460402	3495
ORDINAL	MP05	1	1425	model.layers.32.mlp.gate_up_proj	DECODE	GATE_UP_PROJECTION	1	38976	38976	0	170180451	0.00022902748095314426	407460402	3495
ORDINAL	MP05	1	1426	model.layers.32.mlp.act_fn	DECODE	ACTIVATION	1	2400	2400	0	170180451	1.4102677398592628e-05	407460402	3495
ORDINAL	MP05	1	1427	model.layers.32.mlp.down_proj	DECODE	DOWN_PROJECTION	1	20512	20512	0	170180451	0.00012053088283330498	407460402	3495
ORDINAL	MP05	1	1428	model.layers.33.self_attn	DECODE	ATTENTION	6	27648	27648	0	170180451	0.00016246284363178706	407460402	3495
ORDINAL	MP05	1	1429	model.layers.33.mlp.gate_up_proj	DECODE	GATE_UP_PROJECTION	1	38496	38496	0	170180451	0.00022620694547342574	407460402	3495
ORDINAL	MP05	1	1430	model.layers.33.mlp.act_fn	DECODE	ACTIVATION	1	2400	2400	0	170180451	1.4102677398592628e-05	407460402	3495
ORDINAL	MP05	1	1431	model.layers.33.mlp.down_proj	DECODE	DOWN_PROJECTION	1	20416	20416	0	170180451	0.00011996677573736128	407460402	3495
ORDINAL	MP05	1	1432	model.layers.34.self_attn	DECODE	ATTENTION	6	27840	27840	0	170180451	0.00016359105782367446	407460402	3495
ORDINAL	MP05	1	1433	model.layers.34.mlp.gate_up_proj	DECODE	GATE_UP_PROJECTION	1	38592	38592	0	170180451	0.00022677105256936945	407460402	3495
ORDINAL	MP05	1	1434	model.layers.34.mlp.act_fn	DECODE	ACTIVATION	1	2368	2368	0	170180451	1.3914641699944725e-05	407460402	3495
ORDINAL	MP05	1	1435	model.layers.34.mlp.down_proj	DECODE	DOWN_PROJECTION	1	20448	20448	0	170180451	0.00012015481143600918	407460402	3495
ORDINAL	MP05	1	1436	model.layers.35.self_attn	DECODE	ATTENTION	6	27744	27744	0	170180451	0.00016302695072773076	407460402	3495
ORDINAL	MP05	1	1437	model.layers.35.mlp.gate_up_proj	DECODE	GATE_UP_PROJECTION	1	38656	38656	0	170180451	0.00022714712396666525	407460402	3495
ORDINAL	MP05	1	1438	model.layers.35.mlp.act_fn	DECODE	ACTIVATION	1	2400	2400	0	170180451	1.4102677398592628e-05	407460402	3495
ORDINAL	MP05	1	1439	model.layers.35.mlp.down_proj	DECODE	DOWN_PROJECTION	1	20640	20640	0	170180451	0.00012128302562789659	407460402	3495
ORDINAL	MP05	1	1440	model.layers.0.self_attn	DECODE	ATTENTION	6	27744	27744	0	170180451	0.00016302695072773076	407460402	3495
ORDINAL	MP05	1	1441	model.layers.0.mlp.gate_up_proj	DECODE	GATE_UP_PROJECTION	1	39168	39168	0	170180451	0.00023015569514503166	407460402	3495
ORDINAL	MP05	1	1442	model.layers.0.mlp.act_fn	DECODE	ACTIVATION	1	2368	2368	0	170180451	1.3914641699944725e-05	407460402	3495
ORDINAL	MP05	1	1443	model.layers.0.mlp.down_proj	DECODE	DOWN_PROJECTION	1	20544	20544	0	170180451	0.00012071891853195288	407460402	3495
ORDINAL	MP05	1	1444	model.layers.1.self_attn	DECODE	ATTENTION	6	27936	27936	0	170180451	0.00016415516491961817	407460402	3495
ORDINAL	MP05	1	1445	model.layers.1.mlp.gate_up_proj	DECODE	GATE_UP_PROJECTION	1	40352	40352	0	170180451	0.00023711301599500405	407460402	3495
ORDINAL	MP05	1	1446	model.layers.1.mlp.act_fn	DECODE	ACTIVATION	1	2368	2368	0	170180451	1.3914641699944725e-05	407460402	3495
ORDINAL	MP05	1	1447	model.layers.1.mlp.down_proj	DECODE	DOWN_PROJECTION	1	21024	21024	0	170180451	0.00012353945401167142	407460402	3495
ORDINAL	MP05	1	1448	model.layers.2.self_attn	DECODE	ATTENTION	6	27776	27776	0	170180451	0.00016321498642637866	407460402	3495
ORDINAL	MP05	1	1449	model.layers.2.mlp.gate_up_proj	DECODE	GATE_UP_PROJECTION	1	39232	39232	0	170180451	0.00023053176654232746	407460402	3495
ORDINAL	MP05	1	1450	model.layers.2.mlp.act_fn	DECODE	ACTIVATION	1	2400	2400	0	170180451	1.4102677398592628e-05	407460402	3495
ORDINAL	MP05	1	1451	model.layers.2.mlp.down_proj	DECODE	DOWN_PROJECTION	1	20608	20608	0	170180451	0.00012109498992924868	407460402	3495
ORDINAL	MP05	1	1452	model.layers.3.self_attn	DECODE	ATTENTION	6	27776	27776	0	170180451	0.00016321498642637866	407460402	3495
ORDINAL	MP05	1	1453	model.layers.3.mlp.gate_up_proj	DECODE	GATE_UP_PROJECTION	1	39264	39264	0	170180451	0.00023071980224097536	407460402	3495
ORDINAL	MP05	1	1454	model.layers.3.mlp.act_fn	DECODE	ACTIVATION	1	2400	2400	0	170180451	1.4102677398592628e-05	407460402	3495
ORDINAL	MP05	1	1455	model.layers.3.mlp.down_proj	DECODE	DOWN_PROJECTION	1	20544	20544	0	170180451	0.00012071891853195288	407460402	3495
ORDINAL	MP05	1	1456	model.layers.4.self_attn	DECODE	ATTENTION	6	27424	27424	0	170180451	0.00016114659374125175	407460402	3495
ORDINAL	MP05	1	1457	model.layers.4.mlp.gate_up_proj	DECODE	GATE_UP_PROJECTION	1	38591	38591	0	170180451	0.0002267651764537867	407460402	3495
ORDINAL	MP05	1	1458	model.layers.4.mlp.act_fn	DECODE	ACTIVATION	1	2400	2400	0	170180451	1.4102677398592628e-05	407460402	3495
ORDINAL	MP05	1	1459	model.layers.4.mlp.down_proj	DECODE	DOWN_PROJECTION	1	20512	20512	0	170180451	0.00012053088283330498	407460402	3495
ORDINAL	MP05	1	1460	model.layers.5.self_attn	DECODE	ATTENTION	6	27712	27712	0	170180451	0.00016283891502908286	407460402	3495
ORDINAL	MP05	1	1461	model.layers.5.mlp.gate_up_proj	DECODE	GATE_UP_PROJECTION	1	39104	39104	0	170180451	0.00022977962374773586	407460402	3495
ORDINAL	MP05	1	1462	model.layers.5.mlp.act_fn	DECODE	ACTIVATION	1	2400	2400	0	170180451	1.4102677398592628e-05	407460402	3495
ORDINAL	MP05	1	1463	model.layers.5.mlp.down_proj	DECODE	DOWN_PROJECTION	1	20544	20544	0	170180451	0.00012071891853195288	407460402	3495
ORDINAL	MP05	1	1464	model.layers.6.self_attn	DECODE	ATTENTION	6	27904	27904	0	170180451	0.00016396712922097027	407460402	3495
ORDINAL	MP05	1	1465	model.layers.6.mlp.gate_up_proj	DECODE	GATE_UP_PROJECTION	1	39168	39168	0	170180451	0.00023015569514503166	407460402	3495
ORDINAL	MP05	1	1466	model.layers.6.mlp.act_fn	DECODE	ACTIVATION	1	2400	2400	0	170180451	1.4102677398592628e-05	407460402	3495
ORDINAL	MP05	1	1467	model.layers.6.mlp.down_proj	DECODE	DOWN_PROJECTION	1	20480	20480	0	170180451	0.00012034284713465708	407460402	3495
ORDINAL	MP05	1	1468	model.layers.7.self_attn	DECODE	ATTENTION	6	27328	27328	0	170180451	0.00016058248664530805	407460402	3495
ORDINAL	MP05	1	1469	model.layers.7.mlp.gate_up_proj	DECODE	GATE_UP_PROJECTION	1	39040	39040	0	170180451	0.00022940355235044006	407460402	3495
ORDINAL	MP05	1	1470	model.layers.7.mlp.act_fn	DECODE	ACTIVATION	1	2400	2400	0	170180451	1.4102677398592628e-05	407460402	3495
ORDINAL	MP05	1	1471	model.layers.7.mlp.down_proj	DECODE	DOWN_PROJECTION	1	20480	20480	0	170180451	0.00012034284713465708	407460402	3495
ORDINAL	MP05	1	1472	model.layers.8.self_attn	DECODE	ATTENTION	6	27296	27296	0	170180451	0.00016039445094666015	407460402	3495
ORDINAL	MP05	1	1473	model.layers.8.mlp.gate_up_proj	DECODE	GATE_UP_PROJECTION	1	39040	39040	0	170180451	0.00022940355235044006	407460402	3495
ORDINAL	MP05	1	1474	model.layers.8.mlp.act_fn	DECODE	ACTIVATION	1	2368	2368	0	170180451	1.3914641699944725e-05	407460402	3495
ORDINAL	MP05	1	1475	model.layers.8.mlp.down_proj	DECODE	DOWN_PROJECTION	1	20416	20416	0	170180451	0.00011996677573736128	407460402	3495
ORDINAL	MP05	1	1476	model.layers.9.self_attn	DECODE	ATTENTION	6	27360	27360	0	170180451	0.00016077052234395595	407460402	3495
ORDINAL	MP05	1	1477	model.layers.9.mlp.gate_up_proj	DECODE	GATE_UP_PROJECTION	1	39552	39552	0	170180451	0.0002324121235288065	407460402	3495
ORDINAL	MP05	1	1478	model.layers.9.mlp.act_fn	DECODE	ACTIVATION	1	2368	2368	0	170180451	1.3914641699944725e-05	407460402	3495
ORDINAL	MP05	1	1479	model.layers.9.mlp.down_proj	DECODE	DOWN_PROJECTION	1	20480	20480	0	170180451	0.00012034284713465708	407460402	3495
ORDINAL	MP05	1	1480	model.layers.10.self_attn	DECODE	ATTENTION	6	27648	27648	0	170180451	0.00016246284363178706	407460402	3495
ORDINAL	MP05	1	1481	model.layers.10.mlp.gate_up_proj	DECODE	GATE_UP_PROJECTION	1	39392	39392	0	170180451	0.000231471945035567	407460402	3495
ORDINAL	MP05	1	1482	model.layers.10.mlp.act_fn	DECODE	ACTIVATION	1	2400	2400	0	170180451	1.4102677398592628e-05	407460402	3495
ORDINAL	MP05	1	1483	model.layers.10.mlp.down_proj	DECODE	DOWN_PROJECTION	1	20608	20608	0	170180451	0.00012109498992924868	407460402	3495
ORDINAL	MP05	1	1484	model.layers.11.self_attn	DECODE	ATTENTION	6	27840	27840	0	170180451	0.00016359105782367446	407460402	3495
ORDINAL	MP05	1	1485	model.layers.11.mlp.gate_up_proj	DECODE	GATE_UP_PROJECTION	1	39232	39232	0	170180451	0.00023053176654232746	407460402	3495
ORDINAL	MP05	1	1486	model.layers.11.mlp.act_fn	DECODE	ACTIVATION	1	2368	2368	0	170180451	1.3914641699944725e-05	407460402	3495
ORDINAL	MP05	1	1487	model.layers.11.mlp.down_proj	DECODE	DOWN_PROJECTION	1	20576	20576	0	170180451	0.00012090695423060078	407460402	3495
ORDINAL	MP05	1	1488	model.layers.12.self_attn	DECODE	ATTENTION	6	27744	27744	0	170180451	0.00016302695072773076	407460402	3495
ORDINAL	MP05	1	1489	model.layers.12.mlp.gate_up_proj	DECODE	GATE_UP_PROJECTION	1	39072	39072	0	170180451	0.00022959158804908796	407460402	3495
ORDINAL	MP05	1	1490	model.layers.12.mlp.act_fn	DECODE	ACTIVATION	1	2400	2400	0	170180451	1.4102677398592628e-05	407460402	3495
ORDINAL	MP05	1	1491	model.layers.12.mlp.down_proj	DECODE	DOWN_PROJECTION	1	20480	20480	0	170180451	0.00012034284713465708	407460402	3495
ORDINAL	MP05	1	1492	model.layers.13.self_attn	DECODE	ATTENTION	6	27424	27424	0	170180451	0.00016114659374125175	407460402	3495
ORDINAL	MP05	1	1493	model.layers.13.mlp.gate_up_proj	DECODE	GATE_UP_PROJECTION	1	38752	38752	0	170180451	0.00022771123106260895	407460402	3495
ORDINAL	MP05	1	1494	model.layers.13.mlp.act_fn	DECODE	ACTIVATION	1	2368	2368	0	170180451	1.3914641699944725e-05	407460402	3495
ORDINAL	MP05	1	1495	model.layers.13.mlp.down_proj	DECODE	DOWN_PROJECTION	1	20512	20512	0	170180451	0.00012053088283330498	407460402	3495
ORDINAL	MP05	1	1496	model.layers.14.self_attn	DECODE	ATTENTION	6	27680	27680	0	170180451	0.00016265087933043496	407460402	3495
ORDINAL	MP05	1	1497	model.layers.14.mlp.gate_up_proj	DECODE	GATE_UP_PROJECTION	1	39488	39488	0	170180451	0.0002320360521315107	407460402	3495
ORDINAL	MP05	1	1498	model.layers.14.mlp.act_fn	DECODE	ACTIVATION	1	2368	2368	0	170180451	1.3914641699944725e-05	407460402	3495
ORDINAL	MP05	1	1499	model.layers.14.mlp.down_proj	DECODE	DOWN_PROJECTION	1	20384	20384	0	170180451	0.00011977874003871338	407460402	3495
ORDINAL	MP05	1	1500	model.layers.15.self_attn	DECODE	ATTENTION	6	27744	27744	0	170180451	0.00016302695072773076	407460402	3495
ORDINAL	MP05	1	1501	model.layers.15.mlp.gate_up_proj	DECODE	GATE_UP_PROJECTION	1	38688	38688	0	170180451	0.00022733515966531315	407460402	3495
ORDINAL	MP05	1	1502	model.layers.15.mlp.act_fn	DECODE	ACTIVATION	1	2400	2400	0	170180451	1.4102677398592628e-05	407460402	3495
ORDINAL	MP05	1	1503	model.layers.15.mlp.down_proj	DECODE	DOWN_PROJECTION	1	20383	20383	0	170180451	0.00011977286392313063	407460402	3495
ORDINAL	MP05	1	1504	model.layers.16.self_attn	DECODE	ATTENTION	6	27680	27680	0	170180451	0.00016265087933043496	407460402	3495
ORDINAL	MP05	1	1505	model.layers.16.mlp.gate_up_proj	DECODE	GATE_UP_PROJECTION	1	39264	39264	0	170180451	0.00023071980224097536	407460402	3495
ORDINAL	MP05	1	1506	model.layers.16.mlp.act_fn	DECODE	ACTIVATION	1	2368	2368	0	170180451	1.3914641699944725e-05	407460402	3495
ORDINAL	MP05	1	1507	model.layers.16.mlp.down_proj	DECODE	DOWN_PROJECTION	1	20384	20384	0	170180451	0.00011977874003871338	407460402	3495
ORDINAL	MP05	1	1508	model.layers.17.self_attn	DECODE	ATTENTION	6	27584	27584	0	170180451	0.00016208677223449126	407460402	3495
ORDINAL	MP05	1	1509	model.layers.17.mlp.gate_up_proj	DECODE	GATE_UP_PROJECTION	1	39008	39008	0	170180451	0.00022921551665179216	407460402	3495
ORDINAL	MP05	1	1510	model.layers.17.mlp.act_fn	DECODE	ACTIVATION	1	2368	2368	0	170180451	1.3914641699944725e-05	407460402	3495
ORDINAL	MP05	1	1511	model.layers.17.mlp.down_proj	DECODE	DOWN_PROJECTION	1	20640	20640	0	170180451	0.00012128302562789659	407460402	3495
ORDINAL	MP05	1	1512	model.layers.18.self_attn	DECODE	ATTENTION	6	27776	27776	0	170180451	0.00016321498642637866	407460402	3495
ORDINAL	MP05	1	1513	model.layers.18.mlp.gate_up_proj	DECODE	GATE_UP_PROJECTION	1	39039	39039	0	170180451	0.0002293976762348573	407460402	3495
ORDINAL	MP05	1	1514	model.layers.18.mlp.act_fn	DECODE	ACTIVATION	1	2400	2400	0	170180451	1.4102677398592628e-05	407460402	3495
ORDINAL	MP05	1	1515	model.layers.18.mlp.down_proj	DECODE	DOWN_PROJECTION	1	20352	20352	0	170180451	0.00011959070434006548	407460402	3495
ORDINAL	MP05	1	1516	model.layers.19.self_attn	DECODE	ATTENTION	6	27744	27744	0	170180451	0.00016302695072773076	407460402	3495
ORDINAL	MP05	1	1517	model.layers.19.mlp.gate_up_proj	DECODE	GATE_UP_PROJECTION	1	39200	39200	0	170180451	0.00023034373084367956	407460402	3495
ORDINAL	MP05	1	1518	model.layers.19.mlp.act_fn	DECODE	ACTIVATION	1	2400	2400	0	170180451	1.4102677398592628e-05	407460402	3495
ORDINAL	MP05	1	1519	model.layers.19.mlp.down_proj	DECODE	DOWN_PROJECTION	1	20480	20480	0	170180451	0.00012034284713465708	407460402	3495
ORDINAL	MP05	1	1520	model.layers.20.self_attn	DECODE	ATTENTION	6	27680	27680	0	170180451	0.00016265087933043496	407460402	3495
ORDINAL	MP05	1	1521	model.layers.20.mlp.gate_up_proj	DECODE	GATE_UP_PROJECTION	1	39104	39104	0	170180451	0.00022977962374773586	407460402	3495
ORDINAL	MP05	1	1522	model.layers.20.mlp.act_fn	DECODE	ACTIVATION	1	2400	2400	0	170180451	1.4102677398592628e-05	407460402	3495
ORDINAL	MP05	1	1523	model.layers.20.mlp.down_proj	DECODE	DOWN_PROJECTION	1	20480	20480	0	170180451	0.00012034284713465708	407460402	3495
ORDINAL	MP05	1	1524	model.layers.21.self_attn	DECODE	ATTENTION	6	27712	27712	0	170180451	0.00016283891502908286	407460402	3495
ORDINAL	MP05	1	1525	model.layers.21.mlp.gate_up_proj	DECODE	GATE_UP_PROJECTION	1	39200	39200	0	170180451	0.00023034373084367956	407460402	3495
ORDINAL	MP05	1	1526	model.layers.21.mlp.act_fn	DECODE	ACTIVATION	1	2400	2400	0	170180451	1.4102677398592628e-05	407460402	3495
ORDINAL	MP05	1	1527	model.layers.21.mlp.down_proj	DECODE	DOWN_PROJECTION	1	20512	20512	0	170180451	0.00012053088283330498	407460402	3495
ORDINAL	MP05	1	1528	model.layers.22.self_attn	DECODE	ATTENTION	6	27648	27648	0	170180451	0.00016246284363178706	407460402	3495
ORDINAL	MP05	1	1529	model.layers.22.mlp.gate_up_proj	DECODE	GATE_UP_PROJECTION	1	39008	39008	0	170180451	0.00022921551665179216	407460402	3495
ORDINAL	MP05	1	1530	model.layers.22.mlp.act_fn	DECODE	ACTIVATION	1	2400	2400	0	170180451	1.4102677398592628e-05	407460402	3495
ORDINAL	MP05	1	1531	model.layers.22.mlp.down_proj	DECODE	DOWN_PROJECTION	1	20544	20544	0	170180451	0.00012071891853195288	407460402	3495
ORDINAL	MP05	1	1532	model.layers.23.self_attn	DECODE	ATTENTION	6	27872	27872	0	170180451	0.00016377909352232236	407460402	3495
ORDINAL	MP05	1	1533	model.layers.23.mlp.gate_up_proj	DECODE	GATE_UP_PROJECTION	1	39168	39168	0	170180451	0.00023015569514503166	407460402	3495
ORDINAL	MP05	1	1534	model.layers.23.mlp.act_fn	DECODE	ACTIVATION	1	2400	2400	0	170180451	1.4102677398592628e-05	407460402	3495
ORDINAL	MP05	1	1535	model.layers.23.mlp.down_proj	DECODE	DOWN_PROJECTION	1	20640	20640	0	170180451	0.00012128302562789659	407460402	3495
ORDINAL	MP05	1	1536	model.layers.24.self_attn	DECODE	ATTENTION	6	27328	27328	0	170180451	0.00016058248664530805	407460402	3495
ORDINAL	MP05	1	1537	model.layers.24.mlp.gate_up_proj	DECODE	GATE_UP_PROJECTION	1	39488	39488	0	170180451	0.0002320360521315107	407460402	3495
ORDINAL	MP05	1	1538	model.layers.24.mlp.act_fn	DECODE	ACTIVATION	1	2368	2368	0	170180451	1.3914641699944725e-05	407460402	3495
ORDINAL	MP05	1	1539	model.layers.24.mlp.down_proj	DECODE	DOWN_PROJECTION	1	20512	20512	0	170180451	0.00012053088283330498	407460402	3495
ORDINAL	MP05	1	1540	model.layers.25.self_attn	DECODE	ATTENTION	6	27904	27904	0	170180451	0.00016396712922097027	407460402	3495
ORDINAL	MP05	1	1541	model.layers.25.mlp.gate_up_proj	DECODE	GATE_UP_PROJECTION	1	38880	38880	0	170180451	0.00022846337385720055	407460402	3495
ORDINAL	MP05	1	1542	model.layers.25.mlp.act_fn	DECODE	ACTIVATION	1	2400	2400	0	170180451	1.4102677398592628e-05	407460402	3495
ORDINAL	MP05	1	1543	model.layers.25.mlp.down_proj	DECODE	DOWN_PROJECTION	1	20512	20512	0	170180451	0.00012053088283330498	407460402	3495
ORDINAL	MP05	1	1544	model.layers.26.self_attn	DECODE	ATTENTION	6	27584	27584	0	170180451	0.00016208677223449126	407460402	3495
ORDINAL	MP05	1	1545	model.layers.26.mlp.gate_up_proj	DECODE	GATE_UP_PROJECTION	1	38976	38976	0	170180451	0.00022902748095314426	407460402	3495
ORDINAL	MP05	1	1546	model.layers.26.mlp.act_fn	DECODE	ACTIVATION	1	2336	2336	0	170180451	1.3726606001296824e-05	407460402	3495
ORDINAL	MP05	1	1547	model.layers.26.mlp.down_proj	DECODE	DOWN_PROJECTION	1	20768	20768	0	170180451	0.0001220351684224882	407460402	3495
ORDINAL	MP05	1	1548	model.layers.27.self_attn	DECODE	ATTENTION	6	27647	27647	0	170180451	0.0001624569675162043	407460402	3495
ORDINAL	MP05	1	1549	model.layers.27.mlp.gate_up_proj	DECODE	GATE_UP_PROJECTION	1	38656	38656	0	170180451	0.00022714712396666525	407460402	3495
ORDINAL	MP05	1	1550	model.layers.27.mlp.act_fn	DECODE	ACTIVATION	1	2368	2368	0	170180451	1.3914641699944725e-05	407460402	3495
ORDINAL	MP05	1	1551	model.layers.27.mlp.down_proj	DECODE	DOWN_PROJECTION	1	20704	20704	0	170180451	0.0001216590970251924	407460402	3495
ORDINAL	MP05	1	1552	model.layers.28.self_attn	DECODE	ATTENTION	6	27488	27488	0	170180451	0.00016152266513854755	407460402	3495
ORDINAL	MP05	1	1553	model.layers.28.mlp.gate_up_proj	DECODE	GATE_UP_PROJECTION	1	38912	38912	0	170180451	0.00022865140955584845	407460402	3495
ORDINAL	MP05	1	1554	model.layers.28.mlp.act_fn	DECODE	ACTIVATION	1	2400	2400	0	170180451	1.4102677398592628e-05	407460402	3495
ORDINAL	MP05	1	1555	model.layers.28.mlp.down_proj	DECODE	DOWN_PROJECTION	1	20608	20608	0	170180451	0.00012109498992924868	407460402	3495
ORDINAL	MP05	1	1556	model.layers.29.self_attn	DECODE	ATTENTION	6	27744	27744	0	170180451	0.00016302695072773076	407460402	3495
ORDINAL	MP05	1	1557	model.layers.29.mlp.gate_up_proj	DECODE	GATE_UP_PROJECTION	1	39136	39136	0	170180451	0.00022996765944638376	407460402	3495
ORDINAL	MP05	1	1558	model.layers.29.mlp.act_fn	DECODE	ACTIVATION	1	2400	2400	0	170180451	1.4102677398592628e-05	407460402	3495
ORDINAL	MP05	1	1559	model.layers.29.mlp.down_proj	DECODE	DOWN_PROJECTION	1	20576	20576	0	170180451	0.00012090695423060078	407460402	3495
ORDINAL	MP05	1	1560	model.layers.30.self_attn	DECODE	ATTENTION	6	27808	27808	0	170180451	0.00016340302212502656	407460402	3495
ORDINAL	MP05	1	1561	model.layers.30.mlp.gate_up_proj	DECODE	GATE_UP_PROJECTION	1	38752	38752	0	170180451	0.00022771123106260895	407460402	3495
ORDINAL	MP05	1	1562	model.layers.30.mlp.act_fn	DECODE	ACTIVATION	1	2368	2368	0	170180451	1.3914641699944725e-05	407460402	3495
ORDINAL	MP05	1	1563	model.layers.30.mlp.down_proj	DECODE	DOWN_PROJECTION	1	20512	20512	0	170180451	0.00012053088283330498	407460402	3495
ORDINAL	MP05	1	1564	model.layers.31.self_attn	DECODE	ATTENTION	6	27808	27808	0	170180451	0.00016340302212502656	407460402	3495
ORDINAL	MP05	1	1565	model.layers.31.mlp.gate_up_proj	DECODE	GATE_UP_PROJECTION	1	38848	38848	0	170180451	0.00022827533815855265	407460402	3495
ORDINAL	MP05	1	1566	model.layers.31.mlp.act_fn	DECODE	ACTIVATION	1	2368	2368	0	170180451	1.3914641699944725e-05	407460402	3495
ORDINAL	MP05	1	1567	model.layers.31.mlp.down_proj	DECODE	DOWN_PROJECTION	1	20416	20416	0	170180451	0.00011996677573736128	407460402	3495
ORDINAL	MP05	1	1568	model.layers.32.self_attn	DECODE	ATTENTION	6	27712	27712	0	170180451	0.00016283891502908286	407460402	3495
ORDINAL	MP05	1	1569	model.layers.32.mlp.gate_up_proj	DECODE	GATE_UP_PROJECTION	1	38560	38560	0	170180451	0.00022658301687072154	407460402	3495
ORDINAL	MP05	1	1570	model.layers.32.mlp.act_fn	DECODE	ACTIVATION	1	2400	2400	0	170180451	1.4102677398592628e-05	407460402	3495
ORDINAL	MP05	1	1571	model.layers.32.mlp.down_proj	DECODE	DOWN_PROJECTION	1	20608	20608	0	170180451	0.00012109498992924868	407460402	3495
ORDINAL	MP05	1	1572	model.layers.33.self_attn	DECODE	ATTENTION	6	27679	27679	0	170180451	0.0001626450032148522	407460402	3495
ORDINAL	MP05	1	1573	model.layers.33.mlp.gate_up_proj	DECODE	GATE_UP_PROJECTION	1	38784	38784	0	170180451	0.00022789926676125685	407460402	3495
ORDINAL	MP05	1	1574	model.layers.33.mlp.act_fn	DECODE	ACTIVATION	1	2400	2400	0	170180451	1.4102677398592628e-05	407460402	3495
ORDINAL	MP05	1	1575	model.layers.33.mlp.down_proj	DECODE	DOWN_PROJECTION	1	20672	20672	0	170180451	0.00012147106132654449	407460402	3495
ORDINAL	MP05	1	1576	model.layers.34.self_attn	DECODE	ATTENTION	6	27392	27392	0	170180451	0.00016095855804260385	407460402	3495
ORDINAL	MP05	1	1577	model.layers.34.mlp.gate_up_proj	DECODE	GATE_UP_PROJECTION	1	38976	38976	0	170180451	0.00022902748095314426	407460402	3495
ORDINAL	MP05	1	1578	model.layers.34.mlp.act_fn	DECODE	ACTIVATION	1	2400	2400	0	170180451	1.4102677398592628e-05	407460402	3495
ORDINAL	MP05	1	1579	model.layers.34.mlp.down_proj	DECODE	DOWN_PROJECTION	1	20544	20544	0	170180451	0.00012071891853195288	407460402	3495
ORDINAL	MP05	1	1580	model.layers.35.self_attn	DECODE	ATTENTION	6	27872	27872	0	170180451	0.00016377909352232236	407460402	3495
ORDINAL	MP05	1	1581	model.layers.35.mlp.gate_up_proj	DECODE	GATE_UP_PROJECTION	1	38944	38944	0	170180451	0.00022883944525449635	407460402	3495
ORDINAL	MP05	1	1582	model.layers.35.mlp.act_fn	DECODE	ACTIVATION	1	2400	2400	0	170180451	1.4102677398592628e-05	407460402	3495
ORDINAL	MP05	1	1583	model.layers.35.mlp.down_proj	DECODE	DOWN_PROJECTION	1	20480	20480	0	170180451	0.00012034284713465708	407460402	3495
ORDINAL	MP05	1	1584	model.layers.0.self_attn	DECODE	ATTENTION	6	27968	27968	0	170180451	0.00016434320061826607	407460402	3495
ORDINAL	MP05	1	1585	model.layers.0.mlp.gate_up_proj	DECODE	GATE_UP_PROJECTION	1	38880	38880	0	170180451	0.00022846337385720055	407460402	3495
ORDINAL	MP05	1	1586	model.layers.0.mlp.act_fn	DECODE	ACTIVATION	1	2400	2400	0	170180451	1.4102677398592628e-05	407460402	3495
ORDINAL	MP05	1	1587	model.layers.0.mlp.down_proj	DECODE	DOWN_PROJECTION	1	20512	20512	0	170180451	0.00012053088283330498	407460402	3495
ORDINAL	MP05	1	1588	model.layers.1.self_attn	DECODE	ATTENTION	6	27488	27488	0	170180451	0.00016152266513854755	407460402	3495
ORDINAL	MP05	1	1589	model.layers.1.mlp.gate_up_proj	DECODE	GATE_UP_PROJECTION	1	39776	39776	0	170180451	0.0002337283734193418	407460402	3495
ORDINAL	MP05	1	1590	model.layers.1.mlp.act_fn	DECODE	ACTIVATION	1	2400	2400	0	170180451	1.4102677398592628e-05	407460402	3495
ORDINAL	MP05	1	1591	model.layers.1.mlp.down_proj	DECODE	DOWN_PROJECTION	1	21088	21088	0	170180451	0.00012391552540896722	407460402	3495
ORDINAL	MP05	1	1592	model.layers.2.self_attn	DECODE	ATTENTION	6	27616	27616	0	170180451	0.00016227480793313916	407460402	3495
ORDINAL	MP05	1	1593	model.layers.2.mlp.gate_up_proj	DECODE	GATE_UP_PROJECTION	1	38944	38944	0	170180451	0.00022883944525449635	407460402	3495
ORDINAL	MP05	1	1594	model.layers.2.mlp.act_fn	DECODE	ACTIVATION	1	2400	2400	0	170180451	1.4102677398592628e-05	407460402	3495
ORDINAL	MP05	1	1595	model.layers.2.mlp.down_proj	DECODE	DOWN_PROJECTION	1	20544	20544	0	170180451	0.00012071891853195288	407460402	3495
ORDINAL	MP05	1	1596	model.layers.3.self_attn	DECODE	ATTENTION	6	27648	27648	0	170180451	0.00016246284363178706	407460402	3495
ORDINAL	MP05	1	1597	model.layers.3.mlp.gate_up_proj	DECODE	GATE_UP_PROJECTION	1	39232	39232	0	170180451	0.00023053176654232746	407460402	3495
ORDINAL	MP05	1	1598	model.layers.3.mlp.act_fn	DECODE	ACTIVATION	1	2400	2400	0	170180451	1.4102677398592628e-05	407460402	3495
ORDINAL	MP05	1	1599	model.layers.3.mlp.down_proj	DECODE	DOWN_PROJECTION	1	20704	20704	0	170180451	0.0001216590970251924	407460402	3495
ORDINAL	MP05	1	1600	model.layers.4.self_attn	DECODE	ATTENTION	6	27648	27648	0	170180451	0.00016246284363178706	407460402	3495
ORDINAL	MP05	1	1601	model.layers.4.mlp.gate_up_proj	DECODE	GATE_UP_PROJECTION	1	38912	38912	0	170180451	0.00022865140955584845	407460402	3495
ORDINAL	MP05	1	1602	model.layers.4.mlp.act_fn	DECODE	ACTIVATION	1	2368	2368	0	170180451	1.3914641699944725e-05	407460402	3495
ORDINAL	MP05	1	1603	model.layers.4.mlp.down_proj	DECODE	DOWN_PROJECTION	1	20736	20736	0	170180451	0.0001218471327238403	407460402	3495
ORDINAL	MP05	1	1604	model.layers.5.self_attn	DECODE	ATTENTION	6	27712	27712	0	170180451	0.00016283891502908286	407460402	3495
ORDINAL	MP05	1	1605	model.layers.5.mlp.gate_up_proj	DECODE	GATE_UP_PROJECTION	1	38592	38592	0	170180451	0.00022677105256936945	407460402	3495
ORDINAL	MP05	1	1606	model.layers.5.mlp.act_fn	DECODE	ACTIVATION	1	2400	2400	0	170180451	1.4102677398592628e-05	407460402	3495
ORDINAL	MP05	1	1607	model.layers.5.mlp.down_proj	DECODE	DOWN_PROJECTION	1	20544	20544	0	170180451	0.00012071891853195288	407460402	3495
ORDINAL	MP05	1	1608	model.layers.6.self_attn	DECODE	ATTENTION	6	27584	27584	0	170180451	0.00016208677223449126	407460402	3495
ORDINAL	MP05	1	1609	model.layers.6.mlp.gate_up_proj	DECODE	GATE_UP_PROJECTION	1	39072	39072	0	170180451	0.00022959158804908796	407460402	3495
ORDINAL	MP05	1	1610	model.layers.6.mlp.act_fn	DECODE	ACTIVATION	1	2400	2400	0	170180451	1.4102677398592628e-05	407460402	3495
ORDINAL	MP05	1	1611	model.layers.6.mlp.down_proj	DECODE	DOWN_PROJECTION	1	20512	20512	0	170180451	0.00012053088283330498	407460402	3495
ORDINAL	MP05	1	1612	model.layers.7.self_attn	DECODE	ATTENTION	6	27552	27552	0	170180451	0.00016189873653584336	407460402	3495
ORDINAL	MP05	1	1613	model.layers.7.mlp.gate_up_proj	DECODE	GATE_UP_PROJECTION	1	38816	38816	0	170180451	0.00022808730245990475	407460402	3495
ORDINAL	MP05	1	1614	model.layers.7.mlp.act_fn	DECODE	ACTIVATION	1	2432	2432	0	170180451	1.4290713097240528e-05	407460402	3495
ORDINAL	MP05	1	1615	model.layers.7.mlp.down_proj	DECODE	DOWN_PROJECTION	1	20416	20416	0	170180451	0.00011996677573736128	407460402	3495
ORDINAL	MP05	1	1616	model.layers.8.self_attn	DECODE	ATTENTION	6	27520	27520	0	170180451	0.00016171070083719546	407460402	3495
ORDINAL	MP05	1	1617	model.layers.8.mlp.gate_up_proj	DECODE	GATE_UP_PROJECTION	1	39136	39136	0	170180451	0.00022996765944638376	407460402	3495
ORDINAL	MP05	1	1618	model.layers.8.mlp.act_fn	DECODE	ACTIVATION	1	2400	2400	0	170180451	1.4102677398592628e-05	407460402	3495
ORDINAL	MP05	1	1619	model.layers.8.mlp.down_proj	DECODE	DOWN_PROJECTION	1	20576	20576	0	170180451	0.00012090695423060078	407460402	3495
ORDINAL	MP05	1	1620	model.layers.9.self_attn	DECODE	ATTENTION	6	27360	27360	0	170180451	0.00016077052234395595	407460402	3495
ORDINAL	MP05	1	1621	model.layers.9.mlp.gate_up_proj	DECODE	GATE_UP_PROJECTION	1	38624	38624	0	170180451	0.00022695908826801735	407460402	3495
ORDINAL	MP05	1	1622	model.layers.9.mlp.act_fn	DECODE	ACTIVATION	1	2400	2400	0	170180451	1.4102677398592628e-05	407460402	3495
ORDINAL	MP05	1	1623	model.layers.9.mlp.down_proj	DECODE	DOWN_PROJECTION	1	20576	20576	0	170180451	0.00012090695423060078	407460402	3495
ORDINAL	MP05	1	1624	model.layers.10.self_attn	DECODE	ATTENTION	6	27520	27520	0	170180451	0.00016171070083719546	407460402	3495
ORDINAL	MP05	1	1625	model.layers.10.mlp.gate_up_proj	DECODE	GATE_UP_PROJECTION	1	39488	39488	0	170180451	0.0002320360521315107	407460402	3495
ORDINAL	MP05	1	1626	model.layers.10.mlp.act_fn	DECODE	ACTIVATION	1	2400	2400	0	170180451	1.4102677398592628e-05	407460402	3495
ORDINAL	MP05	1	1627	model.layers.10.mlp.down_proj	DECODE	DOWN_PROJECTION	1	20704	20704	0	170180451	0.0001216590970251924	407460402	3495
ORDINAL	MP05	1	1628	model.layers.11.self_attn	DECODE	ATTENTION	6	27616	27616	0	170180451	0.00016227480793313916	407460402	3495
ORDINAL	MP05	1	1629	model.layers.11.mlp.gate_up_proj	DECODE	GATE_UP_PROJECTION	1	38976	38976	0	170180451	0.00022902748095314426	407460402	3495
ORDINAL	MP05	1	1630	model.layers.11.mlp.act_fn	DECODE	ACTIVATION	1	2400	2400	0	170180451	1.4102677398592628e-05	407460402	3495
ORDINAL	MP05	1	1631	model.layers.11.mlp.down_proj	DECODE	DOWN_PROJECTION	1	20768	20768	0	170180451	0.0001220351684224882	407460402	3495
ORDINAL	MP05	1	1632	model.layers.12.self_attn	DECODE	ATTENTION	6	27456	27456	0	170180451	0.00016133462943989965	407460402	3495
ORDINAL	MP05	1	1633	model.layers.12.mlp.gate_up_proj	DECODE	GATE_UP_PROJECTION	1	38944	38944	0	170180451	0.00022883944525449635	407460402	3495
ORDINAL	MP05	1	1634	model.layers.12.mlp.act_fn	DECODE	ACTIVATION	1	2432	2432	0	170180451	1.4290713097240528e-05	407460402	3495
ORDINAL	MP05	1	1635	model.layers.12.mlp.down_proj	DECODE	DOWN_PROJECTION	1	20448	20448	0	170180451	0.00012015481143600918	407460402	3495
ORDINAL	MP05	1	1636	model.layers.13.self_attn	DECODE	ATTENTION	6	27744	27744	0	170180451	0.00016302695072773076	407460402	3495
ORDINAL	MP05	1	1637	model.layers.13.mlp.gate_up_proj	DECODE	GATE_UP_PROJECTION	1	39264	39264	0	170180451	0.00023071980224097536	407460402	3495
ORDINAL	MP05	1	1638	model.layers.13.mlp.act_fn	DECODE	ACTIVATION	1	2400	2400	0	170180451	1.4102677398592628e-05	407460402	3495
ORDINAL	MP05	1	1639	model.layers.13.mlp.down_proj	DECODE	DOWN_PROJECTION	1	20544	20544	0	170180451	0.00012071891853195288	407460402	3495
ORDINAL	MP05	1	1640	model.layers.14.self_attn	DECODE	ATTENTION	6	27808	27808	0	170180451	0.00016340302212502656	407460402	3495
ORDINAL	MP05	1	1641	model.layers.14.mlp.gate_up_proj	DECODE	GATE_UP_PROJECTION	1	39296	39296	0	170180451	0.00023090783793962326	407460402	3495
ORDINAL	MP05	1	1642	model.layers.14.mlp.act_fn	DECODE	ACTIVATION	1	2400	2400	0	170180451	1.4102677398592628e-05	407460402	3495
ORDINAL	MP05	1	1643	model.layers.14.mlp.down_proj	DECODE	DOWN_PROJECTION	1	20384	20384	0	170180451	0.00011977874003871338	407460402	3495
ORDINAL	MP05	1	1644	model.layers.15.self_attn	DECODE	ATTENTION	6	28032	28032	0	170180451	0.00016471927201556187	407460402	3495
ORDINAL	MP05	1	1645	model.layers.15.mlp.gate_up_proj	DECODE	GATE_UP_PROJECTION	1	38816	38816	0	170180451	0.00022808730245990475	407460402	3495
ORDINAL	MP05	1	1646	model.layers.15.mlp.act_fn	DECODE	ACTIVATION	1	2400	2400	0	170180451	1.4102677398592628e-05	407460402	3495
ORDINAL	MP05	1	1647	model.layers.15.mlp.down_proj	DECODE	DOWN_PROJECTION	1	20384	20384	0	170180451	0.00011977874003871338	407460402	3495
ORDINAL	MP05	1	1648	model.layers.16.self_attn	DECODE	ATTENTION	6	27648	27648	0	170180451	0.00016246284363178706	407460402	3495
ORDINAL	MP05	1	1649	model.layers.16.mlp.gate_up_proj	DECODE	GATE_UP_PROJECTION	1	38528	38528	0	170180451	0.00022639498117207364	407460402	3495
ORDINAL	MP05	1	1650	model.layers.16.mlp.act_fn	DECODE	ACTIVATION	1	2400	2400	0	170180451	1.4102677398592628e-05	407460402	3495
ORDINAL	MP05	1	1651	model.layers.16.mlp.down_proj	DECODE	DOWN_PROJECTION	1	20448	20448	0	170180451	0.00012015481143600918	407460402	3495
ORDINAL	MP05	1	1652	model.layers.17.self_attn	DECODE	ATTENTION	6	27648	27648	0	170180451	0.00016246284363178706	407460402	3495
ORDINAL	MP05	1	1653	model.layers.17.mlp.gate_up_proj	DECODE	GATE_UP_PROJECTION	1	39040	39040	0	170180451	0.00022940355235044006	407460402	3495
ORDINAL	MP05	1	1654	model.layers.17.mlp.act_fn	DECODE	ACTIVATION	1	2432	2432	0	170180451	1.4290713097240528e-05	407460402	3495
ORDINAL	MP05	1	1655	model.layers.17.mlp.down_proj	DECODE	DOWN_PROJECTION	1	20544	20544	0	170180451	0.00012071891853195288	407460402	3495
ORDINAL	MP05	1	1656	model.layers.18.self_attn	DECODE	ATTENTION	6	27808	27808	0	170180451	0.00016340302212502656	407460402	3495
ORDINAL	MP05	1	1657	model.layers.18.mlp.gate_up_proj	DECODE	GATE_UP_PROJECTION	1	39008	39008	0	170180451	0.00022921551665179216	407460402	3495
ORDINAL	MP05	1	1658	model.layers.18.mlp.act_fn	DECODE	ACTIVATION	1	2400	2400	0	170180451	1.4102677398592628e-05	407460402	3495
ORDINAL	MP05	1	1659	model.layers.18.mlp.down_proj	DECODE	DOWN_PROJECTION	1	20480	20480	0	170180451	0.00012034284713465708	407460402	3495
ORDINAL	MP05	1	1660	model.layers.19.self_attn	DECODE	ATTENTION	6	27840	27840	0	170180451	0.00016359105782367446	407460402	3495
ORDINAL	MP05	1	1661	model.layers.19.mlp.gate_up_proj	DECODE	GATE_UP_PROJECTION	1	38784	38784	0	170180451	0.00022789926676125685	407460402	3495
ORDINAL	MP05	1	1662	model.layers.19.mlp.act_fn	DECODE	ACTIVATION	1	2368	2368	0	170180451	1.3914641699944725e-05	407460402	3495
ORDINAL	MP05	1	1663	model.layers.19.mlp.down_proj	DECODE	DOWN_PROJECTION	1	20544	20544	0	170180451	0.00012071891853195288	407460402	3495
ORDINAL	MP05	1	1664	model.layers.20.self_attn	DECODE	ATTENTION	6	27584	27584	0	170180451	0.00016208677223449126	407460402	3495
ORDINAL	MP05	1	1665	model.layers.20.mlp.gate_up_proj	DECODE	GATE_UP_PROJECTION	1	39168	39168	0	170180451	0.00023015569514503166	407460402	3495
ORDINAL	MP05	1	1666	model.layers.20.mlp.act_fn	DECODE	ACTIVATION	1	2432	2432	0	170180451	1.4290713097240528e-05	407460402	3495
ORDINAL	MP05	1	1667	model.layers.20.mlp.down_proj	DECODE	DOWN_PROJECTION	1	20608	20608	0	170180451	0.00012109498992924868	407460402	3495
ORDINAL	MP05	1	1668	model.layers.21.self_attn	DECODE	ATTENTION	6	27840	27840	0	170180451	0.00016359105782367446	407460402	3495
ORDINAL	MP05	1	1669	model.layers.21.mlp.gate_up_proj	DECODE	GATE_UP_PROJECTION	1	39231	39231	0	170180451	0.0002305258904267447	407460402	3495
ORDINAL	MP05	1	1670	model.layers.21.mlp.act_fn	DECODE	ACTIVATION	1	2400	2400	0	170180451	1.4102677398592628e-05	407460402	3495
ORDINAL	MP05	1	1671	model.layers.21.mlp.down_proj	DECODE	DOWN_PROJECTION	1	20576	20576	0	170180451	0.00012090695423060078	407460402	3495
ORDINAL	MP05	1	1672	model.layers.22.self_attn	DECODE	ATTENTION	6	27168	27168	0	170180451	0.00015964230815206855	407460402	3495
ORDINAL	MP05	1	1673	model.layers.22.mlp.gate_up_proj	DECODE	GATE_UP_PROJECTION	1	38592	38592	0	170180451	0.00022677105256936945	407460402	3495
ORDINAL	MP05	1	1674	model.layers.22.mlp.act_fn	DECODE	ACTIVATION	1	2400	2400	0	170180451	1.4102677398592628e-05	407460402	3495
ORDINAL	MP05	1	1675	model.layers.22.mlp.down_proj	DECODE	DOWN_PROJECTION	1	20576	20576	0	170180451	0.00012090695423060078	407460402	3495
ORDINAL	MP05	1	1676	model.layers.23.self_attn	DECODE	ATTENTION	6	27520	27520	0	170180451	0.00016171070083719546	407460402	3495
ORDINAL	MP05	1	1677	model.layers.23.mlp.gate_up_proj	DECODE	GATE_UP_PROJECTION	1	39200	39200	0	170180451	0.00023034373084367956	407460402	3495
ORDINAL	MP05	1	1678	model.layers.23.mlp.act_fn	DECODE	ACTIVATION	1	2400	2400	0	170180451	1.4102677398592628e-05	407460402	3495
ORDINAL	MP05	1	1679	model.layers.23.mlp.down_proj	DECODE	DOWN_PROJECTION	1	20544	20544	0	170180451	0.00012071891853195288	407460402	3495
ORDINAL	MP05	1	1680	model.layers.24.self_attn	DECODE	ATTENTION	6	27519	27519	0	170180451	0.0001617048247216127	407460402	3495
ORDINAL	MP05	1	1681	model.layers.24.mlp.gate_up_proj	DECODE	GATE_UP_PROJECTION	1	39200	39200	0	170180451	0.00023034373084367956	407460402	3495
ORDINAL	MP05	1	1682	model.layers.24.mlp.act_fn	DECODE	ACTIVATION	1	2400	2400	0	170180451	1.4102677398592628e-05	407460402	3495
ORDINAL	MP05	1	1683	model.layers.24.mlp.down_proj	DECODE	DOWN_PROJECTION	1	20768	20768	0	170180451	0.0001220351684224882	407460402	3495
ORDINAL	MP05	1	1684	model.layers.25.self_attn	DECODE	ATTENTION	6	27744	27744	0	170180451	0.00016302695072773076	407460402	3495
ORDINAL	MP05	1	1685	model.layers.25.mlp.gate_up_proj	DECODE	GATE_UP_PROJECTION	1	39232	39232	0	170180451	0.00023053176654232746	407460402	3495
ORDINAL	MP05	1	1686	model.layers.25.mlp.act_fn	DECODE	ACTIVATION	1	2400	2400	0	170180451	1.4102677398592628e-05	407460402	3495
ORDINAL	MP05	1	1687	model.layers.25.mlp.down_proj	DECODE	DOWN_PROJECTION	1	20672	20672	0	170180451	0.00012147106132654449	407460402	3495
ORDINAL	MP05	1	1688	model.layers.26.self_attn	DECODE	ATTENTION	6	27648	27648	0	170180451	0.00016246284363178706	407460402	3495
ORDINAL	MP05	1	1689	model.layers.26.mlp.gate_up_proj	DECODE	GATE_UP_PROJECTION	1	38752	38752	0	170180451	0.00022771123106260895	407460402	3495
ORDINAL	MP05	1	1690	model.layers.26.mlp.act_fn	DECODE	ACTIVATION	1	2400	2400	0	170180451	1.4102677398592628e-05	407460402	3495
ORDINAL	MP05	1	1691	model.layers.26.mlp.down_proj	DECODE	DOWN_PROJECTION	1	20576	20576	0	170180451	0.00012090695423060078	407460402	3495
ORDINAL	MP05	1	1692	model.layers.27.self_attn	DECODE	ATTENTION	6	27679	27679	0	170180451	0.0001626450032148522	407460402	3495
ORDINAL	MP05	1	1693	model.layers.27.mlp.gate_up_proj	DECODE	GATE_UP_PROJECTION	1	38912	38912	0	170180451	0.00022865140955584845	407460402	3495
ORDINAL	MP05	1	1694	model.layers.27.mlp.act_fn	DECODE	ACTIVATION	1	2400	2400	0	170180451	1.4102677398592628e-05	407460402	3495
ORDINAL	MP05	1	1695	model.layers.27.mlp.down_proj	DECODE	DOWN_PROJECTION	1	20480	20480	0	170180451	0.00012034284713465708	407460402	3495
ORDINAL	MP05	1	1696	model.layers.28.self_attn	DECODE	ATTENTION	6	27936	27936	0	170180451	0.00016415516491961817	407460402	3495
ORDINAL	MP05	1	1697	model.layers.28.mlp.gate_up_proj	DECODE	GATE_UP_PROJECTION	1	38720	38720	0	170180451	0.00022752319536396105	407460402	3495
ORDINAL	MP05	1	1698	model.layers.28.mlp.act_fn	DECODE	ACTIVATION	1	2432	2432	0	170180451	1.4290713097240528e-05	407460402	3495
ORDINAL	MP05	1	1699	model.layers.28.mlp.down_proj	DECODE	DOWN_PROJECTION	1	20512	20512	0	170180451	0.00012053088283330498	407460402	3495
ORDINAL	MP05	1	1700	model.layers.29.self_attn	DECODE	ATTENTION	6	27744	27744	0	170180451	0.00016302695072773076	407460402	3495
ORDINAL	MP05	1	1701	model.layers.29.mlp.gate_up_proj	DECODE	GATE_UP_PROJECTION	1	38848	38848	0	170180451	0.00022827533815855265	407460402	3495
ORDINAL	MP05	1	1702	model.layers.29.mlp.act_fn	DECODE	ACTIVATION	1	2400	2400	0	170180451	1.4102677398592628e-05	407460402	3495
ORDINAL	MP05	1	1703	model.layers.29.mlp.down_proj	DECODE	DOWN_PROJECTION	1	20416	20416	0	170180451	0.00011996677573736128	407460402	3495
ORDINAL	MP05	1	1704	model.layers.30.self_attn	DECODE	ATTENTION	6	27744	27744	0	170180451	0.00016302695072773076	407460402	3495
ORDINAL	MP05	1	1705	model.layers.30.mlp.gate_up_proj	DECODE	GATE_UP_PROJECTION	1	39040	39040	0	170180451	0.00022940355235044006	407460402	3495
ORDINAL	MP05	1	1706	model.layers.30.mlp.act_fn	DECODE	ACTIVATION	1	2400	2400	0	170180451	1.4102677398592628e-05	407460402	3495
ORDINAL	MP05	1	1707	model.layers.30.mlp.down_proj	DECODE	DOWN_PROJECTION	1	20480	20480	0	170180451	0.00012034284713465708	407460402	3495
ORDINAL	MP05	1	1708	model.layers.31.self_attn	DECODE	ATTENTION	6	27392	27392	0	170180451	0.00016095855804260385	407460402	3495
ORDINAL	MP05	1	1709	model.layers.31.mlp.gate_up_proj	DECODE	GATE_UP_PROJECTION	1	38688	38688	0	170180451	0.00022733515966531315	407460402	3495
ORDINAL	MP05	1	1710	model.layers.31.mlp.act_fn	DECODE	ACTIVATION	1	2400	2400	0	170180451	1.4102677398592628e-05	407460402	3495
ORDINAL	MP05	1	1711	model.layers.31.mlp.down_proj	DECODE	DOWN_PROJECTION	1	20896	20896	0	170180451	0.0001227873112170798	407460402	3495
ORDINAL	MP05	1	1712	model.layers.32.self_attn	DECODE	ATTENTION	6	27424	27424	0	170180451	0.00016114659374125175	407460402	3495
ORDINAL	MP05	1	1713	model.layers.32.mlp.gate_up_proj	DECODE	GATE_UP_PROJECTION	1	38944	38944	0	170180451	0.00022883944525449635	407460402	3495
ORDINAL	MP05	1	1714	model.layers.32.mlp.act_fn	DECODE	ACTIVATION	1	2400	2400	0	170180451	1.4102677398592628e-05	407460402	3495
ORDINAL	MP05	1	1715	model.layers.32.mlp.down_proj	DECODE	DOWN_PROJECTION	1	20672	20672	0	170180451	0.00012147106132654449	407460402	3495
ORDINAL	MP05	1	1716	model.layers.33.self_attn	DECODE	ATTENTION	6	27456	27456	0	170180451	0.00016133462943989965	407460402	3495
ORDINAL	MP05	1	1717	model.layers.33.mlp.gate_up_proj	DECODE	GATE_UP_PROJECTION	1	38880	38880	0	170180451	0.00022846337385720055	407460402	3495
ORDINAL	MP05	1	1718	model.layers.33.mlp.act_fn	DECODE	ACTIVATION	1	2368	2368	0	170180451	1.3914641699944725e-05	407460402	3495
ORDINAL	MP05	1	1719	model.layers.33.mlp.down_proj	DECODE	DOWN_PROJECTION	1	20416	20416	0	170180451	0.00011996677573736128	407460402	3495
ORDINAL	MP05	1	1720	model.layers.34.self_attn	DECODE	ATTENTION	6	27488	27488	0	170180451	0.00016152266513854755	407460402	3495
ORDINAL	MP05	1	1721	model.layers.34.mlp.gate_up_proj	DECODE	GATE_UP_PROJECTION	1	38720	38720	0	170180451	0.00022752319536396105	407460402	3495
ORDINAL	MP05	1	1722	model.layers.34.mlp.act_fn	DECODE	ACTIVATION	1	2400	2400	0	170180451	1.4102677398592628e-05	407460402	3495
ORDINAL	MP05	1	1723	model.layers.34.mlp.down_proj	DECODE	DOWN_PROJECTION	1	20416	20416	0	170180451	0.00011996677573736128	407460402	3495
ORDINAL	MP05	1	1724	model.layers.35.self_attn	DECODE	ATTENTION	6	27616	27616	0	170180451	0.00016227480793313916	407460402	3495
ORDINAL	MP05	1	1725	model.layers.35.mlp.gate_up_proj	DECODE	GATE_UP_PROJECTION	1	38688	38688	0	170180451	0.00022733515966531315	407460402	3495
ORDINAL	MP05	1	1726	model.layers.35.mlp.act_fn	DECODE	ACTIVATION	1	2368	2368	0	170180451	1.3914641699944725e-05	407460402	3495
ORDINAL	MP05	1	1727	model.layers.35.mlp.down_proj	DECODE	DOWN_PROJECTION	1	20640	20640	0	170180451	0.00012128302562789659	407460402	3495
ORDINAL	MP05	1	1728	model.layers.0.self_attn	DECODE	ATTENTION	6	28064	28064	0	170180451	0.00016490730771420977	407460402	3495
ORDINAL	MP05	1	1729	model.layers.0.mlp.gate_up_proj	DECODE	GATE_UP_PROJECTION	1	39296	39296	0	170180451	0.00023090783793962326	407460402	3495
ORDINAL	MP05	1	1730	model.layers.0.mlp.act_fn	DECODE	ACTIVATION	1	2400	2400	0	170180451	1.4102677398592628e-05	407460402	3495
ORDINAL	MP05	1	1731	model.layers.0.mlp.down_proj	DECODE	DOWN_PROJECTION	1	20800	20800	0	170180451	0.0001222232041211361	407460402	3495
ORDINAL	MP05	1	1732	model.layers.1.self_attn	DECODE	ATTENTION	6	27648	27648	0	170180451	0.00016246284363178706	407460402	3495
ORDINAL	MP05	1	1733	model.layers.1.mlp.gate_up_proj	DECODE	GATE_UP_PROJECTION	1	40384	40384	0	170180451	0.00023730105169365195	407460402	3495
ORDINAL	MP05	1	1734	model.layers.1.mlp.act_fn	DECODE	ACTIVATION	1	2368	2368	0	170180451	1.3914641699944725e-05	407460402	3495
ORDINAL	MP05	1	1735	model.layers.1.mlp.down_proj	DECODE	DOWN_PROJECTION	1	20832	20832	0	170180451	0.000122411239819784	407460402	3495
ORDINAL	MP05	1	1736	model.layers.2.self_attn	DECODE	ATTENTION	6	27808	27808	0	170180451	0.00016340302212502656	407460402	3495
ORDINAL	MP05	1	1737	model.layers.2.mlp.gate_up_proj	DECODE	GATE_UP_PROJECTION	1	38688	38688	0	170180451	0.00022733515966531315	407460402	3495
ORDINAL	MP05	1	1738	model.layers.2.mlp.act_fn	DECODE	ACTIVATION	1	2400	2400	0	170180451	1.4102677398592628e-05	407460402	3495
ORDINAL	MP05	1	1739	model.layers.2.mlp.down_proj	DECODE	DOWN_PROJECTION	1	20608	20608	0	170180451	0.00012109498992924868	407460402	3495
ORDINAL	MP05	1	1740	model.layers.3.self_attn	DECODE	ATTENTION	6	27744	27744	0	170180451	0.00016302695072773076	407460402	3495
ORDINAL	MP05	1	1741	model.layers.3.mlp.gate_up_proj	DECODE	GATE_UP_PROJECTION	1	39488	39488	0	170180451	0.0002320360521315107	407460402	3495
ORDINAL	MP05	1	1742	model.layers.3.mlp.act_fn	DECODE	ACTIVATION	1	2368	2368	0	170180451	1.3914641699944725e-05	407460402	3495
ORDINAL	MP05	1	1743	model.layers.3.mlp.down_proj	DECODE	DOWN_PROJECTION	1	20736	20736	0	170180451	0.0001218471327238403	407460402	3495
ORDINAL	MP05	1	1744	model.layers.4.self_attn	DECODE	ATTENTION	6	27488	27488	0	170180451	0.00016152266513854755	407460402	3495
ORDINAL	MP05	1	1745	model.layers.4.mlp.gate_up_proj	DECODE	GATE_UP_PROJECTION	1	39008	39008	0	170180451	0.00022921551665179216	407460402	3495
ORDINAL	MP05	1	1746	model.layers.4.mlp.act_fn	DECODE	ACTIVATION	1	2400	2400	0	170180451	1.4102677398592628e-05	407460402	3495
ORDINAL	MP05	1	1747	model.layers.4.mlp.down_proj	DECODE	DOWN_PROJECTION	1	20320	20320	0	170180451	0.00011940266864141758	407460402	3495
ORDINAL	MP05	1	1748	model.layers.5.self_attn	DECODE	ATTENTION	6	27776	27776	0	170180451	0.00016321498642637866	407460402	3495
ORDINAL	MP05	1	1749	model.layers.5.mlp.gate_up_proj	DECODE	GATE_UP_PROJECTION	1	39296	39296	0	170180451	0.00023090783793962326	407460402	3495
ORDINAL	MP05	1	1750	model.layers.5.mlp.act_fn	DECODE	ACTIVATION	1	2400	2400	0	170180451	1.4102677398592628e-05	407460402	3495
ORDINAL	MP05	1	1751	model.layers.5.mlp.down_proj	DECODE	DOWN_PROJECTION	1	20480	20480	0	170180451	0.00012034284713465708	407460402	3495
ORDINAL	MP05	1	1752	model.layers.6.self_attn	DECODE	ATTENTION	6	27584	27584	0	170180451	0.00016208677223449126	407460402	3495
ORDINAL	MP05	1	1753	model.layers.6.mlp.gate_up_proj	DECODE	GATE_UP_PROJECTION	1	39360	39360	0	170180451	0.0002312839093369191	407460402	3495
ORDINAL	MP05	1	1754	model.layers.6.mlp.act_fn	DECODE	ACTIVATION	1	2400	2400	0	170180451	1.4102677398592628e-05	407460402	3495
ORDINAL	MP05	1	1755	model.layers.6.mlp.down_proj	DECODE	DOWN_PROJECTION	1	20384	20384	0	170180451	0.00011977874003871338	407460402	3495
ORDINAL	MP05	1	1756	model.layers.7.self_attn	DECODE	ATTENTION	6	27360	27360	0	170180451	0.00016077052234395595	407460402	3495
ORDINAL	MP05	1	1757	model.layers.7.mlp.gate_up_proj	DECODE	GATE_UP_PROJECTION	1	39072	39072	0	170180451	0.00022959158804908796	407460402	3495
ORDINAL	MP05	1	1758	model.layers.7.mlp.act_fn	DECODE	ACTIVATION	1	2400	2400	0	170180451	1.4102677398592628e-05	407460402	3495
ORDINAL	MP05	1	1759	model.layers.7.mlp.down_proj	DECODE	DOWN_PROJECTION	1	20448	20448	0	170180451	0.00012015481143600918	407460402	3495
ORDINAL	MP05	1	1760	model.layers.8.self_attn	DECODE	ATTENTION	6	27392	27392	0	170180451	0.00016095855804260385	407460402	3495
ORDINAL	MP05	1	1761	model.layers.8.mlp.gate_up_proj	DECODE	GATE_UP_PROJECTION	1	38752	38752	0	170180451	0.00022771123106260895	407460402	3495
ORDINAL	MP05	1	1762	model.layers.8.mlp.act_fn	DECODE	ACTIVATION	1	2400	2400	0	170180451	1.4102677398592628e-05	407460402	3495
ORDINAL	MP05	1	1763	model.layers.8.mlp.down_proj	DECODE	DOWN_PROJECTION	1	20320	20320	0	170180451	0.00011940266864141758	407460402	3495
ORDINAL	MP05	1	1764	model.layers.9.self_attn	DECODE	ATTENTION	6	27648	27648	0	170180451	0.00016246284363178706	407460402	3495
ORDINAL	MP05	1	1765	model.layers.9.mlp.gate_up_proj	DECODE	GATE_UP_PROJECTION	1	38688	38688	0	170180451	0.00022733515966531315	407460402	3495
ORDINAL	MP05	1	1766	model.layers.9.mlp.act_fn	DECODE	ACTIVATION	1	2368	2368	0	170180451	1.3914641699944725e-05	407460402	3495
ORDINAL	MP05	1	1767	model.layers.9.mlp.down_proj	DECODE	DOWN_PROJECTION	1	20448	20448	0	170180451	0.00012015481143600918	407460402	3495
ORDINAL	MP05	1	1768	model.layers.10.self_attn	DECODE	ATTENTION	6	27424	27424	0	170180451	0.00016114659374125175	407460402	3495
ORDINAL	MP05	1	1769	model.layers.10.mlp.gate_up_proj	DECODE	GATE_UP_PROJECTION	1	39776	39776	0	170180451	0.0002337283734193418	407460402	3495
ORDINAL	MP05	1	1770	model.layers.10.mlp.act_fn	DECODE	ACTIVATION	1	2400	2400	0	170180451	1.4102677398592628e-05	407460402	3495
ORDINAL	MP05	1	1771	model.layers.10.mlp.down_proj	DECODE	DOWN_PROJECTION	1	20480	20480	0	170180451	0.00012034284713465708	407460402	3495
ORDINAL	MP05	1	1772	model.layers.11.self_attn	DECODE	ATTENTION	6	27872	27872	0	170180451	0.00016377909352232236	407460402	3495
ORDINAL	MP05	1	1773	model.layers.11.mlp.gate_up_proj	DECODE	GATE_UP_PROJECTION	1	39008	39008	0	170180451	0.00022921551665179216	407460402	3495
ORDINAL	MP05	1	1774	model.layers.11.mlp.act_fn	DECODE	ACTIVATION	1	2400	2400	0	170180451	1.4102677398592628e-05	407460402	3495
ORDINAL	MP05	1	1775	model.layers.11.mlp.down_proj	DECODE	DOWN_PROJECTION	1	20672	20672	0	170180451	0.00012147106132654449	407460402	3495
ORDINAL	MP05	1	1776	model.layers.12.self_attn	DECODE	ATTENTION	6	27712	27712	0	170180451	0.00016283891502908286	407460402	3495
ORDINAL	MP05	1	1777	model.layers.12.mlp.gate_up_proj	DECODE	GATE_UP_PROJECTION	1	39360	39360	0	170180451	0.0002312839093369191	407460402	3495
ORDINAL	MP05	1	1778	model.layers.12.mlp.act_fn	DECODE	ACTIVATION	1	2368	2368	0	170180451	1.3914641699944725e-05	407460402	3495
ORDINAL	MP05	1	1779	model.layers.12.mlp.down_proj	DECODE	DOWN_PROJECTION	1	20480	20480	0	170180451	0.00012034284713465708	407460402	3495
ORDINAL	MP05	1	1780	model.layers.13.self_attn	DECODE	ATTENTION	6	27776	27776	0	170180451	0.00016321498642637866	407460402	3495
ORDINAL	MP05	1	1781	model.layers.13.mlp.gate_up_proj	DECODE	GATE_UP_PROJECTION	1	39072	39072	0	170180451	0.00022959158804908796	407460402	3495
ORDINAL	MP05	1	1782	model.layers.13.mlp.act_fn	DECODE	ACTIVATION	1	2368	2368	0	170180451	1.3914641699944725e-05	407460402	3495
ORDINAL	MP05	1	1783	model.layers.13.mlp.down_proj	DECODE	DOWN_PROJECTION	1	20672	20672	0	170180451	0.00012147106132654449	407460402	3495
ORDINAL	MP05	1	1784	model.layers.14.self_attn	DECODE	ATTENTION	6	27456	27456	0	170180451	0.00016133462943989965	407460402	3495
ORDINAL	MP05	1	1785	model.layers.14.mlp.gate_up_proj	DECODE	GATE_UP_PROJECTION	1	39040	39040	0	170180451	0.00022940355235044006	407460402	3495
ORDINAL	MP05	1	1786	model.layers.14.mlp.act_fn	DECODE	ACTIVATION	1	2368	2368	0	170180451	1.3914641699944725e-05	407460402	3495
ORDINAL	MP05	1	1787	model.layers.14.mlp.down_proj	DECODE	DOWN_PROJECTION	1	20512	20512	0	170180451	0.00012053088283330498	407460402	3495
ORDINAL	MP05	1	1788	model.layers.15.self_attn	DECODE	ATTENTION	6	27712	27712	0	170180451	0.00016283891502908286	407460402	3495
ORDINAL	MP05	1	1789	model.layers.15.mlp.gate_up_proj	DECODE	GATE_UP_PROJECTION	1	38848	38848	0	170180451	0.00022827533815855265	407460402	3495
ORDINAL	MP05	1	1790	model.layers.15.mlp.act_fn	DECODE	ACTIVATION	1	2400	2400	0	170180451	1.4102677398592628e-05	407460402	3495
ORDINAL	MP05	1	1791	model.layers.15.mlp.down_proj	DECODE	DOWN_PROJECTION	1	20608	20608	0	170180451	0.00012109498992924868	407460402	3495
ORDINAL	MP05	1	1792	model.layers.16.self_attn	DECODE	ATTENTION	6	27584	27584	0	170180451	0.00016208677223449126	407460402	3495
ORDINAL	MP05	1	1793	model.layers.16.mlp.gate_up_proj	DECODE	GATE_UP_PROJECTION	1	38912	38912	0	170180451	0.00022865140955584845	407460402	3495
ORDINAL	MP05	1	1794	model.layers.16.mlp.act_fn	DECODE	ACTIVATION	1	2400	2400	0	170180451	1.4102677398592628e-05	407460402	3495
ORDINAL	MP05	1	1795	model.layers.16.mlp.down_proj	DECODE	DOWN_PROJECTION	1	20672	20672	0	170180451	0.00012147106132654449	407460402	3495
ORDINAL	MP05	1	1796	model.layers.17.self_attn	DECODE	ATTENTION	6	27680	27680	0	170180451	0.00016265087933043496	407460402	3495
ORDINAL	MP05	1	1797	model.layers.17.mlp.gate_up_proj	DECODE	GATE_UP_PROJECTION	1	38848	38848	0	170180451	0.00022827533815855265	407460402	3495
ORDINAL	MP05	1	1798	model.layers.17.mlp.act_fn	DECODE	ACTIVATION	1	2400	2400	0	170180451	1.4102677398592628e-05	407460402	3495
ORDINAL	MP05	1	1799	model.layers.17.mlp.down_proj	DECODE	DOWN_PROJECTION	1	20480	20480	0	170180451	0.00012034284713465708	407460402	3495
ORDINAL	MP05	1	1800	model.layers.18.self_attn	DECODE	ATTENTION	6	27680	27680	0	170180451	0.00016265087933043496	407460402	3495
ORDINAL	MP05	1	1801	model.layers.18.mlp.gate_up_proj	DECODE	GATE_UP_PROJECTION	1	38752	38752	0	170180451	0.00022771123106260895	407460402	3495
ORDINAL	MP05	1	1802	model.layers.18.mlp.act_fn	DECODE	ACTIVATION	1	2400	2400	0	170180451	1.4102677398592628e-05	407460402	3495
ORDINAL	MP05	1	1803	model.layers.18.mlp.down_proj	DECODE	DOWN_PROJECTION	1	20384	20384	0	170180451	0.00011977874003871338	407460402	3495
ORDINAL	MP05	1	1804	model.layers.19.self_attn	DECODE	ATTENTION	6	27712	27712	0	170180451	0.00016283891502908286	407460402	3495
ORDINAL	MP05	1	1805	model.layers.19.mlp.gate_up_proj	DECODE	GATE_UP_PROJECTION	1	39232	39232	0	170180451	0.00023053176654232746	407460402	3495
ORDINAL	MP05	1	1806	model.layers.19.mlp.act_fn	DECODE	ACTIVATION	1	2400	2400	0	170180451	1.4102677398592628e-05	407460402	3495
ORDINAL	MP05	1	1807	model.layers.19.mlp.down_proj	DECODE	DOWN_PROJECTION	1	20480	20480	0	170180451	0.00012034284713465708	407460402	3495
ORDINAL	MP05	1	1808	model.layers.20.self_attn	DECODE	ATTENTION	6	27520	27520	0	170180451	0.00016171070083719546	407460402	3495
ORDINAL	MP05	1	1809	model.layers.20.mlp.gate_up_proj	DECODE	GATE_UP_PROJECTION	1	39136	39136	0	170180451	0.00022996765944638376	407460402	3495
ORDINAL	MP05	1	1810	model.layers.20.mlp.act_fn	DECODE	ACTIVATION	1	2400	2400	0	170180451	1.4102677398592628e-05	407460402	3495
ORDINAL	MP05	1	1811	model.layers.20.mlp.down_proj	DECODE	DOWN_PROJECTION	1	20384	20384	0	170180451	0.00011977874003871338	407460402	3495
ORDINAL	MP05	1	1812	model.layers.21.self_attn	DECODE	ATTENTION	6	27808	27808	0	170180451	0.00016340302212502656	407460402	3495
ORDINAL	MP05	1	1813	model.layers.21.mlp.gate_up_proj	DECODE	GATE_UP_PROJECTION	1	39040	39040	0	170180451	0.00022940355235044006	407460402	3495
ORDINAL	MP05	1	1814	model.layers.21.mlp.act_fn	DECODE	ACTIVATION	1	2400	2400	0	170180451	1.4102677398592628e-05	407460402	3495
ORDINAL	MP05	1	1815	model.layers.21.mlp.down_proj	DECODE	DOWN_PROJECTION	1	20416	20416	0	170180451	0.00011996677573736128	407460402	3495
ORDINAL	MP05	1	1816	model.layers.22.self_attn	DECODE	ATTENTION	6	27520	27520	0	170180451	0.00016171070083719546	407460402	3495
ORDINAL	MP05	1	1817	model.layers.22.mlp.gate_up_proj	DECODE	GATE_UP_PROJECTION	1	38880	38880	0	170180451	0.00022846337385720055	407460402	3495
ORDINAL	MP05	1	1818	model.layers.22.mlp.act_fn	DECODE	ACTIVATION	1	2400	2400	0	170180451	1.4102677398592628e-05	407460402	3495
ORDINAL	MP05	1	1819	model.layers.22.mlp.down_proj	DECODE	DOWN_PROJECTION	1	20416	20416	0	170180451	0.00011996677573736128	407460402	3495
ORDINAL	MP05	1	1820	model.layers.23.self_attn	DECODE	ATTENTION	6	27776	27776	0	170180451	0.00016321498642637866	407460402	3495
ORDINAL	MP05	1	1821	model.layers.23.mlp.gate_up_proj	DECODE	GATE_UP_PROJECTION	1	38976	38976	0	170180451	0.00022902748095314426	407460402	3495
ORDINAL	MP05	1	1822	model.layers.23.mlp.act_fn	DECODE	ACTIVATION	1	2368	2368	0	170180451	1.3914641699944725e-05	407460402	3495
ORDINAL	MP05	1	1823	model.layers.23.mlp.down_proj	DECODE	DOWN_PROJECTION	1	20416	20416	0	170180451	0.00011996677573736128	407460402	3495
ORDINAL	MP05	1	1824	model.layers.24.self_attn	DECODE	ATTENTION	6	27616	27616	0	170180451	0.00016227480793313916	407460402	3495
ORDINAL	MP05	1	1825	model.layers.24.mlp.gate_up_proj	DECODE	GATE_UP_PROJECTION	1	39008	39008	0	170180451	0.00022921551665179216	407460402	3495
ORDINAL	MP05	1	1826	model.layers.24.mlp.act_fn	DECODE	ACTIVATION	1	2368	2368	0	170180451	1.3914641699944725e-05	407460402	3495
ORDINAL	MP05	1	1827	model.layers.24.mlp.down_proj	DECODE	DOWN_PROJECTION	1	20448	20448	0	170180451	0.00012015481143600918	407460402	3495
ORDINAL	MP05	1	1828	model.layers.25.self_attn	DECODE	ATTENTION	6	27776	27776	0	170180451	0.00016321498642637866	407460402	3495
ORDINAL	MP05	1	1829	model.layers.25.mlp.gate_up_proj	DECODE	GATE_UP_PROJECTION	1	38880	38880	0	170180451	0.00022846337385720055	407460402	3495
ORDINAL	MP05	1	1830	model.layers.25.mlp.act_fn	DECODE	ACTIVATION	1	2400	2400	0	170180451	1.4102677398592628e-05	407460402	3495
ORDINAL	MP05	1	1831	model.layers.25.mlp.down_proj	DECODE	DOWN_PROJECTION	1	20480	20480	0	170180451	0.00012034284713465708	407460402	3495
ORDINAL	MP05	1	1832	model.layers.26.self_attn	DECODE	ATTENTION	6	27584	27584	0	170180451	0.00016208677223449126	407460402	3495
ORDINAL	MP05	1	1833	model.layers.26.mlp.gate_up_proj	DECODE	GATE_UP_PROJECTION	1	38784	38784	0	170180451	0.00022789926676125685	407460402	3495
ORDINAL	MP05	1	1834	model.layers.26.mlp.act_fn	DECODE	ACTIVATION	1	2400	2400	0	170180451	1.4102677398592628e-05	407460402	3495
ORDINAL	MP05	1	1835	model.layers.26.mlp.down_proj	DECODE	DOWN_PROJECTION	1	20480	20480	0	170180451	0.00012034284713465708	407460402	3495
ORDINAL	MP05	1	1836	model.layers.27.self_attn	DECODE	ATTENTION	6	27584	27584	0	170180451	0.00016208677223449126	407460402	3495
ORDINAL	MP05	1	1837	model.layers.27.mlp.gate_up_proj	DECODE	GATE_UP_PROJECTION	1	38943	38943	0	170180451	0.0002288335691389136	407460402	3495
ORDINAL	MP05	1	1838	model.layers.27.mlp.act_fn	DECODE	ACTIVATION	1	2400	2400	0	170180451	1.4102677398592628e-05	407460402	3495
ORDINAL	MP05	1	1839	model.layers.27.mlp.down_proj	DECODE	DOWN_PROJECTION	1	20608	20608	0	170180451	0.00012109498992924868	407460402	3495
ORDINAL	MP05	1	1840	model.layers.28.self_attn	DECODE	ATTENTION	6	27744	27744	0	170180451	0.00016302695072773076	407460402	3495
ORDINAL	MP05	1	1841	model.layers.28.mlp.gate_up_proj	DECODE	GATE_UP_PROJECTION	1	39136	39136	0	170180451	0.00022996765944638376	407460402	3495
ORDINAL	MP05	1	1842	model.layers.28.mlp.act_fn	DECODE	ACTIVATION	1	2400	2400	0	170180451	1.4102677398592628e-05	407460402	3495
ORDINAL	MP05	1	1843	model.layers.28.mlp.down_proj	DECODE	DOWN_PROJECTION	1	20480	20480	0	170180451	0.00012034284713465708	407460402	3495
ORDINAL	MP05	1	1844	model.layers.29.self_attn	DECODE	ATTENTION	6	27648	27648	0	170180451	0.00016246284363178706	407460402	3495
ORDINAL	MP05	1	1845	model.layers.29.mlp.gate_up_proj	DECODE	GATE_UP_PROJECTION	1	38688	38688	0	170180451	0.00022733515966531315	407460402	3495
ORDINAL	MP05	1	1846	model.layers.29.mlp.act_fn	DECODE	ACTIVATION	1	2400	2400	0	170180451	1.4102677398592628e-05	407460402	3495
ORDINAL	MP05	1	1847	model.layers.29.mlp.down_proj	DECODE	DOWN_PROJECTION	1	20512	20512	0	170180451	0.00012053088283330498	407460402	3495
ORDINAL	MP05	1	1848	model.layers.30.self_attn	DECODE	ATTENTION	6	27744	27744	0	170180451	0.00016302695072773076	407460402	3495
ORDINAL	MP05	1	1849	model.layers.30.mlp.gate_up_proj	DECODE	GATE_UP_PROJECTION	1	38624	38624	0	170180451	0.00022695908826801735	407460402	3495
ORDINAL	MP05	1	1850	model.layers.30.mlp.act_fn	DECODE	ACTIVATION	1	2368	2368	0	170180451	1.3914641699944725e-05	407460402	3495
ORDINAL	MP05	1	1851	model.layers.30.mlp.down_proj	DECODE	DOWN_PROJECTION	1	20416	20416	0	170180451	0.00011996677573736128	407460402	3495
ORDINAL	MP05	1	1852	model.layers.31.self_attn	DECODE	ATTENTION	6	27584	27584	0	170180451	0.00016208677223449126	407460402	3495
ORDINAL	MP05	1	1853	model.layers.31.mlp.gate_up_proj	DECODE	GATE_UP_PROJECTION	1	38752	38752	0	170180451	0.00022771123106260895	407460402	3495
ORDINAL	MP05	1	1854	model.layers.31.mlp.act_fn	DECODE	ACTIVATION	1	2400	2400	0	170180451	1.4102677398592628e-05	407460402	3495
ORDINAL	MP05	1	1855	model.layers.31.mlp.down_proj	DECODE	DOWN_PROJECTION	1	20640	20640	0	170180451	0.00012128302562789659	407460402	3495
ORDINAL	MP05	1	1856	model.layers.32.self_attn	DECODE	ATTENTION	6	27552	27552	0	170180451	0.00016189873653584336	407460402	3495
ORDINAL	MP05	1	1857	model.layers.32.mlp.gate_up_proj	DECODE	GATE_UP_PROJECTION	1	39072	39072	0	170180451	0.00022959158804908796	407460402	3495
ORDINAL	MP05	1	1858	model.layers.32.mlp.act_fn	DECODE	ACTIVATION	1	2368	2368	0	170180451	1.3914641699944725e-05	407460402	3495
ORDINAL	MP05	1	1859	model.layers.32.mlp.down_proj	DECODE	DOWN_PROJECTION	1	20480	20480	0	170180451	0.00012034284713465708	407460402	3495
ORDINAL	MP05	1	1860	model.layers.33.self_attn	DECODE	ATTENTION	6	27424	27424	0	170180451	0.00016114659374125175	407460402	3495
ORDINAL	MP05	1	1861	model.layers.33.mlp.gate_up_proj	DECODE	GATE_UP_PROJECTION	1	38848	38848	0	170180451	0.00022827533815855265	407460402	3495
ORDINAL	MP05	1	1862	model.layers.33.mlp.act_fn	DECODE	ACTIVATION	1	2368	2368	0	170180451	1.3914641699944725e-05	407460402	3495
ORDINAL	MP05	1	1863	model.layers.33.mlp.down_proj	DECODE	DOWN_PROJECTION	1	20608	20608	0	170180451	0.00012109498992924868	407460402	3495
ORDINAL	MP05	1	1864	model.layers.34.self_attn	DECODE	ATTENTION	6	27296	27296	0	170180451	0.00016039445094666015	407460402	3495
ORDINAL	MP05	1	1865	model.layers.34.mlp.gate_up_proj	DECODE	GATE_UP_PROJECTION	1	39424	39424	0	170180451	0.0002316599807342149	407460402	3495
ORDINAL	MP05	1	1866	model.layers.34.mlp.act_fn	DECODE	ACTIVATION	1	2400	2400	0	170180451	1.4102677398592628e-05	407460402	3495
ORDINAL	MP05	1	1867	model.layers.34.mlp.down_proj	DECODE	DOWN_PROJECTION	1	20512	20512	0	170180451	0.00012053088283330498	407460402	3495
ORDINAL	MP05	1	1868	model.layers.35.self_attn	DECODE	ATTENTION	6	27648	27648	0	170180451	0.00016246284363178706	407460402	3495
ORDINAL	MP05	1	1869	model.layers.35.mlp.gate_up_proj	DECODE	GATE_UP_PROJECTION	1	39040	39040	0	170180451	0.00022940355235044006	407460402	3495
ORDINAL	MP05	1	1870	model.layers.35.mlp.act_fn	DECODE	ACTIVATION	1	2368	2368	0	170180451	1.3914641699944725e-05	407460402	3495
ORDINAL	MP05	1	1871	model.layers.35.mlp.down_proj	DECODE	DOWN_PROJECTION	1	20512	20512	0	170180451	0.00012053088283330498	407460402	3495
ORDINAL	MP05	1	1872	model.layers.0.self_attn	DECODE	ATTENTION	6	28000	28000	0	170180451	0.00016453123631691397	407460402	3495
ORDINAL	MP05	1	1873	model.layers.0.mlp.gate_up_proj	DECODE	GATE_UP_PROJECTION	1	39008	39008	0	170180451	0.00022921551665179216	407460402	3495
ORDINAL	MP05	1	1874	model.layers.0.mlp.act_fn	DECODE	ACTIVATION	1	2400	2400	0	170180451	1.4102677398592628e-05	407460402	3495
ORDINAL	MP05	1	1875	model.layers.0.mlp.down_proj	DECODE	DOWN_PROJECTION	1	20608	20608	0	170180451	0.00012109498992924868	407460402	3495
ORDINAL	MP05	1	1876	model.layers.1.self_attn	DECODE	ATTENTION	6	27712	27712	0	170180451	0.00016283891502908286	407460402	3495
ORDINAL	MP05	1	1877	model.layers.1.mlp.gate_up_proj	DECODE	GATE_UP_PROJECTION	1	40800	40800	0	170180451	0.00023974551577607466	407460402	3495
ORDINAL	MP05	1	1878	model.layers.1.mlp.act_fn	DECODE	ACTIVATION	1	2400	2400	0	170180451	1.4102677398592628e-05	407460402	3495
ORDINAL	MP05	1	1879	model.layers.1.mlp.down_proj	DECODE	DOWN_PROJECTION	1	20928	20928	0	170180451	0.0001229753469157277	407460402	3495
ORDINAL	MP05	1	1880	model.layers.2.self_attn	DECODE	ATTENTION	6	27680	27680	0	170180451	0.00016265087933043496	407460402	3495
ORDINAL	MP05	1	1881	model.layers.2.mlp.gate_up_proj	DECODE	GATE_UP_PROJECTION	1	39168	39168	0	170180451	0.00023015569514503166	407460402	3495
ORDINAL	MP05	1	1882	model.layers.2.mlp.act_fn	DECODE	ACTIVATION	1	2368	2368	0	170180451	1.3914641699944725e-05	407460402	3495
ORDINAL	MP05	1	1883	model.layers.2.mlp.down_proj	DECODE	DOWN_PROJECTION	1	20416	20416	0	170180451	0.00011996677573736128	407460402	3495
ORDINAL	MP05	1	1884	model.layers.3.self_attn	DECODE	ATTENTION	6	27648	27648	0	170180451	0.00016246284363178706	407460402	3495
ORDINAL	MP05	1	1885	model.layers.3.mlp.gate_up_proj	DECODE	GATE_UP_PROJECTION	1	38912	38912	0	170180451	0.00022865140955584845	407460402	3495
ORDINAL	MP05	1	1886	model.layers.3.mlp.act_fn	DECODE	ACTIVATION	1	2400	2400	0	170180451	1.4102677398592628e-05	407460402	3495
ORDINAL	MP05	1	1887	model.layers.3.mlp.down_proj	DECODE	DOWN_PROJECTION	1	20800	20800	0	170180451	0.0001222232041211361	407460402	3495
ORDINAL	MP05	1	1888	model.layers.4.self_attn	DECODE	ATTENTION	6	27072	27072	0	170180451	0.00015907820105612484	407460402	3495
ORDINAL	MP05	1	1889	model.layers.4.mlp.gate_up_proj	DECODE	GATE_UP_PROJECTION	1	39232	39232	0	170180451	0.00023053176654232746	407460402	3495
ORDINAL	MP05	1	1890	model.layers.4.mlp.act_fn	DECODE	ACTIVATION	1	2400	2400	0	170180451	1.4102677398592628e-05	407460402	3495
ORDINAL	MP05	1	1891	model.layers.4.mlp.down_proj	DECODE	DOWN_PROJECTION	1	20512	20512	0	170180451	0.00012053088283330498	407460402	3495
ORDINAL	MP05	1	1892	model.layers.5.self_attn	DECODE	ATTENTION	6	27776	27776	0	170180451	0.00016321498642637866	407460402	3495
ORDINAL	MP05	1	1893	model.layers.5.mlp.gate_up_proj	DECODE	GATE_UP_PROJECTION	1	39136	39136	0	170180451	0.00022996765944638376	407460402	3495
ORDINAL	MP05	1	1894	model.layers.5.mlp.act_fn	DECODE	ACTIVATION	1	2400	2400	0	170180451	1.4102677398592628e-05	407460402	3495
ORDINAL	MP05	1	1895	model.layers.5.mlp.down_proj	DECODE	DOWN_PROJECTION	1	20608	20608	0	170180451	0.00012109498992924868	407460402	3495
ORDINAL	MP05	1	1896	model.layers.6.self_attn	DECODE	ATTENTION	6	27872	27872	0	170180451	0.00016377909352232236	407460402	3495
ORDINAL	MP05	1	1897	model.layers.6.mlp.gate_up_proj	DECODE	GATE_UP_PROJECTION	1	39328	39328	0	170180451	0.0002310958736382712	407460402	3495
ORDINAL	MP05	1	1898	model.layers.6.mlp.act_fn	DECODE	ACTIVATION	1	2400	2400	0	170180451	1.4102677398592628e-05	407460402	3495
ORDINAL	MP05	1	1899	model.layers.6.mlp.down_proj	DECODE	DOWN_PROJECTION	1	20544	20544	0	170180451	0.00012071891853195288	407460402	3495
ORDINAL	MP05	1	1900	model.layers.7.self_attn	DECODE	ATTENTION	6	27712	27712	0	170180451	0.00016283891502908286	407460402	3495
ORDINAL	MP05	1	1901	model.layers.7.mlp.gate_up_proj	DECODE	GATE_UP_PROJECTION	1	38656	38656	0	170180451	0.00022714712396666525	407460402	3495
ORDINAL	MP05	1	1902	model.layers.7.mlp.act_fn	DECODE	ACTIVATION	1	2400	2400	0	170180451	1.4102677398592628e-05	407460402	3495
ORDINAL	MP05	1	1903	model.layers.7.mlp.down_proj	DECODE	DOWN_PROJECTION	1	20800	20800	0	170180451	0.0001222232041211361	407460402	3495
ORDINAL	MP05	1	1904	model.layers.8.self_attn	DECODE	ATTENTION	6	27391	27391	0	170180451	0.0001609526819270211	407460402	3495
ORDINAL	MP05	1	1905	model.layers.8.mlp.gate_up_proj	DECODE	GATE_UP_PROJECTION	1	38912	38912	0	170180451	0.00022865140955584845	407460402	3495
ORDINAL	MP05	1	1906	model.layers.8.mlp.act_fn	DECODE	ACTIVATION	1	2400	2400	0	170180451	1.4102677398592628e-05	407460402	3495
ORDINAL	MP05	1	1907	model.layers.8.mlp.down_proj	DECODE	DOWN_PROJECTION	1	20352	20352	0	170180451	0.00011959070434006548	407460402	3495
ORDINAL	MP05	1	1908	model.layers.9.self_attn	DECODE	ATTENTION	6	27936	27936	0	170180451	0.00016415516491961817	407460402	3495
ORDINAL	MP05	1	1909	model.layers.9.mlp.gate_up_proj	DECODE	GATE_UP_PROJECTION	1	38560	38560	0	170180451	0.00022658301687072154	407460402	3495
ORDINAL	MP05	1	1910	model.layers.9.mlp.act_fn	DECODE	ACTIVATION	1	2400	2400	0	170180451	1.4102677398592628e-05	407460402	3495
ORDINAL	MP05	1	1911	model.layers.9.mlp.down_proj	DECODE	DOWN_PROJECTION	1	20576	20576	0	170180451	0.00012090695423060078	407460402	3495
ORDINAL	MP05	1	1912	model.layers.10.self_attn	DECODE	ATTENTION	6	27648	27648	0	170180451	0.00016246284363178706	407460402	3495
ORDINAL	MP05	1	1913	model.layers.10.mlp.gate_up_proj	DECODE	GATE_UP_PROJECTION	1	39392	39392	0	170180451	0.000231471945035567	407460402	3495
ORDINAL	MP05	1	1914	model.layers.10.mlp.act_fn	DECODE	ACTIVATION	1	2400	2400	0	170180451	1.4102677398592628e-05	407460402	3495
ORDINAL	MP05	1	1915	model.layers.10.mlp.down_proj	DECODE	DOWN_PROJECTION	1	20576	20576	0	170180451	0.00012090695423060078	407460402	3495
ORDINAL	MP05	1	1916	model.layers.11.self_attn	DECODE	ATTENTION	6	27584	27584	0	170180451	0.00016208677223449126	407460402	3495
ORDINAL	MP05	1	1917	model.layers.11.mlp.gate_up_proj	DECODE	GATE_UP_PROJECTION	1	39264	39264	0	170180451	0.00023071980224097536	407460402	3495
ORDINAL	MP05	1	1918	model.layers.11.mlp.act_fn	DECODE	ACTIVATION	1	2400	2400	0	170180451	1.4102677398592628e-05	407460402	3495
ORDINAL	MP05	1	1919	model.layers.11.mlp.down_proj	DECODE	DOWN_PROJECTION	1	20672	20672	0	170180451	0.00012147106132654449	407460402	3495
ORDINAL	MP05	1	1920	model.layers.12.self_attn	DECODE	ATTENTION	6	27520	27520	0	170180451	0.00016171070083719546	407460402	3495
ORDINAL	MP05	1	1921	model.layers.12.mlp.gate_up_proj	DECODE	GATE_UP_PROJECTION	1	39264	39264	0	170180451	0.00023071980224097536	407460402	3495
ORDINAL	MP05	1	1922	model.layers.12.mlp.act_fn	DECODE	ACTIVATION	1	2368	2368	0	170180451	1.3914641699944725e-05	407460402	3495
ORDINAL	MP05	1	1923	model.layers.12.mlp.down_proj	DECODE	DOWN_PROJECTION	1	20448	20448	0	170180451	0.00012015481143600918	407460402	3495
ORDINAL	MP05	1	1924	model.layers.13.self_attn	DECODE	ATTENTION	6	27584	27584	0	170180451	0.00016208677223449126	407460402	3495
ORDINAL	MP05	1	1925	model.layers.13.mlp.gate_up_proj	DECODE	GATE_UP_PROJECTION	1	39200	39200	0	170180451	0.00023034373084367956	407460402	3495
ORDINAL	MP05	1	1926	model.layers.13.mlp.act_fn	DECODE	ACTIVATION	1	2400	2400	0	170180451	1.4102677398592628e-05	407460402	3495
ORDINAL	MP05	1	1927	model.layers.13.mlp.down_proj	DECODE	DOWN_PROJECTION	1	20512	20512	0	170180451	0.00012053088283330498	407460402	3495
ORDINAL	MP05	1	1928	model.layers.14.self_attn	DECODE	ATTENTION	6	28000	28000	0	170180451	0.00016453123631691397	407460402	3495
ORDINAL	MP05	1	1929	model.layers.14.mlp.gate_up_proj	DECODE	GATE_UP_PROJECTION	1	39008	39008	0	170180451	0.00022921551665179216	407460402	3495
ORDINAL	MP05	1	1930	model.layers.14.mlp.act_fn	DECODE	ACTIVATION	1	2400	2400	0	170180451	1.4102677398592628e-05	407460402	3495
ORDINAL	MP05	1	1931	model.layers.14.mlp.down_proj	DECODE	DOWN_PROJECTION	1	20640	20640	0	170180451	0.00012128302562789659	407460402	3495
ORDINAL	MP05	1	1932	model.layers.15.self_attn	DECODE	ATTENTION	6	27328	27328	0	170180451	0.00016058248664530805	407460402	3495
ORDINAL	MP05	1	1933	model.layers.15.mlp.gate_up_proj	DECODE	GATE_UP_PROJECTION	1	38816	38816	0	170180451	0.00022808730245990475	407460402	3495
ORDINAL	MP05	1	1934	model.layers.15.mlp.act_fn	DECODE	ACTIVATION	1	2400	2400	0	170180451	1.4102677398592628e-05	407460402	3495
ORDINAL	MP05	1	1935	model.layers.15.mlp.down_proj	DECODE	DOWN_PROJECTION	1	20512	20512	0	170180451	0.00012053088283330498	407460402	3495
ORDINAL	MP05	1	1936	model.layers.16.self_attn	DECODE	ATTENTION	6	27616	27616	0	170180451	0.00016227480793313916	407460402	3495
ORDINAL	MP05	1	1937	model.layers.16.mlp.gate_up_proj	DECODE	GATE_UP_PROJECTION	1	39071	39071	0	170180451	0.0002295857119335052	407460402	3495
ORDINAL	MP05	1	1938	model.layers.16.mlp.act_fn	DECODE	ACTIVATION	1	2400	2400	0	170180451	1.4102677398592628e-05	407460402	3495
ORDINAL	MP05	1	1939	model.layers.16.mlp.down_proj	DECODE	DOWN_PROJECTION	1	20384	20384	0	170180451	0.00011977874003871338	407460402	3495
ORDINAL	MP05	1	1940	model.layers.17.self_attn	DECODE	ATTENTION	6	27552	27552	0	170180451	0.00016189873653584336	407460402	3495
ORDINAL	MP05	1	1941	model.layers.17.mlp.gate_up_proj	DECODE	GATE_UP_PROJECTION	1	38848	38848	0	170180451	0.00022827533815855265	407460402	3495
ORDINAL	MP05	1	1942	model.layers.17.mlp.act_fn	DECODE	ACTIVATION	1	2368	2368	0	170180451	1.3914641699944725e-05	407460402	3495
ORDINAL	MP05	1	1943	model.layers.17.mlp.down_proj	DECODE	DOWN_PROJECTION	1	20576	20576	0	170180451	0.00012090695423060078	407460402	3495
ORDINAL	MP05	1	1944	model.layers.18.self_attn	DECODE	ATTENTION	6	27744	27744	0	170180451	0.00016302695072773076	407460402	3495
ORDINAL	MP05	1	1945	model.layers.18.mlp.gate_up_proj	DECODE	GATE_UP_PROJECTION	1	38560	38560	0	170180451	0.00022658301687072154	407460402	3495
ORDINAL	MP05	1	1946	model.layers.18.mlp.act_fn	DECODE	ACTIVATION	1	2400	2400	0	170180451	1.4102677398592628e-05	407460402	3495
ORDINAL	MP05	1	1947	model.layers.18.mlp.down_proj	DECODE	DOWN_PROJECTION	1	20864	20864	0	170180451	0.0001225992755184319	407460402	3495
ORDINAL	MP05	1	1948	model.layers.19.self_attn	DECODE	ATTENTION	6	27552	27552	0	170180451	0.00016189873653584336	407460402	3495
ORDINAL	MP05	1	1949	model.layers.19.mlp.gate_up_proj	DECODE	GATE_UP_PROJECTION	1	38816	38816	0	170180451	0.00022808730245990475	407460402	3495
ORDINAL	MP05	1	1950	model.layers.19.mlp.act_fn	DECODE	ACTIVATION	1	2368	2368	0	170180451	1.3914641699944725e-05	407460402	3495
ORDINAL	MP05	1	1951	model.layers.19.mlp.down_proj	DECODE	DOWN_PROJECTION	1	20896	20896	0	170180451	0.0001227873112170798	407460402	3495
ORDINAL	MP05	1	1952	model.layers.20.self_attn	DECODE	ATTENTION	6	27680	27680	0	170180451	0.00016265087933043496	407460402	3495
ORDINAL	MP05	1	1953	model.layers.20.mlp.gate_up_proj	DECODE	GATE_UP_PROJECTION	1	39392	39392	0	170180451	0.000231471945035567	407460402	3495
ORDINAL	MP05	1	1954	model.layers.20.mlp.act_fn	DECODE	ACTIVATION	1	2400	2400	0	170180451	1.4102677398592628e-05	407460402	3495
ORDINAL	MP05	1	1955	model.layers.20.mlp.down_proj	DECODE	DOWN_PROJECTION	1	20640	20640	0	170180451	0.00012128302562789659	407460402	3495
ORDINAL	MP05	1	1956	model.layers.21.self_attn	DECODE	ATTENTION	6	27680	27680	0	170180451	0.00016265087933043496	407460402	3495
ORDINAL	MP05	1	1957	model.layers.21.mlp.gate_up_proj	DECODE	GATE_UP_PROJECTION	1	38752	38752	0	170180451	0.00022771123106260895	407460402	3495
ORDINAL	MP05	1	1958	model.layers.21.mlp.act_fn	DECODE	ACTIVATION	1	2400	2400	0	170180451	1.4102677398592628e-05	407460402	3495
ORDINAL	MP05	1	1959	model.layers.21.mlp.down_proj	DECODE	DOWN_PROJECTION	1	20384	20384	0	170180451	0.00011977874003871338	407460402	3495
ORDINAL	MP05	1	1960	model.layers.22.self_attn	DECODE	ATTENTION	6	27680	27680	0	170180451	0.00016265087933043496	407460402	3495
ORDINAL	MP05	1	1961	model.layers.22.mlp.gate_up_proj	DECODE	GATE_UP_PROJECTION	1	39072	39072	0	170180451	0.00022959158804908796	407460402	3495
ORDINAL	MP05	1	1962	model.layers.22.mlp.act_fn	DECODE	ACTIVATION	1	2368	2368	0	170180451	1.3914641699944725e-05	407460402	3495
ORDINAL	MP05	1	1963	model.layers.22.mlp.down_proj	DECODE	DOWN_PROJECTION	1	20512	20512	0	170180451	0.00012053088283330498	407460402	3495
ORDINAL	MP05	1	1964	model.layers.23.self_attn	DECODE	ATTENTION	6	27552	27552	0	170180451	0.00016189873653584336	407460402	3495
ORDINAL	MP05	1	1965	model.layers.23.mlp.gate_up_proj	DECODE	GATE_UP_PROJECTION	1	39360	39360	0	170180451	0.0002312839093369191	407460402	3495
ORDINAL	MP05	1	1966	model.layers.23.mlp.act_fn	DECODE	ACTIVATION	1	2400	2400	0	170180451	1.4102677398592628e-05	407460402	3495
ORDINAL	MP05	1	1967	model.layers.23.mlp.down_proj	DECODE	DOWN_PROJECTION	1	20576	20576	0	170180451	0.00012090695423060078	407460402	3495
ORDINAL	MP05	1	1968	model.layers.24.self_attn	DECODE	ATTENTION	6	27616	27616	0	170180451	0.00016227480793313916	407460402	3495
ORDINAL	MP05	1	1969	model.layers.24.mlp.gate_up_proj	DECODE	GATE_UP_PROJECTION	1	39072	39072	0	170180451	0.00022959158804908796	407460402	3495
ORDINAL	MP05	1	1970	model.layers.24.mlp.act_fn	DECODE	ACTIVATION	1	2400	2400	0	170180451	1.4102677398592628e-05	407460402	3495
ORDINAL	MP05	1	1971	model.layers.24.mlp.down_proj	DECODE	DOWN_PROJECTION	1	20640	20640	0	170180451	0.00012128302562789659	407460402	3495
ORDINAL	MP05	1	1972	model.layers.25.self_attn	DECODE	ATTENTION	6	27744	27744	0	170180451	0.00016302695072773076	407460402	3495
ORDINAL	MP05	1	1973	model.layers.25.mlp.gate_up_proj	DECODE	GATE_UP_PROJECTION	1	39264	39264	0	170180451	0.00023071980224097536	407460402	3495
ORDINAL	MP05	1	1974	model.layers.25.mlp.act_fn	DECODE	ACTIVATION	1	2400	2400	0	170180451	1.4102677398592628e-05	407460402	3495
ORDINAL	MP05	1	1975	model.layers.25.mlp.down_proj	DECODE	DOWN_PROJECTION	1	20480	20480	0	170180451	0.00012034284713465708	407460402	3495
ORDINAL	MP05	1	1976	model.layers.26.self_attn	DECODE	ATTENTION	6	27680	27680	0	170180451	0.00016265087933043496	407460402	3495
ORDINAL	MP05	1	1977	model.layers.26.mlp.gate_up_proj	DECODE	GATE_UP_PROJECTION	1	38848	38848	0	170180451	0.00022827533815855265	407460402	3495
ORDINAL	MP05	1	1978	model.layers.26.mlp.act_fn	DECODE	ACTIVATION	1	2368	2368	0	170180451	1.3914641699944725e-05	407460402	3495
ORDINAL	MP05	1	1979	model.layers.26.mlp.down_proj	DECODE	DOWN_PROJECTION	1	20672	20672	0	170180451	0.00012147106132654449	407460402	3495
ORDINAL	MP05	1	1980	model.layers.27.self_attn	DECODE	ATTENTION	6	27424	27424	0	170180451	0.00016114659374125175	407460402	3495
ORDINAL	MP05	1	1981	model.layers.27.mlp.gate_up_proj	DECODE	GATE_UP_PROJECTION	1	39328	39328	0	170180451	0.0002310958736382712	407460402	3495
ORDINAL	MP05	1	1982	model.layers.27.mlp.act_fn	DECODE	ACTIVATION	1	2400	2400	0	170180451	1.4102677398592628e-05	407460402	3495
ORDINAL	MP05	1	1983	model.layers.27.mlp.down_proj	DECODE	DOWN_PROJECTION	1	20448	20448	0	170180451	0.00012015481143600918	407460402	3495
ORDINAL	MP05	1	1984	model.layers.28.self_attn	DECODE	ATTENTION	6	27488	27488	0	170180451	0.00016152266513854755	407460402	3495
ORDINAL	MP05	1	1985	model.layers.28.mlp.gate_up_proj	DECODE	GATE_UP_PROJECTION	1	38912	38912	0	170180451	0.00022865140955584845	407460402	3495
ORDINAL	MP05	1	1986	model.layers.28.mlp.act_fn	DECODE	ACTIVATION	1	2400	2400	0	170180451	1.4102677398592628e-05	407460402	3495
ORDINAL	MP05	1	1987	model.layers.28.mlp.down_proj	DECODE	DOWN_PROJECTION	1	20512	20512	0	170180451	0.00012053088283330498	407460402	3495
ORDINAL	MP05	1	1988	model.layers.29.self_attn	DECODE	ATTENTION	6	27616	27616	0	170180451	0.00016227480793313916	407460402	3495
ORDINAL	MP05	1	1989	model.layers.29.mlp.gate_up_proj	DECODE	GATE_UP_PROJECTION	1	38688	38688	0	170180451	0.00022733515966531315	407460402	3495
ORDINAL	MP05	1	1990	model.layers.29.mlp.act_fn	DECODE	ACTIVATION	1	2368	2368	0	170180451	1.3914641699944725e-05	407460402	3495
ORDINAL	MP05	1	1991	model.layers.29.mlp.down_proj	DECODE	DOWN_PROJECTION	1	20416	20416	0	170180451	0.00011996677573736128	407460402	3495
ORDINAL	MP05	1	1992	model.layers.30.self_attn	DECODE	ATTENTION	6	27776	27776	0	170180451	0.00016321498642637866	407460402	3495
ORDINAL	MP05	1	1993	model.layers.30.mlp.gate_up_proj	DECODE	GATE_UP_PROJECTION	1	39360	39360	0	170180451	0.0002312839093369191	407460402	3495
ORDINAL	MP05	1	1994	model.layers.30.mlp.act_fn	DECODE	ACTIVATION	1	2400	2400	0	170180451	1.4102677398592628e-05	407460402	3495
ORDINAL	MP05	1	1995	model.layers.30.mlp.down_proj	DECODE	DOWN_PROJECTION	1	20864	20864	0	170180451	0.0001225992755184319	407460402	3495
ORDINAL	MP05	1	1996	model.layers.31.self_attn	DECODE	ATTENTION	6	27680	27680	0	170180451	0.00016265087933043496	407460402	3495
ORDINAL	MP05	1	1997	model.layers.31.mlp.gate_up_proj	DECODE	GATE_UP_PROJECTION	1	38592	38592	0	170180451	0.00022677105256936945	407460402	3495
ORDINAL	MP05	1	1998	model.layers.31.mlp.act_fn	DECODE	ACTIVATION	1	2400	2400	0	170180451	1.4102677398592628e-05	407460402	3495
ORDINAL	MP05	1	1999	model.layers.31.mlp.down_proj	DECODE	DOWN_PROJECTION	1	20672	20672	0	170180451	0.00012147106132654449	407460402	3495
ORDINAL	MP05	1	2000	model.layers.32.self_attn	DECODE	ATTENTION	6	27712	27712	0	170180451	0.00016283891502908286	407460402	3495
ORDINAL	MP05	1	2001	model.layers.32.mlp.gate_up_proj	DECODE	GATE_UP_PROJECTION	1	38880	38880	0	170180451	0.00022846337385720055	407460402	3495
ORDINAL	MP05	1	2002	model.layers.32.mlp.act_fn	DECODE	ACTIVATION	1	2400	2400	0	170180451	1.4102677398592628e-05	407460402	3495
ORDINAL	MP05	1	2003	model.layers.32.mlp.down_proj	DECODE	DOWN_PROJECTION	1	20544	20544	0	170180451	0.00012071891853195288	407460402	3495
ORDINAL	MP05	1	2004	model.layers.33.self_attn	DECODE	ATTENTION	6	27520	27520	0	170180451	0.00016171070083719546	407460402	3495
ORDINAL	MP05	1	2005	model.layers.33.mlp.gate_up_proj	DECODE	GATE_UP_PROJECTION	1	38400	38400	0	170180451	0.00022564283837748204	407460402	3495
ORDINAL	MP05	1	2006	model.layers.33.mlp.act_fn	DECODE	ACTIVATION	1	2400	2400	0	170180451	1.4102677398592628e-05	407460402	3495
ORDINAL	MP05	1	2007	model.layers.33.mlp.down_proj	DECODE	DOWN_PROJECTION	1	20384	20384	0	170180451	0.00011977874003871338	407460402	3495
ORDINAL	MP05	1	2008	model.layers.34.self_attn	DECODE	ATTENTION	6	27616	27616	0	170180451	0.00016227480793313916	407460402	3495
ORDINAL	MP05	1	2009	model.layers.34.mlp.gate_up_proj	DECODE	GATE_UP_PROJECTION	1	38848	38848	0	170180451	0.00022827533815855265	407460402	3495
ORDINAL	MP05	1	2010	model.layers.34.mlp.act_fn	DECODE	ACTIVATION	1	2400	2400	0	170180451	1.4102677398592628e-05	407460402	3495
ORDINAL	MP05	1	2011	model.layers.34.mlp.down_proj	DECODE	DOWN_PROJECTION	1	20576	20576	0	170180451	0.00012090695423060078	407460402	3495
ORDINAL	MP05	1	2012	model.layers.35.self_attn	DECODE	ATTENTION	6	27840	27840	0	170180451	0.00016359105782367446	407460402	3495
ORDINAL	MP05	1	2013	model.layers.35.mlp.gate_up_proj	DECODE	GATE_UP_PROJECTION	1	38848	38848	0	170180451	0.00022827533815855265	407460402	3495
ORDINAL	MP05	1	2014	model.layers.35.mlp.act_fn	DECODE	ACTIVATION	1	2368	2368	0	170180451	1.3914641699944725e-05	407460402	3495
ORDINAL	MP05	1	2015	model.layers.35.mlp.down_proj	DECODE	DOWN_PROJECTION	1	20384	20384	0	170180451	0.00011977874003871338	407460402	3495
ORDINAL	MP05	1	2016	model.layers.0.self_attn	DECODE	ATTENTION	6	28192	28192	0	170180451	0.0001656594505088014	407460402	3495
ORDINAL	MP05	1	2017	model.layers.0.mlp.gate_up_proj	DECODE	GATE_UP_PROJECTION	1	38816	38816	0	170180451	0.00022808730245990475	407460402	3495
ORDINAL	MP05	1	2018	model.layers.0.mlp.act_fn	DECODE	ACTIVATION	1	2400	2400	0	170180451	1.4102677398592628e-05	407460402	3495
ORDINAL	MP05	1	2019	model.layers.0.mlp.down_proj	DECODE	DOWN_PROJECTION	1	20640	20640	0	170180451	0.00012128302562789659	407460402	3495
ORDINAL	MP05	1	2020	model.layers.1.self_attn	DECODE	ATTENTION	6	27520	27520	0	170180451	0.00016171070083719546	407460402	3495
ORDINAL	MP05	1	2021	model.layers.1.mlp.gate_up_proj	DECODE	GATE_UP_PROJECTION	1	40128	40128	0	170180451	0.0002357967661044687	407460402	3495
ORDINAL	MP05	1	2022	model.layers.1.mlp.act_fn	DECODE	ACTIVATION	1	2400	2400	0	170180451	1.4102677398592628e-05	407460402	3495
ORDINAL	MP05	1	2023	model.layers.1.mlp.down_proj	DECODE	DOWN_PROJECTION	1	21024	21024	0	170180451	0.00012353945401167142	407460402	3495
ORDINAL	MP05	1	2024	model.layers.2.self_attn	DECODE	ATTENTION	6	27776	27776	0	170180451	0.00016321498642637866	407460402	3495
ORDINAL	MP05	1	2025	model.layers.2.mlp.gate_up_proj	DECODE	GATE_UP_PROJECTION	1	38816	38816	0	170180451	0.00022808730245990475	407460402	3495
ORDINAL	MP05	1	2026	model.layers.2.mlp.act_fn	DECODE	ACTIVATION	1	2400	2400	0	170180451	1.4102677398592628e-05	407460402	3495
ORDINAL	MP05	1	2027	model.layers.2.mlp.down_proj	DECODE	DOWN_PROJECTION	1	20224	20224	0	170180451	0.00011883856154547387	407460402	3495
ORDINAL	MP05	1	2028	model.layers.3.self_attn	DECODE	ATTENTION	6	27648	27648	0	170180451	0.00016246284363178706	407460402	3495
ORDINAL	MP05	1	2029	model.layers.3.mlp.gate_up_proj	DECODE	GATE_UP_PROJECTION	1	39744	39744	0	170180451	0.0002335403377206939	407460402	3495
ORDINAL	MP05	1	2030	model.layers.3.mlp.act_fn	DECODE	ACTIVATION	1	2368	2368	0	170180451	1.3914641699944725e-05	407460402	3495
ORDINAL	MP05	1	2031	model.layers.3.mlp.down_proj	DECODE	DOWN_PROJECTION	1	20480	20480	0	170180451	0.00012034284713465708	407460402	3495
ORDINAL	MP05	1	2032	model.layers.4.self_attn	DECODE	ATTENTION	6	27776	27776	0	170180451	0.00016321498642637866	407460402	3495
ORDINAL	MP05	1	2033	model.layers.4.mlp.gate_up_proj	DECODE	GATE_UP_PROJECTION	1	38464	38464	0	170180451	0.00022601890977477784	407460402	3495
ORDINAL	MP05	1	2034	model.layers.4.mlp.act_fn	DECODE	ACTIVATION	1	2368	2368	0	170180451	1.3914641699944725e-05	407460402	3495
ORDINAL	MP05	1	2035	model.layers.4.mlp.down_proj	DECODE	DOWN_PROJECTION	1	20256	20256	0	170180451	0.00011902659724412177	407460402	3495
ORDINAL	MP05	1	2036	model.layers.5.self_attn	DECODE	ATTENTION	6	27456	27456	0	170180451	0.00016133462943989965	407460402	3495
ORDINAL	MP05	1	2037	model.layers.5.mlp.gate_up_proj	DECODE	GATE_UP_PROJECTION	1	39456	39456	0	170180451	0.0002318480164328628	407460402	3495
ORDINAL	MP05	1	2038	model.layers.5.mlp.act_fn	DECODE	ACTIVATION	1	2368	2368	0	170180451	1.3914641699944725e-05	407460402	3495
ORDINAL	MP05	1	2039	model.layers.5.mlp.down_proj	DECODE	DOWN_PROJECTION	1	20448	20448	0	170180451	0.00012015481143600918	407460402	3495
ORDINAL	MP05	1	2040	model.layers.6.self_attn	DECODE	ATTENTION	6	27680	27680	0	170180451	0.00016265087933043496	407460402	3495
ORDINAL	MP05	1	2041	model.layers.6.mlp.gate_up_proj	DECODE	GATE_UP_PROJECTION	1	39104	39104	0	170180451	0.00022977962374773586	407460402	3495
ORDINAL	MP05	1	2042	model.layers.6.mlp.act_fn	DECODE	ACTIVATION	1	2400	2400	0	170180451	1.4102677398592628e-05	407460402	3495
ORDINAL	MP05	1	2043	model.layers.6.mlp.down_proj	DECODE	DOWN_PROJECTION	1	20544	20544	0	170180451	0.00012071891853195288	407460402	3495
ORDINAL	MP05	1	2044	model.layers.7.self_attn	DECODE	ATTENTION	6	27712	27712	0	170180451	0.00016283891502908286	407460402	3495
ORDINAL	MP05	1	2045	model.layers.7.mlp.gate_up_proj	DECODE	GATE_UP_PROJECTION	1	39136	39136	0	170180451	0.00022996765944638376	407460402	3495
ORDINAL	MP05	1	2046	model.layers.7.mlp.act_fn	DECODE	ACTIVATION	1	2400	2400	0	170180451	1.4102677398592628e-05	407460402	3495
ORDINAL	MP05	1	2047	model.layers.7.mlp.down_proj	DECODE	DOWN_PROJECTION	1	20544	20544	0	170180451	0.00012071891853195288	407460402	3495
ORDINAL	MP05	1	2048	model.layers.8.self_attn	DECODE	ATTENTION	6	27392	27392	0	170180451	0.00016095855804260385	407460402	3495
ORDINAL	MP05	1	2049	model.layers.8.mlp.gate_up_proj	DECODE	GATE_UP_PROJECTION	1	38848	38848	0	170180451	0.00022827533815855265	407460402	3495
ORDINAL	MP05	1	2050	model.layers.8.mlp.act_fn	DECODE	ACTIVATION	1	2400	2400	0	170180451	1.4102677398592628e-05	407460402	3495
ORDINAL	MP05	1	2051	model.layers.8.mlp.down_proj	DECODE	DOWN_PROJECTION	1	20480	20480	0	170180451	0.00012034284713465708	407460402	3495
ORDINAL	MP05	1	2052	model.layers.9.self_attn	DECODE	ATTENTION	6	27712	27712	0	170180451	0.00016283891502908286	407460402	3495
ORDINAL	MP05	1	2053	model.layers.9.mlp.gate_up_proj	DECODE	GATE_UP_PROJECTION	1	38848	38848	0	170180451	0.00022827533815855265	407460402	3495
ORDINAL	MP05	1	2054	model.layers.9.mlp.act_fn	DECODE	ACTIVATION	1	2400	2400	0	170180451	1.4102677398592628e-05	407460402	3495
ORDINAL	MP05	1	2055	model.layers.9.mlp.down_proj	DECODE	DOWN_PROJECTION	1	20576	20576	0	170180451	0.00012090695423060078	407460402	3495
ORDINAL	MP05	1	2056	model.layers.10.self_attn	DECODE	ATTENTION	6	27616	27616	0	170180451	0.00016227480793313916	407460402	3495
ORDINAL	MP05	1	2057	model.layers.10.mlp.gate_up_proj	DECODE	GATE_UP_PROJECTION	1	39840	39840	0	170180451	0.0002341044448166376	407460402	3495
ORDINAL	MP05	1	2058	model.layers.10.mlp.act_fn	DECODE	ACTIVATION	1	2400	2400	0	170180451	1.4102677398592628e-05	407460402	3495
ORDINAL	MP05	1	2059	model.layers.10.mlp.down_proj	DECODE	DOWN_PROJECTION	1	20320	20320	0	170180451	0.00011940266864141758	407460402	3495
ORDINAL	MP05	1	2060	model.layers.11.self_attn	DECODE	ATTENTION	6	27872	27872	0	170180451	0.00016377909352232236	407460402	3495
ORDINAL	MP05	1	2061	model.layers.11.mlp.gate_up_proj	DECODE	GATE_UP_PROJECTION	1	38816	38816	0	170180451	0.00022808730245990475	407460402	3495
ORDINAL	MP05	1	2062	model.layers.11.mlp.act_fn	DECODE	ACTIVATION	1	2400	2400	0	170180451	1.4102677398592628e-05	407460402	3495
ORDINAL	MP05	1	2063	model.layers.11.mlp.down_proj	DECODE	DOWN_PROJECTION	1	20352	20352	0	170180451	0.00011959070434006548	407460402	3495
ORDINAL	MP05	1	2064	model.layers.12.self_attn	DECODE	ATTENTION	6	27936	27936	0	170180451	0.00016415516491961817	407460402	3495
ORDINAL	MP05	1	2065	model.layers.12.mlp.gate_up_proj	DECODE	GATE_UP_PROJECTION	1	39456	39456	0	170180451	0.0002318480164328628	407460402	3495
ORDINAL	MP05	1	2066	model.layers.12.mlp.act_fn	DECODE	ACTIVATION	1	2368	2368	0	170180451	1.3914641699944725e-05	407460402	3495
ORDINAL	MP05	1	2067	model.layers.12.mlp.down_proj	DECODE	DOWN_PROJECTION	1	20704	20704	0	170180451	0.0001216590970251924	407460402	3495
ORDINAL	MP05	1	2068	model.layers.13.self_attn	DECODE	ATTENTION	6	27616	27616	0	170180451	0.00016227480793313916	407460402	3495
ORDINAL	MP05	1	2069	model.layers.13.mlp.gate_up_proj	DECODE	GATE_UP_PROJECTION	1	39136	39136	0	170180451	0.00022996765944638376	407460402	3495
ORDINAL	MP05	1	2070	model.layers.13.mlp.act_fn	DECODE	ACTIVATION	1	2400	2400	0	170180451	1.4102677398592628e-05	407460402	3495
ORDINAL	MP05	1	2071	model.layers.13.mlp.down_proj	DECODE	DOWN_PROJECTION	1	20351	20351	0	170180451	0.00011958482822448273	407460402	3495
ORDINAL	MP05	1	2072	model.layers.14.self_attn	DECODE	ATTENTION	6	27584	27584	0	170180451	0.00016208677223449126	407460402	3495
ORDINAL	MP05	1	2073	model.layers.14.mlp.gate_up_proj	DECODE	GATE_UP_PROJECTION	1	39648	39648	0	170180451	0.0002329762306247502	407460402	3495
ORDINAL	MP05	1	2074	model.layers.14.mlp.act_fn	DECODE	ACTIVATION	1	2400	2400	0	170180451	1.4102677398592628e-05	407460402	3495
ORDINAL	MP05	1	2075	model.layers.14.mlp.down_proj	DECODE	DOWN_PROJECTION	1	20544	20544	0	170180451	0.00012071891853195288	407460402	3495
ORDINAL	MP05	1	2076	model.layers.15.self_attn	DECODE	ATTENTION	6	27456	27456	0	170180451	0.00016133462943989965	407460402	3495
ORDINAL	MP05	1	2077	model.layers.15.mlp.gate_up_proj	DECODE	GATE_UP_PROJECTION	1	39264	39264	0	170180451	0.00023071980224097536	407460402	3495
ORDINAL	MP05	1	2078	model.layers.15.mlp.act_fn	DECODE	ACTIVATION	1	2368	2368	0	170180451	1.3914641699944725e-05	407460402	3495
ORDINAL	MP05	1	2079	model.layers.15.mlp.down_proj	DECODE	DOWN_PROJECTION	1	20704	20704	0	170180451	0.0001216590970251924	407460402	3495
ORDINAL	MP05	1	2080	model.layers.16.self_attn	DECODE	ATTENTION	6	27520	27520	0	170180451	0.00016171070083719546	407460402	3495
ORDINAL	MP05	1	2081	model.layers.16.mlp.gate_up_proj	DECODE	GATE_UP_PROJECTION	1	38911	38911	0	170180451	0.0002286455334402657	407460402	3495
ORDINAL	MP05	1	2082	model.layers.16.mlp.act_fn	DECODE	ACTIVATION	1	2400	2400	0	170180451	1.4102677398592628e-05	407460402	3495
ORDINAL	MP05	1	2083	model.layers.16.mlp.down_proj	DECODE	DOWN_PROJECTION	1	20608	20608	0	170180451	0.00012109498992924868	407460402	3495
ORDINAL	MP05	1	2084	model.layers.17.self_attn	DECODE	ATTENTION	6	27808	27808	0	170180451	0.00016340302212502656	407460402	3495
ORDINAL	MP05	1	2085	model.layers.17.mlp.gate_up_proj	DECODE	GATE_UP_PROJECTION	1	38816	38816	0	170180451	0.00022808730245990475	407460402	3495
ORDINAL	MP05	1	2086	model.layers.17.mlp.act_fn	DECODE	ACTIVATION	1	2400	2400	0	170180451	1.4102677398592628e-05	407460402	3495
ORDINAL	MP05	1	2087	model.layers.17.mlp.down_proj	DECODE	DOWN_PROJECTION	1	20448	20448	0	170180451	0.00012015481143600918	407460402	3495
ORDINAL	MP05	1	2088	model.layers.18.self_attn	DECODE	ATTENTION	6	27744	27744	0	170180451	0.00016302695072773076	407460402	3495
ORDINAL	MP05	1	2089	model.layers.18.mlp.gate_up_proj	DECODE	GATE_UP_PROJECTION	1	38656	38656	0	170180451	0.00022714712396666525	407460402	3495
ORDINAL	MP05	1	2090	model.layers.18.mlp.act_fn	DECODE	ACTIVATION	1	2400	2400	0	170180451	1.4102677398592628e-05	407460402	3495
ORDINAL	MP05	1	2091	model.layers.18.mlp.down_proj	DECODE	DOWN_PROJECTION	1	20448	20448	0	170180451	0.00012015481143600918	407460402	3495
ORDINAL	MP05	1	2092	model.layers.19.self_attn	DECODE	ATTENTION	6	27488	27488	0	170180451	0.00016152266513854755	407460402	3495
ORDINAL	MP05	1	2093	model.layers.19.mlp.gate_up_proj	DECODE	GATE_UP_PROJECTION	1	39039	39039	0	170180451	0.0002293976762348573	407460402	3495
ORDINAL	MP05	1	2094	model.layers.19.mlp.act_fn	DECODE	ACTIVATION	1	2432	2432	0	170180451	1.4290713097240528e-05	407460402	3495
ORDINAL	MP05	1	2095	model.layers.19.mlp.down_proj	DECODE	DOWN_PROJECTION	1	20448	20448	0	170180451	0.00012015481143600918	407460402	3495
ORDINAL	MP05	1	2096	model.layers.20.self_attn	DECODE	ATTENTION	6	27648	27648	0	170180451	0.00016246284363178706	407460402	3495
ORDINAL	MP05	1	2097	model.layers.20.mlp.gate_up_proj	DECODE	GATE_UP_PROJECTION	1	38912	38912	0	170180451	0.00022865140955584845	407460402	3495
ORDINAL	MP05	1	2098	model.layers.20.mlp.act_fn	DECODE	ACTIVATION	1	2400	2400	0	170180451	1.4102677398592628e-05	407460402	3495
ORDINAL	MP05	1	2099	model.layers.20.mlp.down_proj	DECODE	DOWN_PROJECTION	1	20576	20576	0	170180451	0.00012090695423060078	407460402	3495
ORDINAL	MP05	1	2100	model.layers.21.self_attn	DECODE	ATTENTION	6	27616	27616	0	170180451	0.00016227480793313916	407460402	3495
ORDINAL	MP05	1	2101	model.layers.21.mlp.gate_up_proj	DECODE	GATE_UP_PROJECTION	1	38976	38976	0	170180451	0.00022902748095314426	407460402	3495
ORDINAL	MP05	1	2102	model.layers.21.mlp.act_fn	DECODE	ACTIVATION	1	2368	2368	0	170180451	1.3914641699944725e-05	407460402	3495
ORDINAL	MP05	1	2103	model.layers.21.mlp.down_proj	DECODE	DOWN_PROJECTION	1	20480	20480	0	170180451	0.00012034284713465708	407460402	3495
ORDINAL	MP05	1	2104	model.layers.22.self_attn	DECODE	ATTENTION	6	27648	27648	0	170180451	0.00016246284363178706	407460402	3495
ORDINAL	MP05	1	2105	model.layers.22.mlp.gate_up_proj	DECODE	GATE_UP_PROJECTION	1	39327	39327	0	170180451	0.00023108999752268844	407460402	3495
ORDINAL	MP05	1	2106	model.layers.22.mlp.act_fn	DECODE	ACTIVATION	1	2400	2400	0	170180451	1.4102677398592628e-05	407460402	3495
ORDINAL	MP05	1	2107	model.layers.22.mlp.down_proj	DECODE	DOWN_PROJECTION	1	20576	20576	0	170180451	0.00012090695423060078	407460402	3495
ORDINAL	MP05	1	2108	model.layers.23.self_attn	DECODE	ATTENTION	6	27584	27584	0	170180451	0.00016208677223449126	407460402	3495
ORDINAL	MP05	1	2109	model.layers.23.mlp.gate_up_proj	DECODE	GATE_UP_PROJECTION	1	38976	38976	0	170180451	0.00022902748095314426	407460402	3495
ORDINAL	MP05	1	2110	model.layers.23.mlp.act_fn	DECODE	ACTIVATION	1	2368	2368	0	170180451	1.3914641699944725e-05	407460402	3495
ORDINAL	MP05	1	2111	model.layers.23.mlp.down_proj	DECODE	DOWN_PROJECTION	1	20608	20608	0	170180451	0.00012109498992924868	407460402	3495
ORDINAL	MP05	1	2112	model.layers.24.self_attn	DECODE	ATTENTION	6	27712	27712	0	170180451	0.00016283891502908286	407460402	3495
ORDINAL	MP05	1	2113	model.layers.24.mlp.gate_up_proj	DECODE	GATE_UP_PROJECTION	1	39520	39520	0	170180451	0.0002322240878301586	407460402	3495
ORDINAL	MP05	1	2114	model.layers.24.mlp.act_fn	DECODE	ACTIVATION	1	2368	2368	0	170180451	1.3914641699944725e-05	407460402	3495
ORDINAL	MP05	1	2115	model.layers.24.mlp.down_proj	DECODE	DOWN_PROJECTION	1	20416	20416	0	170180451	0.00011996677573736128	407460402	3495
ORDINAL	MP05	1	2116	model.layers.25.self_attn	DECODE	ATTENTION	6	27616	27616	0	170180451	0.00016227480793313916	407460402	3495
ORDINAL	MP05	1	2117	model.layers.25.mlp.gate_up_proj	DECODE	GATE_UP_PROJECTION	1	39328	39328	0	170180451	0.0002310958736382712	407460402	3495
ORDINAL	MP05	1	2118	model.layers.25.mlp.act_fn	DECODE	ACTIVATION	1	2400	2400	0	170180451	1.4102677398592628e-05	407460402	3495
ORDINAL	MP05	1	2119	model.layers.25.mlp.down_proj	DECODE	DOWN_PROJECTION	1	20352	20352	0	170180451	0.00011959070434006548	407460402	3495
ORDINAL	MP05	1	2120	model.layers.26.self_attn	DECODE	ATTENTION	6	27648	27648	0	170180451	0.00016246284363178706	407460402	3495
ORDINAL	MP05	1	2121	model.layers.26.mlp.gate_up_proj	DECODE	GATE_UP_PROJECTION	1	38656	38656	0	170180451	0.00022714712396666525	407460402	3495
ORDINAL	MP05	1	2122	model.layers.26.mlp.act_fn	DECODE	ACTIVATION	1	2400	2400	0	170180451	1.4102677398592628e-05	407460402	3495
ORDINAL	MP05	1	2123	model.layers.26.mlp.down_proj	DECODE	DOWN_PROJECTION	1	20544	20544	0	170180451	0.00012071891853195288	407460402	3495
ORDINAL	MP05	1	2124	model.layers.27.self_attn	DECODE	ATTENTION	6	27360	27360	0	170180451	0.00016077052234395595	407460402	3495
ORDINAL	MP05	1	2125	model.layers.27.mlp.gate_up_proj	DECODE	GATE_UP_PROJECTION	1	39008	39008	0	170180451	0.00022921551665179216	407460402	3495
ORDINAL	MP05	1	2126	model.layers.27.mlp.act_fn	DECODE	ACTIVATION	1	2400	2400	0	170180451	1.4102677398592628e-05	407460402	3495
ORDINAL	MP05	1	2127	model.layers.27.mlp.down_proj	DECODE	DOWN_PROJECTION	1	20608	20608	0	170180451	0.00012109498992924868	407460402	3495
ORDINAL	MP05	1	2128	model.layers.28.self_attn	DECODE	ATTENTION	6	27616	27616	0	170180451	0.00016227480793313916	407460402	3495
ORDINAL	MP05	1	2129	model.layers.28.mlp.gate_up_proj	DECODE	GATE_UP_PROJECTION	1	39040	39040	0	170180451	0.00022940355235044006	407460402	3495
ORDINAL	MP05	1	2130	model.layers.28.mlp.act_fn	DECODE	ACTIVATION	1	2368	2368	0	170180451	1.3914641699944725e-05	407460402	3495
ORDINAL	MP05	1	2131	model.layers.28.mlp.down_proj	DECODE	DOWN_PROJECTION	1	20416	20416	0	170180451	0.00011996677573736128	407460402	3495
ORDINAL	MP05	1	2132	model.layers.29.self_attn	DECODE	ATTENTION	6	27776	27776	0	170180451	0.00016321498642637866	407460402	3495
ORDINAL	MP05	1	2133	model.layers.29.mlp.gate_up_proj	DECODE	GATE_UP_PROJECTION	1	38560	38560	0	170180451	0.00022658301687072154	407460402	3495
ORDINAL	MP05	1	2134	model.layers.29.mlp.act_fn	DECODE	ACTIVATION	1	2368	2368	0	170180451	1.3914641699944725e-05	407460402	3495
ORDINAL	MP05	1	2135	model.layers.29.mlp.down_proj	DECODE	DOWN_PROJECTION	1	20352	20352	0	170180451	0.00011959070434006548	407460402	3495
ORDINAL	MP05	1	2136	model.layers.30.self_attn	DECODE	ATTENTION	6	27904	27904	0	170180451	0.00016396712922097027	407460402	3495
ORDINAL	MP05	1	2137	model.layers.30.mlp.gate_up_proj	DECODE	GATE_UP_PROJECTION	1	39040	39040	0	170180451	0.00022940355235044006	407460402	3495
ORDINAL	MP05	1	2138	model.layers.30.mlp.act_fn	DECODE	ACTIVATION	1	2368	2368	0	170180451	1.3914641699944725e-05	407460402	3495
ORDINAL	MP05	1	2139	model.layers.30.mlp.down_proj	DECODE	DOWN_PROJECTION	1	20512	20512	0	170180451	0.00012053088283330498	407460402	3495
ORDINAL	MP05	1	2140	model.layers.31.self_attn	DECODE	ATTENTION	6	27712	27712	0	170180451	0.00016283891502908286	407460402	3495
ORDINAL	MP05	1	2141	model.layers.31.mlp.gate_up_proj	DECODE	GATE_UP_PROJECTION	1	38848	38848	0	170180451	0.00022827533815855265	407460402	3495
ORDINAL	MP05	1	2142	model.layers.31.mlp.act_fn	DECODE	ACTIVATION	1	2400	2400	0	170180451	1.4102677398592628e-05	407460402	3495
ORDINAL	MP05	1	2143	model.layers.31.mlp.down_proj	DECODE	DOWN_PROJECTION	1	20576	20576	0	170180451	0.00012090695423060078	407460402	3495
ORDINAL	MP05	1	2144	model.layers.32.self_attn	DECODE	ATTENTION	6	27520	27520	0	170180451	0.00016171070083719546	407460402	3495
ORDINAL	MP05	1	2145	model.layers.32.mlp.gate_up_proj	DECODE	GATE_UP_PROJECTION	1	39072	39072	0	170180451	0.00022959158804908796	407460402	3495
ORDINAL	MP05	1	2146	model.layers.32.mlp.act_fn	DECODE	ACTIVATION	1	2368	2368	0	170180451	1.3914641699944725e-05	407460402	3495
ORDINAL	MP05	1	2147	model.layers.32.mlp.down_proj	DECODE	DOWN_PROJECTION	1	20480	20480	0	170180451	0.00012034284713465708	407460402	3495
ORDINAL	MP05	1	2148	model.layers.33.self_attn	DECODE	ATTENTION	6	27424	27424	0	170180451	0.00016114659374125175	407460402	3495
ORDINAL	MP05	1	2149	model.layers.33.mlp.gate_up_proj	DECODE	GATE_UP_PROJECTION	1	38592	38592	0	170180451	0.00022677105256936945	407460402	3495
ORDINAL	MP05	1	2150	model.layers.33.mlp.act_fn	DECODE	ACTIVATION	1	2400	2400	0	170180451	1.4102677398592628e-05	407460402	3495
ORDINAL	MP05	1	2151	model.layers.33.mlp.down_proj	DECODE	DOWN_PROJECTION	1	20416	20416	0	170180451	0.00011996677573736128	407460402	3495
ORDINAL	MP05	1	2152	model.layers.34.self_attn	DECODE	ATTENTION	6	27744	27744	0	170180451	0.00016302695072773076	407460402	3495
ORDINAL	MP05	1	2153	model.layers.34.mlp.gate_up_proj	DECODE	GATE_UP_PROJECTION	1	38848	38848	0	170180451	0.00022827533815855265	407460402	3495
ORDINAL	MP05	1	2154	model.layers.34.mlp.act_fn	DECODE	ACTIVATION	1	2368	2368	0	170180451	1.3914641699944725e-05	407460402	3495
ORDINAL	MP05	1	2155	model.layers.34.mlp.down_proj	DECODE	DOWN_PROJECTION	1	20608	20608	0	170180451	0.00012109498992924868	407460402	3495
ORDINAL	MP05	1	2156	model.layers.35.self_attn	DECODE	ATTENTION	6	27424	27424	0	170180451	0.00016114659374125175	407460402	3495
ORDINAL	MP05	1	2157	model.layers.35.mlp.gate_up_proj	DECODE	GATE_UP_PROJECTION	1	38560	38560	0	170180451	0.00022658301687072154	407460402	3495
ORDINAL	MP05	1	2158	model.layers.35.mlp.act_fn	DECODE	ACTIVATION	1	2400	2400	0	170180451	1.4102677398592628e-05	407460402	3495
ORDINAL	MP05	1	2159	model.layers.35.mlp.down_proj	DECODE	DOWN_PROJECTION	1	20448	20448	0	170180451	0.00012015481143600918	407460402	3495
ORDINAL	MP05	1	2160	model.layers.0.self_attn	DECODE	ATTENTION	6	28127	28127	0	170180451	0.00016527750299592285	407460402	3495
ORDINAL	MP05	1	2161	model.layers.0.mlp.gate_up_proj	DECODE	GATE_UP_PROJECTION	1	39040	39040	0	170180451	0.00022940355235044006	407460402	3495
ORDINAL	MP05	1	2162	model.layers.0.mlp.act_fn	DECODE	ACTIVATION	1	2400	2400	0	170180451	1.4102677398592628e-05	407460402	3495
ORDINAL	MP05	1	2163	model.layers.0.mlp.down_proj	DECODE	DOWN_PROJECTION	1	20576	20576	0	170180451	0.00012090695423060078	407460402	3495
ORDINAL	MP05	1	2164	model.layers.1.self_attn	DECODE	ATTENTION	6	27680	27680	0	170180451	0.00016265087933043496	407460402	3495
ORDINAL	MP05	1	2165	model.layers.1.mlp.gate_up_proj	DECODE	GATE_UP_PROJECTION	1	40320	40320	0	170180451	0.00023692498029635612	407460402	3495
ORDINAL	MP05	1	2166	model.layers.1.mlp.act_fn	DECODE	ACTIVATION	1	2400	2400	0	170180451	1.4102677398592628e-05	407460402	3495
ORDINAL	MP05	1	2167	model.layers.1.mlp.down_proj	DECODE	DOWN_PROJECTION	1	20896	20896	0	170180451	0.0001227873112170798	407460402	3495
ORDINAL	MP05	1	2168	model.layers.2.self_attn	DECODE	ATTENTION	6	27552	27552	0	170180451	0.00016189873653584336	407460402	3495
ORDINAL	MP05	1	2169	model.layers.2.mlp.gate_up_proj	DECODE	GATE_UP_PROJECTION	1	38975	38975	0	170180451	0.0002290216048375615	407460402	3495
ORDINAL	MP05	1	2170	model.layers.2.mlp.act_fn	DECODE	ACTIVATION	1	2368	2368	0	170180451	1.3914641699944725e-05	407460402	3495
ORDINAL	MP05	1	2171	model.layers.2.mlp.down_proj	DECODE	DOWN_PROJECTION	1	20480	20480	0	170180451	0.00012034284713465708	407460402	3495
ORDINAL	MP05	1	2172	model.layers.3.self_attn	DECODE	ATTENTION	6	27328	27328	0	170180451	0.00016058248664530805	407460402	3495
ORDINAL	MP05	1	2173	model.layers.3.mlp.gate_up_proj	DECODE	GATE_UP_PROJECTION	1	39616	39616	0	170180451	0.0002327881949261023	407460402	3495
ORDINAL	MP05	1	2174	model.layers.3.mlp.act_fn	DECODE	ACTIVATION	1	2400	2400	0	170180451	1.4102677398592628e-05	407460402	3495
ORDINAL	MP05	1	2175	model.layers.3.mlp.down_proj	DECODE	DOWN_PROJECTION	1	20448	20448	0	170180451	0.00012015481143600918	407460402	3495
ORDINAL	MP05	1	2176	model.layers.4.self_attn	DECODE	ATTENTION	6	27488	27488	0	170180451	0.00016152266513854755	407460402	3495
ORDINAL	MP05	1	2177	model.layers.4.mlp.gate_up_proj	DECODE	GATE_UP_PROJECTION	1	38784	38784	0	170180451	0.00022789926676125685	407460402	3495
ORDINAL	MP05	1	2178	model.layers.4.mlp.act_fn	DECODE	ACTIVATION	1	2400	2400	0	170180451	1.4102677398592628e-05	407460402	3495
ORDINAL	MP05	1	2179	model.layers.4.mlp.down_proj	DECODE	DOWN_PROJECTION	1	20416	20416	0	170180451	0.00011996677573736128	407460402	3495
ORDINAL	MP05	1	2180	model.layers.5.self_attn	DECODE	ATTENTION	6	27776	27776	0	170180451	0.00016321498642637866	407460402	3495
ORDINAL	MP05	1	2181	model.layers.5.mlp.gate_up_proj	DECODE	GATE_UP_PROJECTION	1	38656	38656	0	170180451	0.00022714712396666525	407460402	3495
ORDINAL	MP05	1	2182	model.layers.5.mlp.act_fn	DECODE	ACTIVATION	1	2400	2400	0	170180451	1.4102677398592628e-05	407460402	3495
ORDINAL	MP05	1	2183	model.layers.5.mlp.down_proj	DECODE	DOWN_PROJECTION	1	20608	20608	0	170180451	0.00012109498992924868	407460402	3495
ORDINAL	MP05	1	2184	model.layers.6.self_attn	DECODE	ATTENTION	6	27552	27552	0	170180451	0.00016189873653584336	407460402	3495
ORDINAL	MP05	1	2185	model.layers.6.mlp.gate_up_proj	DECODE	GATE_UP_PROJECTION	1	39008	39008	0	170180451	0.00022921551665179216	407460402	3495
ORDINAL	MP05	1	2186	model.layers.6.mlp.act_fn	DECODE	ACTIVATION	1	2400	2400	0	170180451	1.4102677398592628e-05	407460402	3495
ORDINAL	MP05	1	2187	model.layers.6.mlp.down_proj	DECODE	DOWN_PROJECTION	1	20576	20576	0	170180451	0.00012090695423060078	407460402	3495
ORDINAL	MP05	1	2188	model.layers.7.self_attn	DECODE	ATTENTION	6	27616	27616	0	170180451	0.00016227480793313916	407460402	3495
ORDINAL	MP05	1	2189	model.layers.7.mlp.gate_up_proj	DECODE	GATE_UP_PROJECTION	1	39232	39232	0	170180451	0.00023053176654232746	407460402	3495
ORDINAL	MP05	1	2190	model.layers.7.mlp.act_fn	DECODE	ACTIVATION	1	2400	2400	0	170180451	1.4102677398592628e-05	407460402	3495
ORDINAL	MP05	1	2191	model.layers.7.mlp.down_proj	DECODE	DOWN_PROJECTION	1	20480	20480	0	170180451	0.00012034284713465708	407460402	3495
ORDINAL	MP05	1	2192	model.layers.8.self_attn	DECODE	ATTENTION	6	27712	27712	0	170180451	0.00016283891502908286	407460402	3495
ORDINAL	MP05	1	2193	model.layers.8.mlp.gate_up_proj	DECODE	GATE_UP_PROJECTION	1	38880	38880	0	170180451	0.00022846337385720055	407460402	3495
ORDINAL	MP05	1	2194	model.layers.8.mlp.act_fn	DECODE	ACTIVATION	1	2400	2400	0	170180451	1.4102677398592628e-05	407460402	3495
ORDINAL	MP05	1	2195	model.layers.8.mlp.down_proj	DECODE	DOWN_PROJECTION	1	20512	20512	0	170180451	0.00012053088283330498	407460402	3495
ORDINAL	MP05	1	2196	model.layers.9.self_attn	DECODE	ATTENTION	6	27648	27648	0	170180451	0.00016246284363178706	407460402	3495
ORDINAL	MP05	1	2197	model.layers.9.mlp.gate_up_proj	DECODE	GATE_UP_PROJECTION	1	38752	38752	0	170180451	0.00022771123106260895	407460402	3495
ORDINAL	MP05	1	2198	model.layers.9.mlp.act_fn	DECODE	ACTIVATION	1	2400	2400	0	170180451	1.4102677398592628e-05	407460402	3495
ORDINAL	MP05	1	2199	model.layers.9.mlp.down_proj	DECODE	DOWN_PROJECTION	1	20544	20544	0	170180451	0.00012071891853195288	407460402	3495
ORDINAL	MP05	1	2200	model.layers.10.self_attn	DECODE	ATTENTION	6	28000	28000	0	170180451	0.00016453123631691397	407460402	3495
ORDINAL	MP05	1	2201	model.layers.10.mlp.gate_up_proj	DECODE	GATE_UP_PROJECTION	1	39584	39584	0	170180451	0.0002326001592274544	407460402	3495
ORDINAL	MP05	1	2202	model.layers.10.mlp.act_fn	DECODE	ACTIVATION	1	2368	2368	0	170180451	1.3914641699944725e-05	407460402	3495
ORDINAL	MP05	1	2203	model.layers.10.mlp.down_proj	DECODE	DOWN_PROJECTION	1	21056	21056	0	170180451	0.00012372748971031932	407460402	3495
ORDINAL	MP05	1	2204	model.layers.11.self_attn	DECODE	ATTENTION	6	27776	27776	0	170180451	0.00016321498642637866	407460402	3495
ORDINAL	MP05	1	2205	model.layers.11.mlp.gate_up_proj	DECODE	GATE_UP_PROJECTION	1	39552	39552	0	170180451	0.0002324121235288065	407460402	3495
ORDINAL	MP05	1	2206	model.layers.11.mlp.act_fn	DECODE	ACTIVATION	1	2400	2400	0	170180451	1.4102677398592628e-05	407460402	3495
ORDINAL	MP05	1	2207	model.layers.11.mlp.down_proj	DECODE	DOWN_PROJECTION	1	20576	20576	0	170180451	0.00012090695423060078	407460402	3495
ORDINAL	MP05	1	2208	model.layers.12.self_attn	DECODE	ATTENTION	6	28160	28160	0	170180451	0.0001654714148101535	407460402	3495
ORDINAL	MP05	1	2209	model.layers.12.mlp.gate_up_proj	DECODE	GATE_UP_PROJECTION	1	39264	39264	0	170180451	0.00023071980224097536	407460402	3495
ORDINAL	MP05	1	2210	model.layers.12.mlp.act_fn	DECODE	ACTIVATION	1	2368	2368	0	170180451	1.3914641699944725e-05	407460402	3495
ORDINAL	MP05	1	2211	model.layers.12.mlp.down_proj	DECODE	DOWN_PROJECTION	1	20576	20576	0	170180451	0.00012090695423060078	407460402	3495
ORDINAL	MP05	1	2212	model.layers.13.self_attn	DECODE	ATTENTION	6	27712	27712	0	170180451	0.00016283891502908286	407460402	3495
ORDINAL	MP05	1	2213	model.layers.13.mlp.gate_up_proj	DECODE	GATE_UP_PROJECTION	1	38912	38912	0	170180451	0.00022865140955584845	407460402	3495
ORDINAL	MP05	1	2214	model.layers.13.mlp.act_fn	DECODE	ACTIVATION	1	2400	2400	0	170180451	1.4102677398592628e-05	407460402	3495
ORDINAL	MP05	1	2215	model.layers.13.mlp.down_proj	DECODE	DOWN_PROJECTION	1	20576	20576	0	170180451	0.00012090695423060078	407460402	3495
ORDINAL	MP05	1	2216	model.layers.14.self_attn	DECODE	ATTENTION	6	27616	27616	0	170180451	0.00016227480793313916	407460402	3495
ORDINAL	MP05	1	2217	model.layers.14.mlp.gate_up_proj	DECODE	GATE_UP_PROJECTION	1	39648	39648	0	170180451	0.0002329762306247502	407460402	3495
ORDINAL	MP05	1	2218	model.layers.14.mlp.act_fn	DECODE	ACTIVATION	1	2400	2400	0	170180451	1.4102677398592628e-05	407460402	3495
ORDINAL	MP05	1	2219	model.layers.14.mlp.down_proj	DECODE	DOWN_PROJECTION	1	20512	20512	0	170180451	0.00012053088283330498	407460402	3495
ORDINAL	MP05	1	2220	model.layers.15.self_attn	DECODE	ATTENTION	6	27744	27744	0	170180451	0.00016302695072773076	407460402	3495
ORDINAL	MP05	1	2221	model.layers.15.mlp.gate_up_proj	DECODE	GATE_UP_PROJECTION	1	39168	39168	0	170180451	0.00023015569514503166	407460402	3495
ORDINAL	MP05	1	2222	model.layers.15.mlp.act_fn	DECODE	ACTIVATION	1	2368	2368	0	170180451	1.3914641699944725e-05	407460402	3495
ORDINAL	MP05	1	2223	model.layers.15.mlp.down_proj	DECODE	DOWN_PROJECTION	1	20544	20544	0	170180451	0.00012071891853195288	407460402	3495
ORDINAL	MP05	1	2224	model.layers.16.self_attn	DECODE	ATTENTION	6	27648	27648	0	170180451	0.00016246284363178706	407460402	3495
ORDINAL	MP05	1	2225	model.layers.16.mlp.gate_up_proj	DECODE	GATE_UP_PROJECTION	1	39072	39072	0	170180451	0.00022959158804908796	407460402	3495
ORDINAL	MP05	1	2226	model.layers.16.mlp.act_fn	DECODE	ACTIVATION	1	2368	2368	0	170180451	1.3914641699944725e-05	407460402	3495
ORDINAL	MP05	1	2227	model.layers.16.mlp.down_proj	DECODE	DOWN_PROJECTION	1	20512	20512	0	170180451	0.00012053088283330498	407460402	3495
ORDINAL	MP05	1	2228	model.layers.17.self_attn	DECODE	ATTENTION	6	27776	27776	0	170180451	0.00016321498642637866	407460402	3495
ORDINAL	MP05	1	2229	model.layers.17.mlp.gate_up_proj	DECODE	GATE_UP_PROJECTION	1	38720	38720	0	170180451	0.00022752319536396105	407460402	3495
ORDINAL	MP05	1	2230	model.layers.17.mlp.act_fn	DECODE	ACTIVATION	1	2400	2400	0	170180451	1.4102677398592628e-05	407460402	3495
ORDINAL	MP05	1	2231	model.layers.17.mlp.down_proj	DECODE	DOWN_PROJECTION	1	20576	20576	0	170180451	0.00012090695423060078	407460402	3495
ORDINAL	MP05	1	2232	model.layers.18.self_attn	DECODE	ATTENTION	6	27744	27744	0	170180451	0.00016302695072773076	407460402	3495
ORDINAL	MP05	1	2233	model.layers.18.mlp.gate_up_proj	DECODE	GATE_UP_PROJECTION	1	39360	39360	0	170180451	0.0002312839093369191	407460402	3495
ORDINAL	MP05	1	2234	model.layers.18.mlp.act_fn	DECODE	ACTIVATION	1	2368	2368	0	170180451	1.3914641699944725e-05	407460402	3495
ORDINAL	MP05	1	2235	model.layers.18.mlp.down_proj	DECODE	DOWN_PROJECTION	1	20480	20480	0	170180451	0.00012034284713465708	407460402	3495
ORDINAL	MP05	1	2236	model.layers.19.self_attn	DECODE	ATTENTION	6	27616	27616	0	170180451	0.00016227480793313916	407460402	3495
ORDINAL	MP05	1	2237	model.layers.19.mlp.gate_up_proj	DECODE	GATE_UP_PROJECTION	1	38816	38816	0	170180451	0.00022808730245990475	407460402	3495
ORDINAL	MP05	1	2238	model.layers.19.mlp.act_fn	DECODE	ACTIVATION	1	2400	2400	0	170180451	1.4102677398592628e-05	407460402	3495
ORDINAL	MP05	1	2239	model.layers.19.mlp.down_proj	DECODE	DOWN_PROJECTION	1	20448	20448	0	170180451	0.00012015481143600918	407460402	3495
ORDINAL	MP05	1	2240	model.layers.20.self_attn	DECODE	ATTENTION	6	27744	27744	0	170180451	0.00016302695072773076	407460402	3495
ORDINAL	MP05	1	2241	model.layers.20.mlp.gate_up_proj	DECODE	GATE_UP_PROJECTION	1	39200	39200	0	170180451	0.00023034373084367956	407460402	3495
ORDINAL	MP05	1	2242	model.layers.20.mlp.act_fn	DECODE	ACTIVATION	1	2400	2400	0	170180451	1.4102677398592628e-05	407460402	3495
ORDINAL	MP05	1	2243	model.layers.20.mlp.down_proj	DECODE	DOWN_PROJECTION	1	20544	20544	0	170180451	0.00012071891853195288	407460402	3495
ORDINAL	MP05	1	2244	model.layers.21.self_attn	DECODE	ATTENTION	6	27968	27968	0	170180451	0.00016434320061826607	407460402	3495
ORDINAL	MP05	1	2245	model.layers.21.mlp.gate_up_proj	DECODE	GATE_UP_PROJECTION	1	39072	39072	0	170180451	0.00022959158804908796	407460402	3495
ORDINAL	MP05	1	2246	model.layers.21.mlp.act_fn	DECODE	ACTIVATION	1	2400	2400	0	170180451	1.4102677398592628e-05	407460402	3495
ORDINAL	MP05	1	2247	model.layers.21.mlp.down_proj	DECODE	DOWN_PROJECTION	1	20512	20512	0	170180451	0.00012053088283330498	407460402	3495
ORDINAL	MP05	1	2248	model.layers.22.self_attn	DECODE	ATTENTION	6	27424	27424	0	170180451	0.00016114659374125175	407460402	3495
ORDINAL	MP05	1	2249	model.layers.22.mlp.gate_up_proj	DECODE	GATE_UP_PROJECTION	1	38464	38464	0	170180451	0.00022601890977477784	407460402	3495
ORDINAL	MP05	1	2250	model.layers.22.mlp.act_fn	DECODE	ACTIVATION	1	2432	2432	0	170180451	1.4290713097240528e-05	407460402	3495
ORDINAL	MP05	1	2251	model.layers.22.mlp.down_proj	DECODE	DOWN_PROJECTION	1	20800	20800	0	170180451	0.0001222232041211361	407460402	3495
ORDINAL	MP05	1	2252	model.layers.23.self_attn	DECODE	ATTENTION	6	27519	27519	0	170180451	0.0001617048247216127	407460402	3495
ORDINAL	MP05	1	2253	model.layers.23.mlp.gate_up_proj	DECODE	GATE_UP_PROJECTION	1	39040	39040	0	170180451	0.00022940355235044006	407460402	3495
ORDINAL	MP05	1	2254	model.layers.23.mlp.act_fn	DECODE	ACTIVATION	1	2400	2400	0	170180451	1.4102677398592628e-05	407460402	3495
ORDINAL	MP05	1	2255	model.layers.23.mlp.down_proj	DECODE	DOWN_PROJECTION	1	20672	20672	0	170180451	0.00012147106132654449	407460402	3495
ORDINAL	MP05	1	2256	model.layers.24.self_attn	DECODE	ATTENTION	6	27712	27712	0	170180451	0.00016283891502908286	407460402	3495
ORDINAL	MP05	1	2257	model.layers.24.mlp.gate_up_proj	DECODE	GATE_UP_PROJECTION	1	39520	39520	0	170180451	0.0002322240878301586	407460402	3495
ORDINAL	MP05	1	2258	model.layers.24.mlp.act_fn	DECODE	ACTIVATION	1	2400	2400	0	170180451	1.4102677398592628e-05	407460402	3495
ORDINAL	MP05	1	2259	model.layers.24.mlp.down_proj	DECODE	DOWN_PROJECTION	1	20512	20512	0	170180451	0.00012053088283330498	407460402	3495
ORDINAL	MP05	1	2260	model.layers.25.self_attn	DECODE	ATTENTION	6	27712	27712	0	170180451	0.00016283891502908286	407460402	3495
ORDINAL	MP05	1	2261	model.layers.25.mlp.gate_up_proj	DECODE	GATE_UP_PROJECTION	1	39072	39072	0	170180451	0.00022959158804908796	407460402	3495
ORDINAL	MP05	1	2262	model.layers.25.mlp.act_fn	DECODE	ACTIVATION	1	2400	2400	0	170180451	1.4102677398592628e-05	407460402	3495
ORDINAL	MP05	1	2263	model.layers.25.mlp.down_proj	DECODE	DOWN_PROJECTION	1	20512	20512	0	170180451	0.00012053088283330498	407460402	3495
ORDINAL	MP05	1	2264	model.layers.26.self_attn	DECODE	ATTENTION	6	27520	27520	0	170180451	0.00016171070083719546	407460402	3495
ORDINAL	MP05	1	2265	model.layers.26.mlp.gate_up_proj	DECODE	GATE_UP_PROJECTION	1	38880	38880	0	170180451	0.00022846337385720055	407460402	3495
ORDINAL	MP05	1	2266	model.layers.26.mlp.act_fn	DECODE	ACTIVATION	1	2400	2400	0	170180451	1.4102677398592628e-05	407460402	3495
ORDINAL	MP05	1	2267	model.layers.26.mlp.down_proj	DECODE	DOWN_PROJECTION	1	20512	20512	0	170180451	0.00012053088283330498	407460402	3495
ORDINAL	MP05	1	2268	model.layers.27.self_attn	DECODE	ATTENTION	6	27776	27776	0	170180451	0.00016321498642637866	407460402	3495
ORDINAL	MP05	1	2269	model.layers.27.mlp.gate_up_proj	DECODE	GATE_UP_PROJECTION	1	38752	38752	0	170180451	0.00022771123106260895	407460402	3495
ORDINAL	MP05	1	2270	model.layers.27.mlp.act_fn	DECODE	ACTIVATION	1	2400	2400	0	170180451	1.4102677398592628e-05	407460402	3495
ORDINAL	MP05	1	2271	model.layers.27.mlp.down_proj	DECODE	DOWN_PROJECTION	1	20736	20736	0	170180451	0.0001218471327238403	407460402	3495
ORDINAL	MP05	1	2272	model.layers.28.self_attn	DECODE	ATTENTION	6	27488	27488	0	170180451	0.00016152266513854755	407460402	3495
ORDINAL	MP05	1	2273	model.layers.28.mlp.gate_up_proj	DECODE	GATE_UP_PROJECTION	1	38912	38912	0	170180451	0.00022865140955584845	407460402	3495
ORDINAL	MP05	1	2274	model.layers.28.mlp.act_fn	DECODE	ACTIVATION	1	2400	2400	0	170180451	1.4102677398592628e-05	407460402	3495
ORDINAL	MP05	1	2275	model.layers.28.mlp.down_proj	DECODE	DOWN_PROJECTION	1	20447	20447	0	170180451	0.00012014893532042643	407460402	3495
ORDINAL	MP05	1	2276	model.layers.29.self_attn	DECODE	ATTENTION	6	27904	27904	0	170180451	0.00016396712922097027	407460402	3495
ORDINAL	MP05	1	2277	model.layers.29.mlp.gate_up_proj	DECODE	GATE_UP_PROJECTION	1	38784	38784	0	170180451	0.00022789926676125685	407460402	3495
ORDINAL	MP05	1	2278	model.layers.29.mlp.act_fn	DECODE	ACTIVATION	1	2400	2400	0	170180451	1.4102677398592628e-05	407460402	3495
ORDINAL	MP05	1	2279	model.layers.29.mlp.down_proj	DECODE	DOWN_PROJECTION	1	20544	20544	0	170180451	0.00012071891853195288	407460402	3495
ORDINAL	MP05	1	2280	model.layers.30.self_attn	DECODE	ATTENTION	6	27744	27744	0	170180451	0.00016302695072773076	407460402	3495
ORDINAL	MP05	1	2281	model.layers.30.mlp.gate_up_proj	DECODE	GATE_UP_PROJECTION	1	39136	39136	0	170180451	0.00022996765944638376	407460402	3495
ORDINAL	MP05	1	2282	model.layers.30.mlp.act_fn	DECODE	ACTIVATION	1	2400	2400	0	170180451	1.4102677398592628e-05	407460402	3495
ORDINAL	MP05	1	2283	model.layers.30.mlp.down_proj	DECODE	DOWN_PROJECTION	1	20448	20448	0	170180451	0.00012015481143600918	407460402	3495
ORDINAL	MP05	1	2284	model.layers.31.self_attn	DECODE	ATTENTION	6	27808	27808	0	170180451	0.00016340302212502656	407460402	3495
ORDINAL	MP05	1	2285	model.layers.31.mlp.gate_up_proj	DECODE	GATE_UP_PROJECTION	1	38655	38655	0	170180451	0.0002271412478510825	407460402	3495
ORDINAL	MP05	1	2286	model.layers.31.mlp.act_fn	DECODE	ACTIVATION	1	2368	2368	0	170180451	1.3914641699944725e-05	407460402	3495
ORDINAL	MP05	1	2287	model.layers.31.mlp.down_proj	DECODE	DOWN_PROJECTION	1	20480	20480	0	170180451	0.00012034284713465708	407460402	3495
ORDINAL	MP05	1	2288	model.layers.32.self_attn	DECODE	ATTENTION	6	27840	27840	0	170180451	0.00016359105782367446	407460402	3495
ORDINAL	MP05	1	2289	model.layers.32.mlp.gate_up_proj	DECODE	GATE_UP_PROJECTION	1	38912	38912	0	170180451	0.00022865140955584845	407460402	3495
ORDINAL	MP05	1	2290	model.layers.32.mlp.act_fn	DECODE	ACTIVATION	1	2400	2400	0	170180451	1.4102677398592628e-05	407460402	3495
ORDINAL	MP05	1	2291	model.layers.32.mlp.down_proj	DECODE	DOWN_PROJECTION	1	20512	20512	0	170180451	0.00012053088283330498	407460402	3495
ORDINAL	MP05	1	2292	model.layers.33.self_attn	DECODE	ATTENTION	6	27552	27552	0	170180451	0.00016189873653584336	407460402	3495
ORDINAL	MP05	1	2293	model.layers.33.mlp.gate_up_proj	DECODE	GATE_UP_PROJECTION	1	38368	38368	0	170180451	0.00022545480267883414	407460402	3495
ORDINAL	MP05	1	2294	model.layers.33.mlp.act_fn	DECODE	ACTIVATION	1	2400	2400	0	170180451	1.4102677398592628e-05	407460402	3495
ORDINAL	MP05	1	2295	model.layers.33.mlp.down_proj	DECODE	DOWN_PROJECTION	1	20480	20480	0	170180451	0.00012034284713465708	407460402	3495
ORDINAL	MP05	1	2296	model.layers.34.self_attn	DECODE	ATTENTION	6	27424	27424	0	170180451	0.00016114659374125175	407460402	3495
ORDINAL	MP05	1	2297	model.layers.34.mlp.gate_up_proj	DECODE	GATE_UP_PROJECTION	1	39007	39007	0	170180451	0.0002292096405362094	407460402	3495
ORDINAL	MP05	1	2298	model.layers.34.mlp.act_fn	DECODE	ACTIVATION	1	2400	2400	0	170180451	1.4102677398592628e-05	407460402	3495
ORDINAL	MP05	1	2299	model.layers.34.mlp.down_proj	DECODE	DOWN_PROJECTION	1	20544	20544	0	170180451	0.00012071891853195288	407460402	3495
ORDINAL	MP05	1	2300	model.layers.35.self_attn	DECODE	ATTENTION	6	27520	27520	0	170180451	0.00016171070083719546	407460402	3495
ORDINAL	MP05	1	2301	model.layers.35.mlp.gate_up_proj	DECODE	GATE_UP_PROJECTION	1	39136	39136	0	170180451	0.00022996765944638376	407460402	3495
ORDINAL	MP05	1	2302	model.layers.35.mlp.act_fn	DECODE	ACTIVATION	1	2368	2368	0	170180451	1.3914641699944725e-05	407460402	3495
ORDINAL	MP05	1	2303	model.layers.35.mlp.down_proj	DECODE	DOWN_PROJECTION	1	20768	20768	0	170180451	0.0001220351684224882	407460402	3495
ORDINAL	MP05	1	2304	model.layers.0.self_attn	DECODE	ATTENTION	6	27808	27808	0	170180451	0.00016340302212502656	407460402	3495
ORDINAL	MP05	1	2305	model.layers.0.mlp.gate_up_proj	DECODE	GATE_UP_PROJECTION	1	39007	39007	0	170180451	0.0002292096405362094	407460402	3495
ORDINAL	MP05	1	2306	model.layers.0.mlp.act_fn	DECODE	ACTIVATION	1	2368	2368	0	170180451	1.3914641699944725e-05	407460402	3495
ORDINAL	MP05	1	2307	model.layers.0.mlp.down_proj	DECODE	DOWN_PROJECTION	1	20448	20448	0	170180451	0.00012015481143600918	407460402	3495
ORDINAL	MP05	1	2308	model.layers.1.self_attn	DECODE	ATTENTION	6	27616	27616	0	170180451	0.00016227480793313916	407460402	3495
ORDINAL	MP05	1	2309	model.layers.1.mlp.gate_up_proj	DECODE	GATE_UP_PROJECTION	1	40192	40192	0	170180451	0.00023617283750176451	407460402	3495
ORDINAL	MP05	1	2310	model.layers.1.mlp.act_fn	DECODE	ACTIVATION	1	2400	2400	0	170180451	1.4102677398592628e-05	407460402	3495
ORDINAL	MP05	1	2311	model.layers.1.mlp.down_proj	DECODE	DOWN_PROJECTION	1	20800	20800	0	170180451	0.0001222232041211361	407460402	3495
ORDINAL	MP05	1	2312	model.layers.2.self_attn	DECODE	ATTENTION	6	27648	27648	0	170180451	0.00016246284363178706	407460402	3495
ORDINAL	MP05	1	2313	model.layers.2.mlp.gate_up_proj	DECODE	GATE_UP_PROJECTION	1	38624	38624	0	170180451	0.00022695908826801735	407460402	3495
ORDINAL	MP05	1	2314	model.layers.2.mlp.act_fn	DECODE	ACTIVATION	1	2400	2400	0	170180451	1.4102677398592628e-05	407460402	3495
ORDINAL	MP05	1	2315	model.layers.2.mlp.down_proj	DECODE	DOWN_PROJECTION	1	20320	20320	0	170180451	0.00011940266864141758	407460402	3495
ORDINAL	MP05	1	2316	model.layers.3.self_attn	DECODE	ATTENTION	6	27776	27776	0	170180451	0.00016321498642637866	407460402	3495
ORDINAL	MP05	1	2317	model.layers.3.mlp.gate_up_proj	DECODE	GATE_UP_PROJECTION	1	39360	39360	0	170180451	0.0002312839093369191	407460402	3495
ORDINAL	MP05	1	2318	model.layers.3.mlp.act_fn	DECODE	ACTIVATION	1	2400	2400	0	170180451	1.4102677398592628e-05	407460402	3495
ORDINAL	MP05	1	2319	model.layers.3.mlp.down_proj	DECODE	DOWN_PROJECTION	1	20576	20576	0	170180451	0.00012090695423060078	407460402	3495
ORDINAL	MP05	1	2320	model.layers.4.self_attn	DECODE	ATTENTION	6	27776	27776	0	170180451	0.00016321498642637866	407460402	3495
ORDINAL	MP05	1	2321	model.layers.4.mlp.gate_up_proj	DECODE	GATE_UP_PROJECTION	1	38720	38720	0	170180451	0.00022752319536396105	407460402	3495
ORDINAL	MP05	1	2322	model.layers.4.mlp.act_fn	DECODE	ACTIVATION	1	2400	2400	0	170180451	1.4102677398592628e-05	407460402	3495
ORDINAL	MP05	1	2323	model.layers.4.mlp.down_proj	DECODE	DOWN_PROJECTION	1	20320	20320	0	170180451	0.00011940266864141758	407460402	3495
ORDINAL	MP05	1	2324	model.layers.5.self_attn	DECODE	ATTENTION	6	27904	27904	0	170180451	0.00016396712922097027	407460402	3495
ORDINAL	MP05	1	2325	model.layers.5.mlp.gate_up_proj	DECODE	GATE_UP_PROJECTION	1	39040	39040	0	170180451	0.00022940355235044006	407460402	3495
ORDINAL	MP05	1	2326	model.layers.5.mlp.act_fn	DECODE	ACTIVATION	1	2400	2400	0	170180451	1.4102677398592628e-05	407460402	3495
ORDINAL	MP05	1	2327	model.layers.5.mlp.down_proj	DECODE	DOWN_PROJECTION	1	20416	20416	0	170180451	0.00011996677573736128	407460402	3495
ORDINAL	MP05	1	2328	model.layers.6.self_attn	DECODE	ATTENTION	6	27648	27648	0	170180451	0.00016246284363178706	407460402	3495
ORDINAL	MP05	1	2329	model.layers.6.mlp.gate_up_proj	DECODE	GATE_UP_PROJECTION	1	38976	38976	0	170180451	0.00022902748095314426	407460402	3495
ORDINAL	MP05	1	2330	model.layers.6.mlp.act_fn	DECODE	ACTIVATION	1	2400	2400	0	170180451	1.4102677398592628e-05	407460402	3495
ORDINAL	MP05	1	2331	model.layers.6.mlp.down_proj	DECODE	DOWN_PROJECTION	1	20672	20672	0	170180451	0.00012147106132654449	407460402	3495
ORDINAL	MP05	1	2332	model.layers.7.self_attn	DECODE	ATTENTION	6	27616	27616	0	170180451	0.00016227480793313916	407460402	3495
ORDINAL	MP05	1	2333	model.layers.7.mlp.gate_up_proj	DECODE	GATE_UP_PROJECTION	1	39040	39040	0	170180451	0.00022940355235044006	407460402	3495
ORDINAL	MP05	1	2334	model.layers.7.mlp.act_fn	DECODE	ACTIVATION	1	2368	2368	0	170180451	1.3914641699944725e-05	407460402	3495
ORDINAL	MP05	1	2335	model.layers.7.mlp.down_proj	DECODE	DOWN_PROJECTION	1	20544	20544	0	170180451	0.00012071891853195288	407460402	3495
ORDINAL	MP05	1	2336	model.layers.8.self_attn	DECODE	ATTENTION	6	27808	27808	0	170180451	0.00016340302212502656	407460402	3495
ORDINAL	MP05	1	2337	model.layers.8.mlp.gate_up_proj	DECODE	GATE_UP_PROJECTION	1	39136	39136	0	170180451	0.00022996765944638376	407460402	3495
ORDINAL	MP05	1	2338	model.layers.8.mlp.act_fn	DECODE	ACTIVATION	1	2400	2400	0	170180451	1.4102677398592628e-05	407460402	3495
ORDINAL	MP05	1	2339	model.layers.8.mlp.down_proj	DECODE	DOWN_PROJECTION	1	20416	20416	0	170180451	0.00011996677573736128	407460402	3495
ORDINAL	MP05	1	2340	model.layers.9.self_attn	DECODE	ATTENTION	6	27552	27552	0	170180451	0.00016189873653584336	407460402	3495
ORDINAL	MP05	1	2341	model.layers.9.mlp.gate_up_proj	DECODE	GATE_UP_PROJECTION	1	38688	38688	0	170180451	0.00022733515966531315	407460402	3495
ORDINAL	MP05	1	2342	model.layers.9.mlp.act_fn	DECODE	ACTIVATION	1	2400	2400	0	170180451	1.4102677398592628e-05	407460402	3495
ORDINAL	MP05	1	2343	model.layers.9.mlp.down_proj	DECODE	DOWN_PROJECTION	1	20416	20416	0	170180451	0.00011996677573736128	407460402	3495
ORDINAL	MP05	1	2344	model.layers.10.self_attn	DECODE	ATTENTION	6	27616	27616	0	170180451	0.00016227480793313916	407460402	3495
ORDINAL	MP05	1	2345	model.layers.10.mlp.gate_up_proj	DECODE	GATE_UP_PROJECTION	1	39552	39552	0	170180451	0.0002324121235288065	407460402	3495
ORDINAL	MP05	1	2346	model.layers.10.mlp.act_fn	DECODE	ACTIVATION	1	2400	2400	0	170180451	1.4102677398592628e-05	407460402	3495
ORDINAL	MP05	1	2347	model.layers.10.mlp.down_proj	DECODE	DOWN_PROJECTION	1	20672	20672	0	170180451	0.00012147106132654449	407460402	3495
ORDINAL	MP05	1	2348	model.layers.11.self_attn	DECODE	ATTENTION	6	27584	27584	0	170180451	0.00016208677223449126	407460402	3495
ORDINAL	MP05	1	2349	model.layers.11.mlp.gate_up_proj	DECODE	GATE_UP_PROJECTION	1	39135	39135	0	170180451	0.000229961783330801	407460402	3495
ORDINAL	MP05	1	2350	model.layers.11.mlp.act_fn	DECODE	ACTIVATION	1	2400	2400	0	170180451	1.4102677398592628e-05	407460402	3495
ORDINAL	MP05	1	2351	model.layers.11.mlp.down_proj	DECODE	DOWN_PROJECTION	1	20480	20480	0	170180451	0.00012034284713465708	407460402	3495
ORDINAL	MP05	1	2352	model.layers.12.self_attn	DECODE	ATTENTION	6	27360	27360	0	170180451	0.00016077052234395595	407460402	3495
ORDINAL	MP05	1	2353	model.layers.12.mlp.gate_up_proj	DECODE	GATE_UP_PROJECTION	1	39712	39712	0	170180451	0.000233352302022046	407460402	3495
ORDINAL	MP05	1	2354	model.layers.12.mlp.act_fn	DECODE	ACTIVATION	1	2400	2400	0	170180451	1.4102677398592628e-05	407460402	3495
ORDINAL	MP05	1	2355	model.layers.12.mlp.down_proj	DECODE	DOWN_PROJECTION	1	20544	20544	0	170180451	0.00012071891853195288	407460402	3495
ORDINAL	MP05	1	2356	model.layers.13.self_attn	DECODE	ATTENTION	6	27776	27776	0	170180451	0.00016321498642637866	407460402	3495
ORDINAL	MP05	1	2357	model.layers.13.mlp.gate_up_proj	DECODE	GATE_UP_PROJECTION	1	39104	39104	0	170180451	0.00022977962374773586	407460402	3495
ORDINAL	MP05	1	2358	model.layers.13.mlp.act_fn	DECODE	ACTIVATION	1	2400	2400	0	170180451	1.4102677398592628e-05	407460402	3495
ORDINAL	MP05	1	2359	model.layers.13.mlp.down_proj	DECODE	DOWN_PROJECTION	1	20512	20512	0	170180451	0.00012053088283330498	407460402	3495
ORDINAL	MP05	1	2360	model.layers.14.self_attn	DECODE	ATTENTION	6	27968	27968	0	170180451	0.00016434320061826607	407460402	3495
ORDINAL	MP05	1	2361	model.layers.14.mlp.gate_up_proj	DECODE	GATE_UP_PROJECTION	1	38784	38784	0	170180451	0.00022789926676125685	407460402	3495
ORDINAL	MP05	1	2362	model.layers.14.mlp.act_fn	DECODE	ACTIVATION	1	2368	2368	0	170180451	1.3914641699944725e-05	407460402	3495
ORDINAL	MP05	1	2363	model.layers.14.mlp.down_proj	DECODE	DOWN_PROJECTION	1	20512	20512	0	170180451	0.00012053088283330498	407460402	3495
ORDINAL	MP05	1	2364	model.layers.15.self_attn	DECODE	ATTENTION	6	27392	27392	0	170180451	0.00016095855804260385	407460402	3495
ORDINAL	MP05	1	2365	model.layers.15.mlp.gate_up_proj	DECODE	GATE_UP_PROJECTION	1	38720	38720	0	170180451	0.00022752319536396105	407460402	3495
ORDINAL	MP05	1	2366	model.layers.15.mlp.act_fn	DECODE	ACTIVATION	1	2400	2400	0	170180451	1.4102677398592628e-05	407460402	3495
ORDINAL	MP05	1	2367	model.layers.15.mlp.down_proj	DECODE	DOWN_PROJECTION	1	20544	20544	0	170180451	0.00012071891853195288	407460402	3495
ORDINAL	MP05	1	2368	model.layers.16.self_attn	DECODE	ATTENTION	6	27776	27776	0	170180451	0.00016321498642637866	407460402	3495
ORDINAL	MP05	1	2369	model.layers.16.mlp.gate_up_proj	DECODE	GATE_UP_PROJECTION	1	39360	39360	0	170180451	0.0002312839093369191	407460402	3495
ORDINAL	MP05	1	2370	model.layers.16.mlp.act_fn	DECODE	ACTIVATION	1	2368	2368	0	170180451	1.3914641699944725e-05	407460402	3495
ORDINAL	MP05	1	2371	model.layers.16.mlp.down_proj	DECODE	DOWN_PROJECTION	1	20736	20736	0	170180451	0.0001218471327238403	407460402	3495
ORDINAL	MP05	1	2372	model.layers.17.self_attn	DECODE	ATTENTION	6	27584	27584	0	170180451	0.00016208677223449126	407460402	3495
ORDINAL	MP05	1	2373	model.layers.17.mlp.gate_up_proj	DECODE	GATE_UP_PROJECTION	1	39168	39168	0	170180451	0.00023015569514503166	407460402	3495
ORDINAL	MP05	1	2374	model.layers.17.mlp.act_fn	DECODE	ACTIVATION	1	2368	2368	0	170180451	1.3914641699944725e-05	407460402	3495
ORDINAL	MP05	1	2375	model.layers.17.mlp.down_proj	DECODE	DOWN_PROJECTION	1	20480	20480	0	170180451	0.00012034284713465708	407460402	3495
ORDINAL	MP05	1	2376	model.layers.18.self_attn	DECODE	ATTENTION	6	27520	27520	0	170180451	0.00016171070083719546	407460402	3495
ORDINAL	MP05	1	2377	model.layers.18.mlp.gate_up_proj	DECODE	GATE_UP_PROJECTION	1	38944	38944	0	170180451	0.00022883944525449635	407460402	3495
ORDINAL	MP05	1	2378	model.layers.18.mlp.act_fn	DECODE	ACTIVATION	1	2368	2368	0	170180451	1.3914641699944725e-05	407460402	3495
ORDINAL	MP05	1	2379	model.layers.18.mlp.down_proj	DECODE	DOWN_PROJECTION	1	20704	20704	0	170180451	0.0001216590970251924	407460402	3495
ORDINAL	MP05	1	2380	model.layers.19.self_attn	DECODE	ATTENTION	6	27488	27488	0	170180451	0.00016152266513854755	407460402	3495
ORDINAL	MP05	1	2381	model.layers.19.mlp.gate_up_proj	DECODE	GATE_UP_PROJECTION	1	39008	39008	0	170180451	0.00022921551665179216	407460402	3495
ORDINAL	MP05	1	2382	model.layers.19.mlp.act_fn	DECODE	ACTIVATION	1	2400	2400	0	170180451	1.4102677398592628e-05	407460402	3495
ORDINAL	MP05	1	2383	model.layers.19.mlp.down_proj	DECODE	DOWN_PROJECTION	1	20544	20544	0	170180451	0.00012071891853195288	407460402	3495
ORDINAL	MP05	1	2384	model.layers.20.self_attn	DECODE	ATTENTION	6	27584	27584	0	170180451	0.00016208677223449126	407460402	3495
ORDINAL	MP05	1	2385	model.layers.20.mlp.gate_up_proj	DECODE	GATE_UP_PROJECTION	1	39424	39424	0	170180451	0.0002316599807342149	407460402	3495
ORDINAL	MP05	1	2386	model.layers.20.mlp.act_fn	DECODE	ACTIVATION	1	2400	2400	0	170180451	1.4102677398592628e-05	407460402	3495
ORDINAL	MP05	1	2387	model.layers.20.mlp.down_proj	DECODE	DOWN_PROJECTION	1	20736	20736	0	170180451	0.0001218471327238403	407460402	3495
ORDINAL	MP05	1	2388	model.layers.21.self_attn	DECODE	ATTENTION	6	27744	27744	0	170180451	0.00016302695072773076	407460402	3495
ORDINAL	MP05	1	2389	model.layers.21.mlp.gate_up_proj	DECODE	GATE_UP_PROJECTION	1	39616	39616	0	170180451	0.0002327881949261023	407460402	3495
ORDINAL	MP05	1	2390	model.layers.21.mlp.act_fn	DECODE	ACTIVATION	1	2368	2368	0	170180451	1.3914641699944725e-05	407460402	3495
ORDINAL	MP05	1	2391	model.layers.21.mlp.down_proj	DECODE	DOWN_PROJECTION	1	20768	20768	0	170180451	0.0001220351684224882	407460402	3495
ORDINAL	MP05	1	2392	model.layers.22.self_attn	DECODE	ATTENTION	6	27680	27680	0	170180451	0.00016265087933043496	407460402	3495
ORDINAL	MP05	1	2393	model.layers.22.mlp.gate_up_proj	DECODE	GATE_UP_PROJECTION	1	38752	38752	0	170180451	0.00022771123106260895	407460402	3495
ORDINAL	MP05	1	2394	model.layers.22.mlp.act_fn	DECODE	ACTIVATION	1	2400	2400	0	170180451	1.4102677398592628e-05	407460402	3495
ORDINAL	MP05	1	2395	model.layers.22.mlp.down_proj	DECODE	DOWN_PROJECTION	1	20672	20672	0	170180451	0.00012147106132654449	407460402	3495
ORDINAL	MP05	1	2396	model.layers.23.self_attn	DECODE	ATTENTION	6	27616	27616	0	170180451	0.00016227480793313916	407460402	3495
ORDINAL	MP05	1	2397	model.layers.23.mlp.gate_up_proj	DECODE	GATE_UP_PROJECTION	1	39232	39232	0	170180451	0.00023053176654232746	407460402	3495
ORDINAL	MP05	1	2398	model.layers.23.mlp.act_fn	DECODE	ACTIVATION	1	2400	2400	0	170180451	1.4102677398592628e-05	407460402	3495
ORDINAL	MP05	1	2399	model.layers.23.mlp.down_proj	DECODE	DOWN_PROJECTION	1	20640	20640	0	170180451	0.00012128302562789659	407460402	3495
ORDINAL	MP05	1	2400	model.layers.24.self_attn	DECODE	ATTENTION	6	27808	27808	0	170180451	0.00016340302212502656	407460402	3495
ORDINAL	MP05	1	2401	model.layers.24.mlp.gate_up_proj	DECODE	GATE_UP_PROJECTION	1	39616	39616	0	170180451	0.0002327881949261023	407460402	3495
ORDINAL	MP05	1	2402	model.layers.24.mlp.act_fn	DECODE	ACTIVATION	1	2400	2400	0	170180451	1.4102677398592628e-05	407460402	3495
ORDINAL	MP05	1	2403	model.layers.24.mlp.down_proj	DECODE	DOWN_PROJECTION	1	20736	20736	0	170180451	0.0001218471327238403	407460402	3495
ORDINAL	MP05	1	2404	model.layers.25.self_attn	DECODE	ATTENTION	6	27680	27680	0	170180451	0.00016265087933043496	407460402	3495
ORDINAL	MP05	1	2405	model.layers.25.mlp.gate_up_proj	DECODE	GATE_UP_PROJECTION	1	39200	39200	0	170180451	0.00023034373084367956	407460402	3495
ORDINAL	MP05	1	2406	model.layers.25.mlp.act_fn	DECODE	ACTIVATION	1	2368	2368	0	170180451	1.3914641699944725e-05	407460402	3495
ORDINAL	MP05	1	2407	model.layers.25.mlp.down_proj	DECODE	DOWN_PROJECTION	1	20448	20448	0	170180451	0.00012015481143600918	407460402	3495
ORDINAL	MP05	1	2408	model.layers.26.self_attn	DECODE	ATTENTION	6	27775	27775	0	170180451	0.00016320911031079591	407460402	3495
ORDINAL	MP05	1	2409	model.layers.26.mlp.gate_up_proj	DECODE	GATE_UP_PROJECTION	1	38624	38624	0	170180451	0.00022695908826801735	407460402	3495
ORDINAL	MP05	1	2410	model.layers.26.mlp.act_fn	DECODE	ACTIVATION	1	2368	2368	0	170180451	1.3914641699944725e-05	407460402	3495
ORDINAL	MP05	1	2411	model.layers.26.mlp.down_proj	DECODE	DOWN_PROJECTION	1	20480	20480	0	170180451	0.00012034284713465708	407460402	3495
ORDINAL	MP05	1	2412	model.layers.27.self_attn	DECODE	ATTENTION	6	27552	27552	0	170180451	0.00016189873653584336	407460402	3495
ORDINAL	MP05	1	2413	model.layers.27.mlp.gate_up_proj	DECODE	GATE_UP_PROJECTION	1	39232	39232	0	170180451	0.00023053176654232746	407460402	3495
ORDINAL	MP05	1	2414	model.layers.27.mlp.act_fn	DECODE	ACTIVATION	1	2368	2368	0	170180451	1.3914641699944725e-05	407460402	3495
ORDINAL	MP05	1	2415	model.layers.27.mlp.down_proj	DECODE	DOWN_PROJECTION	1	20512	20512	0	170180451	0.00012053088283330498	407460402	3495
ORDINAL	MP05	1	2416	model.layers.28.self_attn	DECODE	ATTENTION	6	27648	27648	0	170180451	0.00016246284363178706	407460402	3495
ORDINAL	MP05	1	2417	model.layers.28.mlp.gate_up_proj	DECODE	GATE_UP_PROJECTION	1	39104	39104	0	170180451	0.00022977962374773586	407460402	3495
ORDINAL	MP05	1	2418	model.layers.28.mlp.act_fn	DECODE	ACTIVATION	1	2400	2400	0	170180451	1.4102677398592628e-05	407460402	3495
ORDINAL	MP05	1	2419	model.layers.28.mlp.down_proj	DECODE	DOWN_PROJECTION	1	20672	20672	0	170180451	0.00012147106132654449	407460402	3495
ORDINAL	MP05	1	2420	model.layers.29.self_attn	DECODE	ATTENTION	6	27904	27904	0	170180451	0.00016396712922097027	407460402	3495
ORDINAL	MP05	1	2421	model.layers.29.mlp.gate_up_proj	DECODE	GATE_UP_PROJECTION	1	39040	39040	0	170180451	0.00022940355235044006	407460402	3495
ORDINAL	MP05	1	2422	model.layers.29.mlp.act_fn	DECODE	ACTIVATION	1	2400	2400	0	170180451	1.4102677398592628e-05	407460402	3495
ORDINAL	MP05	1	2423	model.layers.29.mlp.down_proj	DECODE	DOWN_PROJECTION	1	20448	20448	0	170180451	0.00012015481143600918	407460402	3495
ORDINAL	MP05	1	2424	model.layers.30.self_attn	DECODE	ATTENTION	6	27584	27584	0	170180451	0.00016208677223449126	407460402	3495
ORDINAL	MP05	1	2425	model.layers.30.mlp.gate_up_proj	DECODE	GATE_UP_PROJECTION	1	38720	38720	0	170180451	0.00022752319536396105	407460402	3495
ORDINAL	MP05	1	2426	model.layers.30.mlp.act_fn	DECODE	ACTIVATION	1	2368	2368	0	170180451	1.3914641699944725e-05	407460402	3495
ORDINAL	MP05	1	2427	model.layers.30.mlp.down_proj	DECODE	DOWN_PROJECTION	1	20608	20608	0	170180451	0.00012109498992924868	407460402	3495
ORDINAL	MP05	1	2428	model.layers.31.self_attn	DECODE	ATTENTION	6	27520	27520	0	170180451	0.00016171070083719546	407460402	3495
ORDINAL	MP05	1	2429	model.layers.31.mlp.gate_up_proj	DECODE	GATE_UP_PROJECTION	1	38656	38656	0	170180451	0.00022714712396666525	407460402	3495
ORDINAL	MP05	1	2430	model.layers.31.mlp.act_fn	DECODE	ACTIVATION	1	2400	2400	0	170180451	1.4102677398592628e-05	407460402	3495
ORDINAL	MP05	1	2431	model.layers.31.mlp.down_proj	DECODE	DOWN_PROJECTION	1	20224	20224	0	170180451	0.00011883856154547387	407460402	3495
ORDINAL	MP05	1	2432	model.layers.32.self_attn	DECODE	ATTENTION	6	27648	27648	0	170180451	0.00016246284363178706	407460402	3495
ORDINAL	MP05	1	2433	model.layers.32.mlp.gate_up_proj	DECODE	GATE_UP_PROJECTION	1	39008	39008	0	170180451	0.00022921551665179216	407460402	3495
ORDINAL	MP05	1	2434	model.layers.32.mlp.act_fn	DECODE	ACTIVATION	1	2368	2368	0	170180451	1.3914641699944725e-05	407460402	3495
ORDINAL	MP05	1	2435	model.layers.32.mlp.down_proj	DECODE	DOWN_PROJECTION	1	20384	20384	0	170180451	0.00011977874003871338	407460402	3495
ORDINAL	MP05	1	2436	model.layers.33.self_attn	DECODE	ATTENTION	6	27584	27584	0	170180451	0.00016208677223449126	407460402	3495
ORDINAL	MP05	1	2437	model.layers.33.mlp.gate_up_proj	DECODE	GATE_UP_PROJECTION	1	38528	38528	0	170180451	0.00022639498117207364	407460402	3495
ORDINAL	MP05	1	2438	model.layers.33.mlp.act_fn	DECODE	ACTIVATION	1	2400	2400	0	170180451	1.4102677398592628e-05	407460402	3495
ORDINAL	MP05	1	2439	model.layers.33.mlp.down_proj	DECODE	DOWN_PROJECTION	1	20416	20416	0	170180451	0.00011996677573736128	407460402	3495
ORDINAL	MP05	1	2440	model.layers.34.self_attn	DECODE	ATTENTION	6	27456	27456	0	170180451	0.00016133462943989965	407460402	3495
ORDINAL	MP05	1	2441	model.layers.34.mlp.gate_up_proj	DECODE	GATE_UP_PROJECTION	1	39008	39008	0	170180451	0.00022921551665179216	407460402	3495
ORDINAL	MP05	1	2442	model.layers.34.mlp.act_fn	DECODE	ACTIVATION	1	2400	2400	0	170180451	1.4102677398592628e-05	407460402	3495
ORDINAL	MP05	1	2443	model.layers.34.mlp.down_proj	DECODE	DOWN_PROJECTION	1	20576	20576	0	170180451	0.00012090695423060078	407460402	3495
ORDINAL	MP05	1	2444	model.layers.35.self_attn	DECODE	ATTENTION	6	27648	27648	0	170180451	0.00016246284363178706	407460402	3495
ORDINAL	MP05	1	2445	model.layers.35.mlp.gate_up_proj	DECODE	GATE_UP_PROJECTION	1	39136	39136	0	170180451	0.00022996765944638376	407460402	3495
ORDINAL	MP05	1	2446	model.layers.35.mlp.act_fn	DECODE	ACTIVATION	1	2400	2400	0	170180451	1.4102677398592628e-05	407460402	3495
ORDINAL	MP05	1	2447	model.layers.35.mlp.down_proj	DECODE	DOWN_PROJECTION	1	20608	20608	0	170180451	0.00012109498992924868	407460402	3495
ORDINAL	MP05	1	2448	model.layers.0.self_attn	DECODE	ATTENTION	6	28064	28064	0	170180451	0.00016490730771420977	407460402	3495
ORDINAL	MP05	1	2449	model.layers.0.mlp.gate_up_proj	DECODE	GATE_UP_PROJECTION	1	39008	39008	0	170180451	0.00022921551665179216	407460402	3495
ORDINAL	MP05	1	2450	model.layers.0.mlp.act_fn	DECODE	ACTIVATION	1	2400	2400	0	170180451	1.4102677398592628e-05	407460402	3495
ORDINAL	MP05	1	2451	model.layers.0.mlp.down_proj	DECODE	DOWN_PROJECTION	1	20640	20640	0	170180451	0.00012128302562789659	407460402	3495
ORDINAL	MP05	1	2452	model.layers.1.self_attn	DECODE	ATTENTION	6	27839	27839	0	170180451	0.00016358518170809172	407460402	3495
ORDINAL	MP05	1	2453	model.layers.1.mlp.gate_up_proj	DECODE	GATE_UP_PROJECTION	1	39904	39904	0	170180451	0.0002344805162139334	407460402	3495
ORDINAL	MP05	1	2454	model.layers.1.mlp.act_fn	DECODE	ACTIVATION	1	2368	2368	0	170180451	1.3914641699944725e-05	407460402	3495
ORDINAL	MP05	1	2455	model.layers.1.mlp.down_proj	DECODE	DOWN_PROJECTION	1	20960	20960	0	170180451	0.00012316338261437562	407460402	3495
ORDINAL	MP05	1	2456	model.layers.2.self_attn	DECODE	ATTENTION	6	27680	27680	0	170180451	0.00016265087933043496	407460402	3495
ORDINAL	MP05	1	2457	model.layers.2.mlp.gate_up_proj	DECODE	GATE_UP_PROJECTION	1	39200	39200	0	170180451	0.00023034373084367956	407460402	3495
ORDINAL	MP05	1	2458	model.layers.2.mlp.act_fn	DECODE	ACTIVATION	1	2400	2400	0	170180451	1.4102677398592628e-05	407460402	3495
ORDINAL	MP05	1	2459	model.layers.2.mlp.down_proj	DECODE	DOWN_PROJECTION	1	20480	20480	0	170180451	0.00012034284713465708	407460402	3495
ORDINAL	MP05	1	2460	model.layers.3.self_attn	DECODE	ATTENTION	6	27840	27840	0	170180451	0.00016359105782367446	407460402	3495
ORDINAL	MP05	1	2461	model.layers.3.mlp.gate_up_proj	DECODE	GATE_UP_PROJECTION	1	39136	39136	0	170180451	0.00022996765944638376	407460402	3495
ORDINAL	MP05	1	2462	model.layers.3.mlp.act_fn	DECODE	ACTIVATION	1	2400	2400	0	170180451	1.4102677398592628e-05	407460402	3495
ORDINAL	MP05	1	2463	model.layers.3.mlp.down_proj	DECODE	DOWN_PROJECTION	1	20608	20608	0	170180451	0.00012109498992924868	407460402	3495
ORDINAL	MP05	1	2464	model.layers.4.self_attn	DECODE	ATTENTION	6	27424	27424	0	170180451	0.00016114659374125175	407460402	3495
ORDINAL	MP05	1	2465	model.layers.4.mlp.gate_up_proj	DECODE	GATE_UP_PROJECTION	1	38464	38464	0	170180451	0.00022601890977477784	407460402	3495
ORDINAL	MP05	1	2466	model.layers.4.mlp.act_fn	DECODE	ACTIVATION	1	2400	2400	0	170180451	1.4102677398592628e-05	407460402	3495
ORDINAL	MP05	1	2467	model.layers.4.mlp.down_proj	DECODE	DOWN_PROJECTION	1	20512	20512	0	170180451	0.00012053088283330498	407460402	3495
ORDINAL	MP05	1	2468	model.layers.5.self_attn	DECODE	ATTENTION	6	27648	27648	0	170180451	0.00016246284363178706	407460402	3495
ORDINAL	MP05	1	2469	model.layers.5.mlp.gate_up_proj	DECODE	GATE_UP_PROJECTION	1	38976	38976	0	170180451	0.00022902748095314426	407460402	3495
ORDINAL	MP05	1	2470	model.layers.5.mlp.act_fn	DECODE	ACTIVATION	1	2400	2400	0	170180451	1.4102677398592628e-05	407460402	3495
ORDINAL	MP05	1	2471	model.layers.5.mlp.down_proj	DECODE	DOWN_PROJECTION	1	20672	20672	0	170180451	0.00012147106132654449	407460402	3495
ORDINAL	MP05	1	2472	model.layers.6.self_attn	DECODE	ATTENTION	6	27488	27488	0	170180451	0.00016152266513854755	407460402	3495
ORDINAL	MP05	1	2473	model.layers.6.mlp.gate_up_proj	DECODE	GATE_UP_PROJECTION	1	38880	38880	0	170180451	0.00022846337385720055	407460402	3495
ORDINAL	MP05	1	2474	model.layers.6.mlp.act_fn	DECODE	ACTIVATION	1	2400	2400	0	170180451	1.4102677398592628e-05	407460402	3495
ORDINAL	MP05	1	2475	model.layers.6.mlp.down_proj	DECODE	DOWN_PROJECTION	1	20480	20480	0	170180451	0.00012034284713465708	407460402	3495
ORDINAL	MP05	1	2476	model.layers.7.self_attn	DECODE	ATTENTION	6	27456	27456	0	170180451	0.00016133462943989965	407460402	3495
ORDINAL	MP05	1	2477	model.layers.7.mlp.gate_up_proj	DECODE	GATE_UP_PROJECTION	1	39328	39328	0	170180451	0.0002310958736382712	407460402	3495
ORDINAL	MP05	1	2478	model.layers.7.mlp.act_fn	DECODE	ACTIVATION	1	2368	2368	0	170180451	1.3914641699944725e-05	407460402	3495
ORDINAL	MP05	1	2479	model.layers.7.mlp.down_proj	DECODE	DOWN_PROJECTION	1	20480	20480	0	170180451	0.00012034284713465708	407460402	3495
ORDINAL	MP05	1	2480	model.layers.8.self_attn	DECODE	ATTENTION	6	27488	27488	0	170180451	0.00016152266513854755	407460402	3495
ORDINAL	MP05	1	2481	model.layers.8.mlp.gate_up_proj	DECODE	GATE_UP_PROJECTION	1	38944	38944	0	170180451	0.00022883944525449635	407460402	3495
ORDINAL	MP05	1	2482	model.layers.8.mlp.act_fn	DECODE	ACTIVATION	1	2368	2368	0	170180451	1.3914641699944725e-05	407460402	3495
ORDINAL	MP05	1	2483	model.layers.8.mlp.down_proj	DECODE	DOWN_PROJECTION	1	20320	20320	0	170180451	0.00011940266864141758	407460402	3495
ORDINAL	MP05	1	2484	model.layers.9.self_attn	DECODE	ATTENTION	6	27584	27584	0	170180451	0.00016208677223449126	407460402	3495
ORDINAL	MP05	1	2485	model.layers.9.mlp.gate_up_proj	DECODE	GATE_UP_PROJECTION	1	38880	38880	0	170180451	0.00022846337385720055	407460402	3495
ORDINAL	MP05	1	2486	model.layers.9.mlp.act_fn	DECODE	ACTIVATION	1	2368	2368	0	170180451	1.3914641699944725e-05	407460402	3495
ORDINAL	MP05	1	2487	model.layers.9.mlp.down_proj	DECODE	DOWN_PROJECTION	1	20512	20512	0	170180451	0.00012053088283330498	407460402	3495
ORDINAL	MP05	1	2488	model.layers.10.self_attn	DECODE	ATTENTION	6	27680	27680	0	170180451	0.00016265087933043496	407460402	3495
ORDINAL	MP05	1	2489	model.layers.10.mlp.gate_up_proj	DECODE	GATE_UP_PROJECTION	1	39552	39552	0	170180451	0.0002324121235288065	407460402	3495
ORDINAL	MP05	1	2490	model.layers.10.mlp.act_fn	DECODE	ACTIVATION	1	2368	2368	0	170180451	1.3914641699944725e-05	407460402	3495
ORDINAL	MP05	1	2491	model.layers.10.mlp.down_proj	DECODE	DOWN_PROJECTION	1	20512	20512	0	170180451	0.00012053088283330498	407460402	3495
ORDINAL	MP05	1	2492	model.layers.11.self_attn	DECODE	ATTENTION	6	27808	27808	0	170180451	0.00016340302212502656	407460402	3495
ORDINAL	MP05	1	2493	model.layers.11.mlp.gate_up_proj	DECODE	GATE_UP_PROJECTION	1	39296	39296	0	170180451	0.00023090783793962326	407460402	3495
ORDINAL	MP05	1	2494	model.layers.11.mlp.act_fn	DECODE	ACTIVATION	1	2368	2368	0	170180451	1.3914641699944725e-05	407460402	3495
ORDINAL	MP05	1	2495	model.layers.11.mlp.down_proj	DECODE	DOWN_PROJECTION	1	20544	20544	0	170180451	0.00012071891853195288	407460402	3495
ORDINAL	MP05	1	2496	model.layers.12.self_attn	DECODE	ATTENTION	6	27616	27616	0	170180451	0.00016227480793313916	407460402	3495
ORDINAL	MP05	1	2497	model.layers.12.mlp.gate_up_proj	DECODE	GATE_UP_PROJECTION	1	38848	38848	0	170180451	0.00022827533815855265	407460402	3495
ORDINAL	MP05	1	2498	model.layers.12.mlp.act_fn	DECODE	ACTIVATION	1	2400	2400	0	170180451	1.4102677398592628e-05	407460402	3495
ORDINAL	MP05	1	2499	model.layers.12.mlp.down_proj	DECODE	DOWN_PROJECTION	1	20640	20640	0	170180451	0.00012128302562789659	407460402	3495
ORDINAL	MP05	1	2500	model.layers.13.self_attn	DECODE	ATTENTION	6	27648	27648	0	170180451	0.00016246284363178706	407460402	3495
ORDINAL	MP05	1	2501	model.layers.13.mlp.gate_up_proj	DECODE	GATE_UP_PROJECTION	1	38912	38912	0	170180451	0.00022865140955584845	407460402	3495
ORDINAL	MP05	1	2502	model.layers.13.mlp.act_fn	DECODE	ACTIVATION	1	2400	2400	0	170180451	1.4102677398592628e-05	407460402	3495
ORDINAL	MP05	1	2503	model.layers.13.mlp.down_proj	DECODE	DOWN_PROJECTION	1	20608	20608	0	170180451	0.00012109498992924868	407460402	3495
ORDINAL	MP05	1	2504	model.layers.14.self_attn	DECODE	ATTENTION	6	27712	27712	0	170180451	0.00016283891502908286	407460402	3495
ORDINAL	MP05	1	2505	model.layers.14.mlp.gate_up_proj	DECODE	GATE_UP_PROJECTION	1	39807	39807	0	170180451	0.00023391053300240696	407460402	3495
ORDINAL	MP05	1	2506	model.layers.14.mlp.act_fn	DECODE	ACTIVATION	1	2400	2400	0	170180451	1.4102677398592628e-05	407460402	3495
ORDINAL	MP05	1	2507	model.layers.14.mlp.down_proj	DECODE	DOWN_PROJECTION	1	20416	20416	0	170180451	0.00011996677573736128	407460402	3495
ORDINAL	MP05	1	2508	model.layers.15.self_attn	DECODE	ATTENTION	6	27808	27808	0	170180451	0.00016340302212502656	407460402	3495
ORDINAL	MP05	1	2509	model.layers.15.mlp.gate_up_proj	DECODE	GATE_UP_PROJECTION	1	39360	39360	0	170180451	0.0002312839093369191	407460402	3495
ORDINAL	MP05	1	2510	model.layers.15.mlp.act_fn	DECODE	ACTIVATION	1	2368	2368	0	170180451	1.3914641699944725e-05	407460402	3495
ORDINAL	MP05	1	2511	model.layers.15.mlp.down_proj	DECODE	DOWN_PROJECTION	1	20320	20320	0	170180451	0.00011940266864141758	407460402	3495
ORDINAL	MP05	1	2512	model.layers.16.self_attn	DECODE	ATTENTION	6	27680	27680	0	170180451	0.00016265087933043496	407460402	3495
ORDINAL	MP05	1	2513	model.layers.16.mlp.gate_up_proj	DECODE	GATE_UP_PROJECTION	1	38560	38560	0	170180451	0.00022658301687072154	407460402	3495
ORDINAL	MP05	1	2514	model.layers.16.mlp.act_fn	DECODE	ACTIVATION	1	2368	2368	0	170180451	1.3914641699944725e-05	407460402	3495
ORDINAL	MP05	1	2515	model.layers.16.mlp.down_proj	DECODE	DOWN_PROJECTION	1	20448	20448	0	170180451	0.00012015481143600918	407460402	3495
ORDINAL	MP05	1	2516	model.layers.17.self_attn	DECODE	ATTENTION	6	27520	27520	0	170180451	0.00016171070083719546	407460402	3495
ORDINAL	MP05	1	2517	model.layers.17.mlp.gate_up_proj	DECODE	GATE_UP_PROJECTION	1	39136	39136	0	170180451	0.00022996765944638376	407460402	3495
ORDINAL	MP05	1	2518	model.layers.17.mlp.act_fn	DECODE	ACTIVATION	1	2400	2400	0	170180451	1.4102677398592628e-05	407460402	3495
ORDINAL	MP05	1	2519	model.layers.17.mlp.down_proj	DECODE	DOWN_PROJECTION	1	20448	20448	0	170180451	0.00012015481143600918	407460402	3495
ORDINAL	MP05	1	2520	model.layers.18.self_attn	DECODE	ATTENTION	6	27552	27552	0	170180451	0.00016189873653584336	407460402	3495
ORDINAL	MP05	1	2521	model.layers.18.mlp.gate_up_proj	DECODE	GATE_UP_PROJECTION	1	39136	39136	0	170180451	0.00022996765944638376	407460402	3495
ORDINAL	MP05	1	2522	model.layers.18.mlp.act_fn	DECODE	ACTIVATION	1	2400	2400	0	170180451	1.4102677398592628e-05	407460402	3495
ORDINAL	MP05	1	2523	model.layers.18.mlp.down_proj	DECODE	DOWN_PROJECTION	1	20352	20352	0	170180451	0.00011959070434006548	407460402	3495
ORDINAL	MP05	1	2524	model.layers.19.self_attn	DECODE	ATTENTION	6	27680	27680	0	170180451	0.00016265087933043496	407460402	3495
ORDINAL	MP05	1	2525	model.layers.19.mlp.gate_up_proj	DECODE	GATE_UP_PROJECTION	1	38816	38816	0	170180451	0.00022808730245990475	407460402	3495
ORDINAL	MP05	1	2526	model.layers.19.mlp.act_fn	DECODE	ACTIVATION	1	2400	2400	0	170180451	1.4102677398592628e-05	407460402	3495
ORDINAL	MP05	1	2527	model.layers.19.mlp.down_proj	DECODE	DOWN_PROJECTION	1	20736	20736	0	170180451	0.0001218471327238403	407460402	3495
ORDINAL	MP05	1	2528	model.layers.20.self_attn	DECODE	ATTENTION	6	27519	27519	0	170180451	0.0001617048247216127	407460402	3495
ORDINAL	MP05	1	2529	model.layers.20.mlp.gate_up_proj	DECODE	GATE_UP_PROJECTION	1	39200	39200	0	170180451	0.00023034373084367956	407460402	3495
ORDINAL	MP05	1	2530	model.layers.20.mlp.act_fn	DECODE	ACTIVATION	1	2368	2368	0	170180451	1.3914641699944725e-05	407460402	3495
ORDINAL	MP05	1	2531	model.layers.20.mlp.down_proj	DECODE	DOWN_PROJECTION	1	20416	20416	0	170180451	0.00011996677573736128	407460402	3495
ORDINAL	MP05	1	2532	model.layers.21.self_attn	DECODE	ATTENTION	6	27488	27488	0	170180451	0.00016152266513854755	407460402	3495
ORDINAL	MP05	1	2533	model.layers.21.mlp.gate_up_proj	DECODE	GATE_UP_PROJECTION	1	39136	39136	0	170180451	0.00022996765944638376	407460402	3495
ORDINAL	MP05	1	2534	model.layers.21.mlp.act_fn	DECODE	ACTIVATION	1	2400	2400	0	170180451	1.4102677398592628e-05	407460402	3495
ORDINAL	MP05	1	2535	model.layers.21.mlp.down_proj	DECODE	DOWN_PROJECTION	1	20832	20832	0	170180451	0.000122411239819784	407460402	3495
ORDINAL	MP05	1	2536	model.layers.22.self_attn	DECODE	ATTENTION	6	27680	27680	0	170180451	0.00016265087933043496	407460402	3495
ORDINAL	MP05	1	2537	model.layers.22.mlp.gate_up_proj	DECODE	GATE_UP_PROJECTION	1	39264	39264	0	170180451	0.00023071980224097536	407460402	3495
ORDINAL	MP05	1	2538	model.layers.22.mlp.act_fn	DECODE	ACTIVATION	1	2368	2368	0	170180451	1.3914641699944725e-05	407460402	3495
ORDINAL	MP05	1	2539	model.layers.22.mlp.down_proj	DECODE	DOWN_PROJECTION	1	20576	20576	0	170180451	0.00012090695423060078	407460402	3495
ORDINAL	MP05	1	2540	model.layers.23.self_attn	DECODE	ATTENTION	6	27648	27648	0	170180451	0.00016246284363178706	407460402	3495
ORDINAL	MP05	1	2541	model.layers.23.mlp.gate_up_proj	DECODE	GATE_UP_PROJECTION	1	39008	39008	0	170180451	0.00022921551665179216	407460402	3495
ORDINAL	MP05	1	2542	model.layers.23.mlp.act_fn	DECODE	ACTIVATION	1	2368	2368	0	170180451	1.3914641699944725e-05	407460402	3495
ORDINAL	MP05	1	2543	model.layers.23.mlp.down_proj	DECODE	DOWN_PROJECTION	1	20448	20448	0	170180451	0.00012015481143600918	407460402	3495
ORDINAL	MP05	1	2544	model.layers.24.self_attn	DECODE	ATTENTION	6	27744	27744	0	170180451	0.00016302695072773076	407460402	3495
ORDINAL	MP05	1	2545	model.layers.24.mlp.gate_up_proj	DECODE	GATE_UP_PROJECTION	1	39136	39136	0	170180451	0.00022996765944638376	407460402	3495
ORDINAL	MP05	1	2546	model.layers.24.mlp.act_fn	DECODE	ACTIVATION	1	2368	2368	0	170180451	1.3914641699944725e-05	407460402	3495
ORDINAL	MP05	1	2547	model.layers.24.mlp.down_proj	DECODE	DOWN_PROJECTION	1	20544	20544	0	170180451	0.00012071891853195288	407460402	3495
ORDINAL	MP05	1	2548	model.layers.25.self_attn	DECODE	ATTENTION	6	27552	27552	0	170180451	0.00016189873653584336	407460402	3495
ORDINAL	MP05	1	2549	model.layers.25.mlp.gate_up_proj	DECODE	GATE_UP_PROJECTION	1	38784	38784	0	170180451	0.00022789926676125685	407460402	3495
ORDINAL	MP05	1	2550	model.layers.25.mlp.act_fn	DECODE	ACTIVATION	1	2368	2368	0	170180451	1.3914641699944725e-05	407460402	3495
ORDINAL	MP05	1	2551	model.layers.25.mlp.down_proj	DECODE	DOWN_PROJECTION	1	20448	20448	0	170180451	0.00012015481143600918	407460402	3495
ORDINAL	MP05	1	2552	model.layers.26.self_attn	DECODE	ATTENTION	6	27775	27775	0	170180451	0.00016320911031079591	407460402	3495
ORDINAL	MP05	1	2553	model.layers.26.mlp.gate_up_proj	DECODE	GATE_UP_PROJECTION	1	38752	38752	0	170180451	0.00022771123106260895	407460402	3495
ORDINAL	MP05	1	2554	model.layers.26.mlp.act_fn	DECODE	ACTIVATION	1	2400	2400	0	170180451	1.4102677398592628e-05	407460402	3495
ORDINAL	MP05	1	2555	model.layers.26.mlp.down_proj	DECODE	DOWN_PROJECTION	1	20448	20448	0	170180451	0.00012015481143600918	407460402	3495
ORDINAL	MP05	1	2556	model.layers.27.self_attn	DECODE	ATTENTION	6	27456	27456	0	170180451	0.00016133462943989965	407460402	3495
ORDINAL	MP05	1	2557	model.layers.27.mlp.gate_up_proj	DECODE	GATE_UP_PROJECTION	1	38912	38912	0	170180451	0.00022865140955584845	407460402	3495
ORDINAL	MP05	1	2558	model.layers.27.mlp.act_fn	DECODE	ACTIVATION	1	2400	2400	0	170180451	1.4102677398592628e-05	407460402	3495
ORDINAL	MP05	1	2559	model.layers.27.mlp.down_proj	DECODE	DOWN_PROJECTION	1	20416	20416	0	170180451	0.00011996677573736128	407460402	3495
ORDINAL	MP05	1	2560	model.layers.28.self_attn	DECODE	ATTENTION	6	27584	27584	0	170180451	0.00016208677223449126	407460402	3495
ORDINAL	MP05	1	2561	model.layers.28.mlp.gate_up_proj	DECODE	GATE_UP_PROJECTION	1	38912	38912	0	170180451	0.00022865140955584845	407460402	3495
ORDINAL	MP05	1	2562	model.layers.28.mlp.act_fn	DECODE	ACTIVATION	1	2368	2368	0	170180451	1.3914641699944725e-05	407460402	3495
ORDINAL	MP05	1	2563	model.layers.28.mlp.down_proj	DECODE	DOWN_PROJECTION	1	20384	20384	0	170180451	0.00011977874003871338	407460402	3495
ORDINAL	MP05	1	2564	model.layers.29.self_attn	DECODE	ATTENTION	6	27648	27648	0	170180451	0.00016246284363178706	407460402	3495
ORDINAL	MP05	1	2565	model.layers.29.mlp.gate_up_proj	DECODE	GATE_UP_PROJECTION	1	38848	38848	0	170180451	0.00022827533815855265	407460402	3495
ORDINAL	MP05	1	2566	model.layers.29.mlp.act_fn	DECODE	ACTIVATION	1	2400	2400	0	170180451	1.4102677398592628e-05	407460402	3495
ORDINAL	MP05	1	2567	model.layers.29.mlp.down_proj	DECODE	DOWN_PROJECTION	1	20576	20576	0	170180451	0.00012090695423060078	407460402	3495
ORDINAL	MP05	1	2568	model.layers.30.self_attn	DECODE	ATTENTION	6	27616	27616	0	170180451	0.00016227480793313916	407460402	3495
ORDINAL	MP05	1	2569	model.layers.30.mlp.gate_up_proj	DECODE	GATE_UP_PROJECTION	1	39392	39392	0	170180451	0.000231471945035567	407460402	3495
ORDINAL	MP05	1	2570	model.layers.30.mlp.act_fn	DECODE	ACTIVATION	1	2368	2368	0	170180451	1.3914641699944725e-05	407460402	3495
ORDINAL	MP05	1	2571	model.layers.30.mlp.down_proj	DECODE	DOWN_PROJECTION	1	20672	20672	0	170180451	0.00012147106132654449	407460402	3495
ORDINAL	MP05	1	2572	model.layers.31.self_attn	DECODE	ATTENTION	6	27776	27776	0	170180451	0.00016321498642637866	407460402	3495
ORDINAL	MP05	1	2573	model.layers.31.mlp.gate_up_proj	DECODE	GATE_UP_PROJECTION	1	38592	38592	0	170180451	0.00022677105256936945	407460402	3495
ORDINAL	MP05	1	2574	model.layers.31.mlp.act_fn	DECODE	ACTIVATION	1	2400	2400	0	170180451	1.4102677398592628e-05	407460402	3495
ORDINAL	MP05	1	2575	model.layers.31.mlp.down_proj	DECODE	DOWN_PROJECTION	1	20512	20512	0	170180451	0.00012053088283330498	407460402	3495
ORDINAL	MP05	1	2576	model.layers.32.self_attn	DECODE	ATTENTION	6	27456	27456	0	170180451	0.00016133462943989965	407460402	3495
ORDINAL	MP05	1	2577	model.layers.32.mlp.gate_up_proj	DECODE	GATE_UP_PROJECTION	1	38720	38720	0	170180451	0.00022752319536396105	407460402	3495
ORDINAL	MP05	1	2578	model.layers.32.mlp.act_fn	DECODE	ACTIVATION	1	2368	2368	0	170180451	1.3914641699944725e-05	407460402	3495
ORDINAL	MP05	1	2579	model.layers.32.mlp.down_proj	DECODE	DOWN_PROJECTION	1	20416	20416	0	170180451	0.00011996677573736128	407460402	3495
ORDINAL	MP05	1	2580	model.layers.33.self_attn	DECODE	ATTENTION	6	27520	27520	0	170180451	0.00016171070083719546	407460402	3495
ORDINAL	MP05	1	2581	model.layers.33.mlp.gate_up_proj	DECODE	GATE_UP_PROJECTION	1	38880	38880	0	170180451	0.00022846337385720055	407460402	3495
ORDINAL	MP05	1	2582	model.layers.33.mlp.act_fn	DECODE	ACTIVATION	1	2368	2368	0	170180451	1.3914641699944725e-05	407460402	3495
ORDINAL	MP05	1	2583	model.layers.33.mlp.down_proj	DECODE	DOWN_PROJECTION	1	20640	20640	0	170180451	0.00012128302562789659	407460402	3495
ORDINAL	MP05	1	2584	model.layers.34.self_attn	DECODE	ATTENTION	6	27520	27520	0	170180451	0.00016171070083719546	407460402	3495
ORDINAL	MP05	1	2585	model.layers.34.mlp.gate_up_proj	DECODE	GATE_UP_PROJECTION	1	38880	38880	0	170180451	0.00022846337385720055	407460402	3495
ORDINAL	MP05	1	2586	model.layers.34.mlp.act_fn	DECODE	ACTIVATION	1	2368	2368	0	170180451	1.3914641699944725e-05	407460402	3495
ORDINAL	MP05	1	2587	model.layers.34.mlp.down_proj	DECODE	DOWN_PROJECTION	1	20416	20416	0	170180451	0.00011996677573736128	407460402	3495
ORDINAL	MP05	1	2588	model.layers.35.self_attn	DECODE	ATTENTION	6	27584	27584	0	170180451	0.00016208677223449126	407460402	3495
ORDINAL	MP05	1	2589	model.layers.35.mlp.gate_up_proj	DECODE	GATE_UP_PROJECTION	1	39232	39232	0	170180451	0.00023053176654232746	407460402	3495
ORDINAL	MP05	1	2590	model.layers.35.mlp.act_fn	DECODE	ACTIVATION	1	2368	2368	0	170180451	1.3914641699944725e-05	407460402	3495
ORDINAL	MP05	1	2591	model.layers.35.mlp.down_proj	DECODE	DOWN_PROJECTION	1	20480	20480	0	170180451	0.00012034284713465708	407460402	3495
ORDINAL	MP05	1	2592	model.layers.0.self_attn	DECODE	ATTENTION	6	28000	28000	0	170180451	0.00016453123631691397	407460402	3495
ORDINAL	MP05	1	2593	model.layers.0.mlp.gate_up_proj	DECODE	GATE_UP_PROJECTION	1	39104	39104	0	170180451	0.00022977962374773586	407460402	3495
ORDINAL	MP05	1	2594	model.layers.0.mlp.act_fn	DECODE	ACTIVATION	1	2368	2368	0	170180451	1.3914641699944725e-05	407460402	3495
ORDINAL	MP05	1	2595	model.layers.0.mlp.down_proj	DECODE	DOWN_PROJECTION	1	20576	20576	0	170180451	0.00012090695423060078	407460402	3495
ORDINAL	MP05	1	2596	model.layers.1.self_attn	DECODE	ATTENTION	6	27520	27520	0	170180451	0.00016171070083719546	407460402	3495
ORDINAL	MP05	1	2597	model.layers.1.mlp.gate_up_proj	DECODE	GATE_UP_PROJECTION	1	40224	40224	0	170180451	0.00023636087320041242	407460402	3495
ORDINAL	MP05	1	2598	model.layers.1.mlp.act_fn	DECODE	ACTIVATION	1	2400	2400	0	170180451	1.4102677398592628e-05	407460402	3495
ORDINAL	MP05	1	2599	model.layers.1.mlp.down_proj	DECODE	DOWN_PROJECTION	1	20768	20768	0	170180451	0.0001220351684224882	407460402	3495
ORDINAL	MP05	1	2600	model.layers.2.self_attn	DECODE	ATTENTION	6	27615	27615	0	170180451	0.0001622689318175564	407460402	3495
ORDINAL	MP05	1	2601	model.layers.2.mlp.gate_up_proj	DECODE	GATE_UP_PROJECTION	1	38816	38816	0	170180451	0.00022808730245990475	407460402	3495
ORDINAL	MP05	1	2602	model.layers.2.mlp.act_fn	DECODE	ACTIVATION	1	2400	2400	0	170180451	1.4102677398592628e-05	407460402	3495
ORDINAL	MP05	1	2603	model.layers.2.mlp.down_proj	DECODE	DOWN_PROJECTION	1	20384	20384	0	170180451	0.00011977874003871338	407460402	3495
ORDINAL	MP05	1	2604	model.layers.3.self_attn	DECODE	ATTENTION	6	27744	27744	0	170180451	0.00016302695072773076	407460402	3495
ORDINAL	MP05	1	2605	model.layers.3.mlp.gate_up_proj	DECODE	GATE_UP_PROJECTION	1	39360	39360	0	170180451	0.0002312839093369191	407460402	3495
ORDINAL	MP05	1	2606	model.layers.3.mlp.act_fn	DECODE	ACTIVATION	1	2400	2400	0	170180451	1.4102677398592628e-05	407460402	3495
ORDINAL	MP05	1	2607	model.layers.3.mlp.down_proj	DECODE	DOWN_PROJECTION	1	20768	20768	0	170180451	0.0001220351684224882	407460402	3495
ORDINAL	MP05	1	2608	model.layers.4.self_attn	DECODE	ATTENTION	6	27616	27616	0	170180451	0.00016227480793313916	407460402	3495
ORDINAL	MP05	1	2609	model.layers.4.mlp.gate_up_proj	DECODE	GATE_UP_PROJECTION	1	38655	38655	0	170180451	0.0002271412478510825	407460402	3495
ORDINAL	MP05	1	2610	model.layers.4.mlp.act_fn	DECODE	ACTIVATION	1	2400	2400	0	170180451	1.4102677398592628e-05	407460402	3495
ORDINAL	MP05	1	2611	model.layers.4.mlp.down_proj	DECODE	DOWN_PROJECTION	1	20512	20512	0	170180451	0.00012053088283330498	407460402	3495
ORDINAL	MP05	1	2612	model.layers.5.self_attn	DECODE	ATTENTION	6	27680	27680	0	170180451	0.00016265087933043496	407460402	3495
ORDINAL	MP05	1	2613	model.layers.5.mlp.gate_up_proj	DECODE	GATE_UP_PROJECTION	1	38688	38688	0	170180451	0.00022733515966531315	407460402	3495
ORDINAL	MP05	1	2614	model.layers.5.mlp.act_fn	DECODE	ACTIVATION	1	2400	2400	0	170180451	1.4102677398592628e-05	407460402	3495
ORDINAL	MP05	1	2615	model.layers.5.mlp.down_proj	DECODE	DOWN_PROJECTION	1	20576	20576	0	170180451	0.00012090695423060078	407460402	3495
ORDINAL	MP05	1	2616	model.layers.6.self_attn	DECODE	ATTENTION	6	27872	27872	0	170180451	0.00016377909352232236	407460402	3495
ORDINAL	MP05	1	2617	model.layers.6.mlp.gate_up_proj	DECODE	GATE_UP_PROJECTION	1	38880	38880	0	170180451	0.00022846337385720055	407460402	3495
ORDINAL	MP05	1	2618	model.layers.6.mlp.act_fn	DECODE	ACTIVATION	1	2400	2400	0	170180451	1.4102677398592628e-05	407460402	3495
ORDINAL	MP05	1	2619	model.layers.6.mlp.down_proj	DECODE	DOWN_PROJECTION	1	20672	20672	0	170180451	0.00012147106132654449	407460402	3495
ORDINAL	MP05	1	2620	model.layers.7.self_attn	DECODE	ATTENTION	6	27775	27775	0	170180451	0.00016320911031079591	407460402	3495
ORDINAL	MP05	1	2621	model.layers.7.mlp.gate_up_proj	DECODE	GATE_UP_PROJECTION	1	39008	39008	0	170180451	0.00022921551665179216	407460402	3495
ORDINAL	MP05	1	2622	model.layers.7.mlp.act_fn	DECODE	ACTIVATION	1	2400	2400	0	170180451	1.4102677398592628e-05	407460402	3495
ORDINAL	MP05	1	2623	model.layers.7.mlp.down_proj	DECODE	DOWN_PROJECTION	1	20544	20544	0	170180451	0.00012071891853195288	407460402	3495
ORDINAL	MP05	1	2624	model.layers.8.self_attn	DECODE	ATTENTION	6	27232	27232	0	170180451	0.00016001837954936435	407460402	3495
ORDINAL	MP05	1	2625	model.layers.8.mlp.gate_up_proj	DECODE	GATE_UP_PROJECTION	1	39264	39264	0	170180451	0.00023071980224097536	407460402	3495
ORDINAL	MP05	1	2626	model.layers.8.mlp.act_fn	DECODE	ACTIVATION	1	2400	2400	0	170180451	1.4102677398592628e-05	407460402	3495
ORDINAL	MP05	1	2627	model.layers.8.mlp.down_proj	DECODE	DOWN_PROJECTION	1	20448	20448	0	170180451	0.00012015481143600918	407460402	3495
ORDINAL	MP05	1	2628	model.layers.9.self_attn	DECODE	ATTENTION	6	27520	27520	0	170180451	0.00016171070083719546	407460402	3495
ORDINAL	MP05	1	2629	model.layers.9.mlp.gate_up_proj	DECODE	GATE_UP_PROJECTION	1	38816	38816	0	170180451	0.00022808730245990475	407460402	3495
ORDINAL	MP05	1	2630	model.layers.9.mlp.act_fn	DECODE	ACTIVATION	1	2368	2368	0	170180451	1.3914641699944725e-05	407460402	3495
ORDINAL	MP05	1	2631	model.layers.9.mlp.down_proj	DECODE	DOWN_PROJECTION	1	20608	20608	0	170180451	0.00012109498992924868	407460402	3495
ORDINAL	MP05	1	2632	model.layers.10.self_attn	DECODE	ATTENTION	6	27552	27552	0	170180451	0.00016189873653584336	407460402	3495
ORDINAL	MP05	1	2633	model.layers.10.mlp.gate_up_proj	DECODE	GATE_UP_PROJECTION	1	39488	39488	0	170180451	0.0002320360521315107	407460402	3495
ORDINAL	MP05	1	2634	model.layers.10.mlp.act_fn	DECODE	ACTIVATION	1	2400	2400	0	170180451	1.4102677398592628e-05	407460402	3495
ORDINAL	MP05	1	2635	model.layers.10.mlp.down_proj	DECODE	DOWN_PROJECTION	1	20352	20352	0	170180451	0.00011959070434006548	407460402	3495
ORDINAL	MP05	1	2636	model.layers.11.self_attn	DECODE	ATTENTION	6	27872	27872	0	170180451	0.00016377909352232236	407460402	3495
ORDINAL	MP05	1	2637	model.layers.11.mlp.gate_up_proj	DECODE	GATE_UP_PROJECTION	1	38912	38912	0	170180451	0.00022865140955584845	407460402	3495
ORDINAL	MP05	1	2638	model.layers.11.mlp.act_fn	DECODE	ACTIVATION	1	2400	2400	0	170180451	1.4102677398592628e-05	407460402	3495
ORDINAL	MP05	1	2639	model.layers.11.mlp.down_proj	DECODE	DOWN_PROJECTION	1	20480	20480	0	170180451	0.00012034284713465708	407460402	3495
ORDINAL	MP05	1	2640	model.layers.12.self_attn	DECODE	ATTENTION	6	27776	27776	0	170180451	0.00016321498642637866	407460402	3495
ORDINAL	MP05	1	2641	model.layers.12.mlp.gate_up_proj	DECODE	GATE_UP_PROJECTION	1	38848	38848	0	170180451	0.00022827533815855265	407460402	3495
ORDINAL	MP05	1	2642	model.layers.12.mlp.act_fn	DECODE	ACTIVATION	1	2400	2400	0	170180451	1.4102677398592628e-05	407460402	3495
ORDINAL	MP05	1	2643	model.layers.12.mlp.down_proj	DECODE	DOWN_PROJECTION	1	20671	20671	0	170180451	0.00012146518521096175	407460402	3495
ORDINAL	MP05	1	2644	model.layers.13.self_attn	DECODE	ATTENTION	6	27648	27648	0	170180451	0.00016246284363178706	407460402	3495
ORDINAL	MP05	1	2645	model.layers.13.mlp.gate_up_proj	DECODE	GATE_UP_PROJECTION	1	39136	39136	0	170180451	0.00022996765944638376	407460402	3495
ORDINAL	MP05	1	2646	model.layers.13.mlp.act_fn	DECODE	ACTIVATION	1	2400	2400	0	170180451	1.4102677398592628e-05	407460402	3495
ORDINAL	MP05	1	2647	model.layers.13.mlp.down_proj	DECODE	DOWN_PROJECTION	1	20672	20672	0	170180451	0.00012147106132654449	407460402	3495
ORDINAL	MP05	1	2648	model.layers.14.self_attn	DECODE	ATTENTION	6	27424	27424	0	170180451	0.00016114659374125175	407460402	3495
ORDINAL	MP05	1	2649	model.layers.14.mlp.gate_up_proj	DECODE	GATE_UP_PROJECTION	1	39648	39648	0	170180451	0.0002329762306247502	407460402	3495
ORDINAL	MP05	1	2650	model.layers.14.mlp.act_fn	DECODE	ACTIVATION	1	2400	2400	0	170180451	1.4102677398592628e-05	407460402	3495
ORDINAL	MP05	1	2651	model.layers.14.mlp.down_proj	DECODE	DOWN_PROJECTION	1	20384	20384	0	170180451	0.00011977874003871338	407460402	3495
ORDINAL	MP05	1	2652	model.layers.15.self_attn	DECODE	ATTENTION	6	27840	27840	0	170180451	0.00016359105782367446	407460402	3495
ORDINAL	MP05	1	2653	model.layers.15.mlp.gate_up_proj	DECODE	GATE_UP_PROJECTION	1	38944	38944	0	170180451	0.00022883944525449635	407460402	3495
ORDINAL	MP05	1	2654	model.layers.15.mlp.act_fn	DECODE	ACTIVATION	1	2368	2368	0	170180451	1.3914641699944725e-05	407460402	3495
ORDINAL	MP05	1	2655	model.layers.15.mlp.down_proj	DECODE	DOWN_PROJECTION	1	20480	20480	0	170180451	0.00012034284713465708	407460402	3495
ORDINAL	MP05	1	2656	model.layers.16.self_attn	DECODE	ATTENTION	6	27552	27552	0	170180451	0.00016189873653584336	407460402	3495
ORDINAL	MP05	1	2657	model.layers.16.mlp.gate_up_proj	DECODE	GATE_UP_PROJECTION	1	39072	39072	0	170180451	0.00022959158804908796	407460402	3495
ORDINAL	MP05	1	2658	model.layers.16.mlp.act_fn	DECODE	ACTIVATION	1	2368	2368	0	170180451	1.3914641699944725e-05	407460402	3495
ORDINAL	MP05	1	2659	model.layers.16.mlp.down_proj	DECODE	DOWN_PROJECTION	1	20384	20384	0	170180451	0.00011977874003871338	407460402	3495
ORDINAL	MP05	1	2660	model.layers.17.self_attn	DECODE	ATTENTION	6	27840	27840	0	170180451	0.00016359105782367446	407460402	3495
ORDINAL	MP05	1	2661	model.layers.17.mlp.gate_up_proj	DECODE	GATE_UP_PROJECTION	1	38624	38624	0	170180451	0.00022695908826801735	407460402	3495
ORDINAL	MP05	1	2662	model.layers.17.mlp.act_fn	DECODE	ACTIVATION	1	2400	2400	0	170180451	1.4102677398592628e-05	407460402	3495
ORDINAL	MP05	1	2663	model.layers.17.mlp.down_proj	DECODE	DOWN_PROJECTION	1	20352	20352	0	170180451	0.00011959070434006548	407460402	3495
ORDINAL	MP05	1	2664	model.layers.18.self_attn	DECODE	ATTENTION	6	27744	27744	0	170180451	0.00016302695072773076	407460402	3495
ORDINAL	MP05	1	2665	model.layers.18.mlp.gate_up_proj	DECODE	GATE_UP_PROJECTION	1	39296	39296	0	170180451	0.00023090783793962326	407460402	3495
ORDINAL	MP05	1	2666	model.layers.18.mlp.act_fn	DECODE	ACTIVATION	1	2400	2400	0	170180451	1.4102677398592628e-05	407460402	3495
ORDINAL	MP05	1	2667	model.layers.18.mlp.down_proj	DECODE	DOWN_PROJECTION	1	20544	20544	0	170180451	0.00012071891853195288	407460402	3495
ORDINAL	MP05	1	2668	model.layers.19.self_attn	DECODE	ATTENTION	6	27424	27424	0	170180451	0.00016114659374125175	407460402	3495
ORDINAL	MP05	1	2669	model.layers.19.mlp.gate_up_proj	DECODE	GATE_UP_PROJECTION	1	38784	38784	0	170180451	0.00022789926676125685	407460402	3495
ORDINAL	MP05	1	2670	model.layers.19.mlp.act_fn	DECODE	ACTIVATION	1	2400	2400	0	170180451	1.4102677398592628e-05	407460402	3495
ORDINAL	MP05	1	2671	model.layers.19.mlp.down_proj	DECODE	DOWN_PROJECTION	1	20512	20512	0	170180451	0.00012053088283330498	407460402	3495
ORDINAL	MP05	1	2672	model.layers.20.self_attn	DECODE	ATTENTION	6	27424	27424	0	170180451	0.00016114659374125175	407460402	3495
ORDINAL	MP05	1	2673	model.layers.20.mlp.gate_up_proj	DECODE	GATE_UP_PROJECTION	1	39072	39072	0	170180451	0.00022959158804908796	407460402	3495
ORDINAL	MP05	1	2674	model.layers.20.mlp.act_fn	DECODE	ACTIVATION	1	2400	2400	0	170180451	1.4102677398592628e-05	407460402	3495
ORDINAL	MP05	1	2675	model.layers.20.mlp.down_proj	DECODE	DOWN_PROJECTION	1	20287	20287	0	170180451	0.00011920875682718693	407460402	3495
ORDINAL	MP05	1	2676	model.layers.21.self_attn	DECODE	ATTENTION	6	27968	27968	0	170180451	0.00016434320061826607	407460402	3495
ORDINAL	MP05	1	2677	model.layers.21.mlp.gate_up_proj	DECODE	GATE_UP_PROJECTION	1	39168	39168	0	170180451	0.00023015569514503166	407460402	3495
ORDINAL	MP05	1	2678	model.layers.21.mlp.act_fn	DECODE	ACTIVATION	1	2400	2400	0	170180451	1.4102677398592628e-05	407460402	3495
ORDINAL	MP05	1	2679	model.layers.21.mlp.down_proj	DECODE	DOWN_PROJECTION	1	20448	20448	0	170180451	0.00012015481143600918	407460402	3495
ORDINAL	MP05	1	2680	model.layers.22.self_attn	DECODE	ATTENTION	6	27552	27552	0	170180451	0.00016189873653584336	407460402	3495
ORDINAL	MP05	1	2681	model.layers.22.mlp.gate_up_proj	DECODE	GATE_UP_PROJECTION	1	39072	39072	0	170180451	0.00022959158804908796	407460402	3495
ORDINAL	MP05	1	2682	model.layers.22.mlp.act_fn	DECODE	ACTIVATION	1	2400	2400	0	170180451	1.4102677398592628e-05	407460402	3495
ORDINAL	MP05	1	2683	model.layers.22.mlp.down_proj	DECODE	DOWN_PROJECTION	1	20640	20640	0	170180451	0.00012128302562789659	407460402	3495
ORDINAL	MP05	1	2684	model.layers.23.self_attn	DECODE	ATTENTION	6	27776	27776	0	170180451	0.00016321498642637866	407460402	3495
ORDINAL	MP05	1	2685	model.layers.23.mlp.gate_up_proj	DECODE	GATE_UP_PROJECTION	1	39232	39232	0	170180451	0.00023053176654232746	407460402	3495
ORDINAL	MP05	1	2686	model.layers.23.mlp.act_fn	DECODE	ACTIVATION	1	2368	2368	0	170180451	1.3914641699944725e-05	407460402	3495
ORDINAL	MP05	1	2687	model.layers.23.mlp.down_proj	DECODE	DOWN_PROJECTION	1	20576	20576	0	170180451	0.00012090695423060078	407460402	3495
ORDINAL	MP05	1	2688	model.layers.24.self_attn	DECODE	ATTENTION	6	27648	27648	0	170180451	0.00016246284363178706	407460402	3495
ORDINAL	MP05	1	2689	model.layers.24.mlp.gate_up_proj	DECODE	GATE_UP_PROJECTION	1	39392	39392	0	170180451	0.000231471945035567	407460402	3495
ORDINAL	MP05	1	2690	model.layers.24.mlp.act_fn	DECODE	ACTIVATION	1	2400	2400	0	170180451	1.4102677398592628e-05	407460402	3495
ORDINAL	MP05	1	2691	model.layers.24.mlp.down_proj	DECODE	DOWN_PROJECTION	1	20672	20672	0	170180451	0.00012147106132654449	407460402	3495
ORDINAL	MP05	1	2692	model.layers.25.self_attn	DECODE	ATTENTION	6	27680	27680	0	170180451	0.00016265087933043496	407460402	3495
ORDINAL	MP05	1	2693	model.layers.25.mlp.gate_up_proj	DECODE	GATE_UP_PROJECTION	1	38912	38912	0	170180451	0.00022865140955584845	407460402	3495
ORDINAL	MP05	1	2694	model.layers.25.mlp.act_fn	DECODE	ACTIVATION	1	2400	2400	0	170180451	1.4102677398592628e-05	407460402	3495
ORDINAL	MP05	1	2695	model.layers.25.mlp.down_proj	DECODE	DOWN_PROJECTION	1	20448	20448	0	170180451	0.00012015481143600918	407460402	3495
ORDINAL	MP05	1	2696	model.layers.26.self_attn	DECODE	ATTENTION	6	27392	27392	0	170180451	0.00016095855804260385	407460402	3495
ORDINAL	MP05	1	2697	model.layers.26.mlp.gate_up_proj	DECODE	GATE_UP_PROJECTION	1	39136	39136	0	170180451	0.00022996765944638376	407460402	3495
ORDINAL	MP05	1	2698	model.layers.26.mlp.act_fn	DECODE	ACTIVATION	1	2400	2400	0	170180451	1.4102677398592628e-05	407460402	3495
ORDINAL	MP05	1	2699	model.layers.26.mlp.down_proj	DECODE	DOWN_PROJECTION	1	20608	20608	0	170180451	0.00012109498992924868	407460402	3495
ORDINAL	MP05	1	2700	model.layers.27.self_attn	DECODE	ATTENTION	6	27744	27744	0	170180451	0.00016302695072773076	407460402	3495
ORDINAL	MP05	1	2701	model.layers.27.mlp.gate_up_proj	DECODE	GATE_UP_PROJECTION	1	39040	39040	0	170180451	0.00022940355235044006	407460402	3495
ORDINAL	MP05	1	2702	model.layers.27.mlp.act_fn	DECODE	ACTIVATION	1	2400	2400	0	170180451	1.4102677398592628e-05	407460402	3495
ORDINAL	MP05	1	2703	model.layers.27.mlp.down_proj	DECODE	DOWN_PROJECTION	1	20480	20480	0	170180451	0.00012034284713465708	407460402	3495
ORDINAL	MP05	1	2704	model.layers.28.self_attn	DECODE	ATTENTION	6	27808	27808	0	170180451	0.00016340302212502656	407460402	3495
ORDINAL	MP05	1	2705	model.layers.28.mlp.gate_up_proj	DECODE	GATE_UP_PROJECTION	1	39040	39040	0	170180451	0.00022940355235044006	407460402	3495
ORDINAL	MP05	1	2706	model.layers.28.mlp.act_fn	DECODE	ACTIVATION	1	2400	2400	0	170180451	1.4102677398592628e-05	407460402	3495
ORDINAL	MP05	1	2707	model.layers.28.mlp.down_proj	DECODE	DOWN_PROJECTION	1	20416	20416	0	170180451	0.00011996677573736128	407460402	3495
ORDINAL	MP05	1	2708	model.layers.29.self_attn	DECODE	ATTENTION	6	27680	27680	0	170180451	0.00016265087933043496	407460402	3495
ORDINAL	MP05	1	2709	model.layers.29.mlp.gate_up_proj	DECODE	GATE_UP_PROJECTION	1	38944	38944	0	170180451	0.00022883944525449635	407460402	3495
ORDINAL	MP05	1	2710	model.layers.29.mlp.act_fn	DECODE	ACTIVATION	1	2400	2400	0	170180451	1.4102677398592628e-05	407460402	3495
ORDINAL	MP05	1	2711	model.layers.29.mlp.down_proj	DECODE	DOWN_PROJECTION	1	20416	20416	0	170180451	0.00011996677573736128	407460402	3495
ORDINAL	MP05	1	2712	model.layers.30.self_attn	DECODE	ATTENTION	6	27584	27584	0	170180451	0.00016208677223449126	407460402	3495
ORDINAL	MP05	1	2713	model.layers.30.mlp.gate_up_proj	DECODE	GATE_UP_PROJECTION	1	39488	39488	0	170180451	0.0002320360521315107	407460402	3495
ORDINAL	MP05	1	2714	model.layers.30.mlp.act_fn	DECODE	ACTIVATION	1	2400	2400	0	170180451	1.4102677398592628e-05	407460402	3495
ORDINAL	MP05	1	2715	model.layers.30.mlp.down_proj	DECODE	DOWN_PROJECTION	1	20416	20416	0	170180451	0.00011996677573736128	407460402	3495
ORDINAL	MP05	1	2716	model.layers.31.self_attn	DECODE	ATTENTION	6	27776	27776	0	170180451	0.00016321498642637866	407460402	3495
ORDINAL	MP05	1	2717	model.layers.31.mlp.gate_up_proj	DECODE	GATE_UP_PROJECTION	1	38656	38656	0	170180451	0.00022714712396666525	407460402	3495
ORDINAL	MP05	1	2718	model.layers.31.mlp.act_fn	DECODE	ACTIVATION	1	2400	2400	0	170180451	1.4102677398592628e-05	407460402	3495
ORDINAL	MP05	1	2719	model.layers.31.mlp.down_proj	DECODE	DOWN_PROJECTION	1	20544	20544	0	170180451	0.00012071891853195288	407460402	3495
ORDINAL	MP05	1	2720	model.layers.32.self_attn	DECODE	ATTENTION	6	27520	27520	0	170180451	0.00016171070083719546	407460402	3495
ORDINAL	MP05	1	2721	model.layers.32.mlp.gate_up_proj	DECODE	GATE_UP_PROJECTION	1	38816	38816	0	170180451	0.00022808730245990475	407460402	3495
ORDINAL	MP05	1	2722	model.layers.32.mlp.act_fn	DECODE	ACTIVATION	1	2400	2400	0	170180451	1.4102677398592628e-05	407460402	3495
ORDINAL	MP05	1	2723	model.layers.32.mlp.down_proj	DECODE	DOWN_PROJECTION	1	20416	20416	0	170180451	0.00011996677573736128	407460402	3495
ORDINAL	MP05	1	2724	model.layers.33.self_attn	DECODE	ATTENTION	6	27488	27488	0	170180451	0.00016152266513854755	407460402	3495
ORDINAL	MP05	1	2725	model.layers.33.mlp.gate_up_proj	DECODE	GATE_UP_PROJECTION	1	38688	38688	0	170180451	0.00022733515966531315	407460402	3495
ORDINAL	MP05	1	2726	model.layers.33.mlp.act_fn	DECODE	ACTIVATION	1	2400	2400	0	170180451	1.4102677398592628e-05	407460402	3495
ORDINAL	MP05	1	2727	model.layers.33.mlp.down_proj	DECODE	DOWN_PROJECTION	1	20800	20800	0	170180451	0.0001222232041211361	407460402	3495
ORDINAL	MP05	1	2728	model.layers.34.self_attn	DECODE	ATTENTION	6	27295	27295	0	170180451	0.0001603885748310774	407460402	3495
ORDINAL	MP05	1	2729	model.layers.34.mlp.gate_up_proj	DECODE	GATE_UP_PROJECTION	1	38912	38912	0	170180451	0.00022865140955584845	407460402	3495
ORDINAL	MP05	1	2730	model.layers.34.mlp.act_fn	DECODE	ACTIVATION	1	2400	2400	0	170180451	1.4102677398592628e-05	407460402	3495
ORDINAL	MP05	1	2731	model.layers.34.mlp.down_proj	DECODE	DOWN_PROJECTION	1	20576	20576	0	170180451	0.00012090695423060078	407460402	3495
ORDINAL	MP05	1	2732	model.layers.35.self_attn	DECODE	ATTENTION	6	27712	27712	0	170180451	0.00016283891502908286	407460402	3495
ORDINAL	MP05	1	2733	model.layers.35.mlp.gate_up_proj	DECODE	GATE_UP_PROJECTION	1	39040	39040	0	170180451	0.00022940355235044006	407460402	3495
ORDINAL	MP05	1	2734	model.layers.35.mlp.act_fn	DECODE	ACTIVATION	1	2400	2400	0	170180451	1.4102677398592628e-05	407460402	3495
ORDINAL	MP05	1	2735	model.layers.35.mlp.down_proj	DECODE	DOWN_PROJECTION	1	20768	20768	0	170180451	0.0001220351684224882	407460402	3495
ORDINAL	MP05	1	2736	model.layers.0.self_attn	DECODE	ATTENTION	6	28160	28160	0	170180451	0.0001654714148101535	407460402	3495
ORDINAL	MP05	1	2737	model.layers.0.mlp.gate_up_proj	DECODE	GATE_UP_PROJECTION	1	38944	38944	0	170180451	0.00022883944525449635	407460402	3495
ORDINAL	MP05	1	2738	model.layers.0.mlp.act_fn	DECODE	ACTIVATION	1	2368	2368	0	170180451	1.3914641699944725e-05	407460402	3495
ORDINAL	MP05	1	2739	model.layers.0.mlp.down_proj	DECODE	DOWN_PROJECTION	1	20576	20576	0	170180451	0.00012090695423060078	407460402	3495
ORDINAL	MP05	1	2740	model.layers.1.self_attn	DECODE	ATTENTION	6	27648	27648	0	170180451	0.00016246284363178706	407460402	3495
ORDINAL	MP05	1	2741	model.layers.1.mlp.gate_up_proj	DECODE	GATE_UP_PROJECTION	1	40608	40608	0	170180451	0.00023861730158418725	407460402	3495
ORDINAL	MP05	1	2742	model.layers.1.mlp.act_fn	DECODE	ACTIVATION	1	2368	2368	0	170180451	1.3914641699944725e-05	407460402	3495
ORDINAL	MP05	1	2743	model.layers.1.mlp.down_proj	DECODE	DOWN_PROJECTION	1	20928	20928	0	170180451	0.0001229753469157277	407460402	3495
ORDINAL	MP05	1	2744	model.layers.2.self_attn	DECODE	ATTENTION	6	27360	27360	0	170180451	0.00016077052234395595	407460402	3495
ORDINAL	MP05	1	2745	model.layers.2.mlp.gate_up_proj	DECODE	GATE_UP_PROJECTION	1	38912	38912	0	170180451	0.00022865140955584845	407460402	3495
ORDINAL	MP05	1	2746	model.layers.2.mlp.act_fn	DECODE	ACTIVATION	1	2400	2400	0	170180451	1.4102677398592628e-05	407460402	3495
ORDINAL	MP05	1	2747	model.layers.2.mlp.down_proj	DECODE	DOWN_PROJECTION	1	20544	20544	0	170180451	0.00012071891853195288	407460402	3495
ORDINAL	MP05	1	2748	model.layers.3.self_attn	DECODE	ATTENTION	6	27840	27840	0	170180451	0.00016359105782367446	407460402	3495
ORDINAL	MP05	1	2749	model.layers.3.mlp.gate_up_proj	DECODE	GATE_UP_PROJECTION	1	39200	39200	0	170180451	0.00023034373084367956	407460402	3495
ORDINAL	MP05	1	2750	model.layers.3.mlp.act_fn	DECODE	ACTIVATION	1	2400	2400	0	170180451	1.4102677398592628e-05	407460402	3495
ORDINAL	MP05	1	2751	model.layers.3.mlp.down_proj	DECODE	DOWN_PROJECTION	1	20512	20512	0	170180451	0.00012053088283330498	407460402	3495
ORDINAL	MP05	1	2752	model.layers.4.self_attn	DECODE	ATTENTION	6	27487	27487	0	170180451	0.0001615167890229648	407460402	3495
ORDINAL	MP05	1	2753	model.layers.4.mlp.gate_up_proj	DECODE	GATE_UP_PROJECTION	1	38944	38944	0	170180451	0.00022883944525449635	407460402	3495
ORDINAL	MP05	1	2754	model.layers.4.mlp.act_fn	DECODE	ACTIVATION	1	2368	2368	0	170180451	1.3914641699944725e-05	407460402	3495
ORDINAL	MP05	1	2755	model.layers.4.mlp.down_proj	DECODE	DOWN_PROJECTION	1	20384	20384	0	170180451	0.00011977874003871338	407460402	3495
ORDINAL	MP05	1	2756	model.layers.5.self_attn	DECODE	ATTENTION	6	27776	27776	0	170180451	0.00016321498642637866	407460402	3495
ORDINAL	MP05	1	2757	model.layers.5.mlp.gate_up_proj	DECODE	GATE_UP_PROJECTION	1	39072	39072	0	170180451	0.00022959158804908796	407460402	3495
ORDINAL	MP05	1	2758	model.layers.5.mlp.act_fn	DECODE	ACTIVATION	1	2368	2368	0	170180451	1.3914641699944725e-05	407460402	3495
ORDINAL	MP05	1	2759	model.layers.5.mlp.down_proj	DECODE	DOWN_PROJECTION	1	20480	20480	0	170180451	0.00012034284713465708	407460402	3495
ORDINAL	MP05	1	2760	model.layers.6.self_attn	DECODE	ATTENTION	6	27680	27680	0	170180451	0.00016265087933043496	407460402	3495
ORDINAL	MP05	1	2761	model.layers.6.mlp.gate_up_proj	DECODE	GATE_UP_PROJECTION	1	39200	39200	0	170180451	0.00023034373084367956	407460402	3495
ORDINAL	MP05	1	2762	model.layers.6.mlp.act_fn	DECODE	ACTIVATION	1	2400	2400	0	170180451	1.4102677398592628e-05	407460402	3495
ORDINAL	MP05	1	2763	model.layers.6.mlp.down_proj	DECODE	DOWN_PROJECTION	1	20864	20864	0	170180451	0.0001225992755184319	407460402	3495
ORDINAL	MP05	1	2764	model.layers.7.self_attn	DECODE	ATTENTION	6	27616	27616	0	170180451	0.00016227480793313916	407460402	3495
ORDINAL	MP05	1	2765	model.layers.7.mlp.gate_up_proj	DECODE	GATE_UP_PROJECTION	1	38880	38880	0	170180451	0.00022846337385720055	407460402	3495
ORDINAL	MP05	1	2766	model.layers.7.mlp.act_fn	DECODE	ACTIVATION	1	2368	2368	0	170180451	1.3914641699944725e-05	407460402	3495
ORDINAL	MP05	1	2767	model.layers.7.mlp.down_proj	DECODE	DOWN_PROJECTION	1	20544	20544	0	170180451	0.00012071891853195288	407460402	3495
ORDINAL	MP05	1	2768	model.layers.8.self_attn	DECODE	ATTENTION	6	27648	27648	0	170180451	0.00016246284363178706	407460402	3495
ORDINAL	MP05	1	2769	model.layers.8.mlp.gate_up_proj	DECODE	GATE_UP_PROJECTION	1	39072	39072	0	170180451	0.00022959158804908796	407460402	3495
ORDINAL	MP05	1	2770	model.layers.8.mlp.act_fn	DECODE	ACTIVATION	1	2368	2368	0	170180451	1.3914641699944725e-05	407460402	3495
ORDINAL	MP05	1	2771	model.layers.8.mlp.down_proj	DECODE	DOWN_PROJECTION	1	20608	20608	0	170180451	0.00012109498992924868	407460402	3495
ORDINAL	MP05	1	2772	model.layers.9.self_attn	DECODE	ATTENTION	6	27456	27456	0	170180451	0.00016133462943989965	407460402	3495
ORDINAL	MP05	1	2773	model.layers.9.mlp.gate_up_proj	DECODE	GATE_UP_PROJECTION	1	38624	38624	0	170180451	0.00022695908826801735	407460402	3495
ORDINAL	MP05	1	2774	model.layers.9.mlp.act_fn	DECODE	ACTIVATION	1	2368	2368	0	170180451	1.3914641699944725e-05	407460402	3495
ORDINAL	MP05	1	2775	model.layers.9.mlp.down_proj	DECODE	DOWN_PROJECTION	1	20511	20511	0	170180451	0.00012052500671772223	407460402	3495
ORDINAL	MP05	1	2776	model.layers.10.self_attn	DECODE	ATTENTION	6	27520	27520	0	170180451	0.00016171070083719546	407460402	3495
ORDINAL	MP05	1	2777	model.layers.10.mlp.gate_up_proj	DECODE	GATE_UP_PROJECTION	1	39776	39776	0	170180451	0.0002337283734193418	407460402	3495
ORDINAL	MP05	1	2778	model.layers.10.mlp.act_fn	DECODE	ACTIVATION	1	2400	2400	0	170180451	1.4102677398592628e-05	407460402	3495
ORDINAL	MP05	1	2779	model.layers.10.mlp.down_proj	DECODE	DOWN_PROJECTION	1	20448	20448	0	170180451	0.00012015481143600918	407460402	3495
ORDINAL	MP05	1	2780	model.layers.11.self_attn	DECODE	ATTENTION	6	27616	27616	0	170180451	0.00016227480793313916	407460402	3495
ORDINAL	MP05	1	2781	model.layers.11.mlp.gate_up_proj	DECODE	GATE_UP_PROJECTION	1	39072	39072	0	170180451	0.00022959158804908796	407460402	3495
ORDINAL	MP05	1	2782	model.layers.11.mlp.act_fn	DECODE	ACTIVATION	1	2400	2400	0	170180451	1.4102677398592628e-05	407460402	3495
ORDINAL	MP05	1	2783	model.layers.11.mlp.down_proj	DECODE	DOWN_PROJECTION	1	20384	20384	0	170180451	0.00011977874003871338	407460402	3495
ORDINAL	MP05	1	2784	model.layers.12.self_attn	DECODE	ATTENTION	6	27776	27776	0	170180451	0.00016321498642637866	407460402	3495
ORDINAL	MP05	1	2785	model.layers.12.mlp.gate_up_proj	DECODE	GATE_UP_PROJECTION	1	38975	38975	0	170180451	0.0002290216048375615	407460402	3495
ORDINAL	MP05	1	2786	model.layers.12.mlp.act_fn	DECODE	ACTIVATION	1	2336	2336	0	170180451	1.3726606001296824e-05	407460402	3495
ORDINAL	MP05	1	2787	model.layers.12.mlp.down_proj	DECODE	DOWN_PROJECTION	1	20672	20672	0	170180451	0.00012147106132654449	407460402	3495
ORDINAL	MP05	1	2788	model.layers.13.self_attn	DECODE	ATTENTION	6	27712	27712	0	170180451	0.00016283891502908286	407460402	3495
ORDINAL	MP05	1	2789	model.layers.13.mlp.gate_up_proj	DECODE	GATE_UP_PROJECTION	1	39200	39200	0	170180451	0.00023034373084367956	407460402	3495
ORDINAL	MP05	1	2790	model.layers.13.mlp.act_fn	DECODE	ACTIVATION	1	2400	2400	0	170180451	1.4102677398592628e-05	407460402	3495
ORDINAL	MP05	1	2791	model.layers.13.mlp.down_proj	DECODE	DOWN_PROJECTION	1	20448	20448	0	170180451	0.00012015481143600918	407460402	3495
ORDINAL	MP05	1	2792	model.layers.14.self_attn	DECODE	ATTENTION	6	27680	27680	0	170180451	0.00016265087933043496	407460402	3495
ORDINAL	MP05	1	2793	model.layers.14.mlp.gate_up_proj	DECODE	GATE_UP_PROJECTION	1	39488	39488	0	170180451	0.0002320360521315107	407460402	3495
ORDINAL	MP05	1	2794	model.layers.14.mlp.act_fn	DECODE	ACTIVATION	1	2400	2400	0	170180451	1.4102677398592628e-05	407460402	3495
ORDINAL	MP05	1	2795	model.layers.14.mlp.down_proj	DECODE	DOWN_PROJECTION	1	20608	20608	0	170180451	0.00012109498992924868	407460402	3495
ORDINAL	MP05	1	2796	model.layers.15.self_attn	DECODE	ATTENTION	6	27680	27680	0	170180451	0.00016265087933043496	407460402	3495
ORDINAL	MP05	1	2797	model.layers.15.mlp.gate_up_proj	DECODE	GATE_UP_PROJECTION	1	39200	39200	0	170180451	0.00023034373084367956	407460402	3495
ORDINAL	MP05	1	2798	model.layers.15.mlp.act_fn	DECODE	ACTIVATION	1	2368	2368	0	170180451	1.3914641699944725e-05	407460402	3495
ORDINAL	MP05	1	2799	model.layers.15.mlp.down_proj	DECODE	DOWN_PROJECTION	1	20448	20448	0	170180451	0.00012015481143600918	407460402	3495
ORDINAL	MP05	1	2800	model.layers.16.self_attn	DECODE	ATTENTION	6	27776	27776	0	170180451	0.00016321498642637866	407460402	3495
ORDINAL	MP05	1	2801	model.layers.16.mlp.gate_up_proj	DECODE	GATE_UP_PROJECTION	1	38816	38816	0	170180451	0.00022808730245990475	407460402	3495
ORDINAL	MP05	1	2802	model.layers.16.mlp.act_fn	DECODE	ACTIVATION	1	2368	2368	0	170180451	1.3914641699944725e-05	407460402	3495
ORDINAL	MP05	1	2803	model.layers.16.mlp.down_proj	DECODE	DOWN_PROJECTION	1	20608	20608	0	170180451	0.00012109498992924868	407460402	3495
ORDINAL	MP05	1	2804	model.layers.17.self_attn	DECODE	ATTENTION	6	27520	27520	0	170180451	0.00016171070083719546	407460402	3495
ORDINAL	MP05	1	2805	model.layers.17.mlp.gate_up_proj	DECODE	GATE_UP_PROJECTION	1	39264	39264	0	170180451	0.00023071980224097536	407460402	3495
ORDINAL	MP05	1	2806	model.layers.17.mlp.act_fn	DECODE	ACTIVATION	1	2368	2368	0	170180451	1.3914641699944725e-05	407460402	3495
ORDINAL	MP05	1	2807	model.layers.17.mlp.down_proj	DECODE	DOWN_PROJECTION	1	20512	20512	0	170180451	0.00012053088283330498	407460402	3495
ORDINAL	MP05	1	2808	model.layers.18.self_attn	DECODE	ATTENTION	6	27584	27584	0	170180451	0.00016208677223449126	407460402	3495
ORDINAL	MP05	1	2809	model.layers.18.mlp.gate_up_proj	DECODE	GATE_UP_PROJECTION	1	39360	39360	0	170180451	0.0002312839093369191	407460402	3495
ORDINAL	MP05	1	2810	model.layers.18.mlp.act_fn	DECODE	ACTIVATION	1	2400	2400	0	170180451	1.4102677398592628e-05	407460402	3495
ORDINAL	MP05	1	2811	model.layers.18.mlp.down_proj	DECODE	DOWN_PROJECTION	1	20448	20448	0	170180451	0.00012015481143600918	407460402	3495
ORDINAL	MP05	1	2812	model.layers.19.self_attn	DECODE	ATTENTION	6	27680	27680	0	170180451	0.00016265087933043496	407460402	3495
ORDINAL	MP05	1	2813	model.layers.19.mlp.gate_up_proj	DECODE	GATE_UP_PROJECTION	1	38752	38752	0	170180451	0.00022771123106260895	407460402	3495
ORDINAL	MP05	1	2814	model.layers.19.mlp.act_fn	DECODE	ACTIVATION	1	2368	2368	0	170180451	1.3914641699944725e-05	407460402	3495
ORDINAL	MP05	1	2815	model.layers.19.mlp.down_proj	DECODE	DOWN_PROJECTION	1	20864	20864	0	170180451	0.0001225992755184319	407460402	3495
ORDINAL	MP05	1	2816	model.layers.20.self_attn	DECODE	ATTENTION	6	27680	27680	0	170180451	0.00016265087933043496	407460402	3495
ORDINAL	MP05	1	2817	model.layers.20.mlp.gate_up_proj	DECODE	GATE_UP_PROJECTION	1	39136	39136	0	170180451	0.00022996765944638376	407460402	3495
ORDINAL	MP05	1	2818	model.layers.20.mlp.act_fn	DECODE	ACTIVATION	1	2368	2368	0	170180451	1.3914641699944725e-05	407460402	3495
ORDINAL	MP05	1	2819	model.layers.20.mlp.down_proj	DECODE	DOWN_PROJECTION	1	20640	20640	0	170180451	0.00012128302562789659	407460402	3495
ORDINAL	MP05	1	2820	model.layers.21.self_attn	DECODE	ATTENTION	6	27776	27776	0	170180451	0.00016321498642637866	407460402	3495
ORDINAL	MP05	1	2821	model.layers.21.mlp.gate_up_proj	DECODE	GATE_UP_PROJECTION	1	38688	38688	0	170180451	0.00022733515966531315	407460402	3495
ORDINAL	MP05	1	2822	model.layers.21.mlp.act_fn	DECODE	ACTIVATION	1	2432	2432	0	170180451	1.4290713097240528e-05	407460402	3495
ORDINAL	MP05	1	2823	model.layers.21.mlp.down_proj	DECODE	DOWN_PROJECTION	1	20608	20608	0	170180451	0.00012109498992924868	407460402	3495
ORDINAL	MP05	1	2824	model.layers.22.self_attn	DECODE	ATTENTION	6	27328	27328	0	170180451	0.00016058248664530805	407460402	3495
ORDINAL	MP05	1	2825	model.layers.22.mlp.gate_up_proj	DECODE	GATE_UP_PROJECTION	1	39232	39232	0	170180451	0.00023053176654232746	407460402	3495
ORDINAL	MP05	1	2826	model.layers.22.mlp.act_fn	DECODE	ACTIVATION	1	2400	2400	0	170180451	1.4102677398592628e-05	407460402	3495
ORDINAL	MP05	1	2827	model.layers.22.mlp.down_proj	DECODE	DOWN_PROJECTION	1	20384	20384	0	170180451	0.00011977874003871338	407460402	3495
ORDINAL	MP05	1	2828	model.layers.23.self_attn	DECODE	ATTENTION	6	27936	27936	0	170180451	0.00016415516491961817	407460402	3495
ORDINAL	MP05	1	2829	model.layers.23.mlp.gate_up_proj	DECODE	GATE_UP_PROJECTION	1	39584	39584	0	170180451	0.0002326001592274544	407460402	3495
ORDINAL	MP05	1	2830	model.layers.23.mlp.act_fn	DECODE	ACTIVATION	1	2368	2368	0	170180451	1.3914641699944725e-05	407460402	3495
ORDINAL	MP05	1	2831	model.layers.23.mlp.down_proj	DECODE	DOWN_PROJECTION	1	20736	20736	0	170180451	0.0001218471327238403	407460402	3495
ORDINAL	MP05	1	2832	model.layers.24.self_attn	DECODE	ATTENTION	6	27520	27520	0	170180451	0.00016171070083719546	407460402	3495
ORDINAL	MP05	1	2833	model.layers.24.mlp.gate_up_proj	DECODE	GATE_UP_PROJECTION	1	39552	39552	0	170180451	0.0002324121235288065	407460402	3495
ORDINAL	MP05	1	2834	model.layers.24.mlp.act_fn	DECODE	ACTIVATION	1	2368	2368	0	170180451	1.3914641699944725e-05	407460402	3495
ORDINAL	MP05	1	2835	model.layers.24.mlp.down_proj	DECODE	DOWN_PROJECTION	1	20480	20480	0	170180451	0.00012034284713465708	407460402	3495
ORDINAL	MP05	1	2836	model.layers.25.self_attn	DECODE	ATTENTION	6	27744	27744	0	170180451	0.00016302695072773076	407460402	3495
ORDINAL	MP05	1	2837	model.layers.25.mlp.gate_up_proj	DECODE	GATE_UP_PROJECTION	1	39232	39232	0	170180451	0.00023053176654232746	407460402	3495
ORDINAL	MP05	1	2838	model.layers.25.mlp.act_fn	DECODE	ACTIVATION	1	2400	2400	0	170180451	1.4102677398592628e-05	407460402	3495
ORDINAL	MP05	1	2839	model.layers.25.mlp.down_proj	DECODE	DOWN_PROJECTION	1	20224	20224	0	170180451	0.00011883856154547387	407460402	3495
ORDINAL	MP05	1	2840	model.layers.26.self_attn	DECODE	ATTENTION	6	27808	27808	0	170180451	0.00016340302212502656	407460402	3495
ORDINAL	MP05	1	2841	model.layers.26.mlp.gate_up_proj	DECODE	GATE_UP_PROJECTION	1	39264	39264	0	170180451	0.00023071980224097536	407460402	3495
ORDINAL	MP05	1	2842	model.layers.26.mlp.act_fn	DECODE	ACTIVATION	1	2400	2400	0	170180451	1.4102677398592628e-05	407460402	3495
ORDINAL	MP05	1	2843	model.layers.26.mlp.down_proj	DECODE	DOWN_PROJECTION	1	20512	20512	0	170180451	0.00012053088283330498	407460402	3495
ORDINAL	MP05	1	2844	model.layers.27.self_attn	DECODE	ATTENTION	6	27360	27360	0	170180451	0.00016077052234395595	407460402	3495
ORDINAL	MP05	1	2845	model.layers.27.mlp.gate_up_proj	DECODE	GATE_UP_PROJECTION	1	38624	38624	0	170180451	0.00022695908826801735	407460402	3495
ORDINAL	MP05	1	2846	model.layers.27.mlp.act_fn	DECODE	ACTIVATION	1	2400	2400	0	170180451	1.4102677398592628e-05	407460402	3495
ORDINAL	MP05	1	2847	model.layers.27.mlp.down_proj	DECODE	DOWN_PROJECTION	1	20448	20448	0	170180451	0.00012015481143600918	407460402	3495
ORDINAL	MP05	1	2848	model.layers.28.self_attn	DECODE	ATTENTION	6	27488	27488	0	170180451	0.00016152266513854755	407460402	3495
ORDINAL	MP05	1	2849	model.layers.28.mlp.gate_up_proj	DECODE	GATE_UP_PROJECTION	1	38848	38848	0	170180451	0.00022827533815855265	407460402	3495
ORDINAL	MP05	1	2850	model.layers.28.mlp.act_fn	DECODE	ACTIVATION	1	2400	2400	0	170180451	1.4102677398592628e-05	407460402	3495
ORDINAL	MP05	1	2851	model.layers.28.mlp.down_proj	DECODE	DOWN_PROJECTION	1	20512	20512	0	170180451	0.00012053088283330498	407460402	3495
ORDINAL	MP05	1	2852	model.layers.29.self_attn	DECODE	ATTENTION	6	27776	27776	0	170180451	0.00016321498642637866	407460402	3495
ORDINAL	MP05	1	2853	model.layers.29.mlp.gate_up_proj	DECODE	GATE_UP_PROJECTION	1	38976	38976	0	170180451	0.00022902748095314426	407460402	3495
ORDINAL	MP05	1	2854	model.layers.29.mlp.act_fn	DECODE	ACTIVATION	1	2368	2368	0	170180451	1.3914641699944725e-05	407460402	3495
ORDINAL	MP05	1	2855	model.layers.29.mlp.down_proj	DECODE	DOWN_PROJECTION	1	20416	20416	0	170180451	0.00011996677573736128	407460402	3495
ORDINAL	MP05	1	2856	model.layers.30.self_attn	DECODE	ATTENTION	6	27552	27552	0	170180451	0.00016189873653584336	407460402	3495
ORDINAL	MP05	1	2857	model.layers.30.mlp.gate_up_proj	DECODE	GATE_UP_PROJECTION	1	38656	38656	0	170180451	0.00022714712396666525	407460402	3495
ORDINAL	MP05	1	2858	model.layers.30.mlp.act_fn	DECODE	ACTIVATION	1	2400	2400	0	170180451	1.4102677398592628e-05	407460402	3495
ORDINAL	MP05	1	2859	model.layers.30.mlp.down_proj	DECODE	DOWN_PROJECTION	1	20448	20448	0	170180451	0.00012015481143600918	407460402	3495
ORDINAL	MP05	1	2860	model.layers.31.self_attn	DECODE	ATTENTION	6	27584	27584	0	170180451	0.00016208677223449126	407460402	3495
ORDINAL	MP05	1	2861	model.layers.31.mlp.gate_up_proj	DECODE	GATE_UP_PROJECTION	1	38496	38496	0	170180451	0.00022620694547342574	407460402	3495
ORDINAL	MP05	1	2862	model.layers.31.mlp.act_fn	DECODE	ACTIVATION	1	2400	2400	0	170180451	1.4102677398592628e-05	407460402	3495
ORDINAL	MP05	1	2863	model.layers.31.mlp.down_proj	DECODE	DOWN_PROJECTION	1	20544	20544	0	170180451	0.00012071891853195288	407460402	3495
ORDINAL	MP05	1	2864	model.layers.32.self_attn	DECODE	ATTENTION	6	27328	27328	0	170180451	0.00016058248664530805	407460402	3495
ORDINAL	MP05	1	2865	model.layers.32.mlp.gate_up_proj	DECODE	GATE_UP_PROJECTION	1	38912	38912	0	170180451	0.00022865140955584845	407460402	3495
ORDINAL	MP05	1	2866	model.layers.32.mlp.act_fn	DECODE	ACTIVATION	1	2368	2368	0	170180451	1.3914641699944725e-05	407460402	3495
ORDINAL	MP05	1	2867	model.layers.32.mlp.down_proj	DECODE	DOWN_PROJECTION	1	20416	20416	0	170180451	0.00011996677573736128	407460402	3495
ORDINAL	MP05	1	2868	model.layers.33.self_attn	DECODE	ATTENTION	6	27296	27296	0	170180451	0.00016039445094666015	407460402	3495
ORDINAL	MP05	1	2869	model.layers.33.mlp.gate_up_proj	DECODE	GATE_UP_PROJECTION	1	38720	38720	0	170180451	0.00022752319536396105	407460402	3495
ORDINAL	MP05	1	2870	model.layers.33.mlp.act_fn	DECODE	ACTIVATION	1	2368	2368	0	170180451	1.3914641699944725e-05	407460402	3495
ORDINAL	MP05	1	2871	model.layers.33.mlp.down_proj	DECODE	DOWN_PROJECTION	1	20384	20384	0	170180451	0.00011977874003871338	407460402	3495
ORDINAL	MP05	1	2872	model.layers.34.self_attn	DECODE	ATTENTION	6	27680	27680	0	170180451	0.00016265087933043496	407460402	3495
ORDINAL	MP05	1	2873	model.layers.34.mlp.gate_up_proj	DECODE	GATE_UP_PROJECTION	1	39072	39072	0	170180451	0.00022959158804908796	407460402	3495
ORDINAL	MP05	1	2874	model.layers.34.mlp.act_fn	DECODE	ACTIVATION	1	2368	2368	0	170180451	1.3914641699944725e-05	407460402	3495
ORDINAL	MP05	1	2875	model.layers.34.mlp.down_proj	DECODE	DOWN_PROJECTION	1	20480	20480	0	170180451	0.00012034284713465708	407460402	3495
ORDINAL	MP05	1	2876	model.layers.35.self_attn	DECODE	ATTENTION	6	27680	27680	0	170180451	0.00016265087933043496	407460402	3495
ORDINAL	MP05	1	2877	model.layers.35.mlp.gate_up_proj	DECODE	GATE_UP_PROJECTION	1	39456	39456	0	170180451	0.0002318480164328628	407460402	3495
ORDINAL	MP05	1	2878	model.layers.35.mlp.act_fn	DECODE	ACTIVATION	1	2368	2368	0	170180451	1.3914641699944725e-05	407460402	3495
ORDINAL	MP05	1	2879	model.layers.35.mlp.down_proj	DECODE	DOWN_PROJECTION	1	20544	20544	0	170180451	0.00012071891853195288	407460402	3495
ORDINAL	MP05	1	2880	model.layers.0.self_attn	DECODE	ATTENTION	6	27968	27968	0	170180451	0.00016434320061826607	407460402	3495
ORDINAL	MP05	1	2881	model.layers.0.mlp.gate_up_proj	DECODE	GATE_UP_PROJECTION	1	38528	38528	0	170180451	0.00022639498117207364	407460402	3495
ORDINAL	MP05	1	2882	model.layers.0.mlp.act_fn	DECODE	ACTIVATION	1	2400	2400	0	170180451	1.4102677398592628e-05	407460402	3495
ORDINAL	MP05	1	2883	model.layers.0.mlp.down_proj	DECODE	DOWN_PROJECTION	1	20448	20448	0	170180451	0.00012015481143600918	407460402	3495
ORDINAL	MP05	1	2884	model.layers.1.self_attn	DECODE	ATTENTION	6	27904	27904	0	170180451	0.00016396712922097027	407460402	3495
ORDINAL	MP05	1	2885	model.layers.1.mlp.gate_up_proj	DECODE	GATE_UP_PROJECTION	1	40608	40608	0	170180451	0.00023861730158418725	407460402	3495
ORDINAL	MP05	1	2886	model.layers.1.mlp.act_fn	DECODE	ACTIVATION	1	2400	2400	0	170180451	1.4102677398592628e-05	407460402	3495
ORDINAL	MP05	1	2887	model.layers.1.mlp.down_proj	DECODE	DOWN_PROJECTION	1	20928	20928	0	170180451	0.0001229753469157277	407460402	3495
ORDINAL	MP05	1	2888	model.layers.2.self_attn	DECODE	ATTENTION	6	27296	27296	0	170180451	0.00016039445094666015	407460402	3495
ORDINAL	MP05	1	2889	model.layers.2.mlp.gate_up_proj	DECODE	GATE_UP_PROJECTION	1	38848	38848	0	170180451	0.00022827533815855265	407460402	3495
ORDINAL	MP05	1	2890	model.layers.2.mlp.act_fn	DECODE	ACTIVATION	1	2368	2368	0	170180451	1.3914641699944725e-05	407460402	3495
ORDINAL	MP05	1	2891	model.layers.2.mlp.down_proj	DECODE	DOWN_PROJECTION	1	20320	20320	0	170180451	0.00011940266864141758	407460402	3495
ORDINAL	MP05	1	2892	model.layers.3.self_attn	DECODE	ATTENTION	6	27584	27584	0	170180451	0.00016208677223449126	407460402	3495
ORDINAL	MP05	1	2893	model.layers.3.mlp.gate_up_proj	DECODE	GATE_UP_PROJECTION	1	39552	39552	0	170180451	0.0002324121235288065	407460402	3495
ORDINAL	MP05	1	2894	model.layers.3.mlp.act_fn	DECODE	ACTIVATION	1	2400	2400	0	170180451	1.4102677398592628e-05	407460402	3495
ORDINAL	MP05	1	2895	model.layers.3.mlp.down_proj	DECODE	DOWN_PROJECTION	1	20576	20576	0	170180451	0.00012090695423060078	407460402	3495
ORDINAL	MP05	1	2896	model.layers.4.self_attn	DECODE	ATTENTION	6	27680	27680	0	170180451	0.00016265087933043496	407460402	3495
ORDINAL	MP05	1	2897	model.layers.4.mlp.gate_up_proj	DECODE	GATE_UP_PROJECTION	1	38304	38304	0	170180451	0.00022507873128153834	407460402	3495
ORDINAL	MP05	1	2898	model.layers.4.mlp.act_fn	DECODE	ACTIVATION	1	2400	2400	0	170180451	1.4102677398592628e-05	407460402	3495
ORDINAL	MP05	1	2899	model.layers.4.mlp.down_proj	DECODE	DOWN_PROJECTION	1	20608	20608	0	170180451	0.00012109498992924868	407460402	3495
ORDINAL	MP05	1	2900	model.layers.5.self_attn	DECODE	ATTENTION	6	27552	27552	0	170180451	0.00016189873653584336	407460402	3495
ORDINAL	MP05	1	2901	model.layers.5.mlp.gate_up_proj	DECODE	GATE_UP_PROJECTION	1	38944	38944	0	170180451	0.00022883944525449635	407460402	3495
ORDINAL	MP05	1	2902	model.layers.5.mlp.act_fn	DECODE	ACTIVATION	1	2400	2400	0	170180451	1.4102677398592628e-05	407460402	3495
ORDINAL	MP05	1	2903	model.layers.5.mlp.down_proj	DECODE	DOWN_PROJECTION	1	20416	20416	0	170180451	0.00011996677573736128	407460402	3495
ORDINAL	MP05	1	2904	model.layers.6.self_attn	DECODE	ATTENTION	6	27680	27680	0	170180451	0.00016265087933043496	407460402	3495
ORDINAL	MP05	1	2905	model.layers.6.mlp.gate_up_proj	DECODE	GATE_UP_PROJECTION	1	39168	39168	0	170180451	0.00023015569514503166	407460402	3495
ORDINAL	MP05	1	2906	model.layers.6.mlp.act_fn	DECODE	ACTIVATION	1	2400	2400	0	170180451	1.4102677398592628e-05	407460402	3495
ORDINAL	MP05	1	2907	model.layers.6.mlp.down_proj	DECODE	DOWN_PROJECTION	1	20672	20672	0	170180451	0.00012147106132654449	407460402	3495
ORDINAL	MP05	1	2908	model.layers.7.self_attn	DECODE	ATTENTION	6	27840	27840	0	170180451	0.00016359105782367446	407460402	3495
ORDINAL	MP05	1	2909	model.layers.7.mlp.gate_up_proj	DECODE	GATE_UP_PROJECTION	1	38976	38976	0	170180451	0.00022902748095314426	407460402	3495
ORDINAL	MP05	1	2910	model.layers.7.mlp.act_fn	DECODE	ACTIVATION	1	2400	2400	0	170180451	1.4102677398592628e-05	407460402	3495
ORDINAL	MP05	1	2911	model.layers.7.mlp.down_proj	DECODE	DOWN_PROJECTION	1	20576	20576	0	170180451	0.00012090695423060078	407460402	3495
ORDINAL	MP05	1	2912	model.layers.8.self_attn	DECODE	ATTENTION	6	27744	27744	0	170180451	0.00016302695072773076	407460402	3495
ORDINAL	MP05	1	2913	model.layers.8.mlp.gate_up_proj	DECODE	GATE_UP_PROJECTION	1	39360	39360	0	170180451	0.0002312839093369191	407460402	3495
ORDINAL	MP05	1	2914	model.layers.8.mlp.act_fn	DECODE	ACTIVATION	1	2368	2368	0	170180451	1.3914641699944725e-05	407460402	3495
ORDINAL	MP05	1	2915	model.layers.8.mlp.down_proj	DECODE	DOWN_PROJECTION	1	20384	20384	0	170180451	0.00011977874003871338	407460402	3495
ORDINAL	MP05	1	2916	model.layers.9.self_attn	DECODE	ATTENTION	6	27616	27616	0	170180451	0.00016227480793313916	407460402	3495
ORDINAL	MP05	1	2917	model.layers.9.mlp.gate_up_proj	DECODE	GATE_UP_PROJECTION	1	38432	38432	0	170180451	0.00022583087407612994	407460402	3495
ORDINAL	MP05	1	2918	model.layers.9.mlp.act_fn	DECODE	ACTIVATION	1	2400	2400	0	170180451	1.4102677398592628e-05	407460402	3495
ORDINAL	MP05	1	2919	model.layers.9.mlp.down_proj	DECODE	DOWN_PROJECTION	1	20896	20896	0	170180451	0.0001227873112170798	407460402	3495
ORDINAL	MP05	1	2920	model.layers.10.self_attn	DECODE	ATTENTION	6	27648	27648	0	170180451	0.00016246284363178706	407460402	3495
ORDINAL	MP05	1	2921	model.layers.10.mlp.gate_up_proj	DECODE	GATE_UP_PROJECTION	1	39648	39648	0	170180451	0.0002329762306247502	407460402	3495
ORDINAL	MP05	1	2922	model.layers.10.mlp.act_fn	DECODE	ACTIVATION	1	2432	2432	0	170180451	1.4290713097240528e-05	407460402	3495
ORDINAL	MP05	1	2923	model.layers.10.mlp.down_proj	DECODE	DOWN_PROJECTION	1	20416	20416	0	170180451	0.00011996677573736128	407460402	3495
ORDINAL	MP05	1	2924	model.layers.11.self_attn	DECODE	ATTENTION	6	27872	27872	0	170180451	0.00016377909352232236	407460402	3495
ORDINAL	MP05	1	2925	model.layers.11.mlp.gate_up_proj	DECODE	GATE_UP_PROJECTION	1	39232	39232	0	170180451	0.00023053176654232746	407460402	3495
ORDINAL	MP05	1	2926	model.layers.11.mlp.act_fn	DECODE	ACTIVATION	1	2432	2432	0	170180451	1.4290713097240528e-05	407460402	3495
ORDINAL	MP05	1	2927	model.layers.11.mlp.down_proj	DECODE	DOWN_PROJECTION	1	20640	20640	0	170180451	0.00012128302562789659	407460402	3495
ORDINAL	MP05	1	2928	model.layers.12.self_attn	DECODE	ATTENTION	6	27712	27712	0	170180451	0.00016283891502908286	407460402	3495
ORDINAL	MP05	1	2929	model.layers.12.mlp.gate_up_proj	DECODE	GATE_UP_PROJECTION	1	39328	39328	0	170180451	0.0002310958736382712	407460402	3495
ORDINAL	MP05	1	2930	model.layers.12.mlp.act_fn	DECODE	ACTIVATION	1	2400	2400	0	170180451	1.4102677398592628e-05	407460402	3495
ORDINAL	MP05	1	2931	model.layers.12.mlp.down_proj	DECODE	DOWN_PROJECTION	1	20640	20640	0	170180451	0.00012128302562789659	407460402	3495
ORDINAL	MP05	1	2932	model.layers.13.self_attn	DECODE	ATTENTION	6	27680	27680	0	170180451	0.00016265087933043496	407460402	3495
ORDINAL	MP05	1	2933	model.layers.13.mlp.gate_up_proj	DECODE	GATE_UP_PROJECTION	1	38976	38976	0	170180451	0.00022902748095314426	407460402	3495
ORDINAL	MP05	1	2934	model.layers.13.mlp.act_fn	DECODE	ACTIVATION	1	2400	2400	0	170180451	1.4102677398592628e-05	407460402	3495
ORDINAL	MP05	1	2935	model.layers.13.mlp.down_proj	DECODE	DOWN_PROJECTION	1	20512	20512	0	170180451	0.00012053088283330498	407460402	3495
ORDINAL	MP05	1	2936	model.layers.14.self_attn	DECODE	ATTENTION	6	27776	27776	0	170180451	0.00016321498642637866	407460402	3495
ORDINAL	MP05	1	2937	model.layers.14.mlp.gate_up_proj	DECODE	GATE_UP_PROJECTION	1	39584	39584	0	170180451	0.0002326001592274544	407460402	3495
ORDINAL	MP05	1	2938	model.layers.14.mlp.act_fn	DECODE	ACTIVATION	1	2400	2400	0	170180451	1.4102677398592628e-05	407460402	3495
ORDINAL	MP05	1	2939	model.layers.14.mlp.down_proj	DECODE	DOWN_PROJECTION	1	20352	20352	0	170180451	0.00011959070434006548	407460402	3495
ORDINAL	MP05	1	2940	model.layers.15.self_attn	DECODE	ATTENTION	6	27680	27680	0	170180451	0.00016265087933043496	407460402	3495
ORDINAL	MP05	1	2941	model.layers.15.mlp.gate_up_proj	DECODE	GATE_UP_PROJECTION	1	38912	38912	0	170180451	0.00022865140955584845	407460402	3495
ORDINAL	MP05	1	2942	model.layers.15.mlp.act_fn	DECODE	ACTIVATION	1	2400	2400	0	170180451	1.4102677398592628e-05	407460402	3495
ORDINAL	MP05	1	2943	model.layers.15.mlp.down_proj	DECODE	DOWN_PROJECTION	1	20544	20544	0	170180451	0.00012071891853195288	407460402	3495
ORDINAL	MP05	1	2944	model.layers.16.self_attn	DECODE	ATTENTION	6	27840	27840	0	170180451	0.00016359105782367446	407460402	3495
ORDINAL	MP05	1	2945	model.layers.16.mlp.gate_up_proj	DECODE	GATE_UP_PROJECTION	1	39008	39008	0	170180451	0.00022921551665179216	407460402	3495
ORDINAL	MP05	1	2946	model.layers.16.mlp.act_fn	DECODE	ACTIVATION	1	2400	2400	0	170180451	1.4102677398592628e-05	407460402	3495
ORDINAL	MP05	1	2947	model.layers.16.mlp.down_proj	DECODE	DOWN_PROJECTION	1	20480	20480	0	170180451	0.00012034284713465708	407460402	3495
ORDINAL	MP05	1	2948	model.layers.17.self_attn	DECODE	ATTENTION	6	27680	27680	0	170180451	0.00016265087933043496	407460402	3495
ORDINAL	MP05	1	2949	model.layers.17.mlp.gate_up_proj	DECODE	GATE_UP_PROJECTION	1	38720	38720	0	170180451	0.00022752319536396105	407460402	3495
ORDINAL	MP05	1	2950	model.layers.17.mlp.act_fn	DECODE	ACTIVATION	1	2400	2400	0	170180451	1.4102677398592628e-05	407460402	3495
ORDINAL	MP05	1	2951	model.layers.17.mlp.down_proj	DECODE	DOWN_PROJECTION	1	20544	20544	0	170180451	0.00012071891853195288	407460402	3495
ORDINAL	MP05	1	2952	model.layers.18.self_attn	DECODE	ATTENTION	6	27776	27776	0	170180451	0.00016321498642637866	407460402	3495
ORDINAL	MP05	1	2953	model.layers.18.mlp.gate_up_proj	DECODE	GATE_UP_PROJECTION	1	38624	38624	0	170180451	0.00022695908826801735	407460402	3495
ORDINAL	MP05	1	2954	model.layers.18.mlp.act_fn	DECODE	ACTIVATION	1	2368	2368	0	170180451	1.3914641699944725e-05	407460402	3495
ORDINAL	MP05	1	2955	model.layers.18.mlp.down_proj	DECODE	DOWN_PROJECTION	1	20352	20352	0	170180451	0.00011959070434006548	407460402	3495
ORDINAL	MP05	1	2956	model.layers.19.self_attn	DECODE	ATTENTION	6	27744	27744	0	170180451	0.00016302695072773076	407460402	3495
ORDINAL	MP05	1	2957	model.layers.19.mlp.gate_up_proj	DECODE	GATE_UP_PROJECTION	1	38720	38720	0	170180451	0.00022752319536396105	407460402	3495
ORDINAL	MP05	1	2958	model.layers.19.mlp.act_fn	DECODE	ACTIVATION	1	2400	2400	0	170180451	1.4102677398592628e-05	407460402	3495
ORDINAL	MP05	1	2959	model.layers.19.mlp.down_proj	DECODE	DOWN_PROJECTION	1	20512	20512	0	170180451	0.00012053088283330498	407460402	3495
ORDINAL	MP05	1	2960	model.layers.20.self_attn	DECODE	ATTENTION	6	27872	27872	0	170180451	0.00016377909352232236	407460402	3495
ORDINAL	MP05	1	2961	model.layers.20.mlp.gate_up_proj	DECODE	GATE_UP_PROJECTION	1	39488	39488	0	170180451	0.0002320360521315107	407460402	3495
ORDINAL	MP05	1	2962	model.layers.20.mlp.act_fn	DECODE	ACTIVATION	1	2400	2400	0	170180451	1.4102677398592628e-05	407460402	3495
ORDINAL	MP05	1	2963	model.layers.20.mlp.down_proj	DECODE	DOWN_PROJECTION	1	20768	20768	0	170180451	0.0001220351684224882	407460402	3495
ORDINAL	MP05	1	2964	model.layers.21.self_attn	DECODE	ATTENTION	6	27904	27904	0	170180451	0.00016396712922097027	407460402	3495
ORDINAL	MP05	1	2965	model.layers.21.mlp.gate_up_proj	DECODE	GATE_UP_PROJECTION	1	39392	39392	0	170180451	0.000231471945035567	407460402	3495
ORDINAL	MP05	1	2966	model.layers.21.mlp.act_fn	DECODE	ACTIVATION	1	2400	2400	0	170180451	1.4102677398592628e-05	407460402	3495
ORDINAL	MP05	1	2967	model.layers.21.mlp.down_proj	DECODE	DOWN_PROJECTION	1	20608	20608	0	170180451	0.00012109498992924868	407460402	3495
ORDINAL	MP05	1	2968	model.layers.22.self_attn	DECODE	ATTENTION	6	27744	27744	0	170180451	0.00016302695072773076	407460402	3495
ORDINAL	MP05	1	2969	model.layers.22.mlp.gate_up_proj	DECODE	GATE_UP_PROJECTION	1	38495	38495	0	170180451	0.000226201069357843	407460402	3495
ORDINAL	MP05	1	2970	model.layers.22.mlp.act_fn	DECODE	ACTIVATION	1	2400	2400	0	170180451	1.4102677398592628e-05	407460402	3495
ORDINAL	MP05	1	2971	model.layers.22.mlp.down_proj	DECODE	DOWN_PROJECTION	1	20320	20320	0	170180451	0.00011940266864141758	407460402	3495
ORDINAL	MP05	1	2972	model.layers.23.self_attn	DECODE	ATTENTION	6	27616	27616	0	170180451	0.00016227480793313916	407460402	3495
ORDINAL	MP05	1	2973	model.layers.23.mlp.gate_up_proj	DECODE	GATE_UP_PROJECTION	1	39168	39168	0	170180451	0.00023015569514503166	407460402	3495
ORDINAL	MP05	1	2974	model.layers.23.mlp.act_fn	DECODE	ACTIVATION	1	2400	2400	0	170180451	1.4102677398592628e-05	407460402	3495
ORDINAL	MP05	1	2975	model.layers.23.mlp.down_proj	DECODE	DOWN_PROJECTION	1	20448	20448	0	170180451	0.00012015481143600918	407460402	3495
ORDINAL	MP05	1	2976	model.layers.24.self_attn	DECODE	ATTENTION	6	27680	27680	0	170180451	0.00016265087933043496	407460402	3495
ORDINAL	MP05	1	2977	model.layers.24.mlp.gate_up_proj	DECODE	GATE_UP_PROJECTION	1	39136	39136	0	170180451	0.00022996765944638376	407460402	3495
ORDINAL	MP05	1	2978	model.layers.24.mlp.act_fn	DECODE	ACTIVATION	1	2400	2400	0	170180451	1.4102677398592628e-05	407460402	3495
ORDINAL	MP05	1	2979	model.layers.24.mlp.down_proj	DECODE	DOWN_PROJECTION	1	20448	20448	0	170180451	0.00012015481143600918	407460402	3495
ORDINAL	MP05	1	2980	model.layers.25.self_attn	DECODE	ATTENTION	6	27424	27424	0	170180451	0.00016114659374125175	407460402	3495
ORDINAL	MP05	1	2981	model.layers.25.mlp.gate_up_proj	DECODE	GATE_UP_PROJECTION	1	39136	39136	0	170180451	0.00022996765944638376	407460402	3495
ORDINAL	MP05	1	2982	model.layers.25.mlp.act_fn	DECODE	ACTIVATION	1	2400	2400	0	170180451	1.4102677398592628e-05	407460402	3495
ORDINAL	MP05	1	2983	model.layers.25.mlp.down_proj	DECODE	DOWN_PROJECTION	1	20544	20544	0	170180451	0.00012071891853195288	407460402	3495
ORDINAL	MP05	1	2984	model.layers.26.self_attn	DECODE	ATTENTION	6	27648	27648	0	170180451	0.00016246284363178706	407460402	3495
ORDINAL	MP05	1	2985	model.layers.26.mlp.gate_up_proj	DECODE	GATE_UP_PROJECTION	1	39232	39232	0	170180451	0.00023053176654232746	407460402	3495
ORDINAL	MP05	1	2986	model.layers.26.mlp.act_fn	DECODE	ACTIVATION	1	2432	2432	0	170180451	1.4290713097240528e-05	407460402	3495
ORDINAL	MP05	1	2987	model.layers.26.mlp.down_proj	DECODE	DOWN_PROJECTION	1	20480	20480	0	170180451	0.00012034284713465708	407460402	3495
ORDINAL	MP05	1	2988	model.layers.27.self_attn	DECODE	ATTENTION	6	27936	27936	0	170180451	0.00016415516491961817	407460402	3495
ORDINAL	MP05	1	2989	model.layers.27.mlp.gate_up_proj	DECODE	GATE_UP_PROJECTION	1	38976	38976	0	170180451	0.00022902748095314426	407460402	3495
ORDINAL	MP05	1	2990	model.layers.27.mlp.act_fn	DECODE	ACTIVATION	1	2368	2368	0	170180451	1.3914641699944725e-05	407460402	3495
ORDINAL	MP05	1	2991	model.layers.27.mlp.down_proj	DECODE	DOWN_PROJECTION	1	20608	20608	0	170180451	0.00012109498992924868	407460402	3495
ORDINAL	MP05	1	2992	model.layers.28.self_attn	DECODE	ATTENTION	6	27392	27392	0	170180451	0.00016095855804260385	407460402	3495
ORDINAL	MP05	1	2993	model.layers.28.mlp.gate_up_proj	DECODE	GATE_UP_PROJECTION	1	38848	38848	0	170180451	0.00022827533815855265	407460402	3495
ORDINAL	MP05	1	2994	model.layers.28.mlp.act_fn	DECODE	ACTIVATION	1	2400	2400	0	170180451	1.4102677398592628e-05	407460402	3495
ORDINAL	MP05	1	2995	model.layers.28.mlp.down_proj	DECODE	DOWN_PROJECTION	1	20576	20576	0	170180451	0.00012090695423060078	407460402	3495
ORDINAL	MP05	1	2996	model.layers.29.self_attn	DECODE	ATTENTION	6	27808	27808	0	170180451	0.00016340302212502656	407460402	3495
ORDINAL	MP05	1	2997	model.layers.29.mlp.gate_up_proj	DECODE	GATE_UP_PROJECTION	1	38688	38688	0	170180451	0.00022733515966531315	407460402	3495
ORDINAL	MP05	1	2998	model.layers.29.mlp.act_fn	DECODE	ACTIVATION	1	2400	2400	0	170180451	1.4102677398592628e-05	407460402	3495
ORDINAL	MP05	1	2999	model.layers.29.mlp.down_proj	DECODE	DOWN_PROJECTION	1	20672	20672	0	170180451	0.00012147106132654449	407460402	3495
ORDINAL	MP05	1	3000	model.layers.30.self_attn	DECODE	ATTENTION	6	27648	27648	0	170180451	0.00016246284363178706	407460402	3495
ORDINAL	MP05	1	3001	model.layers.30.mlp.gate_up_proj	DECODE	GATE_UP_PROJECTION	1	38912	38912	0	170180451	0.00022865140955584845	407460402	3495
ORDINAL	MP05	1	3002	model.layers.30.mlp.act_fn	DECODE	ACTIVATION	1	2400	2400	0	170180451	1.4102677398592628e-05	407460402	3495
ORDINAL	MP05	1	3003	model.layers.30.mlp.down_proj	DECODE	DOWN_PROJECTION	1	20640	20640	0	170180451	0.00012128302562789659	407460402	3495
ORDINAL	MP05	1	3004	model.layers.31.self_attn	DECODE	ATTENTION	6	27584	27584	0	170180451	0.00016208677223449126	407460402	3495
ORDINAL	MP05	1	3005	model.layers.31.mlp.gate_up_proj	DECODE	GATE_UP_PROJECTION	1	38752	38752	0	170180451	0.00022771123106260895	407460402	3495
ORDINAL	MP05	1	3006	model.layers.31.mlp.act_fn	DECODE	ACTIVATION	1	2368	2368	0	170180451	1.3914641699944725e-05	407460402	3495
ORDINAL	MP05	1	3007	model.layers.31.mlp.down_proj	DECODE	DOWN_PROJECTION	1	20736	20736	0	170180451	0.0001218471327238403	407460402	3495
ORDINAL	MP05	1	3008	model.layers.32.self_attn	DECODE	ATTENTION	6	27648	27648	0	170180451	0.00016246284363178706	407460402	3495
ORDINAL	MP05	1	3009	model.layers.32.mlp.gate_up_proj	DECODE	GATE_UP_PROJECTION	1	38880	38880	0	170180451	0.00022846337385720055	407460402	3495
ORDINAL	MP05	1	3010	model.layers.32.mlp.act_fn	DECODE	ACTIVATION	1	2400	2400	0	170180451	1.4102677398592628e-05	407460402	3495
ORDINAL	MP05	1	3011	model.layers.32.mlp.down_proj	DECODE	DOWN_PROJECTION	1	20480	20480	0	170180451	0.00012034284713465708	407460402	3495
ORDINAL	MP05	1	3012	model.layers.33.self_attn	DECODE	ATTENTION	6	27424	27424	0	170180451	0.00016114659374125175	407460402	3495
ORDINAL	MP05	1	3013	model.layers.33.mlp.gate_up_proj	DECODE	GATE_UP_PROJECTION	1	38336	38336	0	170180451	0.00022526676698018624	407460402	3495
ORDINAL	MP05	1	3014	model.layers.33.mlp.act_fn	DECODE	ACTIVATION	1	2368	2368	0	170180451	1.3914641699944725e-05	407460402	3495
ORDINAL	MP05	1	3015	model.layers.33.mlp.down_proj	DECODE	DOWN_PROJECTION	1	20575	20575	0	170180451	0.00012090107811501803	407460402	3495
ORDINAL	MP05	1	3016	model.layers.34.self_attn	DECODE	ATTENTION	6	27616	27616	0	170180451	0.00016227480793313916	407460402	3495
ORDINAL	MP05	1	3017	model.layers.34.mlp.gate_up_proj	DECODE	GATE_UP_PROJECTION	1	38976	38976	0	170180451	0.00022902748095314426	407460402	3495
ORDINAL	MP05	1	3018	model.layers.34.mlp.act_fn	DECODE	ACTIVATION	1	2400	2400	0	170180451	1.4102677398592628e-05	407460402	3495
ORDINAL	MP05	1	3019	model.layers.34.mlp.down_proj	DECODE	DOWN_PROJECTION	1	20384	20384	0	170180451	0.00011977874003871338	407460402	3495
ORDINAL	MP05	1	3020	model.layers.35.self_attn	DECODE	ATTENTION	6	27520	27520	0	170180451	0.00016171070083719546	407460402	3495
ORDINAL	MP05	1	3021	model.layers.35.mlp.gate_up_proj	DECODE	GATE_UP_PROJECTION	1	38912	38912	0	170180451	0.00022865140955584845	407460402	3495
ORDINAL	MP05	1	3022	model.layers.35.mlp.act_fn	DECODE	ACTIVATION	1	2368	2368	0	170180451	1.3914641699944725e-05	407460402	3495
ORDINAL	MP05	1	3023	model.layers.35.mlp.down_proj	DECODE	DOWN_PROJECTION	1	20672	20672	0	170180451	0.00012147106132654449	407460402	3495
ORDINAL	MP05	1	3024	model.layers.0.self_attn	DECODE	ATTENTION	6	28192	28192	0	170180451	0.0001656594505088014	407460402	3495
ORDINAL	MP05	1	3025	model.layers.0.mlp.gate_up_proj	DECODE	GATE_UP_PROJECTION	1	38976	38976	0	170180451	0.00022902748095314426	407460402	3495
ORDINAL	MP05	1	3026	model.layers.0.mlp.act_fn	DECODE	ACTIVATION	1	2368	2368	0	170180451	1.3914641699944725e-05	407460402	3495
ORDINAL	MP05	1	3027	model.layers.0.mlp.down_proj	DECODE	DOWN_PROJECTION	1	20512	20512	0	170180451	0.00012053088283330498	407460402	3495
ORDINAL	MP05	1	3028	model.layers.1.self_attn	DECODE	ATTENTION	6	27840	27840	0	170180451	0.00016359105782367446	407460402	3495
ORDINAL	MP05	1	3029	model.layers.1.mlp.gate_up_proj	DECODE	GATE_UP_PROJECTION	1	40160	40160	0	170180451	0.0002359848018031166	407460402	3495
ORDINAL	MP05	1	3030	model.layers.1.mlp.act_fn	DECODE	ACTIVATION	1	2368	2368	0	170180451	1.3914641699944725e-05	407460402	3495
ORDINAL	MP05	1	3031	model.layers.1.mlp.down_proj	DECODE	DOWN_PROJECTION	1	21088	21088	0	170180451	0.00012391552540896722	407460402	3495
ORDINAL	MP05	1	3032	model.layers.2.self_attn	DECODE	ATTENTION	6	27552	27552	0	170180451	0.00016189873653584336	407460402	3495
ORDINAL	MP05	1	3033	model.layers.2.mlp.gate_up_proj	DECODE	GATE_UP_PROJECTION	1	39328	39328	0	170180451	0.0002310958736382712	407460402	3495
ORDINAL	MP05	1	3034	model.layers.2.mlp.act_fn	DECODE	ACTIVATION	1	2368	2368	0	170180451	1.3914641699944725e-05	407460402	3495
ORDINAL	MP05	1	3035	model.layers.2.mlp.down_proj	DECODE	DOWN_PROJECTION	1	20768	20768	0	170180451	0.0001220351684224882	407460402	3495
ORDINAL	MP05	1	3036	model.layers.3.self_attn	DECODE	ATTENTION	6	27424	27424	0	170180451	0.00016114659374125175	407460402	3495
ORDINAL	MP05	1	3037	model.layers.3.mlp.gate_up_proj	DECODE	GATE_UP_PROJECTION	1	39711	39711	0	170180451	0.00023334642590646325	407460402	3495
ORDINAL	MP05	1	3038	model.layers.3.mlp.act_fn	DECODE	ACTIVATION	1	2368	2368	0	170180451	1.3914641699944725e-05	407460402	3495
ORDINAL	MP05	1	3039	model.layers.3.mlp.down_proj	DECODE	DOWN_PROJECTION	1	20448	20448	0	170180451	0.00012015481143600918	407460402	3495
ORDINAL	MP05	1	3040	model.layers.4.self_attn	DECODE	ATTENTION	6	27648	27648	0	170180451	0.00016246284363178706	407460402	3495
ORDINAL	MP05	1	3041	model.layers.4.mlp.gate_up_proj	DECODE	GATE_UP_PROJECTION	1	38816	38816	0	170180451	0.00022808730245990475	407460402	3495
ORDINAL	MP05	1	3042	model.layers.4.mlp.act_fn	DECODE	ACTIVATION	1	2368	2368	0	170180451	1.3914641699944725e-05	407460402	3495
ORDINAL	MP05	1	3043	model.layers.4.mlp.down_proj	DECODE	DOWN_PROJECTION	1	20672	20672	0	170180451	0.00012147106132654449	407460402	3495
ORDINAL	MP05	1	3044	model.layers.5.self_attn	DECODE	ATTENTION	6	27456	27456	0	170180451	0.00016133462943989965	407460402	3495
ORDINAL	MP05	1	3045	model.layers.5.mlp.gate_up_proj	DECODE	GATE_UP_PROJECTION	1	38656	38656	0	170180451	0.00022714712396666525	407460402	3495
ORDINAL	MP05	1	3046	model.layers.5.mlp.act_fn	DECODE	ACTIVATION	1	2368	2368	0	170180451	1.3914641699944725e-05	407460402	3495
ORDINAL	MP05	1	3047	model.layers.5.mlp.down_proj	DECODE	DOWN_PROJECTION	1	20448	20448	0	170180451	0.00012015481143600918	407460402	3495
ORDINAL	MP05	1	3048	model.layers.6.self_attn	DECODE	ATTENTION	6	27616	27616	0	170180451	0.00016227480793313916	407460402	3495
ORDINAL	MP05	1	3049	model.layers.6.mlp.gate_up_proj	DECODE	GATE_UP_PROJECTION	1	39360	39360	0	170180451	0.0002312839093369191	407460402	3495
ORDINAL	MP05	1	3050	model.layers.6.mlp.act_fn	DECODE	ACTIVATION	1	2400	2400	0	170180451	1.4102677398592628e-05	407460402	3495
ORDINAL	MP05	1	3051	model.layers.6.mlp.down_proj	DECODE	DOWN_PROJECTION	1	20512	20512	0	170180451	0.00012053088283330498	407460402	3495
ORDINAL	MP05	1	3052	model.layers.7.self_attn	DECODE	ATTENTION	6	27488	27488	0	170180451	0.00016152266513854755	407460402	3495
ORDINAL	MP05	1	3053	model.layers.7.mlp.gate_up_proj	DECODE	GATE_UP_PROJECTION	1	38560	38560	0	170180451	0.00022658301687072154	407460402	3495
ORDINAL	MP05	1	3054	model.layers.7.mlp.act_fn	DECODE	ACTIVATION	1	2368	2368	0	170180451	1.3914641699944725e-05	407460402	3495
ORDINAL	MP05	1	3055	model.layers.7.mlp.down_proj	DECODE	DOWN_PROJECTION	1	20352	20352	0	170180451	0.00011959070434006548	407460402	3495
ORDINAL	MP05	1	3056	model.layers.8.self_attn	DECODE	ATTENTION	6	27712	27712	0	170180451	0.00016283891502908286	407460402	3495
ORDINAL	MP05	1	3057	model.layers.8.mlp.gate_up_proj	DECODE	GATE_UP_PROJECTION	1	38976	38976	0	170180451	0.00022902748095314426	407460402	3495
ORDINAL	MP05	1	3058	model.layers.8.mlp.act_fn	DECODE	ACTIVATION	1	2400	2400	0	170180451	1.4102677398592628e-05	407460402	3495
ORDINAL	MP05	1	3059	model.layers.8.mlp.down_proj	DECODE	DOWN_PROJECTION	1	20480	20480	0	170180451	0.00012034284713465708	407460402	3495
ORDINAL	MP05	1	3060	model.layers.9.self_attn	DECODE	ATTENTION	6	27648	27648	0	170180451	0.00016246284363178706	407460402	3495
ORDINAL	MP05	1	3061	model.layers.9.mlp.gate_up_proj	DECODE	GATE_UP_PROJECTION	1	38656	38656	0	170180451	0.00022714712396666525	407460402	3495
ORDINAL	MP05	1	3062	model.layers.9.mlp.act_fn	DECODE	ACTIVATION	1	2368	2368	0	170180451	1.3914641699944725e-05	407460402	3495
ORDINAL	MP05	1	3063	model.layers.9.mlp.down_proj	DECODE	DOWN_PROJECTION	1	20672	20672	0	170180451	0.00012147106132654449	407460402	3495
ORDINAL	MP05	1	3064	model.layers.10.self_attn	DECODE	ATTENTION	6	27520	27520	0	170180451	0.00016171070083719546	407460402	3495
ORDINAL	MP05	1	3065	model.layers.10.mlp.gate_up_proj	DECODE	GATE_UP_PROJECTION	1	39936	39936	0	170180451	0.0002346685519125813	407460402	3495
ORDINAL	MP05	1	3066	model.layers.10.mlp.act_fn	DECODE	ACTIVATION	1	2400	2400	0	170180451	1.4102677398592628e-05	407460402	3495
ORDINAL	MP05	1	3067	model.layers.10.mlp.down_proj	DECODE	DOWN_PROJECTION	1	20320	20320	0	170180451	0.00011940266864141758	407460402	3495
ORDINAL	MP05	1	3068	model.layers.11.self_attn	DECODE	ATTENTION	6	27744	27744	0	170180451	0.00016302695072773076	407460402	3495
ORDINAL	MP05	1	3069	model.layers.11.mlp.gate_up_proj	DECODE	GATE_UP_PROJECTION	1	39328	39328	0	170180451	0.0002310958736382712	407460402	3495
ORDINAL	MP05	1	3070	model.layers.11.mlp.act_fn	DECODE	ACTIVATION	1	2368	2368	0	170180451	1.3914641699944725e-05	407460402	3495
ORDINAL	MP05	1	3071	model.layers.11.mlp.down_proj	DECODE	DOWN_PROJECTION	1	20352	20352	0	170180451	0.00011959070434006548	407460402	3495
ORDINAL	MP05	1	3072	model.layers.12.self_attn	DECODE	ATTENTION	6	27456	27456	0	170180451	0.00016133462943989965	407460402	3495
ORDINAL	MP05	1	3073	model.layers.12.mlp.gate_up_proj	DECODE	GATE_UP_PROJECTION	1	38976	38976	0	170180451	0.00022902748095314426	407460402	3495
ORDINAL	MP05	1	3074	model.layers.12.mlp.act_fn	DECODE	ACTIVATION	1	2400	2400	0	170180451	1.4102677398592628e-05	407460402	3495
ORDINAL	MP05	1	3075	model.layers.12.mlp.down_proj	DECODE	DOWN_PROJECTION	1	20448	20448	0	170180451	0.00012015481143600918	407460402	3495
ORDINAL	MP05	1	3076	model.layers.13.self_attn	DECODE	ATTENTION	6	27520	27520	0	170180451	0.00016171070083719546	407460402	3495
ORDINAL	MP05	1	3077	model.layers.13.mlp.gate_up_proj	DECODE	GATE_UP_PROJECTION	1	39072	39072	0	170180451	0.00022959158804908796	407460402	3495
ORDINAL	MP05	1	3078	model.layers.13.mlp.act_fn	DECODE	ACTIVATION	1	2368	2368	0	170180451	1.3914641699944725e-05	407460402	3495
ORDINAL	MP05	1	3079	model.layers.13.mlp.down_proj	DECODE	DOWN_PROJECTION	1	20896	20896	0	170180451	0.0001227873112170798	407460402	3495
ORDINAL	MP05	1	3080	model.layers.14.self_attn	DECODE	ATTENTION	6	27648	27648	0	170180451	0.00016246284363178706	407460402	3495
ORDINAL	MP05	1	3081	model.layers.14.mlp.gate_up_proj	DECODE	GATE_UP_PROJECTION	1	39712	39712	0	170180451	0.000233352302022046	407460402	3495
ORDINAL	MP05	1	3082	model.layers.14.mlp.act_fn	DECODE	ACTIVATION	1	2368	2368	0	170180451	1.3914641699944725e-05	407460402	3495
ORDINAL	MP05	1	3083	model.layers.14.mlp.down_proj	DECODE	DOWN_PROJECTION	1	20320	20320	0	170180451	0.00011940266864141758	407460402	3495
ORDINAL	MP05	1	3084	model.layers.15.self_attn	DECODE	ATTENTION	6	27616	27616	0	170180451	0.00016227480793313916	407460402	3495
ORDINAL	MP05	1	3085	model.layers.15.mlp.gate_up_proj	DECODE	GATE_UP_PROJECTION	1	38496	38496	0	170180451	0.00022620694547342574	407460402	3495
ORDINAL	MP05	1	3086	model.layers.15.mlp.act_fn	DECODE	ACTIVATION	1	2368	2368	0	170180451	1.3914641699944725e-05	407460402	3495
ORDINAL	MP05	1	3087	model.layers.15.mlp.down_proj	DECODE	DOWN_PROJECTION	1	20384	20384	0	170180451	0.00011977874003871338	407460402	3495
ORDINAL	MP05	1	3088	model.layers.16.self_attn	DECODE	ATTENTION	6	27648	27648	0	170180451	0.00016246284363178706	407460402	3495
ORDINAL	MP05	1	3089	model.layers.16.mlp.gate_up_proj	DECODE	GATE_UP_PROJECTION	1	38560	38560	0	170180451	0.00022658301687072154	407460402	3495
ORDINAL	MP05	1	3090	model.layers.16.mlp.act_fn	DECODE	ACTIVATION	1	2368	2368	0	170180451	1.3914641699944725e-05	407460402	3495
ORDINAL	MP05	1	3091	model.layers.16.mlp.down_proj	DECODE	DOWN_PROJECTION	1	20448	20448	0	170180451	0.00012015481143600918	407460402	3495
ORDINAL	MP05	1	3092	model.layers.17.self_attn	DECODE	ATTENTION	6	27296	27296	0	170180451	0.00016039445094666015	407460402	3495
ORDINAL	MP05	1	3093	model.layers.17.mlp.gate_up_proj	DECODE	GATE_UP_PROJECTION	1	39168	39168	0	170180451	0.00023015569514503166	407460402	3495
ORDINAL	MP05	1	3094	model.layers.17.mlp.act_fn	DECODE	ACTIVATION	1	2400	2400	0	170180451	1.4102677398592628e-05	407460402	3495
ORDINAL	MP05	1	3095	model.layers.17.mlp.down_proj	DECODE	DOWN_PROJECTION	1	20704	20704	0	170180451	0.0001216590970251924	407460402	3495
ORDINAL	MP05	1	3096	model.layers.18.self_attn	DECODE	ATTENTION	6	27743	27743	0	170180451	0.000163021074612148	407460402	3495
ORDINAL	MP05	1	3097	model.layers.18.mlp.gate_up_proj	DECODE	GATE_UP_PROJECTION	1	38912	38912	0	170180451	0.00022865140955584845	407460402	3495
ORDINAL	MP05	1	3098	model.layers.18.mlp.act_fn	DECODE	ACTIVATION	1	2368	2368	0	170180451	1.3914641699944725e-05	407460402	3495
ORDINAL	MP05	1	3099	model.layers.18.mlp.down_proj	DECODE	DOWN_PROJECTION	1	20448	20448	0	170180451	0.00012015481143600918	407460402	3495
ORDINAL	MP05	1	3100	model.layers.19.self_attn	DECODE	ATTENTION	6	27904	27904	0	170180451	0.00016396712922097027	407460402	3495
ORDINAL	MP05	1	3101	model.layers.19.mlp.gate_up_proj	DECODE	GATE_UP_PROJECTION	1	39072	39072	0	170180451	0.00022959158804908796	407460402	3495
ORDINAL	MP05	1	3102	model.layers.19.mlp.act_fn	DECODE	ACTIVATION	1	2400	2400	0	170180451	1.4102677398592628e-05	407460402	3495
ORDINAL	MP05	1	3103	model.layers.19.mlp.down_proj	DECODE	DOWN_PROJECTION	1	20576	20576	0	170180451	0.00012090695423060078	407460402	3495
ORDINAL	MP05	1	3104	model.layers.20.self_attn	DECODE	ATTENTION	6	27584	27584	0	170180451	0.00016208677223449126	407460402	3495
ORDINAL	MP05	1	3105	model.layers.20.mlp.gate_up_proj	DECODE	GATE_UP_PROJECTION	1	39008	39008	0	170180451	0.00022921551665179216	407460402	3495
ORDINAL	MP05	1	3106	model.layers.20.mlp.act_fn	DECODE	ACTIVATION	1	2400	2400	0	170180451	1.4102677398592628e-05	407460402	3495
ORDINAL	MP05	1	3107	model.layers.20.mlp.down_proj	DECODE	DOWN_PROJECTION	1	20479	20479	0	170180451	0.00012033697101907433	407460402	3495
ORDINAL	MP05	1	3108	model.layers.21.self_attn	DECODE	ATTENTION	6	27872	27872	0	170180451	0.00016377909352232236	407460402	3495
ORDINAL	MP05	1	3109	model.layers.21.mlp.gate_up_proj	DECODE	GATE_UP_PROJECTION	1	39104	39104	0	170180451	0.00022977962374773586	407460402	3495
ORDINAL	MP05	1	3110	model.layers.21.mlp.act_fn	DECODE	ACTIVATION	1	2368	2368	0	170180451	1.3914641699944725e-05	407460402	3495
ORDINAL	MP05	1	3111	model.layers.21.mlp.down_proj	DECODE	DOWN_PROJECTION	1	20640	20640	0	170180451	0.00012128302562789659	407460402	3495
ORDINAL	MP05	1	3112	model.layers.22.self_attn	DECODE	ATTENTION	6	27712	27712	0	170180451	0.00016283891502908286	407460402	3495
ORDINAL	MP05	1	3113	model.layers.22.mlp.gate_up_proj	DECODE	GATE_UP_PROJECTION	1	39072	39072	0	170180451	0.00022959158804908796	407460402	3495
ORDINAL	MP05	1	3114	model.layers.22.mlp.act_fn	DECODE	ACTIVATION	1	2368	2368	0	170180451	1.3914641699944725e-05	407460402	3495
ORDINAL	MP05	1	3115	model.layers.22.mlp.down_proj	DECODE	DOWN_PROJECTION	1	20416	20416	0	170180451	0.00011996677573736128	407460402	3495
ORDINAL	MP05	1	3116	model.layers.23.self_attn	DECODE	ATTENTION	6	27456	27456	0	170180451	0.00016133462943989965	407460402	3495
ORDINAL	MP05	1	3117	model.layers.23.mlp.gate_up_proj	DECODE	GATE_UP_PROJECTION	1	39072	39072	0	170180451	0.00022959158804908796	407460402	3495
ORDINAL	MP05	1	3118	model.layers.23.mlp.act_fn	DECODE	ACTIVATION	1	2400	2400	0	170180451	1.4102677398592628e-05	407460402	3495
ORDINAL	MP05	1	3119	model.layers.23.mlp.down_proj	DECODE	DOWN_PROJECTION	1	20512	20512	0	170180451	0.00012053088283330498	407460402	3495
ORDINAL	MP05	1	3120	model.layers.24.self_attn	DECODE	ATTENTION	6	27648	27648	0	170180451	0.00016246284363178706	407460402	3495
ORDINAL	MP05	1	3121	model.layers.24.mlp.gate_up_proj	DECODE	GATE_UP_PROJECTION	1	39360	39360	0	170180451	0.0002312839093369191	407460402	3495
ORDINAL	MP05	1	3122	model.layers.24.mlp.act_fn	DECODE	ACTIVATION	1	2368	2368	0	170180451	1.3914641699944725e-05	407460402	3495
ORDINAL	MP05	1	3123	model.layers.24.mlp.down_proj	DECODE	DOWN_PROJECTION	1	20512	20512	0	170180451	0.00012053088283330498	407460402	3495
ORDINAL	MP05	1	3124	model.layers.25.self_attn	DECODE	ATTENTION	6	27552	27552	0	170180451	0.00016189873653584336	407460402	3495
ORDINAL	MP05	1	3125	model.layers.25.mlp.gate_up_proj	DECODE	GATE_UP_PROJECTION	1	39072	39072	0	170180451	0.00022959158804908796	407460402	3495
ORDINAL	MP05	1	3126	model.layers.25.mlp.act_fn	DECODE	ACTIVATION	1	2400	2400	0	170180451	1.4102677398592628e-05	407460402	3495
ORDINAL	MP05	1	3127	model.layers.25.mlp.down_proj	DECODE	DOWN_PROJECTION	1	20416	20416	0	170180451	0.00011996677573736128	407460402	3495
ORDINAL	MP05	1	3128	model.layers.26.self_attn	DECODE	ATTENTION	6	27648	27648	0	170180451	0.00016246284363178706	407460402	3495
ORDINAL	MP05	1	3129	model.layers.26.mlp.gate_up_proj	DECODE	GATE_UP_PROJECTION	1	38560	38560	0	170180451	0.00022658301687072154	407460402	3495
ORDINAL	MP05	1	3130	model.layers.26.mlp.act_fn	DECODE	ACTIVATION	1	2400	2400	0	170180451	1.4102677398592628e-05	407460402	3495
ORDINAL	MP05	1	3131	model.layers.26.mlp.down_proj	DECODE	DOWN_PROJECTION	1	20640	20640	0	170180451	0.00012128302562789659	407460402	3495
ORDINAL	MP05	1	3132	model.layers.27.self_attn	DECODE	ATTENTION	6	27360	27360	0	170180451	0.00016077052234395595	407460402	3495
ORDINAL	MP05	1	3133	model.layers.27.mlp.gate_up_proj	DECODE	GATE_UP_PROJECTION	1	39104	39104	0	170180451	0.00022977962374773586	407460402	3495
ORDINAL	MP05	1	3134	model.layers.27.mlp.act_fn	DECODE	ACTIVATION	1	2368	2368	0	170180451	1.3914641699944725e-05	407460402	3495
ORDINAL	MP05	1	3135	model.layers.27.mlp.down_proj	DECODE	DOWN_PROJECTION	1	20512	20512	0	170180451	0.00012053088283330498	407460402	3495
ORDINAL	MP05	1	3136	model.layers.28.self_attn	DECODE	ATTENTION	6	27520	27520	0	170180451	0.00016171070083719546	407460402	3495
ORDINAL	MP05	1	3137	model.layers.28.mlp.gate_up_proj	DECODE	GATE_UP_PROJECTION	1	38976	38976	0	170180451	0.00022902748095314426	407460402	3495
ORDINAL	MP05	1	3138	model.layers.28.mlp.act_fn	DECODE	ACTIVATION	1	2368	2368	0	170180451	1.3914641699944725e-05	407460402	3495
ORDINAL	MP05	1	3139	model.layers.28.mlp.down_proj	DECODE	DOWN_PROJECTION	1	20672	20672	0	170180451	0.00012147106132654449	407460402	3495
ORDINAL	MP05	1	3140	model.layers.29.self_attn	DECODE	ATTENTION	6	27680	27680	0	170180451	0.00016265087933043496	407460402	3495
ORDINAL	MP05	1	3141	model.layers.29.mlp.gate_up_proj	DECODE	GATE_UP_PROJECTION	1	39168	39168	0	170180451	0.00023015569514503166	407460402	3495
ORDINAL	MP05	1	3142	model.layers.29.mlp.act_fn	DECODE	ACTIVATION	1	2400	2400	0	170180451	1.4102677398592628e-05	407460402	3495
ORDINAL	MP05	1	3143	model.layers.29.mlp.down_proj	DECODE	DOWN_PROJECTION	1	20448	20448	0	170180451	0.00012015481143600918	407460402	3495
ORDINAL	MP05	1	3144	model.layers.30.self_attn	DECODE	ATTENTION	6	27648	27648	0	170180451	0.00016246284363178706	407460402	3495
ORDINAL	MP05	1	3145	model.layers.30.mlp.gate_up_proj	DECODE	GATE_UP_PROJECTION	1	38816	38816	0	170180451	0.00022808730245990475	407460402	3495
ORDINAL	MP05	1	3146	model.layers.30.mlp.act_fn	DECODE	ACTIVATION	1	2368	2368	0	170180451	1.3914641699944725e-05	407460402	3495
ORDINAL	MP05	1	3147	model.layers.30.mlp.down_proj	DECODE	DOWN_PROJECTION	1	20384	20384	0	170180451	0.00011977874003871338	407460402	3495
ORDINAL	MP05	1	3148	model.layers.31.self_attn	DECODE	ATTENTION	6	27520	27520	0	170180451	0.00016171070083719546	407460402	3495
ORDINAL	MP05	1	3149	model.layers.31.mlp.gate_up_proj	DECODE	GATE_UP_PROJECTION	1	38592	38592	0	170180451	0.00022677105256936945	407460402	3495
ORDINAL	MP05	1	3150	model.layers.31.mlp.act_fn	DECODE	ACTIVATION	1	2400	2400	0	170180451	1.4102677398592628e-05	407460402	3495
ORDINAL	MP05	1	3151	model.layers.31.mlp.down_proj	DECODE	DOWN_PROJECTION	1	20416	20416	0	170180451	0.00011996677573736128	407460402	3495
ORDINAL	MP05	1	3152	model.layers.32.self_attn	DECODE	ATTENTION	6	27328	27328	0	170180451	0.00016058248664530805	407460402	3495
ORDINAL	MP05	1	3153	model.layers.32.mlp.gate_up_proj	DECODE	GATE_UP_PROJECTION	1	39232	39232	0	170180451	0.00023053176654232746	407460402	3495
ORDINAL	MP05	1	3154	model.layers.32.mlp.act_fn	DECODE	ACTIVATION	1	2368	2368	0	170180451	1.3914641699944725e-05	407460402	3495
ORDINAL	MP05	1	3155	model.layers.32.mlp.down_proj	DECODE	DOWN_PROJECTION	1	20512	20512	0	170180451	0.00012053088283330498	407460402	3495
ORDINAL	MP05	1	3156	model.layers.33.self_attn	DECODE	ATTENTION	6	27456	27456	0	170180451	0.00016133462943989965	407460402	3495
ORDINAL	MP05	1	3157	model.layers.33.mlp.gate_up_proj	DECODE	GATE_UP_PROJECTION	1	38560	38560	0	170180451	0.00022658301687072154	407460402	3495
ORDINAL	MP05	1	3158	model.layers.33.mlp.act_fn	DECODE	ACTIVATION	1	2400	2400	0	170180451	1.4102677398592628e-05	407460402	3495
ORDINAL	MP05	1	3159	model.layers.33.mlp.down_proj	DECODE	DOWN_PROJECTION	1	20544	20544	0	170180451	0.00012071891853195288	407460402	3495
ORDINAL	MP05	1	3160	model.layers.34.self_attn	DECODE	ATTENTION	6	27712	27712	0	170180451	0.00016283891502908286	407460402	3495
ORDINAL	MP05	1	3161	model.layers.34.mlp.gate_up_proj	DECODE	GATE_UP_PROJECTION	1	38528	38528	0	170180451	0.00022639498117207364	407460402	3495
ORDINAL	MP05	1	3162	model.layers.34.mlp.act_fn	DECODE	ACTIVATION	1	2368	2368	0	170180451	1.3914641699944725e-05	407460402	3495
ORDINAL	MP05	1	3163	model.layers.34.mlp.down_proj	DECODE	DOWN_PROJECTION	1	20640	20640	0	170180451	0.00012128302562789659	407460402	3495
ORDINAL	MP05	1	3164	model.layers.35.self_attn	DECODE	ATTENTION	6	27680	27680	0	170180451	0.00016265087933043496	407460402	3495
ORDINAL	MP05	1	3165	model.layers.35.mlp.gate_up_proj	DECODE	GATE_UP_PROJECTION	1	38784	38784	0	170180451	0.00022789926676125685	407460402	3495
ORDINAL	MP05	1	3166	model.layers.35.mlp.act_fn	DECODE	ACTIVATION	1	2368	2368	0	170180451	1.3914641699944725e-05	407460402	3495
ORDINAL	MP05	1	3167	model.layers.35.mlp.down_proj	DECODE	DOWN_PROJECTION	1	20704	20704	0	170180451	0.0001216590970251924	407460402	3495
ORDINAL	MP05	1	3168	model.layers.0.self_attn	DECODE	ATTENTION	6	27808	27808	0	170180451	0.00016340302212502656	407460402	3495
ORDINAL	MP05	1	3169	model.layers.0.mlp.gate_up_proj	DECODE	GATE_UP_PROJECTION	1	39136	39136	0	170180451	0.00022996765944638376	407460402	3495
ORDINAL	MP05	1	3170	model.layers.0.mlp.act_fn	DECODE	ACTIVATION	1	2368	2368	0	170180451	1.3914641699944725e-05	407460402	3495
ORDINAL	MP05	1	3171	model.layers.0.mlp.down_proj	DECODE	DOWN_PROJECTION	1	20640	20640	0	170180451	0.00012128302562789659	407460402	3495
ORDINAL	MP05	1	3172	model.layers.1.self_attn	DECODE	ATTENTION	6	27680	27680	0	170180451	0.00016265087933043496	407460402	3495
ORDINAL	MP05	1	3173	model.layers.1.mlp.gate_up_proj	DECODE	GATE_UP_PROJECTION	1	40096	40096	0	170180451	0.0002356087304058208	407460402	3495
ORDINAL	MP05	1	3174	model.layers.1.mlp.act_fn	DECODE	ACTIVATION	1	2400	2400	0	170180451	1.4102677398592628e-05	407460402	3495
ORDINAL	MP05	1	3175	model.layers.1.mlp.down_proj	DECODE	DOWN_PROJECTION	1	20960	20960	0	170180451	0.00012316338261437562	407460402	3495
ORDINAL	MP05	1	3176	model.layers.2.self_attn	DECODE	ATTENTION	6	27648	27648	0	170180451	0.00016246284363178706	407460402	3495
ORDINAL	MP05	1	3177	model.layers.2.mlp.gate_up_proj	DECODE	GATE_UP_PROJECTION	1	38688	38688	0	170180451	0.00022733515966531315	407460402	3495
ORDINAL	MP05	1	3178	model.layers.2.mlp.act_fn	DECODE	ACTIVATION	1	2400	2400	0	170180451	1.4102677398592628e-05	407460402	3495
ORDINAL	MP05	1	3179	model.layers.2.mlp.down_proj	DECODE	DOWN_PROJECTION	1	20384	20384	0	170180451	0.00011977874003871338	407460402	3495
ORDINAL	MP05	1	3180	model.layers.3.self_attn	DECODE	ATTENTION	6	27680	27680	0	170180451	0.00016265087933043496	407460402	3495
ORDINAL	MP05	1	3181	model.layers.3.mlp.gate_up_proj	DECODE	GATE_UP_PROJECTION	1	39072	39072	0	170180451	0.00022959158804908796	407460402	3495
ORDINAL	MP05	1	3182	model.layers.3.mlp.act_fn	DECODE	ACTIVATION	1	2368	2368	0	170180451	1.3914641699944725e-05	407460402	3495
ORDINAL	MP05	1	3183	model.layers.3.mlp.down_proj	DECODE	DOWN_PROJECTION	1	20640	20640	0	170180451	0.00012128302562789659	407460402	3495
ORDINAL	MP05	1	3184	model.layers.4.self_attn	DECODE	ATTENTION	6	27744	27744	0	170180451	0.00016302695072773076	407460402	3495
ORDINAL	MP05	1	3185	model.layers.4.mlp.gate_up_proj	DECODE	GATE_UP_PROJECTION	1	38528	38528	0	170180451	0.00022639498117207364	407460402	3495
ORDINAL	MP05	1	3186	model.layers.4.mlp.act_fn	DECODE	ACTIVATION	1	2400	2400	0	170180451	1.4102677398592628e-05	407460402	3495
ORDINAL	MP05	1	3187	model.layers.4.mlp.down_proj	DECODE	DOWN_PROJECTION	1	20576	20576	0	170180451	0.00012090695423060078	407460402	3495
ORDINAL	MP05	1	3188	model.layers.5.self_attn	DECODE	ATTENTION	6	27808	27808	0	170180451	0.00016340302212502656	407460402	3495
ORDINAL	MP05	1	3189	model.layers.5.mlp.gate_up_proj	DECODE	GATE_UP_PROJECTION	1	38880	38880	0	170180451	0.00022846337385720055	407460402	3495
ORDINAL	MP05	1	3190	model.layers.5.mlp.act_fn	DECODE	ACTIVATION	1	2400	2400	0	170180451	1.4102677398592628e-05	407460402	3495
ORDINAL	MP05	1	3191	model.layers.5.mlp.down_proj	DECODE	DOWN_PROJECTION	1	20576	20576	0	170180451	0.00012090695423060078	407460402	3495
ORDINAL	MP05	1	3192	model.layers.6.self_attn	DECODE	ATTENTION	6	27552	27552	0	170180451	0.00016189873653584336	407460402	3495
ORDINAL	MP05	1	3193	model.layers.6.mlp.gate_up_proj	DECODE	GATE_UP_PROJECTION	1	39616	39616	0	170180451	0.0002327881949261023	407460402	3495
ORDINAL	MP05	1	3194	model.layers.6.mlp.act_fn	DECODE	ACTIVATION	1	2400	2400	0	170180451	1.4102677398592628e-05	407460402	3495
ORDINAL	MP05	1	3195	model.layers.6.mlp.down_proj	DECODE	DOWN_PROJECTION	1	20768	20768	0	170180451	0.0001220351684224882	407460402	3495
ORDINAL	MP05	1	3196	model.layers.7.self_attn	DECODE	ATTENTION	6	27904	27904	0	170180451	0.00016396712922097027	407460402	3495
ORDINAL	MP05	1	3197	model.layers.7.mlp.gate_up_proj	DECODE	GATE_UP_PROJECTION	1	39072	39072	0	170180451	0.00022959158804908796	407460402	3495
ORDINAL	MP05	1	3198	model.layers.7.mlp.act_fn	DECODE	ACTIVATION	1	2368	2368	0	170180451	1.3914641699944725e-05	407460402	3495
ORDINAL	MP05	1	3199	model.layers.7.mlp.down_proj	DECODE	DOWN_PROJECTION	1	20576	20576	0	170180451	0.00012090695423060078	407460402	3495
ORDINAL	MP05	1	3200	model.layers.8.self_attn	DECODE	ATTENTION	6	27872	27872	0	170180451	0.00016377909352232236	407460402	3495
ORDINAL	MP05	1	3201	model.layers.8.mlp.gate_up_proj	DECODE	GATE_UP_PROJECTION	1	38912	38912	0	170180451	0.00022865140955584845	407460402	3495
ORDINAL	MP05	1	3202	model.layers.8.mlp.act_fn	DECODE	ACTIVATION	1	2368	2368	0	170180451	1.3914641699944725e-05	407460402	3495
ORDINAL	MP05	1	3203	model.layers.8.mlp.down_proj	DECODE	DOWN_PROJECTION	1	20448	20448	0	170180451	0.00012015481143600918	407460402	3495
ORDINAL	MP05	1	3204	model.layers.9.self_attn	DECODE	ATTENTION	6	27424	27424	0	170180451	0.00016114659374125175	407460402	3495
ORDINAL	MP05	1	3205	model.layers.9.mlp.gate_up_proj	DECODE	GATE_UP_PROJECTION	1	38720	38720	0	170180451	0.00022752319536396105	407460402	3495
ORDINAL	MP05	1	3206	model.layers.9.mlp.act_fn	DECODE	ACTIVATION	1	2400	2400	0	170180451	1.4102677398592628e-05	407460402	3495
ORDINAL	MP05	1	3207	model.layers.9.mlp.down_proj	DECODE	DOWN_PROJECTION	1	20576	20576	0	170180451	0.00012090695423060078	407460402	3495
ORDINAL	MP05	1	3208	model.layers.10.self_attn	DECODE	ATTENTION	6	27552	27552	0	170180451	0.00016189873653584336	407460402	3495
ORDINAL	MP05	1	3209	model.layers.10.mlp.gate_up_proj	DECODE	GATE_UP_PROJECTION	1	39872	39872	0	170180451	0.0002342924805152855	407460402	3495
ORDINAL	MP05	1	3210	model.layers.10.mlp.act_fn	DECODE	ACTIVATION	1	2368	2368	0	170180451	1.3914641699944725e-05	407460402	3495
ORDINAL	MP05	1	3211	model.layers.10.mlp.down_proj	DECODE	DOWN_PROJECTION	1	20480	20480	0	170180451	0.00012034284713465708	407460402	3495
ORDINAL	MP05	1	3212	model.layers.11.self_attn	DECODE	ATTENTION	6	27680	27680	0	170180451	0.00016265087933043496	407460402	3495
ORDINAL	MP05	1	3213	model.layers.11.mlp.gate_up_proj	DECODE	GATE_UP_PROJECTION	1	38944	38944	0	170180451	0.00022883944525449635	407460402	3495
ORDINAL	MP05	1	3214	model.layers.11.mlp.act_fn	DECODE	ACTIVATION	1	2400	2400	0	170180451	1.4102677398592628e-05	407460402	3495
ORDINAL	MP05	1	3215	model.layers.11.mlp.down_proj	DECODE	DOWN_PROJECTION	1	20480	20480	0	170180451	0.00012034284713465708	407460402	3495
ORDINAL	MP05	1	3216	model.layers.12.self_attn	DECODE	ATTENTION	6	27744	27744	0	170180451	0.00016302695072773076	407460402	3495
ORDINAL	MP05	1	3217	model.layers.12.mlp.gate_up_proj	DECODE	GATE_UP_PROJECTION	1	39232	39232	0	170180451	0.00023053176654232746	407460402	3495
ORDINAL	MP05	1	3218	model.layers.12.mlp.act_fn	DECODE	ACTIVATION	1	2400	2400	0	170180451	1.4102677398592628e-05	407460402	3495
ORDINAL	MP05	1	3219	model.layers.12.mlp.down_proj	DECODE	DOWN_PROJECTION	1	20416	20416	0	170180451	0.00011996677573736128	407460402	3495
ORDINAL	MP05	1	3220	model.layers.13.self_attn	DECODE	ATTENTION	6	27616	27616	0	170180451	0.00016227480793313916	407460402	3495
ORDINAL	MP05	1	3221	model.layers.13.mlp.gate_up_proj	DECODE	GATE_UP_PROJECTION	1	39072	39072	0	170180451	0.00022959158804908796	407460402	3495
ORDINAL	MP05	1	3222	model.layers.13.mlp.act_fn	DECODE	ACTIVATION	1	2400	2400	0	170180451	1.4102677398592628e-05	407460402	3495
ORDINAL	MP05	1	3223	model.layers.13.mlp.down_proj	DECODE	DOWN_PROJECTION	1	20480	20480	0	170180451	0.00012034284713465708	407460402	3495
ORDINAL	MP05	1	3224	model.layers.14.self_attn	DECODE	ATTENTION	6	27839	27839	0	170180451	0.00016358518170809172	407460402	3495
ORDINAL	MP05	1	3225	model.layers.14.mlp.gate_up_proj	DECODE	GATE_UP_PROJECTION	1	39232	39232	0	170180451	0.00023053176654232746	407460402	3495
ORDINAL	MP05	1	3226	model.layers.14.mlp.act_fn	DECODE	ACTIVATION	1	2400	2400	0	170180451	1.4102677398592628e-05	407460402	3495
ORDINAL	MP05	1	3227	model.layers.14.mlp.down_proj	DECODE	DOWN_PROJECTION	1	20736	20736	0	170180451	0.0001218471327238403	407460402	3495
ORDINAL	MP05	1	3228	model.layers.15.self_attn	DECODE	ATTENTION	6	27456	27456	0	170180451	0.00016133462943989965	407460402	3495
ORDINAL	MP05	1	3229	model.layers.15.mlp.gate_up_proj	DECODE	GATE_UP_PROJECTION	1	39296	39296	0	170180451	0.00023090783793962326	407460402	3495
ORDINAL	MP05	1	3230	model.layers.15.mlp.act_fn	DECODE	ACTIVATION	1	2432	2432	0	170180451	1.4290713097240528e-05	407460402	3495
ORDINAL	MP05	1	3231	model.layers.15.mlp.down_proj	DECODE	DOWN_PROJECTION	1	20640	20640	0	170180451	0.00012128302562789659	407460402	3495
ORDINAL	MP05	1	3232	model.layers.16.self_attn	DECODE	ATTENTION	6	27648	27648	0	170180451	0.00016246284363178706	407460402	3495
ORDINAL	MP05	1	3233	model.layers.16.mlp.gate_up_proj	DECODE	GATE_UP_PROJECTION	1	38880	38880	0	170180451	0.00022846337385720055	407460402	3495
ORDINAL	MP05	1	3234	model.layers.16.mlp.act_fn	DECODE	ACTIVATION	1	2400	2400	0	170180451	1.4102677398592628e-05	407460402	3495
ORDINAL	MP05	1	3235	model.layers.16.mlp.down_proj	DECODE	DOWN_PROJECTION	1	20416	20416	0	170180451	0.00011996677573736128	407460402	3495
ORDINAL	MP05	1	3236	model.layers.17.self_attn	DECODE	ATTENTION	6	27776	27776	0	170180451	0.00016321498642637866	407460402	3495
ORDINAL	MP05	1	3237	model.layers.17.mlp.gate_up_proj	DECODE	GATE_UP_PROJECTION	1	38848	38848	0	170180451	0.00022827533815855265	407460402	3495
ORDINAL	MP05	1	3238	model.layers.17.mlp.act_fn	DECODE	ACTIVATION	1	2368	2368	0	170180451	1.3914641699944725e-05	407460402	3495
ORDINAL	MP05	1	3239	model.layers.17.mlp.down_proj	DECODE	DOWN_PROJECTION	1	20544	20544	0	170180451	0.00012071891853195288	407460402	3495
ORDINAL	MP05	1	3240	model.layers.18.self_attn	DECODE	ATTENTION	6	27616	27616	0	170180451	0.00016227480793313916	407460402	3495
ORDINAL	MP05	1	3241	model.layers.18.mlp.gate_up_proj	DECODE	GATE_UP_PROJECTION	1	38432	38432	0	170180451	0.00022583087407612994	407460402	3495
ORDINAL	MP05	1	3242	model.layers.18.mlp.act_fn	DECODE	ACTIVATION	1	2400	2400	0	170180451	1.4102677398592628e-05	407460402	3495
ORDINAL	MP05	1	3243	model.layers.18.mlp.down_proj	DECODE	DOWN_PROJECTION	1	20608	20608	0	170180451	0.00012109498992924868	407460402	3495
ORDINAL	MP05	1	3244	model.layers.19.self_attn	DECODE	ATTENTION	6	27680	27680	0	170180451	0.00016265087933043496	407460402	3495
ORDINAL	MP05	1	3245	model.layers.19.mlp.gate_up_proj	DECODE	GATE_UP_PROJECTION	1	38784	38784	0	170180451	0.00022789926676125685	407460402	3495
ORDINAL	MP05	1	3246	model.layers.19.mlp.act_fn	DECODE	ACTIVATION	1	2400	2400	0	170180451	1.4102677398592628e-05	407460402	3495
ORDINAL	MP05	1	3247	model.layers.19.mlp.down_proj	DECODE	DOWN_PROJECTION	1	20448	20448	0	170180451	0.00012015481143600918	407460402	3495
ORDINAL	MP05	1	3248	model.layers.20.self_attn	DECODE	ATTENTION	6	27904	27904	0	170180451	0.00016396712922097027	407460402	3495
ORDINAL	MP05	1	3249	model.layers.20.mlp.gate_up_proj	DECODE	GATE_UP_PROJECTION	1	39296	39296	0	170180451	0.00023090783793962326	407460402	3495
ORDINAL	MP05	1	3250	model.layers.20.mlp.act_fn	DECODE	ACTIVATION	1	2400	2400	0	170180451	1.4102677398592628e-05	407460402	3495
ORDINAL	MP05	1	3251	model.layers.20.mlp.down_proj	DECODE	DOWN_PROJECTION	1	20448	20448	0	170180451	0.00012015481143600918	407460402	3495
ORDINAL	MP05	1	3252	model.layers.21.self_attn	DECODE	ATTENTION	6	27808	27808	0	170180451	0.00016340302212502656	407460402	3495
ORDINAL	MP05	1	3253	model.layers.21.mlp.gate_up_proj	DECODE	GATE_UP_PROJECTION	1	38688	38688	0	170180451	0.00022733515966531315	407460402	3495
ORDINAL	MP05	1	3254	model.layers.21.mlp.act_fn	DECODE	ACTIVATION	1	2400	2400	0	170180451	1.4102677398592628e-05	407460402	3495
ORDINAL	MP05	1	3255	model.layers.21.mlp.down_proj	DECODE	DOWN_PROJECTION	1	20768	20768	0	170180451	0.0001220351684224882	407460402	3495
ORDINAL	MP05	1	3256	model.layers.22.self_attn	DECODE	ATTENTION	6	27584	27584	0	170180451	0.00016208677223449126	407460402	3495
ORDINAL	MP05	1	3257	model.layers.22.mlp.gate_up_proj	DECODE	GATE_UP_PROJECTION	1	39104	39104	0	170180451	0.00022977962374773586	407460402	3495
ORDINAL	MP05	1	3258	model.layers.22.mlp.act_fn	DECODE	ACTIVATION	1	2368	2368	0	170180451	1.3914641699944725e-05	407460402	3495
ORDINAL	MP05	1	3259	model.layers.22.mlp.down_proj	DECODE	DOWN_PROJECTION	1	20832	20832	0	170180451	0.000122411239819784	407460402	3495
ORDINAL	MP05	1	3260	model.layers.23.self_attn	DECODE	ATTENTION	6	27712	27712	0	170180451	0.00016283891502908286	407460402	3495
ORDINAL	MP05	1	3261	model.layers.23.mlp.gate_up_proj	DECODE	GATE_UP_PROJECTION	1	38752	38752	0	170180451	0.00022771123106260895	407460402	3495
ORDINAL	MP05	1	3262	model.layers.23.mlp.act_fn	DECODE	ACTIVATION	1	2368	2368	0	170180451	1.3914641699944725e-05	407460402	3495
ORDINAL	MP05	1	3263	model.layers.23.mlp.down_proj	DECODE	DOWN_PROJECTION	1	20672	20672	0	170180451	0.00012147106132654449	407460402	3495
ORDINAL	MP05	1	3264	model.layers.24.self_attn	DECODE	ATTENTION	6	27584	27584	0	170180451	0.00016208677223449126	407460402	3495
ORDINAL	MP05	1	3265	model.layers.24.mlp.gate_up_proj	DECODE	GATE_UP_PROJECTION	1	39264	39264	0	170180451	0.00023071980224097536	407460402	3495
ORDINAL	MP05	1	3266	model.layers.24.mlp.act_fn	DECODE	ACTIVATION	1	2400	2400	0	170180451	1.4102677398592628e-05	407460402	3495
ORDINAL	MP05	1	3267	model.layers.24.mlp.down_proj	DECODE	DOWN_PROJECTION	1	20544	20544	0	170180451	0.00012071891853195288	407460402	3495
ORDINAL	MP05	1	3268	model.layers.25.self_attn	DECODE	ATTENTION	6	27840	27840	0	170180451	0.00016359105782367446	407460402	3495
ORDINAL	MP05	1	3269	model.layers.25.mlp.gate_up_proj	DECODE	GATE_UP_PROJECTION	1	38944	38944	0	170180451	0.00022883944525449635	407460402	3495
ORDINAL	MP05	1	3270	model.layers.25.mlp.act_fn	DECODE	ACTIVATION	1	2400	2400	0	170180451	1.4102677398592628e-05	407460402	3495
ORDINAL	MP05	1	3271	model.layers.25.mlp.down_proj	DECODE	DOWN_PROJECTION	1	20544	20544	0	170180451	0.00012071891853195288	407460402	3495
ORDINAL	MP05	1	3272	model.layers.26.self_attn	DECODE	ATTENTION	6	27424	27424	0	170180451	0.00016114659374125175	407460402	3495
ORDINAL	MP05	1	3273	model.layers.26.mlp.gate_up_proj	DECODE	GATE_UP_PROJECTION	1	38944	38944	0	170180451	0.00022883944525449635	407460402	3495
ORDINAL	MP05	1	3274	model.layers.26.mlp.act_fn	DECODE	ACTIVATION	1	2400	2400	0	170180451	1.4102677398592628e-05	407460402	3495
ORDINAL	MP05	1	3275	model.layers.26.mlp.down_proj	DECODE	DOWN_PROJECTION	1	20512	20512	0	170180451	0.00012053088283330498	407460402	3495
ORDINAL	MP05	1	3276	model.layers.27.self_attn	DECODE	ATTENTION	6	27808	27808	0	170180451	0.00016340302212502656	407460402	3495
ORDINAL	MP05	1	3277	model.layers.27.mlp.gate_up_proj	DECODE	GATE_UP_PROJECTION	1	38656	38656	0	170180451	0.00022714712396666525	407460402	3495
ORDINAL	MP05	1	3278	model.layers.27.mlp.act_fn	DECODE	ACTIVATION	1	2400	2400	0	170180451	1.4102677398592628e-05	407460402	3495
ORDINAL	MP05	1	3279	model.layers.27.mlp.down_proj	DECODE	DOWN_PROJECTION	1	20608	20608	0	170180451	0.00012109498992924868	407460402	3495
ORDINAL	MP05	1	3280	model.layers.28.self_attn	DECODE	ATTENTION	6	27488	27488	0	170180451	0.00016152266513854755	407460402	3495
ORDINAL	MP05	1	3281	model.layers.28.mlp.gate_up_proj	DECODE	GATE_UP_PROJECTION	1	39296	39296	0	170180451	0.00023090783793962326	407460402	3495
ORDINAL	MP05	1	3282	model.layers.28.mlp.act_fn	DECODE	ACTIVATION	1	2400	2400	0	170180451	1.4102677398592628e-05	407460402	3495
ORDINAL	MP05	1	3283	model.layers.28.mlp.down_proj	DECODE	DOWN_PROJECTION	1	20512	20512	0	170180451	0.00012053088283330498	407460402	3495
ORDINAL	MP05	1	3284	model.layers.29.self_attn	DECODE	ATTENTION	6	27776	27776	0	170180451	0.00016321498642637866	407460402	3495
ORDINAL	MP05	1	3285	model.layers.29.mlp.gate_up_proj	DECODE	GATE_UP_PROJECTION	1	39168	39168	0	170180451	0.00023015569514503166	407460402	3495
ORDINAL	MP05	1	3286	model.layers.29.mlp.act_fn	DECODE	ACTIVATION	1	2368	2368	0	170180451	1.3914641699944725e-05	407460402	3495
ORDINAL	MP05	1	3287	model.layers.29.mlp.down_proj	DECODE	DOWN_PROJECTION	1	20448	20448	0	170180451	0.00012015481143600918	407460402	3495
ORDINAL	MP05	1	3288	model.layers.30.self_attn	DECODE	ATTENTION	6	27872	27872	0	170180451	0.00016377909352232236	407460402	3495
ORDINAL	MP05	1	3289	model.layers.30.mlp.gate_up_proj	DECODE	GATE_UP_PROJECTION	1	38720	38720	0	170180451	0.00022752319536396105	407460402	3495
ORDINAL	MP05	1	3290	model.layers.30.mlp.act_fn	DECODE	ACTIVATION	1	2400	2400	0	170180451	1.4102677398592628e-05	407460402	3495
ORDINAL	MP05	1	3291	model.layers.30.mlp.down_proj	DECODE	DOWN_PROJECTION	1	20512	20512	0	170180451	0.00012053088283330498	407460402	3495
ORDINAL	MP05	1	3292	model.layers.31.self_attn	DECODE	ATTENTION	6	27744	27744	0	170180451	0.00016302695072773076	407460402	3495
ORDINAL	MP05	1	3293	model.layers.31.mlp.gate_up_proj	DECODE	GATE_UP_PROJECTION	1	38560	38560	0	170180451	0.00022658301687072154	407460402	3495
ORDINAL	MP05	1	3294	model.layers.31.mlp.act_fn	DECODE	ACTIVATION	1	2400	2400	0	170180451	1.4102677398592628e-05	407460402	3495
ORDINAL	MP05	1	3295	model.layers.31.mlp.down_proj	DECODE	DOWN_PROJECTION	1	20512	20512	0	170180451	0.00012053088283330498	407460402	3495
ORDINAL	MP05	1	3296	model.layers.32.self_attn	DECODE	ATTENTION	6	27616	27616	0	170180451	0.00016227480793313916	407460402	3495
ORDINAL	MP05	1	3297	model.layers.32.mlp.gate_up_proj	DECODE	GATE_UP_PROJECTION	1	39008	39008	0	170180451	0.00022921551665179216	407460402	3495
ORDINAL	MP05	1	3298	model.layers.32.mlp.act_fn	DECODE	ACTIVATION	1	2400	2400	0	170180451	1.4102677398592628e-05	407460402	3495
ORDINAL	MP05	1	3299	model.layers.32.mlp.down_proj	DECODE	DOWN_PROJECTION	1	20480	20480	0	170180451	0.00012034284713465708	407460402	3495
ORDINAL	MP05	1	3300	model.layers.33.self_attn	DECODE	ATTENTION	6	27840	27840	0	170180451	0.00016359105782367446	407460402	3495
ORDINAL	MP05	1	3301	model.layers.33.mlp.gate_up_proj	DECODE	GATE_UP_PROJECTION	1	38400	38400	0	170180451	0.00022564283837748204	407460402	3495
ORDINAL	MP05	1	3302	model.layers.33.mlp.act_fn	DECODE	ACTIVATION	1	2400	2400	0	170180451	1.4102677398592628e-05	407460402	3495
ORDINAL	MP05	1	3303	model.layers.33.mlp.down_proj	DECODE	DOWN_PROJECTION	1	20448	20448	0	170180451	0.00012015481143600918	407460402	3495
ORDINAL	MP05	1	3304	model.layers.34.self_attn	DECODE	ATTENTION	6	27648	27648	0	170180451	0.00016246284363178706	407460402	3495
ORDINAL	MP05	1	3305	model.layers.34.mlp.gate_up_proj	DECODE	GATE_UP_PROJECTION	1	38880	38880	0	170180451	0.00022846337385720055	407460402	3495
ORDINAL	MP05	1	3306	model.layers.34.mlp.act_fn	DECODE	ACTIVATION	1	2400	2400	0	170180451	1.4102677398592628e-05	407460402	3495
ORDINAL	MP05	1	3307	model.layers.34.mlp.down_proj	DECODE	DOWN_PROJECTION	1	20608	20608	0	170180451	0.00012109498992924868	407460402	3495
ORDINAL	MP05	1	3308	model.layers.35.self_attn	DECODE	ATTENTION	6	27584	27584	0	170180451	0.00016208677223449126	407460402	3495
ORDINAL	MP05	1	3309	model.layers.35.mlp.gate_up_proj	DECODE	GATE_UP_PROJECTION	1	38912	38912	0	170180451	0.00022865140955584845	407460402	3495
ORDINAL	MP05	1	3310	model.layers.35.mlp.act_fn	DECODE	ACTIVATION	1	2400	2400	0	170180451	1.4102677398592628e-05	407460402	3495
ORDINAL	MP05	1	3311	model.layers.35.mlp.down_proj	DECODE	DOWN_PROJECTION	1	20512	20512	0	170180451	0.00012053088283330498	407460402	3495
ORDINAL	MP05	1	3312	model.layers.0.self_attn	DECODE	ATTENTION	6	28192	28192	0	170180451	0.0001656594505088014	407460402	3495
ORDINAL	MP05	1	3313	model.layers.0.mlp.gate_up_proj	DECODE	GATE_UP_PROJECTION	1	38688	38688	0	170180451	0.00022733515966531315	407460402	3495
ORDINAL	MP05	1	3314	model.layers.0.mlp.act_fn	DECODE	ACTIVATION	1	2400	2400	0	170180451	1.4102677398592628e-05	407460402	3495
ORDINAL	MP05	1	3315	model.layers.0.mlp.down_proj	DECODE	DOWN_PROJECTION	1	20608	20608	0	170180451	0.00012109498992924868	407460402	3495
ORDINAL	MP05	1	3316	model.layers.1.self_attn	DECODE	ATTENTION	6	27232	27232	0	170180451	0.00016001837954936435	407460402	3495
ORDINAL	MP05	1	3317	model.layers.1.mlp.gate_up_proj	DECODE	GATE_UP_PROJECTION	1	39840	39840	0	170180451	0.0002341044448166376	407460402	3495
ORDINAL	MP05	1	3318	model.layers.1.mlp.act_fn	DECODE	ACTIVATION	1	2368	2368	0	170180451	1.3914641699944725e-05	407460402	3495
ORDINAL	MP05	1	3319	model.layers.1.mlp.down_proj	DECODE	DOWN_PROJECTION	1	20992	20992	0	170180451	0.00012335141831302352	407460402	3495
ORDINAL	MP05	1	3320	model.layers.2.self_attn	DECODE	ATTENTION	6	27648	27648	0	170180451	0.00016246284363178706	407460402	3495
ORDINAL	MP05	1	3321	model.layers.2.mlp.gate_up_proj	DECODE	GATE_UP_PROJECTION	1	38880	38880	0	170180451	0.00022846337385720055	407460402	3495
ORDINAL	MP05	1	3322	model.layers.2.mlp.act_fn	DECODE	ACTIVATION	1	2368	2368	0	170180451	1.3914641699944725e-05	407460402	3495
ORDINAL	MP05	1	3323	model.layers.2.mlp.down_proj	DECODE	DOWN_PROJECTION	1	20544	20544	0	170180451	0.00012071891853195288	407460402	3495
ORDINAL	MP05	1	3324	model.layers.3.self_attn	DECODE	ATTENTION	6	27680	27680	0	170180451	0.00016265087933043496	407460402	3495
ORDINAL	MP05	1	3325	model.layers.3.mlp.gate_up_proj	DECODE	GATE_UP_PROJECTION	1	39776	39776	0	170180451	0.0002337283734193418	407460402	3495
ORDINAL	MP05	1	3326	model.layers.3.mlp.act_fn	DECODE	ACTIVATION	1	2400	2400	0	170180451	1.4102677398592628e-05	407460402	3495
ORDINAL	MP05	1	3327	model.layers.3.mlp.down_proj	DECODE	DOWN_PROJECTION	1	20640	20640	0	170180451	0.00012128302562789659	407460402	3495
ORDINAL	MP05	1	3328	model.layers.4.self_attn	DECODE	ATTENTION	6	27456	27456	0	170180451	0.00016133462943989965	407460402	3495
ORDINAL	MP05	1	3329	model.layers.4.mlp.gate_up_proj	DECODE	GATE_UP_PROJECTION	1	38784	38784	0	170180451	0.00022789926676125685	407460402	3495
ORDINAL	MP05	1	3330	model.layers.4.mlp.act_fn	DECODE	ACTIVATION	1	2368	2368	0	170180451	1.3914641699944725e-05	407460402	3495
ORDINAL	MP05	1	3331	model.layers.4.mlp.down_proj	DECODE	DOWN_PROJECTION	1	20416	20416	0	170180451	0.00011996677573736128	407460402	3495
ORDINAL	MP05	1	3332	model.layers.5.self_attn	DECODE	ATTENTION	6	27360	27360	0	170180451	0.00016077052234395595	407460402	3495
ORDINAL	MP05	1	3333	model.layers.5.mlp.gate_up_proj	DECODE	GATE_UP_PROJECTION	1	38944	38944	0	170180451	0.00022883944525449635	407460402	3495
ORDINAL	MP05	1	3334	model.layers.5.mlp.act_fn	DECODE	ACTIVATION	1	2368	2368	0	170180451	1.3914641699944725e-05	407460402	3495
ORDINAL	MP05	1	3335	model.layers.5.mlp.down_proj	DECODE	DOWN_PROJECTION	1	20544	20544	0	170180451	0.00012071891853195288	407460402	3495
ORDINAL	MP05	1	3336	model.layers.6.self_attn	DECODE	ATTENTION	6	27584	27584	0	170180451	0.00016208677223449126	407460402	3495
ORDINAL	MP05	1	3337	model.layers.6.mlp.gate_up_proj	DECODE	GATE_UP_PROJECTION	1	39616	39616	0	170180451	0.0002327881949261023	407460402	3495
ORDINAL	MP05	1	3338	model.layers.6.mlp.act_fn	DECODE	ACTIVATION	1	2368	2368	0	170180451	1.3914641699944725e-05	407460402	3495
ORDINAL	MP05	1	3339	model.layers.6.mlp.down_proj	DECODE	DOWN_PROJECTION	1	20736	20736	0	170180451	0.0001218471327238403	407460402	3495
ORDINAL	MP05	1	3340	model.layers.7.self_attn	DECODE	ATTENTION	6	27424	27424	0	170180451	0.00016114659374125175	407460402	3495
ORDINAL	MP05	1	3341	model.layers.7.mlp.gate_up_proj	DECODE	GATE_UP_PROJECTION	1	38624	38624	0	170180451	0.00022695908826801735	407460402	3495
ORDINAL	MP05	1	3342	model.layers.7.mlp.act_fn	DECODE	ACTIVATION	1	2400	2400	0	170180451	1.4102677398592628e-05	407460402	3495
ORDINAL	MP05	1	3343	model.layers.7.mlp.down_proj	DECODE	DOWN_PROJECTION	1	20416	20416	0	170180451	0.00011996677573736128	407460402	3495
ORDINAL	MP05	1	3344	model.layers.8.self_attn	DECODE	ATTENTION	6	27456	27456	0	170180451	0.00016133462943989965	407460402	3495
ORDINAL	MP05	1	3345	model.layers.8.mlp.gate_up_proj	DECODE	GATE_UP_PROJECTION	1	38976	38976	0	170180451	0.00022902748095314426	407460402	3495
ORDINAL	MP05	1	3346	model.layers.8.mlp.act_fn	DECODE	ACTIVATION	1	2368	2368	0	170180451	1.3914641699944725e-05	407460402	3495
ORDINAL	MP05	1	3347	model.layers.8.mlp.down_proj	DECODE	DOWN_PROJECTION	1	20543	20543	0	170180451	0.00012071304241637013	407460402	3495
ORDINAL	MP05	1	3348	model.layers.9.self_attn	DECODE	ATTENTION	6	27456	27456	0	170180451	0.00016133462943989965	407460402	3495
ORDINAL	MP05	1	3349	model.layers.9.mlp.gate_up_proj	DECODE	GATE_UP_PROJECTION	1	38912	38912	0	170180451	0.00022865140955584845	407460402	3495
ORDINAL	MP05	1	3350	model.layers.9.mlp.act_fn	DECODE	ACTIVATION	1	2400	2400	0	170180451	1.4102677398592628e-05	407460402	3495
ORDINAL	MP05	1	3351	model.layers.9.mlp.down_proj	DECODE	DOWN_PROJECTION	1	20576	20576	0	170180451	0.00012090695423060078	407460402	3495
ORDINAL	MP05	1	3352	model.layers.10.self_attn	DECODE	ATTENTION	6	27520	27520	0	170180451	0.00016171070083719546	407460402	3495
ORDINAL	MP05	1	3353	model.layers.10.mlp.gate_up_proj	DECODE	GATE_UP_PROJECTION	1	39872	39872	0	170180451	0.0002342924805152855	407460402	3495
ORDINAL	MP05	1	3354	model.layers.10.mlp.act_fn	DECODE	ACTIVATION	1	2400	2400	0	170180451	1.4102677398592628e-05	407460402	3495
ORDINAL	MP05	1	3355	model.layers.10.mlp.down_proj	DECODE	DOWN_PROJECTION	1	20576	20576	0	170180451	0.00012090695423060078	407460402	3495
ORDINAL	MP05	1	3356	model.layers.11.self_attn	DECODE	ATTENTION	6	27712	27712	0	170180451	0.00016283891502908286	407460402	3495
ORDINAL	MP05	1	3357	model.layers.11.mlp.gate_up_proj	DECODE	GATE_UP_PROJECTION	1	39359	39359	0	170180451	0.00023127803322133634	407460402	3495
ORDINAL	MP05	1	3358	model.layers.11.mlp.act_fn	DECODE	ACTIVATION	1	2400	2400	0	170180451	1.4102677398592628e-05	407460402	3495
ORDINAL	MP05	1	3359	model.layers.11.mlp.down_proj	DECODE	DOWN_PROJECTION	1	20704	20704	0	170180451	0.0001216590970251924	407460402	3495
ORDINAL	MP05	1	3360	model.layers.12.self_attn	DECODE	ATTENTION	6	27840	27840	0	170180451	0.00016359105782367446	407460402	3495
ORDINAL	MP05	1	3361	model.layers.12.mlp.gate_up_proj	DECODE	GATE_UP_PROJECTION	1	39232	39232	0	170180451	0.00023053176654232746	407460402	3495
ORDINAL	MP05	1	3362	model.layers.12.mlp.act_fn	DECODE	ACTIVATION	1	2400	2400	0	170180451	1.4102677398592628e-05	407460402	3495
ORDINAL	MP05	1	3363	model.layers.12.mlp.down_proj	DECODE	DOWN_PROJECTION	1	20416	20416	0	170180451	0.00011996677573736128	407460402	3495
ORDINAL	MP05	1	3364	model.layers.13.self_attn	DECODE	ATTENTION	6	27584	27584	0	170180451	0.00016208677223449126	407460402	3495
ORDINAL	MP05	1	3365	model.layers.13.mlp.gate_up_proj	DECODE	GATE_UP_PROJECTION	1	38880	38880	0	170180451	0.00022846337385720055	407460402	3495
ORDINAL	MP05	1	3366	model.layers.13.mlp.act_fn	DECODE	ACTIVATION	1	2400	2400	0	170180451	1.4102677398592628e-05	407460402	3495
ORDINAL	MP05	1	3367	model.layers.13.mlp.down_proj	DECODE	DOWN_PROJECTION	1	20480	20480	0	170180451	0.00012034284713465708	407460402	3495
ORDINAL	MP05	1	3368	model.layers.14.self_attn	DECODE	ATTENTION	6	27584	27584	0	170180451	0.00016208677223449126	407460402	3495
ORDINAL	MP05	1	3369	model.layers.14.mlp.gate_up_proj	DECODE	GATE_UP_PROJECTION	1	39200	39200	0	170180451	0.00023034373084367956	407460402	3495
ORDINAL	MP05	1	3370	model.layers.14.mlp.act_fn	DECODE	ACTIVATION	1	2368	2368	0	170180451	1.3914641699944725e-05	407460402	3495
ORDINAL	MP05	1	3371	model.layers.14.mlp.down_proj	DECODE	DOWN_PROJECTION	1	20512	20512	0	170180451	0.00012053088283330498	407460402	3495
ORDINAL	MP05	1	3372	model.layers.15.self_attn	DECODE	ATTENTION	6	27776	27776	0	170180451	0.00016321498642637866	407460402	3495
ORDINAL	MP05	1	3373	model.layers.15.mlp.gate_up_proj	DECODE	GATE_UP_PROJECTION	1	38880	38880	0	170180451	0.00022846337385720055	407460402	3495
ORDINAL	MP05	1	3374	model.layers.15.mlp.act_fn	DECODE	ACTIVATION	1	2400	2400	0	170180451	1.4102677398592628e-05	407460402	3495
ORDINAL	MP05	1	3375	model.layers.15.mlp.down_proj	DECODE	DOWN_PROJECTION	1	20384	20384	0	170180451	0.00011977874003871338	407460402	3495
ORDINAL	MP05	1	3376	model.layers.16.self_attn	DECODE	ATTENTION	6	27840	27840	0	170180451	0.00016359105782367446	407460402	3495
ORDINAL	MP05	1	3377	model.layers.16.mlp.gate_up_proj	DECODE	GATE_UP_PROJECTION	1	38848	38848	0	170180451	0.00022827533815855265	407460402	3495
ORDINAL	MP05	1	3378	model.layers.16.mlp.act_fn	DECODE	ACTIVATION	1	2368	2368	0	170180451	1.3914641699944725e-05	407460402	3495
ORDINAL	MP05	1	3379	model.layers.16.mlp.down_proj	DECODE	DOWN_PROJECTION	1	20640	20640	0	170180451	0.00012128302562789659	407460402	3495
ORDINAL	MP05	1	3380	model.layers.17.self_attn	DECODE	ATTENTION	6	27584	27584	0	170180451	0.00016208677223449126	407460402	3495
ORDINAL	MP05	1	3381	model.layers.17.mlp.gate_up_proj	DECODE	GATE_UP_PROJECTION	1	39040	39040	0	170180451	0.00022940355235044006	407460402	3495
ORDINAL	MP05	1	3382	model.layers.17.mlp.act_fn	DECODE	ACTIVATION	1	2368	2368	0	170180451	1.3914641699944725e-05	407460402	3495
ORDINAL	MP05	1	3383	model.layers.17.mlp.down_proj	DECODE	DOWN_PROJECTION	1	20320	20320	0	170180451	0.00011940266864141758	407460402	3495
ORDINAL	MP05	1	3384	model.layers.18.self_attn	DECODE	ATTENTION	6	27616	27616	0	170180451	0.00016227480793313916	407460402	3495
ORDINAL	MP05	1	3385	model.layers.18.mlp.gate_up_proj	DECODE	GATE_UP_PROJECTION	1	39424	39424	0	170180451	0.0002316599807342149	407460402	3495
ORDINAL	MP05	1	3386	model.layers.18.mlp.act_fn	DECODE	ACTIVATION	1	2400	2400	0	170180451	1.4102677398592628e-05	407460402	3495
ORDINAL	MP05	1	3387	model.layers.18.mlp.down_proj	DECODE	DOWN_PROJECTION	1	20544	20544	0	170180451	0.00012071891853195288	407460402	3495
ORDINAL	MP05	1	3388	model.layers.19.self_attn	DECODE	ATTENTION	6	27584	27584	0	170180451	0.00016208677223449126	407460402	3495
ORDINAL	MP05	1	3389	model.layers.19.mlp.gate_up_proj	DECODE	GATE_UP_PROJECTION	1	38496	38496	0	170180451	0.00022620694547342574	407460402	3495
ORDINAL	MP05	1	3390	model.layers.19.mlp.act_fn	DECODE	ACTIVATION	1	2400	2400	0	170180451	1.4102677398592628e-05	407460402	3495
ORDINAL	MP05	1	3391	model.layers.19.mlp.down_proj	DECODE	DOWN_PROJECTION	1	20608	20608	0	170180451	0.00012109498992924868	407460402	3495
ORDINAL	MP05	1	3392	model.layers.20.self_attn	DECODE	ATTENTION	6	27776	27776	0	170180451	0.00016321498642637866	407460402	3495
ORDINAL	MP05	1	3393	model.layers.20.mlp.gate_up_proj	DECODE	GATE_UP_PROJECTION	1	38912	38912	0	170180451	0.00022865140955584845	407460402	3495
ORDINAL	MP05	1	3394	model.layers.20.mlp.act_fn	DECODE	ACTIVATION	1	2400	2400	0	170180451	1.4102677398592628e-05	407460402	3495
ORDINAL	MP05	1	3395	model.layers.20.mlp.down_proj	DECODE	DOWN_PROJECTION	1	20448	20448	0	170180451	0.00012015481143600918	407460402	3495
ORDINAL	MP05	1	3396	model.layers.21.self_attn	DECODE	ATTENTION	6	27776	27776	0	170180451	0.00016321498642637866	407460402	3495
ORDINAL	MP05	1	3397	model.layers.21.mlp.gate_up_proj	DECODE	GATE_UP_PROJECTION	1	39072	39072	0	170180451	0.00022959158804908796	407460402	3495
ORDINAL	MP05	1	3398	model.layers.21.mlp.act_fn	DECODE	ACTIVATION	1	2400	2400	0	170180451	1.4102677398592628e-05	407460402	3495
ORDINAL	MP05	1	3399	model.layers.21.mlp.down_proj	DECODE	DOWN_PROJECTION	1	20352	20352	0	170180451	0.00011959070434006548	407460402	3495
ORDINAL	MP05	1	3400	model.layers.22.self_attn	DECODE	ATTENTION	6	27744	27744	0	170180451	0.00016302695072773076	407460402	3495
ORDINAL	MP05	1	3401	model.layers.22.mlp.gate_up_proj	DECODE	GATE_UP_PROJECTION	1	39360	39360	0	170180451	0.0002312839093369191	407460402	3495
ORDINAL	MP05	1	3402	model.layers.22.mlp.act_fn	DECODE	ACTIVATION	1	2400	2400	0	170180451	1.4102677398592628e-05	407460402	3495
ORDINAL	MP05	1	3403	model.layers.22.mlp.down_proj	DECODE	DOWN_PROJECTION	1	20480	20480	0	170180451	0.00012034284713465708	407460402	3495
ORDINAL	MP05	1	3404	model.layers.23.self_attn	DECODE	ATTENTION	6	27840	27840	0	170180451	0.00016359105782367446	407460402	3495
ORDINAL	MP05	1	3405	model.layers.23.mlp.gate_up_proj	DECODE	GATE_UP_PROJECTION	1	38880	38880	0	170180451	0.00022846337385720055	407460402	3495
ORDINAL	MP05	1	3406	model.layers.23.mlp.act_fn	DECODE	ACTIVATION	1	2400	2400	0	170180451	1.4102677398592628e-05	407460402	3495
ORDINAL	MP05	1	3407	model.layers.23.mlp.down_proj	DECODE	DOWN_PROJECTION	1	20640	20640	0	170180451	0.00012128302562789659	407460402	3495
ORDINAL	MP05	1	3408	model.layers.24.self_attn	DECODE	ATTENTION	6	27520	27520	0	170180451	0.00016171070083719546	407460402	3495
ORDINAL	MP05	1	3409	model.layers.24.mlp.gate_up_proj	DECODE	GATE_UP_PROJECTION	1	39328	39328	0	170180451	0.0002310958736382712	407460402	3495
ORDINAL	MP05	1	3410	model.layers.24.mlp.act_fn	DECODE	ACTIVATION	1	2368	2368	0	170180451	1.3914641699944725e-05	407460402	3495
ORDINAL	MP05	1	3411	model.layers.24.mlp.down_proj	DECODE	DOWN_PROJECTION	1	20576	20576	0	170180451	0.00012090695423060078	407460402	3495
ORDINAL	MP05	1	3412	model.layers.25.self_attn	DECODE	ATTENTION	6	27424	27424	0	170180451	0.00016114659374125175	407460402	3495
ORDINAL	MP05	1	3413	model.layers.25.mlp.gate_up_proj	DECODE	GATE_UP_PROJECTION	1	39040	39040	0	170180451	0.00022940355235044006	407460402	3495
ORDINAL	MP05	1	3414	model.layers.25.mlp.act_fn	DECODE	ACTIVATION	1	2368	2368	0	170180451	1.3914641699944725e-05	407460402	3495
ORDINAL	MP05	1	3415	model.layers.25.mlp.down_proj	DECODE	DOWN_PROJECTION	1	20448	20448	0	170180451	0.00012015481143600918	407460402	3495
ORDINAL	MP05	1	3416	model.layers.26.self_attn	DECODE	ATTENTION	6	27488	27488	0	170180451	0.00016152266513854755	407460402	3495
ORDINAL	MP05	1	3417	model.layers.26.mlp.gate_up_proj	DECODE	GATE_UP_PROJECTION	1	39008	39008	0	170180451	0.00022921551665179216	407460402	3495
ORDINAL	MP05	1	3418	model.layers.26.mlp.act_fn	DECODE	ACTIVATION	1	2400	2400	0	170180451	1.4102677398592628e-05	407460402	3495
ORDINAL	MP05	1	3419	model.layers.26.mlp.down_proj	DECODE	DOWN_PROJECTION	1	20576	20576	0	170180451	0.00012090695423060078	407460402	3495
ORDINAL	MP05	1	3420	model.layers.27.self_attn	DECODE	ATTENTION	6	27616	27616	0	170180451	0.00016227480793313916	407460402	3495
ORDINAL	MP05	1	3421	model.layers.27.mlp.gate_up_proj	DECODE	GATE_UP_PROJECTION	1	39360	39360	0	170180451	0.0002312839093369191	407460402	3495
ORDINAL	MP05	1	3422	model.layers.27.mlp.act_fn	DECODE	ACTIVATION	1	2368	2368	0	170180451	1.3914641699944725e-05	407460402	3495
ORDINAL	MP05	1	3423	model.layers.27.mlp.down_proj	DECODE	DOWN_PROJECTION	1	20352	20352	0	170180451	0.00011959070434006548	407460402	3495
ORDINAL	MP05	1	3424	model.layers.28.self_attn	DECODE	ATTENTION	6	27584	27584	0	170180451	0.00016208677223449126	407460402	3495
ORDINAL	MP05	1	3425	model.layers.28.mlp.gate_up_proj	DECODE	GATE_UP_PROJECTION	1	38656	38656	0	170180451	0.00022714712396666525	407460402	3495
ORDINAL	MP05	1	3426	model.layers.28.mlp.act_fn	DECODE	ACTIVATION	1	2368	2368	0	170180451	1.3914641699944725e-05	407460402	3495
ORDINAL	MP05	1	3427	model.layers.28.mlp.down_proj	DECODE	DOWN_PROJECTION	1	20768	20768	0	170180451	0.0001220351684224882	407460402	3495
ORDINAL	MP05	1	3428	model.layers.29.self_attn	DECODE	ATTENTION	6	27776	27776	0	170180451	0.00016321498642637866	407460402	3495
ORDINAL	MP05	1	3429	model.layers.29.mlp.gate_up_proj	DECODE	GATE_UP_PROJECTION	1	39072	39072	0	170180451	0.00022959158804908796	407460402	3495
ORDINAL	MP05	1	3430	model.layers.29.mlp.act_fn	DECODE	ACTIVATION	1	2400	2400	0	170180451	1.4102677398592628e-05	407460402	3495
ORDINAL	MP05	1	3431	model.layers.29.mlp.down_proj	DECODE	DOWN_PROJECTION	1	20704	20704	0	170180451	0.0001216590970251924	407460402	3495
ORDINAL	MP05	1	3432	model.layers.30.self_attn	DECODE	ATTENTION	6	27776	27776	0	170180451	0.00016321498642637866	407460402	3495
ORDINAL	MP05	1	3433	model.layers.30.mlp.gate_up_proj	DECODE	GATE_UP_PROJECTION	1	39360	39360	0	170180451	0.0002312839093369191	407460402	3495
ORDINAL	MP05	1	3434	model.layers.30.mlp.act_fn	DECODE	ACTIVATION	1	2368	2368	0	170180451	1.3914641699944725e-05	407460402	3495
ORDINAL	MP05	1	3435	model.layers.30.mlp.down_proj	DECODE	DOWN_PROJECTION	1	20640	20640	0	170180451	0.00012128302562789659	407460402	3495
ORDINAL	MP05	1	3436	model.layers.31.self_attn	DECODE	ATTENTION	6	27680	27680	0	170180451	0.00016265087933043496	407460402	3495
ORDINAL	MP05	1	3437	model.layers.31.mlp.gate_up_proj	DECODE	GATE_UP_PROJECTION	1	39232	39232	0	170180451	0.00023053176654232746	407460402	3495
ORDINAL	MP05	1	3438	model.layers.31.mlp.act_fn	DECODE	ACTIVATION	1	2400	2400	0	170180451	1.4102677398592628e-05	407460402	3495
ORDINAL	MP05	1	3439	model.layers.31.mlp.down_proj	DECODE	DOWN_PROJECTION	1	20256	20256	0	170180451	0.00011902659724412177	407460402	3495
ORDINAL	MP05	1	3440	model.layers.32.self_attn	DECODE	ATTENTION	6	27456	27456	0	170180451	0.00016133462943989965	407460402	3495
ORDINAL	MP05	1	3441	model.layers.32.mlp.gate_up_proj	DECODE	GATE_UP_PROJECTION	1	38816	38816	0	170180451	0.00022808730245990475	407460402	3495
ORDINAL	MP05	1	3442	model.layers.32.mlp.act_fn	DECODE	ACTIVATION	1	2400	2400	0	170180451	1.4102677398592628e-05	407460402	3495
ORDINAL	MP05	1	3443	model.layers.32.mlp.down_proj	DECODE	DOWN_PROJECTION	1	20640	20640	0	170180451	0.00012128302562789659	407460402	3495
ORDINAL	MP05	1	3444	model.layers.33.self_attn	DECODE	ATTENTION	6	27776	27776	0	170180451	0.00016321498642637866	407460402	3495
ORDINAL	MP05	1	3445	model.layers.33.mlp.gate_up_proj	DECODE	GATE_UP_PROJECTION	1	38464	38464	0	170180451	0.00022601890977477784	407460402	3495
ORDINAL	MP05	1	3446	model.layers.33.mlp.act_fn	DECODE	ACTIVATION	1	2400	2400	0	170180451	1.4102677398592628e-05	407460402	3495
ORDINAL	MP05	1	3447	model.layers.33.mlp.down_proj	DECODE	DOWN_PROJECTION	1	20576	20576	0	170180451	0.00012090695423060078	407460402	3495
ORDINAL	MP05	1	3448	model.layers.34.self_attn	DECODE	ATTENTION	6	27648	27648	0	170180451	0.00016246284363178706	407460402	3495
ORDINAL	MP05	1	3449	model.layers.34.mlp.gate_up_proj	DECODE	GATE_UP_PROJECTION	1	39168	39168	0	170180451	0.00023015569514503166	407460402	3495
ORDINAL	MP05	1	3450	model.layers.34.mlp.act_fn	DECODE	ACTIVATION	1	2368	2368	0	170180451	1.3914641699944725e-05	407460402	3495
ORDINAL	MP05	1	3451	model.layers.34.mlp.down_proj	DECODE	DOWN_PROJECTION	1	20416	20416	0	170180451	0.00011996677573736128	407460402	3495
ORDINAL	MP05	1	3452	model.layers.35.self_attn	DECODE	ATTENTION	6	27424	27424	0	170180451	0.00016114659374125175	407460402	3495
ORDINAL	MP05	1	3453	model.layers.35.mlp.gate_up_proj	DECODE	GATE_UP_PROJECTION	1	38912	38912	0	170180451	0.00022865140955584845	407460402	3495
ORDINAL	MP05	1	3454	model.layers.35.mlp.act_fn	DECODE	ACTIVATION	1	2400	2400	0	170180451	1.4102677398592628e-05	407460402	3495
ORDINAL	MP05	1	3455	model.layers.35.mlp.down_proj	DECODE	DOWN_PROJECTION	1	20384	20384	0	170180451	0.00011977874003871338	407460402	3495
ORDINAL	MP05	1	3456	model.layers.0.self_attn	DECODE	ATTENTION	6	27872	27872	0	170180451	0.00016377909352232236	407460402	3495
ORDINAL	MP05	1	3457	model.layers.0.mlp.gate_up_proj	DECODE	GATE_UP_PROJECTION	1	38688	38688	0	170180451	0.00022733515966531315	407460402	3495
ORDINAL	MP05	1	3458	model.layers.0.mlp.act_fn	DECODE	ACTIVATION	1	2368	2368	0	170180451	1.3914641699944725e-05	407460402	3495
ORDINAL	MP05	1	3459	model.layers.0.mlp.down_proj	DECODE	DOWN_PROJECTION	1	20576	20576	0	170180451	0.00012090695423060078	407460402	3495
ORDINAL	MP05	1	3460	model.layers.1.self_attn	DECODE	ATTENTION	6	27808	27808	0	170180451	0.00016340302212502656	407460402	3495
ORDINAL	MP05	1	3461	model.layers.1.mlp.gate_up_proj	DECODE	GATE_UP_PROJECTION	1	39904	39904	0	170180451	0.0002344805162139334	407460402	3495
ORDINAL	MP05	1	3462	model.layers.1.mlp.act_fn	DECODE	ACTIVATION	1	2368	2368	0	170180451	1.3914641699944725e-05	407460402	3495
ORDINAL	MP05	1	3463	model.layers.1.mlp.down_proj	DECODE	DOWN_PROJECTION	1	21088	21088	0	170180451	0.00012391552540896722	407460402	3495
ORDINAL	MP05	1	3464	model.layers.2.self_attn	DECODE	ATTENTION	6	27648	27648	0	170180451	0.00016246284363178706	407460402	3495
ORDINAL	MP05	1	3465	model.layers.2.mlp.gate_up_proj	DECODE	GATE_UP_PROJECTION	1	38816	38816	0	170180451	0.00022808730245990475	407460402	3495
ORDINAL	MP05	1	3466	model.layers.2.mlp.act_fn	DECODE	ACTIVATION	1	2432	2432	0	170180451	1.4290713097240528e-05	407460402	3495
ORDINAL	MP05	1	3467	model.layers.2.mlp.down_proj	DECODE	DOWN_PROJECTION	1	20672	20672	0	170180451	0.00012147106132654449	407460402	3495
ORDINAL	MP05	1	3468	model.layers.3.self_attn	DECODE	ATTENTION	6	27616	27616	0	170180451	0.00016227480793313916	407460402	3495
ORDINAL	MP05	1	3469	model.layers.3.mlp.gate_up_proj	DECODE	GATE_UP_PROJECTION	1	39712	39712	0	170180451	0.000233352302022046	407460402	3495
ORDINAL	MP05	1	3470	model.layers.3.mlp.act_fn	DECODE	ACTIVATION	1	2368	2368	0	170180451	1.3914641699944725e-05	407460402	3495
ORDINAL	MP05	1	3471	model.layers.3.mlp.down_proj	DECODE	DOWN_PROJECTION	1	20544	20544	0	170180451	0.00012071891853195288	407460402	3495
ORDINAL	MP05	1	3472	model.layers.4.self_attn	DECODE	ATTENTION	6	27744	27744	0	170180451	0.00016302695072773076	407460402	3495
ORDINAL	MP05	1	3473	model.layers.4.mlp.gate_up_proj	DECODE	GATE_UP_PROJECTION	1	38976	38976	0	170180451	0.00022902748095314426	407460402	3495
ORDINAL	MP05	1	3474	model.layers.4.mlp.act_fn	DECODE	ACTIVATION	1	2368	2368	0	170180451	1.3914641699944725e-05	407460402	3495
ORDINAL	MP05	1	3475	model.layers.4.mlp.down_proj	DECODE	DOWN_PROJECTION	1	20672	20672	0	170180451	0.00012147106132654449	407460402	3495
ORDINAL	MP05	1	3476	model.layers.5.self_attn	DECODE	ATTENTION	6	27712	27712	0	170180451	0.00016283891502908286	407460402	3495
ORDINAL	MP05	1	3477	model.layers.5.mlp.gate_up_proj	DECODE	GATE_UP_PROJECTION	1	39104	39104	0	170180451	0.00022977962374773586	407460402	3495
ORDINAL	MP05	1	3478	model.layers.5.mlp.act_fn	DECODE	ACTIVATION	1	2400	2400	0	170180451	1.4102677398592628e-05	407460402	3495
ORDINAL	MP05	1	3479	model.layers.5.mlp.down_proj	DECODE	DOWN_PROJECTION	1	20608	20608	0	170180451	0.00012109498992924868	407460402	3495
ORDINAL	MP05	1	3480	model.layers.6.self_attn	DECODE	ATTENTION	6	27808	27808	0	170180451	0.00016340302212502656	407460402	3495
ORDINAL	MP05	1	3481	model.layers.6.mlp.gate_up_proj	DECODE	GATE_UP_PROJECTION	1	38975	38975	0	170180451	0.0002290216048375615	407460402	3495
ORDINAL	MP05	1	3482	model.layers.6.mlp.act_fn	DECODE	ACTIVATION	1	2400	2400	0	170180451	1.4102677398592628e-05	407460402	3495
ORDINAL	MP05	1	3483	model.layers.6.mlp.down_proj	DECODE	DOWN_PROJECTION	1	20480	20480	0	170180451	0.00012034284713465708	407460402	3495
ORDINAL	MP05	1	3484	model.layers.7.self_attn	DECODE	ATTENTION	6	27648	27648	0	170180451	0.00016246284363178706	407460402	3495
ORDINAL	MP05	1	3485	model.layers.7.mlp.gate_up_proj	DECODE	GATE_UP_PROJECTION	1	38560	38560	0	170180451	0.00022658301687072154	407460402	3495
ORDINAL	MP05	1	3486	model.layers.7.mlp.act_fn	DECODE	ACTIVATION	1	2400	2400	0	170180451	1.4102677398592628e-05	407460402	3495
ORDINAL	MP05	1	3487	model.layers.7.mlp.down_proj	DECODE	DOWN_PROJECTION	1	20544	20544	0	170180451	0.00012071891853195288	407460402	3495
ORDINAL	MP05	1	3488	model.layers.8.self_attn	DECODE	ATTENTION	6	27584	27584	0	170180451	0.00016208677223449126	407460402	3495
ORDINAL	MP05	1	3489	model.layers.8.mlp.gate_up_proj	DECODE	GATE_UP_PROJECTION	1	38848	38848	0	170180451	0.00022827533815855265	407460402	3495
ORDINAL	MP05	1	3490	model.layers.8.mlp.act_fn	DECODE	ACTIVATION	1	2400	2400	0	170180451	1.4102677398592628e-05	407460402	3495
ORDINAL	MP05	1	3491	model.layers.8.mlp.down_proj	DECODE	DOWN_PROJECTION	1	20544	20544	0	170180451	0.00012071891853195288	407460402	3495
ORDINAL	MP05	1	3492	model.layers.9.self_attn	DECODE	ATTENTION	6	27712	27712	0	170180451	0.00016283891502908286	407460402	3495
ORDINAL	MP05	1	3493	model.layers.9.mlp.gate_up_proj	DECODE	GATE_UP_PROJECTION	1	38720	38720	0	170180451	0.00022752319536396105	407460402	3495
ORDINAL	MP05	1	3494	model.layers.9.mlp.act_fn	DECODE	ACTIVATION	1	2400	2400	0	170180451	1.4102677398592628e-05	407460402	3495
ORDINAL	MP05	1	3495	model.layers.9.mlp.down_proj	DECODE	DOWN_PROJECTION	1	20384	20384	0	170180451	0.00011977874003871338	407460402	3495
ORDINAL	MP05	1	3496	model.layers.10.self_attn	DECODE	ATTENTION	6	27616	27616	0	170180451	0.00016227480793313916	407460402	3495
ORDINAL	MP05	1	3497	model.layers.10.mlp.gate_up_proj	DECODE	GATE_UP_PROJECTION	1	39904	39904	0	170180451	0.0002344805162139334	407460402	3495
ORDINAL	MP05	1	3498	model.layers.10.mlp.act_fn	DECODE	ACTIVATION	1	2400	2400	0	170180451	1.4102677398592628e-05	407460402	3495
ORDINAL	MP05	1	3499	model.layers.10.mlp.down_proj	DECODE	DOWN_PROJECTION	1	20608	20608	0	170180451	0.00012109498992924868	407460402	3495
ORDINAL	MP05	1	3500	model.layers.11.self_attn	DECODE	ATTENTION	6	27808	27808	0	170180451	0.00016340302212502656	407460402	3495
ORDINAL	MP05	1	3501	model.layers.11.mlp.gate_up_proj	DECODE	GATE_UP_PROJECTION	1	39168	39168	0	170180451	0.00023015569514503166	407460402	3495
ORDINAL	MP05	1	3502	model.layers.11.mlp.act_fn	DECODE	ACTIVATION	1	2400	2400	0	170180451	1.4102677398592628e-05	407460402	3495
ORDINAL	MP05	1	3503	model.layers.11.mlp.down_proj	DECODE	DOWN_PROJECTION	1	20800	20800	0	170180451	0.0001222232041211361	407460402	3495
ORDINAL	MP05	1	3504	model.layers.12.self_attn	DECODE	ATTENTION	6	27680	27680	0	170180451	0.00016265087933043496	407460402	3495
ORDINAL	MP05	1	3505	model.layers.12.mlp.gate_up_proj	DECODE	GATE_UP_PROJECTION	1	39648	39648	0	170180451	0.0002329762306247502	407460402	3495
ORDINAL	MP05	1	3506	model.layers.12.mlp.act_fn	DECODE	ACTIVATION	1	2400	2400	0	170180451	1.4102677398592628e-05	407460402	3495
ORDINAL	MP05	1	3507	model.layers.12.mlp.down_proj	DECODE	DOWN_PROJECTION	1	20576	20576	0	170180451	0.00012090695423060078	407460402	3495
ORDINAL	MP05	1	3508	model.layers.13.self_attn	DECODE	ATTENTION	6	27616	27616	0	170180451	0.00016227480793313916	407460402	3495
ORDINAL	MP05	1	3509	model.layers.13.mlp.gate_up_proj	DECODE	GATE_UP_PROJECTION	1	39072	39072	0	170180451	0.00022959158804908796	407460402	3495
ORDINAL	MP05	1	3510	model.layers.13.mlp.act_fn	DECODE	ACTIVATION	1	2368	2368	0	170180451	1.3914641699944725e-05	407460402	3495
ORDINAL	MP05	1	3511	model.layers.13.mlp.down_proj	DECODE	DOWN_PROJECTION	1	20480	20480	0	170180451	0.00012034284713465708	407460402	3495
ORDINAL	MP05	1	3512	model.layers.14.self_attn	DECODE	ATTENTION	6	27424	27424	0	170180451	0.00016114659374125175	407460402	3495
ORDINAL	MP05	1	3513	model.layers.14.mlp.gate_up_proj	DECODE	GATE_UP_PROJECTION	1	39040	39040	0	170180451	0.00022940355235044006	407460402	3495
ORDINAL	MP05	1	3514	model.layers.14.mlp.act_fn	DECODE	ACTIVATION	1	2400	2400	0	170180451	1.4102677398592628e-05	407460402	3495
ORDINAL	MP05	1	3515	model.layers.14.mlp.down_proj	DECODE	DOWN_PROJECTION	1	20384	20384	0	170180451	0.00011977874003871338	407460402	3495
ORDINAL	MP05	1	3516	model.layers.15.self_attn	DECODE	ATTENTION	6	27808	27808	0	170180451	0.00016340302212502656	407460402	3495
ORDINAL	MP05	1	3517	model.layers.15.mlp.gate_up_proj	DECODE	GATE_UP_PROJECTION	1	39072	39072	0	170180451	0.00022959158804908796	407460402	3495
ORDINAL	MP05	1	3518	model.layers.15.mlp.act_fn	DECODE	ACTIVATION	1	2400	2400	0	170180451	1.4102677398592628e-05	407460402	3495
ORDINAL	MP05	1	3519	model.layers.15.mlp.down_proj	DECODE	DOWN_PROJECTION	1	20384	20384	0	170180451	0.00011977874003871338	407460402	3495
ORDINAL	MP05	1	3520	model.layers.16.self_attn	DECODE	ATTENTION	6	27584	27584	0	170180451	0.00016208677223449126	407460402	3495
ORDINAL	MP05	1	3521	model.layers.16.mlp.gate_up_proj	DECODE	GATE_UP_PROJECTION	1	39040	39040	0	170180451	0.00022940355235044006	407460402	3495
ORDINAL	MP05	1	3522	model.layers.16.mlp.act_fn	DECODE	ACTIVATION	1	2432	2432	0	170180451	1.4290713097240528e-05	407460402	3495
ORDINAL	MP05	1	3523	model.layers.16.mlp.down_proj	DECODE	DOWN_PROJECTION	1	20384	20384	0	170180451	0.00011977874003871338	407460402	3495
ORDINAL	MP05	1	3524	model.layers.17.self_attn	DECODE	ATTENTION	6	27392	27392	0	170180451	0.00016095855804260385	407460402	3495
ORDINAL	MP05	1	3525	model.layers.17.mlp.gate_up_proj	DECODE	GATE_UP_PROJECTION	1	39040	39040	0	170180451	0.00022940355235044006	407460402	3495
ORDINAL	MP05	1	3526	model.layers.17.mlp.act_fn	DECODE	ACTIVATION	1	2400	2400	0	170180451	1.4102677398592628e-05	407460402	3495
ORDINAL	MP05	1	3527	model.layers.17.mlp.down_proj	DECODE	DOWN_PROJECTION	1	20640	20640	0	170180451	0.00012128302562789659	407460402	3495
ORDINAL	MP05	1	3528	model.layers.18.self_attn	DECODE	ATTENTION	6	27712	27712	0	170180451	0.00016283891502908286	407460402	3495
ORDINAL	MP05	1	3529	model.layers.18.mlp.gate_up_proj	DECODE	GATE_UP_PROJECTION	1	38720	38720	0	170180451	0.00022752319536396105	407460402	3495
ORDINAL	MP05	1	3530	model.layers.18.mlp.act_fn	DECODE	ACTIVATION	1	2400	2400	0	170180451	1.4102677398592628e-05	407460402	3495
ORDINAL	MP05	1	3531	model.layers.18.mlp.down_proj	DECODE	DOWN_PROJECTION	1	20608	20608	0	170180451	0.00012109498992924868	407460402	3495
ORDINAL	MP05	1	3532	model.layers.19.self_attn	DECODE	ATTENTION	6	27648	27648	0	170180451	0.00016246284363178706	407460402	3495
ORDINAL	MP05	1	3533	model.layers.19.mlp.gate_up_proj	DECODE	GATE_UP_PROJECTION	1	39008	39008	0	170180451	0.00022921551665179216	407460402	3495
ORDINAL	MP05	1	3534	model.layers.19.mlp.act_fn	DECODE	ACTIVATION	1	2368	2368	0	170180451	1.3914641699944725e-05	407460402	3495
ORDINAL	MP05	1	3535	model.layers.19.mlp.down_proj	DECODE	DOWN_PROJECTION	1	20320	20320	0	170180451	0.00011940266864141758	407460402	3495
ORDINAL	MP05	1	3536	model.layers.20.self_attn	DECODE	ATTENTION	6	27680	27680	0	170180451	0.00016265087933043496	407460402	3495
ORDINAL	MP05	1	3537	model.layers.20.mlp.gate_up_proj	DECODE	GATE_UP_PROJECTION	1	39200	39200	0	170180451	0.00023034373084367956	407460402	3495
ORDINAL	MP05	1	3538	model.layers.20.mlp.act_fn	DECODE	ACTIVATION	1	2432	2432	0	170180451	1.4290713097240528e-05	407460402	3495
ORDINAL	MP05	1	3539	model.layers.20.mlp.down_proj	DECODE	DOWN_PROJECTION	1	20480	20480	0	170180451	0.00012034284713465708	407460402	3495
ORDINAL	MP05	1	3540	model.layers.21.self_attn	DECODE	ATTENTION	6	27776	27776	0	170180451	0.00016321498642637866	407460402	3495
ORDINAL	MP05	1	3541	model.layers.21.mlp.gate_up_proj	DECODE	GATE_UP_PROJECTION	1	39136	39136	0	170180451	0.00022996765944638376	407460402	3495
ORDINAL	MP05	1	3542	model.layers.21.mlp.act_fn	DECODE	ACTIVATION	1	2400	2400	0	170180451	1.4102677398592628e-05	407460402	3495
ORDINAL	MP05	1	3543	model.layers.21.mlp.down_proj	DECODE	DOWN_PROJECTION	1	20640	20640	0	170180451	0.00012128302562789659	407460402	3495
ORDINAL	MP05	1	3544	model.layers.22.self_attn	DECODE	ATTENTION	6	27584	27584	0	170180451	0.00016208677223449126	407460402	3495
ORDINAL	MP05	1	3545	model.layers.22.mlp.gate_up_proj	DECODE	GATE_UP_PROJECTION	1	39040	39040	0	170180451	0.00022940355235044006	407460402	3495
ORDINAL	MP05	1	3546	model.layers.22.mlp.act_fn	DECODE	ACTIVATION	1	2432	2432	0	170180451	1.4290713097240528e-05	407460402	3495
ORDINAL	MP05	1	3547	model.layers.22.mlp.down_proj	DECODE	DOWN_PROJECTION	1	20640	20640	0	170180451	0.00012128302562789659	407460402	3495
ORDINAL	MP05	1	3548	model.layers.23.self_attn	DECODE	ATTENTION	6	28000	28000	0	170180451	0.00016453123631691397	407460402	3495
ORDINAL	MP05	1	3549	model.layers.23.mlp.gate_up_proj	DECODE	GATE_UP_PROJECTION	1	39040	39040	0	170180451	0.00022940355235044006	407460402	3495
ORDINAL	MP05	1	3550	model.layers.23.mlp.act_fn	DECODE	ACTIVATION	1	2400	2400	0	170180451	1.4102677398592628e-05	407460402	3495
ORDINAL	MP05	1	3551	model.layers.23.mlp.down_proj	DECODE	DOWN_PROJECTION	1	20608	20608	0	170180451	0.00012109498992924868	407460402	3495
ORDINAL	MP05	1	3552	model.layers.24.self_attn	DECODE	ATTENTION	6	27712	27712	0	170180451	0.00016283891502908286	407460402	3495
ORDINAL	MP05	1	3553	model.layers.24.mlp.gate_up_proj	DECODE	GATE_UP_PROJECTION	1	39008	39008	0	170180451	0.00022921551665179216	407460402	3495
ORDINAL	MP05	1	3554	model.layers.24.mlp.act_fn	DECODE	ACTIVATION	1	2400	2400	0	170180451	1.4102677398592628e-05	407460402	3495
ORDINAL	MP05	1	3555	model.layers.24.mlp.down_proj	DECODE	DOWN_PROJECTION	1	20416	20416	0	170180451	0.00011996677573736128	407460402	3495
ORDINAL	MP05	1	3556	model.layers.25.self_attn	DECODE	ATTENTION	6	27616	27616	0	170180451	0.00016227480793313916	407460402	3495
ORDINAL	MP05	1	3557	model.layers.25.mlp.gate_up_proj	DECODE	GATE_UP_PROJECTION	1	38944	38944	0	170180451	0.00022883944525449635	407460402	3495
ORDINAL	MP05	1	3558	model.layers.25.mlp.act_fn	DECODE	ACTIVATION	1	2400	2400	0	170180451	1.4102677398592628e-05	407460402	3495
ORDINAL	MP05	1	3559	model.layers.25.mlp.down_proj	DECODE	DOWN_PROJECTION	1	20608	20608	0	170180451	0.00012109498992924868	407460402	3495
ORDINAL	MP05	1	3560	model.layers.26.self_attn	DECODE	ATTENTION	6	27680	27680	0	170180451	0.00016265087933043496	407460402	3495
ORDINAL	MP05	1	3561	model.layers.26.mlp.gate_up_proj	DECODE	GATE_UP_PROJECTION	1	38752	38752	0	170180451	0.00022771123106260895	407460402	3495
ORDINAL	MP05	1	3562	model.layers.26.mlp.act_fn	DECODE	ACTIVATION	1	2368	2368	0	170180451	1.3914641699944725e-05	407460402	3495
ORDINAL	MP05	1	3563	model.layers.26.mlp.down_proj	DECODE	DOWN_PROJECTION	1	20544	20544	0	170180451	0.00012071891853195288	407460402	3495
ORDINAL	MP05	1	3564	model.layers.27.self_attn	DECODE	ATTENTION	6	27519	27519	0	170180451	0.0001617048247216127	407460402	3495
ORDINAL	MP05	1	3565	model.layers.27.mlp.gate_up_proj	DECODE	GATE_UP_PROJECTION	1	39328	39328	0	170180451	0.0002310958736382712	407460402	3495
ORDINAL	MP05	1	3566	model.layers.27.mlp.act_fn	DECODE	ACTIVATION	1	2400	2400	0	170180451	1.4102677398592628e-05	407460402	3495
ORDINAL	MP05	1	3567	model.layers.27.mlp.down_proj	DECODE	DOWN_PROJECTION	1	20736	20736	0	170180451	0.0001218471327238403	407460402	3495
ORDINAL	MP05	1	3568	model.layers.28.self_attn	DECODE	ATTENTION	6	27264	27264	0	170180451	0.00016020641524801225	407460402	3495
ORDINAL	MP05	1	3569	model.layers.28.mlp.gate_up_proj	DECODE	GATE_UP_PROJECTION	1	38592	38592	0	170180451	0.00022677105256936945	407460402	3495
ORDINAL	MP05	1	3570	model.layers.28.mlp.act_fn	DECODE	ACTIVATION	1	2400	2400	0	170180451	1.4102677398592628e-05	407460402	3495
ORDINAL	MP05	1	3571	model.layers.28.mlp.down_proj	DECODE	DOWN_PROJECTION	1	20512	20512	0	170180451	0.00012053088283330498	407460402	3495
ORDINAL	MP05	1	3572	model.layers.29.self_attn	DECODE	ATTENTION	6	27616	27616	0	170180451	0.00016227480793313916	407460402	3495
ORDINAL	MP05	1	3573	model.layers.29.mlp.gate_up_proj	DECODE	GATE_UP_PROJECTION	1	38912	38912	0	170180451	0.00022865140955584845	407460402	3495
ORDINAL	MP05	1	3574	model.layers.29.mlp.act_fn	DECODE	ACTIVATION	1	2400	2400	0	170180451	1.4102677398592628e-05	407460402	3495
ORDINAL	MP05	1	3575	model.layers.29.mlp.down_proj	DECODE	DOWN_PROJECTION	1	20544	20544	0	170180451	0.00012071891853195288	407460402	3495
ORDINAL	MP05	1	3576	model.layers.30.self_attn	DECODE	ATTENTION	6	27360	27360	0	170180451	0.00016077052234395595	407460402	3495
ORDINAL	MP05	1	3577	model.layers.30.mlp.gate_up_proj	DECODE	GATE_UP_PROJECTION	1	39264	39264	0	170180451	0.00023071980224097536	407460402	3495
ORDINAL	MP05	1	3578	model.layers.30.mlp.act_fn	DECODE	ACTIVATION	1	2400	2400	0	170180451	1.4102677398592628e-05	407460402	3495
ORDINAL	MP05	1	3579	model.layers.30.mlp.down_proj	DECODE	DOWN_PROJECTION	1	20448	20448	0	170180451	0.00012015481143600918	407460402	3495
ORDINAL	MP05	1	3580	model.layers.31.self_attn	DECODE	ATTENTION	6	27552	27552	0	170180451	0.00016189873653584336	407460402	3495
ORDINAL	MP05	1	3581	model.layers.31.mlp.gate_up_proj	DECODE	GATE_UP_PROJECTION	1	38816	38816	0	170180451	0.00022808730245990475	407460402	3495
ORDINAL	MP05	1	3582	model.layers.31.mlp.act_fn	DECODE	ACTIVATION	1	2400	2400	0	170180451	1.4102677398592628e-05	407460402	3495
ORDINAL	MP05	1	3583	model.layers.31.mlp.down_proj	DECODE	DOWN_PROJECTION	1	20480	20480	0	170180451	0.00012034284713465708	407460402	3495
ORDINAL	MP05	1	3584	model.layers.32.self_attn	DECODE	ATTENTION	6	27232	27232	0	170180451	0.00016001837954936435	407460402	3495
ORDINAL	MP05	1	3585	model.layers.32.mlp.gate_up_proj	DECODE	GATE_UP_PROJECTION	1	38784	38784	0	170180451	0.00022789926676125685	407460402	3495
ORDINAL	MP05	1	3586	model.layers.32.mlp.act_fn	DECODE	ACTIVATION	1	2400	2400	0	170180451	1.4102677398592628e-05	407460402	3495
ORDINAL	MP05	1	3587	model.layers.32.mlp.down_proj	DECODE	DOWN_PROJECTION	1	20448	20448	0	170180451	0.00012015481143600918	407460402	3495
ORDINAL	MP05	1	3588	model.layers.33.self_attn	DECODE	ATTENTION	6	27392	27392	0	170180451	0.00016095855804260385	407460402	3495
ORDINAL	MP05	1	3589	model.layers.33.mlp.gate_up_proj	DECODE	GATE_UP_PROJECTION	1	38528	38528	0	170180451	0.00022639498117207364	407460402	3495
ORDINAL	MP05	1	3590	model.layers.33.mlp.act_fn	DECODE	ACTIVATION	1	2368	2368	0	170180451	1.3914641699944725e-05	407460402	3495
ORDINAL	MP05	1	3591	model.layers.33.mlp.down_proj	DECODE	DOWN_PROJECTION	1	20448	20448	0	170180451	0.00012015481143600918	407460402	3495
ORDINAL	MP05	1	3592	model.layers.34.self_attn	DECODE	ATTENTION	6	27712	27712	0	170180451	0.00016283891502908286	407460402	3495
ORDINAL	MP05	1	3593	model.layers.34.mlp.gate_up_proj	DECODE	GATE_UP_PROJECTION	1	38784	38784	0	170180451	0.00022789926676125685	407460402	3495
ORDINAL	MP05	1	3594	model.layers.34.mlp.act_fn	DECODE	ACTIVATION	1	2400	2400	0	170180451	1.4102677398592628e-05	407460402	3495
ORDINAL	MP05	1	3595	model.layers.34.mlp.down_proj	DECODE	DOWN_PROJECTION	1	20416	20416	0	170180451	0.00011996677573736128	407460402	3495
ORDINAL	MP05	1	3596	model.layers.35.self_attn	DECODE	ATTENTION	6	27744	27744	0	170180451	0.00016302695072773076	407460402	3495
ORDINAL	MP05	1	3597	model.layers.35.mlp.gate_up_proj	DECODE	GATE_UP_PROJECTION	1	39167	39167	0	170180451	0.0002301498190294489	407460402	3495
ORDINAL	MP05	1	3598	model.layers.35.mlp.act_fn	DECODE	ACTIVATION	1	2400	2400	0	170180451	1.4102677398592628e-05	407460402	3495
ORDINAL	MP05	1	3599	model.layers.35.mlp.down_proj	DECODE	DOWN_PROJECTION	1	20288	20288	0	170180451	0.00011921463294276968	407460402	3495
ORDINAL	MP05	1	3600	model.layers.0.self_attn	DECODE	ATTENTION	6	27904	27904	0	170180451	0.00016396712922097027	407460402	3495
ORDINAL	MP05	1	3601	model.layers.0.mlp.gate_up_proj	DECODE	GATE_UP_PROJECTION	1	39040	39040	0	170180451	0.00022940355235044006	407460402	3495
ORDINAL	MP05	1	3602	model.layers.0.mlp.act_fn	DECODE	ACTIVATION	1	2368	2368	0	170180451	1.3914641699944725e-05	407460402	3495
ORDINAL	MP05	1	3603	model.layers.0.mlp.down_proj	DECODE	DOWN_PROJECTION	1	20544	20544	0	170180451	0.00012071891853195288	407460402	3495
ORDINAL	MP05	1	3604	model.layers.1.self_attn	DECODE	ATTENTION	6	27488	27488	0	170180451	0.00016152266513854755	407460402	3495
ORDINAL	MP05	1	3605	model.layers.1.mlp.gate_up_proj	DECODE	GATE_UP_PROJECTION	1	40064	40064	0	170180451	0.0002354206947071729	407460402	3495
ORDINAL	MP05	1	3606	model.layers.1.mlp.act_fn	DECODE	ACTIVATION	1	2368	2368	0	170180451	1.3914641699944725e-05	407460402	3495
ORDINAL	MP05	1	3607	model.layers.1.mlp.down_proj	DECODE	DOWN_PROJECTION	1	20992	20992	0	170180451	0.00012335141831302352	407460402	3495
ORDINAL	MP05	1	3608	model.layers.2.self_attn	DECODE	ATTENTION	6	27712	27712	0	170180451	0.00016283891502908286	407460402	3495
ORDINAL	MP05	1	3609	model.layers.2.mlp.gate_up_proj	DECODE	GATE_UP_PROJECTION	1	38880	38880	0	170180451	0.00022846337385720055	407460402	3495
ORDINAL	MP05	1	3610	model.layers.2.mlp.act_fn	DECODE	ACTIVATION	1	2368	2368	0	170180451	1.3914641699944725e-05	407460402	3495
ORDINAL	MP05	1	3611	model.layers.2.mlp.down_proj	DECODE	DOWN_PROJECTION	1	20672	20672	0	170180451	0.00012147106132654449	407460402	3495
ORDINAL	MP05	1	3612	model.layers.3.self_attn	DECODE	ATTENTION	6	27680	27680	0	170180451	0.00016265087933043496	407460402	3495
ORDINAL	MP05	1	3613	model.layers.3.mlp.gate_up_proj	DECODE	GATE_UP_PROJECTION	1	39232	39232	0	170180451	0.00023053176654232746	407460402	3495
ORDINAL	MP05	1	3614	model.layers.3.mlp.act_fn	DECODE	ACTIVATION	1	2368	2368	0	170180451	1.3914641699944725e-05	407460402	3495
ORDINAL	MP05	1	3615	model.layers.3.mlp.down_proj	DECODE	DOWN_PROJECTION	1	20544	20544	0	170180451	0.00012071891853195288	407460402	3495
ORDINAL	MP05	1	3616	model.layers.4.self_attn	DECODE	ATTENTION	6	27552	27552	0	170180451	0.00016189873653584336	407460402	3495
ORDINAL	MP05	1	3617	model.layers.4.mlp.gate_up_proj	DECODE	GATE_UP_PROJECTION	1	38976	38976	0	170180451	0.00022902748095314426	407460402	3495
ORDINAL	MP05	1	3618	model.layers.4.mlp.act_fn	DECODE	ACTIVATION	1	2368	2368	0	170180451	1.3914641699944725e-05	407460402	3495
ORDINAL	MP05	1	3619	model.layers.4.mlp.down_proj	DECODE	DOWN_PROJECTION	1	20352	20352	0	170180451	0.00011959070434006548	407460402	3495
ORDINAL	MP05	1	3620	model.layers.5.self_attn	DECODE	ATTENTION	6	27808	27808	0	170180451	0.00016340302212502656	407460402	3495
ORDINAL	MP05	1	3621	model.layers.5.mlp.gate_up_proj	DECODE	GATE_UP_PROJECTION	1	39136	39136	0	170180451	0.00022996765944638376	407460402	3495
ORDINAL	MP05	1	3622	model.layers.5.mlp.act_fn	DECODE	ACTIVATION	1	2368	2368	0	170180451	1.3914641699944725e-05	407460402	3495
ORDINAL	MP05	1	3623	model.layers.5.mlp.down_proj	DECODE	DOWN_PROJECTION	1	20448	20448	0	170180451	0.00012015481143600918	407460402	3495
ORDINAL	MP05	1	3624	model.layers.6.self_attn	DECODE	ATTENTION	6	27616	27616	0	170180451	0.00016227480793313916	407460402	3495
ORDINAL	MP05	1	3625	model.layers.6.mlp.gate_up_proj	DECODE	GATE_UP_PROJECTION	1	39072	39072	0	170180451	0.00022959158804908796	407460402	3495
ORDINAL	MP05	1	3626	model.layers.6.mlp.act_fn	DECODE	ACTIVATION	1	2400	2400	0	170180451	1.4102677398592628e-05	407460402	3495
ORDINAL	MP05	1	3627	model.layers.6.mlp.down_proj	DECODE	DOWN_PROJECTION	1	20576	20576	0	170180451	0.00012090695423060078	407460402	3495
ORDINAL	MP05	1	3628	model.layers.7.self_attn	DECODE	ATTENTION	6	27616	27616	0	170180451	0.00016227480793313916	407460402	3495
ORDINAL	MP05	1	3629	model.layers.7.mlp.gate_up_proj	DECODE	GATE_UP_PROJECTION	1	38400	38400	0	170180451	0.00022564283837748204	407460402	3495
ORDINAL	MP05	1	3630	model.layers.7.mlp.act_fn	DECODE	ACTIVATION	1	2368	2368	0	170180451	1.3914641699944725e-05	407460402	3495
ORDINAL	MP05	1	3631	model.layers.7.mlp.down_proj	DECODE	DOWN_PROJECTION	1	20576	20576	0	170180451	0.00012090695423060078	407460402	3495
ORDINAL	MP05	1	3632	model.layers.8.self_attn	DECODE	ATTENTION	6	27456	27456	0	170180451	0.00016133462943989965	407460402	3495
ORDINAL	MP05	1	3633	model.layers.8.mlp.gate_up_proj	DECODE	GATE_UP_PROJECTION	1	38496	38496	0	170180451	0.00022620694547342574	407460402	3495
ORDINAL	MP05	1	3634	model.layers.8.mlp.act_fn	DECODE	ACTIVATION	1	2400	2400	0	170180451	1.4102677398592628e-05	407460402	3495
ORDINAL	MP05	1	3635	model.layers.8.mlp.down_proj	DECODE	DOWN_PROJECTION	1	20416	20416	0	170180451	0.00011996677573736128	407460402	3495
ORDINAL	MP05	1	3636	model.layers.9.self_attn	DECODE	ATTENTION	6	27456	27456	0	170180451	0.00016133462943989965	407460402	3495
ORDINAL	MP05	1	3637	model.layers.9.mlp.gate_up_proj	DECODE	GATE_UP_PROJECTION	1	38528	38528	0	170180451	0.00022639498117207364	407460402	3495
ORDINAL	MP05	1	3638	model.layers.9.mlp.act_fn	DECODE	ACTIVATION	1	2368	2368	0	170180451	1.3914641699944725e-05	407460402	3495
ORDINAL	MP05	1	3639	model.layers.9.mlp.down_proj	DECODE	DOWN_PROJECTION	1	20672	20672	0	170180451	0.00012147106132654449	407460402	3495
ORDINAL	MP05	1	3640	model.layers.10.self_attn	DECODE	ATTENTION	6	27552	27552	0	170180451	0.00016189873653584336	407460402	3495
ORDINAL	MP05	1	3641	model.layers.10.mlp.gate_up_proj	DECODE	GATE_UP_PROJECTION	1	39776	39776	0	170180451	0.0002337283734193418	407460402	3495
ORDINAL	MP05	1	3642	model.layers.10.mlp.act_fn	DECODE	ACTIVATION	1	2368	2368	0	170180451	1.3914641699944725e-05	407460402	3495
ORDINAL	MP05	1	3643	model.layers.10.mlp.down_proj	DECODE	DOWN_PROJECTION	1	20512	20512	0	170180451	0.00012053088283330498	407460402	3495
ORDINAL	MP05	1	3644	model.layers.11.self_attn	DECODE	ATTENTION	6	27584	27584	0	170180451	0.00016208677223449126	407460402	3495
ORDINAL	MP05	1	3645	model.layers.11.mlp.gate_up_proj	DECODE	GATE_UP_PROJECTION	1	38944	38944	0	170180451	0.00022883944525449635	407460402	3495
ORDINAL	MP05	1	3646	model.layers.11.mlp.act_fn	DECODE	ACTIVATION	1	2400	2400	0	170180451	1.4102677398592628e-05	407460402	3495
ORDINAL	MP05	1	3647	model.layers.11.mlp.down_proj	DECODE	DOWN_PROJECTION	1	20544	20544	0	170180451	0.00012071891853195288	407460402	3495
ORDINAL	MP05	1	3648	model.layers.12.self_attn	DECODE	ATTENTION	6	27776	27776	0	170180451	0.00016321498642637866	407460402	3495
ORDINAL	MP05	1	3649	model.layers.12.mlp.gate_up_proj	DECODE	GATE_UP_PROJECTION	1	39488	39488	0	170180451	0.0002320360521315107	407460402	3495
ORDINAL	MP05	1	3650	model.layers.12.mlp.act_fn	DECODE	ACTIVATION	1	2368	2368	0	170180451	1.3914641699944725e-05	407460402	3495
ORDINAL	MP05	1	3651	model.layers.12.mlp.down_proj	DECODE	DOWN_PROJECTION	1	20479	20479	0	170180451	0.00012033697101907433	407460402	3495
ORDINAL	MP05	1	3652	model.layers.13.self_attn	DECODE	ATTENTION	6	27808	27808	0	170180451	0.00016340302212502656	407460402	3495
ORDINAL	MP05	1	3653	model.layers.13.mlp.gate_up_proj	DECODE	GATE_UP_PROJECTION	1	39296	39296	0	170180451	0.00023090783793962326	407460402	3495
ORDINAL	MP05	1	3654	model.layers.13.mlp.act_fn	DECODE	ACTIVATION	1	2400	2400	0	170180451	1.4102677398592628e-05	407460402	3495
ORDINAL	MP05	1	3655	model.layers.13.mlp.down_proj	DECODE	DOWN_PROJECTION	1	20480	20480	0	170180451	0.00012034284713465708	407460402	3495
ORDINAL	MP05	1	3656	model.layers.14.self_attn	DECODE	ATTENTION	6	27680	27680	0	170180451	0.00016265087933043496	407460402	3495
ORDINAL	MP05	1	3657	model.layers.14.mlp.gate_up_proj	DECODE	GATE_UP_PROJECTION	1	38848	38848	0	170180451	0.00022827533815855265	407460402	3495
ORDINAL	MP05	1	3658	model.layers.14.mlp.act_fn	DECODE	ACTIVATION	1	2368	2368	0	170180451	1.3914641699944725e-05	407460402	3495
ORDINAL	MP05	1	3659	model.layers.14.mlp.down_proj	DECODE	DOWN_PROJECTION	1	20448	20448	0	170180451	0.00012015481143600918	407460402	3495
ORDINAL	MP05	1	3660	model.layers.15.self_attn	DECODE	ATTENTION	6	27936	27936	0	170180451	0.00016415516491961817	407460402	3495
ORDINAL	MP05	1	3661	model.layers.15.mlp.gate_up_proj	DECODE	GATE_UP_PROJECTION	1	39136	39136	0	170180451	0.00022996765944638376	407460402	3495
ORDINAL	MP05	1	3662	model.layers.15.mlp.act_fn	DECODE	ACTIVATION	1	2400	2400	0	170180451	1.4102677398592628e-05	407460402	3495
ORDINAL	MP05	1	3663	model.layers.15.mlp.down_proj	DECODE	DOWN_PROJECTION	1	20416	20416	0	170180451	0.00011996677573736128	407460402	3495
ORDINAL	MP05	1	3664	model.layers.16.self_attn	DECODE	ATTENTION	6	27744	27744	0	170180451	0.00016302695072773076	407460402	3495
ORDINAL	MP05	1	3665	model.layers.16.mlp.gate_up_proj	DECODE	GATE_UP_PROJECTION	1	38720	38720	0	170180451	0.00022752319536396105	407460402	3495
ORDINAL	MP05	1	3666	model.layers.16.mlp.act_fn	DECODE	ACTIVATION	1	2400	2400	0	170180451	1.4102677398592628e-05	407460402	3495
ORDINAL	MP05	1	3667	model.layers.16.mlp.down_proj	DECODE	DOWN_PROJECTION	1	20416	20416	0	170180451	0.00011996677573736128	407460402	3495
ORDINAL	MP05	1	3668	model.layers.17.self_attn	DECODE	ATTENTION	6	27520	27520	0	170180451	0.00016171070083719546	407460402	3495
ORDINAL	MP05	1	3669	model.layers.17.mlp.gate_up_proj	DECODE	GATE_UP_PROJECTION	1	39232	39232	0	170180451	0.00023053176654232746	407460402	3495
ORDINAL	MP05	1	3670	model.layers.17.mlp.act_fn	DECODE	ACTIVATION	1	2400	2400	0	170180451	1.4102677398592628e-05	407460402	3495
ORDINAL	MP05	1	3671	model.layers.17.mlp.down_proj	DECODE	DOWN_PROJECTION	1	20480	20480	0	170180451	0.00012034284713465708	407460402	3495
ORDINAL	MP05	1	3672	model.layers.18.self_attn	DECODE	ATTENTION	6	27808	27808	0	170180451	0.00016340302212502656	407460402	3495
ORDINAL	MP05	1	3673	model.layers.18.mlp.gate_up_proj	DECODE	GATE_UP_PROJECTION	1	39232	39232	0	170180451	0.00023053176654232746	407460402	3495
ORDINAL	MP05	1	3674	model.layers.18.mlp.act_fn	DECODE	ACTIVATION	1	2368	2368	0	170180451	1.3914641699944725e-05	407460402	3495
ORDINAL	MP05	1	3675	model.layers.18.mlp.down_proj	DECODE	DOWN_PROJECTION	1	20608	20608	0	170180451	0.00012109498992924868	407460402	3495
ORDINAL	MP05	1	3676	model.layers.19.self_attn	DECODE	ATTENTION	6	27360	27360	0	170180451	0.00016077052234395595	407460402	3495
ORDINAL	MP05	1	3677	model.layers.19.mlp.gate_up_proj	DECODE	GATE_UP_PROJECTION	1	38720	38720	0	170180451	0.00022752319536396105	407460402	3495
ORDINAL	MP05	1	3678	model.layers.19.mlp.act_fn	DECODE	ACTIVATION	1	2368	2368	0	170180451	1.3914641699944725e-05	407460402	3495
ORDINAL	MP05	1	3679	model.layers.19.mlp.down_proj	DECODE	DOWN_PROJECTION	1	20512	20512	0	170180451	0.00012053088283330498	407460402	3495
ORDINAL	MP05	1	3680	model.layers.20.self_attn	DECODE	ATTENTION	6	27872	27872	0	170180451	0.00016377909352232236	407460402	3495
ORDINAL	MP05	1	3681	model.layers.20.mlp.gate_up_proj	DECODE	GATE_UP_PROJECTION	1	39040	39040	0	170180451	0.00022940355235044006	407460402	3495
ORDINAL	MP05	1	3682	model.layers.20.mlp.act_fn	DECODE	ACTIVATION	1	2400	2400	0	170180451	1.4102677398592628e-05	407460402	3495
ORDINAL	MP05	1	3683	model.layers.20.mlp.down_proj	DECODE	DOWN_PROJECTION	1	20416	20416	0	170180451	0.00011996677573736128	407460402	3495
ORDINAL	MP05	1	3684	model.layers.21.self_attn	DECODE	ATTENTION	6	27872	27872	0	170180451	0.00016377909352232236	407460402	3495
ORDINAL	MP05	1	3685	model.layers.21.mlp.gate_up_proj	DECODE	GATE_UP_PROJECTION	1	38880	38880	0	170180451	0.00022846337385720055	407460402	3495
ORDINAL	MP05	1	3686	model.layers.21.mlp.act_fn	DECODE	ACTIVATION	1	2368	2368	0	170180451	1.3914641699944725e-05	407460402	3495
ORDINAL	MP05	1	3687	model.layers.21.mlp.down_proj	DECODE	DOWN_PROJECTION	1	20512	20512	0	170180451	0.00012053088283330498	407460402	3495
ORDINAL	MP05	1	3688	model.layers.22.self_attn	DECODE	ATTENTION	6	27840	27840	0	170180451	0.00016359105782367446	407460402	3495
ORDINAL	MP05	1	3689	model.layers.22.mlp.gate_up_proj	DECODE	GATE_UP_PROJECTION	1	38816	38816	0	170180451	0.00022808730245990475	407460402	3495
ORDINAL	MP05	1	3690	model.layers.22.mlp.act_fn	DECODE	ACTIVATION	1	2368	2368	0	170180451	1.3914641699944725e-05	407460402	3495
ORDINAL	MP05	1	3691	model.layers.22.mlp.down_proj	DECODE	DOWN_PROJECTION	1	20576	20576	0	170180451	0.00012090695423060078	407460402	3495
ORDINAL	MP05	1	3692	model.layers.23.self_attn	DECODE	ATTENTION	6	27456	27456	0	170180451	0.00016133462943989965	407460402	3495
ORDINAL	MP05	1	3693	model.layers.23.mlp.gate_up_proj	DECODE	GATE_UP_PROJECTION	1	39520	39520	0	170180451	0.0002322240878301586	407460402	3495
ORDINAL	MP05	1	3694	model.layers.23.mlp.act_fn	DECODE	ACTIVATION	1	2400	2400	0	170180451	1.4102677398592628e-05	407460402	3495
ORDINAL	MP05	1	3695	model.layers.23.mlp.down_proj	DECODE	DOWN_PROJECTION	1	20576	20576	0	170180451	0.00012090695423060078	407460402	3495
ORDINAL	MP05	1	3696	model.layers.24.self_attn	DECODE	ATTENTION	6	27744	27744	0	170180451	0.00016302695072773076	407460402	3495
ORDINAL	MP05	1	3697	model.layers.24.mlp.gate_up_proj	DECODE	GATE_UP_PROJECTION	1	39360	39360	0	170180451	0.0002312839093369191	407460402	3495
ORDINAL	MP05	1	3698	model.layers.24.mlp.act_fn	DECODE	ACTIVATION	1	2368	2368	0	170180451	1.3914641699944725e-05	407460402	3495
ORDINAL	MP05	1	3699	model.layers.24.mlp.down_proj	DECODE	DOWN_PROJECTION	1	20576	20576	0	170180451	0.00012090695423060078	407460402	3495
ORDINAL	MP05	1	3700	model.layers.25.self_attn	DECODE	ATTENTION	6	27520	27520	0	170180451	0.00016171070083719546	407460402	3495
ORDINAL	MP05	1	3701	model.layers.25.mlp.gate_up_proj	DECODE	GATE_UP_PROJECTION	1	38656	38656	0	170180451	0.00022714712396666525	407460402	3495
ORDINAL	MP05	1	3702	model.layers.25.mlp.act_fn	DECODE	ACTIVATION	1	2368	2368	0	170180451	1.3914641699944725e-05	407460402	3495
ORDINAL	MP05	1	3703	model.layers.25.mlp.down_proj	DECODE	DOWN_PROJECTION	1	20448	20448	0	170180451	0.00012015481143600918	407460402	3495
ORDINAL	MP05	1	3704	model.layers.26.self_attn	DECODE	ATTENTION	6	27616	27616	0	170180451	0.00016227480793313916	407460402	3495
ORDINAL	MP05	1	3705	model.layers.26.mlp.gate_up_proj	DECODE	GATE_UP_PROJECTION	1	39168	39168	0	170180451	0.00023015569514503166	407460402	3495
ORDINAL	MP05	1	3706	model.layers.26.mlp.act_fn	DECODE	ACTIVATION	1	2432	2432	0	170180451	1.4290713097240528e-05	407460402	3495
ORDINAL	MP05	1	3707	model.layers.26.mlp.down_proj	DECODE	DOWN_PROJECTION	1	20544	20544	0	170180451	0.00012071891853195288	407460402	3495
ORDINAL	MP05	1	3708	model.layers.27.self_attn	DECODE	ATTENTION	6	27552	27552	0	170180451	0.00016189873653584336	407460402	3495
ORDINAL	MP05	1	3709	model.layers.27.mlp.gate_up_proj	DECODE	GATE_UP_PROJECTION	1	38752	38752	0	170180451	0.00022771123106260895	407460402	3495
ORDINAL	MP05	1	3710	model.layers.27.mlp.act_fn	DECODE	ACTIVATION	1	2400	2400	0	170180451	1.4102677398592628e-05	407460402	3495
ORDINAL	MP05	1	3711	model.layers.27.mlp.down_proj	DECODE	DOWN_PROJECTION	1	20480	20480	0	170180451	0.00012034284713465708	407460402	3495
ORDINAL	MP05	1	3712	model.layers.28.self_attn	DECODE	ATTENTION	6	27680	27680	0	170180451	0.00016265087933043496	407460402	3495
ORDINAL	MP05	1	3713	model.layers.28.mlp.gate_up_proj	DECODE	GATE_UP_PROJECTION	1	38656	38656	0	170180451	0.00022714712396666525	407460402	3495
ORDINAL	MP05	1	3714	model.layers.28.mlp.act_fn	DECODE	ACTIVATION	1	2368	2368	0	170180451	1.3914641699944725e-05	407460402	3495
ORDINAL	MP05	1	3715	model.layers.28.mlp.down_proj	DECODE	DOWN_PROJECTION	1	20352	20352	0	170180451	0.00011959070434006548	407460402	3495
ORDINAL	MP05	1	3716	model.layers.29.self_attn	DECODE	ATTENTION	6	27776	27776	0	170180451	0.00016321498642637866	407460402	3495
ORDINAL	MP05	1	3717	model.layers.29.mlp.gate_up_proj	DECODE	GATE_UP_PROJECTION	1	39135	39135	0	170180451	0.000229961783330801	407460402	3495
ORDINAL	MP05	1	3718	model.layers.29.mlp.act_fn	DECODE	ACTIVATION	1	2400	2400	0	170180451	1.4102677398592628e-05	407460402	3495
ORDINAL	MP05	1	3719	model.layers.29.mlp.down_proj	DECODE	DOWN_PROJECTION	1	20416	20416	0	170180451	0.00011996677573736128	407460402	3495
ORDINAL	MP05	1	3720	model.layers.30.self_attn	DECODE	ATTENTION	6	27616	27616	0	170180451	0.00016227480793313916	407460402	3495
ORDINAL	MP05	1	3721	model.layers.30.mlp.gate_up_proj	DECODE	GATE_UP_PROJECTION	1	39360	39360	0	170180451	0.0002312839093369191	407460402	3495
ORDINAL	MP05	1	3722	model.layers.30.mlp.act_fn	DECODE	ACTIVATION	1	2368	2368	0	170180451	1.3914641699944725e-05	407460402	3495
ORDINAL	MP05	1	3723	model.layers.30.mlp.down_proj	DECODE	DOWN_PROJECTION	1	20256	20256	0	170180451	0.00011902659724412177	407460402	3495
ORDINAL	MP05	1	3724	model.layers.31.self_attn	DECODE	ATTENTION	6	27616	27616	0	170180451	0.00016227480793313916	407460402	3495
ORDINAL	MP05	1	3725	model.layers.31.mlp.gate_up_proj	DECODE	GATE_UP_PROJECTION	1	38912	38912	0	170180451	0.00022865140955584845	407460402	3495
ORDINAL	MP05	1	3726	model.layers.31.mlp.act_fn	DECODE	ACTIVATION	1	2368	2368	0	170180451	1.3914641699944725e-05	407460402	3495
ORDINAL	MP05	1	3727	model.layers.31.mlp.down_proj	DECODE	DOWN_PROJECTION	1	20448	20448	0	170180451	0.00012015481143600918	407460402	3495
ORDINAL	MP05	1	3728	model.layers.32.self_attn	DECODE	ATTENTION	6	27648	27648	0	170180451	0.00016246284363178706	407460402	3495
ORDINAL	MP05	1	3729	model.layers.32.mlp.gate_up_proj	DECODE	GATE_UP_PROJECTION	1	38720	38720	0	170180451	0.00022752319536396105	407460402	3495
ORDINAL	MP05	1	3730	model.layers.32.mlp.act_fn	DECODE	ACTIVATION	1	2400	2400	0	170180451	1.4102677398592628e-05	407460402	3495
ORDINAL	MP05	1	3731	model.layers.32.mlp.down_proj	DECODE	DOWN_PROJECTION	1	20544	20544	0	170180451	0.00012071891853195288	407460402	3495
ORDINAL	MP05	1	3732	model.layers.33.self_attn	DECODE	ATTENTION	6	27360	27360	0	170180451	0.00016077052234395595	407460402	3495
ORDINAL	MP05	1	3733	model.layers.33.mlp.gate_up_proj	DECODE	GATE_UP_PROJECTION	1	38720	38720	0	170180451	0.00022752319536396105	407460402	3495
ORDINAL	MP05	1	3734	model.layers.33.mlp.act_fn	DECODE	ACTIVATION	1	2400	2400	0	170180451	1.4102677398592628e-05	407460402	3495
ORDINAL	MP05	1	3735	model.layers.33.mlp.down_proj	DECODE	DOWN_PROJECTION	1	20512	20512	0	170180451	0.00012053088283330498	407460402	3495
ORDINAL	MP05	1	3736	model.layers.34.self_attn	DECODE	ATTENTION	6	27616	27616	0	170180451	0.00016227480793313916	407460402	3495
ORDINAL	MP05	1	3737	model.layers.34.mlp.gate_up_proj	DECODE	GATE_UP_PROJECTION	1	38816	38816	0	170180451	0.00022808730245990475	407460402	3495
ORDINAL	MP05	1	3738	model.layers.34.mlp.act_fn	DECODE	ACTIVATION	1	2368	2368	0	170180451	1.3914641699944725e-05	407460402	3495
ORDINAL	MP05	1	3739	model.layers.34.mlp.down_proj	DECODE	DOWN_PROJECTION	1	20448	20448	0	170180451	0.00012015481143600918	407460402	3495
ORDINAL	MP05	1	3740	model.layers.35.self_attn	DECODE	ATTENTION	6	27840	27840	0	170180451	0.00016359105782367446	407460402	3495
ORDINAL	MP05	1	3741	model.layers.35.mlp.gate_up_proj	DECODE	GATE_UP_PROJECTION	1	38720	38720	0	170180451	0.00022752319536396105	407460402	3495
ORDINAL	MP05	1	3742	model.layers.35.mlp.act_fn	DECODE	ACTIVATION	1	2368	2368	0	170180451	1.3914641699944725e-05	407460402	3495
ORDINAL	MP05	1	3743	model.layers.35.mlp.down_proj	DECODE	DOWN_PROJECTION	1	20352	20352	0	170180451	0.00011959070434006548	407460402	3495
ORDINAL	MP05	1	3744	model.layers.0.self_attn	DECODE	ATTENTION	6	28000	28000	0	170180451	0.00016453123631691397	407460402	3495
ORDINAL	MP05	1	3745	model.layers.0.mlp.gate_up_proj	DECODE	GATE_UP_PROJECTION	1	39040	39040	0	170180451	0.00022940355235044006	407460402	3495
ORDINAL	MP05	1	3746	model.layers.0.mlp.act_fn	DECODE	ACTIVATION	1	2400	2400	0	170180451	1.4102677398592628e-05	407460402	3495
ORDINAL	MP05	1	3747	model.layers.0.mlp.down_proj	DECODE	DOWN_PROJECTION	1	20736	20736	0	170180451	0.0001218471327238403	407460402	3495
ORDINAL	MP05	1	3748	model.layers.1.self_attn	DECODE	ATTENTION	6	27648	27648	0	170180451	0.00016246284363178706	407460402	3495
ORDINAL	MP05	1	3749	model.layers.1.mlp.gate_up_proj	DECODE	GATE_UP_PROJECTION	1	40096	40096	0	170180451	0.0002356087304058208	407460402	3495
ORDINAL	MP05	1	3750	model.layers.1.mlp.act_fn	DECODE	ACTIVATION	1	2400	2400	0	170180451	1.4102677398592628e-05	407460402	3495
ORDINAL	MP05	1	3751	model.layers.1.mlp.down_proj	DECODE	DOWN_PROJECTION	1	21024	21024	0	170180451	0.00012353945401167142	407460402	3495
ORDINAL	MP05	1	3752	model.layers.2.self_attn	DECODE	ATTENTION	6	27552	27552	0	170180451	0.00016189873653584336	407460402	3495
ORDINAL	MP05	1	3753	model.layers.2.mlp.gate_up_proj	DECODE	GATE_UP_PROJECTION	1	38912	38912	0	170180451	0.00022865140955584845	407460402	3495
ORDINAL	MP05	1	3754	model.layers.2.mlp.act_fn	DECODE	ACTIVATION	1	2400	2400	0	170180451	1.4102677398592628e-05	407460402	3495
ORDINAL	MP05	1	3755	model.layers.2.mlp.down_proj	DECODE	DOWN_PROJECTION	1	20352	20352	0	170180451	0.00011959070434006548	407460402	3495
ORDINAL	MP05	1	3756	model.layers.3.self_attn	DECODE	ATTENTION	6	27616	27616	0	170180451	0.00016227480793313916	407460402	3495
ORDINAL	MP05	1	3757	model.layers.3.mlp.gate_up_proj	DECODE	GATE_UP_PROJECTION	1	39008	39008	0	170180451	0.00022921551665179216	407460402	3495
ORDINAL	MP05	1	3758	model.layers.3.mlp.act_fn	DECODE	ACTIVATION	1	2368	2368	0	170180451	1.3914641699944725e-05	407460402	3495
ORDINAL	MP05	1	3759	model.layers.3.mlp.down_proj	DECODE	DOWN_PROJECTION	1	20672	20672	0	170180451	0.00012147106132654449	407460402	3495
ORDINAL	MP05	1	3760	model.layers.4.self_attn	DECODE	ATTENTION	6	27648	27648	0	170180451	0.00016246284363178706	407460402	3495
ORDINAL	MP05	1	3761	model.layers.4.mlp.gate_up_proj	DECODE	GATE_UP_PROJECTION	1	38944	38944	0	170180451	0.00022883944525449635	407460402	3495
ORDINAL	MP05	1	3762	model.layers.4.mlp.act_fn	DECODE	ACTIVATION	1	2400	2400	0	170180451	1.4102677398592628e-05	407460402	3495
ORDINAL	MP05	1	3763	model.layers.4.mlp.down_proj	DECODE	DOWN_PROJECTION	1	20544	20544	0	170180451	0.00012071891853195288	407460402	3495
ORDINAL	MP05	1	3764	model.layers.5.self_attn	DECODE	ATTENTION	6	27936	27936	0	170180451	0.00016415516491961817	407460402	3495
ORDINAL	MP05	1	3765	model.layers.5.mlp.gate_up_proj	DECODE	GATE_UP_PROJECTION	1	38816	38816	0	170180451	0.00022808730245990475	407460402	3495
ORDINAL	MP05	1	3766	model.layers.5.mlp.act_fn	DECODE	ACTIVATION	1	2400	2400	0	170180451	1.4102677398592628e-05	407460402	3495
ORDINAL	MP05	1	3767	model.layers.5.mlp.down_proj	DECODE	DOWN_PROJECTION	1	20704	20704	0	170180451	0.0001216590970251924	407460402	3495
ORDINAL	MP05	1	3768	model.layers.6.self_attn	DECODE	ATTENTION	6	27616	27616	0	170180451	0.00016227480793313916	407460402	3495
ORDINAL	MP05	1	3769	model.layers.6.mlp.gate_up_proj	DECODE	GATE_UP_PROJECTION	1	39392	39392	0	170180451	0.000231471945035567	407460402	3495
ORDINAL	MP05	1	3770	model.layers.6.mlp.act_fn	DECODE	ACTIVATION	1	2400	2400	0	170180451	1.4102677398592628e-05	407460402	3495
ORDINAL	MP05	1	3771	model.layers.6.mlp.down_proj	DECODE	DOWN_PROJECTION	1	20480	20480	0	170180451	0.00012034284713465708	407460402	3495
ORDINAL	MP05	1	3772	model.layers.7.self_attn	DECODE	ATTENTION	6	27615	27615	0	170180451	0.0001622689318175564	407460402	3495
ORDINAL	MP05	1	3773	model.layers.7.mlp.gate_up_proj	DECODE	GATE_UP_PROJECTION	1	39104	39104	0	170180451	0.00022977962374773586	407460402	3495
ORDINAL	MP05	1	3774	model.layers.7.mlp.act_fn	DECODE	ACTIVATION	1	2400	2400	0	170180451	1.4102677398592628e-05	407460402	3495
ORDINAL	MP05	1	3775	model.layers.7.mlp.down_proj	DECODE	DOWN_PROJECTION	1	20608	20608	0	170180451	0.00012109498992924868	407460402	3495
ORDINAL	MP05	1	3776	model.layers.8.self_attn	DECODE	ATTENTION	6	27776	27776	0	170180451	0.00016321498642637866	407460402	3495
ORDINAL	MP05	1	3777	model.layers.8.mlp.gate_up_proj	DECODE	GATE_UP_PROJECTION	1	38528	38528	0	170180451	0.00022639498117207364	407460402	3495
ORDINAL	MP05	1	3778	model.layers.8.mlp.act_fn	DECODE	ACTIVATION	1	2432	2432	0	170180451	1.4290713097240528e-05	407460402	3495
ORDINAL	MP05	1	3779	model.layers.8.mlp.down_proj	DECODE	DOWN_PROJECTION	1	20512	20512	0	170180451	0.00012053088283330498	407460402	3495
ORDINAL	MP05	1	3780	model.layers.9.self_attn	DECODE	ATTENTION	6	27648	27648	0	170180451	0.00016246284363178706	407460402	3495
ORDINAL	MP05	1	3781	model.layers.9.mlp.gate_up_proj	DECODE	GATE_UP_PROJECTION	1	38496	38496	0	170180451	0.00022620694547342574	407460402	3495
ORDINAL	MP05	1	3782	model.layers.9.mlp.act_fn	DECODE	ACTIVATION	1	2400	2400	0	170180451	1.4102677398592628e-05	407460402	3495
ORDINAL	MP05	1	3783	model.layers.9.mlp.down_proj	DECODE	DOWN_PROJECTION	1	20383	20383	0	170180451	0.00011977286392313063	407460402	3495
ORDINAL	MP05	1	3784	model.layers.10.self_attn	DECODE	ATTENTION	6	27584	27584	0	170180451	0.00016208677223449126	407460402	3495
ORDINAL	MP05	1	3785	model.layers.10.mlp.gate_up_proj	DECODE	GATE_UP_PROJECTION	1	39808	39808	0	170180451	0.0002339164091179897	407460402	3495
ORDINAL	MP05	1	3786	model.layers.10.mlp.act_fn	DECODE	ACTIVATION	1	2368	2368	0	170180451	1.3914641699944725e-05	407460402	3495
ORDINAL	MP05	1	3787	model.layers.10.mlp.down_proj	DECODE	DOWN_PROJECTION	1	20640	20640	0	170180451	0.00012128302562789659	407460402	3495
ORDINAL	MP05	1	3788	model.layers.11.self_attn	DECODE	ATTENTION	6	27712	27712	0	170180451	0.00016283891502908286	407460402	3495
ORDINAL	MP05	1	3789	model.layers.11.mlp.gate_up_proj	DECODE	GATE_UP_PROJECTION	1	39232	39232	0	170180451	0.00023053176654232746	407460402	3495
ORDINAL	MP05	1	3790	model.layers.11.mlp.act_fn	DECODE	ACTIVATION	1	2432	2432	0	170180451	1.4290713097240528e-05	407460402	3495
ORDINAL	MP05	1	3791	model.layers.11.mlp.down_proj	DECODE	DOWN_PROJECTION	1	20960	20960	0	170180451	0.00012316338261437562	407460402	3495
ORDINAL	MP05	1	3792	model.layers.12.self_attn	DECODE	ATTENTION	6	27904	27904	0	170180451	0.00016396712922097027	407460402	3495
ORDINAL	MP05	1	3793	model.layers.12.mlp.gate_up_proj	DECODE	GATE_UP_PROJECTION	1	39071	39071	0	170180451	0.0002295857119335052	407460402	3495
ORDINAL	MP05	1	3794	model.layers.12.mlp.act_fn	DECODE	ACTIVATION	1	2400	2400	0	170180451	1.4102677398592628e-05	407460402	3495
ORDINAL	MP05	1	3795	model.layers.12.mlp.down_proj	DECODE	DOWN_PROJECTION	1	20576	20576	0	170180451	0.00012090695423060078	407460402	3495
ORDINAL	MP05	1	3796	model.layers.13.self_attn	DECODE	ATTENTION	6	27744	27744	0	170180451	0.00016302695072773076	407460402	3495
ORDINAL	MP05	1	3797	model.layers.13.mlp.gate_up_proj	DECODE	GATE_UP_PROJECTION	1	38944	38944	0	170180451	0.00022883944525449635	407460402	3495
ORDINAL	MP05	1	3798	model.layers.13.mlp.act_fn	DECODE	ACTIVATION	1	2400	2400	0	170180451	1.4102677398592628e-05	407460402	3495
ORDINAL	MP05	1	3799	model.layers.13.mlp.down_proj	DECODE	DOWN_PROJECTION	1	20640	20640	0	170180451	0.00012128302562789659	407460402	3495
ORDINAL	MP05	1	3800	model.layers.14.self_attn	DECODE	ATTENTION	6	27808	27808	0	170180451	0.00016340302212502656	407460402	3495
ORDINAL	MP05	1	3801	model.layers.14.mlp.gate_up_proj	DECODE	GATE_UP_PROJECTION	1	39328	39328	0	170180451	0.0002310958736382712	407460402	3495
ORDINAL	MP05	1	3802	model.layers.14.mlp.act_fn	DECODE	ACTIVATION	1	2400	2400	0	170180451	1.4102677398592628e-05	407460402	3495
ORDINAL	MP05	1	3803	model.layers.14.mlp.down_proj	DECODE	DOWN_PROJECTION	1	20576	20576	0	170180451	0.00012090695423060078	407460402	3495
ORDINAL	MP05	1	3804	model.layers.15.self_attn	DECODE	ATTENTION	6	27488	27488	0	170180451	0.00016152266513854755	407460402	3495
ORDINAL	MP05	1	3805	model.layers.15.mlp.gate_up_proj	DECODE	GATE_UP_PROJECTION	1	39520	39520	0	170180451	0.0002322240878301586	407460402	3495
ORDINAL	MP05	1	3806	model.layers.15.mlp.act_fn	DECODE	ACTIVATION	1	2400	2400	0	170180451	1.4102677398592628e-05	407460402	3495
ORDINAL	MP05	1	3807	model.layers.15.mlp.down_proj	DECODE	DOWN_PROJECTION	1	20608	20608	0	170180451	0.00012109498992924868	407460402	3495
ORDINAL	MP05	1	3808	model.layers.16.self_attn	DECODE	ATTENTION	6	27712	27712	0	170180451	0.00016283891502908286	407460402	3495
ORDINAL	MP05	1	3809	model.layers.16.mlp.gate_up_proj	DECODE	GATE_UP_PROJECTION	1	38880	38880	0	170180451	0.00022846337385720055	407460402	3495
ORDINAL	MP05	1	3810	model.layers.16.mlp.act_fn	DECODE	ACTIVATION	1	2400	2400	0	170180451	1.4102677398592628e-05	407460402	3495
ORDINAL	MP05	1	3811	model.layers.16.mlp.down_proj	DECODE	DOWN_PROJECTION	1	20576	20576	0	170180451	0.00012090695423060078	407460402	3495
ORDINAL	MP05	1	3812	model.layers.17.self_attn	DECODE	ATTENTION	6	27648	27648	0	170180451	0.00016246284363178706	407460402	3495
ORDINAL	MP05	1	3813	model.layers.17.mlp.gate_up_proj	DECODE	GATE_UP_PROJECTION	1	39008	39008	0	170180451	0.00022921551665179216	407460402	3495
ORDINAL	MP05	1	3814	model.layers.17.mlp.act_fn	DECODE	ACTIVATION	1	2368	2368	0	170180451	1.3914641699944725e-05	407460402	3495
ORDINAL	MP05	1	3815	model.layers.17.mlp.down_proj	DECODE	DOWN_PROJECTION	1	20576	20576	0	170180451	0.00012090695423060078	407460402	3495
ORDINAL	MP05	1	3816	model.layers.18.self_attn	DECODE	ATTENTION	6	27744	27744	0	170180451	0.00016302695072773076	407460402	3495
ORDINAL	MP05	1	3817	model.layers.18.mlp.gate_up_proj	DECODE	GATE_UP_PROJECTION	1	38912	38912	0	170180451	0.00022865140955584845	407460402	3495
ORDINAL	MP05	1	3818	model.layers.18.mlp.act_fn	DECODE	ACTIVATION	1	2400	2400	0	170180451	1.4102677398592628e-05	407460402	3495
ORDINAL	MP05	1	3819	model.layers.18.mlp.down_proj	DECODE	DOWN_PROJECTION	1	20448	20448	0	170180451	0.00012015481143600918	407460402	3495
ORDINAL	MP05	1	3820	model.layers.19.self_attn	DECODE	ATTENTION	6	27456	27456	0	170180451	0.00016133462943989965	407460402	3495
ORDINAL	MP05	1	3821	model.layers.19.mlp.gate_up_proj	DECODE	GATE_UP_PROJECTION	1	38592	38592	0	170180451	0.00022677105256936945	407460402	3495
ORDINAL	MP05	1	3822	model.layers.19.mlp.act_fn	DECODE	ACTIVATION	1	2400	2400	0	170180451	1.4102677398592628e-05	407460402	3495
ORDINAL	MP05	1	3823	model.layers.19.mlp.down_proj	DECODE	DOWN_PROJECTION	1	20544	20544	0	170180451	0.00012071891853195288	407460402	3495
ORDINAL	MP05	1	3824	model.layers.20.self_attn	DECODE	ATTENTION	6	27648	27648	0	170180451	0.00016246284363178706	407460402	3495
ORDINAL	MP05	1	3825	model.layers.20.mlp.gate_up_proj	DECODE	GATE_UP_PROJECTION	1	39136	39136	0	170180451	0.00022996765944638376	407460402	3495
ORDINAL	MP05	1	3826	model.layers.20.mlp.act_fn	DECODE	ACTIVATION	1	2432	2432	0	170180451	1.4290713097240528e-05	407460402	3495
ORDINAL	MP05	1	3827	model.layers.20.mlp.down_proj	DECODE	DOWN_PROJECTION	1	20640	20640	0	170180451	0.00012128302562789659	407460402	3495
ORDINAL	MP05	1	3828	model.layers.21.self_attn	DECODE	ATTENTION	6	27904	27904	0	170180451	0.00016396712922097027	407460402	3495
ORDINAL	MP05	1	3829	model.layers.21.mlp.gate_up_proj	DECODE	GATE_UP_PROJECTION	1	38944	38944	0	170180451	0.00022883944525449635	407460402	3495
ORDINAL	MP05	1	3830	model.layers.21.mlp.act_fn	DECODE	ACTIVATION	1	2400	2400	0	170180451	1.4102677398592628e-05	407460402	3495
ORDINAL	MP05	1	3831	model.layers.21.mlp.down_proj	DECODE	DOWN_PROJECTION	1	20416	20416	0	170180451	0.00011996677573736128	407460402	3495
ORDINAL	MP05	1	3832	model.layers.22.self_attn	DECODE	ATTENTION	6	27680	27680	0	170180451	0.00016265087933043496	407460402	3495
ORDINAL	MP05	1	3833	model.layers.22.mlp.gate_up_proj	DECODE	GATE_UP_PROJECTION	1	38656	38656	0	170180451	0.00022714712396666525	407460402	3495
ORDINAL	MP05	1	3834	model.layers.22.mlp.act_fn	DECODE	ACTIVATION	1	2400	2400	0	170180451	1.4102677398592628e-05	407460402	3495
ORDINAL	MP05	1	3835	model.layers.22.mlp.down_proj	DECODE	DOWN_PROJECTION	1	20576	20576	0	170180451	0.00012090695423060078	407460402	3495
ORDINAL	MP05	1	3836	model.layers.23.self_attn	DECODE	ATTENTION	6	27936	27936	0	170180451	0.00016415516491961817	407460402	3495
ORDINAL	MP05	1	3837	model.layers.23.mlp.gate_up_proj	DECODE	GATE_UP_PROJECTION	1	38944	38944	0	170180451	0.00022883944525449635	407460402	3495
ORDINAL	MP05	1	3838	model.layers.23.mlp.act_fn	DECODE	ACTIVATION	1	2400	2400	0	170180451	1.4102677398592628e-05	407460402	3495
ORDINAL	MP05	1	3839	model.layers.23.mlp.down_proj	DECODE	DOWN_PROJECTION	1	20480	20480	0	170180451	0.00012034284713465708	407460402	3495
ORDINAL	MP05	1	3840	model.layers.24.self_attn	DECODE	ATTENTION	6	27520	27520	0	170180451	0.00016171070083719546	407460402	3495
ORDINAL	MP05	1	3841	model.layers.24.mlp.gate_up_proj	DECODE	GATE_UP_PROJECTION	1	39168	39168	0	170180451	0.00023015569514503166	407460402	3495
ORDINAL	MP05	1	3842	model.layers.24.mlp.act_fn	DECODE	ACTIVATION	1	2400	2400	0	170180451	1.4102677398592628e-05	407460402	3495
ORDINAL	MP05	1	3843	model.layers.24.mlp.down_proj	DECODE	DOWN_PROJECTION	1	20480	20480	0	170180451	0.00012034284713465708	407460402	3495
ORDINAL	MP05	1	3844	model.layers.25.self_attn	DECODE	ATTENTION	6	27584	27584	0	170180451	0.00016208677223449126	407460402	3495
ORDINAL	MP05	1	3845	model.layers.25.mlp.gate_up_proj	DECODE	GATE_UP_PROJECTION	1	39008	39008	0	170180451	0.00022921551665179216	407460402	3495
ORDINAL	MP05	1	3846	model.layers.25.mlp.act_fn	DECODE	ACTIVATION	1	2400	2400	0	170180451	1.4102677398592628e-05	407460402	3495
ORDINAL	MP05	1	3847	model.layers.25.mlp.down_proj	DECODE	DOWN_PROJECTION	1	20448	20448	0	170180451	0.00012015481143600918	407460402	3495
ORDINAL	MP05	1	3848	model.layers.26.self_attn	DECODE	ATTENTION	6	27616	27616	0	170180451	0.00016227480793313916	407460402	3495
ORDINAL	MP05	1	3849	model.layers.26.mlp.gate_up_proj	DECODE	GATE_UP_PROJECTION	1	38944	38944	0	170180451	0.00022883944525449635	407460402	3495
ORDINAL	MP05	1	3850	model.layers.26.mlp.act_fn	DECODE	ACTIVATION	1	2432	2432	0	170180451	1.4290713097240528e-05	407460402	3495
ORDINAL	MP05	1	3851	model.layers.26.mlp.down_proj	DECODE	DOWN_PROJECTION	1	20640	20640	0	170180451	0.00012128302562789659	407460402	3495
ORDINAL	MP05	1	3852	model.layers.27.self_attn	DECODE	ATTENTION	6	27424	27424	0	170180451	0.00016114659374125175	407460402	3495
ORDINAL	MP05	1	3853	model.layers.27.mlp.gate_up_proj	DECODE	GATE_UP_PROJECTION	1	38656	38656	0	170180451	0.00022714712396666525	407460402	3495
ORDINAL	MP05	1	3854	model.layers.27.mlp.act_fn	DECODE	ACTIVATION	1	2400	2400	0	170180451	1.4102677398592628e-05	407460402	3495
ORDINAL	MP05	1	3855	model.layers.27.mlp.down_proj	DECODE	DOWN_PROJECTION	1	20544	20544	0	170180451	0.00012071891853195288	407460402	3495
ORDINAL	MP05	1	3856	model.layers.28.self_attn	DECODE	ATTENTION	6	27584	27584	0	170180451	0.00016208677223449126	407460402	3495
ORDINAL	MP05	1	3857	model.layers.28.mlp.gate_up_proj	DECODE	GATE_UP_PROJECTION	1	38848	38848	0	170180451	0.00022827533815855265	407460402	3495
ORDINAL	MP05	1	3858	model.layers.28.mlp.act_fn	DECODE	ACTIVATION	1	2400	2400	0	170180451	1.4102677398592628e-05	407460402	3495
ORDINAL	MP05	1	3859	model.layers.28.mlp.down_proj	DECODE	DOWN_PROJECTION	1	20608	20608	0	170180451	0.00012109498992924868	407460402	3495
ORDINAL	MP05	1	3860	model.layers.29.self_attn	DECODE	ATTENTION	6	27808	27808	0	170180451	0.00016340302212502656	407460402	3495
ORDINAL	MP05	1	3861	model.layers.29.mlp.gate_up_proj	DECODE	GATE_UP_PROJECTION	1	38592	38592	0	170180451	0.00022677105256936945	407460402	3495
ORDINAL	MP05	1	3862	model.layers.29.mlp.act_fn	DECODE	ACTIVATION	1	2400	2400	0	170180451	1.4102677398592628e-05	407460402	3495
ORDINAL	MP05	1	3863	model.layers.29.mlp.down_proj	DECODE	DOWN_PROJECTION	1	20480	20480	0	170180451	0.00012034284713465708	407460402	3495
ORDINAL	MP05	1	3864	model.layers.30.self_attn	DECODE	ATTENTION	6	27616	27616	0	170180451	0.00016227480793313916	407460402	3495
ORDINAL	MP05	1	3865	model.layers.30.mlp.gate_up_proj	DECODE	GATE_UP_PROJECTION	1	38848	38848	0	170180451	0.00022827533815855265	407460402	3495
ORDINAL	MP05	1	3866	model.layers.30.mlp.act_fn	DECODE	ACTIVATION	1	2400	2400	0	170180451	1.4102677398592628e-05	407460402	3495
ORDINAL	MP05	1	3867	model.layers.30.mlp.down_proj	DECODE	DOWN_PROJECTION	1	20672	20672	0	170180451	0.00012147106132654449	407460402	3495
ORDINAL	MP05	1	3868	model.layers.31.self_attn	DECODE	ATTENTION	6	27520	27520	0	170180451	0.00016171070083719546	407460402	3495
ORDINAL	MP05	1	3869	model.layers.31.mlp.gate_up_proj	DECODE	GATE_UP_PROJECTION	1	38496	38496	0	170180451	0.00022620694547342574	407460402	3495
ORDINAL	MP05	1	3870	model.layers.31.mlp.act_fn	DECODE	ACTIVATION	1	2400	2400	0	170180451	1.4102677398592628e-05	407460402	3495
ORDINAL	MP05	1	3871	model.layers.31.mlp.down_proj	DECODE	DOWN_PROJECTION	1	20736	20736	0	170180451	0.0001218471327238403	407460402	3495
ORDINAL	MP05	1	3872	model.layers.32.self_attn	DECODE	ATTENTION	6	27616	27616	0	170180451	0.00016227480793313916	407460402	3495
ORDINAL	MP05	1	3873	model.layers.32.mlp.gate_up_proj	DECODE	GATE_UP_PROJECTION	1	39008	39008	0	170180451	0.00022921551665179216	407460402	3495
ORDINAL	MP05	1	3874	model.layers.32.mlp.act_fn	DECODE	ACTIVATION	1	2432	2432	0	170180451	1.4290713097240528e-05	407460402	3495
ORDINAL	MP05	1	3875	model.layers.32.mlp.down_proj	DECODE	DOWN_PROJECTION	1	20576	20576	0	170180451	0.00012090695423060078	407460402	3495
ORDINAL	MP05	1	3876	model.layers.33.self_attn	DECODE	ATTENTION	6	27584	27584	0	170180451	0.00016208677223449126	407460402	3495
ORDINAL	MP05	1	3877	model.layers.33.mlp.gate_up_proj	DECODE	GATE_UP_PROJECTION	1	38752	38752	0	170180451	0.00022771123106260895	407460402	3495
ORDINAL	MP05	1	3878	model.layers.33.mlp.act_fn	DECODE	ACTIVATION	1	2400	2400	0	170180451	1.4102677398592628e-05	407460402	3495
ORDINAL	MP05	1	3879	model.layers.33.mlp.down_proj	DECODE	DOWN_PROJECTION	1	20640	20640	0	170180451	0.00012128302562789659	407460402	3495
ORDINAL	MP05	1	3880	model.layers.34.self_attn	DECODE	ATTENTION	6	27424	27424	0	170180451	0.00016114659374125175	407460402	3495
ORDINAL	MP05	1	3881	model.layers.34.mlp.gate_up_proj	DECODE	GATE_UP_PROJECTION	1	39168	39168	0	170180451	0.00023015569514503166	407460402	3495
ORDINAL	MP05	1	3882	model.layers.34.mlp.act_fn	DECODE	ACTIVATION	1	2400	2400	0	170180451	1.4102677398592628e-05	407460402	3495
ORDINAL	MP05	1	3883	model.layers.34.mlp.down_proj	DECODE	DOWN_PROJECTION	1	20576	20576	0	170180451	0.00012090695423060078	407460402	3495
ORDINAL	MP05	1	3884	model.layers.35.self_attn	DECODE	ATTENTION	6	27520	27520	0	170180451	0.00016171070083719546	407460402	3495
ORDINAL	MP05	1	3885	model.layers.35.mlp.gate_up_proj	DECODE	GATE_UP_PROJECTION	1	39072	39072	0	170180451	0.00022959158804908796	407460402	3495
ORDINAL	MP05	1	3886	model.layers.35.mlp.act_fn	DECODE	ACTIVATION	1	2400	2400	0	170180451	1.4102677398592628e-05	407460402	3495
ORDINAL	MP05	1	3887	model.layers.35.mlp.down_proj	DECODE	DOWN_PROJECTION	1	20416	20416	0	170180451	0.00011996677573736128	407460402	3495
ORDINAL	MP05	1	3888	model.layers.0.self_attn	DECODE	ATTENTION	6	27744	27744	0	170180451	0.00016302695072773076	407460402	3495
ORDINAL	MP05	1	3889	model.layers.0.mlp.gate_up_proj	DECODE	GATE_UP_PROJECTION	1	39264	39264	0	170180451	0.00023071980224097536	407460402	3495
ORDINAL	MP05	1	3890	model.layers.0.mlp.act_fn	DECODE	ACTIVATION	1	2368	2368	0	170180451	1.3914641699944725e-05	407460402	3495
ORDINAL	MP05	1	3891	model.layers.0.mlp.down_proj	DECODE	DOWN_PROJECTION	1	20576	20576	0	170180451	0.00012090695423060078	407460402	3495
ORDINAL	MP05	1	3892	model.layers.1.self_attn	DECODE	ATTENTION	6	27552	27552	0	170180451	0.00016189873653584336	407460402	3495
ORDINAL	MP05	1	3893	model.layers.1.mlp.gate_up_proj	DECODE	GATE_UP_PROJECTION	1	39872	39872	0	170180451	0.0002342924805152855	407460402	3495
ORDINAL	MP05	1	3894	model.layers.1.mlp.act_fn	DECODE	ACTIVATION	1	2368	2368	0	170180451	1.3914641699944725e-05	407460402	3495
ORDINAL	MP05	1	3895	model.layers.1.mlp.down_proj	DECODE	DOWN_PROJECTION	1	21088	21088	0	170180451	0.00012391552540896722	407460402	3495
ORDINAL	MP05	1	3896	model.layers.2.self_attn	DECODE	ATTENTION	6	27552	27552	0	170180451	0.00016189873653584336	407460402	3495
ORDINAL	MP05	1	3897	model.layers.2.mlp.gate_up_proj	DECODE	GATE_UP_PROJECTION	1	38688	38688	0	170180451	0.00022733515966531315	407460402	3495
ORDINAL	MP05	1	3898	model.layers.2.mlp.act_fn	DECODE	ACTIVATION	1	2368	2368	0	170180451	1.3914641699944725e-05	407460402	3495
ORDINAL	MP05	1	3899	model.layers.2.mlp.down_proj	DECODE	DOWN_PROJECTION	1	20416	20416	0	170180451	0.00011996677573736128	407460402	3495
ORDINAL	MP05	1	3900	model.layers.3.self_attn	DECODE	ATTENTION	6	28032	28032	0	170180451	0.00016471927201556187	407460402	3495
ORDINAL	MP05	1	3901	model.layers.3.mlp.gate_up_proj	DECODE	GATE_UP_PROJECTION	1	39360	39360	0	170180451	0.0002312839093369191	407460402	3495
ORDINAL	MP05	1	3902	model.layers.3.mlp.act_fn	DECODE	ACTIVATION	1	2368	2368	0	170180451	1.3914641699944725e-05	407460402	3495
ORDINAL	MP05	1	3903	model.layers.3.mlp.down_proj	DECODE	DOWN_PROJECTION	1	20672	20672	0	170180451	0.00012147106132654449	407460402	3495
ORDINAL	MP05	1	3904	model.layers.4.self_attn	DECODE	ATTENTION	6	27424	27424	0	170180451	0.00016114659374125175	407460402	3495
ORDINAL	MP05	1	3905	model.layers.4.mlp.gate_up_proj	DECODE	GATE_UP_PROJECTION	1	38880	38880	0	170180451	0.00022846337385720055	407460402	3495
ORDINAL	MP05	1	3906	model.layers.4.mlp.act_fn	DECODE	ACTIVATION	1	2368	2368	0	170180451	1.3914641699944725e-05	407460402	3495
ORDINAL	MP05	1	3907	model.layers.4.mlp.down_proj	DECODE	DOWN_PROJECTION	1	20416	20416	0	170180451	0.00011996677573736128	407460402	3495
ORDINAL	MP05	1	3908	model.layers.5.self_attn	DECODE	ATTENTION	6	27552	27552	0	170180451	0.00016189873653584336	407460402	3495
ORDINAL	MP05	1	3909	model.layers.5.mlp.gate_up_proj	DECODE	GATE_UP_PROJECTION	1	38848	38848	0	170180451	0.00022827533815855265	407460402	3495
ORDINAL	MP05	1	3910	model.layers.5.mlp.act_fn	DECODE	ACTIVATION	1	2368	2368	0	170180451	1.3914641699944725e-05	407460402	3495
ORDINAL	MP05	1	3911	model.layers.5.mlp.down_proj	DECODE	DOWN_PROJECTION	1	20512	20512	0	170180451	0.00012053088283330498	407460402	3495
ORDINAL	MP05	1	3912	model.layers.6.self_attn	DECODE	ATTENTION	6	27680	27680	0	170180451	0.00016265087933043496	407460402	3495
ORDINAL	MP05	1	3913	model.layers.6.mlp.gate_up_proj	DECODE	GATE_UP_PROJECTION	1	38944	38944	0	170180451	0.00022883944525449635	407460402	3495
ORDINAL	MP05	1	3914	model.layers.6.mlp.act_fn	DECODE	ACTIVATION	1	2400	2400	0	170180451	1.4102677398592628e-05	407460402	3495
ORDINAL	MP05	1	3915	model.layers.6.mlp.down_proj	DECODE	DOWN_PROJECTION	1	20480	20480	0	170180451	0.00012034284713465708	407460402	3495
ORDINAL	MP05	1	3916	model.layers.7.self_attn	DECODE	ATTENTION	6	27520	27520	0	170180451	0.00016171070083719546	407460402	3495
ORDINAL	MP05	1	3917	model.layers.7.mlp.gate_up_proj	DECODE	GATE_UP_PROJECTION	1	38944	38944	0	170180451	0.00022883944525449635	407460402	3495
ORDINAL	MP05	1	3918	model.layers.7.mlp.act_fn	DECODE	ACTIVATION	1	2400	2400	0	170180451	1.4102677398592628e-05	407460402	3495
ORDINAL	MP05	1	3919	model.layers.7.mlp.down_proj	DECODE	DOWN_PROJECTION	1	20480	20480	0	170180451	0.00012034284713465708	407460402	3495
ORDINAL	MP05	1	3920	model.layers.8.self_attn	DECODE	ATTENTION	6	27488	27488	0	170180451	0.00016152266513854755	407460402	3495
ORDINAL	MP05	1	3921	model.layers.8.mlp.gate_up_proj	DECODE	GATE_UP_PROJECTION	1	39360	39360	0	170180451	0.0002312839093369191	407460402	3495
ORDINAL	MP05	1	3922	model.layers.8.mlp.act_fn	DECODE	ACTIVATION	1	2400	2400	0	170180451	1.4102677398592628e-05	407460402	3495
ORDINAL	MP05	1	3923	model.layers.8.mlp.down_proj	DECODE	DOWN_PROJECTION	1	20512	20512	0	170180451	0.00012053088283330498	407460402	3495
ORDINAL	MP05	1	3924	model.layers.9.self_attn	DECODE	ATTENTION	6	27712	27712	0	170180451	0.00016283891502908286	407460402	3495
ORDINAL	MP05	1	3925	model.layers.9.mlp.gate_up_proj	DECODE	GATE_UP_PROJECTION	1	39008	39008	0	170180451	0.00022921551665179216	407460402	3495
ORDINAL	MP05	1	3926	model.layers.9.mlp.act_fn	DECODE	ACTIVATION	1	2368	2368	0	170180451	1.3914641699944725e-05	407460402	3495
ORDINAL	MP05	1	3927	model.layers.9.mlp.down_proj	DECODE	DOWN_PROJECTION	1	20704	20704	0	170180451	0.0001216590970251924	407460402	3495
ORDINAL	MP05	1	3928	model.layers.10.self_attn	DECODE	ATTENTION	6	27840	27840	0	170180451	0.00016359105782367446	407460402	3495
ORDINAL	MP05	1	3929	model.layers.10.mlp.gate_up_proj	DECODE	GATE_UP_PROJECTION	1	39680	39680	0	170180451	0.0002331642663233981	407460402	3495
ORDINAL	MP05	1	3930	model.layers.10.mlp.act_fn	DECODE	ACTIVATION	1	2400	2400	0	170180451	1.4102677398592628e-05	407460402	3495
ORDINAL	MP05	1	3931	model.layers.10.mlp.down_proj	DECODE	DOWN_PROJECTION	1	20448	20448	0	170180451	0.00012015481143600918	407460402	3495
ORDINAL	MP05	1	3932	model.layers.11.self_attn	DECODE	ATTENTION	6	27712	27712	0	170180451	0.00016283891502908286	407460402	3495
ORDINAL	MP05	1	3933	model.layers.11.mlp.gate_up_proj	DECODE	GATE_UP_PROJECTION	1	39136	39136	0	170180451	0.00022996765944638376	407460402	3495
ORDINAL	MP05	1	3934	model.layers.11.mlp.act_fn	DECODE	ACTIVATION	1	2400	2400	0	170180451	1.4102677398592628e-05	407460402	3495
ORDINAL	MP05	1	3935	model.layers.11.mlp.down_proj	DECODE	DOWN_PROJECTION	1	20512	20512	0	170180451	0.00012053088283330498	407460402	3495
ORDINAL	MP05	1	3936	model.layers.12.self_attn	DECODE	ATTENTION	6	27648	27648	0	170180451	0.00016246284363178706	407460402	3495
ORDINAL	MP05	1	3937	model.layers.12.mlp.gate_up_proj	DECODE	GATE_UP_PROJECTION	1	39360	39360	0	170180451	0.0002312839093369191	407460402	3495
ORDINAL	MP05	1	3938	model.layers.12.mlp.act_fn	DECODE	ACTIVATION	1	2400	2400	0	170180451	1.4102677398592628e-05	407460402	3495
ORDINAL	MP05	1	3939	model.layers.12.mlp.down_proj	DECODE	DOWN_PROJECTION	1	20512	20512	0	170180451	0.00012053088283330498	407460402	3495
ORDINAL	MP05	1	3940	model.layers.13.self_attn	DECODE	ATTENTION	6	27744	27744	0	170180451	0.00016302695072773076	407460402	3495
ORDINAL	MP05	1	3941	model.layers.13.mlp.gate_up_proj	DECODE	GATE_UP_PROJECTION	1	39296	39296	0	170180451	0.00023090783793962326	407460402	3495
ORDINAL	MP05	1	3942	model.layers.13.mlp.act_fn	DECODE	ACTIVATION	1	2368	2368	0	170180451	1.3914641699944725e-05	407460402	3495
ORDINAL	MP05	1	3943	model.layers.13.mlp.down_proj	DECODE	DOWN_PROJECTION	1	20384	20384	0	170180451	0.00011977874003871338	407460402	3495
ORDINAL	MP05	1	3944	model.layers.14.self_attn	DECODE	ATTENTION	6	27776	27776	0	170180451	0.00016321498642637866	407460402	3495
ORDINAL	MP05	1	3945	model.layers.14.mlp.gate_up_proj	DECODE	GATE_UP_PROJECTION	1	39328	39328	0	170180451	0.0002310958736382712	407460402	3495
ORDINAL	MP05	1	3946	model.layers.14.mlp.act_fn	DECODE	ACTIVATION	1	2368	2368	0	170180451	1.3914641699944725e-05	407460402	3495
ORDINAL	MP05	1	3947	model.layers.14.mlp.down_proj	DECODE	DOWN_PROJECTION	1	20416	20416	0	170180451	0.00011996677573736128	407460402	3495
ORDINAL	MP05	1	3948	model.layers.15.self_attn	DECODE	ATTENTION	6	27776	27776	0	170180451	0.00016321498642637866	407460402	3495
ORDINAL	MP05	1	3949	model.layers.15.mlp.gate_up_proj	DECODE	GATE_UP_PROJECTION	1	38688	38688	0	170180451	0.00022733515966531315	407460402	3495
ORDINAL	MP05	1	3950	model.layers.15.mlp.act_fn	DECODE	ACTIVATION	1	2400	2400	0	170180451	1.4102677398592628e-05	407460402	3495
ORDINAL	MP05	1	3951	model.layers.15.mlp.down_proj	DECODE	DOWN_PROJECTION	1	20384	20384	0	170180451	0.00011977874003871338	407460402	3495
ORDINAL	MP05	1	3952	model.layers.16.self_attn	DECODE	ATTENTION	6	27584	27584	0	170180451	0.00016208677223449126	407460402	3495
ORDINAL	MP05	1	3953	model.layers.16.mlp.gate_up_proj	DECODE	GATE_UP_PROJECTION	1	39072	39072	0	170180451	0.00022959158804908796	407460402	3495
ORDINAL	MP05	1	3954	model.layers.16.mlp.act_fn	DECODE	ACTIVATION	1	2368	2368	0	170180451	1.3914641699944725e-05	407460402	3495
ORDINAL	MP05	1	3955	model.layers.16.mlp.down_proj	DECODE	DOWN_PROJECTION	1	20480	20480	0	170180451	0.00012034284713465708	407460402	3495
ORDINAL	MP05	1	3956	model.layers.17.self_attn	DECODE	ATTENTION	6	27648	27648	0	170180451	0.00016246284363178706	407460402	3495
ORDINAL	MP05	1	3957	model.layers.17.mlp.gate_up_proj	DECODE	GATE_UP_PROJECTION	1	38880	38880	0	170180451	0.00022846337385720055	407460402	3495
ORDINAL	MP05	1	3958	model.layers.17.mlp.act_fn	DECODE	ACTIVATION	1	2400	2400	0	170180451	1.4102677398592628e-05	407460402	3495
ORDINAL	MP05	1	3959	model.layers.17.mlp.down_proj	DECODE	DOWN_PROJECTION	1	20352	20352	0	170180451	0.00011959070434006548	407460402	3495
ORDINAL	MP05	1	3960	model.layers.18.self_attn	DECODE	ATTENTION	6	27488	27488	0	170180451	0.00016152266513854755	407460402	3495
ORDINAL	MP05	1	3961	model.layers.18.mlp.gate_up_proj	DECODE	GATE_UP_PROJECTION	1	39264	39264	0	170180451	0.00023071980224097536	407460402	3495
ORDINAL	MP05	1	3962	model.layers.18.mlp.act_fn	DECODE	ACTIVATION	1	2368	2368	0	170180451	1.3914641699944725e-05	407460402	3495
ORDINAL	MP05	1	3963	model.layers.18.mlp.down_proj	DECODE	DOWN_PROJECTION	1	20480	20480	0	170180451	0.00012034284713465708	407460402	3495
ORDINAL	MP05	1	3964	model.layers.19.self_attn	DECODE	ATTENTION	6	27616	27616	0	170180451	0.00016227480793313916	407460402	3495
ORDINAL	MP05	1	3965	model.layers.19.mlp.gate_up_proj	DECODE	GATE_UP_PROJECTION	1	38848	38848	0	170180451	0.00022827533815855265	407460402	3495
ORDINAL	MP05	1	3966	model.layers.19.mlp.act_fn	DECODE	ACTIVATION	1	2400	2400	0	170180451	1.4102677398592628e-05	407460402	3495
ORDINAL	MP05	1	3967	model.layers.19.mlp.down_proj	DECODE	DOWN_PROJECTION	1	20416	20416	0	170180451	0.00011996677573736128	407460402	3495
ORDINAL	MP05	1	3968	model.layers.20.self_attn	DECODE	ATTENTION	6	27392	27392	0	170180451	0.00016095855804260385	407460402	3495
ORDINAL	MP05	1	3969	model.layers.20.mlp.gate_up_proj	DECODE	GATE_UP_PROJECTION	1	38848	38848	0	170180451	0.00022827533815855265	407460402	3495
ORDINAL	MP05	1	3970	model.layers.20.mlp.act_fn	DECODE	ACTIVATION	1	2368	2368	0	170180451	1.3914641699944725e-05	407460402	3495
ORDINAL	MP05	1	3971	model.layers.20.mlp.down_proj	DECODE	DOWN_PROJECTION	1	20416	20416	0	170180451	0.00011996677573736128	407460402	3495
ORDINAL	MP05	1	3972	model.layers.21.self_attn	DECODE	ATTENTION	6	27648	27648	0	170180451	0.00016246284363178706	407460402	3495
ORDINAL	MP05	1	3973	model.layers.21.mlp.gate_up_proj	DECODE	GATE_UP_PROJECTION	1	39520	39520	0	170180451	0.0002322240878301586	407460402	3495
ORDINAL	MP05	1	3974	model.layers.21.mlp.act_fn	DECODE	ACTIVATION	1	2368	2368	0	170180451	1.3914641699944725e-05	407460402	3495
ORDINAL	MP05	1	3975	model.layers.21.mlp.down_proj	DECODE	DOWN_PROJECTION	1	20288	20288	0	170180451	0.00011921463294276968	407460402	3495
ORDINAL	MP05	1	3976	model.layers.22.self_attn	DECODE	ATTENTION	6	27807	27807	0	170180451	0.00016339714600944381	407460402	3495
ORDINAL	MP05	1	3977	model.layers.22.mlp.gate_up_proj	DECODE	GATE_UP_PROJECTION	1	39520	39520	0	170180451	0.0002322240878301586	407460402	3495
ORDINAL	MP05	1	3978	model.layers.22.mlp.act_fn	DECODE	ACTIVATION	1	2400	2400	0	170180451	1.4102677398592628e-05	407460402	3495
ORDINAL	MP05	1	3979	model.layers.22.mlp.down_proj	DECODE	DOWN_PROJECTION	1	20768	20768	0	170180451	0.0001220351684224882	407460402	3495
ORDINAL	MP05	1	3980	model.layers.23.self_attn	DECODE	ATTENTION	6	27680	27680	0	170180451	0.00016265087933043496	407460402	3495
ORDINAL	MP05	1	3981	model.layers.23.mlp.gate_up_proj	DECODE	GATE_UP_PROJECTION	1	39392	39392	0	170180451	0.000231471945035567	407460402	3495
ORDINAL	MP05	1	3982	model.layers.23.mlp.act_fn	DECODE	ACTIVATION	1	2400	2400	0	170180451	1.4102677398592628e-05	407460402	3495
ORDINAL	MP05	1	3983	model.layers.23.mlp.down_proj	DECODE	DOWN_PROJECTION	1	20512	20512	0	170180451	0.00012053088283330498	407460402	3495
ORDINAL	MP05	1	3984	model.layers.24.self_attn	DECODE	ATTENTION	6	27584	27584	0	170180451	0.00016208677223449126	407460402	3495
ORDINAL	MP05	1	3985	model.layers.24.mlp.gate_up_proj	DECODE	GATE_UP_PROJECTION	1	39360	39360	0	170180451	0.0002312839093369191	407460402	3495
ORDINAL	MP05	1	3986	model.layers.24.mlp.act_fn	DECODE	ACTIVATION	1	2368	2368	0	170180451	1.3914641699944725e-05	407460402	3495
ORDINAL	MP05	1	3987	model.layers.24.mlp.down_proj	DECODE	DOWN_PROJECTION	1	20640	20640	0	170180451	0.00012128302562789659	407460402	3495
ORDINAL	MP05	1	3988	model.layers.25.self_attn	DECODE	ATTENTION	6	27616	27616	0	170180451	0.00016227480793313916	407460402	3495
ORDINAL	MP05	1	3989	model.layers.25.mlp.gate_up_proj	DECODE	GATE_UP_PROJECTION	1	38816	38816	0	170180451	0.00022808730245990475	407460402	3495
ORDINAL	MP05	1	3990	model.layers.25.mlp.act_fn	DECODE	ACTIVATION	1	2368	2368	0	170180451	1.3914641699944725e-05	407460402	3495
ORDINAL	MP05	1	3991	model.layers.25.mlp.down_proj	DECODE	DOWN_PROJECTION	1	20448	20448	0	170180451	0.00012015481143600918	407460402	3495
ORDINAL	MP05	1	3992	model.layers.26.self_attn	DECODE	ATTENTION	6	27616	27616	0	170180451	0.00016227480793313916	407460402	3495
ORDINAL	MP05	1	3993	model.layers.26.mlp.gate_up_proj	DECODE	GATE_UP_PROJECTION	1	38560	38560	0	170180451	0.00022658301687072154	407460402	3495
ORDINAL	MP05	1	3994	model.layers.26.mlp.act_fn	DECODE	ACTIVATION	1	2368	2368	0	170180451	1.3914641699944725e-05	407460402	3495
ORDINAL	MP05	1	3995	model.layers.26.mlp.down_proj	DECODE	DOWN_PROJECTION	1	20608	20608	0	170180451	0.00012109498992924868	407460402	3495
ORDINAL	MP05	1	3996	model.layers.27.self_attn	DECODE	ATTENTION	6	27456	27456	0	170180451	0.00016133462943989965	407460402	3495
ORDINAL	MP05	1	3997	model.layers.27.mlp.gate_up_proj	DECODE	GATE_UP_PROJECTION	1	38912	38912	0	170180451	0.00022865140955584845	407460402	3495
ORDINAL	MP05	1	3998	model.layers.27.mlp.act_fn	DECODE	ACTIVATION	1	2400	2400	0	170180451	1.4102677398592628e-05	407460402	3495
ORDINAL	MP05	1	3999	model.layers.27.mlp.down_proj	DECODE	DOWN_PROJECTION	1	20416	20416	0	170180451	0.00011996677573736128	407460402	3495
ORDINAL	MP05	1	4000	model.layers.28.self_attn	DECODE	ATTENTION	6	27552	27552	0	170180451	0.00016189873653584336	407460402	3495
ORDINAL	MP05	1	4001	model.layers.28.mlp.gate_up_proj	DECODE	GATE_UP_PROJECTION	1	39296	39296	0	170180451	0.00023090783793962326	407460402	3495
ORDINAL	MP05	1	4002	model.layers.28.mlp.act_fn	DECODE	ACTIVATION	1	2368	2368	0	170180451	1.3914641699944725e-05	407460402	3495
ORDINAL	MP05	1	4003	model.layers.28.mlp.down_proj	DECODE	DOWN_PROJECTION	1	20448	20448	0	170180451	0.00012015481143600918	407460402	3495
ORDINAL	MP05	1	4004	model.layers.29.self_attn	DECODE	ATTENTION	6	27840	27840	0	170180451	0.00016359105782367446	407460402	3495
ORDINAL	MP05	1	4005	model.layers.29.mlp.gate_up_proj	DECODE	GATE_UP_PROJECTION	1	38624	38624	0	170180451	0.00022695908826801735	407460402	3495
ORDINAL	MP05	1	4006	model.layers.29.mlp.act_fn	DECODE	ACTIVATION	1	2400	2400	0	170180451	1.4102677398592628e-05	407460402	3495
ORDINAL	MP05	1	4007	model.layers.29.mlp.down_proj	DECODE	DOWN_PROJECTION	1	20448	20448	0	170180451	0.00012015481143600918	407460402	3495
ORDINAL	MP05	1	4008	model.layers.30.self_attn	DECODE	ATTENTION	6	27744	27744	0	170180451	0.00016302695072773076	407460402	3495
ORDINAL	MP05	1	4009	model.layers.30.mlp.gate_up_proj	DECODE	GATE_UP_PROJECTION	1	39072	39072	0	170180451	0.00022959158804908796	407460402	3495
ORDINAL	MP05	1	4010	model.layers.30.mlp.act_fn	DECODE	ACTIVATION	1	2400	2400	0	170180451	1.4102677398592628e-05	407460402	3495
ORDINAL	MP05	1	4011	model.layers.30.mlp.down_proj	DECODE	DOWN_PROJECTION	1	20608	20608	0	170180451	0.00012109498992924868	407460402	3495
ORDINAL	MP05	1	4012	model.layers.31.self_attn	DECODE	ATTENTION	6	27424	27424	0	170180451	0.00016114659374125175	407460402	3495
ORDINAL	MP05	1	4013	model.layers.31.mlp.gate_up_proj	DECODE	GATE_UP_PROJECTION	1	38944	38944	0	170180451	0.00022883944525449635	407460402	3495
ORDINAL	MP05	1	4014	model.layers.31.mlp.act_fn	DECODE	ACTIVATION	1	2368	2368	0	170180451	1.3914641699944725e-05	407460402	3495
ORDINAL	MP05	1	4015	model.layers.31.mlp.down_proj	DECODE	DOWN_PROJECTION	1	20384	20384	0	170180451	0.00011977874003871338	407460402	3495
ORDINAL	MP05	1	4016	model.layers.32.self_attn	DECODE	ATTENTION	6	27296	27296	0	170180451	0.00016039445094666015	407460402	3495
ORDINAL	MP05	1	4017	model.layers.32.mlp.gate_up_proj	DECODE	GATE_UP_PROJECTION	1	38880	38880	0	170180451	0.00022846337385720055	407460402	3495
ORDINAL	MP05	1	4018	model.layers.32.mlp.act_fn	DECODE	ACTIVATION	1	2400	2400	0	170180451	1.4102677398592628e-05	407460402	3495
ORDINAL	MP05	1	4019	model.layers.32.mlp.down_proj	DECODE	DOWN_PROJECTION	1	20480	20480	0	170180451	0.00012034284713465708	407460402	3495
ORDINAL	MP05	1	4020	model.layers.33.self_attn	DECODE	ATTENTION	6	27743	27743	0	170180451	0.000163021074612148	407460402	3495
ORDINAL	MP05	1	4021	model.layers.33.mlp.gate_up_proj	DECODE	GATE_UP_PROJECTION	1	38624	38624	0	170180451	0.00022695908826801735	407460402	3495
ORDINAL	MP05	1	4022	model.layers.33.mlp.act_fn	DECODE	ACTIVATION	1	2368	2368	0	170180451	1.3914641699944725e-05	407460402	3495
ORDINAL	MP05	1	4023	model.layers.33.mlp.down_proj	DECODE	DOWN_PROJECTION	1	20416	20416	0	170180451	0.00011996677573736128	407460402	3495
ORDINAL	MP05	1	4024	model.layers.34.self_attn	DECODE	ATTENTION	6	27648	27648	0	170180451	0.00016246284363178706	407460402	3495
ORDINAL	MP05	1	4025	model.layers.34.mlp.gate_up_proj	DECODE	GATE_UP_PROJECTION	1	39392	39392	0	170180451	0.000231471945035567	407460402	3495
ORDINAL	MP05	1	4026	model.layers.34.mlp.act_fn	DECODE	ACTIVATION	1	2400	2400	0	170180451	1.4102677398592628e-05	407460402	3495
ORDINAL	MP05	1	4027	model.layers.34.mlp.down_proj	DECODE	DOWN_PROJECTION	1	20576	20576	0	170180451	0.00012090695423060078	407460402	3495
ORDINAL	MP05	1	4028	model.layers.35.self_attn	DECODE	ATTENTION	6	28032	28032	0	170180451	0.00016471927201556187	407460402	3495
ORDINAL	MP05	1	4029	model.layers.35.mlp.gate_up_proj	DECODE	GATE_UP_PROJECTION	1	39104	39104	0	170180451	0.00022977962374773586	407460402	3495
ORDINAL	MP05	1	4030	model.layers.35.mlp.act_fn	DECODE	ACTIVATION	1	2400	2400	0	170180451	1.4102677398592628e-05	407460402	3495
ORDINAL	MP05	1	4031	model.layers.35.mlp.down_proj	DECODE	DOWN_PROJECTION	1	20512	20512	0	170180451	0.00012053088283330498	407460402	3495
ORDINAL	MP05	1	4032	model.layers.0.self_attn	DECODE	ATTENTION	6	27936	27936	0	170180451	0.00016415516491961817	407460402	3495
ORDINAL	MP05	1	4033	model.layers.0.mlp.gate_up_proj	DECODE	GATE_UP_PROJECTION	1	38752	38752	0	170180451	0.00022771123106260895	407460402	3495
ORDINAL	MP05	1	4034	model.layers.0.mlp.act_fn	DECODE	ACTIVATION	1	2400	2400	0	170180451	1.4102677398592628e-05	407460402	3495
ORDINAL	MP05	1	4035	model.layers.0.mlp.down_proj	DECODE	DOWN_PROJECTION	1	20576	20576	0	170180451	0.00012090695423060078	407460402	3495
ORDINAL	MP05	1	4036	model.layers.1.self_attn	DECODE	ATTENTION	6	27712	27712	0	170180451	0.00016283891502908286	407460402	3495
ORDINAL	MP05	1	4037	model.layers.1.mlp.gate_up_proj	DECODE	GATE_UP_PROJECTION	1	40224	40224	0	170180451	0.00023636087320041242	407460402	3495
ORDINAL	MP05	1	4038	model.layers.1.mlp.act_fn	DECODE	ACTIVATION	1	2400	2400	0	170180451	1.4102677398592628e-05	407460402	3495
ORDINAL	MP05	1	4039	model.layers.1.mlp.down_proj	DECODE	DOWN_PROJECTION	1	20928	20928	0	170180451	0.0001229753469157277	407460402	3495
ORDINAL	MP05	1	4040	model.layers.2.self_attn	DECODE	ATTENTION	6	27744	27744	0	170180451	0.00016302695072773076	407460402	3495
ORDINAL	MP05	1	4041	model.layers.2.mlp.gate_up_proj	DECODE	GATE_UP_PROJECTION	1	38656	38656	0	170180451	0.00022714712396666525	407460402	3495
ORDINAL	MP05	1	4042	model.layers.2.mlp.act_fn	DECODE	ACTIVATION	1	2400	2400	0	170180451	1.4102677398592628e-05	407460402	3495
ORDINAL	MP05	1	4043	model.layers.2.mlp.down_proj	DECODE	DOWN_PROJECTION	1	20704	20704	0	170180451	0.0001216590970251924	407460402	3495
ORDINAL	MP05	1	4044	model.layers.3.self_attn	DECODE	ATTENTION	6	27808	27808	0	170180451	0.00016340302212502656	407460402	3495
ORDINAL	MP05	1	4045	model.layers.3.mlp.gate_up_proj	DECODE	GATE_UP_PROJECTION	1	39264	39264	0	170180451	0.00023071980224097536	407460402	3495
ORDINAL	MP05	1	4046	model.layers.3.mlp.act_fn	DECODE	ACTIVATION	1	2400	2400	0	170180451	1.4102677398592628e-05	407460402	3495
ORDINAL	MP05	1	4047	model.layers.3.mlp.down_proj	DECODE	DOWN_PROJECTION	1	20512	20512	0	170180451	0.00012053088283330498	407460402	3495
ORDINAL	MP05	1	4048	model.layers.4.self_attn	DECODE	ATTENTION	6	27584	27584	0	170180451	0.00016208677223449126	407460402	3495
ORDINAL	MP05	1	4049	model.layers.4.mlp.gate_up_proj	DECODE	GATE_UP_PROJECTION	1	38560	38560	0	170180451	0.00022658301687072154	407460402	3495
ORDINAL	MP05	1	4050	model.layers.4.mlp.act_fn	DECODE	ACTIVATION	1	2368	2368	0	170180451	1.3914641699944725e-05	407460402	3495
ORDINAL	MP05	1	4051	model.layers.4.mlp.down_proj	DECODE	DOWN_PROJECTION	1	20544	20544	0	170180451	0.00012071891853195288	407460402	3495
ORDINAL	MP05	1	4052	model.layers.5.self_attn	DECODE	ATTENTION	6	27584	27584	0	170180451	0.00016208677223449126	407460402	3495
ORDINAL	MP05	1	4053	model.layers.5.mlp.gate_up_proj	DECODE	GATE_UP_PROJECTION	1	39200	39200	0	170180451	0.00023034373084367956	407460402	3495
ORDINAL	MP05	1	4054	model.layers.5.mlp.act_fn	DECODE	ACTIVATION	1	2368	2368	0	170180451	1.3914641699944725e-05	407460402	3495
ORDINAL	MP05	1	4055	model.layers.5.mlp.down_proj	DECODE	DOWN_PROJECTION	1	20736	20736	0	170180451	0.0001218471327238403	407460402	3495
ORDINAL	MP05	1	4056	model.layers.6.self_attn	DECODE	ATTENTION	6	27488	27488	0	170180451	0.00016152266513854755	407460402	3495
ORDINAL	MP05	1	4057	model.layers.6.mlp.gate_up_proj	DECODE	GATE_UP_PROJECTION	1	38816	38816	0	170180451	0.00022808730245990475	407460402	3495
ORDINAL	MP05	1	4058	model.layers.6.mlp.act_fn	DECODE	ACTIVATION	1	2368	2368	0	170180451	1.3914641699944725e-05	407460402	3495
ORDINAL	MP05	1	4059	model.layers.6.mlp.down_proj	DECODE	DOWN_PROJECTION	1	20448	20448	0	170180451	0.00012015481143600918	407460402	3495
ORDINAL	MP05	1	4060	model.layers.7.self_attn	DECODE	ATTENTION	6	27168	27168	0	170180451	0.00015964230815206855	407460402	3495
ORDINAL	MP05	1	4061	model.layers.7.mlp.gate_up_proj	DECODE	GATE_UP_PROJECTION	1	38656	38656	0	170180451	0.00022714712396666525	407460402	3495
ORDINAL	MP05	1	4062	model.layers.7.mlp.act_fn	DECODE	ACTIVATION	1	2368	2368	0	170180451	1.3914641699944725e-05	407460402	3495
ORDINAL	MP05	1	4063	model.layers.7.mlp.down_proj	DECODE	DOWN_PROJECTION	1	20639	20639	0	170180451	0.00012127714951231385	407460402	3495
ORDINAL	MP05	1	4064	model.layers.8.self_attn	DECODE	ATTENTION	6	27552	27552	0	170180451	0.00016189873653584336	407460402	3495
ORDINAL	MP05	1	4065	model.layers.8.mlp.gate_up_proj	DECODE	GATE_UP_PROJECTION	1	38752	38752	0	170180451	0.00022771123106260895	407460402	3495
ORDINAL	MP05	1	4066	model.layers.8.mlp.act_fn	DECODE	ACTIVATION	1	2400	2400	0	170180451	1.4102677398592628e-05	407460402	3495
ORDINAL	MP05	1	4067	model.layers.8.mlp.down_proj	DECODE	DOWN_PROJECTION	1	20416	20416	0	170180451	0.00011996677573736128	407460402	3495
ORDINAL	MP05	1	4068	model.layers.9.self_attn	DECODE	ATTENTION	6	27328	27328	0	170180451	0.00016058248664530805	407460402	3495
ORDINAL	MP05	1	4069	model.layers.9.mlp.gate_up_proj	DECODE	GATE_UP_PROJECTION	1	39040	39040	0	170180451	0.00022940355235044006	407460402	3495
ORDINAL	MP05	1	4070	model.layers.9.mlp.act_fn	DECODE	ACTIVATION	1	2400	2400	0	170180451	1.4102677398592628e-05	407460402	3495
ORDINAL	MP05	1	4071	model.layers.9.mlp.down_proj	DECODE	DOWN_PROJECTION	1	20640	20640	0	170180451	0.00012128302562789659	407460402	3495
ORDINAL	MP05	1	4072	model.layers.10.self_attn	DECODE	ATTENTION	6	27680	27680	0	170180451	0.00016265087933043496	407460402	3495
ORDINAL	MP05	1	4073	model.layers.10.mlp.gate_up_proj	DECODE	GATE_UP_PROJECTION	1	40032	40032	0	170180451	0.000235232659008525	407460402	3495
ORDINAL	MP05	1	4074	model.layers.10.mlp.act_fn	DECODE	ACTIVATION	1	2399	2399	0	170180451	1.409680128300988e-05	407460402	3495
ORDINAL	MP05	1	4075	model.layers.10.mlp.down_proj	DECODE	DOWN_PROJECTION	1	20480	20480	0	170180451	0.00012034284713465708	407460402	3495
ORDINAL	MP05	1	4076	model.layers.11.self_attn	DECODE	ATTENTION	6	27712	27712	0	170180451	0.00016283891502908286	407460402	3495
ORDINAL	MP05	1	4077	model.layers.11.mlp.gate_up_proj	DECODE	GATE_UP_PROJECTION	1	38912	38912	0	170180451	0.00022865140955584845	407460402	3495
ORDINAL	MP05	1	4078	model.layers.11.mlp.act_fn	DECODE	ACTIVATION	1	2400	2400	0	170180451	1.4102677398592628e-05	407460402	3495
ORDINAL	MP05	1	4079	model.layers.11.mlp.down_proj	DECODE	DOWN_PROJECTION	1	20576	20576	0	170180451	0.00012090695423060078	407460402	3495
ORDINAL	MP05	1	4080	model.layers.12.self_attn	DECODE	ATTENTION	6	27712	27712	0	170180451	0.00016283891502908286	407460402	3495
ORDINAL	MP05	1	4081	model.layers.12.mlp.gate_up_proj	DECODE	GATE_UP_PROJECTION	1	38816	38816	0	170180451	0.00022808730245990475	407460402	3495
ORDINAL	MP05	1	4082	model.layers.12.mlp.act_fn	DECODE	ACTIVATION	1	2400	2400	0	170180451	1.4102677398592628e-05	407460402	3495
ORDINAL	MP05	1	4083	model.layers.12.mlp.down_proj	DECODE	DOWN_PROJECTION	1	20480	20480	0	170180451	0.00012034284713465708	407460402	3495
ORDINAL	MP05	1	4084	model.layers.13.self_attn	DECODE	ATTENTION	6	27680	27680	0	170180451	0.00016265087933043496	407460402	3495
ORDINAL	MP05	1	4085	model.layers.13.mlp.gate_up_proj	DECODE	GATE_UP_PROJECTION	1	39295	39295	0	170180451	0.00023090196182404054	407460402	3495
ORDINAL	MP05	1	4086	model.layers.13.mlp.act_fn	DECODE	ACTIVATION	1	2368	2368	0	170180451	1.3914641699944725e-05	407460402	3495
ORDINAL	MP05	1	4087	model.layers.13.mlp.down_proj	DECODE	DOWN_PROJECTION	1	20640	20640	0	170180451	0.00012128302562789659	407460402	3495
ORDINAL	MP05	1	4088	model.layers.14.self_attn	DECODE	ATTENTION	6	27648	27648	0	170180451	0.00016246284363178706	407460402	3495
ORDINAL	MP05	1	4089	model.layers.14.mlp.gate_up_proj	DECODE	GATE_UP_PROJECTION	1	39520	39520	0	170180451	0.0002322240878301586	407460402	3495
ORDINAL	MP05	1	4090	model.layers.14.mlp.act_fn	DECODE	ACTIVATION	1	2400	2400	0	170180451	1.4102677398592628e-05	407460402	3495
ORDINAL	MP05	1	4091	model.layers.14.mlp.down_proj	DECODE	DOWN_PROJECTION	1	20608	20608	0	170180451	0.00012109498992924868	407460402	3495
ORDINAL	MP05	1	4092	model.layers.15.self_attn	DECODE	ATTENTION	6	27968	27968	0	170180451	0.00016434320061826607	407460402	3495
ORDINAL	MP05	1	4093	model.layers.15.mlp.gate_up_proj	DECODE	GATE_UP_PROJECTION	1	39232	39232	0	170180451	0.00023053176654232746	407460402	3495
ORDINAL	MP05	1	4094	model.layers.15.mlp.act_fn	DECODE	ACTIVATION	1	2400	2400	0	170180451	1.4102677398592628e-05	407460402	3495
ORDINAL	MP05	1	4095	model.layers.15.mlp.down_proj	DECODE	DOWN_PROJECTION	1	20480	20480	0	170180451	0.00012034284713465708	407460402	3495
ORDINAL	MP05	1	4096	model.layers.16.self_attn	DECODE	ATTENTION	6	27648	27648	0	170180451	0.00016246284363178706	407460402	3495
ORDINAL	MP05	1	4097	model.layers.16.mlp.gate_up_proj	DECODE	GATE_UP_PROJECTION	1	38623	38623	0	170180451	0.0002269532121524346	407460402	3495
ORDINAL	MP05	1	4098	model.layers.16.mlp.act_fn	DECODE	ACTIVATION	1	2400	2400	0	170180451	1.4102677398592628e-05	407460402	3495
ORDINAL	MP05	1	4099	model.layers.16.mlp.down_proj	DECODE	DOWN_PROJECTION	1	20448	20448	0	170180451	0.00012015481143600918	407460402	3495
ORDINAL	MP05	1	4100	model.layers.17.self_attn	DECODE	ATTENTION	6	27904	27904	0	170180451	0.00016396712922097027	407460402	3495
ORDINAL	MP05	1	4101	model.layers.17.mlp.gate_up_proj	DECODE	GATE_UP_PROJECTION	1	38912	38912	0	170180451	0.00022865140955584845	407460402	3495
ORDINAL	MP05	1	4102	model.layers.17.mlp.act_fn	DECODE	ACTIVATION	1	2400	2400	0	170180451	1.4102677398592628e-05	407460402	3495
ORDINAL	MP05	1	4103	model.layers.17.mlp.down_proj	DECODE	DOWN_PROJECTION	1	20480	20480	0	170180451	0.00012034284713465708	407460402	3495
ORDINAL	MP05	1	4104	model.layers.18.self_attn	DECODE	ATTENTION	6	28096	28096	0	170180451	0.0001650953434128577	407460402	3495
ORDINAL	MP05	1	4105	model.layers.18.mlp.gate_up_proj	DECODE	GATE_UP_PROJECTION	1	38656	38656	0	170180451	0.00022714712396666525	407460402	3495
ORDINAL	MP05	1	4106	model.layers.18.mlp.act_fn	DECODE	ACTIVATION	1	2368	2368	0	170180451	1.3914641699944725e-05	407460402	3495
ORDINAL	MP05	1	4107	model.layers.18.mlp.down_proj	DECODE	DOWN_PROJECTION	1	20480	20480	0	170180451	0.00012034284713465708	407460402	3495
ORDINAL	MP05	1	4108	model.layers.19.self_attn	DECODE	ATTENTION	6	27520	27520	0	170180451	0.00016171070083719546	407460402	3495
ORDINAL	MP05	1	4109	model.layers.19.mlp.gate_up_proj	DECODE	GATE_UP_PROJECTION	1	38719	38719	0	170180451	0.0002275173192483783	407460402	3495
ORDINAL	MP05	1	4110	model.layers.19.mlp.act_fn	DECODE	ACTIVATION	1	2400	2400	0	170180451	1.4102677398592628e-05	407460402	3495
ORDINAL	MP05	1	4111	model.layers.19.mlp.down_proj	DECODE	DOWN_PROJECTION	1	20480	20480	0	170180451	0.00012034284713465708	407460402	3495
ORDINAL	MP05	1	4112	model.layers.20.self_attn	DECODE	ATTENTION	6	27744	27744	0	170180451	0.00016302695072773076	407460402	3495
ORDINAL	MP05	1	4113	model.layers.20.mlp.gate_up_proj	DECODE	GATE_UP_PROJECTION	1	39168	39168	0	170180451	0.00023015569514503166	407460402	3495
ORDINAL	MP05	1	4114	model.layers.20.mlp.act_fn	DECODE	ACTIVATION	1	2400	2400	0	170180451	1.4102677398592628e-05	407460402	3495
ORDINAL	MP05	1	4115	model.layers.20.mlp.down_proj	DECODE	DOWN_PROJECTION	1	20544	20544	0	170180451	0.00012071891853195288	407460402	3495
ORDINAL	MP05	1	4116	model.layers.21.self_attn	DECODE	ATTENTION	6	27840	27840	0	170180451	0.00016359105782367446	407460402	3495
ORDINAL	MP05	1	4117	model.layers.21.mlp.gate_up_proj	DECODE	GATE_UP_PROJECTION	1	38848	38848	0	170180451	0.00022827533815855265	407460402	3495
ORDINAL	MP05	1	4118	model.layers.21.mlp.act_fn	DECODE	ACTIVATION	1	2400	2400	0	170180451	1.4102677398592628e-05	407460402	3495
ORDINAL	MP05	1	4119	model.layers.21.mlp.down_proj	DECODE	DOWN_PROJECTION	1	20640	20640	0	170180451	0.00012128302562789659	407460402	3495
ORDINAL	MP05	1	4120	model.layers.22.self_attn	DECODE	ATTENTION	6	27840	27840	0	170180451	0.00016359105782367446	407460402	3495
ORDINAL	MP05	1	4121	model.layers.22.mlp.gate_up_proj	DECODE	GATE_UP_PROJECTION	1	38783	38783	0	170180451	0.0002278933906456741	407460402	3495
ORDINAL	MP05	1	4122	model.layers.22.mlp.act_fn	DECODE	ACTIVATION	1	2400	2400	0	170180451	1.4102677398592628e-05	407460402	3495
ORDINAL	MP05	1	4123	model.layers.22.mlp.down_proj	DECODE	DOWN_PROJECTION	1	20480	20480	0	170180451	0.00012034284713465708	407460402	3495
ORDINAL	MP05	1	4124	model.layers.23.self_attn	DECODE	ATTENTION	6	27808	27808	0	170180451	0.00016340302212502656	407460402	3495
ORDINAL	MP05	1	4125	model.layers.23.mlp.gate_up_proj	DECODE	GATE_UP_PROJECTION	1	38624	38624	0	170180451	0.00022695908826801735	407460402	3495
ORDINAL	MP05	1	4126	model.layers.23.mlp.act_fn	DECODE	ACTIVATION	1	2368	2368	0	170180451	1.3914641699944725e-05	407460402	3495
ORDINAL	MP05	1	4127	model.layers.23.mlp.down_proj	DECODE	DOWN_PROJECTION	1	20608	20608	0	170180451	0.00012109498992924868	407460402	3495
ORDINAL	MP05	1	4128	model.layers.24.self_attn	DECODE	ATTENTION	6	27712	27712	0	170180451	0.00016283891502908286	407460402	3495
ORDINAL	MP05	1	4129	model.layers.24.mlp.gate_up_proj	DECODE	GATE_UP_PROJECTION	1	38688	38688	0	170180451	0.00022733515966531315	407460402	3495
ORDINAL	MP05	1	4130	model.layers.24.mlp.act_fn	DECODE	ACTIVATION	1	2400	2400	0	170180451	1.4102677398592628e-05	407460402	3495
ORDINAL	MP05	1	4131	model.layers.24.mlp.down_proj	DECODE	DOWN_PROJECTION	1	20704	20704	0	170180451	0.0001216590970251924	407460402	3495
ORDINAL	MP05	1	4132	model.layers.25.self_attn	DECODE	ATTENTION	6	27744	27744	0	170180451	0.00016302695072773076	407460402	3495
ORDINAL	MP05	1	4133	model.layers.25.mlp.gate_up_proj	DECODE	GATE_UP_PROJECTION	1	38784	38784	0	170180451	0.00022789926676125685	407460402	3495
ORDINAL	MP05	1	4134	model.layers.25.mlp.act_fn	DECODE	ACTIVATION	1	2400	2400	0	170180451	1.4102677398592628e-05	407460402	3495
ORDINAL	MP05	1	4135	model.layers.25.mlp.down_proj	DECODE	DOWN_PROJECTION	1	20576	20576	0	170180451	0.00012090695423060078	407460402	3495
ORDINAL	MP05	1	4136	model.layers.26.self_attn	DECODE	ATTENTION	6	27744	27744	0	170180451	0.00016302695072773076	407460402	3495
ORDINAL	MP05	1	4137	model.layers.26.mlp.gate_up_proj	DECODE	GATE_UP_PROJECTION	1	38976	38976	0	170180451	0.00022902748095314426	407460402	3495
ORDINAL	MP05	1	4138	model.layers.26.mlp.act_fn	DECODE	ACTIVATION	1	2400	2400	0	170180451	1.4102677398592628e-05	407460402	3495
ORDINAL	MP05	1	4139	model.layers.26.mlp.down_proj	DECODE	DOWN_PROJECTION	1	20544	20544	0	170180451	0.00012071891853195288	407460402	3495
ORDINAL	MP05	1	4140	model.layers.27.self_attn	DECODE	ATTENTION	6	27712	27712	0	170180451	0.00016283891502908286	407460402	3495
ORDINAL	MP05	1	4141	model.layers.27.mlp.gate_up_proj	DECODE	GATE_UP_PROJECTION	1	39232	39232	0	170180451	0.00023053176654232746	407460402	3495
ORDINAL	MP05	1	4142	model.layers.27.mlp.act_fn	DECODE	ACTIVATION	1	2400	2400	0	170180451	1.4102677398592628e-05	407460402	3495
ORDINAL	MP05	1	4143	model.layers.27.mlp.down_proj	DECODE	DOWN_PROJECTION	1	20864	20864	0	170180451	0.0001225992755184319	407460402	3495
ORDINAL	MP05	1	4144	model.layers.28.self_attn	DECODE	ATTENTION	6	27647	27647	0	170180451	0.0001624569675162043	407460402	3495
ORDINAL	MP05	1	4145	model.layers.28.mlp.gate_up_proj	DECODE	GATE_UP_PROJECTION	1	39360	39360	0	170180451	0.0002312839093369191	407460402	3495
ORDINAL	MP05	1	4146	model.layers.28.mlp.act_fn	DECODE	ACTIVATION	1	2400	2400	0	170180451	1.4102677398592628e-05	407460402	3495
ORDINAL	MP05	1	4147	model.layers.28.mlp.down_proj	DECODE	DOWN_PROJECTION	1	20672	20672	0	170180451	0.00012147106132654449	407460402	3495
ORDINAL	MP05	1	4148	model.layers.29.self_attn	DECODE	ATTENTION	6	27488	27488	0	170180451	0.00016152266513854755	407460402	3495
ORDINAL	MP05	1	4149	model.layers.29.mlp.gate_up_proj	DECODE	GATE_UP_PROJECTION	1	38752	38752	0	170180451	0.00022771123106260895	407460402	3495
ORDINAL	MP05	1	4150	model.layers.29.mlp.act_fn	DECODE	ACTIVATION	1	2400	2400	0	170180451	1.4102677398592628e-05	407460402	3495
ORDINAL	MP05	1	4151	model.layers.29.mlp.down_proj	DECODE	DOWN_PROJECTION	1	20640	20640	0	170180451	0.00012128302562789659	407460402	3495
ORDINAL	MP05	1	4152	model.layers.30.self_attn	DECODE	ATTENTION	6	27680	27680	0	170180451	0.00016265087933043496	407460402	3495
ORDINAL	MP05	1	4153	model.layers.30.mlp.gate_up_proj	DECODE	GATE_UP_PROJECTION	1	38880	38880	0	170180451	0.00022846337385720055	407460402	3495
ORDINAL	MP05	1	4154	model.layers.30.mlp.act_fn	DECODE	ACTIVATION	1	2368	2368	0	170180451	1.3914641699944725e-05	407460402	3495
ORDINAL	MP05	1	4155	model.layers.30.mlp.down_proj	DECODE	DOWN_PROJECTION	1	20704	20704	0	170180451	0.0001216590970251924	407460402	3495
ORDINAL	MP05	1	4156	model.layers.31.self_attn	DECODE	ATTENTION	6	27392	27392	0	170180451	0.00016095855804260385	407460402	3495
ORDINAL	MP05	1	4157	model.layers.31.mlp.gate_up_proj	DECODE	GATE_UP_PROJECTION	1	38528	38528	0	170180451	0.00022639498117207364	407460402	3495
ORDINAL	MP05	1	4158	model.layers.31.mlp.act_fn	DECODE	ACTIVATION	1	2400	2400	0	170180451	1.4102677398592628e-05	407460402	3495
ORDINAL	MP05	1	4159	model.layers.31.mlp.down_proj	DECODE	DOWN_PROJECTION	1	20768	20768	0	170180451	0.0001220351684224882	407460402	3495
ORDINAL	MP05	1	4160	model.layers.32.self_attn	DECODE	ATTENTION	6	27744	27744	0	170180451	0.00016302695072773076	407460402	3495
ORDINAL	MP05	1	4161	model.layers.32.mlp.gate_up_proj	DECODE	GATE_UP_PROJECTION	1	38880	38880	0	170180451	0.00022846337385720055	407460402	3495
ORDINAL	MP05	1	4162	model.layers.32.mlp.act_fn	DECODE	ACTIVATION	1	2400	2400	0	170180451	1.4102677398592628e-05	407460402	3495
ORDINAL	MP05	1	4163	model.layers.32.mlp.down_proj	DECODE	DOWN_PROJECTION	1	20544	20544	0	170180451	0.00012071891853195288	407460402	3495
ORDINAL	MP05	1	4164	model.layers.33.self_attn	DECODE	ATTENTION	6	27840	27840	0	170180451	0.00016359105782367446	407460402	3495
ORDINAL	MP05	1	4165	model.layers.33.mlp.gate_up_proj	DECODE	GATE_UP_PROJECTION	1	38272	38272	0	170180451	0.0002248906955828904	407460402	3495
ORDINAL	MP05	1	4166	model.layers.33.mlp.act_fn	DECODE	ACTIVATION	1	2400	2400	0	170180451	1.4102677398592628e-05	407460402	3495
ORDINAL	MP05	1	4167	model.layers.33.mlp.down_proj	DECODE	DOWN_PROJECTION	1	20544	20544	0	170180451	0.00012071891853195288	407460402	3495
ORDINAL	MP05	1	4168	model.layers.34.self_attn	DECODE	ATTENTION	6	27808	27808	0	170180451	0.00016340302212502656	407460402	3495
ORDINAL	MP05	1	4169	model.layers.34.mlp.gate_up_proj	DECODE	GATE_UP_PROJECTION	1	38656	38656	0	170180451	0.00022714712396666525	407460402	3495
ORDINAL	MP05	1	4170	model.layers.34.mlp.act_fn	DECODE	ACTIVATION	1	2400	2400	0	170180451	1.4102677398592628e-05	407460402	3495
ORDINAL	MP05	1	4171	model.layers.34.mlp.down_proj	DECODE	DOWN_PROJECTION	1	20640	20640	0	170180451	0.00012128302562789659	407460402	3495
ORDINAL	MP05	1	4172	model.layers.35.self_attn	DECODE	ATTENTION	6	27456	27456	0	170180451	0.00016133462943989965	407460402	3495
ORDINAL	MP05	1	4173	model.layers.35.mlp.gate_up_proj	DECODE	GATE_UP_PROJECTION	1	38752	38752	0	170180451	0.00022771123106260895	407460402	3495
ORDINAL	MP05	1	4174	model.layers.35.mlp.act_fn	DECODE	ACTIVATION	1	2400	2400	0	170180451	1.4102677398592628e-05	407460402	3495
ORDINAL	MP05	1	4175	model.layers.35.mlp.down_proj	DECODE	DOWN_PROJECTION	1	20384	20384	0	170180451	0.00011977874003871338	407460402	3495
ORDINAL	MP05	1	4176	model.layers.0.self_attn	DECODE	ATTENTION	6	28096	28096	0	170180451	0.0001650953434128577	407460402	3495
ORDINAL	MP05	1	4177	model.layers.0.mlp.gate_up_proj	DECODE	GATE_UP_PROJECTION	1	39616	39616	0	170180451	0.0002327881949261023	407460402	3495
ORDINAL	MP05	1	4178	model.layers.0.mlp.act_fn	DECODE	ACTIVATION	1	2368	2368	0	170180451	1.3914641699944725e-05	407460402	3495
ORDINAL	MP05	1	4179	model.layers.0.mlp.down_proj	DECODE	DOWN_PROJECTION	1	20448	20448	0	170180451	0.00012015481143600918	407460402	3495
ORDINAL	MP05	1	4180	model.layers.1.self_attn	DECODE	ATTENTION	6	27808	27808	0	170180451	0.00016340302212502656	407460402	3495
ORDINAL	MP05	1	4181	model.layers.1.mlp.gate_up_proj	DECODE	GATE_UP_PROJECTION	1	39904	39904	0	170180451	0.0002344805162139334	407460402	3495
ORDINAL	MP05	1	4182	model.layers.1.mlp.act_fn	DECODE	ACTIVATION	1	2400	2400	0	170180451	1.4102677398592628e-05	407460402	3495
ORDINAL	MP05	1	4183	model.layers.1.mlp.down_proj	DECODE	DOWN_PROJECTION	1	20832	20832	0	170180451	0.000122411239819784	407460402	3495
ORDINAL	MP05	1	4184	model.layers.2.self_attn	DECODE	ATTENTION	6	27296	27296	0	170180451	0.00016039445094666015	407460402	3495
ORDINAL	MP05	1	4185	model.layers.2.mlp.gate_up_proj	DECODE	GATE_UP_PROJECTION	1	38784	38784	0	170180451	0.00022789926676125685	407460402	3495
ORDINAL	MP05	1	4186	model.layers.2.mlp.act_fn	DECODE	ACTIVATION	1	2368	2368	0	170180451	1.3914641699944725e-05	407460402	3495
ORDINAL	MP05	1	4187	model.layers.2.mlp.down_proj	DECODE	DOWN_PROJECTION	1	20607	20607	0	170180451	0.00012108911381366594	407460402	3495
ORDINAL	MP05	1	4188	model.layers.3.self_attn	DECODE	ATTENTION	6	27968	27968	0	170180451	0.00016434320061826607	407460402	3495
ORDINAL	MP05	1	4189	model.layers.3.mlp.gate_up_proj	DECODE	GATE_UP_PROJECTION	1	39200	39200	0	170180451	0.00023034373084367956	407460402	3495
ORDINAL	MP05	1	4190	model.layers.3.mlp.act_fn	DECODE	ACTIVATION	1	2368	2368	0	170180451	1.3914641699944725e-05	407460402	3495
ORDINAL	MP05	1	4191	model.layers.3.mlp.down_proj	DECODE	DOWN_PROJECTION	1	20672	20672	0	170180451	0.00012147106132654449	407460402	3495
ORDINAL	MP05	1	4192	model.layers.4.self_attn	DECODE	ATTENTION	6	27552	27552	0	170180451	0.00016189873653584336	407460402	3495
ORDINAL	MP05	1	4193	model.layers.4.mlp.gate_up_proj	DECODE	GATE_UP_PROJECTION	1	38752	38752	0	170180451	0.00022771123106260895	407460402	3495
ORDINAL	MP05	1	4194	model.layers.4.mlp.act_fn	DECODE	ACTIVATION	1	2368	2368	0	170180451	1.3914641699944725e-05	407460402	3495
ORDINAL	MP05	1	4195	model.layers.4.mlp.down_proj	DECODE	DOWN_PROJECTION	1	20416	20416	0	170180451	0.00011996677573736128	407460402	3495
ORDINAL	MP05	1	4196	model.layers.5.self_attn	DECODE	ATTENTION	6	27456	27456	0	170180451	0.00016133462943989965	407460402	3495
ORDINAL	MP05	1	4197	model.layers.5.mlp.gate_up_proj	DECODE	GATE_UP_PROJECTION	1	39007	39007	0	170180451	0.0002292096405362094	407460402	3495
ORDINAL	MP05	1	4198	model.layers.5.mlp.act_fn	DECODE	ACTIVATION	1	2368	2368	0	170180451	1.3914641699944725e-05	407460402	3495
ORDINAL	MP05	1	4199	model.layers.5.mlp.down_proj	DECODE	DOWN_PROJECTION	1	20640	20640	0	170180451	0.00012128302562789659	407460402	3495
ORDINAL	MP05	1	4200	model.layers.6.self_attn	DECODE	ATTENTION	6	27680	27680	0	170180451	0.00016265087933043496	407460402	3495
ORDINAL	MP05	1	4201	model.layers.6.mlp.gate_up_proj	DECODE	GATE_UP_PROJECTION	1	39360	39360	0	170180451	0.0002312839093369191	407460402	3495
ORDINAL	MP05	1	4202	model.layers.6.mlp.act_fn	DECODE	ACTIVATION	1	2368	2368	0	170180451	1.3914641699944725e-05	407460402	3495
ORDINAL	MP05	1	4203	model.layers.6.mlp.down_proj	DECODE	DOWN_PROJECTION	1	20672	20672	0	170180451	0.00012147106132654449	407460402	3495
ORDINAL	MP05	1	4204	model.layers.7.self_attn	DECODE	ATTENTION	6	27552	27552	0	170180451	0.00016189873653584336	407460402	3495
ORDINAL	MP05	1	4205	model.layers.7.mlp.gate_up_proj	DECODE	GATE_UP_PROJECTION	1	39136	39136	0	170180451	0.00022996765944638376	407460402	3495
ORDINAL	MP05	1	4206	model.layers.7.mlp.act_fn	DECODE	ACTIVATION	1	2400	2400	0	170180451	1.4102677398592628e-05	407460402	3495
ORDINAL	MP05	1	4207	model.layers.7.mlp.down_proj	DECODE	DOWN_PROJECTION	1	20736	20736	0	170180451	0.0001218471327238403	407460402	3495
ORDINAL	MP05	1	4208	model.layers.8.self_attn	DECODE	ATTENTION	6	27424	27424	0	170180451	0.00016114659374125175	407460402	3495
ORDINAL	MP05	1	4209	model.layers.8.mlp.gate_up_proj	DECODE	GATE_UP_PROJECTION	1	39168	39168	0	170180451	0.00023015569514503166	407460402	3495
ORDINAL	MP05	1	4210	model.layers.8.mlp.act_fn	DECODE	ACTIVATION	1	2400	2400	0	170180451	1.4102677398592628e-05	407460402	3495
ORDINAL	MP05	1	4211	model.layers.8.mlp.down_proj	DECODE	DOWN_PROJECTION	1	20224	20224	0	170180451	0.00011883856154547387	407460402	3495
ORDINAL	MP05	1	4212	model.layers.9.self_attn	DECODE	ATTENTION	6	27392	27392	0	170180451	0.00016095855804260385	407460402	3495
ORDINAL	MP05	1	4213	model.layers.9.mlp.gate_up_proj	DECODE	GATE_UP_PROJECTION	1	38688	38688	0	170180451	0.00022733515966531315	407460402	3495
ORDINAL	MP05	1	4214	model.layers.9.mlp.act_fn	DECODE	ACTIVATION	1	2400	2400	0	170180451	1.4102677398592628e-05	407460402	3495
ORDINAL	MP05	1	4215	model.layers.9.mlp.down_proj	DECODE	DOWN_PROJECTION	1	20672	20672	0	170180451	0.00012147106132654449	407460402	3495
ORDINAL	MP05	1	4216	model.layers.10.self_attn	DECODE	ATTENTION	6	27680	27680	0	170180451	0.00016265087933043496	407460402	3495
ORDINAL	MP05	1	4217	model.layers.10.mlp.gate_up_proj	DECODE	GATE_UP_PROJECTION	1	39296	39296	0	170180451	0.00023090783793962326	407460402	3495
ORDINAL	MP05	1	4218	model.layers.10.mlp.act_fn	DECODE	ACTIVATION	1	2368	2368	0	170180451	1.3914641699944725e-05	407460402	3495
ORDINAL	MP05	1	4219	model.layers.10.mlp.down_proj	DECODE	DOWN_PROJECTION	1	20608	20608	0	170180451	0.00012109498992924868	407460402	3495
ORDINAL	MP05	1	4220	model.layers.11.self_attn	DECODE	ATTENTION	6	27936	27936	0	170180451	0.00016415516491961817	407460402	3495
ORDINAL	MP05	1	4221	model.layers.11.mlp.gate_up_proj	DECODE	GATE_UP_PROJECTION	1	39360	39360	0	170180451	0.0002312839093369191	407460402	3495
ORDINAL	MP05	1	4222	model.layers.11.mlp.act_fn	DECODE	ACTIVATION	1	2400	2400	0	170180451	1.4102677398592628e-05	407460402	3495
ORDINAL	MP05	1	4223	model.layers.11.mlp.down_proj	DECODE	DOWN_PROJECTION	1	20480	20480	0	170180451	0.00012034284713465708	407460402	3495
ORDINAL	MP05	1	4224	model.layers.12.self_attn	DECODE	ATTENTION	6	27808	27808	0	170180451	0.00016340302212502656	407460402	3495
ORDINAL	MP05	1	4225	model.layers.12.mlp.gate_up_proj	DECODE	GATE_UP_PROJECTION	1	39648	39648	0	170180451	0.0002329762306247502	407460402	3495
ORDINAL	MP05	1	4226	model.layers.12.mlp.act_fn	DECODE	ACTIVATION	1	2400	2400	0	170180451	1.4102677398592628e-05	407460402	3495
ORDINAL	MP05	1	4227	model.layers.12.mlp.down_proj	DECODE	DOWN_PROJECTION	1	20736	20736	0	170180451	0.0001218471327238403	407460402	3495
ORDINAL	MP05	1	4228	model.layers.13.self_attn	DECODE	ATTENTION	6	27456	27456	0	170180451	0.00016133462943989965	407460402	3495
ORDINAL	MP05	1	4229	model.layers.13.mlp.gate_up_proj	DECODE	GATE_UP_PROJECTION	1	39424	39424	0	170180451	0.0002316599807342149	407460402	3495
ORDINAL	MP05	1	4230	model.layers.13.mlp.act_fn	DECODE	ACTIVATION	1	2368	2368	0	170180451	1.3914641699944725e-05	407460402	3495
ORDINAL	MP05	1	4231	model.layers.13.mlp.down_proj	DECODE	DOWN_PROJECTION	1	20896	20896	0	170180451	0.0001227873112170798	407460402	3495
ORDINAL	MP05	1	4232	model.layers.14.self_attn	DECODE	ATTENTION	6	27744	27744	0	170180451	0.00016302695072773076	407460402	3495
ORDINAL	MP05	1	4233	model.layers.14.mlp.gate_up_proj	DECODE	GATE_UP_PROJECTION	1	38880	38880	0	170180451	0.00022846337385720055	407460402	3495
ORDINAL	MP05	1	4234	model.layers.14.mlp.act_fn	DECODE	ACTIVATION	1	2400	2400	0	170180451	1.4102677398592628e-05	407460402	3495
ORDINAL	MP05	1	4235	model.layers.14.mlp.down_proj	DECODE	DOWN_PROJECTION	1	20640	20640	0	170180451	0.00012128302562789659	407460402	3495
ORDINAL	MP05	1	4236	model.layers.15.self_attn	DECODE	ATTENTION	6	27680	27680	0	170180451	0.00016265087933043496	407460402	3495
ORDINAL	MP05	1	4237	model.layers.15.mlp.gate_up_proj	DECODE	GATE_UP_PROJECTION	1	38848	38848	0	170180451	0.00022827533815855265	407460402	3495
ORDINAL	MP05	1	4238	model.layers.15.mlp.act_fn	DECODE	ACTIVATION	1	2400	2400	0	170180451	1.4102677398592628e-05	407460402	3495
ORDINAL	MP05	1	4239	model.layers.15.mlp.down_proj	DECODE	DOWN_PROJECTION	1	20384	20384	0	170180451	0.00011977874003871338	407460402	3495
ORDINAL	MP05	1	4240	model.layers.16.self_attn	DECODE	ATTENTION	6	27616	27616	0	170180451	0.00016227480793313916	407460402	3495
ORDINAL	MP05	1	4241	model.layers.16.mlp.gate_up_proj	DECODE	GATE_UP_PROJECTION	1	39040	39040	0	170180451	0.00022940355235044006	407460402	3495
ORDINAL	MP05	1	4242	model.layers.16.mlp.act_fn	DECODE	ACTIVATION	1	2368	2368	0	170180451	1.3914641699944725e-05	407460402	3495
ORDINAL	MP05	1	4243	model.layers.16.mlp.down_proj	DECODE	DOWN_PROJECTION	1	20224	20224	0	170180451	0.00011883856154547387	407460402	3495
ORDINAL	MP05	1	4244	model.layers.17.self_attn	DECODE	ATTENTION	6	27232	27232	0	170180451	0.00016001837954936435	407460402	3495
ORDINAL	MP05	1	4245	model.layers.17.mlp.gate_up_proj	DECODE	GATE_UP_PROJECTION	1	39168	39168	0	170180451	0.00023015569514503166	407460402	3495
ORDINAL	MP05	1	4246	model.layers.17.mlp.act_fn	DECODE	ACTIVATION	1	2400	2400	0	170180451	1.4102677398592628e-05	407460402	3495
ORDINAL	MP05	1	4247	model.layers.17.mlp.down_proj	DECODE	DOWN_PROJECTION	1	20640	20640	0	170180451	0.00012128302562789659	407460402	3495
ORDINAL	MP05	1	4248	model.layers.18.self_attn	DECODE	ATTENTION	6	28000	28000	0	170180451	0.00016453123631691397	407460402	3495
ORDINAL	MP05	1	4249	model.layers.18.mlp.gate_up_proj	DECODE	GATE_UP_PROJECTION	1	39264	39264	0	170180451	0.00023071980224097536	407460402	3495
ORDINAL	MP05	1	4250	model.layers.18.mlp.act_fn	DECODE	ACTIVATION	1	2400	2400	0	170180451	1.4102677398592628e-05	407460402	3495
ORDINAL	MP05	1	4251	model.layers.18.mlp.down_proj	DECODE	DOWN_PROJECTION	1	20448	20448	0	170180451	0.00012015481143600918	407460402	3495
ORDINAL	MP05	1	4252	model.layers.19.self_attn	DECODE	ATTENTION	6	27680	27680	0	170180451	0.00016265087933043496	407460402	3495
ORDINAL	MP05	1	4253	model.layers.19.mlp.gate_up_proj	DECODE	GATE_UP_PROJECTION	1	38880	38880	0	170180451	0.00022846337385720055	407460402	3495
ORDINAL	MP05	1	4254	model.layers.19.mlp.act_fn	DECODE	ACTIVATION	1	2400	2400	0	170180451	1.4102677398592628e-05	407460402	3495
ORDINAL	MP05	1	4255	model.layers.19.mlp.down_proj	DECODE	DOWN_PROJECTION	1	20480	20480	0	170180451	0.00012034284713465708	407460402	3495
ORDINAL	MP05	1	4256	model.layers.20.self_attn	DECODE	ATTENTION	6	27679	27679	0	170180451	0.0001626450032148522	407460402	3495
ORDINAL	MP05	1	4257	model.layers.20.mlp.gate_up_proj	DECODE	GATE_UP_PROJECTION	1	39328	39328	0	170180451	0.0002310958736382712	407460402	3495
ORDINAL	MP05	1	4258	model.layers.20.mlp.act_fn	DECODE	ACTIVATION	1	2368	2368	0	170180451	1.3914641699944725e-05	407460402	3495
ORDINAL	MP05	1	4259	model.layers.20.mlp.down_proj	DECODE	DOWN_PROJECTION	1	20352	20352	0	170180451	0.00011959070434006548	407460402	3495
ORDINAL	MP05	1	4260	model.layers.21.self_attn	DECODE	ATTENTION	6	27872	27872	0	170180451	0.00016377909352232236	407460402	3495
ORDINAL	MP05	1	4261	model.layers.21.mlp.gate_up_proj	DECODE	GATE_UP_PROJECTION	1	39136	39136	0	170180451	0.00022996765944638376	407460402	3495
ORDINAL	MP05	1	4262	model.layers.21.mlp.act_fn	DECODE	ACTIVATION	1	2368	2368	0	170180451	1.3914641699944725e-05	407460402	3495
ORDINAL	MP05	1	4263	model.layers.21.mlp.down_proj	DECODE	DOWN_PROJECTION	1	20512	20512	0	170180451	0.00012053088283330498	407460402	3495
ORDINAL	MP05	1	4264	model.layers.22.self_attn	DECODE	ATTENTION	6	27616	27616	0	170180451	0.00016227480793313916	407460402	3495
ORDINAL	MP05	1	4265	model.layers.22.mlp.gate_up_proj	DECODE	GATE_UP_PROJECTION	1	39200	39200	0	170180451	0.00023034373084367956	407460402	3495
ORDINAL	MP05	1	4266	model.layers.22.mlp.act_fn	DECODE	ACTIVATION	1	2400	2400	0	170180451	1.4102677398592628e-05	407460402	3495
ORDINAL	MP05	1	4267	model.layers.22.mlp.down_proj	DECODE	DOWN_PROJECTION	1	20320	20320	0	170180451	0.00011940266864141758	407460402	3495
ORDINAL	MP05	1	4268	model.layers.23.self_attn	DECODE	ATTENTION	6	27392	27392	0	170180451	0.00016095855804260385	407460402	3495
ORDINAL	MP05	1	4269	model.layers.23.mlp.gate_up_proj	DECODE	GATE_UP_PROJECTION	1	38912	38912	0	170180451	0.00022865140955584845	407460402	3495
ORDINAL	MP05	1	4270	model.layers.23.mlp.act_fn	DECODE	ACTIVATION	1	2400	2400	0	170180451	1.4102677398592628e-05	407460402	3495
ORDINAL	MP05	1	4271	model.layers.23.mlp.down_proj	DECODE	DOWN_PROJECTION	1	20512	20512	0	170180451	0.00012053088283330498	407460402	3495
ORDINAL	MP05	1	4272	model.layers.24.self_attn	DECODE	ATTENTION	6	27680	27680	0	170180451	0.00016265087933043496	407460402	3495
ORDINAL	MP05	1	4273	model.layers.24.mlp.gate_up_proj	DECODE	GATE_UP_PROJECTION	1	39296	39296	0	170180451	0.00023090783793962326	407460402	3495
ORDINAL	MP05	1	4274	model.layers.24.mlp.act_fn	DECODE	ACTIVATION	1	2368	2368	0	170180451	1.3914641699944725e-05	407460402	3495
ORDINAL	MP05	1	4275	model.layers.24.mlp.down_proj	DECODE	DOWN_PROJECTION	1	20800	20800	0	170180451	0.0001222232041211361	407460402	3495
ORDINAL	MP05	1	4276	model.layers.25.self_attn	DECODE	ATTENTION	6	27584	27584	0	170180451	0.00016208677223449126	407460402	3495
ORDINAL	MP05	1	4277	model.layers.25.mlp.gate_up_proj	DECODE	GATE_UP_PROJECTION	1	39008	39008	0	170180451	0.00022921551665179216	407460402	3495
ORDINAL	MP05	1	4278	model.layers.25.mlp.act_fn	DECODE	ACTIVATION	1	2400	2400	0	170180451	1.4102677398592628e-05	407460402	3495
ORDINAL	MP05	1	4279	model.layers.25.mlp.down_proj	DECODE	DOWN_PROJECTION	1	20704	20704	0	170180451	0.0001216590970251924	407460402	3495
ORDINAL	MP05	1	4280	model.layers.26.self_attn	DECODE	ATTENTION	6	27488	27488	0	170180451	0.00016152266513854755	407460402	3495
ORDINAL	MP05	1	4281	model.layers.26.mlp.gate_up_proj	DECODE	GATE_UP_PROJECTION	1	38880	38880	0	170180451	0.00022846337385720055	407460402	3495
ORDINAL	MP05	1	4282	model.layers.26.mlp.act_fn	DECODE	ACTIVATION	1	2400	2400	0	170180451	1.4102677398592628e-05	407460402	3495
ORDINAL	MP05	1	4283	model.layers.26.mlp.down_proj	DECODE	DOWN_PROJECTION	1	20576	20576	0	170180451	0.00012090695423060078	407460402	3495
ORDINAL	MP05	1	4284	model.layers.27.self_attn	DECODE	ATTENTION	6	27776	27776	0	170180451	0.00016321498642637866	407460402	3495
ORDINAL	MP05	1	4285	model.layers.27.mlp.gate_up_proj	DECODE	GATE_UP_PROJECTION	1	39552	39552	0	170180451	0.0002324121235288065	407460402	3495
ORDINAL	MP05	1	4286	model.layers.27.mlp.act_fn	DECODE	ACTIVATION	1	2368	2368	0	170180451	1.3914641699944725e-05	407460402	3495
ORDINAL	MP05	1	4287	model.layers.27.mlp.down_proj	DECODE	DOWN_PROJECTION	1	20768	20768	0	170180451	0.0001220351684224882	407460402	3495
ORDINAL	MP05	1	4288	model.layers.28.self_attn	DECODE	ATTENTION	6	27680	27680	0	170180451	0.00016265087933043496	407460402	3495
ORDINAL	MP05	1	4289	model.layers.28.mlp.gate_up_proj	DECODE	GATE_UP_PROJECTION	1	38752	38752	0	170180451	0.00022771123106260895	407460402	3495
ORDINAL	MP05	1	4290	model.layers.28.mlp.act_fn	DECODE	ACTIVATION	1	2400	2400	0	170180451	1.4102677398592628e-05	407460402	3495
ORDINAL	MP05	1	4291	model.layers.28.mlp.down_proj	DECODE	DOWN_PROJECTION	1	20512	20512	0	170180451	0.00012053088283330498	407460402	3495
ORDINAL	MP05	1	4292	model.layers.29.self_attn	DECODE	ATTENTION	6	27712	27712	0	170180451	0.00016283891502908286	407460402	3495
ORDINAL	MP05	1	4293	model.layers.29.mlp.gate_up_proj	DECODE	GATE_UP_PROJECTION	1	38816	38816	0	170180451	0.00022808730245990475	407460402	3495
ORDINAL	MP05	1	4294	model.layers.29.mlp.act_fn	DECODE	ACTIVATION	1	2368	2368	0	170180451	1.3914641699944725e-05	407460402	3495
ORDINAL	MP05	1	4295	model.layers.29.mlp.down_proj	DECODE	DOWN_PROJECTION	1	20544	20544	0	170180451	0.00012071891853195288	407460402	3495
ORDINAL	MP05	1	4296	model.layers.30.self_attn	DECODE	ATTENTION	6	27584	27584	0	170180451	0.00016208677223449126	407460402	3495
ORDINAL	MP05	1	4297	model.layers.30.mlp.gate_up_proj	DECODE	GATE_UP_PROJECTION	1	39360	39360	0	170180451	0.0002312839093369191	407460402	3495
ORDINAL	MP05	1	4298	model.layers.30.mlp.act_fn	DECODE	ACTIVATION	1	2400	2400	0	170180451	1.4102677398592628e-05	407460402	3495
ORDINAL	MP05	1	4299	model.layers.30.mlp.down_proj	DECODE	DOWN_PROJECTION	1	20480	20480	0	170180451	0.00012034284713465708	407460402	3495
ORDINAL	MP05	1	4300	model.layers.31.self_attn	DECODE	ATTENTION	6	27616	27616	0	170180451	0.00016227480793313916	407460402	3495
ORDINAL	MP05	1	4301	model.layers.31.mlp.gate_up_proj	DECODE	GATE_UP_PROJECTION	1	38880	38880	0	170180451	0.00022846337385720055	407460402	3495
ORDINAL	MP05	1	4302	model.layers.31.mlp.act_fn	DECODE	ACTIVATION	1	2368	2368	0	170180451	1.3914641699944725e-05	407460402	3495
ORDINAL	MP05	1	4303	model.layers.31.mlp.down_proj	DECODE	DOWN_PROJECTION	1	20576	20576	0	170180451	0.00012090695423060078	407460402	3495
ORDINAL	MP05	1	4304	model.layers.32.self_attn	DECODE	ATTENTION	6	27744	27744	0	170180451	0.00016302695072773076	407460402	3495
ORDINAL	MP05	1	4305	model.layers.32.mlp.gate_up_proj	DECODE	GATE_UP_PROJECTION	1	38944	38944	0	170180451	0.00022883944525449635	407460402	3495
ORDINAL	MP05	1	4306	model.layers.32.mlp.act_fn	DECODE	ACTIVATION	1	2400	2400	0	170180451	1.4102677398592628e-05	407460402	3495
ORDINAL	MP05	1	4307	model.layers.32.mlp.down_proj	DECODE	DOWN_PROJECTION	1	20480	20480	0	170180451	0.00012034284713465708	407460402	3495
ORDINAL	MP05	1	4308	model.layers.33.self_attn	DECODE	ATTENTION	6	27680	27680	0	170180451	0.00016265087933043496	407460402	3495
ORDINAL	MP05	1	4309	model.layers.33.mlp.gate_up_proj	DECODE	GATE_UP_PROJECTION	1	38400	38400	0	170180451	0.00022564283837748204	407460402	3495
ORDINAL	MP05	1	4310	model.layers.33.mlp.act_fn	DECODE	ACTIVATION	1	2400	2400	0	170180451	1.4102677398592628e-05	407460402	3495
ORDINAL	MP05	1	4311	model.layers.33.mlp.down_proj	DECODE	DOWN_PROJECTION	1	20512	20512	0	170180451	0.00012053088283330498	407460402	3495
ORDINAL	MP05	1	4312	model.layers.34.self_attn	DECODE	ATTENTION	6	27424	27424	0	170180451	0.00016114659374125175	407460402	3495
ORDINAL	MP05	1	4313	model.layers.34.mlp.gate_up_proj	DECODE	GATE_UP_PROJECTION	1	39232	39232	0	170180451	0.00023053176654232746	407460402	3495
ORDINAL	MP05	1	4314	model.layers.34.mlp.act_fn	DECODE	ACTIVATION	1	2368	2368	0	170180451	1.3914641699944725e-05	407460402	3495
ORDINAL	MP05	1	4315	model.layers.34.mlp.down_proj	DECODE	DOWN_PROJECTION	1	20320	20320	0	170180451	0.00011940266864141758	407460402	3495
ORDINAL	MP05	1	4316	model.layers.35.self_attn	DECODE	ATTENTION	6	27744	27744	0	170180451	0.00016302695072773076	407460402	3495
ORDINAL	MP05	1	4317	model.layers.35.mlp.gate_up_proj	DECODE	GATE_UP_PROJECTION	1	38912	38912	0	170180451	0.00022865140955584845	407460402	3495
ORDINAL	MP05	1	4318	model.layers.35.mlp.act_fn	DECODE	ACTIVATION	1	2400	2400	0	170180451	1.4102677398592628e-05	407460402	3495
ORDINAL	MP05	1	4319	model.layers.35.mlp.down_proj	DECODE	DOWN_PROJECTION	1	20256	20256	0	170180451	0.00011902659724412177	407460402	3495
ORDINAL	MP05	1	4320	model.layers.0.self_attn	DECODE	ATTENTION	6	28000	28000	0	170180451	0.00016453123631691397	407460402	3495
ORDINAL	MP05	1	4321	model.layers.0.mlp.gate_up_proj	DECODE	GATE_UP_PROJECTION	1	38688	38688	0	170180451	0.00022733515966531315	407460402	3495
ORDINAL	MP05	1	4322	model.layers.0.mlp.act_fn	DECODE	ACTIVATION	1	2400	2400	0	170180451	1.4102677398592628e-05	407460402	3495
ORDINAL	MP05	1	4323	model.layers.0.mlp.down_proj	DECODE	DOWN_PROJECTION	1	20768	20768	0	170180451	0.0001220351684224882	407460402	3495
ORDINAL	MP05	1	4324	model.layers.1.self_attn	DECODE	ATTENTION	6	27712	27712	0	170180451	0.00016283891502908286	407460402	3495
ORDINAL	MP05	1	4325	model.layers.1.mlp.gate_up_proj	DECODE	GATE_UP_PROJECTION	1	40032	40032	0	170180451	0.000235232659008525	407460402	3495
ORDINAL	MP05	1	4326	model.layers.1.mlp.act_fn	DECODE	ACTIVATION	1	2400	2400	0	170180451	1.4102677398592628e-05	407460402	3495
ORDINAL	MP05	1	4327	model.layers.1.mlp.down_proj	DECODE	DOWN_PROJECTION	1	21024	21024	0	170180451	0.00012353945401167142	407460402	3495
ORDINAL	MP05	1	4328	model.layers.2.self_attn	DECODE	ATTENTION	6	27488	27488	0	170180451	0.00016152266513854755	407460402	3495
ORDINAL	MP05	1	4329	model.layers.2.mlp.gate_up_proj	DECODE	GATE_UP_PROJECTION	1	38784	38784	0	170180451	0.00022789926676125685	407460402	3495
ORDINAL	MP05	1	4330	model.layers.2.mlp.act_fn	DECODE	ACTIVATION	1	2368	2368	0	170180451	1.3914641699944725e-05	407460402	3495
ORDINAL	MP05	1	4331	model.layers.2.mlp.down_proj	DECODE	DOWN_PROJECTION	1	20960	20960	0	170180451	0.00012316338261437562	407460402	3495
ORDINAL	MP05	1	4332	model.layers.3.self_attn	DECODE	ATTENTION	6	27680	27680	0	170180451	0.00016265087933043496	407460402	3495
ORDINAL	MP05	1	4333	model.layers.3.mlp.gate_up_proj	DECODE	GATE_UP_PROJECTION	1	39136	39136	0	170180451	0.00022996765944638376	407460402	3495
ORDINAL	MP05	1	4334	model.layers.3.mlp.act_fn	DECODE	ACTIVATION	1	2400	2400	0	170180451	1.4102677398592628e-05	407460402	3495
ORDINAL	MP05	1	4335	model.layers.3.mlp.down_proj	DECODE	DOWN_PROJECTION	1	20768	20768	0	170180451	0.0001220351684224882	407460402	3495
ORDINAL	MP05	1	4336	model.layers.4.self_attn	DECODE	ATTENTION	6	27968	27968	0	170180451	0.00016434320061826607	407460402	3495
ORDINAL	MP05	1	4337	model.layers.4.mlp.gate_up_proj	DECODE	GATE_UP_PROJECTION	1	38784	38784	0	170180451	0.00022789926676125685	407460402	3495
ORDINAL	MP05	1	4338	model.layers.4.mlp.act_fn	DECODE	ACTIVATION	1	2400	2400	0	170180451	1.4102677398592628e-05	407460402	3495
ORDINAL	MP05	1	4339	model.layers.4.mlp.down_proj	DECODE	DOWN_PROJECTION	1	20384	20384	0	170180451	0.00011977874003871338	407460402	3495
ORDINAL	MP05	1	4340	model.layers.5.self_attn	DECODE	ATTENTION	6	27744	27744	0	170180451	0.00016302695072773076	407460402	3495
ORDINAL	MP05	1	4341	model.layers.5.mlp.gate_up_proj	DECODE	GATE_UP_PROJECTION	1	38656	38656	0	170180451	0.00022714712396666525	407460402	3495
ORDINAL	MP05	1	4342	model.layers.5.mlp.act_fn	DECODE	ACTIVATION	1	2400	2400	0	170180451	1.4102677398592628e-05	407460402	3495
ORDINAL	MP05	1	4343	model.layers.5.mlp.down_proj	DECODE	DOWN_PROJECTION	1	20704	20704	0	170180451	0.0001216590970251924	407460402	3495
ORDINAL	MP05	1	4344	model.layers.6.self_attn	DECODE	ATTENTION	6	27552	27552	0	170180451	0.00016189873653584336	407460402	3495
ORDINAL	MP05	1	4345	model.layers.6.mlp.gate_up_proj	DECODE	GATE_UP_PROJECTION	1	39808	39808	0	170180451	0.0002339164091179897	407460402	3495
ORDINAL	MP05	1	4346	model.layers.6.mlp.act_fn	DECODE	ACTIVATION	1	2400	2400	0	170180451	1.4102677398592628e-05	407460402	3495
ORDINAL	MP05	1	4347	model.layers.6.mlp.down_proj	DECODE	DOWN_PROJECTION	1	20576	20576	0	170180451	0.00012090695423060078	407460402	3495
ORDINAL	MP05	1	4348	model.layers.7.self_attn	DECODE	ATTENTION	6	27744	27744	0	170180451	0.00016302695072773076	407460402	3495
ORDINAL	MP05	1	4349	model.layers.7.mlp.gate_up_proj	DECODE	GATE_UP_PROJECTION	1	39008	39008	0	170180451	0.00022921551665179216	407460402	3495
ORDINAL	MP05	1	4350	model.layers.7.mlp.act_fn	DECODE	ACTIVATION	1	2400	2400	0	170180451	1.4102677398592628e-05	407460402	3495
ORDINAL	MP05	1	4351	model.layers.7.mlp.down_proj	DECODE	DOWN_PROJECTION	1	20480	20480	0	170180451	0.00012034284713465708	407460402	3495
ORDINAL	MP05	1	4352	model.layers.8.self_attn	DECODE	ATTENTION	6	27488	27488	0	170180451	0.00016152266513854755	407460402	3495
ORDINAL	MP05	1	4353	model.layers.8.mlp.gate_up_proj	DECODE	GATE_UP_PROJECTION	1	39135	39135	0	170180451	0.000229961783330801	407460402	3495
ORDINAL	MP05	1	4354	model.layers.8.mlp.act_fn	DECODE	ACTIVATION	1	2400	2400	0	170180451	1.4102677398592628e-05	407460402	3495
ORDINAL	MP05	1	4355	model.layers.8.mlp.down_proj	DECODE	DOWN_PROJECTION	1	20672	20672	0	170180451	0.00012147106132654449	407460402	3495
ORDINAL	MP05	1	4356	model.layers.9.self_attn	DECODE	ATTENTION	6	27808	27808	0	170180451	0.00016340302212502656	407460402	3495
ORDINAL	MP05	1	4357	model.layers.9.mlp.gate_up_proj	DECODE	GATE_UP_PROJECTION	1	38304	38304	0	170180451	0.00022507873128153834	407460402	3495
ORDINAL	MP05	1	4358	model.layers.9.mlp.act_fn	DECODE	ACTIVATION	1	2400	2400	0	170180451	1.4102677398592628e-05	407460402	3495
ORDINAL	MP05	1	4359	model.layers.9.mlp.down_proj	DECODE	DOWN_PROJECTION	1	20544	20544	0	170180451	0.00012071891853195288	407460402	3495
ORDINAL	MP05	1	4360	model.layers.10.self_attn	DECODE	ATTENTION	6	27840	27840	0	170180451	0.00016359105782367446	407460402	3495
ORDINAL	MP05	1	4361	model.layers.10.mlp.gate_up_proj	DECODE	GATE_UP_PROJECTION	1	40064	40064	0	170180451	0.0002354206947071729	407460402	3495
ORDINAL	MP05	1	4362	model.layers.10.mlp.act_fn	DECODE	ACTIVATION	1	2400	2400	0	170180451	1.4102677398592628e-05	407460402	3495
ORDINAL	MP05	1	4363	model.layers.10.mlp.down_proj	DECODE	DOWN_PROJECTION	1	20608	20608	0	170180451	0.00012109498992924868	407460402	3495
ORDINAL	MP05	1	4364	model.layers.11.self_attn	DECODE	ATTENTION	6	27712	27712	0	170180451	0.00016283891502908286	407460402	3495
ORDINAL	MP05	1	4365	model.layers.11.mlp.gate_up_proj	DECODE	GATE_UP_PROJECTION	1	38912	38912	0	170180451	0.00022865140955584845	407460402	3495
ORDINAL	MP05	1	4366	model.layers.11.mlp.act_fn	DECODE	ACTIVATION	1	2400	2400	0	170180451	1.4102677398592628e-05	407460402	3495
ORDINAL	MP05	1	4367	model.layers.11.mlp.down_proj	DECODE	DOWN_PROJECTION	1	20608	20608	0	170180451	0.00012109498992924868	407460402	3495
ORDINAL	MP05	1	4368	model.layers.12.self_attn	DECODE	ATTENTION	6	27392	27392	0	170180451	0.00016095855804260385	407460402	3495
ORDINAL	MP05	1	4369	model.layers.12.mlp.gate_up_proj	DECODE	GATE_UP_PROJECTION	1	38688	38688	0	170180451	0.00022733515966531315	407460402	3495
ORDINAL	MP05	1	4370	model.layers.12.mlp.act_fn	DECODE	ACTIVATION	1	2400	2400	0	170180451	1.4102677398592628e-05	407460402	3495
ORDINAL	MP05	1	4371	model.layers.12.mlp.down_proj	DECODE	DOWN_PROJECTION	1	20512	20512	0	170180451	0.00012053088283330498	407460402	3495
ORDINAL	MP05	1	4372	model.layers.13.self_attn	DECODE	ATTENTION	6	27520	27520	0	170180451	0.00016171070083719546	407460402	3495
ORDINAL	MP05	1	4373	model.layers.13.mlp.gate_up_proj	DECODE	GATE_UP_PROJECTION	1	39264	39264	0	170180451	0.00023071980224097536	407460402	3495
ORDINAL	MP05	1	4374	model.layers.13.mlp.act_fn	DECODE	ACTIVATION	1	2400	2400	0	170180451	1.4102677398592628e-05	407460402	3495
ORDINAL	MP05	1	4375	model.layers.13.mlp.down_proj	DECODE	DOWN_PROJECTION	1	20544	20544	0	170180451	0.00012071891853195288	407460402	3495
ORDINAL	MP05	1	4376	model.layers.14.self_attn	DECODE	ATTENTION	6	27936	27936	0	170180451	0.00016415516491961817	407460402	3495
ORDINAL	MP05	1	4377	model.layers.14.mlp.gate_up_proj	DECODE	GATE_UP_PROJECTION	1	39392	39392	0	170180451	0.000231471945035567	407460402	3495
ORDINAL	MP05	1	4378	model.layers.14.mlp.act_fn	DECODE	ACTIVATION	1	2400	2400	0	170180451	1.4102677398592628e-05	407460402	3495
ORDINAL	MP05	1	4379	model.layers.14.mlp.down_proj	DECODE	DOWN_PROJECTION	1	20896	20896	0	170180451	0.0001227873112170798	407460402	3495
ORDINAL	MP05	1	4380	model.layers.15.self_attn	DECODE	ATTENTION	6	27584	27584	0	170180451	0.00016208677223449126	407460402	3495
ORDINAL	MP05	1	4381	model.layers.15.mlp.gate_up_proj	DECODE	GATE_UP_PROJECTION	1	39328	39328	0	170180451	0.0002310958736382712	407460402	3495
ORDINAL	MP05	1	4382	model.layers.15.mlp.act_fn	DECODE	ACTIVATION	1	2400	2400	0	170180451	1.4102677398592628e-05	407460402	3495
ORDINAL	MP05	1	4383	model.layers.15.mlp.down_proj	DECODE	DOWN_PROJECTION	1	20480	20480	0	170180451	0.00012034284713465708	407460402	3495
ORDINAL	MP05	1	4384	model.layers.16.self_attn	DECODE	ATTENTION	6	27648	27648	0	170180451	0.00016246284363178706	407460402	3495
ORDINAL	MP05	1	4385	model.layers.16.mlp.gate_up_proj	DECODE	GATE_UP_PROJECTION	1	38624	38624	0	170180451	0.00022695908826801735	407460402	3495
ORDINAL	MP05	1	4386	model.layers.16.mlp.act_fn	DECODE	ACTIVATION	1	2400	2400	0	170180451	1.4102677398592628e-05	407460402	3495
ORDINAL	MP05	1	4387	model.layers.16.mlp.down_proj	DECODE	DOWN_PROJECTION	1	20416	20416	0	170180451	0.00011996677573736128	407460402	3495
ORDINAL	MP05	1	4388	model.layers.17.self_attn	DECODE	ATTENTION	6	27936	27936	0	170180451	0.00016415516491961817	407460402	3495
ORDINAL	MP05	1	4389	model.layers.17.mlp.gate_up_proj	DECODE	GATE_UP_PROJECTION	1	38880	38880	0	170180451	0.00022846337385720055	407460402	3495
ORDINAL	MP05	1	4390	model.layers.17.mlp.act_fn	DECODE	ACTIVATION	1	2368	2368	0	170180451	1.3914641699944725e-05	407460402	3495
ORDINAL	MP05	1	4391	model.layers.17.mlp.down_proj	DECODE	DOWN_PROJECTION	1	20512	20512	0	170180451	0.00012053088283330498	407460402	3495
ORDINAL	MP05	1	4392	model.layers.18.self_attn	DECODE	ATTENTION	6	27840	27840	0	170180451	0.00016359105782367446	407460402	3495
ORDINAL	MP05	1	4393	model.layers.18.mlp.gate_up_proj	DECODE	GATE_UP_PROJECTION	1	39360	39360	0	170180451	0.0002312839093369191	407460402	3495
ORDINAL	MP05	1	4394	model.layers.18.mlp.act_fn	DECODE	ACTIVATION	1	2368	2368	0	170180451	1.3914641699944725e-05	407460402	3495
ORDINAL	MP05	1	4395	model.layers.18.mlp.down_proj	DECODE	DOWN_PROJECTION	1	20512	20512	0	170180451	0.00012053088283330498	407460402	3495
ORDINAL	MP05	1	4396	model.layers.19.self_attn	DECODE	ATTENTION	6	27712	27712	0	170180451	0.00016283891502908286	407460402	3495
ORDINAL	MP05	1	4397	model.layers.19.mlp.gate_up_proj	DECODE	GATE_UP_PROJECTION	1	39008	39008	0	170180451	0.00022921551665179216	407460402	3495
ORDINAL	MP05	1	4398	model.layers.19.mlp.act_fn	DECODE	ACTIVATION	1	2400	2400	0	170180451	1.4102677398592628e-05	407460402	3495
ORDINAL	MP05	1	4399	model.layers.19.mlp.down_proj	DECODE	DOWN_PROJECTION	1	20480	20480	0	170180451	0.00012034284713465708	407460402	3495
ORDINAL	MP05	1	4400	model.layers.20.self_attn	DECODE	ATTENTION	6	27520	27520	0	170180451	0.00016171070083719546	407460402	3495
ORDINAL	MP05	1	4401	model.layers.20.mlp.gate_up_proj	DECODE	GATE_UP_PROJECTION	1	39328	39328	0	170180451	0.0002310958736382712	407460402	3495
ORDINAL	MP05	1	4402	model.layers.20.mlp.act_fn	DECODE	ACTIVATION	1	2400	2400	0	170180451	1.4102677398592628e-05	407460402	3495
ORDINAL	MP05	1	4403	model.layers.20.mlp.down_proj	DECODE	DOWN_PROJECTION	1	20544	20544	0	170180451	0.00012071891853195288	407460402	3495
ORDINAL	MP05	1	4404	model.layers.21.self_attn	DECODE	ATTENTION	6	27808	27808	0	170180451	0.00016340302212502656	407460402	3495
ORDINAL	MP05	1	4405	model.layers.21.mlp.gate_up_proj	DECODE	GATE_UP_PROJECTION	1	39072	39072	0	170180451	0.00022959158804908796	407460402	3495
ORDINAL	MP05	1	4406	model.layers.21.mlp.act_fn	DECODE	ACTIVATION	1	2400	2400	0	170180451	1.4102677398592628e-05	407460402	3495
ORDINAL	MP05	1	4407	model.layers.21.mlp.down_proj	DECODE	DOWN_PROJECTION	1	20512	20512	0	170180451	0.00012053088283330498	407460402	3495
ORDINAL	MP05	1	4408	model.layers.22.self_attn	DECODE	ATTENTION	6	27584	27584	0	170180451	0.00016208677223449126	407460402	3495
ORDINAL	MP05	1	4409	model.layers.22.mlp.gate_up_proj	DECODE	GATE_UP_PROJECTION	1	38624	38624	0	170180451	0.00022695908826801735	407460402	3495
ORDINAL	MP05	1	4410	model.layers.22.mlp.act_fn	DECODE	ACTIVATION	1	2400	2400	0	170180451	1.4102677398592628e-05	407460402	3495
ORDINAL	MP05	1	4411	model.layers.22.mlp.down_proj	DECODE	DOWN_PROJECTION	1	20416	20416	0	170180451	0.00011996677573736128	407460402	3495
ORDINAL	MP05	1	4412	model.layers.23.self_attn	DECODE	ATTENTION	6	28096	28096	0	170180451	0.0001650953434128577	407460402	3495
ORDINAL	MP05	1	4413	model.layers.23.mlp.gate_up_proj	DECODE	GATE_UP_PROJECTION	1	38976	38976	0	170180451	0.00022902748095314426	407460402	3495
ORDINAL	MP05	1	4414	model.layers.23.mlp.act_fn	DECODE	ACTIVATION	1	2400	2400	0	170180451	1.4102677398592628e-05	407460402	3495
ORDINAL	MP05	1	4415	model.layers.23.mlp.down_proj	DECODE	DOWN_PROJECTION	1	20512	20512	0	170180451	0.00012053088283330498	407460402	3495
ORDINAL	MP05	1	4416	model.layers.24.self_attn	DECODE	ATTENTION	6	27552	27552	0	170180451	0.00016189873653584336	407460402	3495
ORDINAL	MP05	1	4417	model.layers.24.mlp.gate_up_proj	DECODE	GATE_UP_PROJECTION	1	39680	39680	0	170180451	0.0002331642663233981	407460402	3495
ORDINAL	MP05	1	4418	model.layers.24.mlp.act_fn	DECODE	ACTIVATION	1	2400	2400	0	170180451	1.4102677398592628e-05	407460402	3495
ORDINAL	MP05	1	4419	model.layers.24.mlp.down_proj	DECODE	DOWN_PROJECTION	1	20416	20416	0	170180451	0.00011996677573736128	407460402	3495
ORDINAL	MP05	1	4420	model.layers.25.self_attn	DECODE	ATTENTION	6	27552	27552	0	170180451	0.00016189873653584336	407460402	3495
ORDINAL	MP05	1	4421	model.layers.25.mlp.gate_up_proj	DECODE	GATE_UP_PROJECTION	1	38816	38816	0	170180451	0.00022808730245990475	407460402	3495
ORDINAL	MP05	1	4422	model.layers.25.mlp.act_fn	DECODE	ACTIVATION	1	2400	2400	0	170180451	1.4102677398592628e-05	407460402	3495
ORDINAL	MP05	1	4423	model.layers.25.mlp.down_proj	DECODE	DOWN_PROJECTION	1	20448	20448	0	170180451	0.00012015481143600918	407460402	3495
ORDINAL	MP05	1	4424	model.layers.26.self_attn	DECODE	ATTENTION	6	27552	27552	0	170180451	0.00016189873653584336	407460402	3495
ORDINAL	MP05	1	4425	model.layers.26.mlp.gate_up_proj	DECODE	GATE_UP_PROJECTION	1	39136	39136	0	170180451	0.00022996765944638376	407460402	3495
ORDINAL	MP05	1	4426	model.layers.26.mlp.act_fn	DECODE	ACTIVATION	1	2400	2400	0	170180451	1.4102677398592628e-05	407460402	3495
ORDINAL	MP05	1	4427	model.layers.26.mlp.down_proj	DECODE	DOWN_PROJECTION	1	20416	20416	0	170180451	0.00011996677573736128	407460402	3495
ORDINAL	MP05	1	4428	model.layers.27.self_attn	DECODE	ATTENTION	6	27648	27648	0	170180451	0.00016246284363178706	407460402	3495
ORDINAL	MP05	1	4429	model.layers.27.mlp.gate_up_proj	DECODE	GATE_UP_PROJECTION	1	38560	38560	0	170180451	0.00022658301687072154	407460402	3495
ORDINAL	MP05	1	4430	model.layers.27.mlp.act_fn	DECODE	ACTIVATION	1	2368	2368	0	170180451	1.3914641699944725e-05	407460402	3495
ORDINAL	MP05	1	4431	model.layers.27.mlp.down_proj	DECODE	DOWN_PROJECTION	1	20608	20608	0	170180451	0.00012109498992924868	407460402	3495
ORDINAL	MP05	1	4432	model.layers.28.self_attn	DECODE	ATTENTION	6	27616	27616	0	170180451	0.00016227480793313916	407460402	3495
ORDINAL	MP05	1	4433	model.layers.28.mlp.gate_up_proj	DECODE	GATE_UP_PROJECTION	1	39392	39392	0	170180451	0.000231471945035567	407460402	3495
ORDINAL	MP05	1	4434	model.layers.28.mlp.act_fn	DECODE	ACTIVATION	1	2400	2400	0	170180451	1.4102677398592628e-05	407460402	3495
ORDINAL	MP05	1	4435	model.layers.28.mlp.down_proj	DECODE	DOWN_PROJECTION	1	20447	20447	0	170180451	0.00012014893532042643	407460402	3495
ORDINAL	MP05	1	4436	model.layers.29.self_attn	DECODE	ATTENTION	6	27520	27520	0	170180451	0.00016171070083719546	407460402	3495
ORDINAL	MP05	1	4437	model.layers.29.mlp.gate_up_proj	DECODE	GATE_UP_PROJECTION	1	38816	38816	0	170180451	0.00022808730245990475	407460402	3495
ORDINAL	MP05	1	4438	model.layers.29.mlp.act_fn	DECODE	ACTIVATION	1	2432	2432	0	170180451	1.4290713097240528e-05	407460402	3495
ORDINAL	MP05	1	4439	model.layers.29.mlp.down_proj	DECODE	DOWN_PROJECTION	1	20384	20384	0	170180451	0.00011977874003871338	407460402	3495
ORDINAL	MP05	1	4440	model.layers.30.self_attn	DECODE	ATTENTION	6	27712	27712	0	170180451	0.00016283891502908286	407460402	3495
ORDINAL	MP05	1	4441	model.layers.30.mlp.gate_up_proj	DECODE	GATE_UP_PROJECTION	1	38944	38944	0	170180451	0.00022883944525449635	407460402	3495
ORDINAL	MP05	1	4442	model.layers.30.mlp.act_fn	DECODE	ACTIVATION	1	2400	2400	0	170180451	1.4102677398592628e-05	407460402	3495
ORDINAL	MP05	1	4443	model.layers.30.mlp.down_proj	DECODE	DOWN_PROJECTION	1	20640	20640	0	170180451	0.00012128302562789659	407460402	3495
ORDINAL	MP05	1	4444	model.layers.31.self_attn	DECODE	ATTENTION	6	27712	27712	0	170180451	0.00016283891502908286	407460402	3495
ORDINAL	MP05	1	4445	model.layers.31.mlp.gate_up_proj	DECODE	GATE_UP_PROJECTION	1	38816	38816	0	170180451	0.00022808730245990475	407460402	3495
ORDINAL	MP05	1	4446	model.layers.31.mlp.act_fn	DECODE	ACTIVATION	1	2399	2399	0	170180451	1.409680128300988e-05	407460402	3495
ORDINAL	MP05	1	4447	model.layers.31.mlp.down_proj	DECODE	DOWN_PROJECTION	1	20608	20608	0	170180451	0.00012109498992924868	407460402	3495
ORDINAL	MP05	1	4448	model.layers.32.self_attn	DECODE	ATTENTION	6	27520	27520	0	170180451	0.00016171070083719546	407460402	3495
ORDINAL	MP05	1	4449	model.layers.32.mlp.gate_up_proj	DECODE	GATE_UP_PROJECTION	1	38848	38848	0	170180451	0.00022827533815855265	407460402	3495
ORDINAL	MP05	1	4450	model.layers.32.mlp.act_fn	DECODE	ACTIVATION	1	2432	2432	0	170180451	1.4290713097240528e-05	407460402	3495
ORDINAL	MP05	1	4451	model.layers.32.mlp.down_proj	DECODE	DOWN_PROJECTION	1	20768	20768	0	170180451	0.0001220351684224882	407460402	3495
ORDINAL	MP05	1	4452	model.layers.33.self_attn	DECODE	ATTENTION	6	27456	27456	0	170180451	0.00016133462943989965	407460402	3495
ORDINAL	MP05	1	4453	model.layers.33.mlp.gate_up_proj	DECODE	GATE_UP_PROJECTION	1	38592	38592	0	170180451	0.00022677105256936945	407460402	3495
ORDINAL	MP05	1	4454	model.layers.33.mlp.act_fn	DECODE	ACTIVATION	1	2368	2368	0	170180451	1.3914641699944725e-05	407460402	3495
ORDINAL	MP05	1	4455	model.layers.33.mlp.down_proj	DECODE	DOWN_PROJECTION	1	20736	20736	0	170180451	0.0001218471327238403	407460402	3495
ORDINAL	MP05	1	4456	model.layers.34.self_attn	DECODE	ATTENTION	6	27456	27456	0	170180451	0.00016133462943989965	407460402	3495
ORDINAL	MP05	1	4457	model.layers.34.mlp.gate_up_proj	DECODE	GATE_UP_PROJECTION	1	39039	39039	0	170180451	0.0002293976762348573	407460402	3495
ORDINAL	MP05	1	4458	model.layers.34.mlp.act_fn	DECODE	ACTIVATION	1	2368	2368	0	170180451	1.3914641699944725e-05	407460402	3495
ORDINAL	MP05	1	4459	model.layers.34.mlp.down_proj	DECODE	DOWN_PROJECTION	1	20576	20576	0	170180451	0.00012090695423060078	407460402	3495
ORDINAL	MP05	1	4460	model.layers.35.self_attn	DECODE	ATTENTION	6	27584	27584	0	170180451	0.00016208677223449126	407460402	3495
ORDINAL	MP05	1	4461	model.layers.35.mlp.gate_up_proj	DECODE	GATE_UP_PROJECTION	1	38816	38816	0	170180451	0.00022808730245990475	407460402	3495
ORDINAL	MP05	1	4462	model.layers.35.mlp.act_fn	DECODE	ACTIVATION	1	2400	2400	0	170180451	1.4102677398592628e-05	407460402	3495
ORDINAL	MP05	1	4463	model.layers.35.mlp.down_proj	DECODE	DOWN_PROJECTION	1	20512	20512	0	170180451	0.00012053088283330498	407460402	3495
ORDINAL	MP05	1	4464	model.layers.0.self_attn	DECODE	ATTENTION	6	28064	28064	0	170180451	0.00016490730771420977	407460402	3495
ORDINAL	MP05	1	4465	model.layers.0.mlp.gate_up_proj	DECODE	GATE_UP_PROJECTION	1	38815	38815	0	170180451	0.000228081426344322	407460402	3495
ORDINAL	MP05	1	4466	model.layers.0.mlp.act_fn	DECODE	ACTIVATION	1	2368	2368	0	170180451	1.3914641699944725e-05	407460402	3495
ORDINAL	MP05	1	4467	model.layers.0.mlp.down_proj	DECODE	DOWN_PROJECTION	1	20416	20416	0	170180451	0.00011996677573736128	407460402	3495
ORDINAL	MP05	1	4468	model.layers.1.self_attn	DECODE	ATTENTION	6	27648	27648	0	170180451	0.00016246284363178706	407460402	3495
ORDINAL	MP05	1	4469	model.layers.1.mlp.gate_up_proj	DECODE	GATE_UP_PROJECTION	1	40512	40512	0	170180451	0.00023805319448824355	407460402	3495
ORDINAL	MP05	1	4470	model.layers.1.mlp.act_fn	DECODE	ACTIVATION	1	2368	2368	0	170180451	1.3914641699944725e-05	407460402	3495
ORDINAL	MP05	1	4471	model.layers.1.mlp.down_proj	DECODE	DOWN_PROJECTION	1	20864	20864	0	170180451	0.0001225992755184319	407460402	3495
ORDINAL	MP05	1	4472	model.layers.2.self_attn	DECODE	ATTENTION	6	27648	27648	0	170180451	0.00016246284363178706	407460402	3495
ORDINAL	MP05	1	4473	model.layers.2.mlp.gate_up_proj	DECODE	GATE_UP_PROJECTION	1	39392	39392	0	170180451	0.000231471945035567	407460402	3495
ORDINAL	MP05	1	4474	model.layers.2.mlp.act_fn	DECODE	ACTIVATION	1	2368	2368	0	170180451	1.3914641699944725e-05	407460402	3495
ORDINAL	MP05	1	4475	model.layers.2.mlp.down_proj	DECODE	DOWN_PROJECTION	1	20544	20544	0	170180451	0.00012071891853195288	407460402	3495
ORDINAL	MP05	1	4476	model.layers.3.self_attn	DECODE	ATTENTION	6	27615	27615	0	170180451	0.0001622689318175564	407460402	3495
ORDINAL	MP05	1	4477	model.layers.3.mlp.gate_up_proj	DECODE	GATE_UP_PROJECTION	1	39328	39328	0	170180451	0.0002310958736382712	407460402	3495
ORDINAL	MP05	1	4478	model.layers.3.mlp.act_fn	DECODE	ACTIVATION	1	2400	2400	0	170180451	1.4102677398592628e-05	407460402	3495
ORDINAL	MP05	1	4479	model.layers.3.mlp.down_proj	DECODE	DOWN_PROJECTION	1	20480	20480	0	170180451	0.00012034284713465708	407460402	3495
ORDINAL	MP05	1	4480	model.layers.4.self_attn	DECODE	ATTENTION	6	27584	27584	0	170180451	0.00016208677223449126	407460402	3495
ORDINAL	MP05	1	4481	model.layers.4.mlp.gate_up_proj	DECODE	GATE_UP_PROJECTION	1	38464	38464	0	170180451	0.00022601890977477784	407460402	3495
ORDINAL	MP05	1	4482	model.layers.4.mlp.act_fn	DECODE	ACTIVATION	1	2400	2400	0	170180451	1.4102677398592628e-05	407460402	3495
ORDINAL	MP05	1	4483	model.layers.4.mlp.down_proj	DECODE	DOWN_PROJECTION	1	20608	20608	0	170180451	0.00012109498992924868	407460402	3495
ORDINAL	MP05	1	4484	model.layers.5.self_attn	DECODE	ATTENTION	6	27296	27296	0	170180451	0.00016039445094666015	407460402	3495
ORDINAL	MP05	1	4485	model.layers.5.mlp.gate_up_proj	DECODE	GATE_UP_PROJECTION	1	39520	39520	0	170180451	0.0002322240878301586	407460402	3495
ORDINAL	MP05	1	4486	model.layers.5.mlp.act_fn	DECODE	ACTIVATION	1	2400	2400	0	170180451	1.4102677398592628e-05	407460402	3495
ORDINAL	MP05	1	4487	model.layers.5.mlp.down_proj	DECODE	DOWN_PROJECTION	1	20576	20576	0	170180451	0.00012090695423060078	407460402	3495
ORDINAL	MP05	1	4488	model.layers.6.self_attn	DECODE	ATTENTION	6	27712	27712	0	170180451	0.00016283891502908286	407460402	3495
ORDINAL	MP05	1	4489	model.layers.6.mlp.gate_up_proj	DECODE	GATE_UP_PROJECTION	1	38848	38848	0	170180451	0.00022827533815855265	407460402	3495
ORDINAL	MP05	1	4490	model.layers.6.mlp.act_fn	DECODE	ACTIVATION	1	2400	2400	0	170180451	1.4102677398592628e-05	407460402	3495
ORDINAL	MP05	1	4491	model.layers.6.mlp.down_proj	DECODE	DOWN_PROJECTION	1	20384	20384	0	170180451	0.00011977874003871338	407460402	3495
ORDINAL	MP05	1	4492	model.layers.7.self_attn	DECODE	ATTENTION	6	27552	27552	0	170180451	0.00016189873653584336	407460402	3495
ORDINAL	MP05	1	4493	model.layers.7.mlp.gate_up_proj	DECODE	GATE_UP_PROJECTION	1	38784	38784	0	170180451	0.00022789926676125685	407460402	3495
ORDINAL	MP05	1	4494	model.layers.7.mlp.act_fn	DECODE	ACTIVATION	1	2368	2368	0	170180451	1.3914641699944725e-05	407460402	3495
ORDINAL	MP05	1	4495	model.layers.7.mlp.down_proj	DECODE	DOWN_PROJECTION	1	20480	20480	0	170180451	0.00012034284713465708	407460402	3495
ORDINAL	MP05	1	4496	model.layers.8.self_attn	DECODE	ATTENTION	6	27648	27648	0	170180451	0.00016246284363178706	407460402	3495
ORDINAL	MP05	1	4497	model.layers.8.mlp.gate_up_proj	DECODE	GATE_UP_PROJECTION	1	39200	39200	0	170180451	0.00023034373084367956	407460402	3495
ORDINAL	MP05	1	4498	model.layers.8.mlp.act_fn	DECODE	ACTIVATION	1	2400	2400	0	170180451	1.4102677398592628e-05	407460402	3495
ORDINAL	MP05	1	4499	model.layers.8.mlp.down_proj	DECODE	DOWN_PROJECTION	1	20288	20288	0	170180451	0.00011921463294276968	407460402	3495
ORDINAL	MP05	1	4500	model.layers.9.self_attn	DECODE	ATTENTION	6	27616	27616	0	170180451	0.00016227480793313916	407460402	3495
ORDINAL	MP05	1	4501	model.layers.9.mlp.gate_up_proj	DECODE	GATE_UP_PROJECTION	1	38880	38880	0	170180451	0.00022846337385720055	407460402	3495
ORDINAL	MP05	1	4502	model.layers.9.mlp.act_fn	DECODE	ACTIVATION	1	2368	2368	0	170180451	1.3914641699944725e-05	407460402	3495
ORDINAL	MP05	1	4503	model.layers.9.mlp.down_proj	DECODE	DOWN_PROJECTION	1	20576	20576	0	170180451	0.00012090695423060078	407460402	3495
ORDINAL	MP05	1	4504	model.layers.10.self_attn	DECODE	ATTENTION	6	27744	27744	0	170180451	0.00016302695072773076	407460402	3495
ORDINAL	MP05	1	4505	model.layers.10.mlp.gate_up_proj	DECODE	GATE_UP_PROJECTION	1	39552	39552	0	170180451	0.0002324121235288065	407460402	3495
ORDINAL	MP05	1	4506	model.layers.10.mlp.act_fn	DECODE	ACTIVATION	1	2400	2400	0	170180451	1.4102677398592628e-05	407460402	3495
ORDINAL	MP05	1	4507	model.layers.10.mlp.down_proj	DECODE	DOWN_PROJECTION	1	20320	20320	0	170180451	0.00011940266864141758	407460402	3495
ORDINAL	MP05	1	4508	model.layers.11.self_attn	DECODE	ATTENTION	6	27520	27520	0	170180451	0.00016171070083719546	407460402	3495
ORDINAL	MP05	1	4509	model.layers.11.mlp.gate_up_proj	DECODE	GATE_UP_PROJECTION	1	39040	39040	0	170180451	0.00022940355235044006	407460402	3495
ORDINAL	MP05	1	4510	model.layers.11.mlp.act_fn	DECODE	ACTIVATION	1	2400	2400	0	170180451	1.4102677398592628e-05	407460402	3495
ORDINAL	MP05	1	4511	model.layers.11.mlp.down_proj	DECODE	DOWN_PROJECTION	1	20512	20512	0	170180451	0.00012053088283330498	407460402	3495
ORDINAL	MP05	1	4512	model.layers.12.self_attn	DECODE	ATTENTION	6	27456	27456	0	170180451	0.00016133462943989965	407460402	3495
ORDINAL	MP05	1	4513	model.layers.12.mlp.gate_up_proj	DECODE	GATE_UP_PROJECTION	1	39488	39488	0	170180451	0.0002320360521315107	407460402	3495
ORDINAL	MP05	1	4514	model.layers.12.mlp.act_fn	DECODE	ACTIVATION	1	2368	2368	0	170180451	1.3914641699944725e-05	407460402	3495
ORDINAL	MP05	1	4515	model.layers.12.mlp.down_proj	DECODE	DOWN_PROJECTION	1	20480	20480	0	170180451	0.00012034284713465708	407460402	3495
ORDINAL	MP05	1	4516	model.layers.13.self_attn	DECODE	ATTENTION	6	27424	27424	0	170180451	0.00016114659374125175	407460402	3495
ORDINAL	MP05	1	4517	model.layers.13.mlp.gate_up_proj	DECODE	GATE_UP_PROJECTION	1	39040	39040	0	170180451	0.00022940355235044006	407460402	3495
ORDINAL	MP05	1	4518	model.layers.13.mlp.act_fn	DECODE	ACTIVATION	1	2400	2400	0	170180451	1.4102677398592628e-05	407460402	3495
ORDINAL	MP05	1	4519	model.layers.13.mlp.down_proj	DECODE	DOWN_PROJECTION	1	20640	20640	0	170180451	0.00012128302562789659	407460402	3495
ORDINAL	MP05	1	4520	model.layers.14.self_attn	DECODE	ATTENTION	6	27616	27616	0	170180451	0.00016227480793313916	407460402	3495
ORDINAL	MP05	1	4521	model.layers.14.mlp.gate_up_proj	DECODE	GATE_UP_PROJECTION	1	39712	39712	0	170180451	0.000233352302022046	407460402	3495
ORDINAL	MP05	1	4522	model.layers.14.mlp.act_fn	DECODE	ACTIVATION	1	2400	2400	0	170180451	1.4102677398592628e-05	407460402	3495
ORDINAL	MP05	1	4523	model.layers.14.mlp.down_proj	DECODE	DOWN_PROJECTION	1	20448	20448	0	170180451	0.00012015481143600918	407460402	3495
ORDINAL	MP05	1	4524	model.layers.15.self_attn	DECODE	ATTENTION	6	27616	27616	0	170180451	0.00016227480793313916	407460402	3495
ORDINAL	MP05	1	4525	model.layers.15.mlp.gate_up_proj	DECODE	GATE_UP_PROJECTION	1	39136	39136	0	170180451	0.00022996765944638376	407460402	3495
ORDINAL	MP05	1	4526	model.layers.15.mlp.act_fn	DECODE	ACTIVATION	1	2368	2368	0	170180451	1.3914641699944725e-05	407460402	3495
ORDINAL	MP05	1	4527	model.layers.15.mlp.down_proj	DECODE	DOWN_PROJECTION	1	20640	20640	0	170180451	0.00012128302562789659	407460402	3495
ORDINAL	MP05	1	4528	model.layers.16.self_attn	DECODE	ATTENTION	6	27872	27872	0	170180451	0.00016377909352232236	407460402	3495
ORDINAL	MP05	1	4529	model.layers.16.mlp.gate_up_proj	DECODE	GATE_UP_PROJECTION	1	38752	38752	0	170180451	0.00022771123106260895	407460402	3495
ORDINAL	MP05	1	4530	model.layers.16.mlp.act_fn	DECODE	ACTIVATION	1	2400	2400	0	170180451	1.4102677398592628e-05	407460402	3495
ORDINAL	MP05	1	4531	model.layers.16.mlp.down_proj	DECODE	DOWN_PROJECTION	1	20512	20512	0	170180451	0.00012053088283330498	407460402	3495
ORDINAL	MP05	1	4532	model.layers.17.self_attn	DECODE	ATTENTION	6	27647	27647	0	170180451	0.0001624569675162043	407460402	3495
ORDINAL	MP05	1	4533	model.layers.17.mlp.gate_up_proj	DECODE	GATE_UP_PROJECTION	1	38784	38784	0	170180451	0.00022789926676125685	407460402	3495
ORDINAL	MP05	1	4534	model.layers.17.mlp.act_fn	DECODE	ACTIVATION	1	2368	2368	0	170180451	1.3914641699944725e-05	407460402	3495
ORDINAL	MP05	1	4535	model.layers.17.mlp.down_proj	DECODE	DOWN_PROJECTION	1	20384	20384	0	170180451	0.00011977874003871338	407460402	3495
ORDINAL	MP05	1	4536	model.layers.18.self_attn	DECODE	ATTENTION	6	27744	27744	0	170180451	0.00016302695072773076	407460402	3495
ORDINAL	MP05	1	4537	model.layers.18.mlp.gate_up_proj	DECODE	GATE_UP_PROJECTION	1	39328	39328	0	170180451	0.0002310958736382712	407460402	3495
ORDINAL	MP05	1	4538	model.layers.18.mlp.act_fn	DECODE	ACTIVATION	1	2368	2368	0	170180451	1.3914641699944725e-05	407460402	3495
ORDINAL	MP05	1	4539	model.layers.18.mlp.down_proj	DECODE	DOWN_PROJECTION	1	20352	20352	0	170180451	0.00011959070434006548	407460402	3495
ORDINAL	MP05	1	4540	model.layers.19.self_attn	DECODE	ATTENTION	6	27680	27680	0	170180451	0.00016265087933043496	407460402	3495
ORDINAL	MP05	1	4541	model.layers.19.mlp.gate_up_proj	DECODE	GATE_UP_PROJECTION	1	38624	38624	0	170180451	0.00022695908826801735	407460402	3495
ORDINAL	MP05	1	4542	model.layers.19.mlp.act_fn	DECODE	ACTIVATION	1	2368	2368	0	170180451	1.3914641699944725e-05	407460402	3495
ORDINAL	MP05	1	4543	model.layers.19.mlp.down_proj	DECODE	DOWN_PROJECTION	1	20384	20384	0	170180451	0.00011977874003871338	407460402	3495
ORDINAL	MP05	1	4544	model.layers.20.self_attn	DECODE	ATTENTION	6	27776	27776	0	170180451	0.00016321498642637866	407460402	3495
ORDINAL	MP05	1	4545	model.layers.20.mlp.gate_up_proj	DECODE	GATE_UP_PROJECTION	1	38944	38944	0	170180451	0.00022883944525449635	407460402	3495
ORDINAL	MP05	1	4546	model.layers.20.mlp.act_fn	DECODE	ACTIVATION	1	2368	2368	0	170180451	1.3914641699944725e-05	407460402	3495
ORDINAL	MP05	1	4547	model.layers.20.mlp.down_proj	DECODE	DOWN_PROJECTION	1	20480	20480	0	170180451	0.00012034284713465708	407460402	3495
ORDINAL	MP05	1	4548	model.layers.21.self_attn	DECODE	ATTENTION	6	27968	27968	0	170180451	0.00016434320061826607	407460402	3495
ORDINAL	MP05	1	4549	model.layers.21.mlp.gate_up_proj	DECODE	GATE_UP_PROJECTION	1	39104	39104	0	170180451	0.00022977962374773586	407460402	3495
ORDINAL	MP05	1	4550	model.layers.21.mlp.act_fn	DECODE	ACTIVATION	1	2400	2400	0	170180451	1.4102677398592628e-05	407460402	3495
ORDINAL	MP05	1	4551	model.layers.21.mlp.down_proj	DECODE	DOWN_PROJECTION	1	20352	20352	0	170180451	0.00011959070434006548	407460402	3495
ORDINAL	MP05	1	4552	model.layers.22.self_attn	DECODE	ATTENTION	6	27552	27552	0	170180451	0.00016189873653584336	407460402	3495
ORDINAL	MP05	1	4553	model.layers.22.mlp.gate_up_proj	DECODE	GATE_UP_PROJECTION	1	38848	38848	0	170180451	0.00022827533815855265	407460402	3495
ORDINAL	MP05	1	4554	model.layers.22.mlp.act_fn	DECODE	ACTIVATION	1	2400	2400	0	170180451	1.4102677398592628e-05	407460402	3495
ORDINAL	MP05	1	4555	model.layers.22.mlp.down_proj	DECODE	DOWN_PROJECTION	1	20608	20608	0	170180451	0.00012109498992924868	407460402	3495
ORDINAL	MP05	1	4556	model.layers.23.self_attn	DECODE	ATTENTION	6	27551	27551	0	170180451	0.0001618928604202606	407460402	3495
ORDINAL	MP05	1	4557	model.layers.23.mlp.gate_up_proj	DECODE	GATE_UP_PROJECTION	1	39008	39008	0	170180451	0.00022921551665179216	407460402	3495
ORDINAL	MP05	1	4558	model.layers.23.mlp.act_fn	DECODE	ACTIVATION	1	2400	2400	0	170180451	1.4102677398592628e-05	407460402	3495
ORDINAL	MP05	1	4559	model.layers.23.mlp.down_proj	DECODE	DOWN_PROJECTION	1	20480	20480	0	170180451	0.00012034284713465708	407460402	3495
ORDINAL	MP05	1	4560	model.layers.24.self_attn	DECODE	ATTENTION	6	27712	27712	0	170180451	0.00016283891502908286	407460402	3495
ORDINAL	MP05	1	4561	model.layers.24.mlp.gate_up_proj	DECODE	GATE_UP_PROJECTION	1	38816	38816	0	170180451	0.00022808730245990475	407460402	3495
ORDINAL	MP05	1	4562	model.layers.24.mlp.act_fn	DECODE	ACTIVATION	1	2368	2368	0	170180451	1.3914641699944725e-05	407460402	3495
ORDINAL	MP05	1	4563	model.layers.24.mlp.down_proj	DECODE	DOWN_PROJECTION	1	20576	20576	0	170180451	0.00012090695423060078	407460402	3495
ORDINAL	MP05	1	4564	model.layers.25.self_attn	DECODE	ATTENTION	6	27680	27680	0	170180451	0.00016265087933043496	407460402	3495
ORDINAL	MP05	1	4565	model.layers.25.mlp.gate_up_proj	DECODE	GATE_UP_PROJECTION	1	39008	39008	0	170180451	0.00022921551665179216	407460402	3495
ORDINAL	MP05	1	4566	model.layers.25.mlp.act_fn	DECODE	ACTIVATION	1	2400	2400	0	170180451	1.4102677398592628e-05	407460402	3495
ORDINAL	MP05	1	4567	model.layers.25.mlp.down_proj	DECODE	DOWN_PROJECTION	1	20320	20320	0	170180451	0.00011940266864141758	407460402	3495
ORDINAL	MP05	1	4568	model.layers.26.self_attn	DECODE	ATTENTION	6	27328	27328	0	170180451	0.00016058248664530805	407460402	3495
ORDINAL	MP05	1	4569	model.layers.26.mlp.gate_up_proj	DECODE	GATE_UP_PROJECTION	1	39008	39008	0	170180451	0.00022921551665179216	407460402	3495
ORDINAL	MP05	1	4570	model.layers.26.mlp.act_fn	DECODE	ACTIVATION	1	2368	2368	0	170180451	1.3914641699944725e-05	407460402	3495
ORDINAL	MP05	1	4571	model.layers.26.mlp.down_proj	DECODE	DOWN_PROJECTION	1	20608	20608	0	170180451	0.00012109498992924868	407460402	3495
ORDINAL	MP05	1	4572	model.layers.27.self_attn	DECODE	ATTENTION	6	27744	27744	0	170180451	0.00016302695072773076	407460402	3495
ORDINAL	MP05	1	4573	model.layers.27.mlp.gate_up_proj	DECODE	GATE_UP_PROJECTION	1	39296	39296	0	170180451	0.00023090783793962326	407460402	3495
ORDINAL	MP05	1	4574	model.layers.27.mlp.act_fn	DECODE	ACTIVATION	1	2368	2368	0	170180451	1.3914641699944725e-05	407460402	3495
ORDINAL	MP05	1	4575	model.layers.27.mlp.down_proj	DECODE	DOWN_PROJECTION	1	20512	20512	0	170180451	0.00012053088283330498	407460402	3495
ORDINAL	MP05	1	4576	model.layers.28.self_attn	DECODE	ATTENTION	6	27552	27552	0	170180451	0.00016189873653584336	407460402	3495
ORDINAL	MP05	1	4577	model.layers.28.mlp.gate_up_proj	DECODE	GATE_UP_PROJECTION	1	38880	38880	0	170180451	0.00022846337385720055	407460402	3495
ORDINAL	MP05	1	4578	model.layers.28.mlp.act_fn	DECODE	ACTIVATION	1	2400	2400	0	170180451	1.4102677398592628e-05	407460402	3495
ORDINAL	MP05	1	4579	model.layers.28.mlp.down_proj	DECODE	DOWN_PROJECTION	1	20448	20448	0	170180451	0.00012015481143600918	407460402	3495
ORDINAL	MP05	1	4580	model.layers.29.self_attn	DECODE	ATTENTION	6	27680	27680	0	170180451	0.00016265087933043496	407460402	3495
ORDINAL	MP05	1	4581	model.layers.29.mlp.gate_up_proj	DECODE	GATE_UP_PROJECTION	1	38880	38880	0	170180451	0.00022846337385720055	407460402	3495
ORDINAL	MP05	1	4582	model.layers.29.mlp.act_fn	DECODE	ACTIVATION	1	2400	2400	0	170180451	1.4102677398592628e-05	407460402	3495
ORDINAL	MP05	1	4583	model.layers.29.mlp.down_proj	DECODE	DOWN_PROJECTION	1	20352	20352	0	170180451	0.00011959070434006548	407460402	3495
ORDINAL	MP05	1	4584	model.layers.30.self_attn	DECODE	ATTENTION	6	27712	27712	0	170180451	0.00016283891502908286	407460402	3495
ORDINAL	MP05	1	4585	model.layers.30.mlp.gate_up_proj	DECODE	GATE_UP_PROJECTION	1	39616	39616	0	170180451	0.0002327881949261023	407460402	3495
ORDINAL	MP05	1	4586	model.layers.30.mlp.act_fn	DECODE	ACTIVATION	1	2368	2368	0	170180451	1.3914641699944725e-05	407460402	3495
ORDINAL	MP05	1	4587	model.layers.30.mlp.down_proj	DECODE	DOWN_PROJECTION	1	20544	20544	0	170180451	0.00012071891853195288	407460402	3495
ORDINAL	MP05	1	4588	model.layers.31.self_attn	DECODE	ATTENTION	6	27488	27488	0	170180451	0.00016152266513854755	407460402	3495
ORDINAL	MP05	1	4589	model.layers.31.mlp.gate_up_proj	DECODE	GATE_UP_PROJECTION	1	38656	38656	0	170180451	0.00022714712396666525	407460402	3495
ORDINAL	MP05	1	4590	model.layers.31.mlp.act_fn	DECODE	ACTIVATION	1	2368	2368	0	170180451	1.3914641699944725e-05	407460402	3495
ORDINAL	MP05	1	4591	model.layers.31.mlp.down_proj	DECODE	DOWN_PROJECTION	1	20544	20544	0	170180451	0.00012071891853195288	407460402	3495
ORDINAL	MP05	1	4592	model.layers.32.self_attn	DECODE	ATTENTION	6	27552	27552	0	170180451	0.00016189873653584336	407460402	3495
ORDINAL	MP05	1	4593	model.layers.32.mlp.gate_up_proj	DECODE	GATE_UP_PROJECTION	1	38688	38688	0	170180451	0.00022733515966531315	407460402	3495
ORDINAL	MP05	1	4594	model.layers.32.mlp.act_fn	DECODE	ACTIVATION	1	2400	2400	0	170180451	1.4102677398592628e-05	407460402	3495
ORDINAL	MP05	1	4595	model.layers.32.mlp.down_proj	DECODE	DOWN_PROJECTION	1	20640	20640	0	170180451	0.00012128302562789659	407460402	3495
ORDINAL	MP05	1	4596	model.layers.33.self_attn	DECODE	ATTENTION	6	27456	27456	0	170180451	0.00016133462943989965	407460402	3495
ORDINAL	MP05	1	4597	model.layers.33.mlp.gate_up_proj	DECODE	GATE_UP_PROJECTION	1	39200	39200	0	170180451	0.00023034373084367956	407460402	3495
ORDINAL	MP05	1	4598	model.layers.33.mlp.act_fn	DECODE	ACTIVATION	1	2400	2400	0	170180451	1.4102677398592628e-05	407460402	3495
ORDINAL	MP05	1	4599	model.layers.33.mlp.down_proj	DECODE	DOWN_PROJECTION	1	20320	20320	0	170180451	0.00011940266864141758	407460402	3495
ORDINAL	MP05	1	4600	model.layers.34.self_attn	DECODE	ATTENTION	6	27744	27744	0	170180451	0.00016302695072773076	407460402	3495
ORDINAL	MP05	1	4601	model.layers.34.mlp.gate_up_proj	DECODE	GATE_UP_PROJECTION	1	38880	38880	0	170180451	0.00022846337385720055	407460402	3495
ORDINAL	MP05	1	4602	model.layers.34.mlp.act_fn	DECODE	ACTIVATION	1	2368	2368	0	170180451	1.3914641699944725e-05	407460402	3495
ORDINAL	MP05	1	4603	model.layers.34.mlp.down_proj	DECODE	DOWN_PROJECTION	1	20512	20512	0	170180451	0.00012053088283330498	407460402	3495
ORDINAL	MP05	1	4604	model.layers.35.self_attn	DECODE	ATTENTION	6	27456	27456	0	170180451	0.00016133462943989965	407460402	3495
ORDINAL	MP05	1	4605	model.layers.35.mlp.gate_up_proj	DECODE	GATE_UP_PROJECTION	1	38784	38784	0	170180451	0.00022789926676125685	407460402	3495
ORDINAL	MP05	1	4606	model.layers.35.mlp.act_fn	DECODE	ACTIVATION	1	2400	2400	0	170180451	1.4102677398592628e-05	407460402	3495
ORDINAL	MP05	1	4607	model.layers.35.mlp.down_proj	DECODE	DOWN_PROJECTION	1	20736	20736	0	170180451	0.0001218471327238403	407460402	3495
MODULE	MP05	1	NA	model.layers.0.mlp.act_fn	NA	NA	32	88992	88992	0	NA	NA	407460402	3495
MODULE	MP05	1	NA	model.layers.0.mlp.down_proj	NA	NA	32	875487	875487	0	NA	NA	407460402	3495
MODULE	MP05	1	NA	model.layers.0.mlp.gate_up_proj	NA	NA	32	1680666	1680666	0	NA	NA	407460402	3495
MODULE	MP05	1	NA	model.layers.0.self_attn	NA	NA	191	1019646	1019646	0	NA	NA	407460402	3495
MODULE	MP05	1	NA	model.layers.1.mlp.act_fn	NA	NA	32	89088	89088	0	NA	NA	407460402	3495
MODULE	MP05	1	NA	model.layers.1.mlp.down_proj	NA	NA	32	887102	887102	0	NA	NA	407460402	3495
MODULE	MP05	1	NA	model.layers.1.mlp.gate_up_proj	NA	NA	32	1724512	1724512	0	NA	NA	407460402	3495
MODULE	MP05	1	NA	model.layers.1.self_attn	NA	NA	191	1013310	1013310	0	NA	NA	407460402	3495
MODULE	MP05	1	NA	model.layers.10.mlp.act_fn	NA	NA	32	89279	89279	0	NA	NA	407460402	3495
MODULE	MP05	1	NA	model.layers.10.mlp.down_proj	NA	NA	32	866655	866655	0	NA	NA	407460402	3495
MODULE	MP05	1	NA	model.layers.10.mlp.gate_up_proj	NA	NA	32	1694495	1694495	0	NA	NA	407460402	3495
MODULE	MP05	1	NA	model.layers.10.self_attn	NA	NA	191	1009599	1009599	0	NA	NA	407460402	3495
MODULE	MP05	1	NA	model.layers.11.mlp.act_fn	NA	NA	32	89312	89312	0	NA	NA	407460402	3495
MODULE	MP05	1	NA	model.layers.11.mlp.down_proj	NA	NA	32	868383	868383	0	NA	NA	407460402	3495
MODULE	MP05	1	NA	model.layers.11.mlp.gate_up_proj	NA	NA	32	1676892	1676892	0	NA	NA	407460402	3495
MODULE	MP05	1	NA	model.layers.11.self_attn	NA	NA	191	1013120	1013120	0	NA	NA	407460402	3495
MODULE	MP05	1	NA	model.layers.12.mlp.act_fn	NA	NA	32	89184	89184	0	NA	NA	407460402	3495
MODULE	MP05	1	NA	model.layers.12.mlp.down_proj	NA	NA	32	867837	867837	0	NA	NA	407460402	3495
MODULE	MP05	1	NA	model.layers.12.mlp.gate_up_proj	NA	NA	32	1678334	1678334	0	NA	NA	407460402	3495
MODULE	MP05	1	NA	model.layers.12.self_attn	NA	NA	191	1012000	1012000	0	NA	NA	407460402	3495
MODULE	MP05	1	NA	model.layers.13.mlp.act_fn	NA	NA	32	89088	89088	0	NA	NA	407460402	3495
MODULE	MP05	1	NA	model.layers.13.mlp.down_proj	NA	NA	32	868190	868190	0	NA	NA	407460402	3495
MODULE	MP05	1	NA	model.layers.13.mlp.gate_up_proj	NA	NA	32	1676190	1676190	0	NA	NA	407460402	3495
MODULE	MP05	1	NA	model.layers.13.self_attn	NA	NA	191	1013088	1013088	0	NA	NA	407460402	3495
MODULE	MP05	1	NA	model.layers.14.mlp.act_fn	NA	NA	32	89248	89248	0	NA	NA	407460402	3495
MODULE	MP05	1	NA	model.layers.14.mlp.down_proj	NA	NA	32	865439	865439	0	NA	NA	407460402	3495
MODULE	MP05	1	NA	model.layers.14.mlp.gate_up_proj	NA	NA	32	1684223	1684223	0	NA	NA	407460402	3495
MODULE	MP05	1	NA	model.layers.14.self_attn	NA	NA	191	1010175	1010175	0	NA	NA	407460402	3495
MODULE	MP05	1	NA	model.layers.15.mlp.act_fn	NA	NA	32	89184	89184	0	NA	NA	407460402	3495
MODULE	MP05	1	NA	model.layers.15.mlp.down_proj	NA	NA	32	866301	866301	0	NA	NA	407460402	3495
MODULE	MP05	1	NA	model.layers.15.mlp.gate_up_proj	NA	NA	32	1674176	1674176	0	NA	NA	407460402	3495
MODULE	MP05	1	NA	model.layers.15.self_attn	NA	NA	191	1012640	1012640	0	NA	NA	407460402	3495
MODULE	MP05	1	NA	model.layers.16.mlp.act_fn	NA	NA	32	89184	89184	0	NA	NA	407460402	3495
MODULE	MP05	1	NA	model.layers.16.mlp.down_proj	NA	NA	32	865503	865503	0	NA	NA	407460402	3495
MODULE	MP05	1	NA	model.layers.16.mlp.gate_up_proj	NA	NA	32	1669565	1669565	0	NA	NA	407460402	3495
MODULE	MP05	1	NA	model.layers.16.self_attn	NA	NA	191	1012384	1012384	0	NA	NA	407460402	3495
MODULE	MP05	1	NA	model.layers.17.mlp.act_fn	NA	NA	32	89216	89216	0	NA	NA	407460402	3495
MODULE	MP05	1	NA	model.layers.17.mlp.down_proj	NA	NA	32	866719	866719	0	NA	NA	407460402	3495
MODULE	MP05	1	NA	model.layers.17.mlp.gate_up_proj	NA	NA	32	1672864	1672864	0	NA	NA	407460402	3495
MODULE	MP05	1	NA	model.layers.17.self_attn	NA	NA	191	1010207	1010207	0	NA	NA	407460402	3495
MODULE	MP05	1	NA	model.layers.18.mlp.act_fn	NA	NA	32	89248	89248	0	NA	NA	407460402	3495
MODULE	MP05	1	NA	model.layers.18.mlp.down_proj	NA	NA	32	865983	865983	0	NA	NA	407460402	3495
MODULE	MP05	1	NA	model.layers.18.mlp.gate_up_proj	NA	NA	32	1674718	1674718	0	NA	NA	407460402	3495
MODULE	MP05	1	NA	model.layers.18.self_attn	NA	NA	191	1012095	1012095	0	NA	NA	407460402	3495
MODULE	MP05	1	NA	model.layers.19.mlp.act_fn	NA	NA	32	89440	89440	0	NA	NA	407460402	3495
MODULE	MP05	1	NA	model.layers.19.mlp.down_proj	NA	NA	32	866463	866463	0	NA	NA	407460402	3495
MODULE	MP05	1	NA	model.layers.19.mlp.gate_up_proj	NA	NA	32	1671454	1671454	0	NA	NA	407460402	3495
MODULE	MP05	1	NA	model.layers.19.self_attn	NA	NA	191	1009472	1009472	0	NA	NA	407460402	3495
MODULE	MP05	1	NA	model.layers.2.mlp.act_fn	NA	NA	32	89216	89216	0	NA	NA	407460402	3495
MODULE	MP05	1	NA	model.layers.2.mlp.down_proj	NA	NA	32	866590	866590	0	NA	NA	407460402	3495
MODULE	MP05	1	NA	model.layers.2.mlp.gate_up_proj	NA	NA	32	1673983	1673983	0	NA	NA	407460402	3495
MODULE	MP05	1	NA	model.layers.2.self_attn	NA	NA	191	1011007	1011007	0	NA	NA	407460402	3495
MODULE	MP05	1	NA	model.layers.20.mlp.act_fn	NA	NA	32	89152	89152	0	NA	NA	407460402	3495
MODULE	MP05	1	NA	model.layers.20.mlp.down_proj	NA	NA	32	866237	866237	0	NA	NA	407460402	3495
MODULE	MP05	1	NA	model.layers.20.mlp.gate_up_proj	NA	NA	32	1678592	1678592	0	NA	NA	407460402	3495
MODULE	MP05	1	NA	model.layers.20.self_attn	NA	NA	191	1009725	1009725	0	NA	NA	407460402	3495
MODULE	MP05	1	NA	model.layers.21.mlp.act_fn	NA	NA	32	89312	89312	0	NA	NA	407460402	3495
MODULE	MP05	1	NA	model.layers.21.mlp.down_proj	NA	NA	32	867487	867487	0	NA	NA	407460402	3495
MODULE	MP05	1	NA	model.layers.21.mlp.gate_up_proj	NA	NA	32	1676062	1676062	0	NA	NA	407460402	3495
MODULE	MP05	1	NA	model.layers.21.self_attn	NA	NA	191	1014464	1014464	0	NA	NA	407460402	3495
MODULE	MP05	1	NA	model.layers.22.mlp.act_fn	NA	NA	32	89344	89344	0	NA	NA	407460402	3495
MODULE	MP05	1	NA	model.layers.22.mlp.down_proj	NA	NA	32	867775	867775	0	NA	NA	407460402	3495
MODULE	MP05	1	NA	model.layers.22.mlp.gate_up_proj	NA	NA	32	1673852	1673852	0	NA	NA	407460402	3495
MODULE	MP05	1	NA	model.layers.22.self_attn	NA	NA	191	1010463	1010463	0	NA	NA	407460402	3495
MODULE	MP05	1	NA	model.layers.23.mlp.act_fn	NA	NA	32	89216	89216	0	NA	NA	407460402	3495
MODULE	MP05	1	NA	model.layers.23.mlp.down_proj	NA	NA	32	867295	867295	0	NA	NA	407460402	3495
MODULE	MP05	1	NA	model.layers.23.mlp.gate_up_proj	NA	NA	32	1677152	1677152	0	NA	NA	407460402	3495
MODULE	MP05	1	NA	model.layers.23.self_attn	NA	NA	191	1011676	1011676	0	NA	NA	407460402	3495
MODULE	MP05	1	NA	model.layers.24.mlp.act_fn	NA	NA	32	88992	88992	0	NA	NA	407460402	3495
MODULE	MP05	1	NA	model.layers.24.mlp.down_proj	NA	NA	32	867199	867199	0	NA	NA	407460402	3495
MODULE	MP05	1	NA	model.layers.24.mlp.gate_up_proj	NA	NA	32	1681152	1681152	0	NA	NA	407460402	3495
MODULE	MP05	1	NA	model.layers.24.self_attn	NA	NA	191	1008991	1008991	0	NA	NA	407460402	3495
MODULE	MP05	1	NA	model.layers.25.mlp.act_fn	NA	NA	32	89280	89280	0	NA	NA	407460402	3495
MODULE	MP05	1	NA	model.layers.25.mlp.down_proj	NA	NA	32	866078	866078	0	NA	NA	407460402	3495
MODULE	MP05	1	NA	model.layers.25.mlp.gate_up_proj	NA	NA	32	1674336	1674336	0	NA	NA	407460402	3495
MODULE	MP05	1	NA	model.layers.25.self_attn	NA	NA	191	1012416	1012416	0	NA	NA	407460402	3495
MODULE	MP05	1	NA	model.layers.26.mlp.act_fn	NA	NA	32	89248	89248	0	NA	NA	407460402	3495
MODULE	MP05	1	NA	model.layers.26.mlp.down_proj	NA	NA	32	867647	867647	0	NA	NA	407460402	3495
MODULE	MP05	1	NA	model.layers.26.mlp.gate_up_proj	NA	NA	32	1670559	1670559	0	NA	NA	407460402	3495
MODULE	MP05	1	NA	model.layers.26.self_attn	NA	NA	191	1008574	1008574	0	NA	NA	407460402	3495
MODULE	MP05	1	NA	model.layers.27.mlp.act_fn	NA	NA	32	89216	89216	0	NA	NA	407460402	3495
MODULE	MP05	1	NA	model.layers.27.mlp.down_proj	NA	NA	32	867935	867935	0	NA	NA	407460402	3495
MODULE	MP05	1	NA	model.layers.27.mlp.gate_up_proj	NA	NA	32	1672223	1672223	0	NA	NA	407460402	3495
MODULE	MP05	1	NA	model.layers.27.self_attn	NA	NA	191	1008924	1008924	0	NA	NA	407460402	3495
MODULE	MP05	1	NA	model.layers.28.mlp.act_fn	NA	NA	32	89184	89184	0	NA	NA	407460402	3495
MODULE	MP05	1	NA	model.layers.28.mlp.down_proj	NA	NA	32	867261	867261	0	NA	NA	407460402	3495
MODULE	MP05	1	NA	model.layers.28.mlp.gate_up_proj	NA	NA	32	1671167	1671167	0	NA	NA	407460402	3495
MODULE	MP05	1	NA	model.layers.28.self_attn	NA	NA	191	1009279	1009279	0	NA	NA	407460402	3495
MODULE	MP05	1	NA	model.layers.29.mlp.act_fn	NA	NA	32	89248	89248	0	NA	NA	407460402	3495
MODULE	MP05	1	NA	model.layers.29.mlp.down_proj	NA	NA	32	866687	866687	0	NA	NA	407460402	3495
MODULE	MP05	1	NA	model.layers.29.mlp.gate_up_proj	NA	NA	32	1669790	1669790	0	NA	NA	407460402	3495
MODULE	MP05	1	NA	model.layers.29.self_attn	NA	NA	191	1013152	1013152	0	NA	NA	407460402	3495
MODULE	MP05	1	NA	model.layers.3.mlp.act_fn	NA	NA	32	89056	89056	0	NA	NA	407460402	3495
MODULE	MP05	1	NA	model.layers.3.mlp.down_proj	NA	NA	32	868927	868927	0	NA	NA	407460402	3495
MODULE	MP05	1	NA	model.layers.3.mlp.gate_up_proj	NA	NA	32	1683518	1683518	0	NA	NA	407460402	3495
MODULE	MP05	1	NA	model.layers.3.self_attn	NA	NA	191	1010975	1010975	0	NA	NA	407460402	3495
MODULE	MP05	1	NA	model.layers.30.mlp.act_fn	NA	NA	32	89120	89120	0	NA	NA	407460402	3495
MODULE	MP05	1	NA	model.layers.30.mlp.down_proj	NA	NA	32	867359	867359	0	NA	NA	407460402	3495
MODULE	MP05	1	NA	model.layers.30.mlp.gate_up_proj	NA	NA	32	1675072	1675072	0	NA	NA	407460402	3495
MODULE	MP05	1	NA	model.layers.30.self_attn	NA	NA	191	1011776	1011776	0	NA	NA	407460402	3495
MODULE	MP05	1	NA	model.layers.31.mlp.act_fn	NA	NA	32	89183	89183	0	NA	NA	407460402	3495
MODULE	MP05	1	NA	model.layers.31.mlp.down_proj	NA	NA	32	866815	866815	0	NA	NA	407460402	3495
MODULE	MP05	1	NA	model.layers.31.mlp.gate_up_proj	NA	NA	32	1664574	1664574	0	NA	NA	407460402	3495
MODULE	MP05	1	NA	model.layers.31.self_attn	NA	NA	191	1011040	1011040	0	NA	NA	407460402	3495
MODULE	MP05	1	NA	model.layers.32.mlp.act_fn	NA	NA	32	89344	89344	0	NA	NA	407460402	3495
MODULE	MP05	1	NA	model.layers.32.mlp.down_proj	NA	NA	32	866399	866399	0	NA	NA	407460402	3495
MODULE	MP05	1	NA	model.layers.32.mlp.gate_up_proj	NA	NA	32	1670399	1670399	0	NA	NA	407460402	3495
MODULE	MP05	1	NA	model.layers.32.self_attn	NA	NA	191	1006334	1006334	0	NA	NA	407460402	3495
MODULE	MP05	1	NA	model.layers.33.mlp.act_fn	NA	NA	32	89088	89088	0	NA	NA	407460402	3495
MODULE	MP05	1	NA	model.layers.33.mlp.down_proj	NA	NA	32	866398	866398	0	NA	NA	407460402	3495
MODULE	MP05	1	NA	model.layers.33.mlp.gate_up_proj	NA	NA	32	1661696	1661696	0	NA	NA	407460402	3495
MODULE	MP05	1	NA	model.layers.33.self_attn	NA	NA	191	1007358	1007358	0	NA	NA	407460402	3495
MODULE	MP05	1	NA	model.layers.34.mlp.act_fn	NA	NA	32	89088	89088	0	NA	NA	407460402	3495
MODULE	MP05	1	NA	model.layers.34.mlp.down_proj	NA	NA	32	866623	866623	0	NA	NA	407460402	3495
MODULE	MP05	1	NA	model.layers.34.mlp.gate_up_proj	NA	NA	32	1671613	1671613	0	NA	NA	407460402	3495
MODULE	MP05	1	NA	model.layers.34.self_attn	NA	NA	191	1008447	1008447	0	NA	NA	407460402	3495
MODULE	MP05	1	NA	model.layers.35.mlp.act_fn	NA	NA	32	89120	89120	0	NA	NA	407460402	3495
MODULE	MP05	1	NA	model.layers.35.mlp.down_proj	NA	NA	32	866943	866943	0	NA	NA	407460402	3495
MODULE	MP05	1	NA	model.layers.35.mlp.gate_up_proj	NA	NA	32	1671070	1671070	0	NA	NA	407460402	3495
MODULE	MP05	1	NA	model.layers.35.self_attn	NA	NA	191	1009824	1009824	0	NA	NA	407460402	3495
MODULE	MP05	1	NA	model.layers.4.mlp.act_fn	NA	NA	32	89152	89152	0	NA	NA	407460402	3495
MODULE	MP05	1	NA	model.layers.4.mlp.down_proj	NA	NA	32	866462	866462	0	NA	NA	407460402	3495
MODULE	MP05	1	NA	model.layers.4.mlp.gate_up_proj	NA	NA	32	1666334	1666334	0	NA	NA	407460402	3495
MODULE	MP05	1	NA	model.layers.4.self_attn	NA	NA	191	1008927	1008927	0	NA	NA	407460402	3495
MODULE	MP05	1	NA	model.layers.5.mlp.act_fn	NA	NA	32	89184	89184	0	NA	NA	407460402	3495
MODULE	MP05	1	NA	model.layers.5.mlp.down_proj	NA	NA	32	867902	867902	0	NA	NA	407460402	3495
MODULE	MP05	1	NA	model.layers.5.mlp.gate_up_proj	NA	NA	32	1674367	1674367	0	NA	NA	407460402	3495
MODULE	MP05	1	NA	model.layers.5.self_attn	NA	NA	191	1008992	1008992	0	NA	NA	407460402	3495
MODULE	MP05	1	NA	model.layers.6.mlp.act_fn	NA	NA	32	89344	89344	0	NA	NA	407460402	3495
MODULE	MP05	1	NA	model.layers.6.mlp.down_proj	NA	NA	32	868191	868191	0	NA	NA	407460402	3495
MODULE	MP05	1	NA	model.layers.6.mlp.gate_up_proj	NA	NA	32	1678847	1678847	0	NA	NA	407460402	3495
MODULE	MP05	1	NA	model.layers.6.self_attn	NA	NA	191	1009920	1009920	0	NA	NA	407460402	3495
MODULE	MP05	1	NA	model.layers.7.mlp.act_fn	NA	NA	32	89216	89216	0	NA	NA	407460402	3495
MODULE	MP05	1	NA	model.layers.7.mlp.down_proj	NA	NA	32	866814	866814	0	NA	NA	407460402	3495
MODULE	MP05	1	NA	model.layers.7.mlp.gate_up_proj	NA	NA	32	1671680	1671680	0	NA	NA	407460402	3495
MODULE	MP05	1	NA	model.layers.7.self_attn	NA	NA	191	1009278	1009278	0	NA	NA	407460402	3495
MODULE	MP05	1	NA	model.layers.8.mlp.act_fn	NA	NA	32	89216	89216	0	NA	NA	407460402	3495
MODULE	MP05	1	NA	model.layers.8.mlp.down_proj	NA	NA	32	864830	864830	0	NA	NA	407460402	3495
MODULE	MP05	1	NA	model.layers.8.mlp.gate_up_proj	NA	NA	32	1672606	1672606	0	NA	NA	407460402	3495
MODULE	MP05	1	NA	model.layers.8.self_attn	NA	NA	191	1005823	1005823	0	NA	NA	407460402	3495
MODULE	MP05	1	NA	model.layers.9.mlp.act_fn	NA	NA	32	89216	89216	0	NA	NA	407460402	3495
MODULE	MP05	1	NA	model.layers.9.mlp.down_proj	NA	NA	32	868093	868093	0	NA	NA	407460402	3495
MODULE	MP05	1	NA	model.layers.9.mlp.gate_up_proj	NA	NA	32	1666432	1666432	0	NA	NA	407460402	3495
MODULE	MP05	1	NA	model.layers.9.self_attn	NA	NA	191	1008255	1008255	0	NA	NA	407460402	3495
PHASE_FAMILY	MP05	1	NA	NA	DECODE	ACTIVATION	1116	2667614	2667614	0	170180451	0.015675208194153863	407460402	3495
PHASE_FAMILY	MP05	1	NA	NA	DECODE	ATTENTION	6696	30862237	30862237	0	170180451	0.1813500717541288	407460402	3495
PHASE_FAMILY	MP05	1	NA	NA	DECODE	DOWN_PROJECTION	1116	22940717	22940717	0	170180451	0.13480230464308735	407460402	3495
PHASE_FAMILY	MP05	1	NA	NA	DECODE	GATE_UP_PROJECTION	1116	43595117	43595117	0	170180451	0.2561699463353755	407460402	3495
PHASE_FAMILY	MP05	1	NA	NA	PREFILL	ACTIVATION	36	543584	543584	0	170180451	0.003194162412931906	407460402	3495
PHASE_FAMILY	MP05	1	NA	NA	PREFILL	ATTENTION	180	5521119	5521119	0	170180451	0.032442733390100134	407460402	3495
PHASE_FAMILY	MP05	1	NA	NA	PREFILL	DOWN_PROJECTION	36	8299292	8299292	0	170180451	0.04876759904696692	407460402	3495
PHASE_FAMILY	MP05	1	NA	NA	PREFILL	GATE_UP_PROJECTION	36	16730048	16730048	0	170180451	0.09830769575290407	407460402	3495
ALL_PHASE_FAMILY	MP05	1	NA	NA	ALL	ACTIVATION	1152	3211198	3211198	0	170180451	0.01886937060708577	407460402	3495
ALL_PHASE_FAMILY	MP05	1	NA	NA	ALL	ATTENTION	6876	36383356	36383356	0	170180451	0.21379280514422894	407460402	3495
ALL_PHASE_FAMILY	MP05	1	NA	NA	ALL	DOWN_PROJECTION	1152	31240009	31240009	0	170180451	0.18356990369005427	407460402	3495
ALL_PHASE_FAMILY	MP05	1	NA	NA	ALL	GATE_UP_PROJECTION	1152	60325165	60325165	0	170180451	0.3544776420882796	407460402	3495
