family	profile_id	kernel_index	kernel_role	kernel_name	grid_size	block_size	metric_name	unit	value	replay_pass_count
critical	L0_DOWN_D3_PERSIST_L0_DOWN	0	GEMM	gemm_forward_4bit_cuda_m16n128k32(int, int, __half *, int *, __half *, int *, int, int, int, __half *)	(224, 1, 1)	(32, 2, 1)	l1tex__t_bytes.sum	byte	45846528.0	3
critical	L0_DOWN_D3_PERSIST_L0_DOWN	1	REDUCTION	void at::reduce_kernel<128, 4, at::ReduceOp<c10::Half, at::func_wrapper_t<c10::Half, at::sum_functor<c10::Half, float, c10::Half>::operator ()(at::TensorIterator &)::[lambda(float, float) (instance 1)]>, unsigned int, c10::Half, 4>>(T3)	(7, 1, 1)	(32, 4, 1)	l1tex__t_bytes.sum	byte	86016.0	3
critical	L0_DOWN_D3_PERSIST_L0_DOWN	0	GEMM	gemm_forward_4bit_cuda_m16n128k32(int, int, __half *, int *, __half *, int *, int, int, int, __half *)	(224, 1, 1)	(32, 2, 1)	lts__t_bytes.sum	byte	40587744.0	3
critical	L0_DOWN_D3_PERSIST_L0_DOWN	1	REDUCTION	void at::reduce_kernel<128, 4, at::ReduceOp<c10::Half, at::func_wrapper_t<c10::Half, at::sum_functor<c10::Half, float, c10::Half>::operator ()(at::TensorIterator &)::[lambda(float, float) (instance 1)]>, unsigned int, c10::Half, 4>>(T3)	(7, 1, 1)	(32, 4, 1)	lts__t_bytes.sum	byte	600832.0	3
critical	L0_DOWN_D3_PERSIST_L0_DOWN	0	GEMM	gemm_forward_4bit_cuda_m16n128k32(int, int, __half *, int *, __half *, int *, int, int, int, __half *)	(224, 1, 1)	(32, 2, 1)	dram__bytes.sum	byte	35088896.0	3
critical	L0_DOWN_D3_PERSIST_L0_DOWN	1	REDUCTION	void at::reduce_kernel<128, 4, at::ReduceOp<c10::Half, at::func_wrapper_t<c10::Half, at::sum_functor<c10::Half, float, c10::Half>::operator ()(at::TensorIterator &)::[lambda(float, float) (instance 1)]>, unsigned int, c10::Half, 4>>(T3)	(7, 1, 1)	(32, 4, 1)	dram__bytes.sum	byte	70400.0	3
critical	L0_DOWN_D3_PERSIST_L0_DOWN	0	GEMM	gemm_forward_4bit_cuda_m16n128k32(int, int, __half *, int *, __half *, int *, int, int, int, __half *)	(224, 1, 1)	(32, 2, 1)	gpu__time_duration.sum	ns	84192.0	3
critical	L0_DOWN_D3_PERSIST_L0_DOWN	1	REDUCTION	void at::reduce_kernel<128, 4, at::ReduceOp<c10::Half, at::func_wrapper_t<c10::Half, at::sum_functor<c10::Half, float, c10::Half>::operator ()(at::TensorIterator &)::[lambda(float, float) (instance 1)]>, unsigned int, c10::Half, 4>>(T3)	(7, 1, 1)	(32, 4, 1)	gpu__time_duration.sum	ns	5152.0	3
critical	L0_DOWN_D3_PERSIST_L0_DOWN	0	GEMM	gemm_forward_4bit_cuda_m16n128k32(int, int, __half *, int *, __half *, int *, int, int, int, __half *)	(224, 1, 1)	(32, 2, 1)	lts__t_sectors_srcunit_tex_op_read_lookup_hit.sum	sector	162214.0	3
critical	L0_DOWN_D3_PERSIST_L0_DOWN	1	REDUCTION	void at::reduce_kernel<128, 4, at::ReduceOp<c10::Half, at::func_wrapper_t<c10::Half, at::sum_functor<c10::Half, float, c10::Half>::operator ()(at::TensorIterator &)::[lambda(float, float) (instance 1)]>, unsigned int, c10::Half, 4>>(T3)	(7, 1, 1)	(32, 4, 1)	lts__t_sectors_srcunit_tex_op_read_lookup_hit.sum	sector	1792.0	3
critical	L0_DOWN_D3_PERSIST_L0_DOWN	0	GEMM	gemm_forward_4bit_cuda_m16n128k32(int, int, __half *, int *, __half *, int *, int, int, int, __half *)	(224, 1, 1)	(32, 2, 1)	lts__t_sectors_srcunit_tex_op_read_lookup_miss.sum	sector	1095680.0	3
critical	L0_DOWN_D3_PERSIST_L0_DOWN	1	REDUCTION	void at::reduce_kernel<128, 4, at::ReduceOp<c10::Half, at::func_wrapper_t<c10::Half, at::sum_functor<c10::Half, float, c10::Half>::operator ()(at::TensorIterator &)::[lambda(float, float) (instance 1)]>, unsigned int, c10::Half, 4>>(T3)	(7, 1, 1)	(32, 4, 1)	lts__t_sectors_srcunit_tex_op_read_lookup_miss.sum	sector	0.0	3
critical	L0_DOWN_D3_PERSIST_L0_DOWN	0	GEMM	gemm_forward_4bit_cuda_m16n128k32(int, int, __half *, int *, __half *, int *, int, int, int, __half *)	(224, 1, 1)	(32, 2, 1)	dram__bytes_read.sum	byte	35086976.0	3
critical	L0_DOWN_D3_PERSIST_L0_DOWN	1	REDUCTION	void at::reduce_kernel<128, 4, at::ReduceOp<c10::Half, at::func_wrapper_t<c10::Half, at::sum_functor<c10::Half, float, c10::Half>::operator ()(at::TensorIterator &)::[lambda(float, float) (instance 1)]>, unsigned int, c10::Half, 4>>(T3)	(7, 1, 1)	(32, 4, 1)	dram__bytes_read.sum	byte	70400.0	3
critical	L0_DOWN_D3_PERSIST_L0_DOWN	0	GEMM	gemm_forward_4bit_cuda_m16n128k32(int, int, __half *, int *, __half *, int *, int, int, int, __half *)	(224, 1, 1)	(32, 2, 1)	smsp__warp_issue_stalled_long_scoreboard_per_warp_active.pct	%	38.98	3
critical	L0_DOWN_D3_PERSIST_L0_DOWN	1	REDUCTION	void at::reduce_kernel<128, 4, at::ReduceOp<c10::Half, at::func_wrapper_t<c10::Half, at::sum_functor<c10::Half, float, c10::Half>::operator ()(at::TensorIterator &)::[lambda(float, float) (instance 1)]>, unsigned int, c10::Half, 4>>(T3)	(7, 1, 1)	(32, 4, 1)	smsp__warp_issue_stalled_long_scoreboard_per_warp_active.pct	%	6.76	3
critical	L0_DOWN_D3_PERSIST_L0_DOWN	0	GEMM	gemm_forward_4bit_cuda_m16n128k32(int, int, __half *, int *, __half *, int *, int, int, int, __half *)	(224, 1, 1)	(32, 2, 1)	smsp__inst_executed_pipe_lsu.avg.pct_of_peak_sustained_active	%	4.16	3
critical	L0_DOWN_D3_PERSIST_L0_DOWN	1	REDUCTION	void at::reduce_kernel<128, 4, at::ReduceOp<c10::Half, at::func_wrapper_t<c10::Half, at::sum_functor<c10::Half, float, c10::Half>::operator ()(at::TensorIterator &)::[lambda(float, float) (instance 1)]>, unsigned int, c10::Half, 4>>(T3)	(7, 1, 1)	(32, 4, 1)	smsp__inst_executed_pipe_lsu.avg.pct_of_peak_sustained_active	%	0.32	3
critical	L0_DOWN_D3_PERSIST_L0_DOWN	0	GEMM	gemm_forward_4bit_cuda_m16n128k32(int, int, __half *, int *, __half *, int *, int, int, int, __half *)	(224, 1, 1)	(32, 2, 1)	sm__warps_active.avg.pct_of_peak_sustained_active	%	11.92	3
critical	L0_DOWN_D3_PERSIST_L0_DOWN	1	REDUCTION	void at::reduce_kernel<128, 4, at::ReduceOp<c10::Half, at::func_wrapper_t<c10::Half, at::sum_functor<c10::Half, float, c10::Half>::operator ()(at::TensorIterator &)::[lambda(float, float) (instance 1)]>, unsigned int, c10::Half, 4>>(T3)	(7, 1, 1)	(32, 4, 1)	sm__warps_active.avg.pct_of_peak_sustained_active	%	8.33	3
critical	L0_DOWN_D3_PERSIST_L0_UP	0	GEMM	gemm_forward_4bit_cuda_m16n128k32(int, int, __half *, int *, __half *, int *, int, int, int, __half *)	(224, 1, 1)	(32, 2, 1)	l1tex__t_bytes.sum	byte	45846528.0	3
critical	L0_DOWN_D3_PERSIST_L0_UP	1	REDUCTION	void at::reduce_kernel<128, 4, at::ReduceOp<c10::Half, at::func_wrapper_t<c10::Half, at::sum_functor<c10::Half, float, c10::Half>::operator ()(at::TensorIterator &)::[lambda(float, float) (instance 1)]>, unsigned int, c10::Half, 4>>(T3)	(7, 1, 1)	(32, 4, 1)	l1tex__t_bytes.sum	byte	86016.0	3
critical	L0_DOWN_D3_PERSIST_L0_UP	0	GEMM	gemm_forward_4bit_cuda_m16n128k32(int, int, __half *, int *, __half *, int *, int, int, int, __half *)	(224, 1, 1)	(32, 2, 1)	lts__t_bytes.sum	byte	40577472.0	3
critical	L0_DOWN_D3_PERSIST_L0_UP	1	REDUCTION	void at::reduce_kernel<128, 4, at::ReduceOp<c10::Half, at::func_wrapper_t<c10::Half, at::sum_functor<c10::Half, float, c10::Half>::operator ()(at::TensorIterator &)::[lambda(float, float) (instance 1)]>, unsigned int, c10::Half, 4>>(T3)	(7, 1, 1)	(32, 4, 1)	lts__t_bytes.sum	byte	600896.0	3
critical	L0_DOWN_D3_PERSIST_L0_UP	0	GEMM	gemm_forward_4bit_cuda_m16n128k32(int, int, __half *, int *, __half *, int *, int, int, int, __half *)	(224, 1, 1)	(32, 2, 1)	dram__bytes.sum	byte	35322880.0	3
critical	L0_DOWN_D3_PERSIST_L0_UP	1	REDUCTION	void at::reduce_kernel<128, 4, at::ReduceOp<c10::Half, at::func_wrapper_t<c10::Half, at::sum_functor<c10::Half, float, c10::Half>::operator ()(at::TensorIterator &)::[lambda(float, float) (instance 1)]>, unsigned int, c10::Half, 4>>(T3)	(7, 1, 1)	(32, 4, 1)	dram__bytes.sum	byte	70400.0	3
critical	L0_DOWN_D3_PERSIST_L0_UP	0	GEMM	gemm_forward_4bit_cuda_m16n128k32(int, int, __half *, int *, __half *, int *, int, int, int, __half *)	(224, 1, 1)	(32, 2, 1)	gpu__time_duration.sum	ns	83008.0	3
critical	L0_DOWN_D3_PERSIST_L0_UP	1	REDUCTION	void at::reduce_kernel<128, 4, at::ReduceOp<c10::Half, at::func_wrapper_t<c10::Half, at::sum_functor<c10::Half, float, c10::Half>::operator ()(at::TensorIterator &)::[lambda(float, float) (instance 1)]>, unsigned int, c10::Half, 4>>(T3)	(7, 1, 1)	(32, 4, 1)	gpu__time_duration.sum	ns	5088.0	3
critical	L0_DOWN_D3_PERSIST_L0_UP	0	GEMM	gemm_forward_4bit_cuda_m16n128k32(int, int, __half *, int *, __half *, int *, int, int, int, __half *)	(224, 1, 1)	(32, 2, 1)	lts__t_sectors_srcunit_tex_op_read_lookup_hit.sum	sector	155542.0	3
critical	L0_DOWN_D3_PERSIST_L0_UP	1	REDUCTION	void at::reduce_kernel<128, 4, at::ReduceOp<c10::Half, at::func_wrapper_t<c10::Half, at::sum_functor<c10::Half, float, c10::Half>::operator ()(at::TensorIterator &)::[lambda(float, float) (instance 1)]>, unsigned int, c10::Half, 4>>(T3)	(7, 1, 1)	(32, 4, 1)	lts__t_sectors_srcunit_tex_op_read_lookup_hit.sum	sector	1792.0	3
critical	L0_DOWN_D3_PERSIST_L0_UP	0	GEMM	gemm_forward_4bit_cuda_m16n128k32(int, int, __half *, int *, __half *, int *, int, int, int, __half *)	(224, 1, 1)	(32, 2, 1)	lts__t_sectors_srcunit_tex_op_read_lookup_miss.sum	sector	1102304.0	3
critical	L0_DOWN_D3_PERSIST_L0_UP	1	REDUCTION	void at::reduce_kernel<128, 4, at::ReduceOp<c10::Half, at::func_wrapper_t<c10::Half, at::sum_functor<c10::Half, float, c10::Half>::operator ()(at::TensorIterator &)::[lambda(float, float) (instance 1)]>, unsigned int, c10::Half, 4>>(T3)	(7, 1, 1)	(32, 4, 1)	lts__t_sectors_srcunit_tex_op_read_lookup_miss.sum	sector	0.0	3
critical	L0_DOWN_D3_PERSIST_L0_UP	0	GEMM	gemm_forward_4bit_cuda_m16n128k32(int, int, __half *, int *, __half *, int *, int, int, int, __half *)	(224, 1, 1)	(32, 2, 1)	dram__bytes_read.sum	byte	35295744.0	3
critical	L0_DOWN_D3_PERSIST_L0_UP	1	REDUCTION	void at::reduce_kernel<128, 4, at::ReduceOp<c10::Half, at::func_wrapper_t<c10::Half, at::sum_functor<c10::Half, float, c10::Half>::operator ()(at::TensorIterator &)::[lambda(float, float) (instance 1)]>, unsigned int, c10::Half, 4>>(T3)	(7, 1, 1)	(32, 4, 1)	dram__bytes_read.sum	byte	70400.0	3
critical	L0_DOWN_D3_PERSIST_L0_UP	0	GEMM	gemm_forward_4bit_cuda_m16n128k32(int, int, __half *, int *, __half *, int *, int, int, int, __half *)	(224, 1, 1)	(32, 2, 1)	smsp__warp_issue_stalled_long_scoreboard_per_warp_active.pct	%	39.2	3
critical	L0_DOWN_D3_PERSIST_L0_UP	1	REDUCTION	void at::reduce_kernel<128, 4, at::ReduceOp<c10::Half, at::func_wrapper_t<c10::Half, at::sum_functor<c10::Half, float, c10::Half>::operator ()(at::TensorIterator &)::[lambda(float, float) (instance 1)]>, unsigned int, c10::Half, 4>>(T3)	(7, 1, 1)	(32, 4, 1)	smsp__warp_issue_stalled_long_scoreboard_per_warp_active.pct	%	6.89	3
critical	L0_DOWN_D3_PERSIST_L0_UP	0	GEMM	gemm_forward_4bit_cuda_m16n128k32(int, int, __half *, int *, __half *, int *, int, int, int, __half *)	(224, 1, 1)	(32, 2, 1)	smsp__inst_executed_pipe_lsu.avg.pct_of_peak_sustained_active	%	4.12	3
critical	L0_DOWN_D3_PERSIST_L0_UP	1	REDUCTION	void at::reduce_kernel<128, 4, at::ReduceOp<c10::Half, at::func_wrapper_t<c10::Half, at::sum_functor<c10::Half, float, c10::Half>::operator ()(at::TensorIterator &)::[lambda(float, float) (instance 1)]>, unsigned int, c10::Half, 4>>(T3)	(7, 1, 1)	(32, 4, 1)	smsp__inst_executed_pipe_lsu.avg.pct_of_peak_sustained_active	%	0.32	3
critical	L0_DOWN_D3_PERSIST_L0_UP	0	GEMM	gemm_forward_4bit_cuda_m16n128k32(int, int, __half *, int *, __half *, int *, int, int, int, __half *)	(224, 1, 1)	(32, 2, 1)	sm__warps_active.avg.pct_of_peak_sustained_active	%	11.91	3
critical	L0_DOWN_D3_PERSIST_L0_UP	1	REDUCTION	void at::reduce_kernel<128, 4, at::ReduceOp<c10::Half, at::func_wrapper_t<c10::Half, at::sum_functor<c10::Half, float, c10::Half>::operator ()(at::TensorIterator &)::[lambda(float, float) (instance 1)]>, unsigned int, c10::Half, 4>>(T3)	(7, 1, 1)	(32, 4, 1)	sm__warps_active.avg.pct_of_peak_sustained_active	%	8.33	3
critical	L0_DOWN_D3_SETASIDE_ONLY	0	GEMM	gemm_forward_4bit_cuda_m16n128k32(int, int, __half *, int *, __half *, int *, int, int, int, __half *)	(224, 1, 1)	(32, 2, 1)	l1tex__t_bytes.sum	byte	45846528.0	3
critical	L0_DOWN_D3_SETASIDE_ONLY	1	REDUCTION	void at::reduce_kernel<128, 4, at::ReduceOp<c10::Half, at::func_wrapper_t<c10::Half, at::sum_functor<c10::Half, float, c10::Half>::operator ()(at::TensorIterator &)::[lambda(float, float) (instance 1)]>, unsigned int, c10::Half, 4>>(T3)	(7, 1, 1)	(32, 4, 1)	l1tex__t_bytes.sum	byte	86016.0	3
critical	L0_DOWN_D3_SETASIDE_ONLY	0	GEMM	gemm_forward_4bit_cuda_m16n128k32(int, int, __half *, int *, __half *, int *, int, int, int, __half *)	(224, 1, 1)	(32, 2, 1)	lts__t_bytes.sum	byte	40573440.0	3
critical	L0_DOWN_D3_SETASIDE_ONLY	1	REDUCTION	void at::reduce_kernel<128, 4, at::ReduceOp<c10::Half, at::func_wrapper_t<c10::Half, at::sum_functor<c10::Half, float, c10::Half>::operator ()(at::TensorIterator &)::[lambda(float, float) (instance 1)]>, unsigned int, c10::Half, 4>>(T3)	(7, 1, 1)	(32, 4, 1)	lts__t_bytes.sum	byte	600896.0	3
critical	L0_DOWN_D3_SETASIDE_ONLY	0	GEMM	gemm_forward_4bit_cuda_m16n128k32(int, int, __half *, int *, __half *, int *, int, int, int, __half *)	(224, 1, 1)	(32, 2, 1)	dram__bytes.sum	byte	35425920.0	3
critical	L0_DOWN_D3_SETASIDE_ONLY	1	REDUCTION	void at::reduce_kernel<128, 4, at::ReduceOp<c10::Half, at::func_wrapper_t<c10::Half, at::sum_functor<c10::Half, float, c10::Half>::operator ()(at::TensorIterator &)::[lambda(float, float) (instance 1)]>, unsigned int, c10::Half, 4>>(T3)	(7, 1, 1)	(32, 4, 1)	dram__bytes.sum	byte	70272.0	3
critical	L0_DOWN_D3_SETASIDE_ONLY	0	GEMM	gemm_forward_4bit_cuda_m16n128k32(int, int, __half *, int *, __half *, int *, int, int, int, __half *)	(224, 1, 1)	(32, 2, 1)	gpu__time_duration.sum	ns	81056.0	3
critical	L0_DOWN_D3_SETASIDE_ONLY	1	REDUCTION	void at::reduce_kernel<128, 4, at::ReduceOp<c10::Half, at::func_wrapper_t<c10::Half, at::sum_functor<c10::Half, float, c10::Half>::operator ()(at::TensorIterator &)::[lambda(float, float) (instance 1)]>, unsigned int, c10::Half, 4>>(T3)	(7, 1, 1)	(32, 4, 1)	gpu__time_duration.sum	ns	5024.0	3
critical	L0_DOWN_D3_SETASIDE_ONLY	0	GEMM	gemm_forward_4bit_cuda_m16n128k32(int, int, __half *, int *, __half *, int *, int, int, int, __half *)	(224, 1, 1)	(32, 2, 1)	lts__t_sectors_srcunit_tex_op_read_lookup_hit.sum	sector	155426.0	3
critical	L0_DOWN_D3_SETASIDE_ONLY	1	REDUCTION	void at::reduce_kernel<128, 4, at::ReduceOp<c10::Half, at::func_wrapper_t<c10::Half, at::sum_functor<c10::Half, float, c10::Half>::operator ()(at::TensorIterator &)::[lambda(float, float) (instance 1)]>, unsigned int, c10::Half, 4>>(T3)	(7, 1, 1)	(32, 4, 1)	lts__t_sectors_srcunit_tex_op_read_lookup_hit.sum	sector	1792.0	3
critical	L0_DOWN_D3_SETASIDE_ONLY	0	GEMM	gemm_forward_4bit_cuda_m16n128k32(int, int, __half *, int *, __half *, int *, int, int, int, __half *)	(224, 1, 1)	(32, 2, 1)	lts__t_sectors_srcunit_tex_op_read_lookup_miss.sum	sector	1102304.0	3
critical	L0_DOWN_D3_SETASIDE_ONLY	1	REDUCTION	void at::reduce_kernel<128, 4, at::ReduceOp<c10::Half, at::func_wrapper_t<c10::Half, at::sum_functor<c10::Half, float, c10::Half>::operator ()(at::TensorIterator &)::[lambda(float, float) (instance 1)]>, unsigned int, c10::Half, 4>>(T3)	(7, 1, 1)	(32, 4, 1)	lts__t_sectors_srcunit_tex_op_read_lookup_miss.sum	sector	0.0	3
critical	L0_DOWN_D3_SETASIDE_ONLY	0	GEMM	gemm_forward_4bit_cuda_m16n128k32(int, int, __half *, int *, __half *, int *, int, int, int, __half *)	(224, 1, 1)	(32, 2, 1)	dram__bytes_read.sum	byte	35295232.0	3
critical	L0_DOWN_D3_SETASIDE_ONLY	1	REDUCTION	void at::reduce_kernel<128, 4, at::ReduceOp<c10::Half, at::func_wrapper_t<c10::Half, at::sum_functor<c10::Half, float, c10::Half>::operator ()(at::TensorIterator &)::[lambda(float, float) (instance 1)]>, unsigned int, c10::Half, 4>>(T3)	(7, 1, 1)	(32, 4, 1)	dram__bytes_read.sum	byte	70272.0	3
critical	L0_DOWN_D3_SETASIDE_ONLY	0	GEMM	gemm_forward_4bit_cuda_m16n128k32(int, int, __half *, int *, __half *, int *, int, int, int, __half *)	(224, 1, 1)	(32, 2, 1)	smsp__warp_issue_stalled_long_scoreboard_per_warp_active.pct	%	39.13	3
critical	L0_DOWN_D3_SETASIDE_ONLY	1	REDUCTION	void at::reduce_kernel<128, 4, at::ReduceOp<c10::Half, at::func_wrapper_t<c10::Half, at::sum_functor<c10::Half, float, c10::Half>::operator ()(at::TensorIterator &)::[lambda(float, float) (instance 1)]>, unsigned int, c10::Half, 4>>(T3)	(7, 1, 1)	(32, 4, 1)	smsp__warp_issue_stalled_long_scoreboard_per_warp_active.pct	%	6.84	3
critical	L0_DOWN_D3_SETASIDE_ONLY	0	GEMM	gemm_forward_4bit_cuda_m16n128k32(int, int, __half *, int *, __half *, int *, int, int, int, __half *)	(224, 1, 1)	(32, 2, 1)	smsp__inst_executed_pipe_lsu.avg.pct_of_peak_sustained_active	%	4.15	3
critical	L0_DOWN_D3_SETASIDE_ONLY	1	REDUCTION	void at::reduce_kernel<128, 4, at::ReduceOp<c10::Half, at::func_wrapper_t<c10::Half, at::sum_functor<c10::Half, float, c10::Half>::operator ()(at::TensorIterator &)::[lambda(float, float) (instance 1)]>, unsigned int, c10::Half, 4>>(T3)	(7, 1, 1)	(32, 4, 1)	smsp__inst_executed_pipe_lsu.avg.pct_of_peak_sustained_active	%	0.32	3
critical	L0_DOWN_D3_SETASIDE_ONLY	0	GEMM	gemm_forward_4bit_cuda_m16n128k32(int, int, __half *, int *, __half *, int *, int, int, int, __half *)	(224, 1, 1)	(32, 2, 1)	sm__warps_active.avg.pct_of_peak_sustained_active	%	11.92	3
critical	L0_DOWN_D3_SETASIDE_ONLY	1	REDUCTION	void at::reduce_kernel<128, 4, at::ReduceOp<c10::Half, at::func_wrapper_t<c10::Half, at::sum_functor<c10::Half, float, c10::Half>::operator ()(at::TensorIterator &)::[lambda(float, float) (instance 1)]>, unsigned int, c10::Half, 4>>(T3)	(7, 1, 1)	(32, 4, 1)	sm__warps_active.avg.pct_of_peak_sustained_active	%	8.33	3
critical	L0_UP_D3_BASELINE	0	GEMM	gemm_forward_4bit_cuda_m16n128k32(int, int, __half *, int *, __half *, int *, int, int, int, __half *)	(1184, 1, 1)	(32, 2, 1)	l1tex__t_bytes.sum	byte	46829568.0	3
critical	L0_UP_D3_BASELINE	1	REDUCTION	void at::reduce_kernel<128, 4, at::ReduceOp<c10::Half, at::func_wrapper_t<c10::Half, at::sum_functor<c10::Half, float, c10::Half>::operator ()(at::TensorIterator &)::[lambda(float, float) (instance 1)]>, unsigned int, c10::Half, 4>>(T3)	(37, 1, 1)	(32, 4, 1)	l1tex__t_bytes.sum	byte	454656.0	3
critical	L0_UP_D3_BASELINE	0	GEMM	gemm_forward_4bit_cuda_m16n128k32(int, int, __half *, int *, __half *, int *, int, int, int, __half *)	(1184, 1, 1)	(32, 2, 1)	lts__t_bytes.sum	byte	40731296.0	3
critical	L0_UP_D3_BASELINE	1	REDUCTION	void at::reduce_kernel<128, 4, at::ReduceOp<c10::Half, at::func_wrapper_t<c10::Half, at::sum_functor<c10::Half, float, c10::Half>::operator ()(at::TensorIterator &)::[lambda(float, float) (instance 1)]>, unsigned int, c10::Half, 4>>(T3)	(37, 1, 1)	(32, 4, 1)	lts__t_bytes.sum	byte	982880.0	3
critical	L0_UP_D3_BASELINE	0	GEMM	gemm_forward_4bit_cuda_m16n128k32(int, int, __half *, int *, __half *, int *, int, int, int, __half *)	(1184, 1, 1)	(32, 2, 1)	dram__bytes.sum	byte	49959424.0	3
critical	L0_UP_D3_BASELINE	1	REDUCTION	void at::reduce_kernel<128, 4, at::ReduceOp<c10::Half, at::func_wrapper_t<c10::Half, at::sum_functor<c10::Half, float, c10::Half>::operator ()(at::TensorIterator &)::[lambda(float, float) (instance 1)]>, unsigned int, c10::Half, 4>>(T3)	(37, 1, 1)	(32, 4, 1)	dram__bytes.sum	byte	3456.0	3
critical	L0_UP_D3_BASELINE	0	GEMM	gemm_forward_4bit_cuda_m16n128k32(int, int, __half *, int *, __half *, int *, int, int, int, __half *)	(1184, 1, 1)	(32, 2, 1)	gpu__time_duration.sum	ns	83104.0	3
critical	L0_UP_D3_BASELINE	1	REDUCTION	void at::reduce_kernel<128, 4, at::ReduceOp<c10::Half, at::func_wrapper_t<c10::Half, at::sum_functor<c10::Half, float, c10::Half>::operator ()(at::TensorIterator &)::[lambda(float, float) (instance 1)]>, unsigned int, c10::Half, 4>>(T3)	(37, 1, 1)	(32, 4, 1)	gpu__time_duration.sum	ns	4416.0	3
critical	L0_UP_D3_BASELINE	0	GEMM	gemm_forward_4bit_cuda_m16n128k32(int, int, __half *, int *, __half *, int *, int, int, int, __half *)	(1184, 1, 1)	(32, 2, 1)	lts__t_sectors_srcunit_tex_op_read_lookup_hit.sum	sector	146104.0	3
critical	L0_UP_D3_BASELINE	1	REDUCTION	void at::reduce_kernel<128, 4, at::ReduceOp<c10::Half, at::func_wrapper_t<c10::Half, at::sum_functor<c10::Half, float, c10::Half>::operator ()(at::TensorIterator &)::[lambda(float, float) (instance 1)]>, unsigned int, c10::Half, 4>>(T3)	(37, 1, 1)	(32, 4, 1)	lts__t_sectors_srcunit_tex_op_read_lookup_hit.sum	sector	9472.0	3
critical	L0_UP_D3_BASELINE	0	GEMM	gemm_forward_4bit_cuda_m16n128k32(int, int, __half *, int *, __half *, int *, int, int, int, __half *)	(1184, 1, 1)	(32, 2, 1)	lts__t_sectors_srcunit_tex_op_read_lookup_miss.sum	sector	1102304.0	3
critical	L0_UP_D3_BASELINE	1	REDUCTION	void at::reduce_kernel<128, 4, at::ReduceOp<c10::Half, at::func_wrapper_t<c10::Half, at::sum_functor<c10::Half, float, c10::Half>::operator ()(at::TensorIterator &)::[lambda(float, float) (instance 1)]>, unsigned int, c10::Half, 4>>(T3)	(37, 1, 1)	(32, 4, 1)	lts__t_sectors_srcunit_tex_op_read_lookup_miss.sum	sector	0.0	3
critical	L0_UP_D3_BASELINE	0	GEMM	gemm_forward_4bit_cuda_m16n128k32(int, int, __half *, int *, __half *, int *, int, int, int, __half *)	(1184, 1, 1)	(32, 2, 1)	dram__bytes_read.sum	byte	35282560.0	3
critical	L0_UP_D3_BASELINE	1	REDUCTION	void at::reduce_kernel<128, 4, at::ReduceOp<c10::Half, at::func_wrapper_t<c10::Half, at::sum_functor<c10::Half, float, c10::Half>::operator ()(at::TensorIterator &)::[lambda(float, float) (instance 1)]>, unsigned int, c10::Half, 4>>(T3)	(37, 1, 1)	(32, 4, 1)	dram__bytes_read.sum	byte	384.0	3
critical	L0_UP_D3_BASELINE	0	GEMM	gemm_forward_4bit_cuda_m16n128k32(int, int, __half *, int *, __half *, int *, int, int, int, __half *)	(1184, 1, 1)	(32, 2, 1)	smsp__warp_issue_stalled_long_scoreboard_per_warp_active.pct	%	61.7	3
critical	L0_UP_D3_BASELINE	1	REDUCTION	void at::reduce_kernel<128, 4, at::ReduceOp<c10::Half, at::func_wrapper_t<c10::Half, at::sum_functor<c10::Half, float, c10::Half>::operator ()(at::TensorIterator &)::[lambda(float, float) (instance 1)]>, unsigned int, c10::Half, 4>>(T3)	(37, 1, 1)	(32, 4, 1)	smsp__warp_issue_stalled_long_scoreboard_per_warp_active.pct	%	8.6	3
critical	L0_UP_D3_BASELINE	0	GEMM	gemm_forward_4bit_cuda_m16n128k32(int, int, __half *, int *, __half *, int *, int, int, int, __half *)	(1184, 1, 1)	(32, 2, 1)	smsp__inst_executed_pipe_lsu.avg.pct_of_peak_sustained_active	%	4.29	3
critical	L0_UP_D3_BASELINE	1	REDUCTION	void at::reduce_kernel<128, 4, at::ReduceOp<c10::Half, at::func_wrapper_t<c10::Half, at::sum_functor<c10::Half, float, c10::Half>::operator ()(at::TensorIterator &)::[lambda(float, float) (instance 1)]>, unsigned int, c10::Half, 4>>(T3)	(37, 1, 1)	(32, 4, 1)	smsp__inst_executed_pipe_lsu.avg.pct_of_peak_sustained_active	%	0.39	3
critical	L0_UP_D3_BASELINE	0	GEMM	gemm_forward_4bit_cuda_m16n128k32(int, int, __half *, int *, __half *, int *, int, int, int, __half *)	(1184, 1, 1)	(32, 2, 1)	sm__warps_active.avg.pct_of_peak_sustained_active	%	32.98	3
critical	L0_UP_D3_BASELINE	1	REDUCTION	void at::reduce_kernel<128, 4, at::ReduceOp<c10::Half, at::func_wrapper_t<c10::Half, at::sum_functor<c10::Half, float, c10::Half>::operator ()(at::TensorIterator &)::[lambda(float, float) (instance 1)]>, unsigned int, c10::Half, 4>>(T3)	(37, 1, 1)	(32, 4, 1)	sm__warps_active.avg.pct_of_peak_sustained_active	%	8.32	3
critical	L0_UP_D3_PERSIST_L0_UP	0	GEMM	gemm_forward_4bit_cuda_m16n128k32(int, int, __half *, int *, __half *, int *, int, int, int, __half *)	(1184, 1, 1)	(32, 2, 1)	l1tex__t_bytes.sum	byte	46829568.0	3
critical	L0_UP_D3_PERSIST_L0_UP	1	REDUCTION	void at::reduce_kernel<128, 4, at::ReduceOp<c10::Half, at::func_wrapper_t<c10::Half, at::sum_functor<c10::Half, float, c10::Half>::operator ()(at::TensorIterator &)::[lambda(float, float) (instance 1)]>, unsigned int, c10::Half, 4>>(T3)	(37, 1, 1)	(32, 4, 1)	l1tex__t_bytes.sum	byte	454656.0	3
critical	L0_UP_D3_PERSIST_L0_UP	0	GEMM	gemm_forward_4bit_cuda_m16n128k32(int, int, __half *, int *, __half *, int *, int, int, int, __half *)	(1184, 1, 1)	(32, 2, 1)	lts__t_bytes.sum	byte	40732576.0	3
critical	L0_UP_D3_PERSIST_L0_UP	1	REDUCTION	void at::reduce_kernel<128, 4, at::ReduceOp<c10::Half, at::func_wrapper_t<c10::Half, at::sum_functor<c10::Half, float, c10::Half>::operator ()(at::TensorIterator &)::[lambda(float, float) (instance 1)]>, unsigned int, c10::Half, 4>>(T3)	(37, 1, 1)	(32, 4, 1)	lts__t_bytes.sum	byte	983008.0	3
critical	L0_UP_D3_PERSIST_L0_UP	0	GEMM	gemm_forward_4bit_cuda_m16n128k32(int, int, __half *, int *, __half *, int *, int, int, int, __half *)	(1184, 1, 1)	(32, 2, 1)	dram__bytes.sum	byte	36328448.0	3
critical	L0_UP_D3_PERSIST_L0_UP	1	REDUCTION	void at::reduce_kernel<128, 4, at::ReduceOp<c10::Half, at::func_wrapper_t<c10::Half, at::sum_functor<c10::Half, float, c10::Half>::operator ()(at::TensorIterator &)::[lambda(float, float) (instance 1)]>, unsigned int, c10::Half, 4>>(T3)	(37, 1, 1)	(32, 4, 1)	dram__bytes.sum	byte	384.0	3
critical	L0_UP_D3_PERSIST_L0_UP	0	GEMM	gemm_forward_4bit_cuda_m16n128k32(int, int, __half *, int *, __half *, int *, int, int, int, __half *)	(1184, 1, 1)	(32, 2, 1)	gpu__time_duration.sum	ns	63552.0	3
critical	L0_UP_D3_PERSIST_L0_UP	1	REDUCTION	void at::reduce_kernel<128, 4, at::ReduceOp<c10::Half, at::func_wrapper_t<c10::Half, at::sum_functor<c10::Half, float, c10::Half>::operator ()(at::TensorIterator &)::[lambda(float, float) (instance 1)]>, unsigned int, c10::Half, 4>>(T3)	(37, 1, 1)	(32, 4, 1)	gpu__time_duration.sum	ns	4448.0	3
critical	L0_UP_D3_PERSIST_L0_UP	0	GEMM	gemm_forward_4bit_cuda_m16n128k32(int, int, __half *, int *, __half *, int *, int, int, int, __half *)	(1184, 1, 1)	(32, 2, 1)	lts__t_sectors_srcunit_tex_op_read_lookup_hit.sum	sector	162706.0	3
critical	L0_UP_D3_PERSIST_L0_UP	1	REDUCTION	void at::reduce_kernel<128, 4, at::ReduceOp<c10::Half, at::func_wrapper_t<c10::Half, at::sum_functor<c10::Half, float, c10::Half>::operator ()(at::TensorIterator &)::[lambda(float, float) (instance 1)]>, unsigned int, c10::Half, 4>>(T3)	(37, 1, 1)	(32, 4, 1)	lts__t_sectors_srcunit_tex_op_read_lookup_hit.sum	sector	9472.0	3
critical	L0_UP_D3_PERSIST_L0_UP	0	GEMM	gemm_forward_4bit_cuda_m16n128k32(int, int, __half *, int *, __half *, int *, int, int, int, __half *)	(1184, 1, 1)	(32, 2, 1)	lts__t_sectors_srcunit_tex_op_read_lookup_miss.sum	sector	1085888.0	3
critical	L0_UP_D3_PERSIST_L0_UP	1	REDUCTION	void at::reduce_kernel<128, 4, at::ReduceOp<c10::Half, at::func_wrapper_t<c10::Half, at::sum_functor<c10::Half, float, c10::Half>::operator ()(at::TensorIterator &)::[lambda(float, float) (instance 1)]>, unsigned int, c10::Half, 4>>(T3)	(37, 1, 1)	(32, 4, 1)	lts__t_sectors_srcunit_tex_op_read_lookup_miss.sum	sector	0.0	3
critical	L0_UP_D3_PERSIST_L0_UP	0	GEMM	gemm_forward_4bit_cuda_m16n128k32(int, int, __half *, int *, __half *, int *, int, int, int, __half *)	(1184, 1, 1)	(32, 2, 1)	dram__bytes_read.sum	byte	34765056.0	3
critical	L0_UP_D3_PERSIST_L0_UP	1	REDUCTION	void at::reduce_kernel<128, 4, at::ReduceOp<c10::Half, at::func_wrapper_t<c10::Half, at::sum_functor<c10::Half, float, c10::Half>::operator ()(at::TensorIterator &)::[lambda(float, float) (instance 1)]>, unsigned int, c10::Half, 4>>(T3)	(37, 1, 1)	(32, 4, 1)	dram__bytes_read.sum	byte	384.0	3
critical	L0_UP_D3_PERSIST_L0_UP	0	GEMM	gemm_forward_4bit_cuda_m16n128k32(int, int, __half *, int *, __half *, int *, int, int, int, __half *)	(1184, 1, 1)	(32, 2, 1)	smsp__warp_issue_stalled_long_scoreboard_per_warp_active.pct	%	55.04	3
critical	L0_UP_D3_PERSIST_L0_UP	1	REDUCTION	void at::reduce_kernel<128, 4, at::ReduceOp<c10::Half, at::func_wrapper_t<c10::Half, at::sum_functor<c10::Half, float, c10::Half>::operator ()(at::TensorIterator &)::[lambda(float, float) (instance 1)]>, unsigned int, c10::Half, 4>>(T3)	(37, 1, 1)	(32, 4, 1)	smsp__warp_issue_stalled_long_scoreboard_per_warp_active.pct	%	8.6	3
critical	L0_UP_D3_PERSIST_L0_UP	0	GEMM	gemm_forward_4bit_cuda_m16n128k32(int, int, __half *, int *, __half *, int *, int, int, int, __half *)	(1184, 1, 1)	(32, 2, 1)	smsp__inst_executed_pipe_lsu.avg.pct_of_peak_sustained_active	%	5.74	3
critical	L0_UP_D3_PERSIST_L0_UP	1	REDUCTION	void at::reduce_kernel<128, 4, at::ReduceOp<c10::Half, at::func_wrapper_t<c10::Half, at::sum_functor<c10::Half, float, c10::Half>::operator ()(at::TensorIterator &)::[lambda(float, float) (instance 1)]>, unsigned int, c10::Half, 4>>(T3)	(37, 1, 1)	(32, 4, 1)	smsp__inst_executed_pipe_lsu.avg.pct_of_peak_sustained_active	%	0.39	3
critical	L0_UP_D3_PERSIST_L0_UP	0	GEMM	gemm_forward_4bit_cuda_m16n128k32(int, int, __half *, int *, __half *, int *, int, int, int, __half *)	(1184, 1, 1)	(32, 2, 1)	sm__warps_active.avg.pct_of_peak_sustained_active	%	32.8	3
critical	L0_UP_D3_PERSIST_L0_UP	1	REDUCTION	void at::reduce_kernel<128, 4, at::ReduceOp<c10::Half, at::func_wrapper_t<c10::Half, at::sum_functor<c10::Half, float, c10::Half>::operator ()(at::TensorIterator &)::[lambda(float, float) (instance 1)]>, unsigned int, c10::Half, 4>>(T3)	(37, 1, 1)	(32, 4, 1)	sm__warps_active.avg.pct_of_peak_sustained_active	%	8.32	3
critical	L0_UP_D3_PERSIST_L14_UP	0	GEMM	gemm_forward_4bit_cuda_m16n128k32(int, int, __half *, int *, __half *, int *, int, int, int, __half *)	(1184, 1, 1)	(32, 2, 1)	l1tex__t_bytes.sum	byte	46829568.0	3
critical	L0_UP_D3_PERSIST_L14_UP	1	REDUCTION	void at::reduce_kernel<128, 4, at::ReduceOp<c10::Half, at::func_wrapper_t<c10::Half, at::sum_functor<c10::Half, float, c10::Half>::operator ()(at::TensorIterator &)::[lambda(float, float) (instance 1)]>, unsigned int, c10::Half, 4>>(T3)	(37, 1, 1)	(32, 4, 1)	l1tex__t_bytes.sum	byte	454656.0	3
critical	L0_UP_D3_PERSIST_L14_UP	0	GEMM	gemm_forward_4bit_cuda_m16n128k32(int, int, __half *, int *, __half *, int *, int, int, int, __half *)	(1184, 1, 1)	(32, 2, 1)	lts__t_bytes.sum	byte	40731616.0	3
critical	L0_UP_D3_PERSIST_L14_UP	1	REDUCTION	void at::reduce_kernel<128, 4, at::ReduceOp<c10::Half, at::func_wrapper_t<c10::Half, at::sum_functor<c10::Half, float, c10::Half>::operator ()(at::TensorIterator &)::[lambda(float, float) (instance 1)]>, unsigned int, c10::Half, 4>>(T3)	(37, 1, 1)	(32, 4, 1)	lts__t_bytes.sum	byte	983104.0	3
critical	L0_UP_D3_PERSIST_L14_UP	0	GEMM	gemm_forward_4bit_cuda_m16n128k32(int, int, __half *, int *, __half *, int *, int, int, int, __half *)	(1184, 1, 1)	(32, 2, 1)	dram__bytes.sum	byte	35447808.0	3
critical	L0_UP_D3_PERSIST_L14_UP	1	REDUCTION	void at::reduce_kernel<128, 4, at::ReduceOp<c10::Half, at::func_wrapper_t<c10::Half, at::sum_functor<c10::Half, float, c10::Half>::operator ()(at::TensorIterator &)::[lambda(float, float) (instance 1)]>, unsigned int, c10::Half, 4>>(T3)	(37, 1, 1)	(32, 4, 1)	dram__bytes.sum	byte	384.0	3
critical	L0_UP_D3_PERSIST_L14_UP	0	GEMM	gemm_forward_4bit_cuda_m16n128k32(int, int, __half *, int *, __half *, int *, int, int, int, __half *)	(1184, 1, 1)	(32, 2, 1)	gpu__time_duration.sum	ns	59936.0	3
critical	L0_UP_D3_PERSIST_L14_UP	1	REDUCTION	void at::reduce_kernel<128, 4, at::ReduceOp<c10::Half, at::func_wrapper_t<c10::Half, at::sum_functor<c10::Half, float, c10::Half>::operator ()(at::TensorIterator &)::[lambda(float, float) (instance 1)]>, unsigned int, c10::Half, 4>>(T3)	(37, 1, 1)	(32, 4, 1)	gpu__time_duration.sum	ns	4384.0	3
critical	L0_UP_D3_PERSIST_L14_UP	0	GEMM	gemm_forward_4bit_cuda_m16n128k32(int, int, __half *, int *, __half *, int *, int, int, int, __half *)	(1184, 1, 1)	(32, 2, 1)	lts__t_sectors_srcunit_tex_op_read_lookup_hit.sum	sector	146296.0	3
critical	L0_UP_D3_PERSIST_L14_UP	1	REDUCTION	void at::reduce_kernel<128, 4, at::ReduceOp<c10::Half, at::func_wrapper_t<c10::Half, at::sum_functor<c10::Half, float, c10::Half>::operator ()(at::TensorIterator &)::[lambda(float, float) (instance 1)]>, unsigned int, c10::Half, 4>>(T3)	(37, 1, 1)	(32, 4, 1)	lts__t_sectors_srcunit_tex_op_read_lookup_hit.sum	sector	9472.0	3
critical	L0_UP_D3_PERSIST_L14_UP	0	GEMM	gemm_forward_4bit_cuda_m16n128k32(int, int, __half *, int *, __half *, int *, int, int, int, __half *)	(1184, 1, 1)	(32, 2, 1)	lts__t_sectors_srcunit_tex_op_read_lookup_miss.sum	sector	1102308.0	3
critical	L0_UP_D3_PERSIST_L14_UP	1	REDUCTION	void at::reduce_kernel<128, 4, at::ReduceOp<c10::Half, at::func_wrapper_t<c10::Half, at::sum_functor<c10::Half, float, c10::Half>::operator ()(at::TensorIterator &)::[lambda(float, float) (instance 1)]>, unsigned int, c10::Half, 4>>(T3)	(37, 1, 1)	(32, 4, 1)	lts__t_sectors_srcunit_tex_op_read_lookup_miss.sum	sector	0.0	3
critical	L0_UP_D3_PERSIST_L14_UP	0	GEMM	gemm_forward_4bit_cuda_m16n128k32(int, int, __half *, int *, __half *, int *, int, int, int, __half *)	(1184, 1, 1)	(32, 2, 1)	dram__bytes_read.sum	byte	35293440.0	3
critical	L0_UP_D3_PERSIST_L14_UP	1	REDUCTION	void at::reduce_kernel<128, 4, at::ReduceOp<c10::Half, at::func_wrapper_t<c10::Half, at::sum_functor<c10::Half, float, c10::Half>::operator ()(at::TensorIterator &)::[lambda(float, float) (instance 1)]>, unsigned int, c10::Half, 4>>(T3)	(37, 1, 1)	(32, 4, 1)	dram__bytes_read.sum	byte	384.0	3
critical	L0_UP_D3_PERSIST_L14_UP	0	GEMM	gemm_forward_4bit_cuda_m16n128k32(int, int, __half *, int *, __half *, int *, int, int, int, __half *)	(1184, 1, 1)	(32, 2, 1)	smsp__warp_issue_stalled_long_scoreboard_per_warp_active.pct	%	54.6	3
critical	L0_UP_D3_PERSIST_L14_UP	1	REDUCTION	void at::reduce_kernel<128, 4, at::ReduceOp<c10::Half, at::func_wrapper_t<c10::Half, at::sum_functor<c10::Half, float, c10::Half>::operator ()(at::TensorIterator &)::[lambda(float, float) (instance 1)]>, unsigned int, c10::Half, 4>>(T3)	(37, 1, 1)	(32, 4, 1)	smsp__warp_issue_stalled_long_scoreboard_per_warp_active.pct	%	8.69	3
critical	L0_UP_D3_PERSIST_L14_UP	0	GEMM	gemm_forward_4bit_cuda_m16n128k32(int, int, __half *, int *, __half *, int *, int, int, int, __half *)	(1184, 1, 1)	(32, 2, 1)	smsp__inst_executed_pipe_lsu.avg.pct_of_peak_sustained_active	%	5.97	3
critical	L0_UP_D3_PERSIST_L14_UP	1	REDUCTION	void at::reduce_kernel<128, 4, at::ReduceOp<c10::Half, at::func_wrapper_t<c10::Half, at::sum_functor<c10::Half, float, c10::Half>::operator ()(at::TensorIterator &)::[lambda(float, float) (instance 1)]>, unsigned int, c10::Half, 4>>(T3)	(37, 1, 1)	(32, 4, 1)	smsp__inst_executed_pipe_lsu.avg.pct_of_peak_sustained_active	%	0.4	3
critical	L0_UP_D3_PERSIST_L14_UP	0	GEMM	gemm_forward_4bit_cuda_m16n128k32(int, int, __half *, int *, __half *, int *, int, int, int, __half *)	(1184, 1, 1)	(32, 2, 1)	sm__warps_active.avg.pct_of_peak_sustained_active	%	33.02	3
critical	L0_UP_D3_PERSIST_L14_UP	1	REDUCTION	void at::reduce_kernel<128, 4, at::ReduceOp<c10::Half, at::func_wrapper_t<c10::Half, at::sum_functor<c10::Half, float, c10::Half>::operator ()(at::TensorIterator &)::[lambda(float, float) (instance 1)]>, unsigned int, c10::Half, 4>>(T3)	(37, 1, 1)	(32, 4, 1)	sm__warps_active.avg.pct_of_peak_sustained_active	%	8.32	3
critical	L0_UP_D3_SETASIDE_ONLY	0	GEMM	gemm_forward_4bit_cuda_m16n128k32(int, int, __half *, int *, __half *, int *, int, int, int, __half *)	(1184, 1, 1)	(32, 2, 1)	l1tex__t_bytes.sum	byte	46829568.0	3
critical	L0_UP_D3_SETASIDE_ONLY	1	REDUCTION	void at::reduce_kernel<128, 4, at::ReduceOp<c10::Half, at::func_wrapper_t<c10::Half, at::sum_functor<c10::Half, float, c10::Half>::operator ()(at::TensorIterator &)::[lambda(float, float) (instance 1)]>, unsigned int, c10::Half, 4>>(T3)	(37, 1, 1)	(32, 4, 1)	l1tex__t_bytes.sum	byte	454656.0	3
critical	L0_UP_D3_SETASIDE_ONLY	0	GEMM	gemm_forward_4bit_cuda_m16n128k32(int, int, __half *, int *, __half *, int *, int, int, int, __half *)	(1184, 1, 1)	(32, 2, 1)	lts__t_bytes.sum	byte	40671232.0	3
critical	L0_UP_D3_SETASIDE_ONLY	1	REDUCTION	void at::reduce_kernel<128, 4, at::ReduceOp<c10::Half, at::func_wrapper_t<c10::Half, at::sum_functor<c10::Half, float, c10::Half>::operator ()(at::TensorIterator &)::[lambda(float, float) (instance 1)]>, unsigned int, c10::Half, 4>>(T3)	(37, 1, 1)	(32, 4, 1)	lts__t_bytes.sum	byte	982944.0	3
critical	L0_UP_D3_SETASIDE_ONLY	0	GEMM	gemm_forward_4bit_cuda_m16n128k32(int, int, __half *, int *, __half *, int *, int, int, int, __half *)	(1184, 1, 1)	(32, 2, 1)	dram__bytes.sum	byte	46671232.0	3
critical	L0_UP_D3_SETASIDE_ONLY	1	REDUCTION	void at::reduce_kernel<128, 4, at::ReduceOp<c10::Half, at::func_wrapper_t<c10::Half, at::sum_functor<c10::Half, float, c10::Half>::operator ()(at::TensorIterator &)::[lambda(float, float) (instance 1)]>, unsigned int, c10::Half, 4>>(T3)	(37, 1, 1)	(32, 4, 1)	dram__bytes.sum	byte	512.0	3
critical	L0_UP_D3_SETASIDE_ONLY	0	GEMM	gemm_forward_4bit_cuda_m16n128k32(int, int, __half *, int *, __half *, int *, int, int, int, __half *)	(1184, 1, 1)	(32, 2, 1)	gpu__time_duration.sum	ns	78752.0	3
critical	L0_UP_D3_SETASIDE_ONLY	1	REDUCTION	void at::reduce_kernel<128, 4, at::ReduceOp<c10::Half, at::func_wrapper_t<c10::Half, at::sum_functor<c10::Half, float, c10::Half>::operator ()(at::TensorIterator &)::[lambda(float, float) (instance 1)]>, unsigned int, c10::Half, 4>>(T3)	(37, 1, 1)	(32, 4, 1)	gpu__time_duration.sum	ns	4448.0	3
critical	L0_UP_D3_SETASIDE_ONLY	0	GEMM	gemm_forward_4bit_cuda_m16n128k32(int, int, __half *, int *, __half *, int *, int, int, int, __half *)	(1184, 1, 1)	(32, 2, 1)	lts__t_sectors_srcunit_tex_op_read_lookup_hit.sum	sector	145902.0	3
critical	L0_UP_D3_SETASIDE_ONLY	1	REDUCTION	void at::reduce_kernel<128, 4, at::ReduceOp<c10::Half, at::func_wrapper_t<c10::Half, at::sum_functor<c10::Half, float, c10::Half>::operator ()(at::TensorIterator &)::[lambda(float, float) (instance 1)]>, unsigned int, c10::Half, 4>>(T3)	(37, 1, 1)	(32, 4, 1)	lts__t_sectors_srcunit_tex_op_read_lookup_hit.sum	sector	9472.0	3
critical	L0_UP_D3_SETASIDE_ONLY	0	GEMM	gemm_forward_4bit_cuda_m16n128k32(int, int, __half *, int *, __half *, int *, int, int, int, __half *)	(1184, 1, 1)	(32, 2, 1)	lts__t_sectors_srcunit_tex_op_read_lookup_miss.sum	sector	1102304.0	3
critical	L0_UP_D3_SETASIDE_ONLY	1	REDUCTION	void at::reduce_kernel<128, 4, at::ReduceOp<c10::Half, at::func_wrapper_t<c10::Half, at::sum_functor<c10::Half, float, c10::Half>::operator ()(at::TensorIterator &)::[lambda(float, float) (instance 1)]>, unsigned int, c10::Half, 4>>(T3)	(37, 1, 1)	(32, 4, 1)	lts__t_sectors_srcunit_tex_op_read_lookup_miss.sum	sector	0.0	3
critical	L0_UP_D3_SETASIDE_ONLY	0	GEMM	gemm_forward_4bit_cuda_m16n128k32(int, int, __half *, int *, __half *, int *, int, int, int, __half *)	(1184, 1, 1)	(32, 2, 1)	dram__bytes_read.sum	byte	35279872.0	3
critical	L0_UP_D3_SETASIDE_ONLY	1	REDUCTION	void at::reduce_kernel<128, 4, at::ReduceOp<c10::Half, at::func_wrapper_t<c10::Half, at::sum_functor<c10::Half, float, c10::Half>::operator ()(at::TensorIterator &)::[lambda(float, float) (instance 1)]>, unsigned int, c10::Half, 4>>(T3)	(37, 1, 1)	(32, 4, 1)	dram__bytes_read.sum	byte	512.0	3
critical	L0_UP_D3_SETASIDE_ONLY	0	GEMM	gemm_forward_4bit_cuda_m16n128k32(int, int, __half *, int *, __half *, int *, int, int, int, __half *)	(1184, 1, 1)	(32, 2, 1)	smsp__warp_issue_stalled_long_scoreboard_per_warp_active.pct	%	61.06	3
critical	L0_UP_D3_SETASIDE_ONLY	1	REDUCTION	void at::reduce_kernel<128, 4, at::ReduceOp<c10::Half, at::func_wrapper_t<c10::Half, at::sum_functor<c10::Half, float, c10::Half>::operator ()(at::TensorIterator &)::[lambda(float, float) (instance 1)]>, unsigned int, c10::Half, 4>>(T3)	(37, 1, 1)	(32, 4, 1)	smsp__warp_issue_stalled_long_scoreboard_per_warp_active.pct	%	8.56	3
critical	L0_UP_D3_SETASIDE_ONLY	0	GEMM	gemm_forward_4bit_cuda_m16n128k32(int, int, __half *, int *, __half *, int *, int, int, int, __half *)	(1184, 1, 1)	(32, 2, 1)	smsp__inst_executed_pipe_lsu.avg.pct_of_peak_sustained_active	%	4.55	3
critical	L0_UP_D3_SETASIDE_ONLY	1	REDUCTION	void at::reduce_kernel<128, 4, at::ReduceOp<c10::Half, at::func_wrapper_t<c10::Half, at::sum_functor<c10::Half, float, c10::Half>::operator ()(at::TensorIterator &)::[lambda(float, float) (instance 1)]>, unsigned int, c10::Half, 4>>(T3)	(37, 1, 1)	(32, 4, 1)	smsp__inst_executed_pipe_lsu.avg.pct_of_peak_sustained_active	%	0.39	3
critical	L0_UP_D3_SETASIDE_ONLY	0	GEMM	gemm_forward_4bit_cuda_m16n128k32(int, int, __half *, int *, __half *, int *, int, int, int, __half *)	(1184, 1, 1)	(32, 2, 1)	sm__warps_active.avg.pct_of_peak_sustained_active	%	33.55	3
critical	L0_UP_D3_SETASIDE_ONLY	1	REDUCTION	void at::reduce_kernel<128, 4, at::ReduceOp<c10::Half, at::func_wrapper_t<c10::Half, at::sum_functor<c10::Half, float, c10::Half>::operator ()(at::TensorIterator &)::[lambda(float, float) (instance 1)]>, unsigned int, c10::Half, 4>>(T3)	(37, 1, 1)	(32, 4, 1)	sm__warps_active.avg.pct_of_peak_sustained_active	%	8.32	3
critical	L14_UP_D3_PERSIST_L0_UP	0	GEMM	gemm_forward_4bit_cuda_m16n128k32(int, int, __half *, int *, __half *, int *, int, int, int, __half *)	(1184, 1, 1)	(32, 2, 1)	l1tex__t_bytes.sum	byte	46829568.0	3
critical	L14_UP_D3_PERSIST_L0_UP	1	REDUCTION	void at::reduce_kernel<128, 4, at::ReduceOp<c10::Half, at::func_wrapper_t<c10::Half, at::sum_functor<c10::Half, float, c10::Half>::operator ()(at::TensorIterator &)::[lambda(float, float) (instance 1)]>, unsigned int, c10::Half, 4>>(T3)	(37, 1, 1)	(32, 4, 1)	l1tex__t_bytes.sum	byte	454656.0	3
critical	L14_UP_D3_PERSIST_L0_UP	0	GEMM	gemm_forward_4bit_cuda_m16n128k32(int, int, __half *, int *, __half *, int *, int, int, int, __half *)	(1184, 1, 1)	(32, 2, 1)	lts__t_bytes.sum	byte	40715264.0	3
critical	L14_UP_D3_PERSIST_L0_UP	1	REDUCTION	void at::reduce_kernel<128, 4, at::ReduceOp<c10::Half, at::func_wrapper_t<c10::Half, at::sum_functor<c10::Half, float, c10::Half>::operator ()(at::TensorIterator &)::[lambda(float, float) (instance 1)]>, unsigned int, c10::Half, 4>>(T3)	(37, 1, 1)	(32, 4, 1)	lts__t_bytes.sum	byte	982336.0	3
critical	L14_UP_D3_PERSIST_L0_UP	0	GEMM	gemm_forward_4bit_cuda_m16n128k32(int, int, __half *, int *, __half *, int *, int, int, int, __half *)	(1184, 1, 1)	(32, 2, 1)	dram__bytes.sum	byte	35498624.0	3
critical	L14_UP_D3_PERSIST_L0_UP	1	REDUCTION	void at::reduce_kernel<128, 4, at::ReduceOp<c10::Half, at::func_wrapper_t<c10::Half, at::sum_functor<c10::Half, float, c10::Half>::operator ()(at::TensorIterator &)::[lambda(float, float) (instance 1)]>, unsigned int, c10::Half, 4>>(T3)	(37, 1, 1)	(32, 4, 1)	dram__bytes.sum	byte	1152.0	3
critical	L14_UP_D3_PERSIST_L0_UP	0	GEMM	gemm_forward_4bit_cuda_m16n128k32(int, int, __half *, int *, __half *, int *, int, int, int, __half *)	(1184, 1, 1)	(32, 2, 1)	gpu__time_duration.sum	ns	60544.0	3
critical	L14_UP_D3_PERSIST_L0_UP	1	REDUCTION	void at::reduce_kernel<128, 4, at::ReduceOp<c10::Half, at::func_wrapper_t<c10::Half, at::sum_functor<c10::Half, float, c10::Half>::operator ()(at::TensorIterator &)::[lambda(float, float) (instance 1)]>, unsigned int, c10::Half, 4>>(T3)	(37, 1, 1)	(32, 4, 1)	gpu__time_duration.sum	ns	4544.0	3
critical	L14_UP_D3_PERSIST_L0_UP	0	GEMM	gemm_forward_4bit_cuda_m16n128k32(int, int, __half *, int *, __half *, int *, int, int, int, __half *)	(1184, 1, 1)	(32, 2, 1)	lts__t_sectors_srcunit_tex_op_read_lookup_hit.sum	sector	145854.0	3
critical	L14_UP_D3_PERSIST_L0_UP	1	REDUCTION	void at::reduce_kernel<128, 4, at::ReduceOp<c10::Half, at::func_wrapper_t<c10::Half, at::sum_functor<c10::Half, float, c10::Half>::operator ()(at::TensorIterator &)::[lambda(float, float) (instance 1)]>, unsigned int, c10::Half, 4>>(T3)	(37, 1, 1)	(32, 4, 1)	lts__t_sectors_srcunit_tex_op_read_lookup_hit.sum	sector	9472.0	3
critical	L14_UP_D3_PERSIST_L0_UP	0	GEMM	gemm_forward_4bit_cuda_m16n128k32(int, int, __half *, int *, __half *, int *, int, int, int, __half *)	(1184, 1, 1)	(32, 2, 1)	lts__t_sectors_srcunit_tex_op_read_lookup_miss.sum	sector	1102304.0	3
critical	L14_UP_D3_PERSIST_L0_UP	1	REDUCTION	void at::reduce_kernel<128, 4, at::ReduceOp<c10::Half, at::func_wrapper_t<c10::Half, at::sum_functor<c10::Half, float, c10::Half>::operator ()(at::TensorIterator &)::[lambda(float, float) (instance 1)]>, unsigned int, c10::Half, 4>>(T3)	(37, 1, 1)	(32, 4, 1)	lts__t_sectors_srcunit_tex_op_read_lookup_miss.sum	sector	0.0	3
critical	L14_UP_D3_PERSIST_L0_UP	0	GEMM	gemm_forward_4bit_cuda_m16n128k32(int, int, __half *, int *, __half *, int *, int, int, int, __half *)	(1184, 1, 1)	(32, 2, 1)	dram__bytes_read.sum	byte	35290880.0	3
critical	L14_UP_D3_PERSIST_L0_UP	1	REDUCTION	void at::reduce_kernel<128, 4, at::ReduceOp<c10::Half, at::func_wrapper_t<c10::Half, at::sum_functor<c10::Half, float, c10::Half>::operator ()(at::TensorIterator &)::[lambda(float, float) (instance 1)]>, unsigned int, c10::Half, 4>>(T3)	(37, 1, 1)	(32, 4, 1)	dram__bytes_read.sum	byte	1152.0	3
critical	L14_UP_D3_PERSIST_L0_UP	0	GEMM	gemm_forward_4bit_cuda_m16n128k32(int, int, __half *, int *, __half *, int *, int, int, int, __half *)	(1184, 1, 1)	(32, 2, 1)	smsp__warp_issue_stalled_long_scoreboard_per_warp_active.pct	%	54.65	3
critical	L14_UP_D3_PERSIST_L0_UP	1	REDUCTION	void at::reduce_kernel<128, 4, at::ReduceOp<c10::Half, at::func_wrapper_t<c10::Half, at::sum_functor<c10::Half, float, c10::Half>::operator ()(at::TensorIterator &)::[lambda(float, float) (instance 1)]>, unsigned int, c10::Half, 4>>(T3)	(37, 1, 1)	(32, 4, 1)	smsp__warp_issue_stalled_long_scoreboard_per_warp_active.pct	%	8.42	3
critical	L14_UP_D3_PERSIST_L0_UP	0	GEMM	gemm_forward_4bit_cuda_m16n128k32(int, int, __half *, int *, __half *, int *, int, int, int, __half *)	(1184, 1, 1)	(32, 2, 1)	smsp__inst_executed_pipe_lsu.avg.pct_of_peak_sustained_active	%	5.9	3
critical	L14_UP_D3_PERSIST_L0_UP	1	REDUCTION	void at::reduce_kernel<128, 4, at::ReduceOp<c10::Half, at::func_wrapper_t<c10::Half, at::sum_functor<c10::Half, float, c10::Half>::operator ()(at::TensorIterator &)::[lambda(float, float) (instance 1)]>, unsigned int, c10::Half, 4>>(T3)	(37, 1, 1)	(32, 4, 1)	smsp__inst_executed_pipe_lsu.avg.pct_of_peak_sustained_active	%	0.39	3
critical	L14_UP_D3_PERSIST_L0_UP	0	GEMM	gemm_forward_4bit_cuda_m16n128k32(int, int, __half *, int *, __half *, int *, int, int, int, __half *)	(1184, 1, 1)	(32, 2, 1)	sm__warps_active.avg.pct_of_peak_sustained_active	%	32.91	3
critical	L14_UP_D3_PERSIST_L0_UP	1	REDUCTION	void at::reduce_kernel<128, 4, at::ReduceOp<c10::Half, at::func_wrapper_t<c10::Half, at::sum_functor<c10::Half, float, c10::Half>::operator ()(at::TensorIterator &)::[lambda(float, float) (instance 1)]>, unsigned int, c10::Half, 4>>(T3)	(37, 1, 1)	(32, 4, 1)	sm__warps_active.avg.pct_of_peak_sustained_active	%	8.32	3
critical	L14_UP_D3_PERSIST_L14_UP	0	GEMM	gemm_forward_4bit_cuda_m16n128k32(int, int, __half *, int *, __half *, int *, int, int, int, __half *)	(1184, 1, 1)	(32, 2, 1)	l1tex__t_bytes.sum	byte	46829568.0	3
critical	L14_UP_D3_PERSIST_L14_UP	1	REDUCTION	void at::reduce_kernel<128, 4, at::ReduceOp<c10::Half, at::func_wrapper_t<c10::Half, at::sum_functor<c10::Half, float, c10::Half>::operator ()(at::TensorIterator &)::[lambda(float, float) (instance 1)]>, unsigned int, c10::Half, 4>>(T3)	(37, 1, 1)	(32, 4, 1)	l1tex__t_bytes.sum	byte	454656.0	3
critical	L14_UP_D3_PERSIST_L14_UP	0	GEMM	gemm_forward_4bit_cuda_m16n128k32(int, int, __half *, int *, __half *, int *, int, int, int, __half *)	(1184, 1, 1)	(32, 2, 1)	lts__t_bytes.sum	byte	40755424.0	3
critical	L14_UP_D3_PERSIST_L14_UP	1	REDUCTION	void at::reduce_kernel<128, 4, at::ReduceOp<c10::Half, at::func_wrapper_t<c10::Half, at::sum_functor<c10::Half, float, c10::Half>::operator ()(at::TensorIterator &)::[lambda(float, float) (instance 1)]>, unsigned int, c10::Half, 4>>(T3)	(37, 1, 1)	(32, 4, 1)	lts__t_bytes.sum	byte	982240.0	3
critical	L14_UP_D3_PERSIST_L14_UP	0	GEMM	gemm_forward_4bit_cuda_m16n128k32(int, int, __half *, int *, __half *, int *, int, int, int, __half *)	(1184, 1, 1)	(32, 2, 1)	dram__bytes.sum	byte	36359040.0	3
critical	L14_UP_D3_PERSIST_L14_UP	1	REDUCTION	void at::reduce_kernel<128, 4, at::ReduceOp<c10::Half, at::func_wrapper_t<c10::Half, at::sum_functor<c10::Half, float, c10::Half>::operator ()(at::TensorIterator &)::[lambda(float, float) (instance 1)]>, unsigned int, c10::Half, 4>>(T3)	(37, 1, 1)	(32, 4, 1)	dram__bytes.sum	byte	640.0	3
critical	L14_UP_D3_PERSIST_L14_UP	0	GEMM	gemm_forward_4bit_cuda_m16n128k32(int, int, __half *, int *, __half *, int *, int, int, int, __half *)	(1184, 1, 1)	(32, 2, 1)	gpu__time_duration.sum	ns	62368.0	3
critical	L14_UP_D3_PERSIST_L14_UP	1	REDUCTION	void at::reduce_kernel<128, 4, at::ReduceOp<c10::Half, at::func_wrapper_t<c10::Half, at::sum_functor<c10::Half, float, c10::Half>::operator ()(at::TensorIterator &)::[lambda(float, float) (instance 1)]>, unsigned int, c10::Half, 4>>(T3)	(37, 1, 1)	(32, 4, 1)	gpu__time_duration.sum	ns	4480.0	3
critical	L14_UP_D3_PERSIST_L14_UP	0	GEMM	gemm_forward_4bit_cuda_m16n128k32(int, int, __half *, int *, __half *, int *, int, int, int, __half *)	(1184, 1, 1)	(32, 2, 1)	lts__t_sectors_srcunit_tex_op_read_lookup_hit.sum	sector	165526.0	3
critical	L14_UP_D3_PERSIST_L14_UP	1	REDUCTION	void at::reduce_kernel<128, 4, at::ReduceOp<c10::Half, at::func_wrapper_t<c10::Half, at::sum_functor<c10::Half, float, c10::Half>::operator ()(at::TensorIterator &)::[lambda(float, float) (instance 1)]>, unsigned int, c10::Half, 4>>(T3)	(37, 1, 1)	(32, 4, 1)	lts__t_sectors_srcunit_tex_op_read_lookup_hit.sum	sector	9472.0	3
critical	L14_UP_D3_PERSIST_L14_UP	0	GEMM	gemm_forward_4bit_cuda_m16n128k32(int, int, __half *, int *, __half *, int *, int, int, int, __half *)	(1184, 1, 1)	(32, 2, 1)	lts__t_sectors_srcunit_tex_op_read_lookup_miss.sum	sector	1083744.0	3
critical	L14_UP_D3_PERSIST_L14_UP	1	REDUCTION	void at::reduce_kernel<128, 4, at::ReduceOp<c10::Half, at::func_wrapper_t<c10::Half, at::sum_functor<c10::Half, float, c10::Half>::operator ()(at::TensorIterator &)::[lambda(float, float) (instance 1)]>, unsigned int, c10::Half, 4>>(T3)	(37, 1, 1)	(32, 4, 1)	lts__t_sectors_srcunit_tex_op_read_lookup_miss.sum	sector	0.0	3
critical	L14_UP_D3_PERSIST_L14_UP	0	GEMM	gemm_forward_4bit_cuda_m16n128k32(int, int, __half *, int *, __half *, int *, int, int, int, __half *)	(1184, 1, 1)	(32, 2, 1)	dram__bytes_read.sum	byte	34698496.0	3
critical	L14_UP_D3_PERSIST_L14_UP	1	REDUCTION	void at::reduce_kernel<128, 4, at::ReduceOp<c10::Half, at::func_wrapper_t<c10::Half, at::sum_functor<c10::Half, float, c10::Half>::operator ()(at::TensorIterator &)::[lambda(float, float) (instance 1)]>, unsigned int, c10::Half, 4>>(T3)	(37, 1, 1)	(32, 4, 1)	dram__bytes_read.sum	byte	640.0	3
critical	L14_UP_D3_PERSIST_L14_UP	0	GEMM	gemm_forward_4bit_cuda_m16n128k32(int, int, __half *, int *, __half *, int *, int, int, int, __half *)	(1184, 1, 1)	(32, 2, 1)	smsp__warp_issue_stalled_long_scoreboard_per_warp_active.pct	%	55.13	3
critical	L14_UP_D3_PERSIST_L14_UP	1	REDUCTION	void at::reduce_kernel<128, 4, at::ReduceOp<c10::Half, at::func_wrapper_t<c10::Half, at::sum_functor<c10::Half, float, c10::Half>::operator ()(at::TensorIterator &)::[lambda(float, float) (instance 1)]>, unsigned int, c10::Half, 4>>(T3)	(37, 1, 1)	(32, 4, 1)	smsp__warp_issue_stalled_long_scoreboard_per_warp_active.pct	%	8.52	3
critical	L14_UP_D3_PERSIST_L14_UP	0	GEMM	gemm_forward_4bit_cuda_m16n128k32(int, int, __half *, int *, __half *, int *, int, int, int, __half *)	(1184, 1, 1)	(32, 2, 1)	smsp__inst_executed_pipe_lsu.avg.pct_of_peak_sustained_active	%	5.73	3
critical	L14_UP_D3_PERSIST_L14_UP	1	REDUCTION	void at::reduce_kernel<128, 4, at::ReduceOp<c10::Half, at::func_wrapper_t<c10::Half, at::sum_functor<c10::Half, float, c10::Half>::operator ()(at::TensorIterator &)::[lambda(float, float) (instance 1)]>, unsigned int, c10::Half, 4>>(T3)	(37, 1, 1)	(32, 4, 1)	smsp__inst_executed_pipe_lsu.avg.pct_of_peak_sustained_active	%	0.39	3
critical	L14_UP_D3_PERSIST_L14_UP	0	GEMM	gemm_forward_4bit_cuda_m16n128k32(int, int, __half *, int *, __half *, int *, int, int, int, __half *)	(1184, 1, 1)	(32, 2, 1)	sm__warps_active.avg.pct_of_peak_sustained_active	%	32.8	3
critical	L14_UP_D3_PERSIST_L14_UP	1	REDUCTION	void at::reduce_kernel<128, 4, at::ReduceOp<c10::Half, at::func_wrapper_t<c10::Half, at::sum_functor<c10::Half, float, c10::Half>::operator ()(at::TensorIterator &)::[lambda(float, float) (instance 1)]>, unsigned int, c10::Half, 4>>(T3)	(37, 1, 1)	(32, 4, 1)	sm__warps_active.avg.pct_of_peak_sustained_active	%	8.32	3
critical	L14_UP_D3_SETASIDE_ONLY	0	GEMM	gemm_forward_4bit_cuda_m16n128k32(int, int, __half *, int *, __half *, int *, int, int, int, __half *)	(1184, 1, 1)	(32, 2, 1)	l1tex__t_bytes.sum	byte	46829568.0	3
critical	L14_UP_D3_SETASIDE_ONLY	1	REDUCTION	void at::reduce_kernel<128, 4, at::ReduceOp<c10::Half, at::func_wrapper_t<c10::Half, at::sum_functor<c10::Half, float, c10::Half>::operator ()(at::TensorIterator &)::[lambda(float, float) (instance 1)]>, unsigned int, c10::Half, 4>>(T3)	(37, 1, 1)	(32, 4, 1)	l1tex__t_bytes.sum	byte	454656.0	3
critical	L14_UP_D3_SETASIDE_ONLY	0	GEMM	gemm_forward_4bit_cuda_m16n128k32(int, int, __half *, int *, __half *, int *, int, int, int, __half *)	(1184, 1, 1)	(32, 2, 1)	lts__t_bytes.sum	byte	40693568.0	3
critical	L14_UP_D3_SETASIDE_ONLY	1	REDUCTION	void at::reduce_kernel<128, 4, at::ReduceOp<c10::Half, at::func_wrapper_t<c10::Half, at::sum_functor<c10::Half, float, c10::Half>::operator ()(at::TensorIterator &)::[lambda(float, float) (instance 1)]>, unsigned int, c10::Half, 4>>(T3)	(37, 1, 1)	(32, 4, 1)	lts__t_bytes.sum	byte	982816.0	3
critical	L14_UP_D3_SETASIDE_ONLY	0	GEMM	gemm_forward_4bit_cuda_m16n128k32(int, int, __half *, int *, __half *, int *, int, int, int, __half *)	(1184, 1, 1)	(32, 2, 1)	dram__bytes.sum	byte	45812480.0	3
critical	L14_UP_D3_SETASIDE_ONLY	1	REDUCTION	void at::reduce_kernel<128, 4, at::ReduceOp<c10::Half, at::func_wrapper_t<c10::Half, at::sum_functor<c10::Half, float, c10::Half>::operator ()(at::TensorIterator &)::[lambda(float, float) (instance 1)]>, unsigned int, c10::Half, 4>>(T3)	(37, 1, 1)	(32, 4, 1)	dram__bytes.sum	byte	768.0	3
critical	L14_UP_D3_SETASIDE_ONLY	0	GEMM	gemm_forward_4bit_cuda_m16n128k32(int, int, __half *, int *, __half *, int *, int, int, int, __half *)	(1184, 1, 1)	(32, 2, 1)	gpu__time_duration.sum	ns	76096.0	3
critical	L14_UP_D3_SETASIDE_ONLY	1	REDUCTION	void at::reduce_kernel<128, 4, at::ReduceOp<c10::Half, at::func_wrapper_t<c10::Half, at::sum_functor<c10::Half, float, c10::Half>::operator ()(at::TensorIterator &)::[lambda(float, float) (instance 1)]>, unsigned int, c10::Half, 4>>(T3)	(37, 1, 1)	(32, 4, 1)	gpu__time_duration.sum	ns	4480.0	3
critical	L14_UP_D3_SETASIDE_ONLY	0	GEMM	gemm_forward_4bit_cuda_m16n128k32(int, int, __half *, int *, __half *, int *, int, int, int, __half *)	(1184, 1, 1)	(32, 2, 1)	lts__t_sectors_srcunit_tex_op_read_lookup_hit.sum	sector	146614.0	3
critical	L14_UP_D3_SETASIDE_ONLY	1	REDUCTION	void at::reduce_kernel<128, 4, at::ReduceOp<c10::Half, at::func_wrapper_t<c10::Half, at::sum_functor<c10::Half, float, c10::Half>::operator ()(at::TensorIterator &)::[lambda(float, float) (instance 1)]>, unsigned int, c10::Half, 4>>(T3)	(37, 1, 1)	(32, 4, 1)	lts__t_sectors_srcunit_tex_op_read_lookup_hit.sum	sector	9472.0	3
critical	L14_UP_D3_SETASIDE_ONLY	0	GEMM	gemm_forward_4bit_cuda_m16n128k32(int, int, __half *, int *, __half *, int *, int, int, int, __half *)	(1184, 1, 1)	(32, 2, 1)	lts__t_sectors_srcunit_tex_op_read_lookup_miss.sum	sector	1102304.0	3
critical	L14_UP_D3_SETASIDE_ONLY	1	REDUCTION	void at::reduce_kernel<128, 4, at::ReduceOp<c10::Half, at::func_wrapper_t<c10::Half, at::sum_functor<c10::Half, float, c10::Half>::operator ()(at::TensorIterator &)::[lambda(float, float) (instance 1)]>, unsigned int, c10::Half, 4>>(T3)	(37, 1, 1)	(32, 4, 1)	lts__t_sectors_srcunit_tex_op_read_lookup_miss.sum	sector	0.0	3
critical	L14_UP_D3_SETASIDE_ONLY	0	GEMM	gemm_forward_4bit_cuda_m16n128k32(int, int, __half *, int *, __half *, int *, int, int, int, __half *)	(1184, 1, 1)	(32, 2, 1)	dram__bytes_read.sum	byte	35279872.0	3
critical	L14_UP_D3_SETASIDE_ONLY	1	REDUCTION	void at::reduce_kernel<128, 4, at::ReduceOp<c10::Half, at::func_wrapper_t<c10::Half, at::sum_functor<c10::Half, float, c10::Half>::operator ()(at::TensorIterator &)::[lambda(float, float) (instance 1)]>, unsigned int, c10::Half, 4>>(T3)	(37, 1, 1)	(32, 4, 1)	dram__bytes_read.sum	byte	768.0	3
critical	L14_UP_D3_SETASIDE_ONLY	0	GEMM	gemm_forward_4bit_cuda_m16n128k32(int, int, __half *, int *, __half *, int *, int, int, int, __half *)	(1184, 1, 1)	(32, 2, 1)	smsp__warp_issue_stalled_long_scoreboard_per_warp_active.pct	%	60.85	3
critical	L14_UP_D3_SETASIDE_ONLY	1	REDUCTION	void at::reduce_kernel<128, 4, at::ReduceOp<c10::Half, at::func_wrapper_t<c10::Half, at::sum_functor<c10::Half, float, c10::Half>::operator ()(at::TensorIterator &)::[lambda(float, float) (instance 1)]>, unsigned int, c10::Half, 4>>(T3)	(37, 1, 1)	(32, 4, 1)	smsp__warp_issue_stalled_long_scoreboard_per_warp_active.pct	%	8.5	3
critical	L14_UP_D3_SETASIDE_ONLY	0	GEMM	gemm_forward_4bit_cuda_m16n128k32(int, int, __half *, int *, __half *, int *, int, int, int, __half *)	(1184, 1, 1)	(32, 2, 1)	smsp__inst_executed_pipe_lsu.avg.pct_of_peak_sustained_active	%	4.6	3
critical	L14_UP_D3_SETASIDE_ONLY	1	REDUCTION	void at::reduce_kernel<128, 4, at::ReduceOp<c10::Half, at::func_wrapper_t<c10::Half, at::sum_functor<c10::Half, float, c10::Half>::operator ()(at::TensorIterator &)::[lambda(float, float) (instance 1)]>, unsigned int, c10::Half, 4>>(T3)	(37, 1, 1)	(32, 4, 1)	smsp__inst_executed_pipe_lsu.avg.pct_of_peak_sustained_active	%	0.39	3
critical	L14_UP_D3_SETASIDE_ONLY	0	GEMM	gemm_forward_4bit_cuda_m16n128k32(int, int, __half *, int *, __half *, int *, int, int, int, __half *)	(1184, 1, 1)	(32, 2, 1)	sm__warps_active.avg.pct_of_peak_sustained_active	%	33.45	3
critical	L14_UP_D3_SETASIDE_ONLY	1	REDUCTION	void at::reduce_kernel<128, 4, at::ReduceOp<c10::Half, at::func_wrapper_t<c10::Half, at::sum_functor<c10::Half, float, c10::Half>::operator ()(at::TensorIterator &)::[lambda(float, float) (instance 1)]>, unsigned int, c10::Half, 4>>(T3)	(37, 1, 1)	(32, 4, 1)	sm__warps_active.avg.pct_of_peak_sustained_active	%	8.32	3
rotating	ROTATE_PERSIST_A_B_A	0	GEMM	gemm_forward_4bit_cuda_m16n128k32(int, int, __half *, int *, __half *, int *, int, int, int, __half *)	(1184, 1, 1)	(32, 2, 1)	l1tex__t_bytes.sum	byte	46829568.0	3
rotating	ROTATE_PERSIST_A_B_A	1	REDUCTION	void at::reduce_kernel<128, 4, at::ReduceOp<c10::Half, at::func_wrapper_t<c10::Half, at::sum_functor<c10::Half, float, c10::Half>::operator ()(at::TensorIterator &)::[lambda(float, float) (instance 1)]>, unsigned int, c10::Half, 4>>(T3)	(37, 1, 1)	(32, 4, 1)	l1tex__t_bytes.sum	byte	454656.0	3
rotating	ROTATE_PERSIST_A_B_A	0	GEMM	gemm_forward_4bit_cuda_m16n128k32(int, int, __half *, int *, __half *, int *, int, int, int, __half *)	(1184, 1, 1)	(32, 2, 1)	lts__t_bytes.sum	byte	40844160.0	3
rotating	ROTATE_PERSIST_A_B_A	1	REDUCTION	void at::reduce_kernel<128, 4, at::ReduceOp<c10::Half, at::func_wrapper_t<c10::Half, at::sum_functor<c10::Half, float, c10::Half>::operator ()(at::TensorIterator &)::[lambda(float, float) (instance 1)]>, unsigned int, c10::Half, 4>>(T3)	(37, 1, 1)	(32, 4, 1)	lts__t_bytes.sum	byte	983392.0	3
rotating	ROTATE_PERSIST_A_B_A	0	GEMM	gemm_forward_4bit_cuda_m16n128k32(int, int, __half *, int *, __half *, int *, int, int, int, __half *)	(1184, 1, 1)	(32, 2, 1)	dram__bytes.sum	byte	14925824.0	3
rotating	ROTATE_PERSIST_A_B_A	1	REDUCTION	void at::reduce_kernel<128, 4, at::ReduceOp<c10::Half, at::func_wrapper_t<c10::Half, at::sum_functor<c10::Half, float, c10::Half>::operator ()(at::TensorIterator &)::[lambda(float, float) (instance 1)]>, unsigned int, c10::Half, 4>>(T3)	(37, 1, 1)	(32, 4, 1)	dram__bytes.sum	byte	256.0	3
rotating	ROTATE_PERSIST_A_B_A	0	GEMM	gemm_forward_4bit_cuda_m16n128k32(int, int, __half *, int *, __half *, int *, int, int, int, __half *)	(1184, 1, 1)	(32, 2, 1)	gpu__time_duration.sum	ns	41376.0	3
rotating	ROTATE_PERSIST_A_B_A	1	REDUCTION	void at::reduce_kernel<128, 4, at::ReduceOp<c10::Half, at::func_wrapper_t<c10::Half, at::sum_functor<c10::Half, float, c10::Half>::operator ()(at::TensorIterator &)::[lambda(float, float) (instance 1)]>, unsigned int, c10::Half, 4>>(T3)	(37, 1, 1)	(32, 4, 1)	gpu__time_duration.sum	ns	4320.0	3
rotating	ROTATE_PERSIST_A_B_A	0	GEMM	gemm_forward_4bit_cuda_m16n128k32(int, int, __half *, int *, __half *, int *, int, int, int, __half *)	(1184, 1, 1)	(32, 2, 1)	lts__t_sectors_srcunit_tex_op_read_lookup_hit.sum	sector	791142.0	3
rotating	ROTATE_PERSIST_A_B_A	1	REDUCTION	void at::reduce_kernel<128, 4, at::ReduceOp<c10::Half, at::func_wrapper_t<c10::Half, at::sum_functor<c10::Half, float, c10::Half>::operator ()(at::TensorIterator &)::[lambda(float, float) (instance 1)]>, unsigned int, c10::Half, 4>>(T3)	(37, 1, 1)	(32, 4, 1)	lts__t_sectors_srcunit_tex_op_read_lookup_hit.sum	sector	9472.0	3
rotating	ROTATE_PERSIST_A_B_A	0	GEMM	gemm_forward_4bit_cuda_m16n128k32(int, int, __half *, int *, __half *, int *, int, int, int, __half *)	(1184, 1, 1)	(32, 2, 1)	lts__t_sectors_srcunit_tex_op_read_lookup_miss.sum	sector	459988.0	3
rotating	ROTATE_PERSIST_A_B_A	1	REDUCTION	void at::reduce_kernel<128, 4, at::ReduceOp<c10::Half, at::func_wrapper_t<c10::Half, at::sum_functor<c10::Half, float, c10::Half>::operator ()(at::TensorIterator &)::[lambda(float, float) (instance 1)]>, unsigned int, c10::Half, 4>>(T3)	(37, 1, 1)	(32, 4, 1)	lts__t_sectors_srcunit_tex_op_read_lookup_miss.sum	sector	0.0	3
rotating	ROTATE_PERSIST_A_B_A	0	GEMM	gemm_forward_4bit_cuda_m16n128k32(int, int, __half *, int *, __half *, int *, int, int, int, __half *)	(1184, 1, 1)	(32, 2, 1)	dram__bytes_read.sum	byte	14720768.0	3
rotating	ROTATE_PERSIST_A_B_A	1	REDUCTION	void at::reduce_kernel<128, 4, at::ReduceOp<c10::Half, at::func_wrapper_t<c10::Half, at::sum_functor<c10::Half, float, c10::Half>::operator ()(at::TensorIterator &)::[lambda(float, float) (instance 1)]>, unsigned int, c10::Half, 4>>(T3)	(37, 1, 1)	(32, 4, 1)	dram__bytes_read.sum	byte	256.0	3
rotating	ROTATE_PERSIST_A_B_A	0	GEMM	gemm_forward_4bit_cuda_m16n128k32(int, int, __half *, int *, __half *, int *, int, int, int, __half *)	(1184, 1, 1)	(32, 2, 1)	smsp__warp_issue_stalled_long_scoreboard_per_warp_active.pct	%	28.52	3
rotating	ROTATE_PERSIST_A_B_A	1	REDUCTION	void at::reduce_kernel<128, 4, at::ReduceOp<c10::Half, at::func_wrapper_t<c10::Half, at::sum_functor<c10::Half, float, c10::Half>::operator ()(at::TensorIterator &)::[lambda(float, float) (instance 1)]>, unsigned int, c10::Half, 4>>(T3)	(37, 1, 1)	(32, 4, 1)	smsp__warp_issue_stalled_long_scoreboard_per_warp_active.pct	%	8.89	3
rotating	ROTATE_PERSIST_A_B_A	0	GEMM	gemm_forward_4bit_cuda_m16n128k32(int, int, __half *, int *, __half *, int *, int, int, int, __half *)	(1184, 1, 1)	(32, 2, 1)	smsp__inst_executed_pipe_lsu.avg.pct_of_peak_sustained_active	%	8.73	3
rotating	ROTATE_PERSIST_A_B_A	1	REDUCTION	void at::reduce_kernel<128, 4, at::ReduceOp<c10::Half, at::func_wrapper_t<c10::Half, at::sum_functor<c10::Half, float, c10::Half>::operator ()(at::TensorIterator &)::[lambda(float, float) (instance 1)]>, unsigned int, c10::Half, 4>>(T3)	(37, 1, 1)	(32, 4, 1)	smsp__inst_executed_pipe_lsu.avg.pct_of_peak_sustained_active	%	0.41	3
rotating	ROTATE_PERSIST_A_B_A	0	GEMM	gemm_forward_4bit_cuda_m16n128k32(int, int, __half *, int *, __half *, int *, int, int, int, __half *)	(1184, 1, 1)	(32, 2, 1)	sm__warps_active.avg.pct_of_peak_sustained_active	%	31.85	3
rotating	ROTATE_PERSIST_A_B_A	1	REDUCTION	void at::reduce_kernel<128, 4, at::ReduceOp<c10::Half, at::func_wrapper_t<c10::Half, at::sum_functor<c10::Half, float, c10::Half>::operator ()(at::TensorIterator &)::[lambda(float, float) (instance 1)]>, unsigned int, c10::Half, 4>>(T3)	(37, 1, 1)	(32, 4, 1)	sm__warps_active.avg.pct_of_peak_sustained_active	%	8.32	3
rotating	ROTATE_NORMAL_CONTROL_A_B_A	0	GEMM	gemm_forward_4bit_cuda_m16n128k32(int, int, __half *, int *, __half *, int *, int, int, int, __half *)	(1184, 1, 1)	(32, 2, 1)	l1tex__t_bytes.sum	byte	46829568.0	3
rotating	ROTATE_NORMAL_CONTROL_A_B_A	1	REDUCTION	void at::reduce_kernel<128, 4, at::ReduceOp<c10::Half, at::func_wrapper_t<c10::Half, at::sum_functor<c10::Half, float, c10::Half>::operator ()(at::TensorIterator &)::[lambda(float, float) (instance 1)]>, unsigned int, c10::Half, 4>>(T3)	(37, 1, 1)	(32, 4, 1)	l1tex__t_bytes.sum	byte	454656.0	3
rotating	ROTATE_NORMAL_CONTROL_A_B_A	0	GEMM	gemm_forward_4bit_cuda_m16n128k32(int, int, __half *, int *, __half *, int *, int, int, int, __half *)	(1184, 1, 1)	(32, 2, 1)	lts__t_bytes.sum	byte	40742656.0	3
rotating	ROTATE_NORMAL_CONTROL_A_B_A	1	REDUCTION	void at::reduce_kernel<128, 4, at::ReduceOp<c10::Half, at::func_wrapper_t<c10::Half, at::sum_functor<c10::Half, float, c10::Half>::operator ()(at::TensorIterator &)::[lambda(float, float) (instance 1)]>, unsigned int, c10::Half, 4>>(T3)	(37, 1, 1)	(32, 4, 1)	lts__t_bytes.sum	byte	983552.0	3
rotating	ROTATE_NORMAL_CONTROL_A_B_A	0	GEMM	gemm_forward_4bit_cuda_m16n128k32(int, int, __half *, int *, __half *, int *, int, int, int, __half *)	(1184, 1, 1)	(32, 2, 1)	dram__bytes.sum	byte	27185152.0	3
rotating	ROTATE_NORMAL_CONTROL_A_B_A	1	REDUCTION	void at::reduce_kernel<128, 4, at::ReduceOp<c10::Half, at::func_wrapper_t<c10::Half, at::sum_functor<c10::Half, float, c10::Half>::operator ()(at::TensorIterator &)::[lambda(float, float) (instance 1)]>, unsigned int, c10::Half, 4>>(T3)	(37, 1, 1)	(32, 4, 1)	dram__bytes.sum	byte	70144.0	3
rotating	ROTATE_NORMAL_CONTROL_A_B_A	0	GEMM	gemm_forward_4bit_cuda_m16n128k32(int, int, __half *, int *, __half *, int *, int, int, int, __half *)	(1184, 1, 1)	(32, 2, 1)	gpu__time_duration.sum	ns	48512.0	3
rotating	ROTATE_NORMAL_CONTROL_A_B_A	1	REDUCTION	void at::reduce_kernel<128, 4, at::ReduceOp<c10::Half, at::func_wrapper_t<c10::Half, at::sum_functor<c10::Half, float, c10::Half>::operator ()(at::TensorIterator &)::[lambda(float, float) (instance 1)]>, unsigned int, c10::Half, 4>>(T3)	(37, 1, 1)	(32, 4, 1)	gpu__time_duration.sum	ns	4928.0	3
rotating	ROTATE_NORMAL_CONTROL_A_B_A	0	GEMM	gemm_forward_4bit_cuda_m16n128k32(int, int, __half *, int *, __half *, int *, int, int, int, __half *)	(1184, 1, 1)	(32, 2, 1)	lts__t_sectors_srcunit_tex_op_read_lookup_hit.sum	sector	402174.0	3
rotating	ROTATE_NORMAL_CONTROL_A_B_A	1	REDUCTION	void at::reduce_kernel<128, 4, at::ReduceOp<c10::Half, at::func_wrapper_t<c10::Half, at::sum_functor<c10::Half, float, c10::Half>::operator ()(at::TensorIterator &)::[lambda(float, float) (instance 1)]>, unsigned int, c10::Half, 4>>(T3)	(37, 1, 1)	(32, 4, 1)	lts__t_sectors_srcunit_tex_op_read_lookup_hit.sum	sector	9472.0	3
rotating	ROTATE_NORMAL_CONTROL_A_B_A	0	GEMM	gemm_forward_4bit_cuda_m16n128k32(int, int, __half *, int *, __half *, int *, int, int, int, __half *)	(1184, 1, 1)	(32, 2, 1)	lts__t_sectors_srcunit_tex_op_read_lookup_miss.sum	sector	846540.0	3
rotating	ROTATE_NORMAL_CONTROL_A_B_A	1	REDUCTION	void at::reduce_kernel<128, 4, at::ReduceOp<c10::Half, at::func_wrapper_t<c10::Half, at::sum_functor<c10::Half, float, c10::Half>::operator ()(at::TensorIterator &)::[lambda(float, float) (instance 1)]>, unsigned int, c10::Half, 4>>(T3)	(37, 1, 1)	(32, 4, 1)	lts__t_sectors_srcunit_tex_op_read_lookup_miss.sum	sector	0.0	3
rotating	ROTATE_NORMAL_CONTROL_A_B_A	0	GEMM	gemm_forward_4bit_cuda_m16n128k32(int, int, __half *, int *, __half *, int *, int, int, int, __half *)	(1184, 1, 1)	(32, 2, 1)	dram__bytes_read.sum	byte	27106432.0	3
rotating	ROTATE_NORMAL_CONTROL_A_B_A	1	REDUCTION	void at::reduce_kernel<128, 4, at::ReduceOp<c10::Half, at::func_wrapper_t<c10::Half, at::sum_functor<c10::Half, float, c10::Half>::operator ()(at::TensorIterator &)::[lambda(float, float) (instance 1)]>, unsigned int, c10::Half, 4>>(T3)	(37, 1, 1)	(32, 4, 1)	dram__bytes_read.sum	byte	70144.0	3
rotating	ROTATE_NORMAL_CONTROL_A_B_A	0	GEMM	gemm_forward_4bit_cuda_m16n128k32(int, int, __half *, int *, __half *, int *, int, int, int, __half *)	(1184, 1, 1)	(32, 2, 1)	smsp__warp_issue_stalled_long_scoreboard_per_warp_active.pct	%	43.8	3
rotating	ROTATE_NORMAL_CONTROL_A_B_A	1	REDUCTION	void at::reduce_kernel<128, 4, at::ReduceOp<c10::Half, at::func_wrapper_t<c10::Half, at::sum_functor<c10::Half, float, c10::Half>::operator ()(at::TensorIterator &)::[lambda(float, float) (instance 1)]>, unsigned int, c10::Half, 4>>(T3)	(37, 1, 1)	(32, 4, 1)	smsp__warp_issue_stalled_long_scoreboard_per_warp_active.pct	%	7.29	3
rotating	ROTATE_NORMAL_CONTROL_A_B_A	0	GEMM	gemm_forward_4bit_cuda_m16n128k32(int, int, __half *, int *, __half *, int *, int, int, int, __half *)	(1184, 1, 1)	(32, 2, 1)	smsp__inst_executed_pipe_lsu.avg.pct_of_peak_sustained_active	%	7.41	3
rotating	ROTATE_NORMAL_CONTROL_A_B_A	1	REDUCTION	void at::reduce_kernel<128, 4, at::ReduceOp<c10::Half, at::func_wrapper_t<c10::Half, at::sum_functor<c10::Half, float, c10::Half>::operator ()(at::TensorIterator &)::[lambda(float, float) (instance 1)]>, unsigned int, c10::Half, 4>>(T3)	(37, 1, 1)	(32, 4, 1)	smsp__inst_executed_pipe_lsu.avg.pct_of_peak_sustained_active	%	0.34	3
rotating	ROTATE_NORMAL_CONTROL_A_B_A	0	GEMM	gemm_forward_4bit_cuda_m16n128k32(int, int, __half *, int *, __half *, int *, int, int, int, __half *)	(1184, 1, 1)	(32, 2, 1)	sm__warps_active.avg.pct_of_peak_sustained_active	%	32.4	3
rotating	ROTATE_NORMAL_CONTROL_A_B_A	1	REDUCTION	void at::reduce_kernel<128, 4, at::ReduceOp<c10::Half, at::func_wrapper_t<c10::Half, at::sum_functor<c10::Half, float, c10::Half>::operator ()(at::TensorIterator &)::[lambda(float, float) (instance 1)]>, unsigned int, c10::Half, 4>>(T3)	(37, 1, 1)	(32, 4, 1)	sm__warps_active.avg.pct_of_peak_sustained_active	%	8.32	3
shared	L0_DOWN_D3_ROTATE_CONTROL_3	0	GEMM	gemm_forward_4bit_cuda_m16n128k32(int, int, __half *, int *, __half *, int *, int, int, int, __half *)	(224, 1, 1)	(32, 2, 1)	l1tex__t_bytes.sum	byte	45846528.0	3
shared	L0_DOWN_D3_ROTATE_CONTROL_3	1	REDUCTION	void at::reduce_kernel<128, 4, at::ReduceOp<c10::Half, at::func_wrapper_t<c10::Half, at::sum_functor<c10::Half, float, c10::Half>::operator ()(at::TensorIterator &)::[lambda(float, float) (instance 1)]>, unsigned int, c10::Half, 4>>(T3)	(7, 1, 1)	(32, 4, 1)	l1tex__t_bytes.sum	byte	86016.0	3
shared	L0_DOWN_D3_ROTATE_CONTROL_3	0	GEMM	gemm_forward_4bit_cuda_m16n128k32(int, int, __half *, int *, __half *, int *, int, int, int, __half *)	(224, 1, 1)	(32, 2, 1)	lts__t_bytes.sum	byte	40596800.0	3
shared	L0_DOWN_D3_ROTATE_CONTROL_3	1	REDUCTION	void at::reduce_kernel<128, 4, at::ReduceOp<c10::Half, at::func_wrapper_t<c10::Half, at::sum_functor<c10::Half, float, c10::Half>::operator ()(at::TensorIterator &)::[lambda(float, float) (instance 1)]>, unsigned int, c10::Half, 4>>(T3)	(7, 1, 1)	(32, 4, 1)	lts__t_bytes.sum	byte	601888.0	3
shared	L0_DOWN_D3_ROTATE_CONTROL_3	0	GEMM	gemm_forward_4bit_cuda_m16n128k32(int, int, __half *, int *, __half *, int *, int, int, int, __half *)	(224, 1, 1)	(32, 2, 1)	dram__bytes.sum	byte	35407488.0	3
shared	L0_DOWN_D3_ROTATE_CONTROL_3	1	REDUCTION	void at::reduce_kernel<128, 4, at::ReduceOp<c10::Half, at::func_wrapper_t<c10::Half, at::sum_functor<c10::Half, float, c10::Half>::operator ()(at::TensorIterator &)::[lambda(float, float) (instance 1)]>, unsigned int, c10::Half, 4>>(T3)	(7, 1, 1)	(32, 4, 1)	dram__bytes.sum	byte	70272.0	3
shared	L0_DOWN_D3_ROTATE_CONTROL_3	0	GEMM	gemm_forward_4bit_cuda_m16n128k32(int, int, __half *, int *, __half *, int *, int, int, int, __half *)	(224, 1, 1)	(32, 2, 1)	gpu__time_duration.sum	ns	82912.0	3
shared	L0_DOWN_D3_ROTATE_CONTROL_3	1	REDUCTION	void at::reduce_kernel<128, 4, at::ReduceOp<c10::Half, at::func_wrapper_t<c10::Half, at::sum_functor<c10::Half, float, c10::Half>::operator ()(at::TensorIterator &)::[lambda(float, float) (instance 1)]>, unsigned int, c10::Half, 4>>(T3)	(7, 1, 1)	(32, 4, 1)	gpu__time_duration.sum	ns	5248.0	3
shared	L0_DOWN_D3_ROTATE_CONTROL_3	0	GEMM	gemm_forward_4bit_cuda_m16n128k32(int, int, __half *, int *, __half *, int *, int, int, int, __half *)	(224, 1, 1)	(32, 2, 1)	lts__t_sectors_srcunit_tex_op_read_lookup_hit.sum	sector	155728.0	3
shared	L0_DOWN_D3_ROTATE_CONTROL_3	1	REDUCTION	void at::reduce_kernel<128, 4, at::ReduceOp<c10::Half, at::func_wrapper_t<c10::Half, at::sum_functor<c10::Half, float, c10::Half>::operator ()(at::TensorIterator &)::[lambda(float, float) (instance 1)]>, unsigned int, c10::Half, 4>>(T3)	(7, 1, 1)	(32, 4, 1)	lts__t_sectors_srcunit_tex_op_read_lookup_hit.sum	sector	1792.0	3
shared	L0_DOWN_D3_ROTATE_CONTROL_3	0	GEMM	gemm_forward_4bit_cuda_m16n128k32(int, int, __half *, int *, __half *, int *, int, int, int, __half *)	(224, 1, 1)	(32, 2, 1)	lts__t_sectors_srcunit_tex_op_read_lookup_miss.sum	sector	1102304.0	3
shared	L0_DOWN_D3_ROTATE_CONTROL_3	1	REDUCTION	void at::reduce_kernel<128, 4, at::ReduceOp<c10::Half, at::func_wrapper_t<c10::Half, at::sum_functor<c10::Half, float, c10::Half>::operator ()(at::TensorIterator &)::[lambda(float, float) (instance 1)]>, unsigned int, c10::Half, 4>>(T3)	(7, 1, 1)	(32, 4, 1)	lts__t_sectors_srcunit_tex_op_read_lookup_miss.sum	sector	0.0	3
shared	L0_DOWN_D3_ROTATE_CONTROL_3	0	GEMM	gemm_forward_4bit_cuda_m16n128k32(int, int, __half *, int *, __half *, int *, int, int, int, __half *)	(224, 1, 1)	(32, 2, 1)	dram__bytes_read.sum	byte	35299200.0	3
shared	L0_DOWN_D3_ROTATE_CONTROL_3	1	REDUCTION	void at::reduce_kernel<128, 4, at::ReduceOp<c10::Half, at::func_wrapper_t<c10::Half, at::sum_functor<c10::Half, float, c10::Half>::operator ()(at::TensorIterator &)::[lambda(float, float) (instance 1)]>, unsigned int, c10::Half, 4>>(T3)	(7, 1, 1)	(32, 4, 1)	dram__bytes_read.sum	byte	70272.0	3
shared	L0_DOWN_D3_ROTATE_CONTROL_3	0	GEMM	gemm_forward_4bit_cuda_m16n128k32(int, int, __half *, int *, __half *, int *, int, int, int, __half *)	(224, 1, 1)	(32, 2, 1)	smsp__warp_issue_stalled_long_scoreboard_per_warp_active.pct	%	39.05	3
shared	L0_DOWN_D3_ROTATE_CONTROL_3	1	REDUCTION	void at::reduce_kernel<128, 4, at::ReduceOp<c10::Half, at::func_wrapper_t<c10::Half, at::sum_functor<c10::Half, float, c10::Half>::operator ()(at::TensorIterator &)::[lambda(float, float) (instance 1)]>, unsigned int, c10::Half, 4>>(T3)	(7, 1, 1)	(32, 4, 1)	smsp__warp_issue_stalled_long_scoreboard_per_warp_active.pct	%	6.46	3
shared	L0_DOWN_D3_ROTATE_CONTROL_3	0	GEMM	gemm_forward_4bit_cuda_m16n128k32(int, int, __half *, int *, __half *, int *, int, int, int, __half *)	(224, 1, 1)	(32, 2, 1)	smsp__inst_executed_pipe_lsu.avg.pct_of_peak_sustained_active	%	4.15	3
shared	L0_DOWN_D3_ROTATE_CONTROL_3	1	REDUCTION	void at::reduce_kernel<128, 4, at::ReduceOp<c10::Half, at::func_wrapper_t<c10::Half, at::sum_functor<c10::Half, float, c10::Half>::operator ()(at::TensorIterator &)::[lambda(float, float) (instance 1)]>, unsigned int, c10::Half, 4>>(T3)	(7, 1, 1)	(32, 4, 1)	smsp__inst_executed_pipe_lsu.avg.pct_of_peak_sustained_active	%	0.31	3
shared	L0_DOWN_D3_ROTATE_CONTROL_3	0	GEMM	gemm_forward_4bit_cuda_m16n128k32(int, int, __half *, int *, __half *, int *, int, int, int, __half *)	(224, 1, 1)	(32, 2, 1)	sm__warps_active.avg.pct_of_peak_sustained_active	%	11.9	3
shared	L0_DOWN_D3_ROTATE_CONTROL_3	1	REDUCTION	void at::reduce_kernel<128, 4, at::ReduceOp<c10::Half, at::func_wrapper_t<c10::Half, at::sum_functor<c10::Half, float, c10::Half>::operator ()(at::TensorIterator &)::[lambda(float, float) (instance 1)]>, unsigned int, c10::Half, 4>>(T3)	(7, 1, 1)	(32, 4, 1)	sm__warps_active.avg.pct_of_peak_sustained_active	%	8.33	3
shared	L0_DOWN_D3_SETASIDE_ONLY	0	GEMM	gemm_forward_4bit_cuda_m16n128k32(int, int, __half *, int *, __half *, int *, int, int, int, __half *)	(224, 1, 1)	(32, 2, 1)	l1tex__t_bytes.sum	byte	45846528.0	3
shared	L0_DOWN_D3_SETASIDE_ONLY	1	REDUCTION	void at::reduce_kernel<128, 4, at::ReduceOp<c10::Half, at::func_wrapper_t<c10::Half, at::sum_functor<c10::Half, float, c10::Half>::operator ()(at::TensorIterator &)::[lambda(float, float) (instance 1)]>, unsigned int, c10::Half, 4>>(T3)	(7, 1, 1)	(32, 4, 1)	l1tex__t_bytes.sum	byte	86016.0	3
shared	L0_DOWN_D3_SETASIDE_ONLY	0	GEMM	gemm_forward_4bit_cuda_m16n128k32(int, int, __half *, int *, __half *, int *, int, int, int, __half *)	(224, 1, 1)	(32, 2, 1)	lts__t_bytes.sum	byte	40579232.0	3
shared	L0_DOWN_D3_SETASIDE_ONLY	1	REDUCTION	void at::reduce_kernel<128, 4, at::ReduceOp<c10::Half, at::func_wrapper_t<c10::Half, at::sum_functor<c10::Half, float, c10::Half>::operator ()(at::TensorIterator &)::[lambda(float, float) (instance 1)]>, unsigned int, c10::Half, 4>>(T3)	(7, 1, 1)	(32, 4, 1)	lts__t_bytes.sum	byte	600832.0	3
shared	L0_DOWN_D3_SETASIDE_ONLY	0	GEMM	gemm_forward_4bit_cuda_m16n128k32(int, int, __half *, int *, __half *, int *, int, int, int, __half *)	(224, 1, 1)	(32, 2, 1)	dram__bytes.sum	byte	35434496.0	3
shared	L0_DOWN_D3_SETASIDE_ONLY	1	REDUCTION	void at::reduce_kernel<128, 4, at::ReduceOp<c10::Half, at::func_wrapper_t<c10::Half, at::sum_functor<c10::Half, float, c10::Half>::operator ()(at::TensorIterator &)::[lambda(float, float) (instance 1)]>, unsigned int, c10::Half, 4>>(T3)	(7, 1, 1)	(32, 4, 1)	dram__bytes.sum	byte	70272.0	3
shared	L0_DOWN_D3_SETASIDE_ONLY	0	GEMM	gemm_forward_4bit_cuda_m16n128k32(int, int, __half *, int *, __half *, int *, int, int, int, __half *)	(224, 1, 1)	(32, 2, 1)	gpu__time_duration.sum	ns	81792.0	3
shared	L0_DOWN_D3_SETASIDE_ONLY	1	REDUCTION	void at::reduce_kernel<128, 4, at::ReduceOp<c10::Half, at::func_wrapper_t<c10::Half, at::sum_functor<c10::Half, float, c10::Half>::operator ()(at::TensorIterator &)::[lambda(float, float) (instance 1)]>, unsigned int, c10::Half, 4>>(T3)	(7, 1, 1)	(32, 4, 1)	gpu__time_duration.sum	ns	4992.0	3
shared	L0_DOWN_D3_SETASIDE_ONLY	0	GEMM	gemm_forward_4bit_cuda_m16n128k32(int, int, __half *, int *, __half *, int *, int, int, int, __half *)	(224, 1, 1)	(32, 2, 1)	lts__t_sectors_srcunit_tex_op_read_lookup_hit.sum	sector	155314.0	3
shared	L0_DOWN_D3_SETASIDE_ONLY	1	REDUCTION	void at::reduce_kernel<128, 4, at::ReduceOp<c10::Half, at::func_wrapper_t<c10::Half, at::sum_functor<c10::Half, float, c10::Half>::operator ()(at::TensorIterator &)::[lambda(float, float) (instance 1)]>, unsigned int, c10::Half, 4>>(T3)	(7, 1, 1)	(32, 4, 1)	lts__t_sectors_srcunit_tex_op_read_lookup_hit.sum	sector	1792.0	3
shared	L0_DOWN_D3_SETASIDE_ONLY	0	GEMM	gemm_forward_4bit_cuda_m16n128k32(int, int, __half *, int *, __half *, int *, int, int, int, __half *)	(224, 1, 1)	(32, 2, 1)	lts__t_sectors_srcunit_tex_op_read_lookup_miss.sum	sector	1102304.0	3
shared	L0_DOWN_D3_SETASIDE_ONLY	1	REDUCTION	void at::reduce_kernel<128, 4, at::ReduceOp<c10::Half, at::func_wrapper_t<c10::Half, at::sum_functor<c10::Half, float, c10::Half>::operator ()(at::TensorIterator &)::[lambda(float, float) (instance 1)]>, unsigned int, c10::Half, 4>>(T3)	(7, 1, 1)	(32, 4, 1)	lts__t_sectors_srcunit_tex_op_read_lookup_miss.sum	sector	0.0	3
shared	L0_DOWN_D3_SETASIDE_ONLY	0	GEMM	gemm_forward_4bit_cuda_m16n128k32(int, int, __half *, int *, __half *, int *, int, int, int, __half *)	(224, 1, 1)	(32, 2, 1)	dram__bytes_read.sum	byte	35297664.0	3
shared	L0_DOWN_D3_SETASIDE_ONLY	1	REDUCTION	void at::reduce_kernel<128, 4, at::ReduceOp<c10::Half, at::func_wrapper_t<c10::Half, at::sum_functor<c10::Half, float, c10::Half>::operator ()(at::TensorIterator &)::[lambda(float, float) (instance 1)]>, unsigned int, c10::Half, 4>>(T3)	(7, 1, 1)	(32, 4, 1)	dram__bytes_read.sum	byte	70272.0	3
shared	L0_DOWN_D3_SETASIDE_ONLY	0	GEMM	gemm_forward_4bit_cuda_m16n128k32(int, int, __half *, int *, __half *, int *, int, int, int, __half *)	(224, 1, 1)	(32, 2, 1)	smsp__warp_issue_stalled_long_scoreboard_per_warp_active.pct	%	39.06	3
shared	L0_DOWN_D3_SETASIDE_ONLY	1	REDUCTION	void at::reduce_kernel<128, 4, at::ReduceOp<c10::Half, at::func_wrapper_t<c10::Half, at::sum_functor<c10::Half, float, c10::Half>::operator ()(at::TensorIterator &)::[lambda(float, float) (instance 1)]>, unsigned int, c10::Half, 4>>(T3)	(7, 1, 1)	(32, 4, 1)	smsp__warp_issue_stalled_long_scoreboard_per_warp_active.pct	%	6.91	3
shared	L0_DOWN_D3_SETASIDE_ONLY	0	GEMM	gemm_forward_4bit_cuda_m16n128k32(int, int, __half *, int *, __half *, int *, int, int, int, __half *)	(224, 1, 1)	(32, 2, 1)	smsp__inst_executed_pipe_lsu.avg.pct_of_peak_sustained_active	%	4.15	3
shared	L0_DOWN_D3_SETASIDE_ONLY	1	REDUCTION	void at::reduce_kernel<128, 4, at::ReduceOp<c10::Half, at::func_wrapper_t<c10::Half, at::sum_functor<c10::Half, float, c10::Half>::operator ()(at::TensorIterator &)::[lambda(float, float) (instance 1)]>, unsigned int, c10::Half, 4>>(T3)	(7, 1, 1)	(32, 4, 1)	smsp__inst_executed_pipe_lsu.avg.pct_of_peak_sustained_active	%	0.33	3
shared	L0_DOWN_D3_SETASIDE_ONLY	0	GEMM	gemm_forward_4bit_cuda_m16n128k32(int, int, __half *, int *, __half *, int *, int, int, int, __half *)	(224, 1, 1)	(32, 2, 1)	sm__warps_active.avg.pct_of_peak_sustained_active	%	11.94	3
shared	L0_DOWN_D3_SETASIDE_ONLY	1	REDUCTION	void at::reduce_kernel<128, 4, at::ReduceOp<c10::Half, at::func_wrapper_t<c10::Half, at::sum_functor<c10::Half, float, c10::Half>::operator ()(at::TensorIterator &)::[lambda(float, float) (instance 1)]>, unsigned int, c10::Half, 4>>(T3)	(7, 1, 1)	(32, 4, 1)	sm__warps_active.avg.pct_of_peak_sustained_active	%	8.33	3
shared	L0_DOWN_D3_SHARE2_L0	0	GEMM	gemm_forward_4bit_cuda_m16n128k32(int, int, __half *, int *, __half *, int *, int, int, int, __half *)	(224, 1, 1)	(32, 2, 1)	l1tex__t_bytes.sum	byte	45846528.0	3
shared	L0_DOWN_D3_SHARE2_L0	1	REDUCTION	void at::reduce_kernel<128, 4, at::ReduceOp<c10::Half, at::func_wrapper_t<c10::Half, at::sum_functor<c10::Half, float, c10::Half>::operator ()(at::TensorIterator &)::[lambda(float, float) (instance 1)]>, unsigned int, c10::Half, 4>>(T3)	(7, 1, 1)	(32, 4, 1)	l1tex__t_bytes.sum	byte	86016.0	3
shared	L0_DOWN_D3_SHARE2_L0	0	GEMM	gemm_forward_4bit_cuda_m16n128k32(int, int, __half *, int *, __half *, int *, int, int, int, __half *)	(224, 1, 1)	(32, 2, 1)	lts__t_bytes.sum	byte	40580064.0	3
shared	L0_DOWN_D3_SHARE2_L0	1	REDUCTION	void at::reduce_kernel<128, 4, at::ReduceOp<c10::Half, at::func_wrapper_t<c10::Half, at::sum_functor<c10::Half, float, c10::Half>::operator ()(at::TensorIterator &)::[lambda(float, float) (instance 1)]>, unsigned int, c10::Half, 4>>(T3)	(7, 1, 1)	(32, 4, 1)	lts__t_bytes.sum	byte	600096.0	3
shared	L0_DOWN_D3_SHARE2_L0	0	GEMM	gemm_forward_4bit_cuda_m16n128k32(int, int, __half *, int *, __half *, int *, int, int, int, __half *)	(224, 1, 1)	(32, 2, 1)	dram__bytes.sum	byte	27075328.0	3
shared	L0_DOWN_D3_SHARE2_L0	1	REDUCTION	void at::reduce_kernel<128, 4, at::ReduceOp<c10::Half, at::func_wrapper_t<c10::Half, at::sum_functor<c10::Half, float, c10::Half>::operator ()(at::TensorIterator &)::[lambda(float, float) (instance 1)]>, unsigned int, c10::Half, 4>>(T3)	(7, 1, 1)	(32, 4, 1)	dram__bytes.sum	byte	256.0	3
shared	L0_DOWN_D3_SHARE2_L0	0	GEMM	gemm_forward_4bit_cuda_m16n128k32(int, int, __half *, int *, __half *, int *, int, int, int, __half *)	(224, 1, 1)	(32, 2, 1)	gpu__time_duration.sum	ns	79360.0	3
shared	L0_DOWN_D3_SHARE2_L0	1	REDUCTION	void at::reduce_kernel<128, 4, at::ReduceOp<c10::Half, at::func_wrapper_t<c10::Half, at::sum_functor<c10::Half, float, c10::Half>::operator ()(at::TensorIterator &)::[lambda(float, float) (instance 1)]>, unsigned int, c10::Half, 4>>(T3)	(7, 1, 1)	(32, 4, 1)	gpu__time_duration.sum	ns	4448.0	3
shared	L0_DOWN_D3_SHARE2_L0	0	GEMM	gemm_forward_4bit_cuda_m16n128k32(int, int, __half *, int *, __half *, int *, int, int, int, __half *)	(224, 1, 1)	(32, 2, 1)	lts__t_sectors_srcunit_tex_op_read_lookup_hit.sum	sector	412182.0	3
shared	L0_DOWN_D3_SHARE2_L0	1	REDUCTION	void at::reduce_kernel<128, 4, at::ReduceOp<c10::Half, at::func_wrapper_t<c10::Half, at::sum_functor<c10::Half, float, c10::Half>::operator ()(at::TensorIterator &)::[lambda(float, float) (instance 1)]>, unsigned int, c10::Half, 4>>(T3)	(7, 1, 1)	(32, 4, 1)	lts__t_sectors_srcunit_tex_op_read_lookup_hit.sum	sector	1792.0	3
shared	L0_DOWN_D3_SHARE2_L0	0	GEMM	gemm_forward_4bit_cuda_m16n128k32(int, int, __half *, int *, __half *, int *, int, int, int, __half *)	(224, 1, 1)	(32, 2, 1)	lts__t_sectors_srcunit_tex_op_read_lookup_miss.sum	sector	845368.0	3
shared	L0_DOWN_D3_SHARE2_L0	1	REDUCTION	void at::reduce_kernel<128, 4, at::ReduceOp<c10::Half, at::func_wrapper_t<c10::Half, at::sum_functor<c10::Half, float, c10::Half>::operator ()(at::TensorIterator &)::[lambda(float, float) (instance 1)]>, unsigned int, c10::Half, 4>>(T3)	(7, 1, 1)	(32, 4, 1)	lts__t_sectors_srcunit_tex_op_read_lookup_miss.sum	sector	0.0	3
shared	L0_DOWN_D3_SHARE2_L0	0	GEMM	gemm_forward_4bit_cuda_m16n128k32(int, int, __half *, int *, __half *, int *, int, int, int, __half *)	(224, 1, 1)	(32, 2, 1)	dram__bytes_read.sum	byte	27074816.0	3
shared	L0_DOWN_D3_SHARE2_L0	1	REDUCTION	void at::reduce_kernel<128, 4, at::ReduceOp<c10::Half, at::func_wrapper_t<c10::Half, at::sum_functor<c10::Half, float, c10::Half>::operator ()(at::TensorIterator &)::[lambda(float, float) (instance 1)]>, unsigned int, c10::Half, 4>>(T3)	(7, 1, 1)	(32, 4, 1)	dram__bytes_read.sum	byte	256.0	3
shared	L0_DOWN_D3_SHARE2_L0	0	GEMM	gemm_forward_4bit_cuda_m16n128k32(int, int, __half *, int *, __half *, int *, int, int, int, __half *)	(224, 1, 1)	(32, 2, 1)	smsp__warp_issue_stalled_long_scoreboard_per_warp_active.pct	%	36.0	3
shared	L0_DOWN_D3_SHARE2_L0	1	REDUCTION	void at::reduce_kernel<128, 4, at::ReduceOp<c10::Half, at::func_wrapper_t<c10::Half, at::sum_functor<c10::Half, float, c10::Half>::operator ()(at::TensorIterator &)::[lambda(float, float) (instance 1)]>, unsigned int, c10::Half, 4>>(T3)	(7, 1, 1)	(32, 4, 1)	smsp__warp_issue_stalled_long_scoreboard_per_warp_active.pct	%	8.21	3
shared	L0_DOWN_D3_SHARE2_L0	0	GEMM	gemm_forward_4bit_cuda_m16n128k32(int, int, __half *, int *, __half *, int *, int, int, int, __half *)	(224, 1, 1)	(32, 2, 1)	smsp__inst_executed_pipe_lsu.avg.pct_of_peak_sustained_active	%	4.34	3
shared	L0_DOWN_D3_SHARE2_L0	1	REDUCTION	void at::reduce_kernel<128, 4, at::ReduceOp<c10::Half, at::func_wrapper_t<c10::Half, at::sum_functor<c10::Half, float, c10::Half>::operator ()(at::TensorIterator &)::[lambda(float, float) (instance 1)]>, unsigned int, c10::Half, 4>>(T3)	(7, 1, 1)	(32, 4, 1)	smsp__inst_executed_pipe_lsu.avg.pct_of_peak_sustained_active	%	0.38	3
shared	L0_DOWN_D3_SHARE2_L0	0	GEMM	gemm_forward_4bit_cuda_m16n128k32(int, int, __half *, int *, __half *, int *, int, int, int, __half *)	(224, 1, 1)	(32, 2, 1)	sm__warps_active.avg.pct_of_peak_sustained_active	%	11.86	3
shared	L0_DOWN_D3_SHARE2_L0	1	REDUCTION	void at::reduce_kernel<128, 4, at::ReduceOp<c10::Half, at::func_wrapper_t<c10::Half, at::sum_functor<c10::Half, float, c10::Half>::operator ()(at::TensorIterator &)::[lambda(float, float) (instance 1)]>, unsigned int, c10::Half, 4>>(T3)	(7, 1, 1)	(32, 4, 1)	sm__warps_active.avg.pct_of_peak_sustained_active	%	8.32	3
shared	L0_DOWN_D3_SHARE3	0	GEMM	gemm_forward_4bit_cuda_m16n128k32(int, int, __half *, int *, __half *, int *, int, int, int, __half *)	(224, 1, 1)	(32, 2, 1)	l1tex__t_bytes.sum	byte	45846528.0	3
shared	L0_DOWN_D3_SHARE3	1	REDUCTION	void at::reduce_kernel<128, 4, at::ReduceOp<c10::Half, at::func_wrapper_t<c10::Half, at::sum_functor<c10::Half, float, c10::Half>::operator ()(at::TensorIterator &)::[lambda(float, float) (instance 1)]>, unsigned int, c10::Half, 4>>(T3)	(7, 1, 1)	(32, 4, 1)	l1tex__t_bytes.sum	byte	86016.0	3
shared	L0_DOWN_D3_SHARE3	0	GEMM	gemm_forward_4bit_cuda_m16n128k32(int, int, __half *, int *, __half *, int *, int, int, int, __half *)	(224, 1, 1)	(32, 2, 1)	lts__t_bytes.sum	byte	40571808.0	3
shared	L0_DOWN_D3_SHARE3	1	REDUCTION	void at::reduce_kernel<128, 4, at::ReduceOp<c10::Half, at::func_wrapper_t<c10::Half, at::sum_functor<c10::Half, float, c10::Half>::operator ()(at::TensorIterator &)::[lambda(float, float) (instance 1)]>, unsigned int, c10::Half, 4>>(T3)	(7, 1, 1)	(32, 4, 1)	lts__t_bytes.sum	byte	600256.0	3
shared	L0_DOWN_D3_SHARE3	0	GEMM	gemm_forward_4bit_cuda_m16n128k32(int, int, __half *, int *, __half *, int *, int, int, int, __half *)	(224, 1, 1)	(32, 2, 1)	dram__bytes.sum	byte	31984384.0	3
shared	L0_DOWN_D3_SHARE3	1	REDUCTION	void at::reduce_kernel<128, 4, at::ReduceOp<c10::Half, at::func_wrapper_t<c10::Half, at::sum_functor<c10::Half, float, c10::Half>::operator ()(at::TensorIterator &)::[lambda(float, float) (instance 1)]>, unsigned int, c10::Half, 4>>(T3)	(7, 1, 1)	(32, 4, 1)	dram__bytes.sum	byte	256.0	3
shared	L0_DOWN_D3_SHARE3	0	GEMM	gemm_forward_4bit_cuda_m16n128k32(int, int, __half *, int *, __half *, int *, int, int, int, __half *)	(224, 1, 1)	(32, 2, 1)	gpu__time_duration.sum	ns	80544.0	3
shared	L0_DOWN_D3_SHARE3	1	REDUCTION	void at::reduce_kernel<128, 4, at::ReduceOp<c10::Half, at::func_wrapper_t<c10::Half, at::sum_functor<c10::Half, float, c10::Half>::operator ()(at::TensorIterator &)::[lambda(float, float) (instance 1)]>, unsigned int, c10::Half, 4>>(T3)	(7, 1, 1)	(32, 4, 1)	gpu__time_duration.sum	ns	4480.0	3
shared	L0_DOWN_D3_SHARE3	0	GEMM	gemm_forward_4bit_cuda_m16n128k32(int, int, __half *, int *, __half *, int *, int, int, int, __half *)	(224, 1, 1)	(32, 2, 1)	lts__t_sectors_srcunit_tex_op_read_lookup_hit.sum	sector	258766.0	3
shared	L0_DOWN_D3_SHARE3	1	REDUCTION	void at::reduce_kernel<128, 4, at::ReduceOp<c10::Half, at::func_wrapper_t<c10::Half, at::sum_functor<c10::Half, float, c10::Half>::operator ()(at::TensorIterator &)::[lambda(float, float) (instance 1)]>, unsigned int, c10::Half, 4>>(T3)	(7, 1, 1)	(32, 4, 1)	lts__t_sectors_srcunit_tex_op_read_lookup_hit.sum	sector	1792.0	3
shared	L0_DOWN_D3_SHARE3	0	GEMM	gemm_forward_4bit_cuda_m16n128k32(int, int, __half *, int *, __half *, int *, int, int, int, __half *)	(224, 1, 1)	(32, 2, 1)	lts__t_sectors_srcunit_tex_op_read_lookup_miss.sum	sector	998848.0	3
shared	L0_DOWN_D3_SHARE3	1	REDUCTION	void at::reduce_kernel<128, 4, at::ReduceOp<c10::Half, at::func_wrapper_t<c10::Half, at::sum_functor<c10::Half, float, c10::Half>::operator ()(at::TensorIterator &)::[lambda(float, float) (instance 1)]>, unsigned int, c10::Half, 4>>(T3)	(7, 1, 1)	(32, 4, 1)	lts__t_sectors_srcunit_tex_op_read_lookup_miss.sum	sector	0.0	3
shared	L0_DOWN_D3_SHARE3	0	GEMM	gemm_forward_4bit_cuda_m16n128k32(int, int, __half *, int *, __half *, int *, int, int, int, __half *)	(224, 1, 1)	(32, 2, 1)	dram__bytes_read.sum	byte	31984384.0	3
shared	L0_DOWN_D3_SHARE3	1	REDUCTION	void at::reduce_kernel<128, 4, at::ReduceOp<c10::Half, at::func_wrapper_t<c10::Half, at::sum_functor<c10::Half, float, c10::Half>::operator ()(at::TensorIterator &)::[lambda(float, float) (instance 1)]>, unsigned int, c10::Half, 4>>(T3)	(7, 1, 1)	(32, 4, 1)	dram__bytes_read.sum	byte	256.0	3
shared	L0_DOWN_D3_SHARE3	0	GEMM	gemm_forward_4bit_cuda_m16n128k32(int, int, __half *, int *, __half *, int *, int, int, int, __half *)	(224, 1, 1)	(32, 2, 1)	smsp__warp_issue_stalled_long_scoreboard_per_warp_active.pct	%	37.72	3
shared	L0_DOWN_D3_SHARE3	1	REDUCTION	void at::reduce_kernel<128, 4, at::ReduceOp<c10::Half, at::func_wrapper_t<c10::Half, at::sum_functor<c10::Half, float, c10::Half>::operator ()(at::TensorIterator &)::[lambda(float, float) (instance 1)]>, unsigned int, c10::Half, 4>>(T3)	(7, 1, 1)	(32, 4, 1)	smsp__warp_issue_stalled_long_scoreboard_per_warp_active.pct	%	8.27	3
shared	L0_DOWN_D3_SHARE3	0	GEMM	gemm_forward_4bit_cuda_m16n128k32(int, int, __half *, int *, __half *, int *, int, int, int, __half *)	(224, 1, 1)	(32, 2, 1)	smsp__inst_executed_pipe_lsu.avg.pct_of_peak_sustained_active	%	4.23	3
shared	L0_DOWN_D3_SHARE3	1	REDUCTION	void at::reduce_kernel<128, 4, at::ReduceOp<c10::Half, at::func_wrapper_t<c10::Half, at::sum_functor<c10::Half, float, c10::Half>::operator ()(at::TensorIterator &)::[lambda(float, float) (instance 1)]>, unsigned int, c10::Half, 4>>(T3)	(7, 1, 1)	(32, 4, 1)	smsp__inst_executed_pipe_lsu.avg.pct_of_peak_sustained_active	%	0.39	3
shared	L0_DOWN_D3_SHARE3	0	GEMM	gemm_forward_4bit_cuda_m16n128k32(int, int, __half *, int *, __half *, int *, int, int, int, __half *)	(224, 1, 1)	(32, 2, 1)	sm__warps_active.avg.pct_of_peak_sustained_active	%	11.91	3
shared	L0_DOWN_D3_SHARE3	1	REDUCTION	void at::reduce_kernel<128, 4, at::ReduceOp<c10::Half, at::func_wrapper_t<c10::Half, at::sum_functor<c10::Half, float, c10::Half>::operator ()(at::TensorIterator &)::[lambda(float, float) (instance 1)]>, unsigned int, c10::Half, 4>>(T3)	(7, 1, 1)	(32, 4, 1)	sm__warps_active.avg.pct_of_peak_sustained_active	%	8.32	3
shared	L0_UP_D3_ROTATE_CONTROL_3	0	GEMM	gemm_forward_4bit_cuda_m16n128k32(int, int, __half *, int *, __half *, int *, int, int, int, __half *)	(1184, 1, 1)	(32, 2, 1)	l1tex__t_bytes.sum	byte	46829568.0	3
shared	L0_UP_D3_ROTATE_CONTROL_3	1	REDUCTION	void at::reduce_kernel<128, 4, at::ReduceOp<c10::Half, at::func_wrapper_t<c10::Half, at::sum_functor<c10::Half, float, c10::Half>::operator ()(at::TensorIterator &)::[lambda(float, float) (instance 1)]>, unsigned int, c10::Half, 4>>(T3)	(37, 1, 1)	(32, 4, 1)	l1tex__t_bytes.sum	byte	454656.0	3
shared	L0_UP_D3_ROTATE_CONTROL_3	0	GEMM	gemm_forward_4bit_cuda_m16n128k32(int, int, __half *, int *, __half *, int *, int, int, int, __half *)	(1184, 1, 1)	(32, 2, 1)	lts__t_bytes.sum	byte	40742976.0	3
shared	L0_UP_D3_ROTATE_CONTROL_3	1	REDUCTION	void at::reduce_kernel<128, 4, at::ReduceOp<c10::Half, at::func_wrapper_t<c10::Half, at::sum_functor<c10::Half, float, c10::Half>::operator ()(at::TensorIterator &)::[lambda(float, float) (instance 1)]>, unsigned int, c10::Half, 4>>(T3)	(37, 1, 1)	(32, 4, 1)	lts__t_bytes.sum	byte	984832.0	3
shared	L0_UP_D3_ROTATE_CONTROL_3	0	GEMM	gemm_forward_4bit_cuda_m16n128k32(int, int, __half *, int *, __half *, int *, int, int, int, __half *)	(1184, 1, 1)	(32, 2, 1)	dram__bytes.sum	byte	46673152.0	3
shared	L0_UP_D3_ROTATE_CONTROL_3	1	REDUCTION	void at::reduce_kernel<128, 4, at::ReduceOp<c10::Half, at::func_wrapper_t<c10::Half, at::sum_functor<c10::Half, float, c10::Half>::operator ()(at::TensorIterator &)::[lambda(float, float) (instance 1)]>, unsigned int, c10::Half, 4>>(T3)	(37, 1, 1)	(32, 4, 1)	dram__bytes.sum	byte	1408.0	3
shared	L0_UP_D3_ROTATE_CONTROL_3	0	GEMM	gemm_forward_4bit_cuda_m16n128k32(int, int, __half *, int *, __half *, int *, int, int, int, __half *)	(1184, 1, 1)	(32, 2, 1)	gpu__time_duration.sum	ns	78432.0	3
shared	L0_UP_D3_ROTATE_CONTROL_3	1	REDUCTION	void at::reduce_kernel<128, 4, at::ReduceOp<c10::Half, at::func_wrapper_t<c10::Half, at::sum_functor<c10::Half, float, c10::Half>::operator ()(at::TensorIterator &)::[lambda(float, float) (instance 1)]>, unsigned int, c10::Half, 4>>(T3)	(37, 1, 1)	(32, 4, 1)	gpu__time_duration.sum	ns	4480.0	3
shared	L0_UP_D3_ROTATE_CONTROL_3	0	GEMM	gemm_forward_4bit_cuda_m16n128k32(int, int, __half *, int *, __half *, int *, int, int, int, __half *)	(1184, 1, 1)	(32, 2, 1)	lts__t_sectors_srcunit_tex_op_read_lookup_hit.sum	sector	146702.0	3
shared	L0_UP_D3_ROTATE_CONTROL_3	1	REDUCTION	void at::reduce_kernel<128, 4, at::ReduceOp<c10::Half, at::func_wrapper_t<c10::Half, at::sum_functor<c10::Half, float, c10::Half>::operator ()(at::TensorIterator &)::[lambda(float, float) (instance 1)]>, unsigned int, c10::Half, 4>>(T3)	(37, 1, 1)	(32, 4, 1)	lts__t_sectors_srcunit_tex_op_read_lookup_hit.sum	sector	9472.0	3
shared	L0_UP_D3_ROTATE_CONTROL_3	0	GEMM	gemm_forward_4bit_cuda_m16n128k32(int, int, __half *, int *, __half *, int *, int, int, int, __half *)	(1184, 1, 1)	(32, 2, 1)	lts__t_sectors_srcunit_tex_op_read_lookup_miss.sum	sector	1102304.0	3
shared	L0_UP_D3_ROTATE_CONTROL_3	1	REDUCTION	void at::reduce_kernel<128, 4, at::ReduceOp<c10::Half, at::func_wrapper_t<c10::Half, at::sum_functor<c10::Half, float, c10::Half>::operator ()(at::TensorIterator &)::[lambda(float, float) (instance 1)]>, unsigned int, c10::Half, 4>>(T3)	(37, 1, 1)	(32, 4, 1)	lts__t_sectors_srcunit_tex_op_read_lookup_miss.sum	sector	0.0	3
shared	L0_UP_D3_ROTATE_CONTROL_3	0	GEMM	gemm_forward_4bit_cuda_m16n128k32(int, int, __half *, int *, __half *, int *, int, int, int, __half *)	(1184, 1, 1)	(32, 2, 1)	dram__bytes_read.sum	byte	35279744.0	3
shared	L0_UP_D3_ROTATE_CONTROL_3	1	REDUCTION	void at::reduce_kernel<128, 4, at::ReduceOp<c10::Half, at::func_wrapper_t<c10::Half, at::sum_functor<c10::Half, float, c10::Half>::operator ()(at::TensorIterator &)::[lambda(float, float) (instance 1)]>, unsigned int, c10::Half, 4>>(T3)	(37, 1, 1)	(32, 4, 1)	dram__bytes_read.sum	byte	1408.0	3
shared	L0_UP_D3_ROTATE_CONTROL_3	0	GEMM	gemm_forward_4bit_cuda_m16n128k32(int, int, __half *, int *, __half *, int *, int, int, int, __half *)	(1184, 1, 1)	(32, 2, 1)	smsp__warp_issue_stalled_long_scoreboard_per_warp_active.pct	%	61.03	3
shared	L0_UP_D3_ROTATE_CONTROL_3	1	REDUCTION	void at::reduce_kernel<128, 4, at::ReduceOp<c10::Half, at::func_wrapper_t<c10::Half, at::sum_functor<c10::Half, float, c10::Half>::operator ()(at::TensorIterator &)::[lambda(float, float) (instance 1)]>, unsigned int, c10::Half, 4>>(T3)	(37, 1, 1)	(32, 4, 1)	smsp__warp_issue_stalled_long_scoreboard_per_warp_active.pct	%	8.6	3
shared	L0_UP_D3_ROTATE_CONTROL_3	0	GEMM	gemm_forward_4bit_cuda_m16n128k32(int, int, __half *, int *, __half *, int *, int, int, int, __half *)	(1184, 1, 1)	(32, 2, 1)	smsp__inst_executed_pipe_lsu.avg.pct_of_peak_sustained_active	%	4.52	3
shared	L0_UP_D3_ROTATE_CONTROL_3	1	REDUCTION	void at::reduce_kernel<128, 4, at::ReduceOp<c10::Half, at::func_wrapper_t<c10::Half, at::sum_functor<c10::Half, float, c10::Half>::operator ()(at::TensorIterator &)::[lambda(float, float) (instance 1)]>, unsigned int, c10::Half, 4>>(T3)	(37, 1, 1)	(32, 4, 1)	smsp__inst_executed_pipe_lsu.avg.pct_of_peak_sustained_active	%	0.39	3
shared	L0_UP_D3_ROTATE_CONTROL_3	0	GEMM	gemm_forward_4bit_cuda_m16n128k32(int, int, __half *, int *, __half *, int *, int, int, int, __half *)	(1184, 1, 1)	(32, 2, 1)	sm__warps_active.avg.pct_of_peak_sustained_active	%	33.36	3
shared	L0_UP_D3_ROTATE_CONTROL_3	1	REDUCTION	void at::reduce_kernel<128, 4, at::ReduceOp<c10::Half, at::func_wrapper_t<c10::Half, at::sum_functor<c10::Half, float, c10::Half>::operator ()(at::TensorIterator &)::[lambda(float, float) (instance 1)]>, unsigned int, c10::Half, 4>>(T3)	(37, 1, 1)	(32, 4, 1)	sm__warps_active.avg.pct_of_peak_sustained_active	%	8.32	3
shared	L0_UP_D3_SETASIDE_ONLY	0	GEMM	gemm_forward_4bit_cuda_m16n128k32(int, int, __half *, int *, __half *, int *, int, int, int, __half *)	(1184, 1, 1)	(32, 2, 1)	l1tex__t_bytes.sum	byte	46829568.0	3
shared	L0_UP_D3_SETASIDE_ONLY	1	REDUCTION	void at::reduce_kernel<128, 4, at::ReduceOp<c10::Half, at::func_wrapper_t<c10::Half, at::sum_functor<c10::Half, float, c10::Half>::operator ()(at::TensorIterator &)::[lambda(float, float) (instance 1)]>, unsigned int, c10::Half, 4>>(T3)	(37, 1, 1)	(32, 4, 1)	l1tex__t_bytes.sum	byte	454656.0	3
shared	L0_UP_D3_SETASIDE_ONLY	0	GEMM	gemm_forward_4bit_cuda_m16n128k32(int, int, __half *, int *, __half *, int *, int, int, int, __half *)	(1184, 1, 1)	(32, 2, 1)	lts__t_bytes.sum	byte	40700896.0	3
shared	L0_UP_D3_SETASIDE_ONLY	1	REDUCTION	void at::reduce_kernel<128, 4, at::ReduceOp<c10::Half, at::func_wrapper_t<c10::Half, at::sum_functor<c10::Half, float, c10::Half>::operator ()(at::TensorIterator &)::[lambda(float, float) (instance 1)]>, unsigned int, c10::Half, 4>>(T3)	(37, 1, 1)	(32, 4, 1)	lts__t_bytes.sum	byte	982816.0	3
shared	L0_UP_D3_SETASIDE_ONLY	0	GEMM	gemm_forward_4bit_cuda_m16n128k32(int, int, __half *, int *, __half *, int *, int, int, int, __half *)	(1184, 1, 1)	(32, 2, 1)	dram__bytes.sum	byte	46652160.0	3
shared	L0_UP_D3_SETASIDE_ONLY	1	REDUCTION	void at::reduce_kernel<128, 4, at::ReduceOp<c10::Half, at::func_wrapper_t<c10::Half, at::sum_functor<c10::Half, float, c10::Half>::operator ()(at::TensorIterator &)::[lambda(float, float) (instance 1)]>, unsigned int, c10::Half, 4>>(T3)	(37, 1, 1)	(32, 4, 1)	dram__bytes.sum	byte	512.0	3
shared	L0_UP_D3_SETASIDE_ONLY	0	GEMM	gemm_forward_4bit_cuda_m16n128k32(int, int, __half *, int *, __half *, int *, int, int, int, __half *)	(1184, 1, 1)	(32, 2, 1)	gpu__time_duration.sum	ns	78176.0	3
shared	L0_UP_D3_SETASIDE_ONLY	1	REDUCTION	void at::reduce_kernel<128, 4, at::ReduceOp<c10::Half, at::func_wrapper_t<c10::Half, at::sum_functor<c10::Half, float, c10::Half>::operator ()(at::TensorIterator &)::[lambda(float, float) (instance 1)]>, unsigned int, c10::Half, 4>>(T3)	(37, 1, 1)	(32, 4, 1)	gpu__time_duration.sum	ns	4448.0	3
shared	L0_UP_D3_SETASIDE_ONLY	0	GEMM	gemm_forward_4bit_cuda_m16n128k32(int, int, __half *, int *, __half *, int *, int, int, int, __half *)	(1184, 1, 1)	(32, 2, 1)	lts__t_sectors_srcunit_tex_op_read_lookup_hit.sum	sector	145292.0	3
shared	L0_UP_D3_SETASIDE_ONLY	1	REDUCTION	void at::reduce_kernel<128, 4, at::ReduceOp<c10::Half, at::func_wrapper_t<c10::Half, at::sum_functor<c10::Half, float, c10::Half>::operator ()(at::TensorIterator &)::[lambda(float, float) (instance 1)]>, unsigned int, c10::Half, 4>>(T3)	(37, 1, 1)	(32, 4, 1)	lts__t_sectors_srcunit_tex_op_read_lookup_hit.sum	sector	9472.0	3
shared	L0_UP_D3_SETASIDE_ONLY	0	GEMM	gemm_forward_4bit_cuda_m16n128k32(int, int, __half *, int *, __half *, int *, int, int, int, __half *)	(1184, 1, 1)	(32, 2, 1)	lts__t_sectors_srcunit_tex_op_read_lookup_miss.sum	sector	1102304.0	3
shared	L0_UP_D3_SETASIDE_ONLY	1	REDUCTION	void at::reduce_kernel<128, 4, at::ReduceOp<c10::Half, at::func_wrapper_t<c10::Half, at::sum_functor<c10::Half, float, c10::Half>::operator ()(at::TensorIterator &)::[lambda(float, float) (instance 1)]>, unsigned int, c10::Half, 4>>(T3)	(37, 1, 1)	(32, 4, 1)	lts__t_sectors_srcunit_tex_op_read_lookup_miss.sum	sector	0.0	3
shared	L0_UP_D3_SETASIDE_ONLY	0	GEMM	gemm_forward_4bit_cuda_m16n128k32(int, int, __half *, int *, __half *, int *, int, int, int, __half *)	(1184, 1, 1)	(32, 2, 1)	dram__bytes_read.sum	byte	35279616.0	3
shared	L0_UP_D3_SETASIDE_ONLY	1	REDUCTION	void at::reduce_kernel<128, 4, at::ReduceOp<c10::Half, at::func_wrapper_t<c10::Half, at::sum_functor<c10::Half, float, c10::Half>::operator ()(at::TensorIterator &)::[lambda(float, float) (instance 1)]>, unsigned int, c10::Half, 4>>(T3)	(37, 1, 1)	(32, 4, 1)	dram__bytes_read.sum	byte	512.0	3
shared	L0_UP_D3_SETASIDE_ONLY	0	GEMM	gemm_forward_4bit_cuda_m16n128k32(int, int, __half *, int *, __half *, int *, int, int, int, __half *)	(1184, 1, 1)	(32, 2, 1)	smsp__warp_issue_stalled_long_scoreboard_per_warp_active.pct	%	61.19	3
shared	L0_UP_D3_SETASIDE_ONLY	1	REDUCTION	void at::reduce_kernel<128, 4, at::ReduceOp<c10::Half, at::func_wrapper_t<c10::Half, at::sum_functor<c10::Half, float, c10::Half>::operator ()(at::TensorIterator &)::[lambda(float, float) (instance 1)]>, unsigned int, c10::Half, 4>>(T3)	(37, 1, 1)	(32, 4, 1)	smsp__warp_issue_stalled_long_scoreboard_per_warp_active.pct	%	8.67	3
shared	L0_UP_D3_SETASIDE_ONLY	0	GEMM	gemm_forward_4bit_cuda_m16n128k32(int, int, __half *, int *, __half *, int *, int, int, int, __half *)	(1184, 1, 1)	(32, 2, 1)	smsp__inst_executed_pipe_lsu.avg.pct_of_peak_sustained_active	%	4.53	3
shared	L0_UP_D3_SETASIDE_ONLY	1	REDUCTION	void at::reduce_kernel<128, 4, at::ReduceOp<c10::Half, at::func_wrapper_t<c10::Half, at::sum_functor<c10::Half, float, c10::Half>::operator ()(at::TensorIterator &)::[lambda(float, float) (instance 1)]>, unsigned int, c10::Half, 4>>(T3)	(37, 1, 1)	(32, 4, 1)	smsp__inst_executed_pipe_lsu.avg.pct_of_peak_sustained_active	%	0.4	3
shared	L0_UP_D3_SETASIDE_ONLY	0	GEMM	gemm_forward_4bit_cuda_m16n128k32(int, int, __half *, int *, __half *, int *, int, int, int, __half *)	(1184, 1, 1)	(32, 2, 1)	sm__warps_active.avg.pct_of_peak_sustained_active	%	33.35	3
shared	L0_UP_D3_SETASIDE_ONLY	1	REDUCTION	void at::reduce_kernel<128, 4, at::ReduceOp<c10::Half, at::func_wrapper_t<c10::Half, at::sum_functor<c10::Half, float, c10::Half>::operator ()(at::TensorIterator &)::[lambda(float, float) (instance 1)]>, unsigned int, c10::Half, 4>>(T3)	(37, 1, 1)	(32, 4, 1)	sm__warps_active.avg.pct_of_peak_sustained_active	%	8.32	3
shared	L0_UP_D3_SHARE2_L0	0	GEMM	gemm_forward_4bit_cuda_m16n128k32(int, int, __half *, int *, __half *, int *, int, int, int, __half *)	(1184, 1, 1)	(32, 2, 1)	l1tex__t_bytes.sum	byte	46829568.0	3
shared	L0_UP_D3_SHARE2_L0	1	REDUCTION	void at::reduce_kernel<128, 4, at::ReduceOp<c10::Half, at::func_wrapper_t<c10::Half, at::sum_functor<c10::Half, float, c10::Half>::operator ()(at::TensorIterator &)::[lambda(float, float) (instance 1)]>, unsigned int, c10::Half, 4>>(T3)	(37, 1, 1)	(32, 4, 1)	l1tex__t_bytes.sum	byte	454656.0	3
shared	L0_UP_D3_SHARE2_L0	0	GEMM	gemm_forward_4bit_cuda_m16n128k32(int, int, __half *, int *, __half *, int *, int, int, int, __half *)	(1184, 1, 1)	(32, 2, 1)	lts__t_bytes.sum	byte	40735168.0	3
shared	L0_UP_D3_SHARE2_L0	1	REDUCTION	void at::reduce_kernel<128, 4, at::ReduceOp<c10::Half, at::func_wrapper_t<c10::Half, at::sum_functor<c10::Half, float, c10::Half>::operator ()(at::TensorIterator &)::[lambda(float, float) (instance 1)]>, unsigned int, c10::Half, 4>>(T3)	(37, 1, 1)	(32, 4, 1)	lts__t_bytes.sum	byte	984864.0	3
shared	L0_UP_D3_SHARE2_L0	0	GEMM	gemm_forward_4bit_cuda_m16n128k32(int, int, __half *, int *, __half *, int *, int, int, int, __half *)	(1184, 1, 1)	(32, 2, 1)	dram__bytes.sum	byte	35251328.0	3
shared	L0_UP_D3_SHARE2_L0	1	REDUCTION	void at::reduce_kernel<128, 4, at::ReduceOp<c10::Half, at::func_wrapper_t<c10::Half, at::sum_functor<c10::Half, float, c10::Half>::operator ()(at::TensorIterator &)::[lambda(float, float) (instance 1)]>, unsigned int, c10::Half, 4>>(T3)	(37, 1, 1)	(32, 4, 1)	dram__bytes.sum	byte	640.0	3
shared	L0_UP_D3_SHARE2_L0	0	GEMM	gemm_forward_4bit_cuda_m16n128k32(int, int, __half *, int *, __half *, int *, int, int, int, __half *)	(1184, 1, 1)	(32, 2, 1)	gpu__time_duration.sum	ns	59424.0	3
shared	L0_UP_D3_SHARE2_L0	1	REDUCTION	void at::reduce_kernel<128, 4, at::ReduceOp<c10::Half, at::func_wrapper_t<c10::Half, at::sum_functor<c10::Half, float, c10::Half>::operator ()(at::TensorIterator &)::[lambda(float, float) (instance 1)]>, unsigned int, c10::Half, 4>>(T3)	(37, 1, 1)	(32, 4, 1)	gpu__time_duration.sum	ns	4416.0	3
shared	L0_UP_D3_SHARE2_L0	0	GEMM	gemm_forward_4bit_cuda_m16n128k32(int, int, __half *, int *, __half *, int *, int, int, int, __half *)	(1184, 1, 1)	(32, 2, 1)	lts__t_sectors_srcunit_tex_op_read_lookup_hit.sum	sector	149256.0	3
shared	L0_UP_D3_SHARE2_L0	1	REDUCTION	void at::reduce_kernel<128, 4, at::ReduceOp<c10::Half, at::func_wrapper_t<c10::Half, at::sum_functor<c10::Half, float, c10::Half>::operator ()(at::TensorIterator &)::[lambda(float, float) (instance 1)]>, unsigned int, c10::Half, 4>>(T3)	(37, 1, 1)	(32, 4, 1)	lts__t_sectors_srcunit_tex_op_read_lookup_hit.sum	sector	9472.0	3
shared	L0_UP_D3_SHARE2_L0	0	GEMM	gemm_forward_4bit_cuda_m16n128k32(int, int, __half *, int *, __half *, int *, int, int, int, __half *)	(1184, 1, 1)	(32, 2, 1)	lts__t_sectors_srcunit_tex_op_read_lookup_miss.sum	sector	1099432.0	3
shared	L0_UP_D3_SHARE2_L0	1	REDUCTION	void at::reduce_kernel<128, 4, at::ReduceOp<c10::Half, at::func_wrapper_t<c10::Half, at::sum_functor<c10::Half, float, c10::Half>::operator ()(at::TensorIterator &)::[lambda(float, float) (instance 1)]>, unsigned int, c10::Half, 4>>(T3)	(37, 1, 1)	(32, 4, 1)	lts__t_sectors_srcunit_tex_op_read_lookup_miss.sum	sector	0.0	3
shared	L0_UP_D3_SHARE2_L0	0	GEMM	gemm_forward_4bit_cuda_m16n128k32(int, int, __half *, int *, __half *, int *, int, int, int, __half *)	(1184, 1, 1)	(32, 2, 1)	dram__bytes_read.sum	byte	35198592.0	3
shared	L0_UP_D3_SHARE2_L0	1	REDUCTION	void at::reduce_kernel<128, 4, at::ReduceOp<c10::Half, at::func_wrapper_t<c10::Half, at::sum_functor<c10::Half, float, c10::Half>::operator ()(at::TensorIterator &)::[lambda(float, float) (instance 1)]>, unsigned int, c10::Half, 4>>(T3)	(37, 1, 1)	(32, 4, 1)	dram__bytes_read.sum	byte	640.0	3
shared	L0_UP_D3_SHARE2_L0	0	GEMM	gemm_forward_4bit_cuda_m16n128k32(int, int, __half *, int *, __half *, int *, int, int, int, __half *)	(1184, 1, 1)	(32, 2, 1)	smsp__warp_issue_stalled_long_scoreboard_per_warp_active.pct	%	54.14	3
shared	L0_UP_D3_SHARE2_L0	1	REDUCTION	void at::reduce_kernel<128, 4, at::ReduceOp<c10::Half, at::func_wrapper_t<c10::Half, at::sum_functor<c10::Half, float, c10::Half>::operator ()(at::TensorIterator &)::[lambda(float, float) (instance 1)]>, unsigned int, c10::Half, 4>>(T3)	(37, 1, 1)	(32, 4, 1)	smsp__warp_issue_stalled_long_scoreboard_per_warp_active.pct	%	8.75	3
shared	L0_UP_D3_SHARE2_L0	0	GEMM	gemm_forward_4bit_cuda_m16n128k32(int, int, __half *, int *, __half *, int *, int, int, int, __half *)	(1184, 1, 1)	(32, 2, 1)	smsp__inst_executed_pipe_lsu.avg.pct_of_peak_sustained_active	%	6.01	3
shared	L0_UP_D3_SHARE2_L0	1	REDUCTION	void at::reduce_kernel<128, 4, at::ReduceOp<c10::Half, at::func_wrapper_t<c10::Half, at::sum_functor<c10::Half, float, c10::Half>::operator ()(at::TensorIterator &)::[lambda(float, float) (instance 1)]>, unsigned int, c10::Half, 4>>(T3)	(37, 1, 1)	(32, 4, 1)	smsp__inst_executed_pipe_lsu.avg.pct_of_peak_sustained_active	%	0.4	3
shared	L0_UP_D3_SHARE2_L0	0	GEMM	gemm_forward_4bit_cuda_m16n128k32(int, int, __half *, int *, __half *, int *, int, int, int, __half *)	(1184, 1, 1)	(32, 2, 1)	sm__warps_active.avg.pct_of_peak_sustained_active	%	32.99	3
shared	L0_UP_D3_SHARE2_L0	1	REDUCTION	void at::reduce_kernel<128, 4, at::ReduceOp<c10::Half, at::func_wrapper_t<c10::Half, at::sum_functor<c10::Half, float, c10::Half>::operator ()(at::TensorIterator &)::[lambda(float, float) (instance 1)]>, unsigned int, c10::Half, 4>>(T3)	(37, 1, 1)	(32, 4, 1)	sm__warps_active.avg.pct_of_peak_sustained_active	%	8.32	3
shared	L0_UP_D3_SHARE2_UP	0	GEMM	gemm_forward_4bit_cuda_m16n128k32(int, int, __half *, int *, __half *, int *, int, int, int, __half *)	(1184, 1, 1)	(32, 2, 1)	l1tex__t_bytes.sum	byte	46829568.0	3
shared	L0_UP_D3_SHARE2_UP	1	REDUCTION	void at::reduce_kernel<128, 4, at::ReduceOp<c10::Half, at::func_wrapper_t<c10::Half, at::sum_functor<c10::Half, float, c10::Half>::operator ()(at::TensorIterator &)::[lambda(float, float) (instance 1)]>, unsigned int, c10::Half, 4>>(T3)	(37, 1, 1)	(32, 4, 1)	l1tex__t_bytes.sum	byte	454656.0	3
shared	L0_UP_D3_SHARE2_UP	0	GEMM	gemm_forward_4bit_cuda_m16n128k32(int, int, __half *, int *, __half *, int *, int, int, int, __half *)	(1184, 1, 1)	(32, 2, 1)	lts__t_bytes.sum	byte	40708672.0	3
shared	L0_UP_D3_SHARE2_UP	1	REDUCTION	void at::reduce_kernel<128, 4, at::ReduceOp<c10::Half, at::func_wrapper_t<c10::Half, at::sum_functor<c10::Half, float, c10::Half>::operator ()(at::TensorIterator &)::[lambda(float, float) (instance 1)]>, unsigned int, c10::Half, 4>>(T3)	(37, 1, 1)	(32, 4, 1)	lts__t_bytes.sum	byte	982272.0	3
shared	L0_UP_D3_SHARE2_UP	0	GEMM	gemm_forward_4bit_cuda_m16n128k32(int, int, __half *, int *, __half *, int *, int, int, int, __half *)	(1184, 1, 1)	(32, 2, 1)	dram__bytes.sum	byte	32750208.0	3
shared	L0_UP_D3_SHARE2_UP	1	REDUCTION	void at::reduce_kernel<128, 4, at::ReduceOp<c10::Half, at::func_wrapper_t<c10::Half, at::sum_functor<c10::Half, float, c10::Half>::operator ()(at::TensorIterator &)::[lambda(float, float) (instance 1)]>, unsigned int, c10::Half, 4>>(T3)	(37, 1, 1)	(32, 4, 1)	dram__bytes.sum	byte	1152.0	3
shared	L0_UP_D3_SHARE2_UP	0	GEMM	gemm_forward_4bit_cuda_m16n128k32(int, int, __half *, int *, __half *, int *, int, int, int, __half *)	(1184, 1, 1)	(32, 2, 1)	gpu__time_duration.sum	ns	56672.0	3
shared	L0_UP_D3_SHARE2_UP	1	REDUCTION	void at::reduce_kernel<128, 4, at::ReduceOp<c10::Half, at::func_wrapper_t<c10::Half, at::sum_functor<c10::Half, float, c10::Half>::operator ()(at::TensorIterator &)::[lambda(float, float) (instance 1)]>, unsigned int, c10::Half, 4>>(T3)	(37, 1, 1)	(32, 4, 1)	gpu__time_duration.sum	ns	4384.0	3
shared	L0_UP_D3_SHARE2_UP	0	GEMM	gemm_forward_4bit_cuda_m16n128k32(int, int, __half *, int *, __half *, int *, int, int, int, __half *)	(1184, 1, 1)	(32, 2, 1)	lts__t_sectors_srcunit_tex_op_read_lookup_hit.sum	sector	225016.0	3
shared	L0_UP_D3_SHARE2_UP	1	REDUCTION	void at::reduce_kernel<128, 4, at::ReduceOp<c10::Half, at::func_wrapper_t<c10::Half, at::sum_functor<c10::Half, float, c10::Half>::operator ()(at::TensorIterator &)::[lambda(float, float) (instance 1)]>, unsigned int, c10::Half, 4>>(T3)	(37, 1, 1)	(32, 4, 1)	lts__t_sectors_srcunit_tex_op_read_lookup_hit.sum	sector	9472.0	3
shared	L0_UP_D3_SHARE2_UP	0	GEMM	gemm_forward_4bit_cuda_m16n128k32(int, int, __half *, int *, __half *, int *, int, int, int, __half *)	(1184, 1, 1)	(32, 2, 1)	lts__t_sectors_srcunit_tex_op_read_lookup_miss.sum	sector	1022896.0	3
shared	L0_UP_D3_SHARE2_UP	1	REDUCTION	void at::reduce_kernel<128, 4, at::ReduceOp<c10::Half, at::func_wrapper_t<c10::Half, at::sum_functor<c10::Half, float, c10::Half>::operator ()(at::TensorIterator &)::[lambda(float, float) (instance 1)]>, unsigned int, c10::Half, 4>>(T3)	(37, 1, 1)	(32, 4, 1)	lts__t_sectors_srcunit_tex_op_read_lookup_miss.sum	sector	0.0	3
shared	L0_UP_D3_SHARE2_UP	0	GEMM	gemm_forward_4bit_cuda_m16n128k32(int, int, __half *, int *, __half *, int *, int, int, int, __half *)	(1184, 1, 1)	(32, 2, 1)	dram__bytes_read.sum	byte	32750208.0	3
shared	L0_UP_D3_SHARE2_UP	1	REDUCTION	void at::reduce_kernel<128, 4, at::ReduceOp<c10::Half, at::func_wrapper_t<c10::Half, at::sum_functor<c10::Half, float, c10::Half>::operator ()(at::TensorIterator &)::[lambda(float, float) (instance 1)]>, unsigned int, c10::Half, 4>>(T3)	(37, 1, 1)	(32, 4, 1)	dram__bytes_read.sum	byte	1152.0	3
shared	L0_UP_D3_SHARE2_UP	0	GEMM	gemm_forward_4bit_cuda_m16n128k32(int, int, __half *, int *, __half *, int *, int, int, int, __half *)	(1184, 1, 1)	(32, 2, 1)	smsp__warp_issue_stalled_long_scoreboard_per_warp_active.pct	%	51.49	3
shared	L0_UP_D3_SHARE2_UP	1	REDUCTION	void at::reduce_kernel<128, 4, at::ReduceOp<c10::Half, at::func_wrapper_t<c10::Half, at::sum_functor<c10::Half, float, c10::Half>::operator ()(at::TensorIterator &)::[lambda(float, float) (instance 1)]>, unsigned int, c10::Half, 4>>(T3)	(37, 1, 1)	(32, 4, 1)	smsp__warp_issue_stalled_long_scoreboard_per_warp_active.pct	%	8.61	3
shared	L0_UP_D3_SHARE2_UP	0	GEMM	gemm_forward_4bit_cuda_m16n128k32(int, int, __half *, int *, __half *, int *, int, int, int, __half *)	(1184, 1, 1)	(32, 2, 1)	smsp__inst_executed_pipe_lsu.avg.pct_of_peak_sustained_active	%	6.43	3
shared	L0_UP_D3_SHARE2_UP	1	REDUCTION	void at::reduce_kernel<128, 4, at::ReduceOp<c10::Half, at::func_wrapper_t<c10::Half, at::sum_functor<c10::Half, float, c10::Half>::operator ()(at::TensorIterator &)::[lambda(float, float) (instance 1)]>, unsigned int, c10::Half, 4>>(T3)	(37, 1, 1)	(32, 4, 1)	smsp__inst_executed_pipe_lsu.avg.pct_of_peak_sustained_active	%	0.4	3
shared	L0_UP_D3_SHARE2_UP	0	GEMM	gemm_forward_4bit_cuda_m16n128k32(int, int, __half *, int *, __half *, int *, int, int, int, __half *)	(1184, 1, 1)	(32, 2, 1)	sm__warps_active.avg.pct_of_peak_sustained_active	%	32.83	3
shared	L0_UP_D3_SHARE2_UP	1	REDUCTION	void at::reduce_kernel<128, 4, at::ReduceOp<c10::Half, at::func_wrapper_t<c10::Half, at::sum_functor<c10::Half, float, c10::Half>::operator ()(at::TensorIterator &)::[lambda(float, float) (instance 1)]>, unsigned int, c10::Half, 4>>(T3)	(37, 1, 1)	(32, 4, 1)	sm__warps_active.avg.pct_of_peak_sustained_active	%	8.32	3
shared	L0_UP_D3_SHARE3	0	GEMM	gemm_forward_4bit_cuda_m16n128k32(int, int, __half *, int *, __half *, int *, int, int, int, __half *)	(1184, 1, 1)	(32, 2, 1)	l1tex__t_bytes.sum	byte	46829568.0	3
shared	L0_UP_D3_SHARE3	1	REDUCTION	void at::reduce_kernel<128, 4, at::ReduceOp<c10::Half, at::func_wrapper_t<c10::Half, at::sum_functor<c10::Half, float, c10::Half>::operator ()(at::TensorIterator &)::[lambda(float, float) (instance 1)]>, unsigned int, c10::Half, 4>>(T3)	(37, 1, 1)	(32, 4, 1)	l1tex__t_bytes.sum	byte	454656.0	3
shared	L0_UP_D3_SHARE3	0	GEMM	gemm_forward_4bit_cuda_m16n128k32(int, int, __half *, int *, __half *, int *, int, int, int, __half *)	(1184, 1, 1)	(32, 2, 1)	lts__t_bytes.sum	byte	40713728.0	3
shared	L0_UP_D3_SHARE3	1	REDUCTION	void at::reduce_kernel<128, 4, at::ReduceOp<c10::Half, at::func_wrapper_t<c10::Half, at::sum_functor<c10::Half, float, c10::Half>::operator ()(at::TensorIterator &)::[lambda(float, float) (instance 1)]>, unsigned int, c10::Half, 4>>(T3)	(37, 1, 1)	(32, 4, 1)	lts__t_bytes.sum	byte	983072.0	3
shared	L0_UP_D3_SHARE3	0	GEMM	gemm_forward_4bit_cuda_m16n128k32(int, int, __half *, int *, __half *, int *, int, int, int, __half *)	(1184, 1, 1)	(32, 2, 1)	dram__bytes.sum	byte	34609664.0	3
shared	L0_UP_D3_SHARE3	1	REDUCTION	void at::reduce_kernel<128, 4, at::ReduceOp<c10::Half, at::func_wrapper_t<c10::Half, at::sum_functor<c10::Half, float, c10::Half>::operator ()(at::TensorIterator &)::[lambda(float, float) (instance 1)]>, unsigned int, c10::Half, 4>>(T3)	(37, 1, 1)	(32, 4, 1)	dram__bytes.sum	byte	384.0	3
shared	L0_UP_D3_SHARE3	0	GEMM	gemm_forward_4bit_cuda_m16n128k32(int, int, __half *, int *, __half *, int *, int, int, int, __half *)	(1184, 1, 1)	(32, 2, 1)	gpu__time_duration.sum	ns	58304.0	3
shared	L0_UP_D3_SHARE3	1	REDUCTION	void at::reduce_kernel<128, 4, at::ReduceOp<c10::Half, at::func_wrapper_t<c10::Half, at::sum_functor<c10::Half, float, c10::Half>::operator ()(at::TensorIterator &)::[lambda(float, float) (instance 1)]>, unsigned int, c10::Half, 4>>(T3)	(37, 1, 1)	(32, 4, 1)	gpu__time_duration.sum	ns	4416.0	3
shared	L0_UP_D3_SHARE3	0	GEMM	gemm_forward_4bit_cuda_m16n128k32(int, int, __half *, int *, __half *, int *, int, int, int, __half *)	(1184, 1, 1)	(32, 2, 1)	lts__t_sectors_srcunit_tex_op_read_lookup_hit.sum	sector	166966.0	3
shared	L0_UP_D3_SHARE3	1	REDUCTION	void at::reduce_kernel<128, 4, at::ReduceOp<c10::Half, at::func_wrapper_t<c10::Half, at::sum_functor<c10::Half, float, c10::Half>::operator ()(at::TensorIterator &)::[lambda(float, float) (instance 1)]>, unsigned int, c10::Half, 4>>(T3)	(37, 1, 1)	(32, 4, 1)	lts__t_sectors_srcunit_tex_op_read_lookup_hit.sum	sector	9472.0	3
shared	L0_UP_D3_SHARE3	0	GEMM	gemm_forward_4bit_cuda_m16n128k32(int, int, __half *, int *, __half *, int *, int, int, int, __half *)	(1184, 1, 1)	(32, 2, 1)	lts__t_sectors_srcunit_tex_op_read_lookup_miss.sum	sector	1081012.0	3
shared	L0_UP_D3_SHARE3	1	REDUCTION	void at::reduce_kernel<128, 4, at::ReduceOp<c10::Half, at::func_wrapper_t<c10::Half, at::sum_functor<c10::Half, float, c10::Half>::operator ()(at::TensorIterator &)::[lambda(float, float) (instance 1)]>, unsigned int, c10::Half, 4>>(T3)	(37, 1, 1)	(32, 4, 1)	lts__t_sectors_srcunit_tex_op_read_lookup_miss.sum	sector	0.0	3
shared	L0_UP_D3_SHARE3	0	GEMM	gemm_forward_4bit_cuda_m16n128k32(int, int, __half *, int *, __half *, int *, int, int, int, __half *)	(1184, 1, 1)	(32, 2, 1)	dram__bytes_read.sum	byte	34608896.0	3
shared	L0_UP_D3_SHARE3	1	REDUCTION	void at::reduce_kernel<128, 4, at::ReduceOp<c10::Half, at::func_wrapper_t<c10::Half, at::sum_functor<c10::Half, float, c10::Half>::operator ()(at::TensorIterator &)::[lambda(float, float) (instance 1)]>, unsigned int, c10::Half, 4>>(T3)	(37, 1, 1)	(32, 4, 1)	dram__bytes_read.sum	byte	384.0	3
shared	L0_UP_D3_SHARE3	0	GEMM	gemm_forward_4bit_cuda_m16n128k32(int, int, __half *, int *, __half *, int *, int, int, int, __half *)	(1184, 1, 1)	(32, 2, 1)	smsp__warp_issue_stalled_long_scoreboard_per_warp_active.pct	%	53.3	3
shared	L0_UP_D3_SHARE3	1	REDUCTION	void at::reduce_kernel<128, 4, at::ReduceOp<c10::Half, at::func_wrapper_t<c10::Half, at::sum_functor<c10::Half, float, c10::Half>::operator ()(at::TensorIterator &)::[lambda(float, float) (instance 1)]>, unsigned int, c10::Half, 4>>(T3)	(37, 1, 1)	(32, 4, 1)	smsp__warp_issue_stalled_long_scoreboard_per_warp_active.pct	%	8.59	3
shared	L0_UP_D3_SHARE3	0	GEMM	gemm_forward_4bit_cuda_m16n128k32(int, int, __half *, int *, __half *, int *, int, int, int, __half *)	(1184, 1, 1)	(32, 2, 1)	smsp__inst_executed_pipe_lsu.avg.pct_of_peak_sustained_active	%	6.14	3
shared	L0_UP_D3_SHARE3	1	REDUCTION	void at::reduce_kernel<128, 4, at::ReduceOp<c10::Half, at::func_wrapper_t<c10::Half, at::sum_functor<c10::Half, float, c10::Half>::operator ()(at::TensorIterator &)::[lambda(float, float) (instance 1)]>, unsigned int, c10::Half, 4>>(T3)	(37, 1, 1)	(32, 4, 1)	smsp__inst_executed_pipe_lsu.avg.pct_of_peak_sustained_active	%	0.39	3
shared	L0_UP_D3_SHARE3	0	GEMM	gemm_forward_4bit_cuda_m16n128k32(int, int, __half *, int *, __half *, int *, int, int, int, __half *)	(1184, 1, 1)	(32, 2, 1)	sm__warps_active.avg.pct_of_peak_sustained_active	%	32.96	3
shared	L0_UP_D3_SHARE3	1	REDUCTION	void at::reduce_kernel<128, 4, at::ReduceOp<c10::Half, at::func_wrapper_t<c10::Half, at::sum_functor<c10::Half, float, c10::Half>::operator ()(at::TensorIterator &)::[lambda(float, float) (instance 1)]>, unsigned int, c10::Half, 4>>(T3)	(37, 1, 1)	(32, 4, 1)	sm__warps_active.avg.pct_of_peak_sustained_active	%	8.32	3
shared	L0_UP_D3_SINGLE_L0_UP	0	GEMM	gemm_forward_4bit_cuda_m16n128k32(int, int, __half *, int *, __half *, int *, int, int, int, __half *)	(1184, 1, 1)	(32, 2, 1)	l1tex__t_bytes.sum	byte	46829568.0	3
shared	L0_UP_D3_SINGLE_L0_UP	1	REDUCTION	void at::reduce_kernel<128, 4, at::ReduceOp<c10::Half, at::func_wrapper_t<c10::Half, at::sum_functor<c10::Half, float, c10::Half>::operator ()(at::TensorIterator &)::[lambda(float, float) (instance 1)]>, unsigned int, c10::Half, 4>>(T3)	(37, 1, 1)	(32, 4, 1)	l1tex__t_bytes.sum	byte	454656.0	3
shared	L0_UP_D3_SINGLE_L0_UP	0	GEMM	gemm_forward_4bit_cuda_m16n128k32(int, int, __half *, int *, __half *, int *, int, int, int, __half *)	(1184, 1, 1)	(32, 2, 1)	lts__t_bytes.sum	byte	40710560.0	3
shared	L0_UP_D3_SINGLE_L0_UP	1	REDUCTION	void at::reduce_kernel<128, 4, at::ReduceOp<c10::Half, at::func_wrapper_t<c10::Half, at::sum_functor<c10::Half, float, c10::Half>::operator ()(at::TensorIterator &)::[lambda(float, float) (instance 1)]>, unsigned int, c10::Half, 4>>(T3)	(37, 1, 1)	(32, 4, 1)	lts__t_bytes.sum	byte	982880.0	3
shared	L0_UP_D3_SINGLE_L0_UP	0	GEMM	gemm_forward_4bit_cuda_m16n128k32(int, int, __half *, int *, __half *, int *, int, int, int, __half *)	(1184, 1, 1)	(32, 2, 1)	dram__bytes.sum	byte	36297216.0	3
shared	L0_UP_D3_SINGLE_L0_UP	1	REDUCTION	void at::reduce_kernel<128, 4, at::ReduceOp<c10::Half, at::func_wrapper_t<c10::Half, at::sum_functor<c10::Half, float, c10::Half>::operator ()(at::TensorIterator &)::[lambda(float, float) (instance 1)]>, unsigned int, c10::Half, 4>>(T3)	(37, 1, 1)	(32, 4, 1)	dram__bytes.sum	byte	384.0	3
shared	L0_UP_D3_SINGLE_L0_UP	0	GEMM	gemm_forward_4bit_cuda_m16n128k32(int, int, __half *, int *, __half *, int *, int, int, int, __half *)	(1184, 1, 1)	(32, 2, 1)	gpu__time_duration.sum	ns	62176.0	3
shared	L0_UP_D3_SINGLE_L0_UP	1	REDUCTION	void at::reduce_kernel<128, 4, at::ReduceOp<c10::Half, at::func_wrapper_t<c10::Half, at::sum_functor<c10::Half, float, c10::Half>::operator ()(at::TensorIterator &)::[lambda(float, float) (instance 1)]>, unsigned int, c10::Half, 4>>(T3)	(37, 1, 1)	(32, 4, 1)	gpu__time_duration.sum	ns	4448.0	3
shared	L0_UP_D3_SINGLE_L0_UP	0	GEMM	gemm_forward_4bit_cuda_m16n128k32(int, int, __half *, int *, __half *, int *, int, int, int, __half *)	(1184, 1, 1)	(32, 2, 1)	lts__t_sectors_srcunit_tex_op_read_lookup_hit.sum	sector	162320.0	3
shared	L0_UP_D3_SINGLE_L0_UP	1	REDUCTION	void at::reduce_kernel<128, 4, at::ReduceOp<c10::Half, at::func_wrapper_t<c10::Half, at::sum_functor<c10::Half, float, c10::Half>::operator ()(at::TensorIterator &)::[lambda(float, float) (instance 1)]>, unsigned int, c10::Half, 4>>(T3)	(37, 1, 1)	(32, 4, 1)	lts__t_sectors_srcunit_tex_op_read_lookup_hit.sum	sector	9472.0	3
shared	L0_UP_D3_SINGLE_L0_UP	0	GEMM	gemm_forward_4bit_cuda_m16n128k32(int, int, __half *, int *, __half *, int *, int, int, int, __half *)	(1184, 1, 1)	(32, 2, 1)	lts__t_sectors_srcunit_tex_op_read_lookup_miss.sum	sector	1086440.0	3
shared	L0_UP_D3_SINGLE_L0_UP	1	REDUCTION	void at::reduce_kernel<128, 4, at::ReduceOp<c10::Half, at::func_wrapper_t<c10::Half, at::sum_functor<c10::Half, float, c10::Half>::operator ()(at::TensorIterator &)::[lambda(float, float) (instance 1)]>, unsigned int, c10::Half, 4>>(T3)	(37, 1, 1)	(32, 4, 1)	lts__t_sectors_srcunit_tex_op_read_lookup_miss.sum	sector	0.0	3
shared	L0_UP_D3_SINGLE_L0_UP	0	GEMM	gemm_forward_4bit_cuda_m16n128k32(int, int, __half *, int *, __half *, int *, int, int, int, __half *)	(1184, 1, 1)	(32, 2, 1)	dram__bytes_read.sum	byte	34796672.0	3
shared	L0_UP_D3_SINGLE_L0_UP	1	REDUCTION	void at::reduce_kernel<128, 4, at::ReduceOp<c10::Half, at::func_wrapper_t<c10::Half, at::sum_functor<c10::Half, float, c10::Half>::operator ()(at::TensorIterator &)::[lambda(float, float) (instance 1)]>, unsigned int, c10::Half, 4>>(T3)	(37, 1, 1)	(32, 4, 1)	dram__bytes_read.sum	byte	384.0	3
shared	L0_UP_D3_SINGLE_L0_UP	0	GEMM	gemm_forward_4bit_cuda_m16n128k32(int, int, __half *, int *, __half *, int *, int, int, int, __half *)	(1184, 1, 1)	(32, 2, 1)	smsp__warp_issue_stalled_long_scoreboard_per_warp_active.pct	%	54.87	3
shared	L0_UP_D3_SINGLE_L0_UP	1	REDUCTION	void at::reduce_kernel<128, 4, at::ReduceOp<c10::Half, at::func_wrapper_t<c10::Half, at::sum_functor<c10::Half, float, c10::Half>::operator ()(at::TensorIterator &)::[lambda(float, float) (instance 1)]>, unsigned int, c10::Half, 4>>(T3)	(37, 1, 1)	(32, 4, 1)	smsp__warp_issue_stalled_long_scoreboard_per_warp_active.pct	%	8.59	3
shared	L0_UP_D3_SINGLE_L0_UP	0	GEMM	gemm_forward_4bit_cuda_m16n128k32(int, int, __half *, int *, __half *, int *, int, int, int, __half *)	(1184, 1, 1)	(32, 2, 1)	smsp__inst_executed_pipe_lsu.avg.pct_of_peak_sustained_active	%	5.72	3
shared	L0_UP_D3_SINGLE_L0_UP	1	REDUCTION	void at::reduce_kernel<128, 4, at::ReduceOp<c10::Half, at::func_wrapper_t<c10::Half, at::sum_functor<c10::Half, float, c10::Half>::operator ()(at::TensorIterator &)::[lambda(float, float) (instance 1)]>, unsigned int, c10::Half, 4>>(T3)	(37, 1, 1)	(32, 4, 1)	smsp__inst_executed_pipe_lsu.avg.pct_of_peak_sustained_active	%	0.39	3
shared	L0_UP_D3_SINGLE_L0_UP	0	GEMM	gemm_forward_4bit_cuda_m16n128k32(int, int, __half *, int *, __half *, int *, int, int, int, __half *)	(1184, 1, 1)	(32, 2, 1)	sm__warps_active.avg.pct_of_peak_sustained_active	%	32.81	3
shared	L0_UP_D3_SINGLE_L0_UP	1	REDUCTION	void at::reduce_kernel<128, 4, at::ReduceOp<c10::Half, at::func_wrapper_t<c10::Half, at::sum_functor<c10::Half, float, c10::Half>::operator ()(at::TensorIterator &)::[lambda(float, float) (instance 1)]>, unsigned int, c10::Half, 4>>(T3)	(37, 1, 1)	(32, 4, 1)	sm__warps_active.avg.pct_of_peak_sustained_active	%	8.32	3
shared	L14_UP_D3_ROTATE_CONTROL_3	0	GEMM	gemm_forward_4bit_cuda_m16n128k32(int, int, __half *, int *, __half *, int *, int, int, int, __half *)	(1184, 1, 1)	(32, 2, 1)	l1tex__t_bytes.sum	byte	46829568.0	3
shared	L14_UP_D3_ROTATE_CONTROL_3	1	REDUCTION	void at::reduce_kernel<128, 4, at::ReduceOp<c10::Half, at::func_wrapper_t<c10::Half, at::sum_functor<c10::Half, float, c10::Half>::operator ()(at::TensorIterator &)::[lambda(float, float) (instance 1)]>, unsigned int, c10::Half, 4>>(T3)	(37, 1, 1)	(32, 4, 1)	l1tex__t_bytes.sum	byte	454656.0	3
shared	L14_UP_D3_ROTATE_CONTROL_3	0	GEMM	gemm_forward_4bit_cuda_m16n128k32(int, int, __half *, int *, __half *, int *, int, int, int, __half *)	(1184, 1, 1)	(32, 2, 1)	lts__t_bytes.sum	byte	40738432.0	3
shared	L14_UP_D3_ROTATE_CONTROL_3	1	REDUCTION	void at::reduce_kernel<128, 4, at::ReduceOp<c10::Half, at::func_wrapper_t<c10::Half, at::sum_functor<c10::Half, float, c10::Half>::operator ()(at::TensorIterator &)::[lambda(float, float) (instance 1)]>, unsigned int, c10::Half, 4>>(T3)	(37, 1, 1)	(32, 4, 1)	lts__t_bytes.sum	byte	982304.0	3
shared	L14_UP_D3_ROTATE_CONTROL_3	0	GEMM	gemm_forward_4bit_cuda_m16n128k32(int, int, __half *, int *, __half *, int *, int, int, int, __half *)	(1184, 1, 1)	(32, 2, 1)	dram__bytes.sum	byte	45941248.0	3
shared	L14_UP_D3_ROTATE_CONTROL_3	1	REDUCTION	void at::reduce_kernel<128, 4, at::ReduceOp<c10::Half, at::func_wrapper_t<c10::Half, at::sum_functor<c10::Half, float, c10::Half>::operator ()(at::TensorIterator &)::[lambda(float, float) (instance 1)]>, unsigned int, c10::Half, 4>>(T3)	(37, 1, 1)	(32, 4, 1)	dram__bytes.sum	byte	896.0	3
shared	L14_UP_D3_ROTATE_CONTROL_3	0	GEMM	gemm_forward_4bit_cuda_m16n128k32(int, int, __half *, int *, __half *, int *, int, int, int, __half *)	(1184, 1, 1)	(32, 2, 1)	gpu__time_duration.sum	ns	76800.0	3
shared	L14_UP_D3_ROTATE_CONTROL_3	1	REDUCTION	void at::reduce_kernel<128, 4, at::ReduceOp<c10::Half, at::func_wrapper_t<c10::Half, at::sum_functor<c10::Half, float, c10::Half>::operator ()(at::TensorIterator &)::[lambda(float, float) (instance 1)]>, unsigned int, c10::Half, 4>>(T3)	(37, 1, 1)	(32, 4, 1)	gpu__time_duration.sum	ns	4512.0	3
shared	L14_UP_D3_ROTATE_CONTROL_3	0	GEMM	gemm_forward_4bit_cuda_m16n128k32(int, int, __half *, int *, __half *, int *, int, int, int, __half *)	(1184, 1, 1)	(32, 2, 1)	lts__t_sectors_srcunit_tex_op_read_lookup_hit.sum	sector	146520.0	3
shared	L14_UP_D3_ROTATE_CONTROL_3	1	REDUCTION	void at::reduce_kernel<128, 4, at::ReduceOp<c10::Half, at::func_wrapper_t<c10::Half, at::sum_functor<c10::Half, float, c10::Half>::operator ()(at::TensorIterator &)::[lambda(float, float) (instance 1)]>, unsigned int, c10::Half, 4>>(T3)	(37, 1, 1)	(32, 4, 1)	lts__t_sectors_srcunit_tex_op_read_lookup_hit.sum	sector	9472.0	3
shared	L14_UP_D3_ROTATE_CONTROL_3	0	GEMM	gemm_forward_4bit_cuda_m16n128k32(int, int, __half *, int *, __half *, int *, int, int, int, __half *)	(1184, 1, 1)	(32, 2, 1)	lts__t_sectors_srcunit_tex_op_read_lookup_miss.sum	sector	1102304.0	3
shared	L14_UP_D3_ROTATE_CONTROL_3	1	REDUCTION	void at::reduce_kernel<128, 4, at::ReduceOp<c10::Half, at::func_wrapper_t<c10::Half, at::sum_functor<c10::Half, float, c10::Half>::operator ()(at::TensorIterator &)::[lambda(float, float) (instance 1)]>, unsigned int, c10::Half, 4>>(T3)	(37, 1, 1)	(32, 4, 1)	lts__t_sectors_srcunit_tex_op_read_lookup_miss.sum	sector	0.0	3
shared	L14_UP_D3_ROTATE_CONTROL_3	0	GEMM	gemm_forward_4bit_cuda_m16n128k32(int, int, __half *, int *, __half *, int *, int, int, int, __half *)	(1184, 1, 1)	(32, 2, 1)	dram__bytes_read.sum	byte	35278976.0	3
shared	L14_UP_D3_ROTATE_CONTROL_3	1	REDUCTION	void at::reduce_kernel<128, 4, at::ReduceOp<c10::Half, at::func_wrapper_t<c10::Half, at::sum_functor<c10::Half, float, c10::Half>::operator ()(at::TensorIterator &)::[lambda(float, float) (instance 1)]>, unsigned int, c10::Half, 4>>(T3)	(37, 1, 1)	(32, 4, 1)	dram__bytes_read.sum	byte	896.0	3
shared	L14_UP_D3_ROTATE_CONTROL_3	0	GEMM	gemm_forward_4bit_cuda_m16n128k32(int, int, __half *, int *, __half *, int *, int, int, int, __half *)	(1184, 1, 1)	(32, 2, 1)	smsp__warp_issue_stalled_long_scoreboard_per_warp_active.pct	%	60.66	3
shared	L14_UP_D3_ROTATE_CONTROL_3	1	REDUCTION	void at::reduce_kernel<128, 4, at::ReduceOp<c10::Half, at::func_wrapper_t<c10::Half, at::sum_functor<c10::Half, float, c10::Half>::operator ()(at::TensorIterator &)::[lambda(float, float) (instance 1)]>, unsigned int, c10::Half, 4>>(T3)	(37, 1, 1)	(32, 4, 1)	smsp__warp_issue_stalled_long_scoreboard_per_warp_active.pct	%	8.62	3
shared	L14_UP_D3_ROTATE_CONTROL_3	0	GEMM	gemm_forward_4bit_cuda_m16n128k32(int, int, __half *, int *, __half *, int *, int, int, int, __half *)	(1184, 1, 1)	(32, 2, 1)	smsp__inst_executed_pipe_lsu.avg.pct_of_peak_sustained_active	%	4.59	3
shared	L14_UP_D3_ROTATE_CONTROL_3	1	REDUCTION	void at::reduce_kernel<128, 4, at::ReduceOp<c10::Half, at::func_wrapper_t<c10::Half, at::sum_functor<c10::Half, float, c10::Half>::operator ()(at::TensorIterator &)::[lambda(float, float) (instance 1)]>, unsigned int, c10::Half, 4>>(T3)	(37, 1, 1)	(32, 4, 1)	smsp__inst_executed_pipe_lsu.avg.pct_of_peak_sustained_active	%	0.39	3
shared	L14_UP_D3_ROTATE_CONTROL_3	0	GEMM	gemm_forward_4bit_cuda_m16n128k32(int, int, __half *, int *, __half *, int *, int, int, int, __half *)	(1184, 1, 1)	(32, 2, 1)	sm__warps_active.avg.pct_of_peak_sustained_active	%	33.47	3
shared	L14_UP_D3_ROTATE_CONTROL_3	1	REDUCTION	void at::reduce_kernel<128, 4, at::ReduceOp<c10::Half, at::func_wrapper_t<c10::Half, at::sum_functor<c10::Half, float, c10::Half>::operator ()(at::TensorIterator &)::[lambda(float, float) (instance 1)]>, unsigned int, c10::Half, 4>>(T3)	(37, 1, 1)	(32, 4, 1)	sm__warps_active.avg.pct_of_peak_sustained_active	%	8.32	3
shared	L14_UP_D3_SETASIDE_ONLY	0	GEMM	gemm_forward_4bit_cuda_m16n128k32(int, int, __half *, int *, __half *, int *, int, int, int, __half *)	(1184, 1, 1)	(32, 2, 1)	l1tex__t_bytes.sum	byte	46829568.0	3
shared	L14_UP_D3_SETASIDE_ONLY	1	REDUCTION	void at::reduce_kernel<128, 4, at::ReduceOp<c10::Half, at::func_wrapper_t<c10::Half, at::sum_functor<c10::Half, float, c10::Half>::operator ()(at::TensorIterator &)::[lambda(float, float) (instance 1)]>, unsigned int, c10::Half, 4>>(T3)	(37, 1, 1)	(32, 4, 1)	l1tex__t_bytes.sum	byte	454656.0	3
shared	L14_UP_D3_SETASIDE_ONLY	0	GEMM	gemm_forward_4bit_cuda_m16n128k32(int, int, __half *, int *, __half *, int *, int, int, int, __half *)	(1184, 1, 1)	(32, 2, 1)	lts__t_bytes.sum	byte	40753216.0	3
shared	L14_UP_D3_SETASIDE_ONLY	1	REDUCTION	void at::reduce_kernel<128, 4, at::ReduceOp<c10::Half, at::func_wrapper_t<c10::Half, at::sum_functor<c10::Half, float, c10::Half>::operator ()(at::TensorIterator &)::[lambda(float, float) (instance 1)]>, unsigned int, c10::Half, 4>>(T3)	(37, 1, 1)	(32, 4, 1)	lts__t_bytes.sum	byte	982368.0	3
shared	L14_UP_D3_SETASIDE_ONLY	0	GEMM	gemm_forward_4bit_cuda_m16n128k32(int, int, __half *, int *, __half *, int *, int, int, int, __half *)	(1184, 1, 1)	(32, 2, 1)	dram__bytes.sum	byte	45912192.0	3
shared	L14_UP_D3_SETASIDE_ONLY	1	REDUCTION	void at::reduce_kernel<128, 4, at::ReduceOp<c10::Half, at::func_wrapper_t<c10::Half, at::sum_functor<c10::Half, float, c10::Half>::operator ()(at::TensorIterator &)::[lambda(float, float) (instance 1)]>, unsigned int, c10::Half, 4>>(T3)	(37, 1, 1)	(32, 4, 1)	dram__bytes.sum	byte	896.0	3
shared	L14_UP_D3_SETASIDE_ONLY	0	GEMM	gemm_forward_4bit_cuda_m16n128k32(int, int, __half *, int *, __half *, int *, int, int, int, __half *)	(1184, 1, 1)	(32, 2, 1)	gpu__time_duration.sum	ns	76800.0	3
shared	L14_UP_D3_SETASIDE_ONLY	1	REDUCTION	void at::reduce_kernel<128, 4, at::ReduceOp<c10::Half, at::func_wrapper_t<c10::Half, at::sum_functor<c10::Half, float, c10::Half>::operator ()(at::TensorIterator &)::[lambda(float, float) (instance 1)]>, unsigned int, c10::Half, 4>>(T3)	(37, 1, 1)	(32, 4, 1)	gpu__time_duration.sum	ns	4576.0	3
shared	L14_UP_D3_SETASIDE_ONLY	0	GEMM	gemm_forward_4bit_cuda_m16n128k32(int, int, __half *, int *, __half *, int *, int, int, int, __half *)	(1184, 1, 1)	(32, 2, 1)	lts__t_sectors_srcunit_tex_op_read_lookup_hit.sum	sector	147024.0	3
shared	L14_UP_D3_SETASIDE_ONLY	1	REDUCTION	void at::reduce_kernel<128, 4, at::ReduceOp<c10::Half, at::func_wrapper_t<c10::Half, at::sum_functor<c10::Half, float, c10::Half>::operator ()(at::TensorIterator &)::[lambda(float, float) (instance 1)]>, unsigned int, c10::Half, 4>>(T3)	(37, 1, 1)	(32, 4, 1)	lts__t_sectors_srcunit_tex_op_read_lookup_hit.sum	sector	9472.0	3
shared	L14_UP_D3_SETASIDE_ONLY	0	GEMM	gemm_forward_4bit_cuda_m16n128k32(int, int, __half *, int *, __half *, int *, int, int, int, __half *)	(1184, 1, 1)	(32, 2, 1)	lts__t_sectors_srcunit_tex_op_read_lookup_miss.sum	sector	1102304.0	3
shared	L14_UP_D3_SETASIDE_ONLY	1	REDUCTION	void at::reduce_kernel<128, 4, at::ReduceOp<c10::Half, at::func_wrapper_t<c10::Half, at::sum_functor<c10::Half, float, c10::Half>::operator ()(at::TensorIterator &)::[lambda(float, float) (instance 1)]>, unsigned int, c10::Half, 4>>(T3)	(37, 1, 1)	(32, 4, 1)	lts__t_sectors_srcunit_tex_op_read_lookup_miss.sum	sector	0.0	3
shared	L14_UP_D3_SETASIDE_ONLY	0	GEMM	gemm_forward_4bit_cuda_m16n128k32(int, int, __half *, int *, __half *, int *, int, int, int, __half *)	(1184, 1, 1)	(32, 2, 1)	dram__bytes_read.sum	byte	35279872.0	3
shared	L14_UP_D3_SETASIDE_ONLY	1	REDUCTION	void at::reduce_kernel<128, 4, at::ReduceOp<c10::Half, at::func_wrapper_t<c10::Half, at::sum_functor<c10::Half, float, c10::Half>::operator ()(at::TensorIterator &)::[lambda(float, float) (instance 1)]>, unsigned int, c10::Half, 4>>(T3)	(37, 1, 1)	(32, 4, 1)	dram__bytes_read.sum	byte	896.0	3
shared	L14_UP_D3_SETASIDE_ONLY	0	GEMM	gemm_forward_4bit_cuda_m16n128k32(int, int, __half *, int *, __half *, int *, int, int, int, __half *)	(1184, 1, 1)	(32, 2, 1)	smsp__warp_issue_stalled_long_scoreboard_per_warp_active.pct	%	60.51	3
shared	L14_UP_D3_SETASIDE_ONLY	1	REDUCTION	void at::reduce_kernel<128, 4, at::ReduceOp<c10::Half, at::func_wrapper_t<c10::Half, at::sum_functor<c10::Half, float, c10::Half>::operator ()(at::TensorIterator &)::[lambda(float, float) (instance 1)]>, unsigned int, c10::Half, 4>>(T3)	(37, 1, 1)	(32, 4, 1)	smsp__warp_issue_stalled_long_scoreboard_per_warp_active.pct	%	8.48	3
shared	L14_UP_D3_SETASIDE_ONLY	0	GEMM	gemm_forward_4bit_cuda_m16n128k32(int, int, __half *, int *, __half *, int *, int, int, int, __half *)	(1184, 1, 1)	(32, 2, 1)	smsp__inst_executed_pipe_lsu.avg.pct_of_peak_sustained_active	%	4.59	3
shared	L14_UP_D3_SETASIDE_ONLY	1	REDUCTION	void at::reduce_kernel<128, 4, at::ReduceOp<c10::Half, at::func_wrapper_t<c10::Half, at::sum_functor<c10::Half, float, c10::Half>::operator ()(at::TensorIterator &)::[lambda(float, float) (instance 1)]>, unsigned int, c10::Half, 4>>(T3)	(37, 1, 1)	(32, 4, 1)	smsp__inst_executed_pipe_lsu.avg.pct_of_peak_sustained_active	%	0.39	3
shared	L14_UP_D3_SETASIDE_ONLY	0	GEMM	gemm_forward_4bit_cuda_m16n128k32(int, int, __half *, int *, __half *, int *, int, int, int, __half *)	(1184, 1, 1)	(32, 2, 1)	sm__warps_active.avg.pct_of_peak_sustained_active	%	33.42	3
shared	L14_UP_D3_SETASIDE_ONLY	1	REDUCTION	void at::reduce_kernel<128, 4, at::ReduceOp<c10::Half, at::func_wrapper_t<c10::Half, at::sum_functor<c10::Half, float, c10::Half>::operator ()(at::TensorIterator &)::[lambda(float, float) (instance 1)]>, unsigned int, c10::Half, 4>>(T3)	(37, 1, 1)	(32, 4, 1)	sm__warps_active.avg.pct_of_peak_sustained_active	%	8.32	3
shared	L14_UP_D3_SHARE2_UP	0	GEMM	gemm_forward_4bit_cuda_m16n128k32(int, int, __half *, int *, __half *, int *, int, int, int, __half *)	(1184, 1, 1)	(32, 2, 1)	l1tex__t_bytes.sum	byte	46829568.0	3
shared	L14_UP_D3_SHARE2_UP	1	REDUCTION	void at::reduce_kernel<128, 4, at::ReduceOp<c10::Half, at::func_wrapper_t<c10::Half, at::sum_functor<c10::Half, float, c10::Half>::operator ()(at::TensorIterator &)::[lambda(float, float) (instance 1)]>, unsigned int, c10::Half, 4>>(T3)	(37, 1, 1)	(32, 4, 1)	l1tex__t_bytes.sum	byte	454656.0	3
shared	L14_UP_D3_SHARE2_UP	0	GEMM	gemm_forward_4bit_cuda_m16n128k32(int, int, __half *, int *, __half *, int *, int, int, int, __half *)	(1184, 1, 1)	(32, 2, 1)	lts__t_bytes.sum	byte	40732352.0	3
shared	L14_UP_D3_SHARE2_UP	1	REDUCTION	void at::reduce_kernel<128, 4, at::ReduceOp<c10::Half, at::func_wrapper_t<c10::Half, at::sum_functor<c10::Half, float, c10::Half>::operator ()(at::TensorIterator &)::[lambda(float, float) (instance 1)]>, unsigned int, c10::Half, 4>>(T3)	(37, 1, 1)	(32, 4, 1)	lts__t_bytes.sum	byte	986464.0	3
shared	L14_UP_D3_SHARE2_UP	0	GEMM	gemm_forward_4bit_cuda_m16n128k32(int, int, __half *, int *, __half *, int *, int, int, int, __half *)	(1184, 1, 1)	(32, 2, 1)	dram__bytes.sum	byte	33312256.0	3
shared	L14_UP_D3_SHARE2_UP	1	REDUCTION	void at::reduce_kernel<128, 4, at::ReduceOp<c10::Half, at::func_wrapper_t<c10::Half, at::sum_functor<c10::Half, float, c10::Half>::operator ()(at::TensorIterator &)::[lambda(float, float) (instance 1)]>, unsigned int, c10::Half, 4>>(T3)	(37, 1, 1)	(32, 4, 1)	dram__bytes.sum	byte	896.0	3
shared	L14_UP_D3_SHARE2_UP	0	GEMM	gemm_forward_4bit_cuda_m16n128k32(int, int, __half *, int *, __half *, int *, int, int, int, __half *)	(1184, 1, 1)	(32, 2, 1)	gpu__time_duration.sum	ns	56512.0	3
shared	L14_UP_D3_SHARE2_UP	1	REDUCTION	void at::reduce_kernel<128, 4, at::ReduceOp<c10::Half, at::func_wrapper_t<c10::Half, at::sum_functor<c10::Half, float, c10::Half>::operator ()(at::TensorIterator &)::[lambda(float, float) (instance 1)]>, unsigned int, c10::Half, 4>>(T3)	(37, 1, 1)	(32, 4, 1)	gpu__time_duration.sum	ns	4544.0	3
shared	L14_UP_D3_SHARE2_UP	0	GEMM	gemm_forward_4bit_cuda_m16n128k32(int, int, __half *, int *, __half *, int *, int, int, int, __half *)	(1184, 1, 1)	(32, 2, 1)	lts__t_sectors_srcunit_tex_op_read_lookup_hit.sum	sector	208060.0	3
shared	L14_UP_D3_SHARE2_UP	1	REDUCTION	void at::reduce_kernel<128, 4, at::ReduceOp<c10::Half, at::func_wrapper_t<c10::Half, at::sum_functor<c10::Half, float, c10::Half>::operator ()(at::TensorIterator &)::[lambda(float, float) (instance 1)]>, unsigned int, c10::Half, 4>>(T3)	(37, 1, 1)	(32, 4, 1)	lts__t_sectors_srcunit_tex_op_read_lookup_hit.sum	sector	9472.0	3
shared	L14_UP_D3_SHARE2_UP	0	GEMM	gemm_forward_4bit_cuda_m16n128k32(int, int, __half *, int *, __half *, int *, int, int, int, __half *)	(1184, 1, 1)	(32, 2, 1)	lts__t_sectors_srcunit_tex_op_read_lookup_miss.sum	sector	1040464.0	3
shared	L14_UP_D3_SHARE2_UP	1	REDUCTION	void at::reduce_kernel<128, 4, at::ReduceOp<c10::Half, at::func_wrapper_t<c10::Half, at::sum_functor<c10::Half, float, c10::Half>::operator ()(at::TensorIterator &)::[lambda(float, float) (instance 1)]>, unsigned int, c10::Half, 4>>(T3)	(37, 1, 1)	(32, 4, 1)	lts__t_sectors_srcunit_tex_op_read_lookup_miss.sum	sector	0.0	3
shared	L14_UP_D3_SHARE2_UP	0	GEMM	gemm_forward_4bit_cuda_m16n128k32(int, int, __half *, int *, __half *, int *, int, int, int, __half *)	(1184, 1, 1)	(32, 2, 1)	dram__bytes_read.sum	byte	33312000.0	3
shared	L14_UP_D3_SHARE2_UP	1	REDUCTION	void at::reduce_kernel<128, 4, at::ReduceOp<c10::Half, at::func_wrapper_t<c10::Half, at::sum_functor<c10::Half, float, c10::Half>::operator ()(at::TensorIterator &)::[lambda(float, float) (instance 1)]>, unsigned int, c10::Half, 4>>(T3)	(37, 1, 1)	(32, 4, 1)	dram__bytes_read.sum	byte	896.0	3
shared	L14_UP_D3_SHARE2_UP	0	GEMM	gemm_forward_4bit_cuda_m16n128k32(int, int, __half *, int *, __half *, int *, int, int, int, __half *)	(1184, 1, 1)	(32, 2, 1)	smsp__warp_issue_stalled_long_scoreboard_per_warp_active.pct	%	51.82	3
shared	L14_UP_D3_SHARE2_UP	1	REDUCTION	void at::reduce_kernel<128, 4, at::ReduceOp<c10::Half, at::func_wrapper_t<c10::Half, at::sum_functor<c10::Half, float, c10::Half>::operator ()(at::TensorIterator &)::[lambda(float, float) (instance 1)]>, unsigned int, c10::Half, 4>>(T3)	(37, 1, 1)	(32, 4, 1)	smsp__warp_issue_stalled_long_scoreboard_per_warp_active.pct	%	8.59	3
shared	L14_UP_D3_SHARE2_UP	0	GEMM	gemm_forward_4bit_cuda_m16n128k32(int, int, __half *, int *, __half *, int *, int, int, int, __half *)	(1184, 1, 1)	(32, 2, 1)	smsp__inst_executed_pipe_lsu.avg.pct_of_peak_sustained_active	%	6.36	3
shared	L14_UP_D3_SHARE2_UP	1	REDUCTION	void at::reduce_kernel<128, 4, at::ReduceOp<c10::Half, at::func_wrapper_t<c10::Half, at::sum_functor<c10::Half, float, c10::Half>::operator ()(at::TensorIterator &)::[lambda(float, float) (instance 1)]>, unsigned int, c10::Half, 4>>(T3)	(37, 1, 1)	(32, 4, 1)	smsp__inst_executed_pipe_lsu.avg.pct_of_peak_sustained_active	%	0.39	3
shared	L14_UP_D3_SHARE2_UP	0	GEMM	gemm_forward_4bit_cuda_m16n128k32(int, int, __half *, int *, __half *, int *, int, int, int, __half *)	(1184, 1, 1)	(32, 2, 1)	sm__warps_active.avg.pct_of_peak_sustained_active	%	32.9	3
shared	L14_UP_D3_SHARE2_UP	1	REDUCTION	void at::reduce_kernel<128, 4, at::ReduceOp<c10::Half, at::func_wrapper_t<c10::Half, at::sum_functor<c10::Half, float, c10::Half>::operator ()(at::TensorIterator &)::[lambda(float, float) (instance 1)]>, unsigned int, c10::Half, 4>>(T3)	(37, 1, 1)	(32, 4, 1)	sm__warps_active.avg.pct_of_peak_sustained_active	%	8.32	3
shared	L14_UP_D3_SHARE3	0	GEMM	gemm_forward_4bit_cuda_m16n128k32(int, int, __half *, int *, __half *, int *, int, int, int, __half *)	(1184, 1, 1)	(32, 2, 1)	l1tex__t_bytes.sum	byte	46829568.0	3
shared	L14_UP_D3_SHARE3	1	REDUCTION	void at::reduce_kernel<128, 4, at::ReduceOp<c10::Half, at::func_wrapper_t<c10::Half, at::sum_functor<c10::Half, float, c10::Half>::operator ()(at::TensorIterator &)::[lambda(float, float) (instance 1)]>, unsigned int, c10::Half, 4>>(T3)	(37, 1, 1)	(32, 4, 1)	l1tex__t_bytes.sum	byte	454656.0	3
shared	L14_UP_D3_SHARE3	0	GEMM	gemm_forward_4bit_cuda_m16n128k32(int, int, __half *, int *, __half *, int *, int, int, int, __half *)	(1184, 1, 1)	(32, 2, 1)	lts__t_bytes.sum	byte	40708224.0	3
shared	L14_UP_D3_SHARE3	1	REDUCTION	void at::reduce_kernel<128, 4, at::ReduceOp<c10::Half, at::func_wrapper_t<c10::Half, at::sum_functor<c10::Half, float, c10::Half>::operator ()(at::TensorIterator &)::[lambda(float, float) (instance 1)]>, unsigned int, c10::Half, 4>>(T3)	(37, 1, 1)	(32, 4, 1)	lts__t_bytes.sum	byte	984960.0	3
shared	L14_UP_D3_SHARE3	0	GEMM	gemm_forward_4bit_cuda_m16n128k32(int, int, __half *, int *, __half *, int *, int, int, int, __half *)	(1184, 1, 1)	(32, 2, 1)	dram__bytes.sum	byte	34667904.0	3
shared	L14_UP_D3_SHARE3	1	REDUCTION	void at::reduce_kernel<128, 4, at::ReduceOp<c10::Half, at::func_wrapper_t<c10::Half, at::sum_functor<c10::Half, float, c10::Half>::operator ()(at::TensorIterator &)::[lambda(float, float) (instance 1)]>, unsigned int, c10::Half, 4>>(T3)	(37, 1, 1)	(32, 4, 1)	dram__bytes.sum	byte	640.0	3
shared	L14_UP_D3_SHARE3	0	GEMM	gemm_forward_4bit_cuda_m16n128k32(int, int, __half *, int *, __half *, int *, int, int, int, __half *)	(1184, 1, 1)	(32, 2, 1)	gpu__time_duration.sum	ns	58656.0	3
shared	L14_UP_D3_SHARE3	1	REDUCTION	void at::reduce_kernel<128, 4, at::ReduceOp<c10::Half, at::func_wrapper_t<c10::Half, at::sum_functor<c10::Half, float, c10::Half>::operator ()(at::TensorIterator &)::[lambda(float, float) (instance 1)]>, unsigned int, c10::Half, 4>>(T3)	(37, 1, 1)	(32, 4, 1)	gpu__time_duration.sum	ns	4704.0	3
shared	L14_UP_D3_SHARE3	0	GEMM	gemm_forward_4bit_cuda_m16n128k32(int, int, __half *, int *, __half *, int *, int, int, int, __half *)	(1184, 1, 1)	(32, 2, 1)	lts__t_sectors_srcunit_tex_op_read_lookup_hit.sum	sector	165046.0	3
shared	L14_UP_D3_SHARE3	1	REDUCTION	void at::reduce_kernel<128, 4, at::ReduceOp<c10::Half, at::func_wrapper_t<c10::Half, at::sum_functor<c10::Half, float, c10::Half>::operator ()(at::TensorIterator &)::[lambda(float, float) (instance 1)]>, unsigned int, c10::Half, 4>>(T3)	(37, 1, 1)	(32, 4, 1)	lts__t_sectors_srcunit_tex_op_read_lookup_hit.sum	sector	9472.0	3
shared	L14_UP_D3_SHARE3	0	GEMM	gemm_forward_4bit_cuda_m16n128k32(int, int, __half *, int *, __half *, int *, int, int, int, __half *)	(1184, 1, 1)	(32, 2, 1)	lts__t_sectors_srcunit_tex_op_read_lookup_miss.sum	sector	1082500.0	3
shared	L14_UP_D3_SHARE3	1	REDUCTION	void at::reduce_kernel<128, 4, at::ReduceOp<c10::Half, at::func_wrapper_t<c10::Half, at::sum_functor<c10::Half, float, c10::Half>::operator ()(at::TensorIterator &)::[lambda(float, float) (instance 1)]>, unsigned int, c10::Half, 4>>(T3)	(37, 1, 1)	(32, 4, 1)	lts__t_sectors_srcunit_tex_op_read_lookup_miss.sum	sector	0.0	3
shared	L14_UP_D3_SHARE3	0	GEMM	gemm_forward_4bit_cuda_m16n128k32(int, int, __half *, int *, __half *, int *, int, int, int, __half *)	(1184, 1, 1)	(32, 2, 1)	dram__bytes_read.sum	byte	34667904.0	3
shared	L14_UP_D3_SHARE3	1	REDUCTION	void at::reduce_kernel<128, 4, at::ReduceOp<c10::Half, at::func_wrapper_t<c10::Half, at::sum_functor<c10::Half, float, c10::Half>::operator ()(at::TensorIterator &)::[lambda(float, float) (instance 1)]>, unsigned int, c10::Half, 4>>(T3)	(37, 1, 1)	(32, 4, 1)	dram__bytes_read.sum	byte	640.0	3
shared	L14_UP_D3_SHARE3	0	GEMM	gemm_forward_4bit_cuda_m16n128k32(int, int, __half *, int *, __half *, int *, int, int, int, __half *)	(1184, 1, 1)	(32, 2, 1)	smsp__warp_issue_stalled_long_scoreboard_per_warp_active.pct	%	53.6	3
shared	L14_UP_D3_SHARE3	1	REDUCTION	void at::reduce_kernel<128, 4, at::ReduceOp<c10::Half, at::func_wrapper_t<c10::Half, at::sum_functor<c10::Half, float, c10::Half>::operator ()(at::TensorIterator &)::[lambda(float, float) (instance 1)]>, unsigned int, c10::Half, 4>>(T3)	(37, 1, 1)	(32, 4, 1)	smsp__warp_issue_stalled_long_scoreboard_per_warp_active.pct	%	8.41	3
shared	L14_UP_D3_SHARE3	0	GEMM	gemm_forward_4bit_cuda_m16n128k32(int, int, __half *, int *, __half *, int *, int, int, int, __half *)	(1184, 1, 1)	(32, 2, 1)	smsp__inst_executed_pipe_lsu.avg.pct_of_peak_sustained_active	%	6.14	3
shared	L14_UP_D3_SHARE3	1	REDUCTION	void at::reduce_kernel<128, 4, at::ReduceOp<c10::Half, at::func_wrapper_t<c10::Half, at::sum_functor<c10::Half, float, c10::Half>::operator ()(at::TensorIterator &)::[lambda(float, float) (instance 1)]>, unsigned int, c10::Half, 4>>(T3)	(37, 1, 1)	(32, 4, 1)	smsp__inst_executed_pipe_lsu.avg.pct_of_peak_sustained_active	%	0.39	3
shared	L14_UP_D3_SHARE3	0	GEMM	gemm_forward_4bit_cuda_m16n128k32(int, int, __half *, int *, __half *, int *, int, int, int, __half *)	(1184, 1, 1)	(32, 2, 1)	sm__warps_active.avg.pct_of_peak_sustained_active	%	32.98	3
shared	L14_UP_D3_SHARE3	1	REDUCTION	void at::reduce_kernel<128, 4, at::ReduceOp<c10::Half, at::func_wrapper_t<c10::Half, at::sum_functor<c10::Half, float, c10::Half>::operator ()(at::TensorIterator &)::[lambda(float, float) (instance 1)]>, unsigned int, c10::Half, 4>>(T3)	(37, 1, 1)	(32, 4, 1)	sm__warps_active.avg.pct_of_peak_sustained_active	%	8.32	3
