evidence_label	roi	index	partial	trace	result
SPECULATIVE_DIAGNOSTIC	prefill	0	/workspace/vm-spec-farm/analysis/b1-prefill-stream-full-v2/partials/00000.pkl.xz	kernel-735-ctx_0x55f2413c4de0.traceg.xz	PASS
SPECULATIVE_DIAGNOSTIC	prefill	1	/workspace/vm-spec-farm/analysis/b1-prefill-stream-full-v2/partials/00001.pkl.xz	kernel-736-ctx_0x55f2413c4de0.traceg.xz	PASS
SPECULATIVE_DIAGNOSTIC	prefill	2	/workspace/vm-spec-farm/analysis/b1-prefill-stream-full-v2/partials/00002.pkl.xz	kernel-737-ctx_0x55f2413c4de0.traceg.xz	PASS
SPECULATIVE_DIAGNOSTIC	prefill	3	/workspace/vm-spec-farm/analysis/b1-prefill-stream-full-v2/partials/00003.pkl.xz	kernel-738-ctx_0x55f2413c4de0.traceg.xz	PASS
SPECULATIVE_DIAGNOSTIC	prefill	4	/workspace/vm-spec-farm/analysis/b1-prefill-stream-full-v2/partials/00004.pkl.xz	kernel-739-ctx_0x55f2413c4de0.traceg.xz	PASS
SPECULATIVE_DIAGNOSTIC	prefill	5	/workspace/vm-spec-farm/analysis/b1-prefill-stream-full-v2/partials/00005.pkl.xz	kernel-740-ctx_0x55f2413c4de0.traceg.xz	PASS
SPECULATIVE_DIAGNOSTIC	prefill	6	/workspace/vm-spec-farm/analysis/b1-prefill-stream-full-v2/partials/00006.pkl.xz	kernel-741-ctx_0x55f2413c4de0.traceg.xz	PASS
SPECULATIVE_DIAGNOSTIC	prefill	7	/workspace/vm-spec-farm/analysis/b1-prefill-stream-full-v2/partials/00007.pkl.xz	kernel-742-ctx_0x55f2413c4de0.traceg.xz	PASS
SPECULATIVE_DIAGNOSTIC	prefill	8	/workspace/vm-spec-farm/analysis/b1-prefill-stream-full-v2/partials/00008.pkl.xz	kernel-743-ctx_0x55f2413c4de0.traceg.xz	PASS
SPECULATIVE_DIAGNOSTIC	prefill	9	/workspace/vm-spec-farm/analysis/b1-prefill-stream-full-v2/partials/00009.pkl.xz	kernel-744-ctx_0x55f2413c4de0.traceg.xz	PASS
SPECULATIVE_DIAGNOSTIC	prefill	10	/workspace/vm-spec-farm/analysis/b1-prefill-stream-full-v2/partials/00010.pkl.xz	kernel-745-ctx_0x55f2413c4de0.traceg.xz	PASS
SPECULATIVE_DIAGNOSTIC	prefill	11	/workspace/vm-spec-farm/analysis/b1-prefill-stream-full-v2/partials/00011.pkl.xz	kernel-746-ctx_0x55f2413c4de0.traceg.xz	PASS
SPECULATIVE_DIAGNOSTIC	prefill	12	/workspace/vm-spec-farm/analysis/b1-prefill-stream-full-v2/partials/00012.pkl.xz	kernel-747-ctx_0x55f2413c4de0.traceg.xz	PASS
SPECULATIVE_DIAGNOSTIC	prefill	13	/workspace/vm-spec-farm/analysis/b1-prefill-stream-full-v2/partials/00013.pkl.xz	kernel-748-ctx_0x55f2413c4de0.traceg.xz	PASS
SPECULATIVE_DIAGNOSTIC	prefill	14	/workspace/vm-spec-farm/analysis/b1-prefill-stream-full-v2/partials/00014.pkl.xz	kernel-749-ctx_0x55f2413c4de0.traceg.xz	PASS
SPECULATIVE_DIAGNOSTIC	prefill	15	/workspace/vm-spec-farm/analysis/b1-prefill-stream-full-v2/partials/00015.pkl.xz	kernel-750-ctx_0x55f2413c4de0.traceg.xz	PASS
SPECULATIVE_DIAGNOSTIC	prefill	16	/workspace/vm-spec-farm/analysis/b1-prefill-stream-full-v2/partials/00016.pkl.xz	kernel-751-ctx_0x55f2413c4de0.traceg.xz	PASS
SPECULATIVE_DIAGNOSTIC	prefill	17	/workspace/vm-spec-farm/analysis/b1-prefill-stream-full-v2/partials/00017.pkl.xz	kernel-752-ctx_0x55f2413c4de0.traceg.xz	PASS
SPECULATIVE_DIAGNOSTIC	prefill	18	/workspace/vm-spec-farm/analysis/b1-prefill-stream-full-v2/partials/00018.pkl.xz	kernel-753-ctx_0x55f2413c4de0.traceg.xz	PASS
SPECULATIVE_DIAGNOSTIC	prefill	19	/workspace/vm-spec-farm/analysis/b1-prefill-stream-full-v2/partials/00019.pkl.xz	kernel-754-ctx_0x55f2413c4de0.traceg.xz	PASS
SPECULATIVE_DIAGNOSTIC	prefill	20	/workspace/vm-spec-farm/analysis/b1-prefill-stream-full-v2/partials/00020.pkl.xz	kernel-755-ctx_0x55f2413c4de0.traceg.xz	PASS
SPECULATIVE_DIAGNOSTIC	prefill	21	/workspace/vm-spec-farm/analysis/b1-prefill-stream-full-v2/partials/00021.pkl.xz	kernel-756-ctx_0x55f2413c4de0.traceg.xz	PASS
SPECULATIVE_DIAGNOSTIC	prefill	22	/workspace/vm-spec-farm/analysis/b1-prefill-stream-full-v2/partials/00022.pkl.xz	kernel-757-ctx_0x55f2413c4de0.traceg.xz	PASS
SPECULATIVE_DIAGNOSTIC	prefill	23	/workspace/vm-spec-farm/analysis/b1-prefill-stream-full-v2/partials/00023.pkl.xz	kernel-758-ctx_0x55f2413c4de0.traceg.xz	PASS
SPECULATIVE_DIAGNOSTIC	prefill	24	/workspace/vm-spec-farm/analysis/b1-prefill-stream-full-v2/partials/00024.pkl.xz	kernel-759-ctx_0x55f2413c4de0.traceg.xz	PASS
SPECULATIVE_DIAGNOSTIC	prefill	25	/workspace/vm-spec-farm/analysis/b1-prefill-stream-full-v2/partials/00025.pkl.xz	kernel-760-ctx_0x55f2413c4de0.traceg.xz	PASS
SPECULATIVE_DIAGNOSTIC	prefill	26	/workspace/vm-spec-farm/analysis/b1-prefill-stream-full-v2/partials/00026.pkl.xz	kernel-761-ctx_0x55f2413c4de0.traceg.xz	PASS
SPECULATIVE_DIAGNOSTIC	prefill	27	/workspace/vm-spec-farm/analysis/b1-prefill-stream-full-v2/partials/00027.pkl.xz	kernel-762-ctx_0x55f2413c4de0.traceg.xz	PASS
SPECULATIVE_DIAGNOSTIC	prefill	28	/workspace/vm-spec-farm/analysis/b1-prefill-stream-full-v2/partials/00028.pkl.xz	kernel-763-ctx_0x55f2413c4de0.traceg.xz	PASS
SPECULATIVE_DIAGNOSTIC	prefill	29	/workspace/vm-spec-farm/analysis/b1-prefill-stream-full-v2/partials/00029.pkl.xz	kernel-764-ctx_0x55f2413c4de0.traceg.xz	PASS
SPECULATIVE_DIAGNOSTIC	prefill	30	/workspace/vm-spec-farm/analysis/b1-prefill-stream-full-v2/partials/00030.pkl.xz	kernel-765-ctx_0x55f2413c4de0.traceg.xz	PASS
SPECULATIVE_DIAGNOSTIC	prefill	31	/workspace/vm-spec-farm/analysis/b1-prefill-stream-full-v2/partials/00031.pkl.xz	kernel-766-ctx_0x55f2413c4de0.traceg.xz	PASS
SPECULATIVE_DIAGNOSTIC	prefill	32	/workspace/vm-spec-farm/analysis/b1-prefill-stream-full-v2/partials/00032.pkl.xz	kernel-767-ctx_0x55f2413c4de0.traceg.xz	PASS
SPECULATIVE_DIAGNOSTIC	prefill	33	/workspace/vm-spec-farm/analysis/b1-prefill-stream-full-v2/partials/00033.pkl.xz	kernel-768-ctx_0x55f2413c4de0.traceg.xz	PASS
SPECULATIVE_DIAGNOSTIC	prefill	34	/workspace/vm-spec-farm/analysis/b1-prefill-stream-full-v2/partials/00034.pkl.xz	kernel-769-ctx_0x55f2413c4de0.traceg.xz	PASS
SPECULATIVE_DIAGNOSTIC	prefill	35	/workspace/vm-spec-farm/analysis/b1-prefill-stream-full-v2/partials/00035.pkl.xz	kernel-770-ctx_0x55f2413c4de0.traceg.xz	PASS
SPECULATIVE_DIAGNOSTIC	prefill	36	/workspace/vm-spec-farm/analysis/b1-prefill-stream-full-v2/partials/00036.pkl.xz	kernel-771-ctx_0x55f2413c4de0.traceg.xz	PASS
SPECULATIVE_DIAGNOSTIC	prefill	37	/workspace/vm-spec-farm/analysis/b1-prefill-stream-full-v2/partials/00037.pkl.xz	kernel-772-ctx_0x55f2413c4de0.traceg.xz	PASS
SPECULATIVE_DIAGNOSTIC	prefill	38	/workspace/vm-spec-farm/analysis/b1-prefill-stream-full-v2/partials/00038.pkl.xz	kernel-774-ctx_0x55f2413c4de0.traceg.xz	PASS
SPECULATIVE_DIAGNOSTIC	prefill	39	/workspace/vm-spec-farm/analysis/b1-prefill-stream-full-v2/partials/00039.pkl.xz	kernel-775-ctx_0x55f2413c4de0.traceg.xz	PASS
SPECULATIVE_DIAGNOSTIC	prefill	40	/workspace/vm-spec-farm/analysis/b1-prefill-stream-full-v2/partials/00040.pkl.xz	kernel-776-ctx_0x55f2413c4de0.traceg.xz	PASS
SPECULATIVE_DIAGNOSTIC	prefill	41	/workspace/vm-spec-farm/analysis/b1-prefill-stream-full-v2/partials/00041.pkl.xz	kernel-777-ctx_0x55f2413c4de0.traceg.xz	PASS
SPECULATIVE_DIAGNOSTIC	prefill	42	/workspace/vm-spec-farm/analysis/b1-prefill-stream-full-v2/partials/00042.pkl.xz	kernel-778-ctx_0x55f2413c4de0.traceg.xz	PASS
SPECULATIVE_DIAGNOSTIC	prefill	43	/workspace/vm-spec-farm/analysis/b1-prefill-stream-full-v2/partials/00043.pkl.xz	kernel-779-ctx_0x55f2413c4de0.traceg.xz	PASS
SPECULATIVE_DIAGNOSTIC	prefill	44	/workspace/vm-spec-farm/analysis/b1-prefill-stream-full-v2/partials/00044.pkl.xz	kernel-780-ctx_0x55f2413c4de0.traceg.xz	PASS
SPECULATIVE_DIAGNOSTIC	prefill	45	/workspace/vm-spec-farm/analysis/b1-prefill-stream-full-v2/partials/00045.pkl.xz	kernel-781-ctx_0x55f2413c4de0.traceg.xz	PASS
SPECULATIVE_DIAGNOSTIC	prefill	46	/workspace/vm-spec-farm/analysis/b1-prefill-stream-full-v2/partials/00046.pkl.xz	kernel-782-ctx_0x55f2413c4de0.traceg.xz	PASS
SPECULATIVE_DIAGNOSTIC	prefill	47	/workspace/vm-spec-farm/analysis/b1-prefill-stream-full-v2/partials/00047.pkl.xz	kernel-783-ctx_0x55f2413c4de0.traceg.xz	PASS
SPECULATIVE_DIAGNOSTIC	prefill	48	/workspace/vm-spec-farm/analysis/b1-prefill-stream-full-v2/partials/00048.pkl.xz	kernel-784-ctx_0x55f2413c4de0.traceg.xz	PASS
SPECULATIVE_DIAGNOSTIC	prefill	49	/workspace/vm-spec-farm/analysis/b1-prefill-stream-full-v2/partials/00049.pkl.xz	kernel-785-ctx_0x55f2413c4de0.traceg.xz	PASS
SPECULATIVE_DIAGNOSTIC	prefill	50	/workspace/vm-spec-farm/analysis/b1-prefill-stream-full-v2/partials/00050.pkl.xz	kernel-786-ctx_0x55f2413c4de0.traceg.xz	PASS
SPECULATIVE_DIAGNOSTIC	prefill	51	/workspace/vm-spec-farm/analysis/b1-prefill-stream-full-v2/partials/00051.pkl.xz	kernel-787-ctx_0x55f2413c4de0.traceg.xz	PASS
SPECULATIVE_DIAGNOSTIC	prefill	52	/workspace/vm-spec-farm/analysis/b1-prefill-stream-full-v2/partials/00052.pkl.xz	kernel-789-ctx_0x55f2413c4de0.traceg.xz	PASS
SPECULATIVE_DIAGNOSTIC	prefill	53	/workspace/vm-spec-farm/analysis/b1-prefill-stream-full-v2/partials/00053.pkl.xz	kernel-790-ctx_0x55f2413c4de0.traceg.xz	PASS
SPECULATIVE_DIAGNOSTIC	prefill	54	/workspace/vm-spec-farm/analysis/b1-prefill-stream-full-v2/partials/00054.pkl.xz	kernel-791-ctx_0x55f2413c4de0.traceg.xz	PASS
SPECULATIVE_DIAGNOSTIC	prefill	55	/workspace/vm-spec-farm/analysis/b1-prefill-stream-full-v2/partials/00055.pkl.xz	kernel-792-ctx_0x55f2413c4de0.traceg.xz	PASS
SPECULATIVE_DIAGNOSTIC	prefill	56	/workspace/vm-spec-farm/analysis/b1-prefill-stream-full-v2/partials/00056.pkl.xz	kernel-793-ctx_0x55f2413c4de0.traceg.xz	PASS
SPECULATIVE_DIAGNOSTIC	prefill	57	/workspace/vm-spec-farm/analysis/b1-prefill-stream-full-v2/partials/00057.pkl.xz	kernel-794-ctx_0x55f2413c4de0.traceg.xz	PASS
SPECULATIVE_DIAGNOSTIC	prefill	58	/workspace/vm-spec-farm/analysis/b1-prefill-stream-full-v2/partials/00058.pkl.xz	kernel-795-ctx_0x55f2413c4de0.traceg.xz	PASS
SPECULATIVE_DIAGNOSTIC	prefill	59	/workspace/vm-spec-farm/analysis/b1-prefill-stream-full-v2/partials/00059.pkl.xz	kernel-796-ctx_0x55f2413c4de0.traceg.xz	PASS
SPECULATIVE_DIAGNOSTIC	prefill	60	/workspace/vm-spec-farm/analysis/b1-prefill-stream-full-v2/partials/00060.pkl.xz	kernel-797-ctx_0x55f2413c4de0.traceg.xz	PASS
SPECULATIVE_DIAGNOSTIC	prefill	61	/workspace/vm-spec-farm/analysis/b1-prefill-stream-full-v2/partials/00061.pkl.xz	kernel-798-ctx_0x55f2413c4de0.traceg.xz	PASS
SPECULATIVE_DIAGNOSTIC	prefill	62	/workspace/vm-spec-farm/analysis/b1-prefill-stream-full-v2/partials/00062.pkl.xz	kernel-799-ctx_0x55f2413c4de0.traceg.xz	PASS
SPECULATIVE_DIAGNOSTIC	prefill	63	/workspace/vm-spec-farm/analysis/b1-prefill-stream-full-v2/partials/00063.pkl.xz	kernel-800-ctx_0x55f2413c4de0.traceg.xz	PASS
SPECULATIVE_DIAGNOSTIC	prefill	64	/workspace/vm-spec-farm/analysis/b1-prefill-stream-full-v2/partials/00064.pkl.xz	kernel-801-ctx_0x55f2413c4de0.traceg.xz	PASS
SPECULATIVE_DIAGNOSTIC	prefill	65	/workspace/vm-spec-farm/analysis/b1-prefill-stream-full-v2/partials/00065.pkl.xz	kernel-802-ctx_0x55f2413c4de0.traceg.xz	PASS
SPECULATIVE_DIAGNOSTIC	prefill	66	/workspace/vm-spec-farm/analysis/b1-prefill-stream-full-v2/partials/00066.pkl.xz	kernel-803-ctx_0x55f2413c4de0.traceg.xz	PASS
SPECULATIVE_DIAGNOSTIC	prefill	67	/workspace/vm-spec-farm/analysis/b1-prefill-stream-full-v2/partials/00067.pkl.xz	kernel-804-ctx_0x55f2413c4de0.traceg.xz	PASS
SPECULATIVE_DIAGNOSTIC	prefill	68	/workspace/vm-spec-farm/analysis/b1-prefill-stream-full-v2/partials/00068.pkl.xz	kernel-805-ctx_0x55f2413c4de0.traceg.xz	PASS
SPECULATIVE_DIAGNOSTIC	prefill	69	/workspace/vm-spec-farm/analysis/b1-prefill-stream-full-v2/partials/00069.pkl.xz	kernel-806-ctx_0x55f2413c4de0.traceg.xz	PASS
SPECULATIVE_DIAGNOSTIC	prefill	70	/workspace/vm-spec-farm/analysis/b1-prefill-stream-full-v2/partials/00070.pkl.xz	kernel-807-ctx_0x55f2413c4de0.traceg.xz	PASS
SPECULATIVE_DIAGNOSTIC	prefill	71	/workspace/vm-spec-farm/analysis/b1-prefill-stream-full-v2/partials/00071.pkl.xz	kernel-808-ctx_0x55f2413c4de0.traceg.xz	PASS
SPECULATIVE_DIAGNOSTIC	prefill	72	/workspace/vm-spec-farm/analysis/b1-prefill-stream-full-v2/partials/00072.pkl.xz	kernel-809-ctx_0x55f2413c4de0.traceg.xz	PASS
SPECULATIVE_DIAGNOSTIC	prefill	73	/workspace/vm-spec-farm/analysis/b1-prefill-stream-full-v2/partials/00073.pkl.xz	kernel-810-ctx_0x55f2413c4de0.traceg.xz	PASS
SPECULATIVE_DIAGNOSTIC	prefill	74	/workspace/vm-spec-farm/analysis/b1-prefill-stream-full-v2/partials/00074.pkl.xz	kernel-811-ctx_0x55f2413c4de0.traceg.xz	PASS
SPECULATIVE_DIAGNOSTIC	prefill	75	/workspace/vm-spec-farm/analysis/b1-prefill-stream-full-v2/partials/00075.pkl.xz	kernel-812-ctx_0x55f2413c4de0.traceg.xz	PASS
SPECULATIVE_DIAGNOSTIC	prefill	76	/workspace/vm-spec-farm/analysis/b1-prefill-stream-full-v2/partials/00076.pkl.xz	kernel-813-ctx_0x55f2413c4de0.traceg.xz	PASS
SPECULATIVE_DIAGNOSTIC	prefill	77	/workspace/vm-spec-farm/analysis/b1-prefill-stream-full-v2/partials/00077.pkl.xz	kernel-814-ctx_0x55f2413c4de0.traceg.xz	PASS
SPECULATIVE_DIAGNOSTIC	prefill	78	/workspace/vm-spec-farm/analysis/b1-prefill-stream-full-v2/partials/00078.pkl.xz	kernel-815-ctx_0x55f2413c4de0.traceg.xz	PASS
SPECULATIVE_DIAGNOSTIC	prefill	79	/workspace/vm-spec-farm/analysis/b1-prefill-stream-full-v2/partials/00079.pkl.xz	kernel-816-ctx_0x55f2413c4de0.traceg.xz	PASS
SPECULATIVE_DIAGNOSTIC	prefill	80	/workspace/vm-spec-farm/analysis/b1-prefill-stream-full-v2/partials/00080.pkl.xz	kernel-818-ctx_0x55f2413c4de0.traceg.xz	PASS
SPECULATIVE_DIAGNOSTIC	prefill	81	/workspace/vm-spec-farm/analysis/b1-prefill-stream-full-v2/partials/00081.pkl.xz	kernel-819-ctx_0x55f2413c4de0.traceg.xz	PASS
SPECULATIVE_DIAGNOSTIC	prefill	82	/workspace/vm-spec-farm/analysis/b1-prefill-stream-full-v2/partials/00082.pkl.xz	kernel-820-ctx_0x55f2413c4de0.traceg.xz	PASS
SPECULATIVE_DIAGNOSTIC	prefill	83	/workspace/vm-spec-farm/analysis/b1-prefill-stream-full-v2/partials/00083.pkl.xz	kernel-821-ctx_0x55f2413c4de0.traceg.xz	PASS
SPECULATIVE_DIAGNOSTIC	prefill	84	/workspace/vm-spec-farm/analysis/b1-prefill-stream-full-v2/partials/00084.pkl.xz	kernel-822-ctx_0x55f2413c4de0.traceg.xz	PASS
SPECULATIVE_DIAGNOSTIC	prefill	85	/workspace/vm-spec-farm/analysis/b1-prefill-stream-full-v2/partials/00085.pkl.xz	kernel-823-ctx_0x55f2413c4de0.traceg.xz	PASS
SPECULATIVE_DIAGNOSTIC	prefill	86	/workspace/vm-spec-farm/analysis/b1-prefill-stream-full-v2/partials/00086.pkl.xz	kernel-824-ctx_0x55f2413c4de0.traceg.xz	PASS
SPECULATIVE_DIAGNOSTIC	prefill	87	/workspace/vm-spec-farm/analysis/b1-prefill-stream-full-v2/partials/00087.pkl.xz	kernel-825-ctx_0x55f2413c4de0.traceg.xz	PASS
SPECULATIVE_DIAGNOSTIC	prefill	88	/workspace/vm-spec-farm/analysis/b1-prefill-stream-full-v2/partials/00088.pkl.xz	kernel-826-ctx_0x55f2413c4de0.traceg.xz	PASS
SPECULATIVE_DIAGNOSTIC	prefill	89	/workspace/vm-spec-farm/analysis/b1-prefill-stream-full-v2/partials/00089.pkl.xz	kernel-827-ctx_0x55f2413c4de0.traceg.xz	PASS
SPECULATIVE_DIAGNOSTIC	prefill	90	/workspace/vm-spec-farm/analysis/b1-prefill-stream-full-v2/partials/00090.pkl.xz	kernel-828-ctx_0x55f2413c4de0.traceg.xz	PASS
SPECULATIVE_DIAGNOSTIC	prefill	91	/workspace/vm-spec-farm/analysis/b1-prefill-stream-full-v2/partials/00091.pkl.xz	kernel-829-ctx_0x55f2413c4de0.traceg.xz	PASS
SPECULATIVE_DIAGNOSTIC	prefill	92	/workspace/vm-spec-farm/analysis/b1-prefill-stream-full-v2/partials/00092.pkl.xz	kernel-830-ctx_0x55f2413c4de0.traceg.xz	PASS
SPECULATIVE_DIAGNOSTIC	prefill	93	/workspace/vm-spec-farm/analysis/b1-prefill-stream-full-v2/partials/00093.pkl.xz	kernel-831-ctx_0x55f2413c4de0.traceg.xz	PASS
SPECULATIVE_DIAGNOSTIC	prefill	94	/workspace/vm-spec-farm/analysis/b1-prefill-stream-full-v2/partials/00094.pkl.xz	kernel-833-ctx_0x55f2413c4de0.traceg.xz	PASS
SPECULATIVE_DIAGNOSTIC	prefill	95	/workspace/vm-spec-farm/analysis/b1-prefill-stream-full-v2/partials/00095.pkl.xz	kernel-834-ctx_0x55f2413c4de0.traceg.xz	PASS
SPECULATIVE_DIAGNOSTIC	prefill	96	/workspace/vm-spec-farm/analysis/b1-prefill-stream-full-v2/partials/00096.pkl.xz	kernel-835-ctx_0x55f2413c4de0.traceg.xz	PASS
SPECULATIVE_DIAGNOSTIC	prefill	97	/workspace/vm-spec-farm/analysis/b1-prefill-stream-full-v2/partials/00097.pkl.xz	kernel-836-ctx_0x55f2413c4de0.traceg.xz	PASS
SPECULATIVE_DIAGNOSTIC	prefill	98	/workspace/vm-spec-farm/analysis/b1-prefill-stream-full-v2/partials/00098.pkl.xz	kernel-837-ctx_0x55f2413c4de0.traceg.xz	PASS
SPECULATIVE_DIAGNOSTIC	prefill	99	/workspace/vm-spec-farm/analysis/b1-prefill-stream-full-v2/partials/00099.pkl.xz	kernel-838-ctx_0x55f2413c4de0.traceg.xz	PASS
SPECULATIVE_DIAGNOSTIC	prefill	100	/workspace/vm-spec-farm/analysis/b1-prefill-stream-full-v2/partials/00100.pkl.xz	kernel-839-ctx_0x55f2413c4de0.traceg.xz	PASS
SPECULATIVE_DIAGNOSTIC	prefill	101	/workspace/vm-spec-farm/analysis/b1-prefill-stream-full-v2/partials/00101.pkl.xz	kernel-840-ctx_0x55f2413c4de0.traceg.xz	PASS
SPECULATIVE_DIAGNOSTIC	prefill	102	/workspace/vm-spec-farm/analysis/b1-prefill-stream-full-v2/partials/00102.pkl.xz	kernel-841-ctx_0x55f2413c4de0.traceg.xz	PASS
SPECULATIVE_DIAGNOSTIC	prefill	103	/workspace/vm-spec-farm/analysis/b1-prefill-stream-full-v2/partials/00103.pkl.xz	kernel-842-ctx_0x55f2413c4de0.traceg.xz	PASS
SPECULATIVE_DIAGNOSTIC	prefill	104	/workspace/vm-spec-farm/analysis/b1-prefill-stream-full-v2/partials/00104.pkl.xz	kernel-843-ctx_0x55f2413c4de0.traceg.xz	PASS
SPECULATIVE_DIAGNOSTIC	prefill	105	/workspace/vm-spec-farm/analysis/b1-prefill-stream-full-v2/partials/00105.pkl.xz	kernel-844-ctx_0x55f2413c4de0.traceg.xz	PASS
SPECULATIVE_DIAGNOSTIC	prefill	106	/workspace/vm-spec-farm/analysis/b1-prefill-stream-full-v2/partials/00106.pkl.xz	kernel-845-ctx_0x55f2413c4de0.traceg.xz	PASS
SPECULATIVE_DIAGNOSTIC	prefill	107	/workspace/vm-spec-farm/analysis/b1-prefill-stream-full-v2/partials/00107.pkl.xz	kernel-846-ctx_0x55f2413c4de0.traceg.xz	PASS
SPECULATIVE_DIAGNOSTIC	prefill	108	/workspace/vm-spec-farm/analysis/b1-prefill-stream-full-v2/partials/00108.pkl.xz	kernel-847-ctx_0x55f2413c4de0.traceg.xz	PASS
SPECULATIVE_DIAGNOSTIC	prefill	109	/workspace/vm-spec-farm/analysis/b1-prefill-stream-full-v2/partials/00109.pkl.xz	kernel-848-ctx_0x55f2413c4de0.traceg.xz	PASS
SPECULATIVE_DIAGNOSTIC	prefill	110	/workspace/vm-spec-farm/analysis/b1-prefill-stream-full-v2/partials/00110.pkl.xz	kernel-849-ctx_0x55f2413c4de0.traceg.xz	PASS
SPECULATIVE_DIAGNOSTIC	prefill	111	/workspace/vm-spec-farm/analysis/b1-prefill-stream-full-v2/partials/00111.pkl.xz	kernel-850-ctx_0x55f2413c4de0.traceg.xz	PASS
SPECULATIVE_DIAGNOSTIC	prefill	112	/workspace/vm-spec-farm/analysis/b1-prefill-stream-full-v2/partials/00112.pkl.xz	kernel-851-ctx_0x55f2413c4de0.traceg.xz	PASS
SPECULATIVE_DIAGNOSTIC	prefill	113	/workspace/vm-spec-farm/analysis/b1-prefill-stream-full-v2/partials/00113.pkl.xz	kernel-852-ctx_0x55f2413c4de0.traceg.xz	PASS
SPECULATIVE_DIAGNOSTIC	prefill	114	/workspace/vm-spec-farm/analysis/b1-prefill-stream-full-v2/partials/00114.pkl.xz	kernel-853-ctx_0x55f2413c4de0.traceg.xz	PASS
SPECULATIVE_DIAGNOSTIC	prefill	115	/workspace/vm-spec-farm/analysis/b1-prefill-stream-full-v2/partials/00115.pkl.xz	kernel-854-ctx_0x55f2413c4de0.traceg.xz	PASS
SPECULATIVE_DIAGNOSTIC	prefill	116	/workspace/vm-spec-farm/analysis/b1-prefill-stream-full-v2/partials/00116.pkl.xz	kernel-855-ctx_0x55f2413c4de0.traceg.xz	PASS
SPECULATIVE_DIAGNOSTIC	prefill	117	/workspace/vm-spec-farm/analysis/b1-prefill-stream-full-v2/partials/00117.pkl.xz	kernel-856-ctx_0x55f2413c4de0.traceg.xz	PASS
SPECULATIVE_DIAGNOSTIC	prefill	118	/workspace/vm-spec-farm/analysis/b1-prefill-stream-full-v2/partials/00118.pkl.xz	kernel-857-ctx_0x55f2413c4de0.traceg.xz	PASS
SPECULATIVE_DIAGNOSTIC	prefill	119	/workspace/vm-spec-farm/analysis/b1-prefill-stream-full-v2/partials/00119.pkl.xz	kernel-858-ctx_0x55f2413c4de0.traceg.xz	PASS
SPECULATIVE_DIAGNOSTIC	prefill	120	/workspace/vm-spec-farm/analysis/b1-prefill-stream-full-v2/partials/00120.pkl.xz	kernel-859-ctx_0x55f2413c4de0.traceg.xz	PASS
SPECULATIVE_DIAGNOSTIC	prefill	121	/workspace/vm-spec-farm/analysis/b1-prefill-stream-full-v2/partials/00121.pkl.xz	kernel-860-ctx_0x55f2413c4de0.traceg.xz	PASS
SPECULATIVE_DIAGNOSTIC	prefill	122	/workspace/vm-spec-farm/analysis/b1-prefill-stream-full-v2/partials/00122.pkl.xz	kernel-862-ctx_0x55f2413c4de0.traceg.xz	PASS
SPECULATIVE_DIAGNOSTIC	prefill	123	/workspace/vm-spec-farm/analysis/b1-prefill-stream-full-v2/partials/00123.pkl.xz	kernel-863-ctx_0x55f2413c4de0.traceg.xz	PASS
SPECULATIVE_DIAGNOSTIC	prefill	124	/workspace/vm-spec-farm/analysis/b1-prefill-stream-full-v2/partials/00124.pkl.xz	kernel-864-ctx_0x55f2413c4de0.traceg.xz	PASS
SPECULATIVE_DIAGNOSTIC	prefill	125	/workspace/vm-spec-farm/analysis/b1-prefill-stream-full-v2/partials/00125.pkl.xz	kernel-865-ctx_0x55f2413c4de0.traceg.xz	PASS
SPECULATIVE_DIAGNOSTIC	prefill	126	/workspace/vm-spec-farm/analysis/b1-prefill-stream-full-v2/partials/00126.pkl.xz	kernel-866-ctx_0x55f2413c4de0.traceg.xz	PASS
SPECULATIVE_DIAGNOSTIC	prefill	127	/workspace/vm-spec-farm/analysis/b1-prefill-stream-full-v2/partials/00127.pkl.xz	kernel-867-ctx_0x55f2413c4de0.traceg.xz	PASS
SPECULATIVE_DIAGNOSTIC	prefill	128	/workspace/vm-spec-farm/analysis/b1-prefill-stream-full-v2/partials/00128.pkl.xz	kernel-868-ctx_0x55f2413c4de0.traceg.xz	PASS
SPECULATIVE_DIAGNOSTIC	prefill	129	/workspace/vm-spec-farm/analysis/b1-prefill-stream-full-v2/partials/00129.pkl.xz	kernel-869-ctx_0x55f2413c4de0.traceg.xz	PASS
SPECULATIVE_DIAGNOSTIC	prefill	130	/workspace/vm-spec-farm/analysis/b1-prefill-stream-full-v2/partials/00130.pkl.xz	kernel-870-ctx_0x55f2413c4de0.traceg.xz	PASS
SPECULATIVE_DIAGNOSTIC	prefill	133	/workspace/vm-spec-farm/analysis/b1-prefill-stream-full-v2/partials/00133.pkl.xz	kernel-873-ctx_0x55f2413c4de0.traceg.xz	PASS
SPECULATIVE_DIAGNOSTIC	prefill	134	/workspace/vm-spec-farm/analysis/b1-prefill-stream-full-v2/partials/00134.pkl.xz	kernel-874-ctx_0x55f2413c4de0.traceg.xz	PASS
SPECULATIVE_DIAGNOSTIC	prefill	135	/workspace/vm-spec-farm/analysis/b1-prefill-stream-full-v2/partials/00135.pkl.xz	kernel-875-ctx_0x55f2413c4de0.traceg.xz	PASS
SPECULATIVE_DIAGNOSTIC	prefill	131	NONE	kernel-871-ctx_0x55f2413c4de0.traceg.xz	MISSING
SPECULATIVE_DIAGNOSTIC	prefill	132	NONE	kernel-872-ctx_0x55f2413c4de0.traceg.xz	MISSING
SPECULATIVE_DIAGNOSTIC	prefill	136	NONE	kernel-877-ctx_0x55f2413c4de0.traceg.xz	MISSING
SPECULATIVE_DIAGNOSTIC	prefill	137	NONE	kernel-878-ctx_0x55f2413c4de0.traceg.xz	MISSING
SPECULATIVE_DIAGNOSTIC	prefill	138	NONE	kernel-879-ctx_0x55f2413c4de0.traceg.xz	MISSING
SPECULATIVE_DIAGNOSTIC	prefill	139	NONE	kernel-880-ctx_0x55f2413c4de0.traceg.xz	MISSING
SPECULATIVE_DIAGNOSTIC	prefill	140	NONE	kernel-881-ctx_0x55f2413c4de0.traceg.xz	MISSING
SPECULATIVE_DIAGNOSTIC	prefill	141	NONE	kernel-882-ctx_0x55f2413c4de0.traceg.xz	MISSING
SPECULATIVE_DIAGNOSTIC	prefill	142	NONE	kernel-883-ctx_0x55f2413c4de0.traceg.xz	MISSING
SPECULATIVE_DIAGNOSTIC	prefill	143	NONE	kernel-884-ctx_0x55f2413c4de0.traceg.xz	MISSING
SPECULATIVE_DIAGNOSTIC	prefill	144	NONE	kernel-885-ctx_0x55f2413c4de0.traceg.xz	MISSING
SPECULATIVE_DIAGNOSTIC	prefill	145	NONE	kernel-886-ctx_0x55f2413c4de0.traceg.xz	MISSING
SPECULATIVE_DIAGNOSTIC	prefill	146	NONE	kernel-887-ctx_0x55f2413c4de0.traceg.xz	MISSING
SPECULATIVE_DIAGNOSTIC	prefill	147	NONE	kernel-888-ctx_0x55f2413c4de0.traceg.xz	MISSING
SPECULATIVE_DIAGNOSTIC	prefill	148	NONE	kernel-889-ctx_0x55f2413c4de0.traceg.xz	MISSING
SPECULATIVE_DIAGNOSTIC	prefill	149	NONE	kernel-890-ctx_0x55f2413c4de0.traceg.xz	MISSING
SPECULATIVE_DIAGNOSTIC	prefill	150	NONE	kernel-891-ctx_0x55f2413c4de0.traceg.xz	MISSING
SPECULATIVE_DIAGNOSTIC	prefill	151	NONE	kernel-892-ctx_0x55f2413c4de0.traceg.xz	MISSING
SPECULATIVE_DIAGNOSTIC	prefill	152	NONE	kernel-893-ctx_0x55f2413c4de0.traceg.xz	MISSING
SPECULATIVE_DIAGNOSTIC	prefill	153	NONE	kernel-894-ctx_0x55f2413c4de0.traceg.xz	MISSING
SPECULATIVE_DIAGNOSTIC	prefill	154	NONE	kernel-895-ctx_0x55f2413c4de0.traceg.xz	MISSING
SPECULATIVE_DIAGNOSTIC	prefill	155	NONE	kernel-896-ctx_0x55f2413c4de0.traceg.xz	MISSING
SPECULATIVE_DIAGNOSTIC	prefill	156	NONE	kernel-897-ctx_0x55f2413c4de0.traceg.xz	MISSING
SPECULATIVE_DIAGNOSTIC	prefill	157	NONE	kernel-898-ctx_0x55f2413c4de0.traceg.xz	MISSING
SPECULATIVE_DIAGNOSTIC	prefill	158	NONE	kernel-899-ctx_0x55f2413c4de0.traceg.xz	MISSING
SPECULATIVE_DIAGNOSTIC	prefill	159	NONE	kernel-900-ctx_0x55f2413c4de0.traceg.xz	MISSING
SPECULATIVE_DIAGNOSTIC	prefill	160	NONE	kernel-901-ctx_0x55f2413c4de0.traceg.xz	MISSING
SPECULATIVE_DIAGNOSTIC	prefill	161	NONE	kernel-902-ctx_0x55f2413c4de0.traceg.xz	MISSING
SPECULATIVE_DIAGNOSTIC	prefill	162	NONE	kernel-903-ctx_0x55f2413c4de0.traceg.xz	MISSING
SPECULATIVE_DIAGNOSTIC	prefill	163	NONE	kernel-904-ctx_0x55f2413c4de0.traceg.xz	MISSING
SPECULATIVE_DIAGNOSTIC	prefill	164	NONE	kernel-906-ctx_0x55f2413c4de0.traceg.xz	MISSING
SPECULATIVE_DIAGNOSTIC	prefill	165	NONE	kernel-907-ctx_0x55f2413c4de0.traceg.xz	MISSING
SPECULATIVE_DIAGNOSTIC	prefill	166	NONE	kernel-908-ctx_0x55f2413c4de0.traceg.xz	MISSING
SPECULATIVE_DIAGNOSTIC	prefill	167	NONE	kernel-909-ctx_0x55f2413c4de0.traceg.xz	MISSING
SPECULATIVE_DIAGNOSTIC	prefill	168	NONE	kernel-910-ctx_0x55f2413c4de0.traceg.xz	MISSING
SPECULATIVE_DIAGNOSTIC	prefill	169	NONE	kernel-911-ctx_0x55f2413c4de0.traceg.xz	MISSING
SPECULATIVE_DIAGNOSTIC	prefill	170	NONE	kernel-912-ctx_0x55f2413c4de0.traceg.xz	MISSING
SPECULATIVE_DIAGNOSTIC	prefill	171	NONE	kernel-913-ctx_0x55f2413c4de0.traceg.xz	MISSING
SPECULATIVE_DIAGNOSTIC	prefill	172	NONE	kernel-914-ctx_0x55f2413c4de0.traceg.xz	MISSING
SPECULATIVE_DIAGNOSTIC	prefill	173	NONE	kernel-915-ctx_0x55f2413c4de0.traceg.xz	MISSING
SPECULATIVE_DIAGNOSTIC	prefill	174	NONE	kernel-916-ctx_0x55f2413c4de0.traceg.xz	MISSING
SPECULATIVE_DIAGNOSTIC	prefill	175	NONE	kernel-917-ctx_0x55f2413c4de0.traceg.xz	MISSING
SPECULATIVE_DIAGNOSTIC	prefill	176	NONE	kernel-918-ctx_0x55f2413c4de0.traceg.xz	MISSING
SPECULATIVE_DIAGNOSTIC	prefill	177	NONE	kernel-919-ctx_0x55f2413c4de0.traceg.xz	MISSING
SPECULATIVE_DIAGNOSTIC	prefill	178	NONE	kernel-921-ctx_0x55f2413c4de0.traceg.xz	MISSING
SPECULATIVE_DIAGNOSTIC	prefill	179	NONE	kernel-922-ctx_0x55f2413c4de0.traceg.xz	MISSING
SPECULATIVE_DIAGNOSTIC	prefill	180	NONE	kernel-923-ctx_0x55f2413c4de0.traceg.xz	MISSING
SPECULATIVE_DIAGNOSTIC	prefill	181	NONE	kernel-924-ctx_0x55f2413c4de0.traceg.xz	MISSING
SPECULATIVE_DIAGNOSTIC	prefill	182	NONE	kernel-925-ctx_0x55f2413c4de0.traceg.xz	MISSING
SPECULATIVE_DIAGNOSTIC	prefill	183	NONE	kernel-926-ctx_0x55f2413c4de0.traceg.xz	MISSING
SPECULATIVE_DIAGNOSTIC	prefill	184	NONE	kernel-927-ctx_0x55f2413c4de0.traceg.xz	MISSING
SPECULATIVE_DIAGNOSTIC	prefill	185	NONE	kernel-928-ctx_0x55f2413c4de0.traceg.xz	MISSING
SPECULATIVE_DIAGNOSTIC	prefill	186	NONE	kernel-929-ctx_0x55f2413c4de0.traceg.xz	MISSING
SPECULATIVE_DIAGNOSTIC	prefill	187	NONE	kernel-930-ctx_0x55f2413c4de0.traceg.xz	MISSING
SPECULATIVE_DIAGNOSTIC	prefill	188	NONE	kernel-931-ctx_0x55f2413c4de0.traceg.xz	MISSING
SPECULATIVE_DIAGNOSTIC	prefill	189	NONE	kernel-932-ctx_0x55f2413c4de0.traceg.xz	MISSING
SPECULATIVE_DIAGNOSTIC	prefill	190	NONE	kernel-933-ctx_0x55f2413c4de0.traceg.xz	MISSING
SPECULATIVE_DIAGNOSTIC	prefill	191	NONE	kernel-934-ctx_0x55f2413c4de0.traceg.xz	MISSING
SPECULATIVE_DIAGNOSTIC	prefill	192	NONE	kernel-935-ctx_0x55f2413c4de0.traceg.xz	MISSING
SPECULATIVE_DIAGNOSTIC	prefill	193	NONE	kernel-936-ctx_0x55f2413c4de0.traceg.xz	MISSING
SPECULATIVE_DIAGNOSTIC	prefill	194	NONE	kernel-937-ctx_0x55f2413c4de0.traceg.xz	MISSING
SPECULATIVE_DIAGNOSTIC	prefill	195	NONE	kernel-938-ctx_0x55f2413c4de0.traceg.xz	MISSING
SPECULATIVE_DIAGNOSTIC	prefill	196	NONE	kernel-939-ctx_0x55f2413c4de0.traceg.xz	MISSING
SPECULATIVE_DIAGNOSTIC	prefill	197	NONE	kernel-940-ctx_0x55f2413c4de0.traceg.xz	MISSING
SPECULATIVE_DIAGNOSTIC	prefill	198	NONE	kernel-941-ctx_0x55f2413c4de0.traceg.xz	MISSING
SPECULATIVE_DIAGNOSTIC	prefill	199	NONE	kernel-942-ctx_0x55f2413c4de0.traceg.xz	MISSING
SPECULATIVE_DIAGNOSTIC	prefill	200	NONE	kernel-943-ctx_0x55f2413c4de0.traceg.xz	MISSING
SPECULATIVE_DIAGNOSTIC	prefill	201	NONE	kernel-944-ctx_0x55f2413c4de0.traceg.xz	MISSING
SPECULATIVE_DIAGNOSTIC	prefill	202	NONE	kernel-945-ctx_0x55f2413c4de0.traceg.xz	MISSING
SPECULATIVE_DIAGNOSTIC	prefill	203	NONE	kernel-946-ctx_0x55f2413c4de0.traceg.xz	MISSING
SPECULATIVE_DIAGNOSTIC	prefill	204	NONE	kernel-947-ctx_0x55f2413c4de0.traceg.xz	MISSING
SPECULATIVE_DIAGNOSTIC	prefill	205	NONE	kernel-948-ctx_0x55f2413c4de0.traceg.xz	MISSING
SPECULATIVE_DIAGNOSTIC	prefill	206	NONE	kernel-950-ctx_0x55f2413c4de0.traceg.xz	MISSING
SPECULATIVE_DIAGNOSTIC	prefill	207	NONE	kernel-951-ctx_0x55f2413c4de0.traceg.xz	MISSING
SPECULATIVE_DIAGNOSTIC	prefill	208	NONE	kernel-952-ctx_0x55f2413c4de0.traceg.xz	MISSING
SPECULATIVE_DIAGNOSTIC	prefill	209	NONE	kernel-953-ctx_0x55f2413c4de0.traceg.xz	MISSING
SPECULATIVE_DIAGNOSTIC	prefill	210	NONE	kernel-954-ctx_0x55f2413c4de0.traceg.xz	MISSING
SPECULATIVE_DIAGNOSTIC	prefill	211	NONE	kernel-955-ctx_0x55f2413c4de0.traceg.xz	MISSING
SPECULATIVE_DIAGNOSTIC	prefill	212	NONE	kernel-956-ctx_0x55f2413c4de0.traceg.xz	MISSING
SPECULATIVE_DIAGNOSTIC	prefill	213	NONE	kernel-957-ctx_0x55f2413c4de0.traceg.xz	MISSING
SPECULATIVE_DIAGNOSTIC	prefill	214	NONE	kernel-958-ctx_0x55f2413c4de0.traceg.xz	MISSING
SPECULATIVE_DIAGNOSTIC	prefill	215	NONE	kernel-959-ctx_0x55f2413c4de0.traceg.xz	MISSING
SPECULATIVE_DIAGNOSTIC	prefill	216	NONE	kernel-960-ctx_0x55f2413c4de0.traceg.xz	MISSING
SPECULATIVE_DIAGNOSTIC	prefill	217	NONE	kernel-961-ctx_0x55f2413c4de0.traceg.xz	MISSING
SPECULATIVE_DIAGNOSTIC	prefill	218	NONE	kernel-962-ctx_0x55f2413c4de0.traceg.xz	MISSING
SPECULATIVE_DIAGNOSTIC	prefill	219	NONE	kernel-963-ctx_0x55f2413c4de0.traceg.xz	MISSING
SPECULATIVE_DIAGNOSTIC	prefill	220	NONE	kernel-965-ctx_0x55f2413c4de0.traceg.xz	MISSING
SPECULATIVE_DIAGNOSTIC	prefill	221	NONE	kernel-966-ctx_0x55f2413c4de0.traceg.xz	MISSING
SPECULATIVE_DIAGNOSTIC	prefill	222	NONE	kernel-967-ctx_0x55f2413c4de0.traceg.xz	MISSING
SPECULATIVE_DIAGNOSTIC	prefill	223	NONE	kernel-968-ctx_0x55f2413c4de0.traceg.xz	MISSING
SPECULATIVE_DIAGNOSTIC	prefill	224	NONE	kernel-969-ctx_0x55f2413c4de0.traceg.xz	MISSING
SPECULATIVE_DIAGNOSTIC	prefill	225	NONE	kernel-970-ctx_0x55f2413c4de0.traceg.xz	MISSING
SPECULATIVE_DIAGNOSTIC	prefill	226	NONE	kernel-971-ctx_0x55f2413c4de0.traceg.xz	MISSING
SPECULATIVE_DIAGNOSTIC	prefill	227	NONE	kernel-972-ctx_0x55f2413c4de0.traceg.xz	MISSING
SPECULATIVE_DIAGNOSTIC	prefill	228	NONE	kernel-973-ctx_0x55f2413c4de0.traceg.xz	MISSING
SPECULATIVE_DIAGNOSTIC	prefill	229	NONE	kernel-974-ctx_0x55f2413c4de0.traceg.xz	MISSING
SPECULATIVE_DIAGNOSTIC	prefill	230	NONE	kernel-975-ctx_0x55f2413c4de0.traceg.xz	MISSING
SPECULATIVE_DIAGNOSTIC	prefill	231	NONE	kernel-976-ctx_0x55f2413c4de0.traceg.xz	MISSING
SPECULATIVE_DIAGNOSTIC	prefill	232	NONE	kernel-977-ctx_0x55f2413c4de0.traceg.xz	MISSING
SPECULATIVE_DIAGNOSTIC	prefill	233	NONE	kernel-978-ctx_0x55f2413c4de0.traceg.xz	MISSING
SPECULATIVE_DIAGNOSTIC	prefill	234	NONE	kernel-979-ctx_0x55f2413c4de0.traceg.xz	MISSING
SPECULATIVE_DIAGNOSTIC	prefill	235	NONE	kernel-980-ctx_0x55f2413c4de0.traceg.xz	MISSING
SPECULATIVE_DIAGNOSTIC	prefill	236	NONE	kernel-981-ctx_0x55f2413c4de0.traceg.xz	MISSING
SPECULATIVE_DIAGNOSTIC	prefill	237	NONE	kernel-982-ctx_0x55f2413c4de0.traceg.xz	MISSING
SPECULATIVE_DIAGNOSTIC	prefill	238	NONE	kernel-983-ctx_0x55f2413c4de0.traceg.xz	MISSING
SPECULATIVE_DIAGNOSTIC	prefill	239	NONE	kernel-984-ctx_0x55f2413c4de0.traceg.xz	MISSING
SPECULATIVE_DIAGNOSTIC	prefill	240	NONE	kernel-985-ctx_0x55f2413c4de0.traceg.xz	MISSING
SPECULATIVE_DIAGNOSTIC	prefill	241	NONE	kernel-986-ctx_0x55f2413c4de0.traceg.xz	MISSING
SPECULATIVE_DIAGNOSTIC	prefill	242	NONE	kernel-987-ctx_0x55f2413c4de0.traceg.xz	MISSING
SPECULATIVE_DIAGNOSTIC	prefill	243	NONE	kernel-988-ctx_0x55f2413c4de0.traceg.xz	MISSING
SPECULATIVE_DIAGNOSTIC	prefill	244	NONE	kernel-989-ctx_0x55f2413c4de0.traceg.xz	MISSING
SPECULATIVE_DIAGNOSTIC	prefill	245	NONE	kernel-990-ctx_0x55f2413c4de0.traceg.xz	MISSING
SPECULATIVE_DIAGNOSTIC	prefill	246	NONE	kernel-991-ctx_0x55f2413c4de0.traceg.xz	MISSING
SPECULATIVE_DIAGNOSTIC	prefill	247	NONE	kernel-992-ctx_0x55f2413c4de0.traceg.xz	MISSING
SPECULATIVE_DIAGNOSTIC	prefill	248	NONE	kernel-994-ctx_0x55f2413c4de0.traceg.xz	MISSING
SPECULATIVE_DIAGNOSTIC	prefill	249	NONE	kernel-995-ctx_0x55f2413c4de0.traceg.xz	MISSING
SPECULATIVE_DIAGNOSTIC	prefill	250	NONE	kernel-996-ctx_0x55f2413c4de0.traceg.xz	MISSING
SPECULATIVE_DIAGNOSTIC	prefill	251	NONE	kernel-997-ctx_0x55f2413c4de0.traceg.xz	MISSING
SPECULATIVE_DIAGNOSTIC	prefill	252	NONE	kernel-998-ctx_0x55f2413c4de0.traceg.xz	MISSING
SPECULATIVE_DIAGNOSTIC	prefill	253	NONE	kernel-999-ctx_0x55f2413c4de0.traceg.xz	MISSING
SPECULATIVE_DIAGNOSTIC	prefill	254	NONE	kernel-1000-ctx_0x55f2413c4de0.traceg.xz	MISSING
SPECULATIVE_DIAGNOSTIC	prefill	255	NONE	kernel-1001-ctx_0x55f2413c4de0.traceg.xz	MISSING
SPECULATIVE_DIAGNOSTIC	prefill	256	NONE	kernel-1002-ctx_0x55f2413c4de0.traceg.xz	MISSING
SPECULATIVE_DIAGNOSTIC	prefill	257	NONE	kernel-1003-ctx_0x55f2413c4de0.traceg.xz	MISSING
SPECULATIVE_DIAGNOSTIC	prefill	258	NONE	kernel-1004-ctx_0x55f2413c4de0.traceg.xz	MISSING
SPECULATIVE_DIAGNOSTIC	prefill	259	NONE	kernel-1005-ctx_0x55f2413c4de0.traceg.xz	MISSING
SPECULATIVE_DIAGNOSTIC	prefill	260	NONE	kernel-1006-ctx_0x55f2413c4de0.traceg.xz	MISSING
SPECULATIVE_DIAGNOSTIC	prefill	261	NONE	kernel-1007-ctx_0x55f2413c4de0.traceg.xz	MISSING
SPECULATIVE_DIAGNOSTIC	prefill	262	NONE	kernel-1009-ctx_0x55f2413c4de0.traceg.xz	MISSING
SPECULATIVE_DIAGNOSTIC	prefill	263	NONE	kernel-1010-ctx_0x55f2413c4de0.traceg.xz	MISSING
SPECULATIVE_DIAGNOSTIC	prefill	264	NONE	kernel-1011-ctx_0x55f2413c4de0.traceg.xz	MISSING
SPECULATIVE_DIAGNOSTIC	prefill	265	NONE	kernel-1012-ctx_0x55f2413c4de0.traceg.xz	MISSING
SPECULATIVE_DIAGNOSTIC	prefill	266	NONE	kernel-1013-ctx_0x55f2413c4de0.traceg.xz	MISSING
SPECULATIVE_DIAGNOSTIC	prefill	267	NONE	kernel-1014-ctx_0x55f2413c4de0.traceg.xz	MISSING
SPECULATIVE_DIAGNOSTIC	prefill	268	NONE	kernel-1015-ctx_0x55f2413c4de0.traceg.xz	MISSING
SPECULATIVE_DIAGNOSTIC	prefill	269	NONE	kernel-1016-ctx_0x55f2413c4de0.traceg.xz	MISSING
SPECULATIVE_DIAGNOSTIC	prefill	270	NONE	kernel-1017-ctx_0x55f2413c4de0.traceg.xz	MISSING
SPECULATIVE_DIAGNOSTIC	prefill	271	NONE	kernel-1018-ctx_0x55f2413c4de0.traceg.xz	MISSING
SPECULATIVE_DIAGNOSTIC	prefill	272	NONE	kernel-1019-ctx_0x55f2413c4de0.traceg.xz	MISSING
SPECULATIVE_DIAGNOSTIC	prefill	273	NONE	kernel-1020-ctx_0x55f2413c4de0.traceg.xz	MISSING
SPECULATIVE_DIAGNOSTIC	prefill	274	NONE	kernel-1021-ctx_0x55f2413c4de0.traceg.xz	MISSING
SPECULATIVE_DIAGNOSTIC	prefill	275	NONE	kernel-1022-ctx_0x55f2413c4de0.traceg.xz	MISSING
SPECULATIVE_DIAGNOSTIC	prefill	276	NONE	kernel-1023-ctx_0x55f2413c4de0.traceg.xz	MISSING
SPECULATIVE_DIAGNOSTIC	prefill	277	NONE	kernel-1024-ctx_0x55f2413c4de0.traceg.xz	MISSING
SPECULATIVE_DIAGNOSTIC	prefill	278	NONE	kernel-1025-ctx_0x55f2413c4de0.traceg.xz	MISSING
SPECULATIVE_DIAGNOSTIC	prefill	279	NONE	kernel-1026-ctx_0x55f2413c4de0.traceg.xz	MISSING
SPECULATIVE_DIAGNOSTIC	prefill	280	NONE	kernel-1027-ctx_0x55f2413c4de0.traceg.xz	MISSING
SPECULATIVE_DIAGNOSTIC	prefill	281	NONE	kernel-1028-ctx_0x55f2413c4de0.traceg.xz	MISSING
SPECULATIVE_DIAGNOSTIC	prefill	282	NONE	kernel-1029-ctx_0x55f2413c4de0.traceg.xz	MISSING
SPECULATIVE_DIAGNOSTIC	prefill	283	NONE	kernel-1030-ctx_0x55f2413c4de0.traceg.xz	MISSING
SPECULATIVE_DIAGNOSTIC	prefill	284	NONE	kernel-1031-ctx_0x55f2413c4de0.traceg.xz	MISSING
SPECULATIVE_DIAGNOSTIC	prefill	285	NONE	kernel-1032-ctx_0x55f2413c4de0.traceg.xz	MISSING
SPECULATIVE_DIAGNOSTIC	prefill	286	NONE	kernel-1033-ctx_0x55f2413c4de0.traceg.xz	MISSING
SPECULATIVE_DIAGNOSTIC	prefill	287	NONE	kernel-1034-ctx_0x55f2413c4de0.traceg.xz	MISSING
SPECULATIVE_DIAGNOSTIC	prefill	288	NONE	kernel-1035-ctx_0x55f2413c4de0.traceg.xz	MISSING
SPECULATIVE_DIAGNOSTIC	prefill	289	NONE	kernel-1036-ctx_0x55f2413c4de0.traceg.xz	MISSING
SPECULATIVE_DIAGNOSTIC	prefill	290	NONE	kernel-1038-ctx_0x55f2413c4de0.traceg.xz	MISSING
SPECULATIVE_DIAGNOSTIC	prefill	291	NONE	kernel-1039-ctx_0x55f2413c4de0.traceg.xz	MISSING
SPECULATIVE_DIAGNOSTIC	prefill	292	NONE	kernel-1040-ctx_0x55f2413c4de0.traceg.xz	MISSING
SPECULATIVE_DIAGNOSTIC	prefill	293	NONE	kernel-1041-ctx_0x55f2413c4de0.traceg.xz	MISSING
SPECULATIVE_DIAGNOSTIC	prefill	294	NONE	kernel-1042-ctx_0x55f2413c4de0.traceg.xz	MISSING
SPECULATIVE_DIAGNOSTIC	prefill	295	NONE	kernel-1043-ctx_0x55f2413c4de0.traceg.xz	MISSING
SPECULATIVE_DIAGNOSTIC	prefill	296	NONE	kernel-1044-ctx_0x55f2413c4de0.traceg.xz	MISSING
SPECULATIVE_DIAGNOSTIC	prefill	297	NONE	kernel-1045-ctx_0x55f2413c4de0.traceg.xz	MISSING
SPECULATIVE_DIAGNOSTIC	prefill	298	NONE	kernel-1046-ctx_0x55f2413c4de0.traceg.xz	MISSING
SPECULATIVE_DIAGNOSTIC	prefill	299	NONE	kernel-1047-ctx_0x55f2413c4de0.traceg.xz	MISSING
SPECULATIVE_DIAGNOSTIC	prefill	300	NONE	kernel-1048-ctx_0x55f2413c4de0.traceg.xz	MISSING
SPECULATIVE_DIAGNOSTIC	prefill	301	NONE	kernel-1049-ctx_0x55f2413c4de0.traceg.xz	MISSING
SPECULATIVE_DIAGNOSTIC	prefill	302	NONE	kernel-1050-ctx_0x55f2413c4de0.traceg.xz	MISSING
SPECULATIVE_DIAGNOSTIC	prefill	303	NONE	kernel-1051-ctx_0x55f2413c4de0.traceg.xz	MISSING
SPECULATIVE_DIAGNOSTIC	prefill	304	NONE	kernel-1053-ctx_0x55f2413c4de0.traceg.xz	MISSING
SPECULATIVE_DIAGNOSTIC	prefill	305	NONE	kernel-1054-ctx_0x55f2413c4de0.traceg.xz	MISSING
SPECULATIVE_DIAGNOSTIC	prefill	306	NONE	kernel-1055-ctx_0x55f2413c4de0.traceg.xz	MISSING
SPECULATIVE_DIAGNOSTIC	prefill	307	NONE	kernel-1056-ctx_0x55f2413c4de0.traceg.xz	MISSING
SPECULATIVE_DIAGNOSTIC	prefill	308	NONE	kernel-1057-ctx_0x55f2413c4de0.traceg.xz	MISSING
SPECULATIVE_DIAGNOSTIC	prefill	309	NONE	kernel-1058-ctx_0x55f2413c4de0.traceg.xz	MISSING
SPECULATIVE_DIAGNOSTIC	prefill	310	NONE	kernel-1059-ctx_0x55f2413c4de0.traceg.xz	MISSING
SPECULATIVE_DIAGNOSTIC	prefill	311	NONE	kernel-1060-ctx_0x55f2413c4de0.traceg.xz	MISSING
SPECULATIVE_DIAGNOSTIC	prefill	312	NONE	kernel-1061-ctx_0x55f2413c4de0.traceg.xz	MISSING
SPECULATIVE_DIAGNOSTIC	prefill	313	NONE	kernel-1062-ctx_0x55f2413c4de0.traceg.xz	MISSING
SPECULATIVE_DIAGNOSTIC	prefill	314	NONE	kernel-1063-ctx_0x55f2413c4de0.traceg.xz	MISSING
SPECULATIVE_DIAGNOSTIC	prefill	315	NONE	kernel-1064-ctx_0x55f2413c4de0.traceg.xz	MISSING
SPECULATIVE_DIAGNOSTIC	prefill	316	NONE	kernel-1065-ctx_0x55f2413c4de0.traceg.xz	MISSING
SPECULATIVE_DIAGNOSTIC	prefill	317	NONE	kernel-1066-ctx_0x55f2413c4de0.traceg.xz	MISSING
SPECULATIVE_DIAGNOSTIC	prefill	318	NONE	kernel-1067-ctx_0x55f2413c4de0.traceg.xz	MISSING
SPECULATIVE_DIAGNOSTIC	prefill	319	NONE	kernel-1068-ctx_0x55f2413c4de0.traceg.xz	MISSING
SPECULATIVE_DIAGNOSTIC	prefill	320	NONE	kernel-1069-ctx_0x55f2413c4de0.traceg.xz	MISSING
SPECULATIVE_DIAGNOSTIC	prefill	321	NONE	kernel-1070-ctx_0x55f2413c4de0.traceg.xz	MISSING
SPECULATIVE_DIAGNOSTIC	prefill	322	NONE	kernel-1071-ctx_0x55f2413c4de0.traceg.xz	MISSING
SPECULATIVE_DIAGNOSTIC	prefill	323	NONE	kernel-1072-ctx_0x55f2413c4de0.traceg.xz	MISSING
SPECULATIVE_DIAGNOSTIC	prefill	324	NONE	kernel-1073-ctx_0x55f2413c4de0.traceg.xz	MISSING
SPECULATIVE_DIAGNOSTIC	prefill	325	NONE	kernel-1074-ctx_0x55f2413c4de0.traceg.xz	MISSING
SPECULATIVE_DIAGNOSTIC	prefill	326	NONE	kernel-1075-ctx_0x55f2413c4de0.traceg.xz	MISSING
SPECULATIVE_DIAGNOSTIC	prefill	327	NONE	kernel-1076-ctx_0x55f2413c4de0.traceg.xz	MISSING
SPECULATIVE_DIAGNOSTIC	prefill	328	NONE	kernel-1077-ctx_0x55f2413c4de0.traceg.xz	MISSING
SPECULATIVE_DIAGNOSTIC	prefill	329	NONE	kernel-1078-ctx_0x55f2413c4de0.traceg.xz	MISSING
SPECULATIVE_DIAGNOSTIC	prefill	330	NONE	kernel-1079-ctx_0x55f2413c4de0.traceg.xz	MISSING
SPECULATIVE_DIAGNOSTIC	prefill	331	NONE	kernel-1080-ctx_0x55f2413c4de0.traceg.xz	MISSING
SPECULATIVE_DIAGNOSTIC	prefill	332	NONE	kernel-1082-ctx_0x55f2413c4de0.traceg.xz	MISSING
SPECULATIVE_DIAGNOSTIC	prefill	333	NONE	kernel-1083-ctx_0x55f2413c4de0.traceg.xz	MISSING
SPECULATIVE_DIAGNOSTIC	prefill	334	NONE	kernel-1084-ctx_0x55f2413c4de0.traceg.xz	MISSING
SPECULATIVE_DIAGNOSTIC	prefill	335	NONE	kernel-1085-ctx_0x55f2413c4de0.traceg.xz	MISSING
SPECULATIVE_DIAGNOSTIC	prefill	336	NONE	kernel-1086-ctx_0x55f2413c4de0.traceg.xz	MISSING
SPECULATIVE_DIAGNOSTIC	prefill	337	NONE	kernel-1087-ctx_0x55f2413c4de0.traceg.xz	MISSING
SPECULATIVE_DIAGNOSTIC	prefill	338	NONE	kernel-1088-ctx_0x55f2413c4de0.traceg.xz	MISSING
SPECULATIVE_DIAGNOSTIC	prefill	339	NONE	kernel-1089-ctx_0x55f2413c4de0.traceg.xz	MISSING
SPECULATIVE_DIAGNOSTIC	prefill	340	NONE	kernel-1090-ctx_0x55f2413c4de0.traceg.xz	MISSING
SPECULATIVE_DIAGNOSTIC	prefill	341	NONE	kernel-1091-ctx_0x55f2413c4de0.traceg.xz	MISSING
SPECULATIVE_DIAGNOSTIC	prefill	342	NONE	kernel-1092-ctx_0x55f2413c4de0.traceg.xz	MISSING
SPECULATIVE_DIAGNOSTIC	prefill	343	NONE	kernel-1093-ctx_0x55f2413c4de0.traceg.xz	MISSING
SPECULATIVE_DIAGNOSTIC	prefill	344	NONE	kernel-1094-ctx_0x55f2413c4de0.traceg.xz	MISSING
SPECULATIVE_DIAGNOSTIC	prefill	345	NONE	kernel-1095-ctx_0x55f2413c4de0.traceg.xz	MISSING
SPECULATIVE_DIAGNOSTIC	prefill	346	NONE	kernel-1097-ctx_0x55f2413c4de0.traceg.xz	MISSING
SPECULATIVE_DIAGNOSTIC	prefill	347	NONE	kernel-1098-ctx_0x55f2413c4de0.traceg.xz	MISSING
SPECULATIVE_DIAGNOSTIC	prefill	348	NONE	kernel-1099-ctx_0x55f2413c4de0.traceg.xz	MISSING
SPECULATIVE_DIAGNOSTIC	prefill	349	NONE	kernel-1100-ctx_0x55f2413c4de0.traceg.xz	MISSING
SPECULATIVE_DIAGNOSTIC	prefill	350	NONE	kernel-1101-ctx_0x55f2413c4de0.traceg.xz	MISSING
SPECULATIVE_DIAGNOSTIC	prefill	351	NONE	kernel-1102-ctx_0x55f2413c4de0.traceg.xz	MISSING
SPECULATIVE_DIAGNOSTIC	prefill	352	NONE	kernel-1103-ctx_0x55f2413c4de0.traceg.xz	MISSING
SPECULATIVE_DIAGNOSTIC	prefill	353	NONE	kernel-1104-ctx_0x55f2413c4de0.traceg.xz	MISSING
SPECULATIVE_DIAGNOSTIC	prefill	354	NONE	kernel-1105-ctx_0x55f2413c4de0.traceg.xz	MISSING
SPECULATIVE_DIAGNOSTIC	prefill	355	NONE	kernel-1106-ctx_0x55f2413c4de0.traceg.xz	MISSING
SPECULATIVE_DIAGNOSTIC	prefill	356	NONE	kernel-1107-ctx_0x55f2413c4de0.traceg.xz	MISSING
SPECULATIVE_DIAGNOSTIC	prefill	357	NONE	kernel-1108-ctx_0x55f2413c4de0.traceg.xz	MISSING
SPECULATIVE_DIAGNOSTIC	prefill	358	NONE	kernel-1109-ctx_0x55f2413c4de0.traceg.xz	MISSING
SPECULATIVE_DIAGNOSTIC	prefill	359	NONE	kernel-1110-ctx_0x55f2413c4de0.traceg.xz	MISSING
SPECULATIVE_DIAGNOSTIC	prefill	360	NONE	kernel-1111-ctx_0x55f2413c4de0.traceg.xz	MISSING
SPECULATIVE_DIAGNOSTIC	prefill	361	NONE	kernel-1112-ctx_0x55f2413c4de0.traceg.xz	MISSING
SPECULATIVE_DIAGNOSTIC	prefill	362	NONE	kernel-1113-ctx_0x55f2413c4de0.traceg.xz	MISSING
SPECULATIVE_DIAGNOSTIC	prefill	363	NONE	kernel-1114-ctx_0x55f2413c4de0.traceg.xz	MISSING
SPECULATIVE_DIAGNOSTIC	prefill	364	NONE	kernel-1115-ctx_0x55f2413c4de0.traceg.xz	MISSING
SPECULATIVE_DIAGNOSTIC	prefill	365	NONE	kernel-1116-ctx_0x55f2413c4de0.traceg.xz	MISSING
SPECULATIVE_DIAGNOSTIC	prefill	366	NONE	kernel-1117-ctx_0x55f2413c4de0.traceg.xz	MISSING
SPECULATIVE_DIAGNOSTIC	prefill	367	NONE	kernel-1118-ctx_0x55f2413c4de0.traceg.xz	MISSING
SPECULATIVE_DIAGNOSTIC	prefill	368	NONE	kernel-1119-ctx_0x55f2413c4de0.traceg.xz	MISSING
SPECULATIVE_DIAGNOSTIC	prefill	369	NONE	kernel-1120-ctx_0x55f2413c4de0.traceg.xz	MISSING
SPECULATIVE_DIAGNOSTIC	prefill	370	NONE	kernel-1121-ctx_0x55f2413c4de0.traceg.xz	MISSING
SPECULATIVE_DIAGNOSTIC	prefill	371	NONE	kernel-1122-ctx_0x55f2413c4de0.traceg.xz	MISSING
SPECULATIVE_DIAGNOSTIC	prefill	372	NONE	kernel-1123-ctx_0x55f2413c4de0.traceg.xz	MISSING
SPECULATIVE_DIAGNOSTIC	prefill	373	NONE	kernel-1124-ctx_0x55f2413c4de0.traceg.xz	MISSING
SPECULATIVE_DIAGNOSTIC	prefill	374	NONE	kernel-1126-ctx_0x55f2413c4de0.traceg.xz	MISSING
SPECULATIVE_DIAGNOSTIC	prefill	375	NONE	kernel-1127-ctx_0x55f2413c4de0.traceg.xz	MISSING
SPECULATIVE_DIAGNOSTIC	prefill	376	NONE	kernel-1128-ctx_0x55f2413c4de0.traceg.xz	MISSING
SPECULATIVE_DIAGNOSTIC	prefill	377	NONE	kernel-1129-ctx_0x55f2413c4de0.traceg.xz	MISSING
SPECULATIVE_DIAGNOSTIC	prefill	378	NONE	kernel-1130-ctx_0x55f2413c4de0.traceg.xz	MISSING
SPECULATIVE_DIAGNOSTIC	prefill	379	NONE	kernel-1131-ctx_0x55f2413c4de0.traceg.xz	MISSING
SPECULATIVE_DIAGNOSTIC	prefill	380	NONE	kernel-1132-ctx_0x55f2413c4de0.traceg.xz	MISSING
SPECULATIVE_DIAGNOSTIC	prefill	381	NONE	kernel-1133-ctx_0x55f2413c4de0.traceg.xz	MISSING
SPECULATIVE_DIAGNOSTIC	prefill	382	NONE	kernel-1134-ctx_0x55f2413c4de0.traceg.xz	MISSING
SPECULATIVE_DIAGNOSTIC	prefill	383	NONE	kernel-1135-ctx_0x55f2413c4de0.traceg.xz	MISSING
SPECULATIVE_DIAGNOSTIC	prefill	384	NONE	kernel-1136-ctx_0x55f2413c4de0.traceg.xz	MISSING
SPECULATIVE_DIAGNOSTIC	prefill	385	NONE	kernel-1137-ctx_0x55f2413c4de0.traceg.xz	MISSING
SPECULATIVE_DIAGNOSTIC	prefill	386	NONE	kernel-1138-ctx_0x55f2413c4de0.traceg.xz	MISSING
SPECULATIVE_DIAGNOSTIC	prefill	387	NONE	kernel-1139-ctx_0x55f2413c4de0.traceg.xz	MISSING
SPECULATIVE_DIAGNOSTIC	prefill	388	NONE	kernel-1141-ctx_0x55f2413c4de0.traceg.xz	MISSING
SPECULATIVE_DIAGNOSTIC	prefill	389	NONE	kernel-1142-ctx_0x55f2413c4de0.traceg.xz	MISSING
SPECULATIVE_DIAGNOSTIC	prefill	390	NONE	kernel-1143-ctx_0x55f2413c4de0.traceg.xz	MISSING
SPECULATIVE_DIAGNOSTIC	prefill	391	NONE	kernel-1144-ctx_0x55f2413c4de0.traceg.xz	MISSING
SPECULATIVE_DIAGNOSTIC	prefill	392	NONE	kernel-1145-ctx_0x55f2413c4de0.traceg.xz	MISSING
SPECULATIVE_DIAGNOSTIC	prefill	393	NONE	kernel-1146-ctx_0x55f2413c4de0.traceg.xz	MISSING
SPECULATIVE_DIAGNOSTIC	prefill	394	NONE	kernel-1147-ctx_0x55f2413c4de0.traceg.xz	MISSING
SPECULATIVE_DIAGNOSTIC	prefill	395	NONE	kernel-1148-ctx_0x55f2413c4de0.traceg.xz	MISSING
SPECULATIVE_DIAGNOSTIC	prefill	396	NONE	kernel-1149-ctx_0x55f2413c4de0.traceg.xz	MISSING
SPECULATIVE_DIAGNOSTIC	prefill	397	NONE	kernel-1150-ctx_0x55f2413c4de0.traceg.xz	MISSING
SPECULATIVE_DIAGNOSTIC	prefill	398	NONE	kernel-1151-ctx_0x55f2413c4de0.traceg.xz	MISSING
SPECULATIVE_DIAGNOSTIC	prefill	399	NONE	kernel-1152-ctx_0x55f2413c4de0.traceg.xz	MISSING
SPECULATIVE_DIAGNOSTIC	prefill	400	NONE	kernel-1153-ctx_0x55f2413c4de0.traceg.xz	MISSING
SPECULATIVE_DIAGNOSTIC	prefill	401	NONE	kernel-1154-ctx_0x55f2413c4de0.traceg.xz	MISSING
SPECULATIVE_DIAGNOSTIC	prefill	402	NONE	kernel-1155-ctx_0x55f2413c4de0.traceg.xz	MISSING
SPECULATIVE_DIAGNOSTIC	prefill	403	NONE	kernel-1156-ctx_0x55f2413c4de0.traceg.xz	MISSING
SPECULATIVE_DIAGNOSTIC	prefill	404	NONE	kernel-1157-ctx_0x55f2413c4de0.traceg.xz	MISSING
SPECULATIVE_DIAGNOSTIC	prefill	405	NONE	kernel-1158-ctx_0x55f2413c4de0.traceg.xz	MISSING
SPECULATIVE_DIAGNOSTIC	prefill	406	NONE	kernel-1159-ctx_0x55f2413c4de0.traceg.xz	MISSING
SPECULATIVE_DIAGNOSTIC	prefill	407	NONE	kernel-1160-ctx_0x55f2413c4de0.traceg.xz	MISSING
SPECULATIVE_DIAGNOSTIC	prefill	408	NONE	kernel-1161-ctx_0x55f2413c4de0.traceg.xz	MISSING
SPECULATIVE_DIAGNOSTIC	prefill	409	NONE	kernel-1162-ctx_0x55f2413c4de0.traceg.xz	MISSING
SPECULATIVE_DIAGNOSTIC	prefill	410	NONE	kernel-1163-ctx_0x55f2413c4de0.traceg.xz	MISSING
SPECULATIVE_DIAGNOSTIC	prefill	411	NONE	kernel-1164-ctx_0x55f2413c4de0.traceg.xz	MISSING
SPECULATIVE_DIAGNOSTIC	prefill	412	NONE	kernel-1165-ctx_0x55f2413c4de0.traceg.xz	MISSING
SPECULATIVE_DIAGNOSTIC	prefill	413	NONE	kernel-1166-ctx_0x55f2413c4de0.traceg.xz	MISSING
SPECULATIVE_DIAGNOSTIC	prefill	414	NONE	kernel-1167-ctx_0x55f2413c4de0.traceg.xz	MISSING
SPECULATIVE_DIAGNOSTIC	prefill	415	NONE	kernel-1168-ctx_0x55f2413c4de0.traceg.xz	MISSING
SPECULATIVE_DIAGNOSTIC	prefill	416	NONE	kernel-1170-ctx_0x55f2413c4de0.traceg.xz	MISSING
SPECULATIVE_DIAGNOSTIC	prefill	417	NONE	kernel-1171-ctx_0x55f2413c4de0.traceg.xz	MISSING
SPECULATIVE_DIAGNOSTIC	prefill	418	NONE	kernel-1172-ctx_0x55f2413c4de0.traceg.xz	MISSING
SPECULATIVE_DIAGNOSTIC	prefill	419	NONE	kernel-1173-ctx_0x55f2413c4de0.traceg.xz	MISSING
SPECULATIVE_DIAGNOSTIC	prefill	420	NONE	kernel-1174-ctx_0x55f2413c4de0.traceg.xz	MISSING
SPECULATIVE_DIAGNOSTIC	prefill	421	NONE	kernel-1175-ctx_0x55f2413c4de0.traceg.xz	MISSING
SPECULATIVE_DIAGNOSTIC	prefill	422	NONE	kernel-1176-ctx_0x55f2413c4de0.traceg.xz	MISSING
SPECULATIVE_DIAGNOSTIC	prefill	423	NONE	kernel-1177-ctx_0x55f2413c4de0.traceg.xz	MISSING
SPECULATIVE_DIAGNOSTIC	prefill	424	NONE	kernel-1178-ctx_0x55f2413c4de0.traceg.xz	MISSING
SPECULATIVE_DIAGNOSTIC	prefill	425	NONE	kernel-1179-ctx_0x55f2413c4de0.traceg.xz	MISSING
SPECULATIVE_DIAGNOSTIC	prefill	426	NONE	kernel-1180-ctx_0x55f2413c4de0.traceg.xz	MISSING
SPECULATIVE_DIAGNOSTIC	prefill	427	NONE	kernel-1181-ctx_0x55f2413c4de0.traceg.xz	MISSING
SPECULATIVE_DIAGNOSTIC	prefill	428	NONE	kernel-1182-ctx_0x55f2413c4de0.traceg.xz	MISSING
SPECULATIVE_DIAGNOSTIC	prefill	429	NONE	kernel-1183-ctx_0x55f2413c4de0.traceg.xz	MISSING
SPECULATIVE_DIAGNOSTIC	prefill	430	NONE	kernel-1185-ctx_0x55f2413c4de0.traceg.xz	MISSING
SPECULATIVE_DIAGNOSTIC	prefill	431	NONE	kernel-1186-ctx_0x55f2413c4de0.traceg.xz	MISSING
SPECULATIVE_DIAGNOSTIC	prefill	432	NONE	kernel-1187-ctx_0x55f2413c4de0.traceg.xz	MISSING
SPECULATIVE_DIAGNOSTIC	prefill	433	NONE	kernel-1188-ctx_0x55f2413c4de0.traceg.xz	MISSING
SPECULATIVE_DIAGNOSTIC	prefill	434	NONE	kernel-1189-ctx_0x55f2413c4de0.traceg.xz	MISSING
SPECULATIVE_DIAGNOSTIC	prefill	435	NONE	kernel-1190-ctx_0x55f2413c4de0.traceg.xz	MISSING
SPECULATIVE_DIAGNOSTIC	prefill	436	NONE	kernel-1191-ctx_0x55f2413c4de0.traceg.xz	MISSING
SPECULATIVE_DIAGNOSTIC	prefill	437	NONE	kernel-1192-ctx_0x55f2413c4de0.traceg.xz	MISSING
SPECULATIVE_DIAGNOSTIC	prefill	438	NONE	kernel-1193-ctx_0x55f2413c4de0.traceg.xz	MISSING
SPECULATIVE_DIAGNOSTIC	prefill	439	NONE	kernel-1194-ctx_0x55f2413c4de0.traceg.xz	MISSING
SPECULATIVE_DIAGNOSTIC	prefill	440	NONE	kernel-1195-ctx_0x55f2413c4de0.traceg.xz	MISSING
SPECULATIVE_DIAGNOSTIC	prefill	441	NONE	kernel-1196-ctx_0x55f2413c4de0.traceg.xz	MISSING
SPECULATIVE_DIAGNOSTIC	prefill	442	NONE	kernel-1197-ctx_0x55f2413c4de0.traceg.xz	MISSING
SPECULATIVE_DIAGNOSTIC	prefill	443	NONE	kernel-1198-ctx_0x55f2413c4de0.traceg.xz	MISSING
SPECULATIVE_DIAGNOSTIC	prefill	444	NONE	kernel-1199-ctx_0x55f2413c4de0.traceg.xz	MISSING
SPECULATIVE_DIAGNOSTIC	prefill	445	NONE	kernel-1200-ctx_0x55f2413c4de0.traceg.xz	MISSING
SPECULATIVE_DIAGNOSTIC	prefill	446	NONE	kernel-1201-ctx_0x55f2413c4de0.traceg.xz	MISSING
SPECULATIVE_DIAGNOSTIC	prefill	447	NONE	kernel-1202-ctx_0x55f2413c4de0.traceg.xz	MISSING
SPECULATIVE_DIAGNOSTIC	prefill	448	NONE	kernel-1203-ctx_0x55f2413c4de0.traceg.xz	MISSING
SPECULATIVE_DIAGNOSTIC	prefill	449	NONE	kernel-1204-ctx_0x55f2413c4de0.traceg.xz	MISSING
SPECULATIVE_DIAGNOSTIC	prefill	450	NONE	kernel-1205-ctx_0x55f2413c4de0.traceg.xz	MISSING
SPECULATIVE_DIAGNOSTIC	prefill	451	NONE	kernel-1206-ctx_0x55f2413c4de0.traceg.xz	MISSING
SPECULATIVE_DIAGNOSTIC	prefill	452	NONE	kernel-1207-ctx_0x55f2413c4de0.traceg.xz	MISSING
SPECULATIVE_DIAGNOSTIC	prefill	453	NONE	kernel-1208-ctx_0x55f2413c4de0.traceg.xz	MISSING
SPECULATIVE_DIAGNOSTIC	prefill	454	NONE	kernel-1209-ctx_0x55f2413c4de0.traceg.xz	MISSING
SPECULATIVE_DIAGNOSTIC	prefill	455	NONE	kernel-1210-ctx_0x55f2413c4de0.traceg.xz	MISSING
SPECULATIVE_DIAGNOSTIC	prefill	456	NONE	kernel-1211-ctx_0x55f2413c4de0.traceg.xz	MISSING
SPECULATIVE_DIAGNOSTIC	prefill	457	NONE	kernel-1212-ctx_0x55f2413c4de0.traceg.xz	MISSING
SPECULATIVE_DIAGNOSTIC	prefill	458	NONE	kernel-1214-ctx_0x55f2413c4de0.traceg.xz	MISSING
SPECULATIVE_DIAGNOSTIC	prefill	459	NONE	kernel-1215-ctx_0x55f2413c4de0.traceg.xz	MISSING
SPECULATIVE_DIAGNOSTIC	prefill	460	NONE	kernel-1216-ctx_0x55f2413c4de0.traceg.xz	MISSING
SPECULATIVE_DIAGNOSTIC	prefill	461	NONE	kernel-1217-ctx_0x55f2413c4de0.traceg.xz	MISSING
SPECULATIVE_DIAGNOSTIC	prefill	462	NONE	kernel-1218-ctx_0x55f2413c4de0.traceg.xz	MISSING
SPECULATIVE_DIAGNOSTIC	prefill	463	NONE	kernel-1219-ctx_0x55f2413c4de0.traceg.xz	MISSING
SPECULATIVE_DIAGNOSTIC	prefill	464	NONE	kernel-1220-ctx_0x55f2413c4de0.traceg.xz	MISSING
SPECULATIVE_DIAGNOSTIC	prefill	465	NONE	kernel-1221-ctx_0x55f2413c4de0.traceg.xz	MISSING
SPECULATIVE_DIAGNOSTIC	prefill	466	NONE	kernel-1222-ctx_0x55f2413c4de0.traceg.xz	MISSING
SPECULATIVE_DIAGNOSTIC	prefill	467	NONE	kernel-1223-ctx_0x55f2413c4de0.traceg.xz	MISSING
SPECULATIVE_DIAGNOSTIC	prefill	468	NONE	kernel-1224-ctx_0x55f2413c4de0.traceg.xz	MISSING
SPECULATIVE_DIAGNOSTIC	prefill	469	NONE	kernel-1225-ctx_0x55f2413c4de0.traceg.xz	MISSING
SPECULATIVE_DIAGNOSTIC	prefill	470	NONE	kernel-1226-ctx_0x55f2413c4de0.traceg.xz	MISSING
SPECULATIVE_DIAGNOSTIC	prefill	471	NONE	kernel-1227-ctx_0x55f2413c4de0.traceg.xz	MISSING
SPECULATIVE_DIAGNOSTIC	prefill	472	NONE	kernel-1229-ctx_0x55f2413c4de0.traceg.xz	MISSING
SPECULATIVE_DIAGNOSTIC	prefill	473	NONE	kernel-1230-ctx_0x55f2413c4de0.traceg.xz	MISSING
SPECULATIVE_DIAGNOSTIC	prefill	474	NONE	kernel-1231-ctx_0x55f2413c4de0.traceg.xz	MISSING
SPECULATIVE_DIAGNOSTIC	prefill	475	NONE	kernel-1232-ctx_0x55f2413c4de0.traceg.xz	MISSING
SPECULATIVE_DIAGNOSTIC	prefill	476	NONE	kernel-1233-ctx_0x55f2413c4de0.traceg.xz	MISSING
SPECULATIVE_DIAGNOSTIC	prefill	477	NONE	kernel-1234-ctx_0x55f2413c4de0.traceg.xz	MISSING
SPECULATIVE_DIAGNOSTIC	prefill	478	NONE	kernel-1235-ctx_0x55f2413c4de0.traceg.xz	MISSING
SPECULATIVE_DIAGNOSTIC	prefill	479	NONE	kernel-1236-ctx_0x55f2413c4de0.traceg.xz	MISSING
SPECULATIVE_DIAGNOSTIC	prefill	480	NONE	kernel-1237-ctx_0x55f2413c4de0.traceg.xz	MISSING
SPECULATIVE_DIAGNOSTIC	prefill	481	NONE	kernel-1238-ctx_0x55f2413c4de0.traceg.xz	MISSING
SPECULATIVE_DIAGNOSTIC	prefill	482	NONE	kernel-1239-ctx_0x55f2413c4de0.traceg.xz	MISSING
SPECULATIVE_DIAGNOSTIC	prefill	483	NONE	kernel-1240-ctx_0x55f2413c4de0.traceg.xz	MISSING
SPECULATIVE_DIAGNOSTIC	prefill	484	NONE	kernel-1241-ctx_0x55f2413c4de0.traceg.xz	MISSING
SPECULATIVE_DIAGNOSTIC	prefill	485	NONE	kernel-1242-ctx_0x55f2413c4de0.traceg.xz	MISSING
SPECULATIVE_DIAGNOSTIC	prefill	486	NONE	kernel-1243-ctx_0x55f2413c4de0.traceg.xz	MISSING
SPECULATIVE_DIAGNOSTIC	prefill	487	NONE	kernel-1244-ctx_0x55f2413c4de0.traceg.xz	MISSING
SPECULATIVE_DIAGNOSTIC	prefill	488	NONE	kernel-1245-ctx_0x55f2413c4de0.traceg.xz	MISSING
SPECULATIVE_DIAGNOSTIC	prefill	489	NONE	kernel-1246-ctx_0x55f2413c4de0.traceg.xz	MISSING
SPECULATIVE_DIAGNOSTIC	prefill	490	NONE	kernel-1247-ctx_0x55f2413c4de0.traceg.xz	MISSING
SPECULATIVE_DIAGNOSTIC	prefill	491	NONE	kernel-1248-ctx_0x55f2413c4de0.traceg.xz	MISSING
SPECULATIVE_DIAGNOSTIC	prefill	492	NONE	kernel-1249-ctx_0x55f2413c4de0.traceg.xz	MISSING
SPECULATIVE_DIAGNOSTIC	prefill	493	NONE	kernel-1250-ctx_0x55f2413c4de0.traceg.xz	MISSING
SPECULATIVE_DIAGNOSTIC	prefill	494	NONE	kernel-1251-ctx_0x55f2413c4de0.traceg.xz	MISSING
SPECULATIVE_DIAGNOSTIC	prefill	495	NONE	kernel-1252-ctx_0x55f2413c4de0.traceg.xz	MISSING
SPECULATIVE_DIAGNOSTIC	prefill	496	NONE	kernel-1253-ctx_0x55f2413c4de0.traceg.xz	MISSING
SPECULATIVE_DIAGNOSTIC	prefill	497	NONE	kernel-1254-ctx_0x55f2413c4de0.traceg.xz	MISSING
SPECULATIVE_DIAGNOSTIC	prefill	498	NONE	kernel-1255-ctx_0x55f2413c4de0.traceg.xz	MISSING
SPECULATIVE_DIAGNOSTIC	prefill	499	NONE	kernel-1256-ctx_0x55f2413c4de0.traceg.xz	MISSING
SPECULATIVE_DIAGNOSTIC	prefill	500	NONE	kernel-1258-ctx_0x55f2413c4de0.traceg.xz	MISSING
SPECULATIVE_DIAGNOSTIC	prefill	501	NONE	kernel-1259-ctx_0x55f2413c4de0.traceg.xz	MISSING
SPECULATIVE_DIAGNOSTIC	prefill	502	NONE	kernel-1260-ctx_0x55f2413c4de0.traceg.xz	MISSING
SPECULATIVE_DIAGNOSTIC	prefill	503	NONE	kernel-1261-ctx_0x55f2413c4de0.traceg.xz	MISSING
SPECULATIVE_DIAGNOSTIC	prefill	504	NONE	kernel-1262-ctx_0x55f2413c4de0.traceg.xz	MISSING
SPECULATIVE_DIAGNOSTIC	prefill	505	NONE	kernel-1263-ctx_0x55f2413c4de0.traceg.xz	MISSING
SPECULATIVE_DIAGNOSTIC	prefill	506	NONE	kernel-1264-ctx_0x55f2413c4de0.traceg.xz	MISSING
SPECULATIVE_DIAGNOSTIC	prefill	507	NONE	kernel-1265-ctx_0x55f2413c4de0.traceg.xz	MISSING
SPECULATIVE_DIAGNOSTIC	prefill	508	NONE	kernel-1266-ctx_0x55f2413c4de0.traceg.xz	MISSING
SPECULATIVE_DIAGNOSTIC	prefill	509	NONE	kernel-1267-ctx_0x55f2413c4de0.traceg.xz	MISSING
SPECULATIVE_DIAGNOSTIC	prefill	510	NONE	kernel-1268-ctx_0x55f2413c4de0.traceg.xz	MISSING
SPECULATIVE_DIAGNOSTIC	prefill	511	NONE	kernel-1269-ctx_0x55f2413c4de0.traceg.xz	MISSING
SPECULATIVE_DIAGNOSTIC	prefill	512	NONE	kernel-1270-ctx_0x55f2413c4de0.traceg.xz	MISSING
SPECULATIVE_DIAGNOSTIC	prefill	513	NONE	kernel-1271-ctx_0x55f2413c4de0.traceg.xz	MISSING
SPECULATIVE_DIAGNOSTIC	prefill	514	NONE	kernel-1273-ctx_0x55f2413c4de0.traceg.xz	MISSING
SPECULATIVE_DIAGNOSTIC	prefill	515	NONE	kernel-1274-ctx_0x55f2413c4de0.traceg.xz	MISSING
SPECULATIVE_DIAGNOSTIC	prefill	516	NONE	kernel-1275-ctx_0x55f2413c4de0.traceg.xz	MISSING
SPECULATIVE_DIAGNOSTIC	prefill	517	NONE	kernel-1276-ctx_0x55f2413c4de0.traceg.xz	MISSING
SPECULATIVE_DIAGNOSTIC	prefill	518	NONE	kernel-1277-ctx_0x55f2413c4de0.traceg.xz	MISSING
SPECULATIVE_DIAGNOSTIC	prefill	519	NONE	kernel-1278-ctx_0x55f2413c4de0.traceg.xz	MISSING
SPECULATIVE_DIAGNOSTIC	prefill	520	NONE	kernel-1279-ctx_0x55f2413c4de0.traceg.xz	MISSING
SPECULATIVE_DIAGNOSTIC	prefill	521	NONE	kernel-1280-ctx_0x55f2413c4de0.traceg.xz	MISSING
SPECULATIVE_DIAGNOSTIC	prefill	522	NONE	kernel-1281-ctx_0x55f2413c4de0.traceg.xz	MISSING
SPECULATIVE_DIAGNOSTIC	prefill	523	NONE	kernel-1282-ctx_0x55f2413c4de0.traceg.xz	MISSING
SPECULATIVE_DIAGNOSTIC	prefill	524	NONE	kernel-1283-ctx_0x55f2413c4de0.traceg.xz	MISSING
SPECULATIVE_DIAGNOSTIC	prefill	525	NONE	kernel-1284-ctx_0x55f2413c4de0.traceg.xz	MISSING
SPECULATIVE_DIAGNOSTIC	prefill	526	NONE	kernel-1285-ctx_0x55f2413c4de0.traceg.xz	MISSING
SPECULATIVE_DIAGNOSTIC	prefill	527	NONE	kernel-1286-ctx_0x55f2413c4de0.traceg.xz	MISSING
SPECULATIVE_DIAGNOSTIC	prefill	528	NONE	kernel-1287-ctx_0x55f2413c4de0.traceg.xz	MISSING
SPECULATIVE_DIAGNOSTIC	prefill	529	NONE	kernel-1288-ctx_0x55f2413c4de0.traceg.xz	MISSING
SPECULATIVE_DIAGNOSTIC	prefill	530	NONE	kernel-1289-ctx_0x55f2413c4de0.traceg.xz	MISSING
SPECULATIVE_DIAGNOSTIC	prefill	531	NONE	kernel-1290-ctx_0x55f2413c4de0.traceg.xz	MISSING
SPECULATIVE_DIAGNOSTIC	prefill	532	NONE	kernel-1291-ctx_0x55f2413c4de0.traceg.xz	MISSING
SPECULATIVE_DIAGNOSTIC	prefill	533	NONE	kernel-1292-ctx_0x55f2413c4de0.traceg.xz	MISSING
SPECULATIVE_DIAGNOSTIC	prefill	534	NONE	kernel-1293-ctx_0x55f2413c4de0.traceg.xz	MISSING
SPECULATIVE_DIAGNOSTIC	prefill	535	NONE	kernel-1294-ctx_0x55f2413c4de0.traceg.xz	MISSING
SPECULATIVE_DIAGNOSTIC	prefill	536	NONE	kernel-1295-ctx_0x55f2413c4de0.traceg.xz	MISSING
SPECULATIVE_DIAGNOSTIC	prefill	537	NONE	kernel-1296-ctx_0x55f2413c4de0.traceg.xz	MISSING
SPECULATIVE_DIAGNOSTIC	prefill	538	NONE	kernel-1297-ctx_0x55f2413c4de0.traceg.xz	MISSING
SPECULATIVE_DIAGNOSTIC	prefill	539	NONE	kernel-1298-ctx_0x55f2413c4de0.traceg.xz	MISSING
SPECULATIVE_DIAGNOSTIC	prefill	540	NONE	kernel-1299-ctx_0x55f2413c4de0.traceg.xz	MISSING
SPECULATIVE_DIAGNOSTIC	prefill	541	NONE	kernel-1300-ctx_0x55f2413c4de0.traceg.xz	MISSING
SPECULATIVE_DIAGNOSTIC	prefill	542	NONE	kernel-1302-ctx_0x55f2413c4de0.traceg.xz	MISSING
SPECULATIVE_DIAGNOSTIC	prefill	543	NONE	kernel-1303-ctx_0x55f2413c4de0.traceg.xz	MISSING
SPECULATIVE_DIAGNOSTIC	prefill	544	NONE	kernel-1304-ctx_0x55f2413c4de0.traceg.xz	MISSING
SPECULATIVE_DIAGNOSTIC	prefill	545	NONE	kernel-1305-ctx_0x55f2413c4de0.traceg.xz	MISSING
SPECULATIVE_DIAGNOSTIC	prefill	546	NONE	kernel-1306-ctx_0x55f2413c4de0.traceg.xz	MISSING
SPECULATIVE_DIAGNOSTIC	prefill	547	NONE	kernel-1307-ctx_0x55f2413c4de0.traceg.xz	MISSING
SPECULATIVE_DIAGNOSTIC	prefill	548	NONE	kernel-1308-ctx_0x55f2413c4de0.traceg.xz	MISSING
SPECULATIVE_DIAGNOSTIC	prefill	549	NONE	kernel-1309-ctx_0x55f2413c4de0.traceg.xz	MISSING
SPECULATIVE_DIAGNOSTIC	prefill	550	NONE	kernel-1310-ctx_0x55f2413c4de0.traceg.xz	MISSING
SPECULATIVE_DIAGNOSTIC	prefill	551	NONE	kernel-1311-ctx_0x55f2413c4de0.traceg.xz	MISSING
SPECULATIVE_DIAGNOSTIC	prefill	552	NONE	kernel-1312-ctx_0x55f2413c4de0.traceg.xz	MISSING
SPECULATIVE_DIAGNOSTIC	prefill	553	NONE	kernel-1313-ctx_0x55f2413c4de0.traceg.xz	MISSING
SPECULATIVE_DIAGNOSTIC	prefill	554	NONE	kernel-1314-ctx_0x55f2413c4de0.traceg.xz	MISSING
SPECULATIVE_DIAGNOSTIC	prefill	555	NONE	kernel-1315-ctx_0x55f2413c4de0.traceg.xz	MISSING
SPECULATIVE_DIAGNOSTIC	prefill	556	NONE	kernel-1317-ctx_0x55f2413c4de0.traceg.xz	MISSING
SPECULATIVE_DIAGNOSTIC	prefill	557	NONE	kernel-1318-ctx_0x55f2413c4de0.traceg.xz	MISSING
SPECULATIVE_DIAGNOSTIC	prefill	558	NONE	kernel-1319-ctx_0x55f2413c4de0.traceg.xz	MISSING
SPECULATIVE_DIAGNOSTIC	prefill	559	NONE	kernel-1320-ctx_0x55f2413c4de0.traceg.xz	MISSING
SPECULATIVE_DIAGNOSTIC	prefill	560	NONE	kernel-1321-ctx_0x55f2413c4de0.traceg.xz	MISSING
SPECULATIVE_DIAGNOSTIC	prefill	561	NONE	kernel-1322-ctx_0x55f2413c4de0.traceg.xz	MISSING
SPECULATIVE_DIAGNOSTIC	prefill	562	NONE	kernel-1323-ctx_0x55f2413c4de0.traceg.xz	MISSING
SPECULATIVE_DIAGNOSTIC	prefill	563	NONE	kernel-1324-ctx_0x55f2413c4de0.traceg.xz	MISSING
SPECULATIVE_DIAGNOSTIC	prefill	564	NONE	kernel-1325-ctx_0x55f2413c4de0.traceg.xz	MISSING
SPECULATIVE_DIAGNOSTIC	prefill	565	NONE	kernel-1326-ctx_0x55f2413c4de0.traceg.xz	MISSING
SPECULATIVE_DIAGNOSTIC	prefill	566	NONE	kernel-1327-ctx_0x55f2413c4de0.traceg.xz	MISSING
SPECULATIVE_DIAGNOSTIC	prefill	567	NONE	kernel-1328-ctx_0x55f2413c4de0.traceg.xz	MISSING
SPECULATIVE_DIAGNOSTIC	prefill	568	NONE	kernel-1329-ctx_0x55f2413c4de0.traceg.xz	MISSING
SPECULATIVE_DIAGNOSTIC	prefill	569	NONE	kernel-1330-ctx_0x55f2413c4de0.traceg.xz	MISSING
SPECULATIVE_DIAGNOSTIC	prefill	570	NONE	kernel-1331-ctx_0x55f2413c4de0.traceg.xz	MISSING
SPECULATIVE_DIAGNOSTIC	prefill	571	NONE	kernel-1332-ctx_0x55f2413c4de0.traceg.xz	MISSING
SPECULATIVE_DIAGNOSTIC	prefill	572	NONE	kernel-1333-ctx_0x55f2413c4de0.traceg.xz	MISSING
SPECULATIVE_DIAGNOSTIC	prefill	573	NONE	kernel-1334-ctx_0x55f2413c4de0.traceg.xz	MISSING
SPECULATIVE_DIAGNOSTIC	prefill	574	NONE	kernel-1335-ctx_0x55f2413c4de0.traceg.xz	MISSING
SPECULATIVE_DIAGNOSTIC	prefill	575	NONE	kernel-1336-ctx_0x55f2413c4de0.traceg.xz	MISSING
SPECULATIVE_DIAGNOSTIC	prefill	576	NONE	kernel-1337-ctx_0x55f2413c4de0.traceg.xz	MISSING
SPECULATIVE_DIAGNOSTIC	prefill	577	NONE	kernel-1338-ctx_0x55f2413c4de0.traceg.xz	MISSING
SPECULATIVE_DIAGNOSTIC	prefill	578	NONE	kernel-1339-ctx_0x55f2413c4de0.traceg.xz	MISSING
SPECULATIVE_DIAGNOSTIC	prefill	579	NONE	kernel-1340-ctx_0x55f2413c4de0.traceg.xz	MISSING
SPECULATIVE_DIAGNOSTIC	prefill	580	NONE	kernel-1341-ctx_0x55f2413c4de0.traceg.xz	MISSING
SPECULATIVE_DIAGNOSTIC	prefill	581	NONE	kernel-1342-ctx_0x55f2413c4de0.traceg.xz	MISSING
SPECULATIVE_DIAGNOSTIC	prefill	582	NONE	kernel-1343-ctx_0x55f2413c4de0.traceg.xz	MISSING
SPECULATIVE_DIAGNOSTIC	prefill	583	NONE	kernel-1344-ctx_0x55f2413c4de0.traceg.xz	MISSING
SPECULATIVE_DIAGNOSTIC	prefill	584	NONE	kernel-1346-ctx_0x55f2413c4de0.traceg.xz	MISSING
SPECULATIVE_DIAGNOSTIC	prefill	585	NONE	kernel-1347-ctx_0x55f2413c4de0.traceg.xz	MISSING
SPECULATIVE_DIAGNOSTIC	prefill	586	NONE	kernel-1348-ctx_0x55f2413c4de0.traceg.xz	MISSING
SPECULATIVE_DIAGNOSTIC	prefill	587	NONE	kernel-1349-ctx_0x55f2413c4de0.traceg.xz	MISSING
SPECULATIVE_DIAGNOSTIC	prefill	588	NONE	kernel-1350-ctx_0x55f2413c4de0.traceg.xz	MISSING
SPECULATIVE_DIAGNOSTIC	prefill	589	NONE	kernel-1351-ctx_0x55f2413c4de0.traceg.xz	MISSING
SPECULATIVE_DIAGNOSTIC	prefill	590	NONE	kernel-1352-ctx_0x55f2413c4de0.traceg.xz	MISSING
SPECULATIVE_DIAGNOSTIC	prefill	591	NONE	kernel-1353-ctx_0x55f2413c4de0.traceg.xz	MISSING
SPECULATIVE_DIAGNOSTIC	prefill	592	NONE	kernel-1354-ctx_0x55f2413c4de0.traceg.xz	MISSING
SPECULATIVE_DIAGNOSTIC	prefill	593	NONE	kernel-1355-ctx_0x55f2413c4de0.traceg.xz	MISSING
SPECULATIVE_DIAGNOSTIC	prefill	594	NONE	kernel-1356-ctx_0x55f2413c4de0.traceg.xz	MISSING
SPECULATIVE_DIAGNOSTIC	prefill	595	NONE	kernel-1357-ctx_0x55f2413c4de0.traceg.xz	MISSING
SPECULATIVE_DIAGNOSTIC	prefill	596	NONE	kernel-1358-ctx_0x55f2413c4de0.traceg.xz	MISSING
SPECULATIVE_DIAGNOSTIC	prefill	597	NONE	kernel-1359-ctx_0x55f2413c4de0.traceg.xz	MISSING
SPECULATIVE_DIAGNOSTIC	prefill	598	NONE	kernel-1361-ctx_0x55f2413c4de0.traceg.xz	MISSING
SPECULATIVE_DIAGNOSTIC	prefill	599	NONE	kernel-1362-ctx_0x55f2413c4de0.traceg.xz	MISSING
SPECULATIVE_DIAGNOSTIC	prefill	600	NONE	kernel-1363-ctx_0x55f2413c4de0.traceg.xz	MISSING
SPECULATIVE_DIAGNOSTIC	prefill	601	NONE	kernel-1364-ctx_0x55f2413c4de0.traceg.xz	MISSING
SPECULATIVE_DIAGNOSTIC	prefill	602	NONE	kernel-1365-ctx_0x55f2413c4de0.traceg.xz	MISSING
SPECULATIVE_DIAGNOSTIC	prefill	603	NONE	kernel-1366-ctx_0x55f2413c4de0.traceg.xz	MISSING
SPECULATIVE_DIAGNOSTIC	prefill	604	NONE	kernel-1367-ctx_0x55f2413c4de0.traceg.xz	MISSING
SPECULATIVE_DIAGNOSTIC	prefill	605	NONE	kernel-1368-ctx_0x55f2413c4de0.traceg.xz	MISSING
SPECULATIVE_DIAGNOSTIC	prefill	606	NONE	kernel-1369-ctx_0x55f2413c4de0.traceg.xz	MISSING
SPECULATIVE_DIAGNOSTIC	prefill	607	NONE	kernel-1370-ctx_0x55f2413c4de0.traceg.xz	MISSING
SPECULATIVE_DIAGNOSTIC	prefill	608	NONE	kernel-1371-ctx_0x55f2413c4de0.traceg.xz	MISSING
SPECULATIVE_DIAGNOSTIC	prefill	609	NONE	kernel-1372-ctx_0x55f2413c4de0.traceg.xz	MISSING
SPECULATIVE_DIAGNOSTIC	prefill	610	NONE	kernel-1373-ctx_0x55f2413c4de0.traceg.xz	MISSING
SPECULATIVE_DIAGNOSTIC	prefill	611	NONE	kernel-1374-ctx_0x55f2413c4de0.traceg.xz	MISSING
SPECULATIVE_DIAGNOSTIC	prefill	612	NONE	kernel-1375-ctx_0x55f2413c4de0.traceg.xz	MISSING
SPECULATIVE_DIAGNOSTIC	prefill	613	NONE	kernel-1376-ctx_0x55f2413c4de0.traceg.xz	MISSING
SPECULATIVE_DIAGNOSTIC	prefill	614	NONE	kernel-1377-ctx_0x55f2413c4de0.traceg.xz	MISSING
SPECULATIVE_DIAGNOSTIC	prefill	615	NONE	kernel-1378-ctx_0x55f2413c4de0.traceg.xz	MISSING
SPECULATIVE_DIAGNOSTIC	prefill	616	NONE	kernel-1379-ctx_0x55f2413c4de0.traceg.xz	MISSING
SPECULATIVE_DIAGNOSTIC	prefill	617	NONE	kernel-1380-ctx_0x55f2413c4de0.traceg.xz	MISSING
SPECULATIVE_DIAGNOSTIC	prefill	618	NONE	kernel-1381-ctx_0x55f2413c4de0.traceg.xz	MISSING
SPECULATIVE_DIAGNOSTIC	prefill	619	NONE	kernel-1382-ctx_0x55f2413c4de0.traceg.xz	MISSING
SPECULATIVE_DIAGNOSTIC	prefill	620	NONE	kernel-1383-ctx_0x55f2413c4de0.traceg.xz	MISSING
SPECULATIVE_DIAGNOSTIC	prefill	621	NONE	kernel-1384-ctx_0x55f2413c4de0.traceg.xz	MISSING
SPECULATIVE_DIAGNOSTIC	prefill	622	NONE	kernel-1385-ctx_0x55f2413c4de0.traceg.xz	MISSING
SPECULATIVE_DIAGNOSTIC	prefill	623	NONE	kernel-1386-ctx_0x55f2413c4de0.traceg.xz	MISSING
SPECULATIVE_DIAGNOSTIC	prefill	624	NONE	kernel-1387-ctx_0x55f2413c4de0.traceg.xz	MISSING
SPECULATIVE_DIAGNOSTIC	prefill	625	NONE	kernel-1388-ctx_0x55f2413c4de0.traceg.xz	MISSING
SPECULATIVE_DIAGNOSTIC	prefill	626	NONE	kernel-1390-ctx_0x55f2413c4de0.traceg.xz	MISSING
SPECULATIVE_DIAGNOSTIC	prefill	627	NONE	kernel-1391-ctx_0x55f2413c4de0.traceg.xz	MISSING
SPECULATIVE_DIAGNOSTIC	prefill	628	NONE	kernel-1392-ctx_0x55f2413c4de0.traceg.xz	MISSING
SPECULATIVE_DIAGNOSTIC	prefill	629	NONE	kernel-1393-ctx_0x55f2413c4de0.traceg.xz	MISSING
SPECULATIVE_DIAGNOSTIC	prefill	630	NONE	kernel-1394-ctx_0x55f2413c4de0.traceg.xz	MISSING
SPECULATIVE_DIAGNOSTIC	prefill	631	NONE	kernel-1395-ctx_0x55f2413c4de0.traceg.xz	MISSING
SPECULATIVE_DIAGNOSTIC	prefill	632	NONE	kernel-1396-ctx_0x55f2413c4de0.traceg.xz	MISSING
SPECULATIVE_DIAGNOSTIC	prefill	633	NONE	kernel-1397-ctx_0x55f2413c4de0.traceg.xz	MISSING
SPECULATIVE_DIAGNOSTIC	prefill	634	NONE	kernel-1398-ctx_0x55f2413c4de0.traceg.xz	MISSING
SPECULATIVE_DIAGNOSTIC	prefill	635	NONE	kernel-1399-ctx_0x55f2413c4de0.traceg.xz	MISSING
SPECULATIVE_DIAGNOSTIC	prefill	636	NONE	kernel-1400-ctx_0x55f2413c4de0.traceg.xz	MISSING
SPECULATIVE_DIAGNOSTIC	prefill	637	NONE	kernel-1401-ctx_0x55f2413c4de0.traceg.xz	MISSING
SPECULATIVE_DIAGNOSTIC	prefill	638	NONE	kernel-1402-ctx_0x55f2413c4de0.traceg.xz	MISSING
SPECULATIVE_DIAGNOSTIC	prefill	639	NONE	kernel-1403-ctx_0x55f2413c4de0.traceg.xz	MISSING
SPECULATIVE_DIAGNOSTIC	prefill	640	NONE	kernel-1405-ctx_0x55f2413c4de0.traceg.xz	MISSING
SPECULATIVE_DIAGNOSTIC	prefill	641	NONE	kernel-1406-ctx_0x55f2413c4de0.traceg.xz	MISSING
SPECULATIVE_DIAGNOSTIC	prefill	642	NONE	kernel-1407-ctx_0x55f2413c4de0.traceg.xz	MISSING
SPECULATIVE_DIAGNOSTIC	prefill	643	NONE	kernel-1408-ctx_0x55f2413c4de0.traceg.xz	MISSING
SPECULATIVE_DIAGNOSTIC	prefill	644	NONE	kernel-1409-ctx_0x55f2413c4de0.traceg.xz	MISSING
SPECULATIVE_DIAGNOSTIC	prefill	645	NONE	kernel-1410-ctx_0x55f2413c4de0.traceg.xz	MISSING
SPECULATIVE_DIAGNOSTIC	prefill	646	NONE	kernel-1411-ctx_0x55f2413c4de0.traceg.xz	MISSING
SPECULATIVE_DIAGNOSTIC	prefill	647	NONE	kernel-1412-ctx_0x55f2413c4de0.traceg.xz	MISSING
SPECULATIVE_DIAGNOSTIC	prefill	648	NONE	kernel-1413-ctx_0x55f2413c4de0.traceg.xz	MISSING
SPECULATIVE_DIAGNOSTIC	prefill	649	NONE	kernel-1414-ctx_0x55f2413c4de0.traceg.xz	MISSING
SPECULATIVE_DIAGNOSTIC	prefill	650	NONE	kernel-1415-ctx_0x55f2413c4de0.traceg.xz	MISSING
SPECULATIVE_DIAGNOSTIC	prefill	651	NONE	kernel-1416-ctx_0x55f2413c4de0.traceg.xz	MISSING
SPECULATIVE_DIAGNOSTIC	prefill	652	NONE	kernel-1417-ctx_0x55f2413c4de0.traceg.xz	MISSING
SPECULATIVE_DIAGNOSTIC	prefill	653	NONE	kernel-1418-ctx_0x55f2413c4de0.traceg.xz	MISSING
SPECULATIVE_DIAGNOSTIC	prefill	654	NONE	kernel-1419-ctx_0x55f2413c4de0.traceg.xz	MISSING
SPECULATIVE_DIAGNOSTIC	prefill	655	NONE	kernel-1420-ctx_0x55f2413c4de0.traceg.xz	MISSING
SPECULATIVE_DIAGNOSTIC	prefill	656	NONE	kernel-1421-ctx_0x55f2413c4de0.traceg.xz	MISSING
SPECULATIVE_DIAGNOSTIC	prefill	657	NONE	kernel-1422-ctx_0x55f2413c4de0.traceg.xz	MISSING
SPECULATIVE_DIAGNOSTIC	prefill	658	NONE	kernel-1423-ctx_0x55f2413c4de0.traceg.xz	MISSING
SPECULATIVE_DIAGNOSTIC	prefill	659	NONE	kernel-1424-ctx_0x55f2413c4de0.traceg.xz	MISSING
SPECULATIVE_DIAGNOSTIC	prefill	660	NONE	kernel-1425-ctx_0x55f2413c4de0.traceg.xz	MISSING
SPECULATIVE_DIAGNOSTIC	prefill	661	NONE	kernel-1426-ctx_0x55f2413c4de0.traceg.xz	MISSING
SPECULATIVE_DIAGNOSTIC	prefill	662	NONE	kernel-1427-ctx_0x55f2413c4de0.traceg.xz	MISSING
SPECULATIVE_DIAGNOSTIC	prefill	663	NONE	kernel-1428-ctx_0x55f2413c4de0.traceg.xz	MISSING
SPECULATIVE_DIAGNOSTIC	prefill	664	NONE	kernel-1429-ctx_0x55f2413c4de0.traceg.xz	MISSING
SPECULATIVE_DIAGNOSTIC	prefill	665	NONE	kernel-1430-ctx_0x55f2413c4de0.traceg.xz	MISSING
SPECULATIVE_DIAGNOSTIC	prefill	666	NONE	kernel-1431-ctx_0x55f2413c4de0.traceg.xz	MISSING
SPECULATIVE_DIAGNOSTIC	prefill	667	NONE	kernel-1432-ctx_0x55f2413c4de0.traceg.xz	MISSING
SPECULATIVE_DIAGNOSTIC	prefill	668	NONE	kernel-1434-ctx_0x55f2413c4de0.traceg.xz	MISSING
SPECULATIVE_DIAGNOSTIC	prefill	669	NONE	kernel-1435-ctx_0x55f2413c4de0.traceg.xz	MISSING
SPECULATIVE_DIAGNOSTIC	prefill	670	NONE	kernel-1436-ctx_0x55f2413c4de0.traceg.xz	MISSING
SPECULATIVE_DIAGNOSTIC	prefill	671	NONE	kernel-1437-ctx_0x55f2413c4de0.traceg.xz	MISSING
SPECULATIVE_DIAGNOSTIC	prefill	672	NONE	kernel-1438-ctx_0x55f2413c4de0.traceg.xz	MISSING
SPECULATIVE_DIAGNOSTIC	prefill	673	NONE	kernel-1439-ctx_0x55f2413c4de0.traceg.xz	MISSING
SPECULATIVE_DIAGNOSTIC	prefill	674	NONE	kernel-1440-ctx_0x55f2413c4de0.traceg.xz	MISSING
SPECULATIVE_DIAGNOSTIC	prefill	675	NONE	kernel-1441-ctx_0x55f2413c4de0.traceg.xz	MISSING
SPECULATIVE_DIAGNOSTIC	prefill	676	NONE	kernel-1442-ctx_0x55f2413c4de0.traceg.xz	MISSING
SPECULATIVE_DIAGNOSTIC	prefill	677	NONE	kernel-1443-ctx_0x55f2413c4de0.traceg.xz	MISSING
SPECULATIVE_DIAGNOSTIC	prefill	678	NONE	kernel-1444-ctx_0x55f2413c4de0.traceg.xz	MISSING
SPECULATIVE_DIAGNOSTIC	prefill	679	NONE	kernel-1445-ctx_0x55f2413c4de0.traceg.xz	MISSING
SPECULATIVE_DIAGNOSTIC	prefill	680	NONE	kernel-1446-ctx_0x55f2413c4de0.traceg.xz	MISSING
SPECULATIVE_DIAGNOSTIC	prefill	681	NONE	kernel-1447-ctx_0x55f2413c4de0.traceg.xz	MISSING
SPECULATIVE_DIAGNOSTIC	prefill	682	NONE	kernel-1449-ctx_0x55f2413c4de0.traceg.xz	MISSING
SPECULATIVE_DIAGNOSTIC	prefill	683	NONE	kernel-1450-ctx_0x55f2413c4de0.traceg.xz	MISSING
SPECULATIVE_DIAGNOSTIC	prefill	684	NONE	kernel-1451-ctx_0x55f2413c4de0.traceg.xz	MISSING
SPECULATIVE_DIAGNOSTIC	prefill	685	NONE	kernel-1452-ctx_0x55f2413c4de0.traceg.xz	MISSING
SPECULATIVE_DIAGNOSTIC	prefill	686	NONE	kernel-1453-ctx_0x55f2413c4de0.traceg.xz	MISSING
SPECULATIVE_DIAGNOSTIC	prefill	687	NONE	kernel-1454-ctx_0x55f2413c4de0.traceg.xz	MISSING
SPECULATIVE_DIAGNOSTIC	prefill	688	NONE	kernel-1455-ctx_0x55f2413c4de0.traceg.xz	MISSING
SPECULATIVE_DIAGNOSTIC	prefill	689	NONE	kernel-1456-ctx_0x55f2413c4de0.traceg.xz	MISSING
SPECULATIVE_DIAGNOSTIC	prefill	690	NONE	kernel-1457-ctx_0x55f2413c4de0.traceg.xz	MISSING
SPECULATIVE_DIAGNOSTIC	prefill	691	NONE	kernel-1458-ctx_0x55f2413c4de0.traceg.xz	MISSING
SPECULATIVE_DIAGNOSTIC	decode1	0	/workspace/vm-spec-farm/analysis/b1-decode1-stream-full-v2/partials/00000.pkl.xz	kernel-1464-ctx_0x55d98da1ddf0.traceg.xz	PASS
SPECULATIVE_DIAGNOSTIC	decode1	1	/workspace/vm-spec-farm/analysis/b1-decode1-stream-full-v2/partials/00001.pkl.xz	kernel-1465-ctx_0x55d98da1ddf0.traceg.xz	PASS
SPECULATIVE_DIAGNOSTIC	decode1	2	/workspace/vm-spec-farm/analysis/b1-decode1-stream-full-v2/partials/00002.pkl.xz	kernel-1466-ctx_0x55d98da1ddf0.traceg.xz	PASS
SPECULATIVE_DIAGNOSTIC	decode1	3	/workspace/vm-spec-farm/analysis/b1-decode1-stream-full-v2/partials/00003.pkl.xz	kernel-1467-ctx_0x55d98da1ddf0.traceg.xz	PASS
SPECULATIVE_DIAGNOSTIC	decode1	4	/workspace/vm-spec-farm/analysis/b1-decode1-stream-full-v2/partials/00004.pkl.xz	kernel-1468-ctx_0x55d98da1ddf0.traceg.xz	PASS
SPECULATIVE_DIAGNOSTIC	decode1	5	/workspace/vm-spec-farm/analysis/b1-decode1-stream-full-v2/partials/00005.pkl.xz	kernel-1469-ctx_0x55d98da1ddf0.traceg.xz	PASS
SPECULATIVE_DIAGNOSTIC	decode1	6	/workspace/vm-spec-farm/analysis/b1-decode1-stream-full-v2/partials/00006.pkl.xz	kernel-1470-ctx_0x55d98da1ddf0.traceg.xz	PASS
SPECULATIVE_DIAGNOSTIC	decode1	7	/workspace/vm-spec-farm/analysis/b1-decode1-stream-full-v2/partials/00007.pkl.xz	kernel-1471-ctx_0x55d98da1ddf0.traceg.xz	PASS
SPECULATIVE_DIAGNOSTIC	decode1	8	/workspace/vm-spec-farm/analysis/b1-decode1-stream-full-v2/partials/00008.pkl.xz	kernel-1472-ctx_0x55d98da1ddf0.traceg.xz	PASS
SPECULATIVE_DIAGNOSTIC	decode1	9	/workspace/vm-spec-farm/analysis/b1-decode1-stream-full-v2/partials/00009.pkl.xz	kernel-1473-ctx_0x55d98da1ddf0.traceg.xz	PASS
SPECULATIVE_DIAGNOSTIC	decode1	10	/workspace/vm-spec-farm/analysis/b1-decode1-stream-full-v2/partials/00010.pkl.xz	kernel-1474-ctx_0x55d98da1ddf0.traceg.xz	PASS
SPECULATIVE_DIAGNOSTIC	decode1	11	/workspace/vm-spec-farm/analysis/b1-decode1-stream-full-v2/partials/00011.pkl.xz	kernel-1475-ctx_0x55d98da1ddf0.traceg.xz	PASS
SPECULATIVE_DIAGNOSTIC	decode1	12	/workspace/vm-spec-farm/analysis/b1-decode1-stream-full-v2/partials/00012.pkl.xz	kernel-1476-ctx_0x55d98da1ddf0.traceg.xz	PASS
SPECULATIVE_DIAGNOSTIC	decode1	13	/workspace/vm-spec-farm/analysis/b1-decode1-stream-full-v2/partials/00013.pkl.xz	kernel-1477-ctx_0x55d98da1ddf0.traceg.xz	PASS
SPECULATIVE_DIAGNOSTIC	decode1	14	/workspace/vm-spec-farm/analysis/b1-decode1-stream-full-v2/partials/00014.pkl.xz	kernel-1478-ctx_0x55d98da1ddf0.traceg.xz	PASS
SPECULATIVE_DIAGNOSTIC	decode1	15	/workspace/vm-spec-farm/analysis/b1-decode1-stream-full-v2/partials/00015.pkl.xz	kernel-1479-ctx_0x55d98da1ddf0.traceg.xz	PASS
SPECULATIVE_DIAGNOSTIC	decode1	16	/workspace/vm-spec-farm/analysis/b1-decode1-stream-full-v2/partials/00016.pkl.xz	kernel-1480-ctx_0x55d98da1ddf0.traceg.xz	PASS
SPECULATIVE_DIAGNOSTIC	decode1	17	/workspace/vm-spec-farm/analysis/b1-decode1-stream-full-v2/partials/00017.pkl.xz	kernel-1481-ctx_0x55d98da1ddf0.traceg.xz	PASS
SPECULATIVE_DIAGNOSTIC	decode1	18	/workspace/vm-spec-farm/analysis/b1-decode1-stream-full-v2/partials/00018.pkl.xz	kernel-1482-ctx_0x55d98da1ddf0.traceg.xz	PASS
SPECULATIVE_DIAGNOSTIC	decode1	19	/workspace/vm-spec-farm/analysis/b1-decode1-stream-full-v2/partials/00019.pkl.xz	kernel-1483-ctx_0x55d98da1ddf0.traceg.xz	PASS
SPECULATIVE_DIAGNOSTIC	decode1	20	/workspace/vm-spec-farm/analysis/b1-decode1-stream-full-v2/partials/00020.pkl.xz	kernel-1484-ctx_0x55d98da1ddf0.traceg.xz	PASS
SPECULATIVE_DIAGNOSTIC	decode1	21	/workspace/vm-spec-farm/analysis/b1-decode1-stream-full-v2/partials/00021.pkl.xz	kernel-1485-ctx_0x55d98da1ddf0.traceg.xz	PASS
SPECULATIVE_DIAGNOSTIC	decode1	22	/workspace/vm-spec-farm/analysis/b1-decode1-stream-full-v2/partials/00022.pkl.xz	kernel-1486-ctx_0x55d98da1ddf0.traceg.xz	PASS
SPECULATIVE_DIAGNOSTIC	decode1	23	/workspace/vm-spec-farm/analysis/b1-decode1-stream-full-v2/partials/00023.pkl.xz	kernel-1487-ctx_0x55d98da1ddf0.traceg.xz	PASS
SPECULATIVE_DIAGNOSTIC	decode1	24	/workspace/vm-spec-farm/analysis/b1-decode1-stream-full-v2/partials/00024.pkl.xz	kernel-1488-ctx_0x55d98da1ddf0.traceg.xz	PASS
SPECULATIVE_DIAGNOSTIC	decode1	25	/workspace/vm-spec-farm/analysis/b1-decode1-stream-full-v2/partials/00025.pkl.xz	kernel-1489-ctx_0x55d98da1ddf0.traceg.xz	PASS
SPECULATIVE_DIAGNOSTIC	decode1	26	/workspace/vm-spec-farm/analysis/b1-decode1-stream-full-v2/partials/00026.pkl.xz	kernel-1490-ctx_0x55d98da1ddf0.traceg.xz	PASS
SPECULATIVE_DIAGNOSTIC	decode1	27	/workspace/vm-spec-farm/analysis/b1-decode1-stream-full-v2/partials/00027.pkl.xz	kernel-1491-ctx_0x55d98da1ddf0.traceg.xz	PASS
SPECULATIVE_DIAGNOSTIC	decode1	28	/workspace/vm-spec-farm/analysis/b1-decode1-stream-full-v2/partials/00028.pkl.xz	kernel-1492-ctx_0x55d98da1ddf0.traceg.xz	PASS
SPECULATIVE_DIAGNOSTIC	decode1	29	/workspace/vm-spec-farm/analysis/b1-decode1-stream-full-v2/partials/00029.pkl.xz	kernel-1493-ctx_0x55d98da1ddf0.traceg.xz	PASS
SPECULATIVE_DIAGNOSTIC	decode1	30	/workspace/vm-spec-farm/analysis/b1-decode1-stream-full-v2/partials/00030.pkl.xz	kernel-1494-ctx_0x55d98da1ddf0.traceg.xz	PASS
SPECULATIVE_DIAGNOSTIC	decode1	31	/workspace/vm-spec-farm/analysis/b1-decode1-stream-full-v2/partials/00031.pkl.xz	kernel-1495-ctx_0x55d98da1ddf0.traceg.xz	PASS
SPECULATIVE_DIAGNOSTIC	decode1	32	/workspace/vm-spec-farm/analysis/b1-decode1-stream-full-v2/partials/00032.pkl.xz	kernel-1496-ctx_0x55d98da1ddf0.traceg.xz	PASS
SPECULATIVE_DIAGNOSTIC	decode1	33	/workspace/vm-spec-farm/analysis/b1-decode1-stream-full-v2/partials/00033.pkl.xz	kernel-1497-ctx_0x55d98da1ddf0.traceg.xz	PASS
SPECULATIVE_DIAGNOSTIC	decode1	34	/workspace/vm-spec-farm/analysis/b1-decode1-stream-full-v2/partials/00034.pkl.xz	kernel-1498-ctx_0x55d98da1ddf0.traceg.xz	PASS
SPECULATIVE_DIAGNOSTIC	decode1	35	/workspace/vm-spec-farm/analysis/b1-decode1-stream-full-v2/partials/00035.pkl.xz	kernel-1499-ctx_0x55d98da1ddf0.traceg.xz	PASS
SPECULATIVE_DIAGNOSTIC	decode1	36	/workspace/vm-spec-farm/analysis/b1-decode1-stream-full-v2/partials/00036.pkl.xz	kernel-1500-ctx_0x55d98da1ddf0.traceg.xz	PASS
SPECULATIVE_DIAGNOSTIC	decode1	37	/workspace/vm-spec-farm/analysis/b1-decode1-stream-full-v2/partials/00037.pkl.xz	kernel-1501-ctx_0x55d98da1ddf0.traceg.xz	PASS
SPECULATIVE_DIAGNOSTIC	decode1	38	/workspace/vm-spec-farm/analysis/b1-decode1-stream-full-v2/partials/00038.pkl.xz	kernel-1502-ctx_0x55d98da1ddf0.traceg.xz	PASS
SPECULATIVE_DIAGNOSTIC	decode1	39	/workspace/vm-spec-farm/analysis/b1-decode1-stream-full-v2/partials/00039.pkl.xz	kernel-1503-ctx_0x55d98da1ddf0.traceg.xz	PASS
SPECULATIVE_DIAGNOSTIC	decode1	40	/workspace/vm-spec-farm/analysis/b1-decode1-stream-full-v2/partials/00040.pkl.xz	kernel-1504-ctx_0x55d98da1ddf0.traceg.xz	PASS
SPECULATIVE_DIAGNOSTIC	decode1	41	/workspace/vm-spec-farm/analysis/b1-decode1-stream-full-v2/partials/00041.pkl.xz	kernel-1506-ctx_0x55d98da1ddf0.traceg.xz	PASS
SPECULATIVE_DIAGNOSTIC	decode1	42	/workspace/vm-spec-farm/analysis/b1-decode1-stream-full-v2/partials/00042.pkl.xz	kernel-1507-ctx_0x55d98da1ddf0.traceg.xz	PASS
SPECULATIVE_DIAGNOSTIC	decode1	43	/workspace/vm-spec-farm/analysis/b1-decode1-stream-full-v2/partials/00043.pkl.xz	kernel-1508-ctx_0x55d98da1ddf0.traceg.xz	PASS
SPECULATIVE_DIAGNOSTIC	decode1	44	/workspace/vm-spec-farm/analysis/b1-decode1-stream-full-v2/partials/00044.pkl.xz	kernel-1509-ctx_0x55d98da1ddf0.traceg.xz	PASS
SPECULATIVE_DIAGNOSTIC	decode1	45	/workspace/vm-spec-farm/analysis/b1-decode1-stream-full-v2/partials/00045.pkl.xz	kernel-1510-ctx_0x55d98da1ddf0.traceg.xz	PASS
SPECULATIVE_DIAGNOSTIC	decode1	46	/workspace/vm-spec-farm/analysis/b1-decode1-stream-full-v2/partials/00046.pkl.xz	kernel-1511-ctx_0x55d98da1ddf0.traceg.xz	PASS
SPECULATIVE_DIAGNOSTIC	decode1	47	/workspace/vm-spec-farm/analysis/b1-decode1-stream-full-v2/partials/00047.pkl.xz	kernel-1512-ctx_0x55d98da1ddf0.traceg.xz	PASS
SPECULATIVE_DIAGNOSTIC	decode1	48	/workspace/vm-spec-farm/analysis/b1-decode1-stream-full-v2/partials/00048.pkl.xz	kernel-1513-ctx_0x55d98da1ddf0.traceg.xz	PASS
SPECULATIVE_DIAGNOSTIC	decode1	49	/workspace/vm-spec-farm/analysis/b1-decode1-stream-full-v2/partials/00049.pkl.xz	kernel-1514-ctx_0x55d98da1ddf0.traceg.xz	PASS
SPECULATIVE_DIAGNOSTIC	decode1	50	/workspace/vm-spec-farm/analysis/b1-decode1-stream-full-v2/partials/00050.pkl.xz	kernel-1515-ctx_0x55d98da1ddf0.traceg.xz	PASS
SPECULATIVE_DIAGNOSTIC	decode1	51	/workspace/vm-spec-farm/analysis/b1-decode1-stream-full-v2/partials/00051.pkl.xz	kernel-1516-ctx_0x55d98da1ddf0.traceg.xz	PASS
SPECULATIVE_DIAGNOSTIC	decode1	52	/workspace/vm-spec-farm/analysis/b1-decode1-stream-full-v2/partials/00052.pkl.xz	kernel-1517-ctx_0x55d98da1ddf0.traceg.xz	PASS
SPECULATIVE_DIAGNOSTIC	decode1	53	/workspace/vm-spec-farm/analysis/b1-decode1-stream-full-v2/partials/00053.pkl.xz	kernel-1518-ctx_0x55d98da1ddf0.traceg.xz	PASS
SPECULATIVE_DIAGNOSTIC	decode1	54	/workspace/vm-spec-farm/analysis/b1-decode1-stream-full-v2/partials/00054.pkl.xz	kernel-1519-ctx_0x55d98da1ddf0.traceg.xz	PASS
SPECULATIVE_DIAGNOSTIC	decode1	55	/workspace/vm-spec-farm/analysis/b1-decode1-stream-full-v2/partials/00055.pkl.xz	kernel-1521-ctx_0x55d98da1ddf0.traceg.xz	PASS
SPECULATIVE_DIAGNOSTIC	decode1	56	/workspace/vm-spec-farm/analysis/b1-decode1-stream-full-v2/partials/00056.pkl.xz	kernel-1522-ctx_0x55d98da1ddf0.traceg.xz	PASS
SPECULATIVE_DIAGNOSTIC	decode1	57	/workspace/vm-spec-farm/analysis/b1-decode1-stream-full-v2/partials/00057.pkl.xz	kernel-1523-ctx_0x55d98da1ddf0.traceg.xz	PASS
SPECULATIVE_DIAGNOSTIC	decode1	58	/workspace/vm-spec-farm/analysis/b1-decode1-stream-full-v2/partials/00058.pkl.xz	kernel-1524-ctx_0x55d98da1ddf0.traceg.xz	PASS
SPECULATIVE_DIAGNOSTIC	decode1	59	/workspace/vm-spec-farm/analysis/b1-decode1-stream-full-v2/partials/00059.pkl.xz	kernel-1525-ctx_0x55d98da1ddf0.traceg.xz	PASS
SPECULATIVE_DIAGNOSTIC	decode1	60	/workspace/vm-spec-farm/analysis/b1-decode1-stream-full-v2/partials/00060.pkl.xz	kernel-1526-ctx_0x55d98da1ddf0.traceg.xz	PASS
SPECULATIVE_DIAGNOSTIC	decode1	61	/workspace/vm-spec-farm/analysis/b1-decode1-stream-full-v2/partials/00061.pkl.xz	kernel-1527-ctx_0x55d98da1ddf0.traceg.xz	PASS
SPECULATIVE_DIAGNOSTIC	decode1	62	/workspace/vm-spec-farm/analysis/b1-decode1-stream-full-v2/partials/00062.pkl.xz	kernel-1528-ctx_0x55d98da1ddf0.traceg.xz	PASS
SPECULATIVE_DIAGNOSTIC	decode1	63	/workspace/vm-spec-farm/analysis/b1-decode1-stream-full-v2/partials/00063.pkl.xz	kernel-1529-ctx_0x55d98da1ddf0.traceg.xz	PASS
SPECULATIVE_DIAGNOSTIC	decode1	64	/workspace/vm-spec-farm/analysis/b1-decode1-stream-full-v2/partials/00064.pkl.xz	kernel-1530-ctx_0x55d98da1ddf0.traceg.xz	PASS
SPECULATIVE_DIAGNOSTIC	decode1	65	/workspace/vm-spec-farm/analysis/b1-decode1-stream-full-v2/partials/00065.pkl.xz	kernel-1531-ctx_0x55d98da1ddf0.traceg.xz	PASS
SPECULATIVE_DIAGNOSTIC	decode1	66	/workspace/vm-spec-farm/analysis/b1-decode1-stream-full-v2/partials/00066.pkl.xz	kernel-1532-ctx_0x55d98da1ddf0.traceg.xz	PASS
SPECULATIVE_DIAGNOSTIC	decode1	67	/workspace/vm-spec-farm/analysis/b1-decode1-stream-full-v2/partials/00067.pkl.xz	kernel-1533-ctx_0x55d98da1ddf0.traceg.xz	PASS
SPECULATIVE_DIAGNOSTIC	decode1	68	/workspace/vm-spec-farm/analysis/b1-decode1-stream-full-v2/partials/00068.pkl.xz	kernel-1534-ctx_0x55d98da1ddf0.traceg.xz	PASS
SPECULATIVE_DIAGNOSTIC	decode1	69	/workspace/vm-spec-farm/analysis/b1-decode1-stream-full-v2/partials/00069.pkl.xz	kernel-1535-ctx_0x55d98da1ddf0.traceg.xz	PASS
SPECULATIVE_DIAGNOSTIC	decode1	70	/workspace/vm-spec-farm/analysis/b1-decode1-stream-full-v2/partials/00070.pkl.xz	kernel-1536-ctx_0x55d98da1ddf0.traceg.xz	PASS
SPECULATIVE_DIAGNOSTIC	decode1	71	/workspace/vm-spec-farm/analysis/b1-decode1-stream-full-v2/partials/00071.pkl.xz	kernel-1537-ctx_0x55d98da1ddf0.traceg.xz	PASS
SPECULATIVE_DIAGNOSTIC	decode1	72	/workspace/vm-spec-farm/analysis/b1-decode1-stream-full-v2/partials/00072.pkl.xz	kernel-1538-ctx_0x55d98da1ddf0.traceg.xz	PASS
SPECULATIVE_DIAGNOSTIC	decode1	73	/workspace/vm-spec-farm/analysis/b1-decode1-stream-full-v2/partials/00073.pkl.xz	kernel-1539-ctx_0x55d98da1ddf0.traceg.xz	PASS
SPECULATIVE_DIAGNOSTIC	decode1	74	/workspace/vm-spec-farm/analysis/b1-decode1-stream-full-v2/partials/00074.pkl.xz	kernel-1540-ctx_0x55d98da1ddf0.traceg.xz	PASS
SPECULATIVE_DIAGNOSTIC	decode1	75	/workspace/vm-spec-farm/analysis/b1-decode1-stream-full-v2/partials/00075.pkl.xz	kernel-1541-ctx_0x55d98da1ddf0.traceg.xz	PASS
SPECULATIVE_DIAGNOSTIC	decode1	76	/workspace/vm-spec-farm/analysis/b1-decode1-stream-full-v2/partials/00076.pkl.xz	kernel-1542-ctx_0x55d98da1ddf0.traceg.xz	PASS
SPECULATIVE_DIAGNOSTIC	decode1	77	/workspace/vm-spec-farm/analysis/b1-decode1-stream-full-v2/partials/00077.pkl.xz	kernel-1543-ctx_0x55d98da1ddf0.traceg.xz	PASS
SPECULATIVE_DIAGNOSTIC	decode1	78	/workspace/vm-spec-farm/analysis/b1-decode1-stream-full-v2/partials/00078.pkl.xz	kernel-1544-ctx_0x55d98da1ddf0.traceg.xz	PASS
SPECULATIVE_DIAGNOSTIC	decode1	79	/workspace/vm-spec-farm/analysis/b1-decode1-stream-full-v2/partials/00079.pkl.xz	kernel-1545-ctx_0x55d98da1ddf0.traceg.xz	PASS
SPECULATIVE_DIAGNOSTIC	decode1	80	/workspace/vm-spec-farm/analysis/b1-decode1-stream-full-v2/partials/00080.pkl.xz	kernel-1546-ctx_0x55d98da1ddf0.traceg.xz	PASS
SPECULATIVE_DIAGNOSTIC	decode1	81	/workspace/vm-spec-farm/analysis/b1-decode1-stream-full-v2/partials/00081.pkl.xz	kernel-1547-ctx_0x55d98da1ddf0.traceg.xz	PASS
SPECULATIVE_DIAGNOSTIC	decode1	82	/workspace/vm-spec-farm/analysis/b1-decode1-stream-full-v2/partials/00082.pkl.xz	kernel-1548-ctx_0x55d98da1ddf0.traceg.xz	PASS
SPECULATIVE_DIAGNOSTIC	decode1	83	/workspace/vm-spec-farm/analysis/b1-decode1-stream-full-v2/partials/00083.pkl.xz	kernel-1549-ctx_0x55d98da1ddf0.traceg.xz	PASS
SPECULATIVE_DIAGNOSTIC	decode1	84	/workspace/vm-spec-farm/analysis/b1-decode1-stream-full-v2/partials/00084.pkl.xz	kernel-1550-ctx_0x55d98da1ddf0.traceg.xz	PASS
SPECULATIVE_DIAGNOSTIC	decode1	86	/workspace/vm-spec-farm/analysis/b1-decode1-stream-full-v2/partials/00086.pkl.xz	kernel-1553-ctx_0x55d98da1ddf0.traceg.xz	PASS
SPECULATIVE_DIAGNOSTIC	decode1	87	/workspace/vm-spec-farm/analysis/b1-decode1-stream-full-v2/partials/00087.pkl.xz	kernel-1554-ctx_0x55d98da1ddf0.traceg.xz	PASS
SPECULATIVE_DIAGNOSTIC	decode1	88	/workspace/vm-spec-farm/analysis/b1-decode1-stream-full-v2/partials/00088.pkl.xz	kernel-1555-ctx_0x55d98da1ddf0.traceg.xz	PASS
SPECULATIVE_DIAGNOSTIC	decode1	89	/workspace/vm-spec-farm/analysis/b1-decode1-stream-full-v2/partials/00089.pkl.xz	kernel-1556-ctx_0x55d98da1ddf0.traceg.xz	PASS
SPECULATIVE_DIAGNOSTIC	decode1	90	/workspace/vm-spec-farm/analysis/b1-decode1-stream-full-v2/partials/00090.pkl.xz	kernel-1557-ctx_0x55d98da1ddf0.traceg.xz	PASS
SPECULATIVE_DIAGNOSTIC	decode1	91	/workspace/vm-spec-farm/analysis/b1-decode1-stream-full-v2/partials/00091.pkl.xz	kernel-1558-ctx_0x55d98da1ddf0.traceg.xz	PASS
SPECULATIVE_DIAGNOSTIC	decode1	92	/workspace/vm-spec-farm/analysis/b1-decode1-stream-full-v2/partials/00092.pkl.xz	kernel-1559-ctx_0x55d98da1ddf0.traceg.xz	PASS
SPECULATIVE_DIAGNOSTIC	decode1	93	/workspace/vm-spec-farm/analysis/b1-decode1-stream-full-v2/partials/00093.pkl.xz	kernel-1560-ctx_0x55d98da1ddf0.traceg.xz	PASS
SPECULATIVE_DIAGNOSTIC	decode1	94	/workspace/vm-spec-farm/analysis/b1-decode1-stream-full-v2/partials/00094.pkl.xz	kernel-1561-ctx_0x55d98da1ddf0.traceg.xz	PASS
SPECULATIVE_DIAGNOSTIC	decode1	96	/workspace/vm-spec-farm/analysis/b1-decode1-stream-full-v2/partials/00096.pkl.xz	kernel-1563-ctx_0x55d98da1ddf0.traceg.xz	PASS
SPECULATIVE_DIAGNOSTIC	decode1	97	/workspace/vm-spec-farm/analysis/b1-decode1-stream-full-v2/partials/00097.pkl.xz	kernel-1564-ctx_0x55d98da1ddf0.traceg.xz	PASS
SPECULATIVE_DIAGNOSTIC	decode1	85	NONE	kernel-1551-ctx_0x55d98da1ddf0.traceg.xz	MISSING
SPECULATIVE_DIAGNOSTIC	decode1	95	NONE	kernel-1562-ctx_0x55d98da1ddf0.traceg.xz	MISSING
SPECULATIVE_DIAGNOSTIC	decode1	98	NONE	kernel-1565-ctx_0x55d98da1ddf0.traceg.xz	MISSING
SPECULATIVE_DIAGNOSTIC	decode1	99	NONE	kernel-1566-ctx_0x55d98da1ddf0.traceg.xz	MISSING
SPECULATIVE_DIAGNOSTIC	decode1	100	NONE	kernel-1568-ctx_0x55d98da1ddf0.traceg.xz	MISSING
SPECULATIVE_DIAGNOSTIC	decode1	101	NONE	kernel-1569-ctx_0x55d98da1ddf0.traceg.xz	MISSING
SPECULATIVE_DIAGNOSTIC	decode1	102	NONE	kernel-1570-ctx_0x55d98da1ddf0.traceg.xz	MISSING
SPECULATIVE_DIAGNOSTIC	decode1	103	NONE	kernel-1571-ctx_0x55d98da1ddf0.traceg.xz	MISSING
SPECULATIVE_DIAGNOSTIC	decode1	104	NONE	kernel-1572-ctx_0x55d98da1ddf0.traceg.xz	MISSING
SPECULATIVE_DIAGNOSTIC	decode1	105	NONE	kernel-1573-ctx_0x55d98da1ddf0.traceg.xz	MISSING
SPECULATIVE_DIAGNOSTIC	decode1	106	NONE	kernel-1574-ctx_0x55d98da1ddf0.traceg.xz	MISSING
SPECULATIVE_DIAGNOSTIC	decode1	107	NONE	kernel-1575-ctx_0x55d98da1ddf0.traceg.xz	MISSING
SPECULATIVE_DIAGNOSTIC	decode1	108	NONE	kernel-1576-ctx_0x55d98da1ddf0.traceg.xz	MISSING
SPECULATIVE_DIAGNOSTIC	decode1	109	NONE	kernel-1577-ctx_0x55d98da1ddf0.traceg.xz	MISSING
SPECULATIVE_DIAGNOSTIC	decode1	110	NONE	kernel-1578-ctx_0x55d98da1ddf0.traceg.xz	MISSING
SPECULATIVE_DIAGNOSTIC	decode1	111	NONE	kernel-1579-ctx_0x55d98da1ddf0.traceg.xz	MISSING
SPECULATIVE_DIAGNOSTIC	decode1	112	NONE	kernel-1580-ctx_0x55d98da1ddf0.traceg.xz	MISSING
SPECULATIVE_DIAGNOSTIC	decode1	113	NONE	kernel-1581-ctx_0x55d98da1ddf0.traceg.xz	MISSING
SPECULATIVE_DIAGNOSTIC	decode1	114	NONE	kernel-1582-ctx_0x55d98da1ddf0.traceg.xz	MISSING
SPECULATIVE_DIAGNOSTIC	decode1	115	NONE	kernel-1583-ctx_0x55d98da1ddf0.traceg.xz	MISSING
SPECULATIVE_DIAGNOSTIC	decode1	116	NONE	kernel-1584-ctx_0x55d98da1ddf0.traceg.xz	MISSING
SPECULATIVE_DIAGNOSTIC	decode1	117	NONE	kernel-1585-ctx_0x55d98da1ddf0.traceg.xz	MISSING
SPECULATIVE_DIAGNOSTIC	decode1	118	NONE	kernel-1586-ctx_0x55d98da1ddf0.traceg.xz	MISSING
SPECULATIVE_DIAGNOSTIC	decode1	119	NONE	kernel-1587-ctx_0x55d98da1ddf0.traceg.xz	MISSING
SPECULATIVE_DIAGNOSTIC	decode1	120	NONE	kernel-1588-ctx_0x55d98da1ddf0.traceg.xz	MISSING
SPECULATIVE_DIAGNOSTIC	decode1	121	NONE	kernel-1589-ctx_0x55d98da1ddf0.traceg.xz	MISSING
SPECULATIVE_DIAGNOSTIC	decode1	122	NONE	kernel-1590-ctx_0x55d98da1ddf0.traceg.xz	MISSING
SPECULATIVE_DIAGNOSTIC	decode1	123	NONE	kernel-1591-ctx_0x55d98da1ddf0.traceg.xz	MISSING
SPECULATIVE_DIAGNOSTIC	decode1	124	NONE	kernel-1592-ctx_0x55d98da1ddf0.traceg.xz	MISSING
SPECULATIVE_DIAGNOSTIC	decode1	125	NONE	kernel-1593-ctx_0x55d98da1ddf0.traceg.xz	MISSING
SPECULATIVE_DIAGNOSTIC	decode1	126	NONE	kernel-1594-ctx_0x55d98da1ddf0.traceg.xz	MISSING
SPECULATIVE_DIAGNOSTIC	decode1	127	NONE	kernel-1595-ctx_0x55d98da1ddf0.traceg.xz	MISSING
SPECULATIVE_DIAGNOSTIC	decode1	128	NONE	kernel-1596-ctx_0x55d98da1ddf0.traceg.xz	MISSING
SPECULATIVE_DIAGNOSTIC	decode1	129	NONE	kernel-1597-ctx_0x55d98da1ddf0.traceg.xz	MISSING
SPECULATIVE_DIAGNOSTIC	decode1	130	NONE	kernel-1598-ctx_0x55d98da1ddf0.traceg.xz	MISSING
SPECULATIVE_DIAGNOSTIC	decode1	131	NONE	kernel-1600-ctx_0x55d98da1ddf0.traceg.xz	MISSING
SPECULATIVE_DIAGNOSTIC	decode1	132	NONE	kernel-1601-ctx_0x55d98da1ddf0.traceg.xz	MISSING
SPECULATIVE_DIAGNOSTIC	decode1	133	NONE	kernel-1602-ctx_0x55d98da1ddf0.traceg.xz	MISSING
SPECULATIVE_DIAGNOSTIC	decode1	134	NONE	kernel-1603-ctx_0x55d98da1ddf0.traceg.xz	MISSING
SPECULATIVE_DIAGNOSTIC	decode1	135	NONE	kernel-1604-ctx_0x55d98da1ddf0.traceg.xz	MISSING
SPECULATIVE_DIAGNOSTIC	decode1	136	NONE	kernel-1605-ctx_0x55d98da1ddf0.traceg.xz	MISSING
SPECULATIVE_DIAGNOSTIC	decode1	137	NONE	kernel-1606-ctx_0x55d98da1ddf0.traceg.xz	MISSING
SPECULATIVE_DIAGNOSTIC	decode1	138	NONE	kernel-1607-ctx_0x55d98da1ddf0.traceg.xz	MISSING
SPECULATIVE_DIAGNOSTIC	decode1	139	NONE	kernel-1608-ctx_0x55d98da1ddf0.traceg.xz	MISSING
SPECULATIVE_DIAGNOSTIC	decode1	140	NONE	kernel-1609-ctx_0x55d98da1ddf0.traceg.xz	MISSING
SPECULATIVE_DIAGNOSTIC	decode1	141	NONE	kernel-1610-ctx_0x55d98da1ddf0.traceg.xz	MISSING
SPECULATIVE_DIAGNOSTIC	decode1	142	NONE	kernel-1611-ctx_0x55d98da1ddf0.traceg.xz	MISSING
SPECULATIVE_DIAGNOSTIC	decode1	143	NONE	kernel-1612-ctx_0x55d98da1ddf0.traceg.xz	MISSING
SPECULATIVE_DIAGNOSTIC	decode1	144	NONE	kernel-1613-ctx_0x55d98da1ddf0.traceg.xz	MISSING
SPECULATIVE_DIAGNOSTIC	decode1	145	NONE	kernel-1615-ctx_0x55d98da1ddf0.traceg.xz	MISSING
SPECULATIVE_DIAGNOSTIC	decode1	146	NONE	kernel-1616-ctx_0x55d98da1ddf0.traceg.xz	MISSING
SPECULATIVE_DIAGNOSTIC	decode1	147	NONE	kernel-1617-ctx_0x55d98da1ddf0.traceg.xz	MISSING
SPECULATIVE_DIAGNOSTIC	decode1	148	NONE	kernel-1618-ctx_0x55d98da1ddf0.traceg.xz	MISSING
SPECULATIVE_DIAGNOSTIC	decode1	149	NONE	kernel-1619-ctx_0x55d98da1ddf0.traceg.xz	MISSING
SPECULATIVE_DIAGNOSTIC	decode1	150	NONE	kernel-1620-ctx_0x55d98da1ddf0.traceg.xz	MISSING
SPECULATIVE_DIAGNOSTIC	decode1	151	NONE	kernel-1621-ctx_0x55d98da1ddf0.traceg.xz	MISSING
SPECULATIVE_DIAGNOSTIC	decode1	152	NONE	kernel-1622-ctx_0x55d98da1ddf0.traceg.xz	MISSING
SPECULATIVE_DIAGNOSTIC	decode1	153	NONE	kernel-1623-ctx_0x55d98da1ddf0.traceg.xz	MISSING
SPECULATIVE_DIAGNOSTIC	decode1	154	NONE	kernel-1624-ctx_0x55d98da1ddf0.traceg.xz	MISSING
SPECULATIVE_DIAGNOSTIC	decode1	155	NONE	kernel-1625-ctx_0x55d98da1ddf0.traceg.xz	MISSING
SPECULATIVE_DIAGNOSTIC	decode1	156	NONE	kernel-1626-ctx_0x55d98da1ddf0.traceg.xz	MISSING
SPECULATIVE_DIAGNOSTIC	decode1	157	NONE	kernel-1627-ctx_0x55d98da1ddf0.traceg.xz	MISSING
SPECULATIVE_DIAGNOSTIC	decode1	158	NONE	kernel-1628-ctx_0x55d98da1ddf0.traceg.xz	MISSING
SPECULATIVE_DIAGNOSTIC	decode1	159	NONE	kernel-1629-ctx_0x55d98da1ddf0.traceg.xz	MISSING
SPECULATIVE_DIAGNOSTIC	decode1	160	NONE	kernel-1630-ctx_0x55d98da1ddf0.traceg.xz	MISSING
SPECULATIVE_DIAGNOSTIC	decode1	161	NONE	kernel-1631-ctx_0x55d98da1ddf0.traceg.xz	MISSING
SPECULATIVE_DIAGNOSTIC	decode1	162	NONE	kernel-1632-ctx_0x55d98da1ddf0.traceg.xz	MISSING
SPECULATIVE_DIAGNOSTIC	decode1	163	NONE	kernel-1633-ctx_0x55d98da1ddf0.traceg.xz	MISSING
SPECULATIVE_DIAGNOSTIC	decode1	164	NONE	kernel-1634-ctx_0x55d98da1ddf0.traceg.xz	MISSING
SPECULATIVE_DIAGNOSTIC	decode1	165	NONE	kernel-1635-ctx_0x55d98da1ddf0.traceg.xz	MISSING
SPECULATIVE_DIAGNOSTIC	decode1	166	NONE	kernel-1636-ctx_0x55d98da1ddf0.traceg.xz	MISSING
SPECULATIVE_DIAGNOSTIC	decode1	167	NONE	kernel-1637-ctx_0x55d98da1ddf0.traceg.xz	MISSING
SPECULATIVE_DIAGNOSTIC	decode1	168	NONE	kernel-1638-ctx_0x55d98da1ddf0.traceg.xz	MISSING
SPECULATIVE_DIAGNOSTIC	decode1	169	NONE	kernel-1639-ctx_0x55d98da1ddf0.traceg.xz	MISSING
SPECULATIVE_DIAGNOSTIC	decode1	170	NONE	kernel-1640-ctx_0x55d98da1ddf0.traceg.xz	MISSING
SPECULATIVE_DIAGNOSTIC	decode1	171	NONE	kernel-1641-ctx_0x55d98da1ddf0.traceg.xz	MISSING
SPECULATIVE_DIAGNOSTIC	decode1	172	NONE	kernel-1642-ctx_0x55d98da1ddf0.traceg.xz	MISSING
SPECULATIVE_DIAGNOSTIC	decode1	173	NONE	kernel-1643-ctx_0x55d98da1ddf0.traceg.xz	MISSING
SPECULATIVE_DIAGNOSTIC	decode1	174	NONE	kernel-1644-ctx_0x55d98da1ddf0.traceg.xz	MISSING
SPECULATIVE_DIAGNOSTIC	decode1	175	NONE	kernel-1645-ctx_0x55d98da1ddf0.traceg.xz	MISSING
SPECULATIVE_DIAGNOSTIC	decode1	176	NONE	kernel-1647-ctx_0x55d98da1ddf0.traceg.xz	MISSING
SPECULATIVE_DIAGNOSTIC	decode1	177	NONE	kernel-1648-ctx_0x55d98da1ddf0.traceg.xz	MISSING
SPECULATIVE_DIAGNOSTIC	decode1	178	NONE	kernel-1649-ctx_0x55d98da1ddf0.traceg.xz	MISSING
SPECULATIVE_DIAGNOSTIC	decode1	179	NONE	kernel-1650-ctx_0x55d98da1ddf0.traceg.xz	MISSING
SPECULATIVE_DIAGNOSTIC	decode1	180	NONE	kernel-1651-ctx_0x55d98da1ddf0.traceg.xz	MISSING
SPECULATIVE_DIAGNOSTIC	decode1	181	NONE	kernel-1652-ctx_0x55d98da1ddf0.traceg.xz	MISSING
SPECULATIVE_DIAGNOSTIC	decode1	182	NONE	kernel-1653-ctx_0x55d98da1ddf0.traceg.xz	MISSING
SPECULATIVE_DIAGNOSTIC	decode1	183	NONE	kernel-1654-ctx_0x55d98da1ddf0.traceg.xz	MISSING
SPECULATIVE_DIAGNOSTIC	decode1	184	NONE	kernel-1655-ctx_0x55d98da1ddf0.traceg.xz	MISSING
SPECULATIVE_DIAGNOSTIC	decode1	185	NONE	kernel-1656-ctx_0x55d98da1ddf0.traceg.xz	MISSING
SPECULATIVE_DIAGNOSTIC	decode1	186	NONE	kernel-1657-ctx_0x55d98da1ddf0.traceg.xz	MISSING
SPECULATIVE_DIAGNOSTIC	decode1	187	NONE	kernel-1658-ctx_0x55d98da1ddf0.traceg.xz	MISSING
SPECULATIVE_DIAGNOSTIC	decode1	188	NONE	kernel-1659-ctx_0x55d98da1ddf0.traceg.xz	MISSING
SPECULATIVE_DIAGNOSTIC	decode1	189	NONE	kernel-1660-ctx_0x55d98da1ddf0.traceg.xz	MISSING
SPECULATIVE_DIAGNOSTIC	decode1	190	NONE	kernel-1662-ctx_0x55d98da1ddf0.traceg.xz	MISSING
SPECULATIVE_DIAGNOSTIC	decode1	191	NONE	kernel-1663-ctx_0x55d98da1ddf0.traceg.xz	MISSING
SPECULATIVE_DIAGNOSTIC	decode1	192	NONE	kernel-1664-ctx_0x55d98da1ddf0.traceg.xz	MISSING
SPECULATIVE_DIAGNOSTIC	decode1	193	NONE	kernel-1665-ctx_0x55d98da1ddf0.traceg.xz	MISSING
SPECULATIVE_DIAGNOSTIC	decode1	194	NONE	kernel-1666-ctx_0x55d98da1ddf0.traceg.xz	MISSING
SPECULATIVE_DIAGNOSTIC	decode1	195	NONE	kernel-1667-ctx_0x55d98da1ddf0.traceg.xz	MISSING
SPECULATIVE_DIAGNOSTIC	decode1	196	NONE	kernel-1668-ctx_0x55d98da1ddf0.traceg.xz	MISSING
SPECULATIVE_DIAGNOSTIC	decode1	197	NONE	kernel-1669-ctx_0x55d98da1ddf0.traceg.xz	MISSING
SPECULATIVE_DIAGNOSTIC	decode1	198	NONE	kernel-1670-ctx_0x55d98da1ddf0.traceg.xz	MISSING
SPECULATIVE_DIAGNOSTIC	decode1	199	NONE	kernel-1671-ctx_0x55d98da1ddf0.traceg.xz	MISSING
SPECULATIVE_DIAGNOSTIC	decode1	200	NONE	kernel-1672-ctx_0x55d98da1ddf0.traceg.xz	MISSING
SPECULATIVE_DIAGNOSTIC	decode1	201	NONE	kernel-1673-ctx_0x55d98da1ddf0.traceg.xz	MISSING
SPECULATIVE_DIAGNOSTIC	decode1	202	NONE	kernel-1674-ctx_0x55d98da1ddf0.traceg.xz	MISSING
SPECULATIVE_DIAGNOSTIC	decode1	203	NONE	kernel-1675-ctx_0x55d98da1ddf0.traceg.xz	MISSING
SPECULATIVE_DIAGNOSTIC	decode1	204	NONE	kernel-1676-ctx_0x55d98da1ddf0.traceg.xz	MISSING
SPECULATIVE_DIAGNOSTIC	decode1	205	NONE	kernel-1677-ctx_0x55d98da1ddf0.traceg.xz	MISSING
SPECULATIVE_DIAGNOSTIC	decode1	206	NONE	kernel-1678-ctx_0x55d98da1ddf0.traceg.xz	MISSING
SPECULATIVE_DIAGNOSTIC	decode1	207	NONE	kernel-1679-ctx_0x55d98da1ddf0.traceg.xz	MISSING
SPECULATIVE_DIAGNOSTIC	decode1	208	NONE	kernel-1680-ctx_0x55d98da1ddf0.traceg.xz	MISSING
SPECULATIVE_DIAGNOSTIC	decode1	209	NONE	kernel-1681-ctx_0x55d98da1ddf0.traceg.xz	MISSING
SPECULATIVE_DIAGNOSTIC	decode1	210	NONE	kernel-1682-ctx_0x55d98da1ddf0.traceg.xz	MISSING
SPECULATIVE_DIAGNOSTIC	decode1	211	NONE	kernel-1683-ctx_0x55d98da1ddf0.traceg.xz	MISSING
SPECULATIVE_DIAGNOSTIC	decode1	212	NONE	kernel-1684-ctx_0x55d98da1ddf0.traceg.xz	MISSING
SPECULATIVE_DIAGNOSTIC	decode1	213	NONE	kernel-1685-ctx_0x55d98da1ddf0.traceg.xz	MISSING
SPECULATIVE_DIAGNOSTIC	decode1	214	NONE	kernel-1686-ctx_0x55d98da1ddf0.traceg.xz	MISSING
SPECULATIVE_DIAGNOSTIC	decode1	215	NONE	kernel-1687-ctx_0x55d98da1ddf0.traceg.xz	MISSING
SPECULATIVE_DIAGNOSTIC	decode1	216	NONE	kernel-1688-ctx_0x55d98da1ddf0.traceg.xz	MISSING
SPECULATIVE_DIAGNOSTIC	decode1	217	NONE	kernel-1689-ctx_0x55d98da1ddf0.traceg.xz	MISSING
SPECULATIVE_DIAGNOSTIC	decode1	218	NONE	kernel-1690-ctx_0x55d98da1ddf0.traceg.xz	MISSING
SPECULATIVE_DIAGNOSTIC	decode1	219	NONE	kernel-1691-ctx_0x55d98da1ddf0.traceg.xz	MISSING
SPECULATIVE_DIAGNOSTIC	decode1	220	NONE	kernel-1692-ctx_0x55d98da1ddf0.traceg.xz	MISSING
SPECULATIVE_DIAGNOSTIC	decode1	221	NONE	kernel-1694-ctx_0x55d98da1ddf0.traceg.xz	MISSING
SPECULATIVE_DIAGNOSTIC	decode1	222	NONE	kernel-1695-ctx_0x55d98da1ddf0.traceg.xz	MISSING
SPECULATIVE_DIAGNOSTIC	decode1	223	NONE	kernel-1696-ctx_0x55d98da1ddf0.traceg.xz	MISSING
SPECULATIVE_DIAGNOSTIC	decode1	224	NONE	kernel-1697-ctx_0x55d98da1ddf0.traceg.xz	MISSING
SPECULATIVE_DIAGNOSTIC	decode1	225	NONE	kernel-1698-ctx_0x55d98da1ddf0.traceg.xz	MISSING
SPECULATIVE_DIAGNOSTIC	decode1	226	NONE	kernel-1699-ctx_0x55d98da1ddf0.traceg.xz	MISSING
SPECULATIVE_DIAGNOSTIC	decode1	227	NONE	kernel-1700-ctx_0x55d98da1ddf0.traceg.xz	MISSING
SPECULATIVE_DIAGNOSTIC	decode1	228	NONE	kernel-1701-ctx_0x55d98da1ddf0.traceg.xz	MISSING
SPECULATIVE_DIAGNOSTIC	decode1	229	NONE	kernel-1702-ctx_0x55d98da1ddf0.traceg.xz	MISSING
SPECULATIVE_DIAGNOSTIC	decode1	230	NONE	kernel-1703-ctx_0x55d98da1ddf0.traceg.xz	MISSING
SPECULATIVE_DIAGNOSTIC	decode1	231	NONE	kernel-1704-ctx_0x55d98da1ddf0.traceg.xz	MISSING
SPECULATIVE_DIAGNOSTIC	decode1	232	NONE	kernel-1705-ctx_0x55d98da1ddf0.traceg.xz	MISSING
SPECULATIVE_DIAGNOSTIC	decode1	233	NONE	kernel-1706-ctx_0x55d98da1ddf0.traceg.xz	MISSING
SPECULATIVE_DIAGNOSTIC	decode1	234	NONE	kernel-1707-ctx_0x55d98da1ddf0.traceg.xz	MISSING
SPECULATIVE_DIAGNOSTIC	decode1	235	NONE	kernel-1709-ctx_0x55d98da1ddf0.traceg.xz	MISSING
SPECULATIVE_DIAGNOSTIC	decode1	236	NONE	kernel-1710-ctx_0x55d98da1ddf0.traceg.xz	MISSING
SPECULATIVE_DIAGNOSTIC	decode1	237	NONE	kernel-1711-ctx_0x55d98da1ddf0.traceg.xz	MISSING
SPECULATIVE_DIAGNOSTIC	decode1	238	NONE	kernel-1712-ctx_0x55d98da1ddf0.traceg.xz	MISSING
SPECULATIVE_DIAGNOSTIC	decode1	239	NONE	kernel-1713-ctx_0x55d98da1ddf0.traceg.xz	MISSING
SPECULATIVE_DIAGNOSTIC	decode1	240	NONE	kernel-1714-ctx_0x55d98da1ddf0.traceg.xz	MISSING
SPECULATIVE_DIAGNOSTIC	decode1	241	NONE	kernel-1715-ctx_0x55d98da1ddf0.traceg.xz	MISSING
SPECULATIVE_DIAGNOSTIC	decode1	242	NONE	kernel-1716-ctx_0x55d98da1ddf0.traceg.xz	MISSING
SPECULATIVE_DIAGNOSTIC	decode1	243	NONE	kernel-1717-ctx_0x55d98da1ddf0.traceg.xz	MISSING
SPECULATIVE_DIAGNOSTIC	decode1	244	NONE	kernel-1718-ctx_0x55d98da1ddf0.traceg.xz	MISSING
SPECULATIVE_DIAGNOSTIC	decode1	245	NONE	kernel-1719-ctx_0x55d98da1ddf0.traceg.xz	MISSING
SPECULATIVE_DIAGNOSTIC	decode1	246	NONE	kernel-1720-ctx_0x55d98da1ddf0.traceg.xz	MISSING
SPECULATIVE_DIAGNOSTIC	decode1	247	NONE	kernel-1721-ctx_0x55d98da1ddf0.traceg.xz	MISSING
SPECULATIVE_DIAGNOSTIC	decode1	248	NONE	kernel-1722-ctx_0x55d98da1ddf0.traceg.xz	MISSING
SPECULATIVE_DIAGNOSTIC	decode1	249	NONE	kernel-1723-ctx_0x55d98da1ddf0.traceg.xz	MISSING
SPECULATIVE_DIAGNOSTIC	decode1	250	NONE	kernel-1724-ctx_0x55d98da1ddf0.traceg.xz	MISSING
SPECULATIVE_DIAGNOSTIC	decode1	251	NONE	kernel-1725-ctx_0x55d98da1ddf0.traceg.xz	MISSING
SPECULATIVE_DIAGNOSTIC	decode1	252	NONE	kernel-1726-ctx_0x55d98da1ddf0.traceg.xz	MISSING
SPECULATIVE_DIAGNOSTIC	decode1	253	NONE	kernel-1727-ctx_0x55d98da1ddf0.traceg.xz	MISSING
SPECULATIVE_DIAGNOSTIC	decode1	254	NONE	kernel-1728-ctx_0x55d98da1ddf0.traceg.xz	MISSING
SPECULATIVE_DIAGNOSTIC	decode1	255	NONE	kernel-1729-ctx_0x55d98da1ddf0.traceg.xz	MISSING
SPECULATIVE_DIAGNOSTIC	decode1	256	NONE	kernel-1730-ctx_0x55d98da1ddf0.traceg.xz	MISSING
SPECULATIVE_DIAGNOSTIC	decode1	257	NONE	kernel-1731-ctx_0x55d98da1ddf0.traceg.xz	MISSING
SPECULATIVE_DIAGNOSTIC	decode1	258	NONE	kernel-1732-ctx_0x55d98da1ddf0.traceg.xz	MISSING
SPECULATIVE_DIAGNOSTIC	decode1	259	NONE	kernel-1733-ctx_0x55d98da1ddf0.traceg.xz	MISSING
SPECULATIVE_DIAGNOSTIC	decode1	260	NONE	kernel-1734-ctx_0x55d98da1ddf0.traceg.xz	MISSING
SPECULATIVE_DIAGNOSTIC	decode1	261	NONE	kernel-1735-ctx_0x55d98da1ddf0.traceg.xz	MISSING
SPECULATIVE_DIAGNOSTIC	decode1	262	NONE	kernel-1736-ctx_0x55d98da1ddf0.traceg.xz	MISSING
SPECULATIVE_DIAGNOSTIC	decode1	263	NONE	kernel-1737-ctx_0x55d98da1ddf0.traceg.xz	MISSING
SPECULATIVE_DIAGNOSTIC	decode1	264	NONE	kernel-1738-ctx_0x55d98da1ddf0.traceg.xz	MISSING
SPECULATIVE_DIAGNOSTIC	decode1	265	NONE	kernel-1739-ctx_0x55d98da1ddf0.traceg.xz	MISSING
SPECULATIVE_DIAGNOSTIC	decode1	266	NONE	kernel-1741-ctx_0x55d98da1ddf0.traceg.xz	MISSING
SPECULATIVE_DIAGNOSTIC	decode1	267	NONE	kernel-1742-ctx_0x55d98da1ddf0.traceg.xz	MISSING
SPECULATIVE_DIAGNOSTIC	decode1	268	NONE	kernel-1743-ctx_0x55d98da1ddf0.traceg.xz	MISSING
SPECULATIVE_DIAGNOSTIC	decode1	269	NONE	kernel-1744-ctx_0x55d98da1ddf0.traceg.xz	MISSING
SPECULATIVE_DIAGNOSTIC	decode1	270	NONE	kernel-1745-ctx_0x55d98da1ddf0.traceg.xz	MISSING
SPECULATIVE_DIAGNOSTIC	decode1	271	NONE	kernel-1746-ctx_0x55d98da1ddf0.traceg.xz	MISSING
SPECULATIVE_DIAGNOSTIC	decode1	272	NONE	kernel-1747-ctx_0x55d98da1ddf0.traceg.xz	MISSING
SPECULATIVE_DIAGNOSTIC	decode1	273	NONE	kernel-1748-ctx_0x55d98da1ddf0.traceg.xz	MISSING
SPECULATIVE_DIAGNOSTIC	decode1	274	NONE	kernel-1749-ctx_0x55d98da1ddf0.traceg.xz	MISSING
SPECULATIVE_DIAGNOSTIC	decode1	275	NONE	kernel-1750-ctx_0x55d98da1ddf0.traceg.xz	MISSING
SPECULATIVE_DIAGNOSTIC	decode1	276	NONE	kernel-1751-ctx_0x55d98da1ddf0.traceg.xz	MISSING
SPECULATIVE_DIAGNOSTIC	decode1	277	NONE	kernel-1752-ctx_0x55d98da1ddf0.traceg.xz	MISSING
SPECULATIVE_DIAGNOSTIC	decode1	278	NONE	kernel-1753-ctx_0x55d98da1ddf0.traceg.xz	MISSING
SPECULATIVE_DIAGNOSTIC	decode1	279	NONE	kernel-1754-ctx_0x55d98da1ddf0.traceg.xz	MISSING
SPECULATIVE_DIAGNOSTIC	decode1	280	NONE	kernel-1756-ctx_0x55d98da1ddf0.traceg.xz	MISSING
SPECULATIVE_DIAGNOSTIC	decode1	281	NONE	kernel-1757-ctx_0x55d98da1ddf0.traceg.xz	MISSING
SPECULATIVE_DIAGNOSTIC	decode1	282	NONE	kernel-1758-ctx_0x55d98da1ddf0.traceg.xz	MISSING
SPECULATIVE_DIAGNOSTIC	decode1	283	NONE	kernel-1759-ctx_0x55d98da1ddf0.traceg.xz	MISSING
SPECULATIVE_DIAGNOSTIC	decode1	284	NONE	kernel-1760-ctx_0x55d98da1ddf0.traceg.xz	MISSING
SPECULATIVE_DIAGNOSTIC	decode1	285	NONE	kernel-1761-ctx_0x55d98da1ddf0.traceg.xz	MISSING
SPECULATIVE_DIAGNOSTIC	decode1	286	NONE	kernel-1762-ctx_0x55d98da1ddf0.traceg.xz	MISSING
SPECULATIVE_DIAGNOSTIC	decode1	287	NONE	kernel-1763-ctx_0x55d98da1ddf0.traceg.xz	MISSING
SPECULATIVE_DIAGNOSTIC	decode1	288	NONE	kernel-1764-ctx_0x55d98da1ddf0.traceg.xz	MISSING
SPECULATIVE_DIAGNOSTIC	decode1	289	NONE	kernel-1765-ctx_0x55d98da1ddf0.traceg.xz	MISSING
SPECULATIVE_DIAGNOSTIC	decode1	290	NONE	kernel-1766-ctx_0x55d98da1ddf0.traceg.xz	MISSING
SPECULATIVE_DIAGNOSTIC	decode1	291	NONE	kernel-1767-ctx_0x55d98da1ddf0.traceg.xz	MISSING
SPECULATIVE_DIAGNOSTIC	decode1	292	NONE	kernel-1768-ctx_0x55d98da1ddf0.traceg.xz	MISSING
SPECULATIVE_DIAGNOSTIC	decode1	293	NONE	kernel-1769-ctx_0x55d98da1ddf0.traceg.xz	MISSING
SPECULATIVE_DIAGNOSTIC	decode1	294	NONE	kernel-1770-ctx_0x55d98da1ddf0.traceg.xz	MISSING
SPECULATIVE_DIAGNOSTIC	decode1	295	NONE	kernel-1771-ctx_0x55d98da1ddf0.traceg.xz	MISSING
SPECULATIVE_DIAGNOSTIC	decode1	296	NONE	kernel-1772-ctx_0x55d98da1ddf0.traceg.xz	MISSING
SPECULATIVE_DIAGNOSTIC	decode1	297	NONE	kernel-1773-ctx_0x55d98da1ddf0.traceg.xz	MISSING
SPECULATIVE_DIAGNOSTIC	decode1	298	NONE	kernel-1774-ctx_0x55d98da1ddf0.traceg.xz	MISSING
SPECULATIVE_DIAGNOSTIC	decode1	299	NONE	kernel-1775-ctx_0x55d98da1ddf0.traceg.xz	MISSING
SPECULATIVE_DIAGNOSTIC	decode1	300	NONE	kernel-1776-ctx_0x55d98da1ddf0.traceg.xz	MISSING
SPECULATIVE_DIAGNOSTIC	decode1	301	NONE	kernel-1777-ctx_0x55d98da1ddf0.traceg.xz	MISSING
SPECULATIVE_DIAGNOSTIC	decode1	302	NONE	kernel-1778-ctx_0x55d98da1ddf0.traceg.xz	MISSING
SPECULATIVE_DIAGNOSTIC	decode1	303	NONE	kernel-1779-ctx_0x55d98da1ddf0.traceg.xz	MISSING
SPECULATIVE_DIAGNOSTIC	decode1	304	NONE	kernel-1780-ctx_0x55d98da1ddf0.traceg.xz	MISSING
SPECULATIVE_DIAGNOSTIC	decode1	305	NONE	kernel-1781-ctx_0x55d98da1ddf0.traceg.xz	MISSING
SPECULATIVE_DIAGNOSTIC	decode1	306	NONE	kernel-1782-ctx_0x55d98da1ddf0.traceg.xz	MISSING
SPECULATIVE_DIAGNOSTIC	decode1	307	NONE	kernel-1783-ctx_0x55d98da1ddf0.traceg.xz	MISSING
SPECULATIVE_DIAGNOSTIC	decode1	308	NONE	kernel-1784-ctx_0x55d98da1ddf0.traceg.xz	MISSING
SPECULATIVE_DIAGNOSTIC	decode1	309	NONE	kernel-1785-ctx_0x55d98da1ddf0.traceg.xz	MISSING
SPECULATIVE_DIAGNOSTIC	decode1	310	NONE	kernel-1786-ctx_0x55d98da1ddf0.traceg.xz	MISSING
SPECULATIVE_DIAGNOSTIC	decode1	311	NONE	kernel-1788-ctx_0x55d98da1ddf0.traceg.xz	MISSING
SPECULATIVE_DIAGNOSTIC	decode1	312	NONE	kernel-1789-ctx_0x55d98da1ddf0.traceg.xz	MISSING
SPECULATIVE_DIAGNOSTIC	decode1	313	NONE	kernel-1790-ctx_0x55d98da1ddf0.traceg.xz	MISSING
SPECULATIVE_DIAGNOSTIC	decode1	314	NONE	kernel-1791-ctx_0x55d98da1ddf0.traceg.xz	MISSING
SPECULATIVE_DIAGNOSTIC	decode1	315	NONE	kernel-1792-ctx_0x55d98da1ddf0.traceg.xz	MISSING
SPECULATIVE_DIAGNOSTIC	decode1	316	NONE	kernel-1793-ctx_0x55d98da1ddf0.traceg.xz	MISSING
SPECULATIVE_DIAGNOSTIC	decode1	317	NONE	kernel-1794-ctx_0x55d98da1ddf0.traceg.xz	MISSING
SPECULATIVE_DIAGNOSTIC	decode1	318	NONE	kernel-1795-ctx_0x55d98da1ddf0.traceg.xz	MISSING
SPECULATIVE_DIAGNOSTIC	decode1	319	NONE	kernel-1796-ctx_0x55d98da1ddf0.traceg.xz	MISSING
SPECULATIVE_DIAGNOSTIC	decode1	320	NONE	kernel-1797-ctx_0x55d98da1ddf0.traceg.xz	MISSING
SPECULATIVE_DIAGNOSTIC	decode1	321	NONE	kernel-1798-ctx_0x55d98da1ddf0.traceg.xz	MISSING
SPECULATIVE_DIAGNOSTIC	decode1	322	NONE	kernel-1799-ctx_0x55d98da1ddf0.traceg.xz	MISSING
SPECULATIVE_DIAGNOSTIC	decode1	323	NONE	kernel-1800-ctx_0x55d98da1ddf0.traceg.xz	MISSING
SPECULATIVE_DIAGNOSTIC	decode1	324	NONE	kernel-1801-ctx_0x55d98da1ddf0.traceg.xz	MISSING
SPECULATIVE_DIAGNOSTIC	decode1	325	NONE	kernel-1803-ctx_0x55d98da1ddf0.traceg.xz	MISSING
SPECULATIVE_DIAGNOSTIC	decode1	326	NONE	kernel-1804-ctx_0x55d98da1ddf0.traceg.xz	MISSING
SPECULATIVE_DIAGNOSTIC	decode1	327	NONE	kernel-1805-ctx_0x55d98da1ddf0.traceg.xz	MISSING
SPECULATIVE_DIAGNOSTIC	decode1	328	NONE	kernel-1806-ctx_0x55d98da1ddf0.traceg.xz	MISSING
SPECULATIVE_DIAGNOSTIC	decode1	329	NONE	kernel-1807-ctx_0x55d98da1ddf0.traceg.xz	MISSING
SPECULATIVE_DIAGNOSTIC	decode1	330	NONE	kernel-1808-ctx_0x55d98da1ddf0.traceg.xz	MISSING
SPECULATIVE_DIAGNOSTIC	decode1	331	NONE	kernel-1809-ctx_0x55d98da1ddf0.traceg.xz	MISSING
SPECULATIVE_DIAGNOSTIC	decode1	332	NONE	kernel-1810-ctx_0x55d98da1ddf0.traceg.xz	MISSING
SPECULATIVE_DIAGNOSTIC	decode1	333	NONE	kernel-1811-ctx_0x55d98da1ddf0.traceg.xz	MISSING
SPECULATIVE_DIAGNOSTIC	decode1	334	NONE	kernel-1812-ctx_0x55d98da1ddf0.traceg.xz	MISSING
SPECULATIVE_DIAGNOSTIC	decode1	335	NONE	kernel-1813-ctx_0x55d98da1ddf0.traceg.xz	MISSING
SPECULATIVE_DIAGNOSTIC	decode1	336	NONE	kernel-1814-ctx_0x55d98da1ddf0.traceg.xz	MISSING
SPECULATIVE_DIAGNOSTIC	decode1	337	NONE	kernel-1815-ctx_0x55d98da1ddf0.traceg.xz	MISSING
SPECULATIVE_DIAGNOSTIC	decode1	338	NONE	kernel-1816-ctx_0x55d98da1ddf0.traceg.xz	MISSING
SPECULATIVE_DIAGNOSTIC	decode1	339	NONE	kernel-1817-ctx_0x55d98da1ddf0.traceg.xz	MISSING
SPECULATIVE_DIAGNOSTIC	decode1	340	NONE	kernel-1818-ctx_0x55d98da1ddf0.traceg.xz	MISSING
SPECULATIVE_DIAGNOSTIC	decode1	341	NONE	kernel-1819-ctx_0x55d98da1ddf0.traceg.xz	MISSING
SPECULATIVE_DIAGNOSTIC	decode1	342	NONE	kernel-1820-ctx_0x55d98da1ddf0.traceg.xz	MISSING
SPECULATIVE_DIAGNOSTIC	decode1	343	NONE	kernel-1821-ctx_0x55d98da1ddf0.traceg.xz	MISSING
SPECULATIVE_DIAGNOSTIC	decode1	344	NONE	kernel-1822-ctx_0x55d98da1ddf0.traceg.xz	MISSING
SPECULATIVE_DIAGNOSTIC	decode1	345	NONE	kernel-1823-ctx_0x55d98da1ddf0.traceg.xz	MISSING
SPECULATIVE_DIAGNOSTIC	decode1	346	NONE	kernel-1824-ctx_0x55d98da1ddf0.traceg.xz	MISSING
SPECULATIVE_DIAGNOSTIC	decode1	347	NONE	kernel-1825-ctx_0x55d98da1ddf0.traceg.xz	MISSING
SPECULATIVE_DIAGNOSTIC	decode1	348	NONE	kernel-1826-ctx_0x55d98da1ddf0.traceg.xz	MISSING
SPECULATIVE_DIAGNOSTIC	decode1	349	NONE	kernel-1827-ctx_0x55d98da1ddf0.traceg.xz	MISSING
SPECULATIVE_DIAGNOSTIC	decode1	350	NONE	kernel-1828-ctx_0x55d98da1ddf0.traceg.xz	MISSING
SPECULATIVE_DIAGNOSTIC	decode1	351	NONE	kernel-1829-ctx_0x55d98da1ddf0.traceg.xz	MISSING
SPECULATIVE_DIAGNOSTIC	decode1	352	NONE	kernel-1830-ctx_0x55d98da1ddf0.traceg.xz	MISSING
SPECULATIVE_DIAGNOSTIC	decode1	353	NONE	kernel-1831-ctx_0x55d98da1ddf0.traceg.xz	MISSING
SPECULATIVE_DIAGNOSTIC	decode1	354	NONE	kernel-1832-ctx_0x55d98da1ddf0.traceg.xz	MISSING
SPECULATIVE_DIAGNOSTIC	decode1	355	NONE	kernel-1833-ctx_0x55d98da1ddf0.traceg.xz	MISSING
SPECULATIVE_DIAGNOSTIC	decode1	356	NONE	kernel-1835-ctx_0x55d98da1ddf0.traceg.xz	MISSING
SPECULATIVE_DIAGNOSTIC	decode1	357	NONE	kernel-1836-ctx_0x55d98da1ddf0.traceg.xz	MISSING
SPECULATIVE_DIAGNOSTIC	decode1	358	NONE	kernel-1837-ctx_0x55d98da1ddf0.traceg.xz	MISSING
SPECULATIVE_DIAGNOSTIC	decode1	359	NONE	kernel-1838-ctx_0x55d98da1ddf0.traceg.xz	MISSING
SPECULATIVE_DIAGNOSTIC	decode1	360	NONE	kernel-1839-ctx_0x55d98da1ddf0.traceg.xz	MISSING
SPECULATIVE_DIAGNOSTIC	decode1	361	NONE	kernel-1840-ctx_0x55d98da1ddf0.traceg.xz	MISSING
SPECULATIVE_DIAGNOSTIC	decode1	362	NONE	kernel-1841-ctx_0x55d98da1ddf0.traceg.xz	MISSING
SPECULATIVE_DIAGNOSTIC	decode1	363	NONE	kernel-1842-ctx_0x55d98da1ddf0.traceg.xz	MISSING
SPECULATIVE_DIAGNOSTIC	decode1	364	NONE	kernel-1843-ctx_0x55d98da1ddf0.traceg.xz	MISSING
SPECULATIVE_DIAGNOSTIC	decode1	365	NONE	kernel-1844-ctx_0x55d98da1ddf0.traceg.xz	MISSING
SPECULATIVE_DIAGNOSTIC	decode1	366	NONE	kernel-1845-ctx_0x55d98da1ddf0.traceg.xz	MISSING
SPECULATIVE_DIAGNOSTIC	decode1	367	NONE	kernel-1846-ctx_0x55d98da1ddf0.traceg.xz	MISSING
SPECULATIVE_DIAGNOSTIC	decode1	368	NONE	kernel-1847-ctx_0x55d98da1ddf0.traceg.xz	MISSING
SPECULATIVE_DIAGNOSTIC	decode1	369	NONE	kernel-1848-ctx_0x55d98da1ddf0.traceg.xz	MISSING
SPECULATIVE_DIAGNOSTIC	decode1	370	NONE	kernel-1850-ctx_0x55d98da1ddf0.traceg.xz	MISSING
SPECULATIVE_DIAGNOSTIC	decode1	371	NONE	kernel-1851-ctx_0x55d98da1ddf0.traceg.xz	MISSING
SPECULATIVE_DIAGNOSTIC	decode1	372	NONE	kernel-1852-ctx_0x55d98da1ddf0.traceg.xz	MISSING
SPECULATIVE_DIAGNOSTIC	decode1	373	NONE	kernel-1853-ctx_0x55d98da1ddf0.traceg.xz	MISSING
SPECULATIVE_DIAGNOSTIC	decode1	374	NONE	kernel-1854-ctx_0x55d98da1ddf0.traceg.xz	MISSING
SPECULATIVE_DIAGNOSTIC	decode1	375	NONE	kernel-1855-ctx_0x55d98da1ddf0.traceg.xz	MISSING
SPECULATIVE_DIAGNOSTIC	decode1	376	NONE	kernel-1856-ctx_0x55d98da1ddf0.traceg.xz	MISSING
SPECULATIVE_DIAGNOSTIC	decode1	377	NONE	kernel-1857-ctx_0x55d98da1ddf0.traceg.xz	MISSING
SPECULATIVE_DIAGNOSTIC	decode1	378	NONE	kernel-1858-ctx_0x55d98da1ddf0.traceg.xz	MISSING
SPECULATIVE_DIAGNOSTIC	decode1	379	NONE	kernel-1859-ctx_0x55d98da1ddf0.traceg.xz	MISSING
SPECULATIVE_DIAGNOSTIC	decode1	380	NONE	kernel-1860-ctx_0x55d98da1ddf0.traceg.xz	MISSING
SPECULATIVE_DIAGNOSTIC	decode1	381	NONE	kernel-1861-ctx_0x55d98da1ddf0.traceg.xz	MISSING
SPECULATIVE_DIAGNOSTIC	decode1	382	NONE	kernel-1862-ctx_0x55d98da1ddf0.traceg.xz	MISSING
SPECULATIVE_DIAGNOSTIC	decode1	383	NONE	kernel-1863-ctx_0x55d98da1ddf0.traceg.xz	MISSING
SPECULATIVE_DIAGNOSTIC	decode1	384	NONE	kernel-1864-ctx_0x55d98da1ddf0.traceg.xz	MISSING
SPECULATIVE_DIAGNOSTIC	decode1	385	NONE	kernel-1865-ctx_0x55d98da1ddf0.traceg.xz	MISSING
SPECULATIVE_DIAGNOSTIC	decode1	386	NONE	kernel-1866-ctx_0x55d98da1ddf0.traceg.xz	MISSING
SPECULATIVE_DIAGNOSTIC	decode1	387	NONE	kernel-1867-ctx_0x55d98da1ddf0.traceg.xz	MISSING
SPECULATIVE_DIAGNOSTIC	decode1	388	NONE	kernel-1868-ctx_0x55d98da1ddf0.traceg.xz	MISSING
SPECULATIVE_DIAGNOSTIC	decode1	389	NONE	kernel-1869-ctx_0x55d98da1ddf0.traceg.xz	MISSING
SPECULATIVE_DIAGNOSTIC	decode1	390	NONE	kernel-1870-ctx_0x55d98da1ddf0.traceg.xz	MISSING
SPECULATIVE_DIAGNOSTIC	decode1	391	NONE	kernel-1871-ctx_0x55d98da1ddf0.traceg.xz	MISSING
SPECULATIVE_DIAGNOSTIC	decode1	392	NONE	kernel-1872-ctx_0x55d98da1ddf0.traceg.xz	MISSING
SPECULATIVE_DIAGNOSTIC	decode1	393	NONE	kernel-1873-ctx_0x55d98da1ddf0.traceg.xz	MISSING
SPECULATIVE_DIAGNOSTIC	decode1	394	NONE	kernel-1874-ctx_0x55d98da1ddf0.traceg.xz	MISSING
SPECULATIVE_DIAGNOSTIC	decode1	395	NONE	kernel-1875-ctx_0x55d98da1ddf0.traceg.xz	MISSING
SPECULATIVE_DIAGNOSTIC	decode1	396	NONE	kernel-1876-ctx_0x55d98da1ddf0.traceg.xz	MISSING
SPECULATIVE_DIAGNOSTIC	decode1	397	NONE	kernel-1877-ctx_0x55d98da1ddf0.traceg.xz	MISSING
SPECULATIVE_DIAGNOSTIC	decode1	398	NONE	kernel-1878-ctx_0x55d98da1ddf0.traceg.xz	MISSING
SPECULATIVE_DIAGNOSTIC	decode1	399	NONE	kernel-1879-ctx_0x55d98da1ddf0.traceg.xz	MISSING
SPECULATIVE_DIAGNOSTIC	decode1	400	NONE	kernel-1880-ctx_0x55d98da1ddf0.traceg.xz	MISSING
SPECULATIVE_DIAGNOSTIC	decode1	401	NONE	kernel-1882-ctx_0x55d98da1ddf0.traceg.xz	MISSING
SPECULATIVE_DIAGNOSTIC	decode1	402	NONE	kernel-1883-ctx_0x55d98da1ddf0.traceg.xz	MISSING
SPECULATIVE_DIAGNOSTIC	decode1	403	NONE	kernel-1884-ctx_0x55d98da1ddf0.traceg.xz	MISSING
SPECULATIVE_DIAGNOSTIC	decode1	404	NONE	kernel-1885-ctx_0x55d98da1ddf0.traceg.xz	MISSING
SPECULATIVE_DIAGNOSTIC	decode1	405	NONE	kernel-1886-ctx_0x55d98da1ddf0.traceg.xz	MISSING
SPECULATIVE_DIAGNOSTIC	decode1	406	NONE	kernel-1887-ctx_0x55d98da1ddf0.traceg.xz	MISSING
SPECULATIVE_DIAGNOSTIC	decode1	407	NONE	kernel-1888-ctx_0x55d98da1ddf0.traceg.xz	MISSING
SPECULATIVE_DIAGNOSTIC	decode1	408	NONE	kernel-1889-ctx_0x55d98da1ddf0.traceg.xz	MISSING
SPECULATIVE_DIAGNOSTIC	decode1	409	NONE	kernel-1890-ctx_0x55d98da1ddf0.traceg.xz	MISSING
SPECULATIVE_DIAGNOSTIC	decode1	410	NONE	kernel-1891-ctx_0x55d98da1ddf0.traceg.xz	MISSING
SPECULATIVE_DIAGNOSTIC	decode1	411	NONE	kernel-1892-ctx_0x55d98da1ddf0.traceg.xz	MISSING
SPECULATIVE_DIAGNOSTIC	decode1	412	NONE	kernel-1893-ctx_0x55d98da1ddf0.traceg.xz	MISSING
SPECULATIVE_DIAGNOSTIC	decode1	413	NONE	kernel-1894-ctx_0x55d98da1ddf0.traceg.xz	MISSING
SPECULATIVE_DIAGNOSTIC	decode1	414	NONE	kernel-1895-ctx_0x55d98da1ddf0.traceg.xz	MISSING
SPECULATIVE_DIAGNOSTIC	decode1	415	NONE	kernel-1897-ctx_0x55d98da1ddf0.traceg.xz	MISSING
SPECULATIVE_DIAGNOSTIC	decode1	416	NONE	kernel-1898-ctx_0x55d98da1ddf0.traceg.xz	MISSING
SPECULATIVE_DIAGNOSTIC	decode1	417	NONE	kernel-1899-ctx_0x55d98da1ddf0.traceg.xz	MISSING
SPECULATIVE_DIAGNOSTIC	decode1	418	NONE	kernel-1900-ctx_0x55d98da1ddf0.traceg.xz	MISSING
SPECULATIVE_DIAGNOSTIC	decode1	419	NONE	kernel-1901-ctx_0x55d98da1ddf0.traceg.xz	MISSING
SPECULATIVE_DIAGNOSTIC	decode1	420	NONE	kernel-1902-ctx_0x55d98da1ddf0.traceg.xz	MISSING
SPECULATIVE_DIAGNOSTIC	decode1	421	NONE	kernel-1903-ctx_0x55d98da1ddf0.traceg.xz	MISSING
SPECULATIVE_DIAGNOSTIC	decode1	422	NONE	kernel-1904-ctx_0x55d98da1ddf0.traceg.xz	MISSING
SPECULATIVE_DIAGNOSTIC	decode1	423	NONE	kernel-1905-ctx_0x55d98da1ddf0.traceg.xz	MISSING
SPECULATIVE_DIAGNOSTIC	decode1	424	NONE	kernel-1906-ctx_0x55d98da1ddf0.traceg.xz	MISSING
SPECULATIVE_DIAGNOSTIC	decode1	425	NONE	kernel-1907-ctx_0x55d98da1ddf0.traceg.xz	MISSING
SPECULATIVE_DIAGNOSTIC	decode1	426	NONE	kernel-1908-ctx_0x55d98da1ddf0.traceg.xz	MISSING
SPECULATIVE_DIAGNOSTIC	decode1	427	NONE	kernel-1909-ctx_0x55d98da1ddf0.traceg.xz	MISSING
SPECULATIVE_DIAGNOSTIC	decode1	428	NONE	kernel-1910-ctx_0x55d98da1ddf0.traceg.xz	MISSING
SPECULATIVE_DIAGNOSTIC	decode1	429	NONE	kernel-1911-ctx_0x55d98da1ddf0.traceg.xz	MISSING
SPECULATIVE_DIAGNOSTIC	decode1	430	NONE	kernel-1912-ctx_0x55d98da1ddf0.traceg.xz	MISSING
SPECULATIVE_DIAGNOSTIC	decode1	431	NONE	kernel-1913-ctx_0x55d98da1ddf0.traceg.xz	MISSING
SPECULATIVE_DIAGNOSTIC	decode1	432	NONE	kernel-1914-ctx_0x55d98da1ddf0.traceg.xz	MISSING
SPECULATIVE_DIAGNOSTIC	decode1	433	NONE	kernel-1915-ctx_0x55d98da1ddf0.traceg.xz	MISSING
SPECULATIVE_DIAGNOSTIC	decode1	434	NONE	kernel-1916-ctx_0x55d98da1ddf0.traceg.xz	MISSING
SPECULATIVE_DIAGNOSTIC	decode1	435	NONE	kernel-1917-ctx_0x55d98da1ddf0.traceg.xz	MISSING
SPECULATIVE_DIAGNOSTIC	decode1	436	NONE	kernel-1918-ctx_0x55d98da1ddf0.traceg.xz	MISSING
SPECULATIVE_DIAGNOSTIC	decode1	437	NONE	kernel-1919-ctx_0x55d98da1ddf0.traceg.xz	MISSING
SPECULATIVE_DIAGNOSTIC	decode1	438	NONE	kernel-1920-ctx_0x55d98da1ddf0.traceg.xz	MISSING
SPECULATIVE_DIAGNOSTIC	decode1	439	NONE	kernel-1921-ctx_0x55d98da1ddf0.traceg.xz	MISSING
SPECULATIVE_DIAGNOSTIC	decode1	440	NONE	kernel-1922-ctx_0x55d98da1ddf0.traceg.xz	MISSING
SPECULATIVE_DIAGNOSTIC	decode1	441	NONE	kernel-1923-ctx_0x55d98da1ddf0.traceg.xz	MISSING
SPECULATIVE_DIAGNOSTIC	decode1	442	NONE	kernel-1924-ctx_0x55d98da1ddf0.traceg.xz	MISSING
SPECULATIVE_DIAGNOSTIC	decode1	443	NONE	kernel-1925-ctx_0x55d98da1ddf0.traceg.xz	MISSING
SPECULATIVE_DIAGNOSTIC	decode1	444	NONE	kernel-1926-ctx_0x55d98da1ddf0.traceg.xz	MISSING
SPECULATIVE_DIAGNOSTIC	decode1	445	NONE	kernel-1927-ctx_0x55d98da1ddf0.traceg.xz	MISSING
SPECULATIVE_DIAGNOSTIC	decode1	446	NONE	kernel-1929-ctx_0x55d98da1ddf0.traceg.xz	MISSING
SPECULATIVE_DIAGNOSTIC	decode1	447	NONE	kernel-1930-ctx_0x55d98da1ddf0.traceg.xz	MISSING
SPECULATIVE_DIAGNOSTIC	decode1	448	NONE	kernel-1931-ctx_0x55d98da1ddf0.traceg.xz	MISSING
SPECULATIVE_DIAGNOSTIC	decode1	449	NONE	kernel-1932-ctx_0x55d98da1ddf0.traceg.xz	MISSING
SPECULATIVE_DIAGNOSTIC	decode1	450	NONE	kernel-1933-ctx_0x55d98da1ddf0.traceg.xz	MISSING
SPECULATIVE_DIAGNOSTIC	decode1	451	NONE	kernel-1934-ctx_0x55d98da1ddf0.traceg.xz	MISSING
SPECULATIVE_DIAGNOSTIC	decode1	452	NONE	kernel-1935-ctx_0x55d98da1ddf0.traceg.xz	MISSING
SPECULATIVE_DIAGNOSTIC	decode1	453	NONE	kernel-1936-ctx_0x55d98da1ddf0.traceg.xz	MISSING
SPECULATIVE_DIAGNOSTIC	decode1	454	NONE	kernel-1937-ctx_0x55d98da1ddf0.traceg.xz	MISSING
SPECULATIVE_DIAGNOSTIC	decode1	455	NONE	kernel-1938-ctx_0x55d98da1ddf0.traceg.xz	MISSING
SPECULATIVE_DIAGNOSTIC	decode1	456	NONE	kernel-1939-ctx_0x55d98da1ddf0.traceg.xz	MISSING
SPECULATIVE_DIAGNOSTIC	decode1	457	NONE	kernel-1940-ctx_0x55d98da1ddf0.traceg.xz	MISSING
SPECULATIVE_DIAGNOSTIC	decode1	458	NONE	kernel-1941-ctx_0x55d98da1ddf0.traceg.xz	MISSING
SPECULATIVE_DIAGNOSTIC	decode1	459	NONE	kernel-1942-ctx_0x55d98da1ddf0.traceg.xz	MISSING
SPECULATIVE_DIAGNOSTIC	decode1	460	NONE	kernel-1944-ctx_0x55d98da1ddf0.traceg.xz	MISSING
SPECULATIVE_DIAGNOSTIC	decode1	461	NONE	kernel-1945-ctx_0x55d98da1ddf0.traceg.xz	MISSING
SPECULATIVE_DIAGNOSTIC	decode1	462	NONE	kernel-1946-ctx_0x55d98da1ddf0.traceg.xz	MISSING
SPECULATIVE_DIAGNOSTIC	decode1	463	NONE	kernel-1947-ctx_0x55d98da1ddf0.traceg.xz	MISSING
SPECULATIVE_DIAGNOSTIC	decode1	464	NONE	kernel-1948-ctx_0x55d98da1ddf0.traceg.xz	MISSING
SPECULATIVE_DIAGNOSTIC	decode1	465	NONE	kernel-1949-ctx_0x55d98da1ddf0.traceg.xz	MISSING
SPECULATIVE_DIAGNOSTIC	decode1	466	NONE	kernel-1950-ctx_0x55d98da1ddf0.traceg.xz	MISSING
SPECULATIVE_DIAGNOSTIC	decode1	467	NONE	kernel-1951-ctx_0x55d98da1ddf0.traceg.xz	MISSING
SPECULATIVE_DIAGNOSTIC	decode1	468	NONE	kernel-1952-ctx_0x55d98da1ddf0.traceg.xz	MISSING
SPECULATIVE_DIAGNOSTIC	decode1	469	NONE	kernel-1953-ctx_0x55d98da1ddf0.traceg.xz	MISSING
SPECULATIVE_DIAGNOSTIC	decode1	470	NONE	kernel-1954-ctx_0x55d98da1ddf0.traceg.xz	MISSING
SPECULATIVE_DIAGNOSTIC	decode1	471	NONE	kernel-1955-ctx_0x55d98da1ddf0.traceg.xz	MISSING
SPECULATIVE_DIAGNOSTIC	decode1	472	NONE	kernel-1956-ctx_0x55d98da1ddf0.traceg.xz	MISSING
SPECULATIVE_DIAGNOSTIC	decode1	473	NONE	kernel-1957-ctx_0x55d98da1ddf0.traceg.xz	MISSING
SPECULATIVE_DIAGNOSTIC	decode1	474	NONE	kernel-1958-ctx_0x55d98da1ddf0.traceg.xz	MISSING
SPECULATIVE_DIAGNOSTIC	decode1	475	NONE	kernel-1959-ctx_0x55d98da1ddf0.traceg.xz	MISSING
SPECULATIVE_DIAGNOSTIC	decode1	476	NONE	kernel-1960-ctx_0x55d98da1ddf0.traceg.xz	MISSING
SPECULATIVE_DIAGNOSTIC	decode1	477	NONE	kernel-1961-ctx_0x55d98da1ddf0.traceg.xz	MISSING
SPECULATIVE_DIAGNOSTIC	decode1	478	NONE	kernel-1962-ctx_0x55d98da1ddf0.traceg.xz	MISSING
SPECULATIVE_DIAGNOSTIC	decode1	479	NONE	kernel-1963-ctx_0x55d98da1ddf0.traceg.xz	MISSING
SPECULATIVE_DIAGNOSTIC	decode1	480	NONE	kernel-1964-ctx_0x55d98da1ddf0.traceg.xz	MISSING
SPECULATIVE_DIAGNOSTIC	decode1	481	NONE	kernel-1965-ctx_0x55d98da1ddf0.traceg.xz	MISSING
SPECULATIVE_DIAGNOSTIC	decode1	482	NONE	kernel-1966-ctx_0x55d98da1ddf0.traceg.xz	MISSING
SPECULATIVE_DIAGNOSTIC	decode1	483	NONE	kernel-1967-ctx_0x55d98da1ddf0.traceg.xz	MISSING
SPECULATIVE_DIAGNOSTIC	decode1	484	NONE	kernel-1968-ctx_0x55d98da1ddf0.traceg.xz	MISSING
SPECULATIVE_DIAGNOSTIC	decode1	485	NONE	kernel-1969-ctx_0x55d98da1ddf0.traceg.xz	MISSING
SPECULATIVE_DIAGNOSTIC	decode1	486	NONE	kernel-1970-ctx_0x55d98da1ddf0.traceg.xz	MISSING
SPECULATIVE_DIAGNOSTIC	decode1	487	NONE	kernel-1971-ctx_0x55d98da1ddf0.traceg.xz	MISSING
SPECULATIVE_DIAGNOSTIC	decode1	488	NONE	kernel-1972-ctx_0x55d98da1ddf0.traceg.xz	MISSING
SPECULATIVE_DIAGNOSTIC	decode1	489	NONE	kernel-1973-ctx_0x55d98da1ddf0.traceg.xz	MISSING
SPECULATIVE_DIAGNOSTIC	decode1	490	NONE	kernel-1974-ctx_0x55d98da1ddf0.traceg.xz	MISSING
SPECULATIVE_DIAGNOSTIC	decode1	491	NONE	kernel-1976-ctx_0x55d98da1ddf0.traceg.xz	MISSING
SPECULATIVE_DIAGNOSTIC	decode1	492	NONE	kernel-1977-ctx_0x55d98da1ddf0.traceg.xz	MISSING
SPECULATIVE_DIAGNOSTIC	decode1	493	NONE	kernel-1978-ctx_0x55d98da1ddf0.traceg.xz	MISSING
SPECULATIVE_DIAGNOSTIC	decode1	494	NONE	kernel-1979-ctx_0x55d98da1ddf0.traceg.xz	MISSING
SPECULATIVE_DIAGNOSTIC	decode1	495	NONE	kernel-1980-ctx_0x55d98da1ddf0.traceg.xz	MISSING
SPECULATIVE_DIAGNOSTIC	decode1	496	NONE	kernel-1981-ctx_0x55d98da1ddf0.traceg.xz	MISSING
SPECULATIVE_DIAGNOSTIC	decode1	497	NONE	kernel-1982-ctx_0x55d98da1ddf0.traceg.xz	MISSING
SPECULATIVE_DIAGNOSTIC	decode1	498	NONE	kernel-1983-ctx_0x55d98da1ddf0.traceg.xz	MISSING
SPECULATIVE_DIAGNOSTIC	decode1	499	NONE	kernel-1984-ctx_0x55d98da1ddf0.traceg.xz	MISSING
SPECULATIVE_DIAGNOSTIC	decode1	500	NONE	kernel-1985-ctx_0x55d98da1ddf0.traceg.xz	MISSING
SPECULATIVE_DIAGNOSTIC	decode1	501	NONE	kernel-1986-ctx_0x55d98da1ddf0.traceg.xz	MISSING
SPECULATIVE_DIAGNOSTIC	decode1	502	NONE	kernel-1987-ctx_0x55d98da1ddf0.traceg.xz	MISSING
SPECULATIVE_DIAGNOSTIC	decode1	503	NONE	kernel-1988-ctx_0x55d98da1ddf0.traceg.xz	MISSING
SPECULATIVE_DIAGNOSTIC	decode1	504	NONE	kernel-1989-ctx_0x55d98da1ddf0.traceg.xz	MISSING
SPECULATIVE_DIAGNOSTIC	decode1	505	NONE	kernel-1991-ctx_0x55d98da1ddf0.traceg.xz	MISSING
SPECULATIVE_DIAGNOSTIC	decode1	506	NONE	kernel-1992-ctx_0x55d98da1ddf0.traceg.xz	MISSING
SPECULATIVE_DIAGNOSTIC	decode1	507	NONE	kernel-1993-ctx_0x55d98da1ddf0.traceg.xz	MISSING
SPECULATIVE_DIAGNOSTIC	decode1	508	NONE	kernel-1994-ctx_0x55d98da1ddf0.traceg.xz	MISSING
SPECULATIVE_DIAGNOSTIC	decode1	509	NONE	kernel-1995-ctx_0x55d98da1ddf0.traceg.xz	MISSING
SPECULATIVE_DIAGNOSTIC	decode1	510	NONE	kernel-1996-ctx_0x55d98da1ddf0.traceg.xz	MISSING
SPECULATIVE_DIAGNOSTIC	decode1	511	NONE	kernel-1997-ctx_0x55d98da1ddf0.traceg.xz	MISSING
SPECULATIVE_DIAGNOSTIC	decode1	512	NONE	kernel-1998-ctx_0x55d98da1ddf0.traceg.xz	MISSING
SPECULATIVE_DIAGNOSTIC	decode1	513	NONE	kernel-1999-ctx_0x55d98da1ddf0.traceg.xz	MISSING
SPECULATIVE_DIAGNOSTIC	decode1	514	NONE	kernel-2000-ctx_0x55d98da1ddf0.traceg.xz	MISSING
SPECULATIVE_DIAGNOSTIC	decode1	515	NONE	kernel-2001-ctx_0x55d98da1ddf0.traceg.xz	MISSING
SPECULATIVE_DIAGNOSTIC	decode1	516	NONE	kernel-2002-ctx_0x55d98da1ddf0.traceg.xz	MISSING
SPECULATIVE_DIAGNOSTIC	decode1	517	NONE	kernel-2003-ctx_0x55d98da1ddf0.traceg.xz	MISSING
SPECULATIVE_DIAGNOSTIC	decode1	518	NONE	kernel-2004-ctx_0x55d98da1ddf0.traceg.xz	MISSING
SPECULATIVE_DIAGNOSTIC	decode1	519	NONE	kernel-2005-ctx_0x55d98da1ddf0.traceg.xz	MISSING
SPECULATIVE_DIAGNOSTIC	decode1	520	NONE	kernel-2006-ctx_0x55d98da1ddf0.traceg.xz	MISSING
SPECULATIVE_DIAGNOSTIC	decode1	521	NONE	kernel-2007-ctx_0x55d98da1ddf0.traceg.xz	MISSING
SPECULATIVE_DIAGNOSTIC	decode1	522	NONE	kernel-2008-ctx_0x55d98da1ddf0.traceg.xz	MISSING
SPECULATIVE_DIAGNOSTIC	decode1	523	NONE	kernel-2009-ctx_0x55d98da1ddf0.traceg.xz	MISSING
SPECULATIVE_DIAGNOSTIC	decode1	524	NONE	kernel-2010-ctx_0x55d98da1ddf0.traceg.xz	MISSING
SPECULATIVE_DIAGNOSTIC	decode1	525	NONE	kernel-2011-ctx_0x55d98da1ddf0.traceg.xz	MISSING
SPECULATIVE_DIAGNOSTIC	decode1	526	NONE	kernel-2012-ctx_0x55d98da1ddf0.traceg.xz	MISSING
SPECULATIVE_DIAGNOSTIC	decode1	527	NONE	kernel-2013-ctx_0x55d98da1ddf0.traceg.xz	MISSING
SPECULATIVE_DIAGNOSTIC	decode1	528	NONE	kernel-2014-ctx_0x55d98da1ddf0.traceg.xz	MISSING
SPECULATIVE_DIAGNOSTIC	decode1	529	NONE	kernel-2015-ctx_0x55d98da1ddf0.traceg.xz	MISSING
SPECULATIVE_DIAGNOSTIC	decode1	530	NONE	kernel-2016-ctx_0x55d98da1ddf0.traceg.xz	MISSING
SPECULATIVE_DIAGNOSTIC	decode1	531	NONE	kernel-2017-ctx_0x55d98da1ddf0.traceg.xz	MISSING
SPECULATIVE_DIAGNOSTIC	decode1	532	NONE	kernel-2018-ctx_0x55d98da1ddf0.traceg.xz	MISSING
SPECULATIVE_DIAGNOSTIC	decode1	533	NONE	kernel-2019-ctx_0x55d98da1ddf0.traceg.xz	MISSING
SPECULATIVE_DIAGNOSTIC	decode1	534	NONE	kernel-2020-ctx_0x55d98da1ddf0.traceg.xz	MISSING
SPECULATIVE_DIAGNOSTIC	decode1	535	NONE	kernel-2021-ctx_0x55d98da1ddf0.traceg.xz	MISSING
SPECULATIVE_DIAGNOSTIC	decode1	536	NONE	kernel-2023-ctx_0x55d98da1ddf0.traceg.xz	MISSING
SPECULATIVE_DIAGNOSTIC	decode1	537	NONE	kernel-2024-ctx_0x55d98da1ddf0.traceg.xz	MISSING
SPECULATIVE_DIAGNOSTIC	decode1	538	NONE	kernel-2025-ctx_0x55d98da1ddf0.traceg.xz	MISSING
SPECULATIVE_DIAGNOSTIC	decode1	539	NONE	kernel-2026-ctx_0x55d98da1ddf0.traceg.xz	MISSING
SPECULATIVE_DIAGNOSTIC	decode1	540	NONE	kernel-2027-ctx_0x55d98da1ddf0.traceg.xz	MISSING
SPECULATIVE_DIAGNOSTIC	decode1	541	NONE	kernel-2028-ctx_0x55d98da1ddf0.traceg.xz	MISSING
SPECULATIVE_DIAGNOSTIC	decode1	542	NONE	kernel-2029-ctx_0x55d98da1ddf0.traceg.xz	MISSING
SPECULATIVE_DIAGNOSTIC	decode1	543	NONE	kernel-2030-ctx_0x55d98da1ddf0.traceg.xz	MISSING
SPECULATIVE_DIAGNOSTIC	decode1	544	NONE	kernel-2031-ctx_0x55d98da1ddf0.traceg.xz	MISSING
SPECULATIVE_DIAGNOSTIC	decode1	545	NONE	kernel-2032-ctx_0x55d98da1ddf0.traceg.xz	MISSING
SPECULATIVE_DIAGNOSTIC	decode1	546	NONE	kernel-2033-ctx_0x55d98da1ddf0.traceg.xz	MISSING
SPECULATIVE_DIAGNOSTIC	decode1	547	NONE	kernel-2034-ctx_0x55d98da1ddf0.traceg.xz	MISSING
SPECULATIVE_DIAGNOSTIC	decode1	548	NONE	kernel-2035-ctx_0x55d98da1ddf0.traceg.xz	MISSING
SPECULATIVE_DIAGNOSTIC	decode1	549	NONE	kernel-2036-ctx_0x55d98da1ddf0.traceg.xz	MISSING
SPECULATIVE_DIAGNOSTIC	decode1	550	NONE	kernel-2038-ctx_0x55d98da1ddf0.traceg.xz	MISSING
SPECULATIVE_DIAGNOSTIC	decode1	551	NONE	kernel-2039-ctx_0x55d98da1ddf0.traceg.xz	MISSING
SPECULATIVE_DIAGNOSTIC	decode1	552	NONE	kernel-2040-ctx_0x55d98da1ddf0.traceg.xz	MISSING
SPECULATIVE_DIAGNOSTIC	decode1	553	NONE	kernel-2041-ctx_0x55d98da1ddf0.traceg.xz	MISSING
SPECULATIVE_DIAGNOSTIC	decode1	554	NONE	kernel-2042-ctx_0x55d98da1ddf0.traceg.xz	MISSING
SPECULATIVE_DIAGNOSTIC	decode1	555	NONE	kernel-2043-ctx_0x55d98da1ddf0.traceg.xz	MISSING
SPECULATIVE_DIAGNOSTIC	decode1	556	NONE	kernel-2044-ctx_0x55d98da1ddf0.traceg.xz	MISSING
SPECULATIVE_DIAGNOSTIC	decode1	557	NONE	kernel-2045-ctx_0x55d98da1ddf0.traceg.xz	MISSING
SPECULATIVE_DIAGNOSTIC	decode1	558	NONE	kernel-2046-ctx_0x55d98da1ddf0.traceg.xz	MISSING
SPECULATIVE_DIAGNOSTIC	decode1	559	NONE	kernel-2047-ctx_0x55d98da1ddf0.traceg.xz	MISSING
SPECULATIVE_DIAGNOSTIC	decode1	560	NONE	kernel-2048-ctx_0x55d98da1ddf0.traceg.xz	MISSING
SPECULATIVE_DIAGNOSTIC	decode1	561	NONE	kernel-2049-ctx_0x55d98da1ddf0.traceg.xz	MISSING
SPECULATIVE_DIAGNOSTIC	decode1	562	NONE	kernel-2050-ctx_0x55d98da1ddf0.traceg.xz	MISSING
SPECULATIVE_DIAGNOSTIC	decode1	563	NONE	kernel-2051-ctx_0x55d98da1ddf0.traceg.xz	MISSING
SPECULATIVE_DIAGNOSTIC	decode1	564	NONE	kernel-2052-ctx_0x55d98da1ddf0.traceg.xz	MISSING
SPECULATIVE_DIAGNOSTIC	decode1	565	NONE	kernel-2053-ctx_0x55d98da1ddf0.traceg.xz	MISSING
SPECULATIVE_DIAGNOSTIC	decode1	566	NONE	kernel-2054-ctx_0x55d98da1ddf0.traceg.xz	MISSING
SPECULATIVE_DIAGNOSTIC	decode1	567	NONE	kernel-2055-ctx_0x55d98da1ddf0.traceg.xz	MISSING
SPECULATIVE_DIAGNOSTIC	decode1	568	NONE	kernel-2056-ctx_0x55d98da1ddf0.traceg.xz	MISSING
SPECULATIVE_DIAGNOSTIC	decode1	569	NONE	kernel-2057-ctx_0x55d98da1ddf0.traceg.xz	MISSING
SPECULATIVE_DIAGNOSTIC	decode1	570	NONE	kernel-2058-ctx_0x55d98da1ddf0.traceg.xz	MISSING
SPECULATIVE_DIAGNOSTIC	decode1	571	NONE	kernel-2059-ctx_0x55d98da1ddf0.traceg.xz	MISSING
SPECULATIVE_DIAGNOSTIC	decode1	572	NONE	kernel-2060-ctx_0x55d98da1ddf0.traceg.xz	MISSING
SPECULATIVE_DIAGNOSTIC	decode1	573	NONE	kernel-2061-ctx_0x55d98da1ddf0.traceg.xz	MISSING
SPECULATIVE_DIAGNOSTIC	decode1	574	NONE	kernel-2062-ctx_0x55d98da1ddf0.traceg.xz	MISSING
SPECULATIVE_DIAGNOSTIC	decode1	575	NONE	kernel-2063-ctx_0x55d98da1ddf0.traceg.xz	MISSING
SPECULATIVE_DIAGNOSTIC	decode1	576	NONE	kernel-2064-ctx_0x55d98da1ddf0.traceg.xz	MISSING
SPECULATIVE_DIAGNOSTIC	decode1	577	NONE	kernel-2065-ctx_0x55d98da1ddf0.traceg.xz	MISSING
SPECULATIVE_DIAGNOSTIC	decode1	578	NONE	kernel-2066-ctx_0x55d98da1ddf0.traceg.xz	MISSING
SPECULATIVE_DIAGNOSTIC	decode1	579	NONE	kernel-2067-ctx_0x55d98da1ddf0.traceg.xz	MISSING
SPECULATIVE_DIAGNOSTIC	decode1	580	NONE	kernel-2068-ctx_0x55d98da1ddf0.traceg.xz	MISSING
SPECULATIVE_DIAGNOSTIC	decode1	581	NONE	kernel-2070-ctx_0x55d98da1ddf0.traceg.xz	MISSING
SPECULATIVE_DIAGNOSTIC	decode1	582	NONE	kernel-2071-ctx_0x55d98da1ddf0.traceg.xz	MISSING
SPECULATIVE_DIAGNOSTIC	decode1	583	NONE	kernel-2072-ctx_0x55d98da1ddf0.traceg.xz	MISSING
SPECULATIVE_DIAGNOSTIC	decode1	584	NONE	kernel-2073-ctx_0x55d98da1ddf0.traceg.xz	MISSING
SPECULATIVE_DIAGNOSTIC	decode1	585	NONE	kernel-2074-ctx_0x55d98da1ddf0.traceg.xz	MISSING
SPECULATIVE_DIAGNOSTIC	decode1	586	NONE	kernel-2075-ctx_0x55d98da1ddf0.traceg.xz	MISSING
SPECULATIVE_DIAGNOSTIC	decode1	587	NONE	kernel-2076-ctx_0x55d98da1ddf0.traceg.xz	MISSING
SPECULATIVE_DIAGNOSTIC	decode1	588	NONE	kernel-2077-ctx_0x55d98da1ddf0.traceg.xz	MISSING
SPECULATIVE_DIAGNOSTIC	decode1	589	NONE	kernel-2078-ctx_0x55d98da1ddf0.traceg.xz	MISSING
SPECULATIVE_DIAGNOSTIC	decode1	590	NONE	kernel-2079-ctx_0x55d98da1ddf0.traceg.xz	MISSING
SPECULATIVE_DIAGNOSTIC	decode1	591	NONE	kernel-2080-ctx_0x55d98da1ddf0.traceg.xz	MISSING
SPECULATIVE_DIAGNOSTIC	decode1	592	NONE	kernel-2081-ctx_0x55d98da1ddf0.traceg.xz	MISSING
SPECULATIVE_DIAGNOSTIC	decode1	593	NONE	kernel-2082-ctx_0x55d98da1ddf0.traceg.xz	MISSING
SPECULATIVE_DIAGNOSTIC	decode1	594	NONE	kernel-2083-ctx_0x55d98da1ddf0.traceg.xz	MISSING
SPECULATIVE_DIAGNOSTIC	decode1	595	NONE	kernel-2085-ctx_0x55d98da1ddf0.traceg.xz	MISSING
SPECULATIVE_DIAGNOSTIC	decode1	596	NONE	kernel-2086-ctx_0x55d98da1ddf0.traceg.xz	MISSING
SPECULATIVE_DIAGNOSTIC	decode1	597	NONE	kernel-2087-ctx_0x55d98da1ddf0.traceg.xz	MISSING
SPECULATIVE_DIAGNOSTIC	decode1	598	NONE	kernel-2088-ctx_0x55d98da1ddf0.traceg.xz	MISSING
SPECULATIVE_DIAGNOSTIC	decode1	599	NONE	kernel-2089-ctx_0x55d98da1ddf0.traceg.xz	MISSING
SPECULATIVE_DIAGNOSTIC	decode1	600	NONE	kernel-2090-ctx_0x55d98da1ddf0.traceg.xz	MISSING
SPECULATIVE_DIAGNOSTIC	decode1	601	NONE	kernel-2091-ctx_0x55d98da1ddf0.traceg.xz	MISSING
SPECULATIVE_DIAGNOSTIC	decode1	602	NONE	kernel-2092-ctx_0x55d98da1ddf0.traceg.xz	MISSING
SPECULATIVE_DIAGNOSTIC	decode1	603	NONE	kernel-2093-ctx_0x55d98da1ddf0.traceg.xz	MISSING
SPECULATIVE_DIAGNOSTIC	decode1	604	NONE	kernel-2094-ctx_0x55d98da1ddf0.traceg.xz	MISSING
SPECULATIVE_DIAGNOSTIC	decode1	605	NONE	kernel-2095-ctx_0x55d98da1ddf0.traceg.xz	MISSING
SPECULATIVE_DIAGNOSTIC	decode1	606	NONE	kernel-2096-ctx_0x55d98da1ddf0.traceg.xz	MISSING
SPECULATIVE_DIAGNOSTIC	decode1	607	NONE	kernel-2097-ctx_0x55d98da1ddf0.traceg.xz	MISSING
SPECULATIVE_DIAGNOSTIC	decode1	608	NONE	kernel-2098-ctx_0x55d98da1ddf0.traceg.xz	MISSING
SPECULATIVE_DIAGNOSTIC	decode1	609	NONE	kernel-2099-ctx_0x55d98da1ddf0.traceg.xz	MISSING
SPECULATIVE_DIAGNOSTIC	decode1	610	NONE	kernel-2100-ctx_0x55d98da1ddf0.traceg.xz	MISSING
SPECULATIVE_DIAGNOSTIC	decode1	611	NONE	kernel-2101-ctx_0x55d98da1ddf0.traceg.xz	MISSING
SPECULATIVE_DIAGNOSTIC	decode1	612	NONE	kernel-2102-ctx_0x55d98da1ddf0.traceg.xz	MISSING
SPECULATIVE_DIAGNOSTIC	decode1	613	NONE	kernel-2103-ctx_0x55d98da1ddf0.traceg.xz	MISSING
SPECULATIVE_DIAGNOSTIC	decode1	614	NONE	kernel-2104-ctx_0x55d98da1ddf0.traceg.xz	MISSING
SPECULATIVE_DIAGNOSTIC	decode1	615	NONE	kernel-2105-ctx_0x55d98da1ddf0.traceg.xz	MISSING
SPECULATIVE_DIAGNOSTIC	decode1	616	NONE	kernel-2106-ctx_0x55d98da1ddf0.traceg.xz	MISSING
SPECULATIVE_DIAGNOSTIC	decode1	617	NONE	kernel-2107-ctx_0x55d98da1ddf0.traceg.xz	MISSING
SPECULATIVE_DIAGNOSTIC	decode1	618	NONE	kernel-2108-ctx_0x55d98da1ddf0.traceg.xz	MISSING
SPECULATIVE_DIAGNOSTIC	decode1	619	NONE	kernel-2109-ctx_0x55d98da1ddf0.traceg.xz	MISSING
SPECULATIVE_DIAGNOSTIC	decode1	620	NONE	kernel-2110-ctx_0x55d98da1ddf0.traceg.xz	MISSING
SPECULATIVE_DIAGNOSTIC	decode1	621	NONE	kernel-2111-ctx_0x55d98da1ddf0.traceg.xz	MISSING
SPECULATIVE_DIAGNOSTIC	decode1	622	NONE	kernel-2112-ctx_0x55d98da1ddf0.traceg.xz	MISSING
SPECULATIVE_DIAGNOSTIC	decode1	623	NONE	kernel-2113-ctx_0x55d98da1ddf0.traceg.xz	MISSING
SPECULATIVE_DIAGNOSTIC	decode1	624	NONE	kernel-2114-ctx_0x55d98da1ddf0.traceg.xz	MISSING
SPECULATIVE_DIAGNOSTIC	decode1	625	NONE	kernel-2115-ctx_0x55d98da1ddf0.traceg.xz	MISSING
SPECULATIVE_DIAGNOSTIC	decode1	626	NONE	kernel-2117-ctx_0x55d98da1ddf0.traceg.xz	MISSING
SPECULATIVE_DIAGNOSTIC	decode1	627	NONE	kernel-2118-ctx_0x55d98da1ddf0.traceg.xz	MISSING
SPECULATIVE_DIAGNOSTIC	decode1	628	NONE	kernel-2119-ctx_0x55d98da1ddf0.traceg.xz	MISSING
SPECULATIVE_DIAGNOSTIC	decode1	629	NONE	kernel-2120-ctx_0x55d98da1ddf0.traceg.xz	MISSING
SPECULATIVE_DIAGNOSTIC	decode1	630	NONE	kernel-2121-ctx_0x55d98da1ddf0.traceg.xz	MISSING
SPECULATIVE_DIAGNOSTIC	decode1	631	NONE	kernel-2122-ctx_0x55d98da1ddf0.traceg.xz	MISSING
SPECULATIVE_DIAGNOSTIC	decode1	632	NONE	kernel-2123-ctx_0x55d98da1ddf0.traceg.xz	MISSING
SPECULATIVE_DIAGNOSTIC	decode1	633	NONE	kernel-2124-ctx_0x55d98da1ddf0.traceg.xz	MISSING
SPECULATIVE_DIAGNOSTIC	decode1	634	NONE	kernel-2125-ctx_0x55d98da1ddf0.traceg.xz	MISSING
SPECULATIVE_DIAGNOSTIC	decode1	635	NONE	kernel-2126-ctx_0x55d98da1ddf0.traceg.xz	MISSING
SPECULATIVE_DIAGNOSTIC	decode1	636	NONE	kernel-2127-ctx_0x55d98da1ddf0.traceg.xz	MISSING
SPECULATIVE_DIAGNOSTIC	decode1	637	NONE	kernel-2128-ctx_0x55d98da1ddf0.traceg.xz	MISSING
SPECULATIVE_DIAGNOSTIC	decode1	638	NONE	kernel-2129-ctx_0x55d98da1ddf0.traceg.xz	MISSING
SPECULATIVE_DIAGNOSTIC	decode1	639	NONE	kernel-2130-ctx_0x55d98da1ddf0.traceg.xz	MISSING
SPECULATIVE_DIAGNOSTIC	decode1	640	NONE	kernel-2132-ctx_0x55d98da1ddf0.traceg.xz	MISSING
SPECULATIVE_DIAGNOSTIC	decode1	641	NONE	kernel-2133-ctx_0x55d98da1ddf0.traceg.xz	MISSING
SPECULATIVE_DIAGNOSTIC	decode1	642	NONE	kernel-2134-ctx_0x55d98da1ddf0.traceg.xz	MISSING
SPECULATIVE_DIAGNOSTIC	decode1	643	NONE	kernel-2135-ctx_0x55d98da1ddf0.traceg.xz	MISSING
SPECULATIVE_DIAGNOSTIC	decode1	644	NONE	kernel-2136-ctx_0x55d98da1ddf0.traceg.xz	MISSING
SPECULATIVE_DIAGNOSTIC	decode1	645	NONE	kernel-2137-ctx_0x55d98da1ddf0.traceg.xz	MISSING
SPECULATIVE_DIAGNOSTIC	decode1	646	NONE	kernel-2138-ctx_0x55d98da1ddf0.traceg.xz	MISSING
SPECULATIVE_DIAGNOSTIC	decode1	647	NONE	kernel-2139-ctx_0x55d98da1ddf0.traceg.xz	MISSING
SPECULATIVE_DIAGNOSTIC	decode1	648	NONE	kernel-2140-ctx_0x55d98da1ddf0.traceg.xz	MISSING
SPECULATIVE_DIAGNOSTIC	decode1	649	NONE	kernel-2141-ctx_0x55d98da1ddf0.traceg.xz	MISSING
SPECULATIVE_DIAGNOSTIC	decode1	650	NONE	kernel-2142-ctx_0x55d98da1ddf0.traceg.xz	MISSING
SPECULATIVE_DIAGNOSTIC	decode1	651	NONE	kernel-2143-ctx_0x55d98da1ddf0.traceg.xz	MISSING
SPECULATIVE_DIAGNOSTIC	decode1	652	NONE	kernel-2144-ctx_0x55d98da1ddf0.traceg.xz	MISSING
SPECULATIVE_DIAGNOSTIC	decode1	653	NONE	kernel-2145-ctx_0x55d98da1ddf0.traceg.xz	MISSING
SPECULATIVE_DIAGNOSTIC	decode1	654	NONE	kernel-2146-ctx_0x55d98da1ddf0.traceg.xz	MISSING
SPECULATIVE_DIAGNOSTIC	decode1	655	NONE	kernel-2147-ctx_0x55d98da1ddf0.traceg.xz	MISSING
SPECULATIVE_DIAGNOSTIC	decode1	656	NONE	kernel-2148-ctx_0x55d98da1ddf0.traceg.xz	MISSING
SPECULATIVE_DIAGNOSTIC	decode1	657	NONE	kernel-2149-ctx_0x55d98da1ddf0.traceg.xz	MISSING
SPECULATIVE_DIAGNOSTIC	decode1	658	NONE	kernel-2150-ctx_0x55d98da1ddf0.traceg.xz	MISSING
SPECULATIVE_DIAGNOSTIC	decode1	659	NONE	kernel-2151-ctx_0x55d98da1ddf0.traceg.xz	MISSING
SPECULATIVE_DIAGNOSTIC	decode1	660	NONE	kernel-2152-ctx_0x55d98da1ddf0.traceg.xz	MISSING
SPECULATIVE_DIAGNOSTIC	decode1	661	NONE	kernel-2153-ctx_0x55d98da1ddf0.traceg.xz	MISSING
SPECULATIVE_DIAGNOSTIC	decode1	662	NONE	kernel-2154-ctx_0x55d98da1ddf0.traceg.xz	MISSING
SPECULATIVE_DIAGNOSTIC	decode1	663	NONE	kernel-2155-ctx_0x55d98da1ddf0.traceg.xz	MISSING
SPECULATIVE_DIAGNOSTIC	decode1	664	NONE	kernel-2156-ctx_0x55d98da1ddf0.traceg.xz	MISSING
SPECULATIVE_DIAGNOSTIC	decode1	665	NONE	kernel-2157-ctx_0x55d98da1ddf0.traceg.xz	MISSING
SPECULATIVE_DIAGNOSTIC	decode1	666	NONE	kernel-2158-ctx_0x55d98da1ddf0.traceg.xz	MISSING
SPECULATIVE_DIAGNOSTIC	decode1	667	NONE	kernel-2159-ctx_0x55d98da1ddf0.traceg.xz	MISSING
SPECULATIVE_DIAGNOSTIC	decode1	668	NONE	kernel-2160-ctx_0x55d98da1ddf0.traceg.xz	MISSING
SPECULATIVE_DIAGNOSTIC	decode1	669	NONE	kernel-2161-ctx_0x55d98da1ddf0.traceg.xz	MISSING
SPECULATIVE_DIAGNOSTIC	decode1	670	NONE	kernel-2162-ctx_0x55d98da1ddf0.traceg.xz	MISSING
SPECULATIVE_DIAGNOSTIC	decode1	671	NONE	kernel-2164-ctx_0x55d98da1ddf0.traceg.xz	MISSING
SPECULATIVE_DIAGNOSTIC	decode1	672	NONE	kernel-2165-ctx_0x55d98da1ddf0.traceg.xz	MISSING
SPECULATIVE_DIAGNOSTIC	decode1	673	NONE	kernel-2166-ctx_0x55d98da1ddf0.traceg.xz	MISSING
SPECULATIVE_DIAGNOSTIC	decode1	674	NONE	kernel-2167-ctx_0x55d98da1ddf0.traceg.xz	MISSING
SPECULATIVE_DIAGNOSTIC	decode1	675	NONE	kernel-2168-ctx_0x55d98da1ddf0.traceg.xz	MISSING
SPECULATIVE_DIAGNOSTIC	decode1	676	NONE	kernel-2169-ctx_0x55d98da1ddf0.traceg.xz	MISSING
SPECULATIVE_DIAGNOSTIC	decode1	677	NONE	kernel-2170-ctx_0x55d98da1ddf0.traceg.xz	MISSING
SPECULATIVE_DIAGNOSTIC	decode1	678	NONE	kernel-2171-ctx_0x55d98da1ddf0.traceg.xz	MISSING
SPECULATIVE_DIAGNOSTIC	decode1	679	NONE	kernel-2172-ctx_0x55d98da1ddf0.traceg.xz	MISSING
SPECULATIVE_DIAGNOSTIC	decode1	680	NONE	kernel-2173-ctx_0x55d98da1ddf0.traceg.xz	MISSING
SPECULATIVE_DIAGNOSTIC	decode1	681	NONE	kernel-2174-ctx_0x55d98da1ddf0.traceg.xz	MISSING
SPECULATIVE_DIAGNOSTIC	decode1	682	NONE	kernel-2175-ctx_0x55d98da1ddf0.traceg.xz	MISSING
SPECULATIVE_DIAGNOSTIC	decode1	683	NONE	kernel-2176-ctx_0x55d98da1ddf0.traceg.xz	MISSING
SPECULATIVE_DIAGNOSTIC	decode1	684	NONE	kernel-2177-ctx_0x55d98da1ddf0.traceg.xz	MISSING
SPECULATIVE_DIAGNOSTIC	decode1	685	NONE	kernel-2179-ctx_0x55d98da1ddf0.traceg.xz	MISSING
SPECULATIVE_DIAGNOSTIC	decode1	686	NONE	kernel-2180-ctx_0x55d98da1ddf0.traceg.xz	MISSING
SPECULATIVE_DIAGNOSTIC	decode1	687	NONE	kernel-2181-ctx_0x55d98da1ddf0.traceg.xz	MISSING
SPECULATIVE_DIAGNOSTIC	decode1	688	NONE	kernel-2182-ctx_0x55d98da1ddf0.traceg.xz	MISSING
SPECULATIVE_DIAGNOSTIC	decode1	689	NONE	kernel-2183-ctx_0x55d98da1ddf0.traceg.xz	MISSING
SPECULATIVE_DIAGNOSTIC	decode1	690	NONE	kernel-2184-ctx_0x55d98da1ddf0.traceg.xz	MISSING
SPECULATIVE_DIAGNOSTIC	decode1	691	NONE	kernel-2185-ctx_0x55d98da1ddf0.traceg.xz	MISSING
SPECULATIVE_DIAGNOSTIC	decode1	692	NONE	kernel-2186-ctx_0x55d98da1ddf0.traceg.xz	MISSING
SPECULATIVE_DIAGNOSTIC	decode1	693	NONE	kernel-2187-ctx_0x55d98da1ddf0.traceg.xz	MISSING
SPECULATIVE_DIAGNOSTIC	decode1	694	NONE	kernel-2188-ctx_0x55d98da1ddf0.traceg.xz	MISSING
SPECULATIVE_DIAGNOSTIC	decode1	695	NONE	kernel-2189-ctx_0x55d98da1ddf0.traceg.xz	MISSING
SPECULATIVE_DIAGNOSTIC	decode1	696	NONE	kernel-2190-ctx_0x55d98da1ddf0.traceg.xz	MISSING
SPECULATIVE_DIAGNOSTIC	decode1	697	NONE	kernel-2191-ctx_0x55d98da1ddf0.traceg.xz	MISSING
SPECULATIVE_DIAGNOSTIC	decode1	698	NONE	kernel-2192-ctx_0x55d98da1ddf0.traceg.xz	MISSING
SPECULATIVE_DIAGNOSTIC	decode1	699	NONE	kernel-2193-ctx_0x55d98da1ddf0.traceg.xz	MISSING
SPECULATIVE_DIAGNOSTIC	decode1	700	NONE	kernel-2194-ctx_0x55d98da1ddf0.traceg.xz	MISSING
SPECULATIVE_DIAGNOSTIC	decode1	701	NONE	kernel-2195-ctx_0x55d98da1ddf0.traceg.xz	MISSING
SPECULATIVE_DIAGNOSTIC	decode1	702	NONE	kernel-2196-ctx_0x55d98da1ddf0.traceg.xz	MISSING
SPECULATIVE_DIAGNOSTIC	decode1	703	NONE	kernel-2197-ctx_0x55d98da1ddf0.traceg.xz	MISSING
SPECULATIVE_DIAGNOSTIC	decode1	704	NONE	kernel-2198-ctx_0x55d98da1ddf0.traceg.xz	MISSING
SPECULATIVE_DIAGNOSTIC	decode1	705	NONE	kernel-2199-ctx_0x55d98da1ddf0.traceg.xz	MISSING
SPECULATIVE_DIAGNOSTIC	decode1	706	NONE	kernel-2200-ctx_0x55d98da1ddf0.traceg.xz	MISSING
SPECULATIVE_DIAGNOSTIC	decode1	707	NONE	kernel-2201-ctx_0x55d98da1ddf0.traceg.xz	MISSING
SPECULATIVE_DIAGNOSTIC	decode1	708	NONE	kernel-2202-ctx_0x55d98da1ddf0.traceg.xz	MISSING
SPECULATIVE_DIAGNOSTIC	decode1	709	NONE	kernel-2203-ctx_0x55d98da1ddf0.traceg.xz	MISSING
SPECULATIVE_DIAGNOSTIC	decode1	710	NONE	kernel-2204-ctx_0x55d98da1ddf0.traceg.xz	MISSING
SPECULATIVE_DIAGNOSTIC	decode1	711	NONE	kernel-2205-ctx_0x55d98da1ddf0.traceg.xz	MISSING
SPECULATIVE_DIAGNOSTIC	decode1	712	NONE	kernel-2206-ctx_0x55d98da1ddf0.traceg.xz	MISSING
SPECULATIVE_DIAGNOSTIC	decode1	713	NONE	kernel-2207-ctx_0x55d98da1ddf0.traceg.xz	MISSING
SPECULATIVE_DIAGNOSTIC	decode1	714	NONE	kernel-2208-ctx_0x55d98da1ddf0.traceg.xz	MISSING
SPECULATIVE_DIAGNOSTIC	decode1	715	NONE	kernel-2209-ctx_0x55d98da1ddf0.traceg.xz	MISSING
SPECULATIVE_DIAGNOSTIC	decode1	716	NONE	kernel-2211-ctx_0x55d98da1ddf0.traceg.xz	MISSING
SPECULATIVE_DIAGNOSTIC	decode1	717	NONE	kernel-2212-ctx_0x55d98da1ddf0.traceg.xz	MISSING
SPECULATIVE_DIAGNOSTIC	decode1	718	NONE	kernel-2213-ctx_0x55d98da1ddf0.traceg.xz	MISSING
SPECULATIVE_DIAGNOSTIC	decode1	719	NONE	kernel-2214-ctx_0x55d98da1ddf0.traceg.xz	MISSING
SPECULATIVE_DIAGNOSTIC	decode1	720	NONE	kernel-2215-ctx_0x55d98da1ddf0.traceg.xz	MISSING
SPECULATIVE_DIAGNOSTIC	decode1	721	NONE	kernel-2216-ctx_0x55d98da1ddf0.traceg.xz	MISSING
SPECULATIVE_DIAGNOSTIC	decode1	722	NONE	kernel-2217-ctx_0x55d98da1ddf0.traceg.xz	MISSING
SPECULATIVE_DIAGNOSTIC	decode1	723	NONE	kernel-2218-ctx_0x55d98da1ddf0.traceg.xz	MISSING
SPECULATIVE_DIAGNOSTIC	decode1	724	NONE	kernel-2219-ctx_0x55d98da1ddf0.traceg.xz	MISSING
SPECULATIVE_DIAGNOSTIC	decode1	725	NONE	kernel-2220-ctx_0x55d98da1ddf0.traceg.xz	MISSING
SPECULATIVE_DIAGNOSTIC	decode1	726	NONE	kernel-2221-ctx_0x55d98da1ddf0.traceg.xz	MISSING
SPECULATIVE_DIAGNOSTIC	decode1	727	NONE	kernel-2222-ctx_0x55d98da1ddf0.traceg.xz	MISSING
SPECULATIVE_DIAGNOSTIC	decode1	728	NONE	kernel-2223-ctx_0x55d98da1ddf0.traceg.xz	MISSING
SPECULATIVE_DIAGNOSTIC	decode1	729	NONE	kernel-2224-ctx_0x55d98da1ddf0.traceg.xz	MISSING
SPECULATIVE_DIAGNOSTIC	decode1	730	NONE	kernel-2226-ctx_0x55d98da1ddf0.traceg.xz	MISSING
SPECULATIVE_DIAGNOSTIC	decode1	731	NONE	kernel-2227-ctx_0x55d98da1ddf0.traceg.xz	MISSING
SPECULATIVE_DIAGNOSTIC	decode1	732	NONE	kernel-2228-ctx_0x55d98da1ddf0.traceg.xz	MISSING
SPECULATIVE_DIAGNOSTIC	decode1	733	NONE	kernel-2229-ctx_0x55d98da1ddf0.traceg.xz	MISSING
SPECULATIVE_DIAGNOSTIC	decode1	734	NONE	kernel-2230-ctx_0x55d98da1ddf0.traceg.xz	MISSING
SPECULATIVE_DIAGNOSTIC	decode1	735	NONE	kernel-2231-ctx_0x55d98da1ddf0.traceg.xz	MISSING
SPECULATIVE_DIAGNOSTIC	decode1	736	NONE	kernel-2232-ctx_0x55d98da1ddf0.traceg.xz	MISSING
SPECULATIVE_DIAGNOSTIC	decode1	737	NONE	kernel-2233-ctx_0x55d98da1ddf0.traceg.xz	MISSING
SPECULATIVE_DIAGNOSTIC	decode1	738	NONE	kernel-2234-ctx_0x55d98da1ddf0.traceg.xz	MISSING
SPECULATIVE_DIAGNOSTIC	decode1	739	NONE	kernel-2235-ctx_0x55d98da1ddf0.traceg.xz	MISSING
