batch	group	pair_rep	purpose	generation_arm	step	active_rows	selected_head_arm	union_count	union_fraction	union_or_ms	popcount_ms	branch_ms	union_dispatch_total_ms	live_head_step_ms	head_rows	singleton_rows	group_count	a3_metadata_cpu_ms	selected_token_ids
V0	0	0	FORMAL_V0_G0_P0_B0_STRONG	B0_STRONG	0	4	A0_DENSE_VENDOR			0.0	0.0	0.0	0.0	0.708773	4	0	0	0.0	[515,515,515,515]
V0	0	0	FORMAL_V0_G0_P0_B0_STRONG	B0_STRONG	1	4	A0_DENSE_VENDOR			0.0	0.0	0.0	0.0	0.711045	4	0	0	0.0	[220,220,220,220]
V0	0	0	FORMAL_V0_G0_P0_B0_STRONG	B0_STRONG	2	4	A0_DENSE_VENDOR			0.0	0.0	0.0	0.0	0.713484	4	0	0	0.0	[330,330,330,330]
V0	0	0	FORMAL_V0_G0_P0_B0_STRONG	B0_STRONG	3	4	A0_DENSE_VENDOR			0.0	0.0	0.0	0.0	0.673138	4	0	0	0.0	[6045,4129,4129,6045]
V0	0	0	FORMAL_V0_G0_P0_B0_STRONG	B0_STRONG	4	4	A0_DENSE_VENDOR			0.0	0.0	0.0	0.0	0.689857	4	0	0	0.0	[788,788,788,788]
V0	0	0	FORMAL_V0_G0_P0_B0_STRONG	B0_STRONG	5	4	A0_DENSE_VENDOR			0.0	0.0	0.0	0.0	0.72159	4	0	0	0.0	[220,220,220,220]
V0	0	0	FORMAL_V0_G0_P0_B0_STRONG	B0_STRONG	6	4	A0_DENSE_VENDOR			0.0	0.0	0.0	0.0	0.720426	4	0	0	0.0	[16,16,16,20]
V0	0	0	FORMAL_V0_G0_P0_B0_STRONG	B0_STRONG	7	4	A0_DENSE_VENDOR			0.0	0.0	0.0	0.0	0.723968	4	0	0	0.0	[15,17,17,15]
V0	0	0	FORMAL_V0_G0_P0_B0_STRONG	B0_STRONG	8	4	A0_DENSE_VENDOR			0.0	0.0	0.0	0.0	0.718108	4	0	0	0.0	[15,198,198,15]
V0	0	0	FORMAL_V0_G0_P0_B0_STRONG	B0_STRONG	9	4	A0_DENSE_VENDOR			0.0	0.0	0.0	0.0	0.723856	4	0	0	0.0	[15,92,92,345]
V0	0	0	FORMAL_V0_G0_P0_B0_STRONG	B0_STRONG	10	4	A0_DENSE_VENDOR			0.0	0.0	0.0	0.0	0.698155	2	2	0	0.0	[345,151645,151645,220]
V0	0	0	FORMAL_V0_G0_P0_B0_STRONG	B0_STRONG	11	2	A0_DENSE_VENDOR			0.0	0.0	0.0	0.0	0.67539	2	0	0	0.0	[220,null,null,330]
V0	0	0	FORMAL_V0_G0_P0_B0_STRONG	B0_STRONG	12	2	A0_DENSE_VENDOR			0.0	0.0	0.0	0.0	0.672439	2	0	0	0.0	[330,null,null,1499]
V0	0	0	FORMAL_V0_G0_P0_B0_STRONG	B0_STRONG	13	2	A0_DENSE_VENDOR			0.0	0.0	0.0	0.0	0.704041	2	0	0	0.0	[1499,null,null,34710]
V0	0	0	FORMAL_V0_G0_P0_B0_STRONG	B0_STRONG	14	2	A0_DENSE_VENDOR			0.0	0.0	0.0	0.0	0.663747	2	0	0	0.0	[34710,null,null,788]
V0	0	0	FORMAL_V0_G0_P0_B0_STRONG	B0_STRONG	15	2	A0_DENSE_VENDOR			0.0	0.0	0.0	0.0	0.68702	2	0	0	0.0	[788,null,null,330]
V0	0	0	FORMAL_V0_G0_P0_B0_STRONG	B0_STRONG	16	2	A0_DENSE_VENDOR			0.0	0.0	0.0	0.0	0.793308	2	0	0	0.0	[330,null,null,26749]
V0	0	0	FORMAL_V0_G0_P0_B0_STRONG	B0_STRONG	17	2	A0_DENSE_VENDOR			0.0	0.0	0.0	0.0	0.851813	2	0	0	0.0	[26749,null,null,756]
V0	0	0	FORMAL_V0_G0_P0_B0_STRONG	B0_STRONG	18	2	A0_DENSE_VENDOR			0.0	0.0	0.0	0.0	0.774718	2	0	0	0.0	[756,null,null,220]
V0	0	0	FORMAL_V0_G0_P0_B0_STRONG	B0_STRONG	19	2	A0_DENSE_VENDOR			0.0	0.0	0.0	0.0	0.684295	2	0	0	0.0	[220,null,null,330]
V0	0	0	FORMAL_V0_G0_P0_B0_STRONG	B0_STRONG	20	2	A0_DENSE_VENDOR			0.0	0.0	0.0	0.0	0.673077	2	0	0	0.0	[330,null,null,983]
V0	0	0	FORMAL_V0_G0_P0_B0_STRONG	B0_STRONG	21	2	A0_DENSE_VENDOR			0.0	0.0	0.0	0.0	0.659888	2	0	0	0.0	[983,null,null,34710]
V0	0	0	FORMAL_V0_G0_P0_B0_STRONG	B0_STRONG	22	2	A0_DENSE_VENDOR			0.0	0.0	0.0	0.0	0.662958	2	0	0	0.0	[34710,null,null,788]
V0	0	0	FORMAL_V0_G0_P0_B0_STRONG	B0_STRONG	23	2	A0_DENSE_VENDOR			0.0	0.0	0.0	0.0	0.68603	2	0	0	0.0	[788,null,null,330]
V0	0	0	FORMAL_V0_G0_P0_B0_STRONG	B0_STRONG	24	2	A0_DENSE_VENDOR			0.0	0.0	0.0	0.0	0.78819	2	0	0	0.0	[330,null,null,54738]
V0	0	0	FORMAL_V0_G0_P0_B0_STRONG	B0_STRONG	25	2	A0_DENSE_VENDOR			0.0	0.0	0.0	0.0	0.851191	2	0	0	0.0	[54738,null,null,698]
V0	0	0	FORMAL_V0_G0_P0_B0_STRONG	B0_STRONG	26	2	A0_DENSE_VENDOR			0.0	0.0	0.0	0.0	0.777429	2	0	0	0.0	[698,null,null,92]
V0	0	0	FORMAL_V0_G0_P0_B0_STRONG	B0_STRONG	27	2	A0_DENSE_VENDOR			0.0	0.0	0.0	0.0	0.666266	1	1	0	0.0	[92,null,null,151645]
V0	0	0	FORMAL_V0_G0_P0_B0_STRONG	B0_STRONG	28	1	A0_DENSE_VENDOR			0.0	0.0	0.0	0.0	0.114976	0	1	0	0.0	[151645,null,null,null]
V0	0	0	FORMAL_V0_G0_P0_M1_RULE_U01	M1_RULE_U01	0	4	A3_RAGGED_DIRECT	7	4.6072030328559395e-05	0.008271	0.045846	0.00072	0.072275	0.48617	4	0	1	0.044509	[515,515,515,515]
V0	0	0	FORMAL_V0_G0_P0_M1_RULE_U01	M1_RULE_U01	1	4	A3_RAGGED_DIRECT	425	0.002797230412805392	0.011464	0.044375	0.000592	0.073974	0.531447	4	0	2	0.034802	[220,220,220,220]
V0	0	0	FORMAL_V0_G0_P0_M1_RULE_U01	M1_RULE_U01	2	4	A3_RAGGED_DIRECT	425	0.002797230412805392	0.007269	0.043677	0.000565	0.073557	0.515563	4	0	2	0.033806	[330,330,330,330]
V0	0	0	FORMAL_V0_G0_P0_M1_RULE_U01	M1_RULE_U01	3	4	A3_RAGGED_DIRECT	8	5.265374894692502e-05	0.009821	0.049831	0.000526	0.082218	0.475652	4	0	2	0.032884	[6045,4129,4129,6045]
V0	0	0	FORMAL_V0_G0_P0_M1_RULE_U01	M1_RULE_U01	4	4	A3_RAGGED_DIRECT	13	8.556234203875316e-05	0.007224	0.048527	0.000547	0.079073	0.446697	4	0	1	0.03272	[788,788,788,788]
V0	0	0	FORMAL_V0_G0_P0_M1_RULE_U01	M1_RULE_U01	5	4	A3_RAGGED_DIRECT	434	0.0028564658803706825	0.007161	0.047652	0.000562	0.076847	0.474726	4	0	1	0.033191	[220,220,220,220]
V0	0	0	FORMAL_V0_G0_P0_M1_RULE_U01	M1_RULE_U01	6	4	A3_RAGGED_DIRECT	434	0.0028564658803706825	0.007125	0.052371	0.000547	0.082992	0.493974	4	0	1	0.034302	[16,16,16,20]
V0	0	0	FORMAL_V0_G0_P0_M1_RULE_U01	M1_RULE_U01	7	4	A3_RAGGED_DIRECT	450	0.0029617733782645326	0.007076	0.048177	0.000552	0.077056	0.528433	4	0	2	0.033183	[15,17,17,15]
V0	0	0	FORMAL_V0_G0_P0_M1_RULE_U01	M1_RULE_U01	8	4	A3_RAGGED_DIRECT	450	0.0029617733782645326	0.00714	0.047739	0.00056	0.07778	0.525383	4	0	2	0.032893	[15,198,198,15]
V0	0	0	FORMAL_V0_G0_P0_M1_RULE_U01	M1_RULE_U01	9	4	A3_RAGGED_DIRECT	450	0.0029617733782645326	0.007119	0.049093	0.000514	0.077859	0.512409	4	0	2	0.032802	[15,92,92,345]
V0	0	0	FORMAL_V0_G0_P0_M1_RULE_U01	M1_RULE_U01	10	4	A3_RAGGED_DIRECT	452	0.002974936815501264	0.00708	0.047787	0.000552	0.077961	0.458878	2	2	2	0.020763	[345,151645,151645,220]
V0	0	0	FORMAL_V0_G0_P0_M1_RULE_U01	M1_RULE_U01	11	2	A3_RAGGED_DIRECT	425	0.002797230412805392	0.006306	0.046048	0.00052	0.071552	0.378494	2	0	1	0.01907	[220,null,null,330]
V0	0	0	FORMAL_V0_G0_P0_M1_RULE_U01	M1_RULE_U01	12	2	A3_RAGGED_DIRECT	428	0.0028169755686604887	0.006313	0.0498	0.000475	0.075258	0.408949	2	0	2	0.018599	[330,null,null,1499]
V0	0	0	FORMAL_V0_G0_P0_M1_RULE_U01	M1_RULE_U01	13	2	A3_RAGGED_DIRECT	9	5.923546756529065e-05	0.006173	0.047533	0.000538	0.073097	0.398968	2	0	2	0.018448	[1499,null,null,34710]
V0	0	0	FORMAL_V0_G0_P0_M1_RULE_U01	M1_RULE_U01	14	2	A3_RAGGED_DIRECT	25	0.0001645429654591407	0.006233	0.048746	0.000514	0.074677	0.413383	2	0	2	0.018721	[34710,null,null,788]
V0	0	0	FORMAL_V0_G0_P0_M1_RULE_U01	M1_RULE_U01	15	2	A3_RAGGED_DIRECT	838	0.005515480202190396	0.006357	0.047084	0.00053	0.072325	0.416943	2	0	2	0.01853	[788,null,null,330]
V0	0	0	FORMAL_V0_G0_P0_M1_RULE_U01	M1_RULE_U01	16	2	A0_DENSE_VENDOR	147867	0.9732189869418703	0.006174	0.047428	0.000533	0.069568	0.902829	2	0	0	0.0	[330,null,null,26749]
V0	0	0	FORMAL_V0_G0_P0_M1_RULE_U01	M1_RULE_U01	17	2	A0_DENSE_VENDOR	147137	0.9684143323504634	0.00652	0.048502	0.000469	0.073586	0.938436	2	0	0	0.0	[26749,null,null,756]
V0	0	0	FORMAL_V0_G0_P0_M1_RULE_U01	M1_RULE_U01	18	2	A0_DENSE_VENDOR	147473	0.9706257898062342	0.006461	0.049116	0.000489	0.07274	0.844807	2	0	0	0.0	[756,null,null,220]
V0	0	0	FORMAL_V0_G0_P0_M1_RULE_U01	M1_RULE_U01	19	2	A3_RAGGED_DIRECT	424	0.002790648694187026	0.006487	0.047803	0.000561	0.071443	0.395819	2	0	1	0.022378	[220,null,null,330]
V0	0	0	FORMAL_V0_G0_P0_M1_RULE_U01	M1_RULE_U01	20	2	A3_RAGGED_DIRECT	426	0.0028038121314237574	0.00636	0.048061	0.000491	0.071036	0.419334	2	0	2	0.02341	[330,null,null,983]
V0	0	0	FORMAL_V0_G0_P0_M1_RULE_U01	M1_RULE_U01	21	2	A3_RAGGED_DIRECT	8	5.265374894692502e-05	0.006423	0.046524	0.000526	0.069472	0.413158	2	0	2	0.022346	[983,null,null,34710]
V0	0	0	FORMAL_V0_G0_P0_M1_RULE_U01	M1_RULE_U01	22	2	A3_RAGGED_DIRECT	23	0.00015137952822240943	0.006554	0.048221	0.000543	0.071894	0.420852	2	0	2	0.021982	[34710,null,null,788]
V0	0	0	FORMAL_V0_G0_P0_M1_RULE_U01	M1_RULE_U01	23	2	A3_RAGGED_DIRECT	824	0.005423336141533277	0.006444	0.048256	0.000562	0.073956	0.435534	2	0	2	0.018952	[788,null,null,330]
V0	0	0	FORMAL_V0_G0_P0_M1_RULE_U01	M1_RULE_U01	24	2	A0_DENSE_VENDOR	147788	0.9726990311710194	0.006242	0.048425	0.000511	0.072052	0.880934	2	0	0	0.0	[330,null,null,54738]
V0	0	0	FORMAL_V0_G0_P0_M1_RULE_U01	M1_RULE_U01	25	2	A0_DENSE_VENDOR	147068	0.9679601937657961	0.010362	0.045547	0.000662	0.083569	1.177726	2	0	0	0.0	[54738,null,null,698]
V0	0	0	FORMAL_V0_G0_P0_M1_RULE_U01	M1_RULE_U01	26	2	A0_DENSE_VENDOR	147404	0.970171651221567	0.007268	0.043449	0.000535	0.07005	0.876327	2	0	0	0.0	[698,null,null,92]
V0	0	0	FORMAL_V0_G0_P0_M1_RULE_U01	M1_RULE_U01	27	2	A3_RAGGED_DIRECT	425	0.002797230412805392	0.007088	0.04307	0.000514	0.069451	0.366184	1	1	1	0.012974	[92,null,null,151645]
V0	0	0	FORMAL_V0_G0_P0_M1_RULE_U01	M1_RULE_U01	28	1	A3_RAGGED_DIRECT	1	6.581718618365627e-06	0.005483	0.039581	0.000485	0.060516	0.172133	0	1	0	0.0	[151645,null,null,null]
V0	0	1	FORMAL_V0_G0_P1_B0_STRONG	B0_STRONG	0	4	A0_DENSE_VENDOR			0.0	0.0	0.0	0.0	0.802487	4	0	0	0.0	[515,515,515,515]
V0	0	1	FORMAL_V0_G0_P1_B0_STRONG	B0_STRONG	1	4	A0_DENSE_VENDOR			0.0	0.0	0.0	0.0	0.958935	4	0	0	0.0	[220,220,220,220]
V0	0	1	FORMAL_V0_G0_P1_B0_STRONG	B0_STRONG	2	4	A0_DENSE_VENDOR			0.0	0.0	0.0	0.0	0.743084	4	0	0	0.0	[330,330,330,330]
V0	0	1	FORMAL_V0_G0_P1_B0_STRONG	B0_STRONG	3	4	A0_DENSE_VENDOR			0.0	0.0	0.0	0.0	0.701342	4	0	0	0.0	[6045,4129,4129,6045]
V0	0	1	FORMAL_V0_G0_P1_B0_STRONG	B0_STRONG	4	4	A0_DENSE_VENDOR			0.0	0.0	0.0	0.0	0.696388	4	0	0	0.0	[788,788,788,788]
V0	0	1	FORMAL_V0_G0_P1_B0_STRONG	B0_STRONG	5	4	A0_DENSE_VENDOR			0.0	0.0	0.0	0.0	0.721276	4	0	0	0.0	[220,220,220,220]
V0	0	1	FORMAL_V0_G0_P1_B0_STRONG	B0_STRONG	6	4	A0_DENSE_VENDOR			0.0	0.0	0.0	0.0	0.722311	4	0	0	0.0	[16,16,16,20]
V0	0	1	FORMAL_V0_G0_P1_B0_STRONG	B0_STRONG	7	4	A0_DENSE_VENDOR			0.0	0.0	0.0	0.0	0.722153	4	0	0	0.0	[15,17,17,15]
V0	0	1	FORMAL_V0_G0_P1_B0_STRONG	B0_STRONG	8	4	A0_DENSE_VENDOR			0.0	0.0	0.0	0.0	0.71872	4	0	0	0.0	[15,198,198,15]
V0	0	1	FORMAL_V0_G0_P1_B0_STRONG	B0_STRONG	9	4	A0_DENSE_VENDOR			0.0	0.0	0.0	0.0	0.715055	4	0	0	0.0	[15,92,92,345]
V0	0	1	FORMAL_V0_G0_P1_B0_STRONG	B0_STRONG	10	4	A0_DENSE_VENDOR			0.0	0.0	0.0	0.0	0.707049	2	2	0	0.0	[345,151645,151645,220]
V0	0	1	FORMAL_V0_G0_P1_B0_STRONG	B0_STRONG	11	2	A0_DENSE_VENDOR			0.0	0.0	0.0	0.0	0.685262	2	0	0	0.0	[220,null,null,330]
V0	0	1	FORMAL_V0_G0_P1_B0_STRONG	B0_STRONG	12	2	A0_DENSE_VENDOR			0.0	0.0	0.0	0.0	0.670601	2	0	0	0.0	[330,null,null,1499]
V0	0	1	FORMAL_V0_G0_P1_B0_STRONG	B0_STRONG	13	2	A0_DENSE_VENDOR			0.0	0.0	0.0	0.0	0.661942	2	0	0	0.0	[1499,null,null,34710]
V0	0	1	FORMAL_V0_G0_P1_B0_STRONG	B0_STRONG	14	2	A0_DENSE_VENDOR			0.0	0.0	0.0	0.0	0.669274	2	0	0	0.0	[34710,null,null,788]
V0	0	1	FORMAL_V0_G0_P1_B0_STRONG	B0_STRONG	15	2	A0_DENSE_VENDOR			0.0	0.0	0.0	0.0	0.684741	2	0	0	0.0	[788,null,null,330]
V0	0	1	FORMAL_V0_G0_P1_B0_STRONG	B0_STRONG	16	2	A0_DENSE_VENDOR			0.0	0.0	0.0	0.0	0.803538	2	0	0	0.0	[330,null,null,26749]
V0	0	1	FORMAL_V0_G0_P1_B0_STRONG	B0_STRONG	17	2	A0_DENSE_VENDOR			0.0	0.0	0.0	0.0	0.856995	2	0	0	0.0	[26749,null,null,756]
V0	0	1	FORMAL_V0_G0_P1_B0_STRONG	B0_STRONG	18	2	A0_DENSE_VENDOR			0.0	0.0	0.0	0.0	0.773722	2	0	0	0.0	[756,null,null,220]
V0	0	1	FORMAL_V0_G0_P1_B0_STRONG	B0_STRONG	19	2	A0_DENSE_VENDOR			0.0	0.0	0.0	0.0	0.69073	2	0	0	0.0	[220,null,null,330]
V0	0	1	FORMAL_V0_G0_P1_B0_STRONG	B0_STRONG	20	2	A0_DENSE_VENDOR			0.0	0.0	0.0	0.0	0.675102	2	0	0	0.0	[330,null,null,983]
V0	0	1	FORMAL_V0_G0_P1_B0_STRONG	B0_STRONG	21	2	A0_DENSE_VENDOR			0.0	0.0	0.0	0.0	0.662695	2	0	0	0.0	[983,null,null,34710]
V0	0	1	FORMAL_V0_G0_P1_B0_STRONG	B0_STRONG	22	2	A0_DENSE_VENDOR			0.0	0.0	0.0	0.0	0.671014	2	0	0	0.0	[34710,null,null,788]
V0	0	1	FORMAL_V0_G0_P1_B0_STRONG	B0_STRONG	23	2	A0_DENSE_VENDOR			0.0	0.0	0.0	0.0	0.683962	2	0	0	0.0	[788,null,null,330]
V0	0	1	FORMAL_V0_G0_P1_B0_STRONG	B0_STRONG	24	2	A0_DENSE_VENDOR			0.0	0.0	0.0	0.0	0.78599	2	0	0	0.0	[330,null,null,54738]
V0	0	1	FORMAL_V0_G0_P1_B0_STRONG	B0_STRONG	25	2	A0_DENSE_VENDOR			0.0	0.0	0.0	0.0	0.873806	2	0	0	0.0	[54738,null,null,698]
V0	0	1	FORMAL_V0_G0_P1_B0_STRONG	B0_STRONG	26	2	A0_DENSE_VENDOR			0.0	0.0	0.0	0.0	0.779335	2	0	0	0.0	[698,null,null,92]
V0	0	1	FORMAL_V0_G0_P1_B0_STRONG	B0_STRONG	27	2	A0_DENSE_VENDOR			0.0	0.0	0.0	0.0	0.674086	1	1	0	0.0	[92,null,null,151645]
V0	0	1	FORMAL_V0_G0_P1_B0_STRONG	B0_STRONG	28	1	A0_DENSE_VENDOR			0.0	0.0	0.0	0.0	0.120815	0	1	0	0.0	[151645,null,null,null]
V0	0	1	FORMAL_V0_G0_P1_M1_RULE_U01	M1_RULE_U01	0	4	A3_RAGGED_DIRECT	7	4.6072030328559395e-05	0.00849	0.045135	0.000651	0.073633	0.483709	4	0	1	0.040051	[515,515,515,515]
V0	0	1	FORMAL_V0_G0_P1_M1_RULE_U01	M1_RULE_U01	1	4	A3_RAGGED_DIRECT	425	0.002797230412805392	0.007242	0.043554	0.000524	0.068171	0.529404	4	0	2	0.034259	[220,220,220,220]
V0	0	1	FORMAL_V0_G0_P1_M1_RULE_U01	M1_RULE_U01	2	4	A3_RAGGED_DIRECT	425	0.002797230412805392	0.007454	0.050805	0.000526	0.075432	0.551248	4	0	2	0.037794	[330,330,330,330]
V0	0	1	FORMAL_V0_G0_P1_M1_RULE_U01	M1_RULE_U01	3	4	A3_RAGGED_DIRECT	8	5.265374894692502e-05	0.007111	0.047403	0.000517	0.071381	0.480139	4	0	2	0.037125	[6045,4129,4129,6045]
V0	0	1	FORMAL_V0_G0_P1_M1_RULE_U01	M1_RULE_U01	4	4	A3_RAGGED_DIRECT	13	8.556234203875316e-05	0.007175	0.047471	0.000531	0.071055	0.449441	4	0	1	0.032453	[788,788,788,788]
V0	0	1	FORMAL_V0_G0_P1_M1_RULE_U01	M1_RULE_U01	5	4	A3_RAGGED_DIRECT	434	0.0028564658803706825	0.007014	0.048282	0.000537	0.072004	0.483885	4	0	1	0.032845	[220,220,220,220]
V0	0	1	FORMAL_V0_G0_P1_M1_RULE_U01	M1_RULE_U01	6	4	A3_RAGGED_DIRECT	434	0.0028564658803706825	0.007154	0.051836	0.000553	0.075993	0.486751	4	0	1	0.036865	[16,16,16,20]
V0	0	1	FORMAL_V0_G0_P1_M1_RULE_U01	M1_RULE_U01	7	4	A3_RAGGED_DIRECT	450	0.0029617733782645326	0.00706	0.047925	0.000541	0.071797	0.515543	4	0	2	0.032725	[15,17,17,15]
V0	0	1	FORMAL_V0_G0_P1_M1_RULE_U01	M1_RULE_U01	8	4	A3_RAGGED_DIRECT	450	0.0029617733782645326	0.007135	0.047453	0.000564	0.071034	0.500437	4	0	2	0.032885	[15,198,198,15]
V0	0	1	FORMAL_V0_G0_P1_M1_RULE_U01	M1_RULE_U01	9	4	A3_RAGGED_DIRECT	450	0.0029617733782645326	0.006992	0.04526	0.00053	0.069158	0.533713	4	0	2	0.039131	[15,92,92,345]
V0	0	1	FORMAL_V0_G0_P1_M1_RULE_U01	M1_RULE_U01	10	4	A3_RAGGED_DIRECT	452	0.002974936815501264	0.007077	0.04809	0.000613	0.075622	0.444043	2	2	2	0.018748	[345,151645,151645,220]
V0	0	1	FORMAL_V0_G0_P1_M1_RULE_U01	M1_RULE_U01	11	2	A3_RAGGED_DIRECT	425	0.002797230412805392	0.006267	0.047951	0.000572	0.072695	0.379192	2	0	1	0.018934	[220,null,null,330]
V0	0	1	FORMAL_V0_G0_P1_M1_RULE_U01	M1_RULE_U01	12	2	A3_RAGGED_DIRECT	428	0.0028169755686604887	0.006182	0.047541	0.000473	0.073325	0.398818	2	0	2	0.018516	[330,null,null,1499]
V0	0	1	FORMAL_V0_G0_P1_M1_RULE_U01	M1_RULE_U01	13	2	A3_RAGGED_DIRECT	9	5.923546756529065e-05	0.006185	0.046864	0.000566	0.071886	0.404191	2	0	2	0.019769	[1499,null,null,34710]
V0	0	1	FORMAL_V0_G0_P1_M1_RULE_U01	M1_RULE_U01	14	2	A3_RAGGED_DIRECT	25	0.0001645429654591407	0.006348	0.049625	0.000559	0.07526	0.423808	2	0	2	0.021335	[34710,null,null,788]
V0	0	1	FORMAL_V0_G0_P1_M1_RULE_U01	M1_RULE_U01	15	2	A3_RAGGED_DIRECT	838	0.005515480202190396	0.006274	0.047469	0.000571	0.07276	0.421341	2	0	2	0.018418	[788,null,null,330]
V0	0	1	FORMAL_V0_G0_P1_M1_RULE_U01	M1_RULE_U01	16	2	A0_DENSE_VENDOR	147867	0.9732189869418703	0.00623	0.047457	0.000487	0.069457	0.884986	2	0	0	0.0	[330,null,null,26749]
V0	0	1	FORMAL_V0_G0_P1_M1_RULE_U01	M1_RULE_U01	17	2	A0_DENSE_VENDOR	147137	0.9684143323504634	0.007069	0.04295	0.000442	0.068061	0.959285	2	0	0	0.0	[26749,null,null,756]
V0	0	1	FORMAL_V0_G0_P1_M1_RULE_U01	M1_RULE_U01	18	2	A0_DENSE_VENDOR	147473	0.9706257898062342	0.007069	0.043481	0.000481	0.068856	0.866793	2	0	0	0.0	[756,null,null,220]
V0	0	1	FORMAL_V0_G0_P1_M1_RULE_U01	M1_RULE_U01	19	2	A3_RAGGED_DIRECT	424	0.002790648694187026	0.006862	0.043045	0.000548	0.068014	0.422647	2	0	1	0.021764	[220,null,null,330]
V0	0	1	FORMAL_V0_G0_P1_M1_RULE_U01	M1_RULE_U01	20	2	A3_RAGGED_DIRECT	426	0.0028038121314237574	0.00616	0.0396	0.000506	0.061612	0.402025	2	0	2	0.018659	[330,null,null,983]
V0	0	1	FORMAL_V0_G0_P1_M1_RULE_U01	M1_RULE_U01	21	2	A3_RAGGED_DIRECT	8	5.265374894692502e-05	0.006352	0.042742	0.000536	0.064762	0.392055	2	0	2	0.018428	[983,null,null,34710]
V0	0	1	FORMAL_V0_G0_P1_M1_RULE_U01	M1_RULE_U01	22	2	A3_RAGGED_DIRECT	23	0.00015137952822240943	0.006277	0.043245	0.000532	0.065186	0.399053	2	0	2	0.018409	[34710,null,null,788]
V0	0	1	FORMAL_V0_G0_P1_M1_RULE_U01	M1_RULE_U01	23	2	A3_RAGGED_DIRECT	824	0.005423336141533277	0.006249	0.042514	0.000546	0.064422	0.417057	2	0	2	0.01897	[788,null,null,330]
V0	0	1	FORMAL_V0_G0_P1_M1_RULE_U01	M1_RULE_U01	24	2	A0_DENSE_VENDOR	147788	0.9726990311710194	0.006188	0.042812	0.000488	0.064898	0.847207	2	0	0	0.0	[330,null,null,54738]
V0	0	1	FORMAL_V0_G0_P1_M1_RULE_U01	M1_RULE_U01	25	2	A0_DENSE_VENDOR	147068	0.9679601937657961	0.007011	0.043192	0.000478	0.067956	0.95967	2	0	0	0.0	[54738,null,null,698]
V0	0	1	FORMAL_V0_G0_P1_M1_RULE_U01	M1_RULE_U01	26	2	A0_DENSE_VENDOR	147404	0.970171651221567	0.010461	0.045309	0.000694	0.083805	1.097113	2	0	0	0.0	[698,null,null,92]
V0	0	1	FORMAL_V0_G0_P1_M1_RULE_U01	M1_RULE_U01	27	2	A3_RAGGED_DIRECT	425	0.002797230412805392	0.010275	0.0455	0.000705	0.083022	0.575548	1	1	1	0.02239	[92,null,null,151645]
V0	0	1	FORMAL_V0_G0_P1_M1_RULE_U01	M1_RULE_U01	28	1	A3_RAGGED_DIRECT	1	6.581718618365627e-06	0.005453	0.043234	0.000473	0.064056	0.163906	0	1	0	0.0	[151645,null,null,null]
V0	0	2	FORMAL_V0_G0_P2_B0_STRONG	B0_STRONG	0	4	A0_DENSE_VENDOR			0.0	0.0	0.0	0.0	0.774022	4	0	0	0.0	[515,515,515,515]
V0	0	2	FORMAL_V0_G0_P2_B0_STRONG	B0_STRONG	1	4	A0_DENSE_VENDOR			0.0	0.0	0.0	0.0	0.748274	4	0	0	0.0	[220,220,220,220]
V0	0	2	FORMAL_V0_G0_P2_B0_STRONG	B0_STRONG	2	4	A0_DENSE_VENDOR			0.0	0.0	0.0	0.0	0.744488	4	0	0	0.0	[330,330,330,330]
V0	0	2	FORMAL_V0_G0_P2_B0_STRONG	B0_STRONG	3	4	A0_DENSE_VENDOR			0.0	0.0	0.0	0.0	0.703911	4	0	0	0.0	[6045,4129,4129,6045]
V0	0	2	FORMAL_V0_G0_P2_B0_STRONG	B0_STRONG	4	4	A0_DENSE_VENDOR			0.0	0.0	0.0	0.0	0.722723	4	0	0	0.0	[788,788,788,788]
V0	0	2	FORMAL_V0_G0_P2_B0_STRONG	B0_STRONG	5	4	A0_DENSE_VENDOR			0.0	0.0	0.0	0.0	0.72803	4	0	0	0.0	[220,220,220,220]
V0	0	2	FORMAL_V0_G0_P2_B0_STRONG	B0_STRONG	6	4	A0_DENSE_VENDOR			0.0	0.0	0.0	0.0	0.725324	4	0	0	0.0	[16,16,16,20]
V0	0	2	FORMAL_V0_G0_P2_B0_STRONG	B0_STRONG	7	4	A0_DENSE_VENDOR			0.0	0.0	0.0	0.0	0.728949	4	0	0	0.0	[15,17,17,15]
V0	0	2	FORMAL_V0_G0_P2_B0_STRONG	B0_STRONG	8	4	A0_DENSE_VENDOR			0.0	0.0	0.0	0.0	0.721933	4	0	0	0.0	[15,198,198,15]
V0	0	2	FORMAL_V0_G0_P2_B0_STRONG	B0_STRONG	9	4	A0_DENSE_VENDOR			0.0	0.0	0.0	0.0	0.725712	4	0	0	0.0	[15,92,92,345]
V0	0	2	FORMAL_V0_G0_P2_B0_STRONG	B0_STRONG	10	4	A0_DENSE_VENDOR			0.0	0.0	0.0	0.0	0.704957	2	2	0	0.0	[345,151645,151645,220]
V0	0	2	FORMAL_V0_G0_P2_B0_STRONG	B0_STRONG	11	2	A0_DENSE_VENDOR			0.0	0.0	0.0	0.0	0.682626	2	0	0	0.0	[220,null,null,330]
V0	0	2	FORMAL_V0_G0_P2_B0_STRONG	B0_STRONG	12	2	A0_DENSE_VENDOR			0.0	0.0	0.0	0.0	0.67144	2	0	0	0.0	[330,null,null,1499]
V0	0	2	FORMAL_V0_G0_P2_B0_STRONG	B0_STRONG	13	2	A0_DENSE_VENDOR			0.0	0.0	0.0	0.0	0.667739	2	0	0	0.0	[1499,null,null,34710]
V0	0	2	FORMAL_V0_G0_P2_B0_STRONG	B0_STRONG	14	2	A0_DENSE_VENDOR			0.0	0.0	0.0	0.0	0.666826	2	0	0	0.0	[34710,null,null,788]
V0	0	2	FORMAL_V0_G0_P2_B0_STRONG	B0_STRONG	15	2	A0_DENSE_VENDOR			0.0	0.0	0.0	0.0	0.687496	2	0	0	0.0	[788,null,null,330]
V0	0	2	FORMAL_V0_G0_P2_B0_STRONG	B0_STRONG	16	2	A0_DENSE_VENDOR			0.0	0.0	0.0	0.0	0.79899	2	0	0	0.0	[330,null,null,26749]
V0	0	2	FORMAL_V0_G0_P2_B0_STRONG	B0_STRONG	17	2	A0_DENSE_VENDOR			0.0	0.0	0.0	0.0	0.852025	2	0	0	0.0	[26749,null,null,756]
V0	0	2	FORMAL_V0_G0_P2_B0_STRONG	B0_STRONG	18	2	A0_DENSE_VENDOR			0.0	0.0	0.0	0.0	0.775293	2	0	0	0.0	[756,null,null,220]
V0	0	2	FORMAL_V0_G0_P2_B0_STRONG	B0_STRONG	19	2	A0_DENSE_VENDOR			0.0	0.0	0.0	0.0	0.683569	2	0	0	0.0	[220,null,null,330]
V0	0	2	FORMAL_V0_G0_P2_B0_STRONG	B0_STRONG	20	2	A0_DENSE_VENDOR			0.0	0.0	0.0	0.0	0.671618	2	0	0	0.0	[330,null,null,983]
V0	0	2	FORMAL_V0_G0_P2_B0_STRONG	B0_STRONG	21	2	A0_DENSE_VENDOR			0.0	0.0	0.0	0.0	0.661607	2	0	0	0.0	[983,null,null,34710]
V0	0	2	FORMAL_V0_G0_P2_B0_STRONG	B0_STRONG	22	2	A0_DENSE_VENDOR			0.0	0.0	0.0	0.0	0.675081	2	0	0	0.0	[34710,null,null,788]
V0	0	2	FORMAL_V0_G0_P2_B0_STRONG	B0_STRONG	23	2	A0_DENSE_VENDOR			0.0	0.0	0.0	0.0	0.68369	2	0	0	0.0	[788,null,null,330]
V0	0	2	FORMAL_V0_G0_P2_B0_STRONG	B0_STRONG	24	2	A0_DENSE_VENDOR			0.0	0.0	0.0	0.0	0.791628	2	0	0	0.0	[330,null,null,54738]
V0	0	2	FORMAL_V0_G0_P2_B0_STRONG	B0_STRONG	25	2	A0_DENSE_VENDOR			0.0	0.0	0.0	0.0	0.848221	2	0	0	0.0	[54738,null,null,698]
V0	0	2	FORMAL_V0_G0_P2_B0_STRONG	B0_STRONG	26	2	A0_DENSE_VENDOR			0.0	0.0	0.0	0.0	0.779227	2	0	0	0.0	[698,null,null,92]
V0	0	2	FORMAL_V0_G0_P2_B0_STRONG	B0_STRONG	27	2	A0_DENSE_VENDOR			0.0	0.0	0.0	0.0	0.663391	1	1	0	0.0	[92,null,null,151645]
V0	0	2	FORMAL_V0_G0_P2_B0_STRONG	B0_STRONG	28	1	A0_DENSE_VENDOR			0.0	0.0	0.0	0.0	0.115851	0	1	0	0.0	[151645,null,null,null]
V0	0	2	FORMAL_V0_G0_P2_M1_RULE_U01	M1_RULE_U01	0	4	A3_RAGGED_DIRECT	7	4.6072030328559395e-05	0.00876	0.045752	0.000575	0.071709	0.47379	4	0	1	0.039257	[515,515,515,515]
V0	0	2	FORMAL_V0_G0_P2_M1_RULE_U01	M1_RULE_U01	1	4	A3_RAGGED_DIRECT	425	0.002797230412805392	0.007522	0.055629	0.000529	0.080446	0.556811	4	0	2	0.038719	[220,220,220,220]
V0	0	2	FORMAL_V0_G0_P2_M1_RULE_U01	M1_RULE_U01	2	4	A3_RAGGED_DIRECT	425	0.002797230412805392	0.007137	0.047181	0.000522	0.071168	0.509204	4	0	2	0.032902	[330,330,330,330]
V0	0	2	FORMAL_V0_G0_P2_M1_RULE_U01	M1_RULE_U01	3	4	A3_RAGGED_DIRECT	8	5.265374894692502e-05	0.007071	0.047357	0.00051	0.071162	0.469915	4	0	2	0.033238	[6045,4129,4129,6045]
V0	0	2	FORMAL_V0_G0_P2_M1_RULE_U01	M1_RULE_U01	4	4	A3_RAGGED_DIRECT	13	8.556234203875316e-05	0.00707	0.0476	0.000521	0.071339	0.457695	4	0	1	0.040878	[788,788,788,788]
V0	0	2	FORMAL_V0_G0_P2_M1_RULE_U01	M1_RULE_U01	5	4	A3_RAGGED_DIRECT	434	0.0028564658803706825	0.007053	0.04755	0.000542	0.07155	0.482728	4	0	1	0.037091	[220,220,220,220]
V0	0	2	FORMAL_V0_G0_P2_M1_RULE_U01	M1_RULE_U01	6	4	A3_RAGGED_DIRECT	434	0.0028564658803706825	0.007082	0.048312	0.000573	0.0724	0.482794	4	0	1	0.03286	[16,16,16,20]
V0	0	2	FORMAL_V0_G0_P2_M1_RULE_U01	M1_RULE_U01	7	4	A3_RAGGED_DIRECT	450	0.0029617733782645326	0.007131	0.048083	0.000461	0.07185	0.532986	4	0	2	0.035132	[15,17,17,15]
V0	0	2	FORMAL_V0_G0_P2_M1_RULE_U01	M1_RULE_U01	8	4	A3_RAGGED_DIRECT	450	0.0029617733782645326	0.007049	0.047648	0.000524	0.071409	0.514025	4	0	2	0.032736	[15,198,198,15]
V0	0	2	FORMAL_V0_G0_P2_M1_RULE_U01	M1_RULE_U01	9	4	A3_RAGGED_DIRECT	450	0.0029617733782645326	0.007163	0.043209	0.00052	0.067847	0.526252	4	0	2	0.03856	[15,92,92,345]
V0	0	2	FORMAL_V0_G0_P2_M1_RULE_U01	M1_RULE_U01	10	4	A3_RAGGED_DIRECT	452	0.002974936815501264	0.007106	0.042776	0.000542	0.066706	0.436976	2	2	2	0.018408	[345,151645,151645,220]
V0	0	2	FORMAL_V0_G0_P2_M1_RULE_U01	M1_RULE_U01	11	2	A3_RAGGED_DIRECT	425	0.002797230412805392	0.006421	0.042287	0.00054	0.064572	0.374891	2	0	1	0.019298	[220,null,null,330]
V0	0	2	FORMAL_V0_G0_P2_M1_RULE_U01	M1_RULE_U01	12	2	A3_RAGGED_DIRECT	428	0.0028169755686604887	0.006321	0.043112	0.000535	0.065395	0.412215	2	0	2	0.022992	[330,null,null,1499]
V0	0	2	FORMAL_V0_G0_P2_M1_RULE_U01	M1_RULE_U01	13	2	A3_RAGGED_DIRECT	9	5.923546756529065e-05	0.006342	0.043671	0.000512	0.065638	0.393799	2	0	2	0.018733	[1499,null,null,34710]
V0	0	2	FORMAL_V0_G0_P2_M1_RULE_U01	M1_RULE_U01	14	2	A3_RAGGED_DIRECT	25	0.0001645429654591407	0.006456	0.042868	0.000533	0.065283	0.420032	2	0	2	0.021901	[34710,null,null,788]
V0	0	2	FORMAL_V0_G0_P2_M1_RULE_U01	M1_RULE_U01	15	2	A3_RAGGED_DIRECT	838	0.005515480202190396	0.006261	0.043202	0.000525	0.065317	0.426837	2	0	2	0.021992	[788,null,null,330]
V0	0	2	FORMAL_V0_G0_P2_M1_RULE_U01	M1_RULE_U01	16	2	A0_DENSE_VENDOR	147867	0.9732189869418703	0.006394	0.043151	0.000513	0.065698	0.879842	2	0	0	0.0	[330,null,null,26749]
V0	0	2	FORMAL_V0_G0_P2_M1_RULE_U01	M1_RULE_U01	17	2	A0_DENSE_VENDOR	147137	0.9684143323504634	0.006454	0.043943	0.000429	0.066634	0.920008	2	0	0	0.0	[26749,null,null,756]
V0	0	2	FORMAL_V0_G0_P2_M1_RULE_U01	M1_RULE_U01	18	2	A0_DENSE_VENDOR	147473	0.9706257898062342	0.006361	0.044766	0.000428	0.067142	0.824659	2	0	0	0.0	[756,null,null,220]
V0	0	2	FORMAL_V0_G0_P2_M1_RULE_U01	M1_RULE_U01	19	2	A3_RAGGED_DIRECT	424	0.002790648694187026	0.006457	0.044118	0.000534	0.066836	0.371915	2	0	1	0.01943	[220,null,null,330]
V0	0	2	FORMAL_V0_G0_P2_M1_RULE_U01	M1_RULE_U01	20	2	A3_RAGGED_DIRECT	426	0.0028038121314237574	0.006189	0.039375	0.000441	0.060971	0.404843	2	0	2	0.022173	[330,null,null,983]
V0	0	2	FORMAL_V0_G0_P2_M1_RULE_U01	M1_RULE_U01	21	2	A3_RAGGED_DIRECT	8	5.265374894692502e-05	0.006235	0.042844	0.000481	0.064616	0.393332	2	0	2	0.018502	[983,null,null,34710]
V0	0	2	FORMAL_V0_G0_P2_M1_RULE_U01	M1_RULE_U01	22	2	A3_RAGGED_DIRECT	23	0.00015137952822240943	0.006243	0.042402	0.000554	0.064304	0.421315	2	0	2	0.027012	[34710,null,null,788]
V0	0	2	FORMAL_V0_G0_P2_M1_RULE_U01	M1_RULE_U01	23	2	A3_RAGGED_DIRECT	824	0.005423336141533277	0.006237	0.039394	0.000433	0.060776	0.415295	2	0	2	0.021963	[788,null,null,330]
V0	0	2	FORMAL_V0_G0_P2_M1_RULE_U01	M1_RULE_U01	24	2	A0_DENSE_VENDOR	147788	0.9726990311710194	0.00623	0.041445	0.000444	0.063539	0.836599	2	0	0	0.0	[330,null,null,54738]
V0	0	2	FORMAL_V0_G0_P2_M1_RULE_U01	M1_RULE_U01	25	2	A0_DENSE_VENDOR	147068	0.9679601937657961	0.006343	0.043228	0.000479	0.065836	0.919491	2	0	0	0.0	[54738,null,null,698]
V0	0	2	FORMAL_V0_G0_P2_M1_RULE_U01	M1_RULE_U01	26	2	A0_DENSE_VENDOR	147404	0.970171651221567	0.006323	0.044116	0.000485	0.066958	0.845412	2	0	0	0.0	[698,null,null,92]
V0	0	2	FORMAL_V0_G0_P2_M1_RULE_U01	M1_RULE_U01	27	2	A3_RAGGED_DIRECT	425	0.002797230412805392	0.006437	0.04425	0.000523	0.066847	0.347198	1	1	1	0.013621	[92,null,null,151645]
V0	0	2	FORMAL_V0_G0_P2_M1_RULE_U01	M1_RULE_U01	28	1	A3_RAGGED_DIRECT	1	6.581718618365627e-06	0.005363	0.039478	0.000462	0.060302	0.166992	0	1	0	0.0	[151645,null,null,null]
V0	0	3	FORMAL_V0_G0_P3_B0_STRONG	B0_STRONG	0	4	A0_DENSE_VENDOR			0.0	0.0	0.0	0.0	0.748607	4	0	0	0.0	[515,515,515,515]
V0	0	3	FORMAL_V0_G0_P3_B0_STRONG	B0_STRONG	1	4	A0_DENSE_VENDOR			0.0	0.0	0.0	0.0	0.888556	4	0	0	0.0	[220,220,220,220]
V0	0	3	FORMAL_V0_G0_P3_B0_STRONG	B0_STRONG	2	4	A0_DENSE_VENDOR			0.0	0.0	0.0	0.0	0.756793	4	0	0	0.0	[330,330,330,330]
V0	0	3	FORMAL_V0_G0_P3_B0_STRONG	B0_STRONG	3	4	A0_DENSE_VENDOR			0.0	0.0	0.0	0.0	0.683669	4	0	0	0.0	[6045,4129,4129,6045]
V0	0	3	FORMAL_V0_G0_P3_B0_STRONG	B0_STRONG	4	4	A0_DENSE_VENDOR			0.0	0.0	0.0	0.0	0.696476	4	0	0	0.0	[788,788,788,788]
V0	0	3	FORMAL_V0_G0_P3_B0_STRONG	B0_STRONG	5	4	A0_DENSE_VENDOR			0.0	0.0	0.0	0.0	0.725533	4	0	0	0.0	[220,220,220,220]
V0	0	3	FORMAL_V0_G0_P3_B0_STRONG	B0_STRONG	6	4	A0_DENSE_VENDOR			0.0	0.0	0.0	0.0	0.733892	4	0	0	0.0	[16,16,16,20]
V0	0	3	FORMAL_V0_G0_P3_B0_STRONG	B0_STRONG	7	4	A0_DENSE_VENDOR			0.0	0.0	0.0	0.0	0.727922	4	0	0	0.0	[15,17,17,15]
V0	0	3	FORMAL_V0_G0_P3_B0_STRONG	B0_STRONG	8	4	A0_DENSE_VENDOR			0.0	0.0	0.0	0.0	0.724042	4	0	0	0.0	[15,198,198,15]
V0	0	3	FORMAL_V0_G0_P3_B0_STRONG	B0_STRONG	9	4	A0_DENSE_VENDOR			0.0	0.0	0.0	0.0	0.718954	4	0	0	0.0	[15,92,92,345]
V0	0	3	FORMAL_V0_G0_P3_B0_STRONG	B0_STRONG	10	4	A0_DENSE_VENDOR			0.0	0.0	0.0	0.0	0.708427	2	2	0	0.0	[345,151645,151645,220]
V0	0	3	FORMAL_V0_G0_P3_B0_STRONG	B0_STRONG	11	2	A0_DENSE_VENDOR			0.0	0.0	0.0	0.0	0.700339	2	0	0	0.0	[220,null,null,330]
V0	0	3	FORMAL_V0_G0_P3_B0_STRONG	B0_STRONG	12	2	A0_DENSE_VENDOR			0.0	0.0	0.0	0.0	0.680808	2	0	0	0.0	[330,null,null,1499]
V0	0	3	FORMAL_V0_G0_P3_B0_STRONG	B0_STRONG	13	2	A0_DENSE_VENDOR			0.0	0.0	0.0	0.0	0.668111	2	0	0	0.0	[1499,null,null,34710]
V0	0	3	FORMAL_V0_G0_P3_B0_STRONG	B0_STRONG	14	2	A0_DENSE_VENDOR			0.0	0.0	0.0	0.0	0.669046	2	0	0	0.0	[34710,null,null,788]
V0	0	3	FORMAL_V0_G0_P3_B0_STRONG	B0_STRONG	15	2	A0_DENSE_VENDOR			0.0	0.0	0.0	0.0	0.692238	2	0	0	0.0	[788,null,null,330]
V0	0	3	FORMAL_V0_G0_P3_B0_STRONG	B0_STRONG	16	2	A0_DENSE_VENDOR			0.0	0.0	0.0	0.0	0.829342	2	0	0	0.0	[330,null,null,26749]
V0	0	3	FORMAL_V0_G0_P3_B0_STRONG	B0_STRONG	17	2	A0_DENSE_VENDOR			0.0	0.0	0.0	0.0	0.867384	2	0	0	0.0	[26749,null,null,756]
V0	0	3	FORMAL_V0_G0_P3_B0_STRONG	B0_STRONG	18	2	A0_DENSE_VENDOR			0.0	0.0	0.0	0.0	0.778734	2	0	0	0.0	[756,null,null,220]
V0	0	3	FORMAL_V0_G0_P3_B0_STRONG	B0_STRONG	19	2	A0_DENSE_VENDOR			0.0	0.0	0.0	0.0	0.693053	2	0	0	0.0	[220,null,null,330]
V0	0	3	FORMAL_V0_G0_P3_B0_STRONG	B0_STRONG	20	2	A0_DENSE_VENDOR			0.0	0.0	0.0	0.0	0.6837	2	0	0	0.0	[330,null,null,983]
V0	0	3	FORMAL_V0_G0_P3_B0_STRONG	B0_STRONG	21	2	A0_DENSE_VENDOR			0.0	0.0	0.0	0.0	0.672546	2	0	0	0.0	[983,null,null,34710]
V0	0	3	FORMAL_V0_G0_P3_B0_STRONG	B0_STRONG	22	2	A0_DENSE_VENDOR			0.0	0.0	0.0	0.0	0.677581	2	0	0	0.0	[34710,null,null,788]
V0	0	3	FORMAL_V0_G0_P3_B0_STRONG	B0_STRONG	23	2	A0_DENSE_VENDOR			0.0	0.0	0.0	0.0	0.691661	2	0	0	0.0	[788,null,null,330]
V0	0	3	FORMAL_V0_G0_P3_B0_STRONG	B0_STRONG	24	2	A0_DENSE_VENDOR			0.0	0.0	0.0	0.0	0.793887	2	0	0	0.0	[330,null,null,54738]
V0	0	3	FORMAL_V0_G0_P3_B0_STRONG	B0_STRONG	25	2	A0_DENSE_VENDOR			0.0	0.0	0.0	0.0	0.856587	2	0	0	0.0	[54738,null,null,698]
V0	0	3	FORMAL_V0_G0_P3_B0_STRONG	B0_STRONG	26	2	A0_DENSE_VENDOR			0.0	0.0	0.0	0.0	0.772119	2	0	0	0.0	[698,null,null,92]
V0	0	3	FORMAL_V0_G0_P3_B0_STRONG	B0_STRONG	27	2	A0_DENSE_VENDOR			0.0	0.0	0.0	0.0	0.673033	1	1	0	0.0	[92,null,null,151645]
V0	0	3	FORMAL_V0_G0_P3_B0_STRONG	B0_STRONG	28	1	A0_DENSE_VENDOR			0.0	0.0	0.0	0.0	0.121102	0	1	0	0.0	[151645,null,null,null]
V0	0	3	FORMAL_V0_G0_P3_M1_RULE_U01	M1_RULE_U01	0	4	A3_RAGGED_DIRECT	7	4.6072030328559395e-05	0.009686	0.047044	0.000605	0.081617	0.493046	4	0	1	0.036703	[515,515,515,515]
V0	0	3	FORMAL_V0_G0_P3_M1_RULE_U01	M1_RULE_U01	1	4	A3_RAGGED_DIRECT	425	0.002797230412805392	0.007191	0.043754	0.000751	0.076043	0.530727	4	0	2	0.034825	[220,220,220,220]
V0	0	3	FORMAL_V0_G0_P3_M1_RULE_U01	M1_RULE_U01	2	4	A3_RAGGED_DIRECT	425	0.002797230412805392	0.007465	0.044497	0.000577	0.077754	0.539443	4	0	2	0.033802	[330,330,330,330]
V0	0	3	FORMAL_V0_G0_P3_M1_RULE_U01	M1_RULE_U01	3	4	A3_RAGGED_DIRECT	8	5.265374894692502e-05	0.007245	0.043592	0.000544	0.075393	0.479165	4	0	2	0.033291	[6045,4129,4129,6045]
V0	0	3	FORMAL_V0_G0_P3_M1_RULE_U01	M1_RULE_U01	4	4	A3_RAGGED_DIRECT	13	8.556234203875316e-05	0.007264	0.042413	0.000539	0.074917	0.442689	4	0	1	0.033248	[788,788,788,788]
V0	0	3	FORMAL_V0_G0_P3_M1_RULE_U01	M1_RULE_U01	5	4	A3_RAGGED_DIRECT	434	0.0028564658803706825	0.007109	0.042979	0.00056	0.075711	0.477122	4	0	1	0.033138	[220,220,220,220]
V0	0	3	FORMAL_V0_G0_P3_M1_RULE_U01	M1_RULE_U01	6	4	A3_RAGGED_DIRECT	434	0.0028564658803706825	0.007249	0.048812	0.000566	0.086335	0.48065	4	0	1	0.033549	[16,16,16,20]
V0	0	3	FORMAL_V0_G0_P3_M1_RULE_U01	M1_RULE_U01	7	4	A3_RAGGED_DIRECT	450	0.0029617733782645326	0.007219	0.043375	0.000658	0.085068	0.540124	4	0	2	0.033423	[15,17,17,15]
V0	0	3	FORMAL_V0_G0_P3_M1_RULE_U01	M1_RULE_U01	8	4	A3_RAGGED_DIRECT	450	0.0029617733782645326	0.007367	0.04527	0.000549	0.0836	0.540738	4	0	2	0.03341	[15,198,198,15]
V0	0	3	FORMAL_V0_G0_P3_M1_RULE_U01	M1_RULE_U01	9	4	A3_RAGGED_DIRECT	450	0.0029617733782645326	0.007086	0.043355	0.00055	0.084451	0.529745	4	0	2	0.033731	[15,92,92,345]
V0	0	3	FORMAL_V0_G0_P3_M1_RULE_U01	M1_RULE_U01	10	4	A3_RAGGED_DIRECT	452	0.002974936815501264	0.007342	0.044721	0.000499	0.082937	0.448332	2	2	2	0.019268	[345,151645,151645,220]
V0	0	3	FORMAL_V0_G0_P3_M1_RULE_U01	M1_RULE_U01	11	2	A3_RAGGED_DIRECT	425	0.002797230412805392	0.006562	0.045449	0.000576	0.081603	0.384523	2	0	1	0.019102	[220,null,null,330]
V0	0	3	FORMAL_V0_G0_P3_M1_RULE_U01	M1_RULE_U01	12	2	A3_RAGGED_DIRECT	428	0.0028169755686604887	0.006607	0.04597	0.000546	0.080038	0.434278	2	0	2	0.022489	[330,null,null,1499]
V0	0	3	FORMAL_V0_G0_P3_M1_RULE_U01	M1_RULE_U01	13	2	A3_RAGGED_DIRECT	9	5.923546756529065e-05	0.006496	0.045121	0.000605	0.079332	0.40529	2	0	2	0.018661	[1499,null,null,34710]
V0	0	3	FORMAL_V0_G0_P3_M1_RULE_U01	M1_RULE_U01	14	2	A3_RAGGED_DIRECT	25	0.0001645429654591407	0.006634	0.045273	0.000542	0.079744	0.411088	2	0	2	0.022526	[34710,null,null,788]
V0	0	3	FORMAL_V0_G0_P3_M1_RULE_U01	M1_RULE_U01	15	2	A3_RAGGED_DIRECT	838	0.005515480202190396	0.00648	0.044897	0.000585	0.079483	0.435986	2	0	2	0.018802	[788,null,null,330]
V0	0	3	FORMAL_V0_G0_P3_M1_RULE_U01	M1_RULE_U01	16	2	A0_DENSE_VENDOR	147867	0.9732189869418703	0.006504	0.045291	0.000519	0.079772	0.878315	2	0	0	0.0	[330,null,null,26749]
V0	0	3	FORMAL_V0_G0_P3_M1_RULE_U01	M1_RULE_U01	17	2	A0_DENSE_VENDOR	147137	0.9684143323504634	0.006577	0.044197	0.000499	0.076072	0.918661	2	0	0	0.0	[26749,null,null,756]
V0	0	3	FORMAL_V0_G0_P3_M1_RULE_U01	M1_RULE_U01	18	2	A0_DENSE_VENDOR	147473	0.9706257898062342	0.006541	0.044586	0.000514	0.076031	0.835467	2	0	0	0.0	[756,null,null,220]
V0	0	3	FORMAL_V0_G0_P3_M1_RULE_U01	M1_RULE_U01	19	2	A3_RAGGED_DIRECT	424	0.002790648694187026	0.006446	0.044162	0.000577	0.076825	0.394164	2	0	1	0.020309	[220,null,null,330]
V0	0	3	FORMAL_V0_G0_P3_M1_RULE_U01	M1_RULE_U01	20	2	A3_RAGGED_DIRECT	426	0.0028038121314237574	0.006547	0.043328	0.000506	0.075684	0.43308	2	0	2	0.020478	[330,null,null,983]
V0	0	3	FORMAL_V0_G0_P3_M1_RULE_U01	M1_RULE_U01	21	2	A3_RAGGED_DIRECT	8	5.265374894692502e-05	0.006273	0.042415	0.000538	0.073953	0.400281	2	0	2	0.018874	[983,null,null,34710]
V0	0	3	FORMAL_V0_G0_P3_M1_RULE_U01	M1_RULE_U01	22	2	A3_RAGGED_DIRECT	23	0.00015137952822240943	0.006508	0.043824	0.000572	0.07386	0.408541	2	0	2	0.028127	[34710,null,null,788]
V0	0	3	FORMAL_V0_G0_P3_M1_RULE_U01	M1_RULE_U01	23	2	A3_RAGGED_DIRECT	824	0.005423336141533277	0.00644	0.043909	0.000586	0.074714	0.421531	2	0	2	0.018922	[788,null,null,330]
V0	0	3	FORMAL_V0_G0_P3_M1_RULE_U01	M1_RULE_U01	24	2	A0_DENSE_VENDOR	147788	0.9726990311710194	0.006494	0.043275	0.000493	0.07409	0.854521	2	0	0	0.0	[330,null,null,54738]
V0	0	3	FORMAL_V0_G0_P3_M1_RULE_U01	M1_RULE_U01	25	2	A0_DENSE_VENDOR	147068	0.9679601937657961	0.006756	0.043593	0.000504	0.075243	0.921147	2	0	0	0.0	[54738,null,null,698]
V0	0	3	FORMAL_V0_G0_P3_M1_RULE_U01	M1_RULE_U01	26	2	A0_DENSE_VENDOR	147404	0.970171651221567	0.006561	0.044146	0.000492	0.075103	0.838632	2	0	0	0.0	[698,null,null,92]
V0	0	3	FORMAL_V0_G0_P3_M1_RULE_U01	M1_RULE_U01	27	2	A3_RAGGED_DIRECT	425	0.002797230412805392	0.00642	0.043666	0.000546	0.074424	0.347102	1	1	1	0.013609	[92,null,null,151645]
V0	0	3	FORMAL_V0_G0_P3_M1_RULE_U01	M1_RULE_U01	28	1	A3_RAGGED_DIRECT	1	6.581718618365627e-06	0.005457	0.03934	0.000477	0.068944	0.181411	0	1	0	0.0	[151645,null,null,null]
V0	0	4	FORMAL_V0_G0_P4_B0_STRONG	B0_STRONG	0	4	A0_DENSE_VENDOR			0.0	0.0	0.0	0.0	0.750129	4	0	0	0.0	[515,515,515,515]
V0	0	4	FORMAL_V0_G0_P4_B0_STRONG	B0_STRONG	1	4	A0_DENSE_VENDOR			0.0	0.0	0.0	0.0	0.715613	4	0	0	0.0	[220,220,220,220]
V0	0	4	FORMAL_V0_G0_P4_B0_STRONG	B0_STRONG	2	4	A0_DENSE_VENDOR			0.0	0.0	0.0	0.0	0.719821	4	0	0	0.0	[330,330,330,330]
V0	0	4	FORMAL_V0_G0_P4_B0_STRONG	B0_STRONG	3	4	A0_DENSE_VENDOR			0.0	0.0	0.0	0.0	0.677507	4	0	0	0.0	[6045,4129,4129,6045]
V0	0	4	FORMAL_V0_G0_P4_B0_STRONG	B0_STRONG	4	4	A0_DENSE_VENDOR			0.0	0.0	0.0	0.0	0.69316	4	0	0	0.0	[788,788,788,788]
V0	0	4	FORMAL_V0_G0_P4_B0_STRONG	B0_STRONG	5	4	A0_DENSE_VENDOR			0.0	0.0	0.0	0.0	0.727158	4	0	0	0.0	[220,220,220,220]
V0	0	4	FORMAL_V0_G0_P4_B0_STRONG	B0_STRONG	6	4	A0_DENSE_VENDOR			0.0	0.0	0.0	0.0	0.728803	4	0	0	0.0	[16,16,16,20]
V0	0	4	FORMAL_V0_G0_P4_B0_STRONG	B0_STRONG	7	4	A0_DENSE_VENDOR			0.0	0.0	0.0	0.0	0.72531	4	0	0	0.0	[15,17,17,15]
V0	0	4	FORMAL_V0_G0_P4_B0_STRONG	B0_STRONG	8	4	A0_DENSE_VENDOR			0.0	0.0	0.0	0.0	0.726902	4	0	0	0.0	[15,198,198,15]
V0	0	4	FORMAL_V0_G0_P4_B0_STRONG	B0_STRONG	9	4	A0_DENSE_VENDOR			0.0	0.0	0.0	0.0	0.727966	4	0	0	0.0	[15,92,92,345]
V0	0	4	FORMAL_V0_G0_P4_B0_STRONG	B0_STRONG	10	4	A0_DENSE_VENDOR			0.0	0.0	0.0	0.0	0.70323	2	2	0	0.0	[345,151645,151645,220]
V0	0	4	FORMAL_V0_G0_P4_B0_STRONG	B0_STRONG	11	2	A0_DENSE_VENDOR			0.0	0.0	0.0	0.0	0.696506	2	0	0	0.0	[220,null,null,330]
V0	0	4	FORMAL_V0_G0_P4_B0_STRONG	B0_STRONG	12	2	A0_DENSE_VENDOR			0.0	0.0	0.0	0.0	0.683214	2	0	0	0.0	[330,null,null,1499]
V0	0	4	FORMAL_V0_G0_P4_B0_STRONG	B0_STRONG	13	2	A0_DENSE_VENDOR			0.0	0.0	0.0	0.0	0.673585	2	0	0	0.0	[1499,null,null,34710]
V0	0	4	FORMAL_V0_G0_P4_B0_STRONG	B0_STRONG	14	2	A0_DENSE_VENDOR			0.0	0.0	0.0	0.0	0.669232	2	0	0	0.0	[34710,null,null,788]
V0	0	4	FORMAL_V0_G0_P4_B0_STRONG	B0_STRONG	15	2	A0_DENSE_VENDOR			0.0	0.0	0.0	0.0	0.690035	2	0	0	0.0	[788,null,null,330]
V0	0	4	FORMAL_V0_G0_P4_B0_STRONG	B0_STRONG	16	2	A0_DENSE_VENDOR			0.0	0.0	0.0	0.0	0.801529	2	0	0	0.0	[330,null,null,26749]
V0	0	4	FORMAL_V0_G0_P4_B0_STRONG	B0_STRONG	17	2	A0_DENSE_VENDOR			0.0	0.0	0.0	0.0	0.879708	2	0	0	0.0	[26749,null,null,756]
V0	0	4	FORMAL_V0_G0_P4_B0_STRONG	B0_STRONG	18	2	A0_DENSE_VENDOR			0.0	0.0	0.0	0.0	0.775645	2	0	0	0.0	[756,null,null,220]
V0	0	4	FORMAL_V0_G0_P4_B0_STRONG	B0_STRONG	19	2	A0_DENSE_VENDOR			0.0	0.0	0.0	0.0	0.691471	2	0	0	0.0	[220,null,null,330]
V0	0	4	FORMAL_V0_G0_P4_B0_STRONG	B0_STRONG	20	2	A0_DENSE_VENDOR			0.0	0.0	0.0	0.0	0.674918	2	0	0	0.0	[330,null,null,983]
V0	0	4	FORMAL_V0_G0_P4_B0_STRONG	B0_STRONG	21	2	A0_DENSE_VENDOR			0.0	0.0	0.0	0.0	0.672746	2	0	0	0.0	[983,null,null,34710]
V0	0	4	FORMAL_V0_G0_P4_B0_STRONG	B0_STRONG	22	2	A0_DENSE_VENDOR			0.0	0.0	0.0	0.0	0.674388	2	0	0	0.0	[34710,null,null,788]
V0	0	4	FORMAL_V0_G0_P4_B0_STRONG	B0_STRONG	23	2	A0_DENSE_VENDOR			0.0	0.0	0.0	0.0	0.69119	2	0	0	0.0	[788,null,null,330]
V0	0	4	FORMAL_V0_G0_P4_B0_STRONG	B0_STRONG	24	2	A0_DENSE_VENDOR			0.0	0.0	0.0	0.0	0.782372	2	0	0	0.0	[330,null,null,54738]
V0	0	4	FORMAL_V0_G0_P4_B0_STRONG	B0_STRONG	25	2	A0_DENSE_VENDOR			0.0	0.0	0.0	0.0	0.870121	2	0	0	0.0	[54738,null,null,698]
V0	0	4	FORMAL_V0_G0_P4_B0_STRONG	B0_STRONG	26	2	A0_DENSE_VENDOR			0.0	0.0	0.0	0.0	0.768966	2	0	0	0.0	[698,null,null,92]
V0	0	4	FORMAL_V0_G0_P4_B0_STRONG	B0_STRONG	27	2	A0_DENSE_VENDOR			0.0	0.0	0.0	0.0	0.676822	1	1	0	0.0	[92,null,null,151645]
V0	0	4	FORMAL_V0_G0_P4_B0_STRONG	B0_STRONG	28	1	A0_DENSE_VENDOR			0.0	0.0	0.0	0.0	0.121946	0	1	0	0.0	[151645,null,null,null]
V0	0	4	FORMAL_V0_G0_P4_M1_RULE_U01	M1_RULE_U01	0	4	A3_RAGGED_DIRECT	7	4.6072030328559395e-05	0.008996	0.046485	0.000549	0.081019	0.500018	4	0	1	0.040995	[515,515,515,515]
V0	0	4	FORMAL_V0_G0_P4_M1_RULE_U01	M1_RULE_U01	1	4	A3_RAGGED_DIRECT	425	0.002797230412805392	0.007398	0.04415	0.000506	0.076271	0.535961	4	0	2	0.035004	[220,220,220,220]
V0	0	4	FORMAL_V0_G0_P4_M1_RULE_U01	M1_RULE_U01	2	4	A3_RAGGED_DIRECT	425	0.002797230412805392	0.007326	0.045366	0.000539	0.078349	0.514455	4	0	2	0.0333	[330,330,330,330]
V0	0	4	FORMAL_V0_G0_P4_M1_RULE_U01	M1_RULE_U01	3	4	A3_RAGGED_DIRECT	8	5.265374894692502e-05	0.007108	0.042689	0.000519	0.074522	0.484866	4	0	2	0.03357	[6045,4129,4129,6045]
V0	0	4	FORMAL_V0_G0_P4_M1_RULE_U01	M1_RULE_U01	4	4	A3_RAGGED_DIRECT	13	8.556234203875316e-05	0.007329	0.044845	0.000523	0.072439	0.455008	4	0	1	0.038415	[788,788,788,788]
V0	0	4	FORMAL_V0_G0_P4_M1_RULE_U01	M1_RULE_U01	5	4	A3_RAGGED_DIRECT	434	0.0028564658803706825	0.007071	0.04322	0.000538	0.074879	0.490117	4	0	1	0.039278	[220,220,220,220]
V0	0	4	FORMAL_V0_G0_P4_M1_RULE_U01	M1_RULE_U01	6	4	A3_RAGGED_DIRECT	434	0.0028564658803706825	0.007507	0.045549	0.000544	0.082257	0.488502	4	0	1	0.03317	[16,16,16,20]
V0	0	4	FORMAL_V0_G0_P4_M1_RULE_U01	M1_RULE_U01	7	4	A3_RAGGED_DIRECT	450	0.0029617733782645326	0.007181	0.045141	0.000533	0.085474	0.526817	4	0	2	0.033036	[15,17,17,15]
V0	0	4	FORMAL_V0_G0_P4_M1_RULE_U01	M1_RULE_U01	8	4	A3_RAGGED_DIRECT	450	0.0029617733782645326	0.007256	0.046315	0.000619	0.087539	0.548285	4	0	2	0.042793	[15,198,198,15]
V0	0	4	FORMAL_V0_G0_P4_M1_RULE_U01	M1_RULE_U01	9	4	A3_RAGGED_DIRECT	450	0.0029617733782645326	0.007032	0.043876	0.000563	0.084071	0.534108	4	0	2	0.037782	[15,92,92,345]
V0	0	4	FORMAL_V0_G0_P4_M1_RULE_U01	M1_RULE_U01	10	4	A3_RAGGED_DIRECT	452	0.002974936815501264	0.00723	0.044594	0.0005	0.076052	0.433449	2	2	2	0.019081	[345,151645,151645,220]
V0	0	4	FORMAL_V0_G0_P4_M1_RULE_U01	M1_RULE_U01	11	2	A3_RAGGED_DIRECT	425	0.002797230412805392	0.006576	0.044518	0.000581	0.080727	0.380486	2	0	1	0.019212	[220,null,null,330]
V0	0	4	FORMAL_V0_G0_P4_M1_RULE_U01	M1_RULE_U01	12	2	A3_RAGGED_DIRECT	428	0.0028169755686604887	0.006483	0.044473	0.000521	0.078257	0.433351	2	0	2	0.021866	[330,null,null,1499]
V0	0	4	FORMAL_V0_G0_P4_M1_RULE_U01	M1_RULE_U01	13	2	A3_RAGGED_DIRECT	9	5.923546756529065e-05	0.006434	0.044135	0.000547	0.077949	0.427319	2	0	2	0.027123	[1499,null,null,34710]
V0	0	4	FORMAL_V0_G0_P4_M1_RULE_U01	M1_RULE_U01	14	2	A3_RAGGED_DIRECT	25	0.0001645429654591407	0.00656	0.050377	0.000502	0.08475	0.410771	2	0	2	0.019175	[34710,null,null,788]
V0	0	4	FORMAL_V0_G0_P4_M1_RULE_U01	M1_RULE_U01	15	2	A3_RAGGED_DIRECT	838	0.005515480202190396	0.006445	0.04447	0.000529	0.07842	0.438487	2	0	2	0.020908	[788,null,null,330]
V0	0	4	FORMAL_V0_G0_P4_M1_RULE_U01	M1_RULE_U01	16	2	A0_DENSE_VENDOR	147867	0.9732189869418703	0.006397	0.045046	0.000427	0.074667	0.885656	2	0	0	0.0	[330,null,null,26749]
V0	0	4	FORMAL_V0_G0_P4_M1_RULE_U01	M1_RULE_U01	17	2	A0_DENSE_VENDOR	147137	0.9684143323504634	0.006808	0.04418	0.000472	0.076023	0.936145	2	0	0	0.0	[26749,null,null,756]
V0	0	4	FORMAL_V0_G0_P4_M1_RULE_U01	M1_RULE_U01	18	2	A0_DENSE_VENDOR	147473	0.9706257898062342	0.006637	0.044294	0.000483	0.075097	0.84766	2	0	0	0.0	[756,null,null,220]
V0	0	4	FORMAL_V0_G0_P4_M1_RULE_U01	M1_RULE_U01	19	2	A3_RAGGED_DIRECT	424	0.002790648694187026	0.006791	0.045111	0.000509	0.077423	0.380984	2	0	1	0.019817	[220,null,null,330]
V0	0	4	FORMAL_V0_G0_P4_M1_RULE_U01	M1_RULE_U01	20	2	A3_RAGGED_DIRECT	426	0.0028038121314237574	0.006571	0.042295	0.000532	0.073888	0.427388	2	0	2	0.020454	[330,null,null,983]
V0	0	4	FORMAL_V0_G0_P4_M1_RULE_U01	M1_RULE_U01	21	2	A3_RAGGED_DIRECT	8	5.265374894692502e-05	0.00655	0.042218	0.000535	0.07371	0.424482	2	0	2	0.022343	[983,null,null,34710]
V0	0	4	FORMAL_V0_G0_P4_M1_RULE_U01	M1_RULE_U01	22	2	A3_RAGGED_DIRECT	23	0.00015137952822240943	0.006641	0.043892	0.000515	0.073782	0.419339	2	0	2	0.022007	[34710,null,null,788]
V0	0	4	FORMAL_V0_G0_P4_M1_RULE_U01	M1_RULE_U01	23	2	A3_RAGGED_DIRECT	824	0.005423336141533277	0.006328	0.045316	0.000545	0.078506	0.423787	2	0	2	0.019084	[788,null,null,330]
V0	0	4	FORMAL_V0_G0_P4_M1_RULE_U01	M1_RULE_U01	24	2	A0_DENSE_VENDOR	147788	0.9726990311710194	0.006592	0.042698	0.000477	0.073461	0.845684	2	0	0	0.0	[330,null,null,54738]
V0	0	4	FORMAL_V0_G0_P4_M1_RULE_U01	M1_RULE_U01	25	2	A0_DENSE_VENDOR	147068	0.9679601937657961	0.006674	0.043766	0.000501	0.075005	0.917976	2	0	0	0.0	[54738,null,null,698]
V0	0	4	FORMAL_V0_G0_P4_M1_RULE_U01	M1_RULE_U01	26	2	A0_DENSE_VENDOR	147404	0.970171651221567	0.006591	0.04538	0.000484	0.076242	0.850292	2	0	0	0.0	[698,null,null,92]
V0	0	4	FORMAL_V0_G0_P4_M1_RULE_U01	M1_RULE_U01	27	2	A3_RAGGED_DIRECT	425	0.002797230412805392	0.006591	0.04482	0.000549	0.075559	0.338417	1	1	1	0.011739	[92,null,null,151645]
V0	0	4	FORMAL_V0_G0_P4_M1_RULE_U01	M1_RULE_U01	28	1	A3_RAGGED_DIRECT	1	6.581718618365627e-06	0.005439	0.040143	0.000449	0.069529	0.175525	0	1	0	0.0	[151645,null,null,null]
V0	1	0	FORMAL_V0_G1_P0_M1_RULE_U01	M1_RULE_U01	0	4	A3_RAGGED_DIRECT	7	4.6072030328559395e-05	0.008985	0.048031	0.000638	0.08317	0.506665	4	0	1	0.0467	[515,515,515,515]
V0	1	0	FORMAL_V0_G1_P0_M1_RULE_U01	M1_RULE_U01	1	4	A3_RAGGED_DIRECT	425	0.002797230412805392	0.007309	0.044313	0.000566	0.075981	0.525206	4	0	2	0.035013	[220,220,220,220]
V0	1	0	FORMAL_V0_G1_P0_M1_RULE_U01	M1_RULE_U01	2	4	A3_RAGGED_DIRECT	425	0.002797230412805392	0.00746	0.045515	0.000533	0.078691	0.53198	4	0	2	0.034787	[330,330,330,330]
V0	1	0	FORMAL_V0_G1_P0_M1_RULE_U01	M1_RULE_U01	3	4	A3_RAGGED_DIRECT	8	5.265374894692502e-05	0.00717	0.043759	0.000533	0.075346	0.477603	4	0	2	0.033086	[6045,4129,4129,6045]
V0	1	0	FORMAL_V0_G1_P0_M1_RULE_U01	M1_RULE_U01	4	4	A3_RAGGED_DIRECT	13	8.556234203875316e-05	0.007408	0.044533	0.000532	0.068414	0.459026	4	0	1	0.037581	[788,788,788,788]
V0	1	0	FORMAL_V0_G1_P0_M1_RULE_U01	M1_RULE_U01	5	4	A3_RAGGED_DIRECT	434	0.0028564658803706825	0.007116	0.041116	0.000548	0.07256	0.475751	4	0	1	0.032673	[220,220,220,220]
V0	1	0	FORMAL_V0_G1_P0_M1_RULE_U01	M1_RULE_U01	6	4	A3_RAGGED_DIRECT	434	0.0028564658803706825	0.007233	0.045189	0.000546	0.078857	0.495437	4	0	1	0.042207	[16,16,16,20]
V0	1	0	FORMAL_V0_G1_P0_M1_RULE_U01	M1_RULE_U01	7	4	A3_RAGGED_DIRECT	450	0.0029617733782645326	0.007202	0.044349	0.000582	0.085	0.529363	4	0	2	0.03369	[15,17,17,15]
V0	1	0	FORMAL_V0_G1_P0_M1_RULE_U01	M1_RULE_U01	8	4	A3_RAGGED_DIRECT	450	0.0029617733782645326	0.007402	0.043704	0.000594	0.075218	0.536533	4	0	2	0.039234	[15,198,198,15]
V0	1	0	FORMAL_V0_G1_P0_M1_RULE_U01	M1_RULE_U01	9	4	A3_RAGGED_DIRECT	450	0.0029617733782645326	0.007032	0.043378	0.000588	0.076861	0.517418	4	0	2	0.033241	[15,92,92,345]
V0	1	0	FORMAL_V0_G1_P0_M1_RULE_U01	M1_RULE_U01	10	4	A3_RAGGED_DIRECT	452	0.002974936815501264	0.007368	0.045373	0.000563	0.08314	0.447048	2	2	2	0.023917	[345,151645,151645,220]
V0	1	0	FORMAL_V0_G1_P0_M1_RULE_U01	M1_RULE_U01	11	2	A3_RAGGED_DIRECT	425	0.002797230412805392	0.006391	0.045698	0.000493	0.081419	0.380147	2	0	1	0.019584	[220,null,null,330]
V0	1	0	FORMAL_V0_G1_P0_M1_RULE_U01	M1_RULE_U01	12	2	A3_RAGGED_DIRECT	428	0.0028169755686604887	0.006408	0.042466	0.000561	0.071746	0.414661	2	0	2	0.018901	[330,null,null,1499]
V0	1	0	FORMAL_V0_G1_P0_M1_RULE_U01	M1_RULE_U01	13	2	A3_RAGGED_DIRECT	9	5.923546756529065e-05	0.006513	0.043682	0.000541	0.073677	0.39911	2	0	2	0.018919	[1499,null,null,34710]
V0	1	0	FORMAL_V0_G1_P0_M1_RULE_U01	M1_RULE_U01	14	2	A3_RAGGED_DIRECT	25	0.0001645429654591407	0.006492	0.042906	0.000534	0.073787	0.396746	2	0	2	0.018696	[34710,null,null,788]
V0	1	0	FORMAL_V0_G1_P0_M1_RULE_U01	M1_RULE_U01	15	2	A3_RAGGED_DIRECT	838	0.005515480202190396	0.006617	0.042996	0.000529	0.073281	0.422491	2	0	2	0.018837	[788,null,null,330]
V0	1	0	FORMAL_V0_G1_P0_M1_RULE_U01	M1_RULE_U01	16	2	A0_DENSE_VENDOR	147867	0.9732189869418703	0.006583	0.043748	0.000483	0.073477	0.886946	2	0	0	0.0	[330,null,null,26749]
V0	1	0	FORMAL_V0_G1_P0_M1_RULE_U01	M1_RULE_U01	17	2	A0_DENSE_VENDOR	147137	0.9684143323504634	0.006713	0.042848	0.000496	0.078216	0.92736	2	0	0	0.0	[26749,null,null,756]
V0	1	0	FORMAL_V0_G1_P0_M1_RULE_U01	M1_RULE_U01	18	2	A0_DENSE_VENDOR	147473	0.9706257898062342	0.006721	0.045445	0.000477	0.076881	0.842582	2	0	0	0.0	[756,null,null,220]
V0	1	0	FORMAL_V0_G1_P0_M1_RULE_U01	M1_RULE_U01	19	2	A3_RAGGED_DIRECT	424	0.002790648694187026	0.006671	0.044676	0.000546	0.077596	0.395766	2	0	1	0.022634	[220,null,null,330]
V0	1	0	FORMAL_V0_G1_P0_M1_RULE_U01	M1_RULE_U01	20	2	A3_RAGGED_DIRECT	426	0.0028038121314237574	0.006668	0.043039	0.000505	0.075141	0.442611	2	0	2	0.021008	[330,null,null,983]
V0	1	0	FORMAL_V0_G1_P0_M1_RULE_U01	M1_RULE_U01	21	2	A3_RAGGED_DIRECT	8	5.265374894692502e-05	0.006426	0.043227	0.000507	0.075117	0.426768	2	0	2	0.026972	[983,null,null,34710]
V0	1	0	FORMAL_V0_G1_P0_M1_RULE_U01	M1_RULE_U01	22	2	A3_RAGGED_DIRECT	23	0.00015137952822240943	0.00655	0.041557	0.000533	0.071977	0.4032	2	0	2	0.023163	[34710,null,null,788]
V0	1	0	FORMAL_V0_G1_P0_M1_RULE_U01	M1_RULE_U01	23	2	A3_RAGGED_DIRECT	824	0.005423336141533277	0.006524	0.042293	0.000483	0.07329	0.41653	2	0	2	0.018964	[788,null,null,330]
V0	1	0	FORMAL_V0_G1_P0_M1_RULE_U01	M1_RULE_U01	24	2	A0_DENSE_VENDOR	147788	0.9726990311710194	0.006465	0.044466	0.000436	0.074986	0.836998	2	0	0	0.0	[330,null,null,54738]
V0	1	0	FORMAL_V0_G1_P0_M1_RULE_U01	M1_RULE_U01	25	2	A0_DENSE_VENDOR	147068	0.9679601937657961	0.00664	0.044377	0.000497	0.076703	0.915406	2	0	0	0.0	[54738,null,null,698]
V0	1	0	FORMAL_V0_G1_P0_M1_RULE_U01	M1_RULE_U01	26	2	A0_DENSE_VENDOR	147404	0.970171651221567	0.006794	0.043945	0.00047	0.075478	0.838904	2	0	0	0.0	[698,null,null,92]
V0	1	0	FORMAL_V0_G1_P0_M1_RULE_U01	M1_RULE_U01	27	2	A3_RAGGED_DIRECT	425	0.002797230412805392	0.006666	0.045401	0.000509	0.076515	0.347904	1	1	1	0.01311	[92,null,null,151645]
V0	1	0	FORMAL_V0_G1_P0_M1_RULE_U01	M1_RULE_U01	28	1	A3_RAGGED_DIRECT	1	6.581718618365627e-06	0.005486	0.039754	0.000471	0.069363	0.17563	0	1	0	0.0	[151645,null,null,null]
V0	1	0	FORMAL_V0_G1_P0_B0_STRONG	B0_STRONG	0	4	A0_DENSE_VENDOR			0.0	0.0	0.0	0.0	0.768223	4	0	0	0.0	[515,515,515,515]
V0	1	0	FORMAL_V0_G1_P0_B0_STRONG	B0_STRONG	1	4	A0_DENSE_VENDOR			0.0	0.0	0.0	0.0	0.726341	4	0	0	0.0	[220,220,220,220]
V0	1	0	FORMAL_V0_G1_P0_B0_STRONG	B0_STRONG	2	4	A0_DENSE_VENDOR			0.0	0.0	0.0	0.0	0.723992	4	0	0	0.0	[330,330,330,330]
V0	1	0	FORMAL_V0_G1_P0_B0_STRONG	B0_STRONG	3	4	A0_DENSE_VENDOR			0.0	0.0	0.0	0.0	0.676738	4	0	0	0.0	[6045,4129,4129,6045]
V0	1	0	FORMAL_V0_G1_P0_B0_STRONG	B0_STRONG	4	4	A0_DENSE_VENDOR			0.0	0.0	0.0	0.0	0.695945	4	0	0	0.0	[788,788,788,788]
V0	1	0	FORMAL_V0_G1_P0_B0_STRONG	B0_STRONG	5	4	A0_DENSE_VENDOR			0.0	0.0	0.0	0.0	0.725991	4	0	0	0.0	[220,220,220,220]
V0	1	0	FORMAL_V0_G1_P0_B0_STRONG	B0_STRONG	6	4	A0_DENSE_VENDOR			0.0	0.0	0.0	0.0	0.722094	4	0	0	0.0	[16,16,16,20]
V0	1	0	FORMAL_V0_G1_P0_B0_STRONG	B0_STRONG	7	4	A0_DENSE_VENDOR			0.0	0.0	0.0	0.0	0.728849	4	0	0	0.0	[15,17,17,15]
V0	1	0	FORMAL_V0_G1_P0_B0_STRONG	B0_STRONG	8	4	A0_DENSE_VENDOR			0.0	0.0	0.0	0.0	0.725901	4	0	0	0.0	[15,198,198,15]
V0	1	0	FORMAL_V0_G1_P0_B0_STRONG	B0_STRONG	9	4	A0_DENSE_VENDOR			0.0	0.0	0.0	0.0	0.715624	4	0	0	0.0	[15,92,92,345]
V0	1	0	FORMAL_V0_G1_P0_B0_STRONG	B0_STRONG	10	4	A0_DENSE_VENDOR			0.0	0.0	0.0	0.0	0.707172	2	2	0	0.0	[345,151645,151645,220]
V0	1	0	FORMAL_V0_G1_P0_B0_STRONG	B0_STRONG	11	2	A0_DENSE_VENDOR			0.0	0.0	0.0	0.0	0.700396	2	0	0	0.0	[220,null,null,330]
V0	1	0	FORMAL_V0_G1_P0_B0_STRONG	B0_STRONG	12	2	A0_DENSE_VENDOR			0.0	0.0	0.0	0.0	0.677445	2	0	0	0.0	[330,null,null,1499]
V0	1	0	FORMAL_V0_G1_P0_B0_STRONG	B0_STRONG	13	2	A0_DENSE_VENDOR			0.0	0.0	0.0	0.0	0.671911	2	0	0	0.0	[1499,null,null,34710]
V0	1	0	FORMAL_V0_G1_P0_B0_STRONG	B0_STRONG	14	2	A0_DENSE_VENDOR			0.0	0.0	0.0	0.0	0.671241	2	0	0	0.0	[34710,null,null,788]
V0	1	0	FORMAL_V0_G1_P0_B0_STRONG	B0_STRONG	15	2	A0_DENSE_VENDOR			0.0	0.0	0.0	0.0	0.688633	2	0	0	0.0	[788,null,null,330]
V0	1	0	FORMAL_V0_G1_P0_B0_STRONG	B0_STRONG	16	2	A0_DENSE_VENDOR			0.0	0.0	0.0	0.0	0.803592	2	0	0	0.0	[330,null,null,26749]
V0	1	0	FORMAL_V0_G1_P0_B0_STRONG	B0_STRONG	17	2	A0_DENSE_VENDOR			0.0	0.0	0.0	0.0	0.851158	2	0	0	0.0	[26749,null,null,756]
V0	1	0	FORMAL_V0_G1_P0_B0_STRONG	B0_STRONG	18	2	A0_DENSE_VENDOR			0.0	0.0	0.0	0.0	0.785847	2	0	0	0.0	[756,null,null,220]
V0	1	0	FORMAL_V0_G1_P0_B0_STRONG	B0_STRONG	19	2	A0_DENSE_VENDOR			0.0	0.0	0.0	0.0	0.692124	2	0	0	0.0	[220,null,null,330]
V0	1	0	FORMAL_V0_G1_P0_B0_STRONG	B0_STRONG	20	2	A0_DENSE_VENDOR			0.0	0.0	0.0	0.0	0.680399	2	0	0	0.0	[330,null,null,983]
V0	1	0	FORMAL_V0_G1_P0_B0_STRONG	B0_STRONG	21	2	A0_DENSE_VENDOR			0.0	0.0	0.0	0.0	0.6712	2	0	0	0.0	[983,null,null,34710]
V0	1	0	FORMAL_V0_G1_P0_B0_STRONG	B0_STRONG	22	2	A0_DENSE_VENDOR			0.0	0.0	0.0	0.0	0.674067	2	0	0	0.0	[34710,null,null,788]
V0	1	0	FORMAL_V0_G1_P0_B0_STRONG	B0_STRONG	23	2	A0_DENSE_VENDOR			0.0	0.0	0.0	0.0	0.691874	2	0	0	0.0	[788,null,null,330]
V0	1	0	FORMAL_V0_G1_P0_B0_STRONG	B0_STRONG	24	2	A0_DENSE_VENDOR			0.0	0.0	0.0	0.0	0.793895	2	0	0	0.0	[330,null,null,54738]
V0	1	0	FORMAL_V0_G1_P0_B0_STRONG	B0_STRONG	25	2	A0_DENSE_VENDOR			0.0	0.0	0.0	0.0	0.856356	2	0	0	0.0	[54738,null,null,698]
V0	1	0	FORMAL_V0_G1_P0_B0_STRONG	B0_STRONG	26	2	A0_DENSE_VENDOR			0.0	0.0	0.0	0.0	0.788042	2	0	0	0.0	[698,null,null,92]
V0	1	0	FORMAL_V0_G1_P0_B0_STRONG	B0_STRONG	27	2	A0_DENSE_VENDOR			0.0	0.0	0.0	0.0	0.67074	1	1	0	0.0	[92,null,null,151645]
V0	1	0	FORMAL_V0_G1_P0_B0_STRONG	B0_STRONG	28	1	A0_DENSE_VENDOR			0.0	0.0	0.0	0.0	0.122177	0	1	0	0.0	[151645,null,null,null]
V0	1	1	FORMAL_V0_G1_P1_M1_RULE_U01	M1_RULE_U01	0	4	A3_RAGGED_DIRECT	7	4.6072030328559395e-05	0.008659	0.049414	0.000568	0.083008	0.484183	4	0	1	0.036297	[515,515,515,515]
V0	1	1	FORMAL_V0_G1_P1_M1_RULE_U01	M1_RULE_U01	1	4	A3_RAGGED_DIRECT	425	0.002797230412805392	0.007429	0.043048	0.000518	0.075024	0.534721	4	0	2	0.034056	[220,220,220,220]
V0	1	1	FORMAL_V0_G1_P1_M1_RULE_U01	M1_RULE_U01	2	4	A3_RAGGED_DIRECT	425	0.002797230412805392	0.007335	0.049287	0.00051	0.082068	0.540415	4	0	2	0.044296	[330,330,330,330]
V0	1	1	FORMAL_V0_G1_P1_M1_RULE_U01	M1_RULE_U01	3	4	A3_RAGGED_DIRECT	8	5.265374894692502e-05	0.007047	0.043216	0.000514	0.075031	0.478082	4	0	2	0.033145	[6045,4129,4129,6045]
V0	1	1	FORMAL_V0_G1_P1_M1_RULE_U01	M1_RULE_U01	4	4	A3_RAGGED_DIRECT	13	8.556234203875316e-05	0.00733	0.044373	0.000558	0.077199	0.449982	4	0	1	0.033243	[788,788,788,788]
V0	1	1	FORMAL_V0_G1_P1_M1_RULE_U01	M1_RULE_U01	5	4	A3_RAGGED_DIRECT	434	0.0028564658803706825	0.007099	0.043028	0.000544	0.07477	0.472821	4	0	1	0.03287	[220,220,220,220]
V0	1	1	FORMAL_V0_G1_P1_M1_RULE_U01	M1_RULE_U01	6	4	A3_RAGGED_DIRECT	434	0.0028564658803706825	0.007332	0.042267	0.000525	0.079404	0.490728	4	0	1	0.033192	[16,16,16,20]
V0	1	1	FORMAL_V0_G1_P1_M1_RULE_U01	M1_RULE_U01	7	4	A3_RAGGED_DIRECT	450	0.0029617733782645326	0.007096	0.042865	0.000547	0.076508	0.519039	4	0	2	0.033263	[15,17,17,15]
V0	1	1	FORMAL_V0_G1_P1_M1_RULE_U01	M1_RULE_U01	8	4	A3_RAGGED_DIRECT	450	0.0029617733782645326	0.007415	0.043321	0.000548	0.074609	0.515972	4	0	2	0.033247	[15,198,198,15]
V0	1	1	FORMAL_V0_G1_P1_M1_RULE_U01	M1_RULE_U01	9	4	A3_RAGGED_DIRECT	450	0.0029617733782645326	0.007115	0.042471	0.000522	0.075479	0.533749	4	0	2	0.033298	[15,92,92,345]
V0	1	1	FORMAL_V0_G1_P1_M1_RULE_U01	M1_RULE_U01	10	4	A3_RAGGED_DIRECT	452	0.002974936815501264	0.007482	0.043467	0.000531	0.075433	0.437356	2	2	2	0.019082	[345,151645,151645,220]
V0	1	1	FORMAL_V0_G1_P1_M1_RULE_U01	M1_RULE_U01	11	2	A3_RAGGED_DIRECT	425	0.002797230412805392	0.006623	0.043339	0.000587	0.075711	0.376713	2	0	1	0.019145	[220,null,null,330]
V0	1	1	FORMAL_V0_G1_P1_M1_RULE_U01	M1_RULE_U01	12	2	A3_RAGGED_DIRECT	428	0.0028169755686604887	0.006801	0.042909	0.000536	0.073053	0.414293	2	0	2	0.019021	[330,null,null,1499]
V0	1	1	FORMAL_V0_G1_P1_M1_RULE_U01	M1_RULE_U01	13	2	A3_RAGGED_DIRECT	9	5.923546756529065e-05	0.006422	0.042888	0.000514	0.072914	0.412958	2	0	2	0.018813	[1499,null,null,34710]
V0	1	1	FORMAL_V0_G1_P1_M1_RULE_U01	M1_RULE_U01	14	2	A3_RAGGED_DIRECT	25	0.0001645429654591407	0.006396	0.046917	0.000531	0.077853	0.417183	2	0	2	0.024007	[34710,null,null,788]
V0	1	1	FORMAL_V0_G1_P1_M1_RULE_U01	M1_RULE_U01	15	2	A3_RAGGED_DIRECT	838	0.005515480202190396	0.006485	0.043377	0.000572	0.073944	0.43015	2	0	2	0.018734	[788,null,null,330]
V0	1	1	FORMAL_V0_G1_P1_M1_RULE_U01	M1_RULE_U01	16	2	A0_DENSE_VENDOR	147867	0.9732189869418703	0.006675	0.043973	0.000513	0.073671	0.876162	2	0	0	0.0	[330,null,null,26749]
V0	1	1	FORMAL_V0_G1_P1_M1_RULE_U01	M1_RULE_U01	17	2	A0_DENSE_VENDOR	147137	0.9684143323504634	0.006569	0.045425	0.000539	0.0815	0.934548	2	0	0	0.0	[26749,null,null,756]
V0	1	1	FORMAL_V0_G1_P1_M1_RULE_U01	M1_RULE_U01	18	2	A0_DENSE_VENDOR	147473	0.9706257898062342	0.006613	0.043964	0.000497	0.075092	0.845539	2	0	0	0.0	[756,null,null,220]
V0	1	1	FORMAL_V0_G1_P1_M1_RULE_U01	M1_RULE_U01	19	2	A3_RAGGED_DIRECT	424	0.002790648694187026	0.006477	0.044577	0.000563	0.077657	0.394102	2	0	1	0.021382	[220,null,null,330]
V0	1	1	FORMAL_V0_G1_P1_M1_RULE_U01	M1_RULE_U01	20	2	A3_RAGGED_DIRECT	426	0.0028038121314237574	0.006706	0.043492	0.000478	0.075403	0.438718	2	0	2	0.021119	[330,null,null,983]
V0	1	1	FORMAL_V0_G1_P1_M1_RULE_U01	M1_RULE_U01	21	2	A3_RAGGED_DIRECT	8	5.265374894692502e-05	0.00661	0.043354	0.00058	0.078178	0.421161	2	0	2	0.027436	[983,null,null,34710]
V0	1	1	FORMAL_V0_G1_P1_M1_RULE_U01	M1_RULE_U01	22	2	A3_RAGGED_DIRECT	23	0.00015137952822240943	0.006405	0.042332	0.000537	0.072071	0.419247	2	0	2	0.021846	[34710,null,null,788]
V0	1	1	FORMAL_V0_G1_P1_M1_RULE_U01	M1_RULE_U01	23	2	A3_RAGGED_DIRECT	824	0.005423336141533277	0.006446	0.042702	0.000532	0.073853	0.440137	2	0	2	0.022279	[788,null,null,330]
V0	1	1	FORMAL_V0_G1_P1_M1_RULE_U01	M1_RULE_U01	24	2	A0_DENSE_VENDOR	147788	0.9726990311710194	0.0068	0.043876	0.000467	0.074779	0.865346	2	0	0	0.0	[330,null,null,54738]
V0	1	1	FORMAL_V0_G1_P1_M1_RULE_U01	M1_RULE_U01	25	2	A0_DENSE_VENDOR	147068	0.9679601937657961	0.006655	0.044638	0.000497	0.077113	0.914928	2	0	0	0.0	[54738,null,null,698]
V0	1	1	FORMAL_V0_G1_P1_M1_RULE_U01	M1_RULE_U01	26	2	A0_DENSE_VENDOR	147404	0.970171651221567	0.006557	0.044385	0.000466	0.075351	0.831774	2	0	0	0.0	[698,null,null,92]
V0	1	1	FORMAL_V0_G1_P1_M1_RULE_U01	M1_RULE_U01	27	2	A3_RAGGED_DIRECT	425	0.002797230412805392	0.006571	0.044624	0.000574	0.076393	0.346739	1	1	1	0.012893	[92,null,null,151645]
V0	1	1	FORMAL_V0_G1_P1_M1_RULE_U01	M1_RULE_U01	28	1	A3_RAGGED_DIRECT	1	6.581718618365627e-06	0.005506	0.039427	0.000455	0.069321	0.17633	0	1	0	0.0	[151645,null,null,null]
V0	1	1	FORMAL_V0_G1_P1_B0_STRONG	B0_STRONG	0	4	A0_DENSE_VENDOR			0.0	0.0	0.0	0.0	0.757543	4	0	0	0.0	[515,515,515,515]
V0	1	1	FORMAL_V0_G1_P1_B0_STRONG	B0_STRONG	1	4	A0_DENSE_VENDOR			0.0	0.0	0.0	0.0	0.725156	4	0	0	0.0	[220,220,220,220]
V0	1	1	FORMAL_V0_G1_P1_B0_STRONG	B0_STRONG	2	4	A0_DENSE_VENDOR			0.0	0.0	0.0	0.0	0.717041	4	0	0	0.0	[330,330,330,330]
V0	1	1	FORMAL_V0_G1_P1_B0_STRONG	B0_STRONG	3	4	A0_DENSE_VENDOR			0.0	0.0	0.0	0.0	0.678743	4	0	0	0.0	[6045,4129,4129,6045]
V0	1	1	FORMAL_V0_G1_P1_B0_STRONG	B0_STRONG	4	4	A0_DENSE_VENDOR			0.0	0.0	0.0	0.0	0.703589	4	0	0	0.0	[788,788,788,788]
V0	1	1	FORMAL_V0_G1_P1_B0_STRONG	B0_STRONG	5	4	A0_DENSE_VENDOR			0.0	0.0	0.0	0.0	0.733896	4	0	0	0.0	[220,220,220,220]
V0	1	1	FORMAL_V0_G1_P1_B0_STRONG	B0_STRONG	6	4	A0_DENSE_VENDOR			0.0	0.0	0.0	0.0	0.724739	4	0	0	0.0	[16,16,16,20]
V0	1	1	FORMAL_V0_G1_P1_B0_STRONG	B0_STRONG	7	4	A0_DENSE_VENDOR			0.0	0.0	0.0	0.0	0.731053	4	0	0	0.0	[15,17,17,15]
V0	1	1	FORMAL_V0_G1_P1_B0_STRONG	B0_STRONG	8	4	A0_DENSE_VENDOR			0.0	0.0	0.0	0.0	0.733763	4	0	0	0.0	[15,198,198,15]
V0	1	1	FORMAL_V0_G1_P1_B0_STRONG	B0_STRONG	9	4	A0_DENSE_VENDOR			0.0	0.0	0.0	0.0	0.722028	4	0	0	0.0	[15,92,92,345]
V0	1	1	FORMAL_V0_G1_P1_B0_STRONG	B0_STRONG	10	4	A0_DENSE_VENDOR			0.0	0.0	0.0	0.0	0.706855	2	2	0	0.0	[345,151645,151645,220]
V0	1	1	FORMAL_V0_G1_P1_B0_STRONG	B0_STRONG	11	2	A0_DENSE_VENDOR			0.0	0.0	0.0	0.0	0.695305	2	0	0	0.0	[220,null,null,330]
V0	1	1	FORMAL_V0_G1_P1_B0_STRONG	B0_STRONG	12	2	A0_DENSE_VENDOR			0.0	0.0	0.0	0.0	0.683354	2	0	0	0.0	[330,null,null,1499]
V0	1	1	FORMAL_V0_G1_P1_B0_STRONG	B0_STRONG	13	2	A0_DENSE_VENDOR			0.0	0.0	0.0	0.0	0.666928	2	0	0	0.0	[1499,null,null,34710]
V0	1	1	FORMAL_V0_G1_P1_B0_STRONG	B0_STRONG	14	2	A0_DENSE_VENDOR			0.0	0.0	0.0	0.0	0.670922	2	0	0	0.0	[34710,null,null,788]
V0	1	1	FORMAL_V0_G1_P1_B0_STRONG	B0_STRONG	15	2	A0_DENSE_VENDOR			0.0	0.0	0.0	0.0	0.693747	2	0	0	0.0	[788,null,null,330]
V0	1	1	FORMAL_V0_G1_P1_B0_STRONG	B0_STRONG	16	2	A0_DENSE_VENDOR			0.0	0.0	0.0	0.0	0.799781	2	0	0	0.0	[330,null,null,26749]
V0	1	1	FORMAL_V0_G1_P1_B0_STRONG	B0_STRONG	17	2	A0_DENSE_VENDOR			0.0	0.0	0.0	0.0	0.848528	2	0	0	0.0	[26749,null,null,756]
V0	1	1	FORMAL_V0_G1_P1_B0_STRONG	B0_STRONG	18	2	A0_DENSE_VENDOR			0.0	0.0	0.0	0.0	0.783329	2	0	0	0.0	[756,null,null,220]
V0	1	1	FORMAL_V0_G1_P1_B0_STRONG	B0_STRONG	19	2	A0_DENSE_VENDOR			0.0	0.0	0.0	0.0	0.6924	2	0	0	0.0	[220,null,null,330]
V0	1	1	FORMAL_V0_G1_P1_B0_STRONG	B0_STRONG	20	2	A0_DENSE_VENDOR			0.0	0.0	0.0	0.0	0.675898	2	0	0	0.0	[330,null,null,983]
V0	1	1	FORMAL_V0_G1_P1_B0_STRONG	B0_STRONG	21	2	A0_DENSE_VENDOR			0.0	0.0	0.0	0.0	0.667849	2	0	0	0.0	[983,null,null,34710]
V0	1	1	FORMAL_V0_G1_P1_B0_STRONG	B0_STRONG	22	2	A0_DENSE_VENDOR			0.0	0.0	0.0	0.0	0.675567	2	0	0	0.0	[34710,null,null,788]
V0	1	1	FORMAL_V0_G1_P1_B0_STRONG	B0_STRONG	23	2	A0_DENSE_VENDOR			0.0	0.0	0.0	0.0	0.690292	2	0	0	0.0	[788,null,null,330]
V0	1	1	FORMAL_V0_G1_P1_B0_STRONG	B0_STRONG	24	2	A0_DENSE_VENDOR			0.0	0.0	0.0	0.0	0.794166	2	0	0	0.0	[330,null,null,54738]
V0	1	1	FORMAL_V0_G1_P1_B0_STRONG	B0_STRONG	25	2	A0_DENSE_VENDOR			0.0	0.0	0.0	0.0	0.846474	2	0	0	0.0	[54738,null,null,698]
V0	1	1	FORMAL_V0_G1_P1_B0_STRONG	B0_STRONG	26	2	A0_DENSE_VENDOR			0.0	0.0	0.0	0.0	0.775652	2	0	0	0.0	[698,null,null,92]
V0	1	1	FORMAL_V0_G1_P1_B0_STRONG	B0_STRONG	27	2	A0_DENSE_VENDOR			0.0	0.0	0.0	0.0	0.666138	1	1	0	0.0	[92,null,null,151645]
V0	1	1	FORMAL_V0_G1_P1_B0_STRONG	B0_STRONG	28	1	A0_DENSE_VENDOR			0.0	0.0	0.0	0.0	0.121814	0	1	0	0.0	[151645,null,null,null]
V0	1	2	FORMAL_V0_G1_P2_M1_RULE_U01	M1_RULE_U01	0	4	A3_RAGGED_DIRECT	7	4.6072030328559395e-05	0.008751	0.049004	0.000636	0.083208	0.479361	4	0	1	0.036183	[515,515,515,515]
V0	1	2	FORMAL_V0_G1_P2_M1_RULE_U01	M1_RULE_U01	1	4	A3_RAGGED_DIRECT	425	0.002797230412805392	0.007181	0.043196	0.000541	0.075285	0.524345	4	0	2	0.034052	[220,220,220,220]
V0	1	2	FORMAL_V0_G1_P2_M1_RULE_U01	M1_RULE_U01	2	4	A3_RAGGED_DIRECT	425	0.002797230412805392	0.007317	0.044154	0.000561	0.076977	0.527023	4	0	2	0.033427	[330,330,330,330]
V0	1	2	FORMAL_V0_G1_P2_M1_RULE_U01	M1_RULE_U01	3	4	A3_RAGGED_DIRECT	8	5.265374894692502e-05	0.007186	0.048795	0.000513	0.080741	0.475554	4	0	2	0.03321	[6045,4129,4129,6045]
V0	1	2	FORMAL_V0_G1_P2_M1_RULE_U01	M1_RULE_U01	4	4	A3_RAGGED_DIRECT	13	8.556234203875316e-05	0.007438	0.044882	0.000539	0.077935	0.454502	4	0	1	0.036106	[788,788,788,788]
V0	1	2	FORMAL_V0_G1_P2_M1_RULE_U01	M1_RULE_U01	5	4	A3_RAGGED_DIRECT	434	0.0028564658803706825	0.007166	0.043797	0.000534	0.082443	0.490864	4	0	1	0.03303	[220,220,220,220]
V0	1	2	FORMAL_V0_G1_P2_M1_RULE_U01	M1_RULE_U01	6	4	A3_RAGGED_DIRECT	434	0.0028564658803706825	0.00735	0.045208	0.000479	0.079139	0.48566	4	0	1	0.033161	[16,16,16,20]
V0	1	2	FORMAL_V0_G1_P2_M1_RULE_U01	M1_RULE_U01	7	4	A3_RAGGED_DIRECT	450	0.0029617733782645326	0.007294	0.043404	0.000542	0.088306	0.546368	4	0	2	0.035441	[15,17,17,15]
V0	1	2	FORMAL_V0_G1_P2_M1_RULE_U01	M1_RULE_U01	8	4	A3_RAGGED_DIRECT	450	0.0029617733782645326	0.007509	0.043555	0.000559	0.081744	0.526061	4	0	2	0.033588	[15,198,198,15]
V0	1	2	FORMAL_V0_G1_P2_M1_RULE_U01	M1_RULE_U01	9	4	A3_RAGGED_DIRECT	450	0.0029617733782645326	0.007177	0.043217	0.000579	0.083802	0.545542	4	0	2	0.043744	[15,92,92,345]
V0	1	2	FORMAL_V0_G1_P2_M1_RULE_U01	M1_RULE_U01	10	4	A3_RAGGED_DIRECT	452	0.002974936815501264	0.00734	0.045275	0.000536	0.083396	0.450101	2	2	2	0.023011	[345,151645,151645,220]
V0	1	2	FORMAL_V0_G1_P2_M1_RULE_U01	M1_RULE_U01	11	2	A3_RAGGED_DIRECT	425	0.002797230412805392	0.006536	0.045233	0.000568	0.081276	0.404908	2	0	1	0.019972	[220,null,null,330]
V0	1	2	FORMAL_V0_G1_P2_M1_RULE_U01	M1_RULE_U01	12	2	A3_RAGGED_DIRECT	428	0.0028169755686604887	0.006606	0.042897	0.000517	0.07235	0.426353	2	0	2	0.022046	[330,null,null,1499]
V0	1	2	FORMAL_V0_G1_P2_M1_RULE_U01	M1_RULE_U01	13	2	A3_RAGGED_DIRECT	9	5.923546756529065e-05	0.006514	0.04367	0.000564	0.073393	0.415878	2	0	2	0.021619	[1499,null,null,34710]
V0	1	2	FORMAL_V0_G1_P2_M1_RULE_U01	M1_RULE_U01	14	2	A3_RAGGED_DIRECT	25	0.0001645429654591407	0.006541	0.04317	0.000516	0.074198	0.41446	2	0	2	0.026204	[34710,null,null,788]
V0	1	2	FORMAL_V0_G1_P2_M1_RULE_U01	M1_RULE_U01	15	2	A3_RAGGED_DIRECT	838	0.005515480202190396	0.006297	0.043365	0.000501	0.073293	0.44806	2	0	2	0.021954	[788,null,null,330]
V0	1	2	FORMAL_V0_G1_P2_M1_RULE_U01	M1_RULE_U01	16	2	A0_DENSE_VENDOR	147867	0.9732189869418703	0.006502	0.041313	0.000492	0.071173	0.878512	2	0	0	0.0	[330,null,null,26749]
V0	1	2	FORMAL_V0_G1_P2_M1_RULE_U01	M1_RULE_U01	17	2	A0_DENSE_VENDOR	147137	0.9684143323504634	0.006632	0.043597	0.000464	0.075434	0.931677	2	0	0	0.0	[26749,null,null,756]
V0	1	2	FORMAL_V0_G1_P2_M1_RULE_U01	M1_RULE_U01	18	2	A0_DENSE_VENDOR	147473	0.9706257898062342	0.006659	0.043993	0.000451	0.074028	0.841605	2	0	0	0.0	[756,null,null,220]
V0	1	2	FORMAL_V0_G1_P2_M1_RULE_U01	M1_RULE_U01	19	2	A3_RAGGED_DIRECT	424	0.002790648694187026	0.006564	0.043667	0.000556	0.076839	0.398791	2	0	1	0.022412	[220,null,null,330]
V0	1	2	FORMAL_V0_G1_P2_M1_RULE_U01	M1_RULE_U01	20	2	A3_RAGGED_DIRECT	426	0.0028038121314237574	0.006484	0.044199	0.000503	0.075046	0.438636	2	0	2	0.021215	[330,null,null,983]
V0	1	2	FORMAL_V0_G1_P2_M1_RULE_U01	M1_RULE_U01	21	2	A3_RAGGED_DIRECT	8	5.265374894692502e-05	0.006399	0.043814	0.000511	0.075388	0.425973	2	0	2	0.022419	[983,null,null,34710]
V0	1	2	FORMAL_V0_G1_P2_M1_RULE_U01	M1_RULE_U01	22	2	A3_RAGGED_DIRECT	23	0.00015137952822240943	0.006468	0.044167	0.000525	0.07416	0.417328	2	0	2	0.021831	[34710,null,null,788]
V0	1	2	FORMAL_V0_G1_P2_M1_RULE_U01	M1_RULE_U01	23	2	A3_RAGGED_DIRECT	824	0.005423336141533277	0.006592	0.043353	0.000528	0.074109	0.433074	2	0	2	0.022227	[788,null,null,330]
V0	1	2	FORMAL_V0_G1_P2_M1_RULE_U01	M1_RULE_U01	24	2	A0_DENSE_VENDOR	147788	0.9726990311710194	0.006649	0.045057	0.000495	0.076051	0.865287	2	0	0	0.0	[330,null,null,54738]
V0	1	2	FORMAL_V0_G1_P2_M1_RULE_U01	M1_RULE_U01	25	2	A0_DENSE_VENDOR	147068	0.9679601937657961	0.006437	0.044107	0.000521	0.075765	0.928733	2	0	0	0.0	[54738,null,null,698]
V0	1	2	FORMAL_V0_G1_P2_M1_RULE_U01	M1_RULE_U01	26	2	A0_DENSE_VENDOR	147404	0.970171651221567	0.006628	0.044934	0.000465	0.075594	0.851622	2	0	0	0.0	[698,null,null,92]
V0	1	2	FORMAL_V0_G1_P2_M1_RULE_U01	M1_RULE_U01	27	2	A3_RAGGED_DIRECT	425	0.002797230412805392	0.00655	0.045124	0.000527	0.076037	0.33079	1	1	1	0.011859	[92,null,null,151645]
V0	1	2	FORMAL_V0_G1_P2_M1_RULE_U01	M1_RULE_U01	28	1	A3_RAGGED_DIRECT	1	6.581718618365627e-06	0.005333	0.039489	0.000499	0.068343	0.176025	0	1	0	0.0	[151645,null,null,null]
V0	1	2	FORMAL_V0_G1_P2_B0_STRONG	B0_STRONG	0	4	A0_DENSE_VENDOR			0.0	0.0	0.0	0.0	0.751861	4	0	0	0.0	[515,515,515,515]
V0	1	2	FORMAL_V0_G1_P2_B0_STRONG	B0_STRONG	1	4	A0_DENSE_VENDOR			0.0	0.0	0.0	0.0	0.727365	4	0	0	0.0	[220,220,220,220]
V0	1	2	FORMAL_V0_G1_P2_B0_STRONG	B0_STRONG	2	4	A0_DENSE_VENDOR			0.0	0.0	0.0	0.0	0.737441	4	0	0	0.0	[330,330,330,330]
V0	1	2	FORMAL_V0_G1_P2_B0_STRONG	B0_STRONG	3	4	A0_DENSE_VENDOR			0.0	0.0	0.0	0.0	0.675945	4	0	0	0.0	[6045,4129,4129,6045]
V0	1	2	FORMAL_V0_G1_P2_B0_STRONG	B0_STRONG	4	4	A0_DENSE_VENDOR			0.0	0.0	0.0	0.0	0.693005	4	0	0	0.0	[788,788,788,788]
V0	1	2	FORMAL_V0_G1_P2_B0_STRONG	B0_STRONG	5	4	A0_DENSE_VENDOR			0.0	0.0	0.0	0.0	0.730835	4	0	0	0.0	[220,220,220,220]
V0	1	2	FORMAL_V0_G1_P2_B0_STRONG	B0_STRONG	6	4	A0_DENSE_VENDOR			0.0	0.0	0.0	0.0	0.718721	4	0	0	0.0	[16,16,16,20]
V0	1	2	FORMAL_V0_G1_P2_B0_STRONG	B0_STRONG	7	4	A0_DENSE_VENDOR			0.0	0.0	0.0	0.0	0.717674	4	0	0	0.0	[15,17,17,15]
V0	1	2	FORMAL_V0_G1_P2_B0_STRONG	B0_STRONG	8	4	A0_DENSE_VENDOR			0.0	0.0	0.0	0.0	0.721731	4	0	0	0.0	[15,198,198,15]
V0	1	2	FORMAL_V0_G1_P2_B0_STRONG	B0_STRONG	9	4	A0_DENSE_VENDOR			0.0	0.0	0.0	0.0	0.728418	4	0	0	0.0	[15,92,92,345]
V0	1	2	FORMAL_V0_G1_P2_B0_STRONG	B0_STRONG	10	4	A0_DENSE_VENDOR			0.0	0.0	0.0	0.0	0.70991	2	2	0	0.0	[345,151645,151645,220]
V0	1	2	FORMAL_V0_G1_P2_B0_STRONG	B0_STRONG	11	2	A0_DENSE_VENDOR			0.0	0.0	0.0	0.0	0.695357	2	0	0	0.0	[220,null,null,330]
V0	1	2	FORMAL_V0_G1_P2_B0_STRONG	B0_STRONG	12	2	A0_DENSE_VENDOR			0.0	0.0	0.0	0.0	0.682607	2	0	0	0.0	[330,null,null,1499]
V0	1	2	FORMAL_V0_G1_P2_B0_STRONG	B0_STRONG	13	2	A0_DENSE_VENDOR			0.0	0.0	0.0	0.0	0.67027	2	0	0	0.0	[1499,null,null,34710]
V0	1	2	FORMAL_V0_G1_P2_B0_STRONG	B0_STRONG	14	2	A0_DENSE_VENDOR			0.0	0.0	0.0	0.0	0.671369	2	0	0	0.0	[34710,null,null,788]
V0	1	2	FORMAL_V0_G1_P2_B0_STRONG	B0_STRONG	15	2	A0_DENSE_VENDOR			0.0	0.0	0.0	0.0	0.692746	2	0	0	0.0	[788,null,null,330]
V0	1	2	FORMAL_V0_G1_P2_B0_STRONG	B0_STRONG	16	2	A0_DENSE_VENDOR			0.0	0.0	0.0	0.0	0.801001	2	0	0	0.0	[330,null,null,26749]
V0	1	2	FORMAL_V0_G1_P2_B0_STRONG	B0_STRONG	17	2	A0_DENSE_VENDOR			0.0	0.0	0.0	0.0	0.864581	2	0	0	0.0	[26749,null,null,756]
V0	1	2	FORMAL_V0_G1_P2_B0_STRONG	B0_STRONG	18	2	A0_DENSE_VENDOR			0.0	0.0	0.0	0.0	0.788029	2	0	0	0.0	[756,null,null,220]
V0	1	2	FORMAL_V0_G1_P2_B0_STRONG	B0_STRONG	19	2	A0_DENSE_VENDOR			0.0	0.0	0.0	0.0	0.692456	2	0	0	0.0	[220,null,null,330]
V0	1	2	FORMAL_V0_G1_P2_B0_STRONG	B0_STRONG	20	2	A0_DENSE_VENDOR			0.0	0.0	0.0	0.0	0.676064	2	0	0	0.0	[330,null,null,983]
V0	1	2	FORMAL_V0_G1_P2_B0_STRONG	B0_STRONG	21	2	A0_DENSE_VENDOR			0.0	0.0	0.0	0.0	0.669394	2	0	0	0.0	[983,null,null,34710]
V0	1	2	FORMAL_V0_G1_P2_B0_STRONG	B0_STRONG	22	2	A0_DENSE_VENDOR			0.0	0.0	0.0	0.0	0.673412	2	0	0	0.0	[34710,null,null,788]
V0	1	2	FORMAL_V0_G1_P2_B0_STRONG	B0_STRONG	23	2	A0_DENSE_VENDOR			0.0	0.0	0.0	0.0	0.691293	2	0	0	0.0	[788,null,null,330]
V0	1	2	FORMAL_V0_G1_P2_B0_STRONG	B0_STRONG	24	2	A0_DENSE_VENDOR			0.0	0.0	0.0	0.0	0.792731	2	0	0	0.0	[330,null,null,54738]
V0	1	2	FORMAL_V0_G1_P2_B0_STRONG	B0_STRONG	25	2	A0_DENSE_VENDOR			0.0	0.0	0.0	0.0	0.857948	2	0	0	0.0	[54738,null,null,698]
V0	1	2	FORMAL_V0_G1_P2_B0_STRONG	B0_STRONG	26	2	A0_DENSE_VENDOR			0.0	0.0	0.0	0.0	0.787867	2	0	0	0.0	[698,null,null,92]
V0	1	2	FORMAL_V0_G1_P2_B0_STRONG	B0_STRONG	27	2	A0_DENSE_VENDOR			0.0	0.0	0.0	0.0	0.674335	1	1	0	0.0	[92,null,null,151645]
V0	1	2	FORMAL_V0_G1_P2_B0_STRONG	B0_STRONG	28	1	A0_DENSE_VENDOR			0.0	0.0	0.0	0.0	0.121173	0	1	0	0.0	[151645,null,null,null]
V0	1	3	FORMAL_V0_G1_P3_M1_RULE_U01	M1_RULE_U01	0	4	A3_RAGGED_DIRECT	7	4.6072030328559395e-05	0.009138	0.048693	0.000587	0.082256	0.486788	4	0	1	0.035773	[515,515,515,515]
V0	1	3	FORMAL_V0_G1_P3_M1_RULE_U01	M1_RULE_U01	1	4	A3_RAGGED_DIRECT	425	0.002797230412805392	0.007476	0.043526	0.000636	0.076297	0.534438	4	0	2	0.034024	[220,220,220,220]
V0	1	3	FORMAL_V0_G1_P3_M1_RULE_U01	M1_RULE_U01	2	4	A3_RAGGED_DIRECT	425	0.002797230412805392	0.007349	0.045516	0.00057	0.089075	0.538946	4	0	2	0.033527	[330,330,330,330]
V0	1	3	FORMAL_V0_G1_P3_M1_RULE_U01	M1_RULE_U01	3	4	A3_RAGGED_DIRECT	8	5.265374894692502e-05	0.00701	0.043003	0.000551	0.082188	0.486709	4	0	2	0.03365	[6045,4129,4129,6045]
V0	1	3	FORMAL_V0_G1_P3_M1_RULE_U01	M1_RULE_U01	4	4	A3_RAGGED_DIRECT	13	8.556234203875316e-05	0.007609	0.045589	0.000458	0.09222	0.46101	4	0	1	0.033325	[788,788,788,788]
V0	1	3	FORMAL_V0_G1_P3_M1_RULE_U01	M1_RULE_U01	5	4	A3_RAGGED_DIRECT	434	0.0028564658803706825	0.007147	0.043146	0.00062	0.082629	0.489495	4	0	1	0.033128	[220,220,220,220]
V0	1	3	FORMAL_V0_G1_P3_M1_RULE_U01	M1_RULE_U01	6	4	A3_RAGGED_DIRECT	434	0.0028564658803706825	0.007347	0.045349	0.000597	0.08559	0.505421	4	0	1	0.038196	[16,16,16,20]
V0	1	3	FORMAL_V0_G1_P3_M1_RULE_U01	M1_RULE_U01	7	4	A3_RAGGED_DIRECT	450	0.0029617733782645326	0.007134	0.04293	0.000598	0.076725	0.529969	4	0	2	0.033006	[15,17,17,15]
V0	1	3	FORMAL_V0_G1_P3_M1_RULE_U01	M1_RULE_U01	8	4	A3_RAGGED_DIRECT	450	0.0029617733782645326	0.007415	0.043394	0.00054	0.075107	0.531201	4	0	2	0.033122	[15,198,198,15]
V0	1	3	FORMAL_V0_G1_P3_M1_RULE_U01	M1_RULE_U01	9	4	A3_RAGGED_DIRECT	450	0.0029617733782645326	0.007017	0.043425	0.000566	0.07715	0.532026	4	0	2	0.03334	[15,92,92,345]
V0	1	3	FORMAL_V0_G1_P3_M1_RULE_U01	M1_RULE_U01	10	4	A3_RAGGED_DIRECT	452	0.002974936815501264	0.007425	0.044882	0.000525	0.075975	0.4509	2	2	2	0.018837	[345,151645,151645,220]
V0	1	3	FORMAL_V0_G1_P3_M1_RULE_U01	M1_RULE_U01	11	2	A3_RAGGED_DIRECT	425	0.002797230412805392	0.00686	0.042997	0.000567	0.076071	0.3749	2	0	1	0.018976	[220,null,null,330]
V0	1	3	FORMAL_V0_G1_P3_M1_RULE_U01	M1_RULE_U01	12	2	A3_RAGGED_DIRECT	428	0.0028169755686604887	0.006564	0.043521	0.000537	0.073442	0.406952	2	0	2	0.018896	[330,null,null,1499]
V0	1	3	FORMAL_V0_G1_P3_M1_RULE_U01	M1_RULE_U01	13	2	A3_RAGGED_DIRECT	9	5.923546756529065e-05	0.006361	0.043544	0.00052	0.073418	0.418324	2	0	2	0.022154	[1499,null,null,34710]
V0	1	3	FORMAL_V0_G1_P3_M1_RULE_U01	M1_RULE_U01	14	2	A3_RAGGED_DIRECT	25	0.0001645429654591407	0.006451	0.043128	0.000527	0.073676	0.41069	2	0	2	0.020422	[34710,null,null,788]
V0	1	3	FORMAL_V0_G1_P3_M1_RULE_U01	M1_RULE_U01	15	2	A3_RAGGED_DIRECT	838	0.005515480202190396	0.006448	0.043945	0.000548	0.07406	0.423533	2	0	2	0.01851	[788,null,null,330]
V0	1	3	FORMAL_V0_G1_P3_M1_RULE_U01	M1_RULE_U01	16	2	A0_DENSE_VENDOR	147867	0.9732189869418703	0.010323	0.049086	0.000536	0.083093	0.912594	2	0	0	0.0	[330,null,null,26749]
V0	1	3	FORMAL_V0_G1_P3_M1_RULE_U01	M1_RULE_U01	17	2	A0_DENSE_VENDOR	147137	0.9684143323504634	0.006694	0.044416	0.000436	0.075801	0.927949	2	0	0	0.0	[26749,null,null,756]
V0	1	3	FORMAL_V0_G1_P3_M1_RULE_U01	M1_RULE_U01	18	2	A0_DENSE_VENDOR	147473	0.9706257898062342	0.006688	0.044815	0.000487	0.077222	0.833138	2	0	0	0.0	[756,null,null,220]
V0	1	3	FORMAL_V0_G1_P3_M1_RULE_U01	M1_RULE_U01	19	2	A3_RAGGED_DIRECT	424	0.002790648694187026	0.006675	0.048588	0.00057	0.081984	0.389373	2	0	1	0.020081	[220,null,null,330]
V0	1	3	FORMAL_V0_G1_P3_M1_RULE_U01	M1_RULE_U01	20	2	A3_RAGGED_DIRECT	426	0.0028038121314237574	0.006618	0.042197	0.000496	0.074753	0.417289	2	0	2	0.019178	[330,null,null,983]
V0	1	3	FORMAL_V0_G1_P3_M1_RULE_U01	M1_RULE_U01	21	2	A3_RAGGED_DIRECT	8	5.265374894692502e-05	0.006483	0.043135	0.000594	0.074755	0.393081	2	0	2	0.018785	[983,null,null,34710]
V0	1	3	FORMAL_V0_G1_P3_M1_RULE_U01	M1_RULE_U01	22	2	A3_RAGGED_DIRECT	23	0.00015137952822240943	0.006559	0.043476	0.000484	0.073231	0.403481	2	0	2	0.023058	[34710,null,null,788]
V0	1	3	FORMAL_V0_G1_P3_M1_RULE_U01	M1_RULE_U01	23	2	A3_RAGGED_DIRECT	824	0.005423336141533277	0.006582	0.042684	0.000553	0.07745	0.435093	2	0	2	0.02727	[788,null,null,330]
V0	1	3	FORMAL_V0_G1_P3_M1_RULE_U01	M1_RULE_U01	24	2	A0_DENSE_VENDOR	147788	0.9726990311710194	0.006682	0.04422	0.000458	0.074821	0.846288	2	0	0	0.0	[330,null,null,54738]
V0	1	3	FORMAL_V0_G1_P3_M1_RULE_U01	M1_RULE_U01	25	2	A0_DENSE_VENDOR	147068	0.9679601937657961	0.006727	0.044255	0.000528	0.076529	0.920692	2	0	0	0.0	[54738,null,null,698]
V0	1	3	FORMAL_V0_G1_P3_M1_RULE_U01	M1_RULE_U01	26	2	A0_DENSE_VENDOR	147404	0.970171651221567	0.006667	0.043826	0.000494	0.076736	0.855387	2	0	0	0.0	[698,null,null,92]
V0	1	3	FORMAL_V0_G1_P3_M1_RULE_U01	M1_RULE_U01	27	2	A3_RAGGED_DIRECT	425	0.002797230412805392	0.006561	0.04382	0.00058	0.075323	0.335654	1	1	1	0.011298	[92,null,null,151645]
V0	1	3	FORMAL_V0_G1_P3_M1_RULE_U01	M1_RULE_U01	28	1	A3_RAGGED_DIRECT	1	6.581718618365627e-06	0.005733	0.039763	0.000433	0.068743	0.175133	0	1	0	0.0	[151645,null,null,null]
V0	1	3	FORMAL_V0_G1_P3_B0_STRONG	B0_STRONG	0	4	A0_DENSE_VENDOR			0.0	0.0	0.0	0.0	0.772427	4	0	0	0.0	[515,515,515,515]
V0	1	3	FORMAL_V0_G1_P3_B0_STRONG	B0_STRONG	1	4	A0_DENSE_VENDOR			0.0	0.0	0.0	0.0	0.716981	4	0	0	0.0	[220,220,220,220]
V0	1	3	FORMAL_V0_G1_P3_B0_STRONG	B0_STRONG	2	4	A0_DENSE_VENDOR			0.0	0.0	0.0	0.0	0.728781	4	0	0	0.0	[330,330,330,330]
V0	1	3	FORMAL_V0_G1_P3_B0_STRONG	B0_STRONG	3	4	A0_DENSE_VENDOR			0.0	0.0	0.0	0.0	0.689938	4	0	0	0.0	[6045,4129,4129,6045]
V0	1	3	FORMAL_V0_G1_P3_B0_STRONG	B0_STRONG	4	4	A0_DENSE_VENDOR			0.0	0.0	0.0	0.0	0.691974	4	0	0	0.0	[788,788,788,788]
V0	1	3	FORMAL_V0_G1_P3_B0_STRONG	B0_STRONG	5	4	A0_DENSE_VENDOR			0.0	0.0	0.0	0.0	0.72087	4	0	0	0.0	[220,220,220,220]
V0	1	3	FORMAL_V0_G1_P3_B0_STRONG	B0_STRONG	6	4	A0_DENSE_VENDOR			0.0	0.0	0.0	0.0	0.728173	4	0	0	0.0	[16,16,16,20]
V0	1	3	FORMAL_V0_G1_P3_B0_STRONG	B0_STRONG	7	4	A0_DENSE_VENDOR			0.0	0.0	0.0	0.0	0.721552	4	0	0	0.0	[15,17,17,15]
V0	1	3	FORMAL_V0_G1_P3_B0_STRONG	B0_STRONG	8	4	A0_DENSE_VENDOR			0.0	0.0	0.0	0.0	0.716571	4	0	0	0.0	[15,198,198,15]
V0	1	3	FORMAL_V0_G1_P3_B0_STRONG	B0_STRONG	9	4	A0_DENSE_VENDOR			0.0	0.0	0.0	0.0	0.723306	4	0	0	0.0	[15,92,92,345]
V0	1	3	FORMAL_V0_G1_P3_B0_STRONG	B0_STRONG	10	4	A0_DENSE_VENDOR			0.0	0.0	0.0	0.0	0.707181	2	2	0	0.0	[345,151645,151645,220]
V0	1	3	FORMAL_V0_G1_P3_B0_STRONG	B0_STRONG	11	2	A0_DENSE_VENDOR			0.0	0.0	0.0	0.0	0.685836	2	0	0	0.0	[220,null,null,330]
V0	1	3	FORMAL_V0_G1_P3_B0_STRONG	B0_STRONG	12	2	A0_DENSE_VENDOR			0.0	0.0	0.0	0.0	0.681079	2	0	0	0.0	[330,null,null,1499]
V0	1	3	FORMAL_V0_G1_P3_B0_STRONG	B0_STRONG	13	2	A0_DENSE_VENDOR			0.0	0.0	0.0	0.0	0.668034	2	0	0	0.0	[1499,null,null,34710]
V0	1	3	FORMAL_V0_G1_P3_B0_STRONG	B0_STRONG	14	2	A0_DENSE_VENDOR			0.0	0.0	0.0	0.0	0.673959	2	0	0	0.0	[34710,null,null,788]
V0	1	3	FORMAL_V0_G1_P3_B0_STRONG	B0_STRONG	15	2	A0_DENSE_VENDOR			0.0	0.0	0.0	0.0	0.691826	2	0	0	0.0	[788,null,null,330]
V0	1	3	FORMAL_V0_G1_P3_B0_STRONG	B0_STRONG	16	2	A0_DENSE_VENDOR			0.0	0.0	0.0	0.0	0.802665	2	0	0	0.0	[330,null,null,26749]
V0	1	3	FORMAL_V0_G1_P3_B0_STRONG	B0_STRONG	17	2	A0_DENSE_VENDOR			0.0	0.0	0.0	0.0	0.855423	2	0	0	0.0	[26749,null,null,756]
V0	1	3	FORMAL_V0_G1_P3_B0_STRONG	B0_STRONG	18	2	A0_DENSE_VENDOR			0.0	0.0	0.0	0.0	0.781412	2	0	0	0.0	[756,null,null,220]
V0	1	3	FORMAL_V0_G1_P3_B0_STRONG	B0_STRONG	19	2	A0_DENSE_VENDOR			0.0	0.0	0.0	0.0	0.69722	2	0	0	0.0	[220,null,null,330]
V0	1	3	FORMAL_V0_G1_P3_B0_STRONG	B0_STRONG	20	2	A0_DENSE_VENDOR			0.0	0.0	0.0	0.0	0.679423	2	0	0	0.0	[330,null,null,983]
V0	1	3	FORMAL_V0_G1_P3_B0_STRONG	B0_STRONG	21	2	A0_DENSE_VENDOR			0.0	0.0	0.0	0.0	0.672459	2	0	0	0.0	[983,null,null,34710]
V0	1	3	FORMAL_V0_G1_P3_B0_STRONG	B0_STRONG	22	2	A0_DENSE_VENDOR			0.0	0.0	0.0	0.0	0.676104	2	0	0	0.0	[34710,null,null,788]
V0	1	3	FORMAL_V0_G1_P3_B0_STRONG	B0_STRONG	23	2	A0_DENSE_VENDOR			0.0	0.0	0.0	0.0	0.695069	2	0	0	0.0	[788,null,null,330]
V0	1	3	FORMAL_V0_G1_P3_B0_STRONG	B0_STRONG	24	2	A0_DENSE_VENDOR			0.0	0.0	0.0	0.0	0.80056	2	0	0	0.0	[330,null,null,54738]
V0	1	3	FORMAL_V0_G1_P3_B0_STRONG	B0_STRONG	25	2	A0_DENSE_VENDOR			0.0	0.0	0.0	0.0	0.857503	2	0	0	0.0	[54738,null,null,698]
V0	1	3	FORMAL_V0_G1_P3_B0_STRONG	B0_STRONG	26	2	A0_DENSE_VENDOR			0.0	0.0	0.0	0.0	0.775434	2	0	0	0.0	[698,null,null,92]
V0	1	3	FORMAL_V0_G1_P3_B0_STRONG	B0_STRONG	27	2	A0_DENSE_VENDOR			0.0	0.0	0.0	0.0	0.679264	1	1	0	0.0	[92,null,null,151645]
V0	1	3	FORMAL_V0_G1_P3_B0_STRONG	B0_STRONG	28	1	A0_DENSE_VENDOR			0.0	0.0	0.0	0.0	0.122565	0	1	0	0.0	[151645,null,null,null]
V0	1	4	FORMAL_V0_G1_P4_M1_RULE_U01	M1_RULE_U01	0	4	A3_RAGGED_DIRECT	7	4.6072030328559395e-05	0.008641	0.048569	0.000588	0.081638	0.469548	4	0	1	0.034485	[515,515,515,515]
V0	1	4	FORMAL_V0_G1_P4_M1_RULE_U01	M1_RULE_U01	1	4	A3_RAGGED_DIRECT	425	0.002797230412805392	0.007488	0.048481	0.000513	0.080417	0.532349	4	0	2	0.034158	[220,220,220,220]
V0	1	4	FORMAL_V0_G1_P4_M1_RULE_U01	M1_RULE_U01	2	4	A3_RAGGED_DIRECT	425	0.002797230412805392	0.007438	0.045606	0.000494	0.078384	0.516355	4	0	2	0.033843	[330,330,330,330]
V0	1	4	FORMAL_V0_G1_P4_M1_RULE_U01	M1_RULE_U01	3	4	A3_RAGGED_DIRECT	8	5.265374894692502e-05	0.007031	0.042521	0.000572	0.073421	0.482411	4	0	2	0.033061	[6045,4129,4129,6045]
V0	1	4	FORMAL_V0_G1_P4_M1_RULE_U01	M1_RULE_U01	4	4	A3_RAGGED_DIRECT	13	8.556234203875316e-05	0.007417	0.045342	0.000536	0.078446	0.463341	4	0	1	0.043035	[788,788,788,788]
V0	1	4	FORMAL_V0_G1_P4_M1_RULE_U01	M1_RULE_U01	5	4	A3_RAGGED_DIRECT	434	0.0028564658803706825	0.006997	0.043161	0.000524	0.074258	0.475044	4	0	1	0.032899	[220,220,220,220]
V0	1	4	FORMAL_V0_G1_P4_M1_RULE_U01	M1_RULE_U01	6	4	A3_RAGGED_DIRECT	434	0.0028564658803706825	0.007359	0.044489	0.000516	0.077901	0.49971	4	0	1	0.039754	[16,16,16,20]
V0	1	4	FORMAL_V0_G1_P4_M1_RULE_U01	M1_RULE_U01	7	4	A3_RAGGED_DIRECT	450	0.0029617733782645326	0.007221	0.042774	0.000546	0.07578	0.509961	4	0	2	0.03746	[15,17,17,15]
V0	1	4	FORMAL_V0_G1_P4_M1_RULE_U01	M1_RULE_U01	8	4	A3_RAGGED_DIRECT	450	0.0029617733782645326	0.007239	0.045077	0.000554	0.076158	0.515737	4	0	2	0.03331	[15,198,198,15]
V0	1	4	FORMAL_V0_G1_P4_M1_RULE_U01	M1_RULE_U01	9	4	A3_RAGGED_DIRECT	450	0.0029617733782645326	0.007321	0.043859	0.000554	0.077243	0.523839	4	0	2	0.033294	[15,92,92,345]
V0	1	4	FORMAL_V0_G1_P4_M1_RULE_U01	M1_RULE_U01	10	4	A3_RAGGED_DIRECT	452	0.002974936815501264	0.007424	0.044949	0.000555	0.076746	0.448843	2	2	2	0.01903	[345,151645,151645,220]
V0	1	4	FORMAL_V0_G1_P4_M1_RULE_U01	M1_RULE_U01	11	2	A3_RAGGED_DIRECT	425	0.002797230412805392	0.006814	0.043599	0.00052	0.075674	0.3741	2	0	1	0.019325	[220,null,null,330]
V0	1	4	FORMAL_V0_G1_P4_M1_RULE_U01	M1_RULE_U01	12	2	A3_RAGGED_DIRECT	428	0.0028169755686604887	0.006455	0.04301	0.000527	0.073076	0.399671	2	0	2	0.018799	[330,null,null,1499]
V0	1	4	FORMAL_V0_G1_P4_M1_RULE_U01	M1_RULE_U01	13	2	A3_RAGGED_DIRECT	9	5.923546756529065e-05	0.006421	0.041629	0.000513	0.071527	0.424645	2	0	2	0.021764	[1499,null,null,34710]
V0	1	4	FORMAL_V0_G1_P4_M1_RULE_U01	M1_RULE_U01	14	2	A3_RAGGED_DIRECT	25	0.0001645429654591407	0.006453	0.043169	0.000574	0.073771	0.418204	2	0	2	0.022054	[34710,null,null,788]
V0	1	4	FORMAL_V0_G1_P4_M1_RULE_U01	M1_RULE_U01	15	2	A3_RAGGED_DIRECT	838	0.005515480202190396	0.006495	0.043109	0.00054	0.073604	0.434948	2	0	2	0.022091	[788,null,null,330]
V0	1	4	FORMAL_V0_G1_P4_M1_RULE_U01	M1_RULE_U01	16	2	A0_DENSE_VENDOR	147867	0.9732189869418703	0.006655	0.043334	0.000467	0.073312	0.862742	2	0	0	0.0	[330,null,null,26749]
V0	1	4	FORMAL_V0_G1_P4_M1_RULE_U01	M1_RULE_U01	17	2	A0_DENSE_VENDOR	147137	0.9684143323504634	0.006746	0.044182	0.000459	0.075786	0.916353	2	0	0	0.0	[26749,null,null,756]
V0	1	4	FORMAL_V0_G1_P4_M1_RULE_U01	M1_RULE_U01	18	2	A0_DENSE_VENDOR	147473	0.9706257898062342	0.006479	0.044566	0.000485	0.075812	0.852298	2	0	0	0.0	[756,null,null,220]
V0	1	4	FORMAL_V0_G1_P4_M1_RULE_U01	M1_RULE_U01	19	2	A3_RAGGED_DIRECT	424	0.002790648694187026	0.00667	0.043876	0.000554	0.076502	0.398315	2	0	1	0.023294	[220,null,null,330]
V0	1	4	FORMAL_V0_G1_P4_M1_RULE_U01	M1_RULE_U01	20	2	A3_RAGGED_DIRECT	426	0.0028038121314237574	0.006454	0.0436	0.000574	0.075395	0.419183	2	0	2	0.019026	[330,null,null,983]
V0	1	4	FORMAL_V0_G1_P4_M1_RULE_U01	M1_RULE_U01	21	2	A3_RAGGED_DIRECT	8	5.265374894692502e-05	0.006416	0.043553	0.000534	0.078681	0.413217	2	0	2	0.020772	[983,null,null,34710]
V0	1	4	FORMAL_V0_G1_P4_M1_RULE_U01	M1_RULE_U01	22	2	A3_RAGGED_DIRECT	23	0.00015137952822240943	0.00643	0.043784	0.00054	0.073461	0.412523	2	0	2	0.021691	[34710,null,null,788]
V0	1	4	FORMAL_V0_G1_P4_M1_RULE_U01	M1_RULE_U01	23	2	A3_RAGGED_DIRECT	824	0.005423336141533277	0.006453	0.043004	0.000554	0.073925	0.423912	2	0	2	0.018968	[788,null,null,330]
V0	1	4	FORMAL_V0_G1_P4_M1_RULE_U01	M1_RULE_U01	24	2	A0_DENSE_VENDOR	147788	0.9726990311710194	0.006316	0.043144	0.000494	0.073273	0.867273	2	0	0	0.0	[330,null,null,54738]
V0	1	4	FORMAL_V0_G1_P4_M1_RULE_U01	M1_RULE_U01	25	2	A0_DENSE_VENDOR	147068	0.9679601937657961	0.006484	0.043632	0.000495	0.075055	0.90814	2	0	0	0.0	[54738,null,null,698]
V0	1	4	FORMAL_V0_G1_P4_M1_RULE_U01	M1_RULE_U01	26	2	A0_DENSE_VENDOR	147404	0.970171651221567	0.006691	0.043584	0.000503	0.074832	0.840808	2	0	0	0.0	[698,null,null,92]
V0	1	4	FORMAL_V0_G1_P4_M1_RULE_U01	M1_RULE_U01	27	2	A3_RAGGED_DIRECT	425	0.002797230412805392	0.006517	0.044161	0.00056	0.075236	0.34276	1	1	1	0.011622	[92,null,null,151645]
V0	1	4	FORMAL_V0_G1_P4_M1_RULE_U01	M1_RULE_U01	28	1	A3_RAGGED_DIRECT	1	6.581718618365627e-06	0.005436	0.039757	0.000459	0.069332	0.179993	0	1	0	0.0	[151645,null,null,null]
V0	1	4	FORMAL_V0_G1_P4_B0_STRONG	B0_STRONG	0	4	A0_DENSE_VENDOR			0.0	0.0	0.0	0.0	0.758135	4	0	0	0.0	[515,515,515,515]
V0	1	4	FORMAL_V0_G1_P4_B0_STRONG	B0_STRONG	1	4	A0_DENSE_VENDOR			0.0	0.0	0.0	0.0	0.730608	4	0	0	0.0	[220,220,220,220]
V0	1	4	FORMAL_V0_G1_P4_B0_STRONG	B0_STRONG	2	4	A0_DENSE_VENDOR			0.0	0.0	0.0	0.0	0.724093	4	0	0	0.0	[330,330,330,330]
V0	1	4	FORMAL_V0_G1_P4_B0_STRONG	B0_STRONG	3	4	A0_DENSE_VENDOR			0.0	0.0	0.0	0.0	0.677589	4	0	0	0.0	[6045,4129,4129,6045]
V0	1	4	FORMAL_V0_G1_P4_B0_STRONG	B0_STRONG	4	4	A0_DENSE_VENDOR			0.0	0.0	0.0	0.0	0.698067	4	0	0	0.0	[788,788,788,788]
V0	1	4	FORMAL_V0_G1_P4_B0_STRONG	B0_STRONG	5	4	A0_DENSE_VENDOR			0.0	0.0	0.0	0.0	0.714653	4	0	0	0.0	[220,220,220,220]
V0	1	4	FORMAL_V0_G1_P4_B0_STRONG	B0_STRONG	6	4	A0_DENSE_VENDOR			0.0	0.0	0.0	0.0	0.72598	4	0	0	0.0	[16,16,16,20]
V0	1	4	FORMAL_V0_G1_P4_B0_STRONG	B0_STRONG	7	4	A0_DENSE_VENDOR			0.0	0.0	0.0	0.0	0.732497	4	0	0	0.0	[15,17,17,15]
V0	1	4	FORMAL_V0_G1_P4_B0_STRONG	B0_STRONG	8	4	A0_DENSE_VENDOR			0.0	0.0	0.0	0.0	0.721064	4	0	0	0.0	[15,198,198,15]
V0	1	4	FORMAL_V0_G1_P4_B0_STRONG	B0_STRONG	9	4	A0_DENSE_VENDOR			0.0	0.0	0.0	0.0	0.725965	4	0	0	0.0	[15,92,92,345]
V0	1	4	FORMAL_V0_G1_P4_B0_STRONG	B0_STRONG	10	4	A0_DENSE_VENDOR			0.0	0.0	0.0	0.0	0.702762	2	2	0	0.0	[345,151645,151645,220]
V0	1	4	FORMAL_V0_G1_P4_B0_STRONG	B0_STRONG	11	2	A0_DENSE_VENDOR			0.0	0.0	0.0	0.0	0.693062	2	0	0	0.0	[220,null,null,330]
V0	1	4	FORMAL_V0_G1_P4_B0_STRONG	B0_STRONG	12	2	A0_DENSE_VENDOR			0.0	0.0	0.0	0.0	0.681378	2	0	0	0.0	[330,null,null,1499]
V0	1	4	FORMAL_V0_G1_P4_B0_STRONG	B0_STRONG	13	2	A0_DENSE_VENDOR			0.0	0.0	0.0	0.0	0.665075	2	0	0	0.0	[1499,null,null,34710]
V0	1	4	FORMAL_V0_G1_P4_B0_STRONG	B0_STRONG	14	2	A0_DENSE_VENDOR			0.0	0.0	0.0	0.0	0.671074	2	0	0	0.0	[34710,null,null,788]
V0	1	4	FORMAL_V0_G1_P4_B0_STRONG	B0_STRONG	15	2	A0_DENSE_VENDOR			0.0	0.0	0.0	0.0	0.686641	2	0	0	0.0	[788,null,null,330]
V0	1	4	FORMAL_V0_G1_P4_B0_STRONG	B0_STRONG	16	2	A0_DENSE_VENDOR			0.0	0.0	0.0	0.0	0.802615	2	0	0	0.0	[330,null,null,26749]
V0	1	4	FORMAL_V0_G1_P4_B0_STRONG	B0_STRONG	17	2	A0_DENSE_VENDOR			0.0	0.0	0.0	0.0	0.856074	2	0	0	0.0	[26749,null,null,756]
V0	1	4	FORMAL_V0_G1_P4_B0_STRONG	B0_STRONG	18	2	A0_DENSE_VENDOR			0.0	0.0	0.0	0.0	0.773711	2	0	0	0.0	[756,null,null,220]
V0	1	4	FORMAL_V0_G1_P4_B0_STRONG	B0_STRONG	19	2	A0_DENSE_VENDOR			0.0	0.0	0.0	0.0	0.689053	2	0	0	0.0	[220,null,null,330]
V0	1	4	FORMAL_V0_G1_P4_B0_STRONG	B0_STRONG	20	2	A0_DENSE_VENDOR			0.0	0.0	0.0	0.0	0.675057	2	0	0	0.0	[330,null,null,983]
V0	1	4	FORMAL_V0_G1_P4_B0_STRONG	B0_STRONG	21	2	A0_DENSE_VENDOR			0.0	0.0	0.0	0.0	0.675924	2	0	0	0.0	[983,null,null,34710]
V0	1	4	FORMAL_V0_G1_P4_B0_STRONG	B0_STRONG	22	2	A0_DENSE_VENDOR			0.0	0.0	0.0	0.0	0.676591	2	0	0	0.0	[34710,null,null,788]
V0	1	4	FORMAL_V0_G1_P4_B0_STRONG	B0_STRONG	23	2	A0_DENSE_VENDOR			0.0	0.0	0.0	0.0	0.688847	2	0	0	0.0	[788,null,null,330]
V0	1	4	FORMAL_V0_G1_P4_B0_STRONG	B0_STRONG	24	2	A0_DENSE_VENDOR			0.0	0.0	0.0	0.0	0.79164	2	0	0	0.0	[330,null,null,54738]
V0	1	4	FORMAL_V0_G1_P4_B0_STRONG	B0_STRONG	25	2	A0_DENSE_VENDOR			0.0	0.0	0.0	0.0	0.858782	2	0	0	0.0	[54738,null,null,698]
V0	1	4	FORMAL_V0_G1_P4_B0_STRONG	B0_STRONG	26	2	A0_DENSE_VENDOR			0.0	0.0	0.0	0.0	0.781982	2	0	0	0.0	[698,null,null,92]
V0	1	4	FORMAL_V0_G1_P4_B0_STRONG	B0_STRONG	27	2	A0_DENSE_VENDOR			0.0	0.0	0.0	0.0	0.670036	1	1	0	0.0	[92,null,null,151645]
V0	1	4	FORMAL_V0_G1_P4_B0_STRONG	B0_STRONG	28	1	A0_DENSE_VENDOR			0.0	0.0	0.0	0.0	0.120625	0	1	0	0.0	[151645,null,null,null]
V0	2	0	FORMAL_V0_G2_P0_B0_STRONG	B0_STRONG	0	4	A0_DENSE_VENDOR			0.0	0.0	0.0	0.0	0.756978	4	0	0	0.0	[515,515,515,515]
V0	2	0	FORMAL_V0_G2_P0_B0_STRONG	B0_STRONG	1	4	A0_DENSE_VENDOR			0.0	0.0	0.0	0.0	0.72712	4	0	0	0.0	[220,220,220,220]
V0	2	0	FORMAL_V0_G2_P0_B0_STRONG	B0_STRONG	2	4	A0_DENSE_VENDOR			0.0	0.0	0.0	0.0	0.730641	4	0	0	0.0	[330,330,330,330]
V0	2	0	FORMAL_V0_G2_P0_B0_STRONG	B0_STRONG	3	4	A0_DENSE_VENDOR			0.0	0.0	0.0	0.0	0.673574	4	0	0	0.0	[6045,4129,4129,6045]
V0	2	0	FORMAL_V0_G2_P0_B0_STRONG	B0_STRONG	4	4	A0_DENSE_VENDOR			0.0	0.0	0.0	0.0	0.694553	4	0	0	0.0	[788,788,788,788]
V0	2	0	FORMAL_V0_G2_P0_B0_STRONG	B0_STRONG	5	4	A0_DENSE_VENDOR			0.0	0.0	0.0	0.0	0.720991	4	0	0	0.0	[220,220,220,220]
V0	2	0	FORMAL_V0_G2_P0_B0_STRONG	B0_STRONG	6	4	A0_DENSE_VENDOR			0.0	0.0	0.0	0.0	0.720896	4	0	0	0.0	[16,16,16,20]
V0	2	0	FORMAL_V0_G2_P0_B0_STRONG	B0_STRONG	7	4	A0_DENSE_VENDOR			0.0	0.0	0.0	0.0	0.725471	4	0	0	0.0	[15,17,17,15]
V0	2	0	FORMAL_V0_G2_P0_B0_STRONG	B0_STRONG	8	4	A0_DENSE_VENDOR			0.0	0.0	0.0	0.0	0.726352	4	0	0	0.0	[15,198,198,15]
V0	2	0	FORMAL_V0_G2_P0_B0_STRONG	B0_STRONG	9	4	A0_DENSE_VENDOR			0.0	0.0	0.0	0.0	0.732789	4	0	0	0.0	[15,92,92,345]
V0	2	0	FORMAL_V0_G2_P0_B0_STRONG	B0_STRONG	10	4	A0_DENSE_VENDOR			0.0	0.0	0.0	0.0	0.709315	2	2	0	0.0	[345,151645,151645,220]
V0	2	0	FORMAL_V0_G2_P0_B0_STRONG	B0_STRONG	11	2	A0_DENSE_VENDOR			0.0	0.0	0.0	0.0	0.685765	2	0	0	0.0	[220,null,null,330]
V0	2	0	FORMAL_V0_G2_P0_B0_STRONG	B0_STRONG	12	2	A0_DENSE_VENDOR			0.0	0.0	0.0	0.0	0.675793	2	0	0	0.0	[330,null,null,1499]
V0	2	0	FORMAL_V0_G2_P0_B0_STRONG	B0_STRONG	13	2	A0_DENSE_VENDOR			0.0	0.0	0.0	0.0	0.685653	2	0	0	0.0	[1499,null,null,34710]
V0	2	0	FORMAL_V0_G2_P0_B0_STRONG	B0_STRONG	14	2	A0_DENSE_VENDOR			0.0	0.0	0.0	0.0	0.706558	2	0	0	0.0	[34710,null,null,788]
V0	2	0	FORMAL_V0_G2_P0_B0_STRONG	B0_STRONG	15	2	A0_DENSE_VENDOR			0.0	0.0	0.0	0.0	0.68515	2	0	0	0.0	[788,null,null,330]
V0	2	0	FORMAL_V0_G2_P0_B0_STRONG	B0_STRONG	16	2	A0_DENSE_VENDOR			0.0	0.0	0.0	0.0	0.805766	2	0	0	0.0	[330,null,null,26749]
V0	2	0	FORMAL_V0_G2_P0_B0_STRONG	B0_STRONG	17	2	A0_DENSE_VENDOR			0.0	0.0	0.0	0.0	0.873947	2	0	0	0.0	[26749,null,null,756]
V0	2	0	FORMAL_V0_G2_P0_B0_STRONG	B0_STRONG	18	2	A0_DENSE_VENDOR			0.0	0.0	0.0	0.0	0.771391	2	0	0	0.0	[756,null,null,220]
V0	2	0	FORMAL_V0_G2_P0_B0_STRONG	B0_STRONG	19	2	A0_DENSE_VENDOR			0.0	0.0	0.0	0.0	0.69074	2	0	0	0.0	[220,null,null,330]
V0	2	0	FORMAL_V0_G2_P0_B0_STRONG	B0_STRONG	20	2	A0_DENSE_VENDOR			0.0	0.0	0.0	0.0	0.675486	2	0	0	0.0	[330,null,null,983]
V0	2	0	FORMAL_V0_G2_P0_B0_STRONG	B0_STRONG	21	2	A0_DENSE_VENDOR			0.0	0.0	0.0	0.0	0.667827	2	0	0	0.0	[983,null,null,34710]
V0	2	0	FORMAL_V0_G2_P0_B0_STRONG	B0_STRONG	22	2	A0_DENSE_VENDOR			0.0	0.0	0.0	0.0	0.670552	2	0	0	0.0	[34710,null,null,788]
V0	2	0	FORMAL_V0_G2_P0_B0_STRONG	B0_STRONG	23	2	A0_DENSE_VENDOR			0.0	0.0	0.0	0.0	0.692593	2	0	0	0.0	[788,null,null,330]
V0	2	0	FORMAL_V0_G2_P0_B0_STRONG	B0_STRONG	24	2	A0_DENSE_VENDOR			0.0	0.0	0.0	0.0	0.798487	2	0	0	0.0	[330,null,null,54738]
V0	2	0	FORMAL_V0_G2_P0_B0_STRONG	B0_STRONG	25	2	A0_DENSE_VENDOR			0.0	0.0	0.0	0.0	0.860345	2	0	0	0.0	[54738,null,null,698]
V0	2	0	FORMAL_V0_G2_P0_B0_STRONG	B0_STRONG	26	2	A0_DENSE_VENDOR			0.0	0.0	0.0	0.0	0.787438	2	0	0	0.0	[698,null,null,92]
V0	2	0	FORMAL_V0_G2_P0_B0_STRONG	B0_STRONG	27	2	A0_DENSE_VENDOR			0.0	0.0	0.0	0.0	0.676887	1	1	0	0.0	[92,null,null,151645]
V0	2	0	FORMAL_V0_G2_P0_B0_STRONG	B0_STRONG	28	1	A0_DENSE_VENDOR			0.0	0.0	0.0	0.0	0.122428	0	1	0	0.0	[151645,null,null,null]
V0	2	0	FORMAL_V0_G2_P0_M1_RULE_U01	M1_RULE_U01	0	4	A3_RAGGED_DIRECT	7	4.6072030328559395e-05	0.009569	0.047904	0.000499	0.082375	0.47869	4	0	1	0.03482	[515,515,515,515]
V0	2	0	FORMAL_V0_G2_P0_M1_RULE_U01	M1_RULE_U01	1	4	A3_RAGGED_DIRECT	425	0.002797230412805392	0.007261	0.043627	0.000608	0.082507	0.543794	4	0	2	0.038021	[220,220,220,220]
V0	2	0	FORMAL_V0_G2_P0_M1_RULE_U01	M1_RULE_U01	2	4	A3_RAGGED_DIRECT	425	0.002797230412805392	0.007474	0.045654	0.000524	0.085181	0.540363	4	0	2	0.037502	[330,330,330,330]
V0	2	0	FORMAL_V0_G2_P0_M1_RULE_U01	M1_RULE_U01	3	4	A3_RAGGED_DIRECT	8	5.265374894692502e-05	0.007084	0.043852	0.000555	0.084004	0.478502	4	0	2	0.037108	[6045,4129,4129,6045]
V0	2	0	FORMAL_V0_G2_P0_M1_RULE_U01	M1_RULE_U01	4	4	A3_RAGGED_DIRECT	13	8.556234203875316e-05	0.007419	0.044582	0.000535	0.084019	0.44629	4	0	1	0.032959	[788,788,788,788]
V0	2	0	FORMAL_V0_G2_P0_M1_RULE_U01	M1_RULE_U01	5	4	A3_RAGGED_DIRECT	434	0.0028564658803706825	0.006929	0.043314	0.000506	0.081713	0.476412	4	0	1	0.032797	[220,220,220,220]
V0	2	0	FORMAL_V0_G2_P0_M1_RULE_U01	M1_RULE_U01	6	4	A3_RAGGED_DIRECT	434	0.0028564658803706825	0.007392	0.045761	0.000589	0.085979	0.495267	4	0	1	0.032947	[16,16,16,20]
V0	2	0	FORMAL_V0_G2_P0_M1_RULE_U01	M1_RULE_U01	7	4	A3_RAGGED_DIRECT	450	0.0029617733782645326	0.007275	0.043545	0.000577	0.085179	0.536045	4	0	2	0.033611	[15,17,17,15]
V0	2	0	FORMAL_V0_G2_P0_M1_RULE_U01	M1_RULE_U01	8	4	A3_RAGGED_DIRECT	450	0.0029617733782645326	0.007187	0.044992	0.000489	0.082583	0.517341	4	0	2	0.033432	[15,198,198,15]
V0	2	0	FORMAL_V0_G2_P0_M1_RULE_U01	M1_RULE_U01	9	4	A3_RAGGED_DIRECT	450	0.0029617733782645326	0.007238	0.041556	0.000565	0.081339	0.542534	4	0	2	0.036627	[15,92,92,345]
V0	2	0	FORMAL_V0_G2_P0_M1_RULE_U01	M1_RULE_U01	10	4	A3_RAGGED_DIRECT	452	0.002974936815501264	0.007419	0.04505	0.000525	0.08285	0.447389	2	2	2	0.018882	[345,151645,151645,220]
V0	2	0	FORMAL_V0_G2_P0_M1_RULE_U01	M1_RULE_U01	11	2	A3_RAGGED_DIRECT	425	0.002797230412805392	0.006679	0.045119	0.000559	0.081841	0.396109	2	0	1	0.019289	[220,null,null,330]
V0	2	0	FORMAL_V0_G2_P0_M1_RULE_U01	M1_RULE_U01	12	2	A3_RAGGED_DIRECT	428	0.0028169755686604887	0.006355	0.044471	0.000541	0.077816	0.434062	2	0	2	0.022805	[330,null,null,1499]
V0	2	0	FORMAL_V0_G2_P0_M1_RULE_U01	M1_RULE_U01	13	2	A3_RAGGED_DIRECT	9	5.923546756529065e-05	0.006329	0.045458	0.000556	0.079826	0.412303	2	0	2	0.018876	[1499,null,null,34710]
V0	2	0	FORMAL_V0_G2_P0_M1_RULE_U01	M1_RULE_U01	14	2	A3_RAGGED_DIRECT	25	0.0001645429654591407	0.006529	0.045545	0.000587	0.080334	0.416225	2	0	2	0.018885	[34710,null,null,788]
V0	2	0	FORMAL_V0_G2_P0_M1_RULE_U01	M1_RULE_U01	15	2	A3_RAGGED_DIRECT	838	0.005515480202190396	0.006528	0.045435	0.000547	0.079819	0.442578	2	0	2	0.022801	[788,null,null,330]
V0	2	0	FORMAL_V0_G2_P0_M1_RULE_U01	M1_RULE_U01	16	2	A0_DENSE_VENDOR	147867	0.9732189869418703	0.006399	0.043141	0.000468	0.073346	0.883324	2	0	0	0.0	[330,null,null,26749]
V0	2	0	FORMAL_V0_G2_P0_M1_RULE_U01	M1_RULE_U01	17	2	A0_DENSE_VENDOR	147137	0.9684143323504634	0.006592	0.044166	0.000456	0.082328	0.938103	2	0	0	0.0	[26749,null,null,756]
V0	2	0	FORMAL_V0_G2_P0_M1_RULE_U01	M1_RULE_U01	18	2	A0_DENSE_VENDOR	147473	0.9706257898062342	0.006648	0.04549	0.000475	0.077458	0.850229	2	0	0	0.0	[756,null,null,220]
V0	2	0	FORMAL_V0_G2_P0_M1_RULE_U01	M1_RULE_U01	19	2	A3_RAGGED_DIRECT	424	0.002790648694187026	0.006678	0.043841	0.000738	0.07827	0.380037	2	0	1	0.019877	[220,null,null,330]
V0	2	0	FORMAL_V0_G2_P0_M1_RULE_U01	M1_RULE_U01	20	2	A3_RAGGED_DIRECT	426	0.0028038121314237574	0.00644	0.043527	0.000502	0.074194	0.421056	2	0	2	0.021023	[330,null,null,983]
V0	2	0	FORMAL_V0_G2_P0_M1_RULE_U01	M1_RULE_U01	21	2	A3_RAGGED_DIRECT	8	5.265374894692502e-05	0.006468	0.043258	0.000545	0.079534	0.426503	2	0	2	0.022403	[983,null,null,34710]
V0	2	0	FORMAL_V0_G2_P0_M1_RULE_U01	M1_RULE_U01	22	2	A3_RAGGED_DIRECT	23	0.00015137952822240943	0.006538	0.042625	0.000521	0.072442	0.421067	2	0	2	0.021691	[34710,null,null,788]
V0	2	0	FORMAL_V0_G2_P0_M1_RULE_U01	M1_RULE_U01	23	2	A3_RAGGED_DIRECT	824	0.005423336141533277	0.006503	0.043774	0.000525	0.074864	0.436106	2	0	2	0.022247	[788,null,null,330]
V0	2	0	FORMAL_V0_G2_P0_M1_RULE_U01	M1_RULE_U01	24	2	A0_DENSE_VENDOR	147788	0.9726990311710194	0.006558	0.042467	0.000516	0.073486	0.876036	2	0	0	0.0	[330,null,null,54738]
V0	2	0	FORMAL_V0_G2_P0_M1_RULE_U01	M1_RULE_U01	25	2	A0_DENSE_VENDOR	147068	0.9679601937657961	0.006851	0.04397	0.000489	0.076705	0.932125	2	0	0	0.0	[54738,null,null,698]
V0	2	0	FORMAL_V0_G2_P0_M1_RULE_U01	M1_RULE_U01	26	2	A0_DENSE_VENDOR	147404	0.970171651221567	0.006731	0.044005	0.000467	0.07557	0.85436	2	0	0	0.0	[698,null,null,92]
V0	2	0	FORMAL_V0_G2_P0_M1_RULE_U01	M1_RULE_U01	27	2	A3_RAGGED_DIRECT	425	0.002797230412805392	0.00667	0.045115	0.000546	0.076138	0.348917	1	1	1	0.013131	[92,null,null,151645]
V0	2	0	FORMAL_V0_G2_P0_M1_RULE_U01	M1_RULE_U01	28	1	A3_RAGGED_DIRECT	1	6.581718618365627e-06	0.005396	0.039727	0.000443	0.068662	0.175013	0	1	0	0.0	[151645,null,null,null]
V0	2	1	FORMAL_V0_G2_P1_B0_STRONG	B0_STRONG	0	4	A0_DENSE_VENDOR			0.0	0.0	0.0	0.0	0.752471	4	0	0	0.0	[515,515,515,515]
V0	2	1	FORMAL_V0_G2_P1_B0_STRONG	B0_STRONG	1	4	A0_DENSE_VENDOR			0.0	0.0	0.0	0.0	0.729981	4	0	0	0.0	[220,220,220,220]
V0	2	1	FORMAL_V0_G2_P1_B0_STRONG	B0_STRONG	2	4	A0_DENSE_VENDOR			0.0	0.0	0.0	0.0	0.721141	4	0	0	0.0	[330,330,330,330]
V0	2	1	FORMAL_V0_G2_P1_B0_STRONG	B0_STRONG	3	4	A0_DENSE_VENDOR			0.0	0.0	0.0	0.0	0.678561	4	0	0	0.0	[6045,4129,4129,6045]
V0	2	1	FORMAL_V0_G2_P1_B0_STRONG	B0_STRONG	4	4	A0_DENSE_VENDOR			0.0	0.0	0.0	0.0	0.700622	4	0	0	0.0	[788,788,788,788]
V0	2	1	FORMAL_V0_G2_P1_B0_STRONG	B0_STRONG	5	4	A0_DENSE_VENDOR			0.0	0.0	0.0	0.0	0.721847	4	0	0	0.0	[220,220,220,220]
V0	2	1	FORMAL_V0_G2_P1_B0_STRONG	B0_STRONG	6	4	A0_DENSE_VENDOR			0.0	0.0	0.0	0.0	0.726304	4	0	0	0.0	[16,16,16,20]
V0	2	1	FORMAL_V0_G2_P1_B0_STRONG	B0_STRONG	7	4	A0_DENSE_VENDOR			0.0	0.0	0.0	0.0	0.730089	4	0	0	0.0	[15,17,17,15]
V0	2	1	FORMAL_V0_G2_P1_B0_STRONG	B0_STRONG	8	4	A0_DENSE_VENDOR			0.0	0.0	0.0	0.0	0.732509	4	0	0	0.0	[15,198,198,15]
V0	2	1	FORMAL_V0_G2_P1_B0_STRONG	B0_STRONG	9	4	A0_DENSE_VENDOR			0.0	0.0	0.0	0.0	0.723273	4	0	0	0.0	[15,92,92,345]
V0	2	1	FORMAL_V0_G2_P1_B0_STRONG	B0_STRONG	10	4	A0_DENSE_VENDOR			0.0	0.0	0.0	0.0	0.71081	2	2	0	0.0	[345,151645,151645,220]
V0	2	1	FORMAL_V0_G2_P1_B0_STRONG	B0_STRONG	11	2	A0_DENSE_VENDOR			0.0	0.0	0.0	0.0	0.689287	2	0	0	0.0	[220,null,null,330]
V0	2	1	FORMAL_V0_G2_P1_B0_STRONG	B0_STRONG	12	2	A0_DENSE_VENDOR			0.0	0.0	0.0	0.0	0.678945	2	0	0	0.0	[330,null,null,1499]
V0	2	1	FORMAL_V0_G2_P1_B0_STRONG	B0_STRONG	13	2	A0_DENSE_VENDOR			0.0	0.0	0.0	0.0	0.670502	2	0	0	0.0	[1499,null,null,34710]
V0	2	1	FORMAL_V0_G2_P1_B0_STRONG	B0_STRONG	14	2	A0_DENSE_VENDOR			0.0	0.0	0.0	0.0	0.669033	2	0	0	0.0	[34710,null,null,788]
V0	2	1	FORMAL_V0_G2_P1_B0_STRONG	B0_STRONG	15	2	A0_DENSE_VENDOR			0.0	0.0	0.0	0.0	0.685783	2	0	0	0.0	[788,null,null,330]
V0	2	1	FORMAL_V0_G2_P1_B0_STRONG	B0_STRONG	16	2	A0_DENSE_VENDOR			0.0	0.0	0.0	0.0	0.796991	2	0	0	0.0	[330,null,null,26749]
V0	2	1	FORMAL_V0_G2_P1_B0_STRONG	B0_STRONG	17	2	A0_DENSE_VENDOR			0.0	0.0	0.0	0.0	0.874366	2	0	0	0.0	[26749,null,null,756]
V0	2	1	FORMAL_V0_G2_P1_B0_STRONG	B0_STRONG	18	2	A0_DENSE_VENDOR			0.0	0.0	0.0	0.0	0.770418	2	0	0	0.0	[756,null,null,220]
V0	2	1	FORMAL_V0_G2_P1_B0_STRONG	B0_STRONG	19	2	A0_DENSE_VENDOR			0.0	0.0	0.0	0.0	0.693079	2	0	0	0.0	[220,null,null,330]
V0	2	1	FORMAL_V0_G2_P1_B0_STRONG	B0_STRONG	20	2	A0_DENSE_VENDOR			0.0	0.0	0.0	0.0	0.678673	2	0	0	0.0	[330,null,null,983]
V0	2	1	FORMAL_V0_G2_P1_B0_STRONG	B0_STRONG	21	2	A0_DENSE_VENDOR			0.0	0.0	0.0	0.0	0.6727	2	0	0	0.0	[983,null,null,34710]
V0	2	1	FORMAL_V0_G2_P1_B0_STRONG	B0_STRONG	22	2	A0_DENSE_VENDOR			0.0	0.0	0.0	0.0	0.680241	2	0	0	0.0	[34710,null,null,788]
V0	2	1	FORMAL_V0_G2_P1_B0_STRONG	B0_STRONG	23	2	A0_DENSE_VENDOR			0.0	0.0	0.0	0.0	0.691216	2	0	0	0.0	[788,null,null,330]
V0	2	1	FORMAL_V0_G2_P1_B0_STRONG	B0_STRONG	24	2	A0_DENSE_VENDOR			0.0	0.0	0.0	0.0	0.794748	2	0	0	0.0	[330,null,null,54738]
V0	2	1	FORMAL_V0_G2_P1_B0_STRONG	B0_STRONG	25	2	A0_DENSE_VENDOR			0.0	0.0	0.0	0.0	0.843434	2	0	0	0.0	[54738,null,null,698]
V0	2	1	FORMAL_V0_G2_P1_B0_STRONG	B0_STRONG	26	2	A0_DENSE_VENDOR			0.0	0.0	0.0	0.0	0.78242	2	0	0	0.0	[698,null,null,92]
V0	2	1	FORMAL_V0_G2_P1_B0_STRONG	B0_STRONG	27	2	A0_DENSE_VENDOR			0.0	0.0	0.0	0.0	0.671713	1	1	0	0.0	[92,null,null,151645]
V0	2	1	FORMAL_V0_G2_P1_B0_STRONG	B0_STRONG	28	1	A0_DENSE_VENDOR			0.0	0.0	0.0	0.0	0.123129	0	1	0	0.0	[151645,null,null,null]
V0	2	1	FORMAL_V0_G2_P1_M1_RULE_U01	M1_RULE_U01	0	4	A3_RAGGED_DIRECT	7	4.6072030328559395e-05	0.008811	0.049054	0.000488	0.083314	0.466123	4	0	1	0.034507	[515,515,515,515]
V0	2	1	FORMAL_V0_G2_P1_M1_RULE_U01	M1_RULE_U01	1	4	A3_RAGGED_DIRECT	425	0.002797230412805392	0.007233	0.043697	0.000536	0.076181	0.529957	4	0	2	0.034159	[220,220,220,220]
V0	2	1	FORMAL_V0_G2_P1_M1_RULE_U01	M1_RULE_U01	2	4	A3_RAGGED_DIRECT	425	0.002797230412805392	0.007467	0.045213	0.000523	0.078312	0.542077	4	0	2	0.038484	[330,330,330,330]
V0	2	1	FORMAL_V0_G2_P1_M1_RULE_U01	M1_RULE_U01	3	4	A3_RAGGED_DIRECT	8	5.265374894692502e-05	0.007094	0.041042	0.00055	0.072993	0.473369	4	0	2	0.033196	[6045,4129,4129,6045]
V0	2	1	FORMAL_V0_G2_P1_M1_RULE_U01	M1_RULE_U01	4	4	A3_RAGGED_DIRECT	13	8.556234203875316e-05	0.007363	0.045344	0.000568	0.078244	0.441364	4	0	1	0.032841	[788,788,788,788]
V0	2	1	FORMAL_V0_G2_P1_M1_RULE_U01	M1_RULE_U01	5	4	A3_RAGGED_DIRECT	434	0.0028564658803706825	0.007173	0.043259	0.00056	0.075307	0.500485	4	0	1	0.0384	[220,220,220,220]
V0	2	1	FORMAL_V0_G2_P1_M1_RULE_U01	M1_RULE_U01	6	4	A3_RAGGED_DIRECT	434	0.0028564658803706825	0.007534	0.046283	0.000587	0.089359	0.501305	4	0	1	0.033136	[16,16,16,20]
V0	2	1	FORMAL_V0_G2_P1_M1_RULE_U01	M1_RULE_U01	7	4	A3_RAGGED_DIRECT	450	0.0029617733782645326	0.007093	0.043482	0.000557	0.084226	0.523884	4	0	2	0.033124	[15,17,17,15]
V0	2	1	FORMAL_V0_G2_P1_M1_RULE_U01	M1_RULE_U01	8	4	A3_RAGGED_DIRECT	450	0.0029617733782645326	0.007393	0.045878	0.00056	0.082654	0.540981	4	0	2	0.033665	[15,198,198,15]
V0	2	1	FORMAL_V0_G2_P1_M1_RULE_U01	M1_RULE_U01	9	4	A3_RAGGED_DIRECT	450	0.0029617733782645326	0.007199	0.043709	0.000515	0.077213	0.530059	4	0	2	0.033946	[15,92,92,345]
V0	2	1	FORMAL_V0_G2_P1_M1_RULE_U01	M1_RULE_U01	10	4	A3_RAGGED_DIRECT	452	0.002974936815501264	0.007471	0.044342	0.00045	0.075873	0.428932	2	2	2	0.018783	[345,151645,151645,220]
V0	2	1	FORMAL_V0_G2_P1_M1_RULE_U01	M1_RULE_U01	11	2	A3_RAGGED_DIRECT	425	0.002797230412805392	0.006561	0.043157	0.000616	0.075345	0.370046	2	0	1	0.019161	[220,null,null,330]
V0	2	1	FORMAL_V0_G2_P1_M1_RULE_U01	M1_RULE_U01	12	2	A3_RAGGED_DIRECT	428	0.0028169755686604887	0.006479	0.045397	0.000521	0.077368	0.420824	2	0	2	0.020286	[330,null,null,1499]
V0	2	1	FORMAL_V0_G2_P1_M1_RULE_U01	M1_RULE_U01	13	2	A3_RAGGED_DIRECT	9	5.923546756529065e-05	0.006397	0.04448	0.000545	0.078334	0.414078	2	0	2	0.018928	[1499,null,null,34710]
V0	2	1	FORMAL_V0_G2_P1_M1_RULE_U01	M1_RULE_U01	14	2	A3_RAGGED_DIRECT	25	0.0001645429654591407	0.006422	0.042707	0.000548	0.07752	0.42736	2	0	2	0.026968	[34710,null,null,788]
V0	2	1	FORMAL_V0_G2_P1_M1_RULE_U01	M1_RULE_U01	15	2	A3_RAGGED_DIRECT	838	0.005515480202190396	0.006482	0.049236	0.000553	0.083756	0.424654	2	0	2	0.019752	[788,null,null,330]
V0	2	1	FORMAL_V0_G2_P1_M1_RULE_U01	M1_RULE_U01	16	2	A0_DENSE_VENDOR	147867	0.9732189869418703	0.00661	0.044533	0.000444	0.07436	0.856467	2	0	0	0.0	[330,null,null,26749]
V0	2	1	FORMAL_V0_G2_P1_M1_RULE_U01	M1_RULE_U01	17	2	A0_DENSE_VENDOR	147137	0.9684143323504634	0.006655	0.044666	0.00052	0.075846	0.921697	2	0	0	0.0	[26749,null,null,756]
V0	2	1	FORMAL_V0_G2_P1_M1_RULE_U01	M1_RULE_U01	18	2	A0_DENSE_VENDOR	147473	0.9706257898062342	0.006636	0.045095	0.000513	0.076766	0.849219	2	0	0	0.0	[756,null,null,220]
V0	2	1	FORMAL_V0_G2_P1_M1_RULE_U01	M1_RULE_U01	19	2	A3_RAGGED_DIRECT	424	0.002790648694187026	0.006603	0.04511	0.000494	0.077956	0.375225	2	0	1	0.020126	[220,null,null,330]
V0	2	1	FORMAL_V0_G2_P1_M1_RULE_U01	M1_RULE_U01	20	2	A3_RAGGED_DIRECT	426	0.0028038121314237574	0.006455	0.043111	0.000525	0.074733	0.418423	2	0	2	0.025323	[330,null,null,983]
V0	2	1	FORMAL_V0_G2_P1_M1_RULE_U01	M1_RULE_U01	21	2	A3_RAGGED_DIRECT	8	5.265374894692502e-05	0.006488	0.043261	0.00055	0.075135	0.422657	2	0	2	0.027004	[983,null,null,34710]
V0	2	1	FORMAL_V0_G2_P1_M1_RULE_U01	M1_RULE_U01	22	2	A3_RAGGED_DIRECT	23	0.00015137952822240943	0.006455	0.040898	0.000538	0.070665	0.428287	2	0	2	0.022146	[34710,null,null,788]
V0	2	1	FORMAL_V0_G2_P1_M1_RULE_U01	M1_RULE_U01	23	2	A3_RAGGED_DIRECT	824	0.005423336141533277	0.00659	0.043517	0.000546	0.074453	0.440328	2	0	2	0.022771	[788,null,null,330]
V0	2	1	FORMAL_V0_G2_P1_M1_RULE_U01	M1_RULE_U01	24	2	A0_DENSE_VENDOR	147788	0.9726990311710194	0.006499	0.043766	0.000505	0.074336	0.866831	2	0	0	0.0	[330,null,null,54738]
V0	2	1	FORMAL_V0_G2_P1_M1_RULE_U01	M1_RULE_U01	25	2	A0_DENSE_VENDOR	147068	0.9679601937657961	0.006597	0.048235	0.000482	0.081059	0.934646	2	0	0	0.0	[54738,null,null,698]
V0	2	1	FORMAL_V0_G2_P1_M1_RULE_U01	M1_RULE_U01	26	2	A0_DENSE_VENDOR	147404	0.970171651221567	0.006643	0.043842	0.000515	0.07582	0.852364	2	0	0	0.0	[698,null,null,92]
V0	2	1	FORMAL_V0_G2_P1_M1_RULE_U01	M1_RULE_U01	27	2	A3_RAGGED_DIRECT	425	0.002797230412805392	0.006578	0.045924	0.000517	0.07746	0.3311	1	1	1	0.011842	[92,null,null,151645]
V0	2	1	FORMAL_V0_G2_P1_M1_RULE_U01	M1_RULE_U01	28	1	A3_RAGGED_DIRECT	1	6.581718618365627e-06	0.005534	0.039796	0.000495	0.069457	0.176913	0	1	0	0.0	[151645,null,null,null]
V0	2	2	FORMAL_V0_G2_P2_B0_STRONG	B0_STRONG	0	4	A0_DENSE_VENDOR			0.0	0.0	0.0	0.0	0.73766	4	0	0	0.0	[515,515,515,515]
V0	2	2	FORMAL_V0_G2_P2_B0_STRONG	B0_STRONG	1	4	A0_DENSE_VENDOR			0.0	0.0	0.0	0.0	0.733694	4	0	0	0.0	[220,220,220,220]
V0	2	2	FORMAL_V0_G2_P2_B0_STRONG	B0_STRONG	2	4	A0_DENSE_VENDOR			0.0	0.0	0.0	0.0	0.72411	4	0	0	0.0	[330,330,330,330]
V0	2	2	FORMAL_V0_G2_P2_B0_STRONG	B0_STRONG	3	4	A0_DENSE_VENDOR			0.0	0.0	0.0	0.0	0.67775	4	0	0	0.0	[6045,4129,4129,6045]
V0	2	2	FORMAL_V0_G2_P2_B0_STRONG	B0_STRONG	4	4	A0_DENSE_VENDOR			0.0	0.0	0.0	0.0	0.691541	4	0	0	0.0	[788,788,788,788]
V0	2	2	FORMAL_V0_G2_P2_B0_STRONG	B0_STRONG	5	4	A0_DENSE_VENDOR			0.0	0.0	0.0	0.0	0.72162	4	0	0	0.0	[220,220,220,220]
V0	2	2	FORMAL_V0_G2_P2_B0_STRONG	B0_STRONG	6	4	A0_DENSE_VENDOR			0.0	0.0	0.0	0.0	0.724454	4	0	0	0.0	[16,16,16,20]
V0	2	2	FORMAL_V0_G2_P2_B0_STRONG	B0_STRONG	7	4	A0_DENSE_VENDOR			0.0	0.0	0.0	0.0	0.727608	4	0	0	0.0	[15,17,17,15]
V0	2	2	FORMAL_V0_G2_P2_B0_STRONG	B0_STRONG	8	4	A0_DENSE_VENDOR			0.0	0.0	0.0	0.0	0.721736	4	0	0	0.0	[15,198,198,15]
V0	2	2	FORMAL_V0_G2_P2_B0_STRONG	B0_STRONG	9	4	A0_DENSE_VENDOR			0.0	0.0	0.0	0.0	0.727559	4	0	0	0.0	[15,92,92,345]
V0	2	2	FORMAL_V0_G2_P2_B0_STRONG	B0_STRONG	10	4	A0_DENSE_VENDOR			0.0	0.0	0.0	0.0	0.70275	2	2	0	0.0	[345,151645,151645,220]
V0	2	2	FORMAL_V0_G2_P2_B0_STRONG	B0_STRONG	11	2	A0_DENSE_VENDOR			0.0	0.0	0.0	0.0	0.690711	2	0	0	0.0	[220,null,null,330]
V0	2	2	FORMAL_V0_G2_P2_B0_STRONG	B0_STRONG	12	2	A0_DENSE_VENDOR			0.0	0.0	0.0	0.0	0.677153	2	0	0	0.0	[330,null,null,1499]
V0	2	2	FORMAL_V0_G2_P2_B0_STRONG	B0_STRONG	13	2	A0_DENSE_VENDOR			0.0	0.0	0.0	0.0	0.670096	2	0	0	0.0	[1499,null,null,34710]
V0	2	2	FORMAL_V0_G2_P2_B0_STRONG	B0_STRONG	14	2	A0_DENSE_VENDOR			0.0	0.0	0.0	0.0	0.665218	2	0	0	0.0	[34710,null,null,788]
V0	2	2	FORMAL_V0_G2_P2_B0_STRONG	B0_STRONG	15	2	A0_DENSE_VENDOR			0.0	0.0	0.0	0.0	0.693387	2	0	0	0.0	[788,null,null,330]
V0	2	2	FORMAL_V0_G2_P2_B0_STRONG	B0_STRONG	16	2	A0_DENSE_VENDOR			0.0	0.0	0.0	0.0	0.794314	2	0	0	0.0	[330,null,null,26749]
V0	2	2	FORMAL_V0_G2_P2_B0_STRONG	B0_STRONG	17	2	A0_DENSE_VENDOR			0.0	0.0	0.0	0.0	0.875589	2	0	0	0.0	[26749,null,null,756]
V0	2	2	FORMAL_V0_G2_P2_B0_STRONG	B0_STRONG	18	2	A0_DENSE_VENDOR			0.0	0.0	0.0	0.0	0.772494	2	0	0	0.0	[756,null,null,220]
V0	2	2	FORMAL_V0_G2_P2_B0_STRONG	B0_STRONG	19	2	A0_DENSE_VENDOR			0.0	0.0	0.0	0.0	0.689136	2	0	0	0.0	[220,null,null,330]
V0	2	2	FORMAL_V0_G2_P2_B0_STRONG	B0_STRONG	20	2	A0_DENSE_VENDOR			0.0	0.0	0.0	0.0	0.678415	2	0	0	0.0	[330,null,null,983]
V0	2	2	FORMAL_V0_G2_P2_B0_STRONG	B0_STRONG	21	2	A0_DENSE_VENDOR			0.0	0.0	0.0	0.0	0.66969	2	0	0	0.0	[983,null,null,34710]
V0	2	2	FORMAL_V0_G2_P2_B0_STRONG	B0_STRONG	22	2	A0_DENSE_VENDOR			0.0	0.0	0.0	0.0	0.675905	2	0	0	0.0	[34710,null,null,788]
V0	2	2	FORMAL_V0_G2_P2_B0_STRONG	B0_STRONG	23	2	A0_DENSE_VENDOR			0.0	0.0	0.0	0.0	0.690607	2	0	0	0.0	[788,null,null,330]
V0	2	2	FORMAL_V0_G2_P2_B0_STRONG	B0_STRONG	24	2	A0_DENSE_VENDOR			0.0	0.0	0.0	0.0	0.789345	2	0	0	0.0	[330,null,null,54738]
V0	2	2	FORMAL_V0_G2_P2_B0_STRONG	B0_STRONG	25	2	A0_DENSE_VENDOR			0.0	0.0	0.0	0.0	0.867754	2	0	0	0.0	[54738,null,null,698]
V0	2	2	FORMAL_V0_G2_P2_B0_STRONG	B0_STRONG	26	2	A0_DENSE_VENDOR			0.0	0.0	0.0	0.0	0.780757	2	0	0	0.0	[698,null,null,92]
V0	2	2	FORMAL_V0_G2_P2_B0_STRONG	B0_STRONG	27	2	A0_DENSE_VENDOR			0.0	0.0	0.0	0.0	0.672761	1	1	0	0.0	[92,null,null,151645]
V0	2	2	FORMAL_V0_G2_P2_B0_STRONG	B0_STRONG	28	1	A0_DENSE_VENDOR			0.0	0.0	0.0	0.0	0.121252	0	1	0	0.0	[151645,null,null,null]
V0	2	2	FORMAL_V0_G2_P2_M1_RULE_U01	M1_RULE_U01	0	4	A3_RAGGED_DIRECT	7	4.6072030328559395e-05	0.009256	0.049337	0.000502	0.083724	0.488235	4	0	1	0.036917	[515,515,515,515]
V0	2	2	FORMAL_V0_G2_P2_M1_RULE_U01	M1_RULE_U01	1	4	A3_RAGGED_DIRECT	425	0.002797230412805392	0.007259	0.043912	0.000534	0.076303	0.526481	4	0	2	0.034268	[220,220,220,220]
V0	2	2	FORMAL_V0_G2_P2_M1_RULE_U01	M1_RULE_U01	2	4	A3_RAGGED_DIRECT	425	0.002797230412805392	0.007336	0.044776	0.000592	0.07836	0.542097	4	0	2	0.039781	[330,330,330,330]
V0	2	2	FORMAL_V0_G2_P2_M1_RULE_U01	M1_RULE_U01	3	4	A3_RAGGED_DIRECT	8	5.265374894692502e-05	0.007095	0.043544	0.000571	0.075686	0.486842	4	0	2	0.033407	[6045,4129,4129,6045]
V0	2	2	FORMAL_V0_G2_P2_M1_RULE_U01	M1_RULE_U01	4	4	A3_RAGGED_DIRECT	13	8.556234203875316e-05	0.007411	0.045357	0.000527	0.083449	0.446088	4	0	1	0.03288	[788,788,788,788]
V0	2	2	FORMAL_V0_G2_P2_M1_RULE_U01	M1_RULE_U01	5	4	A3_RAGGED_DIRECT	434	0.0028564658803706825	0.007227	0.043954	0.000646	0.083161	0.48563	4	0	1	0.033252	[220,220,220,220]
V0	2	2	FORMAL_V0_G2_P2_M1_RULE_U01	M1_RULE_U01	6	4	A3_RAGGED_DIRECT	434	0.0028564658803706825	0.007204	0.04451	0.000513	0.08437	0.479465	4	0	1	0.032937	[16,16,16,20]
V0	2	2	FORMAL_V0_G2_P2_M1_RULE_U01	M1_RULE_U01	7	4	A3_RAGGED_DIRECT	450	0.0029617733782645326	0.007179	0.042945	0.000536	0.076476	0.532356	4	0	2	0.035903	[15,17,17,15]
V0	2	2	FORMAL_V0_G2_P2_M1_RULE_U01	M1_RULE_U01	8	4	A3_RAGGED_DIRECT	450	0.0029617733782645326	0.007151	0.041568	0.000537	0.073295	0.509061	4	0	2	0.03325	[15,198,198,15]
V0	2	2	FORMAL_V0_G2_P2_M1_RULE_U01	M1_RULE_U01	9	4	A3_RAGGED_DIRECT	450	0.0029617733782645326	0.007008	0.043016	0.000593	0.083923	0.555248	4	0	2	0.039222	[15,92,92,345]
V0	2	2	FORMAL_V0_G2_P2_M1_RULE_U01	M1_RULE_U01	10	4	A3_RAGGED_DIRECT	452	0.002974936815501264	0.007415	0.046381	0.000561	0.084992	0.459352	2	2	2	0.019248	[345,151645,151645,220]
V0	2	2	FORMAL_V0_G2_P2_M1_RULE_U01	M1_RULE_U01	11	2	A3_RAGGED_DIRECT	425	0.002797230412805392	0.006556	0.049445	0.000552	0.085999	0.405496	2	0	1	0.028123	[220,null,null,330]
V0	2	2	FORMAL_V0_G2_P2_M1_RULE_U01	M1_RULE_U01	12	2	A3_RAGGED_DIRECT	428	0.0028169755686604887	0.006721	0.048113	0.000544	0.085157	0.420275	2	0	2	0.01891	[330,null,null,1499]
V0	2	2	FORMAL_V0_G2_P2_M1_RULE_U01	M1_RULE_U01	13	2	A3_RAGGED_DIRECT	9	5.923546756529065e-05	0.006502	0.045532	0.000586	0.079799	0.409953	2	0	2	0.018518	[1499,null,null,34710]
V0	2	2	FORMAL_V0_G2_P2_M1_RULE_U01	M1_RULE_U01	14	2	A3_RAGGED_DIRECT	25	0.0001645429654591407	0.006516	0.044875	0.000557	0.075987	0.412938	2	0	2	0.019023	[34710,null,null,788]
V0	2	2	FORMAL_V0_G2_P2_M1_RULE_U01	M1_RULE_U01	15	2	A3_RAGGED_DIRECT	838	0.005515480202190396	0.00636	0.045002	0.000552	0.078985	0.440135	2	0	2	0.018646	[788,null,null,330]
V0	2	2	FORMAL_V0_G2_P2_M1_RULE_U01	M1_RULE_U01	16	2	A0_DENSE_VENDOR	147867	0.9732189869418703	0.006506	0.044804	0.000489	0.074585	0.899267	2	0	0	0.0	[330,null,null,26749]
V0	2	2	FORMAL_V0_G2_P2_M1_RULE_U01	M1_RULE_U01	17	2	A0_DENSE_VENDOR	147137	0.9684143323504634	0.006808	0.043714	0.000488	0.075938	0.930886	2	0	0	0.0	[26749,null,null,756]
V0	2	2	FORMAL_V0_G2_P2_M1_RULE_U01	M1_RULE_U01	18	2	A0_DENSE_VENDOR	147473	0.9706257898062342	0.006714	0.044806	0.000487	0.075649	0.854645	2	0	0	0.0	[756,null,null,220]
V0	2	2	FORMAL_V0_G2_P2_M1_RULE_U01	M1_RULE_U01	19	2	A3_RAGGED_DIRECT	424	0.002790648694187026	0.006623	0.044693	0.000528	0.077036	0.393906	2	0	1	0.020217	[220,null,null,330]
V0	2	2	FORMAL_V0_G2_P2_M1_RULE_U01	M1_RULE_U01	20	2	A3_RAGGED_DIRECT	426	0.0028038121314237574	0.006426	0.043238	0.000521	0.074512	0.423445	2	0	2	0.019944	[330,null,null,983]
V0	2	2	FORMAL_V0_G2_P2_M1_RULE_U01	M1_RULE_U01	21	2	A3_RAGGED_DIRECT	8	5.265374894692502e-05	0.006416	0.043968	0.000531	0.075181	0.408564	2	0	2	0.019241	[983,null,null,34710]
V0	2	2	FORMAL_V0_G2_P2_M1_RULE_U01	M1_RULE_U01	22	2	A3_RAGGED_DIRECT	23	0.00015137952822240943	0.006637	0.040259	0.000532	0.070547	0.425046	2	0	2	0.022055	[34710,null,null,788]
V0	2	2	FORMAL_V0_G2_P2_M1_RULE_U01	M1_RULE_U01	23	2	A3_RAGGED_DIRECT	824	0.005423336141533277	0.00651	0.04327	0.000567	0.074368	0.426754	2	0	2	0.023238	[788,null,null,330]
V0	2	2	FORMAL_V0_G2_P2_M1_RULE_U01	M1_RULE_U01	24	2	A0_DENSE_VENDOR	147788	0.9726990311710194	0.006556	0.043697	0.000454	0.074026	0.841499	2	0	0	0.0	[330,null,null,54738]
V0	2	2	FORMAL_V0_G2_P2_M1_RULE_U01	M1_RULE_U01	25	2	A0_DENSE_VENDOR	147068	0.9679601937657961	0.006609	0.042902	0.000492	0.074229	0.91061	2	0	0	0.0	[54738,null,null,698]
V0	2	2	FORMAL_V0_G2_P2_M1_RULE_U01	M1_RULE_U01	26	2	A0_DENSE_VENDOR	147404	0.970171651221567	0.006603	0.044173	0.000515	0.075188	0.83119	2	0	0	0.0	[698,null,null,92]
V0	2	2	FORMAL_V0_G2_P2_M1_RULE_U01	M1_RULE_U01	27	2	A3_RAGGED_DIRECT	425	0.002797230412805392	0.006502	0.04549	0.000533	0.076235	0.341792	1	1	1	0.011643	[92,null,null,151645]
V0	2	2	FORMAL_V0_G2_P2_M1_RULE_U01	M1_RULE_U01	28	1	A3_RAGGED_DIRECT	1	6.581718618365627e-06	0.005505	0.039736	0.000429	0.068233	0.176383	0	1	0	0.0	[151645,null,null,null]
V0	2	3	FORMAL_V0_G2_P3_B0_STRONG	B0_STRONG	0	4	A0_DENSE_VENDOR			0.0	0.0	0.0	0.0	0.754693	4	0	0	0.0	[515,515,515,515]
V0	2	3	FORMAL_V0_G2_P3_B0_STRONG	B0_STRONG	1	4	A0_DENSE_VENDOR			0.0	0.0	0.0	0.0	0.736932	4	0	0	0.0	[220,220,220,220]
V0	2	3	FORMAL_V0_G2_P3_B0_STRONG	B0_STRONG	2	4	A0_DENSE_VENDOR			0.0	0.0	0.0	0.0	0.733376	4	0	0	0.0	[330,330,330,330]
V0	2	3	FORMAL_V0_G2_P3_B0_STRONG	B0_STRONG	3	4	A0_DENSE_VENDOR			0.0	0.0	0.0	0.0	0.679289	4	0	0	0.0	[6045,4129,4129,6045]
V0	2	3	FORMAL_V0_G2_P3_B0_STRONG	B0_STRONG	4	4	A0_DENSE_VENDOR			0.0	0.0	0.0	0.0	0.69641	4	0	0	0.0	[788,788,788,788]
V0	2	3	FORMAL_V0_G2_P3_B0_STRONG	B0_STRONG	5	4	A0_DENSE_VENDOR			0.0	0.0	0.0	0.0	0.731004	4	0	0	0.0	[220,220,220,220]
V0	2	3	FORMAL_V0_G2_P3_B0_STRONG	B0_STRONG	6	4	A0_DENSE_VENDOR			0.0	0.0	0.0	0.0	0.724738	4	0	0	0.0	[16,16,16,20]
V0	2	3	FORMAL_V0_G2_P3_B0_STRONG	B0_STRONG	7	4	A0_DENSE_VENDOR			0.0	0.0	0.0	0.0	0.72786	4	0	0	0.0	[15,17,17,15]
V0	2	3	FORMAL_V0_G2_P3_B0_STRONG	B0_STRONG	8	4	A0_DENSE_VENDOR			0.0	0.0	0.0	0.0	0.725032	4	0	0	0.0	[15,198,198,15]
V0	2	3	FORMAL_V0_G2_P3_B0_STRONG	B0_STRONG	9	4	A0_DENSE_VENDOR			0.0	0.0	0.0	0.0	0.725537	4	0	0	0.0	[15,92,92,345]
V0	2	3	FORMAL_V0_G2_P3_B0_STRONG	B0_STRONG	10	4	A0_DENSE_VENDOR			0.0	0.0	0.0	0.0	0.6991	2	2	0	0.0	[345,151645,151645,220]
V0	2	3	FORMAL_V0_G2_P3_B0_STRONG	B0_STRONG	11	2	A0_DENSE_VENDOR			0.0	0.0	0.0	0.0	0.690604	2	0	0	0.0	[220,null,null,330]
V0	2	3	FORMAL_V0_G2_P3_B0_STRONG	B0_STRONG	12	2	A0_DENSE_VENDOR			0.0	0.0	0.0	0.0	0.67422	2	0	0	0.0	[330,null,null,1499]
V0	2	3	FORMAL_V0_G2_P3_B0_STRONG	B0_STRONG	13	2	A0_DENSE_VENDOR			0.0	0.0	0.0	0.0	0.668318	2	0	0	0.0	[1499,null,null,34710]
V0	2	3	FORMAL_V0_G2_P3_B0_STRONG	B0_STRONG	14	2	A0_DENSE_VENDOR			0.0	0.0	0.0	0.0	0.674827	2	0	0	0.0	[34710,null,null,788]
V0	2	3	FORMAL_V0_G2_P3_B0_STRONG	B0_STRONG	15	2	A0_DENSE_VENDOR			0.0	0.0	0.0	0.0	0.695637	2	0	0	0.0	[788,null,null,330]
V0	2	3	FORMAL_V0_G2_P3_B0_STRONG	B0_STRONG	16	2	A0_DENSE_VENDOR			0.0	0.0	0.0	0.0	0.799457	2	0	0	0.0	[330,null,null,26749]
V0	2	3	FORMAL_V0_G2_P3_B0_STRONG	B0_STRONG	17	2	A0_DENSE_VENDOR			0.0	0.0	0.0	0.0	0.857066	2	0	0	0.0	[26749,null,null,756]
V0	2	3	FORMAL_V0_G2_P3_B0_STRONG	B0_STRONG	18	2	A0_DENSE_VENDOR			0.0	0.0	0.0	0.0	0.774948	2	0	0	0.0	[756,null,null,220]
V0	2	3	FORMAL_V0_G2_P3_B0_STRONG	B0_STRONG	19	2	A0_DENSE_VENDOR			0.0	0.0	0.0	0.0	0.690617	2	0	0	0.0	[220,null,null,330]
V0	2	3	FORMAL_V0_G2_P3_B0_STRONG	B0_STRONG	20	2	A0_DENSE_VENDOR			0.0	0.0	0.0	0.0	0.683444	2	0	0	0.0	[330,null,null,983]
V0	2	3	FORMAL_V0_G2_P3_B0_STRONG	B0_STRONG	21	2	A0_DENSE_VENDOR			0.0	0.0	0.0	0.0	0.670117	2	0	0	0.0	[983,null,null,34710]
V0	2	3	FORMAL_V0_G2_P3_B0_STRONG	B0_STRONG	22	2	A0_DENSE_VENDOR			0.0	0.0	0.0	0.0	0.670185	2	0	0	0.0	[34710,null,null,788]
V0	2	3	FORMAL_V0_G2_P3_B0_STRONG	B0_STRONG	23	2	A0_DENSE_VENDOR			0.0	0.0	0.0	0.0	0.686529	2	0	0	0.0	[788,null,null,330]
V0	2	3	FORMAL_V0_G2_P3_B0_STRONG	B0_STRONG	24	2	A0_DENSE_VENDOR			0.0	0.0	0.0	0.0	0.778977	2	0	0	0.0	[330,null,null,54738]
V0	2	3	FORMAL_V0_G2_P3_B0_STRONG	B0_STRONG	25	2	A0_DENSE_VENDOR			0.0	0.0	0.0	0.0	0.867724	2	0	0	0.0	[54738,null,null,698]
V0	2	3	FORMAL_V0_G2_P3_B0_STRONG	B0_STRONG	26	2	A0_DENSE_VENDOR			0.0	0.0	0.0	0.0	0.782633	2	0	0	0.0	[698,null,null,92]
V0	2	3	FORMAL_V0_G2_P3_B0_STRONG	B0_STRONG	27	2	A0_DENSE_VENDOR			0.0	0.0	0.0	0.0	0.672367	1	1	0	0.0	[92,null,null,151645]
V0	2	3	FORMAL_V0_G2_P3_B0_STRONG	B0_STRONG	28	1	A0_DENSE_VENDOR			0.0	0.0	0.0	0.0	0.123956	0	1	0	0.0	[151645,null,null,null]
V0	2	3	FORMAL_V0_G2_P3_M1_RULE_U01	M1_RULE_U01	0	4	A3_RAGGED_DIRECT	7	4.6072030328559395e-05	0.008955	0.048915	0.000514	0.082694	0.490856	4	0	1	0.038659	[515,515,515,515]
V0	2	3	FORMAL_V0_G2_P3_M1_RULE_U01	M1_RULE_U01	1	4	A3_RAGGED_DIRECT	425	0.002797230412805392	0.007383	0.043383	0.000495	0.07588	0.542893	4	0	2	0.039943	[220,220,220,220]
V0	2	3	FORMAL_V0_G2_P3_M1_RULE_U01	M1_RULE_U01	2	4	A3_RAGGED_DIRECT	425	0.002797230412805392	0.011119	0.046125	0.000557	0.082966	0.5215	4	0	2	0.033502	[330,330,330,330]
V0	2	3	FORMAL_V0_G2_P3_M1_RULE_U01	M1_RULE_U01	3	4	A3_RAGGED_DIRECT	8	5.265374894692502e-05	0.007079	0.043041	0.000503	0.074723	0.489833	4	0	2	0.038652	[6045,4129,4129,6045]
V0	2	3	FORMAL_V0_G2_P3_M1_RULE_U01	M1_RULE_U01	4	4	A3_RAGGED_DIRECT	13	8.556234203875316e-05	0.007304	0.045583	0.000518	0.078536	0.457363	4	0	1	0.037514	[788,788,788,788]
V0	2	3	FORMAL_V0_G2_P3_M1_RULE_U01	M1_RULE_U01	5	4	A3_RAGGED_DIRECT	434	0.0028564658803706825	0.007285	0.043031	0.000573	0.075259	0.496056	4	0	1	0.036866	[220,220,220,220]
V0	2	3	FORMAL_V0_G2_P3_M1_RULE_U01	M1_RULE_U01	6	4	A3_RAGGED_DIRECT	434	0.0028564658803706825	0.007316	0.045963	0.000569	0.08473	0.491868	4	0	1	0.032947	[16,16,16,20]
V0	2	3	FORMAL_V0_G2_P3_M1_RULE_U01	M1_RULE_U01	7	4	A3_RAGGED_DIRECT	450	0.0029617733782645326	0.007121	0.043658	0.000537	0.085202	0.521782	4	0	2	0.033532	[15,17,17,15]
V0	2	3	FORMAL_V0_G2_P3_M1_RULE_U01	M1_RULE_U01	8	4	A3_RAGGED_DIRECT	450	0.0029617733782645326	0.007348	0.046132	0.000567	0.084022	0.547971	4	0	2	0.038695	[15,198,198,15]
V0	2	3	FORMAL_V0_G2_P3_M1_RULE_U01	M1_RULE_U01	9	4	A3_RAGGED_DIRECT	450	0.0029617733782645326	0.007165	0.043121	0.00055	0.083884	0.550132	4	0	2	0.037319	[15,92,92,345]
V0	2	3	FORMAL_V0_G2_P3_M1_RULE_U01	M1_RULE_U01	10	4	A3_RAGGED_DIRECT	452	0.002974936815501264	0.007311	0.044734	0.0016	0.077382	0.43224	2	2	2	0.018442	[345,151645,151645,220]
V0	2	3	FORMAL_V0_G2_P3_M1_RULE_U01	M1_RULE_U01	11	2	A3_RAGGED_DIRECT	425	0.002797230412805392	0.006351	0.044035	0.000488	0.079644	0.375163	2	0	1	0.019096	[220,null,null,330]
V0	2	3	FORMAL_V0_G2_P3_M1_RULE_U01	M1_RULE_U01	12	2	A3_RAGGED_DIRECT	428	0.0028169755686604887	0.006451	0.045474	0.00059	0.079053	0.423285	2	0	2	0.0191	[330,null,null,1499]
V0	2	3	FORMAL_V0_G2_P3_M1_RULE_U01	M1_RULE_U01	13	2	A3_RAGGED_DIRECT	9	5.923546756529065e-05	0.006356	0.045379	0.000615	0.079224	0.413872	2	0	2	0.021581	[1499,null,null,34710]
V0	2	3	FORMAL_V0_G2_P3_M1_RULE_U01	M1_RULE_U01	14	2	A3_RAGGED_DIRECT	25	0.0001645429654591407	0.006416	0.045511	0.00055	0.079606	0.429833	2	0	2	0.021571	[34710,null,null,788]
V0	2	3	FORMAL_V0_G2_P3_M1_RULE_U01	M1_RULE_U01	15	2	A3_RAGGED_DIRECT	838	0.005515480202190396	0.00661	0.04694	0.000504	0.081401	0.427504	2	0	2	0.019077	[788,null,null,330]
V0	2	3	FORMAL_V0_G2_P3_M1_RULE_U01	M1_RULE_U01	16	2	A0_DENSE_VENDOR	147867	0.9732189869418703	0.00683	0.045563	0.000495	0.078649	0.887108	2	0	0	0.0	[330,null,null,26749]
V0	2	3	FORMAL_V0_G2_P3_M1_RULE_U01	M1_RULE_U01	17	2	A0_DENSE_VENDOR	147137	0.9684143323504634	0.0067	0.043401	0.000525	0.075234	0.943507	2	0	0	0.0	[26749,null,null,756]
V0	2	3	FORMAL_V0_G2_P3_M1_RULE_U01	M1_RULE_U01	18	2	A0_DENSE_VENDOR	147473	0.9706257898062342	0.006708	0.04395	0.000421	0.075788	0.833544	2	0	0	0.0	[756,null,null,220]
V0	2	3	FORMAL_V0_G2_P3_M1_RULE_U01	M1_RULE_U01	19	2	A3_RAGGED_DIRECT	424	0.002790648694187026	0.006597	0.043374	0.000546	0.076391	0.386692	2	0	1	0.019859	[220,null,null,330]
V0	2	3	FORMAL_V0_G2_P3_M1_RULE_U01	M1_RULE_U01	20	2	A3_RAGGED_DIRECT	426	0.0028038121314237574	0.006278	0.043545	0.000552	0.075581	0.423809	2	0	2	0.020812	[330,null,null,983]
V0	2	3	FORMAL_V0_G2_P3_M1_RULE_U01	M1_RULE_U01	21	2	A3_RAGGED_DIRECT	8	5.265374894692502e-05	0.006344	0.042956	0.000559	0.074877	0.430029	2	0	2	0.023445	[983,null,null,34710]
V0	2	3	FORMAL_V0_G2_P3_M1_RULE_U01	M1_RULE_U01	22	2	A3_RAGGED_DIRECT	23	0.00015137952822240943	0.006699	0.048382	0.000557	0.078793	0.423121	2	0	2	0.025638	[34710,null,null,788]
V0	2	3	FORMAL_V0_G2_P3_M1_RULE_U01	M1_RULE_U01	23	2	A3_RAGGED_DIRECT	824	0.005423336141533277	0.00655	0.042861	0.000569	0.07474	0.450937	2	0	2	0.02792	[788,null,null,330]
V0	2	3	FORMAL_V0_G2_P3_M1_RULE_U01	M1_RULE_U01	24	2	A0_DENSE_VENDOR	147788	0.9726990311710194	0.006541	0.043393	0.000483	0.073695	0.871832	2	0	0	0.0	[330,null,null,54738]
V0	2	3	FORMAL_V0_G2_P3_M1_RULE_U01	M1_RULE_U01	25	2	A0_DENSE_VENDOR	147068	0.9679601937657961	0.006521	0.043604	0.000506	0.075872	0.932851	2	0	0	0.0	[54738,null,null,698]
V0	2	3	FORMAL_V0_G2_P3_M1_RULE_U01	M1_RULE_U01	26	2	A0_DENSE_VENDOR	147404	0.970171651221567	0.006568	0.04422	0.000525	0.075796	0.851387	2	0	0	0.0	[698,null,null,92]
V0	2	3	FORMAL_V0_G2_P3_M1_RULE_U01	M1_RULE_U01	27	2	A3_RAGGED_DIRECT	425	0.002797230412805392	0.006693	0.046458	0.000488	0.077597	0.332374	1	1	1	0.011886	[92,null,null,151645]
V0	2	3	FORMAL_V0_G2_P3_M1_RULE_U01	M1_RULE_U01	28	1	A3_RAGGED_DIRECT	1	6.581718618365627e-06	0.005434	0.03997	0.000481	0.06976	0.1776	0	1	0	0.0	[151645,null,null,null]
V0	2	4	FORMAL_V0_G2_P4_B0_STRONG	B0_STRONG	0	4	A0_DENSE_VENDOR			0.0	0.0	0.0	0.0	0.761555	4	0	0	0.0	[515,515,515,515]
V0	2	4	FORMAL_V0_G2_P4_B0_STRONG	B0_STRONG	1	4	A0_DENSE_VENDOR			0.0	0.0	0.0	0.0	0.728924	4	0	0	0.0	[220,220,220,220]
V0	2	4	FORMAL_V0_G2_P4_B0_STRONG	B0_STRONG	2	4	A0_DENSE_VENDOR			0.0	0.0	0.0	0.0	0.724211	4	0	0	0.0	[330,330,330,330]
V0	2	4	FORMAL_V0_G2_P4_B0_STRONG	B0_STRONG	3	4	A0_DENSE_VENDOR			0.0	0.0	0.0	0.0	0.684858	4	0	0	0.0	[6045,4129,4129,6045]
V0	2	4	FORMAL_V0_G2_P4_B0_STRONG	B0_STRONG	4	4	A0_DENSE_VENDOR			0.0	0.0	0.0	0.0	0.689864	4	0	0	0.0	[788,788,788,788]
V0	2	4	FORMAL_V0_G2_P4_B0_STRONG	B0_STRONG	5	4	A0_DENSE_VENDOR			0.0	0.0	0.0	0.0	0.725962	4	0	0	0.0	[220,220,220,220]
V0	2	4	FORMAL_V0_G2_P4_B0_STRONG	B0_STRONG	6	4	A0_DENSE_VENDOR			0.0	0.0	0.0	0.0	0.722443	4	0	0	0.0	[16,16,16,20]
V0	2	4	FORMAL_V0_G2_P4_B0_STRONG	B0_STRONG	7	4	A0_DENSE_VENDOR			0.0	0.0	0.0	0.0	0.732768	4	0	0	0.0	[15,17,17,15]
V0	2	4	FORMAL_V0_G2_P4_B0_STRONG	B0_STRONG	8	4	A0_DENSE_VENDOR			0.0	0.0	0.0	0.0	0.723934	4	0	0	0.0	[15,198,198,15]
V0	2	4	FORMAL_V0_G2_P4_B0_STRONG	B0_STRONG	9	4	A0_DENSE_VENDOR			0.0	0.0	0.0	0.0	0.732729	4	0	0	0.0	[15,92,92,345]
V0	2	4	FORMAL_V0_G2_P4_B0_STRONG	B0_STRONG	10	4	A0_DENSE_VENDOR			0.0	0.0	0.0	0.0	0.707299	2	2	0	0.0	[345,151645,151645,220]
V0	2	4	FORMAL_V0_G2_P4_B0_STRONG	B0_STRONG	11	2	A0_DENSE_VENDOR			0.0	0.0	0.0	0.0	0.69194	2	0	0	0.0	[220,null,null,330]
V0	2	4	FORMAL_V0_G2_P4_B0_STRONG	B0_STRONG	12	2	A0_DENSE_VENDOR			0.0	0.0	0.0	0.0	0.677398	2	0	0	0.0	[330,null,null,1499]
V0	2	4	FORMAL_V0_G2_P4_B0_STRONG	B0_STRONG	13	2	A0_DENSE_VENDOR			0.0	0.0	0.0	0.0	0.665791	2	0	0	0.0	[1499,null,null,34710]
V0	2	4	FORMAL_V0_G2_P4_B0_STRONG	B0_STRONG	14	2	A0_DENSE_VENDOR			0.0	0.0	0.0	0.0	0.672918	2	0	0	0.0	[34710,null,null,788]
V0	2	4	FORMAL_V0_G2_P4_B0_STRONG	B0_STRONG	15	2	A0_DENSE_VENDOR			0.0	0.0	0.0	0.0	0.687754	2	0	0	0.0	[788,null,null,330]
V0	2	4	FORMAL_V0_G2_P4_B0_STRONG	B0_STRONG	16	2	A0_DENSE_VENDOR			0.0	0.0	0.0	0.0	0.804849	2	0	0	0.0	[330,null,null,26749]
V0	2	4	FORMAL_V0_G2_P4_B0_STRONG	B0_STRONG	17	2	A0_DENSE_VENDOR			0.0	0.0	0.0	0.0	0.870191	2	0	0	0.0	[26749,null,null,756]
V0	2	4	FORMAL_V0_G2_P4_B0_STRONG	B0_STRONG	18	2	A0_DENSE_VENDOR			0.0	0.0	0.0	0.0	0.775249	2	0	0	0.0	[756,null,null,220]
V0	2	4	FORMAL_V0_G2_P4_B0_STRONG	B0_STRONG	19	2	A0_DENSE_VENDOR			0.0	0.0	0.0	0.0	0.689194	2	0	0	0.0	[220,null,null,330]
V0	2	4	FORMAL_V0_G2_P4_B0_STRONG	B0_STRONG	20	2	A0_DENSE_VENDOR			0.0	0.0	0.0	0.0	0.682772	2	0	0	0.0	[330,null,null,983]
V0	2	4	FORMAL_V0_G2_P4_B0_STRONG	B0_STRONG	21	2	A0_DENSE_VENDOR			0.0	0.0	0.0	0.0	0.677381	2	0	0	0.0	[983,null,null,34710]
V0	2	4	FORMAL_V0_G2_P4_B0_STRONG	B0_STRONG	22	2	A0_DENSE_VENDOR			0.0	0.0	0.0	0.0	0.671683	2	0	0	0.0	[34710,null,null,788]
V0	2	4	FORMAL_V0_G2_P4_B0_STRONG	B0_STRONG	23	2	A0_DENSE_VENDOR			0.0	0.0	0.0	0.0	0.694705	2	0	0	0.0	[788,null,null,330]
V0	2	4	FORMAL_V0_G2_P4_B0_STRONG	B0_STRONG	24	2	A0_DENSE_VENDOR			0.0	0.0	0.0	0.0	0.776565	2	0	0	0.0	[330,null,null,54738]
V0	2	4	FORMAL_V0_G2_P4_B0_STRONG	B0_STRONG	25	2	A0_DENSE_VENDOR			0.0	0.0	0.0	0.0	0.867429	2	0	0	0.0	[54738,null,null,698]
V0	2	4	FORMAL_V0_G2_P4_B0_STRONG	B0_STRONG	26	2	A0_DENSE_VENDOR			0.0	0.0	0.0	0.0	0.774276	2	0	0	0.0	[698,null,null,92]
V0	2	4	FORMAL_V0_G2_P4_B0_STRONG	B0_STRONG	27	2	A0_DENSE_VENDOR			0.0	0.0	0.0	0.0	0.672111	1	1	0	0.0	[92,null,null,151645]
V0	2	4	FORMAL_V0_G2_P4_B0_STRONG	B0_STRONG	28	1	A0_DENSE_VENDOR			0.0	0.0	0.0	0.0	0.123092	0	1	0	0.0	[151645,null,null,null]
V0	2	4	FORMAL_V0_G2_P4_M1_RULE_U01	M1_RULE_U01	0	4	A3_RAGGED_DIRECT	7	4.6072030328559395e-05	0.008846	0.049594	0.000575	0.083166	0.499482	4	0	1	0.050068	[515,515,515,515]
V0	2	4	FORMAL_V0_G2_P4_M1_RULE_U01	M1_RULE_U01	1	4	A3_RAGGED_DIRECT	425	0.002797230412805392	0.011233	0.044192	0.00051	0.085117	0.542369	4	0	2	0.033969	[220,220,220,220]
V0	2	4	FORMAL_V0_G2_P4_M1_RULE_U01	M1_RULE_U01	2	4	A3_RAGGED_DIRECT	425	0.002797230412805392	0.007534	0.043315	0.00063	0.082582	0.54272	4	0	2	0.039277	[330,330,330,330]
V0	2	4	FORMAL_V0_G2_P4_M1_RULE_U01	M1_RULE_U01	3	4	A3_RAGGED_DIRECT	8	5.265374894692502e-05	0.007354	0.041724	0.000535	0.081917	0.485259	4	0	2	0.03315	[6045,4129,4129,6045]
V0	2	4	FORMAL_V0_G2_P4_M1_RULE_U01	M1_RULE_U01	4	4	A3_RAGGED_DIRECT	13	8.556234203875316e-05	0.00755	0.044686	0.000535	0.081613	0.466095	4	0	1	0.039772	[788,788,788,788]
V0	2	4	FORMAL_V0_G2_P4_M1_RULE_U01	M1_RULE_U01	5	4	A3_RAGGED_DIRECT	434	0.0028564658803706825	0.007165	0.043213	0.000535	0.074893	0.472544	4	0	1	0.03764	[220,220,220,220]
V0	2	4	FORMAL_V0_G2_P4_M1_RULE_U01	M1_RULE_U01	6	4	A3_RAGGED_DIRECT	434	0.0028564658803706825	0.007669	0.043221	0.000538	0.077182	0.496399	4	0	1	0.036306	[16,16,16,20]
V0	2	4	FORMAL_V0_G2_P4_M1_RULE_U01	M1_RULE_U01	7	4	A3_RAGGED_DIRECT	450	0.0029617733782645326	0.007235	0.04392	0.000576	0.083416	0.547438	4	0	2	0.038908	[15,17,17,15]
V0	2	4	FORMAL_V0_G2_P4_M1_RULE_U01	M1_RULE_U01	8	4	A3_RAGGED_DIRECT	450	0.0029617733782645326	0.007398	0.045583	0.000486	0.077201	0.507552	4	0	2	0.033551	[15,198,198,15]
V0	2	4	FORMAL_V0_G2_P4_M1_RULE_U01	M1_RULE_U01	9	4	A3_RAGGED_DIRECT	450	0.0029617733782645326	0.007068	0.043013	0.00057	0.084297	0.540256	4	0	2	0.033481	[15,92,92,345]
V0	2	4	FORMAL_V0_G2_P4_M1_RULE_U01	M1_RULE_U01	10	4	A3_RAGGED_DIRECT	452	0.002974936815501264	0.007338	0.044513	0.000567	0.076673	0.439185	2	2	2	0.019049	[345,151645,151645,220]
V0	2	4	FORMAL_V0_G2_P4_M1_RULE_U01	M1_RULE_U01	11	2	A3_RAGGED_DIRECT	425	0.002797230412805392	0.006413	0.045238	0.0006	0.081145	0.394871	2	0	1	0.019115	[220,null,null,330]
V0	2	4	FORMAL_V0_G2_P4_M1_RULE_U01	M1_RULE_U01	12	2	A3_RAGGED_DIRECT	428	0.0028169755686604887	0.006606	0.044377	0.000474	0.078229	0.404305	2	0	2	0.018779	[330,null,null,1499]
V0	2	4	FORMAL_V0_G2_P4_M1_RULE_U01	M1_RULE_U01	13	2	A3_RAGGED_DIRECT	9	5.923546756529065e-05	0.006302	0.044864	0.000547	0.078778	0.415694	2	0	2	0.021601	[1499,null,null,34710]
V0	2	4	FORMAL_V0_G2_P4_M1_RULE_U01	M1_RULE_U01	14	2	A3_RAGGED_DIRECT	25	0.0001645429654591407	0.006405	0.044496	0.000537	0.079113	0.426382	2	0	2	0.021843	[34710,null,null,788]
V0	2	4	FORMAL_V0_G2_P4_M1_RULE_U01	M1_RULE_U01	15	2	A3_RAGGED_DIRECT	838	0.005515480202190396	0.006621	0.044622	0.000549	0.075429	0.425938	2	0	2	0.022253	[788,null,null,330]
V0	2	4	FORMAL_V0_G2_P4_M1_RULE_U01	M1_RULE_U01	16	2	A0_DENSE_VENDOR	147867	0.9732189869418703	0.006665	0.040987	0.000506	0.071314	0.868121	2	0	0	0.0	[330,null,null,26749]
V0	2	4	FORMAL_V0_G2_P4_M1_RULE_U01	M1_RULE_U01	17	2	A0_DENSE_VENDOR	147137	0.9684143323504634	0.006744	0.043301	0.000517	0.075582	0.929065	2	0	0	0.0	[26749,null,null,756]
V0	2	4	FORMAL_V0_G2_P4_M1_RULE_U01	M1_RULE_U01	18	2	A0_DENSE_VENDOR	147473	0.9706257898062342	0.006509	0.045102	0.000442	0.076131	0.828819	2	0	0	0.0	[756,null,null,220]
V0	2	4	FORMAL_V0_G2_P4_M1_RULE_U01	M1_RULE_U01	19	2	A3_RAGGED_DIRECT	424	0.002790648694187026	0.006542	0.044734	0.000538	0.077659	0.39858	2	0	1	0.020368	[220,null,null,330]
V0	2	4	FORMAL_V0_G2_P4_M1_RULE_U01	M1_RULE_U01	20	2	A3_RAGGED_DIRECT	426	0.0028038121314237574	0.006415	0.042944	0.000554	0.07458	0.426978	2	0	2	0.020272	[330,null,null,983]
V0	2	4	FORMAL_V0_G2_P4_M1_RULE_U01	M1_RULE_U01	21	2	A3_RAGGED_DIRECT	8	5.265374894692502e-05	0.006491	0.043656	0.000511	0.075484	0.423072	2	0	2	0.022321	[983,null,null,34710]
V0	2	4	FORMAL_V0_G2_P4_M1_RULE_U01	M1_RULE_U01	22	2	A3_RAGGED_DIRECT	23	0.00015137952822240943	0.007324	0.045854	0.000558	0.07882	0.451532	2	0	2	0.022192	[34710,null,null,788]
V0	2	4	FORMAL_V0_G2_P4_M1_RULE_U01	M1_RULE_U01	23	2	A3_RAGGED_DIRECT	824	0.005423336141533277	0.007101	0.044471	0.000551	0.077921	0.450403	2	0	2	0.019544	[788,null,null,330]
V0	2	4	FORMAL_V0_G2_P4_M1_RULE_U01	M1_RULE_U01	24	2	A0_DENSE_VENDOR	147788	0.9726990311710194	0.00658	0.042916	0.000505	0.073346	0.862233	2	0	0	0.0	[330,null,null,54738]
V0	2	4	FORMAL_V0_G2_P4_M1_RULE_U01	M1_RULE_U01	25	2	A0_DENSE_VENDOR	147068	0.9679601937657961	0.006727	0.043444	0.000506	0.076073	0.917103	2	0	0	0.0	[54738,null,null,698]
V0	2	4	FORMAL_V0_G2_P4_M1_RULE_U01	M1_RULE_U01	26	2	A0_DENSE_VENDOR	147404	0.970171651221567	0.006623	0.0458	0.000426	0.077562	0.825072	2	0	0	0.0	[698,null,null,92]
V0	2	4	FORMAL_V0_G2_P4_M1_RULE_U01	M1_RULE_U01	27	2	A3_RAGGED_DIRECT	425	0.002797230412805392	0.006461	0.044924	0.000563	0.07555	0.341142	1	1	1	0.011488	[92,null,null,151645]
V0	2	4	FORMAL_V0_G2_P4_M1_RULE_U01	M1_RULE_U01	28	1	A3_RAGGED_DIRECT	1	6.581718618365627e-06	0.005532	0.040055	0.000459	0.069355	0.175627	0	1	0	0.0	[151645,null,null,null]
V1	0	0	FORMAL_V1_G0_P0_B0_STRONG	B0_STRONG	0	4	A0_DENSE_VENDOR			0.0	0.0	0.0	0.0	1.61405	4	0	0	0.0	[515,515,515,515]
V1	0	0	FORMAL_V1_G0_P0_B0_STRONG	B0_STRONG	1	4	A0_DENSE_VENDOR			0.0	0.0	0.0	0.0	0.736688	4	0	0	0.0	[220,220,220,220]
V1	0	0	FORMAL_V1_G0_P0_B0_STRONG	B0_STRONG	2	4	A0_DENSE_VENDOR			0.0	0.0	0.0	0.0	0.72691	4	0	0	0.0	[330,330,330,330]
V1	0	0	FORMAL_V1_G0_P0_B0_STRONG	B0_STRONG	3	4	A0_DENSE_VENDOR			0.0	0.0	0.0	0.0	0.68055	4	0	0	0.0	[4129,4129,29642,5113]
V1	0	0	FORMAL_V1_G0_P0_B0_STRONG	B0_STRONG	4	4	A0_DENSE_VENDOR			0.0	0.0	0.0	0.0	0.694966	4	0	0	0.0	[788,788,258,788]
V1	0	0	FORMAL_V1_G0_P0_B0_STRONG	B0_STRONG	5	4	A0_DENSE_VENDOR			0.0	0.0	0.0	0.0	0.720321	3	1	0	0.0	[220,220,70,330]
V1	0	0	FORMAL_V1_G0_P0_B0_STRONG	B0_STRONG	6	4	A0_DENSE_VENDOR			0.0	0.0	0.0	0.0	0.892383	4	0	0	0.0	[16,16,6744,13079]
V1	0	0	FORMAL_V1_G0_P0_B0_STRONG	B0_STRONG	7	4	A0_DENSE_VENDOR			0.0	0.0	0.0	0.0	0.822514	4	0	0	0.0	[17,17,788,35]
V1	0	0	FORMAL_V1_G0_P0_B0_STRONG	B0_STRONG	8	4	A0_DENSE_VENDOR			0.0	0.0	0.0	0.0	0.841805	4	0	0	0.0	[198,198,330,4644]
V1	0	0	FORMAL_V1_G0_P0_B0_STRONG	B0_STRONG	9	4	A0_DENSE_VENDOR			0.0	0.0	0.0	0.0	0.876179	4	0	0	0.0	[92,92,16,16]
V1	0	0	FORMAL_V1_G0_P0_B0_STRONG	B0_STRONG	10	4	A0_DENSE_VENDOR			0.0	0.0	0.0	0.0	0.869821	2	2	0	0.0	[151645,151645,17,17]
V1	0	0	FORMAL_V1_G0_P0_B0_STRONG	B0_STRONG	11	2	A0_DENSE_VENDOR			0.0	0.0	0.0	0.0	0.843723	2	0	0	0.0	[null,null,18,18]
V1	0	0	FORMAL_V1_G0_P0_B0_STRONG	B0_STRONG	12	2	A0_DENSE_VENDOR			0.0	0.0	0.0	0.0	0.853062	2	0	0	0.0	[null,null,4697,698]
V1	0	0	FORMAL_V1_G0_P0_B0_STRONG	B0_STRONG	13	2	A0_DENSE_VENDOR			0.0	0.0	0.0	0.0	0.784248	2	0	0	0.0	[null,null,794,92]
V1	0	0	FORMAL_V1_G0_P0_B0_STRONG	B0_STRONG	14	2	A0_DENSE_VENDOR			0.0	0.0	0.0	0.0	0.762735	1	1	0	0.0	[null,null,11,151645]
V1	0	0	FORMAL_V1_G0_P0_B0_STRONG	B0_STRONG	15	1	A0_DENSE_VENDOR			0.0	0.0	0.0	0.0	0.748157	1	0	0	0.0	[null,null,5765,null]
V1	0	0	FORMAL_V1_G0_P0_B0_STRONG	B0_STRONG	16	1	A0_DENSE_VENDOR			0.0	0.0	0.0	0.0	0.746447	1	0	0	0.0	[null,null,27831,null]
V1	0	0	FORMAL_V1_G0_P0_B0_STRONG	B0_STRONG	17	1	A0_DENSE_VENDOR			0.0	0.0	0.0	0.0	0.751522	1	0	0	0.0	[null,null,11,null]
V1	0	0	FORMAL_V1_G0_P0_B0_STRONG	B0_STRONG	18	1	A0_DENSE_VENDOR			0.0	0.0	0.0	0.0	0.740822	1	0	0	0.0	[null,null,7279,null]
V1	0	0	FORMAL_V1_G0_P0_B0_STRONG	B0_STRONG	19	1	A0_DENSE_VENDOR			0.0	0.0	0.0	0.0	0.738574	1	0	0	0.0	[null,null,756,null]
V1	0	0	FORMAL_V1_G0_P0_B0_STRONG	B0_STRONG	20	1	A0_DENSE_VENDOR			0.0	0.0	0.0	0.0	0.663305	1	0	0	0.0	[null,null,220,null]
V1	0	0	FORMAL_V1_G0_P0_B0_STRONG	B0_STRONG	21	1	A0_DENSE_VENDOR			0.0	0.0	0.0	0.0	0.664499	1	0	0	0.0	[null,null,330,null]
V1	0	0	FORMAL_V1_G0_P0_B0_STRONG	B0_STRONG	22	1	A0_DENSE_VENDOR			0.0	0.0	0.0	0.0	0.65237	1	0	0	0.0	[null,null,11049,null]
V1	0	0	FORMAL_V1_G0_P0_B0_STRONG	B0_STRONG	23	1	A0_DENSE_VENDOR			0.0	0.0	0.0	0.0	0.64822	1	0	0	0.0	[null,null,1269,null]
V1	0	0	FORMAL_V1_G0_P0_B0_STRONG	B0_STRONG	24	1	A0_DENSE_VENDOR			0.0	0.0	0.0	0.0	0.651772	1	0	0	0.0	[null,null,788,null]
V1	0	0	FORMAL_V1_G0_P0_B0_STRONG	B0_STRONG	25	1	A0_DENSE_VENDOR			0.0	0.0	0.0	0.0	0.672253	1	0	0	0.0	[null,null,330,null]
V1	0	0	FORMAL_V1_G0_P0_B0_STRONG	B0_STRONG	26	1	A0_DENSE_VENDOR			0.0	0.0	0.0	0.0	0.757996	1	0	0	0.0	[null,null,13079,null]
V1	0	0	FORMAL_V1_G0_P0_B0_STRONG	B0_STRONG	27	1	A0_DENSE_VENDOR			0.0	0.0	0.0	0.0	0.760926	1	0	0	0.0	[null,null,49628,null]
V1	0	0	FORMAL_V1_G0_P0_B0_STRONG	B0_STRONG	28	1	A0_DENSE_VENDOR			0.0	0.0	0.0	0.0	0.738491	1	0	0	0.0	[null,null,756,null]
V1	0	0	FORMAL_V1_G0_P0_B0_STRONG	B0_STRONG	29	1	A0_DENSE_VENDOR			0.0	0.0	0.0	0.0	0.663604	1	0	0	0.0	[null,null,220,null]
V1	0	0	FORMAL_V1_G0_P0_B0_STRONG	B0_STRONG	30	1	A0_DENSE_VENDOR			0.0	0.0	0.0	0.0	0.662754	1	0	0	0.0	[null,null,330,null]
V1	0	0	FORMAL_V1_G0_P0_B0_STRONG	B0_STRONG	31	1	A0_DENSE_VENDOR			0.0	0.0	0.0	0.0	0.653676	1	0	0	0.0	[null,null,3615,null]
V1	0	0	FORMAL_V1_G0_P0_B0_STRONG	B0_STRONG	32	1	A0_DENSE_VENDOR			0.0	0.0	0.0	0.0	0.652727	1	0	0	0.0	[null,null,788,null]
V1	0	0	FORMAL_V1_G0_P0_B0_STRONG	B0_STRONG	33	1	A0_DENSE_VENDOR			0.0	0.0	0.0	0.0	0.669091	1	0	0	0.0	[null,null,2278,null]
V1	0	0	FORMAL_V1_G0_P0_B0_STRONG	B0_STRONG	34	1	A0_DENSE_VENDOR			0.0	0.0	0.0	0.0	0.662861	1	0	0	0.0	[null,null,262,null]
V1	0	0	FORMAL_V1_G0_P0_B0_STRONG	B0_STRONG	35	1	A0_DENSE_VENDOR			0.0	0.0	0.0	0.0	0.664311	1	0	0	0.0	[null,null,341,null]
V1	0	0	FORMAL_V1_G0_P0_B0_STRONG	B0_STRONG	36	1	A0_DENSE_VENDOR			0.0	0.0	0.0	0.0	0.658149	1	0	0	0.0	[null,null,414,null]
V1	0	0	FORMAL_V1_G0_P0_B0_STRONG	B0_STRONG	37	1	A0_DENSE_VENDOR			0.0	0.0	0.0	0.0	0.662095	1	0	0	0.0	[null,null,330,null]
V1	0	0	FORMAL_V1_G0_P0_B0_STRONG	B0_STRONG	38	1	A0_DENSE_VENDOR			0.0	0.0	0.0	0.0	0.646598	1	0	0	0.0	[null,null,6555,null]
V1	0	0	FORMAL_V1_G0_P0_B0_STRONG	B0_STRONG	39	1	A0_DENSE_VENDOR			0.0	0.0	0.0	0.0	0.648623	1	0	0	0.0	[null,null,788,null]
V1	0	0	FORMAL_V1_G0_P0_B0_STRONG	B0_STRONG	40	1	A0_DENSE_VENDOR			0.0	0.0	0.0	0.0	0.658799	1	0	0	0.0	[null,null,220,null]
V1	0	0	FORMAL_V1_G0_P0_B0_STRONG	B0_STRONG	41	1	A0_DENSE_VENDOR			0.0	0.0	0.0	0.0	0.655448	1	0	0	0.0	[null,null,16,null]
V1	0	0	FORMAL_V1_G0_P0_B0_STRONG	B0_STRONG	42	1	A0_DENSE_VENDOR			0.0	0.0	0.0	0.0	0.659771	1	0	0	0.0	[null,null,15,null]
V1	0	0	FORMAL_V1_G0_P0_B0_STRONG	B0_STRONG	43	1	A0_DENSE_VENDOR			0.0	0.0	0.0	0.0	0.660714	1	0	0	0.0	[null,null,345,null]
V1	0	0	FORMAL_V1_G0_P0_B0_STRONG	B0_STRONG	44	1	A0_DENSE_VENDOR			0.0	0.0	0.0	0.0	0.65392	1	0	0	0.0	[null,null,414,null]
V1	0	0	FORMAL_V1_G0_P0_B0_STRONG	B0_STRONG	45	1	A0_DENSE_VENDOR			0.0	0.0	0.0	0.0	0.659233	1	0	0	0.0	[null,null,330,null]
V1	0	0	FORMAL_V1_G0_P0_B0_STRONG	B0_STRONG	46	1	A0_DENSE_VENDOR			0.0	0.0	0.0	0.0	0.649212	1	0	0	0.0	[null,null,3031,null]
V1	0	0	FORMAL_V1_G0_P0_B0_STRONG	B0_STRONG	47	1	A0_DENSE_VENDOR			0.0	0.0	0.0	0.0	0.652057	1	0	0	0.0	[null,null,1269,null]
V1	0	0	FORMAL_V1_G0_P0_B0_STRONG	B0_STRONG	48	1	A0_DENSE_VENDOR			0.0	0.0	0.0	0.0	0.65211	1	0	0	0.0	[null,null,788,null]
V1	0	0	FORMAL_V1_G0_P0_B0_STRONG	B0_STRONG	49	1	A0_DENSE_VENDOR			0.0	0.0	0.0	0.0	0.67049	1	0	0	0.0	[null,null,330,null]
V1	0	0	FORMAL_V1_G0_P0_B0_STRONG	B0_STRONG	50	1	A0_DENSE_VENDOR			0.0	0.0	0.0	0.0	0.76229	1	0	0	0.0	[null,null,4816,null]
V1	0	0	FORMAL_V1_G0_P0_B0_STRONG	B0_STRONG	51	1	A0_DENSE_VENDOR			0.0	0.0	0.0	0.0	0.755085	1	0	0	0.0	[null,null,362,null]
V1	0	0	FORMAL_V1_G0_P0_B0_STRONG	B0_STRONG	52	1	A0_DENSE_VENDOR			0.0	0.0	0.0	0.0	0.757978	1	0	0	0.0	[null,null,756,null]
V1	0	0	FORMAL_V1_G0_P0_B0_STRONG	B0_STRONG	53	1	A0_DENSE_VENDOR			0.0	0.0	0.0	0.0	0.671643	1	0	0	0.0	[null,null,414,null]
V1	0	0	FORMAL_V1_G0_P0_B0_STRONG	B0_STRONG	54	1	A0_DENSE_VENDOR			0.0	0.0	0.0	0.0	0.666826	1	0	0	0.0	[null,null,330,null]
V1	0	0	FORMAL_V1_G0_P0_B0_STRONG	B0_STRONG	55	1	A0_DENSE_VENDOR			0.0	0.0	0.0	0.0	0.66024	1	0	0	0.0	[null,null,13523,null]
V1	0	0	FORMAL_V1_G0_P0_B0_STRONG	B0_STRONG	56	1	A0_DENSE_VENDOR			0.0	0.0	0.0	0.0	0.659588	1	0	0	0.0	[null,null,788,null]
V1	0	0	FORMAL_V1_G0_P0_B0_STRONG	B0_STRONG	57	1	A0_DENSE_VENDOR			0.0	0.0	0.0	0.0	0.663146	1	0	0	0.0	[null,null,220,null]
V1	0	0	FORMAL_V1_G0_P0_B0_STRONG	B0_STRONG	58	1	A0_DENSE_VENDOR			0.0	0.0	0.0	0.0	0.666343	1	0	0	0.0	[null,null,17,null]
V1	0	0	FORMAL_V1_G0_P0_B0_STRONG	B0_STRONG	59	1	A0_DENSE_VENDOR			0.0	0.0	0.0	0.0	0.664487	1	0	0	0.0	[null,null,198,null]
V1	0	0	FORMAL_V1_G0_P0_B0_STRONG	B0_STRONG	60	1	A0_DENSE_VENDOR			0.0	0.0	0.0	0.0	0.663653	1	0	0	0.0	[null,null,262,null]
V1	0	0	FORMAL_V1_G0_P0_B0_STRONG	B0_STRONG	61	1	A0_DENSE_VENDOR			0.0	0.0	0.0	0.0	0.66649	1	0	0	0.0	[null,null,1153,null]
V1	0	0	FORMAL_V1_G0_P0_B0_STRONG	B0_STRONG	62	1	A0_DENSE_VENDOR			0.0	0.0	0.0	0.0	0.661415	1	0	0	0.0	[null,null,262,null]
V1	0	0	FORMAL_V1_G0_P0_B0_STRONG	B0_STRONG	63	1	A0_DENSE_VENDOR			0.0	0.0	0.0	0.0	0.659249	1	0	0	0.0	[null,null,341,null]
V1	0	0	FORMAL_V1_G0_P0_B0_STRONG	B0_STRONG	64	1	A0_DENSE_VENDOR			0.0	0.0	0.0	0.0	0.66017	1	0	0	0.0	[null,null,414,null]
V1	0	0	FORMAL_V1_G0_P0_B0_STRONG	B0_STRONG	65	1	A0_DENSE_VENDOR			0.0	0.0	0.0	0.0	0.668167	1	0	0	0.0	[null,null,330,null]
V1	0	0	FORMAL_V1_G0_P0_B0_STRONG	B0_STRONG	66	1	A0_DENSE_VENDOR			0.0	0.0	0.0	0.0	0.654124	1	0	0	0.0	[null,null,6555,null]
V1	0	0	FORMAL_V1_G0_P0_B0_STRONG	B0_STRONG	67	1	A0_DENSE_VENDOR			0.0	0.0	0.0	0.0	0.65884	1	0	0	0.0	[null,null,788,null]
V1	0	0	FORMAL_V1_G0_P0_B0_STRONG	B0_STRONG	68	1	A0_DENSE_VENDOR			0.0	0.0	0.0	0.0	0.664235	1	0	0	0.0	[null,null,220,null]
V1	0	0	FORMAL_V1_G0_P0_B0_STRONG	B0_STRONG	69	1	A0_DENSE_VENDOR			0.0	0.0	0.0	0.0	0.667692	1	0	0	0.0	[null,null,17,null]
V1	0	0	FORMAL_V1_G0_P0_B0_STRONG	B0_STRONG	70	1	A0_DENSE_VENDOR			0.0	0.0	0.0	0.0	0.665653	1	0	0	0.0	[null,null,15,null]
V1	0	0	FORMAL_V1_G0_P0_B0_STRONG	B0_STRONG	71	1	A0_DENSE_VENDOR			0.0	0.0	0.0	0.0	0.666835	1	0	0	0.0	[null,null,345,null]
V1	0	0	FORMAL_V1_G0_P0_B0_STRONG	B0_STRONG	72	1	A0_DENSE_VENDOR			0.0	0.0	0.0	0.0	0.665877	1	0	0	0.0	[null,null,414,null]
V1	0	0	FORMAL_V1_G0_P0_B0_STRONG	B0_STRONG	73	1	A0_DENSE_VENDOR			0.0	0.0	0.0	0.0	0.657332	1	0	0	0.0	[null,null,330,null]
V1	0	0	FORMAL_V1_G0_P0_B0_STRONG	B0_STRONG	74	1	A0_DENSE_VENDOR			0.0	0.0	0.0	0.0	0.647563	1	0	0	0.0	[null,null,3031,null]
V1	0	0	FORMAL_V1_G0_P0_B0_STRONG	B0_STRONG	75	1	A0_DENSE_VENDOR			0.0	0.0	0.0	0.0	0.64733	1	0	0	0.0	[null,null,1269,null]
V1	0	0	FORMAL_V1_G0_P0_B0_STRONG	B0_STRONG	76	1	A0_DENSE_VENDOR			0.0	0.0	0.0	0.0	0.653243	1	0	0	0.0	[null,null,788,null]
V1	0	0	FORMAL_V1_G0_P0_B0_STRONG	B0_STRONG	77	1	A0_DENSE_VENDOR			0.0	0.0	0.0	0.0	0.66759	1	0	0	0.0	[null,null,330,null]
V1	0	0	FORMAL_V1_G0_P0_B0_STRONG	B0_STRONG	78	1	A0_DENSE_VENDOR			0.0	0.0	0.0	0.0	0.749752	1	0	0	0.0	[null,null,4816,null]
V1	0	0	FORMAL_V1_G0_P0_B0_STRONG	B0_STRONG	79	1	A0_DENSE_VENDOR			0.0	0.0	0.0	0.0	0.748714	1	0	0	0.0	[null,null,425,null]
V1	0	0	FORMAL_V1_G0_P0_B0_STRONG	B0_STRONG	80	1	A0_DENSE_VENDOR			0.0	0.0	0.0	0.0	0.748982	1	0	0	0.0	[null,null,756,null]
V1	0	0	FORMAL_V1_G0_P0_B0_STRONG	B0_STRONG	81	1	A0_DENSE_VENDOR			0.0	0.0	0.0	0.0	0.663857	1	0	0	0.0	[null,null,414,null]
V1	0	0	FORMAL_V1_G0_P0_B0_STRONG	B0_STRONG	82	1	A0_DENSE_VENDOR			0.0	0.0	0.0	0.0	0.673831	1	0	0	0.0	[null,null,330,null]
V1	0	0	FORMAL_V1_G0_P0_B0_STRONG	B0_STRONG	83	1	A0_DENSE_VENDOR			0.0	0.0	0.0	0.0	0.656764	1	0	0	0.0	[null,null,13523,null]
V1	0	0	FORMAL_V1_G0_P0_B0_STRONG	B0_STRONG	84	1	A0_DENSE_VENDOR			0.0	0.0	0.0	0.0	0.656559	1	0	0	0.0	[null,null,788,null]
V1	0	0	FORMAL_V1_G0_P0_B0_STRONG	B0_STRONG	85	1	A0_DENSE_VENDOR			0.0	0.0	0.0	0.0	0.663363	1	0	0	0.0	[null,null,220,null]
V1	0	0	FORMAL_V1_G0_P0_B0_STRONG	B0_STRONG	86	1	A0_DENSE_VENDOR			0.0	0.0	0.0	0.0	0.660408	1	0	0	0.0	[null,null,18,null]
V1	0	0	FORMAL_V1_G0_P0_B0_STRONG	B0_STRONG	87	1	A0_DENSE_VENDOR			0.0	0.0	0.0	0.0	0.662425	1	0	0	0.0	[null,null,198,null]
V1	0	0	FORMAL_V1_G0_P0_B0_STRONG	B0_STRONG	88	1	A0_DENSE_VENDOR			0.0	0.0	0.0	0.0	0.662612	1	0	0	0.0	[null,null,262,null]
V1	0	0	FORMAL_V1_G0_P0_B0_STRONG	B0_STRONG	89	1	A0_DENSE_VENDOR			0.0	0.0	0.0	0.0	0.671214	1	0	0	0.0	[null,null,456,null]
V1	0	0	FORMAL_V1_G0_P0_B0_STRONG	B0_STRONG	90	1	A0_DENSE_VENDOR			0.0	0.0	0.0	0.0	0.670276	1	0	0	0.0	[null,null,220,null]
V1	0	0	FORMAL_V1_G0_P0_B0_STRONG	B0_STRONG	91	1	A0_DENSE_VENDOR			0.0	0.0	0.0	0.0	0.663453	1	0	0	0.0	[null,null,5133,null]
V1	0	0	FORMAL_V1_G0_P0_B0_STRONG	B0_STRONG	92	1	A0_DENSE_VENDOR			0.0	0.0	0.0	0.0	0.66195	1	0	0	0.0	[null,null,92,null]
V1	0	0	FORMAL_V1_G0_P0_B0_STRONG	B0_STRONG	93	1	A0_DENSE_VENDOR			0.0	0.0	0.0	0.0	0.123948	0	1	0	0.0	[null,null,151645,null]
V1	0	0	FORMAL_V1_G0_P0_M1_RULE_U01	M1_RULE_U01	0	4	A3_RAGGED_DIRECT	7	4.6072030328559395e-05	0.009919	0.050116	0.000691	0.085115	1.281118	4	0	1	0.044229	[515,515,515,515]
V1	0	0	FORMAL_V1_G0_P0_M1_RULE_U01	M1_RULE_U01	1	4	A3_RAGGED_DIRECT	426	0.0028038121314237574	0.007277	0.043851	0.000498	0.080773	0.540764	4	0	2	0.033237	[220,220,220,220]
V1	0	0	FORMAL_V1_G0_P0_M1_RULE_U01	M1_RULE_U01	2	4	A3_RAGGED_DIRECT	426	0.0028038121314237574	0.007497	0.045742	0.000558	0.083874	0.525764	4	0	2	0.033164	[330,330,330,330]
V1	0	0	FORMAL_V1_G0_P0_M1_RULE_U01	M1_RULE_U01	3	4	A3_RAGGED_DIRECT	14	9.214406065711879e-05	0.007029	0.042701	0.000538	0.080414	0.508817	4	0	3	0.033706	[4129,4129,29642,5113]
V1	0	0	FORMAL_V1_G0_P0_M1_RULE_U01	M1_RULE_U01	4	4	A3_RAGGED_DIRECT	21	0.00013821609098567817	0.007429	0.045821	0.000564	0.075254	0.547884	4	0	3	0.038994	[788,788,258,788]
V1	0	0	FORMAL_V1_G0_P0_M1_RULE_U01	M1_RULE_U01	5	4	A3_RAGGED_DIRECT	823	0.005416754422914912	0.007417	0.040895	0.000489	0.082542	0.483319	3	1	2	0.026176	[220,220,70,330]
V1	0	0	FORMAL_V1_G0_P0_M1_RULE_U01	M1_RULE_U01	6	4	A0_DENSE_VENDOR	147404	0.970171651221567	0.007383	0.044951	0.000452	0.078677	0.884453	4	0	0	0.0	[16,16,6744,13079]
V1	0	0	FORMAL_V1_G0_P0_M1_RULE_U01	M1_RULE_U01	7	4	A0_DENSE_VENDOR	147415	0.970244050126369	0.007296	0.042346	0.000473	0.077304	0.862089	4	0	0	0.0	[17,17,788,35]
V1	0	0	FORMAL_V1_G0_P0_M1_RULE_U01	M1_RULE_U01	8	4	A0_DENSE_VENDOR	147800	0.9727780117944398	0.007385	0.044809	0.000451	0.078421	0.877229	4	0	0	0.0	[198,198,330,4644]
V1	0	0	FORMAL_V1_G0_P0_M1_RULE_U01	M1_RULE_U01	9	4	A0_DENSE_VENDOR	147475	0.9706389532434709	0.007303	0.044388	0.000453	0.07822	0.955097	4	0	0	0.0	[92,92,16,16]
V1	0	0	FORMAL_V1_G0_P0_M1_RULE_U01	M1_RULE_U01	10	4	A0_DENSE_VENDOR	147140	0.9684340775063185	0.007519	0.044557	0.000438	0.077394	0.93595	2	2	0	0.0	[151645,151645,17,17]
V1	0	0	FORMAL_V1_G0_P0_M1_RULE_U01	M1_RULE_U01	11	2	A0_DENSE_VENDOR	147139	0.9684274957877	0.006925	0.044635	0.00044	0.079542	0.919412	2	0	0	0.0	[null,null,18,18]
V1	0	0	FORMAL_V1_G0_P0_M1_RULE_U01	M1_RULE_U01	12	2	A0_DENSE_VENDOR	147139	0.9684274957877	0.006549	0.043853	0.000449	0.077135	0.923623	2	0	0	0.0	[null,null,4697,698]
V1	0	0	FORMAL_V1_G0_P0_M1_RULE_U01	M1_RULE_U01	13	2	A0_DENSE_VENDOR	147473	0.9706257898062342	0.006584	0.043437	0.000403	0.074489	0.838868	2	0	0	0.0	[null,null,794,92]
V1	0	0	FORMAL_V1_G0_P0_M1_RULE_U01	M1_RULE_U01	14	2	A0_DENSE_VENDOR	147138	0.9684209140690817	0.006455	0.044743	0.000366	0.076085	0.806134	1	1	0	0.0	[null,null,11,151645]
V1	0	0	FORMAL_V1_G0_P0_M1_RULE_U01	M1_RULE_U01	15	1	A0_DENSE_VENDOR	147137	0.9684143323504634	0.005556	0.04038	0.000381	0.071666	0.813491	1	0	0	0.0	[null,null,5765,null]
V1	0	0	FORMAL_V1_G0_P0_M1_RULE_U01	M1_RULE_U01	16	1	A0_DENSE_VENDOR	147137	0.9684143323504634	0.005501	0.040247	0.000394	0.07005	0.796447	1	0	0	0.0	[null,null,27831,null]
V1	0	0	FORMAL_V1_G0_P0_M1_RULE_U01	M1_RULE_U01	17	1	A0_DENSE_VENDOR	147137	0.9684143323504634	0.005556	0.040182	0.000395	0.070811	0.811294	1	0	0	0.0	[null,null,11,null]
V1	0	0	FORMAL_V1_G0_P0_M1_RULE_U01	M1_RULE_U01	18	1	A0_DENSE_VENDOR	147137	0.9684143323504634	0.005547	0.040377	0.000374	0.06953	0.816662	1	0	0	0.0	[null,null,7279,null]
V1	0	0	FORMAL_V1_G0_P0_M1_RULE_U01	M1_RULE_U01	19	1	A0_DENSE_VENDOR	147137	0.9684143323504634	0.005511	0.040391	0.000378	0.07137	0.810442	1	0	0	0.0	[null,null,756,null]
V1	0	0	FORMAL_V1_G0_P0_M1_RULE_U01	M1_RULE_U01	20	1	A3_RAGGED_DIRECT	425	0.002797230412805392	0.005529	0.040483	0.000413	0.071328	0.326391	1	0	1	0.013356	[null,null,220,null]
V1	0	0	FORMAL_V1_G0_P0_M1_RULE_U01	M1_RULE_U01	21	1	A3_RAGGED_DIRECT	425	0.002797230412805392	0.005422	0.03969	0.000402	0.069664	0.348954	1	0	1	0.013993	[null,null,330,null]
V1	0	0	FORMAL_V1_G0_P0_M1_RULE_U01	M1_RULE_U01	22	1	A3_RAGGED_DIRECT	6	3.9490311710193765e-05	0.00536	0.0394	0.000402	0.068916	0.311677	1	0	1	0.013351	[null,null,11049,null]
V1	0	0	FORMAL_V1_G0_P0_M1_RULE_U01	M1_RULE_U01	23	1	A3_RAGGED_DIRECT	4	2.632687447346251e-05	0.005431	0.039319	0.000365	0.068397	0.329879	1	0	1	0.01321	[null,null,1269,null]
V1	0	0	FORMAL_V1_G0_P0_M1_RULE_U01	M1_RULE_U01	24	1	A3_RAGGED_DIRECT	19	0.0001250526537489469	0.005381	0.039583	0.000385	0.067348	0.309114	1	0	1	0.013323	[null,null,788,null]
V1	0	0	FORMAL_V1_G0_P0_M1_RULE_U01	M1_RULE_U01	25	1	A3_RAGGED_DIRECT	822	0.005410172704296546	0.005337	0.039464	0.00038	0.069338	0.342631	1	0	1	0.013164	[null,null,330,null]
V1	0	0	FORMAL_V1_G0_P0_M1_RULE_U01	M1_RULE_U01	26	1	A0_DENSE_VENDOR	147137	0.9684143323504634	0.005303	0.039342	0.000411	0.067365	0.808937	1	0	0	0.0	[null,null,13079,null]
V1	0	0	FORMAL_V1_G0_P0_M1_RULE_U01	M1_RULE_U01	27	1	A0_DENSE_VENDOR	147137	0.9684143323504634	0.005469	0.040759	0.00041	0.072729	0.815069	1	0	0	0.0	[null,null,49628,null]
V1	0	0	FORMAL_V1_G0_P0_M1_RULE_U01	M1_RULE_U01	28	1	A0_DENSE_VENDOR	147137	0.9684143323504634	0.005553	0.044313	0.000393	0.075008	0.804168	1	0	0	0.0	[null,null,756,null]
V1	0	0	FORMAL_V1_G0_P0_M1_RULE_U01	M1_RULE_U01	29	1	A3_RAGGED_DIRECT	424	0.002790648694187026	0.005618	0.04065	0.000391	0.07166	0.321351	1	0	1	0.012932	[null,null,220,null]
V1	0	0	FORMAL_V1_G0_P0_M1_RULE_U01	M1_RULE_U01	30	1	A3_RAGGED_DIRECT	424	0.002790648694187026	0.005358	0.039635	0.000403	0.069771	0.339877	1	0	1	0.013676	[null,null,330,null]
V1	0	0	FORMAL_V1_G0_P0_M1_RULE_U01	M1_RULE_U01	31	1	A3_RAGGED_DIRECT	5	3.2908593091828136e-05	0.0053	0.039527	0.000401	0.067603	0.321845	1	0	1	0.013136	[null,null,3615,null]
V1	0	0	FORMAL_V1_G0_P0_M1_RULE_U01	M1_RULE_U01	32	1	A3_RAGGED_DIRECT	15	9.872577927548442e-05	0.005401	0.039199	0.000384	0.068814	0.317926	1	0	1	0.014375	[null,null,788,null]
V1	0	0	FORMAL_V1_G0_P0_M1_RULE_U01	M1_RULE_U01	33	1	A3_RAGGED_DIRECT	442	0.0029091196293176075	0.00545	0.039587	0.000384	0.068974	0.339911	1	0	1	0.013118	[null,null,2278,null]
V1	0	0	FORMAL_V1_G0_P0_M1_RULE_U01	M1_RULE_U01	34	1	A3_RAGGED_DIRECT	452	0.002974936815501264	0.005478	0.039568	0.000411	0.067555	0.318708	1	0	1	0.01442	[null,null,262,null]
V1	0	0	FORMAL_V1_G0_P0_M1_RULE_U01	M1_RULE_U01	35	1	A3_RAGGED_DIRECT	452	0.002974936815501264	0.005447	0.039337	0.000395	0.069787	0.330271	1	0	1	0.013325	[null,null,341,null]
V1	0	0	FORMAL_V1_G0_P0_M1_RULE_U01	M1_RULE_U01	36	1	A3_RAGGED_DIRECT	424	0.002790648694187026	0.005401	0.039462	0.000407	0.066941	0.318993	1	0	1	0.013023	[null,null,414,null]
V1	0	0	FORMAL_V1_G0_P0_M1_RULE_U01	M1_RULE_U01	37	1	A3_RAGGED_DIRECT	424	0.002790648694187026	0.005313	0.039025	0.000384	0.066808	0.313456	1	0	1	0.01229	[null,null,330,null]
V1	0	0	FORMAL_V1_G0_P0_M1_RULE_U01	M1_RULE_U01	38	1	A3_RAGGED_DIRECT	4	2.632687447346251e-05	0.005257	0.039384	0.000359	0.067777	0.326899	1	0	1	0.019504	[null,null,6555,null]
V1	0	0	FORMAL_V1_G0_P0_M1_RULE_U01	M1_RULE_U01	39	1	A3_RAGGED_DIRECT	13	8.556234203875316e-05	0.005296	0.038991	0.000369	0.066669	0.314625	1	0	1	0.012967	[null,null,788,null]
V1	0	0	FORMAL_V1_G0_P0_M1_RULE_U01	M1_RULE_U01	40	1	A3_RAGGED_DIRECT	434	0.0028564658803706825	0.005506	0.039326	0.000391	0.067009	0.316019	1	0	1	0.01402	[null,null,220,null]
V1	0	0	FORMAL_V1_G0_P0_M1_RULE_U01	M1_RULE_U01	41	1	A3_RAGGED_DIRECT	434	0.0028564658803706825	0.005426	0.039275	0.000394	0.067094	0.330948	1	0	1	0.013146	[null,null,16,null]
V1	0	0	FORMAL_V1_G0_P0_M1_RULE_U01	M1_RULE_U01	42	1	A3_RAGGED_DIRECT	448	0.0029486099410278013	0.005494	0.039247	0.000383	0.069098	0.318617	1	0	1	0.013929	[null,null,15,null]
V1	0	0	FORMAL_V1_G0_P0_M1_RULE_U01	M1_RULE_U01	43	1	A3_RAGGED_DIRECT	448	0.0029486099410278013	0.00539	0.039611	0.000385	0.068756	0.328394	1	0	1	0.013649	[null,null,345,null]
V1	0	0	FORMAL_V1_G0_P0_M1_RULE_U01	M1_RULE_U01	44	1	A3_RAGGED_DIRECT	424	0.002790648694187026	0.005461	0.039565	0.000371	0.068408	0.315624	1	0	1	0.011508	[null,null,414,null]
V1	0	0	FORMAL_V1_G0_P0_M1_RULE_U01	M1_RULE_U01	45	1	A3_RAGGED_DIRECT	424	0.002790648694187026	0.005397	0.039523	0.000367	0.068969	0.335724	1	0	1	0.012972	[null,null,330,null]
V1	0	0	FORMAL_V1_G0_P0_M1_RULE_U01	M1_RULE_U01	46	1	A3_RAGGED_DIRECT	6	3.9490311710193765e-05	0.005369	0.039571	0.000404	0.068402	0.31671	1	0	1	0.012885	[null,null,3031,null]
V1	0	0	FORMAL_V1_G0_P0_M1_RULE_U01	M1_RULE_U01	47	1	A3_RAGGED_DIRECT	4	2.632687447346251e-05	0.005292	0.039214	0.000402	0.067	0.306717	1	0	1	0.013274	[null,null,1269,null]
V1	0	0	FORMAL_V1_G0_P0_M1_RULE_U01	M1_RULE_U01	48	1	A3_RAGGED_DIRECT	19	0.0001250526537489469	0.005344	0.039293	0.000417	0.067884	0.331164	1	0	1	0.012992	[null,null,788,null]
V1	0	0	FORMAL_V1_G0_P0_M1_RULE_U01	M1_RULE_U01	49	1	A3_RAGGED_DIRECT	822	0.005410172704296546	0.005393	0.039434	0.0004	0.069544	0.331189	1	0	1	0.011335	[null,null,330,null]
V1	0	0	FORMAL_V1_G0_P0_M1_RULE_U01	M1_RULE_U01	50	1	A0_DENSE_VENDOR	147137	0.9684143323504634	0.005394	0.039461	0.00039	0.069451	0.842073	1	0	0	0.0	[null,null,4816,null]
V1	0	0	FORMAL_V1_G0_P0_M1_RULE_U01	M1_RULE_U01	51	1	A0_DENSE_VENDOR	147137	0.9684143323504634	0.00559	0.040631	0.000374	0.071013	0.800083	1	0	0	0.0	[null,null,362,null]
V1	0	0	FORMAL_V1_G0_P0_M1_RULE_U01	M1_RULE_U01	52	1	A0_DENSE_VENDOR	147137	0.9684143323504634	0.005493	0.040435	0.000367	0.070815	0.809303	1	0	0	0.0	[null,null,756,null]
V1	0	0	FORMAL_V1_G0_P0_M1_RULE_U01	M1_RULE_U01	53	1	A3_RAGGED_DIRECT	424	0.002790648694187026	0.005656	0.040166	0.000415	0.071301	0.329806	1	0	1	0.013417	[null,null,414,null]
V1	0	0	FORMAL_V1_G0_P0_M1_RULE_U01	M1_RULE_U01	54	1	A3_RAGGED_DIRECT	424	0.002790648694187026	0.005471	0.039527	0.000403	0.069728	0.347045	1	0	1	0.018719	[null,null,330,null]
V1	0	0	FORMAL_V1_G0_P0_M1_RULE_U01	M1_RULE_U01	55	1	A3_RAGGED_DIRECT	6	3.9490311710193765e-05	0.0054	0.039322	0.000405	0.068993	0.325232	1	0	1	0.013084	[null,null,13523,null]
V1	0	0	FORMAL_V1_G0_P0_M1_RULE_U01	M1_RULE_U01	56	1	A3_RAGGED_DIRECT	13	8.556234203875316e-05	0.005534	0.039368	0.000408	0.067437	0.315831	1	0	1	0.014243	[null,null,788,null]
V1	0	0	FORMAL_V1_G0_P0_M1_RULE_U01	M1_RULE_U01	57	1	A3_RAGGED_DIRECT	434	0.0028564658803706825	0.005328	0.039438	0.000415	0.068769	0.33622	1	0	1	0.013184	[null,null,220,null]
V1	0	0	FORMAL_V1_G0_P0_M1_RULE_U01	M1_RULE_U01	58	1	A3_RAGGED_DIRECT	434	0.0028564658803706825	0.005497	0.039822	0.00042	0.069459	0.327446	1	0	1	0.013224	[null,null,17,null]
V1	0	0	FORMAL_V1_G0_P0_M1_RULE_U01	M1_RULE_U01	59	1	A3_RAGGED_DIRECT	476	0.003132898062342039	0.005545	0.0395	0.000403	0.067982	0.31576	1	0	1	0.011307	[null,null,198,null]
V1	0	0	FORMAL_V1_G0_P0_M1_RULE_U01	M1_RULE_U01	60	1	A3_RAGGED_DIRECT	466	0.0030670808761583826	0.005487	0.038943	0.000439	0.068283	0.335425	1	0	1	0.013282	[null,null,262,null]
V1	0	0	FORMAL_V1_G0_P0_M1_RULE_U01	M1_RULE_U01	61	1	A3_RAGGED_DIRECT	466	0.0030670808761583826	0.005459	0.039809	0.000422	0.071792	0.332492	1	0	1	0.013166	[null,null,1153,null]
V1	0	0	FORMAL_V1_G0_P0_M1_RULE_U01	M1_RULE_U01	62	1	A3_RAGGED_DIRECT	439	0.0028893744734625106	0.005518	0.03947	0.000403	0.069123	0.343925	1	0	1	0.013572	[null,null,262,null]
V1	0	0	FORMAL_V1_G0_P0_M1_RULE_U01	M1_RULE_U01	63	1	A3_RAGGED_DIRECT	439	0.0028893744734625106	0.005461	0.039081	0.0004	0.069172	0.334577	1	0	1	0.013444	[null,null,341,null]
V1	0	0	FORMAL_V1_G0_P0_M1_RULE_U01	M1_RULE_U01	64	1	A3_RAGGED_DIRECT	424	0.002790648694187026	0.005397	0.039411	0.00039	0.067244	0.333189	1	0	1	0.018649	[null,null,414,null]
V1	0	0	FORMAL_V1_G0_P0_M1_RULE_U01	M1_RULE_U01	65	1	A3_RAGGED_DIRECT	424	0.002790648694187026	0.005482	0.039783	0.000388	0.072	0.33777	1	0	1	0.013472	[null,null,330,null]
V1	0	0	FORMAL_V1_G0_P0_M1_RULE_U01	M1_RULE_U01	66	1	A3_RAGGED_DIRECT	4	2.632687447346251e-05	0.005366	0.039329	0.000395	0.067349	0.317003	1	0	1	0.013085	[null,null,6555,null]
V1	0	0	FORMAL_V1_G0_P0_M1_RULE_U01	M1_RULE_U01	67	1	A3_RAGGED_DIRECT	13	8.556234203875316e-05	0.005446	0.039785	0.000412	0.071417	0.319226	1	0	1	0.013059	[null,null,788,null]
V1	0	0	FORMAL_V1_G0_P0_M1_RULE_U01	M1_RULE_U01	68	1	A3_RAGGED_DIRECT	434	0.0028564658803706825	0.00545	0.039595	0.000407	0.069048	0.327236	1	0	1	0.011487	[null,null,220,null]
V1	0	0	FORMAL_V1_G0_P0_M1_RULE_U01	M1_RULE_U01	69	1	A3_RAGGED_DIRECT	434	0.0028564658803706825	0.005465	0.039635	0.000419	0.071892	0.347479	1	0	1	0.0136	[null,null,17,null]
V1	0	0	FORMAL_V1_G0_P0_M1_RULE_U01	M1_RULE_U01	70	1	A3_RAGGED_DIRECT	448	0.0029486099410278013	0.005573	0.044292	0.000483	0.076856	0.340393	1	0	1	0.013525	[null,null,15,null]
V1	0	0	FORMAL_V1_G0_P0_M1_RULE_U01	M1_RULE_U01	71	1	A3_RAGGED_DIRECT	448	0.0029486099410278013	0.005382	0.039629	0.000388	0.06778	0.334464	1	0	1	0.013293	[null,null,345,null]
V1	0	0	FORMAL_V1_G0_P0_M1_RULE_U01	M1_RULE_U01	72	1	A3_RAGGED_DIRECT	424	0.002790648694187026	0.005512	0.039576	0.000403	0.070626	0.323361	1	0	1	0.011318	[null,null,414,null]
V1	0	0	FORMAL_V1_G0_P0_M1_RULE_U01	M1_RULE_U01	73	1	A3_RAGGED_DIRECT	424	0.002790648694187026	0.005492	0.043748	0.0004	0.074071	0.338068	1	0	1	0.017318	[null,null,330,null]
V1	0	0	FORMAL_V1_G0_P0_M1_RULE_U01	M1_RULE_U01	74	1	A3_RAGGED_DIRECT	6	3.9490311710193765e-05	0.005501	0.039084	0.000456	0.068347	0.31008	1	0	1	0.01315	[null,null,3031,null]
V1	0	0	FORMAL_V1_G0_P0_M1_RULE_U01	M1_RULE_U01	75	1	A3_RAGGED_DIRECT	4	2.632687447346251e-05	0.005306	0.039649	0.000428	0.071019	0.309229	1	0	1	0.012061	[null,null,1269,null]
V1	0	0	FORMAL_V1_G0_P0_M1_RULE_U01	M1_RULE_U01	76	1	A3_RAGGED_DIRECT	19	0.0001250526537489469	0.005395	0.039531	0.000405	0.070208	0.327732	1	0	1	0.013259	[null,null,788,null]
V1	0	0	FORMAL_V1_G0_P0_M1_RULE_U01	M1_RULE_U01	77	1	A3_RAGGED_DIRECT	822	0.005410172704296546	0.005442	0.039654	0.000395	0.071195	0.339401	1	0	1	0.013084	[null,null,330,null]
V1	0	0	FORMAL_V1_G0_P0_M1_RULE_U01	M1_RULE_U01	78	1	A0_DENSE_VENDOR	147137	0.9684143323504634	0.005409	0.039277	0.00039	0.0678	0.834925	1	0	0	0.0	[null,null,4816,null]
V1	0	0	FORMAL_V1_G0_P0_M1_RULE_U01	M1_RULE_U01	79	1	A0_DENSE_VENDOR	147137	0.9684143323504634	0.005578	0.040312	0.000411	0.07001	0.820339	1	0	0	0.0	[null,null,425,null]
V1	0	0	FORMAL_V1_G0_P0_M1_RULE_U01	M1_RULE_U01	80	1	A0_DENSE_VENDOR	147137	0.9684143323504634	0.005559	0.040752	0.000399	0.071941	0.810346	1	0	0	0.0	[null,null,756,null]
V1	0	0	FORMAL_V1_G0_P0_M1_RULE_U01	M1_RULE_U01	81	1	A3_RAGGED_DIRECT	424	0.002790648694187026	0.005562	0.040303	0.000402	0.06961	0.320892	1	0	1	0.013175	[null,null,414,null]
V1	0	0	FORMAL_V1_G0_P0_M1_RULE_U01	M1_RULE_U01	82	1	A3_RAGGED_DIRECT	424	0.002790648694187026	0.005405	0.039649	0.000384	0.06994	0.337174	1	0	1	0.014096	[null,null,330,null]
V1	0	0	FORMAL_V1_G0_P0_M1_RULE_U01	M1_RULE_U01	83	1	A3_RAGGED_DIRECT	6	3.9490311710193765e-05	0.00548	0.039462	0.000415	0.067518	0.326893	1	0	1	0.013952	[null,null,13523,null]
V1	0	0	FORMAL_V1_G0_P0_M1_RULE_U01	M1_RULE_U01	84	1	A3_RAGGED_DIRECT	13	8.556234203875316e-05	0.00548	0.039485	0.000378	0.069195	0.327176	1	0	1	0.013114	[null,null,788,null]
V1	0	0	FORMAL_V1_G0_P0_M1_RULE_U01	M1_RULE_U01	85	1	A3_RAGGED_DIRECT	434	0.0028564658803706825	0.005424	0.039354	0.00039	0.067367	0.330476	1	0	1	0.013184	[null,null,220,null]
V1	0	0	FORMAL_V1_G0_P0_M1_RULE_U01	M1_RULE_U01	86	1	A3_RAGGED_DIRECT	434	0.0028564658803706825	0.005331	0.03945	0.000412	0.06901	0.322203	1	0	1	0.012453	[null,null,18,null]
V1	0	0	FORMAL_V1_G0_P0_M1_RULE_U01	M1_RULE_U01	87	1	A3_RAGGED_DIRECT	476	0.003132898062342039	0.005392	0.039529	0.000364	0.067271	0.333651	1	0	1	0.013465	[null,null,198,null]
V1	0	0	FORMAL_V1_G0_P0_M1_RULE_U01	M1_RULE_U01	88	1	A3_RAGGED_DIRECT	466	0.0030670808761583826	0.005329	0.039408	0.000385	0.0688	0.32203	1	0	1	0.011636	[null,null,262,null]
V1	0	0	FORMAL_V1_G0_P0_M1_RULE_U01	M1_RULE_U01	89	1	A3_RAGGED_DIRECT	466	0.0030670808761583826	0.005515	0.039187	0.000355	0.067776	0.337513	1	0	1	0.013394	[null,null,456,null]
V1	0	0	FORMAL_V1_G0_P0_M1_RULE_U01	M1_RULE_U01	90	1	A3_RAGGED_DIRECT	449	0.002955191659646167	0.005389	0.039517	0.000388	0.069132	0.338041	1	0	1	0.013925	[null,null,220,null]
V1	0	0	FORMAL_V1_G0_P0_M1_RULE_U01	M1_RULE_U01	91	1	A3_RAGGED_DIRECT	449	0.002955191659646167	0.005337	0.039531	0.000403	0.067568	0.322585	1	0	1	0.01358	[null,null,5133,null]
V1	0	0	FORMAL_V1_G0_P0_M1_RULE_U01	M1_RULE_U01	92	1	A3_RAGGED_DIRECT	424	0.002790648694187026	0.005423	0.03943	0.000404	0.067082	0.332331	1	0	1	0.013278	[null,null,92,null]
V1	0	0	FORMAL_V1_G0_P0_M1_RULE_U01	M1_RULE_U01	93	1	A3_RAGGED_DIRECT	1	6.581718618365627e-06	0.005456	0.039468	0.000368	0.067111	0.172022	0	1	0	0.0	[null,null,151645,null]
V1	0	1	FORMAL_V1_G0_P1_B0_STRONG	B0_STRONG	0	4	A0_DENSE_VENDOR			0.0	0.0	0.0	0.0	1.631761	4	0	0	0.0	[515,515,515,515]
V1	0	1	FORMAL_V1_G0_P1_B0_STRONG	B0_STRONG	1	4	A0_DENSE_VENDOR			0.0	0.0	0.0	0.0	0.727158	4	0	0	0.0	[220,220,220,220]
V1	0	1	FORMAL_V1_G0_P1_B0_STRONG	B0_STRONG	2	4	A0_DENSE_VENDOR			0.0	0.0	0.0	0.0	0.723131	4	0	0	0.0	[330,330,330,330]
V1	0	1	FORMAL_V1_G0_P1_B0_STRONG	B0_STRONG	3	4	A0_DENSE_VENDOR			0.0	0.0	0.0	0.0	0.681126	4	0	0	0.0	[4129,4129,29642,5113]
V1	0	1	FORMAL_V1_G0_P1_B0_STRONG	B0_STRONG	4	4	A0_DENSE_VENDOR			0.0	0.0	0.0	0.0	0.690911	4	0	0	0.0	[788,788,258,788]
V1	0	1	FORMAL_V1_G0_P1_B0_STRONG	B0_STRONG	5	4	A0_DENSE_VENDOR			0.0	0.0	0.0	0.0	0.71769	3	1	0	0.0	[220,220,70,330]
V1	0	1	FORMAL_V1_G0_P1_B0_STRONG	B0_STRONG	6	4	A0_DENSE_VENDOR			0.0	0.0	0.0	0.0	0.821638	4	0	0	0.0	[16,16,6744,13079]
V1	0	1	FORMAL_V1_G0_P1_B0_STRONG	B0_STRONG	7	4	A0_DENSE_VENDOR			0.0	0.0	0.0	0.0	0.811634	4	0	0	0.0	[17,17,788,35]
V1	0	1	FORMAL_V1_G0_P1_B0_STRONG	B0_STRONG	8	4	A0_DENSE_VENDOR			0.0	0.0	0.0	0.0	0.836801	4	0	0	0.0	[198,198,330,4644]
V1	0	1	FORMAL_V1_G0_P1_B0_STRONG	B0_STRONG	9	4	A0_DENSE_VENDOR			0.0	0.0	0.0	0.0	0.884	4	0	0	0.0	[92,92,16,16]
V1	0	1	FORMAL_V1_G0_P1_B0_STRONG	B0_STRONG	10	4	A0_DENSE_VENDOR			0.0	0.0	0.0	0.0	0.871803	2	2	0	0.0	[151645,151645,17,17]
V1	0	1	FORMAL_V1_G0_P1_B0_STRONG	B0_STRONG	11	2	A0_DENSE_VENDOR			0.0	0.0	0.0	0.0	0.843287	2	0	0	0.0	[null,null,18,18]
V1	0	1	FORMAL_V1_G0_P1_B0_STRONG	B0_STRONG	12	2	A0_DENSE_VENDOR			0.0	0.0	0.0	0.0	0.858974	2	0	0	0.0	[null,null,4697,698]
V1	0	1	FORMAL_V1_G0_P1_B0_STRONG	B0_STRONG	13	2	A0_DENSE_VENDOR			0.0	0.0	0.0	0.0	0.782251	2	0	0	0.0	[null,null,794,92]
V1	0	1	FORMAL_V1_G0_P1_B0_STRONG	B0_STRONG	14	2	A0_DENSE_VENDOR			0.0	0.0	0.0	0.0	0.756651	1	1	0	0.0	[null,null,11,151645]
V1	0	1	FORMAL_V1_G0_P1_B0_STRONG	B0_STRONG	15	1	A0_DENSE_VENDOR			0.0	0.0	0.0	0.0	0.745221	1	0	0	0.0	[null,null,5765,null]
V1	0	1	FORMAL_V1_G0_P1_B0_STRONG	B0_STRONG	16	1	A0_DENSE_VENDOR			0.0	0.0	0.0	0.0	0.744297	1	0	0	0.0	[null,null,27831,null]
V1	0	1	FORMAL_V1_G0_P1_B0_STRONG	B0_STRONG	17	1	A0_DENSE_VENDOR			0.0	0.0	0.0	0.0	0.749198	1	0	0	0.0	[null,null,11,null]
V1	0	1	FORMAL_V1_G0_P1_B0_STRONG	B0_STRONG	18	1	A0_DENSE_VENDOR			0.0	0.0	0.0	0.0	0.744845	1	0	0	0.0	[null,null,7279,null]
V1	0	1	FORMAL_V1_G0_P1_B0_STRONG	B0_STRONG	19	1	A0_DENSE_VENDOR			0.0	0.0	0.0	0.0	0.740459	1	0	0	0.0	[null,null,756,null]
V1	0	1	FORMAL_V1_G0_P1_B0_STRONG	B0_STRONG	20	1	A0_DENSE_VENDOR			0.0	0.0	0.0	0.0	0.663909	1	0	0	0.0	[null,null,220,null]
V1	0	1	FORMAL_V1_G0_P1_B0_STRONG	B0_STRONG	21	1	A0_DENSE_VENDOR			0.0	0.0	0.0	0.0	0.658142	1	0	0	0.0	[null,null,330,null]
V1	0	1	FORMAL_V1_G0_P1_B0_STRONG	B0_STRONG	22	1	A0_DENSE_VENDOR			0.0	0.0	0.0	0.0	0.647713	1	0	0	0.0	[null,null,11049,null]
V1	0	1	FORMAL_V1_G0_P1_B0_STRONG	B0_STRONG	23	1	A0_DENSE_VENDOR			0.0	0.0	0.0	0.0	0.64788	1	0	0	0.0	[null,null,1269,null]
V1	0	1	FORMAL_V1_G0_P1_B0_STRONG	B0_STRONG	24	1	A0_DENSE_VENDOR			0.0	0.0	0.0	0.0	0.651346	1	0	0	0.0	[null,null,788,null]
V1	0	1	FORMAL_V1_G0_P1_B0_STRONG	B0_STRONG	25	1	A0_DENSE_VENDOR			0.0	0.0	0.0	0.0	0.671224	1	0	0	0.0	[null,null,330,null]
V1	0	1	FORMAL_V1_G0_P1_B0_STRONG	B0_STRONG	26	1	A0_DENSE_VENDOR			0.0	0.0	0.0	0.0	0.744933	1	0	0	0.0	[null,null,13079,null]
V1	0	1	FORMAL_V1_G0_P1_B0_STRONG	B0_STRONG	27	1	A0_DENSE_VENDOR			0.0	0.0	0.0	0.0	0.74328	1	0	0	0.0	[null,null,49628,null]
V1	0	1	FORMAL_V1_G0_P1_B0_STRONG	B0_STRONG	28	1	A0_DENSE_VENDOR			0.0	0.0	0.0	0.0	0.746483	1	0	0	0.0	[null,null,756,null]
V1	0	1	FORMAL_V1_G0_P1_B0_STRONG	B0_STRONG	29	1	A0_DENSE_VENDOR			0.0	0.0	0.0	0.0	0.66155	1	0	0	0.0	[null,null,220,null]
V1	0	1	FORMAL_V1_G0_P1_B0_STRONG	B0_STRONG	30	1	A0_DENSE_VENDOR			0.0	0.0	0.0	0.0	0.660938	1	0	0	0.0	[null,null,330,null]
V1	0	1	FORMAL_V1_G0_P1_B0_STRONG	B0_STRONG	31	1	A0_DENSE_VENDOR			0.0	0.0	0.0	0.0	0.642636	1	0	0	0.0	[null,null,3615,null]
V1	0	1	FORMAL_V1_G0_P1_B0_STRONG	B0_STRONG	32	1	A0_DENSE_VENDOR			0.0	0.0	0.0	0.0	0.650471	1	0	0	0.0	[null,null,788,null]
V1	0	1	FORMAL_V1_G0_P1_B0_STRONG	B0_STRONG	33	1	A0_DENSE_VENDOR			0.0	0.0	0.0	0.0	0.660983	1	0	0	0.0	[null,null,2278,null]
V1	0	1	FORMAL_V1_G0_P1_B0_STRONG	B0_STRONG	34	1	A0_DENSE_VENDOR			0.0	0.0	0.0	0.0	0.663277	1	0	0	0.0	[null,null,262,null]
V1	0	1	FORMAL_V1_G0_P1_B0_STRONG	B0_STRONG	35	1	A0_DENSE_VENDOR			0.0	0.0	0.0	0.0	0.661148	1	0	0	0.0	[null,null,341,null]
V1	0	1	FORMAL_V1_G0_P1_B0_STRONG	B0_STRONG	36	1	A0_DENSE_VENDOR			0.0	0.0	0.0	0.0	0.657427	1	0	0	0.0	[null,null,414,null]
V1	0	1	FORMAL_V1_G0_P1_B0_STRONG	B0_STRONG	37	1	A0_DENSE_VENDOR			0.0	0.0	0.0	0.0	0.655561	1	0	0	0.0	[null,null,330,null]
V1	0	1	FORMAL_V1_G0_P1_B0_STRONG	B0_STRONG	38	1	A0_DENSE_VENDOR			0.0	0.0	0.0	0.0	0.651299	1	0	0	0.0	[null,null,6555,null]
V1	0	1	FORMAL_V1_G0_P1_B0_STRONG	B0_STRONG	39	1	A0_DENSE_VENDOR			0.0	0.0	0.0	0.0	0.653221	1	0	0	0.0	[null,null,788,null]
V1	0	1	FORMAL_V1_G0_P1_B0_STRONG	B0_STRONG	40	1	A0_DENSE_VENDOR			0.0	0.0	0.0	0.0	0.651366	1	0	0	0.0	[null,null,220,null]
V1	0	1	FORMAL_V1_G0_P1_B0_STRONG	B0_STRONG	41	1	A0_DENSE_VENDOR			0.0	0.0	0.0	0.0	0.662512	1	0	0	0.0	[null,null,16,null]
V1	0	1	FORMAL_V1_G0_P1_B0_STRONG	B0_STRONG	42	1	A0_DENSE_VENDOR			0.0	0.0	0.0	0.0	0.66614	1	0	0	0.0	[null,null,15,null]
V1	0	1	FORMAL_V1_G0_P1_B0_STRONG	B0_STRONG	43	1	A0_DENSE_VENDOR			0.0	0.0	0.0	0.0	0.66445	1	0	0	0.0	[null,null,345,null]
V1	0	1	FORMAL_V1_G0_P1_B0_STRONG	B0_STRONG	44	1	A0_DENSE_VENDOR			0.0	0.0	0.0	0.0	0.665142	1	0	0	0.0	[null,null,414,null]
V1	0	1	FORMAL_V1_G0_P1_B0_STRONG	B0_STRONG	45	1	A0_DENSE_VENDOR			0.0	0.0	0.0	0.0	0.655175	1	0	0	0.0	[null,null,330,null]
V1	0	1	FORMAL_V1_G0_P1_B0_STRONG	B0_STRONG	46	1	A0_DENSE_VENDOR			0.0	0.0	0.0	0.0	0.646031	1	0	0	0.0	[null,null,3031,null]
V1	0	1	FORMAL_V1_G0_P1_B0_STRONG	B0_STRONG	47	1	A0_DENSE_VENDOR			0.0	0.0	0.0	0.0	0.648919	1	0	0	0.0	[null,null,1269,null]
V1	0	1	FORMAL_V1_G0_P1_B0_STRONG	B0_STRONG	48	1	A0_DENSE_VENDOR			0.0	0.0	0.0	0.0	0.649017	1	0	0	0.0	[null,null,788,null]
V1	0	1	FORMAL_V1_G0_P1_B0_STRONG	B0_STRONG	49	1	A0_DENSE_VENDOR			0.0	0.0	0.0	0.0	0.671448	1	0	0	0.0	[null,null,330,null]
V1	0	1	FORMAL_V1_G0_P1_B0_STRONG	B0_STRONG	50	1	A0_DENSE_VENDOR			0.0	0.0	0.0	0.0	0.762947	1	0	0	0.0	[null,null,4816,null]
V1	0	1	FORMAL_V1_G0_P1_B0_STRONG	B0_STRONG	51	1	A0_DENSE_VENDOR			0.0	0.0	0.0	0.0	0.748136	1	0	0	0.0	[null,null,362,null]
V1	0	1	FORMAL_V1_G0_P1_B0_STRONG	B0_STRONG	52	1	A0_DENSE_VENDOR			0.0	0.0	0.0	0.0	0.762359	1	0	0	0.0	[null,null,756,null]
V1	0	1	FORMAL_V1_G0_P1_B0_STRONG	B0_STRONG	53	1	A0_DENSE_VENDOR			0.0	0.0	0.0	0.0	0.673683	1	0	0	0.0	[null,null,414,null]
V1	0	1	FORMAL_V1_G0_P1_B0_STRONG	B0_STRONG	54	1	A0_DENSE_VENDOR			0.0	0.0	0.0	0.0	0.663666	1	0	0	0.0	[null,null,330,null]
V1	0	1	FORMAL_V1_G0_P1_B0_STRONG	B0_STRONG	55	1	A0_DENSE_VENDOR			0.0	0.0	0.0	0.0	0.650028	1	0	0	0.0	[null,null,13523,null]
V1	0	1	FORMAL_V1_G0_P1_B0_STRONG	B0_STRONG	56	1	A0_DENSE_VENDOR			0.0	0.0	0.0	0.0	0.649207	1	0	0	0.0	[null,null,788,null]
V1	0	1	FORMAL_V1_G0_P1_B0_STRONG	B0_STRONG	57	1	A0_DENSE_VENDOR			0.0	0.0	0.0	0.0	0.660978	1	0	0	0.0	[null,null,220,null]
V1	0	1	FORMAL_V1_G0_P1_B0_STRONG	B0_STRONG	58	1	A0_DENSE_VENDOR			0.0	0.0	0.0	0.0	0.662828	1	0	0	0.0	[null,null,17,null]
V1	0	1	FORMAL_V1_G0_P1_B0_STRONG	B0_STRONG	59	1	A0_DENSE_VENDOR			0.0	0.0	0.0	0.0	0.658479	1	0	0	0.0	[null,null,198,null]
V1	0	1	FORMAL_V1_G0_P1_B0_STRONG	B0_STRONG	60	1	A0_DENSE_VENDOR			0.0	0.0	0.0	0.0	0.667679	1	0	0	0.0	[null,null,262,null]
V1	0	1	FORMAL_V1_G0_P1_B0_STRONG	B0_STRONG	61	1	A0_DENSE_VENDOR			0.0	0.0	0.0	0.0	0.669753	1	0	0	0.0	[null,null,1153,null]
V1	0	1	FORMAL_V1_G0_P1_B0_STRONG	B0_STRONG	62	1	A0_DENSE_VENDOR			0.0	0.0	0.0	0.0	0.668507	1	0	0	0.0	[null,null,262,null]
V1	0	1	FORMAL_V1_G0_P1_B0_STRONG	B0_STRONG	63	1	A0_DENSE_VENDOR			0.0	0.0	0.0	0.0	0.66453	1	0	0	0.0	[null,null,341,null]
V1	0	1	FORMAL_V1_G0_P1_B0_STRONG	B0_STRONG	64	1	A0_DENSE_VENDOR			0.0	0.0	0.0	0.0	0.653833	1	0	0	0.0	[null,null,414,null]
V1	0	1	FORMAL_V1_G0_P1_B0_STRONG	B0_STRONG	65	1	A0_DENSE_VENDOR			0.0	0.0	0.0	0.0	0.66916	1	0	0	0.0	[null,null,330,null]
V1	0	1	FORMAL_V1_G0_P1_B0_STRONG	B0_STRONG	66	1	A0_DENSE_VENDOR			0.0	0.0	0.0	0.0	0.648954	1	0	0	0.0	[null,null,6555,null]
V1	0	1	FORMAL_V1_G0_P1_B0_STRONG	B0_STRONG	67	1	A0_DENSE_VENDOR			0.0	0.0	0.0	0.0	0.649923	1	0	0	0.0	[null,null,788,null]
V1	0	1	FORMAL_V1_G0_P1_B0_STRONG	B0_STRONG	68	1	A0_DENSE_VENDOR			0.0	0.0	0.0	0.0	0.653699	1	0	0	0.0	[null,null,220,null]
V1	0	1	FORMAL_V1_G0_P1_B0_STRONG	B0_STRONG	69	1	A0_DENSE_VENDOR			0.0	0.0	0.0	0.0	0.664866	1	0	0	0.0	[null,null,17,null]
V1	0	1	FORMAL_V1_G0_P1_B0_STRONG	B0_STRONG	70	1	A0_DENSE_VENDOR			0.0	0.0	0.0	0.0	0.672704	1	0	0	0.0	[null,null,15,null]
V1	0	1	FORMAL_V1_G0_P1_B0_STRONG	B0_STRONG	71	1	A0_DENSE_VENDOR			0.0	0.0	0.0	0.0	0.662716	1	0	0	0.0	[null,null,345,null]
V1	0	1	FORMAL_V1_G0_P1_B0_STRONG	B0_STRONG	72	1	A0_DENSE_VENDOR			0.0	0.0	0.0	0.0	0.664778	1	0	0	0.0	[null,null,414,null]
V1	0	1	FORMAL_V1_G0_P1_B0_STRONG	B0_STRONG	73	1	A0_DENSE_VENDOR			0.0	0.0	0.0	0.0	0.663019	1	0	0	0.0	[null,null,330,null]
V1	0	1	FORMAL_V1_G0_P1_B0_STRONG	B0_STRONG	74	1	A0_DENSE_VENDOR			0.0	0.0	0.0	0.0	0.650733	1	0	0	0.0	[null,null,3031,null]
V1	0	1	FORMAL_V1_G0_P1_B0_STRONG	B0_STRONG	75	1	A0_DENSE_VENDOR			0.0	0.0	0.0	0.0	0.649836	1	0	0	0.0	[null,null,1269,null]
V1	0	1	FORMAL_V1_G0_P1_B0_STRONG	B0_STRONG	76	1	A0_DENSE_VENDOR			0.0	0.0	0.0	0.0	0.662836	1	0	0	0.0	[null,null,788,null]
V1	0	1	FORMAL_V1_G0_P1_B0_STRONG	B0_STRONG	77	1	A0_DENSE_VENDOR			0.0	0.0	0.0	0.0	0.672624	1	0	0	0.0	[null,null,330,null]
V1	0	1	FORMAL_V1_G0_P1_B0_STRONG	B0_STRONG	78	1	A0_DENSE_VENDOR			0.0	0.0	0.0	0.0	0.76453	1	0	0	0.0	[null,null,4816,null]
V1	0	1	FORMAL_V1_G0_P1_B0_STRONG	B0_STRONG	79	1	A0_DENSE_VENDOR			0.0	0.0	0.0	0.0	0.750355	1	0	0	0.0	[null,null,425,null]
V1	0	1	FORMAL_V1_G0_P1_B0_STRONG	B0_STRONG	80	1	A0_DENSE_VENDOR			0.0	0.0	0.0	0.0	0.747819	1	0	0	0.0	[null,null,756,null]
V1	0	1	FORMAL_V1_G0_P1_B0_STRONG	B0_STRONG	81	1	A0_DENSE_VENDOR			0.0	0.0	0.0	0.0	0.664494	1	0	0	0.0	[null,null,414,null]
V1	0	1	FORMAL_V1_G0_P1_B0_STRONG	B0_STRONG	82	1	A0_DENSE_VENDOR			0.0	0.0	0.0	0.0	0.664094	1	0	0	0.0	[null,null,330,null]
V1	0	1	FORMAL_V1_G0_P1_B0_STRONG	B0_STRONG	83	1	A0_DENSE_VENDOR			0.0	0.0	0.0	0.0	0.649362	1	0	0	0.0	[null,null,13523,null]
V1	0	1	FORMAL_V1_G0_P1_B0_STRONG	B0_STRONG	84	1	A0_DENSE_VENDOR			0.0	0.0	0.0	0.0	0.655198	1	0	0	0.0	[null,null,788,null]
V1	0	1	FORMAL_V1_G0_P1_B0_STRONG	B0_STRONG	85	1	A0_DENSE_VENDOR			0.0	0.0	0.0	0.0	0.669844	1	0	0	0.0	[null,null,220,null]
V1	0	1	FORMAL_V1_G0_P1_B0_STRONG	B0_STRONG	86	1	A0_DENSE_VENDOR			0.0	0.0	0.0	0.0	0.66868	1	0	0	0.0	[null,null,18,null]
V1	0	1	FORMAL_V1_G0_P1_B0_STRONG	B0_STRONG	87	1	A0_DENSE_VENDOR			0.0	0.0	0.0	0.0	0.65549	1	0	0	0.0	[null,null,198,null]
V1	0	1	FORMAL_V1_G0_P1_B0_STRONG	B0_STRONG	88	1	A0_DENSE_VENDOR			0.0	0.0	0.0	0.0	0.661936	1	0	0	0.0	[null,null,262,null]
V1	0	1	FORMAL_V1_G0_P1_B0_STRONG	B0_STRONG	89	1	A0_DENSE_VENDOR			0.0	0.0	0.0	0.0	0.67433	1	0	0	0.0	[null,null,456,null]
V1	0	1	FORMAL_V1_G0_P1_B0_STRONG	B0_STRONG	90	1	A0_DENSE_VENDOR			0.0	0.0	0.0	0.0	0.668751	1	0	0	0.0	[null,null,220,null]
V1	0	1	FORMAL_V1_G0_P1_B0_STRONG	B0_STRONG	91	1	A0_DENSE_VENDOR			0.0	0.0	0.0	0.0	0.661506	1	0	0	0.0	[null,null,5133,null]
V1	0	1	FORMAL_V1_G0_P1_B0_STRONG	B0_STRONG	92	1	A0_DENSE_VENDOR			0.0	0.0	0.0	0.0	0.663212	1	0	0	0.0	[null,null,92,null]
V1	0	1	FORMAL_V1_G0_P1_B0_STRONG	B0_STRONG	93	1	A0_DENSE_VENDOR			0.0	0.0	0.0	0.0	0.122985	0	1	0	0.0	[null,null,151645,null]
V1	0	1	FORMAL_V1_G0_P1_M1_RULE_U01	M1_RULE_U01	0	4	A3_RAGGED_DIRECT	7	4.6072030328559395e-05	0.009849	0.047837	0.00056	0.082203	1.267675	4	0	1	0.038475	[515,515,515,515]
V1	0	1	FORMAL_V1_G0_P1_M1_RULE_U01	M1_RULE_U01	1	4	A3_RAGGED_DIRECT	426	0.0028038121314237574	0.007396	0.044323	0.000477	0.076807	0.538081	4	0	2	0.036487	[220,220,220,220]
V1	0	1	FORMAL_V1_G0_P1_M1_RULE_U01	M1_RULE_U01	2	4	A3_RAGGED_DIRECT	426	0.0028038121314237574	0.007482	0.045035	0.000471	0.080424	0.528221	4	0	2	0.032995	[330,330,330,330]
V1	0	1	FORMAL_V1_G0_P1_M1_RULE_U01	M1_RULE_U01	3	4	A3_RAGGED_DIRECT	14	9.214406065711879e-05	0.007124	0.043467	0.000492	0.081213	0.514024	4	0	3	0.033721	[4129,4129,29642,5113]
V1	0	1	FORMAL_V1_G0_P1_M1_RULE_U01	M1_RULE_U01	4	4	A3_RAGGED_DIRECT	21	0.00013821609098567817	0.007145	0.045582	0.000492	0.0829	0.520896	4	0	3	0.0332	[788,788,258,788]
V1	0	1	FORMAL_V1_G0_P1_M1_RULE_U01	M1_RULE_U01	5	4	A3_RAGGED_DIRECT	823	0.005416754422914912	0.007115	0.043385	0.000492	0.082628	0.503876	3	1	2	0.028986	[220,220,70,330]
V1	0	1	FORMAL_V1_G0_P1_M1_RULE_U01	M1_RULE_U01	6	4	A0_DENSE_VENDOR	147404	0.970171651221567	0.00737	0.04521	0.000493	0.079305	0.90979	4	0	0	0.0	[16,16,6744,13079]
V1	0	1	FORMAL_V1_G0_P1_M1_RULE_U01	M1_RULE_U01	7	4	A0_DENSE_VENDOR	147415	0.970244050126369	0.007316	0.043735	0.000482	0.079409	0.878419	4	0	0	0.0	[17,17,788,35]
V1	0	1	FORMAL_V1_G0_P1_M1_RULE_U01	M1_RULE_U01	8	4	A0_DENSE_VENDOR	147800	0.9727780117944398	0.007457	0.045633	0.000471	0.080503	0.898523	4	0	0	0.0	[198,198,330,4644]
V1	0	1	FORMAL_V1_G0_P1_M1_RULE_U01	M1_RULE_U01	9	4	A0_DENSE_VENDOR	147475	0.9706389532434709	0.007269	0.048444	0.000457	0.081817	0.967094	4	0	0	0.0	[92,92,16,16]
V1	0	1	FORMAL_V1_G0_P1_M1_RULE_U01	M1_RULE_U01	10	4	A0_DENSE_VENDOR	147140	0.9684340775063185	0.007514	0.045301	0.000472	0.079347	0.952425	2	2	0	0.0	[151645,151645,17,17]
V1	0	1	FORMAL_V1_G0_P1_M1_RULE_U01	M1_RULE_U01	11	2	A0_DENSE_VENDOR	147139	0.9684274957877	0.006639	0.043716	0.000464	0.074866	0.919	2	0	0	0.0	[null,null,18,18]
V1	0	1	FORMAL_V1_G0_P1_M1_RULE_U01	M1_RULE_U01	12	2	A0_DENSE_VENDOR	147139	0.9684274957877	0.006548	0.043681	0.000438	0.077463	0.917309	2	0	0	0.0	[null,null,4697,698]
V1	0	1	FORMAL_V1_G0_P1_M1_RULE_U01	M1_RULE_U01	13	2	A0_DENSE_VENDOR	147473	0.9706257898062342	0.006616	0.04432	0.000457	0.075706	0.838839	2	0	0	0.0	[null,null,794,92]
V1	0	1	FORMAL_V1_G0_P1_M1_RULE_U01	M1_RULE_U01	14	2	A0_DENSE_VENDOR	147138	0.9684209140690817	0.006573	0.043406	0.000438	0.075776	0.831285	1	1	0	0.0	[null,null,11,151645]
V1	0	1	FORMAL_V1_G0_P1_M1_RULE_U01	M1_RULE_U01	15	1	A0_DENSE_VENDOR	147137	0.9684143323504634	0.005876	0.040289	0.000425	0.071597	0.797051	1	0	0	0.0	[null,null,5765,null]
V1	0	1	FORMAL_V1_G0_P1_M1_RULE_U01	M1_RULE_U01	16	1	A0_DENSE_VENDOR	147137	0.9684143323504634	0.005712	0.040473	0.000356	0.07062	0.81341	1	0	0	0.0	[null,null,27831,null]
V1	0	1	FORMAL_V1_G0_P1_M1_RULE_U01	M1_RULE_U01	17	1	A0_DENSE_VENDOR	147137	0.9684143323504634	0.005537	0.04045	0.00041	0.071573	0.812286	1	0	0	0.0	[null,null,11,null]
V1	0	1	FORMAL_V1_G0_P1_M1_RULE_U01	M1_RULE_U01	18	1	A0_DENSE_VENDOR	147137	0.9684143323504634	0.005592	0.040418	0.000389	0.070033	0.802659	1	0	0	0.0	[null,null,7279,null]
V1	0	1	FORMAL_V1_G0_P1_M1_RULE_U01	M1_RULE_U01	19	1	A0_DENSE_VENDOR	147137	0.9684143323504634	0.005587	0.040257	0.000385	0.071171	0.81503	1	0	0	0.0	[null,null,756,null]
V1	0	1	FORMAL_V1_G0_P1_M1_RULE_U01	M1_RULE_U01	20	1	A3_RAGGED_DIRECT	425	0.002797230412805392	0.005567	0.040342	0.00045	0.071715	0.340727	1	0	1	0.013958	[null,null,220,null]
V1	0	1	FORMAL_V1_G0_P1_M1_RULE_U01	M1_RULE_U01	21	1	A3_RAGGED_DIRECT	425	0.002797230412805392	0.005805	0.039616	0.000405	0.071081	0.357321	1	0	1	0.014375	[null,null,330,null]
V1	0	1	FORMAL_V1_G0_P1_M1_RULE_U01	M1_RULE_U01	22	1	A3_RAGGED_DIRECT	6	3.9490311710193765e-05	0.005395	0.039323	0.000397	0.068766	0.307864	1	0	1	0.012807	[null,null,11049,null]
V1	0	1	FORMAL_V1_G0_P1_M1_RULE_U01	M1_RULE_U01	23	1	A3_RAGGED_DIRECT	4	2.632687447346251e-05	0.005427	0.039393	0.000383	0.068517	0.320142	1	0	1	0.013062	[null,null,1269,null]
V1	0	1	FORMAL_V1_G0_P1_M1_RULE_U01	M1_RULE_U01	24	1	A3_RAGGED_DIRECT	19	0.0001250526537489469	0.005338	0.03952	0.000391	0.067472	0.309035	1	0	1	0.013055	[null,null,788,null]
V1	0	1	FORMAL_V1_G0_P1_M1_RULE_U01	M1_RULE_U01	25	1	A3_RAGGED_DIRECT	822	0.005410172704296546	0.005428	0.039159	0.000411	0.06882	0.339225	1	0	1	0.013273	[null,null,330,null]
V1	0	1	FORMAL_V1_G0_P1_M1_RULE_U01	M1_RULE_U01	26	1	A0_DENSE_VENDOR	147137	0.9684143323504634	0.005238	0.039503	0.000386	0.067477	0.81531	1	0	0	0.0	[null,null,13079,null]
V1	0	1	FORMAL_V1_G0_P1_M1_RULE_U01	M1_RULE_U01	27	1	A0_DENSE_VENDOR	147137	0.9684143323504634	0.005891	0.040367	0.000384	0.072421	0.808891	1	0	0	0.0	[null,null,49628,null]
V1	0	1	FORMAL_V1_G0_P1_M1_RULE_U01	M1_RULE_U01	28	1	A0_DENSE_VENDOR	147137	0.9684143323504634	0.00561	0.040052	0.00039	0.071208	0.800998	1	0	0	0.0	[null,null,756,null]
V1	0	1	FORMAL_V1_G0_P1_M1_RULE_U01	M1_RULE_U01	29	1	A3_RAGGED_DIRECT	424	0.002790648694187026	0.005686	0.040193	0.000367	0.072206	0.342818	1	0	1	0.013434	[null,null,220,null]
V1	0	1	FORMAL_V1_G0_P1_M1_RULE_U01	M1_RULE_U01	30	1	A3_RAGGED_DIRECT	424	0.002790648694187026	0.005548	0.039383	0.000399	0.069584	0.348703	1	0	1	0.014711	[null,null,330,null]
V1	0	1	FORMAL_V1_G0_P1_M1_RULE_U01	M1_RULE_U01	31	1	A3_RAGGED_DIRECT	5	3.2908593091828136e-05	0.005452	0.039367	0.000385	0.06782	0.321094	1	0	1	0.01661	[null,null,3615,null]
V1	0	1	FORMAL_V1_G0_P1_M1_RULE_U01	M1_RULE_U01	32	1	A3_RAGGED_DIRECT	15	9.872577927548442e-05	0.00551	0.039231	0.000413	0.069332	0.312246	1	0	1	0.013078	[null,null,788,null]
V1	0	1	FORMAL_V1_G0_P1_M1_RULE_U01	M1_RULE_U01	33	1	A3_RAGGED_DIRECT	442	0.0029091196293176075	0.005411	0.039718	0.000393	0.075879	0.33566	1	0	1	0.013097	[null,null,2278,null]
V1	0	1	FORMAL_V1_G0_P1_M1_RULE_U01	M1_RULE_U01	34	1	A3_RAGGED_DIRECT	452	0.002974936815501264	0.005529	0.039203	0.00039	0.067265	0.334658	1	0	1	0.01405	[null,null,262,null]
V1	0	1	FORMAL_V1_G0_P1_M1_RULE_U01	M1_RULE_U01	35	1	A3_RAGGED_DIRECT	452	0.002974936815501264	0.005424	0.039084	0.000376	0.069158	0.322083	1	0	1	0.013442	[null,null,341,null]
V1	0	1	FORMAL_V1_G0_P1_M1_RULE_U01	M1_RULE_U01	36	1	A3_RAGGED_DIRECT	424	0.002790648694187026	0.005401	0.039596	0.000418	0.067518	0.33067	1	0	1	0.013199	[null,null,414,null]
V1	0	1	FORMAL_V1_G0_P1_M1_RULE_U01	M1_RULE_U01	37	1	A3_RAGGED_DIRECT	424	0.002790648694187026	0.005337	0.039002	0.000387	0.066672	0.332639	1	0	1	0.013471	[null,null,330,null]
V1	0	1	FORMAL_V1_G0_P1_M1_RULE_U01	M1_RULE_U01	38	1	A3_RAGGED_DIRECT	4	2.632687447346251e-05	0.009539	0.039313	0.00042	0.07255	0.310497	1	0	1	0.0127	[null,null,6555,null]
V1	0	1	FORMAL_V1_G0_P1_M1_RULE_U01	M1_RULE_U01	39	1	A3_RAGGED_DIRECT	13	8.556234203875316e-05	0.00539	0.039404	0.000397	0.067396	0.327189	1	0	1	0.013385	[null,null,788,null]
V1	0	1	FORMAL_V1_G0_P1_M1_RULE_U01	M1_RULE_U01	40	1	A3_RAGGED_DIRECT	434	0.0028564658803706825	0.005465	0.039322	0.000378	0.06754	0.316209	1	0	1	0.011461	[null,null,220,null]
V1	0	1	FORMAL_V1_G0_P1_M1_RULE_U01	M1_RULE_U01	41	1	A3_RAGGED_DIRECT	434	0.0028564658803706825	0.005468	0.039406	0.00042	0.067648	0.323396	1	0	1	0.012991	[null,null,16,null]
V1	0	1	FORMAL_V1_G0_P1_M1_RULE_U01	M1_RULE_U01	42	1	A3_RAGGED_DIRECT	448	0.0029486099410278013	0.005329	0.03942	0.000375	0.069286	0.332818	1	0	1	0.013591	[null,null,15,null]
V1	0	1	FORMAL_V1_G0_P1_M1_RULE_U01	M1_RULE_U01	43	1	A3_RAGGED_DIRECT	448	0.0029486099410278013	0.005455	0.039295	0.000379	0.068653	0.316413	1	0	1	0.011822	[null,null,345,null]
V1	0	1	FORMAL_V1_G0_P1_M1_RULE_U01	M1_RULE_U01	44	1	A3_RAGGED_DIRECT	424	0.002790648694187026	0.005282	0.039408	0.000372	0.068174	0.321454	1	0	1	0.013368	[null,null,414,null]
V1	0	1	FORMAL_V1_G0_P1_M1_RULE_U01	M1_RULE_U01	45	1	A3_RAGGED_DIRECT	424	0.002790648694187026	0.005406	0.039344	0.000393	0.06936	0.332761	1	0	1	0.013104	[null,null,330,null]
V1	0	1	FORMAL_V1_G0_P1_M1_RULE_U01	M1_RULE_U01	46	1	A3_RAGGED_DIRECT	6	3.9490311710193765e-05	0.005339	0.039421	0.000382	0.067922	0.32576	1	0	1	0.013483	[null,null,3031,null]
V1	0	1	FORMAL_V1_G0_P1_M1_RULE_U01	M1_RULE_U01	47	1	A3_RAGGED_DIRECT	4	2.632687447346251e-05	0.005357	0.039727	0.000386	0.067956	0.31592	1	0	1	0.013066	[null,null,1269,null]
V1	0	1	FORMAL_V1_G0_P1_M1_RULE_U01	M1_RULE_U01	48	1	A3_RAGGED_DIRECT	19	0.0001250526537489469	0.005435	0.041649	0.000405	0.071957	0.335224	1	0	1	0.013278	[null,null,788,null]
V1	0	1	FORMAL_V1_G0_P1_M1_RULE_U01	M1_RULE_U01	49	1	A3_RAGGED_DIRECT	822	0.005410172704296546	0.005437	0.039295	0.000395	0.069736	0.327478	1	0	1	0.014167	[null,null,330,null]
V1	0	1	FORMAL_V1_G0_P1_M1_RULE_U01	M1_RULE_U01	50	1	A0_DENSE_VENDOR	147137	0.9684143323504634	0.005408	0.039675	0.000414	0.069444	0.830904	1	0	0	0.0	[null,null,4816,null]
V1	0	1	FORMAL_V1_G0_P1_M1_RULE_U01	M1_RULE_U01	51	1	A0_DENSE_VENDOR	147137	0.9684143323504634	0.005609	0.0406	0.000378	0.072235	0.822408	1	0	0	0.0	[null,null,362,null]
V1	0	1	FORMAL_V1_G0_P1_M1_RULE_U01	M1_RULE_U01	52	1	A0_DENSE_VENDOR	147137	0.9684143323504634	0.005553	0.04034	0.000412	0.072276	0.816335	1	0	0	0.0	[null,null,756,null]
V1	0	1	FORMAL_V1_G0_P1_M1_RULE_U01	M1_RULE_U01	53	1	A3_RAGGED_DIRECT	424	0.002790648694187026	0.005511	0.04065	0.000404	0.072809	0.333942	1	0	1	0.013845	[null,null,414,null]
V1	0	1	FORMAL_V1_G0_P1_M1_RULE_U01	M1_RULE_U01	54	1	A3_RAGGED_DIRECT	424	0.002790648694187026	0.005446	0.039641	0.000413	0.070072	0.343919	1	0	1	0.014364	[null,null,330,null]
V1	0	1	FORMAL_V1_G0_P1_M1_RULE_U01	M1_RULE_U01	55	1	A3_RAGGED_DIRECT	6	3.9490311710193765e-05	0.005365	0.039425	0.00038	0.068717	0.306429	1	0	1	0.013196	[null,null,13523,null]
V1	0	1	FORMAL_V1_G0_P1_M1_RULE_U01	M1_RULE_U01	56	1	A3_RAGGED_DIRECT	13	8.556234203875316e-05	0.00546	0.03933	0.000385	0.067458	0.316223	1	0	1	0.012848	[null,null,788,null]
V1	0	1	FORMAL_V1_G0_P1_M1_RULE_U01	M1_RULE_U01	57	1	A3_RAGGED_DIRECT	434	0.0028564658803706825	0.005446	0.039533	0.000399	0.070009	0.333131	1	0	1	0.013159	[null,null,220,null]
V1	0	1	FORMAL_V1_G0_P1_M1_RULE_U01	M1_RULE_U01	58	1	A3_RAGGED_DIRECT	434	0.0028564658803706825	0.005497	0.039697	0.000408	0.069627	0.311769	1	0	1	0.011451	[null,null,17,null]
V1	0	1	FORMAL_V1_G0_P1_M1_RULE_U01	M1_RULE_U01	59	1	A3_RAGGED_DIRECT	476	0.003132898062342039	0.005448	0.039468	0.000399	0.06807	0.328753	1	0	1	0.013177	[null,null,198,null]
V1	0	1	FORMAL_V1_G0_P1_M1_RULE_U01	M1_RULE_U01	60	1	A3_RAGGED_DIRECT	466	0.0030670808761583826	0.005466	0.039289	0.000396	0.067537	0.338199	1	0	1	0.019054	[null,null,262,null]
V1	0	1	FORMAL_V1_G0_P1_M1_RULE_U01	M1_RULE_U01	61	1	A3_RAGGED_DIRECT	466	0.0030670808761583826	0.005405	0.03971	0.000403	0.069757	0.325897	1	0	1	0.014192	[null,null,1153,null]
V1	0	1	FORMAL_V1_G0_P1_M1_RULE_U01	M1_RULE_U01	62	1	A3_RAGGED_DIRECT	439	0.0028893744734625106	0.005429	0.039253	0.000389	0.067799	0.326689	1	0	1	0.013775	[null,null,262,null]
V1	0	1	FORMAL_V1_G0_P1_M1_RULE_U01	M1_RULE_U01	63	1	A3_RAGGED_DIRECT	439	0.0028893744734625106	0.005367	0.043403	0.000363	0.071328	0.340227	1	0	1	0.013285	[null,null,341,null]
V1	0	1	FORMAL_V1_G0_P1_M1_RULE_U01	M1_RULE_U01	64	1	A3_RAGGED_DIRECT	424	0.002790648694187026	0.005413	0.039595	0.000376	0.068038	0.320343	1	0	1	0.017052	[null,null,414,null]
V1	0	1	FORMAL_V1_G0_P1_M1_RULE_U01	M1_RULE_U01	65	1	A3_RAGGED_DIRECT	424	0.002790648694187026	0.005353	0.039608	0.000409	0.069466	0.317215	1	0	1	0.013506	[null,null,330,null]
V1	0	1	FORMAL_V1_G0_P1_M1_RULE_U01	M1_RULE_U01	66	1	A3_RAGGED_DIRECT	4	2.632687447346251e-05	0.005557	0.039854	0.000409	0.068208	0.325846	1	0	1	0.013062	[null,null,6555,null]
V1	0	1	FORMAL_V1_G0_P1_M1_RULE_U01	M1_RULE_U01	67	1	A3_RAGGED_DIRECT	13	8.556234203875316e-05	0.005431	0.039547	0.000397	0.069934	0.308648	1	0	1	0.01305	[null,null,788,null]
V1	0	1	FORMAL_V1_G0_P1_M1_RULE_U01	M1_RULE_U01	68	1	A3_RAGGED_DIRECT	434	0.0028564658803706825	0.005361	0.039254	0.000414	0.067386	0.331202	1	0	1	0.013423	[null,null,220,null]
V1	0	1	FORMAL_V1_G0_P1_M1_RULE_U01	M1_RULE_U01	69	1	A3_RAGGED_DIRECT	434	0.0028564658803706825	0.005335	0.039511	0.000383	0.069452	0.336914	1	0	1	0.013481	[null,null,17,null]
V1	0	1	FORMAL_V1_G0_P1_M1_RULE_U01	M1_RULE_U01	70	1	A3_RAGGED_DIRECT	448	0.0029486099410278013	0.005404	0.039688	0.000399	0.069627	0.344916	1	0	1	0.013489	[null,null,15,null]
V1	0	1	FORMAL_V1_G0_P1_M1_RULE_U01	M1_RULE_U01	71	1	A3_RAGGED_DIRECT	448	0.0029486099410278013	0.005358	0.039745	0.000373	0.067756	0.329167	1	0	1	0.018944	[null,null,345,null]
V1	0	1	FORMAL_V1_G0_P1_M1_RULE_U01	M1_RULE_U01	72	1	A3_RAGGED_DIRECT	424	0.002790648694187026	0.00529	0.039675	0.000377	0.072943	0.333743	1	0	1	0.013348	[null,null,414,null]
V1	0	1	FORMAL_V1_G0_P1_M1_RULE_U01	M1_RULE_U01	73	1	A3_RAGGED_DIRECT	424	0.002790648694187026	0.005497	0.039858	0.000428	0.068876	0.331266	1	0	1	0.016878	[null,null,330,null]
V1	0	1	FORMAL_V1_G0_P1_M1_RULE_U01	M1_RULE_U01	74	1	A3_RAGGED_DIRECT	6	3.9490311710193765e-05	0.005471	0.039176	0.000401	0.067252	0.302699	1	0	1	0.012896	[null,null,3031,null]
V1	0	1	FORMAL_V1_G0_P1_M1_RULE_U01	M1_RULE_U01	75	1	A3_RAGGED_DIRECT	4	2.632687447346251e-05	0.005409	0.039211	0.000367	0.06946	0.320839	1	0	1	0.012904	[null,null,1269,null]
V1	0	1	FORMAL_V1_G0_P1_M1_RULE_U01	M1_RULE_U01	76	1	A3_RAGGED_DIRECT	19	0.0001250526537489469	0.005499	0.039457	0.000462	0.07047	0.313535	1	0	1	0.013099	[null,null,788,null]
V1	0	1	FORMAL_V1_G0_P1_M1_RULE_U01	M1_RULE_U01	77	1	A3_RAGGED_DIRECT	822	0.005410172704296546	0.005504	0.039606	0.000418	0.071601	0.345843	1	0	1	0.01313	[null,null,330,null]
V1	0	1	FORMAL_V1_G0_P1_M1_RULE_U01	M1_RULE_U01	78	1	A0_DENSE_VENDOR	147137	0.9684143323504634	0.005485	0.039552	0.000372	0.06787	0.827305	1	0	0	0.0	[null,null,4816,null]
V1	0	1	FORMAL_V1_G0_P1_M1_RULE_U01	M1_RULE_U01	79	1	A0_DENSE_VENDOR	147137	0.9684143323504634	0.00541	0.040286	0.000394	0.069425	0.807619	1	0	0	0.0	[null,null,425,null]
V1	0	1	FORMAL_V1_G0_P1_M1_RULE_U01	M1_RULE_U01	80	1	A0_DENSE_VENDOR	147137	0.9684143323504634	0.00553	0.040296	0.000403	0.071608	0.812719	1	0	0	0.0	[null,null,756,null]
V1	0	1	FORMAL_V1_G0_P1_M1_RULE_U01	M1_RULE_U01	81	1	A3_RAGGED_DIRECT	424	0.002790648694187026	0.005596	0.040494	0.000455	0.070705	0.337006	1	0	1	0.013569	[null,null,414,null]
V1	0	1	FORMAL_V1_G0_P1_M1_RULE_U01	M1_RULE_U01	82	1	A3_RAGGED_DIRECT	424	0.002790648694187026	0.005577	0.039474	0.000413	0.069574	0.342423	1	0	1	0.0192	[null,null,330,null]
V1	0	1	FORMAL_V1_G0_P1_M1_RULE_U01	M1_RULE_U01	83	1	A3_RAGGED_DIRECT	6	3.9490311710193765e-05	0.005378	0.039568	0.0004	0.067879	0.318523	1	0	1	0.013527	[null,null,13523,null]
V1	0	1	FORMAL_V1_G0_P1_M1_RULE_U01	M1_RULE_U01	84	1	A3_RAGGED_DIRECT	13	8.556234203875316e-05	0.005459	0.043877	0.000432	0.073846	0.312971	1	0	1	0.012664	[null,null,788,null]
V1	0	1	FORMAL_V1_G0_P1_M1_RULE_U01	M1_RULE_U01	85	1	A3_RAGGED_DIRECT	434	0.0028564658803706825	0.005425	0.039547	0.000356	0.068181	0.326279	1	0	1	0.013047	[null,null,220,null]
V1	0	1	FORMAL_V1_G0_P1_M1_RULE_U01	M1_RULE_U01	86	1	A3_RAGGED_DIRECT	434	0.0028564658803706825	0.005304	0.039378	0.000422	0.068247	0.313515	1	0	1	0.014565	[null,null,18,null]
V1	0	1	FORMAL_V1_G0_P1_M1_RULE_U01	M1_RULE_U01	87	1	A3_RAGGED_DIRECT	476	0.003132898062342039	0.005432	0.03924	0.000401	0.067262	0.330028	1	0	1	0.013475	[null,null,198,null]
V1	0	1	FORMAL_V1_G0_P1_M1_RULE_U01	M1_RULE_U01	88	1	A3_RAGGED_DIRECT	466	0.0030670808761583826	0.00539	0.039065	0.000378	0.068849	0.317217	1	0	1	0.011405	[null,null,262,null]
V1	0	1	FORMAL_V1_G0_P1_M1_RULE_U01	M1_RULE_U01	89	1	A3_RAGGED_DIRECT	466	0.0030670808761583826	0.005384	0.039483	0.000365	0.06813	0.325018	1	0	1	0.013505	[null,null,456,null]
V1	0	1	FORMAL_V1_G0_P1_M1_RULE_U01	M1_RULE_U01	90	1	A3_RAGGED_DIRECT	449	0.002955191659646167	0.00538	0.039607	0.000387	0.069486	0.338085	1	0	1	0.013572	[null,null,220,null]
V1	0	1	FORMAL_V1_G0_P1_M1_RULE_U01	M1_RULE_U01	91	1	A3_RAGGED_DIRECT	449	0.002955191659646167	0.005406	0.039604	0.000375	0.067889	0.337618	1	0	1	0.013391	[null,null,5133,null]
V1	0	1	FORMAL_V1_G0_P1_M1_RULE_U01	M1_RULE_U01	92	1	A3_RAGGED_DIRECT	424	0.002790648694187026	0.005489	0.039287	0.000397	0.067271	0.327484	1	0	1	0.013228	[null,null,92,null]
V1	0	1	FORMAL_V1_G0_P1_M1_RULE_U01	M1_RULE_U01	93	1	A3_RAGGED_DIRECT	1	6.581718618365627e-06	0.005368	0.039018	0.000412	0.067281	0.178826	0	1	0	0.0	[null,null,151645,null]
V1	0	2	FORMAL_V1_G0_P2_B0_STRONG	B0_STRONG	0	4	A0_DENSE_VENDOR			0.0	0.0	0.0	0.0	1.643268	4	0	0	0.0	[515,515,515,515]
V1	0	2	FORMAL_V1_G0_P2_B0_STRONG	B0_STRONG	1	4	A0_DENSE_VENDOR			0.0	0.0	0.0	0.0	0.730134	4	0	0	0.0	[220,220,220,220]
V1	0	2	FORMAL_V1_G0_P2_B0_STRONG	B0_STRONG	2	4	A0_DENSE_VENDOR			0.0	0.0	0.0	0.0	0.723339	4	0	0	0.0	[330,330,330,330]
V1	0	2	FORMAL_V1_G0_P2_B0_STRONG	B0_STRONG	3	4	A0_DENSE_VENDOR			0.0	0.0	0.0	0.0	0.677829	4	0	0	0.0	[4129,4129,29642,5113]
V1	0	2	FORMAL_V1_G0_P2_B0_STRONG	B0_STRONG	4	4	A0_DENSE_VENDOR			0.0	0.0	0.0	0.0	0.695429	4	0	0	0.0	[788,788,258,788]
V1	0	2	FORMAL_V1_G0_P2_B0_STRONG	B0_STRONG	5	4	A0_DENSE_VENDOR			0.0	0.0	0.0	0.0	0.716877	3	1	0	0.0	[220,220,70,330]
V1	0	2	FORMAL_V1_G0_P2_B0_STRONG	B0_STRONG	6	4	A0_DENSE_VENDOR			0.0	0.0	0.0	0.0	0.812065	4	0	0	0.0	[16,16,6744,13079]
V1	0	2	FORMAL_V1_G0_P2_B0_STRONG	B0_STRONG	7	4	A0_DENSE_VENDOR			0.0	0.0	0.0	0.0	0.811613	4	0	0	0.0	[17,17,788,35]
V1	0	2	FORMAL_V1_G0_P2_B0_STRONG	B0_STRONG	8	4	A0_DENSE_VENDOR			0.0	0.0	0.0	0.0	0.835505	4	0	0	0.0	[198,198,330,4644]
V1	0	2	FORMAL_V1_G0_P2_B0_STRONG	B0_STRONG	9	4	A0_DENSE_VENDOR			0.0	0.0	0.0	0.0	0.886259	4	0	0	0.0	[92,92,16,16]
V1	0	2	FORMAL_V1_G0_P2_B0_STRONG	B0_STRONG	10	4	A0_DENSE_VENDOR			0.0	0.0	0.0	0.0	0.873804	2	2	0	0.0	[151645,151645,17,17]
V1	0	2	FORMAL_V1_G0_P2_B0_STRONG	B0_STRONG	11	2	A0_DENSE_VENDOR			0.0	0.0	0.0	0.0	0.863529	2	0	0	0.0	[null,null,18,18]
V1	0	2	FORMAL_V1_G0_P2_B0_STRONG	B0_STRONG	12	2	A0_DENSE_VENDOR			0.0	0.0	0.0	0.0	0.860127	2	0	0	0.0	[null,null,4697,698]
V1	0	2	FORMAL_V1_G0_P2_B0_STRONG	B0_STRONG	13	2	A0_DENSE_VENDOR			0.0	0.0	0.0	0.0	0.783436	2	0	0	0.0	[null,null,794,92]
V1	0	2	FORMAL_V1_G0_P2_B0_STRONG	B0_STRONG	14	2	A0_DENSE_VENDOR			0.0	0.0	0.0	0.0	0.759855	1	1	0	0.0	[null,null,11,151645]
V1	0	2	FORMAL_V1_G0_P2_B0_STRONG	B0_STRONG	15	1	A0_DENSE_VENDOR			0.0	0.0	0.0	0.0	0.750547	1	0	0	0.0	[null,null,5765,null]
V1	0	2	FORMAL_V1_G0_P2_B0_STRONG	B0_STRONG	16	1	A0_DENSE_VENDOR			0.0	0.0	0.0	0.0	0.73979	1	0	0	0.0	[null,null,27831,null]
V1	0	2	FORMAL_V1_G0_P2_B0_STRONG	B0_STRONG	17	1	A0_DENSE_VENDOR			0.0	0.0	0.0	0.0	0.742171	1	0	0	0.0	[null,null,11,null]
V1	0	2	FORMAL_V1_G0_P2_B0_STRONG	B0_STRONG	18	1	A0_DENSE_VENDOR			0.0	0.0	0.0	0.0	0.741162	1	0	0	0.0	[null,null,7279,null]
V1	0	2	FORMAL_V1_G0_P2_B0_STRONG	B0_STRONG	19	1	A0_DENSE_VENDOR			0.0	0.0	0.0	0.0	0.735022	1	0	0	0.0	[null,null,756,null]
V1	0	2	FORMAL_V1_G0_P2_B0_STRONG	B0_STRONG	20	1	A0_DENSE_VENDOR			0.0	0.0	0.0	0.0	0.661627	1	0	0	0.0	[null,null,220,null]
V1	0	2	FORMAL_V1_G0_P2_B0_STRONG	B0_STRONG	21	1	A0_DENSE_VENDOR			0.0	0.0	0.0	0.0	0.656792	1	0	0	0.0	[null,null,330,null]
V1	0	2	FORMAL_V1_G0_P2_B0_STRONG	B0_STRONG	22	1	A0_DENSE_VENDOR			0.0	0.0	0.0	0.0	0.653123	1	0	0	0.0	[null,null,11049,null]
V1	0	2	FORMAL_V1_G0_P2_B0_STRONG	B0_STRONG	23	1	A0_DENSE_VENDOR			0.0	0.0	0.0	0.0	0.649847	1	0	0	0.0	[null,null,1269,null]
V1	0	2	FORMAL_V1_G0_P2_B0_STRONG	B0_STRONG	24	1	A0_DENSE_VENDOR			0.0	0.0	0.0	0.0	0.650797	1	0	0	0.0	[null,null,788,null]
V1	0	2	FORMAL_V1_G0_P2_B0_STRONG	B0_STRONG	25	1	A0_DENSE_VENDOR			0.0	0.0	0.0	0.0	0.672458	1	0	0	0.0	[null,null,330,null]
V1	0	2	FORMAL_V1_G0_P2_B0_STRONG	B0_STRONG	26	1	A0_DENSE_VENDOR			0.0	0.0	0.0	0.0	0.751691	1	0	0	0.0	[null,null,13079,null]
V1	0	2	FORMAL_V1_G0_P2_B0_STRONG	B0_STRONG	27	1	A0_DENSE_VENDOR			0.0	0.0	0.0	0.0	0.744191	1	0	0	0.0	[null,null,49628,null]
V1	0	2	FORMAL_V1_G0_P2_B0_STRONG	B0_STRONG	28	1	A0_DENSE_VENDOR			0.0	0.0	0.0	0.0	0.754625	1	0	0	0.0	[null,null,756,null]
V1	0	2	FORMAL_V1_G0_P2_B0_STRONG	B0_STRONG	29	1	A0_DENSE_VENDOR			0.0	0.0	0.0	0.0	0.661995	1	0	0	0.0	[null,null,220,null]
V1	0	2	FORMAL_V1_G0_P2_B0_STRONG	B0_STRONG	30	1	A0_DENSE_VENDOR			0.0	0.0	0.0	0.0	0.668923	1	0	0	0.0	[null,null,330,null]
V1	0	2	FORMAL_V1_G0_P2_B0_STRONG	B0_STRONG	31	1	A0_DENSE_VENDOR			0.0	0.0	0.0	0.0	0.639791	1	0	0	0.0	[null,null,3615,null]
V1	0	2	FORMAL_V1_G0_P2_B0_STRONG	B0_STRONG	32	1	A0_DENSE_VENDOR			0.0	0.0	0.0	0.0	0.64657	1	0	0	0.0	[null,null,788,null]
V1	0	2	FORMAL_V1_G0_P2_B0_STRONG	B0_STRONG	33	1	A0_DENSE_VENDOR			0.0	0.0	0.0	0.0	0.664671	1	0	0	0.0	[null,null,2278,null]
V1	0	2	FORMAL_V1_G0_P2_B0_STRONG	B0_STRONG	34	1	A0_DENSE_VENDOR			0.0	0.0	0.0	0.0	0.665902	1	0	0	0.0	[null,null,262,null]
V1	0	2	FORMAL_V1_G0_P2_B0_STRONG	B0_STRONG	35	1	A0_DENSE_VENDOR			0.0	0.0	0.0	0.0	0.664765	1	0	0	0.0	[null,null,341,null]
V1	0	2	FORMAL_V1_G0_P2_B0_STRONG	B0_STRONG	36	1	A0_DENSE_VENDOR			0.0	0.0	0.0	0.0	0.667125	1	0	0	0.0	[null,null,414,null]
V1	0	2	FORMAL_V1_G0_P2_B0_STRONG	B0_STRONG	37	1	A0_DENSE_VENDOR			0.0	0.0	0.0	0.0	0.660446	1	0	0	0.0	[null,null,330,null]
V1	0	2	FORMAL_V1_G0_P2_B0_STRONG	B0_STRONG	38	1	A0_DENSE_VENDOR			0.0	0.0	0.0	0.0	0.654695	1	0	0	0.0	[null,null,6555,null]
V1	0	2	FORMAL_V1_G0_P2_B0_STRONG	B0_STRONG	39	1	A0_DENSE_VENDOR			0.0	0.0	0.0	0.0	0.648697	1	0	0	0.0	[null,null,788,null]
V1	0	2	FORMAL_V1_G0_P2_B0_STRONG	B0_STRONG	40	1	A0_DENSE_VENDOR			0.0	0.0	0.0	0.0	0.659157	1	0	0	0.0	[null,null,220,null]
V1	0	2	FORMAL_V1_G0_P2_B0_STRONG	B0_STRONG	41	1	A0_DENSE_VENDOR			0.0	0.0	0.0	0.0	0.659633	1	0	0	0.0	[null,null,16,null]
V1	0	2	FORMAL_V1_G0_P2_B0_STRONG	B0_STRONG	42	1	A0_DENSE_VENDOR			0.0	0.0	0.0	0.0	0.663707	1	0	0	0.0	[null,null,15,null]
V1	0	2	FORMAL_V1_G0_P2_B0_STRONG	B0_STRONG	43	1	A0_DENSE_VENDOR			0.0	0.0	0.0	0.0	0.663544	1	0	0	0.0	[null,null,345,null]
V1	0	2	FORMAL_V1_G0_P2_B0_STRONG	B0_STRONG	44	1	A0_DENSE_VENDOR			0.0	0.0	0.0	0.0	0.660553	1	0	0	0.0	[null,null,414,null]
V1	0	2	FORMAL_V1_G0_P2_B0_STRONG	B0_STRONG	45	1	A0_DENSE_VENDOR			0.0	0.0	0.0	0.0	0.66221	1	0	0	0.0	[null,null,330,null]
V1	0	2	FORMAL_V1_G0_P2_B0_STRONG	B0_STRONG	46	1	A0_DENSE_VENDOR			0.0	0.0	0.0	0.0	0.648786	1	0	0	0.0	[null,null,3031,null]
V1	0	2	FORMAL_V1_G0_P2_B0_STRONG	B0_STRONG	47	1	A0_DENSE_VENDOR			0.0	0.0	0.0	0.0	0.649126	1	0	0	0.0	[null,null,1269,null]
V1	0	2	FORMAL_V1_G0_P2_B0_STRONG	B0_STRONG	48	1	A0_DENSE_VENDOR			0.0	0.0	0.0	0.0	0.650917	1	0	0	0.0	[null,null,788,null]
V1	0	2	FORMAL_V1_G0_P2_B0_STRONG	B0_STRONG	49	1	A0_DENSE_VENDOR			0.0	0.0	0.0	0.0	0.676042	1	0	0	0.0	[null,null,330,null]
V1	0	2	FORMAL_V1_G0_P2_B0_STRONG	B0_STRONG	50	1	A0_DENSE_VENDOR			0.0	0.0	0.0	0.0	0.759895	1	0	0	0.0	[null,null,4816,null]
V1	0	2	FORMAL_V1_G0_P2_B0_STRONG	B0_STRONG	51	1	A0_DENSE_VENDOR			0.0	0.0	0.0	0.0	0.752831	1	0	0	0.0	[null,null,362,null]
V1	0	2	FORMAL_V1_G0_P2_B0_STRONG	B0_STRONG	52	1	A0_DENSE_VENDOR			0.0	0.0	0.0	0.0	0.75068	1	0	0	0.0	[null,null,756,null]
V1	0	2	FORMAL_V1_G0_P2_B0_STRONG	B0_STRONG	53	1	A0_DENSE_VENDOR			0.0	0.0	0.0	0.0	0.666727	1	0	0	0.0	[null,null,414,null]
V1	0	2	FORMAL_V1_G0_P2_B0_STRONG	B0_STRONG	54	1	A0_DENSE_VENDOR			0.0	0.0	0.0	0.0	0.655691	1	0	0	0.0	[null,null,330,null]
V1	0	2	FORMAL_V1_G0_P2_B0_STRONG	B0_STRONG	55	1	A0_DENSE_VENDOR			0.0	0.0	0.0	0.0	0.658129	1	0	0	0.0	[null,null,13523,null]
V1	0	2	FORMAL_V1_G0_P2_B0_STRONG	B0_STRONG	56	1	A0_DENSE_VENDOR			0.0	0.0	0.0	0.0	0.655388	1	0	0	0.0	[null,null,788,null]
V1	0	2	FORMAL_V1_G0_P2_B0_STRONG	B0_STRONG	57	1	A0_DENSE_VENDOR			0.0	0.0	0.0	0.0	0.668193	1	0	0	0.0	[null,null,220,null]
V1	0	2	FORMAL_V1_G0_P2_B0_STRONG	B0_STRONG	58	1	A0_DENSE_VENDOR			0.0	0.0	0.0	0.0	0.65842	1	0	0	0.0	[null,null,17,null]
V1	0	2	FORMAL_V1_G0_P2_B0_STRONG	B0_STRONG	59	1	A0_DENSE_VENDOR			0.0	0.0	0.0	0.0	0.666158	1	0	0	0.0	[null,null,198,null]
V1	0	2	FORMAL_V1_G0_P2_B0_STRONG	B0_STRONG	60	1	A0_DENSE_VENDOR			0.0	0.0	0.0	0.0	0.663278	1	0	0	0.0	[null,null,262,null]
V1	0	2	FORMAL_V1_G0_P2_B0_STRONG	B0_STRONG	61	1	A0_DENSE_VENDOR			0.0	0.0	0.0	0.0	0.659764	1	0	0	0.0	[null,null,1153,null]
V1	0	2	FORMAL_V1_G0_P2_B0_STRONG	B0_STRONG	62	1	A0_DENSE_VENDOR			0.0	0.0	0.0	0.0	0.666393	1	0	0	0.0	[null,null,262,null]
V1	0	2	FORMAL_V1_G0_P2_B0_STRONG	B0_STRONG	63	1	A0_DENSE_VENDOR			0.0	0.0	0.0	0.0	0.661483	1	0	0	0.0	[null,null,341,null]
V1	0	2	FORMAL_V1_G0_P2_B0_STRONG	B0_STRONG	64	1	A0_DENSE_VENDOR			0.0	0.0	0.0	0.0	0.667272	1	0	0	0.0	[null,null,414,null]
V1	0	2	FORMAL_V1_G0_P2_B0_STRONG	B0_STRONG	65	1	A0_DENSE_VENDOR			0.0	0.0	0.0	0.0	0.663594	1	0	0	0.0	[null,null,330,null]
V1	0	2	FORMAL_V1_G0_P2_B0_STRONG	B0_STRONG	66	1	A0_DENSE_VENDOR			0.0	0.0	0.0	0.0	0.654571	1	0	0	0.0	[null,null,6555,null]
V1	0	2	FORMAL_V1_G0_P2_B0_STRONG	B0_STRONG	67	1	A0_DENSE_VENDOR			0.0	0.0	0.0	0.0	0.64847	1	0	0	0.0	[null,null,788,null]
V1	0	2	FORMAL_V1_G0_P2_B0_STRONG	B0_STRONG	68	1	A0_DENSE_VENDOR			0.0	0.0	0.0	0.0	0.657242	1	0	0	0.0	[null,null,220,null]
V1	0	2	FORMAL_V1_G0_P2_B0_STRONG	B0_STRONG	69	1	A0_DENSE_VENDOR			0.0	0.0	0.0	0.0	0.665103	1	0	0	0.0	[null,null,17,null]
V1	0	2	FORMAL_V1_G0_P2_B0_STRONG	B0_STRONG	70	1	A0_DENSE_VENDOR			0.0	0.0	0.0	0.0	0.665043	1	0	0	0.0	[null,null,15,null]
V1	0	2	FORMAL_V1_G0_P2_B0_STRONG	B0_STRONG	71	1	A0_DENSE_VENDOR			0.0	0.0	0.0	0.0	0.665017	1	0	0	0.0	[null,null,345,null]
V1	0	2	FORMAL_V1_G0_P2_B0_STRONG	B0_STRONG	72	1	A0_DENSE_VENDOR			0.0	0.0	0.0	0.0	0.669437	1	0	0	0.0	[null,null,414,null]
V1	0	2	FORMAL_V1_G0_P2_B0_STRONG	B0_STRONG	73	1	A0_DENSE_VENDOR			0.0	0.0	0.0	0.0	0.663547	1	0	0	0.0	[null,null,330,null]
V1	0	2	FORMAL_V1_G0_P2_B0_STRONG	B0_STRONG	74	1	A0_DENSE_VENDOR			0.0	0.0	0.0	0.0	0.645844	1	0	0	0.0	[null,null,3031,null]
V1	0	2	FORMAL_V1_G0_P2_B0_STRONG	B0_STRONG	75	1	A0_DENSE_VENDOR			0.0	0.0	0.0	0.0	0.648876	1	0	0	0.0	[null,null,1269,null]
V1	0	2	FORMAL_V1_G0_P2_B0_STRONG	B0_STRONG	76	1	A0_DENSE_VENDOR			0.0	0.0	0.0	0.0	0.68782	1	0	0	0.0	[null,null,788,null]
V1	0	2	FORMAL_V1_G0_P2_B0_STRONG	B0_STRONG	77	1	A0_DENSE_VENDOR			0.0	0.0	0.0	0.0	0.694409	1	0	0	0.0	[null,null,330,null]
V1	0	2	FORMAL_V1_G0_P2_B0_STRONG	B0_STRONG	78	1	A0_DENSE_VENDOR			0.0	0.0	0.0	0.0	0.785606	1	0	0	0.0	[null,null,4816,null]
V1	0	2	FORMAL_V1_G0_P2_B0_STRONG	B0_STRONG	79	1	A0_DENSE_VENDOR			0.0	0.0	0.0	0.0	0.781338	1	0	0	0.0	[null,null,425,null]
V1	0	2	FORMAL_V1_G0_P2_B0_STRONG	B0_STRONG	80	1	A0_DENSE_VENDOR			0.0	0.0	0.0	0.0	0.78288	1	0	0	0.0	[null,null,756,null]
V1	0	2	FORMAL_V1_G0_P2_B0_STRONG	B0_STRONG	81	1	A0_DENSE_VENDOR			0.0	0.0	0.0	0.0	0.690119	1	0	0	0.0	[null,null,414,null]
V1	0	2	FORMAL_V1_G0_P2_B0_STRONG	B0_STRONG	82	1	A0_DENSE_VENDOR			0.0	0.0	0.0	0.0	0.691809	1	0	0	0.0	[null,null,330,null]
V1	0	2	FORMAL_V1_G0_P2_B0_STRONG	B0_STRONG	83	1	A0_DENSE_VENDOR			0.0	0.0	0.0	0.0	0.866031	1	0	0	0.0	[null,null,13523,null]
V1	0	2	FORMAL_V1_G0_P2_B0_STRONG	B0_STRONG	84	1	A0_DENSE_VENDOR			0.0	0.0	0.0	0.0	0.685226	1	0	0	0.0	[null,null,788,null]
V1	0	2	FORMAL_V1_G0_P2_B0_STRONG	B0_STRONG	85	1	A0_DENSE_VENDOR			0.0	0.0	0.0	0.0	0.692916	1	0	0	0.0	[null,null,220,null]
V1	0	2	FORMAL_V1_G0_P2_B0_STRONG	B0_STRONG	86	1	A0_DENSE_VENDOR			0.0	0.0	0.0	0.0	0.695267	1	0	0	0.0	[null,null,18,null]
V1	0	2	FORMAL_V1_G0_P2_B0_STRONG	B0_STRONG	87	1	A0_DENSE_VENDOR			0.0	0.0	0.0	0.0	0.694569	1	0	0	0.0	[null,null,198,null]
V1	0	2	FORMAL_V1_G0_P2_B0_STRONG	B0_STRONG	88	1	A0_DENSE_VENDOR			0.0	0.0	0.0	0.0	0.697723	1	0	0	0.0	[null,null,262,null]
V1	0	2	FORMAL_V1_G0_P2_B0_STRONG	B0_STRONG	89	1	A0_DENSE_VENDOR			0.0	0.0	0.0	0.0	0.692771	1	0	0	0.0	[null,null,456,null]
V1	0	2	FORMAL_V1_G0_P2_B0_STRONG	B0_STRONG	90	1	A0_DENSE_VENDOR			0.0	0.0	0.0	0.0	0.69217	1	0	0	0.0	[null,null,220,null]
V1	0	2	FORMAL_V1_G0_P2_B0_STRONG	B0_STRONG	91	1	A0_DENSE_VENDOR			0.0	0.0	0.0	0.0	0.687991	1	0	0	0.0	[null,null,5133,null]
V1	0	2	FORMAL_V1_G0_P2_B0_STRONG	B0_STRONG	92	1	A0_DENSE_VENDOR			0.0	0.0	0.0	0.0	0.692784	1	0	0	0.0	[null,null,92,null]
V1	0	2	FORMAL_V1_G0_P2_B0_STRONG	B0_STRONG	93	1	A0_DENSE_VENDOR			0.0	0.0	0.0	0.0	0.127588	0	1	0	0.0	[null,null,151645,null]
V1	0	2	FORMAL_V1_G0_P2_M1_RULE_U01	M1_RULE_U01	0	4	A3_RAGGED_DIRECT	7	4.6072030328559395e-05	0.010077	0.053078	0.00059	0.089173	1.174114	4	0	1	0.034528	[515,515,515,515]
V1	0	2	FORMAL_V1_G0_P2_M1_RULE_U01	M1_RULE_U01	1	4	A3_RAGGED_DIRECT	426	0.0028038121314237574	0.007438	0.04772	0.000458	0.08042	0.536587	4	0	2	0.038379	[220,220,220,220]
V1	0	2	FORMAL_V1_G0_P2_M1_RULE_U01	M1_RULE_U01	2	4	A3_RAGGED_DIRECT	426	0.0028038121314237574	0.007475	0.048805	0.000446	0.080994	0.525987	4	0	2	0.033663	[330,330,330,330]
V1	0	2	FORMAL_V1_G0_P2_M1_RULE_U01	M1_RULE_U01	3	4	A3_RAGGED_DIRECT	14	9.214406065711879e-05	0.007607	0.048134	0.000497	0.086553	0.547204	4	0	3	0.039635	[4129,4129,29642,5113]
V1	0	2	FORMAL_V1_G0_P2_M1_RULE_U01	M1_RULE_U01	4	4	A3_RAGGED_DIRECT	21	0.00013821609098567817	0.007442	0.049767	0.000496	0.081413	0.526391	4	0	3	0.033595	[788,788,258,788]
V1	0	2	FORMAL_V1_G0_P2_M1_RULE_U01	M1_RULE_U01	5	4	A3_RAGGED_DIRECT	823	0.005416754422914912	0.007066	0.048716	0.000477	0.079994	0.483174	3	1	2	0.026615	[220,220,70,330]
V1	0	2	FORMAL_V1_G0_P2_M1_RULE_U01	M1_RULE_U01	6	4	A0_DENSE_VENDOR	147404	0.970171651221567	0.007404	0.049068	0.000446	0.08234	0.930578	4	0	0	0.0	[16,16,6744,13079]
V1	0	2	FORMAL_V1_G0_P2_M1_RULE_U01	M1_RULE_U01	7	4	A0_DENSE_VENDOR	147415	0.970244050126369	0.012194	0.045542	0.000635	0.098896	1.173438	4	0	0	0.0	[17,17,788,35]
V1	0	2	FORMAL_V1_G0_P2_M1_RULE_U01	M1_RULE_U01	8	4	A0_DENSE_VENDOR	147800	0.9727780117944398	0.011943	0.045534	0.00064	0.096076	1.188569	4	0	0	0.0	[198,198,330,4644]
V1	0	2	FORMAL_V1_G0_P2_M1_RULE_U01	M1_RULE_U01	9	4	A0_DENSE_VENDOR	147475	0.9706389532434709	0.007256	0.047371	0.000468	0.091793	0.994996	4	0	0	0.0	[92,92,16,16]
V1	0	2	FORMAL_V1_G0_P2_M1_RULE_U01	M1_RULE_U01	10	4	A0_DENSE_VENDOR	147140	0.9684340775063185	0.008326	0.048243	0.000553	0.084461	0.994262	2	2	0	0.0	[151645,151645,17,17]
V1	0	2	FORMAL_V1_G0_P2_M1_RULE_U01	M1_RULE_U01	11	2	A0_DENSE_VENDOR	147139	0.9684274957877	0.007379	0.048874	0.000559	0.083036	0.969413	2	0	0	0.0	[null,null,18,18]
V1	0	2	FORMAL_V1_G0_P2_M1_RULE_U01	M1_RULE_U01	12	2	A0_DENSE_VENDOR	147139	0.9684274957877	0.007338	0.051873	0.000566	0.08758	0.978202	2	0	0	0.0	[null,null,4697,698]
V1	0	2	FORMAL_V1_G0_P2_M1_RULE_U01	M1_RULE_U01	13	2	A0_DENSE_VENDOR	147473	0.9706257898062342	0.01089	0.045317	0.000655	0.09432	1.107828	2	0	0	0.0	[null,null,794,92]
V1	0	2	FORMAL_V1_G0_P2_M1_RULE_U01	M1_RULE_U01	14	2	A0_DENSE_VENDOR	147138	0.9684209140690817	0.00653	0.048769	0.000431	0.080609	0.860678	1	1	0	0.0	[null,null,11,151645]
V1	0	2	FORMAL_V1_G0_P2_M1_RULE_U01	M1_RULE_U01	15	1	A0_DENSE_VENDOR	147137	0.9684143323504634	0.006317	0.043245	0.000433	0.076566	0.847704	1	0	0	0.0	[null,null,5765,null]
V1	0	2	FORMAL_V1_G0_P2_M1_RULE_U01	M1_RULE_U01	16	1	A0_DENSE_VENDOR	147137	0.9684143323504634	0.006415	0.043057	0.000427	0.075091	0.848609	1	0	0	0.0	[null,null,27831,null]
V1	0	2	FORMAL_V1_G0_P2_M1_RULE_U01	M1_RULE_U01	17	1	A0_DENSE_VENDOR	147137	0.9684143323504634	0.009009	0.044269	0.00058	0.094124	1.061843	1	0	0	0.0	[null,null,11,null]
V1	0	2	FORMAL_V1_G0_P2_M1_RULE_U01	M1_RULE_U01	18	1	A0_DENSE_VENDOR	147137	0.9684143323504634	0.008861	0.045748	0.000628	0.090048	1.062238	1	0	0	0.0	[null,null,7279,null]
V1	0	2	FORMAL_V1_G0_P2_M1_RULE_U01	M1_RULE_U01	19	1	A0_DENSE_VENDOR	147137	0.9684143323504634	0.005834	0.040082	0.00042	0.077021	1.042664	1	0	0	0.0	[null,null,756,null]
V1	0	2	FORMAL_V1_G0_P2_M1_RULE_U01	M1_RULE_U01	20	1	A3_RAGGED_DIRECT	425	0.002797230412805392	0.006536	0.043573	0.000575	0.078361	0.372459	1	0	1	0.014091	[null,null,220,null]
V1	0	2	FORMAL_V1_G0_P2_M1_RULE_U01	M1_RULE_U01	21	1	A3_RAGGED_DIRECT	425	0.002797230412805392	0.005493	0.039517	0.000382	0.069816	0.338663	1	0	1	0.013224	[null,null,330,null]
V1	0	2	FORMAL_V1_G0_P2_M1_RULE_U01	M1_RULE_U01	22	1	A3_RAGGED_DIRECT	6	3.9490311710193765e-05	0.005326	0.039556	0.00038	0.068847	0.305457	1	0	1	0.013504	[null,null,11049,null]
V1	0	2	FORMAL_V1_G0_P2_M1_RULE_U01	M1_RULE_U01	23	1	A3_RAGGED_DIRECT	4	2.632687447346251e-05	0.005396	0.039362	0.000382	0.068051	0.322403	1	0	1	0.013119	[null,null,1269,null]
V1	0	2	FORMAL_V1_G0_P2_M1_RULE_U01	M1_RULE_U01	24	1	A3_RAGGED_DIRECT	19	0.0001250526537489469	0.005875	0.047327	0.00045	0.077752	0.356741	1	0	1	0.013984	[null,null,788,null]
V1	0	2	FORMAL_V1_G0_P2_M1_RULE_U01	M1_RULE_U01	25	1	A3_RAGGED_DIRECT	822	0.005410172704296546	0.005556	0.044319	0.000391	0.074935	0.347782	1	0	1	0.013362	[null,null,330,null]
V1	0	2	FORMAL_V1_G0_P2_M1_RULE_U01	M1_RULE_U01	26	1	A0_DENSE_VENDOR	147137	0.9684143323504634	0.005493	0.044072	0.000431	0.072612	0.854953	1	0	0	0.0	[null,null,13079,null]
V1	0	2	FORMAL_V1_G0_P2_M1_RULE_U01	M1_RULE_U01	27	1	A0_DENSE_VENDOR	147137	0.9684143323504634	0.006302	0.043365	0.000511	0.077402	0.851038	1	0	0	0.0	[null,null,49628,null]
V1	0	2	FORMAL_V1_G0_P2_M1_RULE_U01	M1_RULE_U01	28	1	A0_DENSE_VENDOR	147137	0.9684143323504634	0.006155	0.043399	0.00042	0.076419	0.843354	1	0	0	0.0	[null,null,756,null]
V1	0	2	FORMAL_V1_G0_P2_M1_RULE_U01	M1_RULE_U01	29	1	A3_RAGGED_DIRECT	424	0.002790648694187026	0.006178	0.042761	0.000443	0.075643	0.36012	1	0	1	0.013028	[null,null,220,null]
V1	0	2	FORMAL_V1_G0_P2_M1_RULE_U01	M1_RULE_U01	30	1	A3_RAGGED_DIRECT	424	0.002790648694187026	0.005305	0.043385	0.000382	0.074431	0.347229	1	0	1	0.013109	[null,null,330,null]
V1	0	2	FORMAL_V1_G0_P2_M1_RULE_U01	M1_RULE_U01	31	1	A3_RAGGED_DIRECT	5	3.2908593091828136e-05	0.005493	0.043197	0.000355	0.071061	0.319894	1	0	1	0.01299	[null,null,3615,null]
V1	0	2	FORMAL_V1_G0_P2_M1_RULE_U01	M1_RULE_U01	32	1	A3_RAGGED_DIRECT	15	9.872577927548442e-05	0.005378	0.043711	0.0004	0.073038	0.321355	1	0	1	0.013083	[null,null,788,null]
V1	0	2	FORMAL_V1_G0_P2_M1_RULE_U01	M1_RULE_U01	33	1	A3_RAGGED_DIRECT	442	0.0029091196293176075	0.005326	0.043371	0.000426	0.072034	0.321605	1	0	1	0.011319	[null,null,2278,null]
V1	0	2	FORMAL_V1_G0_P2_M1_RULE_U01	M1_RULE_U01	34	1	A3_RAGGED_DIRECT	452	0.002974936815501264	0.005269	0.043177	0.000396	0.070894	0.331161	1	0	1	0.01349	[null,null,262,null]
V1	0	2	FORMAL_V1_G0_P2_M1_RULE_U01	M1_RULE_U01	35	1	A3_RAGGED_DIRECT	452	0.002974936815501264	0.005336	0.043404	0.000399	0.073592	0.349491	1	0	1	0.013481	[null,null,341,null]
V1	0	2	FORMAL_V1_G0_P2_M1_RULE_U01	M1_RULE_U01	36	1	A3_RAGGED_DIRECT	424	0.002790648694187026	0.005285	0.043602	0.000382	0.070836	0.333012	1	0	1	0.013077	[null,null,414,null]
V1	0	2	FORMAL_V1_G0_P2_M1_RULE_U01	M1_RULE_U01	37	1	A3_RAGGED_DIRECT	424	0.002790648694187026	0.005482	0.043306	0.000398	0.071138	0.327706	1	0	1	0.013027	[null,null,330,null]
V1	0	2	FORMAL_V1_G0_P2_M1_RULE_U01	M1_RULE_U01	38	1	A3_RAGGED_DIRECT	4	2.632687447346251e-05	0.005472	0.043403	0.000377	0.072009	0.316196	1	0	1	0.012949	[null,null,6555,null]
V1	0	2	FORMAL_V1_G0_P2_M1_RULE_U01	M1_RULE_U01	39	1	A3_RAGGED_DIRECT	13	8.556234203875316e-05	0.005346	0.043504	0.00039	0.070902	0.31479	1	0	1	0.013147	[null,null,788,null]
V1	0	2	FORMAL_V1_G0_P2_M1_RULE_U01	M1_RULE_U01	40	1	A3_RAGGED_DIRECT	434	0.0028564658803706825	0.005437	0.043336	0.000397	0.0712	0.323487	1	0	1	0.017384	[null,null,220,null]
V1	0	2	FORMAL_V1_G0_P2_M1_RULE_U01	M1_RULE_U01	41	1	A3_RAGGED_DIRECT	434	0.0028564658803706825	0.005278	0.043135	0.000398	0.070734	0.320142	1	0	1	0.012387	[null,null,16,null]
V1	0	2	FORMAL_V1_G0_P2_M1_RULE_U01	M1_RULE_U01	42	1	A3_RAGGED_DIRECT	448	0.0029486099410278013	0.00541	0.04344	0.000408	0.073026	0.332695	1	0	1	0.013564	[null,null,15,null]
V1	0	2	FORMAL_V1_G0_P2_M1_RULE_U01	M1_RULE_U01	43	1	A3_RAGGED_DIRECT	448	0.0029486099410278013	0.005615	0.043312	0.000404	0.072448	0.330921	1	0	1	0.0116	[null,null,345,null]
V1	0	2	FORMAL_V1_G0_P2_M1_RULE_U01	M1_RULE_U01	44	1	A3_RAGGED_DIRECT	424	0.002790648694187026	0.005469	0.042889	0.000376	0.071331	0.337767	1	0	1	0.013629	[null,null,414,null]
V1	0	2	FORMAL_V1_G0_P2_M1_RULE_U01	M1_RULE_U01	45	1	A3_RAGGED_DIRECT	424	0.002790648694187026	0.00549	0.047196	0.000397	0.076577	0.329741	1	0	1	0.013191	[null,null,330,null]
V1	0	2	FORMAL_V1_G0_P2_M1_RULE_U01	M1_RULE_U01	46	1	A3_RAGGED_DIRECT	6	3.9490311710193765e-05	0.005467	0.047157	0.000427	0.075732	0.318033	1	0	1	0.013345	[null,null,3031,null]
V1	0	2	FORMAL_V1_G0_P2_M1_RULE_U01	M1_RULE_U01	47	1	A3_RAGGED_DIRECT	4	2.632687447346251e-05	0.005356	0.043392	0.000371	0.070677	0.312892	1	0	1	0.011107	[null,null,1269,null]
V1	0	2	FORMAL_V1_G0_P2_M1_RULE_U01	M1_RULE_U01	48	1	A3_RAGGED_DIRECT	19	0.0001250526537489469	0.005525	0.043468	0.000409	0.072342	0.345528	1	0	1	0.023389	[null,null,788,null]
V1	0	2	FORMAL_V1_G0_P2_M1_RULE_U01	M1_RULE_U01	49	1	A3_RAGGED_DIRECT	822	0.005410172704296546	0.005391	0.043249	0.000398	0.072933	0.338665	1	0	1	0.011287	[null,null,330,null]
V1	0	2	FORMAL_V1_G0_P2_M1_RULE_U01	M1_RULE_U01	50	1	A0_DENSE_VENDOR	147137	0.9684143323504634	0.00944	0.043454	0.000388	0.076771	0.863384	1	0	0	0.0	[null,null,4816,null]
V1	0	2	FORMAL_V1_G0_P2_M1_RULE_U01	M1_RULE_U01	51	1	A0_DENSE_VENDOR	147137	0.9684143323504634	0.009396	0.046777	0.000623	0.093153	1.091999	1	0	0	0.0	[null,null,362,null]
V1	0	2	FORMAL_V1_G0_P2_M1_RULE_U01	M1_RULE_U01	52	1	A0_DENSE_VENDOR	147137	0.9684143323504634	0.005447	0.044358	0.000422	0.075445	0.841393	1	0	0	0.0	[null,null,756,null]
V1	0	2	FORMAL_V1_G0_P2_M1_RULE_U01	M1_RULE_U01	53	1	A3_RAGGED_DIRECT	424	0.002790648694187026	0.00623	0.043284	0.000406	0.077433	0.374876	1	0	1	0.01374	[null,null,414,null]
V1	0	2	FORMAL_V1_G0_P2_M1_RULE_U01	M1_RULE_U01	54	1	A3_RAGGED_DIRECT	424	0.002790648694187026	0.005437	0.043592	0.000374	0.073455	0.325932	1	0	1	0.011511	[null,null,330,null]
V1	0	2	FORMAL_V1_G0_P2_M1_RULE_U01	M1_RULE_U01	55	1	A3_RAGGED_DIRECT	6	3.9490311710193765e-05	0.005319	0.043299	0.000387	0.072537	0.325913	1	0	1	0.013254	[null,null,13523,null]
V1	0	2	FORMAL_V1_G0_P2_M1_RULE_U01	M1_RULE_U01	56	1	A3_RAGGED_DIRECT	13	8.556234203875316e-05	0.005295	0.043221	0.00043	0.071149	0.32182	1	0	1	0.013052	[null,null,788,null]
V1	0	2	FORMAL_V1_G0_P2_M1_RULE_U01	M1_RULE_U01	57	1	A3_RAGGED_DIRECT	434	0.0028564658803706825	0.005349	0.043528	0.000394	0.072982	0.329561	1	0	1	0.012681	[null,null,220,null]
V1	0	2	FORMAL_V1_G0_P2_M1_RULE_U01	M1_RULE_U01	58	1	A3_RAGGED_DIRECT	434	0.0028564658803706825	0.005848	0.046483	0.000477	0.077111	0.358762	1	0	1	0.013425	[null,null,17,null]
V1	0	2	FORMAL_V1_G0_P2_M1_RULE_U01	M1_RULE_U01	59	1	A3_RAGGED_DIRECT	476	0.003132898062342039	0.005407	0.043205	0.000458	0.07302	0.34434	1	0	1	0.013356	[null,null,198,null]
V1	0	2	FORMAL_V1_G0_P2_M1_RULE_U01	M1_RULE_U01	60	1	A3_RAGGED_DIRECT	466	0.0030670808761583826	0.005415	0.043637	0.000456	0.073462	0.334462	1	0	1	0.013542	[null,null,262,null]
V1	0	2	FORMAL_V1_G0_P2_M1_RULE_U01	M1_RULE_U01	61	1	A3_RAGGED_DIRECT	466	0.0030670808761583826	0.005445	0.043351	0.000412	0.073024	0.330306	1	0	1	0.013453	[null,null,1153,null]
V1	0	2	FORMAL_V1_G0_P2_M1_RULE_U01	M1_RULE_U01	62	1	A3_RAGGED_DIRECT	439	0.0028893744734625106	0.005355	0.043334	0.000412	0.071269	0.321403	1	0	1	0.013144	[null,null,262,null]
V1	0	2	FORMAL_V1_G0_P2_M1_RULE_U01	M1_RULE_U01	63	1	A3_RAGGED_DIRECT	439	0.0028893744734625106	0.005295	0.043493	0.00042	0.071205	0.315968	1	0	1	0.013924	[null,null,341,null]
V1	0	2	FORMAL_V1_G0_P2_M1_RULE_U01	M1_RULE_U01	64	1	A3_RAGGED_DIRECT	424	0.002790648694187026	0.005374	0.043177	0.000378	0.071326	0.336644	1	0	1	0.013096	[null,null,414,null]
V1	0	2	FORMAL_V1_G0_P2_M1_RULE_U01	M1_RULE_U01	65	1	A3_RAGGED_DIRECT	424	0.002790648694187026	0.005421	0.043243	0.00041	0.072807	0.329143	1	0	1	0.01318	[null,null,330,null]
V1	0	2	FORMAL_V1_G0_P2_M1_RULE_U01	M1_RULE_U01	66	1	A3_RAGGED_DIRECT	4	2.632687447346251e-05	0.005472	0.043167	0.000392	0.071435	0.310504	1	0	1	0.012967	[null,null,6555,null]
V1	0	2	FORMAL_V1_G0_P2_M1_RULE_U01	M1_RULE_U01	67	1	A3_RAGGED_DIRECT	13	8.556234203875316e-05	0.005419	0.042964	0.0004	0.072367	0.32797	1	0	1	0.013056	[null,null,788,null]
V1	0	2	FORMAL_V1_G0_P2_M1_RULE_U01	M1_RULE_U01	68	1	A3_RAGGED_DIRECT	434	0.0028564658803706825	0.005402	0.043457	0.000418	0.071835	0.331915	1	0	1	0.012911	[null,null,220,null]
V1	0	2	FORMAL_V1_G0_P2_M1_RULE_U01	M1_RULE_U01	69	1	A3_RAGGED_DIRECT	434	0.0028564658803706825	0.005326	0.043237	0.000393	0.072556	0.330239	1	0	1	0.012958	[null,null,17,null]
V1	0	2	FORMAL_V1_G0_P2_M1_RULE_U01	M1_RULE_U01	70	1	A3_RAGGED_DIRECT	448	0.0029486099410278013	0.005338	0.043413	0.00039	0.072863	0.323447	1	0	1	0.013647	[null,null,15,null]
V1	0	2	FORMAL_V1_G0_P2_M1_RULE_U01	M1_RULE_U01	71	1	A3_RAGGED_DIRECT	448	0.0029486099410278013	0.005392	0.043186	0.000409	0.071342	0.335535	1	0	1	0.017993	[null,null,345,null]
V1	0	2	FORMAL_V1_G0_P2_M1_RULE_U01	M1_RULE_U01	72	1	A3_RAGGED_DIRECT	424	0.002790648694187026	0.005399	0.043253	0.000387	0.072836	0.32641	1	0	1	0.013391	[null,null,414,null]
V1	0	2	FORMAL_V1_G0_P2_M1_RULE_U01	M1_RULE_U01	73	1	A3_RAGGED_DIRECT	424	0.002790648694187026	0.005437	0.043349	0.000437	0.071876	0.334683	1	0	1	0.012782	[null,null,330,null]
V1	0	2	FORMAL_V1_G0_P2_M1_RULE_U01	M1_RULE_U01	74	1	A3_RAGGED_DIRECT	6	3.9490311710193765e-05	0.005662	0.046101	0.000406	0.075235	0.353029	1	0	1	0.013358	[null,null,3031,null]
V1	0	2	FORMAL_V1_G0_P2_M1_RULE_U01	M1_RULE_U01	75	1	A3_RAGGED_DIRECT	4	2.632687447346251e-05	0.00544	0.04754	0.000401	0.077606	0.321558	1	0	1	0.013127	[null,null,1269,null]
V1	0	2	FORMAL_V1_G0_P2_M1_RULE_U01	M1_RULE_U01	76	1	A3_RAGGED_DIRECT	19	0.0001250526537489469	0.005434	0.043286	0.000401	0.078029	0.334532	1	0	1	0.012969	[null,null,788,null]
V1	0	2	FORMAL_V1_G0_P2_M1_RULE_U01	M1_RULE_U01	77	1	A3_RAGGED_DIRECT	822	0.005410172704296546	0.005394	0.043321	0.000382	0.072977	0.339882	1	0	1	0.012879	[null,null,330,null]
V1	0	2	FORMAL_V1_G0_P2_M1_RULE_U01	M1_RULE_U01	78	1	A0_DENSE_VENDOR	147137	0.9684143323504634	0.005602	0.04373	0.000374	0.072417	0.843602	1	0	0	0.0	[null,null,4816,null]
V1	0	2	FORMAL_V1_G0_P2_M1_RULE_U01	M1_RULE_U01	79	1	A0_DENSE_VENDOR	147137	0.9684143323504634	0.009185	0.043828	0.000404	0.078347	0.845298	1	0	0	0.0	[null,null,425,null]
V1	0	2	FORMAL_V1_G0_P2_M1_RULE_U01	M1_RULE_U01	80	1	A0_DENSE_VENDOR	147137	0.9684143323504634	0.006317	0.043229	0.000394	0.076032	0.84021	1	0	0	0.0	[null,null,756,null]
V1	0	2	FORMAL_V1_G0_P2_M1_RULE_U01	M1_RULE_U01	81	1	A3_RAGGED_DIRECT	424	0.002790648694187026	0.00917	0.045496	0.000627	0.090922	0.559056	1	0	1	0.022625	[null,null,414,null]
V1	0	2	FORMAL_V1_G0_P2_M1_RULE_U01	M1_RULE_U01	82	1	A3_RAGGED_DIRECT	424	0.002790648694187026	0.005431	0.043522	0.000389	0.073308	0.334853	1	0	1	0.01342	[null,null,330,null]
V1	0	2	FORMAL_V1_G0_P2_M1_RULE_U01	M1_RULE_U01	83	1	A3_RAGGED_DIRECT	6	3.9490311710193765e-05	0.005266	0.043193	0.000371	0.070805	0.328603	1	0	1	0.013049	[null,null,13523,null]
V1	0	2	FORMAL_V1_G0_P2_M1_RULE_U01	M1_RULE_U01	84	1	A3_RAGGED_DIRECT	13	8.556234203875316e-05	0.005402	0.043413	0.000381	0.072401	0.327143	1	0	1	0.013001	[null,null,788,null]
V1	0	2	FORMAL_V1_G0_P2_M1_RULE_U01	M1_RULE_U01	85	1	A3_RAGGED_DIRECT	434	0.0028564658803706825	0.005342	0.043303	0.000425	0.071468	0.323092	1	0	1	0.013014	[null,null,220,null]
V1	0	2	FORMAL_V1_G0_P2_M1_RULE_U01	M1_RULE_U01	86	1	A3_RAGGED_DIRECT	434	0.0028564658803706825	0.005418	0.04322	0.00038	0.07236	0.320477	1	0	1	0.013855	[null,null,18,null]
V1	0	2	FORMAL_V1_G0_P2_M1_RULE_U01	M1_RULE_U01	87	1	A3_RAGGED_DIRECT	476	0.003132898062342039	0.005413	0.043656	0.000422	0.071609	0.338217	1	0	1	0.01299	[null,null,198,null]
V1	0	2	FORMAL_V1_G0_P2_M1_RULE_U01	M1_RULE_U01	88	1	A3_RAGGED_DIRECT	466	0.0030670808761583826	0.005464	0.043196	0.000367	0.072612	0.332968	1	0	1	0.01334	[null,null,262,null]
V1	0	2	FORMAL_V1_G0_P2_M1_RULE_U01	M1_RULE_U01	89	1	A3_RAGGED_DIRECT	466	0.0030670808761583826	0.005404	0.043432	0.000418	0.071947	0.319811	1	0	1	0.011623	[null,null,456,null]
V1	0	2	FORMAL_V1_G0_P2_M1_RULE_U01	M1_RULE_U01	90	1	A3_RAGGED_DIRECT	449	0.002955191659646167	0.005385	0.043224	0.0004	0.072324	0.334665	1	0	1	0.013395	[null,null,220,null]
V1	0	2	FORMAL_V1_G0_P2_M1_RULE_U01	M1_RULE_U01	91	1	A3_RAGGED_DIRECT	449	0.002955191659646167	0.005339	0.043815	0.000392	0.071722	0.324964	1	0	1	0.013538	[null,null,5133,null]
V1	0	2	FORMAL_V1_G0_P2_M1_RULE_U01	M1_RULE_U01	92	1	A3_RAGGED_DIRECT	424	0.002790648694187026	0.005332	0.043492	0.000403	0.070569	0.325655	1	0	1	0.013316	[null,null,92,null]
V1	0	2	FORMAL_V1_G0_P2_M1_RULE_U01	M1_RULE_U01	93	1	A3_RAGGED_DIRECT	1	6.581718618365627e-06	0.005281	0.043437	0.000402	0.070893	0.178029	0	1	0	0.0	[null,null,151645,null]
V1	0	3	FORMAL_V1_G0_P3_B0_STRONG	B0_STRONG	0	4	A0_DENSE_VENDOR			0.0	0.0	0.0	0.0	1.708436	4	0	0	0.0	[515,515,515,515]
V1	0	3	FORMAL_V1_G0_P3_B0_STRONG	B0_STRONG	1	4	A0_DENSE_VENDOR			0.0	0.0	0.0	0.0	0.762271	4	0	0	0.0	[220,220,220,220]
V1	0	3	FORMAL_V1_G0_P3_B0_STRONG	B0_STRONG	2	4	A0_DENSE_VENDOR			0.0	0.0	0.0	0.0	0.746603	4	0	0	0.0	[330,330,330,330]
V1	0	3	FORMAL_V1_G0_P3_B0_STRONG	B0_STRONG	3	4	A0_DENSE_VENDOR			0.0	0.0	0.0	0.0	0.707684	4	0	0	0.0	[4129,4129,29642,5113]
V1	0	3	FORMAL_V1_G0_P3_B0_STRONG	B0_STRONG	4	4	A0_DENSE_VENDOR			0.0	0.0	0.0	0.0	0.722123	4	0	0	0.0	[788,788,258,788]
V1	0	3	FORMAL_V1_G0_P3_B0_STRONG	B0_STRONG	5	4	A0_DENSE_VENDOR			0.0	0.0	0.0	0.0	0.945962	3	1	0	0.0	[220,220,70,330]
V1	0	3	FORMAL_V1_G0_P3_B0_STRONG	B0_STRONG	6	4	A0_DENSE_VENDOR			0.0	0.0	0.0	0.0	0.859126	4	0	0	0.0	[16,16,6744,13079]
V1	0	3	FORMAL_V1_G0_P3_B0_STRONG	B0_STRONG	7	4	A0_DENSE_VENDOR			0.0	0.0	0.0	0.0	0.857994	4	0	0	0.0	[17,17,788,35]
V1	0	3	FORMAL_V1_G0_P3_B0_STRONG	B0_STRONG	8	4	A0_DENSE_VENDOR			0.0	0.0	0.0	0.0	1.113623	4	0	0	0.0	[198,198,330,4644]
V1	0	3	FORMAL_V1_G0_P3_B0_STRONG	B0_STRONG	9	4	A0_DENSE_VENDOR			0.0	0.0	0.0	0.0	0.940951	4	0	0	0.0	[92,92,16,16]
V1	0	3	FORMAL_V1_G0_P3_B0_STRONG	B0_STRONG	10	4	A0_DENSE_VENDOR			0.0	0.0	0.0	0.0	0.908906	2	2	0	0.0	[151645,151645,17,17]
V1	0	3	FORMAL_V1_G0_P3_B0_STRONG	B0_STRONG	11	2	A0_DENSE_VENDOR			0.0	0.0	0.0	0.0	0.865604	2	0	0	0.0	[null,null,18,18]
V1	0	3	FORMAL_V1_G0_P3_B0_STRONG	B0_STRONG	12	2	A0_DENSE_VENDOR			0.0	0.0	0.0	0.0	0.861007	2	0	0	0.0	[null,null,4697,698]
V1	0	3	FORMAL_V1_G0_P3_B0_STRONG	B0_STRONG	13	2	A0_DENSE_VENDOR			0.0	0.0	0.0	0.0	0.792152	2	0	0	0.0	[null,null,794,92]
V1	0	3	FORMAL_V1_G0_P3_B0_STRONG	B0_STRONG	14	2	A0_DENSE_VENDOR			0.0	0.0	0.0	0.0	0.777449	1	1	0	0.0	[null,null,11,151645]
V1	0	3	FORMAL_V1_G0_P3_B0_STRONG	B0_STRONG	15	1	A0_DENSE_VENDOR			0.0	0.0	0.0	0.0	0.754217	1	0	0	0.0	[null,null,5765,null]
V1	0	3	FORMAL_V1_G0_P3_B0_STRONG	B0_STRONG	16	1	A0_DENSE_VENDOR			0.0	0.0	0.0	0.0	0.755168	1	0	0	0.0	[null,null,27831,null]
V1	0	3	FORMAL_V1_G0_P3_B0_STRONG	B0_STRONG	17	1	A0_DENSE_VENDOR			0.0	0.0	0.0	0.0	0.756534	1	0	0	0.0	[null,null,11,null]
V1	0	3	FORMAL_V1_G0_P3_B0_STRONG	B0_STRONG	18	1	A0_DENSE_VENDOR			0.0	0.0	0.0	0.0	0.747794	1	0	0	0.0	[null,null,7279,null]
V1	0	3	FORMAL_V1_G0_P3_B0_STRONG	B0_STRONG	19	1	A0_DENSE_VENDOR			0.0	0.0	0.0	0.0	0.747122	1	0	0	0.0	[null,null,756,null]
V1	0	3	FORMAL_V1_G0_P3_B0_STRONG	B0_STRONG	20	1	A0_DENSE_VENDOR			0.0	0.0	0.0	0.0	0.670688	1	0	0	0.0	[null,null,220,null]
V1	0	3	FORMAL_V1_G0_P3_B0_STRONG	B0_STRONG	21	1	A0_DENSE_VENDOR			0.0	0.0	0.0	0.0	0.669497	1	0	0	0.0	[null,null,330,null]
V1	0	3	FORMAL_V1_G0_P3_B0_STRONG	B0_STRONG	22	1	A0_DENSE_VENDOR			0.0	0.0	0.0	0.0	0.657717	1	0	0	0.0	[null,null,11049,null]
V1	0	3	FORMAL_V1_G0_P3_B0_STRONG	B0_STRONG	23	1	A0_DENSE_VENDOR			0.0	0.0	0.0	0.0	0.650617	1	0	0	0.0	[null,null,1269,null]
V1	0	3	FORMAL_V1_G0_P3_B0_STRONG	B0_STRONG	24	1	A0_DENSE_VENDOR			0.0	0.0	0.0	0.0	0.663132	1	0	0	0.0	[null,null,788,null]
V1	0	3	FORMAL_V1_G0_P3_B0_STRONG	B0_STRONG	25	1	A0_DENSE_VENDOR			0.0	0.0	0.0	0.0	0.676736	1	0	0	0.0	[null,null,330,null]
V1	0	3	FORMAL_V1_G0_P3_B0_STRONG	B0_STRONG	26	1	A0_DENSE_VENDOR			0.0	0.0	0.0	0.0	0.763895	1	0	0	0.0	[null,null,13079,null]
V1	0	3	FORMAL_V1_G0_P3_B0_STRONG	B0_STRONG	27	1	A0_DENSE_VENDOR			0.0	0.0	0.0	0.0	0.762517	1	0	0	0.0	[null,null,49628,null]
V1	0	3	FORMAL_V1_G0_P3_B0_STRONG	B0_STRONG	28	1	A0_DENSE_VENDOR			0.0	0.0	0.0	0.0	0.760468	1	0	0	0.0	[null,null,756,null]
V1	0	3	FORMAL_V1_G0_P3_B0_STRONG	B0_STRONG	29	1	A0_DENSE_VENDOR			0.0	0.0	0.0	0.0	0.700804	1	0	0	0.0	[null,null,220,null]
V1	0	3	FORMAL_V1_G0_P3_B0_STRONG	B0_STRONG	30	1	A0_DENSE_VENDOR			0.0	0.0	0.0	0.0	0.700167	1	0	0	0.0	[null,null,330,null]
V1	0	3	FORMAL_V1_G0_P3_B0_STRONG	B0_STRONG	31	1	A0_DENSE_VENDOR			0.0	0.0	0.0	0.0	0.649375	1	0	0	0.0	[null,null,3615,null]
V1	0	3	FORMAL_V1_G0_P3_B0_STRONG	B0_STRONG	32	1	A0_DENSE_VENDOR			0.0	0.0	0.0	0.0	0.655502	1	0	0	0.0	[null,null,788,null]
V1	0	3	FORMAL_V1_G0_P3_B0_STRONG	B0_STRONG	33	1	A0_DENSE_VENDOR			0.0	0.0	0.0	0.0	0.667234	1	0	0	0.0	[null,null,2278,null]
V1	0	3	FORMAL_V1_G0_P3_B0_STRONG	B0_STRONG	34	1	A0_DENSE_VENDOR			0.0	0.0	0.0	0.0	0.673783	1	0	0	0.0	[null,null,262,null]
V1	0	3	FORMAL_V1_G0_P3_B0_STRONG	B0_STRONG	35	1	A0_DENSE_VENDOR			0.0	0.0	0.0	0.0	0.693119	1	0	0	0.0	[null,null,341,null]
V1	0	3	FORMAL_V1_G0_P3_B0_STRONG	B0_STRONG	36	1	A0_DENSE_VENDOR			0.0	0.0	0.0	0.0	0.667426	1	0	0	0.0	[null,null,414,null]
V1	0	3	FORMAL_V1_G0_P3_B0_STRONG	B0_STRONG	37	1	A0_DENSE_VENDOR			0.0	0.0	0.0	0.0	0.666865	1	0	0	0.0	[null,null,330,null]
V1	0	3	FORMAL_V1_G0_P3_B0_STRONG	B0_STRONG	38	1	A0_DENSE_VENDOR			0.0	0.0	0.0	0.0	0.65864	1	0	0	0.0	[null,null,6555,null]
V1	0	3	FORMAL_V1_G0_P3_B0_STRONG	B0_STRONG	39	1	A0_DENSE_VENDOR			0.0	0.0	0.0	0.0	0.658066	1	0	0	0.0	[null,null,788,null]
V1	0	3	FORMAL_V1_G0_P3_B0_STRONG	B0_STRONG	40	1	A0_DENSE_VENDOR			0.0	0.0	0.0	0.0	0.667005	1	0	0	0.0	[null,null,220,null]
V1	0	3	FORMAL_V1_G0_P3_B0_STRONG	B0_STRONG	41	1	A0_DENSE_VENDOR			0.0	0.0	0.0	0.0	0.666256	1	0	0	0.0	[null,null,16,null]
V1	0	3	FORMAL_V1_G0_P3_B0_STRONG	B0_STRONG	42	1	A0_DENSE_VENDOR			0.0	0.0	0.0	0.0	0.668875	1	0	0	0.0	[null,null,15,null]
V1	0	3	FORMAL_V1_G0_P3_B0_STRONG	B0_STRONG	43	1	A0_DENSE_VENDOR			0.0	0.0	0.0	0.0	0.669598	1	0	0	0.0	[null,null,345,null]
V1	0	3	FORMAL_V1_G0_P3_B0_STRONG	B0_STRONG	44	1	A0_DENSE_VENDOR			0.0	0.0	0.0	0.0	0.669502	1	0	0	0.0	[null,null,414,null]
V1	0	3	FORMAL_V1_G0_P3_B0_STRONG	B0_STRONG	45	1	A0_DENSE_VENDOR			0.0	0.0	0.0	0.0	0.667818	1	0	0	0.0	[null,null,330,null]
V1	0	3	FORMAL_V1_G0_P3_B0_STRONG	B0_STRONG	46	1	A0_DENSE_VENDOR			0.0	0.0	0.0	0.0	0.648016	1	0	0	0.0	[null,null,3031,null]
V1	0	3	FORMAL_V1_G0_P3_B0_STRONG	B0_STRONG	47	1	A0_DENSE_VENDOR			0.0	0.0	0.0	0.0	0.653292	1	0	0	0.0	[null,null,1269,null]
V1	0	3	FORMAL_V1_G0_P3_B0_STRONG	B0_STRONG	48	1	A0_DENSE_VENDOR			0.0	0.0	0.0	0.0	0.65284	1	0	0	0.0	[null,null,788,null]
V1	0	3	FORMAL_V1_G0_P3_B0_STRONG	B0_STRONG	49	1	A0_DENSE_VENDOR			0.0	0.0	0.0	0.0	0.68246	1	0	0	0.0	[null,null,330,null]
V1	0	3	FORMAL_V1_G0_P3_B0_STRONG	B0_STRONG	50	1	A0_DENSE_VENDOR			0.0	0.0	0.0	0.0	0.766249	1	0	0	0.0	[null,null,4816,null]
V1	0	3	FORMAL_V1_G0_P3_B0_STRONG	B0_STRONG	51	1	A0_DENSE_VENDOR			0.0	0.0	0.0	0.0	0.755961	1	0	0	0.0	[null,null,362,null]
V1	0	3	FORMAL_V1_G0_P3_B0_STRONG	B0_STRONG	52	1	A0_DENSE_VENDOR			0.0	0.0	0.0	0.0	0.760919	1	0	0	0.0	[null,null,756,null]
V1	0	3	FORMAL_V1_G0_P3_B0_STRONG	B0_STRONG	53	1	A0_DENSE_VENDOR			0.0	0.0	0.0	0.0	0.668485	1	0	0	0.0	[null,null,414,null]
V1	0	3	FORMAL_V1_G0_P3_B0_STRONG	B0_STRONG	54	1	A0_DENSE_VENDOR			0.0	0.0	0.0	0.0	0.668144	1	0	0	0.0	[null,null,330,null]
V1	0	3	FORMAL_V1_G0_P3_B0_STRONG	B0_STRONG	55	1	A0_DENSE_VENDOR			0.0	0.0	0.0	0.0	0.662213	1	0	0	0.0	[null,null,13523,null]
V1	0	3	FORMAL_V1_G0_P3_B0_STRONG	B0_STRONG	56	1	A0_DENSE_VENDOR			0.0	0.0	0.0	0.0	0.654995	1	0	0	0.0	[null,null,788,null]
V1	0	3	FORMAL_V1_G0_P3_B0_STRONG	B0_STRONG	57	1	A0_DENSE_VENDOR			0.0	0.0	0.0	0.0	0.667838	1	0	0	0.0	[null,null,220,null]
V1	0	3	FORMAL_V1_G0_P3_B0_STRONG	B0_STRONG	58	1	A0_DENSE_VENDOR			0.0	0.0	0.0	0.0	0.66795	1	0	0	0.0	[null,null,17,null]
V1	0	3	FORMAL_V1_G0_P3_B0_STRONG	B0_STRONG	59	1	A0_DENSE_VENDOR			0.0	0.0	0.0	0.0	0.662275	1	0	0	0.0	[null,null,198,null]
V1	0	3	FORMAL_V1_G0_P3_B0_STRONG	B0_STRONG	60	1	A0_DENSE_VENDOR			0.0	0.0	0.0	0.0	0.66241	1	0	0	0.0	[null,null,262,null]
V1	0	3	FORMAL_V1_G0_P3_B0_STRONG	B0_STRONG	61	1	A0_DENSE_VENDOR			0.0	0.0	0.0	0.0	0.674535	1	0	0	0.0	[null,null,1153,null]
V1	0	3	FORMAL_V1_G0_P3_B0_STRONG	B0_STRONG	62	1	A0_DENSE_VENDOR			0.0	0.0	0.0	0.0	0.664037	1	0	0	0.0	[null,null,262,null]
V1	0	3	FORMAL_V1_G0_P3_B0_STRONG	B0_STRONG	63	1	A0_DENSE_VENDOR			0.0	0.0	0.0	0.0	0.665819	1	0	0	0.0	[null,null,341,null]
V1	0	3	FORMAL_V1_G0_P3_B0_STRONG	B0_STRONG	64	1	A0_DENSE_VENDOR			0.0	0.0	0.0	0.0	0.666037	1	0	0	0.0	[null,null,414,null]
V1	0	3	FORMAL_V1_G0_P3_B0_STRONG	B0_STRONG	65	1	A0_DENSE_VENDOR			0.0	0.0	0.0	0.0	0.673751	1	0	0	0.0	[null,null,330,null]
V1	0	3	FORMAL_V1_G0_P3_B0_STRONG	B0_STRONG	66	1	A0_DENSE_VENDOR			0.0	0.0	0.0	0.0	0.657097	1	0	0	0.0	[null,null,6555,null]
V1	0	3	FORMAL_V1_G0_P3_B0_STRONG	B0_STRONG	67	1	A0_DENSE_VENDOR			0.0	0.0	0.0	0.0	0.66592	1	0	0	0.0	[null,null,788,null]
V1	0	3	FORMAL_V1_G0_P3_B0_STRONG	B0_STRONG	68	1	A0_DENSE_VENDOR			0.0	0.0	0.0	0.0	0.663315	1	0	0	0.0	[null,null,220,null]
V1	0	3	FORMAL_V1_G0_P3_B0_STRONG	B0_STRONG	69	1	A0_DENSE_VENDOR			0.0	0.0	0.0	0.0	0.673439	1	0	0	0.0	[null,null,17,null]
V1	0	3	FORMAL_V1_G0_P3_B0_STRONG	B0_STRONG	70	1	A0_DENSE_VENDOR			0.0	0.0	0.0	0.0	0.672211	1	0	0	0.0	[null,null,15,null]
V1	0	3	FORMAL_V1_G0_P3_B0_STRONG	B0_STRONG	71	1	A0_DENSE_VENDOR			0.0	0.0	0.0	0.0	0.665712	1	0	0	0.0	[null,null,345,null]
V1	0	3	FORMAL_V1_G0_P3_B0_STRONG	B0_STRONG	72	1	A0_DENSE_VENDOR			0.0	0.0	0.0	0.0	0.672706	1	0	0	0.0	[null,null,414,null]
V1	0	3	FORMAL_V1_G0_P3_B0_STRONG	B0_STRONG	73	1	A0_DENSE_VENDOR			0.0	0.0	0.0	0.0	0.6675	1	0	0	0.0	[null,null,330,null]
V1	0	3	FORMAL_V1_G0_P3_B0_STRONG	B0_STRONG	74	1	A0_DENSE_VENDOR			0.0	0.0	0.0	0.0	0.653242	1	0	0	0.0	[null,null,3031,null]
V1	0	3	FORMAL_V1_G0_P3_B0_STRONG	B0_STRONG	75	1	A0_DENSE_VENDOR			0.0	0.0	0.0	0.0	0.661326	1	0	0	0.0	[null,null,1269,null]
V1	0	3	FORMAL_V1_G0_P3_B0_STRONG	B0_STRONG	76	1	A0_DENSE_VENDOR			0.0	0.0	0.0	0.0	0.666903	1	0	0	0.0	[null,null,788,null]
V1	0	3	FORMAL_V1_G0_P3_B0_STRONG	B0_STRONG	77	1	A0_DENSE_VENDOR			0.0	0.0	0.0	0.0	0.684774	1	0	0	0.0	[null,null,330,null]
V1	0	3	FORMAL_V1_G0_P3_B0_STRONG	B0_STRONG	78	1	A0_DENSE_VENDOR			0.0	0.0	0.0	0.0	0.764043	1	0	0	0.0	[null,null,4816,null]
V1	0	3	FORMAL_V1_G0_P3_B0_STRONG	B0_STRONG	79	1	A0_DENSE_VENDOR			0.0	0.0	0.0	0.0	0.763768	1	0	0	0.0	[null,null,425,null]
V1	0	3	FORMAL_V1_G0_P3_B0_STRONG	B0_STRONG	80	1	A0_DENSE_VENDOR			0.0	0.0	0.0	0.0	0.762283	1	0	0	0.0	[null,null,756,null]
V1	0	3	FORMAL_V1_G0_P3_B0_STRONG	B0_STRONG	81	1	A0_DENSE_VENDOR			0.0	0.0	0.0	0.0	0.688064	1	0	0	0.0	[null,null,414,null]
V1	0	3	FORMAL_V1_G0_P3_B0_STRONG	B0_STRONG	82	1	A0_DENSE_VENDOR			0.0	0.0	0.0	0.0	0.672717	1	0	0	0.0	[null,null,330,null]
V1	0	3	FORMAL_V1_G0_P3_B0_STRONG	B0_STRONG	83	1	A0_DENSE_VENDOR			0.0	0.0	0.0	0.0	0.660353	1	0	0	0.0	[null,null,13523,null]
V1	0	3	FORMAL_V1_G0_P3_B0_STRONG	B0_STRONG	84	1	A0_DENSE_VENDOR			0.0	0.0	0.0	0.0	0.656806	1	0	0	0.0	[null,null,788,null]
V1	0	3	FORMAL_V1_G0_P3_B0_STRONG	B0_STRONG	85	1	A0_DENSE_VENDOR			0.0	0.0	0.0	0.0	0.667435	1	0	0	0.0	[null,null,220,null]
V1	0	3	FORMAL_V1_G0_P3_B0_STRONG	B0_STRONG	86	1	A0_DENSE_VENDOR			0.0	0.0	0.0	0.0	0.702081	1	0	0	0.0	[null,null,18,null]
V1	0	3	FORMAL_V1_G0_P3_B0_STRONG	B0_STRONG	87	1	A0_DENSE_VENDOR			0.0	0.0	0.0	0.0	0.671138	1	0	0	0.0	[null,null,198,null]
V1	0	3	FORMAL_V1_G0_P3_B0_STRONG	B0_STRONG	88	1	A0_DENSE_VENDOR			0.0	0.0	0.0	0.0	0.665547	1	0	0	0.0	[null,null,262,null]
V1	0	3	FORMAL_V1_G0_P3_B0_STRONG	B0_STRONG	89	1	A0_DENSE_VENDOR			0.0	0.0	0.0	0.0	0.661036	1	0	0	0.0	[null,null,456,null]
V1	0	3	FORMAL_V1_G0_P3_B0_STRONG	B0_STRONG	90	1	A0_DENSE_VENDOR			0.0	0.0	0.0	0.0	0.662975	1	0	0	0.0	[null,null,220,null]
V1	0	3	FORMAL_V1_G0_P3_B0_STRONG	B0_STRONG	91	1	A0_DENSE_VENDOR			0.0	0.0	0.0	0.0	0.663146	1	0	0	0.0	[null,null,5133,null]
V1	0	3	FORMAL_V1_G0_P3_B0_STRONG	B0_STRONG	92	1	A0_DENSE_VENDOR			0.0	0.0	0.0	0.0	0.665208	1	0	0	0.0	[null,null,92,null]
V1	0	3	FORMAL_V1_G0_P3_B0_STRONG	B0_STRONG	93	1	A0_DENSE_VENDOR			0.0	0.0	0.0	0.0	0.132955	0	1	0	0.0	[null,null,151645,null]
V1	0	3	FORMAL_V1_G0_P3_M1_RULE_U01	M1_RULE_U01	0	4	A3_RAGGED_DIRECT	7	4.6072030328559395e-05	0.009795	0.047541	0.000568	0.084051	1.06297	4	0	1	0.038662	[515,515,515,515]
V1	0	3	FORMAL_V1_G0_P3_M1_RULE_U01	M1_RULE_U01	1	4	A3_RAGGED_DIRECT	426	0.0028038121314237574	0.007379	0.043947	0.000471	0.077404	0.545655	4	0	2	0.041576	[220,220,220,220]
V1	0	3	FORMAL_V1_G0_P3_M1_RULE_U01	M1_RULE_U01	2	4	A3_RAGGED_DIRECT	426	0.0028038121314237574	0.007681	0.043639	0.000471	0.076774	0.532955	4	0	2	0.03906	[330,330,330,330]
V1	0	3	FORMAL_V1_G0_P3_M1_RULE_U01	M1_RULE_U01	3	4	A3_RAGGED_DIRECT	14	9.214406065711879e-05	0.007395	0.043681	0.000469	0.077148	0.524479	4	0	3	0.034811	[4129,4129,29642,5113]
V1	0	3	FORMAL_V1_G0_P3_M1_RULE_U01	M1_RULE_U01	4	4	A3_RAGGED_DIRECT	21	0.00013821609098567817	0.00778	0.048363	0.000505	0.082298	0.538717	4	0	3	0.033857	[788,788,258,788]
V1	0	3	FORMAL_V1_G0_P3_M1_RULE_U01	M1_RULE_U01	5	4	A3_RAGGED_DIRECT	823	0.005416754422914912	0.007085	0.047367	0.00045	0.078857	0.489545	3	1	2	0.031262	[220,220,70,330]
V1	0	3	FORMAL_V1_G0_P3_M1_RULE_U01	M1_RULE_U01	6	4	A0_DENSE_VENDOR	147404	0.970171651221567	0.007384	0.048846	0.00046	0.082215	0.929367	4	0	0	0.0	[16,16,6744,13079]
V1	0	3	FORMAL_V1_G0_P3_M1_RULE_U01	M1_RULE_U01	7	4	A0_DENSE_VENDOR	147415	0.970244050126369	0.008008	0.043272	0.000504	0.080393	0.917691	4	0	0	0.0	[17,17,788,35]
V1	0	3	FORMAL_V1_G0_P3_M1_RULE_U01	M1_RULE_U01	8	4	A0_DENSE_VENDOR	147800	0.9727780117944398	0.007836	0.049248	0.000456	0.083502	0.923202	4	0	0	0.0	[198,198,330,4644]
V1	0	3	FORMAL_V1_G0_P3_M1_RULE_U01	M1_RULE_U01	9	4	A0_DENSE_VENDOR	147475	0.9706389532434709	0.007517	0.044249	0.000503	0.079857	1.006758	4	0	0	0.0	[92,92,16,16]
V1	0	3	FORMAL_V1_G0_P3_M1_RULE_U01	M1_RULE_U01	10	4	A0_DENSE_VENDOR	147140	0.9684340775063185	0.007638	0.043635	0.000506	0.081497	0.953274	2	2	0	0.0	[151645,151645,17,17]
V1	0	3	FORMAL_V1_G0_P3_M1_RULE_U01	M1_RULE_U01	11	2	A0_DENSE_VENDOR	147139	0.9684274957877	0.006745	0.043244	0.000461	0.075921	0.918201	2	0	0	0.0	[null,null,18,18]
V1	0	3	FORMAL_V1_G0_P3_M1_RULE_U01	M1_RULE_U01	12	2	A0_DENSE_VENDOR	147139	0.9684274957877	0.006716	0.044309	0.000527	0.083635	0.933711	2	0	0	0.0	[null,null,4697,698]
V1	0	3	FORMAL_V1_G0_P3_M1_RULE_U01	M1_RULE_U01	13	2	A0_DENSE_VENDOR	147473	0.9706257898062342	0.006629	0.044068	0.000467	0.077325	0.835969	2	0	0	0.0	[null,null,794,92]
V1	0	3	FORMAL_V1_G0_P3_M1_RULE_U01	M1_RULE_U01	14	2	A0_DENSE_VENDOR	147138	0.9684209140690817	0.006597	0.044556	0.000439	0.077488	0.825869	1	1	0	0.0	[null,null,11,151645]
V1	0	3	FORMAL_V1_G0_P3_M1_RULE_U01	M1_RULE_U01	15	1	A0_DENSE_VENDOR	147137	0.9684143323504634	0.005562	0.040348	0.000428	0.076577	0.816731	1	0	0	0.0	[null,null,5765,null]
V1	0	3	FORMAL_V1_G0_P3_M1_RULE_U01	M1_RULE_U01	16	1	A0_DENSE_VENDOR	147137	0.9684143323504634	0.005648	0.040128	0.000435	0.070795	0.820073	1	0	0	0.0	[null,null,27831,null]
V1	0	3	FORMAL_V1_G0_P3_M1_RULE_U01	M1_RULE_U01	17	1	A0_DENSE_VENDOR	147137	0.9684143323504634	0.00568	0.040352	0.000348	0.073009	0.821336	1	0	0	0.0	[null,null,11,null]
V1	0	3	FORMAL_V1_G0_P3_M1_RULE_U01	M1_RULE_U01	18	1	A0_DENSE_VENDOR	147137	0.9684143323504634	0.005576	0.040687	0.000386	0.070648	0.821442	1	0	0	0.0	[null,null,7279,null]
V1	0	3	FORMAL_V1_G0_P3_M1_RULE_U01	M1_RULE_U01	19	1	A0_DENSE_VENDOR	147137	0.9684143323504634	0.005872	0.040662	0.000374	0.07391	0.82378	1	0	0	0.0	[null,null,756,null]
V1	0	3	FORMAL_V1_G0_P3_M1_RULE_U01	M1_RULE_U01	20	1	A3_RAGGED_DIRECT	425	0.002797230412805392	0.005701	0.040645	0.000386	0.073583	0.341954	1	0	1	0.013484	[null,null,220,null]
V1	0	3	FORMAL_V1_G0_P3_M1_RULE_U01	M1_RULE_U01	21	1	A3_RAGGED_DIRECT	425	0.002797230412805392	0.005629	0.040098	0.000421	0.072634	0.355179	1	0	1	0.013982	[null,null,330,null]
V1	0	3	FORMAL_V1_G0_P3_M1_RULE_U01	M1_RULE_U01	22	1	A3_RAGGED_DIRECT	6	3.9490311710193765e-05	0.006616	0.044932	0.000533	0.08011	0.384953	1	0	1	0.013697	[null,null,11049,null]
V1	0	3	FORMAL_V1_G0_P3_M1_RULE_U01	M1_RULE_U01	23	1	A3_RAGGED_DIRECT	4	2.632687447346251e-05	0.005684	0.040103	0.000413	0.070988	0.333896	1	0	1	0.013303	[null,null,1269,null]
V1	0	3	FORMAL_V1_G0_P3_M1_RULE_U01	M1_RULE_U01	24	1	A3_RAGGED_DIRECT	19	0.0001250526537489469	0.005769	0.040495	0.000402	0.070643	0.329372	1	0	1	0.021842	[null,null,788,null]
V1	0	3	FORMAL_V1_G0_P3_M1_RULE_U01	M1_RULE_U01	25	1	A3_RAGGED_DIRECT	822	0.005410172704296546	0.005864	0.044069	0.000399	0.075641	0.356278	1	0	1	0.014303	[null,null,330,null]
V1	0	3	FORMAL_V1_G0_P3_M1_RULE_U01	M1_RULE_U01	26	1	A0_DENSE_VENDOR	147137	0.9684143323504634	0.005577	0.044664	0.000371	0.073283	0.849483	1	0	0	0.0	[null,null,13079,null]
V1	0	3	FORMAL_V1_G0_P3_M1_RULE_U01	M1_RULE_U01	27	1	A0_DENSE_VENDOR	147137	0.9684143323504634	0.006451	0.043042	0.000549	0.078025	1.19923	1	0	0	0.0	[null,null,49628,null]
V1	0	3	FORMAL_V1_G0_P3_M1_RULE_U01	M1_RULE_U01	28	1	A0_DENSE_VENDOR	147137	0.9684143323504634	0.005829	0.040823	0.000387	0.073115	0.825525	1	0	0	0.0	[null,null,756,null]
V1	0	3	FORMAL_V1_G0_P3_M1_RULE_U01	M1_RULE_U01	29	1	A3_RAGGED_DIRECT	424	0.002790648694187026	0.005864	0.040512	0.000416	0.079108	0.351044	1	0	1	0.014117	[null,null,220,null]
V1	0	3	FORMAL_V1_G0_P3_M1_RULE_U01	M1_RULE_U01	30	1	A3_RAGGED_DIRECT	424	0.002790648694187026	0.005669	0.040599	0.000349	0.07156	0.347633	1	0	1	0.013657	[null,null,330,null]
V1	0	3	FORMAL_V1_G0_P3_M1_RULE_U01	M1_RULE_U01	31	1	A3_RAGGED_DIRECT	5	3.2908593091828136e-05	0.005729	0.046656	0.000414	0.076606	0.344481	1	0	1	0.013819	[null,null,3615,null]
V1	0	3	FORMAL_V1_G0_P3_M1_RULE_U01	M1_RULE_U01	32	1	A3_RAGGED_DIRECT	15	9.872577927548442e-05	0.005555	0.043042	0.000369	0.072737	0.321825	1	0	1	0.013121	[null,null,788,null]
V1	0	3	FORMAL_V1_G0_P3_M1_RULE_U01	M1_RULE_U01	33	1	A3_RAGGED_DIRECT	442	0.0029091196293176075	0.005422	0.043638	0.000403	0.073041	0.31777	1	0	1	0.011279	[null,null,2278,null]
V1	0	3	FORMAL_V1_G0_P3_M1_RULE_U01	M1_RULE_U01	34	1	A3_RAGGED_DIRECT	452	0.002974936815501264	0.00553	0.043157	0.000397	0.071028	0.337616	1	0	1	0.013929	[null,null,262,null]
V1	0	3	FORMAL_V1_G0_P3_M1_RULE_U01	M1_RULE_U01	35	1	A3_RAGGED_DIRECT	452	0.002974936815501264	0.005428	0.043051	0.000371	0.072723	0.331306	1	0	1	0.013575	[null,null,341,null]
V1	0	3	FORMAL_V1_G0_P3_M1_RULE_U01	M1_RULE_U01	36	1	A3_RAGGED_DIRECT	424	0.002790648694187026	0.005384	0.043253	0.000389	0.071167	0.336149	1	0	1	0.013166	[null,null,414,null]
V1	0	3	FORMAL_V1_G0_P3_M1_RULE_U01	M1_RULE_U01	37	1	A3_RAGGED_DIRECT	424	0.002790648694187026	0.005434	0.043004	0.000374	0.070672	0.324835	1	0	1	0.01298	[null,null,330,null]
V1	0	3	FORMAL_V1_G0_P3_M1_RULE_U01	M1_RULE_U01	38	1	A3_RAGGED_DIRECT	4	2.632687447346251e-05	0.005257	0.043625	0.000398	0.071931	0.308905	1	0	1	0.012947	[null,null,6555,null]
V1	0	3	FORMAL_V1_G0_P3_M1_RULE_U01	M1_RULE_U01	39	1	A3_RAGGED_DIRECT	13	8.556234203875316e-05	0.005346	0.043445	0.000397	0.071333	0.308409	1	0	1	0.012792	[null,null,788,null]
V1	0	3	FORMAL_V1_G0_P3_M1_RULE_U01	M1_RULE_U01	40	1	A3_RAGGED_DIRECT	434	0.0028564658803706825	0.005334	0.043293	0.00041	0.070952	0.333642	1	0	1	0.012939	[null,null,220,null]
V1	0	3	FORMAL_V1_G0_P3_M1_RULE_U01	M1_RULE_U01	41	1	A3_RAGGED_DIRECT	434	0.0028564658803706825	0.005394	0.043463	0.000397	0.070766	0.331655	1	0	1	0.012843	[null,null,16,null]
V1	0	3	FORMAL_V1_G0_P3_M1_RULE_U01	M1_RULE_U01	42	1	A3_RAGGED_DIRECT	448	0.0029486099410278013	0.006091	0.046509	0.00042	0.077145	0.351313	1	0	1	0.014465	[null,null,15,null]
V1	0	3	FORMAL_V1_G0_P3_M1_RULE_U01	M1_RULE_U01	43	1	A3_RAGGED_DIRECT	448	0.0029486099410278013	0.00543	0.043344	0.000412	0.074107	0.330935	1	0	1	0.011653	[null,null,345,null]
V1	0	3	FORMAL_V1_G0_P3_M1_RULE_U01	M1_RULE_U01	44	1	A3_RAGGED_DIRECT	424	0.002790648694187026	0.005432	0.043456	0.000429	0.073558	0.345581	1	0	1	0.013238	[null,null,414,null]
V1	0	3	FORMAL_V1_G0_P3_M1_RULE_U01	M1_RULE_U01	45	1	A3_RAGGED_DIRECT	424	0.002790648694187026	0.005387	0.043331	0.000399	0.074741	0.343112	1	0	1	0.013323	[null,null,330,null]
V1	0	3	FORMAL_V1_G0_P3_M1_RULE_U01	M1_RULE_U01	46	1	A3_RAGGED_DIRECT	6	3.9490311710193765e-05	0.00527	0.043148	0.000396	0.071667	0.328818	1	0	1	0.013035	[null,null,3031,null]
V1	0	3	FORMAL_V1_G0_P3_M1_RULE_U01	M1_RULE_U01	47	1	A3_RAGGED_DIRECT	4	2.632687447346251e-05	0.00536	0.043373	0.000391	0.072645	0.316319	1	0	1	0.012926	[null,null,1269,null]
V1	0	3	FORMAL_V1_G0_P3_M1_RULE_U01	M1_RULE_U01	48	1	A3_RAGGED_DIRECT	19	0.0001250526537489469	0.00551	0.042994	0.000409	0.072404	0.326003	1	0	1	0.013062	[null,null,788,null]
V1	0	3	FORMAL_V1_G0_P3_M1_RULE_U01	M1_RULE_U01	49	1	A3_RAGGED_DIRECT	822	0.005410172704296546	0.00536	0.043706	0.000414	0.074989	0.34318	1	0	1	0.012864	[null,null,330,null]
V1	0	3	FORMAL_V1_G0_P3_M1_RULE_U01	M1_RULE_U01	50	1	A0_DENSE_VENDOR	147137	0.9684143323504634	0.005294	0.043611	0.000412	0.073152	0.840649	1	0	0	0.0	[null,null,4816,null]
V1	0	3	FORMAL_V1_G0_P3_M1_RULE_U01	M1_RULE_U01	51	1	A0_DENSE_VENDOR	147137	0.9684143323504634	0.009255	0.046677	0.00068	0.091348	1.073569	1	0	0	0.0	[null,null,362,null]
V1	0	3	FORMAL_V1_G0_P3_M1_RULE_U01	M1_RULE_U01	52	1	A0_DENSE_VENDOR	147137	0.9684143323504634	0.005574	0.040321	0.000397	0.071924	0.845853	1	0	0	0.0	[null,null,756,null]
V1	0	3	FORMAL_V1_G0_P3_M1_RULE_U01	M1_RULE_U01	53	1	A3_RAGGED_DIRECT	424	0.002790648694187026	0.005592	0.040476	0.000409	0.074983	0.350452	1	0	1	0.013952	[null,null,414,null]
V1	0	3	FORMAL_V1_G0_P3_M1_RULE_U01	M1_RULE_U01	54	1	A3_RAGGED_DIRECT	424	0.002790648694187026	0.005497	0.043114	0.000364	0.073475	0.324149	1	0	1	0.011481	[null,null,330,null]
V1	0	3	FORMAL_V1_G0_P3_M1_RULE_U01	M1_RULE_U01	55	1	A3_RAGGED_DIRECT	6	3.9490311710193765e-05	0.005361	0.04372	0.000382	0.073309	0.334989	1	0	1	0.013503	[null,null,13523,null]
V1	0	3	FORMAL_V1_G0_P3_M1_RULE_U01	M1_RULE_U01	56	1	A3_RAGGED_DIRECT	13	8.556234203875316e-05	0.005408	0.043413	0.000411	0.071199	0.335625	1	0	1	0.012988	[null,null,788,null]
V1	0	3	FORMAL_V1_G0_P3_M1_RULE_U01	M1_RULE_U01	57	1	A3_RAGGED_DIRECT	434	0.0028564658803706825	0.005517	0.043308	0.000433	0.074674	0.341804	1	0	1	0.012863	[null,null,220,null]
V1	0	3	FORMAL_V1_G0_P3_M1_RULE_U01	M1_RULE_U01	58	1	A3_RAGGED_DIRECT	434	0.0028564658803706825	0.005404	0.043052	0.000404	0.073681	0.333204	1	0	1	0.013525	[null,null,17,null]
V1	0	3	FORMAL_V1_G0_P3_M1_RULE_U01	M1_RULE_U01	59	1	A3_RAGGED_DIRECT	476	0.003132898062342039	0.005562	0.043432	0.000426	0.073578	0.333839	1	0	1	0.018464	[null,null,198,null]
V1	0	3	FORMAL_V1_G0_P3_M1_RULE_U01	M1_RULE_U01	60	1	A3_RAGGED_DIRECT	466	0.0030670808761583826	0.005373	0.043425	0.000436	0.072532	0.335813	1	0	1	0.018411	[null,null,262,null]
V1	0	3	FORMAL_V1_G0_P3_M1_RULE_U01	M1_RULE_U01	61	1	A3_RAGGED_DIRECT	466	0.0030670808761583826	0.005505	0.043282	0.000413	0.074949	0.33981	1	0	1	0.013333	[null,null,1153,null]
V1	0	3	FORMAL_V1_G0_P3_M1_RULE_U01	M1_RULE_U01	62	1	A3_RAGGED_DIRECT	439	0.0028893744734625106	0.00553	0.043448	0.000417	0.072991	0.343781	1	0	1	0.023503	[null,null,262,null]
V1	0	3	FORMAL_V1_G0_P3_M1_RULE_U01	M1_RULE_U01	63	1	A3_RAGGED_DIRECT	439	0.0028893744734625106	0.005455	0.04322	0.000414	0.07271	0.327358	1	0	1	0.012927	[null,null,341,null]
V1	0	3	FORMAL_V1_G0_P3_M1_RULE_U01	M1_RULE_U01	64	1	A3_RAGGED_DIRECT	424	0.002790648694187026	0.005351	0.043373	0.000459	0.072493	0.324822	1	0	1	0.013014	[null,null,414,null]
V1	0	3	FORMAL_V1_G0_P3_M1_RULE_U01	M1_RULE_U01	65	1	A3_RAGGED_DIRECT	424	0.002790648694187026	0.005471	0.043232	0.00044	0.074748	0.322082	1	0	1	0.011195	[null,null,330,null]
V1	0	3	FORMAL_V1_G0_P3_M1_RULE_U01	M1_RULE_U01	66	1	A3_RAGGED_DIRECT	4	2.632687447346251e-05	0.005267	0.043118	0.000423	0.072585	0.307717	1	0	1	0.013183	[null,null,6555,null]
V1	0	3	FORMAL_V1_G0_P3_M1_RULE_U01	M1_RULE_U01	67	1	A3_RAGGED_DIRECT	13	8.556234203875316e-05	0.005389	0.043214	0.000401	0.074482	0.321419	1	0	1	0.017687	[null,null,788,null]
V1	0	3	FORMAL_V1_G0_P3_M1_RULE_U01	M1_RULE_U01	68	1	A3_RAGGED_DIRECT	434	0.0028564658803706825	0.005395	0.043351	0.00041	0.072677	0.324891	1	0	1	0.017382	[null,null,220,null]
V1	0	3	FORMAL_V1_G0_P3_M1_RULE_U01	M1_RULE_U01	69	1	A3_RAGGED_DIRECT	434	0.0028564658803706825	0.005364	0.043717	0.000441	0.074919	0.326111	1	0	1	0.012817	[null,null,17,null]
V1	0	3	FORMAL_V1_G0_P3_M1_RULE_U01	M1_RULE_U01	70	1	A3_RAGGED_DIRECT	448	0.0029486099410278013	0.005339	0.043942	0.000421	0.074417	0.327067	1	0	1	0.011789	[null,null,15,null]
V1	0	3	FORMAL_V1_G0_P3_M1_RULE_U01	M1_RULE_U01	71	1	A3_RAGGED_DIRECT	448	0.0029486099410278013	0.00539	0.043649	0.000455	0.073524	0.325317	1	0	1	0.011808	[null,null,345,null]
V1	0	3	FORMAL_V1_G0_P3_M1_RULE_U01	M1_RULE_U01	72	1	A3_RAGGED_DIRECT	424	0.002790648694187026	0.00532	0.043383	0.000442	0.073685	0.340001	1	0	1	0.012886	[null,null,414,null]
V1	0	3	FORMAL_V1_G0_P3_M1_RULE_U01	M1_RULE_U01	73	1	A3_RAGGED_DIRECT	424	0.002790648694187026	0.005364	0.043194	0.000401	0.071042	0.318326	1	0	1	0.013952	[null,null,330,null]
V1	0	3	FORMAL_V1_G0_P3_M1_RULE_U01	M1_RULE_U01	74	1	A3_RAGGED_DIRECT	6	3.9490311710193765e-05	0.005399	0.043717	0.000404	0.071026	0.329347	1	0	1	0.013051	[null,null,3031,null]
V1	0	3	FORMAL_V1_G0_P3_M1_RULE_U01	M1_RULE_U01	75	1	A3_RAGGED_DIRECT	4	2.632687447346251e-05	0.005388	0.043644	0.000439	0.073081	0.324248	1	0	1	0.0128	[null,null,1269,null]
V1	0	3	FORMAL_V1_G0_P3_M1_RULE_U01	M1_RULE_U01	76	1	A3_RAGGED_DIRECT	19	0.0001250526537489469	0.005451	0.043449	0.000396	0.072265	0.317899	1	0	1	0.013008	[null,null,788,null]
V1	0	3	FORMAL_V1_G0_P3_M1_RULE_U01	M1_RULE_U01	77	1	A3_RAGGED_DIRECT	822	0.005410172704296546	0.005421	0.04332	0.000408	0.074393	0.343032	1	0	1	0.012717	[null,null,330,null]
V1	0	3	FORMAL_V1_G0_P3_M1_RULE_U01	M1_RULE_U01	78	1	A0_DENSE_VENDOR	147137	0.9684143323504634	0.005394	0.043106	0.000379	0.071055	0.851536	1	0	0	0.0	[null,null,4816,null]
V1	0	3	FORMAL_V1_G0_P3_M1_RULE_U01	M1_RULE_U01	79	1	A0_DENSE_VENDOR	147137	0.9684143323504634	0.006375	0.043102	0.000407	0.074136	0.841312	1	0	0	0.0	[null,null,425,null]
V1	0	3	FORMAL_V1_G0_P3_M1_RULE_U01	M1_RULE_U01	80	1	A0_DENSE_VENDOR	147137	0.9684143323504634	0.006278	0.04337	0.000394	0.076099	0.839674	1	0	0	0.0	[null,null,756,null]
V1	0	3	FORMAL_V1_G0_P3_M1_RULE_U01	M1_RULE_U01	81	1	A3_RAGGED_DIRECT	424	0.002790648694187026	0.006182	0.042756	0.000466	0.074527	0.361042	1	0	1	0.012806	[null,null,414,null]
V1	0	3	FORMAL_V1_G0_P3_M1_RULE_U01	M1_RULE_U01	82	1	A3_RAGGED_DIRECT	424	0.002790648694187026	0.005429	0.039656	0.000388	0.069548	0.322703	1	0	1	0.01742	[null,null,330,null]
V1	0	3	FORMAL_V1_G0_P3_M1_RULE_U01	M1_RULE_U01	83	1	A3_RAGGED_DIRECT	6	3.9490311710193765e-05	0.005403	0.03964	0.000399	0.069008	0.314858	1	0	1	0.013009	[null,null,13523,null]
V1	0	3	FORMAL_V1_G0_P3_M1_RULE_U01	M1_RULE_U01	84	1	A3_RAGGED_DIRECT	13	8.556234203875316e-05	0.005308	0.039478	0.000444	0.070381	0.310591	1	0	1	0.013108	[null,null,788,null]
V1	0	3	FORMAL_V1_G0_P3_M1_RULE_U01	M1_RULE_U01	85	1	A3_RAGGED_DIRECT	434	0.0028564658803706825	0.005454	0.039475	0.000433	0.069511	0.319906	1	0	1	0.013167	[null,null,220,null]
V1	0	3	FORMAL_V1_G0_P3_M1_RULE_U01	M1_RULE_U01	86	1	A3_RAGGED_DIRECT	434	0.0028564658803706825	0.005418	0.039212	0.000391	0.070705	0.316457	1	0	1	0.013584	[null,null,18,null]
V1	0	3	FORMAL_V1_G0_P3_M1_RULE_U01	M1_RULE_U01	87	1	A3_RAGGED_DIRECT	476	0.003132898062342039	0.005563	0.040045	0.000425	0.068783	0.318096	1	0	1	0.01157	[null,null,198,null]
V1	0	3	FORMAL_V1_G0_P3_M1_RULE_U01	M1_RULE_U01	88	1	A3_RAGGED_DIRECT	466	0.0030670808761583826	0.005464	0.039793	0.000412	0.070784	0.31913	1	0	1	0.011657	[null,null,262,null]
V1	0	3	FORMAL_V1_G0_P3_M1_RULE_U01	M1_RULE_U01	89	1	A3_RAGGED_DIRECT	466	0.0030670808761583826	0.005427	0.039273	0.000392	0.067854	0.333681	1	0	1	0.013142	[null,null,456,null]
V1	0	3	FORMAL_V1_G0_P3_M1_RULE_U01	M1_RULE_U01	90	1	A3_RAGGED_DIRECT	449	0.002955191659646167	0.005353	0.03946	0.000423	0.070407	0.329145	1	0	1	0.013373	[null,null,220,null]
V1	0	3	FORMAL_V1_G0_P3_M1_RULE_U01	M1_RULE_U01	91	1	A3_RAGGED_DIRECT	449	0.002955191659646167	0.005494	0.039132	0.000417	0.069484	0.326353	1	0	1	0.013331	[null,null,5133,null]
V1	0	3	FORMAL_V1_G0_P3_M1_RULE_U01	M1_RULE_U01	92	1	A3_RAGGED_DIRECT	424	0.002790648694187026	0.005383	0.039508	0.000413	0.068423	0.330219	1	0	1	0.013288	[null,null,92,null]
V1	0	3	FORMAL_V1_G0_P3_M1_RULE_U01	M1_RULE_U01	93	1	A3_RAGGED_DIRECT	1	6.581718618365627e-06	0.00534	0.039451	0.000431	0.069351	0.179417	0	1	0	0.0	[null,null,151645,null]
V1	0	4	FORMAL_V1_G0_P4_B0_STRONG	B0_STRONG	0	4	A0_DENSE_VENDOR			0.0	0.0	0.0	0.0	1.654989	4	0	0	0.0	[515,515,515,515]
V1	0	4	FORMAL_V1_G0_P4_B0_STRONG	B0_STRONG	1	4	A0_DENSE_VENDOR			0.0	0.0	0.0	0.0	1.002293	4	0	0	0.0	[220,220,220,220]
V1	0	4	FORMAL_V1_G0_P4_B0_STRONG	B0_STRONG	2	4	A0_DENSE_VENDOR			0.0	0.0	0.0	0.0	0.759936	4	0	0	0.0	[330,330,330,330]
V1	0	4	FORMAL_V1_G0_P4_B0_STRONG	B0_STRONG	3	4	A0_DENSE_VENDOR			0.0	0.0	0.0	0.0	0.71466	4	0	0	0.0	[4129,4129,29642,5113]
V1	0	4	FORMAL_V1_G0_P4_B0_STRONG	B0_STRONG	4	4	A0_DENSE_VENDOR			0.0	0.0	0.0	0.0	0.722511	4	0	0	0.0	[788,788,258,788]
V1	0	4	FORMAL_V1_G0_P4_B0_STRONG	B0_STRONG	5	4	A0_DENSE_VENDOR			0.0	0.0	0.0	0.0	0.735944	3	1	0	0.0	[220,220,70,330]
V1	0	4	FORMAL_V1_G0_P4_B0_STRONG	B0_STRONG	6	4	A0_DENSE_VENDOR			0.0	0.0	0.0	0.0	0.84157	4	0	0	0.0	[16,16,6744,13079]
V1	0	4	FORMAL_V1_G0_P4_B0_STRONG	B0_STRONG	7	4	A0_DENSE_VENDOR			0.0	0.0	0.0	0.0	0.828659	4	0	0	0.0	[17,17,788,35]
V1	0	4	FORMAL_V1_G0_P4_B0_STRONG	B0_STRONG	8	4	A0_DENSE_VENDOR			0.0	0.0	0.0	0.0	0.851228	4	0	0	0.0	[198,198,330,4644]
V1	0	4	FORMAL_V1_G0_P4_B0_STRONG	B0_STRONG	9	4	A0_DENSE_VENDOR			0.0	0.0	0.0	0.0	0.922612	4	0	0	0.0	[92,92,16,16]
V1	0	4	FORMAL_V1_G0_P4_B0_STRONG	B0_STRONG	10	4	A0_DENSE_VENDOR			0.0	0.0	0.0	0.0	0.88452	2	2	0	0.0	[151645,151645,17,17]
V1	0	4	FORMAL_V1_G0_P4_B0_STRONG	B0_STRONG	11	2	A0_DENSE_VENDOR			0.0	0.0	0.0	0.0	0.853251	2	0	0	0.0	[null,null,18,18]
V1	0	4	FORMAL_V1_G0_P4_B0_STRONG	B0_STRONG	12	2	A0_DENSE_VENDOR			0.0	0.0	0.0	0.0	0.86485	2	0	0	0.0	[null,null,4697,698]
V1	0	4	FORMAL_V1_G0_P4_B0_STRONG	B0_STRONG	13	2	A0_DENSE_VENDOR			0.0	0.0	0.0	0.0	0.784937	2	0	0	0.0	[null,null,794,92]
V1	0	4	FORMAL_V1_G0_P4_B0_STRONG	B0_STRONG	14	2	A0_DENSE_VENDOR			0.0	0.0	0.0	0.0	0.764774	1	1	0	0.0	[null,null,11,151645]
V1	0	4	FORMAL_V1_G0_P4_B0_STRONG	B0_STRONG	15	1	A0_DENSE_VENDOR			0.0	0.0	0.0	0.0	0.748535	1	0	0	0.0	[null,null,5765,null]
V1	0	4	FORMAL_V1_G0_P4_B0_STRONG	B0_STRONG	16	1	A0_DENSE_VENDOR			0.0	0.0	0.0	0.0	0.754228	1	0	0	0.0	[null,null,27831,null]
V1	0	4	FORMAL_V1_G0_P4_B0_STRONG	B0_STRONG	17	1	A0_DENSE_VENDOR			0.0	0.0	0.0	0.0	0.763479	1	0	0	0.0	[null,null,11,null]
V1	0	4	FORMAL_V1_G0_P4_B0_STRONG	B0_STRONG	18	1	A0_DENSE_VENDOR			0.0	0.0	0.0	0.0	0.758246	1	0	0	0.0	[null,null,7279,null]
V1	0	4	FORMAL_V1_G0_P4_B0_STRONG	B0_STRONG	19	1	A0_DENSE_VENDOR			0.0	0.0	0.0	0.0	0.756444	1	0	0	0.0	[null,null,756,null]
V1	0	4	FORMAL_V1_G0_P4_B0_STRONG	B0_STRONG	20	1	A0_DENSE_VENDOR			0.0	0.0	0.0	0.0	0.6693	1	0	0	0.0	[null,null,220,null]
V1	0	4	FORMAL_V1_G0_P4_B0_STRONG	B0_STRONG	21	1	A0_DENSE_VENDOR			0.0	0.0	0.0	0.0	0.672536	1	0	0	0.0	[null,null,330,null]
V1	0	4	FORMAL_V1_G0_P4_B0_STRONG	B0_STRONG	22	1	A0_DENSE_VENDOR			0.0	0.0	0.0	0.0	0.655409	1	0	0	0.0	[null,null,11049,null]
V1	0	4	FORMAL_V1_G0_P4_B0_STRONG	B0_STRONG	23	1	A0_DENSE_VENDOR			0.0	0.0	0.0	0.0	0.666119	1	0	0	0.0	[null,null,1269,null]
V1	0	4	FORMAL_V1_G0_P4_B0_STRONG	B0_STRONG	24	1	A0_DENSE_VENDOR			0.0	0.0	0.0	0.0	0.658353	1	0	0	0.0	[null,null,788,null]
V1	0	4	FORMAL_V1_G0_P4_B0_STRONG	B0_STRONG	25	1	A0_DENSE_VENDOR			0.0	0.0	0.0	0.0	0.67823	1	0	0	0.0	[null,null,330,null]
V1	0	4	FORMAL_V1_G0_P4_B0_STRONG	B0_STRONG	26	1	A0_DENSE_VENDOR			0.0	0.0	0.0	0.0	0.766809	1	0	0	0.0	[null,null,13079,null]
V1	0	4	FORMAL_V1_G0_P4_B0_STRONG	B0_STRONG	27	1	A0_DENSE_VENDOR			0.0	0.0	0.0	0.0	0.765086	1	0	0	0.0	[null,null,49628,null]
V1	0	4	FORMAL_V1_G0_P4_B0_STRONG	B0_STRONG	28	1	A0_DENSE_VENDOR			0.0	0.0	0.0	0.0	0.764635	1	0	0	0.0	[null,null,756,null]
V1	0	4	FORMAL_V1_G0_P4_B0_STRONG	B0_STRONG	29	1	A0_DENSE_VENDOR			0.0	0.0	0.0	0.0	0.663303	1	0	0	0.0	[null,null,220,null]
V1	0	4	FORMAL_V1_G0_P4_B0_STRONG	B0_STRONG	30	1	A0_DENSE_VENDOR			0.0	0.0	0.0	0.0	0.67763	1	0	0	0.0	[null,null,330,null]
V1	0	4	FORMAL_V1_G0_P4_B0_STRONG	B0_STRONG	31	1	A0_DENSE_VENDOR			0.0	0.0	0.0	0.0	0.651176	1	0	0	0.0	[null,null,3615,null]
V1	0	4	FORMAL_V1_G0_P4_B0_STRONG	B0_STRONG	32	1	A0_DENSE_VENDOR			0.0	0.0	0.0	0.0	0.663927	1	0	0	0.0	[null,null,788,null]
V1	0	4	FORMAL_V1_G0_P4_B0_STRONG	B0_STRONG	33	1	A0_DENSE_VENDOR			0.0	0.0	0.0	0.0	0.669597	1	0	0	0.0	[null,null,2278,null]
V1	0	4	FORMAL_V1_G0_P4_B0_STRONG	B0_STRONG	34	1	A0_DENSE_VENDOR			0.0	0.0	0.0	0.0	0.667569	1	0	0	0.0	[null,null,262,null]
V1	0	4	FORMAL_V1_G0_P4_B0_STRONG	B0_STRONG	35	1	A0_DENSE_VENDOR			0.0	0.0	0.0	0.0	0.675064	1	0	0	0.0	[null,null,341,null]
V1	0	4	FORMAL_V1_G0_P4_B0_STRONG	B0_STRONG	36	1	A0_DENSE_VENDOR			0.0	0.0	0.0	0.0	0.665034	1	0	0	0.0	[null,null,414,null]
V1	0	4	FORMAL_V1_G0_P4_B0_STRONG	B0_STRONG	37	1	A0_DENSE_VENDOR			0.0	0.0	0.0	0.0	0.663366	1	0	0	0.0	[null,null,330,null]
V1	0	4	FORMAL_V1_G0_P4_B0_STRONG	B0_STRONG	38	1	A0_DENSE_VENDOR			0.0	0.0	0.0	0.0	0.667918	1	0	0	0.0	[null,null,6555,null]
V1	0	4	FORMAL_V1_G0_P4_B0_STRONG	B0_STRONG	39	1	A0_DENSE_VENDOR			0.0	0.0	0.0	0.0	0.65765	1	0	0	0.0	[null,null,788,null]
V1	0	4	FORMAL_V1_G0_P4_B0_STRONG	B0_STRONG	40	1	A0_DENSE_VENDOR			0.0	0.0	0.0	0.0	0.675625	1	0	0	0.0	[null,null,220,null]
V1	0	4	FORMAL_V1_G0_P4_B0_STRONG	B0_STRONG	41	1	A0_DENSE_VENDOR			0.0	0.0	0.0	0.0	0.668246	1	0	0	0.0	[null,null,16,null]
V1	0	4	FORMAL_V1_G0_P4_B0_STRONG	B0_STRONG	42	1	A0_DENSE_VENDOR			0.0	0.0	0.0	0.0	0.665841	1	0	0	0.0	[null,null,15,null]
V1	0	4	FORMAL_V1_G0_P4_B0_STRONG	B0_STRONG	43	1	A0_DENSE_VENDOR			0.0	0.0	0.0	0.0	0.665754	1	0	0	0.0	[null,null,345,null]
V1	0	4	FORMAL_V1_G0_P4_B0_STRONG	B0_STRONG	44	1	A0_DENSE_VENDOR			0.0	0.0	0.0	0.0	0.668308	1	0	0	0.0	[null,null,414,null]
V1	0	4	FORMAL_V1_G0_P4_B0_STRONG	B0_STRONG	45	1	A0_DENSE_VENDOR			0.0	0.0	0.0	0.0	0.667522	1	0	0	0.0	[null,null,330,null]
V1	0	4	FORMAL_V1_G0_P4_B0_STRONG	B0_STRONG	46	1	A0_DENSE_VENDOR			0.0	0.0	0.0	0.0	0.654559	1	0	0	0.0	[null,null,3031,null]
V1	0	4	FORMAL_V1_G0_P4_B0_STRONG	B0_STRONG	47	1	A0_DENSE_VENDOR			0.0	0.0	0.0	0.0	0.650476	1	0	0	0.0	[null,null,1269,null]
V1	0	4	FORMAL_V1_G0_P4_B0_STRONG	B0_STRONG	48	1	A0_DENSE_VENDOR			0.0	0.0	0.0	0.0	0.665269	1	0	0	0.0	[null,null,788,null]
V1	0	4	FORMAL_V1_G0_P4_B0_STRONG	B0_STRONG	49	1	A0_DENSE_VENDOR			0.0	0.0	0.0	0.0	0.679731	1	0	0	0.0	[null,null,330,null]
V1	0	4	FORMAL_V1_G0_P4_B0_STRONG	B0_STRONG	50	1	A0_DENSE_VENDOR			0.0	0.0	0.0	0.0	0.764584	1	0	0	0.0	[null,null,4816,null]
V1	0	4	FORMAL_V1_G0_P4_B0_STRONG	B0_STRONG	51	1	A0_DENSE_VENDOR			0.0	0.0	0.0	0.0	0.771009	1	0	0	0.0	[null,null,362,null]
V1	0	4	FORMAL_V1_G0_P4_B0_STRONG	B0_STRONG	52	1	A0_DENSE_VENDOR			0.0	0.0	0.0	0.0	0.749786	1	0	0	0.0	[null,null,756,null]
V1	0	4	FORMAL_V1_G0_P4_B0_STRONG	B0_STRONG	53	1	A0_DENSE_VENDOR			0.0	0.0	0.0	0.0	0.669516	1	0	0	0.0	[null,null,414,null]
V1	0	4	FORMAL_V1_G0_P4_B0_STRONG	B0_STRONG	54	1	A0_DENSE_VENDOR			0.0	0.0	0.0	0.0	0.666488	1	0	0	0.0	[null,null,330,null]
V1	0	4	FORMAL_V1_G0_P4_B0_STRONG	B0_STRONG	55	1	A0_DENSE_VENDOR			0.0	0.0	0.0	0.0	0.659274	1	0	0	0.0	[null,null,13523,null]
V1	0	4	FORMAL_V1_G0_P4_B0_STRONG	B0_STRONG	56	1	A0_DENSE_VENDOR			0.0	0.0	0.0	0.0	0.667299	1	0	0	0.0	[null,null,788,null]
V1	0	4	FORMAL_V1_G0_P4_B0_STRONG	B0_STRONG	57	1	A0_DENSE_VENDOR			0.0	0.0	0.0	0.0	0.663446	1	0	0	0.0	[null,null,220,null]
V1	0	4	FORMAL_V1_G0_P4_B0_STRONG	B0_STRONG	58	1	A0_DENSE_VENDOR			0.0	0.0	0.0	0.0	0.674879	1	0	0	0.0	[null,null,17,null]
V1	0	4	FORMAL_V1_G0_P4_B0_STRONG	B0_STRONG	59	1	A0_DENSE_VENDOR			0.0	0.0	0.0	0.0	0.672209	1	0	0	0.0	[null,null,198,null]
V1	0	4	FORMAL_V1_G0_P4_B0_STRONG	B0_STRONG	60	1	A0_DENSE_VENDOR			0.0	0.0	0.0	0.0	0.672939	1	0	0	0.0	[null,null,262,null]
V1	0	4	FORMAL_V1_G0_P4_B0_STRONG	B0_STRONG	61	1	A0_DENSE_VENDOR			0.0	0.0	0.0	0.0	0.669286	1	0	0	0.0	[null,null,1153,null]
V1	0	4	FORMAL_V1_G0_P4_B0_STRONG	B0_STRONG	62	1	A0_DENSE_VENDOR			0.0	0.0	0.0	0.0	0.672418	1	0	0	0.0	[null,null,262,null]
V1	0	4	FORMAL_V1_G0_P4_B0_STRONG	B0_STRONG	63	1	A0_DENSE_VENDOR			0.0	0.0	0.0	0.0	0.668086	1	0	0	0.0	[null,null,341,null]
V1	0	4	FORMAL_V1_G0_P4_B0_STRONG	B0_STRONG	64	1	A0_DENSE_VENDOR			0.0	0.0	0.0	0.0	0.665603	1	0	0	0.0	[null,null,414,null]
V1	0	4	FORMAL_V1_G0_P4_B0_STRONG	B0_STRONG	65	1	A0_DENSE_VENDOR			0.0	0.0	0.0	0.0	0.672327	1	0	0	0.0	[null,null,330,null]
V1	0	4	FORMAL_V1_G0_P4_B0_STRONG	B0_STRONG	66	1	A0_DENSE_VENDOR			0.0	0.0	0.0	0.0	0.661323	1	0	0	0.0	[null,null,6555,null]
V1	0	4	FORMAL_V1_G0_P4_B0_STRONG	B0_STRONG	67	1	A0_DENSE_VENDOR			0.0	0.0	0.0	0.0	0.665867	1	0	0	0.0	[null,null,788,null]
V1	0	4	FORMAL_V1_G0_P4_B0_STRONG	B0_STRONG	68	1	A0_DENSE_VENDOR			0.0	0.0	0.0	0.0	0.674921	1	0	0	0.0	[null,null,220,null]
V1	0	4	FORMAL_V1_G0_P4_B0_STRONG	B0_STRONG	69	1	A0_DENSE_VENDOR			0.0	0.0	0.0	0.0	0.672206	1	0	0	0.0	[null,null,17,null]
V1	0	4	FORMAL_V1_G0_P4_B0_STRONG	B0_STRONG	70	1	A0_DENSE_VENDOR			0.0	0.0	0.0	0.0	0.672277	1	0	0	0.0	[null,null,15,null]
V1	0	4	FORMAL_V1_G0_P4_B0_STRONG	B0_STRONG	71	1	A0_DENSE_VENDOR			0.0	0.0	0.0	0.0	0.669084	1	0	0	0.0	[null,null,345,null]
V1	0	4	FORMAL_V1_G0_P4_B0_STRONG	B0_STRONG	72	1	A0_DENSE_VENDOR			0.0	0.0	0.0	0.0	0.677917	1	0	0	0.0	[null,null,414,null]
V1	0	4	FORMAL_V1_G0_P4_B0_STRONG	B0_STRONG	73	1	A0_DENSE_VENDOR			0.0	0.0	0.0	0.0	0.66222	1	0	0	0.0	[null,null,330,null]
V1	0	4	FORMAL_V1_G0_P4_B0_STRONG	B0_STRONG	74	1	A0_DENSE_VENDOR			0.0	0.0	0.0	0.0	0.65198	1	0	0	0.0	[null,null,3031,null]
V1	0	4	FORMAL_V1_G0_P4_B0_STRONG	B0_STRONG	75	1	A0_DENSE_VENDOR			0.0	0.0	0.0	0.0	0.66036	1	0	0	0.0	[null,null,1269,null]
V1	0	4	FORMAL_V1_G0_P4_B0_STRONG	B0_STRONG	76	1	A0_DENSE_VENDOR			0.0	0.0	0.0	0.0	0.663247	1	0	0	0.0	[null,null,788,null]
V1	0	4	FORMAL_V1_G0_P4_B0_STRONG	B0_STRONG	77	1	A0_DENSE_VENDOR			0.0	0.0	0.0	0.0	0.673169	1	0	0	0.0	[null,null,330,null]
V1	0	4	FORMAL_V1_G0_P4_B0_STRONG	B0_STRONG	78	1	A0_DENSE_VENDOR			0.0	0.0	0.0	0.0	0.779278	1	0	0	0.0	[null,null,4816,null]
V1	0	4	FORMAL_V1_G0_P4_B0_STRONG	B0_STRONG	79	1	A0_DENSE_VENDOR			0.0	0.0	0.0	0.0	0.751508	1	0	0	0.0	[null,null,425,null]
V1	0	4	FORMAL_V1_G0_P4_B0_STRONG	B0_STRONG	80	1	A0_DENSE_VENDOR			0.0	0.0	0.0	0.0	0.758321	1	0	0	0.0	[null,null,756,null]
V1	0	4	FORMAL_V1_G0_P4_B0_STRONG	B0_STRONG	81	1	A0_DENSE_VENDOR			0.0	0.0	0.0	0.0	0.68441	1	0	0	0.0	[null,null,414,null]
V1	0	4	FORMAL_V1_G0_P4_B0_STRONG	B0_STRONG	82	1	A0_DENSE_VENDOR			0.0	0.0	0.0	0.0	0.672817	1	0	0	0.0	[null,null,330,null]
V1	0	4	FORMAL_V1_G0_P4_B0_STRONG	B0_STRONG	83	1	A0_DENSE_VENDOR			0.0	0.0	0.0	0.0	0.656773	1	0	0	0.0	[null,null,13523,null]
V1	0	4	FORMAL_V1_G0_P4_B0_STRONG	B0_STRONG	84	1	A0_DENSE_VENDOR			0.0	0.0	0.0	0.0	0.6603	1	0	0	0.0	[null,null,788,null]
V1	0	4	FORMAL_V1_G0_P4_B0_STRONG	B0_STRONG	85	1	A0_DENSE_VENDOR			0.0	0.0	0.0	0.0	0.665486	1	0	0	0.0	[null,null,220,null]
V1	0	4	FORMAL_V1_G0_P4_B0_STRONG	B0_STRONG	86	1	A0_DENSE_VENDOR			0.0	0.0	0.0	0.0	0.662658	1	0	0	0.0	[null,null,18,null]
V1	0	4	FORMAL_V1_G0_P4_B0_STRONG	B0_STRONG	87	1	A0_DENSE_VENDOR			0.0	0.0	0.0	0.0	0.66774	1	0	0	0.0	[null,null,198,null]
V1	0	4	FORMAL_V1_G0_P4_B0_STRONG	B0_STRONG	88	1	A0_DENSE_VENDOR			0.0	0.0	0.0	0.0	0.673048	1	0	0	0.0	[null,null,262,null]
V1	0	4	FORMAL_V1_G0_P4_B0_STRONG	B0_STRONG	89	1	A0_DENSE_VENDOR			0.0	0.0	0.0	0.0	0.666872	1	0	0	0.0	[null,null,456,null]
V1	0	4	FORMAL_V1_G0_P4_B0_STRONG	B0_STRONG	90	1	A0_DENSE_VENDOR			0.0	0.0	0.0	0.0	0.667226	1	0	0	0.0	[null,null,220,null]
V1	0	4	FORMAL_V1_G0_P4_B0_STRONG	B0_STRONG	91	1	A0_DENSE_VENDOR			0.0	0.0	0.0	0.0	0.671125	1	0	0	0.0	[null,null,5133,null]
V1	0	4	FORMAL_V1_G0_P4_B0_STRONG	B0_STRONG	92	1	A0_DENSE_VENDOR			0.0	0.0	0.0	0.0	0.66735	1	0	0	0.0	[null,null,92,null]
V1	0	4	FORMAL_V1_G0_P4_B0_STRONG	B0_STRONG	93	1	A0_DENSE_VENDOR			0.0	0.0	0.0	0.0	0.132251	0	1	0	0.0	[null,null,151645,null]
V1	0	4	FORMAL_V1_G0_P4_M1_RULE_U01	M1_RULE_U01	0	4	A3_RAGGED_DIRECT	7	4.6072030328559395e-05	0.01013	0.049601	0.00062	0.08691	0.981926	4	0	1	0.035943	[515,515,515,515]
V1	0	4	FORMAL_V1_G0_P4_M1_RULE_U01	M1_RULE_U01	1	4	A3_RAGGED_DIRECT	426	0.0028038121314237574	0.007729	0.049308	0.000494	0.08402	0.552824	4	0	2	0.033983	[220,220,220,220]
V1	0	4	FORMAL_V1_G0_P4_M1_RULE_U01	M1_RULE_U01	2	4	A3_RAGGED_DIRECT	426	0.0028038121314237574	0.007558	0.050138	0.000512	0.083521	0.55115	4	0	2	0.036413	[330,330,330,330]
V1	0	4	FORMAL_V1_G0_P4_M1_RULE_U01	M1_RULE_U01	3	4	A3_RAGGED_DIRECT	14	9.214406065711879e-05	0.007192	0.047899	0.000461	0.079175	0.515795	4	0	3	0.037966	[4129,4129,29642,5113]
V1	0	4	FORMAL_V1_G0_P4_M1_RULE_U01	M1_RULE_U01	4	4	A3_RAGGED_DIRECT	21	0.00013821609098567817	0.007412	0.048755	0.0004	0.079831	0.511744	4	0	3	0.037189	[788,788,258,788]
V1	0	4	FORMAL_V1_G0_P4_M1_RULE_U01	M1_RULE_U01	5	4	A3_RAGGED_DIRECT	823	0.005416754422914912	0.007194	0.047689	0.000455	0.079696	0.493892	3	1	2	0.030576	[220,220,70,330]
V1	0	4	FORMAL_V1_G0_P4_M1_RULE_U01	M1_RULE_U01	6	4	A0_DENSE_VENDOR	147404	0.970171651221567	0.007534	0.049856	0.000488	0.083342	0.915807	4	0	0	0.0	[16,16,6744,13079]
V1	0	4	FORMAL_V1_G0_P4_M1_RULE_U01	M1_RULE_U01	7	4	A0_DENSE_VENDOR	147415	0.970244050126369	0.012222	0.045806	0.000614	0.102349	1.178829	4	0	0	0.0	[17,17,788,35]
V1	0	4	FORMAL_V1_G0_P4_M1_RULE_U01	M1_RULE_U01	8	4	A0_DENSE_VENDOR	147800	0.9727780117944398	0.00792	0.045616	0.000454	0.081052	0.913279	4	0	0	0.0	[198,198,330,4644]
V1	0	4	FORMAL_V1_G0_P4_M1_RULE_U01	M1_RULE_U01	9	4	A0_DENSE_VENDOR	147475	0.9706389532434709	0.007461	0.044098	0.000486	0.079345	0.95245	4	0	0	0.0	[92,92,16,16]
V1	0	4	FORMAL_V1_G0_P4_M1_RULE_U01	M1_RULE_U01	10	4	A0_DENSE_VENDOR	147140	0.9684340775063185	0.007781	0.045813	0.000454	0.086246	0.955916	2	2	0	0.0	[151645,151645,17,17]
V1	0	4	FORMAL_V1_G0_P4_M1_RULE_U01	M1_RULE_U01	11	2	A0_DENSE_VENDOR	147139	0.9684274957877	0.006986	0.04844	0.000481	0.086198	0.942436	2	0	0	0.0	[null,null,18,18]
V1	0	4	FORMAL_V1_G0_P4_M1_RULE_U01	M1_RULE_U01	12	2	A0_DENSE_VENDOR	147139	0.9684274957877	0.006604	0.050355	0.000446	0.085067	0.929452	2	0	0	0.0	[null,null,4697,698]
V1	0	4	FORMAL_V1_G0_P4_M1_RULE_U01	M1_RULE_U01	13	2	A0_DENSE_VENDOR	147473	0.9706257898062342	0.006736	0.04392	0.000454	0.07699	0.859279	2	0	0	0.0	[null,null,794,92]
V1	0	4	FORMAL_V1_G0_P4_M1_RULE_U01	M1_RULE_U01	14	2	A0_DENSE_VENDOR	147138	0.9684209140690817	0.006807	0.044215	0.000465	0.077391	0.829052	1	1	0	0.0	[null,null,11,151645]
V1	0	4	FORMAL_V1_G0_P4_M1_RULE_U01	M1_RULE_U01	15	1	A0_DENSE_VENDOR	147137	0.9684143323504634	0.005721	0.040534	0.000424	0.073155	0.82175	1	0	0	0.0	[null,null,5765,null]
V1	0	4	FORMAL_V1_G0_P4_M1_RULE_U01	M1_RULE_U01	16	1	A0_DENSE_VENDOR	147137	0.9684143323504634	0.005643	0.039937	0.000404	0.077657	0.834036	1	0	0	0.0	[null,null,27831,null]
V1	0	4	FORMAL_V1_G0_P4_M1_RULE_U01	M1_RULE_U01	17	1	A0_DENSE_VENDOR	147137	0.9684143323504634	0.005679	0.040448	0.000424	0.073467	0.806225	1	0	0	0.0	[null,null,11,null]
V1	0	4	FORMAL_V1_G0_P4_M1_RULE_U01	M1_RULE_U01	18	1	A0_DENSE_VENDOR	147137	0.9684143323504634	0.00569	0.040361	0.000415	0.070787	0.824866	1	0	0	0.0	[null,null,7279,null]
V1	0	4	FORMAL_V1_G0_P4_M1_RULE_U01	M1_RULE_U01	19	1	A0_DENSE_VENDOR	147137	0.9684143323504634	0.005588	0.040277	0.000401	0.07283	0.821308	1	0	0	0.0	[null,null,756,null]
V1	0	4	FORMAL_V1_G0_P4_M1_RULE_U01	M1_RULE_U01	20	1	A3_RAGGED_DIRECT	425	0.002797230412805392	0.005768	0.040231	0.000424	0.0722	0.350425	1	0	1	0.013738	[null,null,220,null]
V1	0	4	FORMAL_V1_G0_P4_M1_RULE_U01	M1_RULE_U01	21	1	A3_RAGGED_DIRECT	425	0.002797230412805392	0.005686	0.040511	0.000378	0.073143	0.359051	1	0	1	0.013904	[null,null,330,null]
V1	0	4	FORMAL_V1_G0_P4_M1_RULE_U01	M1_RULE_U01	22	1	A3_RAGGED_DIRECT	6	3.9490311710193765e-05	0.005555	0.040158	0.000411	0.072014	0.331949	1	0	1	0.017857	[null,null,11049,null]
V1	0	4	FORMAL_V1_G0_P4_M1_RULE_U01	M1_RULE_U01	23	1	A3_RAGGED_DIRECT	4	2.632687447346251e-05	0.005611	0.043883	0.000408	0.07665	0.327696	1	0	1	0.013132	[null,null,1269,null]
V1	0	4	FORMAL_V1_G0_P4_M1_RULE_U01	M1_RULE_U01	24	1	A3_RAGGED_DIRECT	19	0.0001250526537489469	0.005379	0.043224	0.000381	0.071393	0.319293	1	0	1	0.013177	[null,null,788,null]
V1	0	4	FORMAL_V1_G0_P4_M1_RULE_U01	M1_RULE_U01	25	1	A3_RAGGED_DIRECT	822	0.005410172704296546	0.005371	0.04313	0.000421	0.072872	0.339419	1	0	1	0.013121	[null,null,330,null]
V1	0	4	FORMAL_V1_G0_P4_M1_RULE_U01	M1_RULE_U01	26	1	A0_DENSE_VENDOR	147137	0.9684143323504634	0.007884	0.046683	0.000417	0.077074	0.862927	1	0	0	0.0	[null,null,13079,null]
V1	0	4	FORMAL_V1_G0_P4_M1_RULE_U01	M1_RULE_U01	27	1	A0_DENSE_VENDOR	147137	0.9684143323504634	0.009307	0.045958	0.000636	0.091915	1.072871	1	0	0	0.0	[null,null,49628,null]
V1	0	4	FORMAL_V1_G0_P4_M1_RULE_U01	M1_RULE_U01	28	1	A0_DENSE_VENDOR	147137	0.9684143323504634	0.005866	0.040112	0.000423	0.071758	0.842739	1	0	0	0.0	[null,null,756,null]
V1	0	4	FORMAL_V1_G0_P4_M1_RULE_U01	M1_RULE_U01	29	1	A3_RAGGED_DIRECT	424	0.002790648694187026	0.005648	0.040077	0.000417	0.0735	0.345938	1	0	1	0.013502	[null,null,220,null]
V1	0	4	FORMAL_V1_G0_P4_M1_RULE_U01	M1_RULE_U01	30	1	A3_RAGGED_DIRECT	424	0.002790648694187026	0.005691	0.039965	0.000404	0.072598	0.339176	1	0	1	0.013632	[null,null,330,null]
V1	0	4	FORMAL_V1_G0_P4_M1_RULE_U01	M1_RULE_U01	31	1	A3_RAGGED_DIRECT	5	3.2908593091828136e-05	0.006065	0.046282	0.000415	0.078716	0.341025	1	0	1	0.013771	[null,null,3615,null]
V1	0	4	FORMAL_V1_G0_P4_M1_RULE_U01	M1_RULE_U01	32	1	A3_RAGGED_DIRECT	15	9.872577927548442e-05	0.005456	0.043463	0.000385	0.073329	0.32514	1	0	1	0.013627	[null,null,788,null]
V1	0	4	FORMAL_V1_G0_P4_M1_RULE_U01	M1_RULE_U01	33	1	A3_RAGGED_DIRECT	442	0.0029091196293176075	0.005489	0.043127	0.000378	0.072855	0.328748	1	0	1	0.012986	[null,null,2278,null]
V1	0	4	FORMAL_V1_G0_P4_M1_RULE_U01	M1_RULE_U01	34	1	A3_RAGGED_DIRECT	452	0.002974936815501264	0.005542	0.042944	0.000402	0.071012	0.313452	1	0	1	0.012225	[null,null,262,null]
V1	0	4	FORMAL_V1_G0_P4_M1_RULE_U01	M1_RULE_U01	35	1	A3_RAGGED_DIRECT	452	0.002974936815501264	0.005512	0.043329	0.000402	0.073734	0.332679	1	0	1	0.013292	[null,null,341,null]
V1	0	4	FORMAL_V1_G0_P4_M1_RULE_U01	M1_RULE_U01	36	1	A3_RAGGED_DIRECT	424	0.002790648694187026	0.005664	0.04423	0.000401	0.07473	0.324644	1	0	1	0.011421	[null,null,414,null]
V1	0	4	FORMAL_V1_G0_P4_M1_RULE_U01	M1_RULE_U01	37	1	A3_RAGGED_DIRECT	424	0.002790648694187026	0.005549	0.043078	0.000443	0.071683	0.334319	1	0	1	0.013419	[null,null,330,null]
V1	0	4	FORMAL_V1_G0_P4_M1_RULE_U01	M1_RULE_U01	38	1	A3_RAGGED_DIRECT	4	2.632687447346251e-05	0.005435	0.043352	0.00047	0.073937	0.319255	1	0	1	0.011445	[null,null,6555,null]
V1	0	4	FORMAL_V1_G0_P4_M1_RULE_U01	M1_RULE_U01	39	1	A3_RAGGED_DIRECT	13	8.556234203875316e-05	0.005522	0.04361	0.00042	0.073044	0.312103	1	0	1	0.012782	[null,null,788,null]
V1	0	4	FORMAL_V1_G0_P4_M1_RULE_U01	M1_RULE_U01	40	1	A3_RAGGED_DIRECT	434	0.0028564658803706825	0.005372	0.043582	0.000414	0.071646	0.335822	1	0	1	0.012957	[null,null,220,null]
V1	0	4	FORMAL_V1_G0_P4_M1_RULE_U01	M1_RULE_U01	41	1	A3_RAGGED_DIRECT	434	0.0028564658803706825	0.005446	0.043371	0.000399	0.073088	0.322985	1	0	1	0.01137	[null,null,16,null]
V1	0	4	FORMAL_V1_G0_P4_M1_RULE_U01	M1_RULE_U01	42	1	A3_RAGGED_DIRECT	448	0.0029486099410278013	0.005452	0.043102	0.000381	0.072528	0.320713	1	0	1	0.011773	[null,null,15,null]
V1	0	4	FORMAL_V1_G0_P4_M1_RULE_U01	M1_RULE_U01	43	1	A3_RAGGED_DIRECT	448	0.0029486099410278013	0.005404	0.043648	0.000425	0.074602	0.342276	1	0	1	0.013812	[null,null,345,null]
V1	0	4	FORMAL_V1_G0_P4_M1_RULE_U01	M1_RULE_U01	44	1	A3_RAGGED_DIRECT	424	0.002790648694187026	0.005407	0.043332	0.000398	0.071953	0.32709	1	0	1	0.013128	[null,null,414,null]
V1	0	4	FORMAL_V1_G0_P4_M1_RULE_U01	M1_RULE_U01	45	1	A3_RAGGED_DIRECT	424	0.002790648694187026	0.005322	0.04306	0.000391	0.072105	0.340837	1	0	1	0.01778	[null,null,330,null]
V1	0	4	FORMAL_V1_G0_P4_M1_RULE_U01	M1_RULE_U01	46	1	A3_RAGGED_DIRECT	6	3.9490311710193765e-05	0.005416	0.043164	0.000379	0.075763	0.327546	1	0	1	0.013123	[null,null,3031,null]
V1	0	4	FORMAL_V1_G0_P4_M1_RULE_U01	M1_RULE_U01	47	1	A3_RAGGED_DIRECT	4	2.632687447346251e-05	0.005639	0.042899	0.00038	0.070926	0.30731	1	0	1	0.013244	[null,null,1269,null]
V1	0	4	FORMAL_V1_G0_P4_M1_RULE_U01	M1_RULE_U01	48	1	A3_RAGGED_DIRECT	19	0.0001250526537489469	0.005523	0.043169	0.000419	0.071985	0.336569	1	0	1	0.013265	[null,null,788,null]
V1	0	4	FORMAL_V1_G0_P4_M1_RULE_U01	M1_RULE_U01	49	1	A3_RAGGED_DIRECT	822	0.005410172704296546	0.005373	0.047283	0.000396	0.076996	0.34895	1	0	1	0.013155	[null,null,330,null]
V1	0	4	FORMAL_V1_G0_P4_M1_RULE_U01	M1_RULE_U01	50	1	A0_DENSE_VENDOR	147137	0.9684143323504634	0.005391	0.043055	0.000526	0.073332	0.855489	1	0	0	0.0	[null,null,4816,null]
V1	0	4	FORMAL_V1_G0_P4_M1_RULE_U01	M1_RULE_U01	51	1	A0_DENSE_VENDOR	147137	0.9684143323504634	0.00587	0.045409	0.0004	0.078528	0.831401	1	0	0	0.0	[null,null,362,null]
V1	0	4	FORMAL_V1_G0_P4_M1_RULE_U01	M1_RULE_U01	52	1	A0_DENSE_VENDOR	147137	0.9684143323504634	0.005648	0.040488	0.000387	0.073486	0.827736	1	0	0	0.0	[null,null,756,null]
V1	0	4	FORMAL_V1_G0_P4_M1_RULE_U01	M1_RULE_U01	53	1	A3_RAGGED_DIRECT	424	0.002790648694187026	0.01079	0.042887	0.000424	0.081092	0.358094	1	0	1	0.013866	[null,null,414,null]
V1	0	4	FORMAL_V1_G0_P4_M1_RULE_U01	M1_RULE_U01	54	1	A3_RAGGED_DIRECT	424	0.002790648694187026	0.00573	0.040233	0.000372	0.073389	0.34234	1	0	1	0.01397	[null,null,330,null]
V1	0	4	FORMAL_V1_G0_P4_M1_RULE_U01	M1_RULE_U01	55	1	A3_RAGGED_DIRECT	6	3.9490311710193765e-05	0.005797	0.04053	0.000476	0.072463	0.328985	1	0	1	0.013471	[null,null,13523,null]
V1	0	4	FORMAL_V1_G0_P4_M1_RULE_U01	M1_RULE_U01	56	1	A3_RAGGED_DIRECT	13	8.556234203875316e-05	0.005653	0.040569	0.000423	0.070487	0.338443	1	0	1	0.018485	[null,null,788,null]
V1	0	4	FORMAL_V1_G0_P4_M1_RULE_U01	M1_RULE_U01	57	1	A3_RAGGED_DIRECT	434	0.0028564658803706825	0.005668	0.040542	0.000411	0.072373	0.344326	1	0	1	0.013253	[null,null,220,null]
V1	0	4	FORMAL_V1_G0_P4_M1_RULE_U01	M1_RULE_U01	58	1	A3_RAGGED_DIRECT	434	0.0028564658803706825	0.005759	0.040066	0.000407	0.07236	0.353108	1	0	1	0.013206	[null,null,17,null]
V1	0	4	FORMAL_V1_G0_P4_M1_RULE_U01	M1_RULE_U01	59	1	A3_RAGGED_DIRECT	476	0.003132898062342039	0.005644	0.040422	0.000408	0.070912	0.341844	1	0	1	0.013536	[null,null,198,null]
V1	0	4	FORMAL_V1_G0_P4_M1_RULE_U01	M1_RULE_U01	60	1	A3_RAGGED_DIRECT	466	0.0030670808761583826	0.005635	0.044671	0.000419	0.074487	0.345529	1	0	1	0.013635	[null,null,262,null]
V1	0	4	FORMAL_V1_G0_P4_M1_RULE_U01	M1_RULE_U01	61	1	A3_RAGGED_DIRECT	466	0.0030670808761583826	0.005371	0.043384	0.000372	0.072908	0.352233	1	0	1	0.018301	[null,null,1153,null]
V1	0	4	FORMAL_V1_G0_P4_M1_RULE_U01	M1_RULE_U01	62	1	A3_RAGGED_DIRECT	439	0.0028893744734625106	0.005433	0.042796	0.000406	0.071248	0.339978	1	0	1	0.013167	[null,null,262,null]
V1	0	4	FORMAL_V1_G0_P4_M1_RULE_U01	M1_RULE_U01	63	1	A3_RAGGED_DIRECT	439	0.0028893744734625106	0.005353	0.043095	0.000359	0.070788	0.326802	1	0	1	0.013098	[null,null,341,null]
V1	0	4	FORMAL_V1_G0_P4_M1_RULE_U01	M1_RULE_U01	64	1	A3_RAGGED_DIRECT	424	0.002790648694187026	0.005357	0.043093	0.00039	0.070928	0.320112	1	0	1	0.013906	[null,null,414,null]
V1	0	4	FORMAL_V1_G0_P4_M1_RULE_U01	M1_RULE_U01	65	1	A3_RAGGED_DIRECT	424	0.002790648694187026	0.005338	0.043254	0.000428	0.073118	0.343661	1	0	1	0.013553	[null,null,330,null]
V1	0	4	FORMAL_V1_G0_P4_M1_RULE_U01	M1_RULE_U01	66	1	A3_RAGGED_DIRECT	4	2.632687447346251e-05	0.005338	0.04329	0.000386	0.071413	0.320392	1	0	1	0.013206	[null,null,6555,null]
V1	0	4	FORMAL_V1_G0_P4_M1_RULE_U01	M1_RULE_U01	67	1	A3_RAGGED_DIRECT	13	8.556234203875316e-05	0.005419	0.043151	0.000391	0.072995	0.319195	1	0	1	0.012773	[null,null,788,null]
V1	0	4	FORMAL_V1_G0_P4_M1_RULE_U01	M1_RULE_U01	68	1	A3_RAGGED_DIRECT	434	0.0028564658803706825	0.005459	0.043122	0.000416	0.071306	0.323544	1	0	1	0.01312	[null,null,220,null]
V1	0	4	FORMAL_V1_G0_P4_M1_RULE_U01	M1_RULE_U01	69	1	A3_RAGGED_DIRECT	434	0.0028564658803706825	0.005386	0.04322	0.000405	0.072923	0.321211	1	0	1	0.012187	[null,null,17,null]
V1	0	4	FORMAL_V1_G0_P4_M1_RULE_U01	M1_RULE_U01	70	1	A3_RAGGED_DIRECT	448	0.0029486099410278013	0.005897	0.047067	0.000393	0.078018	0.361415	1	0	1	0.015072	[null,null,15,null]
V1	0	4	FORMAL_V1_G0_P4_M1_RULE_U01	M1_RULE_U01	71	1	A3_RAGGED_DIRECT	448	0.0029486099410278013	0.005528	0.044119	0.000422	0.075052	0.338077	1	0	1	0.013775	[null,null,345,null]
V1	0	4	FORMAL_V1_G0_P4_M1_RULE_U01	M1_RULE_U01	72	1	A3_RAGGED_DIRECT	424	0.002790648694187026	0.005521	0.044017	0.000445	0.075908	0.339532	1	0	1	0.017696	[null,null,414,null]
V1	0	4	FORMAL_V1_G0_P4_M1_RULE_U01	M1_RULE_U01	73	1	A3_RAGGED_DIRECT	424	0.002790648694187026	0.005592	0.040056	0.000453	0.072086	0.339223	1	0	1	0.013524	[null,null,330,null]
V1	0	4	FORMAL_V1_G0_P4_M1_RULE_U01	M1_RULE_U01	74	1	A3_RAGGED_DIRECT	6	3.9490311710193765e-05	0.005538	0.040374	0.000411	0.070796	0.319103	1	0	1	0.013275	[null,null,3031,null]
V1	0	4	FORMAL_V1_G0_P4_M1_RULE_U01	M1_RULE_U01	75	1	A3_RAGGED_DIRECT	4	2.632687447346251e-05	0.005564	0.039923	0.000425	0.072757	0.335566	1	0	1	0.013076	[null,null,1269,null]
V1	0	4	FORMAL_V1_G0_P4_M1_RULE_U01	M1_RULE_U01	76	1	A3_RAGGED_DIRECT	19	0.0001250526537489469	0.005521	0.043683	0.000425	0.073043	0.314653	1	0	1	0.013374	[null,null,788,null]
V1	0	4	FORMAL_V1_G0_P4_M1_RULE_U01	M1_RULE_U01	77	1	A3_RAGGED_DIRECT	822	0.005410172704296546	0.005459	0.043175	0.000373	0.075732	0.351378	1	0	1	0.013133	[null,null,330,null]
V1	0	4	FORMAL_V1_G0_P4_M1_RULE_U01	M1_RULE_U01	78	1	A0_DENSE_VENDOR	147137	0.9684143323504634	0.00549	0.042998	0.000388	0.071377	0.855368	1	0	0	0.0	[null,null,4816,null]
V1	0	4	FORMAL_V1_G0_P4_M1_RULE_U01	M1_RULE_U01	79	1	A0_DENSE_VENDOR	147137	0.9684143323504634	0.006154	0.042814	0.000519	0.075584	0.846592	1	0	0	0.0	[null,null,425,null]
V1	0	4	FORMAL_V1_G0_P4_M1_RULE_U01	M1_RULE_U01	80	1	A0_DENSE_VENDOR	147137	0.9684143323504634	0.005497	0.040198	0.000409	0.071884	0.817272	1	0	0	0.0	[null,null,756,null]
V1	0	4	FORMAL_V1_G0_P4_M1_RULE_U01	M1_RULE_U01	81	1	A3_RAGGED_DIRECT	424	0.002790648694187026	0.005406	0.040142	0.000348	0.069958	0.320514	1	0	1	0.011684	[null,null,414,null]
V1	0	4	FORMAL_V1_G0_P4_M1_RULE_U01	M1_RULE_U01	82	1	A3_RAGGED_DIRECT	424	0.002790648694187026	0.005235	0.039489	0.000402	0.070338	0.323047	1	0	1	0.013151	[null,null,330,null]
V1	0	4	FORMAL_V1_G0_P4_M1_RULE_U01	M1_RULE_U01	83	1	A3_RAGGED_DIRECT	6	3.9490311710193765e-05	0.005389	0.039392	0.000387	0.067547	0.324168	1	0	1	0.013197	[null,null,13523,null]
V1	0	4	FORMAL_V1_G0_P4_M1_RULE_U01	M1_RULE_U01	84	1	A3_RAGGED_DIRECT	13	8.556234203875316e-05	0.005531	0.039738	0.000415	0.069454	0.319724	1	0	1	0.013167	[null,null,788,null]
V1	0	4	FORMAL_V1_G0_P4_M1_RULE_U01	M1_RULE_U01	85	1	A3_RAGGED_DIRECT	434	0.0028564658803706825	0.005446	0.039176	0.000372	0.067714	0.334259	1	0	1	0.012977	[null,null,220,null]
V1	0	4	FORMAL_V1_G0_P4_M1_RULE_U01	M1_RULE_U01	86	1	A3_RAGGED_DIRECT	434	0.0028564658803706825	0.005656	0.039667	0.000375	0.069616	0.322625	1	0	1	0.01138	[null,null,18,null]
V1	0	4	FORMAL_V1_G0_P4_M1_RULE_U01	M1_RULE_U01	87	1	A3_RAGGED_DIRECT	476	0.003132898062342039	0.005364	0.039024	0.000401	0.067271	0.329638	1	0	1	0.01316	[null,null,198,null]
V1	0	4	FORMAL_V1_G0_P4_M1_RULE_U01	M1_RULE_U01	88	1	A3_RAGGED_DIRECT	466	0.0030670808761583826	0.005387	0.039224	0.000344	0.068966	0.341846	1	0	1	0.018831	[null,null,262,null]
V1	0	4	FORMAL_V1_G0_P4_M1_RULE_U01	M1_RULE_U01	89	1	A3_RAGGED_DIRECT	466	0.0030670808761583826	0.005332	0.039512	0.000392	0.06855	0.335643	1	0	1	0.017794	[null,null,456,null]
V1	0	4	FORMAL_V1_G0_P4_M1_RULE_U01	M1_RULE_U01	90	1	A3_RAGGED_DIRECT	449	0.002955191659646167	0.005358	0.039364	0.000386	0.068931	0.31719	1	0	1	0.013085	[null,null,220,null]
V1	0	4	FORMAL_V1_G0_P4_M1_RULE_U01	M1_RULE_U01	91	1	A3_RAGGED_DIRECT	449	0.002955191659646167	0.005442	0.039567	0.000392	0.06829	0.327205	1	0	1	0.013612	[null,null,5133,null]
V1	0	4	FORMAL_V1_G0_P4_M1_RULE_U01	M1_RULE_U01	92	1	A3_RAGGED_DIRECT	424	0.002790648694187026	0.005296	0.039206	0.000368	0.067236	0.324002	1	0	1	0.011252	[null,null,92,null]
V1	0	4	FORMAL_V1_G0_P4_M1_RULE_U01	M1_RULE_U01	93	1	A3_RAGGED_DIRECT	1	6.581718618365627e-06	0.005419	0.039223	0.000404	0.067237	0.174083	0	1	0	0.0	[null,null,151645,null]
V1	1	0	FORMAL_V1_G1_P0_M1_RULE_U01	M1_RULE_U01	0	4	A3_RAGGED_DIRECT	7	4.6072030328559395e-05	0.009779	0.047847	0.000556	0.084179	1.233757	4	0	1	0.034659	[515,515,515,515]
V1	1	0	FORMAL_V1_G1_P0_M1_RULE_U01	M1_RULE_U01	1	4	A3_RAGGED_DIRECT	426	0.0028038121314237574	0.007505	0.043455	0.000473	0.075477	0.514183	4	0	2	0.033272	[220,220,220,220]
V1	1	0	FORMAL_V1_G1_P0_M1_RULE_U01	M1_RULE_U01	2	4	A3_RAGGED_DIRECT	426	0.0028038121314237574	0.007265	0.044613	0.000492	0.075706	0.517808	4	0	2	0.032811	[330,330,330,330]
V1	1	0	FORMAL_V1_G1_P0_M1_RULE_U01	M1_RULE_U01	3	4	A3_RAGGED_DIRECT	14	9.214406065711879e-05	0.007052	0.043113	0.000471	0.074393	0.518407	4	0	3	0.038115	[4129,4129,29642,5113]
V1	1	0	FORMAL_V1_G1_P0_M1_RULE_U01	M1_RULE_U01	4	4	A3_RAGGED_DIRECT	21	0.00013821609098567817	0.007226	0.044113	0.000469	0.075411	0.534482	4	0	3	0.039049	[788,788,258,788]
V1	1	0	FORMAL_V1_G1_P0_M1_RULE_U01	M1_RULE_U01	5	4	A3_RAGGED_DIRECT	823	0.005416754422914912	0.007222	0.043237	0.000448	0.074871	0.479771	3	1	2	0.026435	[220,220,70,330]
V1	1	0	FORMAL_V1_G1_P0_M1_RULE_U01	M1_RULE_U01	6	4	A0_DENSE_VENDOR	147404	0.970171651221567	0.007377	0.044985	0.000465	0.07848	0.886619	4	0	0	0.0	[16,16,6744,13079]
V1	1	0	FORMAL_V1_G1_P0_M1_RULE_U01	M1_RULE_U01	7	4	A0_DENSE_VENDOR	147415	0.970244050126369	0.007293	0.044066	0.000501	0.079001	0.879722	4	0	0	0.0	[17,17,788,35]
V1	1	0	FORMAL_V1_G1_P0_M1_RULE_U01	M1_RULE_U01	8	4	A0_DENSE_VENDOR	147800	0.9727780117944398	0.007358	0.044291	0.00046	0.078717	0.906854	4	0	0	0.0	[198,198,330,4644]
V1	1	0	FORMAL_V1_G1_P0_M1_RULE_U01	M1_RULE_U01	9	4	A0_DENSE_VENDOR	147475	0.9706389532434709	0.007314	0.04471	0.000432	0.078955	0.954762	4	0	0	0.0	[92,92,16,16]
V1	1	0	FORMAL_V1_G1_P0_M1_RULE_U01	M1_RULE_U01	10	4	A0_DENSE_VENDOR	147140	0.9684340775063185	0.007466	0.045026	0.000473	0.0784	0.929911	2	2	0	0.0	[151645,151645,17,17]
V1	1	0	FORMAL_V1_G1_P0_M1_RULE_U01	M1_RULE_U01	11	2	A0_DENSE_VENDOR	147139	0.9684274957877	0.006989	0.043911	0.00045	0.076056	0.91382	2	0	0	0.0	[null,null,18,18]
V1	1	0	FORMAL_V1_G1_P0_M1_RULE_U01	M1_RULE_U01	12	2	A0_DENSE_VENDOR	147139	0.9684274957877	0.006617	0.044083	0.000432	0.07718	0.932872	2	0	0	0.0	[null,null,4697,698]
V1	1	0	FORMAL_V1_G1_P0_M1_RULE_U01	M1_RULE_U01	13	2	A0_DENSE_VENDOR	147473	0.9706257898062342	0.00654	0.043568	0.000465	0.075455	0.849612	2	0	0	0.0	[null,null,794,92]
V1	1	0	FORMAL_V1_G1_P0_M1_RULE_U01	M1_RULE_U01	14	2	A0_DENSE_VENDOR	147138	0.9684209140690817	0.006545	0.044157	0.000438	0.076653	0.818372	1	1	0	0.0	[null,null,11,151645]
V1	1	0	FORMAL_V1_G1_P0_M1_RULE_U01	M1_RULE_U01	15	1	A0_DENSE_VENDOR	147137	0.9684143323504634	0.005635	0.040308	0.000407	0.071709	0.806858	1	0	0	0.0	[null,null,5765,null]
V1	1	0	FORMAL_V1_G1_P0_M1_RULE_U01	M1_RULE_U01	16	1	A0_DENSE_VENDOR	147137	0.9684143323504634	0.005551	0.040234	0.000389	0.069115	0.801664	1	0	0	0.0	[null,null,27831,null]
V1	1	0	FORMAL_V1_G1_P0_M1_RULE_U01	M1_RULE_U01	17	1	A0_DENSE_VENDOR	147137	0.9684143323504634	0.00558	0.040151	0.00037	0.071608	0.819509	1	0	0	0.0	[null,null,11,null]
V1	1	0	FORMAL_V1_G1_P0_M1_RULE_U01	M1_RULE_U01	18	1	A0_DENSE_VENDOR	147137	0.9684143323504634	0.005481	0.040155	0.000382	0.069686	0.811882	1	0	0	0.0	[null,null,7279,null]
V1	1	0	FORMAL_V1_G1_P0_M1_RULE_U01	M1_RULE_U01	19	1	A0_DENSE_VENDOR	147137	0.9684143323504634	0.005542	0.040261	0.000399	0.071157	0.810522	1	0	0	0.0	[null,null,756,null]
V1	1	0	FORMAL_V1_G1_P0_M1_RULE_U01	M1_RULE_U01	20	1	A3_RAGGED_DIRECT	425	0.002797230412805392	0.005559	0.040154	0.000402	0.071466	0.328937	1	0	1	0.013542	[null,null,220,null]
V1	1	0	FORMAL_V1_G1_P0_M1_RULE_U01	M1_RULE_U01	21	1	A3_RAGGED_DIRECT	425	0.002797230412805392	0.005479	0.039126	0.000392	0.069716	0.349965	1	0	1	0.014367	[null,null,330,null]
V1	1	0	FORMAL_V1_G1_P0_M1_RULE_U01	M1_RULE_U01	22	1	A3_RAGGED_DIRECT	6	3.9490311710193765e-05	0.005334	0.039232	0.000375	0.068911	0.313309	1	0	1	0.013377	[null,null,11049,null]
V1	1	0	FORMAL_V1_G1_P0_M1_RULE_U01	M1_RULE_U01	23	1	A3_RAGGED_DIRECT	4	2.632687447346251e-05	0.005488	0.039405	0.000383	0.068251	0.323514	1	0	1	0.013259	[null,null,1269,null]
V1	1	0	FORMAL_V1_G1_P0_M1_RULE_U01	M1_RULE_U01	24	1	A3_RAGGED_DIRECT	19	0.0001250526537489469	0.005421	0.039233	0.000358	0.067324	0.308875	1	0	1	0.012925	[null,null,788,null]
V1	1	0	FORMAL_V1_G1_P0_M1_RULE_U01	M1_RULE_U01	25	1	A3_RAGGED_DIRECT	822	0.005410172704296546	0.005504	0.043459	0.00039	0.074027	0.346577	1	0	1	0.013259	[null,null,330,null]
V1	1	0	FORMAL_V1_G1_P0_M1_RULE_U01	M1_RULE_U01	26	1	A0_DENSE_VENDOR	147137	0.9684143323504634	0.005407	0.043499	0.000373	0.071763	0.831286	1	0	0	0.0	[null,null,13079,null]
V1	1	0	FORMAL_V1_G1_P0_M1_RULE_U01	M1_RULE_U01	27	1	A0_DENSE_VENDOR	147137	0.9684143323504634	0.005546	0.044174	0.000386	0.075911	0.811866	1	0	0	0.0	[null,null,49628,null]
V1	1	0	FORMAL_V1_G1_P0_M1_RULE_U01	M1_RULE_U01	28	1	A0_DENSE_VENDOR	147137	0.9684143323504634	0.005652	0.044116	0.000416	0.074917	0.811502	1	0	0	0.0	[null,null,756,null]
V1	1	0	FORMAL_V1_G1_P0_M1_RULE_U01	M1_RULE_U01	29	1	A3_RAGGED_DIRECT	424	0.002790648694187026	0.005552	0.044205	0.00039	0.074618	0.344414	1	0	1	0.013086	[null,null,220,null]
V1	1	0	FORMAL_V1_G1_P0_M1_RULE_U01	M1_RULE_U01	30	1	A3_RAGGED_DIRECT	424	0.002790648694187026	0.005595	0.042915	0.000416	0.072759	0.330251	1	0	1	0.013418	[null,null,330,null]
V1	1	0	FORMAL_V1_G1_P0_M1_RULE_U01	M1_RULE_U01	31	1	A3_RAGGED_DIRECT	5	3.2908593091828136e-05	0.005297	0.043359	0.000401	0.071476	0.325919	1	0	1	0.013107	[null,null,3615,null]
V1	1	0	FORMAL_V1_G1_P0_M1_RULE_U01	M1_RULE_U01	32	1	A3_RAGGED_DIRECT	15	9.872577927548442e-05	0.005364	0.043276	0.000366	0.072974	0.319491	1	0	1	0.013004	[null,null,788,null]
V1	1	0	FORMAL_V1_G1_P0_M1_RULE_U01	M1_RULE_U01	33	1	A3_RAGGED_DIRECT	442	0.0029091196293176075	0.005417	0.043516	0.000381	0.072495	0.3408	1	0	1	0.013131	[null,null,2278,null]
V1	1	0	FORMAL_V1_G1_P0_M1_RULE_U01	M1_RULE_U01	34	1	A3_RAGGED_DIRECT	452	0.002974936815501264	0.005514	0.043388	0.0004	0.071412	0.33623	1	0	1	0.013796	[null,null,262,null]
V1	1	0	FORMAL_V1_G1_P0_M1_RULE_U01	M1_RULE_U01	35	1	A3_RAGGED_DIRECT	452	0.002974936815501264	0.005436	0.043001	0.00044	0.072308	0.333173	1	0	1	0.013437	[null,null,341,null]
V1	1	0	FORMAL_V1_G1_P0_M1_RULE_U01	M1_RULE_U01	36	1	A3_RAGGED_DIRECT	424	0.002790648694187026	0.00536	0.043176	0.000373	0.070435	0.32488	1	0	1	0.013239	[null,null,414,null]
V1	1	0	FORMAL_V1_G1_P0_M1_RULE_U01	M1_RULE_U01	37	1	A3_RAGGED_DIRECT	424	0.002790648694187026	0.005358	0.043298	0.000401	0.070671	0.335544	1	0	1	0.013056	[null,null,330,null]
V1	1	0	FORMAL_V1_G1_P0_M1_RULE_U01	M1_RULE_U01	38	1	A3_RAGGED_DIRECT	4	2.632687447346251e-05	0.005392	0.043126	0.000405	0.071941	0.311721	1	0	1	0.011191	[null,null,6555,null]
V1	1	0	FORMAL_V1_G1_P0_M1_RULE_U01	M1_RULE_U01	39	1	A3_RAGGED_DIRECT	13	8.556234203875316e-05	0.005351	0.043082	0.000368	0.070547	0.309602	1	0	1	0.011188	[null,null,788,null]
V1	1	0	FORMAL_V1_G1_P0_M1_RULE_U01	M1_RULE_U01	40	1	A3_RAGGED_DIRECT	434	0.0028564658803706825	0.005382	0.043369	0.00038	0.071127	0.332209	1	0	1	0.013219	[null,null,220,null]
V1	1	0	FORMAL_V1_G1_P0_M1_RULE_U01	M1_RULE_U01	41	1	A3_RAGGED_DIRECT	434	0.0028564658803706825	0.00533	0.043338	0.000431	0.071275	0.336211	1	0	1	0.013062	[null,null,16,null]
V1	1	0	FORMAL_V1_G1_P0_M1_RULE_U01	M1_RULE_U01	42	1	A3_RAGGED_DIRECT	448	0.0029486099410278013	0.005312	0.043323	0.000367	0.072369	0.33072	1	0	1	0.013441	[null,null,15,null]
V1	1	0	FORMAL_V1_G1_P0_M1_RULE_U01	M1_RULE_U01	43	1	A3_RAGGED_DIRECT	448	0.0029486099410278013	0.005411	0.043123	0.000386	0.071852	0.329638	1	0	1	0.013501	[null,null,345,null]
V1	1	0	FORMAL_V1_G1_P0_M1_RULE_U01	M1_RULE_U01	44	1	A3_RAGGED_DIRECT	424	0.002790648694187026	0.005377	0.043601	0.000388	0.07241	0.326386	1	0	1	0.011205	[null,null,414,null]
V1	1	0	FORMAL_V1_G1_P0_M1_RULE_U01	M1_RULE_U01	45	1	A3_RAGGED_DIRECT	424	0.002790648694187026	0.005401	0.043034	0.000414	0.072321	0.341382	1	0	1	0.012871	[null,null,330,null]
V1	1	0	FORMAL_V1_G1_P0_M1_RULE_U01	M1_RULE_U01	46	1	A3_RAGGED_DIRECT	6	3.9490311710193765e-05	0.005563	0.04351	0.000388	0.071843	0.327832	1	0	1	0.012865	[null,null,3031,null]
V1	1	0	FORMAL_V1_G1_P0_M1_RULE_U01	M1_RULE_U01	47	1	A3_RAGGED_DIRECT	4	2.632687447346251e-05	0.005402	0.043382	0.0004	0.071099	0.317359	1	0	1	0.013031	[null,null,1269,null]
V1	1	0	FORMAL_V1_G1_P0_M1_RULE_U01	M1_RULE_U01	48	1	A3_RAGGED_DIRECT	19	0.0001250526537489469	0.00547	0.043324	0.000409	0.072136	0.318159	1	0	1	0.012908	[null,null,788,null]
V1	1	0	FORMAL_V1_G1_P0_M1_RULE_U01	M1_RULE_U01	49	1	A3_RAGGED_DIRECT	822	0.005410172704296546	0.005363	0.043202	0.000409	0.072898	0.336011	1	0	1	0.010989	[null,null,330,null]
V1	1	0	FORMAL_V1_G1_P0_M1_RULE_U01	M1_RULE_U01	50	1	A0_DENSE_VENDOR	147137	0.9684143323504634	0.005416	0.043323	0.000378	0.07261	0.846288	1	0	0	0.0	[null,null,4816,null]
V1	1	0	FORMAL_V1_G1_P0_M1_RULE_U01	M1_RULE_U01	51	1	A0_DENSE_VENDOR	147137	0.9684143323504634	0.005549	0.044254	0.000377	0.074043	0.812879	1	0	0	0.0	[null,null,362,null]
V1	1	0	FORMAL_V1_G1_P0_M1_RULE_U01	M1_RULE_U01	52	1	A0_DENSE_VENDOR	147137	0.9684143323504634	0.005549	0.044224	0.000399	0.075656	0.821354	1	0	0	0.0	[null,null,756,null]
V1	1	0	FORMAL_V1_G1_P0_M1_RULE_U01	M1_RULE_U01	53	1	A3_RAGGED_DIRECT	424	0.002790648694187026	0.005507	0.044099	0.000384	0.074554	0.338585	1	0	1	0.013354	[null,null,414,null]
V1	1	0	FORMAL_V1_G1_P0_M1_RULE_U01	M1_RULE_U01	54	1	A3_RAGGED_DIRECT	424	0.002790648694187026	0.0053	0.043525	0.000409	0.073375	0.333526	1	0	1	0.01794	[null,null,330,null]
V1	1	0	FORMAL_V1_G1_P0_M1_RULE_U01	M1_RULE_U01	55	1	A3_RAGGED_DIRECT	6	3.9490311710193765e-05	0.005201	0.043203	0.000378	0.072354	0.335612	1	0	1	0.012818	[null,null,13523,null]
V1	1	0	FORMAL_V1_G1_P0_M1_RULE_U01	M1_RULE_U01	56	1	A3_RAGGED_DIRECT	13	8.556234203875316e-05	0.00543	0.043087	0.000431	0.070782	0.318325	1	0	1	0.018402	[null,null,788,null]
V1	1	0	FORMAL_V1_G1_P0_M1_RULE_U01	M1_RULE_U01	57	1	A3_RAGGED_DIRECT	434	0.0028564658803706825	0.005485	0.043438	0.00043	0.074206	0.331724	1	0	1	0.012885	[null,null,220,null]
V1	1	0	FORMAL_V1_G1_P0_M1_RULE_U01	M1_RULE_U01	58	1	A3_RAGGED_DIRECT	434	0.0028564658803706825	0.005369	0.047321	0.000436	0.078241	0.327667	1	0	1	0.011334	[null,null,17,null]
V1	1	0	FORMAL_V1_G1_P0_M1_RULE_U01	M1_RULE_U01	59	1	A3_RAGGED_DIRECT	476	0.003132898062342039	0.00531	0.043177	0.000407	0.072648	0.333446	1	0	1	0.017781	[null,null,198,null]
V1	1	0	FORMAL_V1_G1_P0_M1_RULE_U01	M1_RULE_U01	60	1	A3_RAGGED_DIRECT	466	0.0030670808761583826	0.00531	0.043249	0.000416	0.072194	0.331884	1	0	1	0.013686	[null,null,262,null]
V1	1	0	FORMAL_V1_G1_P0_M1_RULE_U01	M1_RULE_U01	61	1	A3_RAGGED_DIRECT	466	0.0030670808761583826	0.00545	0.043179	0.000438	0.074769	0.33645	1	0	1	0.01346	[null,null,1153,null]
V1	1	0	FORMAL_V1_G1_P0_M1_RULE_U01	M1_RULE_U01	62	1	A3_RAGGED_DIRECT	439	0.0028893744734625106	0.00548	0.043061	0.000367	0.071273	0.336576	1	0	1	0.013362	[null,null,262,null]
V1	1	0	FORMAL_V1_G1_P0_M1_RULE_U01	M1_RULE_U01	63	1	A3_RAGGED_DIRECT	439	0.0028893744734625106	0.005317	0.043131	0.00038	0.072364	0.329464	1	0	1	0.012936	[null,null,341,null]
V1	1	0	FORMAL_V1_G1_P0_M1_RULE_U01	M1_RULE_U01	64	1	A3_RAGGED_DIRECT	424	0.002790648694187026	0.005453	0.043218	0.000377	0.071107	0.326611	1	0	1	0.013091	[null,null,414,null]
V1	1	0	FORMAL_V1_G1_P0_M1_RULE_U01	M1_RULE_U01	65	1	A3_RAGGED_DIRECT	424	0.002790648694187026	0.005418	0.043648	0.000452	0.07565	0.334541	1	0	1	0.013096	[null,null,330,null]
V1	1	0	FORMAL_V1_G1_P0_M1_RULE_U01	M1_RULE_U01	66	1	A3_RAGGED_DIRECT	4	2.632687447346251e-05	0.005469	0.043326	0.00042	0.072612	0.31854	1	0	1	0.01742	[null,null,6555,null]
V1	1	0	FORMAL_V1_G1_P0_M1_RULE_U01	M1_RULE_U01	67	1	A3_RAGGED_DIRECT	13	8.556234203875316e-05	0.005475	0.043178	0.000392	0.073866	0.331152	1	0	1	0.013006	[null,null,788,null]
V1	1	0	FORMAL_V1_G1_P0_M1_RULE_U01	M1_RULE_U01	68	1	A3_RAGGED_DIRECT	434	0.0028564658803706825	0.005418	0.043771	0.000461	0.07322	0.330345	1	0	1	0.013166	[null,null,220,null]
V1	1	0	FORMAL_V1_G1_P0_M1_RULE_U01	M1_RULE_U01	69	1	A3_RAGGED_DIRECT	434	0.0028564658803706825	0.005436	0.043254	0.000383	0.073218	0.323347	1	0	1	0.012935	[null,null,17,null]
V1	1	0	FORMAL_V1_G1_P0_M1_RULE_U01	M1_RULE_U01	70	1	A3_RAGGED_DIRECT	448	0.0029486099410278013	0.005431	0.043586	0.000435	0.074601	0.331902	1	0	1	0.012879	[null,null,15,null]
V1	1	0	FORMAL_V1_G1_P0_M1_RULE_U01	M1_RULE_U01	71	1	A3_RAGGED_DIRECT	448	0.0029486099410278013	0.005419	0.042875	0.000416	0.072764	0.321713	1	0	1	0.011645	[null,null,345,null]
V1	1	0	FORMAL_V1_G1_P0_M1_RULE_U01	M1_RULE_U01	72	1	A3_RAGGED_DIRECT	424	0.002790648694187026	0.005768	0.043308	0.000442	0.074819	0.344151	1	0	1	0.017649	[null,null,414,null]
V1	1	0	FORMAL_V1_G1_P0_M1_RULE_U01	M1_RULE_U01	73	1	A3_RAGGED_DIRECT	424	0.002790648694187026	0.005461	0.043468	0.000399	0.073688	0.335942	1	0	1	0.013063	[null,null,330,null]
V1	1	0	FORMAL_V1_G1_P0_M1_RULE_U01	M1_RULE_U01	74	1	A3_RAGGED_DIRECT	6	3.9490311710193765e-05	0.005547	0.044487	0.000421	0.07465	0.330768	1	0	1	0.012871	[null,null,3031,null]
V1	1	0	FORMAL_V1_G1_P0_M1_RULE_U01	M1_RULE_U01	75	1	A3_RAGGED_DIRECT	4	2.632687447346251e-05	0.005422	0.04328	0.000423	0.074785	0.327326	1	0	1	0.013027	[null,null,1269,null]
V1	1	0	FORMAL_V1_G1_P0_M1_RULE_U01	M1_RULE_U01	76	1	A3_RAGGED_DIRECT	19	0.0001250526537489469	0.005407	0.043349	0.00039	0.072333	0.322957	1	0	1	0.012929	[null,null,788,null]
V1	1	0	FORMAL_V1_G1_P0_M1_RULE_U01	M1_RULE_U01	77	1	A3_RAGGED_DIRECT	822	0.005410172704296546	0.005386	0.043386	0.000403	0.074578	0.345504	1	0	1	0.01276	[null,null,330,null]
V1	1	0	FORMAL_V1_G1_P0_M1_RULE_U01	M1_RULE_U01	78	1	A0_DENSE_VENDOR	147137	0.9684143323504634	0.005435	0.043344	0.000407	0.071403	0.825649	1	0	0	0.0	[null,null,4816,null]
V1	1	0	FORMAL_V1_G1_P0_M1_RULE_U01	M1_RULE_U01	79	1	A0_DENSE_VENDOR	147137	0.9684143323504634	0.005621	0.04408	0.000395	0.072656	0.804696	1	0	0	0.0	[null,null,425,null]
V1	1	0	FORMAL_V1_G1_P0_M1_RULE_U01	M1_RULE_U01	80	1	A0_DENSE_VENDOR	147137	0.9684143323504634	0.005497	0.044393	0.000378	0.074427	0.805552	1	0	0	0.0	[null,null,756,null]
V1	1	0	FORMAL_V1_G1_P0_M1_RULE_U01	M1_RULE_U01	81	1	A3_RAGGED_DIRECT	424	0.002790648694187026	0.005442	0.04432	0.000384	0.074079	0.339981	1	0	1	0.013359	[null,null,414,null]
V1	1	0	FORMAL_V1_G1_P0_M1_RULE_U01	M1_RULE_U01	82	1	A3_RAGGED_DIRECT	424	0.002790648694187026	0.005383	0.043069	0.000381	0.07357	0.333762	1	0	1	0.013546	[null,null,330,null]
V1	1	0	FORMAL_V1_G1_P0_M1_RULE_U01	M1_RULE_U01	83	1	A3_RAGGED_DIRECT	6	3.9490311710193765e-05	0.005383	0.043599	0.000402	0.071679	0.321007	1	0	1	0.012976	[null,null,13523,null]
V1	1	0	FORMAL_V1_G1_P0_M1_RULE_U01	M1_RULE_U01	84	1	A3_RAGGED_DIRECT	13	8.556234203875316e-05	0.005524	0.043074	0.000399	0.072574	0.317842	1	0	1	0.013155	[null,null,788,null]
V1	1	0	FORMAL_V1_G1_P0_M1_RULE_U01	M1_RULE_U01	85	1	A3_RAGGED_DIRECT	434	0.0028564658803706825	0.005331	0.043238	0.000399	0.07057	0.337799	1	0	1	0.012931	[null,null,220,null]
V1	1	0	FORMAL_V1_G1_P0_M1_RULE_U01	M1_RULE_U01	86	1	A3_RAGGED_DIRECT	434	0.0028564658803706825	0.005472	0.043384	0.000368	0.072574	0.338193	1	0	1	0.013496	[null,null,18,null]
V1	1	0	FORMAL_V1_G1_P0_M1_RULE_U01	M1_RULE_U01	87	1	A3_RAGGED_DIRECT	476	0.003132898062342039	0.005389	0.039261	0.000388	0.067358	0.336665	1	0	1	0.013187	[null,null,198,null]
V1	1	0	FORMAL_V1_G1_P0_M1_RULE_U01	M1_RULE_U01	88	1	A3_RAGGED_DIRECT	466	0.0030670808761583826	0.005582	0.039267	0.000387	0.069305	0.324781	1	0	1	0.013186	[null,null,262,null]
V1	1	0	FORMAL_V1_G1_P0_M1_RULE_U01	M1_RULE_U01	89	1	A3_RAGGED_DIRECT	466	0.0030670808761583826	0.005456	0.03934	0.000439	0.068983	0.327206	1	0	1	0.013479	[null,null,456,null]
V1	1	0	FORMAL_V1_G1_P0_M1_RULE_U01	M1_RULE_U01	90	1	A3_RAGGED_DIRECT	449	0.002955191659646167	0.005321	0.039772	0.000378	0.068844	0.320996	1	0	1	0.013497	[null,null,220,null]
V1	1	0	FORMAL_V1_G1_P0_M1_RULE_U01	M1_RULE_U01	91	1	A3_RAGGED_DIRECT	449	0.002955191659646167	0.005443	0.039592	0.000408	0.068127	0.316251	1	0	1	0.01151	[null,null,5133,null]
V1	1	0	FORMAL_V1_G1_P0_M1_RULE_U01	M1_RULE_U01	92	1	A3_RAGGED_DIRECT	424	0.002790648694187026	0.005413	0.039465	0.000374	0.068528	0.315137	1	0	1	0.011471	[null,null,92,null]
V1	1	0	FORMAL_V1_G1_P0_M1_RULE_U01	M1_RULE_U01	93	1	A3_RAGGED_DIRECT	1	6.581718618365627e-06	0.005421	0.039163	0.000435	0.068841	0.174364	0	1	0	0.0	[null,null,151645,null]
V1	1	0	FORMAL_V1_G1_P0_B0_STRONG	B0_STRONG	0	4	A0_DENSE_VENDOR			0.0	0.0	0.0	0.0	1.675318	4	0	0	0.0	[515,515,515,515]
V1	1	0	FORMAL_V1_G1_P0_B0_STRONG	B0_STRONG	1	4	A0_DENSE_VENDOR			0.0	0.0	0.0	0.0	0.732008	4	0	0	0.0	[220,220,220,220]
V1	1	0	FORMAL_V1_G1_P0_B0_STRONG	B0_STRONG	2	4	A0_DENSE_VENDOR			0.0	0.0	0.0	0.0	0.729303	4	0	0	0.0	[330,330,330,330]
V1	1	0	FORMAL_V1_G1_P0_B0_STRONG	B0_STRONG	3	4	A0_DENSE_VENDOR			0.0	0.0	0.0	0.0	0.676161	4	0	0	0.0	[4129,4129,29642,5113]
V1	1	0	FORMAL_V1_G1_P0_B0_STRONG	B0_STRONG	4	4	A0_DENSE_VENDOR			0.0	0.0	0.0	0.0	0.695432	4	0	0	0.0	[788,788,258,788]
V1	1	0	FORMAL_V1_G1_P0_B0_STRONG	B0_STRONG	5	4	A0_DENSE_VENDOR			0.0	0.0	0.0	0.0	0.746997	3	1	0	0.0	[220,220,70,330]
V1	1	0	FORMAL_V1_G1_P0_B0_STRONG	B0_STRONG	6	4	A0_DENSE_VENDOR			0.0	0.0	0.0	0.0	0.868397	4	0	0	0.0	[16,16,6744,13079]
V1	1	0	FORMAL_V1_G1_P0_B0_STRONG	B0_STRONG	7	4	A0_DENSE_VENDOR			0.0	0.0	0.0	0.0	0.845934	4	0	0	0.0	[17,17,788,35]
V1	1	0	FORMAL_V1_G1_P0_B0_STRONG	B0_STRONG	8	4	A0_DENSE_VENDOR			0.0	0.0	0.0	0.0	0.99592	4	0	0	0.0	[198,198,330,4644]
V1	1	0	FORMAL_V1_G1_P0_B0_STRONG	B0_STRONG	9	4	A0_DENSE_VENDOR			0.0	0.0	0.0	0.0	0.951224	4	0	0	0.0	[92,92,16,16]
V1	1	0	FORMAL_V1_G1_P0_B0_STRONG	B0_STRONG	10	4	A0_DENSE_VENDOR			0.0	0.0	0.0	0.0	0.879969	2	2	0	0.0	[151645,151645,17,17]
V1	1	0	FORMAL_V1_G1_P0_B0_STRONG	B0_STRONG	11	2	A0_DENSE_VENDOR			0.0	0.0	0.0	0.0	0.86528	2	0	0	0.0	[null,null,18,18]
V1	1	0	FORMAL_V1_G1_P0_B0_STRONG	B0_STRONG	12	2	A0_DENSE_VENDOR			0.0	0.0	0.0	0.0	0.857163	2	0	0	0.0	[null,null,4697,698]
V1	1	0	FORMAL_V1_G1_P0_B0_STRONG	B0_STRONG	13	2	A0_DENSE_VENDOR			0.0	0.0	0.0	0.0	0.79646	2	0	0	0.0	[null,null,794,92]
V1	1	0	FORMAL_V1_G1_P0_B0_STRONG	B0_STRONG	14	2	A0_DENSE_VENDOR			0.0	0.0	0.0	0.0	0.768075	1	1	0	0.0	[null,null,11,151645]
V1	1	0	FORMAL_V1_G1_P0_B0_STRONG	B0_STRONG	15	1	A0_DENSE_VENDOR			0.0	0.0	0.0	0.0	0.753813	1	0	0	0.0	[null,null,5765,null]
V1	1	0	FORMAL_V1_G1_P0_B0_STRONG	B0_STRONG	16	1	A0_DENSE_VENDOR			0.0	0.0	0.0	0.0	0.74974	1	0	0	0.0	[null,null,27831,null]
V1	1	0	FORMAL_V1_G1_P0_B0_STRONG	B0_STRONG	17	1	A0_DENSE_VENDOR			0.0	0.0	0.0	0.0	0.750241	1	0	0	0.0	[null,null,11,null]
V1	1	0	FORMAL_V1_G1_P0_B0_STRONG	B0_STRONG	18	1	A0_DENSE_VENDOR			0.0	0.0	0.0	0.0	0.736847	1	0	0	0.0	[null,null,7279,null]
V1	1	0	FORMAL_V1_G1_P0_B0_STRONG	B0_STRONG	19	1	A0_DENSE_VENDOR			0.0	0.0	0.0	0.0	0.742875	1	0	0	0.0	[null,null,756,null]
V1	1	0	FORMAL_V1_G1_P0_B0_STRONG	B0_STRONG	20	1	A0_DENSE_VENDOR			0.0	0.0	0.0	0.0	0.661154	1	0	0	0.0	[null,null,220,null]
V1	1	0	FORMAL_V1_G1_P0_B0_STRONG	B0_STRONG	21	1	A0_DENSE_VENDOR			0.0	0.0	0.0	0.0	0.652567	1	0	0	0.0	[null,null,330,null]
V1	1	0	FORMAL_V1_G1_P0_B0_STRONG	B0_STRONG	22	1	A0_DENSE_VENDOR			0.0	0.0	0.0	0.0	0.647018	1	0	0	0.0	[null,null,11049,null]
V1	1	0	FORMAL_V1_G1_P0_B0_STRONG	B0_STRONG	23	1	A0_DENSE_VENDOR			0.0	0.0	0.0	0.0	0.646055	1	0	0	0.0	[null,null,1269,null]
V1	1	0	FORMAL_V1_G1_P0_B0_STRONG	B0_STRONG	24	1	A0_DENSE_VENDOR			0.0	0.0	0.0	0.0	0.64947	1	0	0	0.0	[null,null,788,null]
V1	1	0	FORMAL_V1_G1_P0_B0_STRONG	B0_STRONG	25	1	A0_DENSE_VENDOR			0.0	0.0	0.0	0.0	0.67332	1	0	0	0.0	[null,null,330,null]
V1	1	0	FORMAL_V1_G1_P0_B0_STRONG	B0_STRONG	26	1	A0_DENSE_VENDOR			0.0	0.0	0.0	0.0	0.746659	1	0	0	0.0	[null,null,13079,null]
V1	1	0	FORMAL_V1_G1_P0_B0_STRONG	B0_STRONG	27	1	A0_DENSE_VENDOR			0.0	0.0	0.0	0.0	0.745054	1	0	0	0.0	[null,null,49628,null]
V1	1	0	FORMAL_V1_G1_P0_B0_STRONG	B0_STRONG	28	1	A0_DENSE_VENDOR			0.0	0.0	0.0	0.0	0.743997	1	0	0	0.0	[null,null,756,null]
V1	1	0	FORMAL_V1_G1_P0_B0_STRONG	B0_STRONG	29	1	A0_DENSE_VENDOR			0.0	0.0	0.0	0.0	0.66139	1	0	0	0.0	[null,null,220,null]
V1	1	0	FORMAL_V1_G1_P0_B0_STRONG	B0_STRONG	30	1	A0_DENSE_VENDOR			0.0	0.0	0.0	0.0	0.657661	1	0	0	0.0	[null,null,330,null]
V1	1	0	FORMAL_V1_G1_P0_B0_STRONG	B0_STRONG	31	1	A0_DENSE_VENDOR			0.0	0.0	0.0	0.0	0.644392	1	0	0	0.0	[null,null,3615,null]
V1	1	0	FORMAL_V1_G1_P0_B0_STRONG	B0_STRONG	32	1	A0_DENSE_VENDOR			0.0	0.0	0.0	0.0	0.649224	1	0	0	0.0	[null,null,788,null]
V1	1	0	FORMAL_V1_G1_P0_B0_STRONG	B0_STRONG	33	1	A0_DENSE_VENDOR			0.0	0.0	0.0	0.0	0.659504	1	0	0	0.0	[null,null,2278,null]
V1	1	0	FORMAL_V1_G1_P0_B0_STRONG	B0_STRONG	34	1	A0_DENSE_VENDOR			0.0	0.0	0.0	0.0	0.658074	1	0	0	0.0	[null,null,262,null]
V1	1	0	FORMAL_V1_G1_P0_B0_STRONG	B0_STRONG	35	1	A0_DENSE_VENDOR			0.0	0.0	0.0	0.0	0.662255	1	0	0	0.0	[null,null,341,null]
V1	1	0	FORMAL_V1_G1_P0_B0_STRONG	B0_STRONG	36	1	A0_DENSE_VENDOR			0.0	0.0	0.0	0.0	0.658611	1	0	0	0.0	[null,null,414,null]
V1	1	0	FORMAL_V1_G1_P0_B0_STRONG	B0_STRONG	37	1	A0_DENSE_VENDOR			0.0	0.0	0.0	0.0	0.662038	1	0	0	0.0	[null,null,330,null]
V1	1	0	FORMAL_V1_G1_P0_B0_STRONG	B0_STRONG	38	1	A0_DENSE_VENDOR			0.0	0.0	0.0	0.0	0.650263	1	0	0	0.0	[null,null,6555,null]
V1	1	0	FORMAL_V1_G1_P0_B0_STRONG	B0_STRONG	39	1	A0_DENSE_VENDOR			0.0	0.0	0.0	0.0	0.647313	1	0	0	0.0	[null,null,788,null]
V1	1	0	FORMAL_V1_G1_P0_B0_STRONG	B0_STRONG	40	1	A0_DENSE_VENDOR			0.0	0.0	0.0	0.0	0.657366	1	0	0	0.0	[null,null,220,null]
V1	1	0	FORMAL_V1_G1_P0_B0_STRONG	B0_STRONG	41	1	A0_DENSE_VENDOR			0.0	0.0	0.0	0.0	0.655356	1	0	0	0.0	[null,null,16,null]
V1	1	0	FORMAL_V1_G1_P0_B0_STRONG	B0_STRONG	42	1	A0_DENSE_VENDOR			0.0	0.0	0.0	0.0	0.655238	1	0	0	0.0	[null,null,15,null]
V1	1	0	FORMAL_V1_G1_P0_B0_STRONG	B0_STRONG	43	1	A0_DENSE_VENDOR			0.0	0.0	0.0	0.0	0.659244	1	0	0	0.0	[null,null,345,null]
V1	1	0	FORMAL_V1_G1_P0_B0_STRONG	B0_STRONG	44	1	A0_DENSE_VENDOR			0.0	0.0	0.0	0.0	0.659864	1	0	0	0.0	[null,null,414,null]
V1	1	0	FORMAL_V1_G1_P0_B0_STRONG	B0_STRONG	45	1	A0_DENSE_VENDOR			0.0	0.0	0.0	0.0	0.663178	1	0	0	0.0	[null,null,330,null]
V1	1	0	FORMAL_V1_G1_P0_B0_STRONG	B0_STRONG	46	1	A0_DENSE_VENDOR			0.0	0.0	0.0	0.0	0.650603	1	0	0	0.0	[null,null,3031,null]
V1	1	0	FORMAL_V1_G1_P0_B0_STRONG	B0_STRONG	47	1	A0_DENSE_VENDOR			0.0	0.0	0.0	0.0	0.648156	1	0	0	0.0	[null,null,1269,null]
V1	1	0	FORMAL_V1_G1_P0_B0_STRONG	B0_STRONG	48	1	A0_DENSE_VENDOR			0.0	0.0	0.0	0.0	0.651353	1	0	0	0.0	[null,null,788,null]
V1	1	0	FORMAL_V1_G1_P0_B0_STRONG	B0_STRONG	49	1	A0_DENSE_VENDOR			0.0	0.0	0.0	0.0	0.673131	1	0	0	0.0	[null,null,330,null]
V1	1	0	FORMAL_V1_G1_P0_B0_STRONG	B0_STRONG	50	1	A0_DENSE_VENDOR			0.0	0.0	0.0	0.0	0.76381	1	0	0	0.0	[null,null,4816,null]
V1	1	0	FORMAL_V1_G1_P0_B0_STRONG	B0_STRONG	51	1	A0_DENSE_VENDOR			0.0	0.0	0.0	0.0	0.757303	1	0	0	0.0	[null,null,362,null]
V1	1	0	FORMAL_V1_G1_P0_B0_STRONG	B0_STRONG	52	1	A0_DENSE_VENDOR			0.0	0.0	0.0	0.0	0.752245	1	0	0	0.0	[null,null,756,null]
V1	1	0	FORMAL_V1_G1_P0_B0_STRONG	B0_STRONG	53	1	A0_DENSE_VENDOR			0.0	0.0	0.0	0.0	0.663232	1	0	0	0.0	[null,null,414,null]
V1	1	0	FORMAL_V1_G1_P0_B0_STRONG	B0_STRONG	54	1	A0_DENSE_VENDOR			0.0	0.0	0.0	0.0	0.66308	1	0	0	0.0	[null,null,330,null]
V1	1	0	FORMAL_V1_G1_P0_B0_STRONG	B0_STRONG	55	1	A0_DENSE_VENDOR			0.0	0.0	0.0	0.0	0.645519	1	0	0	0.0	[null,null,13523,null]
V1	1	0	FORMAL_V1_G1_P0_B0_STRONG	B0_STRONG	56	1	A0_DENSE_VENDOR			0.0	0.0	0.0	0.0	0.647744	1	0	0	0.0	[null,null,788,null]
V1	1	0	FORMAL_V1_G1_P0_B0_STRONG	B0_STRONG	57	1	A0_DENSE_VENDOR			0.0	0.0	0.0	0.0	0.661462	1	0	0	0.0	[null,null,220,null]
V1	1	0	FORMAL_V1_G1_P0_B0_STRONG	B0_STRONG	58	1	A0_DENSE_VENDOR			0.0	0.0	0.0	0.0	0.661939	1	0	0	0.0	[null,null,17,null]
V1	1	0	FORMAL_V1_G1_P0_B0_STRONG	B0_STRONG	59	1	A0_DENSE_VENDOR			0.0	0.0	0.0	0.0	0.664155	1	0	0	0.0	[null,null,198,null]
V1	1	0	FORMAL_V1_G1_P0_B0_STRONG	B0_STRONG	60	1	A0_DENSE_VENDOR			0.0	0.0	0.0	0.0	0.664043	1	0	0	0.0	[null,null,262,null]
V1	1	0	FORMAL_V1_G1_P0_B0_STRONG	B0_STRONG	61	1	A0_DENSE_VENDOR			0.0	0.0	0.0	0.0	0.662545	1	0	0	0.0	[null,null,1153,null]
V1	1	0	FORMAL_V1_G1_P0_B0_STRONG	B0_STRONG	62	1	A0_DENSE_VENDOR			0.0	0.0	0.0	0.0	0.66838	1	0	0	0.0	[null,null,262,null]
V1	1	0	FORMAL_V1_G1_P0_B0_STRONG	B0_STRONG	63	1	A0_DENSE_VENDOR			0.0	0.0	0.0	0.0	0.662435	1	0	0	0.0	[null,null,341,null]
V1	1	0	FORMAL_V1_G1_P0_B0_STRONG	B0_STRONG	64	1	A0_DENSE_VENDOR			0.0	0.0	0.0	0.0	0.665204	1	0	0	0.0	[null,null,414,null]
V1	1	0	FORMAL_V1_G1_P0_B0_STRONG	B0_STRONG	65	1	A0_DENSE_VENDOR			0.0	0.0	0.0	0.0	0.663292	1	0	0	0.0	[null,null,330,null]
V1	1	0	FORMAL_V1_G1_P0_B0_STRONG	B0_STRONG	66	1	A0_DENSE_VENDOR			0.0	0.0	0.0	0.0	0.655499	1	0	0	0.0	[null,null,6555,null]
V1	1	0	FORMAL_V1_G1_P0_B0_STRONG	B0_STRONG	67	1	A0_DENSE_VENDOR			0.0	0.0	0.0	0.0	0.649997	1	0	0	0.0	[null,null,788,null]
V1	1	0	FORMAL_V1_G1_P0_B0_STRONG	B0_STRONG	68	1	A0_DENSE_VENDOR			0.0	0.0	0.0	0.0	0.66919	1	0	0	0.0	[null,null,220,null]
V1	1	0	FORMAL_V1_G1_P0_B0_STRONG	B0_STRONG	69	1	A0_DENSE_VENDOR			0.0	0.0	0.0	0.0	0.669481	1	0	0	0.0	[null,null,17,null]
V1	1	0	FORMAL_V1_G1_P0_B0_STRONG	B0_STRONG	70	1	A0_DENSE_VENDOR			0.0	0.0	0.0	0.0	0.667569	1	0	0	0.0	[null,null,15,null]
V1	1	0	FORMAL_V1_G1_P0_B0_STRONG	B0_STRONG	71	1	A0_DENSE_VENDOR			0.0	0.0	0.0	0.0	0.661573	1	0	0	0.0	[null,null,345,null]
V1	1	0	FORMAL_V1_G1_P0_B0_STRONG	B0_STRONG	72	1	A0_DENSE_VENDOR			0.0	0.0	0.0	0.0	0.662632	1	0	0	0.0	[null,null,414,null]
V1	1	0	FORMAL_V1_G1_P0_B0_STRONG	B0_STRONG	73	1	A0_DENSE_VENDOR			0.0	0.0	0.0	0.0	0.664005	1	0	0	0.0	[null,null,330,null]
V1	1	0	FORMAL_V1_G1_P0_B0_STRONG	B0_STRONG	74	1	A0_DENSE_VENDOR			0.0	0.0	0.0	0.0	0.652845	1	0	0	0.0	[null,null,3031,null]
V1	1	0	FORMAL_V1_G1_P0_B0_STRONG	B0_STRONG	75	1	A0_DENSE_VENDOR			0.0	0.0	0.0	0.0	0.654097	1	0	0	0.0	[null,null,1269,null]
V1	1	0	FORMAL_V1_G1_P0_B0_STRONG	B0_STRONG	76	1	A0_DENSE_VENDOR			0.0	0.0	0.0	0.0	0.658421	1	0	0	0.0	[null,null,788,null]
V1	1	0	FORMAL_V1_G1_P0_B0_STRONG	B0_STRONG	77	1	A0_DENSE_VENDOR			0.0	0.0	0.0	0.0	0.67334	1	0	0	0.0	[null,null,330,null]
V1	1	0	FORMAL_V1_G1_P0_B0_STRONG	B0_STRONG	78	1	A0_DENSE_VENDOR			0.0	0.0	0.0	0.0	0.756473	1	0	0	0.0	[null,null,4816,null]
V1	1	0	FORMAL_V1_G1_P0_B0_STRONG	B0_STRONG	79	1	A0_DENSE_VENDOR			0.0	0.0	0.0	0.0	0.760562	1	0	0	0.0	[null,null,425,null]
V1	1	0	FORMAL_V1_G1_P0_B0_STRONG	B0_STRONG	80	1	A0_DENSE_VENDOR			0.0	0.0	0.0	0.0	0.744591	1	0	0	0.0	[null,null,756,null]
V1	1	0	FORMAL_V1_G1_P0_B0_STRONG	B0_STRONG	81	1	A0_DENSE_VENDOR			0.0	0.0	0.0	0.0	0.670934	1	0	0	0.0	[null,null,414,null]
V1	1	0	FORMAL_V1_G1_P0_B0_STRONG	B0_STRONG	82	1	A0_DENSE_VENDOR			0.0	0.0	0.0	0.0	0.674177	1	0	0	0.0	[null,null,330,null]
V1	1	0	FORMAL_V1_G1_P0_B0_STRONG	B0_STRONG	83	1	A0_DENSE_VENDOR			0.0	0.0	0.0	0.0	0.656304	1	0	0	0.0	[null,null,13523,null]
V1	1	0	FORMAL_V1_G1_P0_B0_STRONG	B0_STRONG	84	1	A0_DENSE_VENDOR			0.0	0.0	0.0	0.0	0.655897	1	0	0	0.0	[null,null,788,null]
V1	1	0	FORMAL_V1_G1_P0_B0_STRONG	B0_STRONG	85	1	A0_DENSE_VENDOR			0.0	0.0	0.0	0.0	0.6616	1	0	0	0.0	[null,null,220,null]
V1	1	0	FORMAL_V1_G1_P0_B0_STRONG	B0_STRONG	86	1	A0_DENSE_VENDOR			0.0	0.0	0.0	0.0	0.669756	1	0	0	0.0	[null,null,18,null]
V1	1	0	FORMAL_V1_G1_P0_B0_STRONG	B0_STRONG	87	1	A0_DENSE_VENDOR			0.0	0.0	0.0	0.0	0.664181	1	0	0	0.0	[null,null,198,null]
V1	1	0	FORMAL_V1_G1_P0_B0_STRONG	B0_STRONG	88	1	A0_DENSE_VENDOR			0.0	0.0	0.0	0.0	0.710929	1	0	0	0.0	[null,null,262,null]
V1	1	0	FORMAL_V1_G1_P0_B0_STRONG	B0_STRONG	89	1	A0_DENSE_VENDOR			0.0	0.0	0.0	0.0	0.665401	1	0	0	0.0	[null,null,456,null]
V1	1	0	FORMAL_V1_G1_P0_B0_STRONG	B0_STRONG	90	1	A0_DENSE_VENDOR			0.0	0.0	0.0	0.0	0.664883	1	0	0	0.0	[null,null,220,null]
V1	1	0	FORMAL_V1_G1_P0_B0_STRONG	B0_STRONG	91	1	A0_DENSE_VENDOR			0.0	0.0	0.0	0.0	0.665834	1	0	0	0.0	[null,null,5133,null]
V1	1	0	FORMAL_V1_G1_P0_B0_STRONG	B0_STRONG	92	1	A0_DENSE_VENDOR			0.0	0.0	0.0	0.0	0.662981	1	0	0	0.0	[null,null,92,null]
V1	1	0	FORMAL_V1_G1_P0_B0_STRONG	B0_STRONG	93	1	A0_DENSE_VENDOR			0.0	0.0	0.0	0.0	0.124439	0	1	0	0.0	[null,null,151645,null]
V1	1	1	FORMAL_V1_G1_P1_M1_RULE_U01	M1_RULE_U01	0	4	A3_RAGGED_DIRECT	7	4.6072030328559395e-05	0.009669	0.047907	0.000513	0.082493	1.237949	4	0	1	0.034607	[515,515,515,515]
V1	1	1	FORMAL_V1_G1_P1_M1_RULE_U01	M1_RULE_U01	1	4	A3_RAGGED_DIRECT	426	0.0028038121314237574	0.007135	0.043732	0.00046	0.075574	0.51234	4	0	2	0.033181	[220,220,220,220]
V1	1	1	FORMAL_V1_G1_P1_M1_RULE_U01	M1_RULE_U01	2	4	A3_RAGGED_DIRECT	426	0.0028038121314237574	0.007582	0.048981	0.00054	0.091059	0.541325	4	0	2	0.03791	[330,330,330,330]
V1	1	1	FORMAL_V1_G1_P1_M1_RULE_U01	M1_RULE_U01	3	4	A3_RAGGED_DIRECT	14	9.214406065711879e-05	0.007002	0.047953	0.000413	0.085866	0.510472	4	0	3	0.033396	[4129,4129,29642,5113]
V1	1	1	FORMAL_V1_G1_P1_M1_RULE_U01	M1_RULE_U01	4	4	A3_RAGGED_DIRECT	21	0.00013821609098567817	0.007389	0.050664	0.000478	0.087944	0.530359	4	0	3	0.037594	[788,788,258,788]
V1	1	1	FORMAL_V1_G1_P1_M1_RULE_U01	M1_RULE_U01	5	4	A3_RAGGED_DIRECT	823	0.005416754422914912	0.007265	0.047964	0.000516	0.085023	0.479809	3	1	2	0.03062	[220,220,70,330]
V1	1	1	FORMAL_V1_G1_P1_M1_RULE_U01	M1_RULE_U01	6	4	A0_DENSE_VENDOR	147404	0.970171651221567	0.007286	0.048866	0.000478	0.08229	0.912728	4	0	0	0.0	[16,16,6744,13079]
V1	1	1	FORMAL_V1_G1_P1_M1_RULE_U01	M1_RULE_U01	7	4	A0_DENSE_VENDOR	147415	0.970244050126369	0.008112	0.043147	0.000444	0.080319	0.907685	4	0	0	0.0	[17,17,788,35]
V1	1	1	FORMAL_V1_G1_P1_M1_RULE_U01	M1_RULE_U01	8	4	A0_DENSE_VENDOR	147800	0.9727780117944398	0.012288	0.045771	0.000629	0.098422	1.187932	4	0	0	0.0	[198,198,330,4644]
V1	1	1	FORMAL_V1_G1_P1_M1_RULE_U01	M1_RULE_U01	9	4	A0_DENSE_VENDOR	147475	0.9706389532434709	0.007086	0.047808	0.000441	0.079922	0.982156	4	0	0	0.0	[92,92,16,16]
V1	1	1	FORMAL_V1_G1_P1_M1_RULE_U01	M1_RULE_U01	10	4	A0_DENSE_VENDOR	147140	0.9684340775063185	0.007613	0.046792	0.000441	0.080287	0.961753	2	2	0	0.0	[151645,151645,17,17]
V1	1	1	FORMAL_V1_G1_P1_M1_RULE_U01	M1_RULE_U01	11	2	A0_DENSE_VENDOR	147139	0.9684274957877	0.011206	0.046409	0.000655	0.096107	1.22502	2	0	0	0.0	[null,null,18,18]
V1	1	1	FORMAL_V1_G1_P1_M1_RULE_U01	M1_RULE_U01	12	2	A0_DENSE_VENDOR	147139	0.9684274957877	0.006449	0.047585	0.000446	0.079399	0.924857	2	0	0	0.0	[null,null,4697,698]
V1	1	1	FORMAL_V1_G1_P1_M1_RULE_U01	M1_RULE_U01	13	2	A0_DENSE_VENDOR	147473	0.9706257898062342	0.006694	0.047518	0.000445	0.07819	0.854687	2	0	0	0.0	[null,null,794,92]
V1	1	1	FORMAL_V1_G1_P1_M1_RULE_U01	M1_RULE_U01	14	2	A0_DENSE_VENDOR	147138	0.9684209140690817	0.011057	0.046663	0.000626	0.097867	1.114322	1	1	0	0.0	[null,null,11,151645]
V1	1	1	FORMAL_V1_G1_P1_M1_RULE_U01	M1_RULE_U01	15	1	A0_DENSE_VENDOR	147137	0.9684143323504634	0.005329	0.042878	0.000395	0.072368	0.795703	1	0	0	0.0	[null,null,5765,null]
V1	1	1	FORMAL_V1_G1_P1_M1_RULE_U01	M1_RULE_U01	16	1	A0_DENSE_VENDOR	147137	0.9684143323504634	0.005695	0.040348	0.000361	0.069905	0.808525	1	0	0	0.0	[null,null,27831,null]
V1	1	1	FORMAL_V1_G1_P1_M1_RULE_U01	M1_RULE_U01	17	1	A0_DENSE_VENDOR	147137	0.9684143323504634	0.005593	0.040716	0.0004	0.079415	0.817768	1	0	0	0.0	[null,null,11,null]
V1	1	1	FORMAL_V1_G1_P1_M1_RULE_U01	M1_RULE_U01	18	1	A0_DENSE_VENDOR	147137	0.9684143323504634	0.005481	0.040013	0.000374	0.068599	0.814045	1	0	0	0.0	[null,null,7279,null]
V1	1	1	FORMAL_V1_G1_P1_M1_RULE_U01	M1_RULE_U01	19	1	A0_DENSE_VENDOR	147137	0.9684143323504634	0.005577	0.040558	0.000369	0.071851	0.810849	1	0	0	0.0	[null,null,756,null]
V1	1	1	FORMAL_V1_G1_P1_M1_RULE_U01	M1_RULE_U01	20	1	A3_RAGGED_DIRECT	425	0.002797230412805392	0.005575	0.040276	0.000411	0.071093	0.337107	1	0	1	0.014004	[null,null,220,null]
V1	1	1	FORMAL_V1_G1_P1_M1_RULE_U01	M1_RULE_U01	21	1	A3_RAGGED_DIRECT	425	0.002797230412805392	0.005458	0.03912	0.000406	0.069495	0.338211	1	0	1	0.01343	[null,null,330,null]
V1	1	1	FORMAL_V1_G1_P1_M1_RULE_U01	M1_RULE_U01	22	1	A3_RAGGED_DIRECT	6	3.9490311710193765e-05	0.005377	0.043873	0.000379	0.07358	0.324819	1	0	1	0.013268	[null,null,11049,null]
V1	1	1	FORMAL_V1_G1_P1_M1_RULE_U01	M1_RULE_U01	23	1	A3_RAGGED_DIRECT	4	2.632687447346251e-05	0.005335	0.03959	0.000389	0.068757	0.332247	1	0	1	0.018007	[null,null,1269,null]
V1	1	1	FORMAL_V1_G1_P1_M1_RULE_U01	M1_RULE_U01	24	1	A3_RAGGED_DIRECT	19	0.0001250526537489469	0.005443	0.039529	0.00039	0.068043	0.307585	1	0	1	0.013145	[null,null,788,null]
V1	1	1	FORMAL_V1_G1_P1_M1_RULE_U01	M1_RULE_U01	25	1	A3_RAGGED_DIRECT	822	0.005410172704296546	0.005518	0.039457	0.000383	0.069334	0.339219	1	0	1	0.013146	[null,null,330,null]
V1	1	1	FORMAL_V1_G1_P1_M1_RULE_U01	M1_RULE_U01	26	1	A0_DENSE_VENDOR	147137	0.9684143323504634	0.005448	0.039673	0.000357	0.067906	0.82093	1	0	0	0.0	[null,null,13079,null]
V1	1	1	FORMAL_V1_G1_P1_M1_RULE_U01	M1_RULE_U01	27	1	A0_DENSE_VENDOR	147137	0.9684143323504634	0.005621	0.040245	0.000365	0.071328	0.803399	1	0	0	0.0	[null,null,49628,null]
V1	1	1	FORMAL_V1_G1_P1_M1_RULE_U01	M1_RULE_U01	28	1	A0_DENSE_VENDOR	147137	0.9684143323504634	0.005511	0.040192	0.000387	0.071179	0.812951	1	0	0	0.0	[null,null,756,null]
V1	1	1	FORMAL_V1_G1_P1_M1_RULE_U01	M1_RULE_U01	29	1	A3_RAGGED_DIRECT	424	0.002790648694187026	0.005672	0.040496	0.000401	0.071927	0.334924	1	0	1	0.013569	[null,null,220,null]
V1	1	1	FORMAL_V1_G1_P1_M1_RULE_U01	M1_RULE_U01	30	1	A3_RAGGED_DIRECT	424	0.002790648694187026	0.005676	0.039607	0.000382	0.069944	0.340456	1	0	1	0.013668	[null,null,330,null]
V1	1	1	FORMAL_V1_G1_P1_M1_RULE_U01	M1_RULE_U01	31	1	A3_RAGGED_DIRECT	5	3.2908593091828136e-05	0.005487	0.039126	0.000422	0.067279	0.324245	1	0	1	0.012845	[null,null,3615,null]
V1	1	1	FORMAL_V1_G1_P1_M1_RULE_U01	M1_RULE_U01	32	1	A3_RAGGED_DIRECT	15	9.872577927548442e-05	0.00552	0.03988	0.000408	0.06987	0.309751	1	0	1	0.013011	[null,null,788,null]
V1	1	1	FORMAL_V1_G1_P1_M1_RULE_U01	M1_RULE_U01	33	1	A3_RAGGED_DIRECT	442	0.0029091196293176075	0.005506	0.039684	0.000394	0.068946	0.328971	1	0	1	0.013339	[null,null,2278,null]
V1	1	1	FORMAL_V1_G1_P1_M1_RULE_U01	M1_RULE_U01	34	1	A3_RAGGED_DIRECT	452	0.002974936815501264	0.005507	0.039653	0.000389	0.067716	0.332331	1	0	1	0.013847	[null,null,262,null]
V1	1	1	FORMAL_V1_G1_P1_M1_RULE_U01	M1_RULE_U01	35	1	A3_RAGGED_DIRECT	452	0.002974936815501264	0.005379	0.039544	0.0004	0.069588	0.336591	1	0	1	0.013477	[null,null,341,null]
V1	1	1	FORMAL_V1_G1_P1_M1_RULE_U01	M1_RULE_U01	36	1	A3_RAGGED_DIRECT	424	0.002790648694187026	0.005581	0.03984	0.000431	0.068214	0.326167	1	0	1	0.013386	[null,null,414,null]
V1	1	1	FORMAL_V1_G1_P1_M1_RULE_U01	M1_RULE_U01	37	1	A3_RAGGED_DIRECT	424	0.002790648694187026	0.005446	0.039568	0.000418	0.067538	0.313064	1	0	1	0.011554	[null,null,330,null]
V1	1	1	FORMAL_V1_G1_P1_M1_RULE_U01	M1_RULE_U01	38	1	A3_RAGGED_DIRECT	4	2.632687447346251e-05	0.00532	0.039341	0.00039	0.068209	0.318027	1	0	1	0.013225	[null,null,6555,null]
V1	1	1	FORMAL_V1_G1_P1_M1_RULE_U01	M1_RULE_U01	39	1	A3_RAGGED_DIRECT	13	8.556234203875316e-05	0.005492	0.043926	0.000406	0.071751	0.327897	1	0	1	0.013087	[null,null,788,null]
V1	1	1	FORMAL_V1_G1_P1_M1_RULE_U01	M1_RULE_U01	40	1	A3_RAGGED_DIRECT	434	0.0028564658803706825	0.005413	0.043503	0.000397	0.071218	0.329374	1	0	1	0.013073	[null,null,220,null]
V1	1	1	FORMAL_V1_G1_P1_M1_RULE_U01	M1_RULE_U01	41	1	A3_RAGGED_DIRECT	434	0.0028564658803706825	0.005368	0.04345	0.000394	0.070914	0.324387	1	0	1	0.01322	[null,null,16,null]
V1	1	1	FORMAL_V1_G1_P1_M1_RULE_U01	M1_RULE_U01	42	1	A3_RAGGED_DIRECT	448	0.0029486099410278013	0.005412	0.043241	0.000404	0.073085	0.347178	1	0	1	0.013653	[null,null,15,null]
V1	1	1	FORMAL_V1_G1_P1_M1_RULE_U01	M1_RULE_U01	43	1	A3_RAGGED_DIRECT	448	0.0029486099410278013	0.005297	0.043428	0.000415	0.071627	0.338212	1	0	1	0.013596	[null,null,345,null]
V1	1	1	FORMAL_V1_G1_P1_M1_RULE_U01	M1_RULE_U01	44	1	A3_RAGGED_DIRECT	424	0.002790648694187026	0.005336	0.043416	0.000377	0.071477	0.327095	1	0	1	0.013092	[null,null,414,null]
V1	1	1	FORMAL_V1_G1_P1_M1_RULE_U01	M1_RULE_U01	45	1	A3_RAGGED_DIRECT	424	0.002790648694187026	0.005371	0.043616	0.000374	0.072736	0.324502	1	0	1	0.01156	[null,null,330,null]
V1	1	1	FORMAL_V1_G1_P1_M1_RULE_U01	M1_RULE_U01	46	1	A3_RAGGED_DIRECT	6	3.9490311710193765e-05	0.005442	0.042877	0.000393	0.071259	0.334088	1	0	1	0.013654	[null,null,3031,null]
V1	1	1	FORMAL_V1_G1_P1_M1_RULE_U01	M1_RULE_U01	47	1	A3_RAGGED_DIRECT	4	2.632687447346251e-05	0.005391	0.043541	0.000377	0.071266	0.332648	1	0	1	0.01297	[null,null,1269,null]
V1	1	1	FORMAL_V1_G1_P1_M1_RULE_U01	M1_RULE_U01	48	1	A3_RAGGED_DIRECT	19	0.0001250526537489469	0.005472	0.043294	0.000418	0.072018	0.322596	1	0	1	0.013037	[null,null,788,null]
V1	1	1	FORMAL_V1_G1_P1_M1_RULE_U01	M1_RULE_U01	49	1	A3_RAGGED_DIRECT	822	0.005410172704296546	0.005387	0.043336	0.000373	0.072982	0.338749	1	0	1	0.012928	[null,null,330,null]
V1	1	1	FORMAL_V1_G1_P1_M1_RULE_U01	M1_RULE_U01	50	1	A0_DENSE_VENDOR	147137	0.9684143323504634	0.005433	0.043388	0.000392	0.07278	0.8583	1	0	0	0.0	[null,null,4816,null]
V1	1	1	FORMAL_V1_G1_P1_M1_RULE_U01	M1_RULE_U01	51	1	A0_DENSE_VENDOR	147137	0.9684143323504634	0.009523	0.04324	0.000486	0.078512	0.843965	1	0	0	0.0	[null,null,362,null]
V1	1	1	FORMAL_V1_G1_P1_M1_RULE_U01	M1_RULE_U01	52	1	A0_DENSE_VENDOR	147137	0.9684143323504634	0.006199	0.042898	0.000419	0.076494	0.843832	1	0	0	0.0	[null,null,756,null]
V1	1	1	FORMAL_V1_G1_P1_M1_RULE_U01	M1_RULE_U01	53	1	A3_RAGGED_DIRECT	424	0.002790648694187026	0.006354	0.043017	0.000614	0.078644	0.365391	1	0	1	0.013722	[null,null,414,null]
V1	1	1	FORMAL_V1_G1_P1_M1_RULE_U01	M1_RULE_U01	54	1	A3_RAGGED_DIRECT	424	0.002790648694187026	0.005579	0.039474	0.000455	0.071387	0.328162	1	0	1	0.013271	[null,null,330,null]
V1	1	1	FORMAL_V1_G1_P1_M1_RULE_U01	M1_RULE_U01	55	1	A3_RAGGED_DIRECT	6	3.9490311710193765e-05	0.005427	0.039319	0.00042	0.071605	0.330043	1	0	1	0.013084	[null,null,13523,null]
V1	1	1	FORMAL_V1_G1_P1_M1_RULE_U01	M1_RULE_U01	56	1	A3_RAGGED_DIRECT	13	8.556234203875316e-05	0.005337	0.039172	0.000441	0.068427	0.323921	1	0	1	0.013149	[null,null,788,null]
V1	1	1	FORMAL_V1_G1_P1_M1_RULE_U01	M1_RULE_U01	57	1	A3_RAGGED_DIRECT	434	0.0028564658803706825	0.005398	0.0394	0.000403	0.070403	0.333866	1	0	1	0.01298	[null,null,220,null]
V1	1	1	FORMAL_V1_G1_P1_M1_RULE_U01	M1_RULE_U01	58	1	A3_RAGGED_DIRECT	434	0.0028564658803706825	0.005416	0.039385	0.000388	0.07047	0.325725	1	0	1	0.012956	[null,null,17,null]
V1	1	1	FORMAL_V1_G1_P1_M1_RULE_U01	M1_RULE_U01	59	1	A3_RAGGED_DIRECT	476	0.003132898062342039	0.00538	0.039281	0.000383	0.067521	0.322229	1	0	1	0.013524	[null,null,198,null]
V1	1	1	FORMAL_V1_G1_P1_M1_RULE_U01	M1_RULE_U01	60	1	A3_RAGGED_DIRECT	466	0.0030670808761583826	0.005361	0.039635	0.000389	0.068924	0.318982	1	0	1	0.013542	[null,null,262,null]
V1	1	1	FORMAL_V1_G1_P1_M1_RULE_U01	M1_RULE_U01	61	1	A3_RAGGED_DIRECT	466	0.0030670808761583826	0.00544	0.039618	0.000399	0.071168	0.324146	1	0	1	0.013528	[null,null,1153,null]
V1	1	1	FORMAL_V1_G1_P1_M1_RULE_U01	M1_RULE_U01	62	1	A3_RAGGED_DIRECT	439	0.0028893744734625106	0.005277	0.038991	0.000425	0.068245	0.34035	1	0	1	0.012863	[null,null,262,null]
V1	1	1	FORMAL_V1_G1_P1_M1_RULE_U01	M1_RULE_U01	63	1	A3_RAGGED_DIRECT	439	0.0028893744734625106	0.00539	0.039127	0.000431	0.06924	0.33518	1	0	1	0.013195	[null,null,341,null]
V1	1	1	FORMAL_V1_G1_P1_M1_RULE_U01	M1_RULE_U01	64	1	A3_RAGGED_DIRECT	424	0.002790648694187026	0.00534	0.039317	0.000419	0.068411	0.326249	1	0	1	0.01309	[null,null,414,null]
V1	1	1	FORMAL_V1_G1_P1_M1_RULE_U01	M1_RULE_U01	65	1	A3_RAGGED_DIRECT	424	0.002790648694187026	0.005364	0.039354	0.000399	0.070703	0.325802	1	0	1	0.012934	[null,null,330,null]
V1	1	1	FORMAL_V1_G1_P1_M1_RULE_U01	M1_RULE_U01	66	1	A3_RAGGED_DIRECT	4	2.632687447346251e-05	0.005437	0.039429	0.000405	0.069066	0.313657	1	0	1	0.013192	[null,null,6555,null]
V1	1	1	FORMAL_V1_G1_P1_M1_RULE_U01	M1_RULE_U01	67	1	A3_RAGGED_DIRECT	13	8.556234203875316e-05	0.005532	0.039484	0.000417	0.071191	0.312598	1	0	1	0.01312	[null,null,788,null]
V1	1	1	FORMAL_V1_G1_P1_M1_RULE_U01	M1_RULE_U01	68	1	A3_RAGGED_DIRECT	434	0.0028564658803706825	0.005465	0.039412	0.000378	0.069332	0.321627	1	0	1	0.013128	[null,null,220,null]
V1	1	1	FORMAL_V1_G1_P1_M1_RULE_U01	M1_RULE_U01	69	1	A3_RAGGED_DIRECT	434	0.0028564658803706825	0.00526	0.039542	0.000419	0.070735	0.315983	1	0	1	0.01133	[null,null,17,null]
V1	1	1	FORMAL_V1_G1_P1_M1_RULE_U01	M1_RULE_U01	70	1	A3_RAGGED_DIRECT	448	0.0029486099410278013	0.00553	0.039376	0.000406	0.070379	0.335613	1	0	1	0.01344	[null,null,15,null]
V1	1	1	FORMAL_V1_G1_P1_M1_RULE_U01	M1_RULE_U01	71	1	A3_RAGGED_DIRECT	448	0.0029486099410278013	0.005346	0.039456	0.000379	0.067641	0.32109	1	0	1	0.013313	[null,null,345,null]
V1	1	1	FORMAL_V1_G1_P1_M1_RULE_U01	M1_RULE_U01	72	1	A3_RAGGED_DIRECT	424	0.002790648694187026	0.005433	0.03931	0.000369	0.07038	0.320085	1	0	1	0.013181	[null,null,414,null]
V1	1	1	FORMAL_V1_G1_P1_M1_RULE_U01	M1_RULE_U01	73	1	A3_RAGGED_DIRECT	424	0.002790648694187026	0.005428	0.039311	0.000427	0.069377	0.332636	1	0	1	0.01752	[null,null,330,null]
V1	1	1	FORMAL_V1_G1_P1_M1_RULE_U01	M1_RULE_U01	74	1	A3_RAGGED_DIRECT	6	3.9490311710193765e-05	0.005306	0.039402	0.000398	0.068529	0.316496	1	0	1	0.012993	[null,null,3031,null]
V1	1	1	FORMAL_V1_G1_P1_M1_RULE_U01	M1_RULE_U01	75	1	A3_RAGGED_DIRECT	4	2.632687447346251e-05	0.005339	0.039336	0.000438	0.071046	0.31973	1	0	1	0.017718	[null,null,1269,null]
V1	1	1	FORMAL_V1_G1_P1_M1_RULE_U01	M1_RULE_U01	76	1	A3_RAGGED_DIRECT	19	0.0001250526537489469	0.005492	0.039539	0.000409	0.070321	0.312598	1	0	1	0.01276	[null,null,788,null]
V1	1	1	FORMAL_V1_G1_P1_M1_RULE_U01	M1_RULE_U01	77	1	A3_RAGGED_DIRECT	822	0.005410172704296546	0.005407	0.03945	0.000428	0.071043	0.338471	1	0	1	0.011179	[null,null,330,null]
V1	1	1	FORMAL_V1_G1_P1_M1_RULE_U01	M1_RULE_U01	78	1	A0_DENSE_VENDOR	147137	0.9684143323504634	0.005462	0.039406	0.000393	0.066957	0.859979	1	0	0	0.0	[null,null,4816,null]
V1	1	1	FORMAL_V1_G1_P1_M1_RULE_U01	M1_RULE_U01	79	1	A0_DENSE_VENDOR	147137	0.9684143323504634	0.006443	0.042884	0.000441	0.074024	0.841786	1	0	0	0.0	[null,null,425,null]
V1	1	1	FORMAL_V1_G1_P1_M1_RULE_U01	M1_RULE_U01	80	1	A0_DENSE_VENDOR	147137	0.9684143323504634	0.006159	0.042854	0.000453	0.076386	0.846615	1	0	0	0.0	[null,null,756,null]
V1	1	1	FORMAL_V1_G1_P1_M1_RULE_U01	M1_RULE_U01	81	1	A3_RAGGED_DIRECT	424	0.002790648694187026	0.006466	0.042821	0.000443	0.076074	0.368564	1	0	1	0.013222	[null,null,414,null]
V1	1	1	FORMAL_V1_G1_P1_M1_RULE_U01	M1_RULE_U01	82	1	A3_RAGGED_DIRECT	424	0.002790648694187026	0.005325	0.039258	0.000423	0.070871	0.337584	1	0	1	0.013186	[null,null,330,null]
V1	1	1	FORMAL_V1_G1_P1_M1_RULE_U01	M1_RULE_U01	83	1	A3_RAGGED_DIRECT	6	3.9490311710193765e-05	0.005353	0.039031	0.000427	0.069146	0.321288	1	0	1	0.013136	[null,null,13523,null]
V1	1	1	FORMAL_V1_G1_P1_M1_RULE_U01	M1_RULE_U01	84	1	A3_RAGGED_DIRECT	13	8.556234203875316e-05	0.005393	0.039277	0.000419	0.070558	0.318637	1	0	1	0.013038	[null,null,788,null]
V1	1	1	FORMAL_V1_G1_P1_M1_RULE_U01	M1_RULE_U01	85	1	A3_RAGGED_DIRECT	434	0.0028564658803706825	0.005353	0.039231	0.000425	0.069197	0.316778	1	0	1	0.011332	[null,null,220,null]
V1	1	1	FORMAL_V1_G1_P1_M1_RULE_U01	M1_RULE_U01	86	1	A3_RAGGED_DIRECT	434	0.0028564658803706825	0.005485	0.039549	0.000456	0.071073	0.335103	1	0	1	0.013174	[null,null,18,null]
V1	1	1	FORMAL_V1_G1_P1_M1_RULE_U01	M1_RULE_U01	87	1	A3_RAGGED_DIRECT	476	0.003132898062342039	0.005414	0.039411	0.000426	0.069056	0.323265	1	0	1	0.013224	[null,null,198,null]
V1	1	1	FORMAL_V1_G1_P1_M1_RULE_U01	M1_RULE_U01	88	1	A3_RAGGED_DIRECT	466	0.0030670808761583826	0.005569	0.039153	0.000403	0.070958	0.318754	1	0	1	0.013181	[null,null,262,null]
V1	1	1	FORMAL_V1_G1_P1_M1_RULE_U01	M1_RULE_U01	89	1	A3_RAGGED_DIRECT	466	0.0030670808761583826	0.005421	0.039271	0.000448	0.069681	0.33781	1	0	1	0.013558	[null,null,456,null]
V1	1	1	FORMAL_V1_G1_P1_M1_RULE_U01	M1_RULE_U01	90	1	A3_RAGGED_DIRECT	449	0.002955191659646167	0.005389	0.03937	0.000392	0.070145	0.323286	1	0	1	0.01158	[null,null,220,null]
V1	1	1	FORMAL_V1_G1_P1_M1_RULE_U01	M1_RULE_U01	91	1	A3_RAGGED_DIRECT	449	0.002955191659646167	0.005372	0.039245	0.000417	0.069343	0.342264	1	0	1	0.01349	[null,null,5133,null]
V1	1	1	FORMAL_V1_G1_P1_M1_RULE_U01	M1_RULE_U01	92	1	A3_RAGGED_DIRECT	424	0.002790648694187026	0.00535	0.039016	0.00043	0.068474	0.327584	1	0	1	0.013214	[null,null,92,null]
V1	1	1	FORMAL_V1_G1_P1_M1_RULE_U01	M1_RULE_U01	93	1	A3_RAGGED_DIRECT	1	6.581718618365627e-06	0.00542	0.039369	0.000412	0.068716	0.17978	0	1	0	0.0	[null,null,151645,null]
V1	1	1	FORMAL_V1_G1_P1_B0_STRONG	B0_STRONG	0	4	A0_DENSE_VENDOR			0.0	0.0	0.0	0.0	1.574714	4	0	0	0.0	[515,515,515,515]
V1	1	1	FORMAL_V1_G1_P1_B0_STRONG	B0_STRONG	1	4	A0_DENSE_VENDOR			0.0	0.0	0.0	0.0	0.729053	4	0	0	0.0	[220,220,220,220]
V1	1	1	FORMAL_V1_G1_P1_B0_STRONG	B0_STRONG	2	4	A0_DENSE_VENDOR			0.0	0.0	0.0	0.0	0.727909	4	0	0	0.0	[330,330,330,330]
V1	1	1	FORMAL_V1_G1_P1_B0_STRONG	B0_STRONG	3	4	A0_DENSE_VENDOR			0.0	0.0	0.0	0.0	0.68017	4	0	0	0.0	[4129,4129,29642,5113]
V1	1	1	FORMAL_V1_G1_P1_B0_STRONG	B0_STRONG	4	4	A0_DENSE_VENDOR			0.0	0.0	0.0	0.0	0.68729	4	0	0	0.0	[788,788,258,788]
V1	1	1	FORMAL_V1_G1_P1_B0_STRONG	B0_STRONG	5	4	A0_DENSE_VENDOR			0.0	0.0	0.0	0.0	0.724451	3	1	0	0.0	[220,220,70,330]
V1	1	1	FORMAL_V1_G1_P1_B0_STRONG	B0_STRONG	6	4	A0_DENSE_VENDOR			0.0	0.0	0.0	0.0	0.826172	4	0	0	0.0	[16,16,6744,13079]
V1	1	1	FORMAL_V1_G1_P1_B0_STRONG	B0_STRONG	7	4	A0_DENSE_VENDOR			0.0	0.0	0.0	0.0	0.809653	4	0	0	0.0	[17,17,788,35]
V1	1	1	FORMAL_V1_G1_P1_B0_STRONG	B0_STRONG	8	4	A0_DENSE_VENDOR			0.0	0.0	0.0	0.0	0.832021	4	0	0	0.0	[198,198,330,4644]
V1	1	1	FORMAL_V1_G1_P1_B0_STRONG	B0_STRONG	9	4	A0_DENSE_VENDOR			0.0	0.0	0.0	0.0	0.890023	4	0	0	0.0	[92,92,16,16]
V1	1	1	FORMAL_V1_G1_P1_B0_STRONG	B0_STRONG	10	4	A0_DENSE_VENDOR			0.0	0.0	0.0	0.0	0.875263	2	2	0	0.0	[151645,151645,17,17]
V1	1	1	FORMAL_V1_G1_P1_B0_STRONG	B0_STRONG	11	2	A0_DENSE_VENDOR			0.0	0.0	0.0	0.0	0.861657	2	0	0	0.0	[null,null,18,18]
V1	1	1	FORMAL_V1_G1_P1_B0_STRONG	B0_STRONG	12	2	A0_DENSE_VENDOR			0.0	0.0	0.0	0.0	0.869305	2	0	0	0.0	[null,null,4697,698]
V1	1	1	FORMAL_V1_G1_P1_B0_STRONG	B0_STRONG	13	2	A0_DENSE_VENDOR			0.0	0.0	0.0	0.0	0.771074	2	0	0	0.0	[null,null,794,92]
V1	1	1	FORMAL_V1_G1_P1_B0_STRONG	B0_STRONG	14	2	A0_DENSE_VENDOR			0.0	0.0	0.0	0.0	0.76139	1	1	0	0.0	[null,null,11,151645]
V1	1	1	FORMAL_V1_G1_P1_B0_STRONG	B0_STRONG	15	1	A0_DENSE_VENDOR			0.0	0.0	0.0	0.0	0.753178	1	0	0	0.0	[null,null,5765,null]
V1	1	1	FORMAL_V1_G1_P1_B0_STRONG	B0_STRONG	16	1	A0_DENSE_VENDOR			0.0	0.0	0.0	0.0	0.74756	1	0	0	0.0	[null,null,27831,null]
V1	1	1	FORMAL_V1_G1_P1_B0_STRONG	B0_STRONG	17	1	A0_DENSE_VENDOR			0.0	0.0	0.0	0.0	0.757849	1	0	0	0.0	[null,null,11,null]
V1	1	1	FORMAL_V1_G1_P1_B0_STRONG	B0_STRONG	18	1	A0_DENSE_VENDOR			0.0	0.0	0.0	0.0	0.756684	1	0	0	0.0	[null,null,7279,null]
V1	1	1	FORMAL_V1_G1_P1_B0_STRONG	B0_STRONG	19	1	A0_DENSE_VENDOR			0.0	0.0	0.0	0.0	0.755495	1	0	0	0.0	[null,null,756,null]
V1	1	1	FORMAL_V1_G1_P1_B0_STRONG	B0_STRONG	20	1	A0_DENSE_VENDOR			0.0	0.0	0.0	0.0	0.660658	1	0	0	0.0	[null,null,220,null]
V1	1	1	FORMAL_V1_G1_P1_B0_STRONG	B0_STRONG	21	1	A0_DENSE_VENDOR			0.0	0.0	0.0	0.0	0.658609	1	0	0	0.0	[null,null,330,null]
V1	1	1	FORMAL_V1_G1_P1_B0_STRONG	B0_STRONG	22	1	A0_DENSE_VENDOR			0.0	0.0	0.0	0.0	0.648453	1	0	0	0.0	[null,null,11049,null]
V1	1	1	FORMAL_V1_G1_P1_B0_STRONG	B0_STRONG	23	1	A0_DENSE_VENDOR			0.0	0.0	0.0	0.0	0.64275	1	0	0	0.0	[null,null,1269,null]
V1	1	1	FORMAL_V1_G1_P1_B0_STRONG	B0_STRONG	24	1	A0_DENSE_VENDOR			0.0	0.0	0.0	0.0	0.654912	1	0	0	0.0	[null,null,788,null]
V1	1	1	FORMAL_V1_G1_P1_B0_STRONG	B0_STRONG	25	1	A0_DENSE_VENDOR			0.0	0.0	0.0	0.0	0.671189	1	0	0	0.0	[null,null,330,null]
V1	1	1	FORMAL_V1_G1_P1_B0_STRONG	B0_STRONG	26	1	A0_DENSE_VENDOR			0.0	0.0	0.0	0.0	0.773733	1	0	0	0.0	[null,null,13079,null]
V1	1	1	FORMAL_V1_G1_P1_B0_STRONG	B0_STRONG	27	1	A0_DENSE_VENDOR			0.0	0.0	0.0	0.0	0.752066	1	0	0	0.0	[null,null,49628,null]
V1	1	1	FORMAL_V1_G1_P1_B0_STRONG	B0_STRONG	28	1	A0_DENSE_VENDOR			0.0	0.0	0.0	0.0	0.749011	1	0	0	0.0	[null,null,756,null]
V1	1	1	FORMAL_V1_G1_P1_B0_STRONG	B0_STRONG	29	1	A0_DENSE_VENDOR			0.0	0.0	0.0	0.0	0.664437	1	0	0	0.0	[null,null,220,null]
V1	1	1	FORMAL_V1_G1_P1_B0_STRONG	B0_STRONG	30	1	A0_DENSE_VENDOR			0.0	0.0	0.0	0.0	0.660716	1	0	0	0.0	[null,null,330,null]
V1	1	1	FORMAL_V1_G1_P1_B0_STRONG	B0_STRONG	31	1	A0_DENSE_VENDOR			0.0	0.0	0.0	0.0	0.648841	1	0	0	0.0	[null,null,3615,null]
V1	1	1	FORMAL_V1_G1_P1_B0_STRONG	B0_STRONG	32	1	A0_DENSE_VENDOR			0.0	0.0	0.0	0.0	0.65019	1	0	0	0.0	[null,null,788,null]
V1	1	1	FORMAL_V1_G1_P1_B0_STRONG	B0_STRONG	33	1	A0_DENSE_VENDOR			0.0	0.0	0.0	0.0	0.675226	1	0	0	0.0	[null,null,2278,null]
V1	1	1	FORMAL_V1_G1_P1_B0_STRONG	B0_STRONG	34	1	A0_DENSE_VENDOR			0.0	0.0	0.0	0.0	0.662905	1	0	0	0.0	[null,null,262,null]
V1	1	1	FORMAL_V1_G1_P1_B0_STRONG	B0_STRONG	35	1	A0_DENSE_VENDOR			0.0	0.0	0.0	0.0	0.665692	1	0	0	0.0	[null,null,341,null]
V1	1	1	FORMAL_V1_G1_P1_B0_STRONG	B0_STRONG	36	1	A0_DENSE_VENDOR			0.0	0.0	0.0	0.0	0.665527	1	0	0	0.0	[null,null,414,null]
V1	1	1	FORMAL_V1_G1_P1_B0_STRONG	B0_STRONG	37	1	A0_DENSE_VENDOR			0.0	0.0	0.0	0.0	0.659148	1	0	0	0.0	[null,null,330,null]
V1	1	1	FORMAL_V1_G1_P1_B0_STRONG	B0_STRONG	38	1	A0_DENSE_VENDOR			0.0	0.0	0.0	0.0	0.657157	1	0	0	0.0	[null,null,6555,null]
V1	1	1	FORMAL_V1_G1_P1_B0_STRONG	B0_STRONG	39	1	A0_DENSE_VENDOR			0.0	0.0	0.0	0.0	0.645141	1	0	0	0.0	[null,null,788,null]
V1	1	1	FORMAL_V1_G1_P1_B0_STRONG	B0_STRONG	40	1	A0_DENSE_VENDOR			0.0	0.0	0.0	0.0	0.656745	1	0	0	0.0	[null,null,220,null]
V1	1	1	FORMAL_V1_G1_P1_B0_STRONG	B0_STRONG	41	1	A0_DENSE_VENDOR			0.0	0.0	0.0	0.0	0.664197	1	0	0	0.0	[null,null,16,null]
V1	1	1	FORMAL_V1_G1_P1_B0_STRONG	B0_STRONG	42	1	A0_DENSE_VENDOR			0.0	0.0	0.0	0.0	0.660047	1	0	0	0.0	[null,null,15,null]
V1	1	1	FORMAL_V1_G1_P1_B0_STRONG	B0_STRONG	43	1	A0_DENSE_VENDOR			0.0	0.0	0.0	0.0	0.659619	1	0	0	0.0	[null,null,345,null]
V1	1	1	FORMAL_V1_G1_P1_B0_STRONG	B0_STRONG	44	1	A0_DENSE_VENDOR			0.0	0.0	0.0	0.0	0.658327	1	0	0	0.0	[null,null,414,null]
V1	1	1	FORMAL_V1_G1_P1_B0_STRONG	B0_STRONG	45	1	A0_DENSE_VENDOR			0.0	0.0	0.0	0.0	0.66318	1	0	0	0.0	[null,null,330,null]
V1	1	1	FORMAL_V1_G1_P1_B0_STRONG	B0_STRONG	46	1	A0_DENSE_VENDOR			0.0	0.0	0.0	0.0	0.651991	1	0	0	0.0	[null,null,3031,null]
V1	1	1	FORMAL_V1_G1_P1_B0_STRONG	B0_STRONG	47	1	A0_DENSE_VENDOR			0.0	0.0	0.0	0.0	0.651562	1	0	0	0.0	[null,null,1269,null]
V1	1	1	FORMAL_V1_G1_P1_B0_STRONG	B0_STRONG	48	1	A0_DENSE_VENDOR			0.0	0.0	0.0	0.0	0.655559	1	0	0	0.0	[null,null,788,null]
V1	1	1	FORMAL_V1_G1_P1_B0_STRONG	B0_STRONG	49	1	A0_DENSE_VENDOR			0.0	0.0	0.0	0.0	0.673573	1	0	0	0.0	[null,null,330,null]
V1	1	1	FORMAL_V1_G1_P1_B0_STRONG	B0_STRONG	50	1	A0_DENSE_VENDOR			0.0	0.0	0.0	0.0	0.762024	1	0	0	0.0	[null,null,4816,null]
V1	1	1	FORMAL_V1_G1_P1_B0_STRONG	B0_STRONG	51	1	A0_DENSE_VENDOR			0.0	0.0	0.0	0.0	0.758448	1	0	0	0.0	[null,null,362,null]
V1	1	1	FORMAL_V1_G1_P1_B0_STRONG	B0_STRONG	52	1	A0_DENSE_VENDOR			0.0	0.0	0.0	0.0	0.759006	1	0	0	0.0	[null,null,756,null]
V1	1	1	FORMAL_V1_G1_P1_B0_STRONG	B0_STRONG	53	1	A0_DENSE_VENDOR			0.0	0.0	0.0	0.0	0.67167	1	0	0	0.0	[null,null,414,null]
V1	1	1	FORMAL_V1_G1_P1_B0_STRONG	B0_STRONG	54	1	A0_DENSE_VENDOR			0.0	0.0	0.0	0.0	0.667204	1	0	0	0.0	[null,null,330,null]
V1	1	1	FORMAL_V1_G1_P1_B0_STRONG	B0_STRONG	55	1	A0_DENSE_VENDOR			0.0	0.0	0.0	0.0	0.65354	1	0	0	0.0	[null,null,13523,null]
V1	1	1	FORMAL_V1_G1_P1_B0_STRONG	B0_STRONG	56	1	A0_DENSE_VENDOR			0.0	0.0	0.0	0.0	0.647422	1	0	0	0.0	[null,null,788,null]
V1	1	1	FORMAL_V1_G1_P1_B0_STRONG	B0_STRONG	57	1	A0_DENSE_VENDOR			0.0	0.0	0.0	0.0	0.669667	1	0	0	0.0	[null,null,220,null]
V1	1	1	FORMAL_V1_G1_P1_B0_STRONG	B0_STRONG	58	1	A0_DENSE_VENDOR			0.0	0.0	0.0	0.0	0.668972	1	0	0	0.0	[null,null,17,null]
V1	1	1	FORMAL_V1_G1_P1_B0_STRONG	B0_STRONG	59	1	A0_DENSE_VENDOR			0.0	0.0	0.0	0.0	0.659719	1	0	0	0.0	[null,null,198,null]
V1	1	1	FORMAL_V1_G1_P1_B0_STRONG	B0_STRONG	60	1	A0_DENSE_VENDOR			0.0	0.0	0.0	0.0	0.666619	1	0	0	0.0	[null,null,262,null]
V1	1	1	FORMAL_V1_G1_P1_B0_STRONG	B0_STRONG	61	1	A0_DENSE_VENDOR			0.0	0.0	0.0	0.0	0.66581	1	0	0	0.0	[null,null,1153,null]
V1	1	1	FORMAL_V1_G1_P1_B0_STRONG	B0_STRONG	62	1	A0_DENSE_VENDOR			0.0	0.0	0.0	0.0	0.664947	1	0	0	0.0	[null,null,262,null]
V1	1	1	FORMAL_V1_G1_P1_B0_STRONG	B0_STRONG	63	1	A0_DENSE_VENDOR			0.0	0.0	0.0	0.0	0.663779	1	0	0	0.0	[null,null,341,null]
V1	1	1	FORMAL_V1_G1_P1_B0_STRONG	B0_STRONG	64	1	A0_DENSE_VENDOR			0.0	0.0	0.0	0.0	0.658893	1	0	0	0.0	[null,null,414,null]
V1	1	1	FORMAL_V1_G1_P1_B0_STRONG	B0_STRONG	65	1	A0_DENSE_VENDOR			0.0	0.0	0.0	0.0	0.667989	1	0	0	0.0	[null,null,330,null]
V1	1	1	FORMAL_V1_G1_P1_B0_STRONG	B0_STRONG	66	1	A0_DENSE_VENDOR			0.0	0.0	0.0	0.0	0.650452	1	0	0	0.0	[null,null,6555,null]
V1	1	1	FORMAL_V1_G1_P1_B0_STRONG	B0_STRONG	67	1	A0_DENSE_VENDOR			0.0	0.0	0.0	0.0	0.647688	1	0	0	0.0	[null,null,788,null]
V1	1	1	FORMAL_V1_G1_P1_B0_STRONG	B0_STRONG	68	1	A0_DENSE_VENDOR			0.0	0.0	0.0	0.0	0.66967	1	0	0	0.0	[null,null,220,null]
V1	1	1	FORMAL_V1_G1_P1_B0_STRONG	B0_STRONG	69	1	A0_DENSE_VENDOR			0.0	0.0	0.0	0.0	0.671792	1	0	0	0.0	[null,null,17,null]
V1	1	1	FORMAL_V1_G1_P1_B0_STRONG	B0_STRONG	70	1	A0_DENSE_VENDOR			0.0	0.0	0.0	0.0	0.663102	1	0	0	0.0	[null,null,15,null]
V1	1	1	FORMAL_V1_G1_P1_B0_STRONG	B0_STRONG	71	1	A0_DENSE_VENDOR			0.0	0.0	0.0	0.0	0.672846	1	0	0	0.0	[null,null,345,null]
V1	1	1	FORMAL_V1_G1_P1_B0_STRONG	B0_STRONG	72	1	A0_DENSE_VENDOR			0.0	0.0	0.0	0.0	0.663851	1	0	0	0.0	[null,null,414,null]
V1	1	1	FORMAL_V1_G1_P1_B0_STRONG	B0_STRONG	73	1	A0_DENSE_VENDOR			0.0	0.0	0.0	0.0	0.659058	1	0	0	0.0	[null,null,330,null]
V1	1	1	FORMAL_V1_G1_P1_B0_STRONG	B0_STRONG	74	1	A0_DENSE_VENDOR			0.0	0.0	0.0	0.0	0.651968	1	0	0	0.0	[null,null,3031,null]
V1	1	1	FORMAL_V1_G1_P1_B0_STRONG	B0_STRONG	75	1	A0_DENSE_VENDOR			0.0	0.0	0.0	0.0	0.650808	1	0	0	0.0	[null,null,1269,null]
V1	1	1	FORMAL_V1_G1_P1_B0_STRONG	B0_STRONG	76	1	A0_DENSE_VENDOR			0.0	0.0	0.0	0.0	0.650894	1	0	0	0.0	[null,null,788,null]
V1	1	1	FORMAL_V1_G1_P1_B0_STRONG	B0_STRONG	77	1	A0_DENSE_VENDOR			0.0	0.0	0.0	0.0	0.670316	1	0	0	0.0	[null,null,330,null]
V1	1	1	FORMAL_V1_G1_P1_B0_STRONG	B0_STRONG	78	1	A0_DENSE_VENDOR			0.0	0.0	0.0	0.0	0.741051	1	0	0	0.0	[null,null,4816,null]
V1	1	1	FORMAL_V1_G1_P1_B0_STRONG	B0_STRONG	79	1	A0_DENSE_VENDOR			0.0	0.0	0.0	0.0	0.757287	1	0	0	0.0	[null,null,425,null]
V1	1	1	FORMAL_V1_G1_P1_B0_STRONG	B0_STRONG	80	1	A0_DENSE_VENDOR			0.0	0.0	0.0	0.0	0.748594	1	0	0	0.0	[null,null,756,null]
V1	1	1	FORMAL_V1_G1_P1_B0_STRONG	B0_STRONG	81	1	A0_DENSE_VENDOR			0.0	0.0	0.0	0.0	0.669218	1	0	0	0.0	[null,null,414,null]
V1	1	1	FORMAL_V1_G1_P1_B0_STRONG	B0_STRONG	82	1	A0_DENSE_VENDOR			0.0	0.0	0.0	0.0	0.666204	1	0	0	0.0	[null,null,330,null]
V1	1	1	FORMAL_V1_G1_P1_B0_STRONG	B0_STRONG	83	1	A0_DENSE_VENDOR			0.0	0.0	0.0	0.0	0.661952	1	0	0	0.0	[null,null,13523,null]
V1	1	1	FORMAL_V1_G1_P1_B0_STRONG	B0_STRONG	84	1	A0_DENSE_VENDOR			0.0	0.0	0.0	0.0	0.658624	1	0	0	0.0	[null,null,788,null]
V1	1	1	FORMAL_V1_G1_P1_B0_STRONG	B0_STRONG	85	1	A0_DENSE_VENDOR			0.0	0.0	0.0	0.0	0.663666	1	0	0	0.0	[null,null,220,null]
V1	1	1	FORMAL_V1_G1_P1_B0_STRONG	B0_STRONG	86	1	A0_DENSE_VENDOR			0.0	0.0	0.0	0.0	0.659822	1	0	0	0.0	[null,null,18,null]
V1	1	1	FORMAL_V1_G1_P1_B0_STRONG	B0_STRONG	87	1	A0_DENSE_VENDOR			0.0	0.0	0.0	0.0	0.657962	1	0	0	0.0	[null,null,198,null]
V1	1	1	FORMAL_V1_G1_P1_B0_STRONG	B0_STRONG	88	1	A0_DENSE_VENDOR			0.0	0.0	0.0	0.0	0.655738	1	0	0	0.0	[null,null,262,null]
V1	1	1	FORMAL_V1_G1_P1_B0_STRONG	B0_STRONG	89	1	A0_DENSE_VENDOR			0.0	0.0	0.0	0.0	0.664613	1	0	0	0.0	[null,null,456,null]
V1	1	1	FORMAL_V1_G1_P1_B0_STRONG	B0_STRONG	90	1	A0_DENSE_VENDOR			0.0	0.0	0.0	0.0	0.66386	1	0	0	0.0	[null,null,220,null]
V1	1	1	FORMAL_V1_G1_P1_B0_STRONG	B0_STRONG	91	1	A0_DENSE_VENDOR			0.0	0.0	0.0	0.0	0.668716	1	0	0	0.0	[null,null,5133,null]
V1	1	1	FORMAL_V1_G1_P1_B0_STRONG	B0_STRONG	92	1	A0_DENSE_VENDOR			0.0	0.0	0.0	0.0	0.655501	1	0	0	0.0	[null,null,92,null]
V1	1	1	FORMAL_V1_G1_P1_B0_STRONG	B0_STRONG	93	1	A0_DENSE_VENDOR			0.0	0.0	0.0	0.0	0.120621	0	1	0	0.0	[null,null,151645,null]
V1	1	2	FORMAL_V1_G1_P2_M1_RULE_U01	M1_RULE_U01	0	4	A3_RAGGED_DIRECT	7	4.6072030328559395e-05	0.009662	0.047555	0.000598	0.083039	1.262224	4	0	1	0.034268	[515,515,515,515]
V1	1	2	FORMAL_V1_G1_P2_M1_RULE_U01	M1_RULE_U01	1	4	A3_RAGGED_DIRECT	426	0.0028038121314237574	0.00729	0.043074	0.000455	0.074951	0.51607	4	0	2	0.032737	[220,220,220,220]
V1	1	2	FORMAL_V1_G1_P2_M1_RULE_U01	M1_RULE_U01	2	4	A3_RAGGED_DIRECT	426	0.0028038121314237574	0.007209	0.04491	0.000456	0.076045	0.534673	4	0	2	0.038736	[330,330,330,330]
V1	1	2	FORMAL_V1_G1_P2_M1_RULE_U01	M1_RULE_U01	3	4	A3_RAGGED_DIRECT	14	9.214406065711879e-05	0.00698	0.042926	0.00047	0.074026	0.518673	4	0	3	0.034989	[4129,4129,29642,5113]
V1	1	2	FORMAL_V1_G1_P2_M1_RULE_U01	M1_RULE_U01	4	4	A3_RAGGED_DIRECT	21	0.00013821609098567817	0.00731	0.044786	0.000466	0.076296	0.537376	4	0	3	0.038722	[788,788,258,788]
V1	1	2	FORMAL_V1_G1_P2_M1_RULE_U01	M1_RULE_U01	5	4	A3_RAGGED_DIRECT	823	0.005416754422914912	0.007017	0.040875	0.000472	0.072508	0.482344	3	1	2	0.026022	[220,220,70,330]
V1	1	2	FORMAL_V1_G1_P2_M1_RULE_U01	M1_RULE_U01	6	4	A0_DENSE_VENDOR	147404	0.970171651221567	0.007481	0.042679	0.000439	0.076649	0.882592	4	0	0	0.0	[16,16,6744,13079]
V1	1	2	FORMAL_V1_G1_P2_M1_RULE_U01	M1_RULE_U01	7	4	A0_DENSE_VENDOR	147415	0.970244050126369	0.007428	0.044707	0.000457	0.079645	0.868853	4	0	0	0.0	[17,17,788,35]
V1	1	2	FORMAL_V1_G1_P2_M1_RULE_U01	M1_RULE_U01	8	4	A0_DENSE_VENDOR	147800	0.9727780117944398	0.007512	0.043463	0.000416	0.078102	0.880365	4	0	0	0.0	[198,198,330,4644]
V1	1	2	FORMAL_V1_G1_P2_M1_RULE_U01	M1_RULE_U01	9	4	A0_DENSE_VENDOR	147475	0.9706389532434709	0.00723	0.04354	0.000427	0.076802	0.956257	4	0	0	0.0	[92,92,16,16]
V1	1	2	FORMAL_V1_G1_P2_M1_RULE_U01	M1_RULE_U01	10	4	A0_DENSE_VENDOR	147140	0.9684340775063185	0.007634	0.044923	0.000465	0.078632	0.941492	2	2	0	0.0	[151645,151645,17,17]
V1	1	2	FORMAL_V1_G1_P2_M1_RULE_U01	M1_RULE_U01	11	2	A0_DENSE_VENDOR	147139	0.9684274957877	0.006877	0.043912	0.000448	0.075867	0.917278	2	0	0	0.0	[null,null,18,18]
V1	1	2	FORMAL_V1_G1_P2_M1_RULE_U01	M1_RULE_U01	12	2	A0_DENSE_VENDOR	147139	0.9684274957877	0.00666	0.043537	0.000557	0.077181	0.908992	2	0	0	0.0	[null,null,4697,698]
V1	1	2	FORMAL_V1_G1_P2_M1_RULE_U01	M1_RULE_U01	13	2	A0_DENSE_VENDOR	147473	0.9706257898062342	0.006587	0.043703	0.00043	0.075275	0.834733	2	0	0	0.0	[null,null,794,92]
V1	1	2	FORMAL_V1_G1_P2_M1_RULE_U01	M1_RULE_U01	14	2	A0_DENSE_VENDOR	147138	0.9684209140690817	0.006619	0.043849	0.000446	0.076698	0.832182	1	1	0	0.0	[null,null,11,151645]
V1	1	2	FORMAL_V1_G1_P2_M1_RULE_U01	M1_RULE_U01	15	1	A0_DENSE_VENDOR	147137	0.9684143323504634	0.00557	0.040322	0.00038	0.071832	0.798644	1	0	0	0.0	[null,null,5765,null]
V1	1	2	FORMAL_V1_G1_P2_M1_RULE_U01	M1_RULE_U01	16	1	A0_DENSE_VENDOR	147137	0.9684143323504634	0.005598	0.040247	0.000382	0.069793	0.81072	1	0	0	0.0	[null,null,27831,null]
V1	1	2	FORMAL_V1_G1_P2_M1_RULE_U01	M1_RULE_U01	17	1	A0_DENSE_VENDOR	147137	0.9684143323504634	0.00561	0.042265	0.000506	0.07395	0.818976	1	0	0	0.0	[null,null,11,null]
V1	1	2	FORMAL_V1_G1_P2_M1_RULE_U01	M1_RULE_U01	18	1	A0_DENSE_VENDOR	147137	0.9684143323504634	0.005479	0.040093	0.000377	0.069572	0.805983	1	0	0	0.0	[null,null,7279,null]
V1	1	2	FORMAL_V1_G1_P2_M1_RULE_U01	M1_RULE_U01	19	1	A0_DENSE_VENDOR	147137	0.9684143323504634	0.005664	0.040111	0.000373	0.071762	0.798615	1	0	0	0.0	[null,null,756,null]
V1	1	2	FORMAL_V1_G1_P2_M1_RULE_U01	M1_RULE_U01	20	1	A3_RAGGED_DIRECT	425	0.002797230412805392	0.005587	0.040138	0.000399	0.070949	0.343808	1	0	1	0.013476	[null,null,220,null]
V1	1	2	FORMAL_V1_G1_P2_M1_RULE_U01	M1_RULE_U01	21	1	A3_RAGGED_DIRECT	425	0.002797230412805392	0.005463	0.03908	0.000402	0.069931	0.342475	1	0	1	0.014036	[null,null,330,null]
V1	1	2	FORMAL_V1_G1_P2_M1_RULE_U01	M1_RULE_U01	22	1	A3_RAGGED_DIRECT	6	3.9490311710193765e-05	0.005392	0.043349	0.000429	0.072813	0.326859	1	0	1	0.013149	[null,null,11049,null]
V1	1	2	FORMAL_V1_G1_P2_M1_RULE_U01	M1_RULE_U01	23	1	A3_RAGGED_DIRECT	4	2.632687447346251e-05	0.005334	0.039427	0.000361	0.068288	0.316586	1	0	1	0.017955	[null,null,1269,null]
V1	1	2	FORMAL_V1_G1_P2_M1_RULE_U01	M1_RULE_U01	24	1	A3_RAGGED_DIRECT	19	0.0001250526537489469	0.005325	0.03914	0.000381	0.067263	0.32932	1	0	1	0.013226	[null,null,788,null]
V1	1	2	FORMAL_V1_G1_P2_M1_RULE_U01	M1_RULE_U01	25	1	A3_RAGGED_DIRECT	822	0.005410172704296546	0.005336	0.039059	0.000415	0.06873	0.329876	1	0	1	0.012965	[null,null,330,null]
V1	1	2	FORMAL_V1_G1_P2_M1_RULE_U01	M1_RULE_U01	26	1	A0_DENSE_VENDOR	147137	0.9684143323504634	0.005365	0.039337	0.000392	0.067587	0.822726	1	0	0	0.0	[null,null,13079,null]
V1	1	2	FORMAL_V1_G1_P2_M1_RULE_U01	M1_RULE_U01	27	1	A0_DENSE_VENDOR	147137	0.9684143323504634	0.005668	0.040768	0.000394	0.077399	0.812922	1	0	0	0.0	[null,null,49628,null]
V1	1	2	FORMAL_V1_G1_P2_M1_RULE_U01	M1_RULE_U01	28	1	A0_DENSE_VENDOR	147137	0.9684143323504634	0.005556	0.040404	0.000382	0.071072	0.813314	1	0	0	0.0	[null,null,756,null]
V1	1	2	FORMAL_V1_G1_P2_M1_RULE_U01	M1_RULE_U01	29	1	A3_RAGGED_DIRECT	424	0.002790648694187026	0.005611	0.040156	0.000388	0.07155	0.326512	1	0	1	0.013179	[null,null,220,null]
V1	1	2	FORMAL_V1_G1_P2_M1_RULE_U01	M1_RULE_U01	30	1	A3_RAGGED_DIRECT	424	0.002790648694187026	0.005331	0.039371	0.000375	0.069952	0.33063	1	0	1	0.013551	[null,null,330,null]
V1	1	2	FORMAL_V1_G1_P2_M1_RULE_U01	M1_RULE_U01	31	1	A3_RAGGED_DIRECT	5	3.2908593091828136e-05	0.00559	0.040043	0.000394	0.068817	0.319315	1	0	1	0.013901	[null,null,3615,null]
V1	1	2	FORMAL_V1_G1_P2_M1_RULE_U01	M1_RULE_U01	32	1	A3_RAGGED_DIRECT	15	9.872577927548442e-05	0.005547	0.039545	0.000392	0.069491	0.323618	1	0	1	0.013311	[null,null,788,null]
V1	1	2	FORMAL_V1_G1_P2_M1_RULE_U01	M1_RULE_U01	33	1	A3_RAGGED_DIRECT	442	0.0029091196293176075	0.005468	0.039471	0.000348	0.068919	0.31915	1	0	1	0.012921	[null,null,2278,null]
V1	1	2	FORMAL_V1_G1_P2_M1_RULE_U01	M1_RULE_U01	34	1	A3_RAGGED_DIRECT	452	0.002974936815501264	0.005326	0.039213	0.000364	0.067359	0.333927	1	0	1	0.014195	[null,null,262,null]
V1	1	2	FORMAL_V1_G1_P2_M1_RULE_U01	M1_RULE_U01	35	1	A3_RAGGED_DIRECT	452	0.002974936815501264	0.005567	0.039148	0.000403	0.069792	0.323994	1	0	1	0.013508	[null,null,341,null]
V1	1	2	FORMAL_V1_G1_P2_M1_RULE_U01	M1_RULE_U01	36	1	A3_RAGGED_DIRECT	424	0.002790648694187026	0.005422	0.039498	0.000401	0.06744	0.316219	1	0	1	0.011378	[null,null,414,null]
V1	1	2	FORMAL_V1_G1_P2_M1_RULE_U01	M1_RULE_U01	37	1	A3_RAGGED_DIRECT	424	0.002790648694187026	0.005428	0.039303	0.000392	0.067392	0.319903	1	0	1	0.011396	[null,null,330,null]
V1	1	2	FORMAL_V1_G1_P2_M1_RULE_U01	M1_RULE_U01	38	1	A3_RAGGED_DIRECT	4	2.632687447346251e-05	0.00543	0.039411	0.00039	0.069102	0.328067	1	0	1	0.013094	[null,null,6555,null]
V1	1	2	FORMAL_V1_G1_P2_M1_RULE_U01	M1_RULE_U01	39	1	A3_RAGGED_DIRECT	13	8.556234203875316e-05	0.00547	0.039199	0.000397	0.067471	0.313449	1	0	1	0.013148	[null,null,788,null]
V1	1	2	FORMAL_V1_G1_P2_M1_RULE_U01	M1_RULE_U01	40	1	A3_RAGGED_DIRECT	434	0.0028564658803706825	0.005429	0.039536	0.000401	0.06735	0.336343	1	0	1	0.013099	[null,null,220,null]
V1	1	2	FORMAL_V1_G1_P2_M1_RULE_U01	M1_RULE_U01	41	1	A3_RAGGED_DIRECT	434	0.0028564658803706825	0.005426	0.038964	0.000388	0.067081	0.323951	1	0	1	0.012976	[null,null,16,null]
V1	1	2	FORMAL_V1_G1_P2_M1_RULE_U01	M1_RULE_U01	42	1	A3_RAGGED_DIRECT	448	0.0029486099410278013	0.005437	0.039206	0.000411	0.069	0.342349	1	0	1	0.013571	[null,null,15,null]
V1	1	2	FORMAL_V1_G1_P2_M1_RULE_U01	M1_RULE_U01	43	1	A3_RAGGED_DIRECT	448	0.0029486099410278013	0.005302	0.038977	0.000388	0.068187	0.319502	1	0	1	0.013278	[null,null,345,null]
V1	1	2	FORMAL_V1_G1_P2_M1_RULE_U01	M1_RULE_U01	44	1	A3_RAGGED_DIRECT	424	0.002790648694187026	0.005359	0.039365	0.00041	0.068342	0.327471	1	0	1	0.013111	[null,null,414,null]
V1	1	2	FORMAL_V1_G1_P2_M1_RULE_U01	M1_RULE_U01	45	1	A3_RAGGED_DIRECT	424	0.002790648694187026	0.005392	0.039475	0.000418	0.069225	0.316086	1	0	1	0.01122	[null,null,330,null]
V1	1	2	FORMAL_V1_G1_P2_M1_RULE_U01	M1_RULE_U01	46	1	A3_RAGGED_DIRECT	6	3.9490311710193765e-05	0.005511	0.039667	0.000388	0.068643	0.319414	1	0	1	0.012859	[null,null,3031,null]
V1	1	2	FORMAL_V1_G1_P2_M1_RULE_U01	M1_RULE_U01	47	1	A3_RAGGED_DIRECT	4	2.632687447346251e-05	0.005335	0.039286	0.000387	0.067262	0.307921	1	0	1	0.013226	[null,null,1269,null]
V1	1	2	FORMAL_V1_G1_P2_M1_RULE_U01	M1_RULE_U01	48	1	A3_RAGGED_DIRECT	19	0.0001250526537489469	0.005311	0.039456	0.000403	0.06872	0.324272	1	0	1	0.013016	[null,null,788,null]
V1	1	2	FORMAL_V1_G1_P2_M1_RULE_U01	M1_RULE_U01	49	1	A3_RAGGED_DIRECT	822	0.005410172704296546	0.005354	0.039273	0.0004	0.069709	0.331366	1	0	1	0.013283	[null,null,330,null]
V1	1	2	FORMAL_V1_G1_P2_M1_RULE_U01	M1_RULE_U01	50	1	A0_DENSE_VENDOR	147137	0.9684143323504634	0.005424	0.039525	0.000412	0.069701	0.833637	1	0	0	0.0	[null,null,4816,null]
V1	1	2	FORMAL_V1_G1_P2_M1_RULE_U01	M1_RULE_U01	51	1	A0_DENSE_VENDOR	147137	0.9684143323504634	0.005576	0.040308	0.000392	0.070434	0.817093	1	0	0	0.0	[null,null,362,null]
V1	1	2	FORMAL_V1_G1_P2_M1_RULE_U01	M1_RULE_U01	52	1	A0_DENSE_VENDOR	147137	0.9684143323504634	0.005601	0.0446	0.000411	0.076024	0.809658	1	0	0	0.0	[null,null,756,null]
V1	1	2	FORMAL_V1_G1_P2_M1_RULE_U01	M1_RULE_U01	53	1	A3_RAGGED_DIRECT	424	0.002790648694187026	0.009219	0.044954	0.000615	0.090736	0.57349	1	0	1	0.023218	[null,null,414,null]
V1	1	2	FORMAL_V1_G1_P2_M1_RULE_U01	M1_RULE_U01	54	1	A3_RAGGED_DIRECT	424	0.002790648694187026	0.005525	0.043408	0.000398	0.073204	0.341789	1	0	1	0.013342	[null,null,330,null]
V1	1	2	FORMAL_V1_G1_P2_M1_RULE_U01	M1_RULE_U01	55	1	A3_RAGGED_DIRECT	6	3.9490311710193765e-05	0.005362	0.043367	0.00041	0.073055	0.314861	1	0	1	0.012833	[null,null,13523,null]
V1	1	2	FORMAL_V1_G1_P2_M1_RULE_U01	M1_RULE_U01	56	1	A3_RAGGED_DIRECT	13	8.556234203875316e-05	0.005407	0.043193	0.000399	0.071432	0.311473	1	0	1	0.018435	[null,null,788,null]
V1	1	2	FORMAL_V1_G1_P2_M1_RULE_U01	M1_RULE_U01	57	1	A3_RAGGED_DIRECT	434	0.0028564658803706825	0.005413	0.043433	0.000395	0.073385	0.343667	1	0	1	0.017347	[null,null,220,null]
V1	1	2	FORMAL_V1_G1_P2_M1_RULE_U01	M1_RULE_U01	58	1	A3_RAGGED_DIRECT	434	0.0028564658803706825	0.005532	0.043404	0.000399	0.073066	0.326716	1	0	1	0.013074	[null,null,17,null]
V1	1	2	FORMAL_V1_G1_P2_M1_RULE_U01	M1_RULE_U01	59	1	A3_RAGGED_DIRECT	476	0.003132898062342039	0.005594	0.043276	0.000448	0.071904	0.341626	1	0	1	0.013401	[null,null,198,null]
V1	1	2	FORMAL_V1_G1_P2_M1_RULE_U01	M1_RULE_U01	60	1	A3_RAGGED_DIRECT	466	0.0030670808761583826	0.005402	0.04326	0.000431	0.071363	0.338143	1	0	1	0.013182	[null,null,262,null]
V1	1	2	FORMAL_V1_G1_P2_M1_RULE_U01	M1_RULE_U01	61	1	A3_RAGGED_DIRECT	466	0.0030670808761583826	0.005534	0.050206	0.000483	0.08203	0.33252	1	0	1	0.011495	[null,null,1153,null]
V1	1	2	FORMAL_V1_G1_P2_M1_RULE_U01	M1_RULE_U01	62	1	A3_RAGGED_DIRECT	439	0.0028893744734625106	0.0054	0.048179	0.000458	0.078027	0.319997	1	0	1	0.011172	[null,null,262,null]
V1	1	2	FORMAL_V1_G1_P2_M1_RULE_U01	M1_RULE_U01	63	1	A3_RAGGED_DIRECT	439	0.0028893744734625106	0.005282	0.047962	0.000443	0.077514	0.322032	1	0	1	0.011251	[null,null,341,null]
V1	1	2	FORMAL_V1_G1_P2_M1_RULE_U01	M1_RULE_U01	64	1	A3_RAGGED_DIRECT	424	0.002790648694187026	0.005341	0.049183	0.000471	0.078624	0.323834	1	0	1	0.011326	[null,null,414,null]
V1	1	2	FORMAL_V1_G1_P2_M1_RULE_U01	M1_RULE_U01	65	1	A3_RAGGED_DIRECT	424	0.002790648694187026	0.005466	0.047867	0.000414	0.078423	0.323603	1	0	1	0.011129	[null,null,330,null]
V1	1	2	FORMAL_V1_G1_P2_M1_RULE_U01	M1_RULE_U01	66	1	A3_RAGGED_DIRECT	4	2.632687447346251e-05	0.005547	0.048427	0.000465	0.078592	0.319555	1	0	1	0.011235	[null,null,6555,null]
V1	1	2	FORMAL_V1_G1_P2_M1_RULE_U01	M1_RULE_U01	67	1	A3_RAGGED_DIRECT	13	8.556234203875316e-05	0.005399	0.044643	0.000489	0.074211	0.323257	1	0	1	0.013061	[null,null,788,null]
V1	1	2	FORMAL_V1_G1_P2_M1_RULE_U01	M1_RULE_U01	68	1	A3_RAGGED_DIRECT	434	0.0028564658803706825	0.005404	0.048625	0.000456	0.078527	0.325456	1	0	1	0.011144	[null,null,220,null]
V1	1	2	FORMAL_V1_G1_P2_M1_RULE_U01	M1_RULE_U01	69	1	A3_RAGGED_DIRECT	434	0.0028564658803706825	0.00547	0.048567	0.00046	0.080507	0.335708	1	0	1	0.011105	[null,null,17,null]
V1	1	2	FORMAL_V1_G1_P2_M1_RULE_U01	M1_RULE_U01	70	1	A3_RAGGED_DIRECT	448	0.0029486099410278013	0.005432	0.043808	0.000432	0.075222	0.324032	1	0	1	0.0159	[null,null,15,null]
V1	1	2	FORMAL_V1_G1_P2_M1_RULE_U01	M1_RULE_U01	71	1	A3_RAGGED_DIRECT	448	0.0029486099410278013	0.005378	0.048888	0.000519	0.079614	0.336962	1	0	1	0.015915	[null,null,345,null]
V1	1	2	FORMAL_V1_G1_P2_M1_RULE_U01	M1_RULE_U01	72	1	A3_RAGGED_DIRECT	424	0.002790648694187026	0.005441	0.047504	0.000456	0.077134	0.339811	1	0	1	0.017764	[null,null,414,null]
V1	1	2	FORMAL_V1_G1_P2_M1_RULE_U01	M1_RULE_U01	73	1	A3_RAGGED_DIRECT	424	0.002790648694187026	0.005303	0.048481	0.000483	0.078208	0.344556	1	0	1	0.013119	[null,null,330,null]
V1	1	2	FORMAL_V1_G1_P2_M1_RULE_U01	M1_RULE_U01	74	1	A3_RAGGED_DIRECT	6	3.9490311710193765e-05	0.005344	0.048364	0.000473	0.077807	0.327517	1	0	1	0.012913	[null,null,3031,null]
V1	1	2	FORMAL_V1_G1_P2_M1_RULE_U01	M1_RULE_U01	75	1	A3_RAGGED_DIRECT	4	2.632687447346251e-05	0.005356	0.048913	0.000468	0.08025	0.331277	1	0	1	0.017176	[null,null,1269,null]
V1	1	2	FORMAL_V1_G1_P2_M1_RULE_U01	M1_RULE_U01	76	1	A3_RAGGED_DIRECT	19	0.0001250526537489469	0.005345	0.048741	0.000432	0.079553	0.333445	1	0	1	0.012927	[null,null,788,null]
V1	1	2	FORMAL_V1_G1_P2_M1_RULE_U01	M1_RULE_U01	77	1	A3_RAGGED_DIRECT	822	0.005410172704296546	0.005378	0.049029	0.0005	0.080058	0.344221	1	0	1	0.011034	[null,null,330,null]
V1	1	2	FORMAL_V1_G1_P2_M1_RULE_U01	M1_RULE_U01	78	1	A0_DENSE_VENDOR	147137	0.9684143323504634	0.005431	0.043641	0.000361	0.072006	0.83947	1	0	0	0.0	[null,null,4816,null]
V1	1	2	FORMAL_V1_G1_P2_M1_RULE_U01	M1_RULE_U01	79	1	A0_DENSE_VENDOR	147137	0.9684143323504634	0.009346	0.046751	0.000605	0.092242	1.07803	1	0	0	0.0	[null,null,425,null]
V1	1	2	FORMAL_V1_G1_P2_M1_RULE_U01	M1_RULE_U01	80	1	A0_DENSE_VENDOR	147137	0.9684143323504634	0.009106	0.045298	0.000636	0.089713	1.055607	1	0	0	0.0	[null,null,756,null]
V1	1	2	FORMAL_V1_G1_P2_M1_RULE_U01	M1_RULE_U01	81	1	A3_RAGGED_DIRECT	424	0.002790648694187026	0.005446	0.043489	0.000414	0.072627	0.342323	1	0	1	0.013542	[null,null,414,null]
V1	1	2	FORMAL_V1_G1_P2_M1_RULE_U01	M1_RULE_U01	82	1	A3_RAGGED_DIRECT	424	0.002790648694187026	0.005503	0.043635	0.000385	0.07355	0.34718	1	0	1	0.013261	[null,null,330,null]
V1	1	2	FORMAL_V1_G1_P2_M1_RULE_U01	M1_RULE_U01	83	1	A3_RAGGED_DIRECT	6	3.9490311710193765e-05	0.005394	0.043689	0.000378	0.071528	0.329164	1	0	1	0.012964	[null,null,13523,null]
V1	1	2	FORMAL_V1_G1_P2_M1_RULE_U01	M1_RULE_U01	84	1	A3_RAGGED_DIRECT	13	8.556234203875316e-05	0.0054	0.043592	0.00037	0.073217	0.326689	1	0	1	0.01326	[null,null,788,null]
V1	1	2	FORMAL_V1_G1_P2_M1_RULE_U01	M1_RULE_U01	85	1	A3_RAGGED_DIRECT	434	0.0028564658803706825	0.00549	0.052542	0.000503	0.082395	0.339303	1	0	1	0.011162	[null,null,220,null]
V1	1	2	FORMAL_V1_G1_P2_M1_RULE_U01	M1_RULE_U01	86	1	A3_RAGGED_DIRECT	434	0.0028564658803706825	0.005486	0.047993	0.000417	0.077805	0.325532	1	0	1	0.01126	[null,null,18,null]
V1	1	2	FORMAL_V1_G1_P2_M1_RULE_U01	M1_RULE_U01	87	1	A3_RAGGED_DIRECT	476	0.003132898062342039	0.005356	0.048204	0.000459	0.07783	0.336571	1	0	1	0.011174	[null,null,198,null]
V1	1	2	FORMAL_V1_G1_P2_M1_RULE_U01	M1_RULE_U01	88	1	A3_RAGGED_DIRECT	466	0.0030670808761583826	0.005467	0.047615	0.000478	0.077635	0.337036	1	0	1	0.011276	[null,null,262,null]
V1	1	2	FORMAL_V1_G1_P2_M1_RULE_U01	M1_RULE_U01	89	1	A3_RAGGED_DIRECT	466	0.0030670808761583826	0.005378	0.049093	0.000431	0.079348	0.329443	1	0	1	0.011653	[null,null,456,null]
V1	1	2	FORMAL_V1_G1_P2_M1_RULE_U01	M1_RULE_U01	90	1	A3_RAGGED_DIRECT	449	0.002955191659646167	0.005444	0.048166	0.000477	0.079467	0.353595	1	0	1	0.013434	[null,null,220,null]
V1	1	2	FORMAL_V1_G1_P2_M1_RULE_U01	M1_RULE_U01	91	1	A3_RAGGED_DIRECT	449	0.002955191659646167	0.005469	0.04907	0.000453	0.078897	0.348622	1	0	1	0.013468	[null,null,5133,null]
V1	1	2	FORMAL_V1_G1_P2_M1_RULE_U01	M1_RULE_U01	92	1	A3_RAGGED_DIRECT	424	0.002790648694187026	0.005445	0.049119	0.000489	0.079452	0.337036	1	0	1	0.013137	[null,null,92,null]
V1	1	2	FORMAL_V1_G1_P2_M1_RULE_U01	M1_RULE_U01	93	1	A3_RAGGED_DIRECT	1	6.581718618365627e-06	0.009667	0.045798	0.000453	0.080094	0.197437	0	1	0	0.0	[null,null,151645,null]
V1	1	2	FORMAL_V1_G1_P2_B0_STRONG	B0_STRONG	0	4	A0_DENSE_VENDOR			0.0	0.0	0.0	0.0	1.701888	4	0	0	0.0	[515,515,515,515]
V1	1	2	FORMAL_V1_G1_P2_B0_STRONG	B0_STRONG	1	4	A0_DENSE_VENDOR			0.0	0.0	0.0	0.0	0.964717	4	0	0	0.0	[220,220,220,220]
V1	1	2	FORMAL_V1_G1_P2_B0_STRONG	B0_STRONG	2	4	A0_DENSE_VENDOR			0.0	0.0	0.0	0.0	0.747236	4	0	0	0.0	[330,330,330,330]
V1	1	2	FORMAL_V1_G1_P2_B0_STRONG	B0_STRONG	3	4	A0_DENSE_VENDOR			0.0	0.0	0.0	0.0	0.701352	4	0	0	0.0	[4129,4129,29642,5113]
V1	1	2	FORMAL_V1_G1_P2_B0_STRONG	B0_STRONG	4	4	A0_DENSE_VENDOR			0.0	0.0	0.0	0.0	0.916636	4	0	0	0.0	[788,788,258,788]
V1	1	2	FORMAL_V1_G1_P2_B0_STRONG	B0_STRONG	5	4	A0_DENSE_VENDOR			0.0	0.0	0.0	0.0	0.9401	3	1	0	0.0	[220,220,70,330]
V1	1	2	FORMAL_V1_G1_P2_B0_STRONG	B0_STRONG	6	4	A0_DENSE_VENDOR			0.0	0.0	0.0	0.0	0.854943	4	0	0	0.0	[16,16,6744,13079]
V1	1	2	FORMAL_V1_G1_P2_B0_STRONG	B0_STRONG	7	4	A0_DENSE_VENDOR			0.0	0.0	0.0	0.0	0.845562	4	0	0	0.0	[17,17,788,35]
V1	1	2	FORMAL_V1_G1_P2_B0_STRONG	B0_STRONG	8	4	A0_DENSE_VENDOR			0.0	0.0	0.0	0.0	0.855305	4	0	0	0.0	[198,198,330,4644]
V1	1	2	FORMAL_V1_G1_P2_B0_STRONG	B0_STRONG	9	4	A0_DENSE_VENDOR			0.0	0.0	0.0	0.0	0.932004	4	0	0	0.0	[92,92,16,16]
V1	1	2	FORMAL_V1_G1_P2_B0_STRONG	B0_STRONG	10	4	A0_DENSE_VENDOR			0.0	0.0	0.0	0.0	0.903208	2	2	0	0.0	[151645,151645,17,17]
V1	1	2	FORMAL_V1_G1_P2_B0_STRONG	B0_STRONG	11	2	A0_DENSE_VENDOR			0.0	0.0	0.0	0.0	0.904893	2	0	0	0.0	[null,null,18,18]
V1	1	2	FORMAL_V1_G1_P2_B0_STRONG	B0_STRONG	12	2	A0_DENSE_VENDOR			0.0	0.0	0.0	0.0	0.902201	2	0	0	0.0	[null,null,4697,698]
V1	1	2	FORMAL_V1_G1_P2_B0_STRONG	B0_STRONG	13	2	A0_DENSE_VENDOR			0.0	0.0	0.0	0.0	1.034206	2	0	0	0.0	[null,null,794,92]
V1	1	2	FORMAL_V1_G1_P2_B0_STRONG	B0_STRONG	14	2	A0_DENSE_VENDOR			0.0	0.0	0.0	0.0	0.796527	1	1	0	0.0	[null,null,11,151645]
V1	1	2	FORMAL_V1_G1_P2_B0_STRONG	B0_STRONG	15	1	A0_DENSE_VENDOR			0.0	0.0	0.0	0.0	0.783052	1	0	0	0.0	[null,null,5765,null]
V1	1	2	FORMAL_V1_G1_P2_B0_STRONG	B0_STRONG	16	1	A0_DENSE_VENDOR			0.0	0.0	0.0	0.0	1.011324	1	0	0	0.0	[null,null,27831,null]
V1	1	2	FORMAL_V1_G1_P2_B0_STRONG	B0_STRONG	17	1	A0_DENSE_VENDOR			0.0	0.0	0.0	0.0	0.99285	1	0	0	0.0	[null,null,11,null]
V1	1	2	FORMAL_V1_G1_P2_B0_STRONG	B0_STRONG	18	1	A0_DENSE_VENDOR			0.0	0.0	0.0	0.0	0.983087	1	0	0	0.0	[null,null,7279,null]
V1	1	2	FORMAL_V1_G1_P2_B0_STRONG	B0_STRONG	19	1	A0_DENSE_VENDOR			0.0	0.0	0.0	0.0	0.792626	1	0	0	0.0	[null,null,756,null]
V1	1	2	FORMAL_V1_G1_P2_B0_STRONG	B0_STRONG	20	1	A0_DENSE_VENDOR			0.0	0.0	0.0	0.0	0.697	1	0	0	0.0	[null,null,220,null]
V1	1	2	FORMAL_V1_G1_P2_B0_STRONG	B0_STRONG	21	1	A0_DENSE_VENDOR			0.0	0.0	0.0	0.0	0.694306	1	0	0	0.0	[null,null,330,null]
V1	1	2	FORMAL_V1_G1_P2_B0_STRONG	B0_STRONG	22	1	A0_DENSE_VENDOR			0.0	0.0	0.0	0.0	0.685273	1	0	0	0.0	[null,null,11049,null]
V1	1	2	FORMAL_V1_G1_P2_B0_STRONG	B0_STRONG	23	1	A0_DENSE_VENDOR			0.0	0.0	0.0	0.0	0.843696	1	0	0	0.0	[null,null,1269,null]
V1	1	2	FORMAL_V1_G1_P2_B0_STRONG	B0_STRONG	24	1	A0_DENSE_VENDOR			0.0	0.0	0.0	0.0	0.680754	1	0	0	0.0	[null,null,788,null]
V1	1	2	FORMAL_V1_G1_P2_B0_STRONG	B0_STRONG	25	1	A0_DENSE_VENDOR			0.0	0.0	0.0	0.0	0.703812	1	0	0	0.0	[null,null,330,null]
V1	1	2	FORMAL_V1_G1_P2_B0_STRONG	B0_STRONG	26	1	A0_DENSE_VENDOR			0.0	0.0	0.0	0.0	1.010211	1	0	0	0.0	[null,null,13079,null]
V1	1	2	FORMAL_V1_G1_P2_B0_STRONG	B0_STRONG	27	1	A0_DENSE_VENDOR			0.0	0.0	0.0	0.0	0.992837	1	0	0	0.0	[null,null,49628,null]
V1	1	2	FORMAL_V1_G1_P2_B0_STRONG	B0_STRONG	28	1	A0_DENSE_VENDOR			0.0	0.0	0.0	0.0	0.788022	1	0	0	0.0	[null,null,756,null]
V1	1	2	FORMAL_V1_G1_P2_B0_STRONG	B0_STRONG	29	1	A0_DENSE_VENDOR			0.0	0.0	0.0	0.0	0.683234	1	0	0	0.0	[null,null,220,null]
V1	1	2	FORMAL_V1_G1_P2_B0_STRONG	B0_STRONG	30	1	A0_DENSE_VENDOR			0.0	0.0	0.0	0.0	0.693536	1	0	0	0.0	[null,null,330,null]
V1	1	2	FORMAL_V1_G1_P2_B0_STRONG	B0_STRONG	31	1	A0_DENSE_VENDOR			0.0	0.0	0.0	0.0	0.659252	1	0	0	0.0	[null,null,3615,null]
V1	1	2	FORMAL_V1_G1_P2_B0_STRONG	B0_STRONG	32	1	A0_DENSE_VENDOR			0.0	0.0	0.0	0.0	0.852273	1	0	0	0.0	[null,null,788,null]
V1	1	2	FORMAL_V1_G1_P2_B0_STRONG	B0_STRONG	33	1	A0_DENSE_VENDOR			0.0	0.0	0.0	0.0	0.686418	1	0	0	0.0	[null,null,2278,null]
V1	1	2	FORMAL_V1_G1_P2_B0_STRONG	B0_STRONG	34	1	A0_DENSE_VENDOR			0.0	0.0	0.0	0.0	0.694014	1	0	0	0.0	[null,null,262,null]
V1	1	2	FORMAL_V1_G1_P2_B0_STRONG	B0_STRONG	35	1	A0_DENSE_VENDOR			0.0	0.0	0.0	0.0	0.833709	1	0	0	0.0	[null,null,341,null]
V1	1	2	FORMAL_V1_G1_P2_B0_STRONG	B0_STRONG	36	1	A0_DENSE_VENDOR			0.0	0.0	0.0	0.0	0.859484	1	0	0	0.0	[null,null,414,null]
V1	1	2	FORMAL_V1_G1_P2_B0_STRONG	B0_STRONG	37	1	A0_DENSE_VENDOR			0.0	0.0	0.0	0.0	0.690255	1	0	0	0.0	[null,null,330,null]
V1	1	2	FORMAL_V1_G1_P2_B0_STRONG	B0_STRONG	38	1	A0_DENSE_VENDOR			0.0	0.0	0.0	0.0	0.683371	1	0	0	0.0	[null,null,6555,null]
V1	1	2	FORMAL_V1_G1_P2_B0_STRONG	B0_STRONG	39	1	A0_DENSE_VENDOR			0.0	0.0	0.0	0.0	0.678845	1	0	0	0.0	[null,null,788,null]
V1	1	2	FORMAL_V1_G1_P2_B0_STRONG	B0_STRONG	40	1	A0_DENSE_VENDOR			0.0	0.0	0.0	0.0	0.689154	1	0	0	0.0	[null,null,220,null]
V1	1	2	FORMAL_V1_G1_P2_B0_STRONG	B0_STRONG	41	1	A0_DENSE_VENDOR			0.0	0.0	0.0	0.0	0.68879	1	0	0	0.0	[null,null,16,null]
V1	1	2	FORMAL_V1_G1_P2_B0_STRONG	B0_STRONG	42	1	A0_DENSE_VENDOR			0.0	0.0	0.0	0.0	0.859705	1	0	0	0.0	[null,null,15,null]
V1	1	2	FORMAL_V1_G1_P2_B0_STRONG	B0_STRONG	43	1	A0_DENSE_VENDOR			0.0	0.0	0.0	0.0	0.686444	1	0	0	0.0	[null,null,345,null]
V1	1	2	FORMAL_V1_G1_P2_B0_STRONG	B0_STRONG	44	1	A0_DENSE_VENDOR			0.0	0.0	0.0	0.0	0.687787	1	0	0	0.0	[null,null,414,null]
V1	1	2	FORMAL_V1_G1_P2_B0_STRONG	B0_STRONG	45	1	A0_DENSE_VENDOR			0.0	0.0	0.0	0.0	0.870184	1	0	0	0.0	[null,null,330,null]
V1	1	2	FORMAL_V1_G1_P2_B0_STRONG	B0_STRONG	46	1	A0_DENSE_VENDOR			0.0	0.0	0.0	0.0	0.676295	1	0	0	0.0	[null,null,3031,null]
V1	1	2	FORMAL_V1_G1_P2_B0_STRONG	B0_STRONG	47	1	A0_DENSE_VENDOR			0.0	0.0	0.0	0.0	0.682208	1	0	0	0.0	[null,null,1269,null]
V1	1	2	FORMAL_V1_G1_P2_B0_STRONG	B0_STRONG	48	1	A0_DENSE_VENDOR			0.0	0.0	0.0	0.0	0.859688	1	0	0	0.0	[null,null,788,null]
V1	1	2	FORMAL_V1_G1_P2_B0_STRONG	B0_STRONG	49	1	A0_DENSE_VENDOR			0.0	0.0	0.0	0.0	0.692936	1	0	0	0.0	[null,null,330,null]
V1	1	2	FORMAL_V1_G1_P2_B0_STRONG	B0_STRONG	50	1	A0_DENSE_VENDOR			0.0	0.0	0.0	0.0	1.01142	1	0	0	0.0	[null,null,4816,null]
V1	1	2	FORMAL_V1_G1_P2_B0_STRONG	B0_STRONG	51	1	A0_DENSE_VENDOR			0.0	0.0	0.0	0.0	0.773946	1	0	0	0.0	[null,null,362,null]
V1	1	2	FORMAL_V1_G1_P2_B0_STRONG	B0_STRONG	52	1	A0_DENSE_VENDOR			0.0	0.0	0.0	0.0	0.791085	1	0	0	0.0	[null,null,756,null]
V1	1	2	FORMAL_V1_G1_P2_B0_STRONG	B0_STRONG	53	1	A0_DENSE_VENDOR			0.0	0.0	0.0	0.0	0.700138	1	0	0	0.0	[null,null,414,null]
V1	1	2	FORMAL_V1_G1_P2_B0_STRONG	B0_STRONG	54	1	A0_DENSE_VENDOR			0.0	0.0	0.0	0.0	0.861197	1	0	0	0.0	[null,null,330,null]
V1	1	2	FORMAL_V1_G1_P2_B0_STRONG	B0_STRONG	55	1	A0_DENSE_VENDOR			0.0	0.0	0.0	0.0	0.85274	1	0	0	0.0	[null,null,13523,null]
V1	1	2	FORMAL_V1_G1_P2_B0_STRONG	B0_STRONG	56	1	A0_DENSE_VENDOR			0.0	0.0	0.0	0.0	0.68481	1	0	0	0.0	[null,null,788,null]
V1	1	2	FORMAL_V1_G1_P2_B0_STRONG	B0_STRONG	57	1	A0_DENSE_VENDOR			0.0	0.0	0.0	0.0	0.879974	1	0	0	0.0	[null,null,220,null]
V1	1	2	FORMAL_V1_G1_P2_B0_STRONG	B0_STRONG	58	1	A0_DENSE_VENDOR			0.0	0.0	0.0	0.0	0.709053	1	0	0	0.0	[null,null,17,null]
V1	1	2	FORMAL_V1_G1_P2_B0_STRONG	B0_STRONG	59	1	A0_DENSE_VENDOR			0.0	0.0	0.0	0.0	0.697955	1	0	0	0.0	[null,null,198,null]
V1	1	2	FORMAL_V1_G1_P2_B0_STRONG	B0_STRONG	60	1	A0_DENSE_VENDOR			0.0	0.0	0.0	0.0	0.700534	1	0	0	0.0	[null,null,262,null]
V1	1	2	FORMAL_V1_G1_P2_B0_STRONG	B0_STRONG	61	1	A0_DENSE_VENDOR			0.0	0.0	0.0	0.0	0.694272	1	0	0	0.0	[null,null,1153,null]
V1	1	2	FORMAL_V1_G1_P2_B0_STRONG	B0_STRONG	62	1	A0_DENSE_VENDOR			0.0	0.0	0.0	0.0	0.85693	1	0	0	0.0	[null,null,262,null]
V1	1	2	FORMAL_V1_G1_P2_B0_STRONG	B0_STRONG	63	1	A0_DENSE_VENDOR			0.0	0.0	0.0	0.0	0.857352	1	0	0	0.0	[null,null,341,null]
V1	1	2	FORMAL_V1_G1_P2_B0_STRONG	B0_STRONG	64	1	A0_DENSE_VENDOR			0.0	0.0	0.0	0.0	0.687166	1	0	0	0.0	[null,null,414,null]
V1	1	2	FORMAL_V1_G1_P2_B0_STRONG	B0_STRONG	65	1	A0_DENSE_VENDOR			0.0	0.0	0.0	0.0	0.699954	1	0	0	0.0	[null,null,330,null]
V1	1	2	FORMAL_V1_G1_P2_B0_STRONG	B0_STRONG	66	1	A0_DENSE_VENDOR			0.0	0.0	0.0	0.0	0.685422	1	0	0	0.0	[null,null,6555,null]
V1	1	2	FORMAL_V1_G1_P2_B0_STRONG	B0_STRONG	67	1	A0_DENSE_VENDOR			0.0	0.0	0.0	0.0	0.670244	1	0	0	0.0	[null,null,788,null]
V1	1	2	FORMAL_V1_G1_P2_B0_STRONG	B0_STRONG	68	1	A0_DENSE_VENDOR			0.0	0.0	0.0	0.0	0.809718	1	0	0	0.0	[null,null,220,null]
V1	1	2	FORMAL_V1_G1_P2_B0_STRONG	B0_STRONG	69	1	A0_DENSE_VENDOR			0.0	0.0	0.0	0.0	0.685983	1	0	0	0.0	[null,null,17,null]
V1	1	2	FORMAL_V1_G1_P2_B0_STRONG	B0_STRONG	70	1	A0_DENSE_VENDOR			0.0	0.0	0.0	0.0	0.879511	1	0	0	0.0	[null,null,15,null]
V1	1	2	FORMAL_V1_G1_P2_B0_STRONG	B0_STRONG	71	1	A0_DENSE_VENDOR			0.0	0.0	0.0	0.0	0.859666	1	0	0	0.0	[null,null,345,null]
V1	1	2	FORMAL_V1_G1_P2_B0_STRONG	B0_STRONG	72	1	A0_DENSE_VENDOR			0.0	0.0	0.0	0.0	0.683656	1	0	0	0.0	[null,null,414,null]
V1	1	2	FORMAL_V1_G1_P2_B0_STRONG	B0_STRONG	73	1	A0_DENSE_VENDOR			0.0	0.0	0.0	0.0	0.690478	1	0	0	0.0	[null,null,330,null]
V1	1	2	FORMAL_V1_G1_P2_B0_STRONG	B0_STRONG	74	1	A0_DENSE_VENDOR			0.0	0.0	0.0	0.0	0.848266	1	0	0	0.0	[null,null,3031,null]
V1	1	2	FORMAL_V1_G1_P2_B0_STRONG	B0_STRONG	75	1	A0_DENSE_VENDOR			0.0	0.0	0.0	0.0	0.676027	1	0	0	0.0	[null,null,1269,null]
V1	1	2	FORMAL_V1_G1_P2_B0_STRONG	B0_STRONG	76	1	A0_DENSE_VENDOR			0.0	0.0	0.0	0.0	0.684723	1	0	0	0.0	[null,null,788,null]
V1	1	2	FORMAL_V1_G1_P2_B0_STRONG	B0_STRONG	77	1	A0_DENSE_VENDOR			0.0	0.0	0.0	0.0	0.699683	1	0	0	0.0	[null,null,330,null]
V1	1	2	FORMAL_V1_G1_P2_B0_STRONG	B0_STRONG	78	1	A0_DENSE_VENDOR			0.0	0.0	0.0	0.0	0.794713	1	0	0	0.0	[null,null,4816,null]
V1	1	2	FORMAL_V1_G1_P2_B0_STRONG	B0_STRONG	79	1	A0_DENSE_VENDOR			0.0	0.0	0.0	0.0	0.783819	1	0	0	0.0	[null,null,425,null]
V1	1	2	FORMAL_V1_G1_P2_B0_STRONG	B0_STRONG	80	1	A0_DENSE_VENDOR			0.0	0.0	0.0	0.0	0.988888	1	0	0	0.0	[null,null,756,null]
V1	1	2	FORMAL_V1_G1_P2_B0_STRONG	B0_STRONG	81	1	A0_DENSE_VENDOR			0.0	0.0	0.0	0.0	0.686636	1	0	0	0.0	[null,null,414,null]
V1	1	2	FORMAL_V1_G1_P2_B0_STRONG	B0_STRONG	82	1	A0_DENSE_VENDOR			0.0	0.0	0.0	0.0	0.694297	1	0	0	0.0	[null,null,330,null]
V1	1	2	FORMAL_V1_G1_P2_B0_STRONG	B0_STRONG	83	1	A0_DENSE_VENDOR			0.0	0.0	0.0	0.0	0.858155	1	0	0	0.0	[null,null,13523,null]
V1	1	2	FORMAL_V1_G1_P2_B0_STRONG	B0_STRONG	84	1	A0_DENSE_VENDOR			0.0	0.0	0.0	0.0	0.68814	1	0	0	0.0	[null,null,788,null]
V1	1	2	FORMAL_V1_G1_P2_B0_STRONG	B0_STRONG	85	1	A0_DENSE_VENDOR			0.0	0.0	0.0	0.0	0.869955	1	0	0	0.0	[null,null,220,null]
V1	1	2	FORMAL_V1_G1_P2_B0_STRONG	B0_STRONG	86	1	A0_DENSE_VENDOR			0.0	0.0	0.0	0.0	0.85529	1	0	0	0.0	[null,null,18,null]
V1	1	2	FORMAL_V1_G1_P2_B0_STRONG	B0_STRONG	87	1	A0_DENSE_VENDOR			0.0	0.0	0.0	0.0	0.850463	1	0	0	0.0	[null,null,198,null]
V1	1	2	FORMAL_V1_G1_P2_B0_STRONG	B0_STRONG	88	1	A0_DENSE_VENDOR			0.0	0.0	0.0	0.0	0.696957	1	0	0	0.0	[null,null,262,null]
V1	1	2	FORMAL_V1_G1_P2_B0_STRONG	B0_STRONG	89	1	A0_DENSE_VENDOR			0.0	0.0	0.0	0.0	0.696307	1	0	0	0.0	[null,null,456,null]
V1	1	2	FORMAL_V1_G1_P2_B0_STRONG	B0_STRONG	90	1	A0_DENSE_VENDOR			0.0	0.0	0.0	0.0	0.696687	1	0	0	0.0	[null,null,220,null]
V1	1	2	FORMAL_V1_G1_P2_B0_STRONG	B0_STRONG	91	1	A0_DENSE_VENDOR			0.0	0.0	0.0	0.0	0.864402	1	0	0	0.0	[null,null,5133,null]
V1	1	2	FORMAL_V1_G1_P2_B0_STRONG	B0_STRONG	92	1	A0_DENSE_VENDOR			0.0	0.0	0.0	0.0	0.687293	1	0	0	0.0	[null,null,92,null]
V1	1	2	FORMAL_V1_G1_P2_B0_STRONG	B0_STRONG	93	1	A0_DENSE_VENDOR			0.0	0.0	0.0	0.0	0.135139	0	1	0	0.0	[null,null,151645,null]
V1	1	3	FORMAL_V1_G1_P3_M1_RULE_U01	M1_RULE_U01	0	4	A3_RAGGED_DIRECT	7	4.6072030328559395e-05	0.009454	0.053808	0.000659	0.087986	1.256063	4	0	1	0.039522	[515,515,515,515]
V1	1	3	FORMAL_V1_G1_P3_M1_RULE_U01	M1_RULE_U01	1	4	A3_RAGGED_DIRECT	426	0.0028038121314237574	0.007222	0.046668	0.000446	0.078301	0.544104	4	0	2	0.038704	[220,220,220,220]
V1	1	3	FORMAL_V1_G1_P3_M1_RULE_U01	M1_RULE_U01	2	4	A3_RAGGED_DIRECT	426	0.0028038121314237574	0.007365	0.047588	0.000515	0.078813	0.524052	4	0	2	0.032676	[330,330,330,330]
V1	1	3	FORMAL_V1_G1_P3_M1_RULE_U01	M1_RULE_U01	3	4	A3_RAGGED_DIRECT	14	9.214406065711879e-05	0.007077	0.04784	0.000515	0.078978	0.506702	4	0	3	0.033308	[4129,4129,29642,5113]
V1	1	3	FORMAL_V1_G1_P3_M1_RULE_U01	M1_RULE_U01	4	4	A3_RAGGED_DIRECT	21	0.00013821609098567817	0.00739	0.049549	0.000503	0.081173	0.541721	4	0	3	0.038551	[788,788,258,788]
V1	1	3	FORMAL_V1_G1_P3_M1_RULE_U01	M1_RULE_U01	5	4	A3_RAGGED_DIRECT	823	0.005416754422914912	0.007208	0.047385	0.000473	0.079711	0.475683	3	1	2	0.026162	[220,220,70,330]
V1	1	3	FORMAL_V1_G1_P3_M1_RULE_U01	M1_RULE_U01	6	4	A0_DENSE_VENDOR	147404	0.970171651221567	0.00731	0.049177	0.000479	0.082304	0.926803	4	0	0	0.0	[16,16,6744,13079]
V1	1	3	FORMAL_V1_G1_P3_M1_RULE_U01	M1_RULE_U01	7	4	A0_DENSE_VENDOR	147415	0.970244050126369	0.008062	0.043368	0.00051	0.080269	0.908622	4	0	0	0.0	[17,17,788,35]
V1	1	3	FORMAL_V1_G1_P3_M1_RULE_U01	M1_RULE_U01	8	4	A0_DENSE_VENDOR	147800	0.9727780117944398	0.008177	0.048163	0.000555	0.085961	0.937953	4	0	0	0.0	[198,198,330,4644]
V1	1	3	FORMAL_V1_G1_P3_M1_RULE_U01	M1_RULE_U01	9	4	A0_DENSE_VENDOR	147475	0.9706389532434709	0.007978	0.04302	0.000394	0.079694	1.004568	4	0	0	0.0	[92,92,16,16]
V1	1	3	FORMAL_V1_G1_P3_M1_RULE_U01	M1_RULE_U01	10	4	A0_DENSE_VENDOR	147140	0.9684340775063185	0.012228	0.045832	0.000627	0.098859	1.259585	2	2	0	0.0	[151645,151645,17,17]
V1	1	3	FORMAL_V1_G1_P3_M1_RULE_U01	M1_RULE_U01	11	2	A0_DENSE_VENDOR	147139	0.9684274957877	0.006905	0.043647	0.000476	0.075827	0.963744	2	0	0	0.0	[null,null,18,18]
V1	1	3	FORMAL_V1_G1_P3_M1_RULE_U01	M1_RULE_U01	12	2	A0_DENSE_VENDOR	147139	0.9684274957877	0.00734	0.047004	0.000546	0.083495	0.984714	2	0	0	0.0	[null,null,4697,698]
V1	1	3	FORMAL_V1_G1_P3_M1_RULE_U01	M1_RULE_U01	13	2	A0_DENSE_VENDOR	147473	0.9706257898062342	0.006579	0.043562	0.000401	0.075405	0.88412	2	0	0	0.0	[null,null,794,92]
V1	1	3	FORMAL_V1_G1_P3_M1_RULE_U01	M1_RULE_U01	14	2	A0_DENSE_VENDOR	147138	0.9684209140690817	0.007164	0.049334	0.00048	0.085222	0.891154	1	1	0	0.0	[null,null,11,151645]
V1	1	3	FORMAL_V1_G1_P3_M1_RULE_U01	M1_RULE_U01	15	1	A0_DENSE_VENDOR	147137	0.9684143323504634	0.005738	0.044438	0.000382	0.076422	0.851227	1	0	0	0.0	[null,null,5765,null]
V1	1	3	FORMAL_V1_G1_P3_M1_RULE_U01	M1_RULE_U01	16	1	A0_DENSE_VENDOR	147137	0.9684143323504634	0.006305	0.043221	0.000496	0.076492	0.850964	1	0	0	0.0	[null,null,27831,null]
V1	1	3	FORMAL_V1_G1_P3_M1_RULE_U01	M1_RULE_U01	17	1	A0_DENSE_VENDOR	147137	0.9684143323504634	0.005727	0.044324	0.000404	0.077673	0.83653	1	0	0	0.0	[null,null,11,null]
V1	1	3	FORMAL_V1_G1_P3_M1_RULE_U01	M1_RULE_U01	18	1	A0_DENSE_VENDOR	147137	0.9684143323504634	0.00632	0.043367	0.000535	0.076325	0.846223	1	0	0	0.0	[null,null,7279,null]
V1	1	3	FORMAL_V1_G1_P3_M1_RULE_U01	M1_RULE_U01	19	1	A0_DENSE_VENDOR	147137	0.9684143323504634	0.00569	0.044303	0.000366	0.081081	0.849807	1	0	0	0.0	[null,null,756,null]
V1	1	3	FORMAL_V1_G1_P3_M1_RULE_U01	M1_RULE_U01	20	1	A3_RAGGED_DIRECT	425	0.002797230412805392	0.00629	0.043116	0.000411	0.077776	0.492739	1	0	1	0.013848	[null,null,220,null]
V1	1	3	FORMAL_V1_G1_P3_M1_RULE_U01	M1_RULE_U01	21	1	A3_RAGGED_DIRECT	425	0.002797230412805392	0.005912	0.044015	0.000391	0.075227	0.349713	1	0	1	0.013309	[null,null,330,null]
V1	1	3	FORMAL_V1_G1_P3_M1_RULE_U01	M1_RULE_U01	22	1	A3_RAGGED_DIRECT	6	3.9490311710193765e-05	0.005632	0.044224	0.000434	0.075037	0.328311	1	0	1	0.013506	[null,null,11049,null]
V1	1	3	FORMAL_V1_G1_P3_M1_RULE_U01	M1_RULE_U01	23	1	A3_RAGGED_DIRECT	4	2.632687447346251e-05	0.005637	0.04428	0.000389	0.074814	0.32298	1	0	1	0.013132	[null,null,1269,null]
V1	1	3	FORMAL_V1_G1_P3_M1_RULE_U01	M1_RULE_U01	24	1	A3_RAGGED_DIRECT	19	0.0001250526537489469	0.0056	0.044441	0.000411	0.073533	0.325021	1	0	1	0.013242	[null,null,788,null]
V1	1	3	FORMAL_V1_G1_P3_M1_RULE_U01	M1_RULE_U01	25	1	A3_RAGGED_DIRECT	822	0.005410172704296546	0.005482	0.048561	0.000443	0.079544	0.341045	1	0	1	0.011423	[null,null,330,null]
V1	1	3	FORMAL_V1_G1_P3_M1_RULE_U01	M1_RULE_U01	26	1	A0_DENSE_VENDOR	147137	0.9684143323504634	0.005863	0.046555	0.000457	0.079351	0.867098	1	0	0	0.0	[null,null,13079,null]
V1	1	3	FORMAL_V1_G1_P3_M1_RULE_U01	M1_RULE_U01	27	1	A0_DENSE_VENDOR	147137	0.9684143323504634	0.006359	0.042912	0.000414	0.077521	0.847088	1	0	0	0.0	[null,null,49628,null]
V1	1	3	FORMAL_V1_G1_P3_M1_RULE_U01	M1_RULE_U01	28	1	A0_DENSE_VENDOR	147137	0.9684143323504634	0.005588	0.048283	0.000413	0.081902	0.831304	1	0	0	0.0	[null,null,756,null]
V1	1	3	FORMAL_V1_G1_P3_M1_RULE_U01	M1_RULE_U01	29	1	A3_RAGGED_DIRECT	424	0.002790648694187026	0.005721	0.044488	0.000434	0.076558	0.344767	1	0	1	0.013505	[null,null,220,null]
V1	1	3	FORMAL_V1_G1_P3_M1_RULE_U01	M1_RULE_U01	30	1	A3_RAGGED_DIRECT	424	0.002790648694187026	0.005732	0.043965	0.000435	0.075687	0.347867	1	0	1	0.01347	[null,null,330,null]
V1	1	3	FORMAL_V1_G1_P3_M1_RULE_U01	M1_RULE_U01	31	1	A3_RAGGED_DIRECT	5	3.2908593091828136e-05	0.005561	0.048841	0.000449	0.07829	0.32249	1	0	1	0.013387	[null,null,3615,null]
V1	1	3	FORMAL_V1_G1_P3_M1_RULE_U01	M1_RULE_U01	32	1	A3_RAGGED_DIRECT	15	9.872577927548442e-05	0.005551	0.0441	0.000387	0.075079	0.336131	1	0	1	0.017778	[null,null,788,null]
V1	1	3	FORMAL_V1_G1_P3_M1_RULE_U01	M1_RULE_U01	33	1	A3_RAGGED_DIRECT	442	0.0029091196293176075	0.005508	0.043965	0.000414	0.07587	0.36241	1	0	1	0.013762	[null,null,2278,null]
V1	1	3	FORMAL_V1_G1_P3_M1_RULE_U01	M1_RULE_U01	34	1	A3_RAGGED_DIRECT	452	0.002974936815501264	0.005372	0.043408	0.000374	0.0711	0.336525	1	0	1	0.013567	[null,null,262,null]
V1	1	3	FORMAL_V1_G1_P3_M1_RULE_U01	M1_RULE_U01	35	1	A3_RAGGED_DIRECT	452	0.002974936815501264	0.005341	0.043308	0.000388	0.073322	0.327887	1	0	1	0.013401	[null,null,341,null]
V1	1	3	FORMAL_V1_G1_P3_M1_RULE_U01	M1_RULE_U01	36	1	A3_RAGGED_DIRECT	424	0.002790648694187026	0.005483	0.042807	0.000395	0.070244	0.329941	1	0	1	0.013326	[null,null,414,null]
V1	1	3	FORMAL_V1_G1_P3_M1_RULE_U01	M1_RULE_U01	37	1	A3_RAGGED_DIRECT	424	0.002790648694187026	0.005444	0.043005	0.000385	0.070848	0.315855	1	0	1	0.01314	[null,null,330,null]
V1	1	3	FORMAL_V1_G1_P3_M1_RULE_U01	M1_RULE_U01	38	1	A3_RAGGED_DIRECT	4	2.632687447346251e-05	0.005332	0.043468	0.0004	0.072242	0.311184	1	0	1	0.012823	[null,null,6555,null]
V1	1	3	FORMAL_V1_G1_P3_M1_RULE_U01	M1_RULE_U01	39	1	A3_RAGGED_DIRECT	13	8.556234203875316e-05	0.005305	0.0429	0.000385	0.070732	0.318328	1	0	1	0.012953	[null,null,788,null]
V1	1	3	FORMAL_V1_G1_P3_M1_RULE_U01	M1_RULE_U01	40	1	A3_RAGGED_DIRECT	434	0.0028564658803706825	0.005398	0.047426	0.000411	0.074992	0.325429	1	0	1	0.018425	[null,null,220,null]
V1	1	3	FORMAL_V1_G1_P3_M1_RULE_U01	M1_RULE_U01	41	1	A3_RAGGED_DIRECT	434	0.0028564658803706825	0.005263	0.047171	0.000417	0.074744	0.321915	1	0	1	0.01264	[null,null,16,null]
V1	1	3	FORMAL_V1_G1_P3_M1_RULE_U01	M1_RULE_U01	42	1	A3_RAGGED_DIRECT	448	0.0029486099410278013	0.005404	0.043545	0.000412	0.073408	0.336199	1	0	1	0.013526	[null,null,15,null]
V1	1	3	FORMAL_V1_G1_P3_M1_RULE_U01	M1_RULE_U01	43	1	A3_RAGGED_DIRECT	448	0.0029486099410278013	0.005316	0.043112	0.000392	0.071896	0.323672	1	0	1	0.01334	[null,null,345,null]
V1	1	3	FORMAL_V1_G1_P3_M1_RULE_U01	M1_RULE_U01	44	1	A3_RAGGED_DIRECT	424	0.002790648694187026	0.005397	0.043294	0.000397	0.072035	0.312328	1	0	1	0.011426	[null,null,414,null]
V1	1	3	FORMAL_V1_G1_P3_M1_RULE_U01	M1_RULE_U01	45	1	A3_RAGGED_DIRECT	424	0.002790648694187026	0.005378	0.0431	0.000363	0.07269	0.333741	1	0	1	0.013225	[null,null,330,null]
V1	1	3	FORMAL_V1_G1_P3_M1_RULE_U01	M1_RULE_U01	46	1	A3_RAGGED_DIRECT	6	3.9490311710193765e-05	0.005487	0.043019	0.000378	0.07184	0.305444	1	0	1	0.013097	[null,null,3031,null]
V1	1	3	FORMAL_V1_G1_P3_M1_RULE_U01	M1_RULE_U01	47	1	A3_RAGGED_DIRECT	4	2.632687447346251e-05	0.005437	0.04356	0.000382	0.071571	0.325985	1	0	1	0.013036	[null,null,1269,null]
V1	1	3	FORMAL_V1_G1_P3_M1_RULE_U01	M1_RULE_U01	48	1	A3_RAGGED_DIRECT	19	0.0001250526537489469	0.005327	0.0429	0.000391	0.071602	0.323826	1	0	1	0.012959	[null,null,788,null]
V1	1	3	FORMAL_V1_G1_P3_M1_RULE_U01	M1_RULE_U01	49	1	A3_RAGGED_DIRECT	822	0.005410172704296546	0.005467	0.043359	0.000392	0.073125	0.336561	1	0	1	0.013124	[null,null,330,null]
V1	1	3	FORMAL_V1_G1_P3_M1_RULE_U01	M1_RULE_U01	50	1	A0_DENSE_VENDOR	147137	0.9684143323504634	0.005311	0.043495	0.000389	0.073201	0.842379	1	0	0	0.0	[null,null,4816,null]
V1	1	3	FORMAL_V1_G1_P3_M1_RULE_U01	M1_RULE_U01	51	1	A0_DENSE_VENDOR	147137	0.9684143323504634	0.0061	0.043471	0.000449	0.075762	0.841207	1	0	0	0.0	[null,null,362,null]
V1	1	3	FORMAL_V1_G1_P3_M1_RULE_U01	M1_RULE_U01	52	1	A0_DENSE_VENDOR	147137	0.9684143323504634	0.006143	0.042639	0.000475	0.07602	0.843999	1	0	0	0.0	[null,null,756,null]
V1	1	3	FORMAL_V1_G1_P3_M1_RULE_U01	M1_RULE_U01	53	1	A3_RAGGED_DIRECT	424	0.002790648694187026	0.005609	0.044251	0.000388	0.076304	0.341842	1	0	1	0.01397	[null,null,414,null]
V1	1	3	FORMAL_V1_G1_P3_M1_RULE_U01	M1_RULE_U01	54	1	A3_RAGGED_DIRECT	424	0.002790648694187026	0.005724	0.044454	0.000398	0.075507	0.330982	1	0	1	0.012999	[null,null,330,null]
V1	1	3	FORMAL_V1_G1_P3_M1_RULE_U01	M1_RULE_U01	55	1	A3_RAGGED_DIRECT	6	3.9490311710193765e-05	0.005653	0.044413	0.000404	0.075426	0.337867	1	0	1	0.017669	[null,null,13523,null]
V1	1	3	FORMAL_V1_G1_P3_M1_RULE_U01	M1_RULE_U01	56	1	A3_RAGGED_DIRECT	13	8.556234203875316e-05	0.005609	0.044436	0.000411	0.073706	0.33958	1	0	1	0.012977	[null,null,788,null]
V1	1	3	FORMAL_V1_G1_P3_M1_RULE_U01	M1_RULE_U01	57	1	A3_RAGGED_DIRECT	434	0.0028564658803706825	0.005774	0.044101	0.000397	0.075316	0.336535	1	0	1	0.013394	[null,null,220,null]
V1	1	3	FORMAL_V1_G1_P3_M1_RULE_U01	M1_RULE_U01	58	1	A3_RAGGED_DIRECT	434	0.0028564658803706825	0.005737	0.044173	0.000425	0.075578	0.331765	1	0	1	0.013191	[null,null,17,null]
V1	1	3	FORMAL_V1_G1_P3_M1_RULE_U01	M1_RULE_U01	59	1	A3_RAGGED_DIRECT	476	0.003132898062342039	0.005521	0.043557	0.000411	0.073728	0.351153	1	0	1	0.01356	[null,null,198,null]
V1	1	3	FORMAL_V1_G1_P3_M1_RULE_U01	M1_RULE_U01	60	1	A3_RAGGED_DIRECT	466	0.0030670808761583826	0.005398	0.043257	0.00037	0.070991	0.346891	1	0	1	0.014016	[null,null,262,null]
V1	1	3	FORMAL_V1_G1_P3_M1_RULE_U01	M1_RULE_U01	61	1	A3_RAGGED_DIRECT	466	0.0030670808761583826	0.005394	0.043329	0.000373	0.072881	0.339323	1	0	1	0.01335	[null,null,1153,null]
V1	1	3	FORMAL_V1_G1_P3_M1_RULE_U01	M1_RULE_U01	62	1	A3_RAGGED_DIRECT	439	0.0028893744734625106	0.005385	0.047186	0.000394	0.074821	0.332719	1	0	1	0.013138	[null,null,262,null]
V1	1	3	FORMAL_V1_G1_P3_M1_RULE_U01	M1_RULE_U01	63	1	A3_RAGGED_DIRECT	439	0.0028893744734625106	0.005479	0.043304	0.00038	0.071202	0.329025	1	0	1	0.016832	[null,null,341,null]
V1	1	3	FORMAL_V1_G1_P3_M1_RULE_U01	M1_RULE_U01	64	1	A3_RAGGED_DIRECT	424	0.002790648694187026	0.005406	0.043243	0.000376	0.071025	0.323475	1	0	1	0.011522	[null,null,414,null]
V1	1	3	FORMAL_V1_G1_P3_M1_RULE_U01	M1_RULE_U01	65	1	A3_RAGGED_DIRECT	424	0.002790648694187026	0.005282	0.043379	0.000408	0.072901	0.344426	1	0	1	0.013419	[null,null,330,null]
V1	1	3	FORMAL_V1_G1_P3_M1_RULE_U01	M1_RULE_U01	66	1	A3_RAGGED_DIRECT	4	2.632687447346251e-05	0.005437	0.047767	0.000407	0.076127	0.328677	1	0	1	0.013175	[null,null,6555,null]
V1	1	3	FORMAL_V1_G1_P3_M1_RULE_U01	M1_RULE_U01	67	1	A3_RAGGED_DIRECT	13	8.556234203875316e-05	0.005384	0.043251	0.000396	0.082171	0.327964	1	0	1	0.013159	[null,null,788,null]
V1	1	3	FORMAL_V1_G1_P3_M1_RULE_U01	M1_RULE_U01	68	1	A3_RAGGED_DIRECT	434	0.0028564658803706825	0.005326	0.043205	0.000425	0.071653	0.319527	1	0	1	0.013633	[null,null,220,null]
V1	1	3	FORMAL_V1_G1_P3_M1_RULE_U01	M1_RULE_U01	69	1	A3_RAGGED_DIRECT	434	0.0028564658803706825	0.005246	0.043186	0.000433	0.073083	0.340666	1	0	1	0.013173	[null,null,17,null]
V1	1	3	FORMAL_V1_G1_P3_M1_RULE_U01	M1_RULE_U01	70	1	A3_RAGGED_DIRECT	448	0.0029486099410278013	0.005395	0.043049	0.000409	0.073832	0.334078	1	0	1	0.013387	[null,null,15,null]
V1	1	3	FORMAL_V1_G1_P3_M1_RULE_U01	M1_RULE_U01	71	1	A3_RAGGED_DIRECT	448	0.0029486099410278013	0.005381	0.043326	0.000422	0.073039	0.32898	1	0	1	0.013468	[null,null,345,null]
V1	1	3	FORMAL_V1_G1_P3_M1_RULE_U01	M1_RULE_U01	72	1	A3_RAGGED_DIRECT	424	0.002790648694187026	0.005338	0.043256	0.000387	0.074218	0.330168	1	0	1	0.013379	[null,null,414,null]
V1	1	3	FORMAL_V1_G1_P3_M1_RULE_U01	M1_RULE_U01	73	1	A3_RAGGED_DIRECT	424	0.002790648694187026	0.005508	0.04332	0.00042	0.073879	0.323077	1	0	1	0.01138	[null,null,330,null]
V1	1	3	FORMAL_V1_G1_P3_M1_RULE_U01	M1_RULE_U01	74	1	A3_RAGGED_DIRECT	6	3.9490311710193765e-05	0.005399	0.043235	0.000409	0.072771	0.328966	1	0	1	0.012968	[null,null,3031,null]
V1	1	3	FORMAL_V1_G1_P3_M1_RULE_U01	M1_RULE_U01	75	1	A3_RAGGED_DIRECT	4	2.632687447346251e-05	0.005352	0.043428	0.000454	0.075134	0.326203	1	0	1	0.013078	[null,null,1269,null]
V1	1	3	FORMAL_V1_G1_P3_M1_RULE_U01	M1_RULE_U01	76	1	A3_RAGGED_DIRECT	19	0.0001250526537489469	0.005362	0.043317	0.000432	0.074231	0.331736	1	0	1	0.01266	[null,null,788,null]
V1	1	3	FORMAL_V1_G1_P3_M1_RULE_U01	M1_RULE_U01	77	1	A3_RAGGED_DIRECT	822	0.005410172704296546	0.005356	0.043058	0.000386	0.074855	0.329193	1	0	1	0.010963	[null,null,330,null]
V1	1	3	FORMAL_V1_G1_P3_M1_RULE_U01	M1_RULE_U01	78	1	A0_DENSE_VENDOR	147137	0.9684143323504634	0.005241	0.043493	0.000387	0.072107	0.843281	1	0	0	0.0	[null,null,4816,null]
V1	1	3	FORMAL_V1_G1_P3_M1_RULE_U01	M1_RULE_U01	79	1	A0_DENSE_VENDOR	147137	0.9684143323504634	0.006318	0.043437	0.000453	0.075868	0.848808	1	0	0	0.0	[null,null,425,null]
V1	1	3	FORMAL_V1_G1_P3_M1_RULE_U01	M1_RULE_U01	80	1	A0_DENSE_VENDOR	147137	0.9684143323504634	0.006264	0.04292	0.000449	0.076686	0.84796	1	0	0	0.0	[null,null,756,null]
V1	1	3	FORMAL_V1_G1_P3_M1_RULE_U01	M1_RULE_U01	81	1	A3_RAGGED_DIRECT	424	0.002790648694187026	0.005696	0.044262	0.000413	0.075059	0.349621	1	0	1	0.013688	[null,null,414,null]
V1	1	3	FORMAL_V1_G1_P3_M1_RULE_U01	M1_RULE_U01	82	1	A3_RAGGED_DIRECT	424	0.002790648694187026	0.005573	0.044118	0.000442	0.075114	0.35223	1	0	1	0.013661	[null,null,330,null]
V1	1	3	FORMAL_V1_G1_P3_M1_RULE_U01	M1_RULE_U01	83	1	A3_RAGGED_DIRECT	6	3.9490311710193765e-05	0.00555	0.043815	0.000396	0.073515	0.329288	1	0	1	0.013261	[null,null,13523,null]
V1	1	3	FORMAL_V1_G1_P3_M1_RULE_U01	M1_RULE_U01	84	1	A3_RAGGED_DIRECT	13	8.556234203875316e-05	0.005858	0.046812	0.000449	0.077739	0.332044	1	0	1	0.011767	[null,null,788,null]
V1	1	3	FORMAL_V1_G1_P3_M1_RULE_U01	M1_RULE_U01	85	1	A3_RAGGED_DIRECT	434	0.0028564658803706825	0.005364	0.043591	0.000421	0.071639	0.348926	1	0	1	0.012904	[null,null,220,null]
V1	1	3	FORMAL_V1_G1_P3_M1_RULE_U01	M1_RULE_U01	86	1	A3_RAGGED_DIRECT	434	0.0028564658803706825	0.005412	0.043294	0.000383	0.073057	0.329334	1	0	1	0.013296	[null,null,18,null]
V1	1	3	FORMAL_V1_G1_P3_M1_RULE_U01	M1_RULE_U01	87	1	A3_RAGGED_DIRECT	476	0.003132898062342039	0.005431	0.042956	0.000399	0.070563	0.322157	1	0	1	0.011337	[null,null,198,null]
V1	1	3	FORMAL_V1_G1_P3_M1_RULE_U01	M1_RULE_U01	88	1	A3_RAGGED_DIRECT	466	0.0030670808761583826	0.005429	0.043619	0.000399	0.07335	0.338469	1	0	1	0.013371	[null,null,262,null]
V1	1	3	FORMAL_V1_G1_P3_M1_RULE_U01	M1_RULE_U01	89	1	A3_RAGGED_DIRECT	466	0.0030670808761583826	0.005513	0.043246	0.000404	0.071726	0.323192	1	0	1	0.012642	[null,null,456,null]
V1	1	3	FORMAL_V1_G1_P3_M1_RULE_U01	M1_RULE_U01	90	1	A3_RAGGED_DIRECT	449	0.002955191659646167	0.005482	0.047482	0.000391	0.076729	0.324509	1	0	1	0.011571	[null,null,220,null]
V1	1	3	FORMAL_V1_G1_P3_M1_RULE_U01	M1_RULE_U01	91	1	A3_RAGGED_DIRECT	449	0.002955191659646167	0.005431	0.043567	0.000391	0.071747	0.336982	1	0	1	0.013661	[null,null,5133,null]
V1	1	3	FORMAL_V1_G1_P3_M1_RULE_U01	M1_RULE_U01	92	1	A3_RAGGED_DIRECT	424	0.002790648694187026	0.005442	0.043312	0.000407	0.071109	0.324466	1	0	1	0.01306	[null,null,92,null]
V1	1	3	FORMAL_V1_G1_P3_M1_RULE_U01	M1_RULE_U01	93	1	A3_RAGGED_DIRECT	1	6.581718618365627e-06	0.005444	0.043416	0.00039	0.0714	0.180058	0	1	0	0.0	[null,null,151645,null]
V1	1	3	FORMAL_V1_G1_P3_B0_STRONG	B0_STRONG	0	4	A0_DENSE_VENDOR			0.0	0.0	0.0	0.0	1.641499	4	0	0	0.0	[515,515,515,515]
V1	1	3	FORMAL_V1_G1_P3_B0_STRONG	B0_STRONG	1	4	A0_DENSE_VENDOR			0.0	0.0	0.0	0.0	0.757378	4	0	0	0.0	[220,220,220,220]
V1	1	3	FORMAL_V1_G1_P3_B0_STRONG	B0_STRONG	2	4	A0_DENSE_VENDOR			0.0	0.0	0.0	0.0	0.751283	4	0	0	0.0	[330,330,330,330]
V1	1	3	FORMAL_V1_G1_P3_B0_STRONG	B0_STRONG	3	4	A0_DENSE_VENDOR			0.0	0.0	0.0	0.0	0.712147	4	0	0	0.0	[4129,4129,29642,5113]
V1	1	3	FORMAL_V1_G1_P3_B0_STRONG	B0_STRONG	4	4	A0_DENSE_VENDOR			0.0	0.0	0.0	0.0	0.720426	4	0	0	0.0	[788,788,258,788]
V1	1	3	FORMAL_V1_G1_P3_B0_STRONG	B0_STRONG	5	4	A0_DENSE_VENDOR			0.0	0.0	0.0	0.0	0.722354	3	1	0	0.0	[220,220,70,330]
V1	1	3	FORMAL_V1_G1_P3_B0_STRONG	B0_STRONG	6	4	A0_DENSE_VENDOR			0.0	0.0	0.0	0.0	0.847992	4	0	0	0.0	[16,16,6744,13079]
V1	1	3	FORMAL_V1_G1_P3_B0_STRONG	B0_STRONG	7	4	A0_DENSE_VENDOR			0.0	0.0	0.0	0.0	0.822429	4	0	0	0.0	[17,17,788,35]
V1	1	3	FORMAL_V1_G1_P3_B0_STRONG	B0_STRONG	8	4	A0_DENSE_VENDOR			0.0	0.0	0.0	0.0	0.831064	4	0	0	0.0	[198,198,330,4644]
V1	1	3	FORMAL_V1_G1_P3_B0_STRONG	B0_STRONG	9	4	A0_DENSE_VENDOR			0.0	0.0	0.0	0.0	0.905948	4	0	0	0.0	[92,92,16,16]
V1	1	3	FORMAL_V1_G1_P3_B0_STRONG	B0_STRONG	10	4	A0_DENSE_VENDOR			0.0	0.0	0.0	0.0	0.868133	2	2	0	0.0	[151645,151645,17,17]
V1	1	3	FORMAL_V1_G1_P3_B0_STRONG	B0_STRONG	11	2	A0_DENSE_VENDOR			0.0	0.0	0.0	0.0	0.867421	2	0	0	0.0	[null,null,18,18]
V1	1	3	FORMAL_V1_G1_P3_B0_STRONG	B0_STRONG	12	2	A0_DENSE_VENDOR			0.0	0.0	0.0	0.0	0.867924	2	0	0	0.0	[null,null,4697,698]
V1	1	3	FORMAL_V1_G1_P3_B0_STRONG	B0_STRONG	13	2	A0_DENSE_VENDOR			0.0	0.0	0.0	0.0	0.780211	2	0	0	0.0	[null,null,794,92]
V1	1	3	FORMAL_V1_G1_P3_B0_STRONG	B0_STRONG	14	2	A0_DENSE_VENDOR			0.0	0.0	0.0	0.0	0.769154	1	1	0	0.0	[null,null,11,151645]
V1	1	3	FORMAL_V1_G1_P3_B0_STRONG	B0_STRONG	15	1	A0_DENSE_VENDOR			0.0	0.0	0.0	0.0	0.760549	1	0	0	0.0	[null,null,5765,null]
V1	1	3	FORMAL_V1_G1_P3_B0_STRONG	B0_STRONG	16	1	A0_DENSE_VENDOR			0.0	0.0	0.0	0.0	0.751753	1	0	0	0.0	[null,null,27831,null]
V1	1	3	FORMAL_V1_G1_P3_B0_STRONG	B0_STRONG	17	1	A0_DENSE_VENDOR			0.0	0.0	0.0	0.0	0.760508	1	0	0	0.0	[null,null,11,null]
V1	1	3	FORMAL_V1_G1_P3_B0_STRONG	B0_STRONG	18	1	A0_DENSE_VENDOR			0.0	0.0	0.0	0.0	0.751749	1	0	0	0.0	[null,null,7279,null]
V1	1	3	FORMAL_V1_G1_P3_B0_STRONG	B0_STRONG	19	1	A0_DENSE_VENDOR			0.0	0.0	0.0	0.0	0.754339	1	0	0	0.0	[null,null,756,null]
V1	1	3	FORMAL_V1_G1_P3_B0_STRONG	B0_STRONG	20	1	A0_DENSE_VENDOR			0.0	0.0	0.0	0.0	0.662558	1	0	0	0.0	[null,null,220,null]
V1	1	3	FORMAL_V1_G1_P3_B0_STRONG	B0_STRONG	21	1	A0_DENSE_VENDOR			0.0	0.0	0.0	0.0	0.664558	1	0	0	0.0	[null,null,330,null]
V1	1	3	FORMAL_V1_G1_P3_B0_STRONG	B0_STRONG	22	1	A0_DENSE_VENDOR			0.0	0.0	0.0	0.0	0.651911	1	0	0	0.0	[null,null,11049,null]
V1	1	3	FORMAL_V1_G1_P3_B0_STRONG	B0_STRONG	23	1	A0_DENSE_VENDOR			0.0	0.0	0.0	0.0	0.645242	1	0	0	0.0	[null,null,1269,null]
V1	1	3	FORMAL_V1_G1_P3_B0_STRONG	B0_STRONG	24	1	A0_DENSE_VENDOR			0.0	0.0	0.0	0.0	0.655954	1	0	0	0.0	[null,null,788,null]
V1	1	3	FORMAL_V1_G1_P3_B0_STRONG	B0_STRONG	25	1	A0_DENSE_VENDOR			0.0	0.0	0.0	0.0	0.673509	1	0	0	0.0	[null,null,330,null]
V1	1	3	FORMAL_V1_G1_P3_B0_STRONG	B0_STRONG	26	1	A0_DENSE_VENDOR			0.0	0.0	0.0	0.0	0.749841	1	0	0	0.0	[null,null,13079,null]
V1	1	3	FORMAL_V1_G1_P3_B0_STRONG	B0_STRONG	27	1	A0_DENSE_VENDOR			0.0	0.0	0.0	0.0	0.760728	1	0	0	0.0	[null,null,49628,null]
V1	1	3	FORMAL_V1_G1_P3_B0_STRONG	B0_STRONG	28	1	A0_DENSE_VENDOR			0.0	0.0	0.0	0.0	0.760409	1	0	0	0.0	[null,null,756,null]
V1	1	3	FORMAL_V1_G1_P3_B0_STRONG	B0_STRONG	29	1	A0_DENSE_VENDOR			0.0	0.0	0.0	0.0	0.667143	1	0	0	0.0	[null,null,220,null]
V1	1	3	FORMAL_V1_G1_P3_B0_STRONG	B0_STRONG	30	1	A0_DENSE_VENDOR			0.0	0.0	0.0	0.0	0.666216	1	0	0	0.0	[null,null,330,null]
V1	1	3	FORMAL_V1_G1_P3_B0_STRONG	B0_STRONG	31	1	A0_DENSE_VENDOR			0.0	0.0	0.0	0.0	0.648872	1	0	0	0.0	[null,null,3615,null]
V1	1	3	FORMAL_V1_G1_P3_B0_STRONG	B0_STRONG	32	1	A0_DENSE_VENDOR			0.0	0.0	0.0	0.0	0.654306	1	0	0	0.0	[null,null,788,null]
V1	1	3	FORMAL_V1_G1_P3_B0_STRONG	B0_STRONG	33	1	A0_DENSE_VENDOR			0.0	0.0	0.0	0.0	0.704823	1	0	0	0.0	[null,null,2278,null]
V1	1	3	FORMAL_V1_G1_P3_B0_STRONG	B0_STRONG	34	1	A0_DENSE_VENDOR			0.0	0.0	0.0	0.0	0.698331	1	0	0	0.0	[null,null,262,null]
V1	1	3	FORMAL_V1_G1_P3_B0_STRONG	B0_STRONG	35	1	A0_DENSE_VENDOR			0.0	0.0	0.0	0.0	0.697257	1	0	0	0.0	[null,null,341,null]
V1	1	3	FORMAL_V1_G1_P3_B0_STRONG	B0_STRONG	36	1	A0_DENSE_VENDOR			0.0	0.0	0.0	0.0	0.663557	1	0	0	0.0	[null,null,414,null]
V1	1	3	FORMAL_V1_G1_P3_B0_STRONG	B0_STRONG	37	1	A0_DENSE_VENDOR			0.0	0.0	0.0	0.0	0.662548	1	0	0	0.0	[null,null,330,null]
V1	1	3	FORMAL_V1_G1_P3_B0_STRONG	B0_STRONG	38	1	A0_DENSE_VENDOR			0.0	0.0	0.0	0.0	0.652306	1	0	0	0.0	[null,null,6555,null]
V1	1	3	FORMAL_V1_G1_P3_B0_STRONG	B0_STRONG	39	1	A0_DENSE_VENDOR			0.0	0.0	0.0	0.0	0.652548	1	0	0	0.0	[null,null,788,null]
V1	1	3	FORMAL_V1_G1_P3_B0_STRONG	B0_STRONG	40	1	A0_DENSE_VENDOR			0.0	0.0	0.0	0.0	0.658603	1	0	0	0.0	[null,null,220,null]
V1	1	3	FORMAL_V1_G1_P3_B0_STRONG	B0_STRONG	41	1	A0_DENSE_VENDOR			0.0	0.0	0.0	0.0	0.663324	1	0	0	0.0	[null,null,16,null]
V1	1	3	FORMAL_V1_G1_P3_B0_STRONG	B0_STRONG	42	1	A0_DENSE_VENDOR			0.0	0.0	0.0	0.0	0.664056	1	0	0	0.0	[null,null,15,null]
V1	1	3	FORMAL_V1_G1_P3_B0_STRONG	B0_STRONG	43	1	A0_DENSE_VENDOR			0.0	0.0	0.0	0.0	0.665372	1	0	0	0.0	[null,null,345,null]
V1	1	3	FORMAL_V1_G1_P3_B0_STRONG	B0_STRONG	44	1	A0_DENSE_VENDOR			0.0	0.0	0.0	0.0	0.665546	1	0	0	0.0	[null,null,414,null]
V1	1	3	FORMAL_V1_G1_P3_B0_STRONG	B0_STRONG	45	1	A0_DENSE_VENDOR			0.0	0.0	0.0	0.0	0.670159	1	0	0	0.0	[null,null,330,null]
V1	1	3	FORMAL_V1_G1_P3_B0_STRONG	B0_STRONG	46	1	A0_DENSE_VENDOR			0.0	0.0	0.0	0.0	0.65113	1	0	0	0.0	[null,null,3031,null]
V1	1	3	FORMAL_V1_G1_P3_B0_STRONG	B0_STRONG	47	1	A0_DENSE_VENDOR			0.0	0.0	0.0	0.0	0.64994	1	0	0	0.0	[null,null,1269,null]
V1	1	3	FORMAL_V1_G1_P3_B0_STRONG	B0_STRONG	48	1	A0_DENSE_VENDOR			0.0	0.0	0.0	0.0	0.651639	1	0	0	0.0	[null,null,788,null]
V1	1	3	FORMAL_V1_G1_P3_B0_STRONG	B0_STRONG	49	1	A0_DENSE_VENDOR			0.0	0.0	0.0	0.0	0.677714	1	0	0	0.0	[null,null,330,null]
V1	1	3	FORMAL_V1_G1_P3_B0_STRONG	B0_STRONG	50	1	A0_DENSE_VENDOR			0.0	0.0	0.0	0.0	0.750819	1	0	0	0.0	[null,null,4816,null]
V1	1	3	FORMAL_V1_G1_P3_B0_STRONG	B0_STRONG	51	1	A0_DENSE_VENDOR			0.0	0.0	0.0	0.0	0.756909	1	0	0	0.0	[null,null,362,null]
V1	1	3	FORMAL_V1_G1_P3_B0_STRONG	B0_STRONG	52	1	A0_DENSE_VENDOR			0.0	0.0	0.0	0.0	0.768342	1	0	0	0.0	[null,null,756,null]
V1	1	3	FORMAL_V1_G1_P3_B0_STRONG	B0_STRONG	53	1	A0_DENSE_VENDOR			0.0	0.0	0.0	0.0	0.677308	1	0	0	0.0	[null,null,414,null]
V1	1	3	FORMAL_V1_G1_P3_B0_STRONG	B0_STRONG	54	1	A0_DENSE_VENDOR			0.0	0.0	0.0	0.0	0.668814	1	0	0	0.0	[null,null,330,null]
V1	1	3	FORMAL_V1_G1_P3_B0_STRONG	B0_STRONG	55	1	A0_DENSE_VENDOR			0.0	0.0	0.0	0.0	0.65885	1	0	0	0.0	[null,null,13523,null]
V1	1	3	FORMAL_V1_G1_P3_B0_STRONG	B0_STRONG	56	1	A0_DENSE_VENDOR			0.0	0.0	0.0	0.0	0.660439	1	0	0	0.0	[null,null,788,null]
V1	1	3	FORMAL_V1_G1_P3_B0_STRONG	B0_STRONG	57	1	A0_DENSE_VENDOR			0.0	0.0	0.0	0.0	0.663979	1	0	0	0.0	[null,null,220,null]
V1	1	3	FORMAL_V1_G1_P3_B0_STRONG	B0_STRONG	58	1	A0_DENSE_VENDOR			0.0	0.0	0.0	0.0	0.668793	1	0	0	0.0	[null,null,17,null]
V1	1	3	FORMAL_V1_G1_P3_B0_STRONG	B0_STRONG	59	1	A0_DENSE_VENDOR			0.0	0.0	0.0	0.0	0.669108	1	0	0	0.0	[null,null,198,null]
V1	1	3	FORMAL_V1_G1_P3_B0_STRONG	B0_STRONG	60	1	A0_DENSE_VENDOR			0.0	0.0	0.0	0.0	0.672692	1	0	0	0.0	[null,null,262,null]
V1	1	3	FORMAL_V1_G1_P3_B0_STRONG	B0_STRONG	61	1	A0_DENSE_VENDOR			0.0	0.0	0.0	0.0	0.670175	1	0	0	0.0	[null,null,1153,null]
V1	1	3	FORMAL_V1_G1_P3_B0_STRONG	B0_STRONG	62	1	A0_DENSE_VENDOR			0.0	0.0	0.0	0.0	0.66478	1	0	0	0.0	[null,null,262,null]
V1	1	3	FORMAL_V1_G1_P3_B0_STRONG	B0_STRONG	63	1	A0_DENSE_VENDOR			0.0	0.0	0.0	0.0	0.662818	1	0	0	0.0	[null,null,341,null]
V1	1	3	FORMAL_V1_G1_P3_B0_STRONG	B0_STRONG	64	1	A0_DENSE_VENDOR			0.0	0.0	0.0	0.0	0.658806	1	0	0	0.0	[null,null,414,null]
V1	1	3	FORMAL_V1_G1_P3_B0_STRONG	B0_STRONG	65	1	A0_DENSE_VENDOR			0.0	0.0	0.0	0.0	0.672935	1	0	0	0.0	[null,null,330,null]
V1	1	3	FORMAL_V1_G1_P3_B0_STRONG	B0_STRONG	66	1	A0_DENSE_VENDOR			0.0	0.0	0.0	0.0	0.659974	1	0	0	0.0	[null,null,6555,null]
V1	1	3	FORMAL_V1_G1_P3_B0_STRONG	B0_STRONG	67	1	A0_DENSE_VENDOR			0.0	0.0	0.0	0.0	0.656847	1	0	0	0.0	[null,null,788,null]
V1	1	3	FORMAL_V1_G1_P3_B0_STRONG	B0_STRONG	68	1	A0_DENSE_VENDOR			0.0	0.0	0.0	0.0	0.659238	1	0	0	0.0	[null,null,220,null]
V1	1	3	FORMAL_V1_G1_P3_B0_STRONG	B0_STRONG	69	1	A0_DENSE_VENDOR			0.0	0.0	0.0	0.0	0.671344	1	0	0	0.0	[null,null,17,null]
V1	1	3	FORMAL_V1_G1_P3_B0_STRONG	B0_STRONG	70	1	A0_DENSE_VENDOR			0.0	0.0	0.0	0.0	0.67401	1	0	0	0.0	[null,null,15,null]
V1	1	3	FORMAL_V1_G1_P3_B0_STRONG	B0_STRONG	71	1	A0_DENSE_VENDOR			0.0	0.0	0.0	0.0	0.662926	1	0	0	0.0	[null,null,345,null]
V1	1	3	FORMAL_V1_G1_P3_B0_STRONG	B0_STRONG	72	1	A0_DENSE_VENDOR			0.0	0.0	0.0	0.0	0.666548	1	0	0	0.0	[null,null,414,null]
V1	1	3	FORMAL_V1_G1_P3_B0_STRONG	B0_STRONG	73	1	A0_DENSE_VENDOR			0.0	0.0	0.0	0.0	0.670575	1	0	0	0.0	[null,null,330,null]
V1	1	3	FORMAL_V1_G1_P3_B0_STRONG	B0_STRONG	74	1	A0_DENSE_VENDOR			0.0	0.0	0.0	0.0	0.656555	1	0	0	0.0	[null,null,3031,null]
V1	1	3	FORMAL_V1_G1_P3_B0_STRONG	B0_STRONG	75	1	A0_DENSE_VENDOR			0.0	0.0	0.0	0.0	0.651139	1	0	0	0.0	[null,null,1269,null]
V1	1	3	FORMAL_V1_G1_P3_B0_STRONG	B0_STRONG	76	1	A0_DENSE_VENDOR			0.0	0.0	0.0	0.0	0.659681	1	0	0	0.0	[null,null,788,null]
V1	1	3	FORMAL_V1_G1_P3_B0_STRONG	B0_STRONG	77	1	A0_DENSE_VENDOR			0.0	0.0	0.0	0.0	0.674702	1	0	0	0.0	[null,null,330,null]
V1	1	3	FORMAL_V1_G1_P3_B0_STRONG	B0_STRONG	78	1	A0_DENSE_VENDOR			0.0	0.0	0.0	0.0	0.749571	1	0	0	0.0	[null,null,4816,null]
V1	1	3	FORMAL_V1_G1_P3_B0_STRONG	B0_STRONG	79	1	A0_DENSE_VENDOR			0.0	0.0	0.0	0.0	0.761675	1	0	0	0.0	[null,null,425,null]
V1	1	3	FORMAL_V1_G1_P3_B0_STRONG	B0_STRONG	80	1	A0_DENSE_VENDOR			0.0	0.0	0.0	0.0	0.765161	1	0	0	0.0	[null,null,756,null]
V1	1	3	FORMAL_V1_G1_P3_B0_STRONG	B0_STRONG	81	1	A0_DENSE_VENDOR			0.0	0.0	0.0	0.0	0.669671	1	0	0	0.0	[null,null,414,null]
V1	1	3	FORMAL_V1_G1_P3_B0_STRONG	B0_STRONG	82	1	A0_DENSE_VENDOR			0.0	0.0	0.0	0.0	0.675566	1	0	0	0.0	[null,null,330,null]
V1	1	3	FORMAL_V1_G1_P3_B0_STRONG	B0_STRONG	83	1	A0_DENSE_VENDOR			0.0	0.0	0.0	0.0	0.654017	1	0	0	0.0	[null,null,13523,null]
V1	1	3	FORMAL_V1_G1_P3_B0_STRONG	B0_STRONG	84	1	A0_DENSE_VENDOR			0.0	0.0	0.0	0.0	0.663629	1	0	0	0.0	[null,null,788,null]
V1	1	3	FORMAL_V1_G1_P3_B0_STRONG	B0_STRONG	85	1	A0_DENSE_VENDOR			0.0	0.0	0.0	0.0	0.670066	1	0	0	0.0	[null,null,220,null]
V1	1	3	FORMAL_V1_G1_P3_B0_STRONG	B0_STRONG	86	1	A0_DENSE_VENDOR			0.0	0.0	0.0	0.0	0.67745	1	0	0	0.0	[null,null,18,null]
V1	1	3	FORMAL_V1_G1_P3_B0_STRONG	B0_STRONG	87	1	A0_DENSE_VENDOR			0.0	0.0	0.0	0.0	0.66983	1	0	0	0.0	[null,null,198,null]
V1	1	3	FORMAL_V1_G1_P3_B0_STRONG	B0_STRONG	88	1	A0_DENSE_VENDOR			0.0	0.0	0.0	0.0	0.662888	1	0	0	0.0	[null,null,262,null]
V1	1	3	FORMAL_V1_G1_P3_B0_STRONG	B0_STRONG	89	1	A0_DENSE_VENDOR			0.0	0.0	0.0	0.0	0.661392	1	0	0	0.0	[null,null,456,null]
V1	1	3	FORMAL_V1_G1_P3_B0_STRONG	B0_STRONG	90	1	A0_DENSE_VENDOR			0.0	0.0	0.0	0.0	0.661186	1	0	0	0.0	[null,null,220,null]
V1	1	3	FORMAL_V1_G1_P3_B0_STRONG	B0_STRONG	91	1	A0_DENSE_VENDOR			0.0	0.0	0.0	0.0	0.668373	1	0	0	0.0	[null,null,5133,null]
V1	1	3	FORMAL_V1_G1_P3_B0_STRONG	B0_STRONG	92	1	A0_DENSE_VENDOR			0.0	0.0	0.0	0.0	0.671427	1	0	0	0.0	[null,null,92,null]
V1	1	3	FORMAL_V1_G1_P3_B0_STRONG	B0_STRONG	93	1	A0_DENSE_VENDOR			0.0	0.0	0.0	0.0	0.124219	0	1	0	0.0	[null,null,151645,null]
V1	1	4	FORMAL_V1_G1_P4_M1_RULE_U01	M1_RULE_U01	0	4	A3_RAGGED_DIRECT	7	4.6072030328559395e-05	0.009311	0.049432	0.000542	0.084419	1.10865	4	0	1	0.035911	[515,515,515,515]
V1	1	4	FORMAL_V1_G1_P4_M1_RULE_U01	M1_RULE_U01	1	4	A3_RAGGED_DIRECT	426	0.0028038121314237574	0.007676	0.04423	0.000523	0.077783	0.537	4	0	2	0.034154	[220,220,220,220]
V1	1	4	FORMAL_V1_G1_P4_M1_RULE_U01	M1_RULE_U01	2	4	A3_RAGGED_DIRECT	426	0.0028038121314237574	0.00755	0.044848	0.000488	0.081717	0.54521	4	0	2	0.039012	[330,330,330,330]
V1	1	4	FORMAL_V1_G1_P4_M1_RULE_U01	M1_RULE_U01	3	4	A3_RAGGED_DIRECT	14	9.214406065711879e-05	0.007338	0.044624	0.00046	0.079053	0.54922	4	0	3	0.039723	[4129,4129,29642,5113]
V1	1	4	FORMAL_V1_G1_P4_M1_RULE_U01	M1_RULE_U01	4	4	A3_RAGGED_DIRECT	21	0.00013821609098567817	0.007406	0.044384	0.000466	0.075691	0.519126	4	0	3	0.033458	[788,788,258,788]
V1	1	4	FORMAL_V1_G1_P4_M1_RULE_U01	M1_RULE_U01	5	4	A3_RAGGED_DIRECT	823	0.005416754422914912	0.007122	0.043731	0.0005	0.075387	0.494461	3	1	2	0.029254	[220,220,70,330]
V1	1	4	FORMAL_V1_G1_P4_M1_RULE_U01	M1_RULE_U01	6	4	A0_DENSE_VENDOR	147404	0.970171651221567	0.007383	0.043735	0.00045	0.077169	0.922508	4	0	0	0.0	[16,16,6744,13079]
V1	1	4	FORMAL_V1_G1_P4_M1_RULE_U01	M1_RULE_U01	7	4	A0_DENSE_VENDOR	147415	0.970244050126369	0.012197	0.045721	0.000594	0.099727	1.180152	4	0	0	0.0	[17,17,788,35]
V1	1	4	FORMAL_V1_G1_P4_M1_RULE_U01	M1_RULE_U01	8	4	A0_DENSE_VENDOR	147800	0.9727780117944398	0.007582	0.048751	0.000422	0.083342	0.902298	4	0	0	0.0	[198,198,330,4644]
V1	1	4	FORMAL_V1_G1_P4_M1_RULE_U01	M1_RULE_U01	9	4	A0_DENSE_VENDOR	147475	0.9706389532434709	0.007285	0.047795	0.000442	0.081667	0.987928	4	0	0	0.0	[92,92,16,16]
V1	1	4	FORMAL_V1_G1_P4_M1_RULE_U01	M1_RULE_U01	10	4	A0_DENSE_VENDOR	147140	0.9684340775063185	0.007791	0.05386	0.000486	0.088272	0.960199	2	2	0	0.0	[151645,151645,17,17]
V1	1	4	FORMAL_V1_G1_P4_M1_RULE_U01	M1_RULE_U01	11	2	A0_DENSE_VENDOR	147139	0.9684274957877	0.006715	0.045439	0.000452	0.078004	0.937976	2	0	0	0.0	[null,null,18,18]
V1	1	4	FORMAL_V1_G1_P4_M1_RULE_U01	M1_RULE_U01	12	2	A0_DENSE_VENDOR	147139	0.9684274957877	0.006678	0.043671	0.000442	0.077799	0.927334	2	0	0	0.0	[null,null,4697,698]
V1	1	4	FORMAL_V1_G1_P4_M1_RULE_U01	M1_RULE_U01	13	2	A0_DENSE_VENDOR	147473	0.9706257898062342	0.006766	0.044069	0.00048	0.076246	0.833717	2	0	0	0.0	[null,null,794,92]
V1	1	4	FORMAL_V1_G1_P4_M1_RULE_U01	M1_RULE_U01	14	2	A0_DENSE_VENDOR	147138	0.9684209140690817	0.006607	0.044032	0.000475	0.077078	0.819237	1	1	0	0.0	[null,null,11,151645]
V1	1	4	FORMAL_V1_G1_P4_M1_RULE_U01	M1_RULE_U01	15	1	A0_DENSE_VENDOR	147137	0.9684143323504634	0.005714	0.040307	0.000411	0.0724	0.819464	1	0	0	0.0	[null,null,5765,null]
V1	1	4	FORMAL_V1_G1_P4_M1_RULE_U01	M1_RULE_U01	16	1	A0_DENSE_VENDOR	147137	0.9684143323504634	0.005701	0.040517	0.000419	0.07066	0.816917	1	0	0	0.0	[null,null,27831,null]
V1	1	4	FORMAL_V1_G1_P4_M1_RULE_U01	M1_RULE_U01	17	1	A0_DENSE_VENDOR	147137	0.9684143323504634	0.005693	0.04063	0.000368	0.072373	0.815228	1	0	0	0.0	[null,null,11,null]
V1	1	4	FORMAL_V1_G1_P4_M1_RULE_U01	M1_RULE_U01	18	1	A0_DENSE_VENDOR	147137	0.9684143323504634	0.005602	0.040424	0.000387	0.070028	0.809875	1	0	0	0.0	[null,null,7279,null]
V1	1	4	FORMAL_V1_G1_P4_M1_RULE_U01	M1_RULE_U01	19	1	A0_DENSE_VENDOR	147137	0.9684143323504634	0.005641	0.040428	0.000412	0.072504	0.816483	1	0	0	0.0	[null,null,756,null]
V1	1	4	FORMAL_V1_G1_P4_M1_RULE_U01	M1_RULE_U01	20	1	A3_RAGGED_DIRECT	425	0.002797230412805392	0.005714	0.040524	0.000434	0.072208	0.337566	1	0	1	0.013948	[null,null,220,null]
V1	1	4	FORMAL_V1_G1_P4_M1_RULE_U01	M1_RULE_U01	21	1	A3_RAGGED_DIRECT	425	0.002797230412805392	0.005644	0.040123	0.000418	0.076261	0.338363	1	0	1	0.013645	[null,null,330,null]
V1	1	4	FORMAL_V1_G1_P4_M1_RULE_U01	M1_RULE_U01	22	1	A3_RAGGED_DIRECT	6	3.9490311710193765e-05	0.005486	0.043812	0.000409	0.081446	0.318194	1	0	1	0.013394	[null,null,11049,null]
V1	1	4	FORMAL_V1_G1_P4_M1_RULE_U01	M1_RULE_U01	23	1	A3_RAGGED_DIRECT	4	2.632687447346251e-05	0.005388	0.043462	0.000373	0.071805	0.31585	1	0	1	0.013194	[null,null,1269,null]
V1	1	4	FORMAL_V1_G1_P4_M1_RULE_U01	M1_RULE_U01	24	1	A3_RAGGED_DIRECT	19	0.0001250526537489469	0.005364	0.04316	0.00037	0.070362	0.327216	1	0	1	0.013011	[null,null,788,null]
V1	1	4	FORMAL_V1_G1_P4_M1_RULE_U01	M1_RULE_U01	25	1	A3_RAGGED_DIRECT	822	0.005410172704296546	0.005454	0.043549	0.000398	0.073873	0.354066	1	0	1	0.013126	[null,null,330,null]
V1	1	4	FORMAL_V1_G1_P4_M1_RULE_U01	M1_RULE_U01	26	1	A0_DENSE_VENDOR	147137	0.9684143323504634	0.005399	0.043252	0.000372	0.071329	0.834526	1	0	0	0.0	[null,null,13079,null]
V1	1	4	FORMAL_V1_G1_P4_M1_RULE_U01	M1_RULE_U01	27	1	A0_DENSE_VENDOR	147137	0.9684143323504634	0.005571	0.044564	0.000414	0.075937	0.843596	1	0	0	0.0	[null,null,49628,null]
V1	1	4	FORMAL_V1_G1_P4_M1_RULE_U01	M1_RULE_U01	28	1	A0_DENSE_VENDOR	147137	0.9684143323504634	0.005609	0.044537	0.000418	0.077523	0.838085	1	0	0	0.0	[null,null,756,null]
V1	1	4	FORMAL_V1_G1_P4_M1_RULE_U01	M1_RULE_U01	29	1	A3_RAGGED_DIRECT	424	0.002790648694187026	0.005567	0.044491	0.000432	0.076642	0.335978	1	0	1	0.013363	[null,null,220,null]
V1	1	4	FORMAL_V1_G1_P4_M1_RULE_U01	M1_RULE_U01	30	1	A3_RAGGED_DIRECT	424	0.002790648694187026	0.00566	0.044534	0.000374	0.075701	0.335005	1	0	1	0.014225	[null,null,330,null]
V1	1	4	FORMAL_V1_G1_P4_M1_RULE_U01	M1_RULE_U01	31	1	A3_RAGGED_DIRECT	5	3.2908593091828136e-05	0.005665	0.043873	0.000365	0.072555	0.341693	1	0	1	0.013556	[null,null,3615,null]
V1	1	4	FORMAL_V1_G1_P4_M1_RULE_U01	M1_RULE_U01	32	1	A3_RAGGED_DIRECT	15	9.872577927548442e-05	0.005513	0.044674	0.00041	0.075469	0.318615	1	0	1	0.013553	[null,null,788,null]
V1	1	4	FORMAL_V1_G1_P4_M1_RULE_U01	M1_RULE_U01	33	1	A3_RAGGED_DIRECT	442	0.0029091196293176075	0.005636	0.044039	0.000475	0.075583	0.354615	1	0	1	0.013375	[null,null,2278,null]
V1	1	4	FORMAL_V1_G1_P4_M1_RULE_U01	M1_RULE_U01	34	1	A3_RAGGED_DIRECT	452	0.002974936815501264	0.005499	0.047261	0.000358	0.074928	0.339576	1	0	1	0.013777	[null,null,262,null]
V1	1	4	FORMAL_V1_G1_P4_M1_RULE_U01	M1_RULE_U01	35	1	A3_RAGGED_DIRECT	452	0.002974936815501264	0.005291	0.043688	0.000414	0.078728	0.338958	1	0	1	0.013385	[null,null,341,null]
V1	1	4	FORMAL_V1_G1_P4_M1_RULE_U01	M1_RULE_U01	36	1	A3_RAGGED_DIRECT	424	0.002790648694187026	0.005448	0.043108	0.000396	0.072251	0.328428	1	0	1	0.013052	[null,null,414,null]
V1	1	4	FORMAL_V1_G1_P4_M1_RULE_U01	M1_RULE_U01	37	1	A3_RAGGED_DIRECT	424	0.002790648694187026	0.005335	0.043194	0.00043	0.073127	0.326186	1	0	1	0.01302	[null,null,330,null]
V1	1	4	FORMAL_V1_G1_P4_M1_RULE_U01	M1_RULE_U01	38	1	A3_RAGGED_DIRECT	4	2.632687447346251e-05	0.005355	0.043261	0.000415	0.073867	0.314329	1	0	1	0.013113	[null,null,6555,null]
V1	1	4	FORMAL_V1_G1_P4_M1_RULE_U01	M1_RULE_U01	39	1	A3_RAGGED_DIRECT	13	8.556234203875316e-05	0.005381	0.043516	0.000421	0.073007	0.330251	1	0	1	0.012922	[null,null,788,null]
V1	1	4	FORMAL_V1_G1_P4_M1_RULE_U01	M1_RULE_U01	40	1	A3_RAGGED_DIRECT	434	0.0028564658803706825	0.005389	0.043169	0.000427	0.072524	0.340188	1	0	1	0.013096	[null,null,220,null]
V1	1	4	FORMAL_V1_G1_P4_M1_RULE_U01	M1_RULE_U01	41	1	A3_RAGGED_DIRECT	434	0.0028564658803706825	0.005511	0.043305	0.000375	0.07105	0.323348	1	0	1	0.01115	[null,null,16,null]
V1	1	4	FORMAL_V1_G1_P4_M1_RULE_U01	M1_RULE_U01	42	1	A3_RAGGED_DIRECT	448	0.0029486099410278013	0.005412	0.043209	0.00041	0.073842	0.326116	1	0	1	0.011621	[null,null,15,null]
V1	1	4	FORMAL_V1_G1_P4_M1_RULE_U01	M1_RULE_U01	43	1	A3_RAGGED_DIRECT	448	0.0029486099410278013	0.005444	0.043402	0.000436	0.074194	0.328103	1	0	1	0.011325	[null,null,345,null]
V1	1	4	FORMAL_V1_G1_P4_M1_RULE_U01	M1_RULE_U01	44	1	A3_RAGGED_DIRECT	424	0.002790648694187026	0.005268	0.04348	0.000394	0.073577	0.327637	1	0	1	0.011297	[null,null,414,null]
V1	1	4	FORMAL_V1_G1_P4_M1_RULE_U01	M1_RULE_U01	45	1	A3_RAGGED_DIRECT	424	0.002790648694187026	0.00537	0.043061	0.000428	0.074318	0.332299	1	0	1	0.012917	[null,null,330,null]
V1	1	4	FORMAL_V1_G1_P4_M1_RULE_U01	M1_RULE_U01	46	1	A3_RAGGED_DIRECT	6	3.9490311710193765e-05	0.005229	0.042939	0.000422	0.07311	0.316052	1	0	1	0.013125	[null,null,3031,null]
V1	1	4	FORMAL_V1_G1_P4_M1_RULE_U01	M1_RULE_U01	47	1	A3_RAGGED_DIRECT	4	2.632687447346251e-05	0.005197	0.04307	0.000438	0.072323	0.316756	1	0	1	0.013098	[null,null,1269,null]
V1	1	4	FORMAL_V1_G1_P4_M1_RULE_U01	M1_RULE_U01	48	1	A3_RAGGED_DIRECT	19	0.0001250526537489469	0.005412	0.043251	0.000422	0.073943	0.317774	1	0	1	0.01297	[null,null,788,null]
V1	1	4	FORMAL_V1_G1_P4_M1_RULE_U01	M1_RULE_U01	49	1	A3_RAGGED_DIRECT	822	0.005410172704296546	0.005319	0.042926	0.000411	0.074399	0.332519	1	0	1	0.01399	[null,null,330,null]
V1	1	4	FORMAL_V1_G1_P4_M1_RULE_U01	M1_RULE_U01	50	1	A0_DENSE_VENDOR	147137	0.9684143323504634	0.005537	0.043445	0.000406	0.073117	0.842796	1	0	0	0.0	[null,null,4816,null]
V1	1	4	FORMAL_V1_G1_P4_M1_RULE_U01	M1_RULE_U01	51	1	A0_DENSE_VENDOR	147137	0.9684143323504634	0.006389	0.043581	0.000504	0.076404	0.853689	1	0	0	0.0	[null,null,362,null]
V1	1	4	FORMAL_V1_G1_P4_M1_RULE_U01	M1_RULE_U01	52	1	A0_DENSE_VENDOR	147137	0.9684143323504634	0.005737	0.044467	0.000377	0.079445	1.429971	1	0	0	0.0	[null,null,756,null]
V1	1	4	FORMAL_V1_G1_P4_M1_RULE_U01	M1_RULE_U01	53	1	A3_RAGGED_DIRECT	424	0.002790648694187026	0.005636	0.044316	0.000414	0.076512	0.347433	1	0	1	0.014047	[null,null,414,null]
V1	1	4	FORMAL_V1_G1_P4_M1_RULE_U01	M1_RULE_U01	54	1	A3_RAGGED_DIRECT	424	0.002790648694187026	0.005598	0.044368	0.000396	0.076691	0.34555	1	0	1	0.013635	[null,null,330,null]
V1	1	4	FORMAL_V1_G1_P4_M1_RULE_U01	M1_RULE_U01	55	1	A3_RAGGED_DIRECT	6	3.9490311710193765e-05	0.005561	0.044319	0.000405	0.074707	0.320934	1	0	1	0.013424	[null,null,13523,null]
V1	1	4	FORMAL_V1_G1_P4_M1_RULE_U01	M1_RULE_U01	56	1	A3_RAGGED_DIRECT	13	8.556234203875316e-05	0.00559	0.046661	0.000419	0.088274	0.334282	1	0	1	0.011548	[null,null,788,null]
V1	1	4	FORMAL_V1_G1_P4_M1_RULE_U01	M1_RULE_U01	57	1	A3_RAGGED_DIRECT	434	0.0028564658803706825	0.005424	0.043275	0.000404	0.072983	0.329841	1	0	1	0.013027	[null,null,220,null]
V1	1	4	FORMAL_V1_G1_P4_M1_RULE_U01	M1_RULE_U01	58	1	A3_RAGGED_DIRECT	434	0.0028564658803706825	0.005322	0.042844	0.000419	0.072294	0.324939	1	0	1	0.013027	[null,null,17,null]
V1	1	4	FORMAL_V1_G1_P4_M1_RULE_U01	M1_RULE_U01	59	1	A3_RAGGED_DIRECT	476	0.003132898062342039	0.005319	0.043215	0.000352	0.07115	0.31801	1	0	1	0.011418	[null,null,198,null]
V1	1	4	FORMAL_V1_G1_P4_M1_RULE_U01	M1_RULE_U01	60	1	A3_RAGGED_DIRECT	466	0.0030670808761583826	0.005397	0.043303	0.000394	0.071958	0.342853	1	0	1	0.013549	[null,null,262,null]
V1	1	4	FORMAL_V1_G1_P4_M1_RULE_U01	M1_RULE_U01	61	1	A3_RAGGED_DIRECT	466	0.0030670808761583826	0.005319	0.043629	0.000466	0.075266	0.329917	1	0	1	0.011466	[null,null,1153,null]
V1	1	4	FORMAL_V1_G1_P4_M1_RULE_U01	M1_RULE_U01	62	1	A3_RAGGED_DIRECT	439	0.0028893744734625106	0.005324	0.043312	0.000398	0.072514	0.325838	1	0	1	0.012992	[null,null,262,null]
V1	1	4	FORMAL_V1_G1_P4_M1_RULE_U01	M1_RULE_U01	63	1	A3_RAGGED_DIRECT	439	0.0028893744734625106	0.00531	0.043272	0.000369	0.072151	0.328168	1	0	1	0.012922	[null,null,341,null]
V1	1	4	FORMAL_V1_G1_P4_M1_RULE_U01	M1_RULE_U01	64	1	A3_RAGGED_DIRECT	424	0.002790648694187026	0.005345	0.042976	0.00044	0.07243	0.332423	1	0	1	0.013063	[null,null,414,null]
V1	1	4	FORMAL_V1_G1_P4_M1_RULE_U01	M1_RULE_U01	65	1	A3_RAGGED_DIRECT	424	0.002790648694187026	0.005346	0.043147	0.000441	0.075218	0.335266	1	0	1	0.013074	[null,null,330,null]
V1	1	4	FORMAL_V1_G1_P4_M1_RULE_U01	M1_RULE_U01	66	1	A3_RAGGED_DIRECT	4	2.632687447346251e-05	0.005336	0.043363	0.00044	0.072811	0.326818	1	0	1	0.01304	[null,null,6555,null]
V1	1	4	FORMAL_V1_G1_P4_M1_RULE_U01	M1_RULE_U01	67	1	A3_RAGGED_DIRECT	13	8.556234203875316e-05	0.005406	0.043422	0.000446	0.078577	0.336704	1	0	1	0.013419	[null,null,788,null]
V1	1	4	FORMAL_V1_G1_P4_M1_RULE_U01	M1_RULE_U01	68	1	A3_RAGGED_DIRECT	434	0.0028564658803706825	0.005452	0.043264	0.000414	0.076522	0.345649	1	0	1	0.013203	[null,null,220,null]
V1	1	4	FORMAL_V1_G1_P4_M1_RULE_U01	M1_RULE_U01	69	1	A3_RAGGED_DIRECT	434	0.0028564658803706825	0.005349	0.043516	0.000439	0.078717	0.345897	1	0	1	0.013002	[null,null,17,null]
V1	1	4	FORMAL_V1_G1_P4_M1_RULE_U01	M1_RULE_U01	70	1	A3_RAGGED_DIRECT	448	0.0029486099410278013	0.00539	0.043267	0.000412	0.074257	0.344414	1	0	1	0.013556	[null,null,15,null]
V1	1	4	FORMAL_V1_G1_P4_M1_RULE_U01	M1_RULE_U01	71	1	A3_RAGGED_DIRECT	448	0.0029486099410278013	0.005352	0.043319	0.000417	0.07281	0.340185	1	0	1	0.013742	[null,null,345,null]
V1	1	4	FORMAL_V1_G1_P4_M1_RULE_U01	M1_RULE_U01	72	1	A3_RAGGED_DIRECT	424	0.002790648694187026	0.005258	0.043504	0.000403	0.074085	0.332872	1	0	1	0.01336	[null,null,414,null]
V1	1	4	FORMAL_V1_G1_P4_M1_RULE_U01	M1_RULE_U01	73	1	A3_RAGGED_DIRECT	424	0.002790648694187026	0.005406	0.047137	0.000413	0.077174	0.328275	1	0	1	0.015933	[null,null,330,null]
V1	1	4	FORMAL_V1_G1_P4_M1_RULE_U01	M1_RULE_U01	74	1	A3_RAGGED_DIRECT	6	3.9490311710193765e-05	0.005384	0.047378	0.000432	0.076956	0.316142	1	0	1	0.01381	[null,null,3031,null]
V1	1	4	FORMAL_V1_G1_P4_M1_RULE_U01	M1_RULE_U01	75	1	A3_RAGGED_DIRECT	4	2.632687447346251e-05	0.005517	0.0475	0.000422	0.078832	0.322061	1	0	1	0.013033	[null,null,1269,null]
V1	1	4	FORMAL_V1_G1_P4_M1_RULE_U01	M1_RULE_U01	76	1	A3_RAGGED_DIRECT	19	0.0001250526537489469	0.0054	0.04377	0.000416	0.074558	0.335382	1	0	1	0.021952	[null,null,788,null]
V1	1	4	FORMAL_V1_G1_P4_M1_RULE_U01	M1_RULE_U01	77	1	A3_RAGGED_DIRECT	822	0.005410172704296546	0.005362	0.043218	0.000391	0.074859	0.351582	1	0	1	0.0113	[null,null,330,null]
V1	1	4	FORMAL_V1_G1_P4_M1_RULE_U01	M1_RULE_U01	78	1	A0_DENSE_VENDOR	147137	0.9684143323504634	0.005429	0.043753	0.000398	0.071645	0.85495	1	0	0	0.0	[null,null,4816,null]
V1	1	4	FORMAL_V1_G1_P4_M1_RULE_U01	M1_RULE_U01	79	1	A0_DENSE_VENDOR	147137	0.9684143323504634	0.006284	0.043157	0.000423	0.074317	0.845961	1	0	0	0.0	[null,null,425,null]
V1	1	4	FORMAL_V1_G1_P4_M1_RULE_U01	M1_RULE_U01	80	1	A0_DENSE_VENDOR	147137	0.9684143323504634	0.005549	0.044638	0.000412	0.078205	0.812881	1	0	0	0.0	[null,null,756,null]
V1	1	4	FORMAL_V1_G1_P4_M1_RULE_U01	M1_RULE_U01	81	1	A3_RAGGED_DIRECT	424	0.002790648694187026	0.005586	0.044345	0.000442	0.074919	0.331555	1	0	1	0.013505	[null,null,414,null]
V1	1	4	FORMAL_V1_G1_P4_M1_RULE_U01	M1_RULE_U01	82	1	A3_RAGGED_DIRECT	424	0.002790648694187026	0.00548	0.044411	0.000413	0.075954	0.343584	1	0	1	0.01368	[null,null,330,null]
V1	1	4	FORMAL_V1_G1_P4_M1_RULE_U01	M1_RULE_U01	83	1	A3_RAGGED_DIRECT	6	3.9490311710193765e-05	0.005727	0.04807	0.000397	0.077622	0.470395	1	0	1	0.020694	[null,null,13523,null]
V1	1	4	FORMAL_V1_G1_P4_M1_RULE_U01	M1_RULE_U01	84	1	A3_RAGGED_DIRECT	13	8.556234203875316e-05	0.005579	0.044078	0.000405	0.073771	0.32815	1	0	1	0.017781	[null,null,788,null]
V1	1	4	FORMAL_V1_G1_P4_M1_RULE_U01	M1_RULE_U01	85	1	A3_RAGGED_DIRECT	434	0.0028564658803706825	0.005466	0.043187	0.000426	0.070939	0.325999	1	0	1	0.013144	[null,null,220,null]
V1	1	4	FORMAL_V1_G1_P4_M1_RULE_U01	M1_RULE_U01	86	1	A3_RAGGED_DIRECT	434	0.0028564658803706825	0.005425	0.043566	0.000395	0.072859	0.323459	1	0	1	0.013118	[null,null,18,null]
V1	1	4	FORMAL_V1_G1_P4_M1_RULE_U01	M1_RULE_U01	87	1	A3_RAGGED_DIRECT	476	0.003132898062342039	0.005451	0.042936	0.00037	0.070867	0.336243	1	0	1	0.013149	[null,null,198,null]
V1	1	4	FORMAL_V1_G1_P4_M1_RULE_U01	M1_RULE_U01	88	1	A3_RAGGED_DIRECT	466	0.0030670808761583826	0.005331	0.043236	0.000405	0.072708	0.334417	1	0	1	0.01323	[null,null,262,null]
V1	1	4	FORMAL_V1_G1_P4_M1_RULE_U01	M1_RULE_U01	89	1	A3_RAGGED_DIRECT	466	0.0030670808761583826	0.005408	0.043215	0.000393	0.071392	0.323112	1	0	1	0.014349	[null,null,456,null]
V1	1	4	FORMAL_V1_G1_P4_M1_RULE_U01	M1_RULE_U01	90	1	A3_RAGGED_DIRECT	449	0.002955191659646167	0.005402	0.043324	0.000374	0.07297	0.335404	1	0	1	0.013573	[null,null,220,null]
V1	1	4	FORMAL_V1_G1_P4_M1_RULE_U01	M1_RULE_U01	91	1	A3_RAGGED_DIRECT	449	0.002955191659646167	0.005461	0.043204	0.000385	0.071071	0.331476	1	0	1	0.013459	[null,null,5133,null]
V1	1	4	FORMAL_V1_G1_P4_M1_RULE_U01	M1_RULE_U01	92	1	A3_RAGGED_DIRECT	424	0.002790648694187026	0.005422	0.043324	0.000403	0.070811	0.318841	1	0	1	0.011356	[null,null,92,null]
V1	1	4	FORMAL_V1_G1_P4_M1_RULE_U01	M1_RULE_U01	93	1	A3_RAGGED_DIRECT	1	6.581718618365627e-06	0.005361	0.043209	0.000405	0.070949	0.174954	0	1	0	0.0	[null,null,151645,null]
V1	1	4	FORMAL_V1_G1_P4_B0_STRONG	B0_STRONG	0	4	A0_DENSE_VENDOR			0.0	0.0	0.0	0.0	1.641589	4	0	0	0.0	[515,515,515,515]
V1	1	4	FORMAL_V1_G1_P4_B0_STRONG	B0_STRONG	1	4	A0_DENSE_VENDOR			0.0	0.0	0.0	0.0	0.754039	4	0	0	0.0	[220,220,220,220]
V1	1	4	FORMAL_V1_G1_P4_B0_STRONG	B0_STRONG	2	4	A0_DENSE_VENDOR			0.0	0.0	0.0	0.0	0.747183	4	0	0	0.0	[330,330,330,330]
V1	1	4	FORMAL_V1_G1_P4_B0_STRONG	B0_STRONG	3	4	A0_DENSE_VENDOR			0.0	0.0	0.0	0.0	0.715763	4	0	0	0.0	[4129,4129,29642,5113]
V1	1	4	FORMAL_V1_G1_P4_B0_STRONG	B0_STRONG	4	4	A0_DENSE_VENDOR			0.0	0.0	0.0	0.0	0.691084	4	0	0	0.0	[788,788,258,788]
V1	1	4	FORMAL_V1_G1_P4_B0_STRONG	B0_STRONG	5	4	A0_DENSE_VENDOR			0.0	0.0	0.0	0.0	0.727989	3	1	0	0.0	[220,220,70,330]
V1	1	4	FORMAL_V1_G1_P4_B0_STRONG	B0_STRONG	6	4	A0_DENSE_VENDOR			0.0	0.0	0.0	0.0	0.836055	4	0	0	0.0	[16,16,6744,13079]
V1	1	4	FORMAL_V1_G1_P4_B0_STRONG	B0_STRONG	7	4	A0_DENSE_VENDOR			0.0	0.0	0.0	0.0	0.836194	4	0	0	0.0	[17,17,788,35]
V1	1	4	FORMAL_V1_G1_P4_B0_STRONG	B0_STRONG	8	4	A0_DENSE_VENDOR			0.0	0.0	0.0	0.0	0.826346	4	0	0	0.0	[198,198,330,4644]
V1	1	4	FORMAL_V1_G1_P4_B0_STRONG	B0_STRONG	9	4	A0_DENSE_VENDOR			0.0	0.0	0.0	0.0	0.908814	4	0	0	0.0	[92,92,16,16]
V1	1	4	FORMAL_V1_G1_P4_B0_STRONG	B0_STRONG	10	4	A0_DENSE_VENDOR			0.0	0.0	0.0	0.0	0.890326	2	2	0	0.0	[151645,151645,17,17]
V1	1	4	FORMAL_V1_G1_P4_B0_STRONG	B0_STRONG	11	2	A0_DENSE_VENDOR			0.0	0.0	0.0	0.0	0.875925	2	0	0	0.0	[null,null,18,18]
V1	1	4	FORMAL_V1_G1_P4_B0_STRONG	B0_STRONG	12	2	A0_DENSE_VENDOR			0.0	0.0	0.0	0.0	0.874494	2	0	0	0.0	[null,null,4697,698]
V1	1	4	FORMAL_V1_G1_P4_B0_STRONG	B0_STRONG	13	2	A0_DENSE_VENDOR			0.0	0.0	0.0	0.0	0.773982	2	0	0	0.0	[null,null,794,92]
V1	1	4	FORMAL_V1_G1_P4_B0_STRONG	B0_STRONG	14	2	A0_DENSE_VENDOR			0.0	0.0	0.0	0.0	0.774982	1	1	0	0.0	[null,null,11,151645]
V1	1	4	FORMAL_V1_G1_P4_B0_STRONG	B0_STRONG	15	1	A0_DENSE_VENDOR			0.0	0.0	0.0	0.0	0.756363	1	0	0	0.0	[null,null,5765,null]
V1	1	4	FORMAL_V1_G1_P4_B0_STRONG	B0_STRONG	16	1	A0_DENSE_VENDOR			0.0	0.0	0.0	0.0	0.763401	1	0	0	0.0	[null,null,27831,null]
V1	1	4	FORMAL_V1_G1_P4_B0_STRONG	B0_STRONG	17	1	A0_DENSE_VENDOR			0.0	0.0	0.0	0.0	0.760804	1	0	0	0.0	[null,null,11,null]
V1	1	4	FORMAL_V1_G1_P4_B0_STRONG	B0_STRONG	18	1	A0_DENSE_VENDOR			0.0	0.0	0.0	0.0	0.757466	1	0	0	0.0	[null,null,7279,null]
V1	1	4	FORMAL_V1_G1_P4_B0_STRONG	B0_STRONG	19	1	A0_DENSE_VENDOR			0.0	0.0	0.0	0.0	0.752931	1	0	0	0.0	[null,null,756,null]
V1	1	4	FORMAL_V1_G1_P4_B0_STRONG	B0_STRONG	20	1	A0_DENSE_VENDOR			0.0	0.0	0.0	0.0	0.665894	1	0	0	0.0	[null,null,220,null]
V1	1	4	FORMAL_V1_G1_P4_B0_STRONG	B0_STRONG	21	1	A0_DENSE_VENDOR			0.0	0.0	0.0	0.0	0.664255	1	0	0	0.0	[null,null,330,null]
V1	1	4	FORMAL_V1_G1_P4_B0_STRONG	B0_STRONG	22	1	A0_DENSE_VENDOR			0.0	0.0	0.0	0.0	0.649397	1	0	0	0.0	[null,null,11049,null]
V1	1	4	FORMAL_V1_G1_P4_B0_STRONG	B0_STRONG	23	1	A0_DENSE_VENDOR			0.0	0.0	0.0	0.0	0.648953	1	0	0	0.0	[null,null,1269,null]
V1	1	4	FORMAL_V1_G1_P4_B0_STRONG	B0_STRONG	24	1	A0_DENSE_VENDOR			0.0	0.0	0.0	0.0	0.650933	1	0	0	0.0	[null,null,788,null]
V1	1	4	FORMAL_V1_G1_P4_B0_STRONG	B0_STRONG	25	1	A0_DENSE_VENDOR			0.0	0.0	0.0	0.0	0.675266	1	0	0	0.0	[null,null,330,null]
V1	1	4	FORMAL_V1_G1_P4_B0_STRONG	B0_STRONG	26	1	A0_DENSE_VENDOR			0.0	0.0	0.0	0.0	0.761891	1	0	0	0.0	[null,null,13079,null]
V1	1	4	FORMAL_V1_G1_P4_B0_STRONG	B0_STRONG	27	1	A0_DENSE_VENDOR			0.0	0.0	0.0	0.0	0.760229	1	0	0	0.0	[null,null,49628,null]
V1	1	4	FORMAL_V1_G1_P4_B0_STRONG	B0_STRONG	28	1	A0_DENSE_VENDOR			0.0	0.0	0.0	0.0	0.765659	1	0	0	0.0	[null,null,756,null]
V1	1	4	FORMAL_V1_G1_P4_B0_STRONG	B0_STRONG	29	1	A0_DENSE_VENDOR			0.0	0.0	0.0	0.0	0.671171	1	0	0	0.0	[null,null,220,null]
V1	1	4	FORMAL_V1_G1_P4_B0_STRONG	B0_STRONG	30	1	A0_DENSE_VENDOR			0.0	0.0	0.0	0.0	0.669792	1	0	0	0.0	[null,null,330,null]
V1	1	4	FORMAL_V1_G1_P4_B0_STRONG	B0_STRONG	31	1	A0_DENSE_VENDOR			0.0	0.0	0.0	0.0	0.647255	1	0	0	0.0	[null,null,3615,null]
V1	1	4	FORMAL_V1_G1_P4_B0_STRONG	B0_STRONG	32	1	A0_DENSE_VENDOR			0.0	0.0	0.0	0.0	0.650948	1	0	0	0.0	[null,null,788,null]
V1	1	4	FORMAL_V1_G1_P4_B0_STRONG	B0_STRONG	33	1	A0_DENSE_VENDOR			0.0	0.0	0.0	0.0	0.666336	1	0	0	0.0	[null,null,2278,null]
V1	1	4	FORMAL_V1_G1_P4_B0_STRONG	B0_STRONG	34	1	A0_DENSE_VENDOR			0.0	0.0	0.0	0.0	0.664594	1	0	0	0.0	[null,null,262,null]
V1	1	4	FORMAL_V1_G1_P4_B0_STRONG	B0_STRONG	35	1	A0_DENSE_VENDOR			0.0	0.0	0.0	0.0	0.664722	1	0	0	0.0	[null,null,341,null]
V1	1	4	FORMAL_V1_G1_P4_B0_STRONG	B0_STRONG	36	1	A0_DENSE_VENDOR			0.0	0.0	0.0	0.0	0.664679	1	0	0	0.0	[null,null,414,null]
V1	1	4	FORMAL_V1_G1_P4_B0_STRONG	B0_STRONG	37	1	A0_DENSE_VENDOR			0.0	0.0	0.0	0.0	0.660526	1	0	0	0.0	[null,null,330,null]
V1	1	4	FORMAL_V1_G1_P4_B0_STRONG	B0_STRONG	38	1	A0_DENSE_VENDOR			0.0	0.0	0.0	0.0	0.653423	1	0	0	0.0	[null,null,6555,null]
V1	1	4	FORMAL_V1_G1_P4_B0_STRONG	B0_STRONG	39	1	A0_DENSE_VENDOR			0.0	0.0	0.0	0.0	0.651215	1	0	0	0.0	[null,null,788,null]
V1	1	4	FORMAL_V1_G1_P4_B0_STRONG	B0_STRONG	40	1	A0_DENSE_VENDOR			0.0	0.0	0.0	0.0	0.667326	1	0	0	0.0	[null,null,220,null]
V1	1	4	FORMAL_V1_G1_P4_B0_STRONG	B0_STRONG	41	1	A0_DENSE_VENDOR			0.0	0.0	0.0	0.0	0.666603	1	0	0	0.0	[null,null,16,null]
V1	1	4	FORMAL_V1_G1_P4_B0_STRONG	B0_STRONG	42	1	A0_DENSE_VENDOR			0.0	0.0	0.0	0.0	0.670829	1	0	0	0.0	[null,null,15,null]
V1	1	4	FORMAL_V1_G1_P4_B0_STRONG	B0_STRONG	43	1	A0_DENSE_VENDOR			0.0	0.0	0.0	0.0	0.670295	1	0	0	0.0	[null,null,345,null]
V1	1	4	FORMAL_V1_G1_P4_B0_STRONG	B0_STRONG	44	1	A0_DENSE_VENDOR			0.0	0.0	0.0	0.0	0.665068	1	0	0	0.0	[null,null,414,null]
V1	1	4	FORMAL_V1_G1_P4_B0_STRONG	B0_STRONG	45	1	A0_DENSE_VENDOR			0.0	0.0	0.0	0.0	0.663963	1	0	0	0.0	[null,null,330,null]
V1	1	4	FORMAL_V1_G1_P4_B0_STRONG	B0_STRONG	46	1	A0_DENSE_VENDOR			0.0	0.0	0.0	0.0	0.654501	1	0	0	0.0	[null,null,3031,null]
V1	1	4	FORMAL_V1_G1_P4_B0_STRONG	B0_STRONG	47	1	A0_DENSE_VENDOR			0.0	0.0	0.0	0.0	0.65371	1	0	0	0.0	[null,null,1269,null]
V1	1	4	FORMAL_V1_G1_P4_B0_STRONG	B0_STRONG	48	1	A0_DENSE_VENDOR			0.0	0.0	0.0	0.0	0.654253	1	0	0	0.0	[null,null,788,null]
V1	1	4	FORMAL_V1_G1_P4_B0_STRONG	B0_STRONG	49	1	A0_DENSE_VENDOR			0.0	0.0	0.0	0.0	0.682543	1	0	0	0.0	[null,null,330,null]
V1	1	4	FORMAL_V1_G1_P4_B0_STRONG	B0_STRONG	50	1	A0_DENSE_VENDOR			0.0	0.0	0.0	0.0	0.768985	1	0	0	0.0	[null,null,4816,null]
V1	1	4	FORMAL_V1_G1_P4_B0_STRONG	B0_STRONG	51	1	A0_DENSE_VENDOR			0.0	0.0	0.0	0.0	0.744796	1	0	0	0.0	[null,null,362,null]
V1	1	4	FORMAL_V1_G1_P4_B0_STRONG	B0_STRONG	52	1	A0_DENSE_VENDOR			0.0	0.0	0.0	0.0	0.743517	1	0	0	0.0	[null,null,756,null]
V1	1	4	FORMAL_V1_G1_P4_B0_STRONG	B0_STRONG	53	1	A0_DENSE_VENDOR			0.0	0.0	0.0	0.0	0.675496	1	0	0	0.0	[null,null,414,null]
V1	1	4	FORMAL_V1_G1_P4_B0_STRONG	B0_STRONG	54	1	A0_DENSE_VENDOR			0.0	0.0	0.0	0.0	0.668281	1	0	0	0.0	[null,null,330,null]
V1	1	4	FORMAL_V1_G1_P4_B0_STRONG	B0_STRONG	55	1	A0_DENSE_VENDOR			0.0	0.0	0.0	0.0	0.65466	1	0	0	0.0	[null,null,13523,null]
V1	1	4	FORMAL_V1_G1_P4_B0_STRONG	B0_STRONG	56	1	A0_DENSE_VENDOR			0.0	0.0	0.0	0.0	0.652321	1	0	0	0.0	[null,null,788,null]
V1	1	4	FORMAL_V1_G1_P4_B0_STRONG	B0_STRONG	57	1	A0_DENSE_VENDOR			0.0	0.0	0.0	0.0	0.669133	1	0	0	0.0	[null,null,220,null]
V1	1	4	FORMAL_V1_G1_P4_B0_STRONG	B0_STRONG	58	1	A0_DENSE_VENDOR			0.0	0.0	0.0	0.0	0.66911	1	0	0	0.0	[null,null,17,null]
V1	1	4	FORMAL_V1_G1_P4_B0_STRONG	B0_STRONG	59	1	A0_DENSE_VENDOR			0.0	0.0	0.0	0.0	0.659979	1	0	0	0.0	[null,null,198,null]
V1	1	4	FORMAL_V1_G1_P4_B0_STRONG	B0_STRONG	60	1	A0_DENSE_VENDOR			0.0	0.0	0.0	0.0	0.670917	1	0	0	0.0	[null,null,262,null]
V1	1	4	FORMAL_V1_G1_P4_B0_STRONG	B0_STRONG	61	1	A0_DENSE_VENDOR			0.0	0.0	0.0	0.0	0.670721	1	0	0	0.0	[null,null,1153,null]
V1	1	4	FORMAL_V1_G1_P4_B0_STRONG	B0_STRONG	62	1	A0_DENSE_VENDOR			0.0	0.0	0.0	0.0	0.659523	1	0	0	0.0	[null,null,262,null]
V1	1	4	FORMAL_V1_G1_P4_B0_STRONG	B0_STRONG	63	1	A0_DENSE_VENDOR			0.0	0.0	0.0	0.0	0.670329	1	0	0	0.0	[null,null,341,null]
V1	1	4	FORMAL_V1_G1_P4_B0_STRONG	B0_STRONG	64	1	A0_DENSE_VENDOR			0.0	0.0	0.0	0.0	0.667773	1	0	0	0.0	[null,null,414,null]
V1	1	4	FORMAL_V1_G1_P4_B0_STRONG	B0_STRONG	65	1	A0_DENSE_VENDOR			0.0	0.0	0.0	0.0	0.66181	1	0	0	0.0	[null,null,330,null]
V1	1	4	FORMAL_V1_G1_P4_B0_STRONG	B0_STRONG	66	1	A0_DENSE_VENDOR			0.0	0.0	0.0	0.0	0.656169	1	0	0	0.0	[null,null,6555,null]
V1	1	4	FORMAL_V1_G1_P4_B0_STRONG	B0_STRONG	67	1	A0_DENSE_VENDOR			0.0	0.0	0.0	0.0	0.652899	1	0	0	0.0	[null,null,788,null]
V1	1	4	FORMAL_V1_G1_P4_B0_STRONG	B0_STRONG	68	1	A0_DENSE_VENDOR			0.0	0.0	0.0	0.0	0.665959	1	0	0	0.0	[null,null,220,null]
V1	1	4	FORMAL_V1_G1_P4_B0_STRONG	B0_STRONG	69	1	A0_DENSE_VENDOR			0.0	0.0	0.0	0.0	0.67209	1	0	0	0.0	[null,null,17,null]
V1	1	4	FORMAL_V1_G1_P4_B0_STRONG	B0_STRONG	70	1	A0_DENSE_VENDOR			0.0	0.0	0.0	0.0	0.669102	1	0	0	0.0	[null,null,15,null]
V1	1	4	FORMAL_V1_G1_P4_B0_STRONG	B0_STRONG	71	1	A0_DENSE_VENDOR			0.0	0.0	0.0	0.0	0.667559	1	0	0	0.0	[null,null,345,null]
V1	1	4	FORMAL_V1_G1_P4_B0_STRONG	B0_STRONG	72	1	A0_DENSE_VENDOR			0.0	0.0	0.0	0.0	0.663898	1	0	0	0.0	[null,null,414,null]
V1	1	4	FORMAL_V1_G1_P4_B0_STRONG	B0_STRONG	73	1	A0_DENSE_VENDOR			0.0	0.0	0.0	0.0	0.667762	1	0	0	0.0	[null,null,330,null]
V1	1	4	FORMAL_V1_G1_P4_B0_STRONG	B0_STRONG	74	1	A0_DENSE_VENDOR			0.0	0.0	0.0	0.0	0.655236	1	0	0	0.0	[null,null,3031,null]
V1	1	4	FORMAL_V1_G1_P4_B0_STRONG	B0_STRONG	75	1	A0_DENSE_VENDOR			0.0	0.0	0.0	0.0	0.655629	1	0	0	0.0	[null,null,1269,null]
V1	1	4	FORMAL_V1_G1_P4_B0_STRONG	B0_STRONG	76	1	A0_DENSE_VENDOR			0.0	0.0	0.0	0.0	0.662034	1	0	0	0.0	[null,null,788,null]
V1	1	4	FORMAL_V1_G1_P4_B0_STRONG	B0_STRONG	77	1	A0_DENSE_VENDOR			0.0	0.0	0.0	0.0	0.682477	1	0	0	0.0	[null,null,330,null]
V1	1	4	FORMAL_V1_G1_P4_B0_STRONG	B0_STRONG	78	1	A0_DENSE_VENDOR			0.0	0.0	0.0	0.0	0.76291	1	0	0	0.0	[null,null,4816,null]
V1	1	4	FORMAL_V1_G1_P4_B0_STRONG	B0_STRONG	79	1	A0_DENSE_VENDOR			0.0	0.0	0.0	0.0	0.761466	1	0	0	0.0	[null,null,425,null]
V1	1	4	FORMAL_V1_G1_P4_B0_STRONG	B0_STRONG	80	1	A0_DENSE_VENDOR			0.0	0.0	0.0	0.0	0.751465	1	0	0	0.0	[null,null,756,null]
V1	1	4	FORMAL_V1_G1_P4_B0_STRONG	B0_STRONG	81	1	A0_DENSE_VENDOR			0.0	0.0	0.0	0.0	0.667167	1	0	0	0.0	[null,null,414,null]
V1	1	4	FORMAL_V1_G1_P4_B0_STRONG	B0_STRONG	82	1	A0_DENSE_VENDOR			0.0	0.0	0.0	0.0	0.674376	1	0	0	0.0	[null,null,330,null]
V1	1	4	FORMAL_V1_G1_P4_B0_STRONG	B0_STRONG	83	1	A0_DENSE_VENDOR			0.0	0.0	0.0	0.0	0.656748	1	0	0	0.0	[null,null,13523,null]
V1	1	4	FORMAL_V1_G1_P4_B0_STRONG	B0_STRONG	84	1	A0_DENSE_VENDOR			0.0	0.0	0.0	0.0	0.667436	1	0	0	0.0	[null,null,788,null]
V1	1	4	FORMAL_V1_G1_P4_B0_STRONG	B0_STRONG	85	1	A0_DENSE_VENDOR			0.0	0.0	0.0	0.0	0.658988	1	0	0	0.0	[null,null,220,null]
V1	1	4	FORMAL_V1_G1_P4_B0_STRONG	B0_STRONG	86	1	A0_DENSE_VENDOR			0.0	0.0	0.0	0.0	0.670325	1	0	0	0.0	[null,null,18,null]
V1	1	4	FORMAL_V1_G1_P4_B0_STRONG	B0_STRONG	87	1	A0_DENSE_VENDOR			0.0	0.0	0.0	0.0	0.663398	1	0	0	0.0	[null,null,198,null]
V1	1	4	FORMAL_V1_G1_P4_B0_STRONG	B0_STRONG	88	1	A0_DENSE_VENDOR			0.0	0.0	0.0	0.0	0.6672	1	0	0	0.0	[null,null,262,null]
V1	1	4	FORMAL_V1_G1_P4_B0_STRONG	B0_STRONG	89	1	A0_DENSE_VENDOR			0.0	0.0	0.0	0.0	0.673643	1	0	0	0.0	[null,null,456,null]
V1	1	4	FORMAL_V1_G1_P4_B0_STRONG	B0_STRONG	90	1	A0_DENSE_VENDOR			0.0	0.0	0.0	0.0	0.670061	1	0	0	0.0	[null,null,220,null]
V1	1	4	FORMAL_V1_G1_P4_B0_STRONG	B0_STRONG	91	1	A0_DENSE_VENDOR			0.0	0.0	0.0	0.0	0.663099	1	0	0	0.0	[null,null,5133,null]
V1	1	4	FORMAL_V1_G1_P4_B0_STRONG	B0_STRONG	92	1	A0_DENSE_VENDOR			0.0	0.0	0.0	0.0	0.661098	1	0	0	0.0	[null,null,92,null]
V1	1	4	FORMAL_V1_G1_P4_B0_STRONG	B0_STRONG	93	1	A0_DENSE_VENDOR			0.0	0.0	0.0	0.0	0.122034	0	1	0	0.0	[null,null,151645,null]
V1	2	0	FORMAL_V1_G2_P0_B0_STRONG	B0_STRONG	0	4	A0_DENSE_VENDOR			0.0	0.0	0.0	0.0	1.429746	4	0	0	0.0	[515,515,515,515]
V1	2	0	FORMAL_V1_G2_P0_B0_STRONG	B0_STRONG	1	4	A0_DENSE_VENDOR			0.0	0.0	0.0	0.0	0.724619	4	0	0	0.0	[220,220,220,220]
V1	2	0	FORMAL_V1_G2_P0_B0_STRONG	B0_STRONG	2	4	A0_DENSE_VENDOR			0.0	0.0	0.0	0.0	0.725905	4	0	0	0.0	[330,330,330,330]
V1	2	0	FORMAL_V1_G2_P0_B0_STRONG	B0_STRONG	3	4	A0_DENSE_VENDOR			0.0	0.0	0.0	0.0	0.679602	4	0	0	0.0	[4129,4129,29642,5113]
V1	2	0	FORMAL_V1_G2_P0_B0_STRONG	B0_STRONG	4	4	A0_DENSE_VENDOR			0.0	0.0	0.0	0.0	0.693496	4	0	0	0.0	[788,788,258,788]
V1	2	0	FORMAL_V1_G2_P0_B0_STRONG	B0_STRONG	5	4	A0_DENSE_VENDOR			0.0	0.0	0.0	0.0	0.71934	3	1	0	0.0	[220,220,70,330]
V1	2	0	FORMAL_V1_G2_P0_B0_STRONG	B0_STRONG	6	4	A0_DENSE_VENDOR			0.0	0.0	0.0	0.0	0.836818	4	0	0	0.0	[16,16,6744,13079]
V1	2	0	FORMAL_V1_G2_P0_B0_STRONG	B0_STRONG	7	4	A0_DENSE_VENDOR			0.0	0.0	0.0	0.0	0.82557	4	0	0	0.0	[17,17,788,35]
V1	2	0	FORMAL_V1_G2_P0_B0_STRONG	B0_STRONG	8	4	A0_DENSE_VENDOR			0.0	0.0	0.0	0.0	0.815004	4	0	0	0.0	[198,198,330,4644]
V1	2	0	FORMAL_V1_G2_P0_B0_STRONG	B0_STRONG	9	4	A0_DENSE_VENDOR			0.0	0.0	0.0	0.0	0.902617	4	0	0	0.0	[92,92,16,16]
V1	2	0	FORMAL_V1_G2_P0_B0_STRONG	B0_STRONG	10	4	A0_DENSE_VENDOR			0.0	0.0	0.0	0.0	0.879022	2	2	0	0.0	[151645,151645,17,17]
V1	2	0	FORMAL_V1_G2_P0_B0_STRONG	B0_STRONG	11	2	A0_DENSE_VENDOR			0.0	0.0	0.0	0.0	0.866826	2	0	0	0.0	[null,null,18,18]
V1	2	0	FORMAL_V1_G2_P0_B0_STRONG	B0_STRONG	12	2	A0_DENSE_VENDOR			0.0	0.0	0.0	0.0	0.866564	2	0	0	0.0	[null,null,4697,698]
V1	2	0	FORMAL_V1_G2_P0_B0_STRONG	B0_STRONG	13	2	A0_DENSE_VENDOR			0.0	0.0	0.0	0.0	0.783466	2	0	0	0.0	[null,null,794,92]
V1	2	0	FORMAL_V1_G2_P0_B0_STRONG	B0_STRONG	14	2	A0_DENSE_VENDOR			0.0	0.0	0.0	0.0	0.781797	1	1	0	0.0	[null,null,11,151645]
V1	2	0	FORMAL_V1_G2_P0_B0_STRONG	B0_STRONG	15	1	A0_DENSE_VENDOR			0.0	0.0	0.0	0.0	0.780097	1	0	0	0.0	[null,null,5765,null]
V1	2	0	FORMAL_V1_G2_P0_B0_STRONG	B0_STRONG	16	1	A0_DENSE_VENDOR			0.0	0.0	0.0	0.0	0.789133	1	0	0	0.0	[null,null,27831,null]
V1	2	0	FORMAL_V1_G2_P0_B0_STRONG	B0_STRONG	17	1	A0_DENSE_VENDOR			0.0	0.0	0.0	0.0	0.775814	1	0	0	0.0	[null,null,11,null]
V1	2	0	FORMAL_V1_G2_P0_B0_STRONG	B0_STRONG	18	1	A0_DENSE_VENDOR			0.0	0.0	0.0	0.0	0.779408	1	0	0	0.0	[null,null,7279,null]
V1	2	0	FORMAL_V1_G2_P0_B0_STRONG	B0_STRONG	19	1	A0_DENSE_VENDOR			0.0	0.0	0.0	0.0	0.807811	1	0	0	0.0	[null,null,756,null]
V1	2	0	FORMAL_V1_G2_P0_B0_STRONG	B0_STRONG	20	1	A0_DENSE_VENDOR			0.0	0.0	0.0	0.0	0.705144	1	0	0	0.0	[null,null,220,null]
V1	2	0	FORMAL_V1_G2_P0_B0_STRONG	B0_STRONG	21	1	A0_DENSE_VENDOR			0.0	0.0	0.0	0.0	0.701875	1	0	0	0.0	[null,null,330,null]
V1	2	0	FORMAL_V1_G2_P0_B0_STRONG	B0_STRONG	22	1	A0_DENSE_VENDOR			0.0	0.0	0.0	0.0	0.683173	1	0	0	0.0	[null,null,11049,null]
V1	2	0	FORMAL_V1_G2_P0_B0_STRONG	B0_STRONG	23	1	A0_DENSE_VENDOR			0.0	0.0	0.0	0.0	0.704371	1	0	0	0.0	[null,null,1269,null]
V1	2	0	FORMAL_V1_G2_P0_B0_STRONG	B0_STRONG	24	1	A0_DENSE_VENDOR			0.0	0.0	0.0	0.0	0.698624	1	0	0	0.0	[null,null,788,null]
V1	2	0	FORMAL_V1_G2_P0_B0_STRONG	B0_STRONG	25	1	A0_DENSE_VENDOR			0.0	0.0	0.0	0.0	0.72202	1	0	0	0.0	[null,null,330,null]
V1	2	0	FORMAL_V1_G2_P0_B0_STRONG	B0_STRONG	26	1	A0_DENSE_VENDOR			0.0	0.0	0.0	0.0	0.803905	1	0	0	0.0	[null,null,13079,null]
V1	2	0	FORMAL_V1_G2_P0_B0_STRONG	B0_STRONG	27	1	A0_DENSE_VENDOR			0.0	0.0	0.0	0.0	0.834592	1	0	0	0.0	[null,null,49628,null]
V1	2	0	FORMAL_V1_G2_P0_B0_STRONG	B0_STRONG	28	1	A0_DENSE_VENDOR			0.0	0.0	0.0	0.0	0.824001	1	0	0	0.0	[null,null,756,null]
V1	2	0	FORMAL_V1_G2_P0_B0_STRONG	B0_STRONG	29	1	A0_DENSE_VENDOR			0.0	0.0	0.0	0.0	0.718534	1	0	0	0.0	[null,null,220,null]
V1	2	0	FORMAL_V1_G2_P0_B0_STRONG	B0_STRONG	30	1	A0_DENSE_VENDOR			0.0	0.0	0.0	0.0	0.727782	1	0	0	0.0	[null,null,330,null]
V1	2	0	FORMAL_V1_G2_P0_B0_STRONG	B0_STRONG	31	1	A0_DENSE_VENDOR			0.0	0.0	0.0	0.0	0.69665	1	0	0	0.0	[null,null,3615,null]
V1	2	0	FORMAL_V1_G2_P0_B0_STRONG	B0_STRONG	32	1	A0_DENSE_VENDOR			0.0	0.0	0.0	0.0	0.710578	1	0	0	0.0	[null,null,788,null]
V1	2	0	FORMAL_V1_G2_P0_B0_STRONG	B0_STRONG	33	1	A0_DENSE_VENDOR			0.0	0.0	0.0	0.0	0.728733	1	0	0	0.0	[null,null,2278,null]
V1	2	0	FORMAL_V1_G2_P0_B0_STRONG	B0_STRONG	34	1	A0_DENSE_VENDOR			0.0	0.0	0.0	0.0	0.7173	1	0	0	0.0	[null,null,262,null]
V1	2	0	FORMAL_V1_G2_P0_B0_STRONG	B0_STRONG	35	1	A0_DENSE_VENDOR			0.0	0.0	0.0	0.0	0.727917	1	0	0	0.0	[null,null,341,null]
V1	2	0	FORMAL_V1_G2_P0_B0_STRONG	B0_STRONG	36	1	A0_DENSE_VENDOR			0.0	0.0	0.0	0.0	0.724398	1	0	0	0.0	[null,null,414,null]
V1	2	0	FORMAL_V1_G2_P0_B0_STRONG	B0_STRONG	37	1	A0_DENSE_VENDOR			0.0	0.0	0.0	0.0	0.723052	1	0	0	0.0	[null,null,330,null]
V1	2	0	FORMAL_V1_G2_P0_B0_STRONG	B0_STRONG	38	1	A0_DENSE_VENDOR			0.0	0.0	0.0	0.0	0.705184	1	0	0	0.0	[null,null,6555,null]
V1	2	0	FORMAL_V1_G2_P0_B0_STRONG	B0_STRONG	39	1	A0_DENSE_VENDOR			0.0	0.0	0.0	0.0	0.723024	1	0	0	0.0	[null,null,788,null]
V1	2	0	FORMAL_V1_G2_P0_B0_STRONG	B0_STRONG	40	1	A0_DENSE_VENDOR			0.0	0.0	0.0	0.0	0.727162	1	0	0	0.0	[null,null,220,null]
V1	2	0	FORMAL_V1_G2_P0_B0_STRONG	B0_STRONG	41	1	A0_DENSE_VENDOR			0.0	0.0	0.0	0.0	0.737291	1	0	0	0.0	[null,null,16,null]
V1	2	0	FORMAL_V1_G2_P0_B0_STRONG	B0_STRONG	42	1	A0_DENSE_VENDOR			0.0	0.0	0.0	0.0	0.733899	1	0	0	0.0	[null,null,15,null]
V1	2	0	FORMAL_V1_G2_P0_B0_STRONG	B0_STRONG	43	1	A0_DENSE_VENDOR			0.0	0.0	0.0	0.0	0.738369	1	0	0	0.0	[null,null,345,null]
V1	2	0	FORMAL_V1_G2_P0_B0_STRONG	B0_STRONG	44	1	A0_DENSE_VENDOR			0.0	0.0	0.0	0.0	0.725934	1	0	0	0.0	[null,null,414,null]
V1	2	0	FORMAL_V1_G2_P0_B0_STRONG	B0_STRONG	45	1	A0_DENSE_VENDOR			0.0	0.0	0.0	0.0	0.728694	1	0	0	0.0	[null,null,330,null]
V1	2	0	FORMAL_V1_G2_P0_B0_STRONG	B0_STRONG	46	1	A0_DENSE_VENDOR			0.0	0.0	0.0	0.0	0.70923	1	0	0	0.0	[null,null,3031,null]
V1	2	0	FORMAL_V1_G2_P0_B0_STRONG	B0_STRONG	47	1	A0_DENSE_VENDOR			0.0	0.0	0.0	0.0	0.717921	1	0	0	0.0	[null,null,1269,null]
V1	2	0	FORMAL_V1_G2_P0_B0_STRONG	B0_STRONG	48	1	A0_DENSE_VENDOR			0.0	0.0	0.0	0.0	0.71455	1	0	0	0.0	[null,null,788,null]
V1	2	0	FORMAL_V1_G2_P0_B0_STRONG	B0_STRONG	49	1	A0_DENSE_VENDOR			0.0	0.0	0.0	0.0	0.750057	1	0	0	0.0	[null,null,330,null]
V1	2	0	FORMAL_V1_G2_P0_B0_STRONG	B0_STRONG	50	1	A0_DENSE_VENDOR			0.0	0.0	0.0	0.0	0.846111	1	0	0	0.0	[null,null,4816,null]
V1	2	0	FORMAL_V1_G2_P0_B0_STRONG	B0_STRONG	51	1	A0_DENSE_VENDOR			0.0	0.0	0.0	0.0	0.862086	1	0	0	0.0	[null,null,362,null]
V1	2	0	FORMAL_V1_G2_P0_B0_STRONG	B0_STRONG	52	1	A0_DENSE_VENDOR			0.0	0.0	0.0	0.0	0.846648	1	0	0	0.0	[null,null,756,null]
V1	2	0	FORMAL_V1_G2_P0_B0_STRONG	B0_STRONG	53	1	A0_DENSE_VENDOR			0.0	0.0	0.0	0.0	0.738208	1	0	0	0.0	[null,null,414,null]
V1	2	0	FORMAL_V1_G2_P0_B0_STRONG	B0_STRONG	54	1	A0_DENSE_VENDOR			0.0	0.0	0.0	0.0	0.731187	1	0	0	0.0	[null,null,330,null]
V1	2	0	FORMAL_V1_G2_P0_B0_STRONG	B0_STRONG	55	1	A0_DENSE_VENDOR			0.0	0.0	0.0	0.0	0.722753	1	0	0	0.0	[null,null,13523,null]
V1	2	0	FORMAL_V1_G2_P0_B0_STRONG	B0_STRONG	56	1	A0_DENSE_VENDOR			0.0	0.0	0.0	0.0	0.734935	1	0	0	0.0	[null,null,788,null]
V1	2	0	FORMAL_V1_G2_P0_B0_STRONG	B0_STRONG	57	1	A0_DENSE_VENDOR			0.0	0.0	0.0	0.0	0.74428	1	0	0	0.0	[null,null,220,null]
V1	2	0	FORMAL_V1_G2_P0_B0_STRONG	B0_STRONG	58	1	A0_DENSE_VENDOR			0.0	0.0	0.0	0.0	0.735545	1	0	0	0.0	[null,null,17,null]
V1	2	0	FORMAL_V1_G2_P0_B0_STRONG	B0_STRONG	59	1	A0_DENSE_VENDOR			0.0	0.0	0.0	0.0	0.735821	1	0	0	0.0	[null,null,198,null]
V1	2	0	FORMAL_V1_G2_P0_B0_STRONG	B0_STRONG	60	1	A0_DENSE_VENDOR			0.0	0.0	0.0	0.0	0.736028	1	0	0	0.0	[null,null,262,null]
V1	2	0	FORMAL_V1_G2_P0_B0_STRONG	B0_STRONG	61	1	A0_DENSE_VENDOR			0.0	0.0	0.0	0.0	0.738669	1	0	0	0.0	[null,null,1153,null]
V1	2	0	FORMAL_V1_G2_P0_B0_STRONG	B0_STRONG	62	1	A0_DENSE_VENDOR			0.0	0.0	0.0	0.0	0.737806	1	0	0	0.0	[null,null,262,null]
V1	2	0	FORMAL_V1_G2_P0_B0_STRONG	B0_STRONG	63	1	A0_DENSE_VENDOR			0.0	0.0	0.0	0.0	0.736632	1	0	0	0.0	[null,null,341,null]
V1	2	0	FORMAL_V1_G2_P0_B0_STRONG	B0_STRONG	64	1	A0_DENSE_VENDOR			0.0	0.0	0.0	0.0	0.744291	1	0	0	0.0	[null,null,414,null]
V1	2	0	FORMAL_V1_G2_P0_B0_STRONG	B0_STRONG	65	1	A0_DENSE_VENDOR			0.0	0.0	0.0	0.0	0.746205	1	0	0	0.0	[null,null,330,null]
V1	2	0	FORMAL_V1_G2_P0_B0_STRONG	B0_STRONG	66	1	A0_DENSE_VENDOR			0.0	0.0	0.0	0.0	0.720775	1	0	0	0.0	[null,null,6555,null]
V1	2	0	FORMAL_V1_G2_P0_B0_STRONG	B0_STRONG	67	1	A0_DENSE_VENDOR			0.0	0.0	0.0	0.0	0.727932	1	0	0	0.0	[null,null,788,null]
V1	2	0	FORMAL_V1_G2_P0_B0_STRONG	B0_STRONG	68	1	A0_DENSE_VENDOR			0.0	0.0	0.0	0.0	0.73746	1	0	0	0.0	[null,null,220,null]
V1	2	0	FORMAL_V1_G2_P0_B0_STRONG	B0_STRONG	69	1	A0_DENSE_VENDOR			0.0	0.0	0.0	0.0	0.735847	1	0	0	0.0	[null,null,17,null]
V1	2	0	FORMAL_V1_G2_P0_B0_STRONG	B0_STRONG	70	1	A0_DENSE_VENDOR			0.0	0.0	0.0	0.0	0.739847	1	0	0	0.0	[null,null,15,null]
V1	2	0	FORMAL_V1_G2_P0_B0_STRONG	B0_STRONG	71	1	A0_DENSE_VENDOR			0.0	0.0	0.0	0.0	0.738711	1	0	0	0.0	[null,null,345,null]
V1	2	0	FORMAL_V1_G2_P0_B0_STRONG	B0_STRONG	72	1	A0_DENSE_VENDOR			0.0	0.0	0.0	0.0	0.738328	1	0	0	0.0	[null,null,414,null]
V1	2	0	FORMAL_V1_G2_P0_B0_STRONG	B0_STRONG	73	1	A0_DENSE_VENDOR			0.0	0.0	0.0	0.0	0.736272	1	0	0	0.0	[null,null,330,null]
V1	2	0	FORMAL_V1_G2_P0_B0_STRONG	B0_STRONG	74	1	A0_DENSE_VENDOR			0.0	0.0	0.0	0.0	0.717264	1	0	0	0.0	[null,null,3031,null]
V1	2	0	FORMAL_V1_G2_P0_B0_STRONG	B0_STRONG	75	1	A0_DENSE_VENDOR			0.0	0.0	0.0	0.0	0.717621	1	0	0	0.0	[null,null,1269,null]
V1	2	0	FORMAL_V1_G2_P0_B0_STRONG	B0_STRONG	76	1	A0_DENSE_VENDOR			0.0	0.0	0.0	0.0	0.712483	1	0	0	0.0	[null,null,788,null]
V1	2	0	FORMAL_V1_G2_P0_B0_STRONG	B0_STRONG	77	1	A0_DENSE_VENDOR			0.0	0.0	0.0	0.0	0.739933	1	0	0	0.0	[null,null,330,null]
V1	2	0	FORMAL_V1_G2_P0_B0_STRONG	B0_STRONG	78	1	A0_DENSE_VENDOR			0.0	0.0	0.0	0.0	0.841779	1	0	0	0.0	[null,null,4816,null]
V1	2	0	FORMAL_V1_G2_P0_B0_STRONG	B0_STRONG	79	1	A0_DENSE_VENDOR			0.0	0.0	0.0	0.0	0.859698	1	0	0	0.0	[null,null,425,null]
V1	2	0	FORMAL_V1_G2_P0_B0_STRONG	B0_STRONG	80	1	A0_DENSE_VENDOR			0.0	0.0	0.0	0.0	0.843674	1	0	0	0.0	[null,null,756,null]
V1	2	0	FORMAL_V1_G2_P0_B0_STRONG	B0_STRONG	81	1	A0_DENSE_VENDOR			0.0	0.0	0.0	0.0	0.73577	1	0	0	0.0	[null,null,414,null]
V1	2	0	FORMAL_V1_G2_P0_B0_STRONG	B0_STRONG	82	1	A0_DENSE_VENDOR			0.0	0.0	0.0	0.0	0.736479	1	0	0	0.0	[null,null,330,null]
V1	2	0	FORMAL_V1_G2_P0_B0_STRONG	B0_STRONG	83	1	A0_DENSE_VENDOR			0.0	0.0	0.0	0.0	0.721549	1	0	0	0.0	[null,null,13523,null]
V1	2	0	FORMAL_V1_G2_P0_B0_STRONG	B0_STRONG	84	1	A0_DENSE_VENDOR			0.0	0.0	0.0	0.0	0.729032	1	0	0	0.0	[null,null,788,null]
V1	2	0	FORMAL_V1_G2_P0_B0_STRONG	B0_STRONG	85	1	A0_DENSE_VENDOR			0.0	0.0	0.0	0.0	0.742535	1	0	0	0.0	[null,null,220,null]
V1	2	0	FORMAL_V1_G2_P0_B0_STRONG	B0_STRONG	86	1	A0_DENSE_VENDOR			0.0	0.0	0.0	0.0	0.745988	1	0	0	0.0	[null,null,18,null]
V1	2	0	FORMAL_V1_G2_P0_B0_STRONG	B0_STRONG	87	1	A0_DENSE_VENDOR			0.0	0.0	0.0	0.0	0.732448	1	0	0	0.0	[null,null,198,null]
V1	2	0	FORMAL_V1_G2_P0_B0_STRONG	B0_STRONG	88	1	A0_DENSE_VENDOR			0.0	0.0	0.0	0.0	0.747071	1	0	0	0.0	[null,null,262,null]
V1	2	0	FORMAL_V1_G2_P0_B0_STRONG	B0_STRONG	89	1	A0_DENSE_VENDOR			0.0	0.0	0.0	0.0	0.734909	1	0	0	0.0	[null,null,456,null]
V1	2	0	FORMAL_V1_G2_P0_B0_STRONG	B0_STRONG	90	1	A0_DENSE_VENDOR			0.0	0.0	0.0	0.0	0.750976	1	0	0	0.0	[null,null,220,null]
V1	2	0	FORMAL_V1_G2_P0_B0_STRONG	B0_STRONG	91	1	A0_DENSE_VENDOR			0.0	0.0	0.0	0.0	0.747184	1	0	0	0.0	[null,null,5133,null]
V1	2	0	FORMAL_V1_G2_P0_B0_STRONG	B0_STRONG	92	1	A0_DENSE_VENDOR			0.0	0.0	0.0	0.0	0.728796	1	0	0	0.0	[null,null,92,null]
V1	2	0	FORMAL_V1_G2_P0_B0_STRONG	B0_STRONG	93	1	A0_DENSE_VENDOR			0.0	0.0	0.0	0.0	0.16382	0	1	0	0.0	[null,null,151645,null]
V1	2	0	FORMAL_V1_G2_P0_M1_RULE_U01	M1_RULE_U01	0	4	A3_RAGGED_DIRECT	7	4.6072030328559395e-05	0.012553	0.082404	0.000604	0.128131	0.655116	4	0	1	0.046166	[515,515,515,515]
V1	2	0	FORMAL_V1_G2_P0_M1_RULE_U01	M1_RULE_U01	1	4	A3_RAGGED_DIRECT	426	0.0028038121314237574	0.009516	0.055329	0.000567	0.095923	0.681197	4	0	2	0.053267	[220,220,220,220]
V1	2	0	FORMAL_V1_G2_P0_M1_RULE_U01	M1_RULE_U01	2	4	A3_RAGGED_DIRECT	426	0.0028038121314237574	0.009208	0.055699	0.000567	0.098797	0.644647	4	0	2	0.044554	[330,330,330,330]
V1	2	0	FORMAL_V1_G2_P0_M1_RULE_U01	M1_RULE_U01	3	4	A3_RAGGED_DIRECT	14	9.214406065711879e-05	0.008766	0.053152	0.000507	0.091254	0.624264	4	0	3	0.046031	[4129,4129,29642,5113]
V1	2	0	FORMAL_V1_G2_P0_M1_RULE_U01	M1_RULE_U01	4	4	A3_RAGGED_DIRECT	21	0.00013821609098567817	0.009063	0.053719	0.000556	0.092361	0.633597	4	0	3	0.046225	[788,788,258,788]
V1	2	0	FORMAL_V1_G2_P0_M1_RULE_U01	M1_RULE_U01	5	4	A3_RAGGED_DIRECT	823	0.005416754422914912	0.008558	0.05183	0.000528	0.088709	0.572589	3	1	2	0.035801	[220,220,70,330]
V1	2	0	FORMAL_V1_G2_P0_M1_RULE_U01	M1_RULE_U01	6	4	A0_DENSE_VENDOR	147404	0.970171651221567	0.008878	0.054289	0.000575	0.094437	0.973554	4	0	0	0.0	[16,16,6744,13079]
V1	2	0	FORMAL_V1_G2_P0_M1_RULE_U01	M1_RULE_U01	7	4	A0_DENSE_VENDOR	147415	0.970244050126369	0.008735	0.052647	0.000569	0.093229	0.932801	4	0	0	0.0	[17,17,788,35]
V1	2	0	FORMAL_V1_G2_P0_M1_RULE_U01	M1_RULE_U01	8	4	A0_DENSE_VENDOR	147800	0.9727780117944398	0.008839	0.054221	0.00056	0.09423	0.966935	4	0	0	0.0	[198,198,330,4644]
V1	2	0	FORMAL_V1_G2_P0_M1_RULE_U01	M1_RULE_U01	9	4	A0_DENSE_VENDOR	147475	0.9706389532434709	0.008953	0.0524	0.000528	0.092494	1.05999	4	0	0	0.0	[92,92,16,16]
V1	2	0	FORMAL_V1_G2_P0_M1_RULE_U01	M1_RULE_U01	10	4	A0_DENSE_VENDOR	147140	0.9684340775063185	0.009128	0.053987	0.000565	0.09424	1.03242	2	2	0	0.0	[151645,151645,17,17]
V1	2	0	FORMAL_V1_G2_P0_M1_RULE_U01	M1_RULE_U01	11	2	A0_DENSE_VENDOR	147139	0.9684274957877	0.008064	0.053801	0.000618	0.095348	1.014381	2	0	0	0.0	[null,null,18,18]
V1	2	0	FORMAL_V1_G2_P0_M1_RULE_U01	M1_RULE_U01	12	2	A0_DENSE_VENDOR	147139	0.9684274957877	0.008138	0.055194	0.00045	0.094249	0.998997	2	0	0	0.0	[null,null,4697,698]
V1	2	0	FORMAL_V1_G2_P0_M1_RULE_U01	M1_RULE_U01	13	2	A0_DENSE_VENDOR	147473	0.9706257898062342	0.008025	0.055444	0.000582	0.09363	0.929213	2	0	0	0.0	[null,null,794,92]
V1	2	0	FORMAL_V1_G2_P0_M1_RULE_U01	M1_RULE_U01	14	2	A0_DENSE_VENDOR	147138	0.9684209140690817	0.008029	0.054923	0.000574	0.094031	0.925423	1	1	0	0.0	[null,null,11,151645]
V1	2	0	FORMAL_V1_G2_P0_M1_RULE_U01	M1_RULE_U01	15	1	A0_DENSE_VENDOR	147137	0.9684143323504634	0.006604	0.05365	0.000487	0.091137	0.890632	1	0	0	0.0	[null,null,5765,null]
V1	2	0	FORMAL_V1_G2_P0_M1_RULE_U01	M1_RULE_U01	16	1	A0_DENSE_VENDOR	147137	0.9684143323504634	0.006671	0.048979	0.000432	0.084442	0.881103	1	0	0	0.0	[null,null,27831,null]
V1	2	0	FORMAL_V1_G2_P0_M1_RULE_U01	M1_RULE_U01	17	1	A0_DENSE_VENDOR	147137	0.9684143323504634	0.006916	0.049077	0.000468	0.086775	0.883985	1	0	0	0.0	[null,null,11,null]
V1	2	0	FORMAL_V1_G2_P0_M1_RULE_U01	M1_RULE_U01	18	1	A0_DENSE_VENDOR	147137	0.9684143323504634	0.007002	0.049875	0.000505	0.086579	0.903605	1	0	0	0.0	[null,null,7279,null]
V1	2	0	FORMAL_V1_G2_P0_M1_RULE_U01	M1_RULE_U01	19	1	A0_DENSE_VENDOR	147137	0.9684143323504634	0.006805	0.050195	0.000475	0.089143	0.904772	1	0	0	0.0	[null,null,756,null]
V1	2	0	FORMAL_V1_G2_P0_M1_RULE_U01	M1_RULE_U01	20	1	A3_RAGGED_DIRECT	425	0.002797230412805392	0.007001	0.050206	0.000526	0.089439	0.444837	1	0	1	0.015461	[null,null,220,null]
V1	2	0	FORMAL_V1_G2_P0_M1_RULE_U01	M1_RULE_U01	21	1	A3_RAGGED_DIRECT	425	0.002797230412805392	0.006576	0.048845	0.000501	0.086889	0.445063	1	0	1	0.018619	[null,null,330,null]
V1	2	0	FORMAL_V1_G2_P0_M1_RULE_U01	M1_RULE_U01	22	1	A3_RAGGED_DIRECT	6	3.9490311710193765e-05	0.006631	0.049167	0.000507	0.08647	0.399566	1	0	1	0.016645	[null,null,11049,null]
V1	2	0	FORMAL_V1_G2_P0_M1_RULE_U01	M1_RULE_U01	23	1	A3_RAGGED_DIRECT	4	2.632687447346251e-05	0.006542	0.053367	0.000457	0.088021	0.385865	1	0	1	0.015639	[null,null,1269,null]
V1	2	0	FORMAL_V1_G2_P0_M1_RULE_U01	M1_RULE_U01	24	1	A3_RAGGED_DIRECT	19	0.0001250526537489469	0.006414	0.046754	0.000496	0.081104	0.392006	1	0	1	0.015809	[null,null,788,null]
V1	2	0	FORMAL_V1_G2_P0_M1_RULE_U01	M1_RULE_U01	25	1	A3_RAGGED_DIRECT	822	0.005410172704296546	0.006309	0.04701	0.000467	0.082277	0.40232	1	0	1	0.015379	[null,null,330,null]
V1	2	0	FORMAL_V1_G2_P0_M1_RULE_U01	M1_RULE_U01	26	1	A0_DENSE_VENDOR	147137	0.9684143323504634	0.006153	0.050271	0.000448	0.08346	0.886366	1	0	0	0.0	[null,null,13079,null]
V1	2	0	FORMAL_V1_G2_P0_M1_RULE_U01	M1_RULE_U01	27	1	A0_DENSE_VENDOR	147137	0.9684143323504634	0.006585	0.047197	0.000473	0.085167	0.871819	1	0	0	0.0	[null,null,49628,null]
V1	2	0	FORMAL_V1_G2_P0_M1_RULE_U01	M1_RULE_U01	28	1	A0_DENSE_VENDOR	147137	0.9684143323504634	0.006295	0.047024	0.000412	0.083554	0.896627	1	0	0	0.0	[null,null,756,null]
V1	2	0	FORMAL_V1_G2_P0_M1_RULE_U01	M1_RULE_U01	29	1	A3_RAGGED_DIRECT	424	0.002790648694187026	0.00656	0.046857	0.000476	0.083717	0.381358	1	0	1	0.016136	[null,null,220,null]
V1	2	0	FORMAL_V1_G2_P0_M1_RULE_U01	M1_RULE_U01	30	1	A3_RAGGED_DIRECT	424	0.002790648694187026	0.006385	0.046718	0.000488	0.081999	0.426962	1	0	1	0.017923	[null,null,330,null]
V1	2	0	FORMAL_V1_G2_P0_M1_RULE_U01	M1_RULE_U01	31	1	A3_RAGGED_DIRECT	5	3.2908593091828136e-05	0.006443	0.046529	0.000451	0.079564	0.358038	1	0	1	0.01691	[null,null,3615,null]
V1	2	0	FORMAL_V1_G2_P0_M1_RULE_U01	M1_RULE_U01	32	1	A3_RAGGED_DIRECT	15	9.872577927548442e-05	0.006203	0.046243	0.000493	0.080637	0.362779	1	0	1	0.01492	[null,null,788,null]
V1	2	0	FORMAL_V1_G2_P0_M1_RULE_U01	M1_RULE_U01	33	1	A3_RAGGED_DIRECT	442	0.0029091196293176075	0.006209	0.045715	0.000481	0.080145	0.364153	1	0	1	0.013378	[null,null,2278,null]
V1	2	0	FORMAL_V1_G2_P0_M1_RULE_U01	M1_RULE_U01	34	1	A3_RAGGED_DIRECT	452	0.002974936815501264	0.006206	0.045064	0.000438	0.076516	0.371312	1	0	1	0.016514	[null,null,262,null]
V1	2	0	FORMAL_V1_G2_P0_M1_RULE_U01	M1_RULE_U01	35	1	A3_RAGGED_DIRECT	452	0.002974936815501264	0.006082	0.044747	0.000475	0.082229	0.383802	1	0	1	0.01641	[null,null,341,null]
V1	2	0	FORMAL_V1_G2_P0_M1_RULE_U01	M1_RULE_U01	36	1	A3_RAGGED_DIRECT	424	0.002790648694187026	0.006121	0.04446	0.000451	0.076222	0.388952	1	0	1	0.014964	[null,null,414,null]
V1	2	0	FORMAL_V1_G2_P0_M1_RULE_U01	M1_RULE_U01	37	1	A3_RAGGED_DIRECT	424	0.002790648694187026	0.006059	0.049042	0.000515	0.082878	0.384389	1	0	1	0.015771	[null,null,330,null]
V1	2	0	FORMAL_V1_G2_P0_M1_RULE_U01	M1_RULE_U01	38	1	A3_RAGGED_DIRECT	4	2.632687447346251e-05	0.005959	0.042444	0.000427	0.074982	0.342555	1	0	1	0.014426	[null,null,6555,null]
V1	2	0	FORMAL_V1_G2_P0_M1_RULE_U01	M1_RULE_U01	39	1	A3_RAGGED_DIRECT	13	8.556234203875316e-05	0.005884	0.042647	0.000444	0.074961	0.337659	1	0	1	0.01407	[null,null,788,null]
V1	2	0	FORMAL_V1_G2_P0_M1_RULE_U01	M1_RULE_U01	40	1	A3_RAGGED_DIRECT	434	0.0028564658803706825	0.005906	0.042954	0.000457	0.074969	0.343904	1	0	1	0.012246	[null,null,220,null]
V1	2	0	FORMAL_V1_G2_P0_M1_RULE_U01	M1_RULE_U01	41	1	A3_RAGGED_DIRECT	434	0.0028564658803706825	0.005865	0.042336	0.000478	0.074543	0.340193	1	0	1	0.012127	[null,null,16,null]
V1	2	0	FORMAL_V1_G2_P0_M1_RULE_U01	M1_RULE_U01	42	1	A3_RAGGED_DIRECT	448	0.0029486099410278013	0.005826	0.042669	0.000457	0.076553	0.359493	1	0	1	0.014631	[null,null,15,null]
V1	2	0	FORMAL_V1_G2_P0_M1_RULE_U01	M1_RULE_U01	43	1	A3_RAGGED_DIRECT	448	0.0029486099410278013	0.005599	0.041006	0.000438	0.072874	0.342298	1	0	1	0.013909	[null,null,345,null]
V1	2	0	FORMAL_V1_G2_P0_M1_RULE_U01	M1_RULE_U01	44	1	A3_RAGGED_DIRECT	424	0.002790648694187026	0.005698	0.041062	0.000456	0.073241	0.342388	1	0	1	0.016916	[null,null,414,null]
V1	2	0	FORMAL_V1_G2_P0_M1_RULE_U01	M1_RULE_U01	45	1	A3_RAGGED_DIRECT	424	0.002790648694187026	0.005608	0.04118	0.000431	0.073798	0.342999	1	0	1	0.013693	[null,null,330,null]
V1	2	0	FORMAL_V1_G2_P0_M1_RULE_U01	M1_RULE_U01	46	1	A3_RAGGED_DIRECT	6	3.9490311710193765e-05	0.005573	0.041269	0.000404	0.072984	0.325381	1	0	1	0.013412	[null,null,3031,null]
V1	2	0	FORMAL_V1_G2_P0_M1_RULE_U01	M1_RULE_U01	47	1	A3_RAGGED_DIRECT	4	2.632687447346251e-05	0.005559	0.041141	0.000405	0.070204	0.325428	1	0	1	0.013268	[null,null,1269,null]
V1	2	0	FORMAL_V1_G2_P0_M1_RULE_U01	M1_RULE_U01	48	1	A3_RAGGED_DIRECT	19	0.0001250526537489469	0.005575	0.041185	0.000452	0.073349	0.339031	1	0	1	0.013924	[null,null,788,null]
V1	2	0	FORMAL_V1_G2_P0_M1_RULE_U01	M1_RULE_U01	49	1	A3_RAGGED_DIRECT	822	0.005410172704296546	0.005541	0.041097	0.000453	0.07254	0.337796	1	0	1	0.011591	[null,null,330,null]
V1	2	0	FORMAL_V1_G2_P0_M1_RULE_U01	M1_RULE_U01	50	1	A0_DENSE_VENDOR	147137	0.9684143323504634	0.005566	0.040943	0.000394	0.071687	0.848425	1	0	0	0.0	[null,null,4816,null]
V1	2	0	FORMAL_V1_G2_P0_M1_RULE_U01	M1_RULE_U01	51	1	A0_DENSE_VENDOR	147137	0.9684143323504634	0.005614	0.041213	0.000411	0.071891	0.844968	1	0	0	0.0	[null,null,362,null]
V1	2	0	FORMAL_V1_G2_P0_M1_RULE_U01	M1_RULE_U01	52	1	A0_DENSE_VENDOR	147137	0.9684143323504634	0.0059	0.041952	0.000396	0.074487	0.816263	1	0	0	0.0	[null,null,756,null]
V1	2	0	FORMAL_V1_G2_P0_M1_RULE_U01	M1_RULE_U01	53	1	A3_RAGGED_DIRECT	424	0.002790648694187026	0.005859	0.043188	0.000431	0.07652	0.360883	1	0	1	0.014674	[null,null,414,null]
V1	2	0	FORMAL_V1_G2_P0_M1_RULE_U01	M1_RULE_U01	54	1	A3_RAGGED_DIRECT	424	0.002790648694187026	0.005748	0.042795	0.000429	0.075085	0.390696	1	0	1	0.017009	[null,null,330,null]
V1	2	0	FORMAL_V1_G2_P0_M1_RULE_U01	M1_RULE_U01	55	1	A3_RAGGED_DIRECT	6	3.9490311710193765e-05	0.006056	0.04323	0.000439	0.075913	0.337136	1	0	1	0.015037	[null,null,13523,null]
V1	2	0	FORMAL_V1_G2_P0_M1_RULE_U01	M1_RULE_U01	56	1	A3_RAGGED_DIRECT	13	8.556234203875316e-05	0.006013	0.042781	0.000424	0.073348	0.33715	1	0	1	0.014331	[null,null,788,null]
V1	2	0	FORMAL_V1_G2_P0_M1_RULE_U01	M1_RULE_U01	57	1	A3_RAGGED_DIRECT	434	0.0028564658803706825	0.005862	0.04258	0.000423	0.074872	0.360878	1	0	1	0.018615	[null,null,220,null]
V1	2	0	FORMAL_V1_G2_P0_M1_RULE_U01	M1_RULE_U01	58	1	A3_RAGGED_DIRECT	434	0.0028564658803706825	0.005913	0.04278	0.000438	0.075518	0.371878	1	0	1	0.013988	[null,null,17,null]
V1	2	0	FORMAL_V1_G2_P0_M1_RULE_U01	M1_RULE_U01	59	1	A3_RAGGED_DIRECT	476	0.003132898062342039	0.005682	0.040936	0.000407	0.070842	0.336475	1	0	1	0.01351	[null,null,198,null]
V1	2	0	FORMAL_V1_G2_P0_M1_RULE_U01	M1_RULE_U01	60	1	A3_RAGGED_DIRECT	466	0.0030670808761583826	0.005583	0.041046	0.000412	0.070426	0.331664	1	0	1	0.012607	[null,null,262,null]
V1	2	0	FORMAL_V1_G2_P0_M1_RULE_U01	M1_RULE_U01	61	1	A3_RAGGED_DIRECT	466	0.0030670808761583826	0.005609	0.041084	0.000454	0.072217	0.346998	1	0	1	0.01367	[null,null,1153,null]
V1	2	0	FORMAL_V1_G2_P0_M1_RULE_U01	M1_RULE_U01	62	1	A3_RAGGED_DIRECT	439	0.0028893744734625106	0.005681	0.040981	0.000422	0.070575	0.333327	1	0	1	0.013838	[null,null,262,null]
V1	2	0	FORMAL_V1_G2_P0_M1_RULE_U01	M1_RULE_U01	63	1	A3_RAGGED_DIRECT	439	0.0028893744734625106	0.005696	0.041015	0.000441	0.070728	0.330005	1	0	1	0.012163	[null,null,341,null]
V1	2	0	FORMAL_V1_G2_P0_M1_RULE_U01	M1_RULE_U01	64	1	A3_RAGGED_DIRECT	424	0.002790648694187026	0.005529	0.040971	0.000406	0.069834	0.342047	1	0	1	0.013806	[null,null,414,null]
V1	2	0	FORMAL_V1_G2_P0_M1_RULE_U01	M1_RULE_U01	65	1	A3_RAGGED_DIRECT	424	0.002790648694187026	0.005656	0.041052	0.000406	0.072568	0.337146	1	0	1	0.0136	[null,null,330,null]
V1	2	0	FORMAL_V1_G2_P0_M1_RULE_U01	M1_RULE_U01	66	1	A3_RAGGED_DIRECT	4	2.632687447346251e-05	0.005575	0.039932	0.000427	0.069008	0.326009	1	0	1	0.013067	[null,null,6555,null]
V1	2	0	FORMAL_V1_G2_P0_M1_RULE_U01	M1_RULE_U01	67	1	A3_RAGGED_DIRECT	13	8.556234203875316e-05	0.005524	0.040148	0.000397	0.070515	0.315117	1	0	1	0.012821	[null,null,788,null]
V1	2	0	FORMAL_V1_G2_P0_M1_RULE_U01	M1_RULE_U01	68	1	A3_RAGGED_DIRECT	434	0.0028564658803706825	0.005601	0.039927	0.000423	0.068661	0.333951	1	0	1	0.013051	[null,null,220,null]
V1	2	0	FORMAL_V1_G2_P0_M1_RULE_U01	M1_RULE_U01	69	1	A3_RAGGED_DIRECT	434	0.0028564658803706825	0.005482	0.040033	0.000385	0.070695	0.338152	1	0	1	0.013539	[null,null,17,null]
V1	2	0	FORMAL_V1_G2_P0_M1_RULE_U01	M1_RULE_U01	70	1	A3_RAGGED_DIRECT	448	0.0029486099410278013	0.005454	0.039326	0.000375	0.069095	0.336828	1	0	1	0.013769	[null,null,15,null]
V1	2	0	FORMAL_V1_G2_P0_M1_RULE_U01	M1_RULE_U01	71	1	A3_RAGGED_DIRECT	448	0.0029486099410278013	0.005394	0.039328	0.000383	0.067203	0.339011	1	0	1	0.013487	[null,null,345,null]
V1	2	0	FORMAL_V1_G2_P0_M1_RULE_U01	M1_RULE_U01	72	1	A3_RAGGED_DIRECT	424	0.002790648694187026	0.005355	0.039278	0.00037	0.06853	0.343688	1	0	1	0.013168	[null,null,414,null]
V1	2	0	FORMAL_V1_G2_P0_M1_RULE_U01	M1_RULE_U01	73	1	A3_RAGGED_DIRECT	424	0.002790648694187026	0.005491	0.039274	0.000385	0.067817	0.34082	1	0	1	0.013087	[null,null,330,null]
V1	2	0	FORMAL_V1_G2_P0_M1_RULE_U01	M1_RULE_U01	74	1	A3_RAGGED_DIRECT	6	3.9490311710193765e-05	0.005476	0.039205	0.000384	0.066943	0.320728	1	0	1	0.013128	[null,null,3031,null]
V1	2	0	FORMAL_V1_G2_P0_M1_RULE_U01	M1_RULE_U01	75	1	A3_RAGGED_DIRECT	4	2.632687447346251e-05	0.005437	0.039435	0.000384	0.069403	0.326075	1	0	1	0.012886	[null,null,1269,null]
V1	2	0	FORMAL_V1_G2_P0_M1_RULE_U01	M1_RULE_U01	76	1	A3_RAGGED_DIRECT	19	0.0001250526537489469	0.005432	0.039787	0.000397	0.069433	0.327073	1	0	1	0.013385	[null,null,788,null]
V1	2	0	FORMAL_V1_G2_P0_M1_RULE_U01	M1_RULE_U01	77	1	A3_RAGGED_DIRECT	822	0.005410172704296546	0.005476	0.040315	0.000432	0.070519	0.344982	1	0	1	0.013327	[null,null,330,null]
V1	2	0	FORMAL_V1_G2_P0_M1_RULE_U01	M1_RULE_U01	78	1	A0_DENSE_VENDOR	147137	0.9684143323504634	0.005726	0.039887	0.000372	0.068244	0.831586	1	0	0	0.0	[null,null,4816,null]
V1	2	0	FORMAL_V1_G2_P0_M1_RULE_U01	M1_RULE_U01	79	1	A0_DENSE_VENDOR	147137	0.9684143323504634	0.005576	0.041191	0.000383	0.071329	0.803343	1	0	0	0.0	[null,null,425,null]
V1	2	0	FORMAL_V1_G2_P0_M1_RULE_U01	M1_RULE_U01	80	1	A0_DENSE_VENDOR	147137	0.9684143323504634	0.005502	0.040673	0.000369	0.071701	0.810285	1	0	0	0.0	[null,null,756,null]
V1	2	0	FORMAL_V1_G2_P0_M1_RULE_U01	M1_RULE_U01	81	1	A3_RAGGED_DIRECT	424	0.002790648694187026	0.005702	0.041714	0.00038	0.072002	0.339959	1	0	1	0.013822	[null,null,414,null]
V1	2	0	FORMAL_V1_G2_P0_M1_RULE_U01	M1_RULE_U01	82	1	A3_RAGGED_DIRECT	424	0.002790648694187026	0.005761	0.041207	0.000388	0.076822	0.371602	1	0	1	0.015264	[null,null,330,null]
V1	2	0	FORMAL_V1_G2_P0_M1_RULE_U01	M1_RULE_U01	83	1	A3_RAGGED_DIRECT	6	3.9490311710193765e-05	0.005614	0.04109	0.000431	0.070422	0.338084	1	0	1	0.014024	[null,null,13523,null]
V1	2	0	FORMAL_V1_G2_P0_M1_RULE_U01	M1_RULE_U01	84	1	A3_RAGGED_DIRECT	13	8.556234203875316e-05	0.005698	0.041796	0.000407	0.07334	0.331724	1	0	1	0.013562	[null,null,788,null]
V1	2	0	FORMAL_V1_G2_P0_M1_RULE_U01	M1_RULE_U01	85	1	A3_RAGGED_DIRECT	434	0.0028564658803706825	0.005671	0.041008	0.000447	0.070213	0.332449	1	0	1	0.013489	[null,null,220,null]
V1	2	0	FORMAL_V1_G2_P0_M1_RULE_U01	M1_RULE_U01	86	1	A3_RAGGED_DIRECT	434	0.0028564658803706825	0.005606	0.04138	0.000381	0.072091	0.34138	1	0	1	0.013297	[null,null,18,null]
V1	2	0	FORMAL_V1_G2_P0_M1_RULE_U01	M1_RULE_U01	87	1	A3_RAGGED_DIRECT	476	0.003132898062342039	0.005552	0.041291	0.000404	0.070387	0.341765	1	0	1	0.013777	[null,null,198,null]
V1	2	0	FORMAL_V1_G2_P0_M1_RULE_U01	M1_RULE_U01	88	1	A3_RAGGED_DIRECT	466	0.0030670808761583826	0.00555	0.040406	0.000384	0.070265	0.347111	1	0	1	0.013827	[null,null,262,null]
V1	2	0	FORMAL_V1_G2_P0_M1_RULE_U01	M1_RULE_U01	89	1	A3_RAGGED_DIRECT	466	0.0030670808761583826	0.00545	0.040635	0.000377	0.069278	0.325854	1	0	1	0.013571	[null,null,456,null]
V1	2	0	FORMAL_V1_G2_P0_M1_RULE_U01	M1_RULE_U01	90	1	A3_RAGGED_DIRECT	449	0.002955191659646167	0.005658	0.040542	0.000392	0.071032	0.341653	1	0	1	0.013419	[null,null,220,null]
V1	2	0	FORMAL_V1_G2_P0_M1_RULE_U01	M1_RULE_U01	91	1	A3_RAGGED_DIRECT	449	0.002955191659646167	0.005443	0.040183	0.000432	0.069542	0.327333	1	0	1	0.013275	[null,null,5133,null]
V1	2	0	FORMAL_V1_G2_P0_M1_RULE_U01	M1_RULE_U01	92	1	A3_RAGGED_DIRECT	424	0.002790648694187026	0.005368	0.039605	0.000425	0.066941	0.318105	1	0	1	0.011289	[null,null,92,null]
V1	2	0	FORMAL_V1_G2_P0_M1_RULE_U01	M1_RULE_U01	93	1	A3_RAGGED_DIRECT	1	6.581718618365627e-06	0.005349	0.039524	0.000367	0.067045	0.172895	0	1	0	0.0	[null,null,151645,null]
V1	2	1	FORMAL_V1_G2_P1_B0_STRONG	B0_STRONG	0	4	A0_DENSE_VENDOR			0.0	0.0	0.0	0.0	1.40706	4	0	0	0.0	[515,515,515,515]
V1	2	1	FORMAL_V1_G2_P1_B0_STRONG	B0_STRONG	1	4	A0_DENSE_VENDOR			0.0	0.0	0.0	0.0	0.730531	4	0	0	0.0	[220,220,220,220]
V1	2	1	FORMAL_V1_G2_P1_B0_STRONG	B0_STRONG	2	4	A0_DENSE_VENDOR			0.0	0.0	0.0	0.0	0.73754	4	0	0	0.0	[330,330,330,330]
V1	2	1	FORMAL_V1_G2_P1_B0_STRONG	B0_STRONG	3	4	A0_DENSE_VENDOR			0.0	0.0	0.0	0.0	0.690326	4	0	0	0.0	[4129,4129,29642,5113]
V1	2	1	FORMAL_V1_G2_P1_B0_STRONG	B0_STRONG	4	4	A0_DENSE_VENDOR			0.0	0.0	0.0	0.0	0.716031	4	0	0	0.0	[788,788,258,788]
V1	2	1	FORMAL_V1_G2_P1_B0_STRONG	B0_STRONG	5	4	A0_DENSE_VENDOR			0.0	0.0	0.0	0.0	0.752557	3	1	0	0.0	[220,220,70,330]
V1	2	1	FORMAL_V1_G2_P1_B0_STRONG	B0_STRONG	6	4	A0_DENSE_VENDOR			0.0	0.0	0.0	0.0	0.858323	4	0	0	0.0	[16,16,6744,13079]
V1	2	1	FORMAL_V1_G2_P1_B0_STRONG	B0_STRONG	7	4	A0_DENSE_VENDOR			0.0	0.0	0.0	0.0	0.847872	4	0	0	0.0	[17,17,788,35]
V1	2	1	FORMAL_V1_G2_P1_B0_STRONG	B0_STRONG	8	4	A0_DENSE_VENDOR			0.0	0.0	0.0	0.0	0.863699	4	0	0	0.0	[198,198,330,4644]
V1	2	1	FORMAL_V1_G2_P1_B0_STRONG	B0_STRONG	9	4	A0_DENSE_VENDOR			0.0	0.0	0.0	0.0	0.950205	4	0	0	0.0	[92,92,16,16]
V1	2	1	FORMAL_V1_G2_P1_B0_STRONG	B0_STRONG	10	4	A0_DENSE_VENDOR			0.0	0.0	0.0	0.0	0.932104	2	2	0	0.0	[151645,151645,17,17]
V1	2	1	FORMAL_V1_G2_P1_B0_STRONG	B0_STRONG	11	2	A0_DENSE_VENDOR			0.0	0.0	0.0	0.0	0.921388	2	0	0	0.0	[null,null,18,18]
V1	2	1	FORMAL_V1_G2_P1_B0_STRONG	B0_STRONG	12	2	A0_DENSE_VENDOR			0.0	0.0	0.0	0.0	0.941153	2	0	0	0.0	[null,null,4697,698]
V1	2	1	FORMAL_V1_G2_P1_B0_STRONG	B0_STRONG	13	2	A0_DENSE_VENDOR			0.0	0.0	0.0	0.0	0.852195	2	0	0	0.0	[null,null,794,92]
V1	2	1	FORMAL_V1_G2_P1_B0_STRONG	B0_STRONG	14	2	A0_DENSE_VENDOR			0.0	0.0	0.0	0.0	0.821635	1	1	0	0.0	[null,null,11,151645]
V1	2	1	FORMAL_V1_G2_P1_B0_STRONG	B0_STRONG	15	1	A0_DENSE_VENDOR			0.0	0.0	0.0	0.0	0.804749	1	0	0	0.0	[null,null,5765,null]
V1	2	1	FORMAL_V1_G2_P1_B0_STRONG	B0_STRONG	16	1	A0_DENSE_VENDOR			0.0	0.0	0.0	0.0	0.825025	1	0	0	0.0	[null,null,27831,null]
V1	2	1	FORMAL_V1_G2_P1_B0_STRONG	B0_STRONG	17	1	A0_DENSE_VENDOR			0.0	0.0	0.0	0.0	0.810405	1	0	0	0.0	[null,null,11,null]
V1	2	1	FORMAL_V1_G2_P1_B0_STRONG	B0_STRONG	18	1	A0_DENSE_VENDOR			0.0	0.0	0.0	0.0	0.824886	1	0	0	0.0	[null,null,7279,null]
V1	2	1	FORMAL_V1_G2_P1_B0_STRONG	B0_STRONG	19	1	A0_DENSE_VENDOR			0.0	0.0	0.0	0.0	0.827265	1	0	0	0.0	[null,null,756,null]
V1	2	1	FORMAL_V1_G2_P1_B0_STRONG	B0_STRONG	20	1	A0_DENSE_VENDOR			0.0	0.0	0.0	0.0	0.722225	1	0	0	0.0	[null,null,220,null]
V1	2	1	FORMAL_V1_G2_P1_B0_STRONG	B0_STRONG	21	1	A0_DENSE_VENDOR			0.0	0.0	0.0	0.0	0.722023	1	0	0	0.0	[null,null,330,null]
V1	2	1	FORMAL_V1_G2_P1_B0_STRONG	B0_STRONG	22	1	A0_DENSE_VENDOR			0.0	0.0	0.0	0.0	0.707953	1	0	0	0.0	[null,null,11049,null]
V1	2	1	FORMAL_V1_G2_P1_B0_STRONG	B0_STRONG	23	1	A0_DENSE_VENDOR			0.0	0.0	0.0	0.0	0.710293	1	0	0	0.0	[null,null,1269,null]
V1	2	1	FORMAL_V1_G2_P1_B0_STRONG	B0_STRONG	24	1	A0_DENSE_VENDOR			0.0	0.0	0.0	0.0	0.709049	1	0	0	0.0	[null,null,788,null]
V1	2	1	FORMAL_V1_G2_P1_B0_STRONG	B0_STRONG	25	1	A0_DENSE_VENDOR			0.0	0.0	0.0	0.0	0.736073	1	0	0	0.0	[null,null,330,null]
V1	2	1	FORMAL_V1_G2_P1_B0_STRONG	B0_STRONG	26	1	A0_DENSE_VENDOR			0.0	0.0	0.0	0.0	0.83909	1	0	0	0.0	[null,null,13079,null]
V1	2	1	FORMAL_V1_G2_P1_B0_STRONG	B0_STRONG	27	1	A0_DENSE_VENDOR			0.0	0.0	0.0	0.0	0.847539	1	0	0	0.0	[null,null,49628,null]
V1	2	1	FORMAL_V1_G2_P1_B0_STRONG	B0_STRONG	28	1	A0_DENSE_VENDOR			0.0	0.0	0.0	0.0	0.823917	1	0	0	0.0	[null,null,756,null]
V1	2	1	FORMAL_V1_G2_P1_B0_STRONG	B0_STRONG	29	1	A0_DENSE_VENDOR			0.0	0.0	0.0	0.0	0.718814	1	0	0	0.0	[null,null,220,null]
V1	2	1	FORMAL_V1_G2_P1_B0_STRONG	B0_STRONG	30	1	A0_DENSE_VENDOR			0.0	0.0	0.0	0.0	0.732197	1	0	0	0.0	[null,null,330,null]
V1	2	1	FORMAL_V1_G2_P1_B0_STRONG	B0_STRONG	31	1	A0_DENSE_VENDOR			0.0	0.0	0.0	0.0	0.711067	1	0	0	0.0	[null,null,3615,null]
V1	2	1	FORMAL_V1_G2_P1_B0_STRONG	B0_STRONG	32	1	A0_DENSE_VENDOR			0.0	0.0	0.0	0.0	0.722333	1	0	0	0.0	[null,null,788,null]
V1	2	1	FORMAL_V1_G2_P1_B0_STRONG	B0_STRONG	33	1	A0_DENSE_VENDOR			0.0	0.0	0.0	0.0	0.726644	1	0	0	0.0	[null,null,2278,null]
V1	2	1	FORMAL_V1_G2_P1_B0_STRONG	B0_STRONG	34	1	A0_DENSE_VENDOR			0.0	0.0	0.0	0.0	0.735893	1	0	0	0.0	[null,null,262,null]
V1	2	1	FORMAL_V1_G2_P1_B0_STRONG	B0_STRONG	35	1	A0_DENSE_VENDOR			0.0	0.0	0.0	0.0	0.73829	1	0	0	0.0	[null,null,341,null]
V1	2	1	FORMAL_V1_G2_P1_B0_STRONG	B0_STRONG	36	1	A0_DENSE_VENDOR			0.0	0.0	0.0	0.0	0.738946	1	0	0	0.0	[null,null,414,null]
V1	2	1	FORMAL_V1_G2_P1_B0_STRONG	B0_STRONG	37	1	A0_DENSE_VENDOR			0.0	0.0	0.0	0.0	0.730949	1	0	0	0.0	[null,null,330,null]
V1	2	1	FORMAL_V1_G2_P1_B0_STRONG	B0_STRONG	38	1	A0_DENSE_VENDOR			0.0	0.0	0.0	0.0	0.71509	1	0	0	0.0	[null,null,6555,null]
V1	2	1	FORMAL_V1_G2_P1_B0_STRONG	B0_STRONG	39	1	A0_DENSE_VENDOR			0.0	0.0	0.0	0.0	0.714776	1	0	0	0.0	[null,null,788,null]
V1	2	1	FORMAL_V1_G2_P1_B0_STRONG	B0_STRONG	40	1	A0_DENSE_VENDOR			0.0	0.0	0.0	0.0	0.735387	1	0	0	0.0	[null,null,220,null]
V1	2	1	FORMAL_V1_G2_P1_B0_STRONG	B0_STRONG	41	1	A0_DENSE_VENDOR			0.0	0.0	0.0	0.0	0.730299	1	0	0	0.0	[null,null,16,null]
V1	2	1	FORMAL_V1_G2_P1_B0_STRONG	B0_STRONG	42	1	A0_DENSE_VENDOR			0.0	0.0	0.0	0.0	0.737723	1	0	0	0.0	[null,null,15,null]
V1	2	1	FORMAL_V1_G2_P1_B0_STRONG	B0_STRONG	43	1	A0_DENSE_VENDOR			0.0	0.0	0.0	0.0	0.726959	1	0	0	0.0	[null,null,345,null]
V1	2	1	FORMAL_V1_G2_P1_B0_STRONG	B0_STRONG	44	1	A0_DENSE_VENDOR			0.0	0.0	0.0	0.0	0.735687	1	0	0	0.0	[null,null,414,null]
V1	2	1	FORMAL_V1_G2_P1_B0_STRONG	B0_STRONG	45	1	A0_DENSE_VENDOR			0.0	0.0	0.0	0.0	0.727628	1	0	0	0.0	[null,null,330,null]
V1	2	1	FORMAL_V1_G2_P1_B0_STRONG	B0_STRONG	46	1	A0_DENSE_VENDOR			0.0	0.0	0.0	0.0	0.713122	1	0	0	0.0	[null,null,3031,null]
V1	2	1	FORMAL_V1_G2_P1_B0_STRONG	B0_STRONG	47	1	A0_DENSE_VENDOR			0.0	0.0	0.0	0.0	0.719841	1	0	0	0.0	[null,null,1269,null]
V1	2	1	FORMAL_V1_G2_P1_B0_STRONG	B0_STRONG	48	1	A0_DENSE_VENDOR			0.0	0.0	0.0	0.0	0.720032	1	0	0	0.0	[null,null,788,null]
V1	2	1	FORMAL_V1_G2_P1_B0_STRONG	B0_STRONG	49	1	A0_DENSE_VENDOR			0.0	0.0	0.0	0.0	0.751665	1	0	0	0.0	[null,null,330,null]
V1	2	1	FORMAL_V1_G2_P1_B0_STRONG	B0_STRONG	50	1	A0_DENSE_VENDOR			0.0	0.0	0.0	0.0	0.841916	1	0	0	0.0	[null,null,4816,null]
V1	2	1	FORMAL_V1_G2_P1_B0_STRONG	B0_STRONG	51	1	A0_DENSE_VENDOR			0.0	0.0	0.0	0.0	0.835231	1	0	0	0.0	[null,null,362,null]
V1	2	1	FORMAL_V1_G2_P1_B0_STRONG	B0_STRONG	52	1	A0_DENSE_VENDOR			0.0	0.0	0.0	0.0	0.865478	1	0	0	0.0	[null,null,756,null]
V1	2	1	FORMAL_V1_G2_P1_B0_STRONG	B0_STRONG	53	1	A0_DENSE_VENDOR			0.0	0.0	0.0	0.0	0.740849	1	0	0	0.0	[null,null,414,null]
V1	2	1	FORMAL_V1_G2_P1_B0_STRONG	B0_STRONG	54	1	A0_DENSE_VENDOR			0.0	0.0	0.0	0.0	0.741176	1	0	0	0.0	[null,null,330,null]
V1	2	1	FORMAL_V1_G2_P1_B0_STRONG	B0_STRONG	55	1	A0_DENSE_VENDOR			0.0	0.0	0.0	0.0	0.712972	1	0	0	0.0	[null,null,13523,null]
V1	2	1	FORMAL_V1_G2_P1_B0_STRONG	B0_STRONG	56	1	A0_DENSE_VENDOR			0.0	0.0	0.0	0.0	0.722675	1	0	0	0.0	[null,null,788,null]
V1	2	1	FORMAL_V1_G2_P1_B0_STRONG	B0_STRONG	57	1	A0_DENSE_VENDOR			0.0	0.0	0.0	0.0	0.744149	1	0	0	0.0	[null,null,220,null]
V1	2	1	FORMAL_V1_G2_P1_B0_STRONG	B0_STRONG	58	1	A0_DENSE_VENDOR			0.0	0.0	0.0	0.0	0.739217	1	0	0	0.0	[null,null,17,null]
V1	2	1	FORMAL_V1_G2_P1_B0_STRONG	B0_STRONG	59	1	A0_DENSE_VENDOR			0.0	0.0	0.0	0.0	0.727846	1	0	0	0.0	[null,null,198,null]
V1	2	1	FORMAL_V1_G2_P1_B0_STRONG	B0_STRONG	60	1	A0_DENSE_VENDOR			0.0	0.0	0.0	0.0	0.74044	1	0	0	0.0	[null,null,262,null]
V1	2	1	FORMAL_V1_G2_P1_B0_STRONG	B0_STRONG	61	1	A0_DENSE_VENDOR			0.0	0.0	0.0	0.0	0.748339	1	0	0	0.0	[null,null,1153,null]
V1	2	1	FORMAL_V1_G2_P1_B0_STRONG	B0_STRONG	62	1	A0_DENSE_VENDOR			0.0	0.0	0.0	0.0	0.740432	1	0	0	0.0	[null,null,262,null]
V1	2	1	FORMAL_V1_G2_P1_B0_STRONG	B0_STRONG	63	1	A0_DENSE_VENDOR			0.0	0.0	0.0	0.0	0.729819	1	0	0	0.0	[null,null,341,null]
V1	2	1	FORMAL_V1_G2_P1_B0_STRONG	B0_STRONG	64	1	A0_DENSE_VENDOR			0.0	0.0	0.0	0.0	0.727133	1	0	0	0.0	[null,null,414,null]
V1	2	1	FORMAL_V1_G2_P1_B0_STRONG	B0_STRONG	65	1	A0_DENSE_VENDOR			0.0	0.0	0.0	0.0	0.731481	1	0	0	0.0	[null,null,330,null]
V1	2	1	FORMAL_V1_G2_P1_B0_STRONG	B0_STRONG	66	1	A0_DENSE_VENDOR			0.0	0.0	0.0	0.0	0.721124	1	0	0	0.0	[null,null,6555,null]
V1	2	1	FORMAL_V1_G2_P1_B0_STRONG	B0_STRONG	67	1	A0_DENSE_VENDOR			0.0	0.0	0.0	0.0	0.71941	1	0	0	0.0	[null,null,788,null]
V1	2	1	FORMAL_V1_G2_P1_B0_STRONG	B0_STRONG	68	1	A0_DENSE_VENDOR			0.0	0.0	0.0	0.0	0.728753	1	0	0	0.0	[null,null,220,null]
V1	2	1	FORMAL_V1_G2_P1_B0_STRONG	B0_STRONG	69	1	A0_DENSE_VENDOR			0.0	0.0	0.0	0.0	0.735877	1	0	0	0.0	[null,null,17,null]
V1	2	1	FORMAL_V1_G2_P1_B0_STRONG	B0_STRONG	70	1	A0_DENSE_VENDOR			0.0	0.0	0.0	0.0	0.737703	1	0	0	0.0	[null,null,15,null]
V1	2	1	FORMAL_V1_G2_P1_B0_STRONG	B0_STRONG	71	1	A0_DENSE_VENDOR			0.0	0.0	0.0	0.0	0.743389	1	0	0	0.0	[null,null,345,null]
V1	2	1	FORMAL_V1_G2_P1_B0_STRONG	B0_STRONG	72	1	A0_DENSE_VENDOR			0.0	0.0	0.0	0.0	0.731781	1	0	0	0.0	[null,null,414,null]
V1	2	1	FORMAL_V1_G2_P1_B0_STRONG	B0_STRONG	73	1	A0_DENSE_VENDOR			0.0	0.0	0.0	0.0	0.741686	1	0	0	0.0	[null,null,330,null]
V1	2	1	FORMAL_V1_G2_P1_B0_STRONG	B0_STRONG	74	1	A0_DENSE_VENDOR			0.0	0.0	0.0	0.0	0.726779	1	0	0	0.0	[null,null,3031,null]
V1	2	1	FORMAL_V1_G2_P1_B0_STRONG	B0_STRONG	75	1	A0_DENSE_VENDOR			0.0	0.0	0.0	0.0	0.725858	1	0	0	0.0	[null,null,1269,null]
V1	2	1	FORMAL_V1_G2_P1_B0_STRONG	B0_STRONG	76	1	A0_DENSE_VENDOR			0.0	0.0	0.0	0.0	0.724947	1	0	0	0.0	[null,null,788,null]
V1	2	1	FORMAL_V1_G2_P1_B0_STRONG	B0_STRONG	77	1	A0_DENSE_VENDOR			0.0	0.0	0.0	0.0	0.745358	1	0	0	0.0	[null,null,330,null]
V1	2	1	FORMAL_V1_G2_P1_B0_STRONG	B0_STRONG	78	1	A0_DENSE_VENDOR			0.0	0.0	0.0	0.0	0.859929	1	0	0	0.0	[null,null,4816,null]
V1	2	1	FORMAL_V1_G2_P1_B0_STRONG	B0_STRONG	79	1	A0_DENSE_VENDOR			0.0	0.0	0.0	0.0	0.858404	1	0	0	0.0	[null,null,425,null]
V1	2	1	FORMAL_V1_G2_P1_B0_STRONG	B0_STRONG	80	1	A0_DENSE_VENDOR			0.0	0.0	0.0	0.0	0.887134	1	0	0	0.0	[null,null,756,null]
V1	2	1	FORMAL_V1_G2_P1_B0_STRONG	B0_STRONG	81	1	A0_DENSE_VENDOR			0.0	0.0	0.0	0.0	0.737739	1	0	0	0.0	[null,null,414,null]
V1	2	1	FORMAL_V1_G2_P1_B0_STRONG	B0_STRONG	82	1	A0_DENSE_VENDOR			0.0	0.0	0.0	0.0	0.737374	1	0	0	0.0	[null,null,330,null]
V1	2	1	FORMAL_V1_G2_P1_B0_STRONG	B0_STRONG	83	1	A0_DENSE_VENDOR			0.0	0.0	0.0	0.0	0.720692	1	0	0	0.0	[null,null,13523,null]
V1	2	1	FORMAL_V1_G2_P1_B0_STRONG	B0_STRONG	84	1	A0_DENSE_VENDOR			0.0	0.0	0.0	0.0	0.727515	1	0	0	0.0	[null,null,788,null]
V1	2	1	FORMAL_V1_G2_P1_B0_STRONG	B0_STRONG	85	1	A0_DENSE_VENDOR			0.0	0.0	0.0	0.0	0.72855	1	0	0	0.0	[null,null,220,null]
V1	2	1	FORMAL_V1_G2_P1_B0_STRONG	B0_STRONG	86	1	A0_DENSE_VENDOR			0.0	0.0	0.0	0.0	0.740471	1	0	0	0.0	[null,null,18,null]
V1	2	1	FORMAL_V1_G2_P1_B0_STRONG	B0_STRONG	87	1	A0_DENSE_VENDOR			0.0	0.0	0.0	0.0	0.747309	1	0	0	0.0	[null,null,198,null]
V1	2	1	FORMAL_V1_G2_P1_B0_STRONG	B0_STRONG	88	1	A0_DENSE_VENDOR			0.0	0.0	0.0	0.0	0.731826	1	0	0	0.0	[null,null,262,null]
V1	2	1	FORMAL_V1_G2_P1_B0_STRONG	B0_STRONG	89	1	A0_DENSE_VENDOR			0.0	0.0	0.0	0.0	0.746204	1	0	0	0.0	[null,null,456,null]
V1	2	1	FORMAL_V1_G2_P1_B0_STRONG	B0_STRONG	90	1	A0_DENSE_VENDOR			0.0	0.0	0.0	0.0	0.740301	1	0	0	0.0	[null,null,220,null]
V1	2	1	FORMAL_V1_G2_P1_B0_STRONG	B0_STRONG	91	1	A0_DENSE_VENDOR			0.0	0.0	0.0	0.0	0.736109	1	0	0	0.0	[null,null,5133,null]
V1	2	1	FORMAL_V1_G2_P1_B0_STRONG	B0_STRONG	92	1	A0_DENSE_VENDOR			0.0	0.0	0.0	0.0	0.736671	1	0	0	0.0	[null,null,92,null]
V1	2	1	FORMAL_V1_G2_P1_B0_STRONG	B0_STRONG	93	1	A0_DENSE_VENDOR			0.0	0.0	0.0	0.0	0.16091	0	1	0	0.0	[null,null,151645,null]
V1	2	1	FORMAL_V1_G2_P1_M1_RULE_U01	M1_RULE_U01	0	4	A3_RAGGED_DIRECT	7	4.6072030328559395e-05	0.012433	0.062192	0.000692	0.108185	0.656251	4	0	1	0.049735	[515,515,515,515]
V1	2	1	FORMAL_V1_G2_P1_M1_RULE_U01	M1_RULE_U01	1	4	A3_RAGGED_DIRECT	426	0.0028038121314237574	0.009678	0.056496	0.000563	0.098393	0.649304	4	0	2	0.047764	[220,220,220,220]
V1	2	1	FORMAL_V1_G2_P1_M1_RULE_U01	M1_RULE_U01	2	4	A3_RAGGED_DIRECT	426	0.0028038121314237574	0.012433	0.058317	0.000637	0.109885	0.711068	4	0	2	0.047622	[330,330,330,330]
V1	2	1	FORMAL_V1_G2_P1_M1_RULE_U01	M1_RULE_U01	3	4	A3_RAGGED_DIRECT	14	9.214406065711879e-05	0.009044	0.055175	0.000563	0.100577	0.628129	4	0	3	0.04163	[4129,4129,29642,5113]
V1	2	1	FORMAL_V1_G2_P1_M1_RULE_U01	M1_RULE_U01	4	4	A3_RAGGED_DIRECT	21	0.00013821609098567817	0.008919	0.054114	0.00055	0.09233	0.618248	4	0	3	0.040236	[788,788,258,788]
V1	2	1	FORMAL_V1_G2_P1_M1_RULE_U01	M1_RULE_U01	5	4	A3_RAGGED_DIRECT	823	0.005416754422914912	0.00843	0.05087	0.000596	0.094438	0.578207	3	1	2	0.031967	[220,220,70,330]
V1	2	1	FORMAL_V1_G2_P1_M1_RULE_U01	M1_RULE_U01	6	4	A0_DENSE_VENDOR	147404	0.970171651221567	0.009077	0.053163	0.000545	0.093279	0.986172	4	0	0	0.0	[16,16,6744,13079]
V1	2	1	FORMAL_V1_G2_P1_M1_RULE_U01	M1_RULE_U01	7	4	A0_DENSE_VENDOR	147415	0.970244050126369	0.008702	0.052438	0.000523	0.09373	0.941565	4	0	0	0.0	[17,17,788,35]
V1	2	1	FORMAL_V1_G2_P1_M1_RULE_U01	M1_RULE_U01	8	4	A0_DENSE_VENDOR	147800	0.9727780117944398	0.009073	0.053209	0.000527	0.093302	0.969137	4	0	0	0.0	[198,198,330,4644]
V1	2	1	FORMAL_V1_G2_P1_M1_RULE_U01	M1_RULE_U01	9	4	A0_DENSE_VENDOR	147475	0.9706389532434709	0.008916	0.053351	0.000521	0.092947	1.063244	4	0	0	0.0	[92,92,16,16]
V1	2	1	FORMAL_V1_G2_P1_M1_RULE_U01	M1_RULE_U01	10	4	A0_DENSE_VENDOR	147140	0.9684340775063185	0.009458	0.053653	0.000589	0.097633	1.023629	2	2	0	0.0	[151645,151645,17,17]
V1	2	1	FORMAL_V1_G2_P1_M1_RULE_U01	M1_RULE_U01	11	2	A0_DENSE_VENDOR	147139	0.9684274957877	0.008432	0.054296	0.000543	0.091835	1.012363	2	0	0	0.0	[null,null,18,18]
V1	2	1	FORMAL_V1_G2_P1_M1_RULE_U01	M1_RULE_U01	12	2	A0_DENSE_VENDOR	147139	0.9684274957877	0.008108	0.053484	0.000437	0.092188	0.993796	2	0	0	0.0	[null,null,4697,698]
V1	2	1	FORMAL_V1_G2_P1_M1_RULE_U01	M1_RULE_U01	13	2	A0_DENSE_VENDOR	147473	0.9706257898062342	0.008251	0.055704	0.000547	0.093685	0.935439	2	0	0	0.0	[null,null,794,92]
V1	2	1	FORMAL_V1_G2_P1_M1_RULE_U01	M1_RULE_U01	14	2	A0_DENSE_VENDOR	147138	0.9684209140690817	0.008377	0.055454	0.000539	0.094848	0.916012	1	1	0	0.0	[null,null,11,151645]
V1	2	1	FORMAL_V1_G2_P1_M1_RULE_U01	M1_RULE_U01	15	1	A0_DENSE_VENDOR	147137	0.9684143323504634	0.006731	0.049149	0.000464	0.086522	0.897422	1	0	0	0.0	[null,null,5765,null]
V1	2	1	FORMAL_V1_G2_P1_M1_RULE_U01	M1_RULE_U01	16	1	A0_DENSE_VENDOR	147137	0.9684143323504634	0.006717	0.048648	0.00051	0.084241	0.896418	1	0	0	0.0	[null,null,27831,null]
V1	2	1	FORMAL_V1_G2_P1_M1_RULE_U01	M1_RULE_U01	17	1	A0_DENSE_VENDOR	147137	0.9684143323504634	0.006945	0.050397	0.000497	0.089317	0.9098	1	0	0	0.0	[null,null,11,null]
V1	2	1	FORMAL_V1_G2_P1_M1_RULE_U01	M1_RULE_U01	18	1	A0_DENSE_VENDOR	147137	0.9684143323504634	0.006753	0.050376	0.000514	0.085665	0.914992	1	0	0	0.0	[null,null,7279,null]
V1	2	1	FORMAL_V1_G2_P1_M1_RULE_U01	M1_RULE_U01	19	1	A0_DENSE_VENDOR	147137	0.9684143323504634	0.006835	0.050093	0.000462	0.088398	0.893848	1	0	0	0.0	[null,null,756,null]
V1	2	1	FORMAL_V1_G2_P1_M1_RULE_U01	M1_RULE_U01	20	1	A3_RAGGED_DIRECT	425	0.002797230412805392	0.006877	0.050202	0.000508	0.08852	0.40537	1	0	1	0.016884	[null,null,220,null]
V1	2	1	FORMAL_V1_G2_P1_M1_RULE_U01	M1_RULE_U01	21	1	A3_RAGGED_DIRECT	425	0.002797230412805392	0.006853	0.04982	0.000528	0.088026	0.451867	1	0	1	0.023544	[null,null,330,null]
V1	2	1	FORMAL_V1_G2_P1_M1_RULE_U01	M1_RULE_U01	22	1	A3_RAGGED_DIRECT	6	3.9490311710193765e-05	0.006789	0.048713	0.000458	0.085618	0.394069	1	0	1	0.016997	[null,null,11049,null]
V1	2	1	FORMAL_V1_G2_P1_M1_RULE_U01	M1_RULE_U01	23	1	A3_RAGGED_DIRECT	4	2.632687447346251e-05	0.013203	0.047989	0.000453	0.089077	0.375566	1	0	1	0.015852	[null,null,1269,null]
V1	2	1	FORMAL_V1_G2_P1_M1_RULE_U01	M1_RULE_U01	24	1	A3_RAGGED_DIRECT	19	0.0001250526537489469	0.006553	0.047658	0.000503	0.081798	0.365439	1	0	1	0.013742	[null,null,788,null]
V1	2	1	FORMAL_V1_G2_P1_M1_RULE_U01	M1_RULE_U01	25	1	A3_RAGGED_DIRECT	822	0.005410172704296546	0.006458	0.046928	0.00048	0.082283	0.405284	1	0	1	0.016298	[null,null,330,null]
V1	2	1	FORMAL_V1_G2_P1_M1_RULE_U01	M1_RULE_U01	26	1	A0_DENSE_VENDOR	147137	0.9684143323504634	0.006313	0.045436	0.000414	0.078356	0.884333	1	0	0	0.0	[null,null,13079,null]
V1	2	1	FORMAL_V1_G2_P1_M1_RULE_U01	M1_RULE_U01	27	1	A0_DENSE_VENDOR	147137	0.9684143323504634	0.006542	0.046982	0.000487	0.082987	0.863703	1	0	0	0.0	[null,null,49628,null]
V1	2	1	FORMAL_V1_G2_P1_M1_RULE_U01	M1_RULE_U01	28	1	A0_DENSE_VENDOR	147137	0.9684143323504634	0.006357	0.046523	0.000443	0.081915	0.871036	1	0	0	0.0	[null,null,756,null]
V1	2	1	FORMAL_V1_G2_P1_M1_RULE_U01	M1_RULE_U01	29	1	A3_RAGGED_DIRECT	424	0.002790648694187026	0.006478	0.047057	0.000491	0.083627	0.387471	1	0	1	0.015571	[null,null,220,null]
V1	2	1	FORMAL_V1_G2_P1_M1_RULE_U01	M1_RULE_U01	30	1	A3_RAGGED_DIRECT	424	0.002790648694187026	0.006552	0.04664	0.00047	0.082478	0.419084	1	0	1	0.017717	[null,null,330,null]
V1	2	1	FORMAL_V1_G2_P1_M1_RULE_U01	M1_RULE_U01	31	1	A3_RAGGED_DIRECT	5	3.2908593091828136e-05	0.006425	0.046535	0.000456	0.079961	0.363737	1	0	1	0.020518	[null,null,3615,null]
V1	2	1	FORMAL_V1_G2_P1_M1_RULE_U01	M1_RULE_U01	32	1	A3_RAGGED_DIRECT	15	9.872577927548442e-05	0.006175	0.046017	0.000459	0.080605	0.365246	1	0	1	0.015313	[null,null,788,null]
V1	2	1	FORMAL_V1_G2_P1_M1_RULE_U01	M1_RULE_U01	33	1	A3_RAGGED_DIRECT	442	0.0029091196293176075	0.006291	0.045681	0.000439	0.080102	0.383592	1	0	1	0.01476	[null,null,2278,null]
V1	2	1	FORMAL_V1_G2_P1_M1_RULE_U01	M1_RULE_U01	34	1	A3_RAGGED_DIRECT	452	0.002974936815501264	0.006274	0.044796	0.000439	0.076107	0.365278	1	0	1	0.015459	[null,null,262,null]
V1	2	1	FORMAL_V1_G2_P1_M1_RULE_U01	M1_RULE_U01	35	1	A3_RAGGED_DIRECT	452	0.002974936815501264	0.006134	0.04475	0.000425	0.078731	0.369036	1	0	1	0.024827	[null,null,341,null]
V1	2	1	FORMAL_V1_G2_P1_M1_RULE_U01	M1_RULE_U01	36	1	A3_RAGGED_DIRECT	424	0.002790648694187026	0.006025	0.043397	0.000468	0.074502	0.350243	1	0	1	0.012675	[null,null,414,null]
V1	2	1	FORMAL_V1_G2_P1_M1_RULE_U01	M1_RULE_U01	37	1	A3_RAGGED_DIRECT	424	0.002790648694187026	0.005993	0.043663	0.000441	0.074384	0.356092	1	0	1	0.015174	[null,null,330,null]
V1	2	1	FORMAL_V1_G2_P1_M1_RULE_U01	M1_RULE_U01	38	1	A3_RAGGED_DIRECT	4	2.632687447346251e-05	0.006058	0.043932	0.000464	0.075807	0.339471	1	0	1	0.014645	[null,null,6555,null]
V1	2	1	FORMAL_V1_G2_P1_M1_RULE_U01	M1_RULE_U01	39	1	A3_RAGGED_DIRECT	13	8.556234203875316e-05	0.006039	0.043306	0.00041	0.078517	0.360489	1	0	1	0.014804	[null,null,788,null]
V1	2	1	FORMAL_V1_G2_P1_M1_RULE_U01	M1_RULE_U01	40	1	A3_RAGGED_DIRECT	434	0.0028564658803706825	0.005948	0.043733	0.00043	0.074778	0.361547	1	0	1	0.014378	[null,null,220,null]
V1	2	1	FORMAL_V1_G2_P1_M1_RULE_U01	M1_RULE_U01	41	1	A3_RAGGED_DIRECT	434	0.0028564658803706825	0.005734	0.041915	0.000417	0.07148	0.35058	1	0	1	0.013797	[null,null,16,null]
V1	2	1	FORMAL_V1_G2_P1_M1_RULE_U01	M1_RULE_U01	42	1	A3_RAGGED_DIRECT	448	0.0029486099410278013	0.005751	0.042335	0.000417	0.073834	0.346107	1	0	1	0.014464	[null,null,15,null]
V1	2	1	FORMAL_V1_G2_P1_M1_RULE_U01	M1_RULE_U01	43	1	A3_RAGGED_DIRECT	448	0.0029486099410278013	0.005705	0.04183	0.000437	0.072373	0.348788	1	0	1	0.018814	[null,null,345,null]
V1	2	1	FORMAL_V1_G2_P1_M1_RULE_U01	M1_RULE_U01	44	1	A3_RAGGED_DIRECT	424	0.002790648694187026	0.00575	0.041834	0.000398	0.072875	0.342831	1	0	1	0.014299	[null,null,414,null]
V1	2	1	FORMAL_V1_G2_P1_M1_RULE_U01	M1_RULE_U01	45	1	A3_RAGGED_DIRECT	424	0.002790648694187026	0.005645	0.041572	0.000394	0.072943	0.351195	1	0	1	0.01381	[null,null,330,null]
V1	2	1	FORMAL_V1_G2_P1_M1_RULE_U01	M1_RULE_U01	46	1	A3_RAGGED_DIRECT	6	3.9490311710193765e-05	0.005761	0.041872	0.000443	0.072582	0.331832	1	0	1	0.013922	[null,null,3031,null]
V1	2	1	FORMAL_V1_G2_P1_M1_RULE_U01	M1_RULE_U01	47	1	A3_RAGGED_DIRECT	4	2.632687447346251e-05	0.005631	0.041173	0.000481	0.071989	0.325585	1	0	1	0.013395	[null,null,1269,null]
V1	2	1	FORMAL_V1_G2_P1_M1_RULE_U01	M1_RULE_U01	48	1	A3_RAGGED_DIRECT	19	0.0001250526537489469	0.005758	0.041538	0.00046	0.073207	0.336859	1	0	1	0.013536	[null,null,788,null]
V1	2	1	FORMAL_V1_G2_P1_M1_RULE_U01	M1_RULE_U01	49	1	A3_RAGGED_DIRECT	822	0.005410172704296546	0.005624	0.041301	0.000452	0.074441	0.34864	1	0	1	0.014331	[null,null,330,null]
V1	2	1	FORMAL_V1_G2_P1_M1_RULE_U01	M1_RULE_U01	50	1	A0_DENSE_VENDOR	147137	0.9684143323504634	0.005659	0.041185	0.00045	0.072584	0.841131	1	0	0	0.0	[null,null,4816,null]
V1	2	1	FORMAL_V1_G2_P1_M1_RULE_U01	M1_RULE_U01	51	1	A0_DENSE_VENDOR	147137	0.9684143323504634	0.005692	0.041513	0.000403	0.071215	0.825041	1	0	0	0.0	[null,null,362,null]
V1	2	1	FORMAL_V1_G2_P1_M1_RULE_U01	M1_RULE_U01	52	1	A0_DENSE_VENDOR	147137	0.9684143323504634	0.005869	0.042279	0.000391	0.074601	0.82386	1	0	0	0.0	[null,null,756,null]
V1	2	1	FORMAL_V1_G2_P1_M1_RULE_U01	M1_RULE_U01	53	1	A3_RAGGED_DIRECT	424	0.002790648694187026	0.005868	0.043354	0.00044	0.07655	0.368632	1	0	1	0.020392	[null,null,414,null]
V1	2	1	FORMAL_V1_G2_P1_M1_RULE_U01	M1_RULE_U01	54	1	A3_RAGGED_DIRECT	424	0.002790648694187026	0.005965	0.042558	0.000427	0.075206	0.38965	1	0	1	0.015974	[null,null,330,null]
V1	2	1	FORMAL_V1_G2_P1_M1_RULE_U01	M1_RULE_U01	55	1	A3_RAGGED_DIRECT	6	3.9490311710193765e-05	0.005898	0.042755	0.00043	0.075042	0.353971	1	0	1	0.014586	[null,null,13523,null]
V1	2	1	FORMAL_V1_G2_P1_M1_RULE_U01	M1_RULE_U01	56	1	A3_RAGGED_DIRECT	13	8.556234203875316e-05	0.00584	0.043059	0.000424	0.073482	0.340123	1	0	1	0.013956	[null,null,788,null]
V1	2	1	FORMAL_V1_G2_P1_M1_RULE_U01	M1_RULE_U01	57	1	A3_RAGGED_DIRECT	434	0.0028564658803706825	0.005823	0.042929	0.000433	0.075439	0.3412	1	0	1	0.012511	[null,null,220,null]
V1	2	1	FORMAL_V1_G2_P1_M1_RULE_U01	M1_RULE_U01	58	1	A3_RAGGED_DIRECT	434	0.0028564658803706825	0.005679	0.040679	0.000405	0.071711	0.344522	1	0	1	0.013513	[null,null,17,null]
V1	2	1	FORMAL_V1_G2_P1_M1_RULE_U01	M1_RULE_U01	59	1	A3_RAGGED_DIRECT	476	0.003132898062342039	0.00578	0.040808	0.000402	0.070472	0.341539	1	0	1	0.013766	[null,null,198,null]
V1	2	1	FORMAL_V1_G2_P1_M1_RULE_U01	M1_RULE_U01	60	1	A3_RAGGED_DIRECT	466	0.0030670808761583826	0.005609	0.040983	0.000427	0.070728	0.34638	1	0	1	0.013737	[null,null,262,null]
V1	2	1	FORMAL_V1_G2_P1_M1_RULE_U01	M1_RULE_U01	61	1	A3_RAGGED_DIRECT	466	0.0030670808761583826	0.005612	0.045177	0.000439	0.078268	0.350528	1	0	1	0.013986	[null,null,1153,null]
V1	2	1	FORMAL_V1_G2_P1_M1_RULE_U01	M1_RULE_U01	62	1	A3_RAGGED_DIRECT	439	0.0028893744734625106	0.005644	0.040886	0.00041	0.07014	0.325156	1	0	1	0.011606	[null,null,262,null]
V1	2	1	FORMAL_V1_G2_P1_M1_RULE_U01	M1_RULE_U01	63	1	A3_RAGGED_DIRECT	439	0.0028893744734625106	0.005685	0.040927	0.000383	0.069897	0.331356	1	0	1	0.013567	[null,null,341,null]
V1	2	1	FORMAL_V1_G2_P1_M1_RULE_U01	M1_RULE_U01	64	1	A3_RAGGED_DIRECT	424	0.002790648694187026	0.005624	0.041065	0.000397	0.070739	0.340468	1	0	1	0.018398	[null,null,414,null]
V1	2	1	FORMAL_V1_G2_P1_M1_RULE_U01	M1_RULE_U01	65	1	A3_RAGGED_DIRECT	424	0.002790648694187026	0.005592	0.041112	0.000416	0.072345	0.332246	1	0	1	0.013442	[null,null,330,null]
V1	2	1	FORMAL_V1_G2_P1_M1_RULE_U01	M1_RULE_U01	66	1	A3_RAGGED_DIRECT	4	2.632687447346251e-05	0.005421	0.039581	0.000413	0.068427	0.324168	1	0	1	0.013289	[null,null,6555,null]
V1	2	1	FORMAL_V1_G2_P1_M1_RULE_U01	M1_RULE_U01	67	1	A3_RAGGED_DIRECT	13	8.556234203875316e-05	0.005368	0.039585	0.000427	0.071385	0.323922	1	0	1	0.013076	[null,null,788,null]
V1	2	1	FORMAL_V1_G2_P1_M1_RULE_U01	M1_RULE_U01	68	1	A3_RAGGED_DIRECT	434	0.0028564658803706825	0.005373	0.039508	0.000433	0.069421	0.332086	1	0	1	0.017402	[null,null,220,null]
V1	2	1	FORMAL_V1_G2_P1_M1_RULE_U01	M1_RULE_U01	69	1	A3_RAGGED_DIRECT	434	0.0028564658803706825	0.005424	0.039617	0.00042	0.071281	0.321569	1	0	1	0.012949	[null,null,17,null]
V1	2	1	FORMAL_V1_G2_P1_M1_RULE_U01	M1_RULE_U01	70	1	A3_RAGGED_DIRECT	448	0.0029486099410278013	0.00552	0.039888	0.000441	0.071041	0.338851	1	0	1	0.013581	[null,null,15,null]
V1	2	1	FORMAL_V1_G2_P1_M1_RULE_U01	M1_RULE_U01	71	1	A3_RAGGED_DIRECT	448	0.0029486099410278013	0.005578	0.039658	0.000453	0.069996	0.336509	1	0	1	0.013426	[null,null,345,null]
V1	2	1	FORMAL_V1_G2_P1_M1_RULE_U01	M1_RULE_U01	72	1	A3_RAGGED_DIRECT	424	0.002790648694187026	0.005495	0.039254	0.000442	0.070777	0.333359	1	0	1	0.017881	[null,null,414,null]
V1	2	1	FORMAL_V1_G2_P1_M1_RULE_U01	M1_RULE_U01	73	1	A3_RAGGED_DIRECT	424	0.002790648694187026	0.005547	0.039443	0.000429	0.070305	0.325159	1	0	1	0.017478	[null,null,330,null]
V1	2	1	FORMAL_V1_G2_P1_M1_RULE_U01	M1_RULE_U01	74	1	A3_RAGGED_DIRECT	6	3.9490311710193765e-05	0.005261	0.039346	0.000422	0.068956	0.30563	1	0	1	0.01305	[null,null,3031,null]
V1	2	1	FORMAL_V1_G2_P1_M1_RULE_U01	M1_RULE_U01	75	1	A3_RAGGED_DIRECT	4	2.632687447346251e-05	0.005387	0.039562	0.000426	0.071266	0.309549	1	0	1	0.014112	[null,null,1269,null]
V1	2	1	FORMAL_V1_G2_P1_M1_RULE_U01	M1_RULE_U01	76	1	A3_RAGGED_DIRECT	19	0.0001250526537489469	0.00543	0.03944	0.000402	0.070579	0.306944	1	0	1	0.013037	[null,null,788,null]
V1	2	1	FORMAL_V1_G2_P1_M1_RULE_U01	M1_RULE_U01	77	1	A3_RAGGED_DIRECT	822	0.005410172704296546	0.005442	0.039349	0.000417	0.071327	0.348705	1	0	1	0.012886	[null,null,330,null]
V1	2	1	FORMAL_V1_G2_P1_M1_RULE_U01	M1_RULE_U01	78	1	A0_DENSE_VENDOR	147137	0.9684143323504634	0.00544	0.039431	0.000384	0.06755	0.834389	1	0	0	0.0	[null,null,4816,null]
V1	2	1	FORMAL_V1_G2_P1_M1_RULE_U01	M1_RULE_U01	79	1	A0_DENSE_VENDOR	147137	0.9684143323504634	0.005668	0.040302	0.00039	0.069616	0.808759	1	0	0	0.0	[null,null,425,null]
V1	2	1	FORMAL_V1_G2_P1_M1_RULE_U01	M1_RULE_U01	80	1	A0_DENSE_VENDOR	147137	0.9684143323504634	0.005696	0.040598	0.000394	0.072205	0.821729	1	0	0	0.0	[null,null,756,null]
V1	2	1	FORMAL_V1_G2_P1_M1_RULE_U01	M1_RULE_U01	81	1	A3_RAGGED_DIRECT	424	0.002790648694187026	0.005715	0.041095	0.000421	0.071904	0.344829	1	0	1	0.013858	[null,null,414,null]
V1	2	1	FORMAL_V1_G2_P1_M1_RULE_U01	M1_RULE_U01	82	1	A3_RAGGED_DIRECT	424	0.002790648694187026	0.005805	0.042163	0.000445	0.073926	0.376262	1	0	1	0.02072	[null,null,330,null]
V1	2	1	FORMAL_V1_G2_P1_M1_RULE_U01	M1_RULE_U01	83	1	A3_RAGGED_DIRECT	6	3.9490311710193765e-05	0.005752	0.041356	0.000426	0.07095	0.340924	1	0	1	0.019938	[null,null,13523,null]
V1	2	1	FORMAL_V1_G2_P1_M1_RULE_U01	M1_RULE_U01	84	1	A3_RAGGED_DIRECT	13	8.556234203875316e-05	0.00575	0.041713	0.000422	0.073553	0.341582	1	0	1	0.014043	[null,null,788,null]
V1	2	1	FORMAL_V1_G2_P1_M1_RULE_U01	M1_RULE_U01	85	1	A3_RAGGED_DIRECT	434	0.0028564658803706825	0.00571	0.042341	0.000388	0.072465	0.338863	1	0	1	0.01205	[null,null,220,null]
V1	2	1	FORMAL_V1_G2_P1_M1_RULE_U01	M1_RULE_U01	86	1	A3_RAGGED_DIRECT	434	0.0028564658803706825	0.005729	0.041031	0.00044	0.072191	0.343765	1	0	1	0.013383	[null,null,18,null]
V1	2	1	FORMAL_V1_G2_P1_M1_RULE_U01	M1_RULE_U01	87	1	A3_RAGGED_DIRECT	476	0.003132898062342039	0.005536	0.04096	0.000411	0.070452	0.338623	1	0	1	0.013568	[null,null,198,null]
V1	2	1	FORMAL_V1_G2_P1_M1_RULE_U01	M1_RULE_U01	88	1	A3_RAGGED_DIRECT	466	0.0030670808761583826	0.005699	0.041447	0.000402	0.076699	0.3519	1	0	1	0.013976	[null,null,262,null]
V1	2	1	FORMAL_V1_G2_P1_M1_RULE_U01	M1_RULE_U01	89	1	A3_RAGGED_DIRECT	466	0.0030670808761583826	0.005592	0.040911	0.000438	0.07065	0.341081	1	0	1	0.013623	[null,null,456,null]
V1	2	1	FORMAL_V1_G2_P1_M1_RULE_U01	M1_RULE_U01	90	1	A3_RAGGED_DIRECT	449	0.002955191659646167	0.005523	0.039362	0.000409	0.068743	0.331816	1	0	1	0.013713	[null,null,220,null]
V1	2	1	FORMAL_V1_G2_P1_M1_RULE_U01	M1_RULE_U01	91	1	A3_RAGGED_DIRECT	449	0.002955191659646167	0.005457	0.039486	0.000375	0.067941	0.320149	1	0	1	0.012729	[null,null,5133,null]
V1	2	1	FORMAL_V1_G2_P1_M1_RULE_U01	M1_RULE_U01	92	1	A3_RAGGED_DIRECT	424	0.002790648694187026	0.005374	0.039423	0.00038	0.06744	0.33589	1	0	1	0.013232	[null,null,92,null]
V1	2	1	FORMAL_V1_G2_P1_M1_RULE_U01	M1_RULE_U01	93	1	A3_RAGGED_DIRECT	1	6.581718618365627e-06	0.005375	0.039246	0.000375	0.066869	0.181626	0	1	0	0.0	[null,null,151645,null]
V1	2	2	FORMAL_V1_G2_P2_B0_STRONG	B0_STRONG	0	4	A0_DENSE_VENDOR			0.0	0.0	0.0	0.0	1.614808	4	0	0	0.0	[515,515,515,515]
V1	2	2	FORMAL_V1_G2_P2_B0_STRONG	B0_STRONG	1	4	A0_DENSE_VENDOR			0.0	0.0	0.0	0.0	0.733514	4	0	0	0.0	[220,220,220,220]
V1	2	2	FORMAL_V1_G2_P2_B0_STRONG	B0_STRONG	2	4	A0_DENSE_VENDOR			0.0	0.0	0.0	0.0	0.722496	4	0	0	0.0	[330,330,330,330]
V1	2	2	FORMAL_V1_G2_P2_B0_STRONG	B0_STRONG	3	4	A0_DENSE_VENDOR			0.0	0.0	0.0	0.0	0.693912	4	0	0	0.0	[4129,4129,29642,5113]
V1	2	2	FORMAL_V1_G2_P2_B0_STRONG	B0_STRONG	4	4	A0_DENSE_VENDOR			0.0	0.0	0.0	0.0	0.703125	4	0	0	0.0	[788,788,258,788]
V1	2	2	FORMAL_V1_G2_P2_B0_STRONG	B0_STRONG	5	4	A0_DENSE_VENDOR			0.0	0.0	0.0	0.0	0.745911	3	1	0	0.0	[220,220,70,330]
V1	2	2	FORMAL_V1_G2_P2_B0_STRONG	B0_STRONG	6	4	A0_DENSE_VENDOR			0.0	0.0	0.0	0.0	0.86504	4	0	0	0.0	[16,16,6744,13079]
V1	2	2	FORMAL_V1_G2_P2_B0_STRONG	B0_STRONG	7	4	A0_DENSE_VENDOR			0.0	0.0	0.0	0.0	0.858742	4	0	0	0.0	[17,17,788,35]
V1	2	2	FORMAL_V1_G2_P2_B0_STRONG	B0_STRONG	8	4	A0_DENSE_VENDOR			0.0	0.0	0.0	0.0	0.894892	4	0	0	0.0	[198,198,330,4644]
V1	2	2	FORMAL_V1_G2_P2_B0_STRONG	B0_STRONG	9	4	A0_DENSE_VENDOR			0.0	0.0	0.0	0.0	0.944532	4	0	0	0.0	[92,92,16,16]
V1	2	2	FORMAL_V1_G2_P2_B0_STRONG	B0_STRONG	10	4	A0_DENSE_VENDOR			0.0	0.0	0.0	0.0	0.949097	2	2	0	0.0	[151645,151645,17,17]
V1	2	2	FORMAL_V1_G2_P2_B0_STRONG	B0_STRONG	11	2	A0_DENSE_VENDOR			0.0	0.0	0.0	0.0	0.917825	2	0	0	0.0	[null,null,18,18]
V1	2	2	FORMAL_V1_G2_P2_B0_STRONG	B0_STRONG	12	2	A0_DENSE_VENDOR			0.0	0.0	0.0	0.0	0.93936	2	0	0	0.0	[null,null,4697,698]
V1	2	2	FORMAL_V1_G2_P2_B0_STRONG	B0_STRONG	13	2	A0_DENSE_VENDOR			0.0	0.0	0.0	0.0	0.836414	2	0	0	0.0	[null,null,794,92]
V1	2	2	FORMAL_V1_G2_P2_B0_STRONG	B0_STRONG	14	2	A0_DENSE_VENDOR			0.0	0.0	0.0	0.0	0.822283	1	1	0	0.0	[null,null,11,151645]
V1	2	2	FORMAL_V1_G2_P2_B0_STRONG	B0_STRONG	15	1	A0_DENSE_VENDOR			0.0	0.0	0.0	0.0	0.797294	1	0	0	0.0	[null,null,5765,null]
V1	2	2	FORMAL_V1_G2_P2_B0_STRONG	B0_STRONG	16	1	A0_DENSE_VENDOR			0.0	0.0	0.0	0.0	0.810869	1	0	0	0.0	[null,null,27831,null]
V1	2	2	FORMAL_V1_G2_P2_B0_STRONG	B0_STRONG	17	1	A0_DENSE_VENDOR			0.0	0.0	0.0	0.0	0.810018	1	0	0	0.0	[null,null,11,null]
V1	2	2	FORMAL_V1_G2_P2_B0_STRONG	B0_STRONG	18	1	A0_DENSE_VENDOR			0.0	0.0	0.0	0.0	0.822156	1	0	0	0.0	[null,null,7279,null]
V1	2	2	FORMAL_V1_G2_P2_B0_STRONG	B0_STRONG	19	1	A0_DENSE_VENDOR			0.0	0.0	0.0	0.0	0.810286	1	0	0	0.0	[null,null,756,null]
V1	2	2	FORMAL_V1_G2_P2_B0_STRONG	B0_STRONG	20	1	A0_DENSE_VENDOR			0.0	0.0	0.0	0.0	0.718466	1	0	0	0.0	[null,null,220,null]
V1	2	2	FORMAL_V1_G2_P2_B0_STRONG	B0_STRONG	21	1	A0_DENSE_VENDOR			0.0	0.0	0.0	0.0	0.723496	1	0	0	0.0	[null,null,330,null]
V1	2	2	FORMAL_V1_G2_P2_B0_STRONG	B0_STRONG	22	1	A0_DENSE_VENDOR			0.0	0.0	0.0	0.0	0.713012	1	0	0	0.0	[null,null,11049,null]
V1	2	2	FORMAL_V1_G2_P2_B0_STRONG	B0_STRONG	23	1	A0_DENSE_VENDOR			0.0	0.0	0.0	0.0	0.714512	1	0	0	0.0	[null,null,1269,null]
V1	2	2	FORMAL_V1_G2_P2_B0_STRONG	B0_STRONG	24	1	A0_DENSE_VENDOR			0.0	0.0	0.0	0.0	0.710718	1	0	0	0.0	[null,null,788,null]
V1	2	2	FORMAL_V1_G2_P2_B0_STRONG	B0_STRONG	25	1	A0_DENSE_VENDOR			0.0	0.0	0.0	0.0	0.733865	1	0	0	0.0	[null,null,330,null]
V1	2	2	FORMAL_V1_G2_P2_B0_STRONG	B0_STRONG	26	1	A0_DENSE_VENDOR			0.0	0.0	0.0	0.0	0.824064	1	0	0	0.0	[null,null,13079,null]
V1	2	2	FORMAL_V1_G2_P2_B0_STRONG	B0_STRONG	27	1	A0_DENSE_VENDOR			0.0	0.0	0.0	0.0	0.83347	1	0	0	0.0	[null,null,49628,null]
V1	2	2	FORMAL_V1_G2_P2_B0_STRONG	B0_STRONG	28	1	A0_DENSE_VENDOR			0.0	0.0	0.0	0.0	0.828371	1	0	0	0.0	[null,null,756,null]
V1	2	2	FORMAL_V1_G2_P2_B0_STRONG	B0_STRONG	29	1	A0_DENSE_VENDOR			0.0	0.0	0.0	0.0	0.726063	1	0	0	0.0	[null,null,220,null]
V1	2	2	FORMAL_V1_G2_P2_B0_STRONG	B0_STRONG	30	1	A0_DENSE_VENDOR			0.0	0.0	0.0	0.0	0.727471	1	0	0	0.0	[null,null,330,null]
V1	2	2	FORMAL_V1_G2_P2_B0_STRONG	B0_STRONG	31	1	A0_DENSE_VENDOR			0.0	0.0	0.0	0.0	0.71294	1	0	0	0.0	[null,null,3615,null]
V1	2	2	FORMAL_V1_G2_P2_B0_STRONG	B0_STRONG	32	1	A0_DENSE_VENDOR			0.0	0.0	0.0	0.0	0.719159	1	0	0	0.0	[null,null,788,null]
V1	2	2	FORMAL_V1_G2_P2_B0_STRONG	B0_STRONG	33	1	A0_DENSE_VENDOR			0.0	0.0	0.0	0.0	0.730621	1	0	0	0.0	[null,null,2278,null]
V1	2	2	FORMAL_V1_G2_P2_B0_STRONG	B0_STRONG	34	1	A0_DENSE_VENDOR			0.0	0.0	0.0	0.0	0.732702	1	0	0	0.0	[null,null,262,null]
V1	2	2	FORMAL_V1_G2_P2_B0_STRONG	B0_STRONG	35	1	A0_DENSE_VENDOR			0.0	0.0	0.0	0.0	0.72885	1	0	0	0.0	[null,null,341,null]
V1	2	2	FORMAL_V1_G2_P2_B0_STRONG	B0_STRONG	36	1	A0_DENSE_VENDOR			0.0	0.0	0.0	0.0	0.731346	1	0	0	0.0	[null,null,414,null]
V1	2	2	FORMAL_V1_G2_P2_B0_STRONG	B0_STRONG	37	1	A0_DENSE_VENDOR			0.0	0.0	0.0	0.0	0.715016	1	0	0	0.0	[null,null,330,null]
V1	2	2	FORMAL_V1_G2_P2_B0_STRONG	B0_STRONG	38	1	A0_DENSE_VENDOR			0.0	0.0	0.0	0.0	0.725595	1	0	0	0.0	[null,null,6555,null]
V1	2	2	FORMAL_V1_G2_P2_B0_STRONG	B0_STRONG	39	1	A0_DENSE_VENDOR			0.0	0.0	0.0	0.0	0.715585	1	0	0	0.0	[null,null,788,null]
V1	2	2	FORMAL_V1_G2_P2_B0_STRONG	B0_STRONG	40	1	A0_DENSE_VENDOR			0.0	0.0	0.0	0.0	0.729895	1	0	0	0.0	[null,null,220,null]
V1	2	2	FORMAL_V1_G2_P2_B0_STRONG	B0_STRONG	41	1	A0_DENSE_VENDOR			0.0	0.0	0.0	0.0	0.731945	1	0	0	0.0	[null,null,16,null]
V1	2	2	FORMAL_V1_G2_P2_B0_STRONG	B0_STRONG	42	1	A0_DENSE_VENDOR			0.0	0.0	0.0	0.0	0.728276	1	0	0	0.0	[null,null,15,null]
V1	2	2	FORMAL_V1_G2_P2_B0_STRONG	B0_STRONG	43	1	A0_DENSE_VENDOR			0.0	0.0	0.0	0.0	0.724431	1	0	0	0.0	[null,null,345,null]
V1	2	2	FORMAL_V1_G2_P2_B0_STRONG	B0_STRONG	44	1	A0_DENSE_VENDOR			0.0	0.0	0.0	0.0	0.727103	1	0	0	0.0	[null,null,414,null]
V1	2	2	FORMAL_V1_G2_P2_B0_STRONG	B0_STRONG	45	1	A0_DENSE_VENDOR			0.0	0.0	0.0	0.0	0.728694	1	0	0	0.0	[null,null,330,null]
V1	2	2	FORMAL_V1_G2_P2_B0_STRONG	B0_STRONG	46	1	A0_DENSE_VENDOR			0.0	0.0	0.0	0.0	0.719649	1	0	0	0.0	[null,null,3031,null]
V1	2	2	FORMAL_V1_G2_P2_B0_STRONG	B0_STRONG	47	1	A0_DENSE_VENDOR			0.0	0.0	0.0	0.0	0.711578	1	0	0	0.0	[null,null,1269,null]
V1	2	2	FORMAL_V1_G2_P2_B0_STRONG	B0_STRONG	48	1	A0_DENSE_VENDOR			0.0	0.0	0.0	0.0	0.707701	1	0	0	0.0	[null,null,788,null]
V1	2	2	FORMAL_V1_G2_P2_B0_STRONG	B0_STRONG	49	1	A0_DENSE_VENDOR			0.0	0.0	0.0	0.0	0.744055	1	0	0	0.0	[null,null,330,null]
V1	2	2	FORMAL_V1_G2_P2_B0_STRONG	B0_STRONG	50	1	A0_DENSE_VENDOR			0.0	0.0	0.0	0.0	0.838742	1	0	0	0.0	[null,null,4816,null]
V1	2	2	FORMAL_V1_G2_P2_B0_STRONG	B0_STRONG	51	1	A0_DENSE_VENDOR			0.0	0.0	0.0	0.0	0.840512	1	0	0	0.0	[null,null,362,null]
V1	2	2	FORMAL_V1_G2_P2_B0_STRONG	B0_STRONG	52	1	A0_DENSE_VENDOR			0.0	0.0	0.0	0.0	0.845355	1	0	0	0.0	[null,null,756,null]
V1	2	2	FORMAL_V1_G2_P2_B0_STRONG	B0_STRONG	53	1	A0_DENSE_VENDOR			0.0	0.0	0.0	0.0	0.733337	1	0	0	0.0	[null,null,414,null]
V1	2	2	FORMAL_V1_G2_P2_B0_STRONG	B0_STRONG	54	1	A0_DENSE_VENDOR			0.0	0.0	0.0	0.0	0.72664	1	0	0	0.0	[null,null,330,null]
V1	2	2	FORMAL_V1_G2_P2_B0_STRONG	B0_STRONG	55	1	A0_DENSE_VENDOR			0.0	0.0	0.0	0.0	0.729632	1	0	0	0.0	[null,null,13523,null]
V1	2	2	FORMAL_V1_G2_P2_B0_STRONG	B0_STRONG	56	1	A0_DENSE_VENDOR			0.0	0.0	0.0	0.0	0.719769	1	0	0	0.0	[null,null,788,null]
V1	2	2	FORMAL_V1_G2_P2_B0_STRONG	B0_STRONG	57	1	A0_DENSE_VENDOR			0.0	0.0	0.0	0.0	0.739689	1	0	0	0.0	[null,null,220,null]
V1	2	2	FORMAL_V1_G2_P2_B0_STRONG	B0_STRONG	58	1	A0_DENSE_VENDOR			0.0	0.0	0.0	0.0	0.733915	1	0	0	0.0	[null,null,17,null]
V1	2	2	FORMAL_V1_G2_P2_B0_STRONG	B0_STRONG	59	1	A0_DENSE_VENDOR			0.0	0.0	0.0	0.0	0.729377	1	0	0	0.0	[null,null,198,null]
V1	2	2	FORMAL_V1_G2_P2_B0_STRONG	B0_STRONG	60	1	A0_DENSE_VENDOR			0.0	0.0	0.0	0.0	0.731245	1	0	0	0.0	[null,null,262,null]
V1	2	2	FORMAL_V1_G2_P2_B0_STRONG	B0_STRONG	61	1	A0_DENSE_VENDOR			0.0	0.0	0.0	0.0	0.73453	1	0	0	0.0	[null,null,1153,null]
V1	2	2	FORMAL_V1_G2_P2_B0_STRONG	B0_STRONG	62	1	A0_DENSE_VENDOR			0.0	0.0	0.0	0.0	0.725941	1	0	0	0.0	[null,null,262,null]
V1	2	2	FORMAL_V1_G2_P2_B0_STRONG	B0_STRONG	63	1	A0_DENSE_VENDOR			0.0	0.0	0.0	0.0	0.727789	1	0	0	0.0	[null,null,341,null]
V1	2	2	FORMAL_V1_G2_P2_B0_STRONG	B0_STRONG	64	1	A0_DENSE_VENDOR			0.0	0.0	0.0	0.0	0.724592	1	0	0	0.0	[null,null,414,null]
V1	2	2	FORMAL_V1_G2_P2_B0_STRONG	B0_STRONG	65	1	A0_DENSE_VENDOR			0.0	0.0	0.0	0.0	0.732236	1	0	0	0.0	[null,null,330,null]
V1	2	2	FORMAL_V1_G2_P2_B0_STRONG	B0_STRONG	66	1	A0_DENSE_VENDOR			0.0	0.0	0.0	0.0	0.728251	1	0	0	0.0	[null,null,6555,null]
V1	2	2	FORMAL_V1_G2_P2_B0_STRONG	B0_STRONG	67	1	A0_DENSE_VENDOR			0.0	0.0	0.0	0.0	0.731285	1	0	0	0.0	[null,null,788,null]
V1	2	2	FORMAL_V1_G2_P2_B0_STRONG	B0_STRONG	68	1	A0_DENSE_VENDOR			0.0	0.0	0.0	0.0	0.727153	1	0	0	0.0	[null,null,220,null]
V1	2	2	FORMAL_V1_G2_P2_B0_STRONG	B0_STRONG	69	1	A0_DENSE_VENDOR			0.0	0.0	0.0	0.0	0.729979	1	0	0	0.0	[null,null,17,null]
V1	2	2	FORMAL_V1_G2_P2_B0_STRONG	B0_STRONG	70	1	A0_DENSE_VENDOR			0.0	0.0	0.0	0.0	0.735406	1	0	0	0.0	[null,null,15,null]
V1	2	2	FORMAL_V1_G2_P2_B0_STRONG	B0_STRONG	71	1	A0_DENSE_VENDOR			0.0	0.0	0.0	0.0	0.736538	1	0	0	0.0	[null,null,345,null]
V1	2	2	FORMAL_V1_G2_P2_B0_STRONG	B0_STRONG	72	1	A0_DENSE_VENDOR			0.0	0.0	0.0	0.0	0.728923	1	0	0	0.0	[null,null,414,null]
V1	2	2	FORMAL_V1_G2_P2_B0_STRONG	B0_STRONG	73	1	A0_DENSE_VENDOR			0.0	0.0	0.0	0.0	0.741367	1	0	0	0.0	[null,null,330,null]
V1	2	2	FORMAL_V1_G2_P2_B0_STRONG	B0_STRONG	74	1	A0_DENSE_VENDOR			0.0	0.0	0.0	0.0	0.716555	1	0	0	0.0	[null,null,3031,null]
V1	2	2	FORMAL_V1_G2_P2_B0_STRONG	B0_STRONG	75	1	A0_DENSE_VENDOR			0.0	0.0	0.0	0.0	0.720336	1	0	0	0.0	[null,null,1269,null]
V1	2	2	FORMAL_V1_G2_P2_B0_STRONG	B0_STRONG	76	1	A0_DENSE_VENDOR			0.0	0.0	0.0	0.0	0.715775	1	0	0	0.0	[null,null,788,null]
V1	2	2	FORMAL_V1_G2_P2_B0_STRONG	B0_STRONG	77	1	A0_DENSE_VENDOR			0.0	0.0	0.0	0.0	0.751951	1	0	0	0.0	[null,null,330,null]
V1	2	2	FORMAL_V1_G2_P2_B0_STRONG	B0_STRONG	78	1	A0_DENSE_VENDOR			0.0	0.0	0.0	0.0	0.838991	1	0	0	0.0	[null,null,4816,null]
V1	2	2	FORMAL_V1_G2_P2_B0_STRONG	B0_STRONG	79	1	A0_DENSE_VENDOR			0.0	0.0	0.0	0.0	0.841928	1	0	0	0.0	[null,null,425,null]
V1	2	2	FORMAL_V1_G2_P2_B0_STRONG	B0_STRONG	80	1	A0_DENSE_VENDOR			0.0	0.0	0.0	0.0	0.844427	1	0	0	0.0	[null,null,756,null]
V1	2	2	FORMAL_V1_G2_P2_B0_STRONG	B0_STRONG	81	1	A0_DENSE_VENDOR			0.0	0.0	0.0	0.0	0.728618	1	0	0	0.0	[null,null,414,null]
V1	2	2	FORMAL_V1_G2_P2_B0_STRONG	B0_STRONG	82	1	A0_DENSE_VENDOR			0.0	0.0	0.0	0.0	0.737794	1	0	0	0.0	[null,null,330,null]
V1	2	2	FORMAL_V1_G2_P2_B0_STRONG	B0_STRONG	83	1	A0_DENSE_VENDOR			0.0	0.0	0.0	0.0	0.716545	1	0	0	0.0	[null,null,13523,null]
V1	2	2	FORMAL_V1_G2_P2_B0_STRONG	B0_STRONG	84	1	A0_DENSE_VENDOR			0.0	0.0	0.0	0.0	0.719052	1	0	0	0.0	[null,null,788,null]
V1	2	2	FORMAL_V1_G2_P2_B0_STRONG	B0_STRONG	85	1	A0_DENSE_VENDOR			0.0	0.0	0.0	0.0	0.727761	1	0	0	0.0	[null,null,220,null]
V1	2	2	FORMAL_V1_G2_P2_B0_STRONG	B0_STRONG	86	1	A0_DENSE_VENDOR			0.0	0.0	0.0	0.0	0.732911	1	0	0	0.0	[null,null,18,null]
V1	2	2	FORMAL_V1_G2_P2_B0_STRONG	B0_STRONG	87	1	A0_DENSE_VENDOR			0.0	0.0	0.0	0.0	0.728967	1	0	0	0.0	[null,null,198,null]
V1	2	2	FORMAL_V1_G2_P2_B0_STRONG	B0_STRONG	88	1	A0_DENSE_VENDOR			0.0	0.0	0.0	0.0	0.735495	1	0	0	0.0	[null,null,262,null]
V1	2	2	FORMAL_V1_G2_P2_B0_STRONG	B0_STRONG	89	1	A0_DENSE_VENDOR			0.0	0.0	0.0	0.0	0.734371	1	0	0	0.0	[null,null,456,null]
V1	2	2	FORMAL_V1_G2_P2_B0_STRONG	B0_STRONG	90	1	A0_DENSE_VENDOR			0.0	0.0	0.0	0.0	0.724927	1	0	0	0.0	[null,null,220,null]
V1	2	2	FORMAL_V1_G2_P2_B0_STRONG	B0_STRONG	91	1	A0_DENSE_VENDOR			0.0	0.0	0.0	0.0	0.727595	1	0	0	0.0	[null,null,5133,null]
V1	2	2	FORMAL_V1_G2_P2_B0_STRONG	B0_STRONG	92	1	A0_DENSE_VENDOR			0.0	0.0	0.0	0.0	0.728965	1	0	0	0.0	[null,null,92,null]
V1	2	2	FORMAL_V1_G2_P2_B0_STRONG	B0_STRONG	93	1	A0_DENSE_VENDOR			0.0	0.0	0.0	0.0	0.153253	0	1	0	0.0	[null,null,151645,null]
V1	2	2	FORMAL_V1_G2_P2_M1_RULE_U01	M1_RULE_U01	0	4	A3_RAGGED_DIRECT	7	4.6072030328559395e-05	0.012356	0.063968	0.000673	0.108187	0.641437	4	0	1	0.050308	[515,515,515,515]
V1	2	2	FORMAL_V1_G2_P2_M1_RULE_U01	M1_RULE_U01	1	4	A3_RAGGED_DIRECT	426	0.0028038121314237574	0.009759	0.054147	0.000644	0.09523	0.651776	4	0	2	0.042317	[220,220,220,220]
V1	2	2	FORMAL_V1_G2_P2_M1_RULE_U01	M1_RULE_U01	2	4	A3_RAGGED_DIRECT	426	0.0028038121314237574	0.009459	0.056485	0.00064	0.10316	0.632715	4	0	2	0.040753	[330,330,330,330]
V1	2	2	FORMAL_V1_G2_P2_M1_RULE_U01	M1_RULE_U01	3	4	A3_RAGGED_DIRECT	14	9.214406065711879e-05	0.00912	0.060006	0.000572	0.105497	0.637534	4	0	3	0.050186	[4129,4129,29642,5113]
V1	2	2	FORMAL_V1_G2_P2_M1_RULE_U01	M1_RULE_U01	4	4	A3_RAGGED_DIRECT	21	0.00013821609098567817	0.009014	0.055553	0.000598	0.099022	0.627011	4	0	3	0.039985	[788,788,258,788]
V1	2	2	FORMAL_V1_G2_P2_M1_RULE_U01	M1_RULE_U01	5	4	A3_RAGGED_DIRECT	823	0.005416754422914912	0.008502	0.052271	0.000574	0.095066	0.569128	3	1	2	0.031178	[220,220,70,330]
V1	2	2	FORMAL_V1_G2_P2_M1_RULE_U01	M1_RULE_U01	6	4	A0_DENSE_VENDOR	147404	0.970171651221567	0.008898	0.053724	0.00054	0.093699	0.984422	4	0	0	0.0	[16,16,6744,13079]
V1	2	2	FORMAL_V1_G2_P2_M1_RULE_U01	M1_RULE_U01	7	4	A0_DENSE_VENDOR	147415	0.970244050126369	0.008521	0.052261	0.000582	0.092615	0.930675	4	0	0	0.0	[17,17,788,35]
V1	2	2	FORMAL_V1_G2_P2_M1_RULE_U01	M1_RULE_U01	8	4	A0_DENSE_VENDOR	147800	0.9727780117944398	0.008776	0.052851	0.000518	0.092782	0.971442	4	0	0	0.0	[198,198,330,4644]
V1	2	2	FORMAL_V1_G2_P2_M1_RULE_U01	M1_RULE_U01	9	4	A0_DENSE_VENDOR	147475	0.9706389532434709	0.008462	0.052949	0.000541	0.092225	1.031606	4	0	0	0.0	[92,92,16,16]
V1	2	2	FORMAL_V1_G2_P2_M1_RULE_U01	M1_RULE_U01	10	4	A0_DENSE_VENDOR	147140	0.9684340775063185	0.008999	0.054126	0.00058	0.094685	1.043055	2	2	0	0.0	[151645,151645,17,17]
V1	2	2	FORMAL_V1_G2_P2_M1_RULE_U01	M1_RULE_U01	11	2	A0_DENSE_VENDOR	147139	0.9684274957877	0.008029	0.054452	0.000472	0.093127	1.002308	2	0	0	0.0	[null,null,18,18]
V1	2	2	FORMAL_V1_G2_P2_M1_RULE_U01	M1_RULE_U01	12	2	A0_DENSE_VENDOR	147139	0.9684274957877	0.007933	0.05426	0.000549	0.093391	1.009272	2	0	0	0.0	[null,null,4697,698]
V1	2	2	FORMAL_V1_G2_P2_M1_RULE_U01	M1_RULE_U01	13	2	A0_DENSE_VENDOR	147473	0.9706257898062342	0.008044	0.05417	0.000534	0.091707	0.923895	2	0	0	0.0	[null,null,794,92]
V1	2	2	FORMAL_V1_G2_P2_M1_RULE_U01	M1_RULE_U01	14	2	A0_DENSE_VENDOR	147138	0.9684209140690817	0.008163	0.056284	0.000555	0.096209	0.916321	1	1	0	0.0	[null,null,11,151645]
V1	2	2	FORMAL_V1_G2_P2_M1_RULE_U01	M1_RULE_U01	15	1	A0_DENSE_VENDOR	147137	0.9684143323504634	0.006759	0.049404	0.000508	0.087209	0.895614	1	0	0	0.0	[null,null,5765,null]
V1	2	2	FORMAL_V1_G2_P2_M1_RULE_U01	M1_RULE_U01	16	1	A0_DENSE_VENDOR	147137	0.9684143323504634	0.006901	0.049011	0.000481	0.08565	0.872822	1	0	0	0.0	[null,null,27831,null]
V1	2	2	FORMAL_V1_G2_P2_M1_RULE_U01	M1_RULE_U01	17	1	A0_DENSE_VENDOR	147137	0.9684143323504634	0.006745	0.049522	0.000497	0.086847	0.909274	1	0	0	0.0	[null,null,11,null]
V1	2	2	FORMAL_V1_G2_P2_M1_RULE_U01	M1_RULE_U01	18	1	A0_DENSE_VENDOR	147137	0.9684143323504634	0.00678	0.055362	0.000486	0.091867	0.90666	1	0	0	0.0	[null,null,7279,null]
V1	2	2	FORMAL_V1_G2_P2_M1_RULE_U01	M1_RULE_U01	19	1	A0_DENSE_VENDOR	147137	0.9684143323504634	0.006969	0.050278	0.000489	0.089269	0.895882	1	0	0	0.0	[null,null,756,null]
V1	2	2	FORMAL_V1_G2_P2_M1_RULE_U01	M1_RULE_U01	20	1	A3_RAGGED_DIRECT	425	0.002797230412805392	0.006916	0.050586	0.000527	0.089172	0.421423	1	0	1	0.017229	[null,null,220,null]
V1	2	2	FORMAL_V1_G2_P2_M1_RULE_U01	M1_RULE_U01	21	1	A3_RAGGED_DIRECT	425	0.002797230412805392	0.006797	0.048449	0.000484	0.086479	0.438945	1	0	1	0.015869	[null,null,330,null]
V1	2	2	FORMAL_V1_G2_P2_M1_RULE_U01	M1_RULE_U01	22	1	A3_RAGGED_DIRECT	6	3.9490311710193765e-05	0.006754	0.049176	0.000522	0.08619	0.392709	1	0	1	0.016663	[null,null,11049,null]
V1	2	2	FORMAL_V1_G2_P2_M1_RULE_U01	M1_RULE_U01	23	1	A3_RAGGED_DIRECT	4	2.632687447346251e-05	0.006618	0.047776	0.000493	0.083236	0.380155	1	0	1	0.015794	[null,null,1269,null]
V1	2	2	FORMAL_V1_G2_P2_M1_RULE_U01	M1_RULE_U01	24	1	A3_RAGGED_DIRECT	19	0.0001250526537489469	0.006464	0.04679	0.000468	0.080419	0.359572	1	0	1	0.013366	[null,null,788,null]
V1	2	2	FORMAL_V1_G2_P2_M1_RULE_U01	M1_RULE_U01	25	1	A3_RAGGED_DIRECT	822	0.005410172704296546	0.006372	0.046429	0.000486	0.082467	0.405213	1	0	1	0.015392	[null,null,330,null]
V1	2	2	FORMAL_V1_G2_P2_M1_RULE_U01	M1_RULE_U01	26	1	A0_DENSE_VENDOR	147137	0.9684143323504634	0.00631	0.045202	0.000446	0.078131	0.878404	1	0	0	0.0	[null,null,13079,null]
V1	2	2	FORMAL_V1_G2_P2_M1_RULE_U01	M1_RULE_U01	27	1	A0_DENSE_VENDOR	147137	0.9684143323504634	0.006368	0.045859	0.000451	0.081496	0.85475	1	0	0	0.0	[null,null,49628,null]
V1	2	2	FORMAL_V1_G2_P2_M1_RULE_U01	M1_RULE_U01	28	1	A0_DENSE_VENDOR	147137	0.9684143323504634	0.006513	0.04684	0.000463	0.082929	0.872211	1	0	0	0.0	[null,null,756,null]
V1	2	2	FORMAL_V1_G2_P2_M1_RULE_U01	M1_RULE_U01	29	1	A3_RAGGED_DIRECT	424	0.002790648694187026	0.006388	0.046986	0.000461	0.083144	0.377894	1	0	1	0.013814	[null,null,220,null]
V1	2	2	FORMAL_V1_G2_P2_M1_RULE_U01	M1_RULE_U01	30	1	A3_RAGGED_DIRECT	424	0.002790648694187026	0.006389	0.046665	0.000497	0.082527	0.416811	1	0	1	0.017488	[null,null,330,null]
V1	2	2	FORMAL_V1_G2_P2_M1_RULE_U01	M1_RULE_U01	31	1	A3_RAGGED_DIRECT	5	3.2908593091828136e-05	0.006266	0.045658	0.000468	0.078766	0.354293	1	0	1	0.015324	[null,null,3615,null]
V1	2	2	FORMAL_V1_G2_P2_M1_RULE_U01	M1_RULE_U01	32	1	A3_RAGGED_DIRECT	15	9.872577927548442e-05	0.006291	0.045471	0.000443	0.080552	0.361213	1	0	1	0.015278	[null,null,788,null]
V1	2	2	FORMAL_V1_G2_P2_M1_RULE_U01	M1_RULE_U01	33	1	A3_RAGGED_DIRECT	442	0.0029091196293176075	0.00624	0.045272	0.000453	0.086552	0.383022	1	0	1	0.014709	[null,null,2278,null]
V1	2	2	FORMAL_V1_G2_P2_M1_RULE_U01	M1_RULE_U01	34	1	A3_RAGGED_DIRECT	452	0.002974936815501264	0.006156	0.044766	0.00047	0.076648	0.3679	1	0	1	0.016138	[null,null,262,null]
V1	2	2	FORMAL_V1_G2_P2_M1_RULE_U01	M1_RULE_U01	35	1	A3_RAGGED_DIRECT	452	0.002974936815501264	0.006016	0.043469	0.000443	0.076941	0.367845	1	0	1	0.014692	[null,null,341,null]
V1	2	2	FORMAL_V1_G2_P2_M1_RULE_U01	M1_RULE_U01	36	1	A3_RAGGED_DIRECT	424	0.002790648694187026	0.005854	0.043307	0.000406	0.074166	0.355382	1	0	1	0.014659	[null,null,414,null]
V1	2	2	FORMAL_V1_G2_P2_M1_RULE_U01	M1_RULE_U01	37	1	A3_RAGGED_DIRECT	424	0.002790648694187026	0.006037	0.04389	0.000423	0.074975	0.354798	1	0	1	0.01431	[null,null,330,null]
V1	2	2	FORMAL_V1_G2_P2_M1_RULE_U01	M1_RULE_U01	38	1	A3_RAGGED_DIRECT	4	2.632687447346251e-05	0.006085	0.043774	0.000433	0.076218	0.345286	1	0	1	0.014802	[null,null,6555,null]
V1	2	2	FORMAL_V1_G2_P2_M1_RULE_U01	M1_RULE_U01	39	1	A3_RAGGED_DIRECT	13	8.556234203875316e-05	0.006054	0.048032	0.000449	0.079219	0.353062	1	0	1	0.014666	[null,null,788,null]
V1	2	2	FORMAL_V1_G2_P2_M1_RULE_U01	M1_RULE_U01	40	1	A3_RAGGED_DIRECT	434	0.0028564658803706825	0.005812	0.041761	0.000405	0.072088	0.336992	1	0	1	0.01382	[null,null,220,null]
V1	2	2	FORMAL_V1_G2_P2_M1_RULE_U01	M1_RULE_U01	41	1	A3_RAGGED_DIRECT	434	0.0028564658803706825	0.005635	0.041633	0.00044	0.071307	0.347484	1	0	1	0.013506	[null,null,16,null]
V1	2	2	FORMAL_V1_G2_P2_M1_RULE_U01	M1_RULE_U01	42	1	A3_RAGGED_DIRECT	448	0.0029486099410278013	0.005665	0.041668	0.000413	0.072766	0.339356	1	0	1	0.014312	[null,null,15,null]
V1	2	2	FORMAL_V1_G2_P2_M1_RULE_U01	M1_RULE_U01	43	1	A3_RAGGED_DIRECT	448	0.0029486099410278013	0.005675	0.041616	0.000439	0.072402	0.342169	1	0	1	0.014159	[null,null,345,null]
V1	2	2	FORMAL_V1_G2_P2_M1_RULE_U01	M1_RULE_U01	44	1	A3_RAGGED_DIRECT	424	0.002790648694187026	0.005806	0.042103	0.000416	0.073044	0.357544	1	0	1	0.013787	[null,null,414,null]
V1	2	2	FORMAL_V1_G2_P2_M1_RULE_U01	M1_RULE_U01	45	1	A3_RAGGED_DIRECT	424	0.002790648694187026	0.005745	0.041215	0.000418	0.073059	0.339257	1	0	1	0.013822	[null,null,330,null]
V1	2	2	FORMAL_V1_G2_P2_M1_RULE_U01	M1_RULE_U01	46	1	A3_RAGGED_DIRECT	6	3.9490311710193765e-05	0.005456	0.039812	0.000396	0.069059	0.32254	1	0	1	0.013228	[null,null,3031,null]
V1	2	2	FORMAL_V1_G2_P2_M1_RULE_U01	M1_RULE_U01	47	1	A3_RAGGED_DIRECT	4	2.632687447346251e-05	0.005474	0.039891	0.000384	0.068646	0.320472	1	0	1	0.013059	[null,null,1269,null]
V1	2	2	FORMAL_V1_G2_P2_M1_RULE_U01	M1_RULE_U01	48	1	A3_RAGGED_DIRECT	19	0.0001250526537489469	0.005483	0.039922	0.000414	0.070007	0.323663	1	0	1	0.013626	[null,null,788,null]
V1	2	2	FORMAL_V1_G2_P2_M1_RULE_U01	M1_RULE_U01	49	1	A3_RAGGED_DIRECT	822	0.005410172704296546	0.005494	0.040087	0.000425	0.07104	0.335431	1	0	1	0.013198	[null,null,330,null]
V1	2	2	FORMAL_V1_G2_P2_M1_RULE_U01	M1_RULE_U01	50	1	A0_DENSE_VENDOR	147137	0.9684143323504634	0.005455	0.04032	0.000412	0.070981	0.833258	1	0	0	0.0	[null,null,4816,null]
V1	2	2	FORMAL_V1_G2_P2_M1_RULE_U01	M1_RULE_U01	51	1	A0_DENSE_VENDOR	147137	0.9684143323504634	0.005518	0.040659	0.000435	0.070394	0.816802	1	0	0	0.0	[null,null,362,null]
V1	2	2	FORMAL_V1_G2_P2_M1_RULE_U01	M1_RULE_U01	52	1	A0_DENSE_VENDOR	147137	0.9684143323504634	0.005737	0.040988	0.000402	0.07318	0.828146	1	0	0	0.0	[null,null,756,null]
V1	2	2	FORMAL_V1_G2_P2_M1_RULE_U01	M1_RULE_U01	53	1	A3_RAGGED_DIRECT	424	0.002790648694187026	0.005814	0.041877	0.000401	0.074947	0.345823	1	0	1	0.013744	[null,null,414,null]
V1	2	2	FORMAL_V1_G2_P2_M1_RULE_U01	M1_RULE_U01	54	1	A3_RAGGED_DIRECT	424	0.002790648694187026	0.006033	0.04268	0.000409	0.076346	0.376934	1	0	1	0.014418	[null,null,330,null]
V1	2	2	FORMAL_V1_G2_P2_M1_RULE_U01	M1_RULE_U01	55	1	A3_RAGGED_DIRECT	6	3.9490311710193765e-05	0.005828	0.042433	0.000415	0.077332	0.334946	1	0	1	0.013912	[null,null,13523,null]
V1	2	2	FORMAL_V1_G2_P2_M1_RULE_U01	M1_RULE_U01	56	1	A3_RAGGED_DIRECT	13	8.556234203875316e-05	0.005799	0.042694	0.000441	0.072824	0.353957	1	0	1	0.014301	[null,null,788,null]
V1	2	2	FORMAL_V1_G2_P2_M1_RULE_U01	M1_RULE_U01	57	1	A3_RAGGED_DIRECT	434	0.0028564658803706825	0.005608	0.040721	0.000436	0.071855	0.340254	1	0	1	0.013261	[null,null,220,null]
V1	2	2	FORMAL_V1_G2_P2_M1_RULE_U01	M1_RULE_U01	58	1	A3_RAGGED_DIRECT	434	0.0028564658803706825	0.005713	0.040834	0.000442	0.071965	0.349802	1	0	1	0.018311	[null,null,17,null]
V1	2	2	FORMAL_V1_G2_P2_M1_RULE_U01	M1_RULE_U01	59	1	A3_RAGGED_DIRECT	476	0.003132898062342039	0.005614	0.04083	0.000411	0.070418	0.326546	1	0	1	0.011923	[null,null,198,null]
V1	2	2	FORMAL_V1_G2_P2_M1_RULE_U01	M1_RULE_U01	60	1	A3_RAGGED_DIRECT	466	0.0030670808761583826	0.005561	0.040682	0.000417	0.070019	0.338125	1	0	1	0.013668	[null,null,262,null]
V1	2	2	FORMAL_V1_G2_P2_M1_RULE_U01	M1_RULE_U01	61	1	A3_RAGGED_DIRECT	466	0.0030670808761583826	0.005785	0.041054	0.000398	0.072488	0.32869	1	0	1	0.012083	[null,null,1153,null]
V1	2	2	FORMAL_V1_G2_P2_M1_RULE_U01	M1_RULE_U01	62	1	A3_RAGGED_DIRECT	439	0.0028893744734625106	0.00564	0.04099	0.000423	0.070389	0.338005	1	0	1	0.013325	[null,null,262,null]
V1	2	2	FORMAL_V1_G2_P2_M1_RULE_U01	M1_RULE_U01	63	1	A3_RAGGED_DIRECT	439	0.0028893744734625106	0.005554	0.040895	0.000424	0.069978	0.335077	1	0	1	0.013517	[null,null,341,null]
V1	2	2	FORMAL_V1_G2_P2_M1_RULE_U01	M1_RULE_U01	64	1	A3_RAGGED_DIRECT	424	0.002790648694187026	0.005558	0.040468	0.000429	0.070026	0.339687	1	0	1	0.013455	[null,null,414,null]
V1	2	2	FORMAL_V1_G2_P2_M1_RULE_U01	M1_RULE_U01	65	1	A3_RAGGED_DIRECT	424	0.002790648694187026	0.005357	0.043803	0.000387	0.074041	0.338567	1	0	1	0.013315	[null,null,330,null]
V1	2	2	FORMAL_V1_G2_P2_M1_RULE_U01	M1_RULE_U01	66	1	A3_RAGGED_DIRECT	4	2.632687447346251e-05	0.005337	0.039254	0.000394	0.067827	0.341563	1	0	1	0.019291	[null,null,6555,null]
V1	2	2	FORMAL_V1_G2_P2_M1_RULE_U01	M1_RULE_U01	67	1	A3_RAGGED_DIRECT	13	8.556234203875316e-05	0.005505	0.03904	0.000393	0.069154	0.312531	1	0	1	0.013493	[null,null,788,null]
V1	2	2	FORMAL_V1_G2_P2_M1_RULE_U01	M1_RULE_U01	68	1	A3_RAGGED_DIRECT	434	0.0028564658803706825	0.005373	0.03947	0.000435	0.069431	0.339117	1	0	1	0.01337	[null,null,220,null]
V1	2	2	FORMAL_V1_G2_P2_M1_RULE_U01	M1_RULE_U01	69	1	A3_RAGGED_DIRECT	434	0.0028564658803706825	0.005459	0.039681	0.00042	0.071683	0.328505	1	0	1	0.013199	[null,null,17,null]
V1	2	2	FORMAL_V1_G2_P2_M1_RULE_U01	M1_RULE_U01	70	1	A3_RAGGED_DIRECT	448	0.0029486099410278013	0.005444	0.039753	0.000468	0.071313	0.32518	1	0	1	0.016528	[null,null,15,null]
V1	2	2	FORMAL_V1_G2_P2_M1_RULE_U01	M1_RULE_U01	71	1	A3_RAGGED_DIRECT	448	0.0029486099410278013	0.00549	0.039427	0.000408	0.069942	0.33685	1	0	1	0.01378	[null,null,345,null]
V1	2	2	FORMAL_V1_G2_P2_M1_RULE_U01	M1_RULE_U01	72	1	A3_RAGGED_DIRECT	424	0.002790648694187026	0.005504	0.040081	0.000419	0.071672	0.326426	1	0	1	0.013246	[null,null,414,null]
V1	2	2	FORMAL_V1_G2_P2_M1_RULE_U01	M1_RULE_U01	73	1	A3_RAGGED_DIRECT	424	0.002790648694187026	0.005263	0.039482	0.000426	0.070415	0.34212	1	0	1	0.013547	[null,null,330,null]
V1	2	2	FORMAL_V1_G2_P2_M1_RULE_U01	M1_RULE_U01	74	1	A3_RAGGED_DIRECT	6	3.9490311710193765e-05	0.005476	0.039218	0.000439	0.068481	0.323314	1	0	1	0.012883	[null,null,3031,null]
V1	2	2	FORMAL_V1_G2_P2_M1_RULE_U01	M1_RULE_U01	75	1	A3_RAGGED_DIRECT	4	2.632687447346251e-05	0.005474	0.039051	0.000431	0.070919	0.324938	1	0	1	0.01345	[null,null,1269,null]
V1	2	2	FORMAL_V1_G2_P2_M1_RULE_U01	M1_RULE_U01	76	1	A3_RAGGED_DIRECT	19	0.0001250526537489469	0.005383	0.039538	0.000401	0.070803	0.320911	1	0	1	0.013324	[null,null,788,null]
V1	2	2	FORMAL_V1_G2_P2_M1_RULE_U01	M1_RULE_U01	77	1	A3_RAGGED_DIRECT	822	0.005410172704296546	0.005332	0.039197	0.000431	0.07036	0.353435	1	0	1	0.013373	[null,null,330,null]
V1	2	2	FORMAL_V1_G2_P2_M1_RULE_U01	M1_RULE_U01	78	1	A0_DENSE_VENDOR	147137	0.9684143323504634	0.005471	0.039638	0.000375	0.077531	0.854085	1	0	0	0.0	[null,null,4816,null]
V1	2	2	FORMAL_V1_G2_P2_M1_RULE_U01	M1_RULE_U01	79	1	A0_DENSE_VENDOR	147137	0.9684143323504634	0.005632	0.040026	0.00037	0.070194	0.805472	1	0	0	0.0	[null,null,425,null]
V1	2	2	FORMAL_V1_G2_P2_M1_RULE_U01	M1_RULE_U01	80	1	A0_DENSE_VENDOR	147137	0.9684143323504634	0.005604	0.040211	0.000383	0.072444	0.814459	1	0	0	0.0	[null,null,756,null]
V1	2	2	FORMAL_V1_G2_P2_M1_RULE_U01	M1_RULE_U01	81	1	A3_RAGGED_DIRECT	424	0.002790648694187026	0.009335	0.041175	0.00044	0.07563	0.35104	1	0	1	0.0139	[null,null,414,null]
V1	2	2	FORMAL_V1_G2_P2_M1_RULE_U01	M1_RULE_U01	82	1	A3_RAGGED_DIRECT	424	0.002790648694187026	0.005673	0.041681	0.000407	0.074901	0.372234	1	0	1	0.015767	[null,null,330,null]
V1	2	2	FORMAL_V1_G2_P2_M1_RULE_U01	M1_RULE_U01	83	1	A3_RAGGED_DIRECT	6	3.9490311710193765e-05	0.005839	0.041554	0.000405	0.071976	0.330331	1	0	1	0.013548	[null,null,13523,null]
V1	2	2	FORMAL_V1_G2_P2_M1_RULE_U01	M1_RULE_U01	84	1	A3_RAGGED_DIRECT	13	8.556234203875316e-05	0.005784	0.041698	0.000415	0.074195	0.343741	1	0	1	0.01393	[null,null,788,null]
V1	2	2	FORMAL_V1_G2_P2_M1_RULE_U01	M1_RULE_U01	85	1	A3_RAGGED_DIRECT	434	0.0028564658803706825	0.005771	0.041777	0.000419	0.072093	0.330927	1	0	1	0.01637	[null,null,220,null]
V1	2	2	FORMAL_V1_G2_P2_M1_RULE_U01	M1_RULE_U01	86	1	A3_RAGGED_DIRECT	434	0.0028564658803706825	0.005534	0.040942	0.000399	0.07164	0.346725	1	0	1	0.013776	[null,null,18,null]
V1	2	2	FORMAL_V1_G2_P2_M1_RULE_U01	M1_RULE_U01	87	1	A3_RAGGED_DIRECT	476	0.003132898062342039	0.005677	0.040716	0.000406	0.070737	0.340838	1	0	1	0.013458	[null,null,198,null]
V1	2	2	FORMAL_V1_G2_P2_M1_RULE_U01	M1_RULE_U01	88	1	A3_RAGGED_DIRECT	466	0.0030670808761583826	0.005708	0.041219	0.000414	0.072048	0.340691	1	0	1	0.013767	[null,null,262,null]
V1	2	2	FORMAL_V1_G2_P2_M1_RULE_U01	M1_RULE_U01	89	1	A3_RAGGED_DIRECT	466	0.0030670808761583826	0.005738	0.041166	0.000402	0.071396	0.346903	1	0	1	0.018133	[null,null,456,null]
V1	2	2	FORMAL_V1_G2_P2_M1_RULE_U01	M1_RULE_U01	90	1	A3_RAGGED_DIRECT	449	0.002955191659646167	0.005389	0.043554	0.000427	0.073489	0.327679	1	0	1	0.013604	[null,null,220,null]
V1	2	2	FORMAL_V1_G2_P2_M1_RULE_U01	M1_RULE_U01	91	1	A3_RAGGED_DIRECT	449	0.002955191659646167	0.005417	0.039242	0.000376	0.068135	0.332344	1	0	1	0.013705	[null,null,5133,null]
V1	2	2	FORMAL_V1_G2_P2_M1_RULE_U01	M1_RULE_U01	92	1	A3_RAGGED_DIRECT	424	0.002790648694187026	0.005372	0.039316	0.000406	0.067133	0.322222	1	0	1	0.013196	[null,null,92,null]
V1	2	2	FORMAL_V1_G2_P2_M1_RULE_U01	M1_RULE_U01	93	1	A3_RAGGED_DIRECT	1	6.581718618365627e-06	0.00544	0.03897	0.00039	0.06669	0.172251	0	1	0	0.0	[null,null,151645,null]
V1	2	3	FORMAL_V1_G2_P3_B0_STRONG	B0_STRONG	0	4	A0_DENSE_VENDOR			0.0	0.0	0.0	0.0	1.633011	4	0	0	0.0	[515,515,515,515]
V1	2	3	FORMAL_V1_G2_P3_B0_STRONG	B0_STRONG	1	4	A0_DENSE_VENDOR			0.0	0.0	0.0	0.0	0.734262	4	0	0	0.0	[220,220,220,220]
V1	2	3	FORMAL_V1_G2_P3_B0_STRONG	B0_STRONG	2	4	A0_DENSE_VENDOR			0.0	0.0	0.0	0.0	0.725184	4	0	0	0.0	[330,330,330,330]
V1	2	3	FORMAL_V1_G2_P3_B0_STRONG	B0_STRONG	3	4	A0_DENSE_VENDOR			0.0	0.0	0.0	0.0	0.685669	4	0	0	0.0	[4129,4129,29642,5113]
V1	2	3	FORMAL_V1_G2_P3_B0_STRONG	B0_STRONG	4	4	A0_DENSE_VENDOR			0.0	0.0	0.0	0.0	0.709535	4	0	0	0.0	[788,788,258,788]
V1	2	3	FORMAL_V1_G2_P3_B0_STRONG	B0_STRONG	5	4	A0_DENSE_VENDOR			0.0	0.0	0.0	0.0	0.742179	3	1	0	0.0	[220,220,70,330]
V1	2	3	FORMAL_V1_G2_P3_B0_STRONG	B0_STRONG	6	4	A0_DENSE_VENDOR			0.0	0.0	0.0	0.0	0.89882	4	0	0	0.0	[16,16,6744,13079]
V1	2	3	FORMAL_V1_G2_P3_B0_STRONG	B0_STRONG	7	4	A0_DENSE_VENDOR			0.0	0.0	0.0	0.0	0.900061	4	0	0	0.0	[17,17,788,35]
V1	2	3	FORMAL_V1_G2_P3_B0_STRONG	B0_STRONG	8	4	A0_DENSE_VENDOR			0.0	0.0	0.0	0.0	0.916109	4	0	0	0.0	[198,198,330,4644]
V1	2	3	FORMAL_V1_G2_P3_B0_STRONG	B0_STRONG	9	4	A0_DENSE_VENDOR			0.0	0.0	0.0	0.0	0.948116	4	0	0	0.0	[92,92,16,16]
V1	2	3	FORMAL_V1_G2_P3_B0_STRONG	B0_STRONG	10	4	A0_DENSE_VENDOR			0.0	0.0	0.0	0.0	0.955924	2	2	0	0.0	[151645,151645,17,17]
V1	2	3	FORMAL_V1_G2_P3_B0_STRONG	B0_STRONG	11	2	A0_DENSE_VENDOR			0.0	0.0	0.0	0.0	0.921812	2	0	0	0.0	[null,null,18,18]
V1	2	3	FORMAL_V1_G2_P3_B0_STRONG	B0_STRONG	12	2	A0_DENSE_VENDOR			0.0	0.0	0.0	0.0	0.944477	2	0	0	0.0	[null,null,4697,698]
V1	2	3	FORMAL_V1_G2_P3_B0_STRONG	B0_STRONG	13	2	A0_DENSE_VENDOR			0.0	0.0	0.0	0.0	0.857442	2	0	0	0.0	[null,null,794,92]
V1	2	3	FORMAL_V1_G2_P3_B0_STRONG	B0_STRONG	14	2	A0_DENSE_VENDOR			0.0	0.0	0.0	0.0	0.806934	1	1	0	0.0	[null,null,11,151645]
V1	2	3	FORMAL_V1_G2_P3_B0_STRONG	B0_STRONG	15	1	A0_DENSE_VENDOR			0.0	0.0	0.0	0.0	0.821122	1	0	0	0.0	[null,null,5765,null]
V1	2	3	FORMAL_V1_G2_P3_B0_STRONG	B0_STRONG	16	1	A0_DENSE_VENDOR			0.0	0.0	0.0	0.0	0.800896	1	0	0	0.0	[null,null,27831,null]
V1	2	3	FORMAL_V1_G2_P3_B0_STRONG	B0_STRONG	17	1	A0_DENSE_VENDOR			0.0	0.0	0.0	0.0	0.810525	1	0	0	0.0	[null,null,11,null]
V1	2	3	FORMAL_V1_G2_P3_B0_STRONG	B0_STRONG	18	1	A0_DENSE_VENDOR			0.0	0.0	0.0	0.0	0.831354	1	0	0	0.0	[null,null,7279,null]
V1	2	3	FORMAL_V1_G2_P3_B0_STRONG	B0_STRONG	19	1	A0_DENSE_VENDOR			0.0	0.0	0.0	0.0	0.822101	1	0	0	0.0	[null,null,756,null]
V1	2	3	FORMAL_V1_G2_P3_B0_STRONG	B0_STRONG	20	1	A0_DENSE_VENDOR			0.0	0.0	0.0	0.0	0.7062	1	0	0	0.0	[null,null,220,null]
V1	2	3	FORMAL_V1_G2_P3_B0_STRONG	B0_STRONG	21	1	A0_DENSE_VENDOR			0.0	0.0	0.0	0.0	0.713561	1	0	0	0.0	[null,null,330,null]
V1	2	3	FORMAL_V1_G2_P3_B0_STRONG	B0_STRONG	22	1	A0_DENSE_VENDOR			0.0	0.0	0.0	0.0	0.708738	1	0	0	0.0	[null,null,11049,null]
V1	2	3	FORMAL_V1_G2_P3_B0_STRONG	B0_STRONG	23	1	A0_DENSE_VENDOR			0.0	0.0	0.0	0.0	0.701602	1	0	0	0.0	[null,null,1269,null]
V1	2	3	FORMAL_V1_G2_P3_B0_STRONG	B0_STRONG	24	1	A0_DENSE_VENDOR			0.0	0.0	0.0	0.0	0.710278	1	0	0	0.0	[null,null,788,null]
V1	2	3	FORMAL_V1_G2_P3_B0_STRONG	B0_STRONG	25	1	A0_DENSE_VENDOR			0.0	0.0	0.0	0.0	0.730618	1	0	0	0.0	[null,null,330,null]
V1	2	3	FORMAL_V1_G2_P3_B0_STRONG	B0_STRONG	26	1	A0_DENSE_VENDOR			0.0	0.0	0.0	0.0	0.833483	1	0	0	0.0	[null,null,13079,null]
V1	2	3	FORMAL_V1_G2_P3_B0_STRONG	B0_STRONG	27	1	A0_DENSE_VENDOR			0.0	0.0	0.0	0.0	0.817631	1	0	0	0.0	[null,null,49628,null]
V1	2	3	FORMAL_V1_G2_P3_B0_STRONG	B0_STRONG	28	1	A0_DENSE_VENDOR			0.0	0.0	0.0	0.0	0.835012	1	0	0	0.0	[null,null,756,null]
V1	2	3	FORMAL_V1_G2_P3_B0_STRONG	B0_STRONG	29	1	A0_DENSE_VENDOR			0.0	0.0	0.0	0.0	0.7242	1	0	0	0.0	[null,null,220,null]
V1	2	3	FORMAL_V1_G2_P3_B0_STRONG	B0_STRONG	30	1	A0_DENSE_VENDOR			0.0	0.0	0.0	0.0	0.725271	1	0	0	0.0	[null,null,330,null]
V1	2	3	FORMAL_V1_G2_P3_B0_STRONG	B0_STRONG	31	1	A0_DENSE_VENDOR			0.0	0.0	0.0	0.0	0.707811	1	0	0	0.0	[null,null,3615,null]
V1	2	3	FORMAL_V1_G2_P3_B0_STRONG	B0_STRONG	32	1	A0_DENSE_VENDOR			0.0	0.0	0.0	0.0	0.713559	1	0	0	0.0	[null,null,788,null]
V1	2	3	FORMAL_V1_G2_P3_B0_STRONG	B0_STRONG	33	1	A0_DENSE_VENDOR			0.0	0.0	0.0	0.0	0.740755	1	0	0	0.0	[null,null,2278,null]
V1	2	3	FORMAL_V1_G2_P3_B0_STRONG	B0_STRONG	34	1	A0_DENSE_VENDOR			0.0	0.0	0.0	0.0	0.732753	1	0	0	0.0	[null,null,262,null]
V1	2	3	FORMAL_V1_G2_P3_B0_STRONG	B0_STRONG	35	1	A0_DENSE_VENDOR			0.0	0.0	0.0	0.0	0.731817	1	0	0	0.0	[null,null,341,null]
V1	2	3	FORMAL_V1_G2_P3_B0_STRONG	B0_STRONG	36	1	A0_DENSE_VENDOR			0.0	0.0	0.0	0.0	0.730383	1	0	0	0.0	[null,null,414,null]
V1	2	3	FORMAL_V1_G2_P3_B0_STRONG	B0_STRONG	37	1	A0_DENSE_VENDOR			0.0	0.0	0.0	0.0	0.718486	1	0	0	0.0	[null,null,330,null]
V1	2	3	FORMAL_V1_G2_P3_B0_STRONG	B0_STRONG	38	1	A0_DENSE_VENDOR			0.0	0.0	0.0	0.0	0.72346	1	0	0	0.0	[null,null,6555,null]
V1	2	3	FORMAL_V1_G2_P3_B0_STRONG	B0_STRONG	39	1	A0_DENSE_VENDOR			0.0	0.0	0.0	0.0	0.710635	1	0	0	0.0	[null,null,788,null]
V1	2	3	FORMAL_V1_G2_P3_B0_STRONG	B0_STRONG	40	1	A0_DENSE_VENDOR			0.0	0.0	0.0	0.0	0.721455	1	0	0	0.0	[null,null,220,null]
V1	2	3	FORMAL_V1_G2_P3_B0_STRONG	B0_STRONG	41	1	A0_DENSE_VENDOR			0.0	0.0	0.0	0.0	0.736968	1	0	0	0.0	[null,null,16,null]
V1	2	3	FORMAL_V1_G2_P3_B0_STRONG	B0_STRONG	42	1	A0_DENSE_VENDOR			0.0	0.0	0.0	0.0	0.731715	1	0	0	0.0	[null,null,15,null]
V1	2	3	FORMAL_V1_G2_P3_B0_STRONG	B0_STRONG	43	1	A0_DENSE_VENDOR			0.0	0.0	0.0	0.0	0.727315	1	0	0	0.0	[null,null,345,null]
V1	2	3	FORMAL_V1_G2_P3_B0_STRONG	B0_STRONG	44	1	A0_DENSE_VENDOR			0.0	0.0	0.0	0.0	0.726302	1	0	0	0.0	[null,null,414,null]
V1	2	3	FORMAL_V1_G2_P3_B0_STRONG	B0_STRONG	45	1	A0_DENSE_VENDOR			0.0	0.0	0.0	0.0	0.728769	1	0	0	0.0	[null,null,330,null]
V1	2	3	FORMAL_V1_G2_P3_B0_STRONG	B0_STRONG	46	1	A0_DENSE_VENDOR			0.0	0.0	0.0	0.0	0.718151	1	0	0	0.0	[null,null,3031,null]
V1	2	3	FORMAL_V1_G2_P3_B0_STRONG	B0_STRONG	47	1	A0_DENSE_VENDOR			0.0	0.0	0.0	0.0	0.721104	1	0	0	0.0	[null,null,1269,null]
V1	2	3	FORMAL_V1_G2_P3_B0_STRONG	B0_STRONG	48	1	A0_DENSE_VENDOR			0.0	0.0	0.0	0.0	0.721081	1	0	0	0.0	[null,null,788,null]
V1	2	3	FORMAL_V1_G2_P3_B0_STRONG	B0_STRONG	49	1	A0_DENSE_VENDOR			0.0	0.0	0.0	0.0	0.745129	1	0	0	0.0	[null,null,330,null]
V1	2	3	FORMAL_V1_G2_P3_B0_STRONG	B0_STRONG	50	1	A0_DENSE_VENDOR			0.0	0.0	0.0	0.0	0.866598	1	0	0	0.0	[null,null,4816,null]
V1	2	3	FORMAL_V1_G2_P3_B0_STRONG	B0_STRONG	51	1	A0_DENSE_VENDOR			0.0	0.0	0.0	0.0	0.833798	1	0	0	0.0	[null,null,362,null]
V1	2	3	FORMAL_V1_G2_P3_B0_STRONG	B0_STRONG	52	1	A0_DENSE_VENDOR			0.0	0.0	0.0	0.0	0.853654	1	0	0	0.0	[null,null,756,null]
V1	2	3	FORMAL_V1_G2_P3_B0_STRONG	B0_STRONG	53	1	A0_DENSE_VENDOR			0.0	0.0	0.0	0.0	0.733293	1	0	0	0.0	[null,null,414,null]
V1	2	3	FORMAL_V1_G2_P3_B0_STRONG	B0_STRONG	54	1	A0_DENSE_VENDOR			0.0	0.0	0.0	0.0	0.736908	1	0	0	0.0	[null,null,330,null]
V1	2	3	FORMAL_V1_G2_P3_B0_STRONG	B0_STRONG	55	1	A0_DENSE_VENDOR			0.0	0.0	0.0	0.0	0.724069	1	0	0	0.0	[null,null,13523,null]
V1	2	3	FORMAL_V1_G2_P3_B0_STRONG	B0_STRONG	56	1	A0_DENSE_VENDOR			0.0	0.0	0.0	0.0	0.715636	1	0	0	0.0	[null,null,788,null]
V1	2	3	FORMAL_V1_G2_P3_B0_STRONG	B0_STRONG	57	1	A0_DENSE_VENDOR			0.0	0.0	0.0	0.0	0.729377	1	0	0	0.0	[null,null,220,null]
V1	2	3	FORMAL_V1_G2_P3_B0_STRONG	B0_STRONG	58	1	A0_DENSE_VENDOR			0.0	0.0	0.0	0.0	0.732877	1	0	0	0.0	[null,null,17,null]
V1	2	3	FORMAL_V1_G2_P3_B0_STRONG	B0_STRONG	59	1	A0_DENSE_VENDOR			0.0	0.0	0.0	0.0	0.731902	1	0	0	0.0	[null,null,198,null]
V1	2	3	FORMAL_V1_G2_P3_B0_STRONG	B0_STRONG	60	1	A0_DENSE_VENDOR			0.0	0.0	0.0	0.0	0.725456	1	0	0	0.0	[null,null,262,null]
V1	2	3	FORMAL_V1_G2_P3_B0_STRONG	B0_STRONG	61	1	A0_DENSE_VENDOR			0.0	0.0	0.0	0.0	0.743076	1	0	0	0.0	[null,null,1153,null]
V1	2	3	FORMAL_V1_G2_P3_B0_STRONG	B0_STRONG	62	1	A0_DENSE_VENDOR			0.0	0.0	0.0	0.0	0.729228	1	0	0	0.0	[null,null,262,null]
V1	2	3	FORMAL_V1_G2_P3_B0_STRONG	B0_STRONG	63	1	A0_DENSE_VENDOR			0.0	0.0	0.0	0.0	0.729782	1	0	0	0.0	[null,null,341,null]
V1	2	3	FORMAL_V1_G2_P3_B0_STRONG	B0_STRONG	64	1	A0_DENSE_VENDOR			0.0	0.0	0.0	0.0	0.722689	1	0	0	0.0	[null,null,414,null]
V1	2	3	FORMAL_V1_G2_P3_B0_STRONG	B0_STRONG	65	1	A0_DENSE_VENDOR			0.0	0.0	0.0	0.0	0.731932	1	0	0	0.0	[null,null,330,null]
V1	2	3	FORMAL_V1_G2_P3_B0_STRONG	B0_STRONG	66	1	A0_DENSE_VENDOR			0.0	0.0	0.0	0.0	0.71861	1	0	0	0.0	[null,null,6555,null]
V1	2	3	FORMAL_V1_G2_P3_B0_STRONG	B0_STRONG	67	1	A0_DENSE_VENDOR			0.0	0.0	0.0	0.0	0.724621	1	0	0	0.0	[null,null,788,null]
V1	2	3	FORMAL_V1_G2_P3_B0_STRONG	B0_STRONG	68	1	A0_DENSE_VENDOR			0.0	0.0	0.0	0.0	0.738664	1	0	0	0.0	[null,null,220,null]
V1	2	3	FORMAL_V1_G2_P3_B0_STRONG	B0_STRONG	69	1	A0_DENSE_VENDOR			0.0	0.0	0.0	0.0	0.734151	1	0	0	0.0	[null,null,17,null]
V1	2	3	FORMAL_V1_G2_P3_B0_STRONG	B0_STRONG	70	1	A0_DENSE_VENDOR			0.0	0.0	0.0	0.0	0.736338	1	0	0	0.0	[null,null,15,null]
V1	2	3	FORMAL_V1_G2_P3_B0_STRONG	B0_STRONG	71	1	A0_DENSE_VENDOR			0.0	0.0	0.0	0.0	0.725422	1	0	0	0.0	[null,null,345,null]
V1	2	3	FORMAL_V1_G2_P3_B0_STRONG	B0_STRONG	72	1	A0_DENSE_VENDOR			0.0	0.0	0.0	0.0	0.733884	1	0	0	0.0	[null,null,414,null]
V1	2	3	FORMAL_V1_G2_P3_B0_STRONG	B0_STRONG	73	1	A0_DENSE_VENDOR			0.0	0.0	0.0	0.0	0.727124	1	0	0	0.0	[null,null,330,null]
V1	2	3	FORMAL_V1_G2_P3_B0_STRONG	B0_STRONG	74	1	A0_DENSE_VENDOR			0.0	0.0	0.0	0.0	0.711633	1	0	0	0.0	[null,null,3031,null]
V1	2	3	FORMAL_V1_G2_P3_B0_STRONG	B0_STRONG	75	1	A0_DENSE_VENDOR			0.0	0.0	0.0	0.0	0.723678	1	0	0	0.0	[null,null,1269,null]
V1	2	3	FORMAL_V1_G2_P3_B0_STRONG	B0_STRONG	76	1	A0_DENSE_VENDOR			0.0	0.0	0.0	0.0	0.721142	1	0	0	0.0	[null,null,788,null]
V1	2	3	FORMAL_V1_G2_P3_B0_STRONG	B0_STRONG	77	1	A0_DENSE_VENDOR			0.0	0.0	0.0	0.0	0.745096	1	0	0	0.0	[null,null,330,null]
V1	2	3	FORMAL_V1_G2_P3_B0_STRONG	B0_STRONG	78	1	A0_DENSE_VENDOR			0.0	0.0	0.0	0.0	0.846612	1	0	0	0.0	[null,null,4816,null]
V1	2	3	FORMAL_V1_G2_P3_B0_STRONG	B0_STRONG	79	1	A0_DENSE_VENDOR			0.0	0.0	0.0	0.0	0.855759	1	0	0	0.0	[null,null,425,null]
V1	2	3	FORMAL_V1_G2_P3_B0_STRONG	B0_STRONG	80	1	A0_DENSE_VENDOR			0.0	0.0	0.0	0.0	0.843573	1	0	0	0.0	[null,null,756,null]
V1	2	3	FORMAL_V1_G2_P3_B0_STRONG	B0_STRONG	81	1	A0_DENSE_VENDOR			0.0	0.0	0.0	0.0	0.727444	1	0	0	0.0	[null,null,414,null]
V1	2	3	FORMAL_V1_G2_P3_B0_STRONG	B0_STRONG	82	1	A0_DENSE_VENDOR			0.0	0.0	0.0	0.0	0.733957	1	0	0	0.0	[null,null,330,null]
V1	2	3	FORMAL_V1_G2_P3_B0_STRONG	B0_STRONG	83	1	A0_DENSE_VENDOR			0.0	0.0	0.0	0.0	0.728294	1	0	0	0.0	[null,null,13523,null]
V1	2	3	FORMAL_V1_G2_P3_B0_STRONG	B0_STRONG	84	1	A0_DENSE_VENDOR			0.0	0.0	0.0	0.0	0.722766	1	0	0	0.0	[null,null,788,null]
V1	2	3	FORMAL_V1_G2_P3_B0_STRONG	B0_STRONG	85	1	A0_DENSE_VENDOR			0.0	0.0	0.0	0.0	0.721027	1	0	0	0.0	[null,null,220,null]
V1	2	3	FORMAL_V1_G2_P3_B0_STRONG	B0_STRONG	86	1	A0_DENSE_VENDOR			0.0	0.0	0.0	0.0	0.729481	1	0	0	0.0	[null,null,18,null]
V1	2	3	FORMAL_V1_G2_P3_B0_STRONG	B0_STRONG	87	1	A0_DENSE_VENDOR			0.0	0.0	0.0	0.0	0.733384	1	0	0	0.0	[null,null,198,null]
V1	2	3	FORMAL_V1_G2_P3_B0_STRONG	B0_STRONG	88	1	A0_DENSE_VENDOR			0.0	0.0	0.0	0.0	0.736628	1	0	0	0.0	[null,null,262,null]
V1	2	3	FORMAL_V1_G2_P3_B0_STRONG	B0_STRONG	89	1	A0_DENSE_VENDOR			0.0	0.0	0.0	0.0	0.733914	1	0	0	0.0	[null,null,456,null]
V1	2	3	FORMAL_V1_G2_P3_B0_STRONG	B0_STRONG	90	1	A0_DENSE_VENDOR			0.0	0.0	0.0	0.0	0.729526	1	0	0	0.0	[null,null,220,null]
V1	2	3	FORMAL_V1_G2_P3_B0_STRONG	B0_STRONG	91	1	A0_DENSE_VENDOR			0.0	0.0	0.0	0.0	0.724768	1	0	0	0.0	[null,null,5133,null]
V1	2	3	FORMAL_V1_G2_P3_B0_STRONG	B0_STRONG	92	1	A0_DENSE_VENDOR			0.0	0.0	0.0	0.0	0.739952	1	0	0	0.0	[null,null,92,null]
V1	2	3	FORMAL_V1_G2_P3_B0_STRONG	B0_STRONG	93	1	A0_DENSE_VENDOR			0.0	0.0	0.0	0.0	0.162727	0	1	0	0.0	[null,null,151645,null]
V1	2	3	FORMAL_V1_G2_P3_M1_RULE_U01	M1_RULE_U01	0	4	A3_RAGGED_DIRECT	7	4.6072030328559395e-05	0.011925	0.063283	0.000673	0.106497	0.650133	4	0	1	0.047544	[515,515,515,515]
V1	2	3	FORMAL_V1_G2_P3_M1_RULE_U01	M1_RULE_U01	1	4	A3_RAGGED_DIRECT	426	0.0028038121314237574	0.009189	0.056482	0.000586	0.097065	0.653151	4	0	2	0.042122	[220,220,220,220]
V1	2	3	FORMAL_V1_G2_P3_M1_RULE_U01	M1_RULE_U01	2	4	A3_RAGGED_DIRECT	426	0.0028038121314237574	0.008992	0.056383	0.000608	0.095585	0.622156	4	0	2	0.041171	[330,330,330,330]
V1	2	3	FORMAL_V1_G2_P3_M1_RULE_U01	M1_RULE_U01	3	4	A3_RAGGED_DIRECT	14	9.214406065711879e-05	0.008791	0.055193	0.000517	0.100689	0.608334	4	0	3	0.040456	[4129,4129,29642,5113]
V1	2	3	FORMAL_V1_G2_P3_M1_RULE_U01	M1_RULE_U01	4	4	A3_RAGGED_DIRECT	21	0.00013821609098567817	0.008864	0.055284	0.000648	0.099324	0.63394	4	0	3	0.040269	[788,788,258,788]
V1	2	3	FORMAL_V1_G2_P3_M1_RULE_U01	M1_RULE_U01	5	4	A3_RAGGED_DIRECT	823	0.005416754422914912	0.008493	0.052821	0.000567	0.096336	0.56606	3	1	2	0.031227	[220,220,70,330]
V1	2	3	FORMAL_V1_G2_P3_M1_RULE_U01	M1_RULE_U01	6	4	A0_DENSE_VENDOR	147404	0.970171651221567	0.008915	0.053518	0.000549	0.093973	0.973527	4	0	0	0.0	[16,16,6744,13079]
V1	2	3	FORMAL_V1_G2_P3_M1_RULE_U01	M1_RULE_U01	7	4	A0_DENSE_VENDOR	147415	0.970244050126369	0.00844	0.057701	0.000517	0.097943	0.937486	4	0	0	0.0	[17,17,788,35]
V1	2	3	FORMAL_V1_G2_P3_M1_RULE_U01	M1_RULE_U01	8	4	A0_DENSE_VENDOR	147800	0.9727780117944398	0.009063	0.057083	0.000556	0.097713	0.953647	4	0	0	0.0	[198,198,330,4644]
V1	2	3	FORMAL_V1_G2_P3_M1_RULE_U01	M1_RULE_U01	9	4	A0_DENSE_VENDOR	147475	0.9706389532434709	0.008769	0.058639	0.000549	0.099209	1.059543	4	0	0	0.0	[92,92,16,16]
V1	2	3	FORMAL_V1_G2_P3_M1_RULE_U01	M1_RULE_U01	10	4	A0_DENSE_VENDOR	147140	0.9684340775063185	0.008997	0.05465	0.00052	0.095163	1.032459	2	2	0	0.0	[151645,151645,17,17]
V1	2	3	FORMAL_V1_G2_P3_M1_RULE_U01	M1_RULE_U01	11	2	A0_DENSE_VENDOR	147139	0.9684274957877	0.008025	0.05518	0.000485	0.092961	0.993593	2	0	0	0.0	[null,null,18,18]
V1	2	3	FORMAL_V1_G2_P3_M1_RULE_U01	M1_RULE_U01	12	2	A0_DENSE_VENDOR	147139	0.9684274957877	0.007859	0.0542	0.000578	0.093503	1.005593	2	0	0	0.0	[null,null,4697,698]
V1	2	3	FORMAL_V1_G2_P3_M1_RULE_U01	M1_RULE_U01	13	2	A0_DENSE_VENDOR	147473	0.9706257898062342	0.008212	0.054373	0.000487	0.092607	0.913947	2	0	0	0.0	[null,null,794,92]
V1	2	3	FORMAL_V1_G2_P3_M1_RULE_U01	M1_RULE_U01	14	2	A0_DENSE_VENDOR	147138	0.9684209140690817	0.008065	0.056111	0.00052	0.096026	0.915905	1	1	0	0.0	[null,null,11,151645]
V1	2	3	FORMAL_V1_G2_P3_M1_RULE_U01	M1_RULE_U01	15	1	A0_DENSE_VENDOR	147137	0.9684143323504634	0.006913	0.049548	0.000482	0.08744	0.891501	1	0	0	0.0	[null,null,5765,null]
V1	2	3	FORMAL_V1_G2_P3_M1_RULE_U01	M1_RULE_U01	16	1	A0_DENSE_VENDOR	147137	0.9684143323504634	0.006901	0.049239	0.000458	0.085285	0.893747	1	0	0	0.0	[null,null,27831,null]
V1	2	3	FORMAL_V1_G2_P3_M1_RULE_U01	M1_RULE_U01	17	1	A0_DENSE_VENDOR	147137	0.9684143323504634	0.006845	0.049068	0.000475	0.0875	0.901137	1	0	0	0.0	[null,null,11,null]
V1	2	3	FORMAL_V1_G2_P3_M1_RULE_U01	M1_RULE_U01	18	1	A0_DENSE_VENDOR	147137	0.9684143323504634	0.007014	0.055863	0.000549	0.092577	0.899237	1	0	0	0.0	[null,null,7279,null]
V1	2	3	FORMAL_V1_G2_P3_M1_RULE_U01	M1_RULE_U01	19	1	A0_DENSE_VENDOR	147137	0.9684143323504634	0.006796	0.050389	0.0005	0.089029	0.89505	1	0	0	0.0	[null,null,756,null]
V1	2	3	FORMAL_V1_G2_P3_M1_RULE_U01	M1_RULE_U01	20	1	A3_RAGGED_DIRECT	425	0.002797230412805392	0.00689	0.050613	0.000503	0.08919	0.420155	1	0	1	0.017155	[null,null,220,null]
V1	2	3	FORMAL_V1_G2_P3_M1_RULE_U01	M1_RULE_U01	21	1	A3_RAGGED_DIRECT	425	0.002797230412805392	0.007104	0.048904	0.000513	0.08729	0.46159	1	0	1	0.019117	[null,null,330,null]
V1	2	3	FORMAL_V1_G2_P3_M1_RULE_U01	M1_RULE_U01	22	1	A3_RAGGED_DIRECT	6	3.9490311710193765e-05	0.006745	0.048848	0.000541	0.086156	0.395829	1	0	1	0.016184	[null,null,11049,null]
V1	2	3	FORMAL_V1_G2_P3_M1_RULE_U01	M1_RULE_U01	23	1	A3_RAGGED_DIRECT	4	2.632687447346251e-05	0.006599	0.047726	0.000492	0.083271	0.372427	1	0	1	0.015851	[null,null,1269,null]
V1	2	3	FORMAL_V1_G2_P3_M1_RULE_U01	M1_RULE_U01	24	1	A3_RAGGED_DIRECT	19	0.0001250526537489469	0.006526	0.047765	0.000461	0.082176	0.385067	1	0	1	0.015596	[null,null,788,null]
V1	2	3	FORMAL_V1_G2_P3_M1_RULE_U01	M1_RULE_U01	25	1	A3_RAGGED_DIRECT	822	0.005410172704296546	0.006371	0.046617	0.000505	0.081943	0.397218	1	0	1	0.016187	[null,null,330,null]
V1	2	3	FORMAL_V1_G2_P3_M1_RULE_U01	M1_RULE_U01	26	1	A0_DENSE_VENDOR	147137	0.9684143323504634	0.006272	0.045529	0.000474	0.078716	0.867672	1	0	0	0.0	[null,null,13079,null]
V1	2	3	FORMAL_V1_G2_P3_M1_RULE_U01	M1_RULE_U01	27	1	A0_DENSE_VENDOR	147137	0.9684143323504634	0.006226	0.045732	0.000485	0.082347	0.884267	1	0	0	0.0	[null,null,49628,null]
V1	2	3	FORMAL_V1_G2_P3_M1_RULE_U01	M1_RULE_U01	28	1	A0_DENSE_VENDOR	147137	0.9684143323504634	0.006417	0.046861	0.000461	0.083356	0.884505	1	0	0	0.0	[null,null,756,null]
V1	2	3	FORMAL_V1_G2_P3_M1_RULE_U01	M1_RULE_U01	29	1	A3_RAGGED_DIRECT	424	0.002790648694187026	0.006444	0.046927	0.000519	0.083957	0.388679	1	0	1	0.016037	[null,null,220,null]
V1	2	3	FORMAL_V1_G2_P3_M1_RULE_U01	M1_RULE_U01	30	1	A3_RAGGED_DIRECT	424	0.002790648694187026	0.006346	0.04661	0.000472	0.082649	0.424359	1	0	1	0.018227	[null,null,330,null]
V1	2	3	FORMAL_V1_G2_P3_M1_RULE_U01	M1_RULE_U01	31	1	A3_RAGGED_DIRECT	5	3.2908593091828136e-05	0.006471	0.046489	0.000474	0.080394	0.374215	1	0	1	0.015733	[null,null,3615,null]
V1	2	3	FORMAL_V1_G2_P3_M1_RULE_U01	M1_RULE_U01	32	1	A3_RAGGED_DIRECT	15	9.872577927548442e-05	0.006193	0.046005	0.000509	0.08111	0.374826	1	0	1	0.019616	[null,null,788,null]
V1	2	3	FORMAL_V1_G2_P3_M1_RULE_U01	M1_RULE_U01	33	1	A3_RAGGED_DIRECT	442	0.0029091196293176075	0.006266	0.047676	0.000504	0.084038	0.385019	1	0	1	0.015257	[null,null,2278,null]
V1	2	3	FORMAL_V1_G2_P3_M1_RULE_U01	M1_RULE_U01	34	1	A3_RAGGED_DIRECT	452	0.002974936815501264	0.006141	0.044226	0.000468	0.077411	0.361513	1	0	1	0.015391	[null,null,262,null]
V1	2	3	FORMAL_V1_G2_P3_M1_RULE_U01	M1_RULE_U01	35	1	A3_RAGGED_DIRECT	452	0.002974936815501264	0.006037	0.044351	0.000471	0.080345	0.365096	1	0	1	0.015103	[null,null,341,null]
V1	2	3	FORMAL_V1_G2_P3_M1_RULE_U01	M1_RULE_U01	36	1	A3_RAGGED_DIRECT	424	0.002790648694187026	0.006	0.048531	0.000454	0.081348	0.354247	1	0	1	0.012891	[null,null,414,null]
V1	2	3	FORMAL_V1_G2_P3_M1_RULE_U01	M1_RULE_U01	37	1	A3_RAGGED_DIRECT	424	0.002790648694187026	0.005902	0.043646	0.000475	0.077065	0.362963	1	0	1	0.01451	[null,null,330,null]
V1	2	3	FORMAL_V1_G2_P3_M1_RULE_U01	M1_RULE_U01	38	1	A3_RAGGED_DIRECT	4	2.632687447346251e-05	0.005973	0.043388	0.000482	0.077294	0.354068	1	0	1	0.014408	[null,null,6555,null]
V1	2	3	FORMAL_V1_G2_P3_M1_RULE_U01	M1_RULE_U01	39	1	A3_RAGGED_DIRECT	13	8.556234203875316e-05	0.005842	0.043638	0.000442	0.076895	0.339708	1	0	1	0.012515	[null,null,788,null]
V1	2	3	FORMAL_V1_G2_P3_M1_RULE_U01	M1_RULE_U01	40	1	A3_RAGGED_DIRECT	434	0.0028564658803706825	0.005784	0.042369	0.000431	0.07416	0.351955	1	0	1	0.014292	[null,null,220,null]
V1	2	3	FORMAL_V1_G2_P3_M1_RULE_U01	M1_RULE_U01	41	1	A3_RAGGED_DIRECT	434	0.0028564658803706825	0.005672	0.041708	0.000451	0.073581	0.344589	1	0	1	0.013659	[null,null,16,null]
V1	2	3	FORMAL_V1_G2_P3_M1_RULE_U01	M1_RULE_U01	42	1	A3_RAGGED_DIRECT	448	0.0029486099410278013	0.00566	0.041741	0.000418	0.073462	0.351394	1	0	1	0.020759	[null,null,15,null]
V1	2	3	FORMAL_V1_G2_P3_M1_RULE_U01	M1_RULE_U01	43	1	A3_RAGGED_DIRECT	448	0.0029486099410278013	0.005731	0.04186	0.000468	0.075113	0.338901	1	0	1	0.01412	[null,null,345,null]
V1	2	3	FORMAL_V1_G2_P3_M1_RULE_U01	M1_RULE_U01	44	1	A3_RAGGED_DIRECT	424	0.002790648694187026	0.005868	0.041896	0.000468	0.074951	0.352621	1	0	1	0.014094	[null,null,414,null]
V1	2	3	FORMAL_V1_G2_P3_M1_RULE_U01	M1_RULE_U01	45	1	A3_RAGGED_DIRECT	424	0.002790648694187026	0.005736	0.044222	0.000449	0.077463	0.34217	1	0	1	0.013877	[null,null,330,null]
V1	2	3	FORMAL_V1_G2_P3_M1_RULE_U01	M1_RULE_U01	46	1	A3_RAGGED_DIRECT	6	3.9490311710193765e-05	0.005691	0.042318	0.000457	0.074636	0.336104	1	0	1	0.013638	[null,null,3031,null]
V1	2	3	FORMAL_V1_G2_P3_M1_RULE_U01	M1_RULE_U01	47	1	A3_RAGGED_DIRECT	4	2.632687447346251e-05	0.005426	0.040446	0.000406	0.068883	0.321834	1	0	1	0.013182	[null,null,1269,null]
V1	2	3	FORMAL_V1_G2_P3_M1_RULE_U01	M1_RULE_U01	48	1	A3_RAGGED_DIRECT	19	0.0001250526537489469	0.005632	0.041109	0.000428	0.072905	0.343103	1	0	1	0.013925	[null,null,788,null]
V1	2	3	FORMAL_V1_G2_P3_M1_RULE_U01	M1_RULE_U01	49	1	A3_RAGGED_DIRECT	822	0.005410172704296546	0.00554	0.040765	0.000402	0.072288	0.339675	1	0	1	0.012824	[null,null,330,null]
V1	2	3	FORMAL_V1_G2_P3_M1_RULE_U01	M1_RULE_U01	50	1	A0_DENSE_VENDOR	147137	0.9684143323504634	0.005509	0.040514	0.000398	0.071483	0.837747	1	0	0	0.0	[null,null,4816,null]
V1	2	3	FORMAL_V1_G2_P3_M1_RULE_U01	M1_RULE_U01	51	1	A0_DENSE_VENDOR	147137	0.9684143323504634	0.005598	0.046207	0.000431	0.076606	0.833872	1	0	0	0.0	[null,null,362,null]
V1	2	3	FORMAL_V1_G2_P3_M1_RULE_U01	M1_RULE_U01	52	1	A0_DENSE_VENDOR	147137	0.9684143323504634	0.005759	0.042565	0.000425	0.075028	0.832993	1	0	0	0.0	[null,null,756,null]
V1	2	3	FORMAL_V1_G2_P3_M1_RULE_U01	M1_RULE_U01	53	1	A3_RAGGED_DIRECT	424	0.002790648694187026	0.005907	0.042902	0.000439	0.076907	0.3556	1	0	1	0.01466	[null,null,414,null]
V1	2	3	FORMAL_V1_G2_P3_M1_RULE_U01	M1_RULE_U01	54	1	A3_RAGGED_DIRECT	424	0.002790648694187026	0.005839	0.042284	0.000396	0.075258	0.395476	1	0	1	0.016413	[null,null,330,null]
V1	2	3	FORMAL_V1_G2_P3_M1_RULE_U01	M1_RULE_U01	55	1	A3_RAGGED_DIRECT	6	3.9490311710193765e-05	0.005877	0.042497	0.000454	0.075185	0.348667	1	0	1	0.013967	[null,null,13523,null]
V1	2	3	FORMAL_V1_G2_P3_M1_RULE_U01	M1_RULE_U01	56	1	A3_RAGGED_DIRECT	13	8.556234203875316e-05	0.00579	0.042571	0.000424	0.072877	0.340815	1	0	1	0.014704	[null,null,788,null]
V1	2	3	FORMAL_V1_G2_P3_M1_RULE_U01	M1_RULE_U01	57	1	A3_RAGGED_DIRECT	434	0.0028564658803706825	0.005839	0.042659	0.000509	0.076344	0.366189	1	0	1	0.014388	[null,null,220,null]
V1	2	3	FORMAL_V1_G2_P3_M1_RULE_U01	M1_RULE_U01	58	1	A3_RAGGED_DIRECT	434	0.0028564658803706825	0.005962	0.042478	0.000435	0.07545	0.345555	1	0	1	0.012206	[null,null,17,null]
V1	2	3	FORMAL_V1_G2_P3_M1_RULE_U01	M1_RULE_U01	59	1	A3_RAGGED_DIRECT	476	0.003132898062342039	0.005617	0.04072	0.000471	0.072781	0.347892	1	0	1	0.017062	[null,null,198,null]
V1	2	3	FORMAL_V1_G2_P3_M1_RULE_U01	M1_RULE_U01	60	1	A3_RAGGED_DIRECT	466	0.0030670808761583826	0.005482	0.040893	0.000415	0.072014	0.347553	1	0	1	0.013882	[null,null,262,null]
V1	2	3	FORMAL_V1_G2_P3_M1_RULE_U01	M1_RULE_U01	61	1	A3_RAGGED_DIRECT	466	0.0030670808761583826	0.005548	0.040758	0.000408	0.072051	0.335647	1	0	1	0.013921	[null,null,1153,null]
V1	2	3	FORMAL_V1_G2_P3_M1_RULE_U01	M1_RULE_U01	62	1	A3_RAGGED_DIRECT	439	0.0028893744734625106	0.005569	0.040841	0.000418	0.072026	0.343632	1	0	1	0.013404	[null,null,262,null]
V1	2	3	FORMAL_V1_G2_P3_M1_RULE_U01	M1_RULE_U01	63	1	A3_RAGGED_DIRECT	439	0.0028893744734625106	0.005669	0.041259	0.000439	0.07265	0.33721	1	0	1	0.014701	[null,null,341,null]
V1	2	3	FORMAL_V1_G2_P3_M1_RULE_U01	M1_RULE_U01	64	1	A3_RAGGED_DIRECT	424	0.002790648694187026	0.005585	0.041506	0.000427	0.072287	0.340745	1	0	1	0.013729	[null,null,414,null]
V1	2	3	FORMAL_V1_G2_P3_M1_RULE_U01	M1_RULE_U01	65	1	A3_RAGGED_DIRECT	424	0.002790648694187026	0.005702	0.041706	0.000419	0.074946	0.351613	1	0	1	0.013588	[null,null,330,null]
V1	2	3	FORMAL_V1_G2_P3_M1_RULE_U01	M1_RULE_U01	66	1	A3_RAGGED_DIRECT	4	2.632687447346251e-05	0.005641	0.041709	0.000437	0.073318	0.331112	1	0	1	0.013262	[null,null,6555,null]
V1	2	3	FORMAL_V1_G2_P3_M1_RULE_U01	M1_RULE_U01	67	1	A3_RAGGED_DIRECT	13	8.556234203875316e-05	0.005409	0.039829	0.000373	0.069899	0.320676	1	0	1	0.013111	[null,null,788,null]
V1	2	3	FORMAL_V1_G2_P3_M1_RULE_U01	M1_RULE_U01	68	1	A3_RAGGED_DIRECT	434	0.0028564658803706825	0.005581	0.04002	0.000368	0.072444	0.327676	1	0	1	0.013235	[null,null,220,null]
V1	2	3	FORMAL_V1_G2_P3_M1_RULE_U01	M1_RULE_U01	69	1	A3_RAGGED_DIRECT	434	0.0028564658803706825	0.005352	0.039922	0.000398	0.070054	0.33292	1	0	1	0.018486	[null,null,17,null]
V1	2	3	FORMAL_V1_G2_P3_M1_RULE_U01	M1_RULE_U01	70	1	A3_RAGGED_DIRECT	448	0.0029486099410278013	0.005524	0.040192	0.000421	0.070276	0.339999	1	0	1	0.014115	[null,null,15,null]
V1	2	3	FORMAL_V1_G2_P3_M1_RULE_U01	M1_RULE_U01	71	1	A3_RAGGED_DIRECT	448	0.0029486099410278013	0.005552	0.038946	0.000408	0.067549	0.320868	1	0	1	0.013455	[null,null,345,null]
V1	2	3	FORMAL_V1_G2_P3_M1_RULE_U01	M1_RULE_U01	72	1	A3_RAGGED_DIRECT	424	0.002790648694187026	0.005327	0.039211	0.000418	0.068923	0.338476	1	0	1	0.013621	[null,null,414,null]
V1	2	3	FORMAL_V1_G2_P3_M1_RULE_U01	M1_RULE_U01	73	1	A3_RAGGED_DIRECT	424	0.002790648694187026	0.005445	0.039711	0.000405	0.068585	0.318897	1	0	1	0.013224	[null,null,330,null]
V1	2	3	FORMAL_V1_G2_P3_M1_RULE_U01	M1_RULE_U01	74	1	A3_RAGGED_DIRECT	6	3.9490311710193765e-05	0.005363	0.039704	0.00039	0.067915	0.320131	1	0	1	0.01315	[null,null,3031,null]
V1	2	3	FORMAL_V1_G2_P3_M1_RULE_U01	M1_RULE_U01	75	1	A3_RAGGED_DIRECT	4	2.632687447346251e-05	0.005322	0.039608	0.000414	0.070093	0.329043	1	0	1	0.013319	[null,null,1269,null]
V1	2	3	FORMAL_V1_G2_P3_M1_RULE_U01	M1_RULE_U01	76	1	A3_RAGGED_DIRECT	19	0.0001250526537489469	0.005358	0.039815	0.000407	0.069151	0.324943	1	0	1	0.013104	[null,null,788,null]
V1	2	3	FORMAL_V1_G2_P3_M1_RULE_U01	M1_RULE_U01	77	1	A3_RAGGED_DIRECT	822	0.005410172704296546	0.005361	0.039208	0.000446	0.069277	0.347727	1	0	1	0.013457	[null,null,330,null]
V1	2	3	FORMAL_V1_G2_P3_M1_RULE_U01	M1_RULE_U01	78	1	A0_DENSE_VENDOR	147137	0.9684143323504634	0.005551	0.043962	0.000404	0.072396	0.827209	1	0	0	0.0	[null,null,4816,null]
V1	2	3	FORMAL_V1_G2_P3_M1_RULE_U01	M1_RULE_U01	79	1	A0_DENSE_VENDOR	147137	0.9684143323504634	0.00571	0.04089	0.000452	0.070765	0.80795	1	0	0	0.0	[null,null,425,null]
V1	2	3	FORMAL_V1_G2_P3_M1_RULE_U01	M1_RULE_U01	80	1	A0_DENSE_VENDOR	147137	0.9684143323504634	0.005645	0.0408	0.000398	0.072582	0.820351	1	0	0	0.0	[null,null,756,null]
V1	2	3	FORMAL_V1_G2_P3_M1_RULE_U01	M1_RULE_U01	81	1	A3_RAGGED_DIRECT	424	0.002790648694187026	0.005742	0.040949	0.000423	0.071674	0.345158	1	0	1	0.013685	[null,null,414,null]
V1	2	3	FORMAL_V1_G2_P3_M1_RULE_U01	M1_RULE_U01	82	1	A3_RAGGED_DIRECT	424	0.002790648694187026	0.005787	0.042008	0.000435	0.075209	0.371117	1	0	1	0.015351	[null,null,330,null]
V1	2	3	FORMAL_V1_G2_P3_M1_RULE_U01	M1_RULE_U01	83	1	A3_RAGGED_DIRECT	6	3.9490311710193765e-05	0.005718	0.041764	0.000418	0.07177	0.345869	1	0	1	0.014074	[null,null,13523,null]
V1	2	3	FORMAL_V1_G2_P3_M1_RULE_U01	M1_RULE_U01	84	1	A3_RAGGED_DIRECT	13	8.556234203875316e-05	0.005805	0.042214	0.000413	0.074213	0.326768	1	0	1	0.013081	[null,null,788,null]
V1	2	3	FORMAL_V1_G2_P3_M1_RULE_U01	M1_RULE_U01	85	1	A3_RAGGED_DIRECT	434	0.0028564658803706825	0.005746	0.041711	0.000501	0.074189	0.350466	1	0	1	0.014663	[null,null,220,null]
V1	2	3	FORMAL_V1_G2_P3_M1_RULE_U01	M1_RULE_U01	86	1	A3_RAGGED_DIRECT	434	0.0028564658803706825	0.005655	0.041202	0.00043	0.074011	0.34735	1	0	1	0.013363	[null,null,18,null]
V1	2	3	FORMAL_V1_G2_P3_M1_RULE_U01	M1_RULE_U01	87	1	A3_RAGGED_DIRECT	476	0.003132898062342039	0.005551	0.045964	0.000429	0.077397	0.362023	1	0	1	0.013747	[null,null,198,null]
V1	2	3	FORMAL_V1_G2_P3_M1_RULE_U01	M1_RULE_U01	88	1	A3_RAGGED_DIRECT	466	0.0030670808761583826	0.005728	0.041266	0.000391	0.072593	0.34838	1	0	1	0.013623	[null,null,262,null]
V1	2	3	FORMAL_V1_G2_P3_M1_RULE_U01	M1_RULE_U01	89	1	A3_RAGGED_DIRECT	466	0.0030670808761583826	0.005731	0.041362	0.000432	0.073454	0.337484	1	0	1	0.012241	[null,null,456,null]
V1	2	3	FORMAL_V1_G2_P3_M1_RULE_U01	M1_RULE_U01	90	1	A3_RAGGED_DIRECT	449	0.002955191659646167	0.005365	0.039845	0.000367	0.069448	0.325831	1	0	1	0.01387	[null,null,220,null]
V1	2	3	FORMAL_V1_G2_P3_M1_RULE_U01	M1_RULE_U01	91	1	A3_RAGGED_DIRECT	449	0.002955191659646167	0.005291	0.039202	0.000409	0.069776	0.318749	1	0	1	0.01353	[null,null,5133,null]
V1	2	3	FORMAL_V1_G2_P3_M1_RULE_U01	M1_RULE_U01	92	1	A3_RAGGED_DIRECT	424	0.002790648694187026	0.005311	0.039158	0.000385	0.068981	0.336106	1	0	1	0.012938	[null,null,92,null]
V1	2	3	FORMAL_V1_G2_P3_M1_RULE_U01	M1_RULE_U01	93	1	A3_RAGGED_DIRECT	1	6.581718618365627e-06	0.005351	0.039084	0.000454	0.069282	0.175698	0	1	0	0.0	[null,null,151645,null]
V1	2	4	FORMAL_V1_G2_P4_B0_STRONG	B0_STRONG	0	4	A0_DENSE_VENDOR			0.0	0.0	0.0	0.0	1.585118	4	0	0	0.0	[515,515,515,515]
V1	2	4	FORMAL_V1_G2_P4_B0_STRONG	B0_STRONG	1	4	A0_DENSE_VENDOR			0.0	0.0	0.0	0.0	0.726003	4	0	0	0.0	[220,220,220,220]
V1	2	4	FORMAL_V1_G2_P4_B0_STRONG	B0_STRONG	2	4	A0_DENSE_VENDOR			0.0	0.0	0.0	0.0	0.731809	4	0	0	0.0	[330,330,330,330]
V1	2	4	FORMAL_V1_G2_P4_B0_STRONG	B0_STRONG	3	4	A0_DENSE_VENDOR			0.0	0.0	0.0	0.0	0.691265	4	0	0	0.0	[4129,4129,29642,5113]
V1	2	4	FORMAL_V1_G2_P4_B0_STRONG	B0_STRONG	4	4	A0_DENSE_VENDOR			0.0	0.0	0.0	0.0	0.691545	4	0	0	0.0	[788,788,258,788]
V1	2	4	FORMAL_V1_G2_P4_B0_STRONG	B0_STRONG	5	4	A0_DENSE_VENDOR			0.0	0.0	0.0	0.0	0.734281	3	1	0	0.0	[220,220,70,330]
V1	2	4	FORMAL_V1_G2_P4_B0_STRONG	B0_STRONG	6	4	A0_DENSE_VENDOR			0.0	0.0	0.0	0.0	0.863303	4	0	0	0.0	[16,16,6744,13079]
V1	2	4	FORMAL_V1_G2_P4_B0_STRONG	B0_STRONG	7	4	A0_DENSE_VENDOR			0.0	0.0	0.0	0.0	0.861542	4	0	0	0.0	[17,17,788,35]
V1	2	4	FORMAL_V1_G2_P4_B0_STRONG	B0_STRONG	8	4	A0_DENSE_VENDOR			0.0	0.0	0.0	0.0	0.871695	4	0	0	0.0	[198,198,330,4644]
V1	2	4	FORMAL_V1_G2_P4_B0_STRONG	B0_STRONG	9	4	A0_DENSE_VENDOR			0.0	0.0	0.0	0.0	0.962475	4	0	0	0.0	[92,92,16,16]
V1	2	4	FORMAL_V1_G2_P4_B0_STRONG	B0_STRONG	10	4	A0_DENSE_VENDOR			0.0	0.0	0.0	0.0	0.952845	2	2	0	0.0	[151645,151645,17,17]
V1	2	4	FORMAL_V1_G2_P4_B0_STRONG	B0_STRONG	11	2	A0_DENSE_VENDOR			0.0	0.0	0.0	0.0	0.938207	2	0	0	0.0	[null,null,18,18]
V1	2	4	FORMAL_V1_G2_P4_B0_STRONG	B0_STRONG	12	2	A0_DENSE_VENDOR			0.0	0.0	0.0	0.0	0.921739	2	0	0	0.0	[null,null,4697,698]
V1	2	4	FORMAL_V1_G2_P4_B0_STRONG	B0_STRONG	13	2	A0_DENSE_VENDOR			0.0	0.0	0.0	0.0	0.821778	2	0	0	0.0	[null,null,794,92]
V1	2	4	FORMAL_V1_G2_P4_B0_STRONG	B0_STRONG	14	2	A0_DENSE_VENDOR			0.0	0.0	0.0	0.0	0.819931	1	1	0	0.0	[null,null,11,151645]
V1	2	4	FORMAL_V1_G2_P4_B0_STRONG	B0_STRONG	15	1	A0_DENSE_VENDOR			0.0	0.0	0.0	0.0	0.813945	1	0	0	0.0	[null,null,5765,null]
V1	2	4	FORMAL_V1_G2_P4_B0_STRONG	B0_STRONG	16	1	A0_DENSE_VENDOR			0.0	0.0	0.0	0.0	0.819153	1	0	0	0.0	[null,null,27831,null]
V1	2	4	FORMAL_V1_G2_P4_B0_STRONG	B0_STRONG	17	1	A0_DENSE_VENDOR			0.0	0.0	0.0	0.0	0.809681	1	0	0	0.0	[null,null,11,null]
V1	2	4	FORMAL_V1_G2_P4_B0_STRONG	B0_STRONG	18	1	A0_DENSE_VENDOR			0.0	0.0	0.0	0.0	0.820583	1	0	0	0.0	[null,null,7279,null]
V1	2	4	FORMAL_V1_G2_P4_B0_STRONG	B0_STRONG	19	1	A0_DENSE_VENDOR			0.0	0.0	0.0	0.0	0.806203	1	0	0	0.0	[null,null,756,null]
V1	2	4	FORMAL_V1_G2_P4_B0_STRONG	B0_STRONG	20	1	A0_DENSE_VENDOR			0.0	0.0	0.0	0.0	0.716943	1	0	0	0.0	[null,null,220,null]
V1	2	4	FORMAL_V1_G2_P4_B0_STRONG	B0_STRONG	21	1	A0_DENSE_VENDOR			0.0	0.0	0.0	0.0	0.715526	1	0	0	0.0	[null,null,330,null]
V1	2	4	FORMAL_V1_G2_P4_B0_STRONG	B0_STRONG	22	1	A0_DENSE_VENDOR			0.0	0.0	0.0	0.0	0.707741	1	0	0	0.0	[null,null,11049,null]
V1	2	4	FORMAL_V1_G2_P4_B0_STRONG	B0_STRONG	23	1	A0_DENSE_VENDOR			0.0	0.0	0.0	0.0	0.705845	1	0	0	0.0	[null,null,1269,null]
V1	2	4	FORMAL_V1_G2_P4_B0_STRONG	B0_STRONG	24	1	A0_DENSE_VENDOR			0.0	0.0	0.0	0.0	0.714313	1	0	0	0.0	[null,null,788,null]
V1	2	4	FORMAL_V1_G2_P4_B0_STRONG	B0_STRONG	25	1	A0_DENSE_VENDOR			0.0	0.0	0.0	0.0	0.726512	1	0	0	0.0	[null,null,330,null]
V1	2	4	FORMAL_V1_G2_P4_B0_STRONG	B0_STRONG	26	1	A0_DENSE_VENDOR			0.0	0.0	0.0	0.0	0.822591	1	0	0	0.0	[null,null,13079,null]
V1	2	4	FORMAL_V1_G2_P4_B0_STRONG	B0_STRONG	27	1	A0_DENSE_VENDOR			0.0	0.0	0.0	0.0	0.835807	1	0	0	0.0	[null,null,49628,null]
V1	2	4	FORMAL_V1_G2_P4_B0_STRONG	B0_STRONG	28	1	A0_DENSE_VENDOR			0.0	0.0	0.0	0.0	0.824917	1	0	0	0.0	[null,null,756,null]
V1	2	4	FORMAL_V1_G2_P4_B0_STRONG	B0_STRONG	29	1	A0_DENSE_VENDOR			0.0	0.0	0.0	0.0	0.729291	1	0	0	0.0	[null,null,220,null]
V1	2	4	FORMAL_V1_G2_P4_B0_STRONG	B0_STRONG	30	1	A0_DENSE_VENDOR			0.0	0.0	0.0	0.0	0.715551	1	0	0	0.0	[null,null,330,null]
V1	2	4	FORMAL_V1_G2_P4_B0_STRONG	B0_STRONG	31	1	A0_DENSE_VENDOR			0.0	0.0	0.0	0.0	0.704656	1	0	0	0.0	[null,null,3615,null]
V1	2	4	FORMAL_V1_G2_P4_B0_STRONG	B0_STRONG	32	1	A0_DENSE_VENDOR			0.0	0.0	0.0	0.0	0.708054	1	0	0	0.0	[null,null,788,null]
V1	2	4	FORMAL_V1_G2_P4_B0_STRONG	B0_STRONG	33	1	A0_DENSE_VENDOR			0.0	0.0	0.0	0.0	0.724386	1	0	0	0.0	[null,null,2278,null]
V1	2	4	FORMAL_V1_G2_P4_B0_STRONG	B0_STRONG	34	1	A0_DENSE_VENDOR			0.0	0.0	0.0	0.0	0.729187	1	0	0	0.0	[null,null,262,null]
V1	2	4	FORMAL_V1_G2_P4_B0_STRONG	B0_STRONG	35	1	A0_DENSE_VENDOR			0.0	0.0	0.0	0.0	0.732297	1	0	0	0.0	[null,null,341,null]
V1	2	4	FORMAL_V1_G2_P4_B0_STRONG	B0_STRONG	36	1	A0_DENSE_VENDOR			0.0	0.0	0.0	0.0	0.728177	1	0	0	0.0	[null,null,414,null]
V1	2	4	FORMAL_V1_G2_P4_B0_STRONG	B0_STRONG	37	1	A0_DENSE_VENDOR			0.0	0.0	0.0	0.0	0.719259	1	0	0	0.0	[null,null,330,null]
V1	2	4	FORMAL_V1_G2_P4_B0_STRONG	B0_STRONG	38	1	A0_DENSE_VENDOR			0.0	0.0	0.0	0.0	0.709462	1	0	0	0.0	[null,null,6555,null]
V1	2	4	FORMAL_V1_G2_P4_B0_STRONG	B0_STRONG	39	1	A0_DENSE_VENDOR			0.0	0.0	0.0	0.0	0.720879	1	0	0	0.0	[null,null,788,null]
V1	2	4	FORMAL_V1_G2_P4_B0_STRONG	B0_STRONG	40	1	A0_DENSE_VENDOR			0.0	0.0	0.0	0.0	0.72383	1	0	0	0.0	[null,null,220,null]
V1	2	4	FORMAL_V1_G2_P4_B0_STRONG	B0_STRONG	41	1	A0_DENSE_VENDOR			0.0	0.0	0.0	0.0	0.730866	1	0	0	0.0	[null,null,16,null]
V1	2	4	FORMAL_V1_G2_P4_B0_STRONG	B0_STRONG	42	1	A0_DENSE_VENDOR			0.0	0.0	0.0	0.0	0.728754	1	0	0	0.0	[null,null,15,null]
V1	2	4	FORMAL_V1_G2_P4_B0_STRONG	B0_STRONG	43	1	A0_DENSE_VENDOR			0.0	0.0	0.0	0.0	0.723764	1	0	0	0.0	[null,null,345,null]
V1	2	4	FORMAL_V1_G2_P4_B0_STRONG	B0_STRONG	44	1	A0_DENSE_VENDOR			0.0	0.0	0.0	0.0	0.731441	1	0	0	0.0	[null,null,414,null]
V1	2	4	FORMAL_V1_G2_P4_B0_STRONG	B0_STRONG	45	1	A0_DENSE_VENDOR			0.0	0.0	0.0	0.0	0.736827	1	0	0	0.0	[null,null,330,null]
V1	2	4	FORMAL_V1_G2_P4_B0_STRONG	B0_STRONG	46	1	A0_DENSE_VENDOR			0.0	0.0	0.0	0.0	0.710567	1	0	0	0.0	[null,null,3031,null]
V1	2	4	FORMAL_V1_G2_P4_B0_STRONG	B0_STRONG	47	1	A0_DENSE_VENDOR			0.0	0.0	0.0	0.0	0.71409	1	0	0	0.0	[null,null,1269,null]
V1	2	4	FORMAL_V1_G2_P4_B0_STRONG	B0_STRONG	48	1	A0_DENSE_VENDOR			0.0	0.0	0.0	0.0	0.722625	1	0	0	0.0	[null,null,788,null]
V1	2	4	FORMAL_V1_G2_P4_B0_STRONG	B0_STRONG	49	1	A0_DENSE_VENDOR			0.0	0.0	0.0	0.0	0.731032	1	0	0	0.0	[null,null,330,null]
V1	2	4	FORMAL_V1_G2_P4_B0_STRONG	B0_STRONG	50	1	A0_DENSE_VENDOR			0.0	0.0	0.0	0.0	0.835511	1	0	0	0.0	[null,null,4816,null]
V1	2	4	FORMAL_V1_G2_P4_B0_STRONG	B0_STRONG	51	1	A0_DENSE_VENDOR			0.0	0.0	0.0	0.0	0.84913	1	0	0	0.0	[null,null,362,null]
V1	2	4	FORMAL_V1_G2_P4_B0_STRONG	B0_STRONG	52	1	A0_DENSE_VENDOR			0.0	0.0	0.0	0.0	0.864538	1	0	0	0.0	[null,null,756,null]
V1	2	4	FORMAL_V1_G2_P4_B0_STRONG	B0_STRONG	53	1	A0_DENSE_VENDOR			0.0	0.0	0.0	0.0	0.72415	1	0	0	0.0	[null,null,414,null]
V1	2	4	FORMAL_V1_G2_P4_B0_STRONG	B0_STRONG	54	1	A0_DENSE_VENDOR			0.0	0.0	0.0	0.0	0.729612	1	0	0	0.0	[null,null,330,null]
V1	2	4	FORMAL_V1_G2_P4_B0_STRONG	B0_STRONG	55	1	A0_DENSE_VENDOR			0.0	0.0	0.0	0.0	0.720892	1	0	0	0.0	[null,null,13523,null]
V1	2	4	FORMAL_V1_G2_P4_B0_STRONG	B0_STRONG	56	1	A0_DENSE_VENDOR			0.0	0.0	0.0	0.0	0.715275	1	0	0	0.0	[null,null,788,null]
V1	2	4	FORMAL_V1_G2_P4_B0_STRONG	B0_STRONG	57	1	A0_DENSE_VENDOR			0.0	0.0	0.0	0.0	0.744193	1	0	0	0.0	[null,null,220,null]
V1	2	4	FORMAL_V1_G2_P4_B0_STRONG	B0_STRONG	58	1	A0_DENSE_VENDOR			0.0	0.0	0.0	0.0	0.738989	1	0	0	0.0	[null,null,17,null]
V1	2	4	FORMAL_V1_G2_P4_B0_STRONG	B0_STRONG	59	1	A0_DENSE_VENDOR			0.0	0.0	0.0	0.0	0.738769	1	0	0	0.0	[null,null,198,null]
V1	2	4	FORMAL_V1_G2_P4_B0_STRONG	B0_STRONG	60	1	A0_DENSE_VENDOR			0.0	0.0	0.0	0.0	0.736215	1	0	0	0.0	[null,null,262,null]
V1	2	4	FORMAL_V1_G2_P4_B0_STRONG	B0_STRONG	61	1	A0_DENSE_VENDOR			0.0	0.0	0.0	0.0	0.736721	1	0	0	0.0	[null,null,1153,null]
V1	2	4	FORMAL_V1_G2_P4_B0_STRONG	B0_STRONG	62	1	A0_DENSE_VENDOR			0.0	0.0	0.0	0.0	0.73439	1	0	0	0.0	[null,null,262,null]
V1	2	4	FORMAL_V1_G2_P4_B0_STRONG	B0_STRONG	63	1	A0_DENSE_VENDOR			0.0	0.0	0.0	0.0	0.726814	1	0	0	0.0	[null,null,341,null]
V1	2	4	FORMAL_V1_G2_P4_B0_STRONG	B0_STRONG	64	1	A0_DENSE_VENDOR			0.0	0.0	0.0	0.0	0.72704	1	0	0	0.0	[null,null,414,null]
V1	2	4	FORMAL_V1_G2_P4_B0_STRONG	B0_STRONG	65	1	A0_DENSE_VENDOR			0.0	0.0	0.0	0.0	0.738015	1	0	0	0.0	[null,null,330,null]
V1	2	4	FORMAL_V1_G2_P4_B0_STRONG	B0_STRONG	66	1	A0_DENSE_VENDOR			0.0	0.0	0.0	0.0	0.717086	1	0	0	0.0	[null,null,6555,null]
V1	2	4	FORMAL_V1_G2_P4_B0_STRONG	B0_STRONG	67	1	A0_DENSE_VENDOR			0.0	0.0	0.0	0.0	0.721031	1	0	0	0.0	[null,null,788,null]
V1	2	4	FORMAL_V1_G2_P4_B0_STRONG	B0_STRONG	68	1	A0_DENSE_VENDOR			0.0	0.0	0.0	0.0	0.738578	1	0	0	0.0	[null,null,220,null]
V1	2	4	FORMAL_V1_G2_P4_B0_STRONG	B0_STRONG	69	1	A0_DENSE_VENDOR			0.0	0.0	0.0	0.0	0.738115	1	0	0	0.0	[null,null,17,null]
V1	2	4	FORMAL_V1_G2_P4_B0_STRONG	B0_STRONG	70	1	A0_DENSE_VENDOR			0.0	0.0	0.0	0.0	0.732699	1	0	0	0.0	[null,null,15,null]
V1	2	4	FORMAL_V1_G2_P4_B0_STRONG	B0_STRONG	71	1	A0_DENSE_VENDOR			0.0	0.0	0.0	0.0	0.737708	1	0	0	0.0	[null,null,345,null]
V1	2	4	FORMAL_V1_G2_P4_B0_STRONG	B0_STRONG	72	1	A0_DENSE_VENDOR			0.0	0.0	0.0	0.0	0.724796	1	0	0	0.0	[null,null,414,null]
V1	2	4	FORMAL_V1_G2_P4_B0_STRONG	B0_STRONG	73	1	A0_DENSE_VENDOR			0.0	0.0	0.0	0.0	0.729369	1	0	0	0.0	[null,null,330,null]
V1	2	4	FORMAL_V1_G2_P4_B0_STRONG	B0_STRONG	74	1	A0_DENSE_VENDOR			0.0	0.0	0.0	0.0	0.712204	1	0	0	0.0	[null,null,3031,null]
V1	2	4	FORMAL_V1_G2_P4_B0_STRONG	B0_STRONG	75	1	A0_DENSE_VENDOR			0.0	0.0	0.0	0.0	0.709171	1	0	0	0.0	[null,null,1269,null]
V1	2	4	FORMAL_V1_G2_P4_B0_STRONG	B0_STRONG	76	1	A0_DENSE_VENDOR			0.0	0.0	0.0	0.0	0.726045	1	0	0	0.0	[null,null,788,null]
V1	2	4	FORMAL_V1_G2_P4_B0_STRONG	B0_STRONG	77	1	A0_DENSE_VENDOR			0.0	0.0	0.0	0.0	0.742332	1	0	0	0.0	[null,null,330,null]
V1	2	4	FORMAL_V1_G2_P4_B0_STRONG	B0_STRONG	78	1	A0_DENSE_VENDOR			0.0	0.0	0.0	0.0	0.855721	1	0	0	0.0	[null,null,4816,null]
V1	2	4	FORMAL_V1_G2_P4_B0_STRONG	B0_STRONG	79	1	A0_DENSE_VENDOR			0.0	0.0	0.0	0.0	0.843158	1	0	0	0.0	[null,null,425,null]
V1	2	4	FORMAL_V1_G2_P4_B0_STRONG	B0_STRONG	80	1	A0_DENSE_VENDOR			0.0	0.0	0.0	0.0	0.861187	1	0	0	0.0	[null,null,756,null]
V1	2	4	FORMAL_V1_G2_P4_B0_STRONG	B0_STRONG	81	1	A0_DENSE_VENDOR			0.0	0.0	0.0	0.0	0.736553	1	0	0	0.0	[null,null,414,null]
V1	2	4	FORMAL_V1_G2_P4_B0_STRONG	B0_STRONG	82	1	A0_DENSE_VENDOR			0.0	0.0	0.0	0.0	0.734711	1	0	0	0.0	[null,null,330,null]
V1	2	4	FORMAL_V1_G2_P4_B0_STRONG	B0_STRONG	83	1	A0_DENSE_VENDOR			0.0	0.0	0.0	0.0	0.722419	1	0	0	0.0	[null,null,13523,null]
V1	2	4	FORMAL_V1_G2_P4_B0_STRONG	B0_STRONG	84	1	A0_DENSE_VENDOR			0.0	0.0	0.0	0.0	0.725801	1	0	0	0.0	[null,null,788,null]
V1	2	4	FORMAL_V1_G2_P4_B0_STRONG	B0_STRONG	85	1	A0_DENSE_VENDOR			0.0	0.0	0.0	0.0	0.72997	1	0	0	0.0	[null,null,220,null]
V1	2	4	FORMAL_V1_G2_P4_B0_STRONG	B0_STRONG	86	1	A0_DENSE_VENDOR			0.0	0.0	0.0	0.0	0.738335	1	0	0	0.0	[null,null,18,null]
V1	2	4	FORMAL_V1_G2_P4_B0_STRONG	B0_STRONG	87	1	A0_DENSE_VENDOR			0.0	0.0	0.0	0.0	0.72536	1	0	0	0.0	[null,null,198,null]
V1	2	4	FORMAL_V1_G2_P4_B0_STRONG	B0_STRONG	88	1	A0_DENSE_VENDOR			0.0	0.0	0.0	0.0	0.728828	1	0	0	0.0	[null,null,262,null]
V1	2	4	FORMAL_V1_G2_P4_B0_STRONG	B0_STRONG	89	1	A0_DENSE_VENDOR			0.0	0.0	0.0	0.0	0.735994	1	0	0	0.0	[null,null,456,null]
V1	2	4	FORMAL_V1_G2_P4_B0_STRONG	B0_STRONG	90	1	A0_DENSE_VENDOR			0.0	0.0	0.0	0.0	0.730882	1	0	0	0.0	[null,null,220,null]
V1	2	4	FORMAL_V1_G2_P4_B0_STRONG	B0_STRONG	91	1	A0_DENSE_VENDOR			0.0	0.0	0.0	0.0	0.734869	1	0	0	0.0	[null,null,5133,null]
V1	2	4	FORMAL_V1_G2_P4_B0_STRONG	B0_STRONG	92	1	A0_DENSE_VENDOR			0.0	0.0	0.0	0.0	0.736715	1	0	0	0.0	[null,null,92,null]
V1	2	4	FORMAL_V1_G2_P4_B0_STRONG	B0_STRONG	93	1	A0_DENSE_VENDOR			0.0	0.0	0.0	0.0	0.167788	0	1	0	0.0	[null,null,151645,null]
V1	2	4	FORMAL_V1_G2_P4_M1_RULE_U01	M1_RULE_U01	0	4	A3_RAGGED_DIRECT	7	4.6072030328559395e-05	0.012848	0.063584	0.000681	0.108611	0.647949	4	0	1	0.0517	[515,515,515,515]
V1	2	4	FORMAL_V1_G2_P4_M1_RULE_U01	M1_RULE_U01	1	4	A3_RAGGED_DIRECT	426	0.0028038121314237574	0.008992	0.056047	0.000569	0.096161	0.656887	4	0	2	0.04215	[220,220,220,220]
V1	2	4	FORMAL_V1_G2_P4_M1_RULE_U01	M1_RULE_U01	2	4	A3_RAGGED_DIRECT	426	0.0028038121314237574	0.00916	0.054697	0.000621	0.093616	0.619109	4	0	2	0.041097	[330,330,330,330]
V1	2	4	FORMAL_V1_G2_P4_M1_RULE_U01	M1_RULE_U01	3	4	A3_RAGGED_DIRECT	14	9.214406065711879e-05	0.0086	0.052473	0.000566	0.090399	0.609564	4	0	3	0.047908	[4129,4129,29642,5113]
V1	2	4	FORMAL_V1_G2_P4_M1_RULE_U01	M1_RULE_U01	4	4	A3_RAGGED_DIRECT	21	0.00013821609098567817	0.008883	0.054303	0.000547	0.092902	0.62613	4	0	3	0.042843	[788,788,258,788]
V1	2	4	FORMAL_V1_G2_P4_M1_RULE_U01	M1_RULE_U01	5	4	A3_RAGGED_DIRECT	823	0.005416754422914912	0.008588	0.052	0.000594	0.090017	0.560234	3	1	2	0.032213	[220,220,70,330]
V1	2	4	FORMAL_V1_G2_P4_M1_RULE_U01	M1_RULE_U01	6	4	A0_DENSE_VENDOR	147404	0.970171651221567	0.008947	0.055004	0.000468	0.095608	0.964315	4	0	0	0.0	[16,16,6744,13079]
V1	2	4	FORMAL_V1_G2_P4_M1_RULE_U01	M1_RULE_U01	7	4	A0_DENSE_VENDOR	147415	0.970244050126369	0.008523	0.053357	0.000508	0.093342	0.927199	4	0	0	0.0	[17,17,788,35]
V1	2	4	FORMAL_V1_G2_P4_M1_RULE_U01	M1_RULE_U01	8	4	A0_DENSE_VENDOR	147800	0.9727780117944398	0.008958	0.054151	0.000558	0.093855	0.957529	4	0	0	0.0	[198,198,330,4644]
V1	2	4	FORMAL_V1_G2_P4_M1_RULE_U01	M1_RULE_U01	9	4	A0_DENSE_VENDOR	147475	0.9706389532434709	0.00876	0.05361	0.000545	0.0931	1.044748	4	0	0	0.0	[92,92,16,16]
V1	2	4	FORMAL_V1_G2_P4_M1_RULE_U01	M1_RULE_U01	10	4	A0_DENSE_VENDOR	147140	0.9684340775063185	0.008981	0.053306	0.000519	0.093217	1.040023	2	2	0	0.0	[151645,151645,17,17]
V1	2	4	FORMAL_V1_G2_P4_M1_RULE_U01	M1_RULE_U01	11	2	A0_DENSE_VENDOR	147139	0.9684274957877	0.008078	0.054195	0.000542	0.091532	1.004035	2	0	0	0.0	[null,null,18,18]
V1	2	4	FORMAL_V1_G2_P4_M1_RULE_U01	M1_RULE_U01	12	2	A0_DENSE_VENDOR	147139	0.9684274957877	0.007886	0.059478	0.000573	0.098464	1.01097	2	0	0	0.0	[null,null,4697,698]
V1	2	4	FORMAL_V1_G2_P4_M1_RULE_U01	M1_RULE_U01	13	2	A0_DENSE_VENDOR	147473	0.9706257898062342	0.00831	0.054351	0.000532	0.092113	0.917185	2	0	0	0.0	[null,null,794,92]
V1	2	4	FORMAL_V1_G2_P4_M1_RULE_U01	M1_RULE_U01	14	2	A0_DENSE_VENDOR	147138	0.9684209140690817	0.008035	0.055653	0.000535	0.095371	0.912663	1	1	0	0.0	[null,null,11,151645]
V1	2	4	FORMAL_V1_G2_P4_M1_RULE_U01	M1_RULE_U01	15	1	A0_DENSE_VENDOR	147137	0.9684143323504634	0.006825	0.04952	0.00047	0.086959	0.887962	1	0	0	0.0	[null,null,5765,null]
V1	2	4	FORMAL_V1_G2_P4_M1_RULE_U01	M1_RULE_U01	16	1	A0_DENSE_VENDOR	147137	0.9684143323504634	0.006734	0.04882	0.000466	0.084222	0.892463	1	0	0	0.0	[null,null,27831,null]
V1	2	4	FORMAL_V1_G2_P4_M1_RULE_U01	M1_RULE_U01	17	1	A0_DENSE_VENDOR	147137	0.9684143323504634	0.006854	0.049354	0.00045	0.091632	0.9051	1	0	0	0.0	[null,null,11,null]
V1	2	4	FORMAL_V1_G2_P4_M1_RULE_U01	M1_RULE_U01	18	1	A0_DENSE_VENDOR	147137	0.9684143323504634	0.00679	0.050101	0.000484	0.086176	0.885895	1	0	0	0.0	[null,null,7279,null]
V1	2	4	FORMAL_V1_G2_P4_M1_RULE_U01	M1_RULE_U01	19	1	A0_DENSE_VENDOR	147137	0.9684143323504634	0.006986	0.050117	0.000445	0.089396	0.904005	1	0	0	0.0	[null,null,756,null]
V1	2	4	FORMAL_V1_G2_P4_M1_RULE_U01	M1_RULE_U01	20	1	A3_RAGGED_DIRECT	425	0.002797230412805392	0.006978	0.050836	0.000564	0.089818	0.412514	1	0	1	0.017648	[null,null,220,null]
V1	2	4	FORMAL_V1_G2_P4_M1_RULE_U01	M1_RULE_U01	21	1	A3_RAGGED_DIRECT	425	0.002797230412805392	0.006948	0.051117	0.000474	0.089634	0.466016	1	0	1	0.01887	[null,null,330,null]
V1	2	4	FORMAL_V1_G2_P4_M1_RULE_U01	M1_RULE_U01	22	1	A3_RAGGED_DIRECT	6	3.9490311710193765e-05	0.006766	0.048182	0.000492	0.085243	0.388614	1	0	1	0.016525	[null,null,11049,null]
V1	2	4	FORMAL_V1_G2_P4_M1_RULE_U01	M1_RULE_U01	23	1	A3_RAGGED_DIRECT	4	2.632687447346251e-05	0.006559	0.048022	0.000444	0.083217	0.381612	1	0	1	0.015121	[null,null,1269,null]
V1	2	4	FORMAL_V1_G2_P4_M1_RULE_U01	M1_RULE_U01	24	1	A3_RAGGED_DIRECT	19	0.0001250526537489469	0.006446	0.047722	0.000466	0.081656	0.362631	1	0	1	0.013578	[null,null,788,null]
V1	2	4	FORMAL_V1_G2_P4_M1_RULE_U01	M1_RULE_U01	25	1	A3_RAGGED_DIRECT	822	0.005410172704296546	0.006358	0.046315	0.00046	0.08192	0.386254	1	0	1	0.01543	[null,null,330,null]
V1	2	4	FORMAL_V1_G2_P4_M1_RULE_U01	M1_RULE_U01	26	1	A0_DENSE_VENDOR	147137	0.9684143323504634	0.006296	0.045187	0.000499	0.077981	0.890073	1	0	0	0.0	[null,null,13079,null]
V1	2	4	FORMAL_V1_G2_P4_M1_RULE_U01	M1_RULE_U01	27	1	A0_DENSE_VENDOR	147137	0.9684143323504634	0.006449	0.046948	0.000421	0.082419	0.860207	1	0	0	0.0	[null,null,49628,null]
V1	2	4	FORMAL_V1_G2_P4_M1_RULE_U01	M1_RULE_U01	28	1	A0_DENSE_VENDOR	147137	0.9684143323504634	0.006359	0.047232	0.000437	0.082855	0.866849	1	0	0	0.0	[null,null,756,null]
V1	2	4	FORMAL_V1_G2_P4_M1_RULE_U01	M1_RULE_U01	29	1	A3_RAGGED_DIRECT	424	0.002790648694187026	0.006409	0.04663	0.000443	0.082445	0.376111	1	0	1	0.015558	[null,null,220,null]
V1	2	4	FORMAL_V1_G2_P4_M1_RULE_U01	M1_RULE_U01	30	1	A3_RAGGED_DIRECT	424	0.002790648694187026	0.006692	0.046664	0.000489	0.082421	0.422527	1	0	1	0.017481	[null,null,330,null]
V1	2	4	FORMAL_V1_G2_P4_M1_RULE_U01	M1_RULE_U01	31	1	A3_RAGGED_DIRECT	5	3.2908593091828136e-05	0.006442	0.046842	0.000451	0.080333	0.384579	1	0	1	0.016142	[null,null,3615,null]
V1	2	4	FORMAL_V1_G2_P4_M1_RULE_U01	M1_RULE_U01	32	1	A3_RAGGED_DIRECT	15	9.872577927548442e-05	0.006183	0.045109	0.000456	0.079272	0.36571	1	0	1	0.015386	[null,null,788,null]
V1	2	4	FORMAL_V1_G2_P4_M1_RULE_U01	M1_RULE_U01	33	1	A3_RAGGED_DIRECT	442	0.0029091196293176075	0.006052	0.044239	0.000436	0.077151	0.36558	1	0	1	0.01517	[null,null,2278,null]
V1	2	4	FORMAL_V1_G2_P4_M1_RULE_U01	M1_RULE_U01	34	1	A3_RAGGED_DIRECT	452	0.002974936815501264	0.006071	0.044991	0.000445	0.076635	0.358392	1	0	1	0.013078	[null,null,262,null]
V1	2	4	FORMAL_V1_G2_P4_M1_RULE_U01	M1_RULE_U01	35	1	A3_RAGGED_DIRECT	452	0.002974936815501264	0.005835	0.043752	0.000435	0.076758	0.359047	1	0	1	0.014521	[null,null,341,null]
V1	2	4	FORMAL_V1_G2_P4_M1_RULE_U01	M1_RULE_U01	36	1	A3_RAGGED_DIRECT	424	0.002790648694187026	0.005899	0.043307	0.000438	0.074177	0.350534	1	0	1	0.01455	[null,null,414,null]
V1	2	4	FORMAL_V1_G2_P4_M1_RULE_U01	M1_RULE_U01	37	1	A3_RAGGED_DIRECT	424	0.002790648694187026	0.005892	0.043297	0.000459	0.074446	0.352634	1	0	1	0.014148	[null,null,330,null]
V1	2	4	FORMAL_V1_G2_P4_M1_RULE_U01	M1_RULE_U01	38	1	A3_RAGGED_DIRECT	4	2.632687447346251e-05	0.005939	0.043497	0.00044	0.075607	0.361585	1	0	1	0.014402	[null,null,6555,null]
V1	2	4	FORMAL_V1_G2_P4_M1_RULE_U01	M1_RULE_U01	39	1	A3_RAGGED_DIRECT	13	8.556234203875316e-05	0.005872	0.043341	0.000435	0.073802	0.361662	1	0	1	0.014836	[null,null,788,null]
V1	2	4	FORMAL_V1_G2_P4_M1_RULE_U01	M1_RULE_U01	40	1	A3_RAGGED_DIRECT	434	0.0028564658803706825	0.005675	0.041839	0.000482	0.073	0.347299	1	0	1	0.018999	[null,null,220,null]
V1	2	4	FORMAL_V1_G2_P4_M1_RULE_U01	M1_RULE_U01	41	1	A3_RAGGED_DIRECT	434	0.0028564658803706825	0.005705	0.042312	0.000448	0.074008	0.343447	1	0	1	0.012771	[null,null,16,null]
V1	2	4	FORMAL_V1_G2_P4_M1_RULE_U01	M1_RULE_U01	42	1	A3_RAGGED_DIRECT	448	0.0029486099410278013	0.005811	0.041815	0.000433	0.07473	0.346551	1	0	1	0.014452	[null,null,15,null]
V1	2	4	FORMAL_V1_G2_P4_M1_RULE_U01	M1_RULE_U01	43	1	A3_RAGGED_DIRECT	448	0.0029486099410278013	0.005656	0.0415	0.00045	0.074428	0.339909	1	0	1	0.012278	[null,null,345,null]
V1	2	4	FORMAL_V1_G2_P4_M1_RULE_U01	M1_RULE_U01	44	1	A3_RAGGED_DIRECT	424	0.002790648694187026	0.005819	0.041865	0.000497	0.073911	0.351455	1	0	1	0.014126	[null,null,414,null]
V1	2	4	FORMAL_V1_G2_P4_M1_RULE_U01	M1_RULE_U01	45	1	A3_RAGGED_DIRECT	424	0.002790648694187026	0.005726	0.041975	0.00042	0.075397	0.352308	1	0	1	0.019183	[null,null,330,null]
V1	2	4	FORMAL_V1_G2_P4_M1_RULE_U01	M1_RULE_U01	46	1	A3_RAGGED_DIRECT	6	3.9490311710193765e-05	0.005523	0.040337	0.000406	0.069893	0.319154	1	0	1	0.013257	[null,null,3031,null]
V1	2	4	FORMAL_V1_G2_P4_M1_RULE_U01	M1_RULE_U01	47	1	A3_RAGGED_DIRECT	4	2.632687447346251e-05	0.005528	0.040362	0.000416	0.070603	0.322681	1	0	1	0.013572	[null,null,1269,null]
V1	2	4	FORMAL_V1_G2_P4_M1_RULE_U01	M1_RULE_U01	48	1	A3_RAGGED_DIRECT	19	0.0001250526537489469	0.005529	0.039992	0.000436	0.071479	0.332997	1	0	1	0.013433	[null,null,788,null]
V1	2	4	FORMAL_V1_G2_P4_M1_RULE_U01	M1_RULE_U01	49	1	A3_RAGGED_DIRECT	822	0.005410172704296546	0.005468	0.040341	0.000423	0.072343	0.338251	1	0	1	0.013751	[null,null,330,null]
V1	2	4	FORMAL_V1_G2_P4_M1_RULE_U01	M1_RULE_U01	50	1	A0_DENSE_VENDOR	147137	0.9684143323504634	0.005484	0.040402	0.000381	0.071435	0.835417	1	0	0	0.0	[null,null,4816,null]
V1	2	4	FORMAL_V1_G2_P4_M1_RULE_U01	M1_RULE_U01	51	1	A0_DENSE_VENDOR	147137	0.9684143323504634	0.00588	0.041272	0.000373	0.072587	0.827781	1	0	0	0.0	[null,null,362,null]
V1	2	4	FORMAL_V1_G2_P4_M1_RULE_U01	M1_RULE_U01	52	1	A0_DENSE_VENDOR	147137	0.9684143323504634	0.005752	0.042458	0.000371	0.081342	0.835037	1	0	0	0.0	[null,null,756,null]
V1	2	4	FORMAL_V1_G2_P4_M1_RULE_U01	M1_RULE_U01	53	1	A3_RAGGED_DIRECT	424	0.002790648694187026	0.005937	0.042882	0.000469	0.075813	0.350752	1	0	1	0.014363	[null,null,414,null]
V1	2	4	FORMAL_V1_G2_P4_M1_RULE_U01	M1_RULE_U01	54	1	A3_RAGGED_DIRECT	424	0.002790648694187026	0.005918	0.042445	0.000439	0.074893	0.377658	1	0	1	0.015456	[null,null,330,null]
V1	2	4	FORMAL_V1_G2_P4_M1_RULE_U01	M1_RULE_U01	55	1	A3_RAGGED_DIRECT	6	3.9490311710193765e-05	0.005882	0.042572	0.00044	0.074935	0.341506	1	0	1	0.014356	[null,null,13523,null]
V1	2	4	FORMAL_V1_G2_P4_M1_RULE_U01	M1_RULE_U01	56	1	A3_RAGGED_DIRECT	13	8.556234203875316e-05	0.005855	0.042754	0.000425	0.073181	0.332309	1	0	1	0.014241	[null,null,788,null]
V1	2	4	FORMAL_V1_G2_P4_M1_RULE_U01	M1_RULE_U01	57	1	A3_RAGGED_DIRECT	434	0.0028564658803706825	0.005917	0.046655	0.00043	0.078988	0.365314	1	0	1	0.015667	[null,null,220,null]
V1	2	4	FORMAL_V1_G2_P4_M1_RULE_U01	M1_RULE_U01	58	1	A3_RAGGED_DIRECT	434	0.0028564658803706825	0.005917	0.042506	0.000454	0.076785	0.352349	1	0	1	0.015091	[null,null,17,null]
V1	2	4	FORMAL_V1_G2_P4_M1_RULE_U01	M1_RULE_U01	59	1	A3_RAGGED_DIRECT	476	0.003132898062342039	0.005547	0.041273	0.000407	0.072501	0.344098	1	0	1	0.013626	[null,null,198,null]
V1	2	4	FORMAL_V1_G2_P4_M1_RULE_U01	M1_RULE_U01	60	1	A3_RAGGED_DIRECT	466	0.0030670808761583826	0.00551	0.040596	0.000434	0.071211	0.333527	1	0	1	0.013529	[null,null,262,null]
V1	2	4	FORMAL_V1_G2_P4_M1_RULE_U01	M1_RULE_U01	61	1	A3_RAGGED_DIRECT	466	0.0030670808761583826	0.005585	0.040884	0.000461	0.074087	0.347473	1	0	1	0.013459	[null,null,1153,null]
V1	2	4	FORMAL_V1_G2_P4_M1_RULE_U01	M1_RULE_U01	62	1	A3_RAGGED_DIRECT	439	0.0028893744734625106	0.005622	0.045313	0.00048	0.075804	0.339188	1	0	1	0.01899	[null,null,262,null]
V1	2	4	FORMAL_V1_G2_P4_M1_RULE_U01	M1_RULE_U01	63	1	A3_RAGGED_DIRECT	439	0.0028893744734625106	0.005673	0.040666	0.00042	0.073697	0.346346	1	0	1	0.013732	[null,null,341,null]
V1	2	4	FORMAL_V1_G2_P4_M1_RULE_U01	M1_RULE_U01	64	1	A3_RAGGED_DIRECT	424	0.002790648694187026	0.005553	0.040791	0.000445	0.071258	0.31907	1	0	1	0.011632	[null,null,414,null]
V1	2	4	FORMAL_V1_G2_P4_M1_RULE_U01	M1_RULE_U01	65	1	A3_RAGGED_DIRECT	424	0.002790648694187026	0.005691	0.041271	0.00045	0.074326	0.339031	1	0	1	0.013298	[null,null,330,null]
V1	2	4	FORMAL_V1_G2_P4_M1_RULE_U01	M1_RULE_U01	66	1	A3_RAGGED_DIRECT	4	2.632687447346251e-05	0.005744	0.042521	0.00041	0.077423	0.323318	1	0	1	0.012006	[null,null,6555,null]
V1	2	4	FORMAL_V1_G2_P4_M1_RULE_U01	M1_RULE_U01	67	1	A3_RAGGED_DIRECT	13	8.556234203875316e-05	0.00544	0.039316	0.000417	0.071058	0.3284	1	0	1	0.013288	[null,null,788,null]
V1	2	4	FORMAL_V1_G2_P4_M1_RULE_U01	M1_RULE_U01	68	1	A3_RAGGED_DIRECT	434	0.0028564658803706825	0.005413	0.039848	0.00044	0.069912	0.324475	1	0	1	0.013199	[null,null,220,null]
V1	2	4	FORMAL_V1_G2_P4_M1_RULE_U01	M1_RULE_U01	69	1	A3_RAGGED_DIRECT	434	0.0028564658803706825	0.005402	0.039111	0.000385	0.069929	0.329197	1	0	1	0.013351	[null,null,17,null]
V1	2	4	FORMAL_V1_G2_P4_M1_RULE_U01	M1_RULE_U01	70	1	A3_RAGGED_DIRECT	448	0.0029486099410278013	0.005352	0.039677	0.000398	0.070791	0.340778	1	0	1	0.013184	[null,null,15,null]
V1	2	4	FORMAL_V1_G2_P4_M1_RULE_U01	M1_RULE_U01	71	1	A3_RAGGED_DIRECT	448	0.0029486099410278013	0.005267	0.041095	0.00038	0.068989	0.334811	1	0	1	0.012965	[null,null,345,null]
V1	2	4	FORMAL_V1_G2_P4_M1_RULE_U01	M1_RULE_U01	72	1	A3_RAGGED_DIRECT	424	0.002790648694187026	0.005341	0.039492	0.000449	0.070483	0.325875	1	0	1	0.013111	[null,null,414,null]
V1	2	4	FORMAL_V1_G2_P4_M1_RULE_U01	M1_RULE_U01	73	1	A3_RAGGED_DIRECT	424	0.002790648694187026	0.005393	0.039496	0.000411	0.069704	0.315839	1	0	1	0.012466	[null,null,330,null]
V1	2	4	FORMAL_V1_G2_P4_M1_RULE_U01	M1_RULE_U01	74	1	A3_RAGGED_DIRECT	6	3.9490311710193765e-05	0.005447	0.039522	0.000433	0.068713	0.325136	1	0	1	0.013139	[null,null,3031,null]
V1	2	4	FORMAL_V1_G2_P4_M1_RULE_U01	M1_RULE_U01	75	1	A3_RAGGED_DIRECT	4	2.632687447346251e-05	0.005325	0.039172	0.000405	0.070721	0.319787	1	0	1	0.013144	[null,null,1269,null]
V1	2	4	FORMAL_V1_G2_P4_M1_RULE_U01	M1_RULE_U01	76	1	A3_RAGGED_DIRECT	19	0.0001250526537489469	0.005233	0.039485	0.00043	0.069985	0.317681	1	0	1	0.01318	[null,null,788,null]
V1	2	4	FORMAL_V1_G2_P4_M1_RULE_U01	M1_RULE_U01	77	1	A3_RAGGED_DIRECT	822	0.005410172704296546	0.005394	0.03941	0.000405	0.071809	0.336017	1	0	1	0.013591	[null,null,330,null]
V1	2	4	FORMAL_V1_G2_P4_M1_RULE_U01	M1_RULE_U01	78	1	A0_DENSE_VENDOR	147137	0.9684143323504634	0.005262	0.039116	0.000359	0.067458	0.819194	1	0	0	0.0	[null,null,4816,null]
V1	2	4	FORMAL_V1_G2_P4_M1_RULE_U01	M1_RULE_U01	79	1	A0_DENSE_VENDOR	147137	0.9684143323504634	0.005712	0.040295	0.00038	0.069893	0.818495	1	0	0	0.0	[null,null,425,null]
V1	2	4	FORMAL_V1_G2_P4_M1_RULE_U01	M1_RULE_U01	80	1	A0_DENSE_VENDOR	147137	0.9684143323504634	0.005466	0.040807	0.000366	0.072382	0.806172	1	0	0	0.0	[null,null,756,null]
V1	2	4	FORMAL_V1_G2_P4_M1_RULE_U01	M1_RULE_U01	81	1	A3_RAGGED_DIRECT	424	0.002790648694187026	0.005678	0.040897	0.000446	0.070797	0.333725	1	0	1	0.01371	[null,null,414,null]
V1	2	4	FORMAL_V1_G2_P4_M1_RULE_U01	M1_RULE_U01	82	1	A3_RAGGED_DIRECT	424	0.002790648694187026	0.005675	0.041473	0.000413	0.074085	0.381954	1	0	1	0.024105	[null,null,330,null]
V1	2	4	FORMAL_V1_G2_P4_M1_RULE_U01	M1_RULE_U01	83	1	A3_RAGGED_DIRECT	6	3.9490311710193765e-05	0.005897	0.041676	0.000427	0.071448	0.341456	1	0	1	0.014314	[null,null,13523,null]
V1	2	4	FORMAL_V1_G2_P4_M1_RULE_U01	M1_RULE_U01	84	1	A3_RAGGED_DIRECT	13	8.556234203875316e-05	0.005739	0.041917	0.000422	0.07374	0.327472	1	0	1	0.014328	[null,null,788,null]
V1	2	4	FORMAL_V1_G2_P4_M1_RULE_U01	M1_RULE_U01	85	1	A3_RAGGED_DIRECT	434	0.0028564658803706825	0.005629	0.041721	0.000414	0.071629	0.3427	1	0	1	0.013476	[null,null,220,null]
V1	2	4	FORMAL_V1_G2_P4_M1_RULE_U01	M1_RULE_U01	86	1	A3_RAGGED_DIRECT	434	0.0028564658803706825	0.005418	0.040248	0.000393	0.070977	0.328063	1	0	1	0.013836	[null,null,18,null]
V1	2	4	FORMAL_V1_G2_P4_M1_RULE_U01	M1_RULE_U01	87	1	A3_RAGGED_DIRECT	476	0.003132898062342039	0.005503	0.040116	0.000367	0.068217	0.342066	1	0	1	0.013631	[null,null,198,null]
V1	2	4	FORMAL_V1_G2_P4_M1_RULE_U01	M1_RULE_U01	88	1	A3_RAGGED_DIRECT	466	0.0030670808761583826	0.005534	0.040247	0.000395	0.070186	0.336544	1	0	1	0.012899	[null,null,262,null]
V1	2	4	FORMAL_V1_G2_P4_M1_RULE_U01	M1_RULE_U01	89	1	A3_RAGGED_DIRECT	466	0.0030670808761583826	0.00545	0.040352	0.000391	0.069258	0.33378	1	0	1	0.013074	[null,null,456,null]
V1	2	4	FORMAL_V1_G2_P4_M1_RULE_U01	M1_RULE_U01	90	1	A3_RAGGED_DIRECT	449	0.002955191659646167	0.005565	0.040024	0.000415	0.069936	0.328563	1	0	1	0.013137	[null,null,220,null]
V1	2	4	FORMAL_V1_G2_P4_M1_RULE_U01	M1_RULE_U01	91	1	A3_RAGGED_DIRECT	449	0.002955191659646167	0.005494	0.039883	0.000398	0.069052	0.325536	1	0	1	0.011752	[null,null,5133,null]
V1	2	4	FORMAL_V1_G2_P4_M1_RULE_U01	M1_RULE_U01	92	1	A3_RAGGED_DIRECT	424	0.002790648694187026	0.005576	0.039844	0.000409	0.068326	0.336144	1	0	1	0.013422	[null,null,92,null]
V1	2	4	FORMAL_V1_G2_P4_M1_RULE_U01	M1_RULE_U01	93	1	A3_RAGGED_DIRECT	1	6.581718618365627e-06	0.005483	0.040411	0.0004	0.068259	0.178873	0	1	0	0.0	[null,null,151645,null]
V2	0	0	FORMAL_V2_G0_P0_B0_STRONG	B0_STRONG	0	4	A0_DENSE_VENDOR			0.0	0.0	0.0	0.0	0.745057	4	0	0	0.0	[515,515,515,515]
V2	0	0	FORMAL_V2_G0_P0_B0_STRONG	B0_STRONG	1	4	A0_DENSE_VENDOR			0.0	0.0	0.0	0.0	0.763306	4	0	0	0.0	[220,220,220,220]
V2	0	0	FORMAL_V2_G0_P0_B0_STRONG	B0_STRONG	2	4	A0_DENSE_VENDOR			0.0	0.0	0.0	0.0	0.761489	4	0	0	0.0	[330,330,330,330]
V2	0	0	FORMAL_V2_G0_P0_B0_STRONG	B0_STRONG	3	4	A0_DENSE_VENDOR			0.0	0.0	0.0	0.0	0.727375	4	0	0	0.0	[1355,4129,6045,2102]
V2	0	0	FORMAL_V2_G0_P0_B0_STRONG	B0_STRONG	4	4	A0_DENSE_VENDOR			0.0	0.0	0.0	0.0	0.731709	4	0	0	0.0	[1769,788,788,788]
V2	0	0	FORMAL_V2_G0_P0_B0_STRONG	B0_STRONG	5	4	A0_DENSE_VENDOR			0.0	0.0	0.0	0.0	0.770815	4	0	0	0.0	[788,220,220,330]
V2	0	0	FORMAL_V2_G0_P0_B0_STRONG	B0_STRONG	6	4	A0_DENSE_VENDOR			0.0	0.0	0.0	0.0	0.896834	4	0	0	0.0	[330,16,16,7849]
V2	0	0	FORMAL_V2_G0_P0_B0_STRONG	B0_STRONG	7	4	A0_DENSE_VENDOR			0.0	0.0	0.0	0.0	0.969184	4	0	0	0.0	[2428,17,15,29055]
V2	0	0	FORMAL_V2_G0_P0_B0_STRONG	B0_STRONG	8	4	A0_DENSE_VENDOR			0.0	0.0	0.0	0.0	0.972133	4	0	0	0.0	[1110,198,15,9295]
V2	0	0	FORMAL_V2_G0_P0_B0_STRONG	B0_STRONG	9	4	A0_DENSE_VENDOR			0.0	0.0	0.0	0.0	0.979363	4	0	0	0.0	[8687,92,15,10348]
V2	0	0	FORMAL_V2_G0_P0_B0_STRONG	B0_STRONG	10	4	A0_DENSE_VENDOR			0.0	0.0	0.0	0.0	0.954373	3	1	0	0.0	[905,151645,345,698]
V2	0	0	FORMAL_V2_G0_P0_B0_STRONG	B0_STRONG	11	3	A0_DENSE_VENDOR			0.0	0.0	0.0	0.0	0.869963	3	0	0	0.0	[698,null,220,92]
V2	0	0	FORMAL_V2_G0_P0_B0_STRONG	B0_STRONG	12	3	A0_DENSE_VENDOR			0.0	0.0	0.0	0.0	0.754447	2	1	0	0.0	[92,null,330,151645]
V2	0	0	FORMAL_V2_G0_P0_B0_STRONG	B0_STRONG	13	2	A0_DENSE_VENDOR			0.0	0.0	0.0	0.0	0.707152	1	1	0	0.0	[151645,null,1499,null]
V2	0	0	FORMAL_V2_G0_P0_B0_STRONG	B0_STRONG	14	1	A0_DENSE_VENDOR			0.0	0.0	0.0	0.0	0.702497	1	0	0	0.0	[null,null,788,null]
V2	0	0	FORMAL_V2_G0_P0_B0_STRONG	B0_STRONG	15	1	A0_DENSE_VENDOR			0.0	0.0	0.0	0.0	0.728731	1	0	0	0.0	[null,null,330,null]
V2	0	0	FORMAL_V2_G0_P0_B0_STRONG	B0_STRONG	16	1	A0_DENSE_VENDOR			0.0	0.0	0.0	0.0	0.808391	1	0	0	0.0	[null,null,26749,null]
V2	0	0	FORMAL_V2_G0_P0_B0_STRONG	B0_STRONG	17	1	A0_DENSE_VENDOR			0.0	0.0	0.0	0.0	0.836362	1	0	0	0.0	[null,null,756,null]
V2	0	0	FORMAL_V2_G0_P0_B0_STRONG	B0_STRONG	18	1	A0_DENSE_VENDOR			0.0	0.0	0.0	0.0	0.720061	1	0	0	0.0	[null,null,220,null]
V2	0	0	FORMAL_V2_G0_P0_B0_STRONG	B0_STRONG	19	1	A0_DENSE_VENDOR			0.0	0.0	0.0	0.0	0.72537	1	0	0	0.0	[null,null,330,null]
V2	0	0	FORMAL_V2_G0_P0_B0_STRONG	B0_STRONG	20	1	A0_DENSE_VENDOR			0.0	0.0	0.0	0.0	0.707953	1	0	0	0.0	[null,null,983,null]
V2	0	0	FORMAL_V2_G0_P0_B0_STRONG	B0_STRONG	21	1	A0_DENSE_VENDOR			0.0	0.0	0.0	0.0	0.704512	1	0	0	0.0	[null,null,788,null]
V2	0	0	FORMAL_V2_G0_P0_B0_STRONG	B0_STRONG	22	1	A0_DENSE_VENDOR			0.0	0.0	0.0	0.0	0.737006	1	0	0	0.0	[null,null,330,null]
V2	0	0	FORMAL_V2_G0_P0_B0_STRONG	B0_STRONG	23	1	A0_DENSE_VENDOR			0.0	0.0	0.0	0.0	0.826628	1	0	0	0.0	[null,null,54738,null]
V2	0	0	FORMAL_V2_G0_P0_B0_STRONG	B0_STRONG	24	1	A0_DENSE_VENDOR			0.0	0.0	0.0	0.0	0.816858	1	0	0	0.0	[null,null,698,null]
V2	0	0	FORMAL_V2_G0_P0_B0_STRONG	B0_STRONG	25	1	A0_DENSE_VENDOR			0.0	0.0	0.0	0.0	0.728213	1	0	0	0.0	[null,null,92,null]
V2	0	0	FORMAL_V2_G0_P0_B0_STRONG	B0_STRONG	26	1	A0_DENSE_VENDOR			0.0	0.0	0.0	0.0	0.155093	0	1	0	0.0	[null,null,151645,null]
V2	0	0	FORMAL_V2_G0_P0_M1_RULE_U01	M1_RULE_U01	0	4	A3_RAGGED_DIRECT	7	4.6072030328559395e-05	0.011081	0.066972	0.000655	0.109258	0.61208	4	0	1	0.049851	[515,515,515,515]
V2	0	0	FORMAL_V2_G0_P0_M1_RULE_U01	M1_RULE_U01	1	4	A3_RAGGED_DIRECT	429	0.0028235572872788543	0.00874	0.053233	0.00048	0.093284	0.662612	4	0	3	0.042663	[220,220,220,220]
V2	0	0	FORMAL_V2_G0_P0_M1_RULE_U01	M1_RULE_U01	2	4	A3_RAGGED_DIRECT	429	0.0028235572872788543	0.009058	0.05955	0.000554	0.099875	0.678005	4	0	3	0.040392	[330,330,330,330]
V2	0	0	FORMAL_V2_G0_P0_M1_RULE_U01	M1_RULE_U01	3	4	A3_RAGGED_DIRECT	27	0.00017770640269587195	0.008562	0.058118	0.000533	0.097841	0.662871	4	0	4	0.044178	[1355,4129,6045,2102]
V2	0	0	FORMAL_V2_G0_P0_M1_RULE_U01	M1_RULE_U01	4	4	A3_RAGGED_DIRECT	23	0.00015137952822240943	0.008828	0.059285	0.000537	0.099003	0.612897	4	0	3	0.044704	[1769,788,788,788]
V2	0	0	FORMAL_V2_G0_P0_M1_RULE_U01	M1_RULE_U01	5	4	A3_RAGGED_DIRECT	836	0.005502316764953665	0.008251	0.048097	0.000578	0.084966	0.636253	4	0	3	0.038303	[788,220,220,330]
V2	0	0	FORMAL_V2_G0_P0_M1_RULE_U01	M1_RULE_U01	6	4	A0_DENSE_VENDOR	147788	0.9726990311710194	0.008736	0.052322	0.000542	0.089886	0.959275	4	0	0	0.0	[330,16,16,7849]
V2	0	0	FORMAL_V2_G0_P0_M1_RULE_U01	M1_RULE_U01	7	4	A0_DENSE_VENDOR	147413	0.9702308866891323	0.008475	0.050829	0.000514	0.089488	1.02177	4	0	0	0.0	[2428,17,15,29055]
V2	0	0	FORMAL_V2_G0_P0_M1_RULE_U01	M1_RULE_U01	8	4	A0_DENSE_VENDOR	147413	0.9702308866891323	0.010425	0.054926	0.000649	0.104453	1.102579	4	0	0	0.0	[1110,198,15,9295]
V2	0	0	FORMAL_V2_G0_P0_M1_RULE_U01	M1_RULE_U01	9	4	A0_DENSE_VENDOR	147413	0.9702308866891323	0.008787	0.053604	0.000556	0.097033	1.067109	4	0	0	0.0	[8687,92,15,10348]
V2	0	0	FORMAL_V2_G0_P0_M1_RULE_U01	M1_RULE_U01	10	4	A0_DENSE_VENDOR	147414	0.9702374684077506	0.009307	0.060462	0.000537	0.101868	1.034154	3	1	0	0.0	[905,151645,345,698]
V2	0	0	FORMAL_V2_G0_P0_M1_RULE_U01	M1_RULE_U01	11	3	A0_DENSE_VENDOR	147405	0.9701782329401853	0.008422	0.052744	0.000548	0.093777	0.927778	3	0	0	0.0	[698,null,220,92]
V2	0	0	FORMAL_V2_G0_P0_M1_RULE_U01	M1_RULE_U01	12	3	A3_RAGGED_DIRECT	428	0.0028169755686604887	0.008287	0.054622	0.000594	0.095042	0.519171	2	1	2	0.02381	[92,null,330,151645]
V2	0	0	FORMAL_V2_G0_P0_M1_RULE_U01	M1_RULE_U01	13	2	A3_RAGGED_DIRECT	4	2.632687447346251e-05	0.007949	0.052223	0.000544	0.093303	0.457091	1	1	1	0.018736	[151645,null,1499,null]
V2	0	0	FORMAL_V2_G0_P0_M1_RULE_U01	M1_RULE_U01	14	1	A3_RAGGED_DIRECT	19	0.0001250526537489469	0.006499	0.046536	0.000453	0.080849	0.375843	1	0	1	0.015712	[null,null,788,null]
V2	0	0	FORMAL_V2_G0_P0_M1_RULE_U01	M1_RULE_U01	15	1	A3_RAGGED_DIRECT	822	0.005410172704296546	0.006216	0.045327	0.00043	0.079936	0.401933	1	0	1	0.015344	[null,null,330,null]
V2	0	0	FORMAL_V2_G0_P0_M1_RULE_U01	M1_RULE_U01	16	1	A0_DENSE_VENDOR	147137	0.9684143323504634	0.006352	0.045512	0.000442	0.078288	0.887067	1	0	0	0.0	[null,null,26749,null]
V2	0	0	FORMAL_V2_G0_P0_M1_RULE_U01	M1_RULE_U01	17	1	A0_DENSE_VENDOR	147137	0.9684143323504634	0.006457	0.045876	0.00045	0.081637	0.87703	1	0	0	0.0	[null,null,756,null]
V2	0	0	FORMAL_V2_G0_P0_M1_RULE_U01	M1_RULE_U01	18	1	A3_RAGGED_DIRECT	424	0.002790648694187026	0.006276	0.045961	0.000473	0.080898	0.363886	1	0	1	0.014333	[null,null,220,null]
V2	0	0	FORMAL_V2_G0_P0_M1_RULE_U01	M1_RULE_U01	19	1	A3_RAGGED_DIRECT	424	0.002790648694187026	0.006322	0.0456	0.000505	0.081101	0.408017	1	0	1	0.016728	[null,null,330,null]
V2	0	0	FORMAL_V2_G0_P0_M1_RULE_U01	M1_RULE_U01	20	1	A3_RAGGED_DIRECT	2	1.3163437236731255e-05	0.006248	0.045826	0.000483	0.078526	0.365867	1	0	1	0.015455	[null,null,983,null]
V2	0	0	FORMAL_V2_G0_P0_M1_RULE_U01	M1_RULE_U01	21	1	A3_RAGGED_DIRECT	17	0.00011188921651221567	0.006063	0.049202	0.00048	0.081404	0.358062	1	0	1	0.015838	[null,null,788,null]
V2	0	0	FORMAL_V2_G0_P0_M1_RULE_U01	M1_RULE_U01	22	1	A3_RAGGED_DIRECT	810	0.005331192080876158	0.006106	0.04459	0.00044	0.077948	0.361752	1	0	1	0.012889	[null,null,330,null]
V2	0	0	FORMAL_V2_G0_P0_M1_RULE_U01	M1_RULE_U01	23	1	A0_DENSE_VENDOR	147068	0.9679601937657961	0.006047	0.043538	0.000442	0.077743	0.851307	1	0	0	0.0	[null,null,54738,null]
V2	0	0	FORMAL_V2_G0_P0_M1_RULE_U01	M1_RULE_U01	24	1	A0_DENSE_VENDOR	147068	0.9679601937657961	0.006134	0.043567	0.000395	0.074541	0.8607	1	0	0	0.0	[null,null,698,null]
V2	0	0	FORMAL_V2_G0_P0_M1_RULE_U01	M1_RULE_U01	25	1	A3_RAGGED_DIRECT	424	0.002790648694187026	0.00616	0.045208	0.000487	0.078859	0.364075	1	0	1	0.014892	[null,null,92,null]
V2	0	0	FORMAL_V2_G0_P0_M1_RULE_U01	M1_RULE_U01	26	1	A3_RAGGED_DIRECT	1	6.581718618365627e-06	0.006139	0.044781	0.000428	0.076953	0.198217	0	1	0	0.0	[null,null,151645,null]
V2	0	1	FORMAL_V2_G0_P1_B0_STRONG	B0_STRONG	0	4	A0_DENSE_VENDOR			0.0	0.0	0.0	0.0	0.781326	4	0	0	0.0	[515,515,515,515]
V2	0	1	FORMAL_V2_G0_P1_B0_STRONG	B0_STRONG	1	4	A0_DENSE_VENDOR			0.0	0.0	0.0	0.0	0.764635	4	0	0	0.0	[220,220,220,220]
V2	0	1	FORMAL_V2_G0_P1_B0_STRONG	B0_STRONG	2	4	A0_DENSE_VENDOR			0.0	0.0	0.0	0.0	0.760217	4	0	0	0.0	[330,330,330,330]
V2	0	1	FORMAL_V2_G0_P1_B0_STRONG	B0_STRONG	3	4	A0_DENSE_VENDOR			0.0	0.0	0.0	0.0	0.735626	4	0	0	0.0	[1355,4129,6045,2102]
V2	0	1	FORMAL_V2_G0_P1_B0_STRONG	B0_STRONG	4	4	A0_DENSE_VENDOR			0.0	0.0	0.0	0.0	0.729171	4	0	0	0.0	[1769,788,788,788]
V2	0	1	FORMAL_V2_G0_P1_B0_STRONG	B0_STRONG	5	4	A0_DENSE_VENDOR			0.0	0.0	0.0	0.0	0.766498	4	0	0	0.0	[788,220,220,330]
V2	0	1	FORMAL_V2_G0_P1_B0_STRONG	B0_STRONG	6	4	A0_DENSE_VENDOR			0.0	0.0	0.0	0.0	0.892164	4	0	0	0.0	[330,16,16,7849]
V2	0	1	FORMAL_V2_G0_P1_B0_STRONG	B0_STRONG	7	4	A0_DENSE_VENDOR			0.0	0.0	0.0	0.0	0.988393	4	0	0	0.0	[2428,17,15,29055]
V2	0	1	FORMAL_V2_G0_P1_B0_STRONG	B0_STRONG	8	4	A0_DENSE_VENDOR			0.0	0.0	0.0	0.0	0.97435	4	0	0	0.0	[1110,198,15,9295]
V2	0	1	FORMAL_V2_G0_P1_B0_STRONG	B0_STRONG	9	4	A0_DENSE_VENDOR			0.0	0.0	0.0	0.0	0.989046	4	0	0	0.0	[8687,92,15,10348]
V2	0	1	FORMAL_V2_G0_P1_B0_STRONG	B0_STRONG	10	4	A0_DENSE_VENDOR			0.0	0.0	0.0	0.0	0.975889	3	1	0	0.0	[905,151645,345,698]
V2	0	1	FORMAL_V2_G0_P1_B0_STRONG	B0_STRONG	11	3	A0_DENSE_VENDOR			0.0	0.0	0.0	0.0	0.87611	3	0	0	0.0	[698,null,220,92]
V2	0	1	FORMAL_V2_G0_P1_B0_STRONG	B0_STRONG	12	3	A0_DENSE_VENDOR			0.0	0.0	0.0	0.0	0.758489	2	1	0	0.0	[92,null,330,151645]
V2	0	1	FORMAL_V2_G0_P1_B0_STRONG	B0_STRONG	13	2	A0_DENSE_VENDOR			0.0	0.0	0.0	0.0	0.715424	1	1	0	0.0	[151645,null,1499,null]
V2	0	1	FORMAL_V2_G0_P1_B0_STRONG	B0_STRONG	14	1	A0_DENSE_VENDOR			0.0	0.0	0.0	0.0	0.709325	1	0	0	0.0	[null,null,788,null]
V2	0	1	FORMAL_V2_G0_P1_B0_STRONG	B0_STRONG	15	1	A0_DENSE_VENDOR			0.0	0.0	0.0	0.0	0.728875	1	0	0	0.0	[null,null,330,null]
V2	0	1	FORMAL_V2_G0_P1_B0_STRONG	B0_STRONG	16	1	A0_DENSE_VENDOR			0.0	0.0	0.0	0.0	0.832448	1	0	0	0.0	[null,null,26749,null]
V2	0	1	FORMAL_V2_G0_P1_B0_STRONG	B0_STRONG	17	1	A0_DENSE_VENDOR			0.0	0.0	0.0	0.0	0.845639	1	0	0	0.0	[null,null,756,null]
V2	0	1	FORMAL_V2_G0_P1_B0_STRONG	B0_STRONG	18	1	A0_DENSE_VENDOR			0.0	0.0	0.0	0.0	0.724211	1	0	0	0.0	[null,null,220,null]
V2	0	1	FORMAL_V2_G0_P1_B0_STRONG	B0_STRONG	19	1	A0_DENSE_VENDOR			0.0	0.0	0.0	0.0	0.729068	1	0	0	0.0	[null,null,330,null]
V2	0	1	FORMAL_V2_G0_P1_B0_STRONG	B0_STRONG	20	1	A0_DENSE_VENDOR			0.0	0.0	0.0	0.0	0.699547	1	0	0	0.0	[null,null,983,null]
V2	0	1	FORMAL_V2_G0_P1_B0_STRONG	B0_STRONG	21	1	A0_DENSE_VENDOR			0.0	0.0	0.0	0.0	0.715385	1	0	0	0.0	[null,null,788,null]
V2	0	1	FORMAL_V2_G0_P1_B0_STRONG	B0_STRONG	22	1	A0_DENSE_VENDOR			0.0	0.0	0.0	0.0	0.728794	1	0	0	0.0	[null,null,330,null]
V2	0	1	FORMAL_V2_G0_P1_B0_STRONG	B0_STRONG	23	1	A0_DENSE_VENDOR			0.0	0.0	0.0	0.0	0.850015	1	0	0	0.0	[null,null,54738,null]
V2	0	1	FORMAL_V2_G0_P1_B0_STRONG	B0_STRONG	24	1	A0_DENSE_VENDOR			0.0	0.0	0.0	0.0	0.831486	1	0	0	0.0	[null,null,698,null]
V2	0	1	FORMAL_V2_G0_P1_B0_STRONG	B0_STRONG	25	1	A0_DENSE_VENDOR			0.0	0.0	0.0	0.0	0.722241	1	0	0	0.0	[null,null,92,null]
V2	0	1	FORMAL_V2_G0_P1_B0_STRONG	B0_STRONG	26	1	A0_DENSE_VENDOR			0.0	0.0	0.0	0.0	0.156298	0	1	0	0.0	[null,null,151645,null]
V2	0	1	FORMAL_V2_G0_P1_M1_RULE_U01	M1_RULE_U01	0	4	A3_RAGGED_DIRECT	7	4.6072030328559395e-05	0.010922	0.0589	0.000555	0.101205	0.596799	4	0	1	0.044429	[515,515,515,515]
V2	0	1	FORMAL_V2_G0_P1_M1_RULE_U01	M1_RULE_U01	1	4	A3_RAGGED_DIRECT	429	0.0028235572872788543	0.009054	0.053759	0.000586	0.094581	0.685047	4	0	3	0.048037	[220,220,220,220]
V2	0	1	FORMAL_V2_G0_P1_M1_RULE_U01	M1_RULE_U01	2	4	A3_RAGGED_DIRECT	429	0.0028235572872788543	0.008806	0.054278	0.000567	0.094905	0.664904	4	0	3	0.039618	[330,330,330,330]
V2	0	1	FORMAL_V2_G0_P1_M1_RULE_U01	M1_RULE_U01	3	4	A3_RAGGED_DIRECT	27	0.00017770640269587195	0.008708	0.052067	0.000564	0.092171	0.668662	4	0	4	0.045867	[1355,4129,6045,2102]
V2	0	1	FORMAL_V2_G0_P1_M1_RULE_U01	M1_RULE_U01	4	4	A3_RAGGED_DIRECT	23	0.00015137952822240943	0.008773	0.053546	0.000585	0.093084	0.62232	4	0	3	0.041668	[1769,788,788,788]
V2	0	1	FORMAL_V2_G0_P1_M1_RULE_U01	M1_RULE_U01	5	4	A3_RAGGED_DIRECT	836	0.005502316764953665	0.0083	0.049451	0.000601	0.090912	0.66296	4	0	3	0.03885	[788,220,220,330]
V2	0	1	FORMAL_V2_G0_P1_M1_RULE_U01	M1_RULE_U01	6	4	A0_DENSE_VENDOR	147788	0.9726990311710194	0.008399	0.051589	0.000582	0.088795	0.976566	4	0	0	0.0	[330,16,16,7849]
V2	0	1	FORMAL_V2_G0_P1_M1_RULE_U01	M1_RULE_U01	7	4	A0_DENSE_VENDOR	147413	0.9702308866891323	0.008416	0.050752	0.000515	0.089321	1.038084	4	0	0	0.0	[2428,17,15,29055]
V2	0	1	FORMAL_V2_G0_P1_M1_RULE_U01	M1_RULE_U01	8	4	A0_DENSE_VENDOR	147413	0.9702308866891323	0.008676	0.052756	0.000506	0.093441	1.040553	4	0	0	0.0	[1110,198,15,9295]
V2	0	1	FORMAL_V2_G0_P1_M1_RULE_U01	M1_RULE_U01	9	4	A0_DENSE_VENDOR	147413	0.9702308866891323	0.008379	0.053407	0.000566	0.092266	1.050294	4	0	0	0.0	[8687,92,15,10348]
V2	0	1	FORMAL_V2_G0_P1_M1_RULE_U01	M1_RULE_U01	10	4	A0_DENSE_VENDOR	147414	0.9702374684077506	0.008713	0.052748	0.000543	0.091978	1.0454	3	1	0	0.0	[905,151645,345,698]
V2	0	1	FORMAL_V2_G0_P1_M1_RULE_U01	M1_RULE_U01	11	3	A0_DENSE_VENDOR	147405	0.9701782329401853	0.007977	0.05271	0.000534	0.090655	0.940383	3	0	0	0.0	[698,null,220,92]
V2	0	1	FORMAL_V2_G0_P1_M1_RULE_U01	M1_RULE_U01	12	3	A3_RAGGED_DIRECT	428	0.0028169755686604887	0.008252	0.054306	0.000553	0.094955	0.513179	2	1	2	0.023116	[92,null,330,151645]
V2	0	1	FORMAL_V2_G0_P1_M1_RULE_U01	M1_RULE_U01	13	2	A3_RAGGED_DIRECT	4	2.632687447346251e-05	0.007577	0.05152	0.00054	0.090213	0.435943	1	1	1	0.023443	[151645,null,1499,null]
V2	0	1	FORMAL_V2_G0_P1_M1_RULE_U01	M1_RULE_U01	14	1	A3_RAGGED_DIRECT	19	0.0001250526537489469	0.006565	0.046762	0.000457	0.081296	0.37827	1	0	1	0.016539	[null,null,788,null]
V2	0	1	FORMAL_V2_G0_P1_M1_RULE_U01	M1_RULE_U01	15	1	A3_RAGGED_DIRECT	822	0.005410172704296546	0.006126	0.049736	0.000462	0.084427	0.385772	1	0	1	0.013098	[null,null,330,null]
V2	0	1	FORMAL_V2_G0_P1_M1_RULE_U01	M1_RULE_U01	16	1	A0_DENSE_VENDOR	147137	0.9684143323504634	0.006486	0.049629	0.000479	0.082759	0.865008	1	0	0	0.0	[null,null,26749,null]
V2	0	1	FORMAL_V2_G0_P1_M1_RULE_U01	M1_RULE_U01	17	1	A0_DENSE_VENDOR	147137	0.9684143323504634	0.006425	0.045491	0.000446	0.080948	0.869693	1	0	0	0.0	[null,null,756,null]
V2	0	1	FORMAL_V2_G0_P1_M1_RULE_U01	M1_RULE_U01	18	1	A3_RAGGED_DIRECT	424	0.002790648694187026	0.00673	0.046857	0.000497	0.08307	0.381936	1	0	1	0.015896	[null,null,220,null]
V2	0	1	FORMAL_V2_G0_P1_M1_RULE_U01	M1_RULE_U01	19	1	A3_RAGGED_DIRECT	424	0.002790648694187026	0.006249	0.045627	0.000488	0.080405	0.415701	1	0	1	0.016428	[null,null,330,null]
V2	0	1	FORMAL_V2_G0_P1_M1_RULE_U01	M1_RULE_U01	20	1	A3_RAGGED_DIRECT	2	1.3163437236731255e-05	0.006101	0.045736	0.00045	0.078229	0.364828	1	0	1	0.015704	[null,null,983,null]
V2	0	1	FORMAL_V2_G0_P1_M1_RULE_U01	M1_RULE_U01	21	1	A3_RAGGED_DIRECT	17	0.00011188921651221567	0.006065	0.044319	0.000452	0.076097	0.350548	1	0	1	0.015404	[null,null,788,null]
V2	0	1	FORMAL_V2_G0_P1_M1_RULE_U01	M1_RULE_U01	22	1	A3_RAGGED_DIRECT	810	0.005331192080876158	0.006111	0.044726	0.000457	0.078842	0.37207	1	0	1	0.015078	[null,null,330,null]
V2	0	1	FORMAL_V2_G0_P1_M1_RULE_U01	M1_RULE_U01	23	1	A0_DENSE_VENDOR	147068	0.9679601937657961	0.006014	0.043435	0.000458	0.076826	0.859904	1	0	0	0.0	[null,null,54738,null]
V2	0	1	FORMAL_V2_G0_P1_M1_RULE_U01	M1_RULE_U01	24	1	A0_DENSE_VENDOR	147068	0.9679601937657961	0.006115	0.044658	0.000444	0.076685	0.855114	1	0	0	0.0	[null,null,698,null]
V2	0	1	FORMAL_V2_G0_P1_M1_RULE_U01	M1_RULE_U01	25	1	A3_RAGGED_DIRECT	424	0.002790648694187026	0.0061	0.044999	0.000436	0.078327	0.368934	1	0	1	0.015136	[null,null,92,null]
V2	0	1	FORMAL_V2_G0_P1_M1_RULE_U01	M1_RULE_U01	26	1	A3_RAGGED_DIRECT	1	6.581718618365627e-06	0.006114	0.04458	0.000438	0.076799	0.197749	0	1	0	0.0	[null,null,151645,null]
V2	0	2	FORMAL_V2_G0_P2_B0_STRONG	B0_STRONG	0	4	A0_DENSE_VENDOR			0.0	0.0	0.0	0.0	0.740365	4	0	0	0.0	[515,515,515,515]
V2	0	2	FORMAL_V2_G0_P2_B0_STRONG	B0_STRONG	1	4	A0_DENSE_VENDOR			0.0	0.0	0.0	0.0	0.749444	4	0	0	0.0	[220,220,220,220]
V2	0	2	FORMAL_V2_G0_P2_B0_STRONG	B0_STRONG	2	4	A0_DENSE_VENDOR			0.0	0.0	0.0	0.0	0.763228	4	0	0	0.0	[330,330,330,330]
V2	0	2	FORMAL_V2_G0_P2_B0_STRONG	B0_STRONG	3	4	A0_DENSE_VENDOR			0.0	0.0	0.0	0.0	0.727538	4	0	0	0.0	[1355,4129,6045,2102]
V2	0	2	FORMAL_V2_G0_P2_B0_STRONG	B0_STRONG	4	4	A0_DENSE_VENDOR			0.0	0.0	0.0	0.0	0.739273	4	0	0	0.0	[1769,788,788,788]
V2	0	2	FORMAL_V2_G0_P2_B0_STRONG	B0_STRONG	5	4	A0_DENSE_VENDOR			0.0	0.0	0.0	0.0	0.779573	4	0	0	0.0	[788,220,220,330]
V2	0	2	FORMAL_V2_G0_P2_B0_STRONG	B0_STRONG	6	4	A0_DENSE_VENDOR			0.0	0.0	0.0	0.0	0.90738	4	0	0	0.0	[330,16,16,7849]
V2	0	2	FORMAL_V2_G0_P2_B0_STRONG	B0_STRONG	7	4	A0_DENSE_VENDOR			0.0	0.0	0.0	0.0	0.970585	4	0	0	0.0	[2428,17,15,29055]
V2	0	2	FORMAL_V2_G0_P2_B0_STRONG	B0_STRONG	8	4	A0_DENSE_VENDOR			0.0	0.0	0.0	0.0	0.989973	4	0	0	0.0	[1110,198,15,9295]
V2	0	2	FORMAL_V2_G0_P2_B0_STRONG	B0_STRONG	9	4	A0_DENSE_VENDOR			0.0	0.0	0.0	0.0	0.984398	4	0	0	0.0	[8687,92,15,10348]
V2	0	2	FORMAL_V2_G0_P2_B0_STRONG	B0_STRONG	10	4	A0_DENSE_VENDOR			0.0	0.0	0.0	0.0	0.977414	3	1	0	0.0	[905,151645,345,698]
V2	0	2	FORMAL_V2_G0_P2_B0_STRONG	B0_STRONG	11	3	A0_DENSE_VENDOR			0.0	0.0	0.0	0.0	0.852784	3	0	0	0.0	[698,null,220,92]
V2	0	2	FORMAL_V2_G0_P2_B0_STRONG	B0_STRONG	12	3	A0_DENSE_VENDOR			0.0	0.0	0.0	0.0	0.762428	2	1	0	0.0	[92,null,330,151645]
V2	0	2	FORMAL_V2_G0_P2_B0_STRONG	B0_STRONG	13	2	A0_DENSE_VENDOR			0.0	0.0	0.0	0.0	0.715445	1	1	0	0.0	[151645,null,1499,null]
V2	0	2	FORMAL_V2_G0_P2_B0_STRONG	B0_STRONG	14	1	A0_DENSE_VENDOR			0.0	0.0	0.0	0.0	0.708877	1	0	0	0.0	[null,null,788,null]
V2	0	2	FORMAL_V2_G0_P2_B0_STRONG	B0_STRONG	15	1	A0_DENSE_VENDOR			0.0	0.0	0.0	0.0	0.730419	1	0	0	0.0	[null,null,330,null]
V2	0	2	FORMAL_V2_G0_P2_B0_STRONG	B0_STRONG	16	1	A0_DENSE_VENDOR			0.0	0.0	0.0	0.0	0.824569	1	0	0	0.0	[null,null,26749,null]
V2	0	2	FORMAL_V2_G0_P2_B0_STRONG	B0_STRONG	17	1	A0_DENSE_VENDOR			0.0	0.0	0.0	0.0	0.846625	1	0	0	0.0	[null,null,756,null]
V2	0	2	FORMAL_V2_G0_P2_B0_STRONG	B0_STRONG	18	1	A0_DENSE_VENDOR			0.0	0.0	0.0	0.0	0.726436	1	0	0	0.0	[null,null,220,null]
V2	0	2	FORMAL_V2_G0_P2_B0_STRONG	B0_STRONG	19	1	A0_DENSE_VENDOR			0.0	0.0	0.0	0.0	0.731017	1	0	0	0.0	[null,null,330,null]
V2	0	2	FORMAL_V2_G0_P2_B0_STRONG	B0_STRONG	20	1	A0_DENSE_VENDOR			0.0	0.0	0.0	0.0	0.709175	1	0	0	0.0	[null,null,983,null]
V2	0	2	FORMAL_V2_G0_P2_B0_STRONG	B0_STRONG	21	1	A0_DENSE_VENDOR			0.0	0.0	0.0	0.0	0.713451	1	0	0	0.0	[null,null,788,null]
V2	0	2	FORMAL_V2_G0_P2_B0_STRONG	B0_STRONG	22	1	A0_DENSE_VENDOR			0.0	0.0	0.0	0.0	0.730798	1	0	0	0.0	[null,null,330,null]
V2	0	2	FORMAL_V2_G0_P2_B0_STRONG	B0_STRONG	23	1	A0_DENSE_VENDOR			0.0	0.0	0.0	0.0	0.819734	1	0	0	0.0	[null,null,54738,null]
V2	0	2	FORMAL_V2_G0_P2_B0_STRONG	B0_STRONG	24	1	A0_DENSE_VENDOR			0.0	0.0	0.0	0.0	0.84365	1	0	0	0.0	[null,null,698,null]
V2	0	2	FORMAL_V2_G0_P2_B0_STRONG	B0_STRONG	25	1	A0_DENSE_VENDOR			0.0	0.0	0.0	0.0	0.712333	1	0	0	0.0	[null,null,92,null]
V2	0	2	FORMAL_V2_G0_P2_B0_STRONG	B0_STRONG	26	1	A0_DENSE_VENDOR			0.0	0.0	0.0	0.0	0.153245	0	1	0	0.0	[null,null,151645,null]
V2	0	2	FORMAL_V2_G0_P2_M1_RULE_U01	M1_RULE_U01	0	4	A3_RAGGED_DIRECT	7	4.6072030328559395e-05	0.010641	0.057513	0.000748	0.099195	0.588627	4	0	1	0.04433	[515,515,515,515]
V2	0	2	FORMAL_V2_G0_P2_M1_RULE_U01	M1_RULE_U01	1	4	A3_RAGGED_DIRECT	429	0.0028235572872788543	0.00887	0.054184	0.000546	0.094803	0.685034	4	0	3	0.041408	[220,220,220,220]
V2	0	2	FORMAL_V2_G0_P2_M1_RULE_U01	M1_RULE_U01	2	4	A3_RAGGED_DIRECT	429	0.0028235572872788543	0.008949	0.054267	0.000573	0.094632	0.668839	4	0	3	0.039813	[330,330,330,330]
V2	0	2	FORMAL_V2_G0_P2_M1_RULE_U01	M1_RULE_U01	3	4	A3_RAGGED_DIRECT	27	0.00017770640269587195	0.008686	0.052446	0.000539	0.092273	0.664273	4	0	4	0.044896	[1355,4129,6045,2102]
V2	0	2	FORMAL_V2_G0_P2_M1_RULE_U01	M1_RULE_U01	4	4	A3_RAGGED_DIRECT	23	0.00015137952822240943	0.008677	0.053731	0.000587	0.097813	0.609789	4	0	3	0.039411	[1769,788,788,788]
V2	0	2	FORMAL_V2_G0_P2_M1_RULE_U01	M1_RULE_U01	5	4	A3_RAGGED_DIRECT	836	0.005502316764953665	0.008232	0.050565	0.000562	0.091885	0.658315	4	0	3	0.039345	[788,220,220,330]
V2	0	2	FORMAL_V2_G0_P2_M1_RULE_U01	M1_RULE_U01	6	4	A0_DENSE_VENDOR	147788	0.9726990311710194	0.008402	0.052309	0.000472	0.089933	0.971942	4	0	0	0.0	[330,16,16,7849]
V2	0	2	FORMAL_V2_G0_P2_M1_RULE_U01	M1_RULE_U01	7	4	A0_DENSE_VENDOR	147413	0.9702308866891323	0.008226	0.050311	0.000489	0.088372	1.038707	4	0	0	0.0	[2428,17,15,29055]
V2	0	2	FORMAL_V2_G0_P2_M1_RULE_U01	M1_RULE_U01	8	4	A0_DENSE_VENDOR	147413	0.9702308866891323	0.008495	0.050217	0.000507	0.090124	1.038873	4	0	0	0.0	[1110,198,15,9295]
V2	0	2	FORMAL_V2_G0_P2_M1_RULE_U01	M1_RULE_U01	9	4	A0_DENSE_VENDOR	147413	0.9702308866891323	0.008445	0.052451	0.000513	0.091414	1.060704	4	0	0	0.0	[8687,92,15,10348]
V2	0	2	FORMAL_V2_G0_P2_M1_RULE_U01	M1_RULE_U01	10	4	A0_DENSE_VENDOR	147414	0.9702374684077506	0.00879	0.052077	0.000532	0.09072	1.039899	3	1	0	0.0	[905,151645,345,698]
V2	0	2	FORMAL_V2_G0_P2_M1_RULE_U01	M1_RULE_U01	11	3	A0_DENSE_VENDOR	147405	0.9701782329401853	0.008268	0.052087	0.000498	0.091215	0.938688	3	0	0	0.0	[698,null,220,92]
V2	0	2	FORMAL_V2_G0_P2_M1_RULE_U01	M1_RULE_U01	12	3	A3_RAGGED_DIRECT	428	0.0028169755686604887	0.013274	0.055574	0.000558	0.101225	0.516359	2	1	2	0.023262	[92,null,330,151645]
V2	0	2	FORMAL_V2_G0_P2_M1_RULE_U01	M1_RULE_U01	13	2	A3_RAGGED_DIRECT	4	2.632687447346251e-05	0.007713	0.052608	0.0005	0.093567	0.441805	1	1	1	0.018069	[151645,null,1499,null]
V2	0	2	FORMAL_V2_G0_P2_M1_RULE_U01	M1_RULE_U01	14	1	A3_RAGGED_DIRECT	19	0.0001250526537489469	0.006221	0.046267	0.000465	0.079845	0.371534	1	0	1	0.015977	[null,null,788,null]
V2	0	2	FORMAL_V2_G0_P2_M1_RULE_U01	M1_RULE_U01	15	1	A3_RAGGED_DIRECT	822	0.005410172704296546	0.006198	0.045899	0.000476	0.080939	0.405932	1	0	1	0.014901	[null,null,330,null]
V2	0	2	FORMAL_V2_G0_P2_M1_RULE_U01	M1_RULE_U01	16	1	A0_DENSE_VENDOR	147137	0.9684143323504634	0.006463	0.045334	0.000505	0.078485	0.886757	1	0	0	0.0	[null,null,26749,null]
V2	0	2	FORMAL_V2_G0_P2_M1_RULE_U01	M1_RULE_U01	17	1	A0_DENSE_VENDOR	147137	0.9684143323504634	0.006311	0.045703	0.000444	0.081531	0.856482	1	0	0	0.0	[null,null,756,null]
V2	0	2	FORMAL_V2_G0_P2_M1_RULE_U01	M1_RULE_U01	18	1	A3_RAGGED_DIRECT	424	0.002790648694187026	0.006354	0.045634	0.000468	0.081385	0.376728	1	0	1	0.014884	[null,null,220,null]
V2	0	2	FORMAL_V2_G0_P2_M1_RULE_U01	M1_RULE_U01	19	1	A3_RAGGED_DIRECT	424	0.002790648694187026	0.006356	0.045381	0.000465	0.080827	0.407362	1	0	1	0.017661	[null,null,330,null]
V2	0	2	FORMAL_V2_G0_P2_M1_RULE_U01	M1_RULE_U01	20	1	A3_RAGGED_DIRECT	2	1.3163437236731255e-05	0.006185	0.045933	0.000506	0.078523	0.35613	1	0	1	0.015954	[null,null,983,null]
V2	0	2	FORMAL_V2_G0_P2_M1_RULE_U01	M1_RULE_U01	21	1	A3_RAGGED_DIRECT	17	0.00011188921651221567	0.005999	0.044513	0.000475	0.07628	0.380195	1	0	1	0.015519	[null,null,788,null]
V2	0	2	FORMAL_V2_G0_P2_M1_RULE_U01	M1_RULE_U01	22	1	A3_RAGGED_DIRECT	810	0.005331192080876158	0.006264	0.044871	0.000466	0.083485	0.384152	1	0	1	0.015436	[null,null,330,null]
V2	0	2	FORMAL_V2_G0_P2_M1_RULE_U01	M1_RULE_U01	23	1	A0_DENSE_VENDOR	147068	0.9679601937657961	0.006014	0.04351	0.000469	0.07711	0.844586	1	0	0	0.0	[null,null,54738,null]
V2	0	2	FORMAL_V2_G0_P2_M1_RULE_U01	M1_RULE_U01	24	1	A0_DENSE_VENDOR	147068	0.9679601937657961	0.006235	0.045226	0.000468	0.077391	0.856403	1	0	0	0.0	[null,null,698,null]
V2	0	2	FORMAL_V2_G0_P2_M1_RULE_U01	M1_RULE_U01	25	1	A3_RAGGED_DIRECT	424	0.002790648694187026	0.006451	0.045022	0.000475	0.079866	0.371234	1	0	1	0.015148	[null,null,92,null]
V2	0	2	FORMAL_V2_G0_P2_M1_RULE_U01	M1_RULE_U01	26	1	A3_RAGGED_DIRECT	1	6.581718618365627e-06	0.006138	0.044358	0.000466	0.076216	0.204422	0	1	0	0.0	[null,null,151645,null]
V2	0	3	FORMAL_V2_G0_P3_B0_STRONG	B0_STRONG	0	4	A0_DENSE_VENDOR			0.0	0.0	0.0	0.0	0.746747	4	0	0	0.0	[515,515,515,515]
V2	0	3	FORMAL_V2_G0_P3_B0_STRONG	B0_STRONG	1	4	A0_DENSE_VENDOR			0.0	0.0	0.0	0.0	0.760127	4	0	0	0.0	[220,220,220,220]
V2	0	3	FORMAL_V2_G0_P3_B0_STRONG	B0_STRONG	2	4	A0_DENSE_VENDOR			0.0	0.0	0.0	0.0	0.765612	4	0	0	0.0	[330,330,330,330]
V2	0	3	FORMAL_V2_G0_P3_B0_STRONG	B0_STRONG	3	4	A0_DENSE_VENDOR			0.0	0.0	0.0	0.0	0.729853	4	0	0	0.0	[1355,4129,6045,2102]
V2	0	3	FORMAL_V2_G0_P3_B0_STRONG	B0_STRONG	4	4	A0_DENSE_VENDOR			0.0	0.0	0.0	0.0	0.722939	4	0	0	0.0	[1769,788,788,788]
V2	0	3	FORMAL_V2_G0_P3_B0_STRONG	B0_STRONG	5	4	A0_DENSE_VENDOR			0.0	0.0	0.0	0.0	0.776882	4	0	0	0.0	[788,220,220,330]
V2	0	3	FORMAL_V2_G0_P3_B0_STRONG	B0_STRONG	6	4	A0_DENSE_VENDOR			0.0	0.0	0.0	0.0	0.904859	4	0	0	0.0	[330,16,16,7849]
V2	0	3	FORMAL_V2_G0_P3_B0_STRONG	B0_STRONG	7	4	A0_DENSE_VENDOR			0.0	0.0	0.0	0.0	0.964667	4	0	0	0.0	[2428,17,15,29055]
V2	0	3	FORMAL_V2_G0_P3_B0_STRONG	B0_STRONG	8	4	A0_DENSE_VENDOR			0.0	0.0	0.0	0.0	0.989361	4	0	0	0.0	[1110,198,15,9295]
V2	0	3	FORMAL_V2_G0_P3_B0_STRONG	B0_STRONG	9	4	A0_DENSE_VENDOR			0.0	0.0	0.0	0.0	0.985533	4	0	0	0.0	[8687,92,15,10348]
V2	0	3	FORMAL_V2_G0_P3_B0_STRONG	B0_STRONG	10	4	A0_DENSE_VENDOR			0.0	0.0	0.0	0.0	0.960692	3	1	0	0.0	[905,151645,345,698]
V2	0	3	FORMAL_V2_G0_P3_B0_STRONG	B0_STRONG	11	3	A0_DENSE_VENDOR			0.0	0.0	0.0	0.0	0.876232	3	0	0	0.0	[698,null,220,92]
V2	0	3	FORMAL_V2_G0_P3_B0_STRONG	B0_STRONG	12	3	A0_DENSE_VENDOR			0.0	0.0	0.0	0.0	0.754844	2	1	0	0.0	[92,null,330,151645]
V2	0	3	FORMAL_V2_G0_P3_B0_STRONG	B0_STRONG	13	2	A0_DENSE_VENDOR			0.0	0.0	0.0	0.0	0.714109	1	1	0	0.0	[151645,null,1499,null]
V2	0	3	FORMAL_V2_G0_P3_B0_STRONG	B0_STRONG	14	1	A0_DENSE_VENDOR			0.0	0.0	0.0	0.0	0.703076	1	0	0	0.0	[null,null,788,null]
V2	0	3	FORMAL_V2_G0_P3_B0_STRONG	B0_STRONG	15	1	A0_DENSE_VENDOR			0.0	0.0	0.0	0.0	0.726916	1	0	0	0.0	[null,null,330,null]
V2	0	3	FORMAL_V2_G0_P3_B0_STRONG	B0_STRONG	16	1	A0_DENSE_VENDOR			0.0	0.0	0.0	0.0	0.818142	1	0	0	0.0	[null,null,26749,null]
V2	0	3	FORMAL_V2_G0_P3_B0_STRONG	B0_STRONG	17	1	A0_DENSE_VENDOR			0.0	0.0	0.0	0.0	0.823928	1	0	0	0.0	[null,null,756,null]
V2	0	3	FORMAL_V2_G0_P3_B0_STRONG	B0_STRONG	18	1	A0_DENSE_VENDOR			0.0	0.0	0.0	0.0	0.730089	1	0	0	0.0	[null,null,220,null]
V2	0	3	FORMAL_V2_G0_P3_B0_STRONG	B0_STRONG	19	1	A0_DENSE_VENDOR			0.0	0.0	0.0	0.0	0.721249	1	0	0	0.0	[null,null,330,null]
V2	0	3	FORMAL_V2_G0_P3_B0_STRONG	B0_STRONG	20	1	A0_DENSE_VENDOR			0.0	0.0	0.0	0.0	0.706508	1	0	0	0.0	[null,null,983,null]
V2	0	3	FORMAL_V2_G0_P3_B0_STRONG	B0_STRONG	21	1	A0_DENSE_VENDOR			0.0	0.0	0.0	0.0	0.711305	1	0	0	0.0	[null,null,788,null]
V2	0	3	FORMAL_V2_G0_P3_B0_STRONG	B0_STRONG	22	1	A0_DENSE_VENDOR			0.0	0.0	0.0	0.0	0.733169	1	0	0	0.0	[null,null,330,null]
V2	0	3	FORMAL_V2_G0_P3_B0_STRONG	B0_STRONG	23	1	A0_DENSE_VENDOR			0.0	0.0	0.0	0.0	0.839041	1	0	0	0.0	[null,null,54738,null]
V2	0	3	FORMAL_V2_G0_P3_B0_STRONG	B0_STRONG	24	1	A0_DENSE_VENDOR			0.0	0.0	0.0	0.0	0.828498	1	0	0	0.0	[null,null,698,null]
V2	0	3	FORMAL_V2_G0_P3_B0_STRONG	B0_STRONG	25	1	A0_DENSE_VENDOR			0.0	0.0	0.0	0.0	0.716151	1	0	0	0.0	[null,null,92,null]
V2	0	3	FORMAL_V2_G0_P3_B0_STRONG	B0_STRONG	26	1	A0_DENSE_VENDOR			0.0	0.0	0.0	0.0	0.158456	0	1	0	0.0	[null,null,151645,null]
V2	0	3	FORMAL_V2_G0_P3_M1_RULE_U01	M1_RULE_U01	0	4	A3_RAGGED_DIRECT	7	4.6072030328559395e-05	0.010952	0.061146	0.000772	0.103648	0.620181	4	0	1	0.044359	[515,515,515,515]
V2	0	3	FORMAL_V2_G0_P3_M1_RULE_U01	M1_RULE_U01	1	4	A3_RAGGED_DIRECT	429	0.0028235572872788543	0.009204	0.054915	0.000594	0.095965	0.682339	4	0	3	0.053211	[220,220,220,220]
V2	0	3	FORMAL_V2_G0_P3_M1_RULE_U01	M1_RULE_U01	2	4	A3_RAGGED_DIRECT	429	0.0028235572872788543	0.008856	0.054476	0.000611	0.095229	0.66059	4	0	3	0.045779	[330,330,330,330]
V2	0	3	FORMAL_V2_G0_P3_M1_RULE_U01	M1_RULE_U01	3	4	A3_RAGGED_DIRECT	27	0.00017770640269587195	0.008678	0.052696	0.000606	0.098129	0.664341	4	0	4	0.040369	[1355,4129,6045,2102]
V2	0	3	FORMAL_V2_G0_P3_M1_RULE_U01	M1_RULE_U01	4	4	A3_RAGGED_DIRECT	23	0.00015137952822240943	0.008935	0.05511	0.0006	0.100709	0.611016	4	0	3	0.039083	[1769,788,788,788]
V2	0	3	FORMAL_V2_G0_P3_M1_RULE_U01	M1_RULE_U01	5	4	A3_RAGGED_DIRECT	836	0.005502316764953665	0.008399	0.057903	0.00059	0.101179	0.658295	4	0	3	0.039411	[788,220,220,330]
V2	0	3	FORMAL_V2_G0_P3_M1_RULE_U01	M1_RULE_U01	6	4	A0_DENSE_VENDOR	147788	0.9726990311710194	0.008545	0.052783	0.00057	0.090427	0.962109	4	0	0	0.0	[330,16,16,7849]
V2	0	3	FORMAL_V2_G0_P3_M1_RULE_U01	M1_RULE_U01	7	4	A0_DENSE_VENDOR	147413	0.9702308866891323	0.008335	0.050404	0.000542	0.088997	1.027435	4	0	0	0.0	[2428,17,15,29055]
V2	0	3	FORMAL_V2_G0_P3_M1_RULE_U01	M1_RULE_U01	8	4	A0_DENSE_VENDOR	147413	0.9702308866891323	0.008787	0.058317	0.000488	0.099705	1.04424	4	0	0	0.0	[1110,198,15,9295]
V2	0	3	FORMAL_V2_G0_P3_M1_RULE_U01	M1_RULE_U01	9	4	A0_DENSE_VENDOR	147413	0.9702308866891323	0.01253	0.052877	0.000538	0.095813	1.040455	4	0	0	0.0	[8687,92,15,10348]
V2	0	3	FORMAL_V2_G0_P3_M1_RULE_U01	M1_RULE_U01	10	4	A0_DENSE_VENDOR	147414	0.9702374684077506	0.009537	0.053235	0.000505	0.092779	1.024568	3	1	0	0.0	[905,151645,345,698]
V2	0	3	FORMAL_V2_G0_P3_M1_RULE_U01	M1_RULE_U01	11	3	A0_DENSE_VENDOR	147405	0.9701782329401853	0.009202	0.052566	0.000562	0.092124	0.939476	3	0	0	0.0	[698,null,220,92]
V2	0	3	FORMAL_V2_G0_P3_M1_RULE_U01	M1_RULE_U01	12	3	A3_RAGGED_DIRECT	428	0.0028169755686604887	0.009043	0.054634	0.00059	0.095959	0.503863	2	1	2	0.023841	[92,null,330,151645]
V2	0	3	FORMAL_V2_G0_P3_M1_RULE_U01	M1_RULE_U01	13	2	A3_RAGGED_DIRECT	4	2.632687447346251e-05	0.008974	0.053602	0.000714	0.096007	0.40393	1	1	1	0.015613	[151645,null,1499,null]
V2	0	3	FORMAL_V2_G0_P3_M1_RULE_U01	M1_RULE_U01	14	1	A3_RAGGED_DIRECT	19	0.0001250526537489469	0.00641	0.04803	0.000468	0.081915	0.412956	1	0	1	0.017806	[null,null,788,null]
V2	0	3	FORMAL_V2_G0_P3_M1_RULE_U01	M1_RULE_U01	15	1	A3_RAGGED_DIRECT	822	0.005410172704296546	0.006364	0.048106	0.000472	0.084058	0.397277	1	0	1	0.016022	[null,null,330,null]
V2	0	3	FORMAL_V2_G0_P3_M1_RULE_U01	M1_RULE_U01	16	1	A0_DENSE_VENDOR	147137	0.9684143323504634	0.006908	0.0457	0.000455	0.081854	0.907572	1	0	0	0.0	[null,null,26749,null]
V2	0	3	FORMAL_V2_G0_P3_M1_RULE_U01	M1_RULE_U01	17	1	A0_DENSE_VENDOR	147137	0.9684143323504634	0.006736	0.045796	0.000448	0.086721	0.89849	1	0	0	0.0	[null,null,756,null]
V2	0	3	FORMAL_V2_G0_P3_M1_RULE_U01	M1_RULE_U01	18	1	A3_RAGGED_DIRECT	424	0.002790648694187026	0.006652	0.04692	0.000481	0.086548	0.390336	1	0	1	0.01643	[null,null,220,null]
V2	0	3	FORMAL_V2_G0_P3_M1_RULE_U01	M1_RULE_U01	19	1	A3_RAGGED_DIRECT	424	0.002790648694187026	0.006652	0.047171	0.000442	0.088393	0.404259	1	0	1	0.016479	[null,null,330,null]
V2	0	3	FORMAL_V2_G0_P3_M1_RULE_U01	M1_RULE_U01	20	1	A3_RAGGED_DIRECT	2	1.3163437236731255e-05	0.006391	0.046583	0.000472	0.080002	0.395993	1	0	1	0.01701	[null,null,983,null]
V2	0	3	FORMAL_V2_G0_P3_M1_RULE_U01	M1_RULE_U01	21	1	A3_RAGGED_DIRECT	17	0.00011188921651221567	0.006264	0.045459	0.000483	0.0785	0.377089	1	0	1	0.015672	[null,null,788,null]
V2	0	3	FORMAL_V2_G0_P3_M1_RULE_U01	M1_RULE_U01	22	1	A3_RAGGED_DIRECT	810	0.005331192080876158	0.006276	0.044558	0.000453	0.078793	0.391641	1	0	1	0.016315	[null,null,330,null]
V2	0	3	FORMAL_V2_G0_P3_M1_RULE_U01	M1_RULE_U01	23	1	A0_DENSE_VENDOR	147068	0.9679601937657961	0.006265	0.045021	0.000459	0.079842	0.890564	1	0	0	0.0	[null,null,54738,null]
V2	0	3	FORMAL_V2_G0_P3_M1_RULE_U01	M1_RULE_U01	24	1	A0_DENSE_VENDOR	147068	0.9679601937657961	0.006253	0.044587	0.000406	0.07728	0.843975	1	0	0	0.0	[null,null,698,null]
V2	0	3	FORMAL_V2_G0_P3_M1_RULE_U01	M1_RULE_U01	25	1	A3_RAGGED_DIRECT	424	0.002790648694187026	0.006342	0.045964	0.000456	0.08102	0.392846	1	0	1	0.015733	[null,null,92,null]
V2	0	3	FORMAL_V2_G0_P3_M1_RULE_U01	M1_RULE_U01	26	1	A3_RAGGED_DIRECT	1	6.581718618365627e-06	0.006348	0.050629	0.00045	0.083928	0.206288	0	1	0	0.0	[null,null,151645,null]
V2	0	4	FORMAL_V2_G0_P4_B0_STRONG	B0_STRONG	0	4	A0_DENSE_VENDOR			0.0	0.0	0.0	0.0	0.78981	4	0	0	0.0	[515,515,515,515]
V2	0	4	FORMAL_V2_G0_P4_B0_STRONG	B0_STRONG	1	4	A0_DENSE_VENDOR			0.0	0.0	0.0	0.0	0.77559	4	0	0	0.0	[220,220,220,220]
V2	0	4	FORMAL_V2_G0_P4_B0_STRONG	B0_STRONG	2	4	A0_DENSE_VENDOR			0.0	0.0	0.0	0.0	0.774051	4	0	0	0.0	[330,330,330,330]
V2	0	4	FORMAL_V2_G0_P4_B0_STRONG	B0_STRONG	3	4	A0_DENSE_VENDOR			0.0	0.0	0.0	0.0	0.728189	4	0	0	0.0	[1355,4129,6045,2102]
V2	0	4	FORMAL_V2_G0_P4_B0_STRONG	B0_STRONG	4	4	A0_DENSE_VENDOR			0.0	0.0	0.0	0.0	0.739257	4	0	0	0.0	[1769,788,788,788]
V2	0	4	FORMAL_V2_G0_P4_B0_STRONG	B0_STRONG	5	4	A0_DENSE_VENDOR			0.0	0.0	0.0	0.0	0.773926	4	0	0	0.0	[788,220,220,330]
V2	0	4	FORMAL_V2_G0_P4_B0_STRONG	B0_STRONG	6	4	A0_DENSE_VENDOR			0.0	0.0	0.0	0.0	0.892058	4	0	0	0.0	[330,16,16,7849]
V2	0	4	FORMAL_V2_G0_P4_B0_STRONG	B0_STRONG	7	4	A0_DENSE_VENDOR			0.0	0.0	0.0	0.0	0.992961	4	0	0	0.0	[2428,17,15,29055]
V2	0	4	FORMAL_V2_G0_P4_B0_STRONG	B0_STRONG	8	4	A0_DENSE_VENDOR			0.0	0.0	0.0	0.0	1.00448	4	0	0	0.0	[1110,198,15,9295]
V2	0	4	FORMAL_V2_G0_P4_B0_STRONG	B0_STRONG	9	4	A0_DENSE_VENDOR			0.0	0.0	0.0	0.0	0.978762	4	0	0	0.0	[8687,92,15,10348]
V2	0	4	FORMAL_V2_G0_P4_B0_STRONG	B0_STRONG	10	4	A0_DENSE_VENDOR			0.0	0.0	0.0	0.0	0.972635	3	1	0	0.0	[905,151645,345,698]
V2	0	4	FORMAL_V2_G0_P4_B0_STRONG	B0_STRONG	11	3	A0_DENSE_VENDOR			0.0	0.0	0.0	0.0	0.872603	3	0	0	0.0	[698,null,220,92]
V2	0	4	FORMAL_V2_G0_P4_B0_STRONG	B0_STRONG	12	3	A0_DENSE_VENDOR			0.0	0.0	0.0	0.0	0.764815	2	1	0	0.0	[92,null,330,151645]
V2	0	4	FORMAL_V2_G0_P4_B0_STRONG	B0_STRONG	13	2	A0_DENSE_VENDOR			0.0	0.0	0.0	0.0	0.709888	1	1	0	0.0	[151645,null,1499,null]
V2	0	4	FORMAL_V2_G0_P4_B0_STRONG	B0_STRONG	14	1	A0_DENSE_VENDOR			0.0	0.0	0.0	0.0	0.705218	1	0	0	0.0	[null,null,788,null]
V2	0	4	FORMAL_V2_G0_P4_B0_STRONG	B0_STRONG	15	1	A0_DENSE_VENDOR			0.0	0.0	0.0	0.0	0.726273	1	0	0	0.0	[null,null,330,null]
V2	0	4	FORMAL_V2_G0_P4_B0_STRONG	B0_STRONG	16	1	A0_DENSE_VENDOR			0.0	0.0	0.0	0.0	0.822522	1	0	0	0.0	[null,null,26749,null]
V2	0	4	FORMAL_V2_G0_P4_B0_STRONG	B0_STRONG	17	1	A0_DENSE_VENDOR			0.0	0.0	0.0	0.0	0.841054	1	0	0	0.0	[null,null,756,null]
V2	0	4	FORMAL_V2_G0_P4_B0_STRONG	B0_STRONG	18	1	A0_DENSE_VENDOR			0.0	0.0	0.0	0.0	0.734414	1	0	0	0.0	[null,null,220,null]
V2	0	4	FORMAL_V2_G0_P4_B0_STRONG	B0_STRONG	19	1	A0_DENSE_VENDOR			0.0	0.0	0.0	0.0	0.724227	1	0	0	0.0	[null,null,330,null]
V2	0	4	FORMAL_V2_G0_P4_B0_STRONG	B0_STRONG	20	1	A0_DENSE_VENDOR			0.0	0.0	0.0	0.0	0.707832	1	0	0	0.0	[null,null,983,null]
V2	0	4	FORMAL_V2_G0_P4_B0_STRONG	B0_STRONG	21	1	A0_DENSE_VENDOR			0.0	0.0	0.0	0.0	0.708258	1	0	0	0.0	[null,null,788,null]
V2	0	4	FORMAL_V2_G0_P4_B0_STRONG	B0_STRONG	22	1	A0_DENSE_VENDOR			0.0	0.0	0.0	0.0	0.74391	1	0	0	0.0	[null,null,330,null]
V2	0	4	FORMAL_V2_G0_P4_B0_STRONG	B0_STRONG	23	1	A0_DENSE_VENDOR			0.0	0.0	0.0	0.0	0.836462	1	0	0	0.0	[null,null,54738,null]
V2	0	4	FORMAL_V2_G0_P4_B0_STRONG	B0_STRONG	24	1	A0_DENSE_VENDOR			0.0	0.0	0.0	0.0	0.828873	1	0	0	0.0	[null,null,698,null]
V2	0	4	FORMAL_V2_G0_P4_B0_STRONG	B0_STRONG	25	1	A0_DENSE_VENDOR			0.0	0.0	0.0	0.0	0.731868	1	0	0	0.0	[null,null,92,null]
V2	0	4	FORMAL_V2_G0_P4_B0_STRONG	B0_STRONG	26	1	A0_DENSE_VENDOR			0.0	0.0	0.0	0.0	0.16134	0	1	0	0.0	[null,null,151645,null]
V2	0	4	FORMAL_V2_G0_P4_M1_RULE_U01	M1_RULE_U01	0	4	A3_RAGGED_DIRECT	7	4.6072030328559395e-05	0.010961	0.058405	0.000503	0.100603	0.593375	4	0	1	0.044026	[515,515,515,515]
V2	0	4	FORMAL_V2_G0_P4_M1_RULE_U01	M1_RULE_U01	1	4	A3_RAGGED_DIRECT	429	0.0028235572872788543	0.009393	0.054913	0.000635	0.096272	0.682181	4	0	3	0.041534	[220,220,220,220]
V2	0	4	FORMAL_V2_G0_P4_M1_RULE_U01	M1_RULE_U01	2	4	A3_RAGGED_DIRECT	429	0.0028235572872788543	0.008947	0.053658	0.000574	0.094652	0.653583	4	0	3	0.039638	[330,330,330,330]
V2	0	4	FORMAL_V2_G0_P4_M1_RULE_U01	M1_RULE_U01	3	4	A3_RAGGED_DIRECT	27	0.00017770640269587195	0.008744	0.052079	0.000554	0.092258	0.650284	4	0	4	0.040872	[1355,4129,6045,2102]
V2	0	4	FORMAL_V2_G0_P4_M1_RULE_U01	M1_RULE_U01	4	4	A3_RAGGED_DIRECT	23	0.00015137952822240943	0.009078	0.054646	0.000586	0.099058	0.630538	4	0	3	0.042845	[1769,788,788,788]
V2	0	4	FORMAL_V2_G0_P4_M1_RULE_U01	M1_RULE_U01	5	4	A3_RAGGED_DIRECT	836	0.005502316764953665	0.008392	0.050617	0.000457	0.087031	0.631549	4	0	3	0.038527	[788,220,220,330]
V2	0	4	FORMAL_V2_G0_P4_M1_RULE_U01	M1_RULE_U01	6	4	A0_DENSE_VENDOR	147788	0.9726990311710194	0.008673	0.050909	0.000547	0.087938	0.969878	4	0	0	0.0	[330,16,16,7849]
V2	0	4	FORMAL_V2_G0_P4_M1_RULE_U01	M1_RULE_U01	7	4	A0_DENSE_VENDOR	147413	0.9702308866891323	0.008249	0.056162	0.000535	0.094057	1.04163	4	0	0	0.0	[2428,17,15,29055]
V2	0	4	FORMAL_V2_G0_P4_M1_RULE_U01	M1_RULE_U01	8	4	A0_DENSE_VENDOR	147413	0.9702308866891323	0.008707	0.054533	0.000533	0.096163	1.03633	4	0	0	0.0	[1110,198,15,9295]
V2	0	4	FORMAL_V2_G0_P4_M1_RULE_U01	M1_RULE_U01	9	4	A0_DENSE_VENDOR	147413	0.9702308866891323	0.008643	0.052295	0.00056	0.090992	1.045528	4	0	0	0.0	[8687,92,15,10348]
V2	0	4	FORMAL_V2_G0_P4_M1_RULE_U01	M1_RULE_U01	10	4	A0_DENSE_VENDOR	147414	0.9702374684077506	0.008907	0.054407	0.000537	0.093051	1.040078	3	1	0	0.0	[905,151645,345,698]
V2	0	4	FORMAL_V2_G0_P4_M1_RULE_U01	M1_RULE_U01	11	3	A0_DENSE_VENDOR	147405	0.9701782329401853	0.008302	0.052723	0.00049	0.091267	0.957435	3	0	0	0.0	[698,null,220,92]
V2	0	4	FORMAL_V2_G0_P4_M1_RULE_U01	M1_RULE_U01	12	3	A3_RAGGED_DIRECT	428	0.0028169755686604887	0.008989	0.05422	0.000541	0.099152	0.522057	2	1	2	0.023365	[92,null,330,151645]
V2	0	4	FORMAL_V2_G0_P4_M1_RULE_U01	M1_RULE_U01	13	2	A3_RAGGED_DIRECT	4	2.632687447346251e-05	0.008286	0.051956	0.000556	0.092578	0.430992	1	1	1	0.015994	[151645,null,1499,null]
V2	0	4	FORMAL_V2_G0_P4_M1_RULE_U01	M1_RULE_U01	14	1	A3_RAGGED_DIRECT	19	0.0001250526537489469	0.006436	0.046521	0.000487	0.080861	0.383601	1	0	1	0.015973	[null,null,788,null]
V2	0	4	FORMAL_V2_G0_P4_M1_RULE_U01	M1_RULE_U01	15	1	A3_RAGGED_DIRECT	822	0.005410172704296546	0.006229	0.045644	0.00046	0.080674	0.399306	1	0	1	0.015907	[null,null,330,null]
V2	0	4	FORMAL_V2_G0_P4_M1_RULE_U01	M1_RULE_U01	16	1	A0_DENSE_VENDOR	147137	0.9684143323504634	0.006304	0.045711	0.000457	0.078372	0.882918	1	0	0	0.0	[null,null,26749,null]
V2	0	4	FORMAL_V2_G0_P4_M1_RULE_U01	M1_RULE_U01	17	1	A0_DENSE_VENDOR	147137	0.9684143323504634	0.006385	0.045918	0.000468	0.08105	0.859382	1	0	0	0.0	[null,null,756,null]
V2	0	4	FORMAL_V2_G0_P4_M1_RULE_U01	M1_RULE_U01	18	1	A3_RAGGED_DIRECT	424	0.002790648694187026	0.006231	0.045512	0.000477	0.080461	0.381951	1	0	1	0.015418	[null,null,220,null]
V2	0	4	FORMAL_V2_G0_P4_M1_RULE_U01	M1_RULE_U01	19	1	A3_RAGGED_DIRECT	424	0.002790648694187026	0.006315	0.04524	0.000457	0.080442	0.417847	1	0	1	0.016692	[null,null,330,null]
V2	0	4	FORMAL_V2_G0_P4_M1_RULE_U01	M1_RULE_U01	20	1	A3_RAGGED_DIRECT	2	1.3163437236731255e-05	0.010953	0.04563	0.000458	0.082718	0.371291	1	0	1	0.015698	[null,null,983,null]
V2	0	4	FORMAL_V2_G0_P4_M1_RULE_U01	M1_RULE_U01	21	1	A3_RAGGED_DIRECT	17	0.00011188921651221567	0.006189	0.044467	0.000416	0.076923	0.346502	1	0	1	0.014634	[null,null,788,null]
V2	0	4	FORMAL_V2_G0_P4_M1_RULE_U01	M1_RULE_U01	22	1	A3_RAGGED_DIRECT	810	0.005331192080876158	0.006102	0.044865	0.00043	0.07764	0.383814	1	0	1	0.015339	[null,null,330,null]
V2	0	4	FORMAL_V2_G0_P4_M1_RULE_U01	M1_RULE_U01	23	1	A0_DENSE_VENDOR	147068	0.9679601937657961	0.006058	0.043618	0.000453	0.07686	0.852534	1	0	0	0.0	[null,null,54738,null]
V2	0	4	FORMAL_V2_G0_P4_M1_RULE_U01	M1_RULE_U01	24	1	A0_DENSE_VENDOR	147068	0.9679601937657961	0.006288	0.045042	0.000407	0.077007	0.856497	1	0	0	0.0	[null,null,698,null]
V2	0	4	FORMAL_V2_G0_P4_M1_RULE_U01	M1_RULE_U01	25	1	A3_RAGGED_DIRECT	424	0.002790648694187026	0.006015	0.044645	0.00044	0.078507	0.36736	1	0	1	0.016112	[null,null,92,null]
V2	0	4	FORMAL_V2_G0_P4_M1_RULE_U01	M1_RULE_U01	26	1	A3_RAGGED_DIRECT	1	6.581718618365627e-06	0.005965	0.043989	0.000468	0.0764	0.195639	0	1	0	0.0	[null,null,151645,null]
V2	1	0	FORMAL_V2_G1_P0_M1_RULE_U01	M1_RULE_U01	0	4	A3_RAGGED_DIRECT	7	4.6072030328559395e-05	0.011324	0.060363	0.000779	0.102848	0.607863	4	0	1	0.04456	[515,515,515,515]
V2	1	0	FORMAL_V2_G1_P0_M1_RULE_U01	M1_RULE_U01	1	4	A3_RAGGED_DIRECT	429	0.0028235572872788543	0.009496	0.056305	0.000601	0.098227	0.698631	4	0	3	0.047888	[220,220,220,220]
V2	1	0	FORMAL_V2_G1_P0_M1_RULE_U01	M1_RULE_U01	2	4	A3_RAGGED_DIRECT	429	0.0028235572872788543	0.009153	0.055597	0.000546	0.096901	0.682354	4	0	3	0.041248	[330,330,330,330]
V2	1	0	FORMAL_V2_G1_P0_M1_RULE_U01	M1_RULE_U01	3	4	A3_RAGGED_DIRECT	27	0.00017770640269587195	0.008716	0.052691	0.000573	0.093261	0.681861	4	0	4	0.046109	[1355,4129,6045,2102]
V2	1	0	FORMAL_V2_G1_P0_M1_RULE_U01	M1_RULE_U01	4	4	A3_RAGGED_DIRECT	23	0.00015137952822240943	0.008939	0.054224	0.000609	0.099542	0.629881	4	0	3	0.039948	[1769,788,788,788]
V2	1	0	FORMAL_V2_G1_P0_M1_RULE_U01	M1_RULE_U01	5	4	A3_RAGGED_DIRECT	836	0.005502316764953665	0.008507	0.052585	0.000589	0.096459	0.661727	4	0	3	0.039808	[788,220,220,330]
V2	1	0	FORMAL_V2_G1_P0_M1_RULE_U01	M1_RULE_U01	6	4	A0_DENSE_VENDOR	147788	0.9726990311710194	0.008698	0.054182	0.000578	0.09864	0.98414	4	0	0	0.0	[330,16,16,7849]
V2	1	0	FORMAL_V2_G1_P0_M1_RULE_U01	M1_RULE_U01	7	4	A0_DENSE_VENDOR	147413	0.9702308866891323	0.008482	0.052223	0.000508	0.091999	1.035341	4	0	0	0.0	[2428,17,15,29055]
V2	1	0	FORMAL_V2_G1_P0_M1_RULE_U01	M1_RULE_U01	8	4	A0_DENSE_VENDOR	147413	0.9702308866891323	0.008824	0.053648	0.000491	0.094242	1.030572	4	0	0	0.0	[1110,198,15,9295]
V2	1	0	FORMAL_V2_G1_P0_M1_RULE_U01	M1_RULE_U01	9	4	A0_DENSE_VENDOR	147413	0.9702308866891323	0.00845	0.051563	0.00055	0.090255	1.040346	4	0	0	0.0	[8687,92,15,10348]
V2	1	0	FORMAL_V2_G1_P0_M1_RULE_U01	M1_RULE_U01	10	4	A0_DENSE_VENDOR	147414	0.9702374684077506	0.008935	0.054163	0.000468	0.09423	1.034731	3	1	0	0.0	[905,151645,345,698]
V2	1	0	FORMAL_V2_G1_P0_M1_RULE_U01	M1_RULE_U01	11	3	A0_DENSE_VENDOR	147405	0.9701782329401853	0.01283	0.0545	0.000542	0.097912	0.930045	3	0	0	0.0	[698,null,220,92]
V2	1	0	FORMAL_V2_G1_P0_M1_RULE_U01	M1_RULE_U01	12	3	A3_RAGGED_DIRECT	428	0.0028169755686604887	0.008087	0.054505	0.000568	0.094869	0.525256	2	1	2	0.025437	[92,null,330,151645]
V2	1	0	FORMAL_V2_G1_P0_M1_RULE_U01	M1_RULE_U01	13	2	A3_RAGGED_DIRECT	4	2.632687447346251e-05	0.008054	0.053306	0.000586	0.095105	0.440842	1	1	1	0.01719	[151645,null,1499,null]
V2	1	0	FORMAL_V2_G1_P0_M1_RULE_U01	M1_RULE_U01	14	1	A3_RAGGED_DIRECT	19	0.0001250526537489469	0.006661	0.046794	0.000469	0.08122	0.375209	1	0	1	0.015904	[null,null,788,null]
V2	1	0	FORMAL_V2_G1_P0_M1_RULE_U01	M1_RULE_U01	15	1	A3_RAGGED_DIRECT	822	0.005410172704296546	0.00642	0.047471	0.00049	0.087453	0.40146	1	0	1	0.015643	[null,null,330,null]
V2	1	0	FORMAL_V2_G1_P0_M1_RULE_U01	M1_RULE_U01	16	1	A0_DENSE_VENDOR	147137	0.9684143323504634	0.006158	0.045498	0.000464	0.078506	0.918386	1	0	0	0.0	[null,null,26749,null]
V2	1	0	FORMAL_V2_G1_P0_M1_RULE_U01	M1_RULE_U01	17	1	A0_DENSE_VENDOR	147137	0.9684143323504634	0.006241	0.050997	0.000471	0.086001	0.86124	1	0	0	0.0	[null,null,756,null]
V2	1	0	FORMAL_V2_G1_P0_M1_RULE_U01	M1_RULE_U01	18	1	A3_RAGGED_DIRECT	424	0.002790648694187026	0.006477	0.04652	0.000482	0.083222	0.38311	1	0	1	0.015637	[null,null,220,null]
V2	1	0	FORMAL_V2_G1_P0_M1_RULE_U01	M1_RULE_U01	19	1	A3_RAGGED_DIRECT	424	0.002790648694187026	0.006364	0.04656	0.000471	0.083621	0.413862	1	0	1	0.017622	[null,null,330,null]
V2	1	0	FORMAL_V2_G1_P0_M1_RULE_U01	M1_RULE_U01	20	1	A3_RAGGED_DIRECT	2	1.3163437236731255e-05	0.006247	0.045527	0.000446	0.078453	0.357266	1	0	1	0.015439	[null,null,983,null]
V2	1	0	FORMAL_V2_G1_P0_M1_RULE_U01	M1_RULE_U01	21	1	A3_RAGGED_DIRECT	17	0.00011188921651221567	0.006335	0.045329	0.000444	0.078356	0.362919	1	0	1	0.015372	[null,null,788,null]
V2	1	0	FORMAL_V2_G1_P0_M1_RULE_U01	M1_RULE_U01	22	1	A3_RAGGED_DIRECT	810	0.005331192080876158	0.00628	0.044554	0.000462	0.078526	0.415851	1	0	1	0.017191	[null,null,330,null]
V2	1	0	FORMAL_V2_G1_P0_M1_RULE_U01	M1_RULE_U01	23	1	A0_DENSE_VENDOR	147068	0.9679601937657961	0.006124	0.044703	0.000436	0.079214	0.873991	1	0	0	0.0	[null,null,54738,null]
V2	1	0	FORMAL_V2_G1_P0_M1_RULE_U01	M1_RULE_U01	24	1	A0_DENSE_VENDOR	147068	0.9679601937657961	0.00616	0.044439	0.000399	0.076692	0.849002	1	0	0	0.0	[null,null,698,null]
V2	1	0	FORMAL_V2_G1_P0_M1_RULE_U01	M1_RULE_U01	25	1	A3_RAGGED_DIRECT	424	0.002790648694187026	0.006203	0.044408	0.000462	0.078874	0.376293	1	0	1	0.015021	[null,null,92,null]
V2	1	0	FORMAL_V2_G1_P0_M1_RULE_U01	M1_RULE_U01	26	1	A3_RAGGED_DIRECT	1	6.581718618365627e-06	0.006201	0.044597	0.000463	0.078502	0.207106	0	1	0	0.0	[null,null,151645,null]
V2	1	0	FORMAL_V2_G1_P0_B0_STRONG	B0_STRONG	0	4	A0_DENSE_VENDOR			0.0	0.0	0.0	0.0	0.752383	4	0	0	0.0	[515,515,515,515]
V2	1	0	FORMAL_V2_G1_P0_B0_STRONG	B0_STRONG	1	4	A0_DENSE_VENDOR			0.0	0.0	0.0	0.0	0.767036	4	0	0	0.0	[220,220,220,220]
V2	1	0	FORMAL_V2_G1_P0_B0_STRONG	B0_STRONG	2	4	A0_DENSE_VENDOR			0.0	0.0	0.0	0.0	0.760247	4	0	0	0.0	[330,330,330,330]
V2	1	0	FORMAL_V2_G1_P0_B0_STRONG	B0_STRONG	3	4	A0_DENSE_VENDOR			0.0	0.0	0.0	0.0	0.717442	4	0	0	0.0	[1355,4129,6045,2102]
V2	1	0	FORMAL_V2_G1_P0_B0_STRONG	B0_STRONG	4	4	A0_DENSE_VENDOR			0.0	0.0	0.0	0.0	0.741024	4	0	0	0.0	[1769,788,788,788]
V2	1	0	FORMAL_V2_G1_P0_B0_STRONG	B0_STRONG	5	4	A0_DENSE_VENDOR			0.0	0.0	0.0	0.0	0.771006	4	0	0	0.0	[788,220,220,330]
V2	1	0	FORMAL_V2_G1_P0_B0_STRONG	B0_STRONG	6	4	A0_DENSE_VENDOR			0.0	0.0	0.0	0.0	0.908515	4	0	0	0.0	[330,16,16,7849]
V2	1	0	FORMAL_V2_G1_P0_B0_STRONG	B0_STRONG	7	4	A0_DENSE_VENDOR			0.0	0.0	0.0	0.0	0.991084	4	0	0	0.0	[2428,17,15,29055]
V2	1	0	FORMAL_V2_G1_P0_B0_STRONG	B0_STRONG	8	4	A0_DENSE_VENDOR			0.0	0.0	0.0	0.0	0.975283	4	0	0	0.0	[1110,198,15,9295]
V2	1	0	FORMAL_V2_G1_P0_B0_STRONG	B0_STRONG	9	4	A0_DENSE_VENDOR			0.0	0.0	0.0	0.0	0.987077	4	0	0	0.0	[8687,92,15,10348]
V2	1	0	FORMAL_V2_G1_P0_B0_STRONG	B0_STRONG	10	4	A0_DENSE_VENDOR			0.0	0.0	0.0	0.0	0.966473	3	1	0	0.0	[905,151645,345,698]
V2	1	0	FORMAL_V2_G1_P0_B0_STRONG	B0_STRONG	11	3	A0_DENSE_VENDOR			0.0	0.0	0.0	0.0	0.882116	3	0	0	0.0	[698,null,220,92]
V2	1	0	FORMAL_V2_G1_P0_B0_STRONG	B0_STRONG	12	3	A0_DENSE_VENDOR			0.0	0.0	0.0	0.0	0.771804	2	1	0	0.0	[92,null,330,151645]
V2	1	0	FORMAL_V2_G1_P0_B0_STRONG	B0_STRONG	13	2	A0_DENSE_VENDOR			0.0	0.0	0.0	0.0	0.711908	1	1	0	0.0	[151645,null,1499,null]
V2	1	0	FORMAL_V2_G1_P0_B0_STRONG	B0_STRONG	14	1	A0_DENSE_VENDOR			0.0	0.0	0.0	0.0	0.701847	1	0	0	0.0	[null,null,788,null]
V2	1	0	FORMAL_V2_G1_P0_B0_STRONG	B0_STRONG	15	1	A0_DENSE_VENDOR			0.0	0.0	0.0	0.0	0.730249	1	0	0	0.0	[null,null,330,null]
V2	1	0	FORMAL_V2_G1_P0_B0_STRONG	B0_STRONG	16	1	A0_DENSE_VENDOR			0.0	0.0	0.0	0.0	0.830627	1	0	0	0.0	[null,null,26749,null]
V2	1	0	FORMAL_V2_G1_P0_B0_STRONG	B0_STRONG	17	1	A0_DENSE_VENDOR			0.0	0.0	0.0	0.0	0.824439	1	0	0	0.0	[null,null,756,null]
V2	1	0	FORMAL_V2_G1_P0_B0_STRONG	B0_STRONG	18	1	A0_DENSE_VENDOR			0.0	0.0	0.0	0.0	0.725742	1	0	0	0.0	[null,null,220,null]
V2	1	0	FORMAL_V2_G1_P0_B0_STRONG	B0_STRONG	19	1	A0_DENSE_VENDOR			0.0	0.0	0.0	0.0	0.733478	1	0	0	0.0	[null,null,330,null]
V2	1	0	FORMAL_V2_G1_P0_B0_STRONG	B0_STRONG	20	1	A0_DENSE_VENDOR			0.0	0.0	0.0	0.0	0.700622	1	0	0	0.0	[null,null,983,null]
V2	1	0	FORMAL_V2_G1_P0_B0_STRONG	B0_STRONG	21	1	A0_DENSE_VENDOR			0.0	0.0	0.0	0.0	0.711174	1	0	0	0.0	[null,null,788,null]
V2	1	0	FORMAL_V2_G1_P0_B0_STRONG	B0_STRONG	22	1	A0_DENSE_VENDOR			0.0	0.0	0.0	0.0	0.730343	1	0	0	0.0	[null,null,330,null]
V2	1	0	FORMAL_V2_G1_P0_B0_STRONG	B0_STRONG	23	1	A0_DENSE_VENDOR			0.0	0.0	0.0	0.0	0.847968	1	0	0	0.0	[null,null,54738,null]
V2	1	0	FORMAL_V2_G1_P0_B0_STRONG	B0_STRONG	24	1	A0_DENSE_VENDOR			0.0	0.0	0.0	0.0	0.831331	1	0	0	0.0	[null,null,698,null]
V2	1	0	FORMAL_V2_G1_P0_B0_STRONG	B0_STRONG	25	1	A0_DENSE_VENDOR			0.0	0.0	0.0	0.0	0.715663	1	0	0	0.0	[null,null,92,null]
V2	1	0	FORMAL_V2_G1_P0_B0_STRONG	B0_STRONG	26	1	A0_DENSE_VENDOR			0.0	0.0	0.0	0.0	0.154275	0	1	0	0.0	[null,null,151645,null]
V2	1	1	FORMAL_V2_G1_P1_M1_RULE_U01	M1_RULE_U01	0	4	A3_RAGGED_DIRECT	7	4.6072030328559395e-05	0.011143	0.05844	0.000533	0.101525	0.60413	4	0	1	0.045083	[515,515,515,515]
V2	1	1	FORMAL_V2_G1_P1_M1_RULE_U01	M1_RULE_U01	1	4	A3_RAGGED_DIRECT	429	0.0028235572872788543	0.009212	0.054858	0.000635	0.1005	0.696455	4	0	3	0.045477	[220,220,220,220]
V2	1	1	FORMAL_V2_G1_P1_M1_RULE_U01	M1_RULE_U01	2	4	A3_RAGGED_DIRECT	429	0.0028235572872788543	0.008875	0.054178	0.000589	0.100345	0.683174	4	0	3	0.040266	[330,330,330,330]
V2	1	1	FORMAL_V2_G1_P1_M1_RULE_U01	M1_RULE_U01	3	4	A3_RAGGED_DIRECT	27	0.00017770640269587195	0.008602	0.049589	0.00057	0.096471	0.672827	4	0	4	0.043968	[1355,4129,6045,2102]
V2	1	1	FORMAL_V2_G1_P1_M1_RULE_U01	M1_RULE_U01	4	4	A3_RAGGED_DIRECT	23	0.00015137952822240943	0.008759	0.055323	0.000554	0.100878	0.620104	4	0	3	0.039414	[1769,788,788,788]
V2	1	1	FORMAL_V2_G1_P1_M1_RULE_U01	M1_RULE_U01	5	4	A3_RAGGED_DIRECT	836	0.005502316764953665	0.009369	0.05948	0.000525	0.105141	0.647389	4	0	3	0.047004	[788,220,220,330]
V2	1	1	FORMAL_V2_G1_P1_M1_RULE_U01	M1_RULE_U01	6	4	A0_DENSE_VENDOR	147788	0.9726990311710194	0.00943	0.049055	0.000539	0.086822	0.975206	4	0	0	0.0	[330,16,16,7849]
V2	1	1	FORMAL_V2_G1_P1_M1_RULE_U01	M1_RULE_U01	7	4	A0_DENSE_VENDOR	147413	0.9702308866891323	0.009108	0.051881	0.000504	0.091843	1.025787	4	0	0	0.0	[2428,17,15,29055]
V2	1	1	FORMAL_V2_G1_P1_M1_RULE_U01	M1_RULE_U01	8	4	A0_DENSE_VENDOR	147413	0.9702308866891323	0.009554	0.054214	0.000471	0.095726	1.036566	4	0	0	0.0	[1110,198,15,9295]
V2	1	1	FORMAL_V2_G1_P1_M1_RULE_U01	M1_RULE_U01	9	4	A0_DENSE_VENDOR	147413	0.9702308866891323	0.009538	0.053263	0.000567	0.093287	1.034363	4	0	0	0.0	[8687,92,15,10348]
V2	1	1	FORMAL_V2_G1_P1_M1_RULE_U01	M1_RULE_U01	10	4	A0_DENSE_VENDOR	147414	0.9702374684077506	0.009631	0.055143	0.000515	0.095132	1.023738	3	1	0	0.0	[905,151645,345,698]
V2	1	1	FORMAL_V2_G1_P1_M1_RULE_U01	M1_RULE_U01	11	3	A0_DENSE_VENDOR	147405	0.9701782329401853	0.009074	0.052588	0.000548	0.091893	0.942377	3	0	0	0.0	[698,null,220,92]
V2	1	1	FORMAL_V2_G1_P1_M1_RULE_U01	M1_RULE_U01	12	3	A3_RAGGED_DIRECT	428	0.0028169755686604887	0.009067	0.054383	0.000562	0.095572	0.519108	2	1	2	0.023306	[92,null,330,151645]
V2	1	1	FORMAL_V2_G1_P1_M1_RULE_U01	M1_RULE_U01	13	2	A3_RAGGED_DIRECT	4	2.632687447346251e-05	0.007774	0.052923	0.000539	0.092541	0.422374	1	1	1	0.016353	[151645,null,1499,null]
V2	1	1	FORMAL_V2_G1_P1_M1_RULE_U01	M1_RULE_U01	14	1	A3_RAGGED_DIRECT	19	0.0001250526537489469	0.006382	0.046359	0.000461	0.080395	0.390939	1	0	1	0.015693	[null,null,788,null]
V2	1	1	FORMAL_V2_G1_P1_M1_RULE_U01	M1_RULE_U01	15	1	A3_RAGGED_DIRECT	822	0.005410172704296546	0.006514	0.045544	0.000476	0.080549	0.388533	1	0	1	0.016075	[null,null,330,null]
V2	1	1	FORMAL_V2_G1_P1_M1_RULE_U01	M1_RULE_U01	16	1	A0_DENSE_VENDOR	147137	0.9684143323504634	0.006215	0.045634	0.000439	0.078153	0.881569	1	0	0	0.0	[null,null,26749,null]
V2	1	1	FORMAL_V2_G1_P1_M1_RULE_U01	M1_RULE_U01	17	1	A0_DENSE_VENDOR	147137	0.9684143323504634	0.00625	0.045494	0.000439	0.081831	0.860636	1	0	0	0.0	[null,null,756,null]
V2	1	1	FORMAL_V2_G1_P1_M1_RULE_U01	M1_RULE_U01	18	1	A3_RAGGED_DIRECT	424	0.002790648694187026	0.006445	0.046851	0.000474	0.082718	0.392428	1	0	1	0.016617	[null,null,220,null]
V2	1	1	FORMAL_V2_G1_P1_M1_RULE_U01	M1_RULE_U01	19	1	A3_RAGGED_DIRECT	424	0.002790648694187026	0.006489	0.046321	0.00046	0.082591	0.412568	1	0	1	0.017849	[null,null,330,null]
V2	1	1	FORMAL_V2_G1_P1_M1_RULE_U01	M1_RULE_U01	20	1	A3_RAGGED_DIRECT	2	1.3163437236731255e-05	0.006204	0.045998	0.00046	0.078396	0.368604	1	0	1	0.015439	[null,null,983,null]
V2	1	1	FORMAL_V2_G1_P1_M1_RULE_U01	M1_RULE_U01	21	1	A3_RAGGED_DIRECT	17	0.00011188921651221567	0.006042	0.044426	0.000426	0.076115	0.352133	1	0	1	0.016134	[null,null,788,null]
V2	1	1	FORMAL_V2_G1_P1_M1_RULE_U01	M1_RULE_U01	22	1	A3_RAGGED_DIRECT	810	0.005331192080876158	0.006019	0.044625	0.000512	0.077784	0.392834	1	0	1	0.0156	[null,null,330,null]
V2	1	1	FORMAL_V2_G1_P1_M1_RULE_U01	M1_RULE_U01	23	1	A0_DENSE_VENDOR	147068	0.9679601937657961	0.006125	0.049131	0.000451	0.083423	0.866154	1	0	0	0.0	[null,null,54738,null]
V2	1	1	FORMAL_V2_G1_P1_M1_RULE_U01	M1_RULE_U01	24	1	A0_DENSE_VENDOR	147068	0.9679601937657961	0.006088	0.044747	0.000423	0.076497	0.851553	1	0	0	0.0	[null,null,698,null]
V2	1	1	FORMAL_V2_G1_P1_M1_RULE_U01	M1_RULE_U01	25	1	A3_RAGGED_DIRECT	424	0.002790648694187026	0.006143	0.044861	0.000453	0.078856	0.379857	1	0	1	0.014845	[null,null,92,null]
V2	1	1	FORMAL_V2_G1_P1_M1_RULE_U01	M1_RULE_U01	26	1	A3_RAGGED_DIRECT	1	6.581718618365627e-06	0.006178	0.044652	0.000456	0.077674	0.204414	0	1	0	0.0	[null,null,151645,null]
V2	1	1	FORMAL_V2_G1_P1_B0_STRONG	B0_STRONG	0	4	A0_DENSE_VENDOR			0.0	0.0	0.0	0.0	0.745938	4	0	0	0.0	[515,515,515,515]
V2	1	1	FORMAL_V2_G1_P1_B0_STRONG	B0_STRONG	1	4	A0_DENSE_VENDOR			0.0	0.0	0.0	0.0	0.758763	4	0	0	0.0	[220,220,220,220]
V2	1	1	FORMAL_V2_G1_P1_B0_STRONG	B0_STRONG	2	4	A0_DENSE_VENDOR			0.0	0.0	0.0	0.0	0.764405	4	0	0	0.0	[330,330,330,330]
V2	1	1	FORMAL_V2_G1_P1_B0_STRONG	B0_STRONG	3	4	A0_DENSE_VENDOR			0.0	0.0	0.0	0.0	0.728739	4	0	0	0.0	[1355,4129,6045,2102]
V2	1	1	FORMAL_V2_G1_P1_B0_STRONG	B0_STRONG	4	4	A0_DENSE_VENDOR			0.0	0.0	0.0	0.0	0.742839	4	0	0	0.0	[1769,788,788,788]
V2	1	1	FORMAL_V2_G1_P1_B0_STRONG	B0_STRONG	5	4	A0_DENSE_VENDOR			0.0	0.0	0.0	0.0	0.787776	4	0	0	0.0	[788,220,220,330]
V2	1	1	FORMAL_V2_G1_P1_B0_STRONG	B0_STRONG	6	4	A0_DENSE_VENDOR			0.0	0.0	0.0	0.0	0.890841	4	0	0	0.0	[330,16,16,7849]
V2	1	1	FORMAL_V2_G1_P1_B0_STRONG	B0_STRONG	7	4	A0_DENSE_VENDOR			0.0	0.0	0.0	0.0	0.9868	4	0	0	0.0	[2428,17,15,29055]
V2	1	1	FORMAL_V2_G1_P1_B0_STRONG	B0_STRONG	8	4	A0_DENSE_VENDOR			0.0	0.0	0.0	0.0	0.973908	4	0	0	0.0	[1110,198,15,9295]
V2	1	1	FORMAL_V2_G1_P1_B0_STRONG	B0_STRONG	9	4	A0_DENSE_VENDOR			0.0	0.0	0.0	0.0	0.993527	4	0	0	0.0	[8687,92,15,10348]
V2	1	1	FORMAL_V2_G1_P1_B0_STRONG	B0_STRONG	10	4	A0_DENSE_VENDOR			0.0	0.0	0.0	0.0	0.969034	3	1	0	0.0	[905,151645,345,698]
V2	1	1	FORMAL_V2_G1_P1_B0_STRONG	B0_STRONG	11	3	A0_DENSE_VENDOR			0.0	0.0	0.0	0.0	0.876587	3	0	0	0.0	[698,null,220,92]
V2	1	1	FORMAL_V2_G1_P1_B0_STRONG	B0_STRONG	12	3	A0_DENSE_VENDOR			0.0	0.0	0.0	0.0	0.759447	2	1	0	0.0	[92,null,330,151645]
V2	1	1	FORMAL_V2_G1_P1_B0_STRONG	B0_STRONG	13	2	A0_DENSE_VENDOR			0.0	0.0	0.0	0.0	0.712233	1	1	0	0.0	[151645,null,1499,null]
V2	1	1	FORMAL_V2_G1_P1_B0_STRONG	B0_STRONG	14	1	A0_DENSE_VENDOR			0.0	0.0	0.0	0.0	0.703767	1	0	0	0.0	[null,null,788,null]
V2	1	1	FORMAL_V2_G1_P1_B0_STRONG	B0_STRONG	15	1	A0_DENSE_VENDOR			0.0	0.0	0.0	0.0	0.733298	1	0	0	0.0	[null,null,330,null]
V2	1	1	FORMAL_V2_G1_P1_B0_STRONG	B0_STRONG	16	1	A0_DENSE_VENDOR			0.0	0.0	0.0	0.0	0.823349	1	0	0	0.0	[null,null,26749,null]
V2	1	1	FORMAL_V2_G1_P1_B0_STRONG	B0_STRONG	17	1	A0_DENSE_VENDOR			0.0	0.0	0.0	0.0	0.838629	1	0	0	0.0	[null,null,756,null]
V2	1	1	FORMAL_V2_G1_P1_B0_STRONG	B0_STRONG	18	1	A0_DENSE_VENDOR			0.0	0.0	0.0	0.0	0.726118	1	0	0	0.0	[null,null,220,null]
V2	1	1	FORMAL_V2_G1_P1_B0_STRONG	B0_STRONG	19	1	A0_DENSE_VENDOR			0.0	0.0	0.0	0.0	0.726185	1	0	0	0.0	[null,null,330,null]
V2	1	1	FORMAL_V2_G1_P1_B0_STRONG	B0_STRONG	20	1	A0_DENSE_VENDOR			0.0	0.0	0.0	0.0	0.71329	1	0	0	0.0	[null,null,983,null]
V2	1	1	FORMAL_V2_G1_P1_B0_STRONG	B0_STRONG	21	1	A0_DENSE_VENDOR			0.0	0.0	0.0	0.0	0.712702	1	0	0	0.0	[null,null,788,null]
V2	1	1	FORMAL_V2_G1_P1_B0_STRONG	B0_STRONG	22	1	A0_DENSE_VENDOR			0.0	0.0	0.0	0.0	0.737497	1	0	0	0.0	[null,null,330,null]
V2	1	1	FORMAL_V2_G1_P1_B0_STRONG	B0_STRONG	23	1	A0_DENSE_VENDOR			0.0	0.0	0.0	0.0	0.841	1	0	0	0.0	[null,null,54738,null]
V2	1	1	FORMAL_V2_G1_P1_B0_STRONG	B0_STRONG	24	1	A0_DENSE_VENDOR			0.0	0.0	0.0	0.0	0.833265	1	0	0	0.0	[null,null,698,null]
V2	1	1	FORMAL_V2_G1_P1_B0_STRONG	B0_STRONG	25	1	A0_DENSE_VENDOR			0.0	0.0	0.0	0.0	0.71408	1	0	0	0.0	[null,null,92,null]
V2	1	1	FORMAL_V2_G1_P1_B0_STRONG	B0_STRONG	26	1	A0_DENSE_VENDOR			0.0	0.0	0.0	0.0	0.156614	0	1	0	0.0	[null,null,151645,null]
V2	1	2	FORMAL_V2_G1_P2_M1_RULE_U01	M1_RULE_U01	0	4	A3_RAGGED_DIRECT	7	4.6072030328559395e-05	0.011277	0.060519	0.000789	0.105587	0.609813	4	0	1	0.044949	[515,515,515,515]
V2	1	2	FORMAL_V2_G1_P2_M1_RULE_U01	M1_RULE_U01	1	4	A3_RAGGED_DIRECT	429	0.0028235572872788543	0.008858	0.05388	0.000653	0.094765	0.697422	4	0	3	0.04189	[220,220,220,220]
V2	1	2	FORMAL_V2_G1_P2_M1_RULE_U01	M1_RULE_U01	2	4	A3_RAGGED_DIRECT	429	0.0028235572872788543	0.008907	0.054674	0.000557	0.094904	0.668411	4	0	3	0.0401	[330,330,330,330]
V2	1	2	FORMAL_V2_G1_P2_M1_RULE_U01	M1_RULE_U01	3	4	A3_RAGGED_DIRECT	27	0.00017770640269587195	0.008778	0.051472	0.000559	0.0973	0.673554	4	0	4	0.040428	[1355,4129,6045,2102]
V2	1	2	FORMAL_V2_G1_P2_M1_RULE_U01	M1_RULE_U01	4	4	A3_RAGGED_DIRECT	23	0.00015137952822240943	0.008773	0.055593	0.00059	0.101268	0.616436	4	0	3	0.039272	[1769,788,788,788]
V2	1	2	FORMAL_V2_G1_P2_M1_RULE_U01	M1_RULE_U01	5	4	A3_RAGGED_DIRECT	836	0.005502316764953665	0.008274	0.050265	0.000589	0.093092	0.658753	4	0	3	0.038328	[788,220,220,330]
V2	1	2	FORMAL_V2_G1_P2_M1_RULE_U01	M1_RULE_U01	6	4	A0_DENSE_VENDOR	147788	0.9726990311710194	0.008592	0.052258	0.000493	0.089197	0.964747	4	0	0	0.0	[330,16,16,7849]
V2	1	2	FORMAL_V2_G1_P2_M1_RULE_U01	M1_RULE_U01	7	4	A0_DENSE_VENDOR	147413	0.9702308866891323	0.008479	0.056202	0.000528	0.095972	1.035076	4	0	0	0.0	[2428,17,15,29055]
V2	1	2	FORMAL_V2_G1_P2_M1_RULE_U01	M1_RULE_U01	8	4	A0_DENSE_VENDOR	147413	0.9702308866891323	0.008891	0.052149	0.000573	0.093027	1.039065	4	0	0	0.0	[1110,198,15,9295]
V2	1	2	FORMAL_V2_G1_P2_M1_RULE_U01	M1_RULE_U01	9	4	A0_DENSE_VENDOR	147413	0.9702308866891323	0.008651	0.05282	0.000539	0.092395	1.048937	4	0	0	0.0	[8687,92,15,10348]
V2	1	2	FORMAL_V2_G1_P2_M1_RULE_U01	M1_RULE_U01	10	4	A0_DENSE_VENDOR	147414	0.9702374684077506	0.01002	0.054937	0.00055	0.095312	1.029117	3	1	0	0.0	[905,151645,345,698]
V2	1	2	FORMAL_V2_G1_P2_M1_RULE_U01	M1_RULE_U01	11	3	A0_DENSE_VENDOR	147405	0.9701782329401853	0.009258	0.052868	0.000491	0.092365	0.955841	3	0	0	0.0	[698,null,220,92]
V2	1	2	FORMAL_V2_G1_P2_M1_RULE_U01	M1_RULE_U01	12	3	A3_RAGGED_DIRECT	428	0.0028169755686604887	0.009154	0.053113	0.000586	0.094052	0.528206	2	1	2	0.02341	[92,null,330,151645]
V2	1	2	FORMAL_V2_G1_P2_M1_RULE_U01	M1_RULE_U01	13	2	A3_RAGGED_DIRECT	4	2.632687447346251e-05	0.008051	0.052959	0.000537	0.093543	0.427629	1	1	1	0.015875	[151645,null,1499,null]
V2	1	2	FORMAL_V2_G1_P2_M1_RULE_U01	M1_RULE_U01	14	1	A3_RAGGED_DIRECT	19	0.0001250526537489469	0.006522	0.046353	0.000478	0.080373	0.364508	1	0	1	0.013422	[null,null,788,null]
V2	1	2	FORMAL_V2_G1_P2_M1_RULE_U01	M1_RULE_U01	15	1	A3_RAGGED_DIRECT	822	0.005410172704296546	0.00635	0.045142	0.000473	0.079474	0.377229	1	0	1	0.014007	[null,null,330,null]
V2	1	2	FORMAL_V2_G1_P2_M1_RULE_U01	M1_RULE_U01	16	1	A0_DENSE_VENDOR	147137	0.9684143323504634	0.006189	0.045884	0.000445	0.078246	0.872662	1	0	0	0.0	[null,null,26749,null]
V2	1	2	FORMAL_V2_G1_P2_M1_RULE_U01	M1_RULE_U01	17	1	A0_DENSE_VENDOR	147137	0.9684143323504634	0.006319	0.045932	0.000478	0.081267	0.876608	1	0	0	0.0	[null,null,756,null]
V2	1	2	FORMAL_V2_G1_P2_M1_RULE_U01	M1_RULE_U01	18	1	A3_RAGGED_DIRECT	424	0.002790648694187026	0.006334	0.046464	0.00046	0.082487	0.371125	1	0	1	0.015198	[null,null,220,null]
V2	1	2	FORMAL_V2_G1_P2_M1_RULE_U01	M1_RULE_U01	19	1	A3_RAGGED_DIRECT	424	0.002790648694187026	0.006158	0.046285	0.000453	0.082004	0.407348	1	0	1	0.016945	[null,null,330,null]
V2	1	2	FORMAL_V2_G1_P2_M1_RULE_U01	M1_RULE_U01	20	1	A3_RAGGED_DIRECT	2	1.3163437236731255e-05	0.006256	0.050402	0.000438	0.082737	0.382654	1	0	1	0.01591	[null,null,983,null]
V2	1	2	FORMAL_V2_G1_P2_M1_RULE_U01	M1_RULE_U01	21	1	A3_RAGGED_DIRECT	17	0.00011188921651221567	0.006093	0.044717	0.000436	0.076555	0.359702	1	0	1	0.018731	[null,null,788,null]
V2	1	2	FORMAL_V2_G1_P2_M1_RULE_U01	M1_RULE_U01	22	1	A3_RAGGED_DIRECT	810	0.005331192080876158	0.006091	0.044213	0.000471	0.078561	0.370128	1	0	1	0.014848	[null,null,330,null]
V2	1	2	FORMAL_V2_G1_P2_M1_RULE_U01	M1_RULE_U01	23	1	A0_DENSE_VENDOR	147068	0.9679601937657961	0.00584	0.043789	0.000453	0.077306	0.866409	1	0	0	0.0	[null,null,54738,null]
V2	1	2	FORMAL_V2_G1_P2_M1_RULE_U01	M1_RULE_U01	24	1	A0_DENSE_VENDOR	147068	0.9679601937657961	0.006171	0.04436	0.00043	0.076509	0.851858	1	0	0	0.0	[null,null,698,null]
V2	1	2	FORMAL_V2_G1_P2_M1_RULE_U01	M1_RULE_U01	25	1	A3_RAGGED_DIRECT	424	0.002790648694187026	0.006326	0.051736	0.000488	0.08606	0.372997	1	0	1	0.014849	[null,null,92,null]
V2	1	2	FORMAL_V2_G1_P2_M1_RULE_U01	M1_RULE_U01	26	1	A3_RAGGED_DIRECT	1	6.581718618365627e-06	0.006087	0.044404	0.000417	0.076882	0.200793	0	1	0	0.0	[null,null,151645,null]
V2	1	2	FORMAL_V2_G1_P2_B0_STRONG	B0_STRONG	0	4	A0_DENSE_VENDOR			0.0	0.0	0.0	0.0	0.737812	4	0	0	0.0	[515,515,515,515]
V2	1	2	FORMAL_V2_G1_P2_B0_STRONG	B0_STRONG	1	4	A0_DENSE_VENDOR			0.0	0.0	0.0	0.0	0.753633	4	0	0	0.0	[220,220,220,220]
V2	1	2	FORMAL_V2_G1_P2_B0_STRONG	B0_STRONG	2	4	A0_DENSE_VENDOR			0.0	0.0	0.0	0.0	0.757708	4	0	0	0.0	[330,330,330,330]
V2	1	2	FORMAL_V2_G1_P2_B0_STRONG	B0_STRONG	3	4	A0_DENSE_VENDOR			0.0	0.0	0.0	0.0	0.73131	4	0	0	0.0	[1355,4129,6045,2102]
V2	1	2	FORMAL_V2_G1_P2_B0_STRONG	B0_STRONG	4	4	A0_DENSE_VENDOR			0.0	0.0	0.0	0.0	0.74088	4	0	0	0.0	[1769,788,788,788]
V2	1	2	FORMAL_V2_G1_P2_B0_STRONG	B0_STRONG	5	4	A0_DENSE_VENDOR			0.0	0.0	0.0	0.0	0.764834	4	0	0	0.0	[788,220,220,330]
V2	1	2	FORMAL_V2_G1_P2_B0_STRONG	B0_STRONG	6	4	A0_DENSE_VENDOR			0.0	0.0	0.0	0.0	0.902188	4	0	0	0.0	[330,16,16,7849]
V2	1	2	FORMAL_V2_G1_P2_B0_STRONG	B0_STRONG	7	4	A0_DENSE_VENDOR			0.0	0.0	0.0	0.0	0.967234	4	0	0	0.0	[2428,17,15,29055]
V2	1	2	FORMAL_V2_G1_P2_B0_STRONG	B0_STRONG	8	4	A0_DENSE_VENDOR			0.0	0.0	0.0	0.0	0.991659	4	0	0	0.0	[1110,198,15,9295]
V2	1	2	FORMAL_V2_G1_P2_B0_STRONG	B0_STRONG	9	4	A0_DENSE_VENDOR			0.0	0.0	0.0	0.0	0.985528	4	0	0	0.0	[8687,92,15,10348]
V2	1	2	FORMAL_V2_G1_P2_B0_STRONG	B0_STRONG	10	4	A0_DENSE_VENDOR			0.0	0.0	0.0	0.0	0.956876	3	1	0	0.0	[905,151645,345,698]
V2	1	2	FORMAL_V2_G1_P2_B0_STRONG	B0_STRONG	11	3	A0_DENSE_VENDOR			0.0	0.0	0.0	0.0	0.868757	3	0	0	0.0	[698,null,220,92]
V2	1	2	FORMAL_V2_G1_P2_B0_STRONG	B0_STRONG	12	3	A0_DENSE_VENDOR			0.0	0.0	0.0	0.0	0.763682	2	1	0	0.0	[92,null,330,151645]
V2	1	2	FORMAL_V2_G1_P2_B0_STRONG	B0_STRONG	13	2	A0_DENSE_VENDOR			0.0	0.0	0.0	0.0	0.712394	1	1	0	0.0	[151645,null,1499,null]
V2	1	2	FORMAL_V2_G1_P2_B0_STRONG	B0_STRONG	14	1	A0_DENSE_VENDOR			0.0	0.0	0.0	0.0	0.700004	1	0	0	0.0	[null,null,788,null]
V2	1	2	FORMAL_V2_G1_P2_B0_STRONG	B0_STRONG	15	1	A0_DENSE_VENDOR			0.0	0.0	0.0	0.0	0.725792	1	0	0	0.0	[null,null,330,null]
V2	1	2	FORMAL_V2_G1_P2_B0_STRONG	B0_STRONG	16	1	A0_DENSE_VENDOR			0.0	0.0	0.0	0.0	0.821728	1	0	0	0.0	[null,null,26749,null]
V2	1	2	FORMAL_V2_G1_P2_B0_STRONG	B0_STRONG	17	1	A0_DENSE_VENDOR			0.0	0.0	0.0	0.0	0.844338	1	0	0	0.0	[null,null,756,null]
V2	1	2	FORMAL_V2_G1_P2_B0_STRONG	B0_STRONG	18	1	A0_DENSE_VENDOR			0.0	0.0	0.0	0.0	0.725316	1	0	0	0.0	[null,null,220,null]
V2	1	2	FORMAL_V2_G1_P2_B0_STRONG	B0_STRONG	19	1	A0_DENSE_VENDOR			0.0	0.0	0.0	0.0	0.728216	1	0	0	0.0	[null,null,330,null]
V2	1	2	FORMAL_V2_G1_P2_B0_STRONG	B0_STRONG	20	1	A0_DENSE_VENDOR			0.0	0.0	0.0	0.0	0.713005	1	0	0	0.0	[null,null,983,null]
V2	1	2	FORMAL_V2_G1_P2_B0_STRONG	B0_STRONG	21	1	A0_DENSE_VENDOR			0.0	0.0	0.0	0.0	0.713926	1	0	0	0.0	[null,null,788,null]
V2	1	2	FORMAL_V2_G1_P2_B0_STRONG	B0_STRONG	22	1	A0_DENSE_VENDOR			0.0	0.0	0.0	0.0	0.744097	1	0	0	0.0	[null,null,330,null]
V2	1	2	FORMAL_V2_G1_P2_B0_STRONG	B0_STRONG	23	1	A0_DENSE_VENDOR			0.0	0.0	0.0	0.0	0.831982	1	0	0	0.0	[null,null,54738,null]
V2	1	2	FORMAL_V2_G1_P2_B0_STRONG	B0_STRONG	24	1	A0_DENSE_VENDOR			0.0	0.0	0.0	0.0	0.824874	1	0	0	0.0	[null,null,698,null]
V2	1	2	FORMAL_V2_G1_P2_B0_STRONG	B0_STRONG	25	1	A0_DENSE_VENDOR			0.0	0.0	0.0	0.0	0.721644	1	0	0	0.0	[null,null,92,null]
V2	1	2	FORMAL_V2_G1_P2_B0_STRONG	B0_STRONG	26	1	A0_DENSE_VENDOR			0.0	0.0	0.0	0.0	0.156561	0	1	0	0.0	[null,null,151645,null]
V2	1	3	FORMAL_V2_G1_P3_M1_RULE_U01	M1_RULE_U01	0	4	A3_RAGGED_DIRECT	7	4.6072030328559395e-05	0.011202	0.059279	0.000645	0.101238	0.600194	4	0	1	0.044966	[515,515,515,515]
V2	1	3	FORMAL_V2_G1_P3_M1_RULE_U01	M1_RULE_U01	1	4	A3_RAGGED_DIRECT	429	0.0028235572872788543	0.009037	0.054147	0.000615	0.095205	0.696368	4	0	3	0.041855	[220,220,220,220]
V2	1	3	FORMAL_V2_G1_P3_M1_RULE_U01	M1_RULE_U01	2	4	A3_RAGGED_DIRECT	429	0.0028235572872788543	0.009282	0.054947	0.000607	0.100457	0.670632	4	0	3	0.040421	[330,330,330,330]
V2	1	3	FORMAL_V2_G1_P3_M1_RULE_U01	M1_RULE_U01	3	4	A3_RAGGED_DIRECT	27	0.00017770640269587195	0.008656	0.052556	0.000588	0.099961	0.681846	4	0	4	0.045844	[1355,4129,6045,2102]
V2	1	3	FORMAL_V2_G1_P3_M1_RULE_U01	M1_RULE_U01	4	4	A3_RAGGED_DIRECT	23	0.00015137952822240943	0.008683	0.055099	0.00059	0.100882	0.624654	4	0	3	0.038767	[1769,788,788,788]
V2	1	3	FORMAL_V2_G1_P3_M1_RULE_U01	M1_RULE_U01	5	4	A3_RAGGED_DIRECT	836	0.005502316764953665	0.008403	0.052336	0.000593	0.094757	0.67293	4	0	3	0.039394	[788,220,220,330]
V2	1	3	FORMAL_V2_G1_P3_M1_RULE_U01	M1_RULE_U01	6	4	A0_DENSE_VENDOR	147788	0.9726990311710194	0.008688	0.053216	0.000486	0.091123	0.967232	4	0	0	0.0	[330,16,16,7849]
V2	1	3	FORMAL_V2_G1_P3_M1_RULE_U01	M1_RULE_U01	7	4	A0_DENSE_VENDOR	147413	0.9702308866891323	0.008503	0.050839	0.000525	0.089755	1.024611	4	0	0	0.0	[2428,17,15,29055]
V2	1	3	FORMAL_V2_G1_P3_M1_RULE_U01	M1_RULE_U01	8	4	A0_DENSE_VENDOR	147413	0.9702308866891323	0.008748	0.050708	0.000529	0.095109	1.07042	4	0	0	0.0	[1110,198,15,9295]
V2	1	3	FORMAL_V2_G1_P3_M1_RULE_U01	M1_RULE_U01	9	4	A0_DENSE_VENDOR	147413	0.9702308866891323	0.008593	0.051991	0.000542	0.091085	1.032604	4	0	0	0.0	[8687,92,15,10348]
V2	1	3	FORMAL_V2_G1_P3_M1_RULE_U01	M1_RULE_U01	10	4	A0_DENSE_VENDOR	147414	0.9702374684077506	0.00945	0.05463	0.000592	0.094163	1.026103	3	1	0	0.0	[905,151645,345,698]
V2	1	3	FORMAL_V2_G1_P3_M1_RULE_U01	M1_RULE_U01	11	3	A0_DENSE_VENDOR	147405	0.9701782329401853	0.008826	0.052774	0.000547	0.091429	0.932546	3	0	0	0.0	[698,null,220,92]
V2	1	3	FORMAL_V2_G1_P3_M1_RULE_U01	M1_RULE_U01	12	3	A3_RAGGED_DIRECT	428	0.0028169755686604887	0.009023	0.055065	0.000598	0.096233	0.507799	2	1	2	0.023171	[92,null,330,151645]
V2	1	3	FORMAL_V2_G1_P3_M1_RULE_U01	M1_RULE_U01	13	2	A3_RAGGED_DIRECT	4	2.632687447346251e-05	0.008424	0.051752	0.00056	0.092245	0.435776	1	1	1	0.017069	[151645,null,1499,null]
V2	1	3	FORMAL_V2_G1_P3_M1_RULE_U01	M1_RULE_U01	14	1	A3_RAGGED_DIRECT	19	0.0001250526537489469	0.006479	0.047653	0.000472	0.082233	0.368971	1	0	1	0.013314	[null,null,788,null]
V2	1	3	FORMAL_V2_G1_P3_M1_RULE_U01	M1_RULE_U01	15	1	A3_RAGGED_DIRECT	822	0.005410172704296546	0.006376	0.046245	0.000482	0.081364	0.384761	1	0	1	0.014629	[null,null,330,null]
V2	1	3	FORMAL_V2_G1_P3_M1_RULE_U01	M1_RULE_U01	16	1	A0_DENSE_VENDOR	147137	0.9684143323504634	0.006124	0.045211	0.00047	0.078214	0.870842	1	0	0	0.0	[null,null,26749,null]
V2	1	3	FORMAL_V2_G1_P3_M1_RULE_U01	M1_RULE_U01	17	1	A0_DENSE_VENDOR	147137	0.9684143323504634	0.006159	0.045996	0.000434	0.080962	0.868126	1	0	0	0.0	[null,null,756,null]
V2	1	3	FORMAL_V2_G1_P3_M1_RULE_U01	M1_RULE_U01	18	1	A3_RAGGED_DIRECT	424	0.002790648694187026	0.00641	0.04655	0.000505	0.08228	0.385226	1	0	1	0.015588	[null,null,220,null]
V2	1	3	FORMAL_V2_G1_P3_M1_RULE_U01	M1_RULE_U01	19	1	A3_RAGGED_DIRECT	424	0.002790648694187026	0.006447	0.046585	0.000479	0.083033	0.416606	1	0	1	0.017143	[null,null,330,null]
V2	1	3	FORMAL_V2_G1_P3_M1_RULE_U01	M1_RULE_U01	20	1	A3_RAGGED_DIRECT	2	1.3163437236731255e-05	0.006127	0.045601	0.000455	0.078346	0.360489	1	0	1	0.015398	[null,null,983,null]
V2	1	3	FORMAL_V2_G1_P3_M1_RULE_U01	M1_RULE_U01	21	1	A3_RAGGED_DIRECT	17	0.00011188921651221567	0.006151	0.044673	0.00048	0.076265	0.363013	1	0	1	0.015245	[null,null,788,null]
V2	1	3	FORMAL_V2_G1_P3_M1_RULE_U01	M1_RULE_U01	22	1	A3_RAGGED_DIRECT	810	0.005331192080876158	0.006127	0.044772	0.000462	0.077944	0.369249	1	0	1	0.013964	[null,null,330,null]
V2	1	3	FORMAL_V2_G1_P3_M1_RULE_U01	M1_RULE_U01	23	1	A0_DENSE_VENDOR	147068	0.9679601937657961	0.00601	0.048186	0.00046	0.081827	0.875565	1	0	0	0.0	[null,null,54738,null]
V2	1	3	FORMAL_V2_G1_P3_M1_RULE_U01	M1_RULE_U01	24	1	A0_DENSE_VENDOR	147068	0.9679601937657961	0.006228	0.044834	0.00047	0.077966	0.863946	1	0	0	0.0	[null,null,698,null]
V2	1	3	FORMAL_V2_G1_P3_M1_RULE_U01	M1_RULE_U01	25	1	A3_RAGGED_DIRECT	424	0.002790648694187026	0.006064	0.044666	0.000453	0.078708	0.367252	1	0	1	0.014879	[null,null,92,null]
V2	1	3	FORMAL_V2_G1_P3_M1_RULE_U01	M1_RULE_U01	26	1	A3_RAGGED_DIRECT	1	6.581718618365627e-06	0.006258	0.04439	0.000435	0.076832	0.20691	0	1	0	0.0	[null,null,151645,null]
V2	1	3	FORMAL_V2_G1_P3_B0_STRONG	B0_STRONG	0	4	A0_DENSE_VENDOR			0.0	0.0	0.0	0.0	0.7512	4	0	0	0.0	[515,515,515,515]
V2	1	3	FORMAL_V2_G1_P3_B0_STRONG	B0_STRONG	1	4	A0_DENSE_VENDOR			0.0	0.0	0.0	0.0	0.768298	4	0	0	0.0	[220,220,220,220]
V2	1	3	FORMAL_V2_G1_P3_B0_STRONG	B0_STRONG	2	4	A0_DENSE_VENDOR			0.0	0.0	0.0	0.0	0.765589	4	0	0	0.0	[330,330,330,330]
V2	1	3	FORMAL_V2_G1_P3_B0_STRONG	B0_STRONG	3	4	A0_DENSE_VENDOR			0.0	0.0	0.0	0.0	0.738283	4	0	0	0.0	[1355,4129,6045,2102]
V2	1	3	FORMAL_V2_G1_P3_B0_STRONG	B0_STRONG	4	4	A0_DENSE_VENDOR			0.0	0.0	0.0	0.0	0.740543	4	0	0	0.0	[1769,788,788,788]
V2	1	3	FORMAL_V2_G1_P3_B0_STRONG	B0_STRONG	5	4	A0_DENSE_VENDOR			0.0	0.0	0.0	0.0	0.780279	4	0	0	0.0	[788,220,220,330]
V2	1	3	FORMAL_V2_G1_P3_B0_STRONG	B0_STRONG	6	4	A0_DENSE_VENDOR			0.0	0.0	0.0	0.0	0.893819	4	0	0	0.0	[330,16,16,7849]
V2	1	3	FORMAL_V2_G1_P3_B0_STRONG	B0_STRONG	7	4	A0_DENSE_VENDOR			0.0	0.0	0.0	0.0	0.972811	4	0	0	0.0	[2428,17,15,29055]
V2	1	3	FORMAL_V2_G1_P3_B0_STRONG	B0_STRONG	8	4	A0_DENSE_VENDOR			0.0	0.0	0.0	0.0	0.986934	4	0	0	0.0	[1110,198,15,9295]
V2	1	3	FORMAL_V2_G1_P3_B0_STRONG	B0_STRONG	9	4	A0_DENSE_VENDOR			0.0	0.0	0.0	0.0	0.973825	4	0	0	0.0	[8687,92,15,10348]
V2	1	3	FORMAL_V2_G1_P3_B0_STRONG	B0_STRONG	10	4	A0_DENSE_VENDOR			0.0	0.0	0.0	0.0	0.976056	3	1	0	0.0	[905,151645,345,698]
V2	1	3	FORMAL_V2_G1_P3_B0_STRONG	B0_STRONG	11	3	A0_DENSE_VENDOR			0.0	0.0	0.0	0.0	0.870095	3	0	0	0.0	[698,null,220,92]
V2	1	3	FORMAL_V2_G1_P3_B0_STRONG	B0_STRONG	12	3	A0_DENSE_VENDOR			0.0	0.0	0.0	0.0	0.766964	2	1	0	0.0	[92,null,330,151645]
V2	1	3	FORMAL_V2_G1_P3_B0_STRONG	B0_STRONG	13	2	A0_DENSE_VENDOR			0.0	0.0	0.0	0.0	0.710807	1	1	0	0.0	[151645,null,1499,null]
V2	1	3	FORMAL_V2_G1_P3_B0_STRONG	B0_STRONG	14	1	A0_DENSE_VENDOR			0.0	0.0	0.0	0.0	0.696291	1	0	0	0.0	[null,null,788,null]
V2	1	3	FORMAL_V2_G1_P3_B0_STRONG	B0_STRONG	15	1	A0_DENSE_VENDOR			0.0	0.0	0.0	0.0	0.72255	1	0	0	0.0	[null,null,330,null]
V2	1	3	FORMAL_V2_G1_P3_B0_STRONG	B0_STRONG	16	1	A0_DENSE_VENDOR			0.0	0.0	0.0	0.0	0.8382	1	0	0	0.0	[null,null,26749,null]
V2	1	3	FORMAL_V2_G1_P3_B0_STRONG	B0_STRONG	17	1	A0_DENSE_VENDOR			0.0	0.0	0.0	0.0	0.81949	1	0	0	0.0	[null,null,756,null]
V2	1	3	FORMAL_V2_G1_P3_B0_STRONG	B0_STRONG	18	1	A0_DENSE_VENDOR			0.0	0.0	0.0	0.0	0.725895	1	0	0	0.0	[null,null,220,null]
V2	1	3	FORMAL_V2_G1_P3_B0_STRONG	B0_STRONG	19	1	A0_DENSE_VENDOR			0.0	0.0	0.0	0.0	0.714123	1	0	0	0.0	[null,null,330,null]
V2	1	3	FORMAL_V2_G1_P3_B0_STRONG	B0_STRONG	20	1	A0_DENSE_VENDOR			0.0	0.0	0.0	0.0	0.70124	1	0	0	0.0	[null,null,983,null]
V2	1	3	FORMAL_V2_G1_P3_B0_STRONG	B0_STRONG	21	1	A0_DENSE_VENDOR			0.0	0.0	0.0	0.0	0.704606	1	0	0	0.0	[null,null,788,null]
V2	1	3	FORMAL_V2_G1_P3_B0_STRONG	B0_STRONG	22	1	A0_DENSE_VENDOR			0.0	0.0	0.0	0.0	0.737049	1	0	0	0.0	[null,null,330,null]
V2	1	3	FORMAL_V2_G1_P3_B0_STRONG	B0_STRONG	23	1	A0_DENSE_VENDOR			0.0	0.0	0.0	0.0	0.827076	1	0	0	0.0	[null,null,54738,null]
V2	1	3	FORMAL_V2_G1_P3_B0_STRONG	B0_STRONG	24	1	A0_DENSE_VENDOR			0.0	0.0	0.0	0.0	0.815007	1	0	0	0.0	[null,null,698,null]
V2	1	3	FORMAL_V2_G1_P3_B0_STRONG	B0_STRONG	25	1	A0_DENSE_VENDOR			0.0	0.0	0.0	0.0	0.724298	1	0	0	0.0	[null,null,92,null]
V2	1	3	FORMAL_V2_G1_P3_B0_STRONG	B0_STRONG	26	1	A0_DENSE_VENDOR			0.0	0.0	0.0	0.0	0.163815	0	1	0	0.0	[null,null,151645,null]
V2	1	4	FORMAL_V2_G1_P4_M1_RULE_U01	M1_RULE_U01	0	4	A3_RAGGED_DIRECT	7	4.6072030328559395e-05	0.010884	0.060001	0.000626	0.101618	0.615112	4	0	1	0.052873	[515,515,515,515]
V2	1	4	FORMAL_V2_G1_P4_M1_RULE_U01	M1_RULE_U01	1	4	A3_RAGGED_DIRECT	429	0.0028235572872788543	0.008897	0.055437	0.000504	0.100674	0.671637	4	0	3	0.041708	[220,220,220,220]
V2	1	4	FORMAL_V2_G1_P4_M1_RULE_U01	M1_RULE_U01	2	4	A3_RAGGED_DIRECT	429	0.0028235572872788543	0.009	0.054045	0.000509	0.095116	0.654439	4	0	3	0.039704	[330,330,330,330]
V2	1	4	FORMAL_V2_G1_P4_M1_RULE_U01	M1_RULE_U01	3	4	A3_RAGGED_DIRECT	27	0.00017770640269587195	0.008975	0.052479	0.000602	0.097809	0.659414	4	0	4	0.040288	[1355,4129,6045,2102]
V2	1	4	FORMAL_V2_G1_P4_M1_RULE_U01	M1_RULE_U01	4	4	A3_RAGGED_DIRECT	23	0.00015137952822240943	0.008711	0.051992	0.000525	0.092043	0.611241	4	0	3	0.038672	[1769,788,788,788]
V2	1	4	FORMAL_V2_G1_P4_M1_RULE_U01	M1_RULE_U01	5	4	A3_RAGGED_DIRECT	836	0.005502316764953665	0.008482	0.052258	0.000637	0.095427	0.658436	4	0	3	0.039308	[788,220,220,330]
V2	1	4	FORMAL_V2_G1_P4_M1_RULE_U01	M1_RULE_U01	6	4	A0_DENSE_VENDOR	147788	0.9726990311710194	0.008684	0.053126	0.000537	0.090192	0.974963	4	0	0	0.0	[330,16,16,7849]
V2	1	4	FORMAL_V2_G1_P4_M1_RULE_U01	M1_RULE_U01	7	4	A0_DENSE_VENDOR	147413	0.9702308866891323	0.00828	0.050534	0.000519	0.088705	1.031711	4	0	0	0.0	[2428,17,15,29055]
V2	1	4	FORMAL_V2_G1_P4_M1_RULE_U01	M1_RULE_U01	8	4	A0_DENSE_VENDOR	147413	0.9702308866891323	0.008833	0.054098	0.000548	0.09486	1.033872	4	0	0	0.0	[1110,198,15,9295]
V2	1	4	FORMAL_V2_G1_P4_M1_RULE_U01	M1_RULE_U01	9	4	A0_DENSE_VENDOR	147413	0.9702308866891323	0.008467	0.052195	0.000567	0.090828	1.028201	4	0	0	0.0	[8687,92,15,10348]
V2	1	4	FORMAL_V2_G1_P4_M1_RULE_U01	M1_RULE_U01	10	4	A0_DENSE_VENDOR	147414	0.9702374684077506	0.00982	0.053111	0.000521	0.093371	1.062313	3	1	0	0.0	[905,151645,345,698]
V2	1	4	FORMAL_V2_G1_P4_M1_RULE_U01	M1_RULE_U01	11	3	A0_DENSE_VENDOR	147405	0.9701782329401853	0.009203	0.052861	0.000579	0.092819	0.934784	3	0	0	0.0	[698,null,220,92]
V2	1	4	FORMAL_V2_G1_P4_M1_RULE_U01	M1_RULE_U01	12	3	A3_RAGGED_DIRECT	428	0.0028169755686604887	0.008205	0.05519	0.000565	0.09457	0.531172	2	1	2	0.0232	[92,null,330,151645]
V2	1	4	FORMAL_V2_G1_P4_M1_RULE_U01	M1_RULE_U01	13	2	A3_RAGGED_DIRECT	4	2.632687447346251e-05	0.00797	0.052641	0.000568	0.094249	0.422299	1	1	1	0.015786	[151645,null,1499,null]
V2	1	4	FORMAL_V2_G1_P4_M1_RULE_U01	M1_RULE_U01	14	1	A3_RAGGED_DIRECT	19	0.0001250526537489469	0.006294	0.046246	0.000481	0.081105	0.381399	1	0	1	0.015696	[null,null,788,null]
V2	1	4	FORMAL_V2_G1_P4_M1_RULE_U01	M1_RULE_U01	15	1	A3_RAGGED_DIRECT	822	0.005410172704296546	0.00626	0.045686	0.000481	0.082134	0.398584	1	0	1	0.015615	[null,null,330,null]
V2	1	4	FORMAL_V2_G1_P4_M1_RULE_U01	M1_RULE_U01	16	1	A0_DENSE_VENDOR	147137	0.9684143323504634	0.006248	0.045542	0.000446	0.07844	0.865092	1	0	0	0.0	[null,null,26749,null]
V2	1	4	FORMAL_V2_G1_P4_M1_RULE_U01	M1_RULE_U01	17	1	A0_DENSE_VENDOR	147137	0.9684143323504634	0.006305	0.045782	0.000474	0.081333	0.878351	1	0	0	0.0	[null,null,756,null]
V2	1	4	FORMAL_V2_G1_P4_M1_RULE_U01	M1_RULE_U01	18	1	A3_RAGGED_DIRECT	424	0.002790648694187026	0.006435	0.046833	0.000498	0.082998	0.389585	1	0	1	0.015896	[null,null,220,null]
V2	1	4	FORMAL_V2_G1_P4_M1_RULE_U01	M1_RULE_U01	19	1	A3_RAGGED_DIRECT	424	0.002790648694187026	0.006167	0.045525	0.000441	0.081061	0.399115	1	0	1	0.015214	[null,null,330,null]
V2	1	4	FORMAL_V2_G1_P4_M1_RULE_U01	M1_RULE_U01	20	1	A3_RAGGED_DIRECT	2	1.3163437236731255e-05	0.006174	0.045183	0.000455	0.077626	0.365318	1	0	1	0.015999	[null,null,983,null]
V2	1	4	FORMAL_V2_G1_P4_M1_RULE_U01	M1_RULE_U01	21	1	A3_RAGGED_DIRECT	17	0.00011188921651221567	0.005952	0.044562	0.00043	0.076016	0.355988	1	0	1	0.014499	[null,null,788,null]
V2	1	4	FORMAL_V2_G1_P4_M1_RULE_U01	M1_RULE_U01	22	1	A3_RAGGED_DIRECT	810	0.005331192080876158	0.006153	0.044936	0.000444	0.078617	0.373723	1	0	1	0.015154	[null,null,330,null]
V2	1	4	FORMAL_V2_G1_P4_M1_RULE_U01	M1_RULE_U01	23	1	A0_DENSE_VENDOR	147068	0.9679601937657961	0.005982	0.043177	0.00044	0.076429	0.857991	1	0	0	0.0	[null,null,54738,null]
V2	1	4	FORMAL_V2_G1_P4_M1_RULE_U01	M1_RULE_U01	24	1	A0_DENSE_VENDOR	147068	0.9679601937657961	0.006062	0.044488	0.000415	0.07685	0.848197	1	0	0	0.0	[null,null,698,null]
V2	1	4	FORMAL_V2_G1_P4_M1_RULE_U01	M1_RULE_U01	25	1	A3_RAGGED_DIRECT	424	0.002790648694187026	0.012218	0.046302	0.00049	0.086502	0.396469	1	0	1	0.021651	[null,null,92,null]
V2	1	4	FORMAL_V2_G1_P4_M1_RULE_U01	M1_RULE_U01	26	1	A3_RAGGED_DIRECT	1	6.581718618365627e-06	0.006286	0.044322	0.000456	0.076899	0.19751	0	1	0	0.0	[null,null,151645,null]
V2	1	4	FORMAL_V2_G1_P4_B0_STRONG	B0_STRONG	0	4	A0_DENSE_VENDOR			0.0	0.0	0.0	0.0	0.747636	4	0	0	0.0	[515,515,515,515]
V2	1	4	FORMAL_V2_G1_P4_B0_STRONG	B0_STRONG	1	4	A0_DENSE_VENDOR			0.0	0.0	0.0	0.0	0.750518	4	0	0	0.0	[220,220,220,220]
V2	1	4	FORMAL_V2_G1_P4_B0_STRONG	B0_STRONG	2	4	A0_DENSE_VENDOR			0.0	0.0	0.0	0.0	0.76427	4	0	0	0.0	[330,330,330,330]
V2	1	4	FORMAL_V2_G1_P4_B0_STRONG	B0_STRONG	3	4	A0_DENSE_VENDOR			0.0	0.0	0.0	0.0	0.721266	4	0	0	0.0	[1355,4129,6045,2102]
V2	1	4	FORMAL_V2_G1_P4_B0_STRONG	B0_STRONG	4	4	A0_DENSE_VENDOR			0.0	0.0	0.0	0.0	0.745204	4	0	0	0.0	[1769,788,788,788]
V2	1	4	FORMAL_V2_G1_P4_B0_STRONG	B0_STRONG	5	4	A0_DENSE_VENDOR			0.0	0.0	0.0	0.0	0.771047	4	0	0	0.0	[788,220,220,330]
V2	1	4	FORMAL_V2_G1_P4_B0_STRONG	B0_STRONG	6	4	A0_DENSE_VENDOR			0.0	0.0	0.0	0.0	0.900664	4	0	0	0.0	[330,16,16,7849]
V2	1	4	FORMAL_V2_G1_P4_B0_STRONG	B0_STRONG	7	4	A0_DENSE_VENDOR			0.0	0.0	0.0	0.0	0.9603	4	0	0	0.0	[2428,17,15,29055]
V2	1	4	FORMAL_V2_G1_P4_B0_STRONG	B0_STRONG	8	4	A0_DENSE_VENDOR			0.0	0.0	0.0	0.0	0.987237	4	0	0	0.0	[1110,198,15,9295]
V2	1	4	FORMAL_V2_G1_P4_B0_STRONG	B0_STRONG	9	4	A0_DENSE_VENDOR			0.0	0.0	0.0	0.0	0.972332	4	0	0	0.0	[8687,92,15,10348]
V2	1	4	FORMAL_V2_G1_P4_B0_STRONG	B0_STRONG	10	4	A0_DENSE_VENDOR			0.0	0.0	0.0	0.0	0.970643	3	1	0	0.0	[905,151645,345,698]
V2	1	4	FORMAL_V2_G1_P4_B0_STRONG	B0_STRONG	11	3	A0_DENSE_VENDOR			0.0	0.0	0.0	0.0	0.857192	3	0	0	0.0	[698,null,220,92]
V2	1	4	FORMAL_V2_G1_P4_B0_STRONG	B0_STRONG	12	3	A0_DENSE_VENDOR			0.0	0.0	0.0	0.0	0.758947	2	1	0	0.0	[92,null,330,151645]
V2	1	4	FORMAL_V2_G1_P4_B0_STRONG	B0_STRONG	13	2	A0_DENSE_VENDOR			0.0	0.0	0.0	0.0	0.707433	1	1	0	0.0	[151645,null,1499,null]
V2	1	4	FORMAL_V2_G1_P4_B0_STRONG	B0_STRONG	14	1	A0_DENSE_VENDOR			0.0	0.0	0.0	0.0	0.71131	1	0	0	0.0	[null,null,788,null]
V2	1	4	FORMAL_V2_G1_P4_B0_STRONG	B0_STRONG	15	1	A0_DENSE_VENDOR			0.0	0.0	0.0	0.0	0.735093	1	0	0	0.0	[null,null,330,null]
V2	1	4	FORMAL_V2_G1_P4_B0_STRONG	B0_STRONG	16	1	A0_DENSE_VENDOR			0.0	0.0	0.0	0.0	0.835388	1	0	0	0.0	[null,null,26749,null]
V2	1	4	FORMAL_V2_G1_P4_B0_STRONG	B0_STRONG	17	1	A0_DENSE_VENDOR			0.0	0.0	0.0	0.0	0.842863	1	0	0	0.0	[null,null,756,null]
V2	1	4	FORMAL_V2_G1_P4_B0_STRONG	B0_STRONG	18	1	A0_DENSE_VENDOR			0.0	0.0	0.0	0.0	0.714282	1	0	0	0.0	[null,null,220,null]
V2	1	4	FORMAL_V2_G1_P4_B0_STRONG	B0_STRONG	19	1	A0_DENSE_VENDOR			0.0	0.0	0.0	0.0	0.723773	1	0	0	0.0	[null,null,330,null]
V2	1	4	FORMAL_V2_G1_P4_B0_STRONG	B0_STRONG	20	1	A0_DENSE_VENDOR			0.0	0.0	0.0	0.0	0.706305	1	0	0	0.0	[null,null,983,null]
V2	1	4	FORMAL_V2_G1_P4_B0_STRONG	B0_STRONG	21	1	A0_DENSE_VENDOR			0.0	0.0	0.0	0.0	0.709009	1	0	0	0.0	[null,null,788,null]
V2	1	4	FORMAL_V2_G1_P4_B0_STRONG	B0_STRONG	22	1	A0_DENSE_VENDOR			0.0	0.0	0.0	0.0	0.743586	1	0	0	0.0	[null,null,330,null]
V2	1	4	FORMAL_V2_G1_P4_B0_STRONG	B0_STRONG	23	1	A0_DENSE_VENDOR			0.0	0.0	0.0	0.0	0.832736	1	0	0	0.0	[null,null,54738,null]
V2	1	4	FORMAL_V2_G1_P4_B0_STRONG	B0_STRONG	24	1	A0_DENSE_VENDOR			0.0	0.0	0.0	0.0	0.838203	1	0	0	0.0	[null,null,698,null]
V2	1	4	FORMAL_V2_G1_P4_B0_STRONG	B0_STRONG	25	1	A0_DENSE_VENDOR			0.0	0.0	0.0	0.0	0.722607	1	0	0	0.0	[null,null,92,null]
V2	1	4	FORMAL_V2_G1_P4_B0_STRONG	B0_STRONG	26	1	A0_DENSE_VENDOR			0.0	0.0	0.0	0.0	0.155276	0	1	0	0.0	[null,null,151645,null]
V2	2	0	FORMAL_V2_G2_P0_B0_STRONG	B0_STRONG	0	4	A0_DENSE_VENDOR			0.0	0.0	0.0	0.0	0.738712	4	0	0	0.0	[515,515,515,515]
V2	2	0	FORMAL_V2_G2_P0_B0_STRONG	B0_STRONG	1	4	A0_DENSE_VENDOR			0.0	0.0	0.0	0.0	0.761446	4	0	0	0.0	[220,220,220,220]
V2	2	0	FORMAL_V2_G2_P0_B0_STRONG	B0_STRONG	2	4	A0_DENSE_VENDOR			0.0	0.0	0.0	0.0	0.767047	4	0	0	0.0	[330,330,330,330]
V2	2	0	FORMAL_V2_G2_P0_B0_STRONG	B0_STRONG	3	4	A0_DENSE_VENDOR			0.0	0.0	0.0	0.0	0.724716	4	0	0	0.0	[1355,4129,6045,2102]
V2	2	0	FORMAL_V2_G2_P0_B0_STRONG	B0_STRONG	4	4	A0_DENSE_VENDOR			0.0	0.0	0.0	0.0	0.735725	4	0	0	0.0	[1769,788,788,788]
V2	2	0	FORMAL_V2_G2_P0_B0_STRONG	B0_STRONG	5	4	A0_DENSE_VENDOR			0.0	0.0	0.0	0.0	0.77616	4	0	0	0.0	[788,220,220,330]
V2	2	0	FORMAL_V2_G2_P0_B0_STRONG	B0_STRONG	6	4	A0_DENSE_VENDOR			0.0	0.0	0.0	0.0	0.875517	4	0	0	0.0	[330,16,16,7849]
V2	2	0	FORMAL_V2_G2_P0_B0_STRONG	B0_STRONG	7	4	A0_DENSE_VENDOR			0.0	0.0	0.0	0.0	0.986434	4	0	0	0.0	[2428,17,15,29055]
V2	2	0	FORMAL_V2_G2_P0_B0_STRONG	B0_STRONG	8	4	A0_DENSE_VENDOR			0.0	0.0	0.0	0.0	0.973556	4	0	0	0.0	[1110,198,15,9295]
V2	2	0	FORMAL_V2_G2_P0_B0_STRONG	B0_STRONG	9	4	A0_DENSE_VENDOR			0.0	0.0	0.0	0.0	0.992571	4	0	0	0.0	[8687,92,15,10348]
V2	2	0	FORMAL_V2_G2_P0_B0_STRONG	B0_STRONG	10	4	A0_DENSE_VENDOR			0.0	0.0	0.0	0.0	0.958682	3	1	0	0.0	[905,151645,345,698]
V2	2	0	FORMAL_V2_G2_P0_B0_STRONG	B0_STRONG	11	3	A0_DENSE_VENDOR			0.0	0.0	0.0	0.0	0.863943	3	0	0	0.0	[698,null,220,92]
V2	2	0	FORMAL_V2_G2_P0_B0_STRONG	B0_STRONG	12	3	A0_DENSE_VENDOR			0.0	0.0	0.0	0.0	0.766767	2	1	0	0.0	[92,null,330,151645]
V2	2	0	FORMAL_V2_G2_P0_B0_STRONG	B0_STRONG	13	2	A0_DENSE_VENDOR			0.0	0.0	0.0	0.0	0.713962	1	1	0	0.0	[151645,null,1499,null]
V2	2	0	FORMAL_V2_G2_P0_B0_STRONG	B0_STRONG	14	1	A0_DENSE_VENDOR			0.0	0.0	0.0	0.0	0.706851	1	0	0	0.0	[null,null,788,null]
V2	2	0	FORMAL_V2_G2_P0_B0_STRONG	B0_STRONG	15	1	A0_DENSE_VENDOR			0.0	0.0	0.0	0.0	0.727102	1	0	0	0.0	[null,null,330,null]
V2	2	0	FORMAL_V2_G2_P0_B0_STRONG	B0_STRONG	16	1	A0_DENSE_VENDOR			0.0	0.0	0.0	0.0	0.823949	1	0	0	0.0	[null,null,26749,null]
V2	2	0	FORMAL_V2_G2_P0_B0_STRONG	B0_STRONG	17	1	A0_DENSE_VENDOR			0.0	0.0	0.0	0.0	0.840816	1	0	0	0.0	[null,null,756,null]
V2	2	0	FORMAL_V2_G2_P0_B0_STRONG	B0_STRONG	18	1	A0_DENSE_VENDOR			0.0	0.0	0.0	0.0	0.729939	1	0	0	0.0	[null,null,220,null]
V2	2	0	FORMAL_V2_G2_P0_B0_STRONG	B0_STRONG	19	1	A0_DENSE_VENDOR			0.0	0.0	0.0	0.0	0.727738	1	0	0	0.0	[null,null,330,null]
V2	2	0	FORMAL_V2_G2_P0_B0_STRONG	B0_STRONG	20	1	A0_DENSE_VENDOR			0.0	0.0	0.0	0.0	0.711975	1	0	0	0.0	[null,null,983,null]
V2	2	0	FORMAL_V2_G2_P0_B0_STRONG	B0_STRONG	21	1	A0_DENSE_VENDOR			0.0	0.0	0.0	0.0	0.70942	1	0	0	0.0	[null,null,788,null]
V2	2	0	FORMAL_V2_G2_P0_B0_STRONG	B0_STRONG	22	1	A0_DENSE_VENDOR			0.0	0.0	0.0	0.0	0.735523	1	0	0	0.0	[null,null,330,null]
V2	2	0	FORMAL_V2_G2_P0_B0_STRONG	B0_STRONG	23	1	A0_DENSE_VENDOR			0.0	0.0	0.0	0.0	0.836164	1	0	0	0.0	[null,null,54738,null]
V2	2	0	FORMAL_V2_G2_P0_B0_STRONG	B0_STRONG	24	1	A0_DENSE_VENDOR			0.0	0.0	0.0	0.0	0.837737	1	0	0	0.0	[null,null,698,null]
V2	2	0	FORMAL_V2_G2_P0_B0_STRONG	B0_STRONG	25	1	A0_DENSE_VENDOR			0.0	0.0	0.0	0.0	0.719496	1	0	0	0.0	[null,null,92,null]
V2	2	0	FORMAL_V2_G2_P0_B0_STRONG	B0_STRONG	26	1	A0_DENSE_VENDOR			0.0	0.0	0.0	0.0	0.158355	0	1	0	0.0	[null,null,151645,null]
V2	2	0	FORMAL_V2_G2_P0_M1_RULE_U01	M1_RULE_U01	0	4	A3_RAGGED_DIRECT	7	4.6072030328559395e-05	0.010901	0.060644	0.000839	0.104669	0.604826	4	0	1	0.045339	[515,515,515,515]
V2	2	0	FORMAL_V2_G2_P0_M1_RULE_U01	M1_RULE_U01	1	4	A3_RAGGED_DIRECT	429	0.0028235572872788543	0.009149	0.055676	0.000543	0.096617	0.690209	4	0	3	0.041491	[220,220,220,220]
V2	2	0	FORMAL_V2_G2_P0_M1_RULE_U01	M1_RULE_U01	2	4	A3_RAGGED_DIRECT	429	0.0028235572872788543	0.008909	0.054611	0.000567	0.095315	0.662298	4	0	3	0.04021	[330,330,330,330]
V2	2	0	FORMAL_V2_G2_P0_M1_RULE_U01	M1_RULE_U01	3	4	A3_RAGGED_DIRECT	27	0.00017770640269587195	0.008624	0.052727	0.000501	0.093221	0.648435	4	0	4	0.040522	[1355,4129,6045,2102]
V2	2	0	FORMAL_V2_G2_P0_M1_RULE_U01	M1_RULE_U01	4	4	A3_RAGGED_DIRECT	23	0.00015137952822240943	0.008959	0.053517	0.000596	0.093277	0.624546	4	0	3	0.039209	[1769,788,788,788]
V2	2	0	FORMAL_V2_G2_P0_M1_RULE_U01	M1_RULE_U01	5	4	A3_RAGGED_DIRECT	836	0.005502316764953665	0.008395	0.050685	0.000604	0.09265	0.649682	4	0	3	0.038421	[788,220,220,330]
V2	2	0	FORMAL_V2_G2_P0_M1_RULE_U01	M1_RULE_U01	6	4	A0_DENSE_VENDOR	147788	0.9726990311710194	0.008487	0.053234	0.000533	0.090711	0.952371	4	0	0	0.0	[330,16,16,7849]
V2	2	0	FORMAL_V2_G2_P0_M1_RULE_U01	M1_RULE_U01	7	4	A0_DENSE_VENDOR	147413	0.9702308866891323	0.008393	0.050668	0.000559	0.088693	1.024252	4	0	0	0.0	[2428,17,15,29055]
V2	2	0	FORMAL_V2_G2_P0_M1_RULE_U01	M1_RULE_U01	8	4	A0_DENSE_VENDOR	147413	0.9702308866891323	0.009056	0.054248	0.000536	0.096017	1.054636	4	0	0	0.0	[1110,198,15,9295]
V2	2	0	FORMAL_V2_G2_P0_M1_RULE_U01	M1_RULE_U01	9	4	A0_DENSE_VENDOR	147413	0.9702308866891323	0.00847	0.052051	0.000552	0.090935	1.046421	4	0	0	0.0	[8687,92,15,10348]
V2	2	0	FORMAL_V2_G2_P0_M1_RULE_U01	M1_RULE_U01	10	4	A0_DENSE_VENDOR	147414	0.9702374684077506	0.009248	0.054957	0.000555	0.094545	1.048504	3	1	0	0.0	[905,151645,345,698]
V2	2	0	FORMAL_V2_G2_P0_M1_RULE_U01	M1_RULE_U01	11	3	A0_DENSE_VENDOR	147405	0.9701782329401853	0.008676	0.052502	0.000566	0.091421	0.939553	3	0	0	0.0	[698,null,220,92]
V2	2	0	FORMAL_V2_G2_P0_M1_RULE_U01	M1_RULE_U01	12	3	A3_RAGGED_DIRECT	428	0.0028169755686604887	0.008911	0.054654	0.000571	0.095669	0.517035	2	1	2	0.023288	[92,null,330,151645]
V2	2	0	FORMAL_V2_G2_P0_M1_RULE_U01	M1_RULE_U01	13	2	A3_RAGGED_DIRECT	4	2.632687447346251e-05	0.008539	0.053786	0.000573	0.09551	0.450403	1	1	1	0.018103	[151645,null,1499,null]
V2	2	0	FORMAL_V2_G2_P0_M1_RULE_U01	M1_RULE_U01	14	1	A3_RAGGED_DIRECT	19	0.0001250526537489469	0.006529	0.047724	0.000472	0.081808	0.366279	1	0	1	0.015997	[null,null,788,null]
V2	2	0	FORMAL_V2_G2_P0_M1_RULE_U01	M1_RULE_U01	15	1	A3_RAGGED_DIRECT	822	0.005410172704296546	0.006401	0.047975	0.000455	0.083432	0.38445	1	0	1	0.014003	[null,null,330,null]
V2	2	0	FORMAL_V2_G2_P0_M1_RULE_U01	M1_RULE_U01	16	1	A0_DENSE_VENDOR	147137	0.9684143323504634	0.006224	0.045125	0.000442	0.078107	0.88422	1	0	0	0.0	[null,null,26749,null]
V2	2	0	FORMAL_V2_G2_P0_M1_RULE_U01	M1_RULE_U01	17	1	A0_DENSE_VENDOR	147137	0.9684143323504634	0.006118	0.045922	0.000448	0.081992	0.868779	1	0	0	0.0	[null,null,756,null]
V2	2	0	FORMAL_V2_G2_P0_M1_RULE_U01	M1_RULE_U01	18	1	A3_RAGGED_DIRECT	424	0.002790648694187026	0.00645	0.046714	0.000493	0.08265	0.390275	1	0	1	0.015991	[null,null,220,null]
V2	2	0	FORMAL_V2_G2_P0_M1_RULE_U01	M1_RULE_U01	19	1	A3_RAGGED_DIRECT	424	0.002790648694187026	0.006474	0.046049	0.000423	0.081767	0.424455	1	0	1	0.01788	[null,null,330,null]
V2	2	0	FORMAL_V2_G2_P0_M1_RULE_U01	M1_RULE_U01	20	1	A3_RAGGED_DIRECT	2	1.3163437236731255e-05	0.006316	0.045486	0.000429	0.078063	0.355546	1	0	1	0.015573	[null,null,983,null]
V2	2	0	FORMAL_V2_G2_P0_M1_RULE_U01	M1_RULE_U01	21	1	A3_RAGGED_DIRECT	17	0.00011188921651221567	0.006242	0.044289	0.000424	0.076352	0.356231	1	0	1	0.018417	[null,null,788,null]
V2	2	0	FORMAL_V2_G2_P0_M1_RULE_U01	M1_RULE_U01	22	1	A3_RAGGED_DIRECT	810	0.005331192080876158	0.006085	0.044436	0.000455	0.078315	0.367016	1	0	1	0.015177	[null,null,330,null]
V2	2	0	FORMAL_V2_G2_P0_M1_RULE_U01	M1_RULE_U01	23	1	A0_DENSE_VENDOR	147068	0.9679601937657961	0.006146	0.043375	0.000431	0.076673	0.851925	1	0	0	0.0	[null,null,54738,null]
V2	2	0	FORMAL_V2_G2_P0_M1_RULE_U01	M1_RULE_U01	24	1	A0_DENSE_VENDOR	147068	0.9679601937657961	0.00621	0.044736	0.000431	0.076993	0.846162	1	0	0	0.0	[null,null,698,null]
V2	2	0	FORMAL_V2_G2_P0_M1_RULE_U01	M1_RULE_U01	25	1	A3_RAGGED_DIRECT	424	0.002790648694187026	0.006286	0.044899	0.000456	0.078755	0.373478	1	0	1	0.014772	[null,null,92,null]
V2	2	0	FORMAL_V2_G2_P0_M1_RULE_U01	M1_RULE_U01	26	1	A3_RAGGED_DIRECT	1	6.581718618365627e-06	0.006187	0.044625	0.000448	0.077172	0.195571	0	1	0	0.0	[null,null,151645,null]
V2	2	1	FORMAL_V2_G2_P1_B0_STRONG	B0_STRONG	0	4	A0_DENSE_VENDOR			0.0	0.0	0.0	0.0	0.752412	4	0	0	0.0	[515,515,515,515]
V2	2	1	FORMAL_V2_G2_P1_B0_STRONG	B0_STRONG	1	4	A0_DENSE_VENDOR			0.0	0.0	0.0	0.0	0.756344	4	0	0	0.0	[220,220,220,220]
V2	2	1	FORMAL_V2_G2_P1_B0_STRONG	B0_STRONG	2	4	A0_DENSE_VENDOR			0.0	0.0	0.0	0.0	0.761251	4	0	0	0.0	[330,330,330,330]
V2	2	1	FORMAL_V2_G2_P1_B0_STRONG	B0_STRONG	3	4	A0_DENSE_VENDOR			0.0	0.0	0.0	0.0	0.73438	4	0	0	0.0	[1355,4129,6045,2102]
V2	2	1	FORMAL_V2_G2_P1_B0_STRONG	B0_STRONG	4	4	A0_DENSE_VENDOR			0.0	0.0	0.0	0.0	0.734971	4	0	0	0.0	[1769,788,788,788]
V2	2	1	FORMAL_V2_G2_P1_B0_STRONG	B0_STRONG	5	4	A0_DENSE_VENDOR			0.0	0.0	0.0	0.0	0.781985	4	0	0	0.0	[788,220,220,330]
V2	2	1	FORMAL_V2_G2_P1_B0_STRONG	B0_STRONG	6	4	A0_DENSE_VENDOR			0.0	0.0	0.0	0.0	0.909419	4	0	0	0.0	[330,16,16,7849]
V2	2	1	FORMAL_V2_G2_P1_B0_STRONG	B0_STRONG	7	4	A0_DENSE_VENDOR			0.0	0.0	0.0	0.0	0.965081	4	0	0	0.0	[2428,17,15,29055]
V2	2	1	FORMAL_V2_G2_P1_B0_STRONG	B0_STRONG	8	4	A0_DENSE_VENDOR			0.0	0.0	0.0	0.0	0.980659	4	0	0	0.0	[1110,198,15,9295]
V2	2	1	FORMAL_V2_G2_P1_B0_STRONG	B0_STRONG	9	4	A0_DENSE_VENDOR			0.0	0.0	0.0	0.0	0.969106	4	0	0	0.0	[8687,92,15,10348]
V2	2	1	FORMAL_V2_G2_P1_B0_STRONG	B0_STRONG	10	4	A0_DENSE_VENDOR			0.0	0.0	0.0	0.0	0.974329	3	1	0	0.0	[905,151645,345,698]
V2	2	1	FORMAL_V2_G2_P1_B0_STRONG	B0_STRONG	11	3	A0_DENSE_VENDOR			0.0	0.0	0.0	0.0	0.889495	3	0	0	0.0	[698,null,220,92]
V2	2	1	FORMAL_V2_G2_P1_B0_STRONG	B0_STRONG	12	3	A0_DENSE_VENDOR			0.0	0.0	0.0	0.0	0.765254	2	1	0	0.0	[92,null,330,151645]
V2	2	1	FORMAL_V2_G2_P1_B0_STRONG	B0_STRONG	13	2	A0_DENSE_VENDOR			0.0	0.0	0.0	0.0	0.711028	1	1	0	0.0	[151645,null,1499,null]
V2	2	1	FORMAL_V2_G2_P1_B0_STRONG	B0_STRONG	14	1	A0_DENSE_VENDOR			0.0	0.0	0.0	0.0	0.705156	1	0	0	0.0	[null,null,788,null]
V2	2	1	FORMAL_V2_G2_P1_B0_STRONG	B0_STRONG	15	1	A0_DENSE_VENDOR			0.0	0.0	0.0	0.0	0.723566	1	0	0	0.0	[null,null,330,null]
V2	2	1	FORMAL_V2_G2_P1_B0_STRONG	B0_STRONG	16	1	A0_DENSE_VENDOR			0.0	0.0	0.0	0.0	0.841637	1	0	0	0.0	[null,null,26749,null]
V2	2	1	FORMAL_V2_G2_P1_B0_STRONG	B0_STRONG	17	1	A0_DENSE_VENDOR			0.0	0.0	0.0	0.0	0.822707	1	0	0	0.0	[null,null,756,null]
V2	2	1	FORMAL_V2_G2_P1_B0_STRONG	B0_STRONG	18	1	A0_DENSE_VENDOR			0.0	0.0	0.0	0.0	0.72198	1	0	0	0.0	[null,null,220,null]
V2	2	1	FORMAL_V2_G2_P1_B0_STRONG	B0_STRONG	19	1	A0_DENSE_VENDOR			0.0	0.0	0.0	0.0	0.73131	1	0	0	0.0	[null,null,330,null]
V2	2	1	FORMAL_V2_G2_P1_B0_STRONG	B0_STRONG	20	1	A0_DENSE_VENDOR			0.0	0.0	0.0	0.0	0.699996	1	0	0	0.0	[null,null,983,null]
V2	2	1	FORMAL_V2_G2_P1_B0_STRONG	B0_STRONG	21	1	A0_DENSE_VENDOR			0.0	0.0	0.0	0.0	0.712654	1	0	0	0.0	[null,null,788,null]
V2	2	1	FORMAL_V2_G2_P1_B0_STRONG	B0_STRONG	22	1	A0_DENSE_VENDOR			0.0	0.0	0.0	0.0	0.737755	1	0	0	0.0	[null,null,330,null]
V2	2	1	FORMAL_V2_G2_P1_B0_STRONG	B0_STRONG	23	1	A0_DENSE_VENDOR			0.0	0.0	0.0	0.0	0.842589	1	0	0	0.0	[null,null,54738,null]
V2	2	1	FORMAL_V2_G2_P1_B0_STRONG	B0_STRONG	24	1	A0_DENSE_VENDOR			0.0	0.0	0.0	0.0	0.834407	1	0	0	0.0	[null,null,698,null]
V2	2	1	FORMAL_V2_G2_P1_B0_STRONG	B0_STRONG	25	1	A0_DENSE_VENDOR			0.0	0.0	0.0	0.0	0.715768	1	0	0	0.0	[null,null,92,null]
V2	2	1	FORMAL_V2_G2_P1_B0_STRONG	B0_STRONG	26	1	A0_DENSE_VENDOR			0.0	0.0	0.0	0.0	0.155418	0	1	0	0.0	[null,null,151645,null]
V2	2	1	FORMAL_V2_G2_P1_M1_RULE_U01	M1_RULE_U01	0	4	A3_RAGGED_DIRECT	7	4.6072030328559395e-05	0.011166	0.06136	0.000688	0.103177	0.610209	4	0	1	0.045141	[515,515,515,515]
V2	2	1	FORMAL_V2_G2_P1_M1_RULE_U01	M1_RULE_U01	1	4	A3_RAGGED_DIRECT	429	0.0028235572872788543	0.009089	0.055071	0.000652	0.096676	0.692947	4	0	3	0.041809	[220,220,220,220]
V2	2	1	FORMAL_V2_G2_P1_M1_RULE_U01	M1_RULE_U01	2	4	A3_RAGGED_DIRECT	429	0.0028235572872788543	0.008931	0.055338	0.000557	0.095533	0.658729	4	0	3	0.039903	[330,330,330,330]
V2	2	1	FORMAL_V2_G2_P1_M1_RULE_U01	M1_RULE_U01	3	4	A3_RAGGED_DIRECT	27	0.00017770640269587195	0.008672	0.052646	0.000587	0.092902	0.67551	4	0	4	0.042706	[1355,4129,6045,2102]
V2	2	1	FORMAL_V2_G2_P1_M1_RULE_U01	M1_RULE_U01	4	4	A3_RAGGED_DIRECT	23	0.00015137952822240943	0.008814	0.054431	0.00055	0.094694	0.632508	4	0	3	0.04548	[1769,788,788,788]
V2	2	1	FORMAL_V2_G2_P1_M1_RULE_U01	M1_RULE_U01	5	4	A3_RAGGED_DIRECT	836	0.005502316764953665	0.008365	0.050184	0.000534	0.086776	0.637547	4	0	3	0.038574	[788,220,220,330]
V2	2	1	FORMAL_V2_G2_P1_M1_RULE_U01	M1_RULE_U01	6	4	A0_DENSE_VENDOR	147788	0.9726990311710194	0.00868	0.052738	0.000511	0.090121	0.969894	4	0	0	0.0	[330,16,16,7849]
V2	2	1	FORMAL_V2_G2_P1_M1_RULE_U01	M1_RULE_U01	7	4	A0_DENSE_VENDOR	147413	0.9702308866891323	0.008313	0.051967	0.0005	0.091054	1.032546	4	0	0	0.0	[2428,17,15,29055]
V2	2	1	FORMAL_V2_G2_P1_M1_RULE_U01	M1_RULE_U01	8	4	A0_DENSE_VENDOR	147413	0.9702308866891323	0.008552	0.051263	0.000533	0.091299	1.051737	4	0	0	0.0	[1110,198,15,9295]
V2	2	1	FORMAL_V2_G2_P1_M1_RULE_U01	M1_RULE_U01	9	4	A0_DENSE_VENDOR	147413	0.9702308866891323	0.008576	0.051703	0.000524	0.091151	1.062648	4	0	0	0.0	[8687,92,15,10348]
V2	2	1	FORMAL_V2_G2_P1_M1_RULE_U01	M1_RULE_U01	10	4	A0_DENSE_VENDOR	147414	0.9702374684077506	0.009396	0.051873	0.000525	0.091641	1.047835	3	1	0	0.0	[905,151645,345,698]
V2	2	1	FORMAL_V2_G2_P1_M1_RULE_U01	M1_RULE_U01	11	3	A0_DENSE_VENDOR	147405	0.9701782329401853	0.008874	0.053998	0.000576	0.098501	0.945606	3	0	0	0.0	[698,null,220,92]
V2	2	1	FORMAL_V2_G2_P1_M1_RULE_U01	M1_RULE_U01	12	3	A3_RAGGED_DIRECT	428	0.0028169755686604887	0.008706	0.059058	0.000587	0.100597	0.53247	2	1	2	0.023384	[92,null,330,151645]
V2	2	1	FORMAL_V2_G2_P1_M1_RULE_U01	M1_RULE_U01	13	2	A3_RAGGED_DIRECT	4	2.632687447346251e-05	0.007765	0.051679	0.000613	0.09188	0.444174	1	1	1	0.017817	[151645,null,1499,null]
V2	2	1	FORMAL_V2_G2_P1_M1_RULE_U01	M1_RULE_U01	14	1	A3_RAGGED_DIRECT	19	0.0001250526537489469	0.006662	0.046364	0.000497	0.080611	0.36606	1	0	1	0.015696	[null,null,788,null]
V2	2	1	FORMAL_V2_G2_P1_M1_RULE_U01	M1_RULE_U01	15	1	A3_RAGGED_DIRECT	822	0.005410172704296546	0.006575	0.05115	0.000499	0.086563	0.411603	1	0	1	0.015481	[null,null,330,null]
V2	2	1	FORMAL_V2_G2_P1_M1_RULE_U01	M1_RULE_U01	16	1	A0_DENSE_VENDOR	147137	0.9684143323504634	0.006426	0.045818	0.000429	0.079178	0.865644	1	0	0	0.0	[null,null,26749,null]
V2	2	1	FORMAL_V2_G2_P1_M1_RULE_U01	M1_RULE_U01	17	1	A0_DENSE_VENDOR	147137	0.9684143323504634	0.006317	0.050394	0.000452	0.086358	0.860395	1	0	0	0.0	[null,null,756,null]
V2	2	1	FORMAL_V2_G2_P1_M1_RULE_U01	M1_RULE_U01	18	1	A3_RAGGED_DIRECT	424	0.002790648694187026	0.006472	0.046794	0.00048	0.083762	0.38673	1	0	1	0.015858	[null,null,220,null]
V2	2	1	FORMAL_V2_G2_P1_M1_RULE_U01	M1_RULE_U01	19	1	A3_RAGGED_DIRECT	424	0.002790648694187026	0.006445	0.045503	0.000452	0.082341	0.415445	1	0	1	0.017521	[null,null,330,null]
V2	2	1	FORMAL_V2_G2_P1_M1_RULE_U01	M1_RULE_U01	20	1	A3_RAGGED_DIRECT	2	1.3163437236731255e-05	0.006359	0.045532	0.000475	0.07842	0.366581	1	0	1	0.015158	[null,null,983,null]
V2	2	1	FORMAL_V2_G2_P1_M1_RULE_U01	M1_RULE_U01	21	1	A3_RAGGED_DIRECT	17	0.00011188921651221567	0.006049	0.044378	0.000468	0.07636	0.349736	1	0	1	0.012786	[null,null,788,null]
V2	2	1	FORMAL_V2_G2_P1_M1_RULE_U01	M1_RULE_U01	22	1	A3_RAGGED_DIRECT	810	0.005331192080876158	0.006237	0.044322	0.000424	0.077637	0.380611	1	0	1	0.014956	[null,null,330,null]
V2	2	1	FORMAL_V2_G2_P1_M1_RULE_U01	M1_RULE_U01	23	1	A0_DENSE_VENDOR	147068	0.9679601937657961	0.00605	0.043675	0.000415	0.077805	0.864289	1	0	0	0.0	[null,null,54738,null]
V2	2	1	FORMAL_V2_G2_P1_M1_RULE_U01	M1_RULE_U01	24	1	A0_DENSE_VENDOR	147068	0.9679601937657961	0.006102	0.045034	0.000398	0.077458	0.851942	1	0	0	0.0	[null,null,698,null]
V2	2	1	FORMAL_V2_G2_P1_M1_RULE_U01	M1_RULE_U01	25	1	A3_RAGGED_DIRECT	424	0.002790648694187026	0.006172	0.045166	0.000455	0.079132	0.369217	1	0	1	0.012943	[null,null,92,null]
V2	2	1	FORMAL_V2_G2_P1_M1_RULE_U01	M1_RULE_U01	26	1	A3_RAGGED_DIRECT	1	6.581718618365627e-06	0.006133	0.044487	0.000417	0.077489	0.199999	0	1	0	0.0	[null,null,151645,null]
V2	2	2	FORMAL_V2_G2_P2_B0_STRONG	B0_STRONG	0	4	A0_DENSE_VENDOR			0.0	0.0	0.0	0.0	0.739914	4	0	0	0.0	[515,515,515,515]
V2	2	2	FORMAL_V2_G2_P2_B0_STRONG	B0_STRONG	1	4	A0_DENSE_VENDOR			0.0	0.0	0.0	0.0	0.761827	4	0	0	0.0	[220,220,220,220]
V2	2	2	FORMAL_V2_G2_P2_B0_STRONG	B0_STRONG	2	4	A0_DENSE_VENDOR			0.0	0.0	0.0	0.0	0.762358	4	0	0	0.0	[330,330,330,330]
V2	2	2	FORMAL_V2_G2_P2_B0_STRONG	B0_STRONG	3	4	A0_DENSE_VENDOR			0.0	0.0	0.0	0.0	0.716903	4	0	0	0.0	[1355,4129,6045,2102]
V2	2	2	FORMAL_V2_G2_P2_B0_STRONG	B0_STRONG	4	4	A0_DENSE_VENDOR			0.0	0.0	0.0	0.0	0.729371	4	0	0	0.0	[1769,788,788,788]
V2	2	2	FORMAL_V2_G2_P2_B0_STRONG	B0_STRONG	5	4	A0_DENSE_VENDOR			0.0	0.0	0.0	0.0	0.77704	4	0	0	0.0	[788,220,220,330]
V2	2	2	FORMAL_V2_G2_P2_B0_STRONG	B0_STRONG	6	4	A0_DENSE_VENDOR			0.0	0.0	0.0	0.0	0.896121	4	0	0	0.0	[330,16,16,7849]
V2	2	2	FORMAL_V2_G2_P2_B0_STRONG	B0_STRONG	7	4	A0_DENSE_VENDOR			0.0	0.0	0.0	0.0	0.990064	4	0	0	0.0	[2428,17,15,29055]
V2	2	2	FORMAL_V2_G2_P2_B0_STRONG	B0_STRONG	8	4	A0_DENSE_VENDOR			0.0	0.0	0.0	0.0	0.980237	4	0	0	0.0	[1110,198,15,9295]
V2	2	2	FORMAL_V2_G2_P2_B0_STRONG	B0_STRONG	9	4	A0_DENSE_VENDOR			0.0	0.0	0.0	0.0	0.990753	4	0	0	0.0	[8687,92,15,10348]
V2	2	2	FORMAL_V2_G2_P2_B0_STRONG	B0_STRONG	10	4	A0_DENSE_VENDOR			0.0	0.0	0.0	0.0	0.957343	3	1	0	0.0	[905,151645,345,698]
V2	2	2	FORMAL_V2_G2_P2_B0_STRONG	B0_STRONG	11	3	A0_DENSE_VENDOR			0.0	0.0	0.0	0.0	0.874141	3	0	0	0.0	[698,null,220,92]
V2	2	2	FORMAL_V2_G2_P2_B0_STRONG	B0_STRONG	12	3	A0_DENSE_VENDOR			0.0	0.0	0.0	0.0	0.762146	2	1	0	0.0	[92,null,330,151645]
V2	2	2	FORMAL_V2_G2_P2_B0_STRONG	B0_STRONG	13	2	A0_DENSE_VENDOR			0.0	0.0	0.0	0.0	0.709237	1	1	0	0.0	[151645,null,1499,null]
V2	2	2	FORMAL_V2_G2_P2_B0_STRONG	B0_STRONG	14	1	A0_DENSE_VENDOR			0.0	0.0	0.0	0.0	0.70681	1	0	0	0.0	[null,null,788,null]
V2	2	2	FORMAL_V2_G2_P2_B0_STRONG	B0_STRONG	15	1	A0_DENSE_VENDOR			0.0	0.0	0.0	0.0	0.720949	1	0	0	0.0	[null,null,330,null]
V2	2	2	FORMAL_V2_G2_P2_B0_STRONG	B0_STRONG	16	1	A0_DENSE_VENDOR			0.0	0.0	0.0	0.0	0.825645	1	0	0	0.0	[null,null,26749,null]
V2	2	2	FORMAL_V2_G2_P2_B0_STRONG	B0_STRONG	17	1	A0_DENSE_VENDOR			0.0	0.0	0.0	0.0	0.844958	1	0	0	0.0	[null,null,756,null]
V2	2	2	FORMAL_V2_G2_P2_B0_STRONG	B0_STRONG	18	1	A0_DENSE_VENDOR			0.0	0.0	0.0	0.0	0.725711	1	0	0	0.0	[null,null,220,null]
V2	2	2	FORMAL_V2_G2_P2_B0_STRONG	B0_STRONG	19	1	A0_DENSE_VENDOR			0.0	0.0	0.0	0.0	0.728212	1	0	0	0.0	[null,null,330,null]
V2	2	2	FORMAL_V2_G2_P2_B0_STRONG	B0_STRONG	20	1	A0_DENSE_VENDOR			0.0	0.0	0.0	0.0	0.696932	1	0	0	0.0	[null,null,983,null]
V2	2	2	FORMAL_V2_G2_P2_B0_STRONG	B0_STRONG	21	1	A0_DENSE_VENDOR			0.0	0.0	0.0	0.0	0.712017	1	0	0	0.0	[null,null,788,null]
V2	2	2	FORMAL_V2_G2_P2_B0_STRONG	B0_STRONG	22	1	A0_DENSE_VENDOR			0.0	0.0	0.0	0.0	0.732479	1	0	0	0.0	[null,null,330,null]
V2	2	2	FORMAL_V2_G2_P2_B0_STRONG	B0_STRONG	23	1	A0_DENSE_VENDOR			0.0	0.0	0.0	0.0	0.825594	1	0	0	0.0	[null,null,54738,null]
V2	2	2	FORMAL_V2_G2_P2_B0_STRONG	B0_STRONG	24	1	A0_DENSE_VENDOR			0.0	0.0	0.0	0.0	0.819439	1	0	0	0.0	[null,null,698,null]
V2	2	2	FORMAL_V2_G2_P2_B0_STRONG	B0_STRONG	25	1	A0_DENSE_VENDOR			0.0	0.0	0.0	0.0	0.725765	1	0	0	0.0	[null,null,92,null]
V2	2	2	FORMAL_V2_G2_P2_B0_STRONG	B0_STRONG	26	1	A0_DENSE_VENDOR			0.0	0.0	0.0	0.0	0.155138	0	1	0	0.0	[null,null,151645,null]
V2	2	2	FORMAL_V2_G2_P2_M1_RULE_U01	M1_RULE_U01	0	4	A3_RAGGED_DIRECT	7	4.6072030328559395e-05	0.011399	0.059495	0.000732	0.102207	0.599461	4	0	1	0.045506	[515,515,515,515]
V2	2	2	FORMAL_V2_G2_P2_M1_RULE_U01	M1_RULE_U01	1	4	A3_RAGGED_DIRECT	429	0.0028235572872788543	0.009666	0.060876	0.00052	0.102759	0.681312	4	0	3	0.041602	[220,220,220,220]
V2	2	2	FORMAL_V2_G2_P2_M1_RULE_U01	M1_RULE_U01	2	4	A3_RAGGED_DIRECT	429	0.0028235572872788543	0.009421	0.065301	0.000546	0.106361	0.675563	4	0	3	0.039981	[330,330,330,330]
V2	2	2	FORMAL_V2_G2_P2_M1_RULE_U01	M1_RULE_U01	3	4	A3_RAGGED_DIRECT	27	0.00017770640269587195	0.009482	0.057877	0.000577	0.099082	0.665226	4	0	4	0.046263	[1355,4129,6045,2102]
V2	2	2	FORMAL_V2_G2_P2_M1_RULE_U01	M1_RULE_U01	4	4	A3_RAGGED_DIRECT	23	0.00015137952822240943	0.009247	0.056596	0.00052	0.096702	0.610472	4	0	3	0.043534	[1769,788,788,788]
V2	2	2	FORMAL_V2_G2_P2_M1_RULE_U01	M1_RULE_U01	5	4	A3_RAGGED_DIRECT	836	0.005502316764953665	0.008874	0.05602	0.000549	0.093444	0.643169	4	0	3	0.038314	[788,220,220,330]
V2	2	2	FORMAL_V2_G2_P2_M1_RULE_U01	M1_RULE_U01	6	4	A0_DENSE_VENDOR	147788	0.9726990311710194	0.009183	0.057901	0.000574	0.095719	0.98737	4	0	0	0.0	[330,16,16,7849]
V2	2	2	FORMAL_V2_G2_P2_M1_RULE_U01	M1_RULE_U01	7	4	A0_DENSE_VENDOR	147413	0.9702308866891323	0.015215	0.053999	0.000775	0.11761	1.438738	4	0	0	0.0	[2428,17,15,29055]
V2	2	2	FORMAL_V2_G2_P2_M1_RULE_U01	M1_RULE_U01	8	4	A0_DENSE_VENDOR	147413	0.9702308866891323	0.0091	0.057165	0.000438	0.097527	1.027874	4	0	0	0.0	[1110,198,15,9295]
V2	2	2	FORMAL_V2_G2_P2_M1_RULE_U01	M1_RULE_U01	9	4	A0_DENSE_VENDOR	147413	0.9702308866891323	0.008648	0.054114	0.000442	0.093113	1.019396	4	0	0	0.0	[8687,92,15,10348]
V2	2	2	FORMAL_V2_G2_P2_M1_RULE_U01	M1_RULE_U01	10	4	A0_DENSE_VENDOR	147414	0.9702374684077506	0.008954	0.057075	0.000518	0.094938	1.025166	3	1	0	0.0	[905,151645,345,698]
V2	2	2	FORMAL_V2_G2_P2_M1_RULE_U01	M1_RULE_U01	11	3	A0_DENSE_VENDOR	147405	0.9701782329401853	0.008597	0.056779	0.000533	0.098409	0.937824	3	0	0	0.0	[698,null,220,92]
V2	2	2	FORMAL_V2_G2_P2_M1_RULE_U01	M1_RULE_U01	12	3	A3_RAGGED_DIRECT	428	0.0028169755686604887	0.008402	0.05894	0.000575	0.098346	0.54107	2	1	2	0.030867	[92,null,330,151645]
V2	2	2	FORMAL_V2_G2_P2_M1_RULE_U01	M1_RULE_U01	13	2	A3_RAGGED_DIRECT	4	2.632687447346251e-05	0.008247	0.055151	0.000559	0.095229	0.389	1	1	1	0.013431	[151645,null,1499,null]
V2	2	2	FORMAL_V2_G2_P2_M1_RULE_U01	M1_RULE_U01	14	1	A3_RAGGED_DIRECT	19	0.0001250526537489469	0.006395	0.054481	0.000501	0.093026	0.410007	1	0	1	0.01561	[null,null,788,null]
V2	2	2	FORMAL_V2_G2_P2_M1_RULE_U01	M1_RULE_U01	15	1	A3_RAGGED_DIRECT	822	0.005410172704296546	0.006153	0.049556	0.000461	0.083544	0.386548	1	0	1	0.014937	[null,null,330,null]
V2	2	2	FORMAL_V2_G2_P2_M1_RULE_U01	M1_RULE_U01	16	1	A0_DENSE_VENDOR	147137	0.9684143323504634	0.006039	0.049058	0.000414	0.081271	0.879096	1	0	0	0.0	[null,null,26749,null]
V2	2	2	FORMAL_V2_G2_P2_M1_RULE_U01	M1_RULE_U01	17	1	A0_DENSE_VENDOR	147137	0.9684143323504634	0.00604	0.049071	0.000454	0.08363	0.873573	1	0	0	0.0	[null,null,756,null]
V2	2	2	FORMAL_V2_G2_P2_M1_RULE_U01	M1_RULE_U01	18	1	A3_RAGGED_DIRECT	424	0.002790648694187026	0.006208	0.04935	0.000454	0.084031	0.361675	1	0	1	0.01296	[null,null,220,null]
V2	2	2	FORMAL_V2_G2_P2_M1_RULE_U01	M1_RULE_U01	19	1	A3_RAGGED_DIRECT	424	0.002790648694187026	0.006202	0.049579	0.000464	0.084512	0.385746	1	0	1	0.015012	[null,null,330,null]
V2	2	2	FORMAL_V2_G2_P2_M1_RULE_U01	M1_RULE_U01	20	1	A3_RAGGED_DIRECT	2	1.3163437236731255e-05	0.006154	0.048817	0.000436	0.080552	0.345266	1	0	1	0.014757	[null,null,983,null]
V2	2	2	FORMAL_V2_G2_P2_M1_RULE_U01	M1_RULE_U01	21	1	A3_RAGGED_DIRECT	17	0.00011188921651221567	0.006	0.048017	0.000417	0.078838	0.359435	1	0	1	0.014504	[null,null,788,null]
V2	2	2	FORMAL_V2_G2_P2_M1_RULE_U01	M1_RULE_U01	22	1	A3_RAGGED_DIRECT	810	0.005331192080876158	0.00603	0.048247	0.000437	0.080851	0.367703	1	0	1	0.014495	[null,null,330,null]
V2	2	2	FORMAL_V2_G2_P2_M1_RULE_U01	M1_RULE_U01	23	1	A0_DENSE_VENDOR	147068	0.9679601937657961	0.005965	0.047638	0.000404	0.080568	0.862869	1	0	0	0.0	[null,null,54738,null]
V2	2	2	FORMAL_V2_G2_P2_M1_RULE_U01	M1_RULE_U01	24	1	A0_DENSE_VENDOR	147068	0.9679601937657961	0.006029	0.048344	0.000391	0.079608	0.836663	1	0	0	0.0	[null,null,698,null]
V2	2	2	FORMAL_V2_G2_P2_M1_RULE_U01	M1_RULE_U01	25	1	A3_RAGGED_DIRECT	424	0.002790648694187026	0.005978	0.048288	0.000413	0.081221	0.369202	1	0	1	0.0204	[null,null,92,null]
V2	2	2	FORMAL_V2_G2_P2_M1_RULE_U01	M1_RULE_U01	26	1	A3_RAGGED_DIRECT	1	6.581718618365627e-06	0.006001	0.047811	0.000409	0.079381	0.198469	0	1	0	0.0	[null,null,151645,null]
V2	2	3	FORMAL_V2_G2_P3_B0_STRONG	B0_STRONG	0	4	A0_DENSE_VENDOR			0.0	0.0	0.0	0.0	0.742175	4	0	0	0.0	[515,515,515,515]
V2	2	3	FORMAL_V2_G2_P3_B0_STRONG	B0_STRONG	1	4	A0_DENSE_VENDOR			0.0	0.0	0.0	0.0	0.782341	4	0	0	0.0	[220,220,220,220]
V2	2	3	FORMAL_V2_G2_P3_B0_STRONG	B0_STRONG	2	4	A0_DENSE_VENDOR			0.0	0.0	0.0	0.0	0.781009	4	0	0	0.0	[330,330,330,330]
V2	2	3	FORMAL_V2_G2_P3_B0_STRONG	B0_STRONG	3	4	A0_DENSE_VENDOR			0.0	0.0	0.0	0.0	0.723597	4	0	0	0.0	[1355,4129,6045,2102]
V2	2	3	FORMAL_V2_G2_P3_B0_STRONG	B0_STRONG	4	4	A0_DENSE_VENDOR			0.0	0.0	0.0	0.0	0.74269	4	0	0	0.0	[1769,788,788,788]
V2	2	3	FORMAL_V2_G2_P3_B0_STRONG	B0_STRONG	5	4	A0_DENSE_VENDOR			0.0	0.0	0.0	0.0	0.773368	4	0	0	0.0	[788,220,220,330]
V2	2	3	FORMAL_V2_G2_P3_B0_STRONG	B0_STRONG	6	4	A0_DENSE_VENDOR			0.0	0.0	0.0	0.0	0.901124	4	0	0	0.0	[330,16,16,7849]
V2	2	3	FORMAL_V2_G2_P3_B0_STRONG	B0_STRONG	7	4	A0_DENSE_VENDOR			0.0	0.0	0.0	0.0	0.993694	4	0	0	0.0	[2428,17,15,29055]
V2	2	3	FORMAL_V2_G2_P3_B0_STRONG	B0_STRONG	8	4	A0_DENSE_VENDOR			0.0	0.0	0.0	0.0	0.996982	4	0	0	0.0	[1110,198,15,9295]
V2	2	3	FORMAL_V2_G2_P3_B0_STRONG	B0_STRONG	9	4	A0_DENSE_VENDOR			0.0	0.0	0.0	0.0	0.997343	4	0	0	0.0	[8687,92,15,10348]
V2	2	3	FORMAL_V2_G2_P3_B0_STRONG	B0_STRONG	10	4	A0_DENSE_VENDOR			0.0	0.0	0.0	0.0	0.989493	3	1	0	0.0	[905,151645,345,698]
V2	2	3	FORMAL_V2_G2_P3_B0_STRONG	B0_STRONG	11	3	A0_DENSE_VENDOR			0.0	0.0	0.0	0.0	0.8771	3	0	0	0.0	[698,null,220,92]
V2	2	3	FORMAL_V2_G2_P3_B0_STRONG	B0_STRONG	12	3	A0_DENSE_VENDOR			0.0	0.0	0.0	0.0	0.745478	2	1	0	0.0	[92,null,330,151645]
V2	2	3	FORMAL_V2_G2_P3_B0_STRONG	B0_STRONG	13	2	A0_DENSE_VENDOR			0.0	0.0	0.0	0.0	0.714551	1	1	0	0.0	[151645,null,1499,null]
V2	2	3	FORMAL_V2_G2_P3_B0_STRONG	B0_STRONG	14	1	A0_DENSE_VENDOR			0.0	0.0	0.0	0.0	0.70594	1	0	0	0.0	[null,null,788,null]
V2	2	3	FORMAL_V2_G2_P3_B0_STRONG	B0_STRONG	15	1	A0_DENSE_VENDOR			0.0	0.0	0.0	0.0	0.731388	1	0	0	0.0	[null,null,330,null]
V2	2	3	FORMAL_V2_G2_P3_B0_STRONG	B0_STRONG	16	1	A0_DENSE_VENDOR			0.0	0.0	0.0	0.0	0.823804	1	0	0	0.0	[null,null,26749,null]
V2	2	3	FORMAL_V2_G2_P3_B0_STRONG	B0_STRONG	17	1	A0_DENSE_VENDOR			0.0	0.0	0.0	0.0	0.842479	1	0	0	0.0	[null,null,756,null]
V2	2	3	FORMAL_V2_G2_P3_B0_STRONG	B0_STRONG	18	1	A0_DENSE_VENDOR			0.0	0.0	0.0	0.0	0.72444	1	0	0	0.0	[null,null,220,null]
V2	2	3	FORMAL_V2_G2_P3_B0_STRONG	B0_STRONG	19	1	A0_DENSE_VENDOR			0.0	0.0	0.0	0.0	0.734849	1	0	0	0.0	[null,null,330,null]
V2	2	3	FORMAL_V2_G2_P3_B0_STRONG	B0_STRONG	20	1	A0_DENSE_VENDOR			0.0	0.0	0.0	0.0	0.711703	1	0	0	0.0	[null,null,983,null]
V2	2	3	FORMAL_V2_G2_P3_B0_STRONG	B0_STRONG	21	1	A0_DENSE_VENDOR			0.0	0.0	0.0	0.0	0.722663	1	0	0	0.0	[null,null,788,null]
V2	2	3	FORMAL_V2_G2_P3_B0_STRONG	B0_STRONG	22	1	A0_DENSE_VENDOR			0.0	0.0	0.0	0.0	0.733947	1	0	0	0.0	[null,null,330,null]
V2	2	3	FORMAL_V2_G2_P3_B0_STRONG	B0_STRONG	23	1	A0_DENSE_VENDOR			0.0	0.0	0.0	0.0	0.824021	1	0	0	0.0	[null,null,54738,null]
V2	2	3	FORMAL_V2_G2_P3_B0_STRONG	B0_STRONG	24	1	A0_DENSE_VENDOR			0.0	0.0	0.0	0.0	0.81605	1	0	0	0.0	[null,null,698,null]
V2	2	3	FORMAL_V2_G2_P3_B0_STRONG	B0_STRONG	25	1	A0_DENSE_VENDOR			0.0	0.0	0.0	0.0	0.737647	1	0	0	0.0	[null,null,92,null]
V2	2	3	FORMAL_V2_G2_P3_B0_STRONG	B0_STRONG	26	1	A0_DENSE_VENDOR			0.0	0.0	0.0	0.0	0.157014	0	1	0	0.0	[null,null,151645,null]
V2	2	3	FORMAL_V2_G2_P3_M1_RULE_U01	M1_RULE_U01	0	4	A3_RAGGED_DIRECT	7	4.6072030328559395e-05	0.01152	0.061634	0.000589	0.105857	0.580105	4	0	1	0.043769	[515,515,515,515]
V2	2	3	FORMAL_V2_G2_P3_M1_RULE_U01	M1_RULE_U01	1	4	A3_RAGGED_DIRECT	429	0.0028235572872788543	0.009143	0.059738	0.000579	0.103644	0.702719	4	0	3	0.046046	[220,220,220,220]
V2	2	3	FORMAL_V2_G2_P3_M1_RULE_U01	M1_RULE_U01	2	4	A3_RAGGED_DIRECT	429	0.0028235572872788543	0.008881	0.061145	0.000582	0.106694	0.674155	4	0	3	0.040495	[330,330,330,330]
V2	2	3	FORMAL_V2_G2_P3_M1_RULE_U01	M1_RULE_U01	3	4	A3_RAGGED_DIRECT	27	0.00017770640269587195	0.008604	0.05708	0.000498	0.09766	0.658299	4	0	4	0.040619	[1355,4129,6045,2102]
V2	2	3	FORMAL_V2_G2_P3_M1_RULE_U01	M1_RULE_U01	4	4	A3_RAGGED_DIRECT	23	0.00015137952822240943	0.008653	0.060689	0.00165	0.106864	0.614268	4	0	3	0.039349	[1769,788,788,788]
V2	2	3	FORMAL_V2_G2_P3_M1_RULE_U01	M1_RULE_U01	5	4	A3_RAGGED_DIRECT	836	0.005502316764953665	0.008161	0.05528	0.000509	0.096596	0.643356	4	0	3	0.03819	[788,220,220,330]
V2	2	3	FORMAL_V2_G2_P3_M1_RULE_U01	M1_RULE_U01	6	4	A0_DENSE_VENDOR	147788	0.9726990311710194	0.008777	0.051119	0.000455	0.088701	0.981355	4	0	0	0.0	[330,16,16,7849]
V2	2	3	FORMAL_V2_G2_P3_M1_RULE_U01	M1_RULE_U01	7	4	A0_DENSE_VENDOR	147413	0.9702308866891323	0.009177	0.0491	0.00046	0.089473	1.077742	4	0	0	0.0	[2428,17,15,29055]
V2	2	3	FORMAL_V2_G2_P3_M1_RULE_U01	M1_RULE_U01	8	4	A0_DENSE_VENDOR	147413	0.9702308866891323	0.009497	0.056966	0.000578	0.099109	1.550245	4	0	0	0.0	[1110,198,15,9295]
V2	2	3	FORMAL_V2_G2_P3_M1_RULE_U01	M1_RULE_U01	9	4	A0_DENSE_VENDOR	147413	0.9702308866891323	0.00872	0.057149	0.000499	0.099436	1.071098	4	0	0	0.0	[8687,92,15,10348]
V2	2	3	FORMAL_V2_G2_P3_M1_RULE_U01	M1_RULE_U01	10	4	A0_DENSE_VENDOR	147414	0.9702374684077506	0.009628	0.055459	0.000522	0.095937	1.053146	3	1	0	0.0	[905,151645,345,698]
V2	2	3	FORMAL_V2_G2_P3_M1_RULE_U01	M1_RULE_U01	11	3	A0_DENSE_VENDOR	147405	0.9701782329401853	0.008717	0.052618	0.000561	0.096724	0.934571	3	0	0	0.0	[698,null,220,92]
V2	2	3	FORMAL_V2_G2_P3_M1_RULE_U01	M1_RULE_U01	12	3	A3_RAGGED_DIRECT	428	0.0028169755686604887	0.008685	0.060438	0.000592	0.101303	0.534798	2	1	2	0.025824	[92,null,330,151645]
V2	2	3	FORMAL_V2_G2_P3_M1_RULE_U01	M1_RULE_U01	13	2	A3_RAGGED_DIRECT	4	2.632687447346251e-05	0.00823	0.059218	0.000562	0.099085	0.405385	1	1	1	0.020545	[151645,null,1499,null]
V2	2	3	FORMAL_V2_G2_P3_M1_RULE_U01	M1_RULE_U01	14	1	A3_RAGGED_DIRECT	19	0.0001250526537489469	0.006532	0.052264	0.00049	0.086538	0.379147	1	0	1	0.020221	[null,null,788,null]
V2	2	3	FORMAL_V2_G2_P3_M1_RULE_U01	M1_RULE_U01	15	1	A3_RAGGED_DIRECT	822	0.005410172704296546	0.006244	0.05086	0.000479	0.094358	0.396352	1	0	1	0.013285	[null,null,330,null]
V2	2	3	FORMAL_V2_G2_P3_M1_RULE_U01	M1_RULE_U01	16	1	A0_DENSE_VENDOR	147137	0.9684143323504634	0.00605	0.049966	0.000466	0.082223	0.914675	1	0	0	0.0	[null,null,26749,null]
V2	2	3	FORMAL_V2_G2_P3_M1_RULE_U01	M1_RULE_U01	17	1	A0_DENSE_VENDOR	147137	0.9684143323504634	0.007215	0.048907	0.00055	0.087479	0.912234	1	0	0	0.0	[null,null,756,null]
V2	2	3	FORMAL_V2_G2_P3_M1_RULE_U01	M1_RULE_U01	18	1	A3_RAGGED_DIRECT	424	0.002790648694187026	0.006427	0.050737	0.000494	0.088697	0.393736	1	0	1	0.015959	[null,null,220,null]
V2	2	3	FORMAL_V2_G2_P3_M1_RULE_U01	M1_RULE_U01	19	1	A3_RAGGED_DIRECT	424	0.002790648694187026	0.006291	0.050254	0.000474	0.085424	0.375059	1	0	1	0.015407	[null,null,330,null]
V2	2	3	FORMAL_V2_G2_P3_M1_RULE_U01	M1_RULE_U01	20	1	A3_RAGGED_DIRECT	2	1.3163437236731255e-05	0.00624	0.049207	0.00044	0.081526	0.346737	1	0	1	0.012754	[null,null,983,null]
V2	2	3	FORMAL_V2_G2_P3_M1_RULE_U01	M1_RULE_U01	21	1	A3_RAGGED_DIRECT	17	0.00011188921651221567	0.006137	0.049062	0.000491	0.08133	0.348051	1	0	1	0.014551	[null,null,788,null]
V2	2	3	FORMAL_V2_G2_P3_M1_RULE_U01	M1_RULE_U01	22	1	A3_RAGGED_DIRECT	810	0.005331192080876158	0.006338	0.051123	0.000537	0.087835	0.388691	1	0	1	0.013314	[null,null,330,null]
V2	2	3	FORMAL_V2_G2_P3_M1_RULE_U01	M1_RULE_U01	23	1	A0_DENSE_VENDOR	147068	0.9679601937657961	0.005963	0.048073	0.000442	0.082002	0.878547	1	0	0	0.0	[null,null,54738,null]
V2	2	3	FORMAL_V2_G2_P3_M1_RULE_U01	M1_RULE_U01	24	1	A0_DENSE_VENDOR	147068	0.9679601937657961	0.010245	0.051578	0.000698	0.102056	1.159152	1	0	0	0.0	[null,null,698,null]
V2	2	3	FORMAL_V2_G2_P3_M1_RULE_U01	M1_RULE_U01	25	1	A3_RAGGED_DIRECT	424	0.002790648694187026	0.006009	0.047839	0.000404	0.080711	0.360397	1	0	1	0.01294	[null,null,92,null]
V2	2	3	FORMAL_V2_G2_P3_M1_RULE_U01	M1_RULE_U01	26	1	A3_RAGGED_DIRECT	1	6.581718618365627e-06	0.006009	0.047688	0.000437	0.079491	0.198295	0	1	0	0.0	[null,null,151645,null]
V2	2	4	FORMAL_V2_G2_P4_B0_STRONG	B0_STRONG	0	4	A0_DENSE_VENDOR			0.0	0.0	0.0	0.0	0.762019	4	0	0	0.0	[515,515,515,515]
V2	2	4	FORMAL_V2_G2_P4_B0_STRONG	B0_STRONG	1	4	A0_DENSE_VENDOR			0.0	0.0	0.0	0.0	0.781597	4	0	0	0.0	[220,220,220,220]
V2	2	4	FORMAL_V2_G2_P4_B0_STRONG	B0_STRONG	2	4	A0_DENSE_VENDOR			0.0	0.0	0.0	0.0	0.779747	4	0	0	0.0	[330,330,330,330]
V2	2	4	FORMAL_V2_G2_P4_B0_STRONG	B0_STRONG	3	4	A0_DENSE_VENDOR			0.0	0.0	0.0	0.0	0.725211	4	0	0	0.0	[1355,4129,6045,2102]
V2	2	4	FORMAL_V2_G2_P4_B0_STRONG	B0_STRONG	4	4	A0_DENSE_VENDOR			0.0	0.0	0.0	0.0	0.728218	4	0	0	0.0	[1769,788,788,788]
V2	2	4	FORMAL_V2_G2_P4_B0_STRONG	B0_STRONG	5	4	A0_DENSE_VENDOR			0.0	0.0	0.0	0.0	0.773909	4	0	0	0.0	[788,220,220,330]
V2	2	4	FORMAL_V2_G2_P4_B0_STRONG	B0_STRONG	6	4	A0_DENSE_VENDOR			0.0	0.0	0.0	0.0	0.909673	4	0	0	0.0	[330,16,16,7849]
V2	2	4	FORMAL_V2_G2_P4_B0_STRONG	B0_STRONG	7	4	A0_DENSE_VENDOR			0.0	0.0	0.0	0.0	0.994869	4	0	0	0.0	[2428,17,15,29055]
V2	2	4	FORMAL_V2_G2_P4_B0_STRONG	B0_STRONG	8	4	A0_DENSE_VENDOR			0.0	0.0	0.0	0.0	1.015231	4	0	0	0.0	[1110,198,15,9295]
V2	2	4	FORMAL_V2_G2_P4_B0_STRONG	B0_STRONG	9	4	A0_DENSE_VENDOR			0.0	0.0	0.0	0.0	0.982396	4	0	0	0.0	[8687,92,15,10348]
V2	2	4	FORMAL_V2_G2_P4_B0_STRONG	B0_STRONG	10	4	A0_DENSE_VENDOR			0.0	0.0	0.0	0.0	0.970389	3	1	0	0.0	[905,151645,345,698]
V2	2	4	FORMAL_V2_G2_P4_B0_STRONG	B0_STRONG	11	3	A0_DENSE_VENDOR			0.0	0.0	0.0	0.0	0.86591	3	0	0	0.0	[698,null,220,92]
V2	2	4	FORMAL_V2_G2_P4_B0_STRONG	B0_STRONG	12	3	A0_DENSE_VENDOR			0.0	0.0	0.0	0.0	0.753297	2	1	0	0.0	[92,null,330,151645]
V2	2	4	FORMAL_V2_G2_P4_B0_STRONG	B0_STRONG	13	2	A0_DENSE_VENDOR			0.0	0.0	0.0	0.0	0.710883	1	1	0	0.0	[151645,null,1499,null]
V2	2	4	FORMAL_V2_G2_P4_B0_STRONG	B0_STRONG	14	1	A0_DENSE_VENDOR			0.0	0.0	0.0	0.0	0.705827	1	0	0	0.0	[null,null,788,null]
V2	2	4	FORMAL_V2_G2_P4_B0_STRONG	B0_STRONG	15	1	A0_DENSE_VENDOR			0.0	0.0	0.0	0.0	0.732217	1	0	0	0.0	[null,null,330,null]
V2	2	4	FORMAL_V2_G2_P4_B0_STRONG	B0_STRONG	16	1	A0_DENSE_VENDOR			0.0	0.0	0.0	0.0	0.826833	1	0	0	0.0	[null,null,26749,null]
V2	2	4	FORMAL_V2_G2_P4_B0_STRONG	B0_STRONG	17	1	A0_DENSE_VENDOR			0.0	0.0	0.0	0.0	0.833811	1	0	0	0.0	[null,null,756,null]
V2	2	4	FORMAL_V2_G2_P4_B0_STRONG	B0_STRONG	18	1	A0_DENSE_VENDOR			0.0	0.0	0.0	0.0	0.728928	1	0	0	0.0	[null,null,220,null]
V2	2	4	FORMAL_V2_G2_P4_B0_STRONG	B0_STRONG	19	1	A0_DENSE_VENDOR			0.0	0.0	0.0	0.0	0.728537	1	0	0	0.0	[null,null,330,null]
V2	2	4	FORMAL_V2_G2_P4_B0_STRONG	B0_STRONG	20	1	A0_DENSE_VENDOR			0.0	0.0	0.0	0.0	0.714595	1	0	0	0.0	[null,null,983,null]
V2	2	4	FORMAL_V2_G2_P4_B0_STRONG	B0_STRONG	21	1	A0_DENSE_VENDOR			0.0	0.0	0.0	0.0	0.713825	1	0	0	0.0	[null,null,788,null]
V2	2	4	FORMAL_V2_G2_P4_B0_STRONG	B0_STRONG	22	1	A0_DENSE_VENDOR			0.0	0.0	0.0	0.0	0.735345	1	0	0	0.0	[null,null,330,null]
V2	2	4	FORMAL_V2_G2_P4_B0_STRONG	B0_STRONG	23	1	A0_DENSE_VENDOR			0.0	0.0	0.0	0.0	0.847	1	0	0	0.0	[null,null,54738,null]
V2	2	4	FORMAL_V2_G2_P4_B0_STRONG	B0_STRONG	24	1	A0_DENSE_VENDOR			0.0	0.0	0.0	0.0	0.846515	1	0	0	0.0	[null,null,698,null]
V2	2	4	FORMAL_V2_G2_P4_B0_STRONG	B0_STRONG	25	1	A0_DENSE_VENDOR			0.0	0.0	0.0	0.0	0.72129	1	0	0	0.0	[null,null,92,null]
V2	2	4	FORMAL_V2_G2_P4_B0_STRONG	B0_STRONG	26	1	A0_DENSE_VENDOR			0.0	0.0	0.0	0.0	0.154146	0	1	0	0.0	[null,null,151645,null]
V2	2	4	FORMAL_V2_G2_P4_M1_RULE_U01	M1_RULE_U01	0	4	A3_RAGGED_DIRECT	7	4.6072030328559395e-05	0.016252	0.064988	0.000568	0.113251	0.581421	4	0	1	0.041743	[515,515,515,515]
V2	2	4	FORMAL_V2_G2_P4_M1_RULE_U01	M1_RULE_U01	1	4	A3_RAGGED_DIRECT	429	0.0028235572872788543	0.009222	0.059233	0.000645	0.108489	0.699872	4	0	3	0.046058	[220,220,220,220]
V2	2	4	FORMAL_V2_G2_P4_M1_RULE_U01	M1_RULE_U01	2	4	A3_RAGGED_DIRECT	429	0.0028235572872788543	0.009038	0.065405	0.000625	0.109568	0.67208	4	0	3	0.040117	[330,330,330,330]
V2	2	4	FORMAL_V2_G2_P4_M1_RULE_U01	M1_RULE_U01	3	4	A3_RAGGED_DIRECT	27	0.00017770640269587195	0.008473	0.057116	0.000517	0.101574	0.668385	4	0	4	0.039476	[1355,4129,6045,2102]
V2	2	4	FORMAL_V2_G2_P4_M1_RULE_U01	M1_RULE_U01	4	4	A3_RAGGED_DIRECT	23	0.00015137952822240943	0.008556	0.060167	0.000614	0.105255	0.626279	4	0	3	0.038791	[1769,788,788,788]
V2	2	4	FORMAL_V2_G2_P4_M1_RULE_U01	M1_RULE_U01	5	4	A3_RAGGED_DIRECT	836	0.005502316764953665	0.008381	0.056862	0.000626	0.099148	0.647259	4	0	3	0.038287	[788,220,220,330]
V2	2	4	FORMAL_V2_G2_P4_M1_RULE_U01	M1_RULE_U01	6	4	A0_DENSE_VENDOR	147788	0.9726990311710194	0.008849	0.057939	0.00058	0.09551	1.002199	4	0	0	0.0	[330,16,16,7849]
V2	2	4	FORMAL_V2_G2_P4_M1_RULE_U01	M1_RULE_U01	7	4	A0_DENSE_VENDOR	147413	0.9702308866891323	0.00822	0.052183	0.000486	0.08938	1.073448	4	0	0	0.0	[2428,17,15,29055]
V2	2	4	FORMAL_V2_G2_P4_M1_RULE_U01	M1_RULE_U01	8	4	A0_DENSE_VENDOR	147413	0.9702308866891323	0.009769	0.05725	0.000576	0.101203	1.100361	4	0	0	0.0	[1110,198,15,9295]
V2	2	4	FORMAL_V2_G2_P4_M1_RULE_U01	M1_RULE_U01	9	4	A0_DENSE_VENDOR	147413	0.9702308866891323	0.00858	0.055673	0.000579	0.093857	1.061314	4	0	0	0.0	[8687,92,15,10348]
V2	2	4	FORMAL_V2_G2_P4_M1_RULE_U01	M1_RULE_U01	10	4	A0_DENSE_VENDOR	147414	0.9702374684077506	0.013032	0.055262	0.000442	0.098575	1.020907	3	1	0	0.0	[905,151645,345,698]
V2	2	4	FORMAL_V2_G2_P4_M1_RULE_U01	M1_RULE_U01	11	3	A0_DENSE_VENDOR	147405	0.9701782329401853	0.007994	0.05647	0.000548	0.092808	0.945974	3	0	0	0.0	[698,null,220,92]
V2	2	4	FORMAL_V2_G2_P4_M1_RULE_U01	M1_RULE_U01	12	3	A3_RAGGED_DIRECT	428	0.0028169755686604887	0.008052	0.05851	0.000586	0.097467	0.521279	2	1	2	0.023427	[92,null,330,151645]
V2	2	4	FORMAL_V2_G2_P4_M1_RULE_U01	M1_RULE_U01	13	2	A3_RAGGED_DIRECT	4	2.632687447346251e-05	0.008009	0.057317	0.000596	0.097481	0.387756	1	1	1	0.013391	[151645,null,1499,null]
V2	2	4	FORMAL_V2_G2_P4_M1_RULE_U01	M1_RULE_U01	14	1	A3_RAGGED_DIRECT	19	0.0001250526537489469	0.006279	0.050297	0.000449	0.083229	0.366229	1	0	1	0.015165	[null,null,788,null]
V2	2	4	FORMAL_V2_G2_P4_M1_RULE_U01	M1_RULE_U01	15	1	A3_RAGGED_DIRECT	822	0.005410172704296546	0.006263	0.051005	0.000457	0.085661	0.398072	1	0	1	0.01563	[null,null,330,null]
V2	2	4	FORMAL_V2_G2_P4_M1_RULE_U01	M1_RULE_U01	16	1	A0_DENSE_VENDOR	147137	0.9684143323504634	0.006053	0.049143	0.000483	0.080797	0.865323	1	0	0	0.0	[null,null,26749,null]
V2	2	4	FORMAL_V2_G2_P4_M1_RULE_U01	M1_RULE_U01	17	1	A0_DENSE_VENDOR	147137	0.9684143323504634	0.006192	0.049254	0.000449	0.0832	0.880991	1	0	0	0.0	[null,null,756,null]
V2	2	4	FORMAL_V2_G2_P4_M1_RULE_U01	M1_RULE_U01	18	1	A3_RAGGED_DIRECT	424	0.002790648694187026	0.006275	0.050408	0.000475	0.085399	0.391909	1	0	1	0.021644	[null,null,220,null]
V2	2	4	FORMAL_V2_G2_P4_M1_RULE_U01	M1_RULE_U01	19	1	A3_RAGGED_DIRECT	424	0.002790648694187026	0.006302	0.05435	0.000465	0.089772	0.382526	1	0	1	0.016419	[null,null,330,null]
V2	2	4	FORMAL_V2_G2_P4_M1_RULE_U01	M1_RULE_U01	20	1	A3_RAGGED_DIRECT	2	1.3163437236731255e-05	0.006105	0.049646	0.000421	0.080959	0.359313	1	0	1	0.014802	[null,null,983,null]
V2	2	4	FORMAL_V2_G2_P4_M1_RULE_U01	M1_RULE_U01	21	1	A3_RAGGED_DIRECT	17	0.00011188921651221567	0.006116	0.048876	0.000455	0.080616	0.362076	1	0	1	0.019335	[null,null,788,null]
V2	2	4	FORMAL_V2_G2_P4_M1_RULE_U01	M1_RULE_U01	22	1	A3_RAGGED_DIRECT	810	0.005331192080876158	0.006017	0.052201	0.000423	0.084843	0.374603	1	0	1	0.01451	[null,null,330,null]
V2	2	4	FORMAL_V2_G2_P4_M1_RULE_U01	M1_RULE_U01	23	1	A0_DENSE_VENDOR	147068	0.9679601937657961	0.006121	0.047787	0.000459	0.081212	0.858757	1	0	0	0.0	[null,null,54738,null]
V2	2	4	FORMAL_V2_G2_P4_M1_RULE_U01	M1_RULE_U01	24	1	A0_DENSE_VENDOR	147068	0.9679601937657961	0.005923	0.047945	0.000408	0.078133	0.836296	1	0	0	0.0	[null,null,698,null]
V2	2	4	FORMAL_V2_G2_P4_M1_RULE_U01	M1_RULE_U01	25	1	A3_RAGGED_DIRECT	424	0.002790648694187026	0.00622	0.049541	0.000441	0.083073	0.369351	1	0	1	0.014782	[null,null,92,null]
V2	2	4	FORMAL_V2_G2_P4_M1_RULE_U01	M1_RULE_U01	26	1	A3_RAGGED_DIRECT	1	6.581718618365627e-06	0.006284	0.044482	0.000438	0.076737	0.197013	0	1	0	0.0	[null,null,151645,null]
