make: Entering directory '/workspace/worktrees/gpgpu-sim-ep-l2/build'
make[1]: Entering directory '/workspace/worktrees/gpgpu-sim-ep-l2/build'
make[2]: Entering directory '/workspace/worktrees/gpgpu-sim-ep-l2/build'
make[2]: Entering directory '/workspace/worktrees/gpgpu-sim-ep-l2/build'
make[2]: Leaving directory '/workspace/worktrees/gpgpu-sim-ep-l2/build'
make[2]: Entering directory '/workspace/worktrees/gpgpu-sim-ep-l2/build'
[  1%] Generating build string file to /workspace/worktrees/gpgpu-sim-ep-l2/build
make[2]: Leaving directory '/workspace/worktrees/gpgpu-sim-ep-l2/build'
make[2]: Entering directory '/workspace/worktrees/gpgpu-sim-ep-l2/build'
[  2%] Building CXX object libcuda/CMakeFiles/cuda.dir/cuda_runtime_api.cc.o
make[2]: Leaving directory '/workspace/worktrees/gpgpu-sim-ep-l2/build'
[  2%] Built target gen_build_string
make[2]: Entering directory '/workspace/worktrees/gpgpu-sim-ep-l2/build'
make[2]: Leaving directory '/workspace/worktrees/gpgpu-sim-ep-l2/build'
make[2]: Entering directory '/workspace/worktrees/gpgpu-sim-ep-l2/build'
[  3%] Building CXX object src/CMakeFiles/gpgpusim_entrypoint.dir/abstract_hardware_model.cc.o
In file included from /workspace/worktrees/gpgpu-sim-ep-l2/libcuda/cuda_runtime_api.cc:128:
/usr/local/cuda-11.8/targets/x86_64-linux/include/host_defines.h:54:2: warning: #warning "host_defines.h is an internal header file and must not be used directly.  This file will be removed in a future CUDA release.  Please use cuda_runtime_api.h or cuda_runtime.h instead." [-Wcpp]
   54 | #warning "host_defines.h is an internal header file and must not be used directly.  This file will be removed in a future CUDA release.  Please use cuda_runtime_api.h or cuda_runtime.h instead."
      |  ^~~~~~~
In file included from /workspace/worktrees/gpgpu-sim-ep-l2/src/../libcuda/../src/cuda-sim/../gpgpu-sim/shader.h:54,
                 from /workspace/worktrees/gpgpu-sim-ep-l2/src/../libcuda/../src/cuda-sim/cuda-sim.h:37,
                 from /workspace/worktrees/gpgpu-sim-ep-l2/src/../libcuda/gpgpu_context.h:3,
                 from /workspace/worktrees/gpgpu-sim-ep-l2/src/abstract_hardware_model.cc:37:
/workspace/worktrees/gpgpu-sim-ep-l2/src/../libcuda/../src/cuda-sim/../gpgpu-sim/gpu-cache.h: In constructor ‘baseline_cache::baseline_cache(const char*, cache_config&, int, int, mem_fetch_interface*, mem_fetch_status, cache_gpu_level, gpgpu_sim*)’:
/workspace/worktrees/gpgpu-sim-ep-l2/src/../libcuda/../src/cuda-sim/../gpgpu-sim/gpu-cache.h:1709:24: warning: ‘baseline_cache::m_bandwidth_management’ will be initialized after [-Wreorder]
 1709 |   bandwidth_management m_bandwidth_management;
      |                        ^~~~~~~~~~~~~~~~~~~~~~
/workspace/worktrees/gpgpu-sim-ep-l2/src/../libcuda/../src/cuda-sim/../gpgpu-sim/gpu-cache.h:1622:19: warning:   ‘cache_gpu_level baseline_cache::m_level’ [-Wreorder]
 1622 |   cache_gpu_level m_level;
      |                   ^~~~~~~
/workspace/worktrees/gpgpu-sim-ep-l2/src/../libcuda/../src/cuda-sim/../gpgpu-sim/gpu-cache.h:1438:3: warning:   when initialized here [-Wreorder]
 1438 |   baseline_cache(const char *name, cache_config &config, int core_id,
      |   ^~~~~~~~~~~~~~
In file included from /workspace/worktrees/gpgpu-sim-ep-l2/src/../libcuda/../src/cuda-sim/../gpgpu-sim/shader.h:54,
                 from /workspace/worktrees/gpgpu-sim-ep-l2/src/../libcuda/../src/cuda-sim/cuda-sim.h:37,
                 from /workspace/worktrees/gpgpu-sim-ep-l2/src/../libcuda/gpgpu_context.h:3,
                 from /workspace/worktrees/gpgpu-sim-ep-l2/src/abstract_hardware_model.cc:37:
/workspace/worktrees/gpgpu-sim-ep-l2/src/../libcuda/../src/cuda-sim/../gpgpu-sim/gpu-cache.h: In constructor ‘l2_cache::l2_cache(const char*, cache_config&, int, int, mem_fetch_interface*, mem_fetch_allocator*, mem_fetch_status, gpgpu_sim*, cache_gpu_level)’:
/workspace/worktrees/gpgpu-sim-ep-l2/src/../libcuda/../src/cuda-sim/../gpgpu-sim/gpu-cache.h:2306:23: warning: ‘l2_cache::m_ep_l2_payload’ will be initialized after [-Wreorder]
 2306 |   ep_l2_payload_store m_ep_l2_payload;
      |                       ^~~~~~~~~~~~~~~
/workspace/worktrees/gpgpu-sim-ep-l2/src/../libcuda/../src/cuda-sim/../gpgpu-sim/gpu-cache.h:2304:22: warning:   ‘long long unsigned int l2_cache::m_ep_l2_wad_full_block_count’ [-Wreorder]
 2304 |   unsigned long long m_ep_l2_wad_full_block_count;
      |                      ^~~~~~~~~~~~~~~~~~~~~~~~~~~~
/workspace/worktrees/gpgpu-sim-ep-l2/src/../libcuda/../src/cuda-sim/../gpgpu-sim/gpu-cache.h:2236:3: warning:   when initialized here [-Wreorder]
 2236 |   l2_cache(const char *name, cache_config &config, int core_id, int type_id,
      |   ^~~~~~~~
In file included from /workspace/worktrees/gpgpu-sim-ep-l2/libcuda/../src/cuda-sim/../gpgpu-sim/shader.h:54,
                 from /workspace/worktrees/gpgpu-sim-ep-l2/libcuda/../src/cuda-sim/cuda-sim.h:37,
                 from /workspace/worktrees/gpgpu-sim-ep-l2/libcuda/cuda_runtime_api.cc:138:
/workspace/worktrees/gpgpu-sim-ep-l2/libcuda/../src/cuda-sim/../gpgpu-sim/gpu-cache.h: In constructor ‘baseline_cache::baseline_cache(const char*, cache_config&, int, int, mem_fetch_interface*, mem_fetch_status, cache_gpu_level, gpgpu_sim*)’:
/workspace/worktrees/gpgpu-sim-ep-l2/libcuda/../src/cuda-sim/../gpgpu-sim/gpu-cache.h:1709:24: warning: ‘baseline_cache::m_bandwidth_management’ will be initialized after [-Wreorder]
 1709 |   bandwidth_management m_bandwidth_management;
      |                        ^~~~~~~~~~~~~~~~~~~~~~
/workspace/worktrees/gpgpu-sim-ep-l2/libcuda/../src/cuda-sim/../gpgpu-sim/gpu-cache.h:1622:19: warning:   ‘cache_gpu_level baseline_cache::m_level’ [-Wreorder]
 1622 |   cache_gpu_level m_level;
      |                   ^~~~~~~
/workspace/worktrees/gpgpu-sim-ep-l2/libcuda/../src/cuda-sim/../gpgpu-sim/gpu-cache.h:1438:3: warning:   when initialized here [-Wreorder]
 1438 |   baseline_cache(const char *name, cache_config &config, int core_id,
      |   ^~~~~~~~~~~~~~
In file included from /workspace/worktrees/gpgpu-sim-ep-l2/libcuda/../src/cuda-sim/../gpgpu-sim/shader.h:54,
                 from /workspace/worktrees/gpgpu-sim-ep-l2/libcuda/../src/cuda-sim/cuda-sim.h:37,
                 from /workspace/worktrees/gpgpu-sim-ep-l2/libcuda/cuda_runtime_api.cc:138:
/workspace/worktrees/gpgpu-sim-ep-l2/libcuda/../src/cuda-sim/../gpgpu-sim/gpu-cache.h: In constructor ‘l2_cache::l2_cache(const char*, cache_config&, int, int, mem_fetch_interface*, mem_fetch_allocator*, mem_fetch_status, gpgpu_sim*, cache_gpu_level)’:
/workspace/worktrees/gpgpu-sim-ep-l2/libcuda/../src/cuda-sim/../gpgpu-sim/gpu-cache.h:2306:23: warning: ‘l2_cache::m_ep_l2_payload’ will be initialized after [-Wreorder]
 2306 |   ep_l2_payload_store m_ep_l2_payload;
      |                       ^~~~~~~~~~~~~~~
/workspace/worktrees/gpgpu-sim-ep-l2/libcuda/../src/cuda-sim/../gpgpu-sim/gpu-cache.h:2304:22: warning:   ‘long long unsigned int l2_cache::m_ep_l2_wad_full_block_count’ [-Wreorder]
 2304 |   unsigned long long m_ep_l2_wad_full_block_count;
      |                      ^~~~~~~~~~~~~~~~~~~~~~~~~~~~
/workspace/worktrees/gpgpu-sim-ep-l2/libcuda/../src/cuda-sim/../gpgpu-sim/gpu-cache.h:2236:3: warning:   when initialized here [-Wreorder]
 2236 |   l2_cache(const char *name, cache_config &config, int core_id, int type_id,
      |   ^~~~~~~~
/workspace/worktrees/gpgpu-sim-ep-l2/libcuda/cuda_runtime_api.cc: In function ‘void** cudaRegisterFatBiaryInternal_impl(void*, gpgpu_context*, std::string&, int, std::function<void(gpgpu_context*)>)’:
/workspace/worktrees/gpgpu-sim-ep-l2/libcuda/cuda_runtime_api.cc:642:13: warning: comparison of integer expressions of different signedness: ‘int’ and ‘const size_type’ {aka ‘const long unsigned int’} [-Wsign-compare]
  642 |     if (pos == std::string::npos) {
      |         ~~~~^~~~~~~~~~~~~~~~~~~~
/workspace/worktrees/gpgpu-sim-ep-l2/libcuda/cuda_runtime_api.cc: In function ‘cudaError_t cudaLaunchInternal(const char*, gpgpu_context*)’:
/workspace/worktrees/gpgpu-sim-ep-l2/libcuda/cuda_runtime_api.cc:1034:23: warning: comparison of integer expressions of different signedness: ‘int’ and ‘unsigned int’ [-Wsign-compare]
 1034 |     for (int i = 0; i < gpu->resume_CTA; i++) grid->increment_cta_id();
      |                     ~~^~~~~~~~~~~~~~~~~
/workspace/worktrees/gpgpu-sim-ep-l2/libcuda/cuda_runtime_api.cc:1048:24: warning: comparison of integer expressions of different signedness: ‘unsigned int’ and ‘int’ [-Wsign-compare]
 1048 |       (grid->get_uid() > gpu->checkpoint_kernel)) {
      |        ~~~~~~~~~~~~~~~~^~~~~~~~~~~~~~~~~~~~~~~~
/workspace/worktrees/gpgpu-sim-ep-l2/libcuda/cuda_runtime_api.cc: In function ‘size_t getMaxThreadsPerBlock(cudaFuncAttributes*, gpgpu_context*)’:
/workspace/worktrees/gpgpu-sim-ep-l2/libcuda/cuda_runtime_api.cc:1697:60: warning: comparison of integer expressions of different signedness: ‘int’ and ‘size_t’ {aka ‘long unsigned int’} [-Wsign-compare]
 1697 |   if (attr->numRegs && (prop.regsPerBlock / attr->numRegs) < max)
      |                        ~~~~~~~~~~~~~~~~~~~~~~~~~~~~~~~~~~~~^~~~~
/workspace/worktrees/gpgpu-sim-ep-l2/libcuda/cuda_runtime_api.cc: In member function ‘void cuda_runtime_api::extract_ptx_files_using_cuobjdump_internal(CUctx_st*, std::string&)’:
/workspace/worktrees/gpgpu-sim-ep-l2/libcuda/cuda_runtime_api.cc:3314:14: warning: comparison of integer expressions of different signedness: ‘int’ and ‘const size_type’ {aka ‘const long unsigned int’} [-Wsign-compare]
 3314 |     if (pos1 == std::string::npos && pos2 == std::string::npos) {
      |         ~~~~~^~~~~~~~~~~~~~~~~~~~
/workspace/worktrees/gpgpu-sim-ep-l2/libcuda/cuda_runtime_api.cc:3314:43: warning: comparison of integer expressions of different signedness: ‘int’ and ‘const size_type’ {aka ‘const long unsigned int’} [-Wsign-compare]
 3314 |     if (pos1 == std::string::npos && pos2 == std::string::npos) {
      |                                      ~~~~~^~~~~~~~~~~~~~~~~~~~
/workspace/worktrees/gpgpu-sim-ep-l2/libcuda/cuda_runtime_api.cc: In member function ‘std::__cxx11::list<cuobjdumpSection*> cuda_runtime_api::pruneSectionList(CUctx_st*)’:
/workspace/worktrees/gpgpu-sim-ep-l2/libcuda/cuda_runtime_api.cc:3585:22: warning: comparison of integer expressions of different signedness: ‘unsigned int’ and ‘int’ [-Wsign-compare]
 3585 |       if (capability < min_ptx_capability_found ||
      |           ~~~~~~~~~~~^~~~~~~~~~~~~~~~~~~~~~~~~~
/workspace/worktrees/gpgpu-sim-ep-l2/libcuda/cuda_runtime_api.cc: In function ‘void __cudaRegisterFunctionSST(unsigned int, uint64_t, char*)’:
/workspace/worktrees/gpgpu-sim-ep-l2/libcuda/cuda_runtime_api.cc:3932:32: warning: cast to pointer from integer of different size [-Wint-to-pointer-cast]
 3932 |   cudaRegisterFunctionInternal((void **)fatCubinHandle, (const char *)hostFun,
      |                                ^~~~~~~~~~~~~~~~~~~~~~~
/workspace/worktrees/gpgpu-sim-ep-l2/libcuda/cuda_runtime_api.cc:3933:57: warning: passing NULL to non-pointer argument 5 of ‘void cudaRegisterFunctionInternal(void**, const char*, char*, const char*, int, uint3*, uint3*, dim3*, dim3*, gpgpu_context*)’ [-Wconversion-null]
 3933 |                                (char *)deviceFun, NULL, NULL, NULL, NULL, NULL,
      |                                                         ^~~~
/workspace/worktrees/gpgpu-sim-ep-l2/libcuda/cuda_runtime_api.cc:810:39: note:   declared here
  810 |                                   int thread_limit, uint3 *tid, uint3 *bid,
      |                                   ~~~~^~~~~~~~~~~~
/workspace/worktrees/gpgpu-sim-ep-l2/libcuda/cuda_runtime_api.cc: In function ‘cudaError_t cudaSetDeviceFlagsSST(int)’:
/workspace/worktrees/gpgpu-sim-ep-l2/libcuda/cuda_runtime_api.cc:4110:72: warning: format ‘%p’ expects argument of type ‘void*’, but argument 3 has type ‘int’ [-Wformat=]
 4110 |       "GPGPU-Sim PTX: Execution warning: ignoring call to \"%s ( flag=%p)\"\n",
      |                                                                       ~^
      |                                                                        |
      |                                                                        void*
      |                                                                       %d
 4111 |       __my_func__, flags);
      |                    ~~~~~                                                
      |                    |
      |                    int
/workspace/worktrees/gpgpu-sim-ep-l2/libcuda/cuda_runtime_api.cc: In member function ‘void cuda_runtime_api::extract_ptx_files_using_cuobjdump_internal(CUctx_st*, std::string&)’:
/workspace/worktrees/gpgpu-sim-ep-l2/libcuda/cuda_runtime_api.cc:3274:30: warning: ‘%s’ directive output may be truncated writing up to 1023 bytes into a region of size 922 [-Wformat-truncation=]
 3274 |            "awk '{$1=$1}1' > %s",
      |                              ^~
 3275 |            app_binary.c_str(), ptx_list_file_name);
      |                                ~~~~~~~~~~~~~~~~~~
In file included from /usr/include/stdio.h:894,
                 from /workspace/worktrees/gpgpu-sim-ep-l2/libcuda/cuda_runtime_api.cc:107:
/usr/include/x86_64-linux-gnu/bits/stdio2.h:71:35: note: ‘__builtin___snprintf_chk’ output 79 or more bytes (assuming 1102) into a destination of size 1000
   71 |   return __builtin___snprintf_chk (__s, __n, __USE_FORTIFY_LEVEL - 1,
      |          ~~~~~~~~~~~~~~~~~~~~~~~~~^~~~~~~~~~~~~~~~~~~~~~~~~~~~~~~~~~~
   72 |                                    __glibc_objsize (__s), __fmt,
      |                                    ~~~~~~~~~~~~~~~~~~~~~~~~~~~~~
   73 |                                    __va_arg_pack ());
      |                                    ~~~~~~~~~~~~~~~~~
[  4%] Building CXX object src/CMakeFiles/gpgpusim_entrypoint.dir/debug.cc.o
In file included from /workspace/worktrees/gpgpu-sim-ep-l2/src/cuda-sim/../gpgpu-sim/shader.h:54,
                 from /workspace/worktrees/gpgpu-sim-ep-l2/src/cuda-sim/cuda-sim.h:37,
                 from /workspace/worktrees/gpgpu-sim-ep-l2/src/debug.cc:30:
/workspace/worktrees/gpgpu-sim-ep-l2/src/cuda-sim/../gpgpu-sim/gpu-cache.h: In constructor ‘baseline_cache::baseline_cache(const char*, cache_config&, int, int, mem_fetch_interface*, mem_fetch_status, cache_gpu_level, gpgpu_sim*)’:
/workspace/worktrees/gpgpu-sim-ep-l2/src/cuda-sim/../gpgpu-sim/gpu-cache.h:1709:24: warning: ‘baseline_cache::m_bandwidth_management’ will be initialized after [-Wreorder]
 1709 |   bandwidth_management m_bandwidth_management;
      |                        ^~~~~~~~~~~~~~~~~~~~~~
/workspace/worktrees/gpgpu-sim-ep-l2/src/cuda-sim/../gpgpu-sim/gpu-cache.h:1622:19: warning:   ‘cache_gpu_level baseline_cache::m_level’ [-Wreorder]
 1622 |   cache_gpu_level m_level;
      |                   ^~~~~~~
/workspace/worktrees/gpgpu-sim-ep-l2/src/cuda-sim/../gpgpu-sim/gpu-cache.h:1438:3: warning:   when initialized here [-Wreorder]
 1438 |   baseline_cache(const char *name, cache_config &config, int core_id,
      |   ^~~~~~~~~~~~~~
In file included from /workspace/worktrees/gpgpu-sim-ep-l2/src/cuda-sim/../gpgpu-sim/shader.h:54,
                 from /workspace/worktrees/gpgpu-sim-ep-l2/src/cuda-sim/cuda-sim.h:37,
                 from /workspace/worktrees/gpgpu-sim-ep-l2/src/debug.cc:30:
/workspace/worktrees/gpgpu-sim-ep-l2/src/cuda-sim/../gpgpu-sim/gpu-cache.h: In constructor ‘l2_cache::l2_cache(const char*, cache_config&, int, int, mem_fetch_interface*, mem_fetch_allocator*, mem_fetch_status, gpgpu_sim*, cache_gpu_level)’:
/workspace/worktrees/gpgpu-sim-ep-l2/src/cuda-sim/../gpgpu-sim/gpu-cache.h:2306:23: warning: ‘l2_cache::m_ep_l2_payload’ will be initialized after [-Wreorder]
 2306 |   ep_l2_payload_store m_ep_l2_payload;
      |                       ^~~~~~~~~~~~~~~
/workspace/worktrees/gpgpu-sim-ep-l2/src/cuda-sim/../gpgpu-sim/gpu-cache.h:2304:22: warning:   ‘long long unsigned int l2_cache::m_ep_l2_wad_full_block_count’ [-Wreorder]
 2304 |   unsigned long long m_ep_l2_wad_full_block_count;
      |                      ^~~~~~~~~~~~~~~~~~~~~~~~~~~~
/workspace/worktrees/gpgpu-sim-ep-l2/src/cuda-sim/../gpgpu-sim/gpu-cache.h:2236:3: warning:   when initialized here [-Wreorder]
 2236 |   l2_cache(const char *name, cache_config &config, int core_id, int type_id,
      |   ^~~~~~~~
[  5%] Linking CXX static library libcuda.a
make[2]: Leaving directory '/workspace/worktrees/gpgpu-sim-ep-l2/build'
[  7%] Built target cuda
make[2]: Entering directory '/workspace/worktrees/gpgpu-sim-ep-l2/build'
make[2]: Leaving directory '/workspace/worktrees/gpgpu-sim-ep-l2/build'
[ 28%] Built target accelwattch
make[2]: Entering directory '/workspace/worktrees/gpgpu-sim-ep-l2/build'
make[2]: Leaving directory '/workspace/worktrees/gpgpu-sim-ep-l2/build'
[ 29%] Built target gen_ptx_parser_decode
make[2]: Entering directory '/workspace/worktrees/gpgpu-sim-ep-l2/build'
make[2]: Leaving directory '/workspace/worktrees/gpgpu-sim-ep-l2/build'
[ 30%] Built target gen_instructions_h
make[2]: Entering directory '/workspace/worktrees/gpgpu-sim-ep-l2/build'
make[2]: Leaving directory '/workspace/worktrees/gpgpu-sim-ep-l2/build'
make[2]: Entering directory '/workspace/worktrees/gpgpu-sim-ep-l2/build'
[ 30%] Building CXX object src/gpgpu-sim/CMakeFiles/gpgpusim.dir/addrdec.cc.o
[ 30%] Building CXX object src/CMakeFiles/gpgpusim_entrypoint.dir/gpgpusim_entrypoint.cc.o
In file included from /workspace/worktrees/gpgpu-sim-ep-l2/src/gpgpu-sim/gpu-sim.h:44,
                 from /workspace/worktrees/gpgpu-sim-ep-l2/src/gpgpu-sim/addrdec.cc:33:
/workspace/worktrees/gpgpu-sim-ep-l2/src/gpgpu-sim/gpu-cache.h: In constructor ‘baseline_cache::baseline_cache(const char*, cache_config&, int, int, mem_fetch_interface*, mem_fetch_status, cache_gpu_level, gpgpu_sim*)’:
/workspace/worktrees/gpgpu-sim-ep-l2/src/gpgpu-sim/gpu-cache.h:1709:24: warning: ‘baseline_cache::m_bandwidth_management’ will be initialized after [-Wreorder]
 1709 |   bandwidth_management m_bandwidth_management;
      |                        ^~~~~~~~~~~~~~~~~~~~~~
/workspace/worktrees/gpgpu-sim-ep-l2/src/gpgpu-sim/gpu-cache.h:1622:19: warning:   ‘cache_gpu_level baseline_cache::m_level’ [-Wreorder]
 1622 |   cache_gpu_level m_level;
      |                   ^~~~~~~
/workspace/worktrees/gpgpu-sim-ep-l2/src/gpgpu-sim/gpu-cache.h:1438:3: warning:   when initialized here [-Wreorder]
 1438 |   baseline_cache(const char *name, cache_config &config, int core_id,
      |   ^~~~~~~~~~~~~~
In file included from /workspace/worktrees/gpgpu-sim-ep-l2/src/gpgpu-sim/gpu-sim.h:44,
                 from /workspace/worktrees/gpgpu-sim-ep-l2/src/gpgpu-sim/addrdec.cc:33:
/workspace/worktrees/gpgpu-sim-ep-l2/src/gpgpu-sim/gpu-cache.h: In constructor ‘l2_cache::l2_cache(const char*, cache_config&, int, int, mem_fetch_interface*, mem_fetch_allocator*, mem_fetch_status, gpgpu_sim*, cache_gpu_level)’:
/workspace/worktrees/gpgpu-sim-ep-l2/src/gpgpu-sim/gpu-cache.h:2306:23: warning: ‘l2_cache::m_ep_l2_payload’ will be initialized after [-Wreorder]
 2306 |   ep_l2_payload_store m_ep_l2_payload;
      |                       ^~~~~~~~~~~~~~~
/workspace/worktrees/gpgpu-sim-ep-l2/src/gpgpu-sim/gpu-cache.h:2304:22: warning:   ‘long long unsigned int l2_cache::m_ep_l2_wad_full_block_count’ [-Wreorder]
 2304 |   unsigned long long m_ep_l2_wad_full_block_count;
      |                      ^~~~~~~~~~~~~~~~~~~~~~~~~~~~
/workspace/worktrees/gpgpu-sim-ep-l2/src/gpgpu-sim/gpu-cache.h:2236:3: warning:   when initialized here [-Wreorder]
 2236 |   l2_cache(const char *name, cache_config &config, int core_id, int type_id,
      |   ^~~~~~~~
In file included from /workspace/worktrees/gpgpu-sim-ep-l2/src/../libcuda/../src/cuda-sim/../gpgpu-sim/shader.h:54,
                 from /workspace/worktrees/gpgpu-sim-ep-l2/src/../libcuda/../src/cuda-sim/cuda-sim.h:37,
                 from /workspace/worktrees/gpgpu-sim-ep-l2/src/../libcuda/gpgpu_context.h:3,
                 from /workspace/worktrees/gpgpu-sim-ep-l2/src/gpgpusim_entrypoint.cc:32:
/workspace/worktrees/gpgpu-sim-ep-l2/src/../libcuda/../src/cuda-sim/../gpgpu-sim/gpu-cache.h: In constructor ‘baseline_cache::baseline_cache(const char*, cache_config&, int, int, mem_fetch_interface*, mem_fetch_status, cache_gpu_level, gpgpu_sim*)’:
/workspace/worktrees/gpgpu-sim-ep-l2/src/../libcuda/../src/cuda-sim/../gpgpu-sim/gpu-cache.h:1709:24: warning: ‘baseline_cache::m_bandwidth_management’ will be initialized after [-Wreorder]
 1709 |   bandwidth_management m_bandwidth_management;
      |                        ^~~~~~~~~~~~~~~~~~~~~~
/workspace/worktrees/gpgpu-sim-ep-l2/src/../libcuda/../src/cuda-sim/../gpgpu-sim/gpu-cache.h:1622:19: warning:   ‘cache_gpu_level baseline_cache::m_level’ [-Wreorder]
 1622 |   cache_gpu_level m_level;
      |                   ^~~~~~~
/workspace/worktrees/gpgpu-sim-ep-l2/src/../libcuda/../src/cuda-sim/../gpgpu-sim/gpu-cache.h:1438:3: warning:   when initialized here [-Wreorder]
 1438 |   baseline_cache(const char *name, cache_config &config, int core_id,
      |   ^~~~~~~~~~~~~~
In file included from /workspace/worktrees/gpgpu-sim-ep-l2/src/../libcuda/../src/cuda-sim/../gpgpu-sim/shader.h:54,
                 from /workspace/worktrees/gpgpu-sim-ep-l2/src/../libcuda/../src/cuda-sim/cuda-sim.h:37,
                 from /workspace/worktrees/gpgpu-sim-ep-l2/src/../libcuda/gpgpu_context.h:3,
                 from /workspace/worktrees/gpgpu-sim-ep-l2/src/gpgpusim_entrypoint.cc:32:
/workspace/worktrees/gpgpu-sim-ep-l2/src/../libcuda/../src/cuda-sim/../gpgpu-sim/gpu-cache.h: In constructor ‘l2_cache::l2_cache(const char*, cache_config&, int, int, mem_fetch_interface*, mem_fetch_allocator*, mem_fetch_status, gpgpu_sim*, cache_gpu_level)’:
/workspace/worktrees/gpgpu-sim-ep-l2/src/../libcuda/../src/cuda-sim/../gpgpu-sim/gpu-cache.h:2306:23: warning: ‘l2_cache::m_ep_l2_payload’ will be initialized after [-Wreorder]
 2306 |   ep_l2_payload_store m_ep_l2_payload;
      |                       ^~~~~~~~~~~~~~~
/workspace/worktrees/gpgpu-sim-ep-l2/src/../libcuda/../src/cuda-sim/../gpgpu-sim/gpu-cache.h:2304:22: warning:   ‘long long unsigned int l2_cache::m_ep_l2_wad_full_block_count’ [-Wreorder]
 2304 |   unsigned long long m_ep_l2_wad_full_block_count;
      |                      ^~~~~~~~~~~~~~~~~~~~~~~~~~~~
/workspace/worktrees/gpgpu-sim-ep-l2/src/../libcuda/../src/cuda-sim/../gpgpu-sim/gpu-cache.h:2236:3: warning:   when initialized here [-Wreorder]
 2236 |   l2_cache(const char *name, cache_config &config, int core_id, int type_id,
      |   ^~~~~~~~
[ 31%] Building CXX object src/gpgpu-sim/CMakeFiles/gpgpusim.dir/dram.cc.o
In file included from /workspace/worktrees/gpgpu-sim-ep-l2/src/gpgpu-sim/gpu-sim.h:44,
                 from /workspace/worktrees/gpgpu-sim-ep-l2/src/gpgpu-sim/dram_sched.h:36,
                 from /workspace/worktrees/gpgpu-sim-ep-l2/src/gpgpu-sim/dram.cc:34:
/workspace/worktrees/gpgpu-sim-ep-l2/src/gpgpu-sim/gpu-cache.h: In constructor ‘baseline_cache::baseline_cache(const char*, cache_config&, int, int, mem_fetch_interface*, mem_fetch_status, cache_gpu_level, gpgpu_sim*)’:
/workspace/worktrees/gpgpu-sim-ep-l2/src/gpgpu-sim/gpu-cache.h:1709:24: warning: ‘baseline_cache::m_bandwidth_management’ will be initialized after [-Wreorder]
 1709 |   bandwidth_management m_bandwidth_management;
      |                        ^~~~~~~~~~~~~~~~~~~~~~
/workspace/worktrees/gpgpu-sim-ep-l2/src/gpgpu-sim/gpu-cache.h:1622:19: warning:   ‘cache_gpu_level baseline_cache::m_level’ [-Wreorder]
 1622 |   cache_gpu_level m_level;
      |                   ^~~~~~~
/workspace/worktrees/gpgpu-sim-ep-l2/src/gpgpu-sim/gpu-cache.h:1438:3: warning:   when initialized here [-Wreorder]
 1438 |   baseline_cache(const char *name, cache_config &config, int core_id,
      |   ^~~~~~~~~~~~~~
In file included from /workspace/worktrees/gpgpu-sim-ep-l2/src/gpgpu-sim/gpu-sim.h:44,
                 from /workspace/worktrees/gpgpu-sim-ep-l2/src/gpgpu-sim/dram_sched.h:36,
                 from /workspace/worktrees/gpgpu-sim-ep-l2/src/gpgpu-sim/dram.cc:34:
/workspace/worktrees/gpgpu-sim-ep-l2/src/gpgpu-sim/gpu-cache.h: In constructor ‘l2_cache::l2_cache(const char*, cache_config&, int, int, mem_fetch_interface*, mem_fetch_allocator*, mem_fetch_status, gpgpu_sim*, cache_gpu_level)’:
/workspace/worktrees/gpgpu-sim-ep-l2/src/gpgpu-sim/gpu-cache.h:2306:23: warning: ‘l2_cache::m_ep_l2_payload’ will be initialized after [-Wreorder]
 2306 |   ep_l2_payload_store m_ep_l2_payload;
      |                       ^~~~~~~~~~~~~~~
/workspace/worktrees/gpgpu-sim-ep-l2/src/gpgpu-sim/gpu-cache.h:2304:22: warning:   ‘long long unsigned int l2_cache::m_ep_l2_wad_full_block_count’ [-Wreorder]
 2304 |   unsigned long long m_ep_l2_wad_full_block_count;
      |                      ^~~~~~~~~~~~~~~~~~~~~~~~~~~~
/workspace/worktrees/gpgpu-sim-ep-l2/src/gpgpu-sim/gpu-cache.h:2236:3: warning:   when initialized here [-Wreorder]
 2236 |   l2_cache(const char *name, cache_config &config, int core_id, int type_id,
      |   ^~~~~~~~
[ 32%] Building CXX object src/gpgpu-sim/CMakeFiles/gpgpusim.dir/dram_sched.cc.o
[ 32%] Building CXX object src/CMakeFiles/gpgpusim_entrypoint.dir/stream_manager.cc.o
In file included from /workspace/worktrees/gpgpu-sim-ep-l2/src/gpgpu-sim/gpu-sim.h:44,
                 from /workspace/worktrees/gpgpu-sim-ep-l2/src/gpgpu-sim/dram_sched.h:36,
                 from /workspace/worktrees/gpgpu-sim-ep-l2/src/gpgpu-sim/dram_sched.cc:29:
/workspace/worktrees/gpgpu-sim-ep-l2/src/gpgpu-sim/gpu-cache.h: In constructor ‘baseline_cache::baseline_cache(const char*, cache_config&, int, int, mem_fetch_interface*, mem_fetch_status, cache_gpu_level, gpgpu_sim*)’:
/workspace/worktrees/gpgpu-sim-ep-l2/src/gpgpu-sim/gpu-cache.h:1709:24: warning: ‘baseline_cache::m_bandwidth_management’ will be initialized after [-Wreorder]
 1709 |   bandwidth_management m_bandwidth_management;
      |                        ^~~~~~~~~~~~~~~~~~~~~~
/workspace/worktrees/gpgpu-sim-ep-l2/src/gpgpu-sim/gpu-cache.h:1622:19: warning:   ‘cache_gpu_level baseline_cache::m_level’ [-Wreorder]
 1622 |   cache_gpu_level m_level;
      |                   ^~~~~~~
/workspace/worktrees/gpgpu-sim-ep-l2/src/gpgpu-sim/gpu-cache.h:1438:3: warning:   when initialized here [-Wreorder]
 1438 |   baseline_cache(const char *name, cache_config &config, int core_id,
      |   ^~~~~~~~~~~~~~
In file included from /workspace/worktrees/gpgpu-sim-ep-l2/src/gpgpu-sim/gpu-sim.h:44,
                 from /workspace/worktrees/gpgpu-sim-ep-l2/src/gpgpu-sim/dram_sched.h:36,
                 from /workspace/worktrees/gpgpu-sim-ep-l2/src/gpgpu-sim/dram_sched.cc:29:
/workspace/worktrees/gpgpu-sim-ep-l2/src/gpgpu-sim/gpu-cache.h: In constructor ‘l2_cache::l2_cache(const char*, cache_config&, int, int, mem_fetch_interface*, mem_fetch_allocator*, mem_fetch_status, gpgpu_sim*, cache_gpu_level)’:
/workspace/worktrees/gpgpu-sim-ep-l2/src/gpgpu-sim/gpu-cache.h:2306:23: warning: ‘l2_cache::m_ep_l2_payload’ will be initialized after [-Wreorder]
 2306 |   ep_l2_payload_store m_ep_l2_payload;
      |                       ^~~~~~~~~~~~~~~
/workspace/worktrees/gpgpu-sim-ep-l2/src/gpgpu-sim/gpu-cache.h:2304:22: warning:   ‘long long unsigned int l2_cache::m_ep_l2_wad_full_block_count’ [-Wreorder]
 2304 |   unsigned long long m_ep_l2_wad_full_block_count;
      |                      ^~~~~~~~~~~~~~~~~~~~~~~~~~~~
/workspace/worktrees/gpgpu-sim-ep-l2/src/gpgpu-sim/gpu-cache.h:2236:3: warning:   when initialized here [-Wreorder]
 2236 |   l2_cache(const char *name, cache_config &config, int core_id, int type_id,
      |   ^~~~~~~~
In file included from /workspace/worktrees/gpgpu-sim-ep-l2/src/../libcuda/../src/cuda-sim/../gpgpu-sim/shader.h:54,
                 from /workspace/worktrees/gpgpu-sim-ep-l2/src/../libcuda/../src/cuda-sim/cuda-sim.h:37,
                 from /workspace/worktrees/gpgpu-sim-ep-l2/src/../libcuda/gpgpu_context.h:3,
                 from /workspace/worktrees/gpgpu-sim-ep-l2/src/stream_manager.cc:30:
/workspace/worktrees/gpgpu-sim-ep-l2/src/../libcuda/../src/cuda-sim/../gpgpu-sim/gpu-cache.h: In constructor ‘baseline_cache::baseline_cache(const char*, cache_config&, int, int, mem_fetch_interface*, mem_fetch_status, cache_gpu_level, gpgpu_sim*)’:
/workspace/worktrees/gpgpu-sim-ep-l2/src/../libcuda/../src/cuda-sim/../gpgpu-sim/gpu-cache.h:1709:24: warning: ‘baseline_cache::m_bandwidth_management’ will be initialized after [-Wreorder]
 1709 |   bandwidth_management m_bandwidth_management;
      |                        ^~~~~~~~~~~~~~~~~~~~~~
/workspace/worktrees/gpgpu-sim-ep-l2/src/../libcuda/../src/cuda-sim/../gpgpu-sim/gpu-cache.h:1622:19: warning:   ‘cache_gpu_level baseline_cache::m_level’ [-Wreorder]
 1622 |   cache_gpu_level m_level;
      |                   ^~~~~~~
/workspace/worktrees/gpgpu-sim-ep-l2/src/../libcuda/../src/cuda-sim/../gpgpu-sim/gpu-cache.h:1438:3: warning:   when initialized here [-Wreorder]
 1438 |   baseline_cache(const char *name, cache_config &config, int core_id,
      |   ^~~~~~~~~~~~~~
In file included from /workspace/worktrees/gpgpu-sim-ep-l2/src/../libcuda/../src/cuda-sim/../gpgpu-sim/shader.h:54,
                 from /workspace/worktrees/gpgpu-sim-ep-l2/src/../libcuda/../src/cuda-sim/cuda-sim.h:37,
                 from /workspace/worktrees/gpgpu-sim-ep-l2/src/../libcuda/gpgpu_context.h:3,
                 from /workspace/worktrees/gpgpu-sim-ep-l2/src/stream_manager.cc:30:
/workspace/worktrees/gpgpu-sim-ep-l2/src/../libcuda/../src/cuda-sim/../gpgpu-sim/gpu-cache.h: In constructor ‘l2_cache::l2_cache(const char*, cache_config&, int, int, mem_fetch_interface*, mem_fetch_allocator*, mem_fetch_status, gpgpu_sim*, cache_gpu_level)’:
/workspace/worktrees/gpgpu-sim-ep-l2/src/../libcuda/../src/cuda-sim/../gpgpu-sim/gpu-cache.h:2306:23: warning: ‘l2_cache::m_ep_l2_payload’ will be initialized after [-Wreorder]
 2306 |   ep_l2_payload_store m_ep_l2_payload;
      |                       ^~~~~~~~~~~~~~~
/workspace/worktrees/gpgpu-sim-ep-l2/src/../libcuda/../src/cuda-sim/../gpgpu-sim/gpu-cache.h:2304:22: warning:   ‘long long unsigned int l2_cache::m_ep_l2_wad_full_block_count’ [-Wreorder]
 2304 |   unsigned long long m_ep_l2_wad_full_block_count;
      |                      ^~~~~~~~~~~~~~~~~~~~~~~~~~~~
/workspace/worktrees/gpgpu-sim-ep-l2/src/../libcuda/../src/cuda-sim/../gpgpu-sim/gpu-cache.h:2236:3: warning:   when initialized here [-Wreorder]
 2236 |   l2_cache(const char *name, cache_config &config, int core_id, int type_id,
      |   ^~~~~~~~
[ 32%] Building CXX object src/gpgpu-sim/CMakeFiles/gpgpusim.dir/gpu-cache.cc.o
In file included from /workspace/worktrees/gpgpu-sim-ep-l2/src/gpgpu-sim/gpu-cache.cc:33:
/workspace/worktrees/gpgpu-sim-ep-l2/src/gpgpu-sim/gpu-cache.h: In constructor ‘baseline_cache::baseline_cache(const char*, cache_config&, int, int, mem_fetch_interface*, mem_fetch_status, cache_gpu_level, gpgpu_sim*)’:
/workspace/worktrees/gpgpu-sim-ep-l2/src/gpgpu-sim/gpu-cache.h:1709:24: warning: ‘baseline_cache::m_bandwidth_management’ will be initialized after [-Wreorder]
 1709 |   bandwidth_management m_bandwidth_management;
      |                        ^~~~~~~~~~~~~~~~~~~~~~
/workspace/worktrees/gpgpu-sim-ep-l2/src/gpgpu-sim/gpu-cache.h:1622:19: warning:   ‘cache_gpu_level baseline_cache::m_level’ [-Wreorder]
 1622 |   cache_gpu_level m_level;
      |                   ^~~~~~~
/workspace/worktrees/gpgpu-sim-ep-l2/src/gpgpu-sim/gpu-cache.h:1438:3: warning:   when initialized here [-Wreorder]
 1438 |   baseline_cache(const char *name, cache_config &config, int core_id,
      |   ^~~~~~~~~~~~~~
In file included from /workspace/worktrees/gpgpu-sim-ep-l2/src/gpgpu-sim/gpu-cache.cc:33:
/workspace/worktrees/gpgpu-sim-ep-l2/src/gpgpu-sim/gpu-cache.h: In constructor ‘l2_cache::l2_cache(const char*, cache_config&, int, int, mem_fetch_interface*, mem_fetch_allocator*, mem_fetch_status, gpgpu_sim*, cache_gpu_level)’:
/workspace/worktrees/gpgpu-sim-ep-l2/src/gpgpu-sim/gpu-cache.h:2306:23: warning: ‘l2_cache::m_ep_l2_payload’ will be initialized after [-Wreorder]
 2306 |   ep_l2_payload_store m_ep_l2_payload;
      |                       ^~~~~~~~~~~~~~~
/workspace/worktrees/gpgpu-sim-ep-l2/src/gpgpu-sim/gpu-cache.h:2304:22: warning:   ‘long long unsigned int l2_cache::m_ep_l2_wad_full_block_count’ [-Wreorder]
 2304 |   unsigned long long m_ep_l2_wad_full_block_count;
      |                      ^~~~~~~~~~~~~~~~~~~~~~~~~~~~
/workspace/worktrees/gpgpu-sim-ep-l2/src/gpgpu-sim/gpu-cache.h:2236:3: warning:   when initialized here [-Wreorder]
 2236 |   l2_cache(const char *name, cache_config &config, int core_id, int type_id,
      |   ^~~~~~~~
/workspace/worktrees/gpgpu-sim-ep-l2/src/gpgpu-sim/gpu-cache.cc: In member function ‘void cache_stats::print_stats(FILE*, long long unsigned int, const char*) const’:
/workspace/worktrees/gpgpu-sim-ep-l2/src/gpgpu-sim/gpu-cache.cc:1193:19: warning: comparison of integer expressions of different signedness: ‘long long unsigned int’ and ‘int’ [-Wsign-compare]
 1193 |     if ((streamID != -1) && (streamid != streamID)) continue;
      |          ~~~~~~~~~^~~~~
/workspace/worktrees/gpgpu-sim-ep-l2/src/gpgpu-sim/gpu-cache.cc: In member function ‘void cache_stats::print_fail_stats(FILE*, long long unsigned int, const char*) const’:
/workspace/worktrees/gpgpu-sim-ep-l2/src/gpgpu-sim/gpu-cache.cc:1228:19: warning: comparison of integer expressions of different signedness: ‘long long unsigned int’ and ‘int’ [-Wsign-compare]
 1228 |     if ((streamID != -1) && (streamid != streamID)) continue;
      |          ~~~~~~~~~^~~~~
make[2]: Leaving directory '/workspace/worktrees/gpgpu-sim-ep-l2/build'
[ 35%] Built target gpgpusim_entrypoint
make[2]: Entering directory '/workspace/worktrees/gpgpu-sim-ep-l2/build'
make[2]: Leaving directory '/workspace/worktrees/gpgpu-sim-ep-l2/build'
[ 74%] Built target intersim
make[2]: Entering directory '/workspace/worktrees/gpgpu-sim-ep-l2/build'
make[2]: Leaving directory '/workspace/worktrees/gpgpu-sim-ep-l2/build'
make[2]: Entering directory '/workspace/worktrees/gpgpu-sim-ep-l2/build'
[ 75%] Building CXX object src/cuda-sim/CMakeFiles/ptxsim.dir/cuda_device_runtime.cc.o
In file included from /workspace/worktrees/gpgpu-sim-ep-l2/src/cuda-sim/../../libcuda/../src/cuda-sim/../gpgpu-sim/shader.h:54,
                 from /workspace/worktrees/gpgpu-sim-ep-l2/src/cuda-sim/../../libcuda/../src/cuda-sim/cuda-sim.h:37,
                 from /workspace/worktrees/gpgpu-sim-ep-l2/src/cuda-sim/../../libcuda/gpgpu_context.h:3,
                 from /workspace/worktrees/gpgpu-sim-ep-l2/src/cuda-sim/cuda_device_runtime.cc:12:
/workspace/worktrees/gpgpu-sim-ep-l2/src/cuda-sim/../../libcuda/../src/cuda-sim/../gpgpu-sim/gpu-cache.h: In constructor ‘baseline_cache::baseline_cache(const char*, cache_config&, int, int, mem_fetch_interface*, mem_fetch_status, cache_gpu_level, gpgpu_sim*)’:
/workspace/worktrees/gpgpu-sim-ep-l2/src/cuda-sim/../../libcuda/../src/cuda-sim/../gpgpu-sim/gpu-cache.h:1709:24: warning: ‘baseline_cache::m_bandwidth_management’ will be initialized after [-Wreorder]
 1709 |   bandwidth_management m_bandwidth_management;
      |                        ^~~~~~~~~~~~~~~~~~~~~~
/workspace/worktrees/gpgpu-sim-ep-l2/src/cuda-sim/../../libcuda/../src/cuda-sim/../gpgpu-sim/gpu-cache.h:1622:19: warning:   ‘cache_gpu_level baseline_cache::m_level’ [-Wreorder]
 1622 |   cache_gpu_level m_level;
      |                   ^~~~~~~
/workspace/worktrees/gpgpu-sim-ep-l2/src/cuda-sim/../../libcuda/../src/cuda-sim/../gpgpu-sim/gpu-cache.h:1438:3: warning:   when initialized here [-Wreorder]
 1438 |   baseline_cache(const char *name, cache_config &config, int core_id,
      |   ^~~~~~~~~~~~~~
In file included from /workspace/worktrees/gpgpu-sim-ep-l2/src/cuda-sim/../../libcuda/../src/cuda-sim/../gpgpu-sim/shader.h:54,
                 from /workspace/worktrees/gpgpu-sim-ep-l2/src/cuda-sim/../../libcuda/../src/cuda-sim/cuda-sim.h:37,
                 from /workspace/worktrees/gpgpu-sim-ep-l2/src/cuda-sim/../../libcuda/gpgpu_context.h:3,
                 from /workspace/worktrees/gpgpu-sim-ep-l2/src/cuda-sim/cuda_device_runtime.cc:12:
/workspace/worktrees/gpgpu-sim-ep-l2/src/cuda-sim/../../libcuda/../src/cuda-sim/../gpgpu-sim/gpu-cache.h: In constructor ‘l2_cache::l2_cache(const char*, cache_config&, int, int, mem_fetch_interface*, mem_fetch_allocator*, mem_fetch_status, gpgpu_sim*, cache_gpu_level)’:
/workspace/worktrees/gpgpu-sim-ep-l2/src/cuda-sim/../../libcuda/../src/cuda-sim/../gpgpu-sim/gpu-cache.h:2306:23: warning: ‘l2_cache::m_ep_l2_payload’ will be initialized after [-Wreorder]
 2306 |   ep_l2_payload_store m_ep_l2_payload;
      |                       ^~~~~~~~~~~~~~~
/workspace/worktrees/gpgpu-sim-ep-l2/src/cuda-sim/../../libcuda/../src/cuda-sim/../gpgpu-sim/gpu-cache.h:2304:22: warning:   ‘long long unsigned int l2_cache::m_ep_l2_wad_full_block_count’ [-Wreorder]
 2304 |   unsigned long long m_ep_l2_wad_full_block_count;
      |                      ^~~~~~~~~~~~~~~~~~~~~~~~~~~~
/workspace/worktrees/gpgpu-sim-ep-l2/src/cuda-sim/../../libcuda/../src/cuda-sim/../gpgpu-sim/gpu-cache.h:2236:3: warning:   when initialized here [-Wreorder]
 2236 |   l2_cache(const char *name, cache_config &config, int core_id, int type_id,
      |   ^~~~~~~~
[ 75%] Building CXX object src/cuda-sim/CMakeFiles/ptxsim.dir/cuda-sim.cc.o
In file included from /workspace/worktrees/gpgpu-sim-ep-l2/src/cuda-sim/../gpgpu-sim/shader.h:54,
                 from /workspace/worktrees/gpgpu-sim-ep-l2/src/cuda-sim/cuda-sim.h:37,
                 from /workspace/worktrees/gpgpu-sim-ep-l2/src/cuda-sim/cuda-sim.cc:33:
/workspace/worktrees/gpgpu-sim-ep-l2/src/cuda-sim/../gpgpu-sim/gpu-cache.h: In constructor ‘baseline_cache::baseline_cache(const char*, cache_config&, int, int, mem_fetch_interface*, mem_fetch_status, cache_gpu_level, gpgpu_sim*)’:
/workspace/worktrees/gpgpu-sim-ep-l2/src/cuda-sim/../gpgpu-sim/gpu-cache.h:1709:24: warning: ‘baseline_cache::m_bandwidth_management’ will be initialized after [-Wreorder]
 1709 |   bandwidth_management m_bandwidth_management;
      |                        ^~~~~~~~~~~~~~~~~~~~~~
/workspace/worktrees/gpgpu-sim-ep-l2/src/cuda-sim/../gpgpu-sim/gpu-cache.h:1622:19: warning:   ‘cache_gpu_level baseline_cache::m_level’ [-Wreorder]
 1622 |   cache_gpu_level m_level;
      |                   ^~~~~~~
/workspace/worktrees/gpgpu-sim-ep-l2/src/cuda-sim/../gpgpu-sim/gpu-cache.h:1438:3: warning:   when initialized here [-Wreorder]
 1438 |   baseline_cache(const char *name, cache_config &config, int core_id,
      |   ^~~~~~~~~~~~~~
In file included from /workspace/worktrees/gpgpu-sim-ep-l2/src/cuda-sim/../gpgpu-sim/shader.h:54,
                 from /workspace/worktrees/gpgpu-sim-ep-l2/src/cuda-sim/cuda-sim.h:37,
                 from /workspace/worktrees/gpgpu-sim-ep-l2/src/cuda-sim/cuda-sim.cc:33:
/workspace/worktrees/gpgpu-sim-ep-l2/src/cuda-sim/../gpgpu-sim/gpu-cache.h: In constructor ‘l2_cache::l2_cache(const char*, cache_config&, int, int, mem_fetch_interface*, mem_fetch_allocator*, mem_fetch_status, gpgpu_sim*, cache_gpu_level)’:
/workspace/worktrees/gpgpu-sim-ep-l2/src/cuda-sim/../gpgpu-sim/gpu-cache.h:2306:23: warning: ‘l2_cache::m_ep_l2_payload’ will be initialized after [-Wreorder]
 2306 |   ep_l2_payload_store m_ep_l2_payload;
      |                       ^~~~~~~~~~~~~~~
/workspace/worktrees/gpgpu-sim-ep-l2/src/cuda-sim/../gpgpu-sim/gpu-cache.h:2304:22: warning:   ‘long long unsigned int l2_cache::m_ep_l2_wad_full_block_count’ [-Wreorder]
 2304 |   unsigned long long m_ep_l2_wad_full_block_count;
      |                      ^~~~~~~~~~~~~~~~~~~~~~~~~~~~
/workspace/worktrees/gpgpu-sim-ep-l2/src/cuda-sim/../gpgpu-sim/gpu-cache.h:2236:3: warning:   when initialized here [-Wreorder]
 2236 |   l2_cache(const char *name, cache_config &config, int core_id, int type_id,
      |   ^~~~~~~~
/workspace/worktrees/gpgpu-sim-ep-l2/src/cuda-sim/cuda-sim.cc: In member function ‘virtual void ptx_instruction::pre_decode()’:
/workspace/worktrees/gpgpu-sim-ep-l2/src/cuda-sim/cuda-sim.cc:1183:27: warning: comparison of integer expressions of different signedness: ‘int’ and ‘unsigned int’ [-Wsign-compare]
 1183 |         for (int i = 0; i < num_elem; i++) arch_reg.dst[i] = o.arch_reg_num(i);
      |                         ~~^~~~~~~~~~
/workspace/worktrees/gpgpu-sim-ep-l2/src/cuda-sim/cuda-sim.cc:1216:27: warning: comparison of integer expressions of different signedness: ‘int’ and ‘unsigned int’ [-Wsign-compare]
 1216 |         for (int i = 0; i < num_elem; i++)
      |                         ~~^~~~~~~~~~
/workspace/worktrees/gpgpu-sim-ep-l2/src/cuda-sim/cuda-sim.cc: In member function ‘void ptx_thread_info::ptx_exec_inst(warp_inst_t&, unsigned int)’:
/workspace/worktrees/gpgpu-sim-ep-l2/src/cuda-sim/cuda-sim.cc:1894:49: warning: comparison of integer expressions of different signedness: ‘int’ and ‘unsigned int’ [-Wsign-compare]
 1894 |          config.get_ptx_inst_debug_thread_uid() == get_uid())) {
      |          ~~~~~~~~~~~~~~~~~~~~~~~~~~~~~~~~~~~~~~~^~~~~~~~~~~~
/workspace/worktrees/gpgpu-sim-ep-l2/src/cuda-sim/cuda-sim.cc:1957:49: warning: comparison of integer expressions of different signedness: ‘int’ and ‘unsigned int’ [-Wsign-compare]
 1957 |          config.get_ptx_inst_debug_thread_uid() == get_uid())) {
      |          ~~~~~~~~~~~~~~~~~~~~~~~~~~~~~~~~~~~~~~~^~~~~~~~~~~~
/workspace/worktrees/gpgpu-sim-ep-l2/src/cuda-sim/cuda-sim.cc: In member function ‘void cuda_sim::gpgpu_cuda_ptx_sim_main_func(kernel_info_t&, bool)’:
/workspace/worktrees/gpgpu-sim-ep-l2/src/cuda-sim/cuda-sim.cc:2540:27: warning: comparison of integer expressions of different signedness: ‘unsigned int’ and ‘int’ [-Wsign-compare]
 2540 |          kernel.get_uid() == cp_kernel) ||
      |          ~~~~~~~~~~~~~~~~~^~~~~~~~~~~~
/workspace/worktrees/gpgpu-sim-ep-l2/src/cuda-sim/cuda-sim.cc:2541:26: warning: comparison of integer expressions of different signedness: ‘unsigned int’ and ‘int’ [-Wsign-compare]
 2541 |         kernel.get_uid() < cp_kernel)  // just fro testing
      |         ~~~~~~~~~~~~~~~~~^~~~~~~~~~~
/workspace/worktrees/gpgpu-sim-ep-l2/src/cuda-sim/cuda-sim.cc: In member function ‘void functionalCoreSim::initializeCTA(unsigned int)’:
/workspace/worktrees/gpgpu-sim-ep-l2/src/cuda-sim/cuda-sim.cc:2614:21: warning: comparison of integer expressions of different signedness: ‘int’ and ‘unsigned int’ [-Wsign-compare]
 2614 |   for (int i = 0; i < m_warp_count; i++) {
      |                   ~~^~~~~~~~~~~~~~
/workspace/worktrees/gpgpu-sim-ep-l2/src/cuda-sim/cuda-sim.cc:2618:21: warning: comparison of integer expressions of different signedness: ‘int’ and ‘unsigned int’ [-Wsign-compare]
 2618 |   for (int i = 0; i < m_warp_count * m_warp_size; i++) m_thread[i] = NULL;
      |                   ~~^~~~~~~~~~~~~~~~~~~~~~~~~~~~
/workspace/worktrees/gpgpu-sim-ep-l2/src/cuda-sim/cuda-sim.cc:2634:21: warning: comparison of integer expressions of different signedness: ‘int’ and ‘unsigned int’ [-Wsign-compare]
 2634 |   for (int k = 0; k < m_warp_count; k++) createWarp(k);
      |                   ~~^~~~~~~~~~~~~~
/workspace/worktrees/gpgpu-sim-ep-l2/src/cuda-sim/cuda-sim.cc: In member function ‘void functionalCoreSim::createWarp(unsigned int)’:
/workspace/worktrees/gpgpu-sim-ep-l2/src/cuda-sim/cuda-sim.cc:2641:40: warning: comparison of integer expressions of different signedness: ‘int’ and ‘unsigned int’ [-Wsign-compare]
 2641 |   for (int i = warpId * m_warp_size; i < warpId * m_warp_size + m_warp_size;
      |                                      ~~^~~~~~~~~~~~~~~~~~~~~~~~~~~~~~~~~~~~
/workspace/worktrees/gpgpu-sim-ep-l2/src/cuda-sim/cuda-sim.cc:2659:42: warning: comparison of integer expressions of different signedness: ‘int’ and ‘unsigned int’ [-Wsign-compare]
 2659 |     for (int i = warpId * m_warp_size; i < warpId * m_warp_size + m_warp_size;
      |                                        ~~^~~~~~~~~~~~~~~~~~~~~~~~~~~~~~~~~~~~
/workspace/worktrees/gpgpu-sim-ep-l2/src/cuda-sim/cuda-sim.cc: In member function ‘void functionalCoreSim::execute(int, unsigned int)’:
/workspace/worktrees/gpgpu-sim-ep-l2/src/cuda-sim/cuda-sim.cc:2683:30: warning: comparison of integer expressions of different signedness: ‘unsigned int’ and ‘int’ [-Wsign-compare]
 2683 |         (m_kernel->get_uid() == m_gpu->checkpoint_kernel) &&
      |          ~~~~~~~~~~~~~~~~~~~~^~~~~~~~~~~~~~~~~~~~~~~~~~~
/workspace/worktrees/gpgpu-sim-ep-l2/src/cuda-sim/cuda-sim.cc:2684:19: warning: comparison of integer expressions of different signedness: ‘unsigned int’ and ‘int’ [-Wsign-compare]
 2684 |         (ctaid_cp >= m_gpu->checkpoint_CTA) &&
      |          ~~~~~~~~~^~~~~~~~~~~~~~~~~~~~~~~~
/workspace/worktrees/gpgpu-sim-ep-l2/src/cuda-sim/cuda-sim.cc:2703:28: warning: comparison of integer expressions of different signedness: ‘unsigned int’ and ‘int’ [-Wsign-compare]
 2703 |       (m_kernel->get_uid() == m_gpu->checkpoint_kernel) &&
      |        ~~~~~~~~~~~~~~~~~~~~^~~~~~~~~~~~~~~~~~~~~~~~~~~
/workspace/worktrees/gpgpu-sim-ep-l2/src/cuda-sim/cuda-sim.cc:2704:17: warning: comparison of integer expressions of different signedness: ‘unsigned int’ and ‘int’ [-Wsign-compare]
 2704 |       (ctaid_cp >= m_gpu->checkpoint_CTA) &&
      |        ~~~~~~~~~^~~~~~~~~~~~~~~~~~~~~~~~
/workspace/worktrees/gpgpu-sim-ep-l2/src/cuda-sim/cuda-sim.cc:2710:23: warning: comparison of integer expressions of different signedness: ‘int’ and ‘unsigned int’ [-Wsign-compare]
 2710 |     for (int i = 0; i < 32 * m_warp_count; i++) {
      |                     ~~^~~~~~~~~~~~~~~~~~~
/workspace/worktrees/gpgpu-sim-ep-l2/src/cuda-sim/cuda-sim.cc:2725:23: warning: comparison of integer expressions of different signedness: ‘int’ and ‘unsigned int’ [-Wsign-compare]
 2725 |     for (int i = 0; i < m_warp_count; i++) {
      |                     ~~^~~~~~~~~~~~~~
/workspace/worktrees/gpgpu-sim-ep-l2/src/cuda-sim/cuda-sim.cc: In member function ‘virtual void functionalCoreSim::warp_exit(unsigned int)’:
/workspace/worktrees/gpgpu-sim-ep-l2/src/cuda-sim/cuda-sim.cc:2928:21: warning: comparison of integer expressions of different signedness: ‘int’ and ‘unsigned int’ [-Wsign-compare]
 2928 |   for (int i = 0; i < m_warp_count * m_warp_size; i++) {
      |                   ~~^~~~~~~~~~~~~~~~~~~~~~~~~~~~
/workspace/worktrees/gpgpu-sim-ep-l2/src/cuda-sim/cuda-sim.cc: In instantiation of ‘bool cuda_sim::ptx_debug_exec_dump_cond(int, addr_t) [with int activate_level = 5; addr_t = long long unsigned int]’:
/workspace/worktrees/gpgpu-sim-ep-l2/src/cuda-sim/cuda-sim.cc:1903:64:   required from here
/workspace/worktrees/gpgpu-sim-ep-l2/src/cuda-sim/cuda-sim.cc:1718:18: warning: comparison of integer expressions of different signedness: ‘int’ and ‘unsigned int’ [-Wsign-compare]
 1718 |         (thd_uid != (unsigned)g_debug_thread_uid)) {
      |         ~~~~~~~~~^~~~~~~~~~~~~~~~~~~~~~~~~~~~~~~~
/workspace/worktrees/gpgpu-sim-ep-l2/src/cuda-sim/cuda-sim.cc: In instantiation of ‘bool cuda_sim::ptx_debug_exec_dump_cond(int, addr_t) [with int activate_level = 6; addr_t = long long unsigned int]’:
/workspace/worktrees/gpgpu-sim-ep-l2/src/cuda-sim/cuda-sim.cc:1963:66:   required from here
/workspace/worktrees/gpgpu-sim-ep-l2/src/cuda-sim/cuda-sim.cc:1718:18: warning: comparison of integer expressions of different signedness: ‘int’ and ‘unsigned int’ [-Wsign-compare]
/workspace/worktrees/gpgpu-sim-ep-l2/src/cuda-sim/cuda-sim.cc: In instantiation of ‘bool cuda_sim::ptx_debug_exec_dump_cond(int, addr_t) [with int activate_level = 10; addr_t = long long unsigned int]’:
/workspace/worktrees/gpgpu-sim-ep-l2/src/cuda-sim/cuda-sim.cc:1968:67:   required from here
/workspace/worktrees/gpgpu-sim-ep-l2/src/cuda-sim/cuda-sim.cc:1718:18: warning: comparison of integer expressions of different signedness: ‘int’ and ‘unsigned int’ [-Wsign-compare]
[ 76%] Building CXX object src/gpgpu-sim/CMakeFiles/gpgpusim.dir/gpu-sim.cc.o
In file included from /workspace/worktrees/gpgpu-sim-ep-l2/src/gpgpu-sim/gpu-sim.h:44,
                 from /workspace/worktrees/gpgpu-sim-ep-l2/src/gpgpu-sim/gpu-sim.cc:33:
/workspace/worktrees/gpgpu-sim-ep-l2/src/gpgpu-sim/gpu-cache.h: In constructor ‘baseline_cache::baseline_cache(const char*, cache_config&, int, int, mem_fetch_interface*, mem_fetch_status, cache_gpu_level, gpgpu_sim*)’:
/workspace/worktrees/gpgpu-sim-ep-l2/src/gpgpu-sim/gpu-cache.h:1709:24: warning: ‘baseline_cache::m_bandwidth_management’ will be initialized after [-Wreorder]
 1709 |   bandwidth_management m_bandwidth_management;
      |                        ^~~~~~~~~~~~~~~~~~~~~~
/workspace/worktrees/gpgpu-sim-ep-l2/src/gpgpu-sim/gpu-cache.h:1622:19: warning:   ‘cache_gpu_level baseline_cache::m_level’ [-Wreorder]
 1622 |   cache_gpu_level m_level;
      |                   ^~~~~~~
/workspace/worktrees/gpgpu-sim-ep-l2/src/gpgpu-sim/gpu-cache.h:1438:3: warning:   when initialized here [-Wreorder]
 1438 |   baseline_cache(const char *name, cache_config &config, int core_id,
      |   ^~~~~~~~~~~~~~
In file included from /workspace/worktrees/gpgpu-sim-ep-l2/src/gpgpu-sim/gpu-sim.h:44,
                 from /workspace/worktrees/gpgpu-sim-ep-l2/src/gpgpu-sim/gpu-sim.cc:33:
/workspace/worktrees/gpgpu-sim-ep-l2/src/gpgpu-sim/gpu-cache.h: In constructor ‘l2_cache::l2_cache(const char*, cache_config&, int, int, mem_fetch_interface*, mem_fetch_allocator*, mem_fetch_status, gpgpu_sim*, cache_gpu_level)’:
/workspace/worktrees/gpgpu-sim-ep-l2/src/gpgpu-sim/gpu-cache.h:2306:23: warning: ‘l2_cache::m_ep_l2_payload’ will be initialized after [-Wreorder]
 2306 |   ep_l2_payload_store m_ep_l2_payload;
      |                       ^~~~~~~~~~~~~~~
/workspace/worktrees/gpgpu-sim-ep-l2/src/gpgpu-sim/gpu-cache.h:2304:22: warning:   ‘long long unsigned int l2_cache::m_ep_l2_wad_full_block_count’ [-Wreorder]
 2304 |   unsigned long long m_ep_l2_wad_full_block_count;
      |                      ^~~~~~~~~~~~~~~~~~~~~~~~~~~~
/workspace/worktrees/gpgpu-sim-ep-l2/src/gpgpu-sim/gpu-cache.h:2236:3: warning:   when initialized here [-Wreorder]
 2236 |   l2_cache(const char *name, cache_config &config, int core_id, int type_id,
      |   ^~~~~~~~
/workspace/worktrees/gpgpu-sim-ep-l2/src/gpgpu-sim/gpu-sim.cc: In member function ‘void sst_gpgpu_sim::SST_cycle()’:
/workspace/worktrees/gpgpu-sim-ep-l2/src/gpgpu-sim/gpu-sim.cc:2427:32: warning: variable ‘sec’ set but not used [-Wunused-but-set-variable]
 2427 |     time_t days, hrs, minutes, sec;
      |                                ^~~
[ 77%] Building CXX object src/cuda-sim/CMakeFiles/ptxsim.dir/instructions.cc.o
In file included from /workspace/worktrees/gpgpu-sim-ep-l2/src/cuda-sim/cuda-math.h:354,
                 from /workspace/worktrees/gpgpu-sim-ep-l2/src/cuda-sim/instructions.cc:54:
/usr/local/cuda-11.8/targets/x86_64-linux/include/math_functions.h:54:2: warning: #warning "math_functions.h is an internal header file and must not be used directly.  This file will be removed in a future CUDA release.  Please use cuda_runtime_api.h or cuda_runtime.h instead." [-Wcpp]
   54 | #warning "math_functions.h is an internal header file and must not be used directly.  This file will be removed in a future CUDA release.  Please use cuda_runtime_api.h or cuda_runtime.h instead."
      |  ^~~~~~~
[ 77%] Building CXX object src/gpgpu-sim/CMakeFiles/gpgpusim.dir/hashing.cc.o
In file included from /workspace/worktrees/gpgpu-sim-ep-l2/src/cuda-sim/../gpgpu-sim/gpu-sim.h:44,
                 from /workspace/worktrees/gpgpu-sim-ep-l2/src/cuda-sim/instructions.cc:52:
/workspace/worktrees/gpgpu-sim-ep-l2/src/cuda-sim/../gpgpu-sim/gpu-cache.h: In constructor ‘baseline_cache::baseline_cache(const char*, cache_config&, int, int, mem_fetch_interface*, mem_fetch_status, cache_gpu_level, gpgpu_sim*)’:
/workspace/worktrees/gpgpu-sim-ep-l2/src/cuda-sim/../gpgpu-sim/gpu-cache.h:1709:24: warning: ‘baseline_cache::m_bandwidth_management’ will be initialized after [-Wreorder]
 1709 |   bandwidth_management m_bandwidth_management;
      |                        ^~~~~~~~~~~~~~~~~~~~~~
/workspace/worktrees/gpgpu-sim-ep-l2/src/cuda-sim/../gpgpu-sim/gpu-cache.h:1622:19: warning:   ‘cache_gpu_level baseline_cache::m_level’ [-Wreorder]
 1622 |   cache_gpu_level m_level;
      |                   ^~~~~~~
/workspace/worktrees/gpgpu-sim-ep-l2/src/cuda-sim/../gpgpu-sim/gpu-cache.h:1438:3: warning:   when initialized here [-Wreorder]
 1438 |   baseline_cache(const char *name, cache_config &config, int core_id,
      |   ^~~~~~~~~~~~~~
In file included from /workspace/worktrees/gpgpu-sim-ep-l2/src/cuda-sim/../gpgpu-sim/gpu-sim.h:44,
                 from /workspace/worktrees/gpgpu-sim-ep-l2/src/cuda-sim/instructions.cc:52:
/workspace/worktrees/gpgpu-sim-ep-l2/src/cuda-sim/../gpgpu-sim/gpu-cache.h: In constructor ‘l2_cache::l2_cache(const char*, cache_config&, int, int, mem_fetch_interface*, mem_fetch_allocator*, mem_fetch_status, gpgpu_sim*, cache_gpu_level)’:
/workspace/worktrees/gpgpu-sim-ep-l2/src/cuda-sim/../gpgpu-sim/gpu-cache.h:2306:23: warning: ‘l2_cache::m_ep_l2_payload’ will be initialized after [-Wreorder]
 2306 |   ep_l2_payload_store m_ep_l2_payload;
      |                       ^~~~~~~~~~~~~~~
/workspace/worktrees/gpgpu-sim-ep-l2/src/cuda-sim/../gpgpu-sim/gpu-cache.h:2304:22: warning:   ‘long long unsigned int l2_cache::m_ep_l2_wad_full_block_count’ [-Wreorder]
 2304 |   unsigned long long m_ep_l2_wad_full_block_count;
      |                      ^~~~~~~~~~~~~~~~~~~~~~~~~~~~
/workspace/worktrees/gpgpu-sim-ep-l2/src/cuda-sim/../gpgpu-sim/gpu-cache.h:2236:3: warning:   when initialized here [-Wreorder]
 2236 |   l2_cache(const char *name, cache_config &config, int core_id, int type_id,
      |   ^~~~~~~~
/workspace/worktrees/gpgpu-sim-ep-l2/src/cuda-sim/instructions.cc: In member function ‘void ptx_thread_info::print_reg_thread(char*)’:
/workspace/worktrees/gpgpu-sim-ep-l2/src/cuda-sim/instructions.cc:203:19: warning: format ‘%llu’ expects argument of type ‘long long unsigned int’, but argument 4 has type ‘const ptx_reg_t’ [-Wformat=]
  203 |       fprintf(fp, "%s %llu %s %d\n", name.c_str(), it->second, dec.c_str(),
      |                   ^~~~~~~~~~~~~~~~~                ~~~~~~~~~~
      |                                                        |
      |                                                        const ptx_reg_t
/workspace/worktrees/gpgpu-sim-ep-l2/src/cuda-sim/instructions.cc: In function ‘void bfi_impl(const ptx_instruction*, ptx_thread_info*)’:
/workspace/worktrees/gpgpu-sim-ep-l2/src/cuda-sim/instructions.cc:1713:17: warning: comparison of integer expressions of different signedness: ‘int’ and ‘unsigned int’ [-Wsign-compare]
 1713 |   for (i = 0; i < len && pos + i < max; i++) {
      |               ~~^~~~~
/workspace/worktrees/gpgpu-sim-ep-l2/src/cuda-sim/instructions.cc:1713:34: warning: comparison of integer expressions of different signedness: ‘unsigned int’ and ‘int’ [-Wsign-compare]
 1713 |   for (i = 0; i < len && pos + i < max; i++) {
      |                          ~~~~~~~~^~~~~
/workspace/worktrees/gpgpu-sim-ep-l2/src/cuda-sim/instructions.cc: In function ‘unsigned int trunc(unsigned int, unsigned int)’:
/workspace/worktrees/gpgpu-sim-ep-l2/src/cuda-sim/instructions.cc:1838:18: warning: comparison of integer expressions of different signedness: ‘int’ and ‘unsigned int’ [-Wsign-compare]
 1838 |   if (latest_one >= precision) {
      |       ~~~~~~~~~~~^~~~~~~~~~~~
/workspace/worktrees/gpgpu-sim-ep-l2/src/cuda-sim/instructions.cc: In function ‘void mma_impl(const ptx_instruction*, core_t*, warp_inst_t)’:
/workspace/worktrees/gpgpu-sim-ep-l2/src/cuda-sim/instructions.cc:1927:23: warning: comparison of integer expressions of different signedness: ‘int’ and ‘unsigned int’ [-Wsign-compare]
 1927 |   for (thrd = 0; thrd < core->get_warp_size(); thrd++) {
      |                  ~~~~~^~~~~~~~~~~~~~~~~~~~~~~
/workspace/worktrees/gpgpu-sim-ep-l2/src/cuda-sim/instructions.cc:1938:23: warning: comparison of integer expressions of different signedness: ‘int’ and ‘unsigned int’ [-Wsign-compare]
 1938 |         for (k = 0; k < nelem; k++) {
      |                     ~~^~~~~~~
/workspace/worktrees/gpgpu-sim-ep-l2/src/cuda-sim/instructions.cc:1947:23: warning: comparison of integer expressions of different signedness: ‘int’ and ‘unsigned int’ [-Wsign-compare]
 1947 |         for (k = 0; k < 2 * nelem; k++) {
      |                     ~~^~~~~~~~~~~
/workspace/worktrees/gpgpu-sim-ep-l2/src/cuda-sim/instructions.cc:1956:23: warning: comparison of integer expressions of different signedness: ‘int’ and ‘unsigned int’ [-Wsign-compare]
 1956 |         for (k = 0; k < 2 * nelem; k++) {
      |                     ~~^~~~~~~~~~~
/workspace/worktrees/gpgpu-sim-ep-l2/src/cuda-sim/instructions.cc:2079:23: warning: comparison of integer expressions of different signedness: ‘int’ and ‘unsigned int’ [-Wsign-compare]
 2079 |   for (thrd = 0; thrd < core->get_warp_size(); thrd++) {
      |                  ~~~~~^~~~~~~~~~~~~~~~~~~~~~~
/workspace/worktrees/gpgpu-sim-ep-l2/src/cuda-sim/instructions.cc: In function ‘void clz_impl(const ptx_instruction*, ptx_thread_info*)’:
/workspace/worktrees/gpgpu-sim-ep-l2/src/cuda-sim/instructions.cc:2284:17: warning: comparison of integer expressions of different signedness: ‘unsigned int’ and ‘int’ [-Wsign-compare]
 2284 |   while ((d.u32 < max) && ((a.u64 & mask) == 0)) {
      |           ~~~~~~^~~~~
/workspace/worktrees/gpgpu-sim-ep-l2/src/cuda-sim/instructions.cc: In function ‘void mma_st_impl(const ptx_instruction*, core_t*, warp_inst_t&)’:
/workspace/worktrees/gpgpu-sim-ep-l2/src/cuda-sim/instructions.cc:3445:23: warning: comparison of integer expressions of different signedness: ‘int’ and ‘unsigned int’ [-Wsign-compare]
 3445 |   for (thrd = 0; thrd < core->get_warp_size(); thrd++) {
      |                  ~~~~~^~~~~~~~~~~~~~~~~~~~~~~
/workspace/worktrees/gpgpu-sim-ep-l2/src/cuda-sim/instructions.cc: In function ‘void mma_ld_impl(const ptx_instruction*, core_t*, warp_inst_t&)’:
/workspace/worktrees/gpgpu-sim-ep-l2/src/cuda-sim/instructions.cc:3568:23: warning: comparison of integer expressions of different signedness: ‘int’ and ‘unsigned int’ [-Wsign-compare]
 3568 |   for (thrd = 0; thrd < core->get_warp_size(); thrd++) {
      |                  ~~~~~^~~~~~~~~~~~~~~~~~~~~~~
/workspace/worktrees/gpgpu-sim-ep-l2/src/cuda-sim/instructions.cc: In function ‘void sst_impl(const ptx_instruction*, ptx_thread_info*)’:
/workspace/worktrees/gpgpu-sim-ep-l2/src/cuda-sim/instructions.cc:5737:19: warning: comparison of integer expressions of different signedness: ‘int’ and ‘unsigned int’ [-Wsign-compare]
 5737 |   if (NUM_THREADS == cta_info->get_bar_threads()) {
      |       ~~~~~~~~~~~~^~~~~~~~~~~~~~~~~~~~~~~~~~~~~~
/workspace/worktrees/gpgpu-sim-ep-l2/src/cuda-sim/instructions.cc:5774:19: warning: comparison of integer expressions of different signedness: ‘unsigned int’ and ‘int’ [-Wsign-compare]
 5774 |     while (offset < NUM_THREADS) {
      |            ~~~~~~~^~~~~~~~~~~~~
In file included from /workspace/worktrees/gpgpu-sim-ep-l2/src/gpgpu-sim/hashing.cc:7:
/workspace/worktrees/gpgpu-sim-ep-l2/src/gpgpu-sim/gpu-cache.h: In constructor ‘baseline_cache::baseline_cache(const char*, cache_config&, int, int, mem_fetch_interface*, mem_fetch_status, cache_gpu_level, gpgpu_sim*)’:
/workspace/worktrees/gpgpu-sim-ep-l2/src/gpgpu-sim/gpu-cache.h:1709:24: warning: ‘baseline_cache::m_bandwidth_management’ will be initialized after [-Wreorder]
 1709 |   bandwidth_management m_bandwidth_management;
      |                        ^~~~~~~~~~~~~~~~~~~~~~
/workspace/worktrees/gpgpu-sim-ep-l2/src/gpgpu-sim/gpu-cache.h:1622:19: warning:   ‘cache_gpu_level baseline_cache::m_level’ [-Wreorder]
 1622 |   cache_gpu_level m_level;
      |                   ^~~~~~~
/workspace/worktrees/gpgpu-sim-ep-l2/src/gpgpu-sim/gpu-cache.h:1438:3: warning:   when initialized here [-Wreorder]
 1438 |   baseline_cache(const char *name, cache_config &config, int core_id,
      |   ^~~~~~~~~~~~~~
In file included from /workspace/worktrees/gpgpu-sim-ep-l2/src/gpgpu-sim/hashing.cc:7:
/workspace/worktrees/gpgpu-sim-ep-l2/src/gpgpu-sim/gpu-cache.h: In constructor ‘l2_cache::l2_cache(const char*, cache_config&, int, int, mem_fetch_interface*, mem_fetch_allocator*, mem_fetch_status, gpgpu_sim*, cache_gpu_level)’:
/workspace/worktrees/gpgpu-sim-ep-l2/src/gpgpu-sim/gpu-cache.h:2306:23: warning: ‘l2_cache::m_ep_l2_payload’ will be initialized after [-Wreorder]
 2306 |   ep_l2_payload_store m_ep_l2_payload;
      |                       ^~~~~~~~~~~~~~~
/workspace/worktrees/gpgpu-sim-ep-l2/src/gpgpu-sim/gpu-cache.h:2304:22: warning:   ‘long long unsigned int l2_cache::m_ep_l2_wad_full_block_count’ [-Wreorder]
 2304 |   unsigned long long m_ep_l2_wad_full_block_count;
      |                      ^~~~~~~~~~~~~~~~~~~~~~~~~~~~
/workspace/worktrees/gpgpu-sim-ep-l2/src/gpgpu-sim/gpu-cache.h:2236:3: warning:   when initialized here [-Wreorder]
 2236 |   l2_cache(const char *name, cache_config &config, int core_id, int type_id,
      |   ^~~~~~~~
[ 77%] Building CXX object src/gpgpu-sim/CMakeFiles/gpgpusim.dir/l2cache.cc.o
In file included from /workspace/worktrees/gpgpu-sim-ep-l2/src/gpgpu-sim/l2cache.cc:43:
/workspace/worktrees/gpgpu-sim-ep-l2/src/gpgpu-sim/gpu-cache.h: In constructor ‘baseline_cache::baseline_cache(const char*, cache_config&, int, int, mem_fetch_interface*, mem_fetch_status, cache_gpu_level, gpgpu_sim*)’:
/workspace/worktrees/gpgpu-sim-ep-l2/src/gpgpu-sim/gpu-cache.h:1709:24: warning: ‘baseline_cache::m_bandwidth_management’ will be initialized after [-Wreorder]
 1709 |   bandwidth_management m_bandwidth_management;
      |                        ^~~~~~~~~~~~~~~~~~~~~~
/workspace/worktrees/gpgpu-sim-ep-l2/src/gpgpu-sim/gpu-cache.h:1622:19: warning:   ‘cache_gpu_level baseline_cache::m_level’ [-Wreorder]
 1622 |   cache_gpu_level m_level;
      |                   ^~~~~~~
/workspace/worktrees/gpgpu-sim-ep-l2/src/gpgpu-sim/gpu-cache.h:1438:3: warning:   when initialized here [-Wreorder]
 1438 |   baseline_cache(const char *name, cache_config &config, int core_id,
      |   ^~~~~~~~~~~~~~
In file included from /workspace/worktrees/gpgpu-sim-ep-l2/src/gpgpu-sim/l2cache.cc:43:
/workspace/worktrees/gpgpu-sim-ep-l2/src/gpgpu-sim/gpu-cache.h: In constructor ‘l2_cache::l2_cache(const char*, cache_config&, int, int, mem_fetch_interface*, mem_fetch_allocator*, mem_fetch_status, gpgpu_sim*, cache_gpu_level)’:
/workspace/worktrees/gpgpu-sim-ep-l2/src/gpgpu-sim/gpu-cache.h:2306:23: warning: ‘l2_cache::m_ep_l2_payload’ will be initialized after [-Wreorder]
 2306 |   ep_l2_payload_store m_ep_l2_payload;
      |                       ^~~~~~~~~~~~~~~
/workspace/worktrees/gpgpu-sim-ep-l2/src/gpgpu-sim/gpu-cache.h:2304:22: warning:   ‘long long unsigned int l2_cache::m_ep_l2_wad_full_block_count’ [-Wreorder]
 2304 |   unsigned long long m_ep_l2_wad_full_block_count;
      |                      ^~~~~~~~~~~~~~~~~~~~~~~~~~~~
/workspace/worktrees/gpgpu-sim-ep-l2/src/gpgpu-sim/gpu-cache.h:2236:3: warning:   when initialized here [-Wreorder]
 2236 |   l2_cache(const char *name, cache_config &config, int core_id, int type_id,
      |   ^~~~~~~~
[ 77%] Building CXX object src/cuda-sim/CMakeFiles/ptxsim.dir/memory.cc.o
In file included from /workspace/worktrees/gpgpu-sim-ep-l2/src/cuda-sim/../../libcuda/../src/cuda-sim/../gpgpu-sim/shader.h:54,
                 from /workspace/worktrees/gpgpu-sim-ep-l2/src/cuda-sim/../../libcuda/../src/cuda-sim/cuda-sim.h:37,
                 from /workspace/worktrees/gpgpu-sim-ep-l2/src/cuda-sim/../../libcuda/gpgpu_context.h:3,
                 from /workspace/worktrees/gpgpu-sim-ep-l2/src/cuda-sim/memory.cc:31:
/workspace/worktrees/gpgpu-sim-ep-l2/src/cuda-sim/../../libcuda/../src/cuda-sim/../gpgpu-sim/gpu-cache.h: In constructor ‘baseline_cache::baseline_cache(const char*, cache_config&, int, int, mem_fetch_interface*, mem_fetch_status, cache_gpu_level, gpgpu_sim*)’:
/workspace/worktrees/gpgpu-sim-ep-l2/src/cuda-sim/../../libcuda/../src/cuda-sim/../gpgpu-sim/gpu-cache.h:1709:24: warning: ‘baseline_cache::m_bandwidth_management’ will be initialized after [-Wreorder]
 1709 |   bandwidth_management m_bandwidth_management;
      |                        ^~~~~~~~~~~~~~~~~~~~~~
/workspace/worktrees/gpgpu-sim-ep-l2/src/cuda-sim/../../libcuda/../src/cuda-sim/../gpgpu-sim/gpu-cache.h:1622:19: warning:   ‘cache_gpu_level baseline_cache::m_level’ [-Wreorder]
 1622 |   cache_gpu_level m_level;
      |                   ^~~~~~~
/workspace/worktrees/gpgpu-sim-ep-l2/src/cuda-sim/../../libcuda/../src/cuda-sim/../gpgpu-sim/gpu-cache.h:1438:3: warning:   when initialized here [-Wreorder]
 1438 |   baseline_cache(const char *name, cache_config &config, int core_id,
      |   ^~~~~~~~~~~~~~
In file included from /workspace/worktrees/gpgpu-sim-ep-l2/src/cuda-sim/../../libcuda/../src/cuda-sim/../gpgpu-sim/shader.h:54,
                 from /workspace/worktrees/gpgpu-sim-ep-l2/src/cuda-sim/../../libcuda/../src/cuda-sim/cuda-sim.h:37,
                 from /workspace/worktrees/gpgpu-sim-ep-l2/src/cuda-sim/../../libcuda/gpgpu_context.h:3,
                 from /workspace/worktrees/gpgpu-sim-ep-l2/src/cuda-sim/memory.cc:31:
/workspace/worktrees/gpgpu-sim-ep-l2/src/cuda-sim/../../libcuda/../src/cuda-sim/../gpgpu-sim/gpu-cache.h: In constructor ‘l2_cache::l2_cache(const char*, cache_config&, int, int, mem_fetch_interface*, mem_fetch_allocator*, mem_fetch_status, gpgpu_sim*, cache_gpu_level)’:
/workspace/worktrees/gpgpu-sim-ep-l2/src/cuda-sim/../../libcuda/../src/cuda-sim/../gpgpu-sim/gpu-cache.h:2306:23: warning: ‘l2_cache::m_ep_l2_payload’ will be initialized after [-Wreorder]
 2306 |   ep_l2_payload_store m_ep_l2_payload;
      |                       ^~~~~~~~~~~~~~~
/workspace/worktrees/gpgpu-sim-ep-l2/src/cuda-sim/../../libcuda/../src/cuda-sim/../gpgpu-sim/gpu-cache.h:2304:22: warning:   ‘long long unsigned int l2_cache::m_ep_l2_wad_full_block_count’ [-Wreorder]
 2304 |   unsigned long long m_ep_l2_wad_full_block_count;
      |                      ^~~~~~~~~~~~~~~~~~~~~~~~~~~~
/workspace/worktrees/gpgpu-sim-ep-l2/src/cuda-sim/../../libcuda/../src/cuda-sim/../gpgpu-sim/gpu-cache.h:2236:3: warning:   when initialized here [-Wreorder]
 2236 |   l2_cache(const char *name, cache_config &config, int core_id, int type_id,
      |   ^~~~~~~~
[ 78%] Building CXX object src/gpgpu-sim/CMakeFiles/gpgpusim.dir/mem_fetch.cc.o
In file included from /workspace/worktrees/gpgpu-sim-ep-l2/src/cuda-sim/memory.cc:29:
/workspace/worktrees/gpgpu-sim-ep-l2/src/cuda-sim/memory.h: In instantiation of ‘void mem_storage<BSIZE>::print(const char*, FILE*) const [with unsigned int BSIZE = 32; FILE = FILE]’:
/workspace/worktrees/gpgpu-sim-ep-l2/src/cuda-sim/memory.cc:173:25:   required from ‘void memory_space_impl<BSIZE>::print(const char*, FILE*) const [with unsigned int BSIZE = 32; FILE = FILE]’
/workspace/worktrees/gpgpu-sim-ep-l2/src/cuda-sim/memory.cc:182:16:   required from here
/workspace/worktrees/gpgpu-sim-ep-l2/src/cuda-sim/memory.h:75:23: warning: comparison of integer expressions of different signedness: ‘int’ and ‘long unsigned int’ [-Wsign-compare]
   75 |     for (int d = 0; d < (BSIZE / sizeof(unsigned int)); d++) {
      |                     ~~^~~~~~~~~~~~~~~~~~~~~~~~~~~~~~~~
/workspace/worktrees/gpgpu-sim-ep-l2/src/cuda-sim/memory.h: In instantiation of ‘void mem_storage<BSIZE>::print(const char*, FILE*) const [with unsigned int BSIZE = 64; FILE = FILE]’:
/workspace/worktrees/gpgpu-sim-ep-l2/src/cuda-sim/memory.cc:173:25:   required from ‘void memory_space_impl<BSIZE>::print(const char*, FILE*) const [with unsigned int BSIZE = 64; FILE = FILE]’
/workspace/worktrees/gpgpu-sim-ep-l2/src/cuda-sim/memory.cc:183:16:   required from here
/workspace/worktrees/gpgpu-sim-ep-l2/src/cuda-sim/memory.h:75:23: warning: comparison of integer expressions of different signedness: ‘int’ and ‘long unsigned int’ [-Wsign-compare]
/workspace/worktrees/gpgpu-sim-ep-l2/src/cuda-sim/memory.h: In instantiation of ‘void mem_storage<BSIZE>::print(const char*, FILE*) const [with unsigned int BSIZE = 8192; FILE = FILE]’:
/workspace/worktrees/gpgpu-sim-ep-l2/src/cuda-sim/memory.cc:173:25:   required from ‘void memory_space_impl<BSIZE>::print(const char*, FILE*) const [with unsigned int BSIZE = 8192; FILE = FILE]’
/workspace/worktrees/gpgpu-sim-ep-l2/src/cuda-sim/memory.cc:184:16:   required from here
/workspace/worktrees/gpgpu-sim-ep-l2/src/cuda-sim/memory.h:75:23: warning: comparison of integer expressions of different signedness: ‘int’ and ‘long unsigned int’ [-Wsign-compare]
/workspace/worktrees/gpgpu-sim-ep-l2/src/cuda-sim/memory.h: In instantiation of ‘void mem_storage<BSIZE>::print(const char*, FILE*) const [with unsigned int BSIZE = 16384; FILE = FILE]’:
/workspace/worktrees/gpgpu-sim-ep-l2/src/cuda-sim/memory.cc:173:25:   required from ‘void memory_space_impl<BSIZE>::print(const char*, FILE*) const [with unsigned int BSIZE = 16384; FILE = FILE]’
/workspace/worktrees/gpgpu-sim-ep-l2/src/cuda-sim/memory.cc:185:16:   required from here
/workspace/worktrees/gpgpu-sim-ep-l2/src/cuda-sim/memory.h:75:23: warning: comparison of integer expressions of different signedness: ‘int’ and ‘long unsigned int’ [-Wsign-compare]
In file included from /workspace/worktrees/gpgpu-sim-ep-l2/src/gpgpu-sim/gpu-sim.h:44,
                 from /workspace/worktrees/gpgpu-sim-ep-l2/src/gpgpu-sim/mem_fetch.cc:30:
/workspace/worktrees/gpgpu-sim-ep-l2/src/gpgpu-sim/gpu-cache.h: In constructor ‘baseline_cache::baseline_cache(const char*, cache_config&, int, int, mem_fetch_interface*, mem_fetch_status, cache_gpu_level, gpgpu_sim*)’:
/workspace/worktrees/gpgpu-sim-ep-l2/src/gpgpu-sim/gpu-cache.h:1709:24: warning: ‘baseline_cache::m_bandwidth_management’ will be initialized after [-Wreorder]
 1709 |   bandwidth_management m_bandwidth_management;
      |                        ^~~~~~~~~~~~~~~~~~~~~~
/workspace/worktrees/gpgpu-sim-ep-l2/src/gpgpu-sim/gpu-cache.h:1622:19: warning:   ‘cache_gpu_level baseline_cache::m_level’ [-Wreorder]
 1622 |   cache_gpu_level m_level;
      |                   ^~~~~~~
/workspace/worktrees/gpgpu-sim-ep-l2/src/gpgpu-sim/gpu-cache.h:1438:3: warning:   when initialized here [-Wreorder]
 1438 |   baseline_cache(const char *name, cache_config &config, int core_id,
      |   ^~~~~~~~~~~~~~
In file included from /workspace/worktrees/gpgpu-sim-ep-l2/src/gpgpu-sim/gpu-sim.h:44,
                 from /workspace/worktrees/gpgpu-sim-ep-l2/src/gpgpu-sim/mem_fetch.cc:30:
/workspace/worktrees/gpgpu-sim-ep-l2/src/gpgpu-sim/gpu-cache.h: In constructor ‘l2_cache::l2_cache(const char*, cache_config&, int, int, mem_fetch_interface*, mem_fetch_allocator*, mem_fetch_status, gpgpu_sim*, cache_gpu_level)’:
/workspace/worktrees/gpgpu-sim-ep-l2/src/gpgpu-sim/gpu-cache.h:2306:23: warning: ‘l2_cache::m_ep_l2_payload’ will be initialized after [-Wreorder]
 2306 |   ep_l2_payload_store m_ep_l2_payload;
      |                       ^~~~~~~~~~~~~~~
/workspace/worktrees/gpgpu-sim-ep-l2/src/gpgpu-sim/gpu-cache.h:2304:22: warning:   ‘long long unsigned int l2_cache::m_ep_l2_wad_full_block_count’ [-Wreorder]
 2304 |   unsigned long long m_ep_l2_wad_full_block_count;
      |                      ^~~~~~~~~~~~~~~~~~~~~~~~~~~~
/workspace/worktrees/gpgpu-sim-ep-l2/src/gpgpu-sim/gpu-cache.h:2236:3: warning:   when initialized here [-Wreorder]
 2236 |   l2_cache(const char *name, cache_config &config, int core_id, int type_id,
      |   ^~~~~~~~
[ 79%] Building CXX object src/gpgpu-sim/CMakeFiles/gpgpusim.dir/mem_latency_stat.cc.o
[ 80%] Building CXX object src/cuda-sim/CMakeFiles/ptxsim.dir/ptx_ir.cc.o
In file included from /workspace/worktrees/gpgpu-sim-ep-l2/src/gpgpu-sim/mem_latency_stat.cc:34:
/workspace/worktrees/gpgpu-sim-ep-l2/src/gpgpu-sim/gpu-cache.h: In constructor ‘baseline_cache::baseline_cache(const char*, cache_config&, int, int, mem_fetch_interface*, mem_fetch_status, cache_gpu_level, gpgpu_sim*)’:
/workspace/worktrees/gpgpu-sim-ep-l2/src/gpgpu-sim/gpu-cache.h:1709:24: warning: ‘baseline_cache::m_bandwidth_management’ will be initialized after [-Wreorder]
 1709 |   bandwidth_management m_bandwidth_management;
      |                        ^~~~~~~~~~~~~~~~~~~~~~
/workspace/worktrees/gpgpu-sim-ep-l2/src/gpgpu-sim/gpu-cache.h:1622:19: warning:   ‘cache_gpu_level baseline_cache::m_level’ [-Wreorder]
 1622 |   cache_gpu_level m_level;
      |                   ^~~~~~~
/workspace/worktrees/gpgpu-sim-ep-l2/src/gpgpu-sim/gpu-cache.h:1438:3: warning:   when initialized here [-Wreorder]
 1438 |   baseline_cache(const char *name, cache_config &config, int core_id,
      |   ^~~~~~~~~~~~~~
In file included from /workspace/worktrees/gpgpu-sim-ep-l2/src/gpgpu-sim/mem_latency_stat.cc:34:
/workspace/worktrees/gpgpu-sim-ep-l2/src/gpgpu-sim/gpu-cache.h: In constructor ‘l2_cache::l2_cache(const char*, cache_config&, int, int, mem_fetch_interface*, mem_fetch_allocator*, mem_fetch_status, gpgpu_sim*, cache_gpu_level)’:
/workspace/worktrees/gpgpu-sim-ep-l2/src/gpgpu-sim/gpu-cache.h:2306:23: warning: ‘l2_cache::m_ep_l2_payload’ will be initialized after [-Wreorder]
 2306 |   ep_l2_payload_store m_ep_l2_payload;
      |                       ^~~~~~~~~~~~~~~
/workspace/worktrees/gpgpu-sim-ep-l2/src/gpgpu-sim/gpu-cache.h:2304:22: warning:   ‘long long unsigned int l2_cache::m_ep_l2_wad_full_block_count’ [-Wreorder]
 2304 |   unsigned long long m_ep_l2_wad_full_block_count;
      |                      ^~~~~~~~~~~~~~~~~~~~~~~~~~~~
/workspace/worktrees/gpgpu-sim-ep-l2/src/gpgpu-sim/gpu-cache.h:2236:3: warning:   when initialized here [-Wreorder]
 2236 |   l2_cache(const char *name, cache_config &config, int core_id, int type_id,
      |   ^~~~~~~~
In file included from /workspace/worktrees/gpgpu-sim-ep-l2/src/cuda-sim/../../libcuda/../src/cuda-sim/../gpgpu-sim/shader.h:54,
                 from /workspace/worktrees/gpgpu-sim-ep-l2/src/cuda-sim/../../libcuda/../src/cuda-sim/cuda-sim.h:37,
                 from /workspace/worktrees/gpgpu-sim-ep-l2/src/cuda-sim/../../libcuda/gpgpu_context.h:3,
                 from /workspace/worktrees/gpgpu-sim-ep-l2/src/cuda-sim/ptx_ir.cc:45:
/workspace/worktrees/gpgpu-sim-ep-l2/src/cuda-sim/../../libcuda/../src/cuda-sim/../gpgpu-sim/gpu-cache.h: In constructor ‘baseline_cache::baseline_cache(const char*, cache_config&, int, int, mem_fetch_interface*, mem_fetch_status, cache_gpu_level, gpgpu_sim*)’:
/workspace/worktrees/gpgpu-sim-ep-l2/src/cuda-sim/../../libcuda/../src/cuda-sim/../gpgpu-sim/gpu-cache.h:1709:24: warning: ‘baseline_cache::m_bandwidth_management’ will be initialized after [-Wreorder]
 1709 |   bandwidth_management m_bandwidth_management;
      |                        ^~~~~~~~~~~~~~~~~~~~~~
/workspace/worktrees/gpgpu-sim-ep-l2/src/cuda-sim/../../libcuda/../src/cuda-sim/../gpgpu-sim/gpu-cache.h:1622:19: warning:   ‘cache_gpu_level baseline_cache::m_level’ [-Wreorder]
 1622 |   cache_gpu_level m_level;
      |                   ^~~~~~~
/workspace/worktrees/gpgpu-sim-ep-l2/src/cuda-sim/../../libcuda/../src/cuda-sim/../gpgpu-sim/gpu-cache.h:1438:3: warning:   when initialized here [-Wreorder]
 1438 |   baseline_cache(const char *name, cache_config &config, int core_id,
      |   ^~~~~~~~~~~~~~
In file included from /workspace/worktrees/gpgpu-sim-ep-l2/src/cuda-sim/../../libcuda/../src/cuda-sim/../gpgpu-sim/shader.h:54,
                 from /workspace/worktrees/gpgpu-sim-ep-l2/src/cuda-sim/../../libcuda/../src/cuda-sim/cuda-sim.h:37,
                 from /workspace/worktrees/gpgpu-sim-ep-l2/src/cuda-sim/../../libcuda/gpgpu_context.h:3,
                 from /workspace/worktrees/gpgpu-sim-ep-l2/src/cuda-sim/ptx_ir.cc:45:
/workspace/worktrees/gpgpu-sim-ep-l2/src/cuda-sim/../../libcuda/../src/cuda-sim/../gpgpu-sim/gpu-cache.h: In constructor ‘l2_cache::l2_cache(const char*, cache_config&, int, int, mem_fetch_interface*, mem_fetch_allocator*, mem_fetch_status, gpgpu_sim*, cache_gpu_level)’:
/workspace/worktrees/gpgpu-sim-ep-l2/src/cuda-sim/../../libcuda/../src/cuda-sim/../gpgpu-sim/gpu-cache.h:2306:23: warning: ‘l2_cache::m_ep_l2_payload’ will be initialized after [-Wreorder]
 2306 |   ep_l2_payload_store m_ep_l2_payload;
      |                       ^~~~~~~~~~~~~~~
/workspace/worktrees/gpgpu-sim-ep-l2/src/cuda-sim/../../libcuda/../src/cuda-sim/../gpgpu-sim/gpu-cache.h:2304:22: warning:   ‘long long unsigned int l2_cache::m_ep_l2_wad_full_block_count’ [-Wreorder]
 2304 |   unsigned long long m_ep_l2_wad_full_block_count;
      |                      ^~~~~~~~~~~~~~~~~~~~~~~~~~~~
/workspace/worktrees/gpgpu-sim-ep-l2/src/cuda-sim/../../libcuda/../src/cuda-sim/../gpgpu-sim/gpu-cache.h:2236:3: warning:   when initialized here [-Wreorder]
 2236 |   l2_cache(const char *name, cache_config &config, int core_id, int type_id,
      |   ^~~~~~~~
/workspace/worktrees/gpgpu-sim-ep-l2/src/cuda-sim/ptx_ir.cc: In member function ‘void function_info::find_dominators()’:
/workspace/worktrees/gpgpu-sim-ep-l2/src/cuda-sim/ptx_ir.cc:705:38: warning: comparison of integer expressions of different signedness: ‘int’ and ‘std::vector<basic_block_t*>::size_type’ {aka ‘long unsigned int’} [-Wsign-compare]
  705 |     for (int h = 1 /*skip entry*/; h < m_basic_blocks.size(); ++h) {
      |                                    ~~^~~~~~~~~~~~~~~~~~~~~~~
/workspace/worktrees/gpgpu-sim-ep-l2/src/cuda-sim/ptx_ir.cc: In member function ‘void function_info::find_idominators()’:
/workspace/worktrees/gpgpu-sim-ep-l2/src/cuda-sim/ptx_ir.cc:829:21: warning: comparison of integer expressions of different signedness: ‘int’ and ‘std::vector<basic_block_t*>::size_type’ {aka ‘long unsigned int’} [-Wsign-compare]
  829 |   for (int n = 0; n < m_basic_blocks.size(); ++n) {
      |                   ~~^~~~~~~~~~~~~~~~~~~~~~~
/workspace/worktrees/gpgpu-sim-ep-l2/src/cuda-sim/ptx_ir.cc:852:21: warning: comparison of integer expressions of different signedness: ‘int’ and ‘std::vector<basic_block_t*>::size_type’ {aka ‘long unsigned int’} [-Wsign-compare]
  852 |   for (int n = 0; n < m_basic_blocks.size(); ++n) {
      |                   ~~^~~~~~~~~~~~~~~~~~~~~~~
[ 80%] Building CXX object src/gpgpu-sim/CMakeFiles/gpgpusim.dir/power_interface.cc.o
In file included from /workspace/worktrees/gpgpu-sim-ep-l2/src/gpgpu-sim/gpu-sim.h:44,
                 from /workspace/worktrees/gpgpu-sim-ep-l2/src/gpgpu-sim/power_interface.h:35,
                 from /workspace/worktrees/gpgpu-sim-ep-l2/src/gpgpu-sim/power_interface.cc:32:
/workspace/worktrees/gpgpu-sim-ep-l2/src/gpgpu-sim/gpu-cache.h: In constructor ‘baseline_cache::baseline_cache(const char*, cache_config&, int, int, mem_fetch_interface*, mem_fetch_status, cache_gpu_level, gpgpu_sim*)’:
/workspace/worktrees/gpgpu-sim-ep-l2/src/gpgpu-sim/gpu-cache.h:1709:24: warning: ‘baseline_cache::m_bandwidth_management’ will be initialized after [-Wreorder]
 1709 |   bandwidth_management m_bandwidth_management;
      |                        ^~~~~~~~~~~~~~~~~~~~~~
/workspace/worktrees/gpgpu-sim-ep-l2/src/gpgpu-sim/gpu-cache.h:1622:19: warning:   ‘cache_gpu_level baseline_cache::m_level’ [-Wreorder]
 1622 |   cache_gpu_level m_level;
      |                   ^~~~~~~
/workspace/worktrees/gpgpu-sim-ep-l2/src/gpgpu-sim/gpu-cache.h:1438:3: warning:   when initialized here [-Wreorder]
 1438 |   baseline_cache(const char *name, cache_config &config, int core_id,
      |   ^~~~~~~~~~~~~~
In file included from /workspace/worktrees/gpgpu-sim-ep-l2/src/gpgpu-sim/gpu-sim.h:44,
                 from /workspace/worktrees/gpgpu-sim-ep-l2/src/gpgpu-sim/power_interface.h:35,
                 from /workspace/worktrees/gpgpu-sim-ep-l2/src/gpgpu-sim/power_interface.cc:32:
/workspace/worktrees/gpgpu-sim-ep-l2/src/gpgpu-sim/gpu-cache.h: In constructor ‘l2_cache::l2_cache(const char*, cache_config&, int, int, mem_fetch_interface*, mem_fetch_allocator*, mem_fetch_status, gpgpu_sim*, cache_gpu_level)’:
/workspace/worktrees/gpgpu-sim-ep-l2/src/gpgpu-sim/gpu-cache.h:2306:23: warning: ‘l2_cache::m_ep_l2_payload’ will be initialized after [-Wreorder]
 2306 |   ep_l2_payload_store m_ep_l2_payload;
      |                       ^~~~~~~~~~~~~~~
/workspace/worktrees/gpgpu-sim-ep-l2/src/gpgpu-sim/gpu-cache.h:2304:22: warning:   ‘long long unsigned int l2_cache::m_ep_l2_wad_full_block_count’ [-Wreorder]
 2304 |   unsigned long long m_ep_l2_wad_full_block_count;
      |                      ^~~~~~~~~~~~~~~~~~~~~~~~~~~~
/workspace/worktrees/gpgpu-sim-ep-l2/src/gpgpu-sim/gpu-cache.h:2236:3: warning:   when initialized here [-Wreorder]
 2236 |   l2_cache(const char *name, cache_config &config, int core_id, int type_id,
      |   ^~~~~~~~
[ 81%] Building CXX object src/cuda-sim/CMakeFiles/ptxsim.dir/ptx_loader.cc.o
[ 82%] Building CXX object src/gpgpu-sim/CMakeFiles/gpgpusim.dir/power_stat.cc.o
In file included from /workspace/worktrees/gpgpu-sim-ep-l2/src/cuda-sim/../../libcuda/../src/cuda-sim/../gpgpu-sim/shader.h:54,
                 from /workspace/worktrees/gpgpu-sim-ep-l2/src/cuda-sim/../../libcuda/../src/cuda-sim/cuda-sim.h:37,
                 from /workspace/worktrees/gpgpu-sim-ep-l2/src/cuda-sim/../../libcuda/gpgpu_context.h:3,
                 from /workspace/worktrees/gpgpu-sim-ep-l2/src/cuda-sim/ptx_loader.cc:34:
/workspace/worktrees/gpgpu-sim-ep-l2/src/cuda-sim/../../libcuda/../src/cuda-sim/../gpgpu-sim/gpu-cache.h: In constructor ‘baseline_cache::baseline_cache(const char*, cache_config&, int, int, mem_fetch_interface*, mem_fetch_status, cache_gpu_level, gpgpu_sim*)’:
/workspace/worktrees/gpgpu-sim-ep-l2/src/cuda-sim/../../libcuda/../src/cuda-sim/../gpgpu-sim/gpu-cache.h:1709:24: warning: ‘baseline_cache::m_bandwidth_management’ will be initialized after [-Wreorder]
 1709 |   bandwidth_management m_bandwidth_management;
      |                        ^~~~~~~~~~~~~~~~~~~~~~
/workspace/worktrees/gpgpu-sim-ep-l2/src/cuda-sim/../../libcuda/../src/cuda-sim/../gpgpu-sim/gpu-cache.h:1622:19: warning:   ‘cache_gpu_level baseline_cache::m_level’ [-Wreorder]
 1622 |   cache_gpu_level m_level;
      |                   ^~~~~~~
/workspace/worktrees/gpgpu-sim-ep-l2/src/cuda-sim/../../libcuda/../src/cuda-sim/../gpgpu-sim/gpu-cache.h:1438:3: warning:   when initialized here [-Wreorder]
 1438 |   baseline_cache(const char *name, cache_config &config, int core_id,
      |   ^~~~~~~~~~~~~~
In file included from /workspace/worktrees/gpgpu-sim-ep-l2/src/cuda-sim/../../libcuda/../src/cuda-sim/../gpgpu-sim/shader.h:54,
                 from /workspace/worktrees/gpgpu-sim-ep-l2/src/cuda-sim/../../libcuda/../src/cuda-sim/cuda-sim.h:37,
                 from /workspace/worktrees/gpgpu-sim-ep-l2/src/cuda-sim/../../libcuda/gpgpu_context.h:3,
                 from /workspace/worktrees/gpgpu-sim-ep-l2/src/cuda-sim/ptx_loader.cc:34:
/workspace/worktrees/gpgpu-sim-ep-l2/src/cuda-sim/../../libcuda/../src/cuda-sim/../gpgpu-sim/gpu-cache.h: In constructor ‘l2_cache::l2_cache(const char*, cache_config&, int, int, mem_fetch_interface*, mem_fetch_allocator*, mem_fetch_status, gpgpu_sim*, cache_gpu_level)’:
/workspace/worktrees/gpgpu-sim-ep-l2/src/cuda-sim/../../libcuda/../src/cuda-sim/../gpgpu-sim/gpu-cache.h:2306:23: warning: ‘l2_cache::m_ep_l2_payload’ will be initialized after [-Wreorder]
 2306 |   ep_l2_payload_store m_ep_l2_payload;
      |                       ^~~~~~~~~~~~~~~
/workspace/worktrees/gpgpu-sim-ep-l2/src/cuda-sim/../../libcuda/../src/cuda-sim/../gpgpu-sim/gpu-cache.h:2304:22: warning:   ‘long long unsigned int l2_cache::m_ep_l2_wad_full_block_count’ [-Wreorder]
 2304 |   unsigned long long m_ep_l2_wad_full_block_count;
      |                      ^~~~~~~~~~~~~~~~~~~~~~~~~~~~
/workspace/worktrees/gpgpu-sim-ep-l2/src/cuda-sim/../../libcuda/../src/cuda-sim/../gpgpu-sim/gpu-cache.h:2236:3: warning:   when initialized here [-Wreorder]
 2236 |   l2_cache(const char *name, cache_config &config, int core_id, int type_id,
      |   ^~~~~~~~
In file included from /workspace/worktrees/gpgpu-sim-ep-l2/src/gpgpu-sim/gpu-sim.h:44,
                 from /workspace/worktrees/gpgpu-sim-ep-l2/src/gpgpu-sim/power_stat.h:37,
                 from /workspace/worktrees/gpgpu-sim-ep-l2/src/gpgpu-sim/power_stat.cc:32:
/workspace/worktrees/gpgpu-sim-ep-l2/src/gpgpu-sim/gpu-cache.h: In constructor ‘baseline_cache::baseline_cache(const char*, cache_config&, int, int, mem_fetch_interface*, mem_fetch_status, cache_gpu_level, gpgpu_sim*)’:
/workspace/worktrees/gpgpu-sim-ep-l2/src/gpgpu-sim/gpu-cache.h:1709:24: warning: ‘baseline_cache::m_bandwidth_management’ will be initialized after [-Wreorder]
 1709 |   bandwidth_management m_bandwidth_management;
      |                        ^~~~~~~~~~~~~~~~~~~~~~
/workspace/worktrees/gpgpu-sim-ep-l2/src/gpgpu-sim/gpu-cache.h:1622:19: warning:   ‘cache_gpu_level baseline_cache::m_level’ [-Wreorder]
 1622 |   cache_gpu_level m_level;
      |                   ^~~~~~~
/workspace/worktrees/gpgpu-sim-ep-l2/src/gpgpu-sim/gpu-cache.h:1438:3: warning:   when initialized here [-Wreorder]
 1438 |   baseline_cache(const char *name, cache_config &config, int core_id,
      |   ^~~~~~~~~~~~~~
In file included from /workspace/worktrees/gpgpu-sim-ep-l2/src/gpgpu-sim/gpu-sim.h:44,
                 from /workspace/worktrees/gpgpu-sim-ep-l2/src/gpgpu-sim/power_stat.h:37,
                 from /workspace/worktrees/gpgpu-sim-ep-l2/src/gpgpu-sim/power_stat.cc:32:
/workspace/worktrees/gpgpu-sim-ep-l2/src/gpgpu-sim/gpu-cache.h: In constructor ‘l2_cache::l2_cache(const char*, cache_config&, int, int, mem_fetch_interface*, mem_fetch_allocator*, mem_fetch_status, gpgpu_sim*, cache_gpu_level)’:
/workspace/worktrees/gpgpu-sim-ep-l2/src/gpgpu-sim/gpu-cache.h:2306:23: warning: ‘l2_cache::m_ep_l2_payload’ will be initialized after [-Wreorder]
 2306 |   ep_l2_payload_store m_ep_l2_payload;
      |                       ^~~~~~~~~~~~~~~
/workspace/worktrees/gpgpu-sim-ep-l2/src/gpgpu-sim/gpu-cache.h:2304:22: warning:   ‘long long unsigned int l2_cache::m_ep_l2_wad_full_block_count’ [-Wreorder]
 2304 |   unsigned long long m_ep_l2_wad_full_block_count;
      |                      ^~~~~~~~~~~~~~~~~~~~~~~~~~~~
/workspace/worktrees/gpgpu-sim-ep-l2/src/gpgpu-sim/gpu-cache.h:2236:3: warning:   when initialized here [-Wreorder]
 2236 |   l2_cache(const char *name, cache_config &config, int core_id, int type_id,
      |   ^~~~~~~~
/workspace/worktrees/gpgpu-sim-ep-l2/src/cuda-sim/ptx_loader.cc: In function ‘void fix_duplicate_errors(char*)’:
/workspace/worktrees/gpgpu-sim-ep-l2/src/cuda-sim/ptx_loader.cc:252:32: warning: comparison of integer expressions of different signedness: ‘int’ and ‘unsigned int’ [-Wsign-compare]
  252 |     for (int i = oldlinenum; i < linenum; i++) {
      |                              ~~^~~~~~~~~
/workspace/worktrees/gpgpu-sim-ep-l2/src/cuda-sim/ptx_loader.cc: In member function ‘void gpgpu_context::gpgpu_ptxinfo_load_from_string(const char*, unsigned int, unsigned int, int)’:
/workspace/worktrees/gpgpu-sim-ep-l2/src/cuda-sim/ptx_loader.cc:512:41: warning: ‘info’ directive output may be truncated writing 4 bytes into a region of size between 1 and 1024 [-Wformat-truncation=]
  512 |     snprintf(tempfile_ptxinfo, 1024, "%sinfo", fname);
      |                                         ^~~~
In file included from /usr/include/stdio.h:894,
                 from /usr/include/c++/11/cstdio:42,
                 from /usr/include/c++/11/ext/string_conversions.h:43,
                 from /usr/include/c++/11/bits/basic_string.h:6608,
                 from /usr/include/c++/11/string:55,
                 from /workspace/worktrees/gpgpu-sim-ep-l2/src/cuda-sim/ptx_loader.h:31,
                 from /workspace/worktrees/gpgpu-sim-ep-l2/src/cuda-sim/ptx_loader.cc:29:
/usr/include/x86_64-linux-gnu/bits/stdio2.h:71:35: note: ‘__builtin___snprintf_chk’ output between 5 and 1028 bytes into a destination of size 1024
   71 |   return __builtin___snprintf_chk (__s, __n, __USE_FORTIFY_LEVEL - 1,
      |          ~~~~~~~~~~~~~~~~~~~~~~~~~^~~~~~~~~~~~~~~~~~~~~~~~~~~~~~~~~~~
   72 |                                    __glibc_objsize (__s), __fmt,
      |                                    ~~~~~~~~~~~~~~~~~~~~~~~~~~~~~
   73 |                                    __va_arg_pack ());
      |                                    ~~~~~~~~~~~~~~~~~
/workspace/worktrees/gpgpu-sim-ep-l2/src/cuda-sim/ptx_loader.cc:527:45: warning: ‘%s’ directive output may be truncated writing up to 1023 bytes into a region of size 991 [-Wformat-truncation=]
  527 |         "$CUDA_INSTALL_PATH/bin/ptxas %s -v %s --output-file  /dev/null 2> %s",
      |                                             ^~
  528 |         extra_flags, fname2, tempfile_ptxinfo);
      |                      ~~~~~~                  
In file included from /usr/include/stdio.h:894,
                 from /usr/include/c++/11/cstdio:42,
                 from /usr/include/c++/11/ext/string_conversions.h:43,
                 from /usr/include/c++/11/bits/basic_string.h:6608,
                 from /usr/include/c++/11/string:55,
                 from /workspace/worktrees/gpgpu-sim-ep-l2/src/cuda-sim/ptx_loader.h:31,
                 from /workspace/worktrees/gpgpu-sim-ep-l2/src/cuda-sim/ptx_loader.cc:29:
/usr/include/x86_64-linux-gnu/bits/stdio2.h:71:35: note: ‘__builtin___snprintf_chk’ output 63 or more bytes (assuming 2109) into a destination of size 1024
   71 |   return __builtin___snprintf_chk (__s, __n, __USE_FORTIFY_LEVEL - 1,
      |          ~~~~~~~~~~~~~~~~~~~~~~~~~^~~~~~~~~~~~~~~~~~~~~~~~~~~~~~~~~~~
   72 |                                    __glibc_objsize (__s), __fmt,
      |                                    ~~~~~~~~~~~~~~~~~~~~~~~~~~~~~
   73 |                                    __va_arg_pack ());
      |                                    ~~~~~~~~~~~~~~~~~
/workspace/worktrees/gpgpu-sim-ep-l2/src/cuda-sim/ptx_loader.cc:421:41: warning: ‘info’ directive output may be truncated writing 4 bytes into a region of size between 1 and 1024 [-Wformat-truncation=]
  421 |     snprintf(tempfile_ptxinfo, 1024, "%sinfo", fname);
      |                                         ^~~~
In file included from /usr/include/stdio.h:894,
                 from /usr/include/c++/11/cstdio:42,
                 from /usr/include/c++/11/ext/string_conversions.h:43,
                 from /usr/include/c++/11/bits/basic_string.h:6608,
                 from /usr/include/c++/11/string:55,
                 from /workspace/worktrees/gpgpu-sim-ep-l2/src/cuda-sim/ptx_loader.h:31,
                 from /workspace/worktrees/gpgpu-sim-ep-l2/src/cuda-sim/ptx_loader.cc:29:
/usr/include/x86_64-linux-gnu/bits/stdio2.h:71:35: note: ‘__builtin___snprintf_chk’ output between 5 and 1028 bytes into a destination of size 1024
   71 |   return __builtin___snprintf_chk (__s, __n, __USE_FORTIFY_LEVEL - 1,
      |          ~~~~~~~~~~~~~~~~~~~~~~~~~^~~~~~~~~~~~~~~~~~~~~~~~~~~~~~~~~~~
   72 |                                    __glibc_objsize (__s), __fmt,
      |                                    ~~~~~~~~~~~~~~~~~~~~~~~~~~~~~
   73 |                                    __va_arg_pack ());
      |                                    ~~~~~~~~~~~~~~~~~
/workspace/worktrees/gpgpu-sim-ep-l2/src/cuda-sim/ptx_loader.cc:444:56: warning: ‘%s’ directive output may be truncated writing up to 1023 bytes into a region of size 985 [-Wformat-truncation=]
  444 |              "$PTXAS_CUDA_INSTALL_PATH/bin/ptxas %s -v %s --output-file  "
      |                                                        ^~
  445 |              "/dev/null 2> %s",
  446 |              extra_flags, fname2, tempfile_ptxinfo);
      |                           ~~~~~~                        
In file included from /usr/include/stdio.h:894,
                 from /usr/include/c++/11/cstdio:42,
                 from /usr/include/c++/11/ext/string_conversions.h:43,
                 from /usr/include/c++/11/bits/basic_string.h:6608,
                 from /usr/include/c++/11/string:55,
                 from /workspace/worktrees/gpgpu-sim-ep-l2/src/cuda-sim/ptx_loader.h:31,
                 from /workspace/worktrees/gpgpu-sim-ep-l2/src/cuda-sim/ptx_loader.cc:29:
/usr/include/x86_64-linux-gnu/bits/stdio2.h:71:35: note: ‘__builtin___snprintf_chk’ output 69 or more bytes (assuming 2115) into a destination of size 1024
   71 |   return __builtin___snprintf_chk (__s, __n, __USE_FORTIFY_LEVEL - 1,
      |          ~~~~~~~~~~~~~~~~~~~~~~~~~^~~~~~~~~~~~~~~~~~~~~~~~~~~~~~~~~~~
   72 |                                    __glibc_objsize (__s), __fmt,
      |                                    ~~~~~~~~~~~~~~~~~~~~~~~~~~~~~
   73 |                                    __va_arg_pack ());
      |                                    ~~~~~~~~~~~~~~~~~
/workspace/worktrees/gpgpu-sim-ep-l2/src/cuda-sim/ptx_loader.cc:463:54: warning: ‘%s’ directive output may be truncated writing up to 1023 bytes into a region of size 991 [-Wformat-truncation=]
  463 |                  "$CUDA_INSTALL_PATH/bin/ptxas %s -v %s --output-file  "
      |                                                      ^~
  464 |                  "/dev/null 2> %s",
  465 |                  extra_flags, fname2, tempfile_ptxinfo);
      |                               ~~~~~~                  
In file included from /usr/include/stdio.h:894,
                 from /usr/include/c++/11/cstdio:42,
                 from /usr/include/c++/11/ext/string_conversions.h:43,
                 from /usr/include/c++/11/bits/basic_string.h:6608,
                 from /usr/include/c++/11/string:55,
                 from /workspace/worktrees/gpgpu-sim-ep-l2/src/cuda-sim/ptx_loader.h:31,
                 from /workspace/worktrees/gpgpu-sim-ep-l2/src/cuda-sim/ptx_loader.cc:29:
/usr/include/x86_64-linux-gnu/bits/stdio2.h:71:35: note: ‘__builtin___snprintf_chk’ output 63 or more bytes (assuming 2109) into a destination of size 1024
   71 |   return __builtin___snprintf_chk (__s, __n, __USE_FORTIFY_LEVEL - 1,
      |          ~~~~~~~~~~~~~~~~~~~~~~~~~^~~~~~~~~~~~~~~~~~~~~~~~~~~~~~~~~~~
   72 |                                    __glibc_objsize (__s), __fmt,
      |                                    ~~~~~~~~~~~~~~~~~~~~~~~~~~~~~
   73 |                                    __va_arg_pack ());
      |                                    ~~~~~~~~~~~~~~~~~
/workspace/worktrees/gpgpu-sim-ep-l2/src/cuda-sim/ptx_loader.cc:575:42: warning: ‘%s’ directive output may be truncated writing up to 1023 bytes into a region of size 1018 [-Wformat-truncation=]
  575 |       snprintf(commandline, 1024, "rm -f %s %s %s", fname, fname2,
      |                                          ^~         ~~~~~
In file included from /usr/include/stdio.h:894,
                 from /usr/include/c++/11/cstdio:42,
                 from /usr/include/c++/11/ext/string_conversions.h:43,
                 from /usr/include/c++/11/bits/basic_string.h:6608,
                 from /usr/include/c++/11/string:55,
                 from /workspace/worktrees/gpgpu-sim-ep-l2/src/cuda-sim/ptx_loader.h:31,
                 from /workspace/worktrees/gpgpu-sim-ep-l2/src/cuda-sim/ptx_loader.cc:29:
/usr/include/x86_64-linux-gnu/bits/stdio2.h:71:35: note: ‘__builtin___snprintf_chk’ output between 9 and 3078 bytes into a destination of size 1024
   71 |   return __builtin___snprintf_chk (__s, __n, __USE_FORTIFY_LEVEL - 1,
      |          ~~~~~~~~~~~~~~~~~~~~~~~~~^~~~~~~~~~~~~~~~~~~~~~~~~~~~~~~~~~~
   72 |                                    __glibc_objsize (__s), __fmt,
      |                                    ~~~~~~~~~~~~~~~~~~~~~~~~~~~~~
   73 |                                    __va_arg_pack ());
      |                                    ~~~~~~~~~~~~~~~~~
/workspace/worktrees/gpgpu-sim-ep-l2/src/cuda-sim/ptx_loader.cc:572:42: warning: ‘%s’ directive output may be truncated writing up to 1023 bytes into a region of size 1018 [-Wformat-truncation=]
  572 |       snprintf(commandline, 1024, "rm -f %s %s %s", fname, fname2,
      |                                          ^~         ~~~~~
In file included from /usr/include/stdio.h:894,
                 from /usr/include/c++/11/cstdio:42,
                 from /usr/include/c++/11/ext/string_conversions.h:43,
                 from /usr/include/c++/11/bits/basic_string.h:6608,
                 from /usr/include/c++/11/string:55,
                 from /workspace/worktrees/gpgpu-sim-ep-l2/src/cuda-sim/ptx_loader.h:31,
                 from /workspace/worktrees/gpgpu-sim-ep-l2/src/cuda-sim/ptx_loader.cc:29:
/usr/include/x86_64-linux-gnu/bits/stdio2.h:71:35: note: ‘__builtin___snprintf_chk’ output between 9 and 3078 bytes into a destination of size 1024
   71 |   return __builtin___snprintf_chk (__s, __n, __USE_FORTIFY_LEVEL - 1,
      |          ~~~~~~~~~~~~~~~~~~~~~~~~~^~~~~~~~~~~~~~~~~~~~~~~~~~~~~~~~~~~
   72 |                                    __glibc_objsize (__s), __fmt,
      |                                    ~~~~~~~~~~~~~~~~~~~~~~~~~~~~~
   73 |                                    __va_arg_pack ());
      |                                    ~~~~~~~~~~~~~~~~~
/workspace/worktrees/gpgpu-sim-ep-l2/src/cuda-sim/ptx_loader.cc: In member function ‘char* ptxinfo_data::gpgpu_ptx_sim_convert_ptx_and_sass_to_ptxplus(std::string, std::string, std::string)’:
/workspace/worktrees/gpgpu-sim-ep-l2/src/cuda-sim/ptx_loader.cc:125:43: warning: ‘%s’ directive output may be truncated writing up to 1023 bytes into a region of size 941 [-Wformat-truncation=]
  125 |            "cuobjdump_to_ptxplus %s %s %s %s",
      |                                           ^~
  126 |            ptxfilename.c_str(), sassfilename.c_str(), elffilename.c_str(),
  127 |            fname_ptxplus);
      |            ~~~~~~~~~~~~~                   
In file included from /usr/include/stdio.h:894,
                 from /usr/include/c++/11/cstdio:42,
                 from /usr/include/c++/11/ext/string_conversions.h:43,
                 from /usr/include/c++/11/bits/basic_string.h:6608,
                 from /usr/include/c++/11/string:55,
                 from /workspace/worktrees/gpgpu-sim-ep-l2/src/cuda-sim/ptx_loader.h:31,
                 from /workspace/worktrees/gpgpu-sim-ep-l2/src/cuda-sim/ptx_loader.cc:29:
/usr/include/x86_64-linux-gnu/bits/stdio2.h:71:35: note: ‘__builtin___snprintf_chk’ output 84 or more bytes (assuming 1107) into a destination of size 1024
   71 |   return __builtin___snprintf_chk (__s, __n, __USE_FORTIFY_LEVEL - 1,
      |          ~~~~~~~~~~~~~~~~~~~~~~~~~^~~~~~~~~~~~~~~~~~~~~~~~~~~~~~~~~~~
   72 |                                    __glibc_objsize (__s), __fmt,
      |                                    ~~~~~~~~~~~~~~~~~~~~~~~~~~~~~
   73 |                                    __va_arg_pack ());
      |                                    ~~~~~~~~~~~~~~~~~
/workspace/worktrees/gpgpu-sim-ep-l2/src/cuda-sim/ptx_loader.cc:152:43: warning: ‘%s’ directive output may be truncated writing up to 1023 bytes into a region of size 1018 [-Wformat-truncation=]
  152 |     snprintf(rm_commandline, 1024, "rm -f %s", fname_ptxplus);
      |                                           ^~   ~~~~~~~~~~~~~
In file included from /usr/include/stdio.h:894,
                 from /usr/include/c++/11/cstdio:42,
                 from /usr/include/c++/11/ext/string_conversions.h:43,
                 from /usr/include/c++/11/bits/basic_string.h:6608,
                 from /usr/include/c++/11/string:55,
                 from /workspace/worktrees/gpgpu-sim-ep-l2/src/cuda-sim/ptx_loader.h:31,
                 from /workspace/worktrees/gpgpu-sim-ep-l2/src/cuda-sim/ptx_loader.cc:29:
/usr/include/x86_64-linux-gnu/bits/stdio2.h:71:35: note: ‘__builtin___snprintf_chk’ output between 7 and 1030 bytes into a destination of size 1024
   71 |   return __builtin___snprintf_chk (__s, __n, __USE_FORTIFY_LEVEL - 1,
      |          ~~~~~~~~~~~~~~~~~~~~~~~~~^~~~~~~~~~~~~~~~~~~~~~~~~~~~~~~~~~~
   72 |                                    __glibc_objsize (__s), __fmt,
      |                                    ~~~~~~~~~~~~~~~~~~~~~~~~~~~~~
   73 |                                    __va_arg_pack ());
      |                                    ~~~~~~~~~~~~~~~~~
[ 83%] Building CXX object src/gpgpu-sim/CMakeFiles/gpgpusim.dir/scoreboard.cc.o
[ 83%] Building CXX object src/cuda-sim/CMakeFiles/ptxsim.dir/ptx_parser.cc.o
In file included from /workspace/worktrees/gpgpu-sim-ep-l2/src/gpgpu-sim/shader.h:54,
                 from /workspace/worktrees/gpgpu-sim-ep-l2/src/gpgpu-sim/scoreboard.cc:31:
/workspace/worktrees/gpgpu-sim-ep-l2/src/gpgpu-sim/gpu-cache.h: In constructor ‘baseline_cache::baseline_cache(const char*, cache_config&, int, int, mem_fetch_interface*, mem_fetch_status, cache_gpu_level, gpgpu_sim*)’:
/workspace/worktrees/gpgpu-sim-ep-l2/src/gpgpu-sim/gpu-cache.h:1709:24: warning: ‘baseline_cache::m_bandwidth_management’ will be initialized after [-Wreorder]
 1709 |   bandwidth_management m_bandwidth_management;
      |                        ^~~~~~~~~~~~~~~~~~~~~~
/workspace/worktrees/gpgpu-sim-ep-l2/src/gpgpu-sim/gpu-cache.h:1622:19: warning:   ‘cache_gpu_level baseline_cache::m_level’ [-Wreorder]
 1622 |   cache_gpu_level m_level;
      |                   ^~~~~~~
/workspace/worktrees/gpgpu-sim-ep-l2/src/gpgpu-sim/gpu-cache.h:1438:3: warning:   when initialized here [-Wreorder]
 1438 |   baseline_cache(const char *name, cache_config &config, int core_id,
      |   ^~~~~~~~~~~~~~
In file included from /workspace/worktrees/gpgpu-sim-ep-l2/src/gpgpu-sim/shader.h:54,
                 from /workspace/worktrees/gpgpu-sim-ep-l2/src/gpgpu-sim/scoreboard.cc:31:
/workspace/worktrees/gpgpu-sim-ep-l2/src/gpgpu-sim/gpu-cache.h: In constructor ‘l2_cache::l2_cache(const char*, cache_config&, int, int, mem_fetch_interface*, mem_fetch_allocator*, mem_fetch_status, gpgpu_sim*, cache_gpu_level)’:
/workspace/worktrees/gpgpu-sim-ep-l2/src/gpgpu-sim/gpu-cache.h:2306:23: warning: ‘l2_cache::m_ep_l2_payload’ will be initialized after [-Wreorder]
 2306 |   ep_l2_payload_store m_ep_l2_payload;
      |                       ^~~~~~~~~~~~~~~
/workspace/worktrees/gpgpu-sim-ep-l2/src/gpgpu-sim/gpu-cache.h:2304:22: warning:   ‘long long unsigned int l2_cache::m_ep_l2_wad_full_block_count’ [-Wreorder]
 2304 |   unsigned long long m_ep_l2_wad_full_block_count;
      |                      ^~~~~~~~~~~~~~~~~~~~~~~~~~~~
/workspace/worktrees/gpgpu-sim-ep-l2/src/gpgpu-sim/gpu-cache.h:2236:3: warning:   when initialized here [-Wreorder]
 2236 |   l2_cache(const char *name, cache_config &config, int core_id, int type_id,
      |   ^~~~~~~~
In file included from /workspace/worktrees/gpgpu-sim-ep-l2/src/cuda-sim/../../libcuda/../src/cuda-sim/../gpgpu-sim/shader.h:54,
                 from /workspace/worktrees/gpgpu-sim-ep-l2/src/cuda-sim/../../libcuda/../src/cuda-sim/cuda-sim.h:37,
                 from /workspace/worktrees/gpgpu-sim-ep-l2/src/cuda-sim/../../libcuda/gpgpu_context.h:3,
                 from /workspace/worktrees/gpgpu-sim-ep-l2/src/cuda-sim/ptx_parser.cc:30:
/workspace/worktrees/gpgpu-sim-ep-l2/src/cuda-sim/../../libcuda/../src/cuda-sim/../gpgpu-sim/gpu-cache.h: In constructor ‘baseline_cache::baseline_cache(const char*, cache_config&, int, int, mem_fetch_interface*, mem_fetch_status, cache_gpu_level, gpgpu_sim*)’:
/workspace/worktrees/gpgpu-sim-ep-l2/src/cuda-sim/../../libcuda/../src/cuda-sim/../gpgpu-sim/gpu-cache.h:1709:24: warning: ‘baseline_cache::m_bandwidth_management’ will be initialized after [-Wreorder]
 1709 |   bandwidth_management m_bandwidth_management;
      |                        ^~~~~~~~~~~~~~~~~~~~~~
/workspace/worktrees/gpgpu-sim-ep-l2/src/cuda-sim/../../libcuda/../src/cuda-sim/../gpgpu-sim/gpu-cache.h:1622:19: warning:   ‘cache_gpu_level baseline_cache::m_level’ [-Wreorder]
 1622 |   cache_gpu_level m_level;
      |                   ^~~~~~~
/workspace/worktrees/gpgpu-sim-ep-l2/src/cuda-sim/../../libcuda/../src/cuda-sim/../gpgpu-sim/gpu-cache.h:1438:3: warning:   when initialized here [-Wreorder]
 1438 |   baseline_cache(const char *name, cache_config &config, int core_id,
      |   ^~~~~~~~~~~~~~
In file included from /workspace/worktrees/gpgpu-sim-ep-l2/src/cuda-sim/../../libcuda/../src/cuda-sim/../gpgpu-sim/shader.h:54,
                 from /workspace/worktrees/gpgpu-sim-ep-l2/src/cuda-sim/../../libcuda/../src/cuda-sim/cuda-sim.h:37,
                 from /workspace/worktrees/gpgpu-sim-ep-l2/src/cuda-sim/../../libcuda/gpgpu_context.h:3,
                 from /workspace/worktrees/gpgpu-sim-ep-l2/src/cuda-sim/ptx_parser.cc:30:
/workspace/worktrees/gpgpu-sim-ep-l2/src/cuda-sim/../../libcuda/../src/cuda-sim/../gpgpu-sim/gpu-cache.h: In constructor ‘l2_cache::l2_cache(const char*, cache_config&, int, int, mem_fetch_interface*, mem_fetch_allocator*, mem_fetch_status, gpgpu_sim*, cache_gpu_level)’:
/workspace/worktrees/gpgpu-sim-ep-l2/src/cuda-sim/../../libcuda/../src/cuda-sim/../gpgpu-sim/gpu-cache.h:2306:23: warning: ‘l2_cache::m_ep_l2_payload’ will be initialized after [-Wreorder]
 2306 |   ep_l2_payload_store m_ep_l2_payload;
      |                       ^~~~~~~~~~~~~~~
/workspace/worktrees/gpgpu-sim-ep-l2/src/cuda-sim/../../libcuda/../src/cuda-sim/../gpgpu-sim/gpu-cache.h:2304:22: warning:   ‘long long unsigned int l2_cache::m_ep_l2_wad_full_block_count’ [-Wreorder]
 2304 |   unsigned long long m_ep_l2_wad_full_block_count;
      |                      ^~~~~~~~~~~~~~~~~~~~~~~~~~~~
/workspace/worktrees/gpgpu-sim-ep-l2/src/cuda-sim/../../libcuda/../src/cuda-sim/../gpgpu-sim/gpu-cache.h:2236:3: warning:   when initialized here [-Wreorder]
 2236 |   l2_cache(const char *name, cache_config &config, int core_id, int type_id,
      |   ^~~~~~~~
/workspace/worktrees/gpgpu-sim-ep-l2/src/cuda-sim/ptx_parser.cc: In member function ‘void ptx_recognizer::add_identifier(const char*, int, unsigned int)’:
/workspace/worktrees/gpgpu-sim-ep-l2/src/cuda-sim/ptx_parser.cc:378:25: warning: comparison of integer expressions of different signedness: ‘int’ and ‘size_t’ {aka ‘long unsigned int’} [-Wsign-compare]
  378 |       for (int d = 0; d < strlen(identifier); d++) {
      |                       ~~^~~~~~~~~~~~~~~~~~~~
[ 83%] Building CXX object src/gpgpu-sim/CMakeFiles/gpgpusim.dir/shader.cc.o
In file included from /workspace/worktrees/gpgpu-sim-ep-l2/src/gpgpu-sim/shader.h:54,
                 from /workspace/worktrees/gpgpu-sim-ep-l2/src/gpgpu-sim/shader.cc:33:
/workspace/worktrees/gpgpu-sim-ep-l2/src/gpgpu-sim/gpu-cache.h: In constructor ‘baseline_cache::baseline_cache(const char*, cache_config&, int, int, mem_fetch_interface*, mem_fetch_status, cache_gpu_level, gpgpu_sim*)’:
/workspace/worktrees/gpgpu-sim-ep-l2/src/gpgpu-sim/gpu-cache.h:1709:24: warning: ‘baseline_cache::m_bandwidth_management’ will be initialized after [-Wreorder]
 1709 |   bandwidth_management m_bandwidth_management;
      |                        ^~~~~~~~~~~~~~~~~~~~~~
/workspace/worktrees/gpgpu-sim-ep-l2/src/gpgpu-sim/gpu-cache.h:1622:19: warning:   ‘cache_gpu_level baseline_cache::m_level’ [-Wreorder]
 1622 |   cache_gpu_level m_level;
      |                   ^~~~~~~
/workspace/worktrees/gpgpu-sim-ep-l2/src/gpgpu-sim/gpu-cache.h:1438:3: warning:   when initialized here [-Wreorder]
 1438 |   baseline_cache(const char *name, cache_config &config, int core_id,
      |   ^~~~~~~~~~~~~~
In file included from /workspace/worktrees/gpgpu-sim-ep-l2/src/gpgpu-sim/shader.h:54,
                 from /workspace/worktrees/gpgpu-sim-ep-l2/src/gpgpu-sim/shader.cc:33:
/workspace/worktrees/gpgpu-sim-ep-l2/src/gpgpu-sim/gpu-cache.h: In constructor ‘l2_cache::l2_cache(const char*, cache_config&, int, int, mem_fetch_interface*, mem_fetch_allocator*, mem_fetch_status, gpgpu_sim*, cache_gpu_level)’:
/workspace/worktrees/gpgpu-sim-ep-l2/src/gpgpu-sim/gpu-cache.h:2306:23: warning: ‘l2_cache::m_ep_l2_payload’ will be initialized after [-Wreorder]
 2306 |   ep_l2_payload_store m_ep_l2_payload;
      |                       ^~~~~~~~~~~~~~~
/workspace/worktrees/gpgpu-sim-ep-l2/src/gpgpu-sim/gpu-cache.h:2304:22: warning:   ‘long long unsigned int l2_cache::m_ep_l2_wad_full_block_count’ [-Wreorder]
 2304 |   unsigned long long m_ep_l2_wad_full_block_count;
      |                      ^~~~~~~~~~~~~~~~~~~~~~~~~~~~
/workspace/worktrees/gpgpu-sim-ep-l2/src/gpgpu-sim/gpu-cache.h:2236:3: warning:   when initialized here [-Wreorder]
 2236 |   l2_cache(const char *name, cache_config &config, int core_id, int type_id,
      |   ^~~~~~~~
/workspace/worktrees/gpgpu-sim-ep-l2/src/gpgpu-sim/shader.cc: In member function ‘virtual void shader_core_ctx::issue_warp(register_set&, const warp_inst_t*, const active_mask_t&, unsigned int, unsigned int)’:
/workspace/worktrees/gpgpu-sim-ep-l2/src/gpgpu-sim/shader.cc:1106:23: warning: comparison of integer expressions of different signedness: ‘int’ and ‘unsigned int’ [-Wsign-compare]
 1106 |     for (int i = 0; i < end_group; i++) {
      |                     ~~^~~~~~~~~~~
/workspace/worktrees/gpgpu-sim-ep-l2/src/gpgpu-sim/shader.cc:1107:25: warning: comparison of integer expressions of different signedness: ‘int’ and ‘std::vector<warp_inst_t>::size_type’ {aka ‘long unsigned int’} [-Wsign-compare]
 1107 |       for (int j = 0; j < m_warp[warp_id]->m_ldgdepbar_buf[i].size(); j++) {
      |                       ~~^~~~~~~~~~~~~~~~~~~~~~~~~~~~~~~~~~~~~~~~~~~~
/workspace/worktrees/gpgpu-sim-ep-l2/src/gpgpu-sim/shader.cc:1108:55: warning: comparison of integer expressions of different signedness: ‘address_type’ {aka ‘long long unsigned int’} and ‘int’ [-Wsign-compare]
 1108 |         if (m_warp[warp_id]->m_ldgdepbar_buf[i][j].pc != -1) {
/workspace/worktrees/gpgpu-sim-ep-l2/src/gpgpu-sim/shader.cc: In member function ‘void shader_core_ctx::unset_depbar(const warp_inst_t&)’:
/workspace/worktrees/gpgpu-sim-ep-l2/src/gpgpu-sim/shader.cc:1874:23: warning: comparison of integer expressions of different signedness: ‘int’ and ‘std::vector<std::vector<warp_inst_t> >::size_type’ {aka ‘long unsigned int’} [-Wsign-compare]
 1874 |     for (int i = 0; i < m_warp[inst.warp_id()]->m_ldgdepbar_buf.size(); i++) {
      |                     ~~^~~~~~~~~~~~~~~~~~~~~~~~~~~~~~~~~~~~~~~~~~~~~~~~
/workspace/worktrees/gpgpu-sim-ep-l2/src/gpgpu-sim/shader.cc:1875:25: warning: comparison of integer expressions of different signedness: ‘int’ and ‘std::vector<warp_inst_t>::size_type’ {aka ‘long unsigned int’} [-Wsign-compare]
 1875 |       for (int j = 0; j < m_warp[inst.warp_id()]->m_ldgdepbar_buf[i].size();
      |                       ~~^~~~~~~~~~~~~~~~~~~~~~~~~~~~~~~~~~~~~~~~~~~~~~~~~~~
/workspace/worktrees/gpgpu-sim-ep-l2/src/gpgpu-sim/shader.cc:1890:23: warning: comparison of integer expressions of different signedness: ‘int’ and ‘unsigned int’ [-Wsign-compare]
 1890 |     for (int i = 0; i < end_group; i++) {
      |                     ~~^~~~~~~~~~~
/workspace/worktrees/gpgpu-sim-ep-l2/src/gpgpu-sim/shader.cc:1891:25: warning: comparison of integer expressions of different signedness: ‘int’ and ‘std::vector<warp_inst_t>::size_type’ {aka ‘long unsigned int’} [-Wsign-compare]
 1891 |       for (int j = 0; j < m_warp[inst.warp_id()]->m_ldgdepbar_buf[i].size();
      |                       ~~^~~~~~~~~~~~~~~~~~~~~~~~~~~~~~~~~~~~~~~~~~~~~~~~~~~
/workspace/worktrees/gpgpu-sim-ep-l2/src/gpgpu-sim/shader.cc:1893:62: warning: comparison of integer expressions of different signedness: ‘address_type’ {aka ‘long long unsigned int’} and ‘int’ [-Wsign-compare]
 1893 |         if (m_warp[inst.warp_id()]->m_ldgdepbar_buf[i][j].pc != -1) {
/workspace/worktrees/gpgpu-sim-ep-l2/src/gpgpu-sim/shader.cc: In member function ‘bool ldst_unit::memory_cycle(warp_inst_t&, mem_stage_stall_type&, mem_stage_access_type&)’:
/workspace/worktrees/gpgpu-sim-ep-l2/src/gpgpu-sim/shader.cc:2272:23: warning: unused variable ‘access’ [-Wunused-variable]
 2272 |   const mem_access_t &access = inst.accessq_back();
      |                       ^~~~~~
In file included from /workspace/worktrees/gpgpu-sim-ep-l2/src/gpgpu-sim/shader.cc:33:
/workspace/worktrees/gpgpu-sim-ep-l2/src/gpgpu-sim/shader.h: In constructor ‘ldst_unit::ldst_unit(mem_fetch_interface*, shader_core_mem_fetch_allocator*, shader_core_ctx*, opndcoll_rfu_t*, Scoreboard*, const shader_core_config*, const memory_config*, shader_core_stats*, unsigned int, unsigned int, gpgpu_sim*)’:
/workspace/worktrees/gpgpu-sim-ep-l2/src/gpgpu-sim/shader.h:1463:15: warning: ‘ldst_unit::m_next_wb’ will be initialized after [-Wreorder]
 1463 |   warp_inst_t m_next_wb;
      |               ^~~~~~~~~
/workspace/worktrees/gpgpu-sim-ep-l2/src/gpgpu-sim/shader.h:1443:14: warning:   ‘gpgpu_sim* ldst_unit::m_gpu’ [-Wreorder]
 1443 |   gpgpu_sim *m_gpu;
      |              ^~~~~
/workspace/worktrees/gpgpu-sim-ep-l2/src/gpgpu-sim/shader.cc:2632:1: warning:   when initialized here [-Wreorder]
 2632 | ldst_unit::ldst_unit(mem_fetch_interface *icnt,
      | ^~~~~~~~~
[ 84%] Building CXX object src/cuda-sim/CMakeFiles/ptxsim.dir/ptx_sim.cc.o
In file included from /workspace/worktrees/gpgpu-sim-ep-l2/src/cuda-sim/../../libcuda/../src/cuda-sim/../gpgpu-sim/shader.h:54,
                 from /workspace/worktrees/gpgpu-sim-ep-l2/src/cuda-sim/../../libcuda/../src/cuda-sim/cuda-sim.h:37,
                 from /workspace/worktrees/gpgpu-sim-ep-l2/src/cuda-sim/../../libcuda/gpgpu_context.h:3,
                 from /workspace/worktrees/gpgpu-sim-ep-l2/src/cuda-sim/ptx_sim.cc:34:
/workspace/worktrees/gpgpu-sim-ep-l2/src/cuda-sim/../../libcuda/../src/cuda-sim/../gpgpu-sim/gpu-cache.h: In constructor ‘baseline_cache::baseline_cache(const char*, cache_config&, int, int, mem_fetch_interface*, mem_fetch_status, cache_gpu_level, gpgpu_sim*)’:
/workspace/worktrees/gpgpu-sim-ep-l2/src/cuda-sim/../../libcuda/../src/cuda-sim/../gpgpu-sim/gpu-cache.h:1709:24: warning: ‘baseline_cache::m_bandwidth_management’ will be initialized after [-Wreorder]
 1709 |   bandwidth_management m_bandwidth_management;
      |                        ^~~~~~~~~~~~~~~~~~~~~~
/workspace/worktrees/gpgpu-sim-ep-l2/src/cuda-sim/../../libcuda/../src/cuda-sim/../gpgpu-sim/gpu-cache.h:1622:19: warning:   ‘cache_gpu_level baseline_cache::m_level’ [-Wreorder]
 1622 |   cache_gpu_level m_level;
      |                   ^~~~~~~
/workspace/worktrees/gpgpu-sim-ep-l2/src/cuda-sim/../../libcuda/../src/cuda-sim/../gpgpu-sim/gpu-cache.h:1438:3: warning:   when initialized here [-Wreorder]
 1438 |   baseline_cache(const char *name, cache_config &config, int core_id,
      |   ^~~~~~~~~~~~~~
In file included from /workspace/worktrees/gpgpu-sim-ep-l2/src/cuda-sim/../../libcuda/../src/cuda-sim/../gpgpu-sim/shader.h:54,
                 from /workspace/worktrees/gpgpu-sim-ep-l2/src/cuda-sim/../../libcuda/../src/cuda-sim/cuda-sim.h:37,
                 from /workspace/worktrees/gpgpu-sim-ep-l2/src/cuda-sim/../../libcuda/gpgpu_context.h:3,
                 from /workspace/worktrees/gpgpu-sim-ep-l2/src/cuda-sim/ptx_sim.cc:34:
/workspace/worktrees/gpgpu-sim-ep-l2/src/cuda-sim/../../libcuda/../src/cuda-sim/../gpgpu-sim/gpu-cache.h: In constructor ‘l2_cache::l2_cache(const char*, cache_config&, int, int, mem_fetch_interface*, mem_fetch_allocator*, mem_fetch_status, gpgpu_sim*, cache_gpu_level)’:
/workspace/worktrees/gpgpu-sim-ep-l2/src/cuda-sim/../../libcuda/../src/cuda-sim/../gpgpu-sim/gpu-cache.h:2306:23: warning: ‘l2_cache::m_ep_l2_payload’ will be initialized after [-Wreorder]
 2306 |   ep_l2_payload_store m_ep_l2_payload;
      |                       ^~~~~~~~~~~~~~~
/workspace/worktrees/gpgpu-sim-ep-l2/src/cuda-sim/../../libcuda/../src/cuda-sim/../gpgpu-sim/gpu-cache.h:2304:22: warning:   ‘long long unsigned int l2_cache::m_ep_l2_wad_full_block_count’ [-Wreorder]
 2304 |   unsigned long long m_ep_l2_wad_full_block_count;
      |                      ^~~~~~~~~~~~~~~~~~~~~~~~~~~~
/workspace/worktrees/gpgpu-sim-ep-l2/src/cuda-sim/../../libcuda/../src/cuda-sim/../gpgpu-sim/gpu-cache.h:2236:3: warning:   when initialized here [-Wreorder]
 2236 |   l2_cache(const char *name, cache_config &config, int core_id, int type_id,
      |   ^~~~~~~~
/workspace/worktrees/gpgpu-sim-ep-l2/src/cuda-sim/ptx_sim.cc: At global scope:
/workspace/worktrees/gpgpu-sim-ep-l2/src/cuda-sim/ptx_sim.cc:404:13: warning: ‘void print_reg(std::string, ptx_reg_t, symbol_table*)’ defined but not used [-Wunused-function]
  404 | static void print_reg(std::string name, ptx_reg_t value, symbol_table *symtab) {
      |             ^~~~~~~~~
[ 85%] Building CXX object src/cuda-sim/CMakeFiles/ptxsim.dir/ptx-stats.cc.o
In file included from /workspace/worktrees/gpgpu-sim-ep-l2/src/cuda-sim/../../libcuda/../src/cuda-sim/../gpgpu-sim/shader.h:54,
                 from /workspace/worktrees/gpgpu-sim-ep-l2/src/cuda-sim/../../libcuda/../src/cuda-sim/cuda-sim.h:37,
                 from /workspace/worktrees/gpgpu-sim-ep-l2/src/cuda-sim/../../libcuda/gpgpu_context.h:3,
                 from /workspace/worktrees/gpgpu-sim-ep-l2/src/cuda-sim/ptx-stats.cc:32:
/workspace/worktrees/gpgpu-sim-ep-l2/src/cuda-sim/../../libcuda/../src/cuda-sim/../gpgpu-sim/gpu-cache.h: In constructor ‘baseline_cache::baseline_cache(const char*, cache_config&, int, int, mem_fetch_interface*, mem_fetch_status, cache_gpu_level, gpgpu_sim*)’:
/workspace/worktrees/gpgpu-sim-ep-l2/src/cuda-sim/../../libcuda/../src/cuda-sim/../gpgpu-sim/gpu-cache.h:1709:24: warning: ‘baseline_cache::m_bandwidth_management’ will be initialized after [-Wreorder]
 1709 |   bandwidth_management m_bandwidth_management;
      |                        ^~~~~~~~~~~~~~~~~~~~~~
/workspace/worktrees/gpgpu-sim-ep-l2/src/cuda-sim/../../libcuda/../src/cuda-sim/../gpgpu-sim/gpu-cache.h:1622:19: warning:   ‘cache_gpu_level baseline_cache::m_level’ [-Wreorder]
 1622 |   cache_gpu_level m_level;
      |                   ^~~~~~~
/workspace/worktrees/gpgpu-sim-ep-l2/src/cuda-sim/../../libcuda/../src/cuda-sim/../gpgpu-sim/gpu-cache.h:1438:3: warning:   when initialized here [-Wreorder]
 1438 |   baseline_cache(const char *name, cache_config &config, int core_id,
      |   ^~~~~~~~~~~~~~
In file included from /workspace/worktrees/gpgpu-sim-ep-l2/src/cuda-sim/../../libcuda/../src/cuda-sim/../gpgpu-sim/shader.h:54,
                 from /workspace/worktrees/gpgpu-sim-ep-l2/src/cuda-sim/../../libcuda/../src/cuda-sim/cuda-sim.h:37,
                 from /workspace/worktrees/gpgpu-sim-ep-l2/src/cuda-sim/../../libcuda/gpgpu_context.h:3,
                 from /workspace/worktrees/gpgpu-sim-ep-l2/src/cuda-sim/ptx-stats.cc:32:
/workspace/worktrees/gpgpu-sim-ep-l2/src/cuda-sim/../../libcuda/../src/cuda-sim/../gpgpu-sim/gpu-cache.h: In constructor ‘l2_cache::l2_cache(const char*, cache_config&, int, int, mem_fetch_interface*, mem_fetch_allocator*, mem_fetch_status, gpgpu_sim*, cache_gpu_level)’:
/workspace/worktrees/gpgpu-sim-ep-l2/src/cuda-sim/../../libcuda/../src/cuda-sim/../gpgpu-sim/gpu-cache.h:2306:23: warning: ‘l2_cache::m_ep_l2_payload’ will be initialized after [-Wreorder]
 2306 |   ep_l2_payload_store m_ep_l2_payload;
      |                       ^~~~~~~~~~~~~~~
/workspace/worktrees/gpgpu-sim-ep-l2/src/cuda-sim/../../libcuda/../src/cuda-sim/../gpgpu-sim/gpu-cache.h:2304:22: warning:   ‘long long unsigned int l2_cache::m_ep_l2_wad_full_block_count’ [-Wreorder]
 2304 |   unsigned long long m_ep_l2_wad_full_block_count;
      |                      ^~~~~~~~~~~~~~~~~~~~~~~~~~~~
/workspace/worktrees/gpgpu-sim-ep-l2/src/cuda-sim/../../libcuda/../src/cuda-sim/../gpgpu-sim/gpu-cache.h:2236:3: warning:   when initialized here [-Wreorder]
 2236 |   l2_cache(const char *name, cache_config &config, int core_id, int type_id,
      |   ^~~~~~~~
[ 86%] Building CXX object src/cuda-sim/CMakeFiles/ptxsim.dir/ptx.tab.c.o
In file included from /workspace/worktrees/gpgpu-sim-ep-l2/src/cuda-sim/../../libcuda/../src/cuda-sim/../gpgpu-sim/shader.h:54,
                 from /workspace/worktrees/gpgpu-sim-ep-l2/src/cuda-sim/../../libcuda/../src/cuda-sim/cuda-sim.h:37,
                 from /workspace/worktrees/gpgpu-sim-ep-l2/src/cuda-sim/../../libcuda/gpgpu_context.h:3,
                 from /workspace/worktrees/gpgpu-sim-ep-l2/src/cuda-sim/ptx.y:33:
/workspace/worktrees/gpgpu-sim-ep-l2/src/cuda-sim/../../libcuda/../src/cuda-sim/../gpgpu-sim/gpu-cache.h: In constructor ‘baseline_cache::baseline_cache(const char*, cache_config&, int, int, mem_fetch_interface*, mem_fetch_status, cache_gpu_level, gpgpu_sim*)’:
/workspace/worktrees/gpgpu-sim-ep-l2/src/cuda-sim/../../libcuda/../src/cuda-sim/../gpgpu-sim/gpu-cache.h:1709:24: warning: ‘baseline_cache::m_bandwidth_management’ will be initialized after [-Wreorder]
 1709 |   bandwidth_management m_bandwidth_management;
      |                        ^~~~~~~~~~~~~~~~~~~~~~
/workspace/worktrees/gpgpu-sim-ep-l2/src/cuda-sim/../../libcuda/../src/cuda-sim/../gpgpu-sim/gpu-cache.h:1622:19: warning:   ‘cache_gpu_level baseline_cache::m_level’ [-Wreorder]
 1622 |   cache_gpu_level m_level;
      |                   ^~~~~~~
/workspace/worktrees/gpgpu-sim-ep-l2/src/cuda-sim/../../libcuda/../src/cuda-sim/../gpgpu-sim/gpu-cache.h:1438:3: warning:   when initialized here [-Wreorder]
 1438 |   baseline_cache(const char *name, cache_config &config, int core_id,
      |   ^~~~~~~~~~~~~~
In file included from /workspace/worktrees/gpgpu-sim-ep-l2/src/cuda-sim/../../libcuda/../src/cuda-sim/../gpgpu-sim/shader.h:54,
                 from /workspace/worktrees/gpgpu-sim-ep-l2/src/cuda-sim/../../libcuda/../src/cuda-sim/cuda-sim.h:37,
                 from /workspace/worktrees/gpgpu-sim-ep-l2/src/cuda-sim/../../libcuda/gpgpu_context.h:3,
                 from /workspace/worktrees/gpgpu-sim-ep-l2/src/cuda-sim/ptx.y:33:
/workspace/worktrees/gpgpu-sim-ep-l2/src/cuda-sim/../../libcuda/../src/cuda-sim/../gpgpu-sim/gpu-cache.h: In constructor ‘l2_cache::l2_cache(const char*, cache_config&, int, int, mem_fetch_interface*, mem_fetch_allocator*, mem_fetch_status, gpgpu_sim*, cache_gpu_level)’:
/workspace/worktrees/gpgpu-sim-ep-l2/src/cuda-sim/../../libcuda/../src/cuda-sim/../gpgpu-sim/gpu-cache.h:2306:23: warning: ‘l2_cache::m_ep_l2_payload’ will be initialized after [-Wreorder]
 2306 |   ep_l2_payload_store m_ep_l2_payload;
      |                       ^~~~~~~~~~~~~~~
/workspace/worktrees/gpgpu-sim-ep-l2/src/cuda-sim/../../libcuda/../src/cuda-sim/../gpgpu-sim/gpu-cache.h:2304:22: warning:   ‘long long unsigned int l2_cache::m_ep_l2_wad_full_block_count’ [-Wreorder]
 2304 |   unsigned long long m_ep_l2_wad_full_block_count;
      |                      ^~~~~~~~~~~~~~~~~~~~~~~~~~~~
/workspace/worktrees/gpgpu-sim-ep-l2/src/cuda-sim/../../libcuda/../src/cuda-sim/../gpgpu-sim/gpu-cache.h:2236:3: warning:   when initialized here [-Wreorder]
 2236 |   l2_cache(const char *name, cache_config &config, int core_id, int type_id,
      |   ^~~~~~~~
[ 87%] Building CXX object src/cuda-sim/CMakeFiles/ptxsim.dir/lex.ptx_.c.o
[ 88%] Building CXX object src/gpgpu-sim/CMakeFiles/gpgpusim.dir/stat-tool.cc.o
In file included from /workspace/worktrees/gpgpu-sim-ep-l2/src/cuda-sim/../../libcuda/../src/cuda-sim/../gpgpu-sim/shader.h:54,
                 from /workspace/worktrees/gpgpu-sim-ep-l2/src/cuda-sim/../../libcuda/../src/cuda-sim/cuda-sim.h:37,
                 from /workspace/worktrees/gpgpu-sim-ep-l2/src/cuda-sim/../../libcuda/gpgpu_context.h:3,
                 from /workspace/worktrees/gpgpu-sim-ep-l2/src/cuda-sim/ptx.l:46:
/workspace/worktrees/gpgpu-sim-ep-l2/src/cuda-sim/../../libcuda/../src/cuda-sim/../gpgpu-sim/gpu-cache.h: In constructor ‘baseline_cache::baseline_cache(const char*, cache_config&, int, int, mem_fetch_interface*, mem_fetch_status, cache_gpu_level, gpgpu_sim*)’:
/workspace/worktrees/gpgpu-sim-ep-l2/src/cuda-sim/../../libcuda/../src/cuda-sim/../gpgpu-sim/gpu-cache.h:1709:24: warning: ‘baseline_cache::m_bandwidth_management’ will be initialized after [-Wreorder]
 1709 |   bandwidth_management m_bandwidth_management;
      |                        ^~~~~~~~~~~~~~~~~~~~~~
/workspace/worktrees/gpgpu-sim-ep-l2/src/cuda-sim/../../libcuda/../src/cuda-sim/../gpgpu-sim/gpu-cache.h:1622:19: warning:   ‘cache_gpu_level baseline_cache::m_level’ [-Wreorder]
 1622 |   cache_gpu_level m_level;
      |                   ^~~~~~~
/workspace/worktrees/gpgpu-sim-ep-l2/src/cuda-sim/../../libcuda/../src/cuda-sim/../gpgpu-sim/gpu-cache.h:1438:3: warning:   when initialized here [-Wreorder]
 1438 |   baseline_cache(const char *name, cache_config &config, int core_id,
      |   ^~~~~~~~~~~~~~
In file included from /workspace/worktrees/gpgpu-sim-ep-l2/src/cuda-sim/../../libcuda/../src/cuda-sim/../gpgpu-sim/shader.h:54,
                 from /workspace/worktrees/gpgpu-sim-ep-l2/src/cuda-sim/../../libcuda/../src/cuda-sim/cuda-sim.h:37,
                 from /workspace/worktrees/gpgpu-sim-ep-l2/src/cuda-sim/../../libcuda/gpgpu_context.h:3,
                 from /workspace/worktrees/gpgpu-sim-ep-l2/src/cuda-sim/ptx.l:46:
/workspace/worktrees/gpgpu-sim-ep-l2/src/cuda-sim/../../libcuda/../src/cuda-sim/../gpgpu-sim/gpu-cache.h: In constructor ‘l2_cache::l2_cache(const char*, cache_config&, int, int, mem_fetch_interface*, mem_fetch_allocator*, mem_fetch_status, gpgpu_sim*, cache_gpu_level)’:
/workspace/worktrees/gpgpu-sim-ep-l2/src/cuda-sim/../../libcuda/../src/cuda-sim/../gpgpu-sim/gpu-cache.h:2306:23: warning: ‘l2_cache::m_ep_l2_payload’ will be initialized after [-Wreorder]
 2306 |   ep_l2_payload_store m_ep_l2_payload;
      |                       ^~~~~~~~~~~~~~~
/workspace/worktrees/gpgpu-sim-ep-l2/src/cuda-sim/../../libcuda/../src/cuda-sim/../gpgpu-sim/gpu-cache.h:2304:22: warning:   ‘long long unsigned int l2_cache::m_ep_l2_wad_full_block_count’ [-Wreorder]
 2304 |   unsigned long long m_ep_l2_wad_full_block_count;
      |                      ^~~~~~~~~~~~~~~~~~~~~~~~~~~~
/workspace/worktrees/gpgpu-sim-ep-l2/src/cuda-sim/../../libcuda/../src/cuda-sim/../gpgpu-sim/gpu-cache.h:2236:3: warning:   when initialized here [-Wreorder]
 2236 |   l2_cache(const char *name, cache_config &config, int core_id, int type_id,
      |   ^~~~~~~~
/workspace/worktrees/gpgpu-sim-ep-l2/src/cuda-sim/ptx.l: In function ‘int ptx_error(yyscan_t, ptx_recognizer*, const char*)’:
/workspace/worktrees/gpgpu-sim-ep-l2/src/cuda-sim/ptx.l:488:21: warning: comparison of integer expressions of different signedness: ‘int’ and ‘unsigned int’ [-Wsign-compare]
  488 |         for( i=0; i < recognizer->col-1; i++ ) {
      |                   ~~^~~~~~~~~~~~~~~~~~~
In file included from /workspace/worktrees/gpgpu-sim-ep-l2/src/gpgpu-sim/../../libcuda/../src/cuda-sim/../gpgpu-sim/shader.h:54,
                 from /workspace/worktrees/gpgpu-sim-ep-l2/src/gpgpu-sim/../../libcuda/../src/cuda-sim/cuda-sim.h:37,
                 from /workspace/worktrees/gpgpu-sim-ep-l2/src/gpgpu-sim/../../libcuda/gpgpu_context.h:3,
                 from /workspace/worktrees/gpgpu-sim-ep-l2/src/gpgpu-sim/stat-tool.cc:40:
/workspace/worktrees/gpgpu-sim-ep-l2/src/gpgpu-sim/../../libcuda/../src/cuda-sim/../gpgpu-sim/gpu-cache.h: In constructor ‘baseline_cache::baseline_cache(const char*, cache_config&, int, int, mem_fetch_interface*, mem_fetch_status, cache_gpu_level, gpgpu_sim*)’:
/workspace/worktrees/gpgpu-sim-ep-l2/src/gpgpu-sim/../../libcuda/../src/cuda-sim/../gpgpu-sim/gpu-cache.h:1709:24: warning: ‘baseline_cache::m_bandwidth_management’ will be initialized after [-Wreorder]
 1709 |   bandwidth_management m_bandwidth_management;
      |                        ^~~~~~~~~~~~~~~~~~~~~~
/workspace/worktrees/gpgpu-sim-ep-l2/src/gpgpu-sim/../../libcuda/../src/cuda-sim/../gpgpu-sim/gpu-cache.h:1622:19: warning:   ‘cache_gpu_level baseline_cache::m_level’ [-Wreorder]
 1622 |   cache_gpu_level m_level;
      |                   ^~~~~~~
/workspace/worktrees/gpgpu-sim-ep-l2/src/gpgpu-sim/../../libcuda/../src/cuda-sim/../gpgpu-sim/gpu-cache.h:1438:3: warning:   when initialized here [-Wreorder]
 1438 |   baseline_cache(const char *name, cache_config &config, int core_id,
      |   ^~~~~~~~~~~~~~
In file included from /workspace/worktrees/gpgpu-sim-ep-l2/src/gpgpu-sim/../../libcuda/../src/cuda-sim/../gpgpu-sim/shader.h:54,
                 from /workspace/worktrees/gpgpu-sim-ep-l2/src/gpgpu-sim/../../libcuda/../src/cuda-sim/cuda-sim.h:37,
                 from /workspace/worktrees/gpgpu-sim-ep-l2/src/gpgpu-sim/../../libcuda/gpgpu_context.h:3,
                 from /workspace/worktrees/gpgpu-sim-ep-l2/src/gpgpu-sim/stat-tool.cc:40:
/workspace/worktrees/gpgpu-sim-ep-l2/src/gpgpu-sim/../../libcuda/../src/cuda-sim/../gpgpu-sim/gpu-cache.h: In constructor ‘l2_cache::l2_cache(const char*, cache_config&, int, int, mem_fetch_interface*, mem_fetch_allocator*, mem_fetch_status, gpgpu_sim*, cache_gpu_level)’:
/workspace/worktrees/gpgpu-sim-ep-l2/src/gpgpu-sim/../../libcuda/../src/cuda-sim/../gpgpu-sim/gpu-cache.h:2306:23: warning: ‘l2_cache::m_ep_l2_payload’ will be initialized after [-Wreorder]
 2306 |   ep_l2_payload_store m_ep_l2_payload;
      |                       ^~~~~~~~~~~~~~~
/workspace/worktrees/gpgpu-sim-ep-l2/src/gpgpu-sim/../../libcuda/../src/cuda-sim/../gpgpu-sim/gpu-cache.h:2304:22: warning:   ‘long long unsigned int l2_cache::m_ep_l2_wad_full_block_count’ [-Wreorder]
 2304 |   unsigned long long m_ep_l2_wad_full_block_count;
      |                      ^~~~~~~~~~~~~~~~~~~~~~~~~~~~
/workspace/worktrees/gpgpu-sim-ep-l2/src/gpgpu-sim/../../libcuda/../src/cuda-sim/../gpgpu-sim/gpu-cache.h:2236:3: warning:   when initialized here [-Wreorder]
 2236 |   l2_cache(const char *name, cache_config &config, int core_id, int type_id,
      |   ^~~~~~~~
/workspace/worktrees/gpgpu-sim-ep-l2/src/gpgpu-sim/stat-tool.cc: In function ‘void shader_mem_lat_log(int, int)’:
/workspace/worktrees/gpgpu-sim-ep-l2/src/gpgpu-sim/stat-tool.cc:331:25: warning: ISO C++17 does not allow ‘register’ storage class specifier [-Wregister]
  331 |   register unsigned int shift;
      |                         ^~~~~
In file included from /usr/include/string.h:535,
                 from /workspace/worktrees/gpgpu-sim-ep-l2/build/src/cuda-sim/lex.ptx_.c:243:
In function ‘char* strncpy(char*, const char*, size_t)’,
    inlined from ‘int ptx_lex(YYSTYPE*, yyscan_t, ptx_recognizer*)’ at /workspace/worktrees/gpgpu-sim-ep-l2/src/cuda-sim/ptx.l:442:27:
/usr/include/x86_64-linux-gnu/bits/string_fortified.h:95:34: warning: ‘char* __builtin_strncpy(char*, const char*, long unsigned int)’ specified bound 4096 equals destination size [-Wstringop-truncation]
   95 |   return __builtin___strncpy_chk (__dest, __src, __len,
      |          ~~~~~~~~~~~~~~~~~~~~~~~~^~~~~~~~~~~~~~~~~~~~~~
   96 |                                   __glibc_objsize (__dest));
      |                                   ~~~~~~~~~~~~~~~~~~~~~~~~~
[ 89%] Building CXX object src/cuda-sim/CMakeFiles/ptxsim.dir/lex.ptxinfo_.c.o
In file included from /workspace/worktrees/gpgpu-sim-ep-l2/src/cuda-sim/../../libcuda/../src/cuda-sim/../gpgpu-sim/shader.h:54,
                 from /workspace/worktrees/gpgpu-sim-ep-l2/src/cuda-sim/../../libcuda/../src/cuda-sim/cuda-sim.h:37,
                 from /workspace/worktrees/gpgpu-sim-ep-l2/src/cuda-sim/../../libcuda/gpgpu_context.h:3,
                 from /workspace/worktrees/gpgpu-sim-ep-l2/src/cuda-sim/ptxinfo.l:42:
/workspace/worktrees/gpgpu-sim-ep-l2/src/cuda-sim/../../libcuda/../src/cuda-sim/../gpgpu-sim/gpu-cache.h: In constructor ‘baseline_cache::baseline_cache(const char*, cache_config&, int, int, mem_fetch_interface*, mem_fetch_status, cache_gpu_level, gpgpu_sim*)’:
/workspace/worktrees/gpgpu-sim-ep-l2/src/cuda-sim/../../libcuda/../src/cuda-sim/../gpgpu-sim/gpu-cache.h:1709:24: warning: ‘baseline_cache::m_bandwidth_management’ will be initialized after [-Wreorder]
 1709 |   bandwidth_management m_bandwidth_management;
      |                        ^~~~~~~~~~~~~~~~~~~~~~
/workspace/worktrees/gpgpu-sim-ep-l2/src/cuda-sim/../../libcuda/../src/cuda-sim/../gpgpu-sim/gpu-cache.h:1622:19: warning:   ‘cache_gpu_level baseline_cache::m_level’ [-Wreorder]
 1622 |   cache_gpu_level m_level;
      |                   ^~~~~~~
/workspace/worktrees/gpgpu-sim-ep-l2/src/cuda-sim/../../libcuda/../src/cuda-sim/../gpgpu-sim/gpu-cache.h:1438:3: warning:   when initialized here [-Wreorder]
 1438 |   baseline_cache(const char *name, cache_config &config, int core_id,
      |   ^~~~~~~~~~~~~~
In file included from /workspace/worktrees/gpgpu-sim-ep-l2/src/cuda-sim/../../libcuda/../src/cuda-sim/../gpgpu-sim/shader.h:54,
                 from /workspace/worktrees/gpgpu-sim-ep-l2/src/cuda-sim/../../libcuda/../src/cuda-sim/cuda-sim.h:37,
                 from /workspace/worktrees/gpgpu-sim-ep-l2/src/cuda-sim/../../libcuda/gpgpu_context.h:3,
                 from /workspace/worktrees/gpgpu-sim-ep-l2/src/cuda-sim/ptxinfo.l:42:
/workspace/worktrees/gpgpu-sim-ep-l2/src/cuda-sim/../../libcuda/../src/cuda-sim/../gpgpu-sim/gpu-cache.h: In constructor ‘l2_cache::l2_cache(const char*, cache_config&, int, int, mem_fetch_interface*, mem_fetch_allocator*, mem_fetch_status, gpgpu_sim*, cache_gpu_level)’:
/workspace/worktrees/gpgpu-sim-ep-l2/src/cuda-sim/../../libcuda/../src/cuda-sim/../gpgpu-sim/gpu-cache.h:2306:23: warning: ‘l2_cache::m_ep_l2_payload’ will be initialized after [-Wreorder]
 2306 |   ep_l2_payload_store m_ep_l2_payload;
      |                       ^~~~~~~~~~~~~~~
/workspace/worktrees/gpgpu-sim-ep-l2/src/cuda-sim/../../libcuda/../src/cuda-sim/../gpgpu-sim/gpu-cache.h:2304:22: warning:   ‘long long unsigned int l2_cache::m_ep_l2_wad_full_block_count’ [-Wreorder]
 2304 |   unsigned long long m_ep_l2_wad_full_block_count;
      |                      ^~~~~~~~~~~~~~~~~~~~~~~~~~~~
/workspace/worktrees/gpgpu-sim-ep-l2/src/cuda-sim/../../libcuda/../src/cuda-sim/../gpgpu-sim/gpu-cache.h:2236:3: warning:   when initialized here [-Wreorder]
 2236 |   l2_cache(const char *name, cache_config &config, int core_id, int type_id,
      |   ^~~~~~~~
/workspace/worktrees/gpgpu-sim-ep-l2/src/cuda-sim/ptxinfo.l: In function ‘int ptxinfo_error(yyscan_t, ptxinfo_data*, const char*)’:
/workspace/worktrees/gpgpu-sim-ep-l2/src/cuda-sim/ptxinfo.l:108:21: warning: comparison of integer expressions of different signedness: ‘int’ and ‘unsigned int’ [-Wsign-compare]
  108 |         for( i=0; i < ptxinfo->col-1; i++ ) {
      |                   ~~^~~~~~~~~~~~~~~~
[ 90%] Building CXX object src/gpgpu-sim/CMakeFiles/gpgpusim.dir/visualizer.cc.o
/workspace/worktrees/gpgpu-sim-ep-l2/build/src/cuda-sim/lex.ptxinfo_.c: At global scope:
/workspace/worktrees/gpgpu-sim-ep-l2/build/src/cuda-sim/lex.ptxinfo_.c:1761:17: warning: ‘void yyunput(int, char*, yyscan_t)’ defined but not used [-Wunused-function]
 1761 |     static void yyunput (int c, char * yy_bp , yyscan_t yyscanner)
      |                 ^~~~~~~
In file included from /workspace/worktrees/gpgpu-sim-ep-l2/src/gpgpu-sim/gpu-sim.h:44,
                 from /workspace/worktrees/gpgpu-sim-ep-l2/src/gpgpu-sim/visualizer.cc:32:
/workspace/worktrees/gpgpu-sim-ep-l2/src/gpgpu-sim/gpu-cache.h: In constructor ‘baseline_cache::baseline_cache(const char*, cache_config&, int, int, mem_fetch_interface*, mem_fetch_status, cache_gpu_level, gpgpu_sim*)’:
/workspace/worktrees/gpgpu-sim-ep-l2/src/gpgpu-sim/gpu-cache.h:1709:24: warning: ‘baseline_cache::m_bandwidth_management’ will be initialized after [-Wreorder]
 1709 |   bandwidth_management m_bandwidth_management;
      |                        ^~~~~~~~~~~~~~~~~~~~~~
/workspace/worktrees/gpgpu-sim-ep-l2/src/gpgpu-sim/gpu-cache.h:1622:19: warning:   ‘cache_gpu_level baseline_cache::m_level’ [-Wreorder]
 1622 |   cache_gpu_level m_level;
      |                   ^~~~~~~
/workspace/worktrees/gpgpu-sim-ep-l2/src/gpgpu-sim/gpu-cache.h:1438:3: warning:   when initialized here [-Wreorder]
 1438 |   baseline_cache(const char *name, cache_config &config, int core_id,
      |   ^~~~~~~~~~~~~~
In file included from /usr/include/string.h:535,
                 from /workspace/worktrees/gpgpu-sim-ep-l2/build/src/cuda-sim/lex.ptxinfo_.c:243:
In function ‘char* strncpy(char*, const char*, size_t)’,
    inlined from ‘int ptxinfo_lex(YYSTYPE*, yyscan_t, ptxinfo_data*)’ at /workspace/worktrees/gpgpu-sim-ep-l2/src/cuda-sim/ptxinfo.l:93:24:
/usr/include/x86_64-linux-gnu/bits/string_fortified.h:95:34: warning: ‘char* __builtin_strncpy(char*, const char*, long unsigned int)’ specified bound 1024 equals destination size [-Wstringop-truncation]
   95 |   return __builtin___strncpy_chk (__dest, __src, __len,
      |          ~~~~~~~~~~~~~~~~~~~~~~~~^~~~~~~~~~~~~~~~~~~~~~
   96 |                                   __glibc_objsize (__dest));
      |                                   ~~~~~~~~~~~~~~~~~~~~~~~~~
In function ‘char* strncpy(char*, const char*, size_t)’,
    inlined from ‘int ptxinfo_lex(YYSTYPE*, yyscan_t, ptxinfo_data*)’ at /workspace/worktrees/gpgpu-sim-ep-l2/src/cuda-sim/ptxinfo.l:91:1:
/usr/include/x86_64-linux-gnu/bits/string_fortified.h:95:34: warning: ‘char* __builtin_strncpy(char*, const char*, long unsigned int)’ specified bound depends on the length of the source argument [-Wstringop-truncation]
   95 |   return __builtin___strncpy_chk (__dest, __src, __len,
      |          ~~~~~~~~~~~~~~~~~~~~~~~~^~~~~~~~~~~~~~~~~~~~~~
   96 |                                   __glibc_objsize (__dest));
      |                                   ~~~~~~~~~~~~~~~~~~~~~~~~~
/workspace/worktrees/gpgpu-sim-ep-l2/src/cuda-sim/ptxinfo.l: In function ‘int ptxinfo_lex(YYSTYPE*, yyscan_t, ptxinfo_data*)’:
/workspace/worktrees/gpgpu-sim-ep-l2/src/cuda-sim/ptxinfo.l:45:57: note: length computed here
   45 | #define TC if( (yylineno == 1) && (ptxinfo->col + strlen(yytext) < LINEBUF_SIZE) ) { \
      |                                                   ~~~~~~^~~~~~~~
/workspace/worktrees/gpgpu-sim-ep-l2/src/cuda-sim/ptxinfo.l:55:1: note: in expansion of macro ‘TC’
   55 | "warning"[^\n]* TC; return WARNING;
      | ^~
In file included from /usr/include/string.h:535,
                 from /workspace/worktrees/gpgpu-sim-ep-l2/build/src/cuda-sim/lex.ptxinfo_.c:243:
In function ‘char* strncpy(char*, const char*, size_t)’,
    inlined from ‘int ptxinfo_lex(YYSTYPE*, yyscan_t, ptxinfo_data*)’ at /workspace/worktrees/gpgpu-sim-ep-l2/src/cuda-sim/ptxinfo.l:90:1:
/usr/include/x86_64-linux-gnu/bits/string_fortified.h:95:34: warning: ‘char* __builtin_strncpy(char*, const char*, long unsigned int)’ specified bound depends on the length of the source argument [-Wstringop-truncation]
   95 |   return __builtin___strncpy_chk (__dest, __src, __len,
      |          ~~~~~~~~~~~~~~~~~~~~~~~~^~~~~~~~~~~~~~~~~~~~~~
   96 |                                   __glibc_objsize (__dest));
      |                                   ~~~~~~~~~~~~~~~~~~~~~~~~~
/workspace/worktrees/gpgpu-sim-ep-l2/src/cuda-sim/ptxinfo.l: In function ‘int ptxinfo_lex(YYSTYPE*, yyscan_t, ptxinfo_data*)’:
/workspace/worktrees/gpgpu-sim-ep-l2/src/cuda-sim/ptxinfo.l:45:57: note: length computed here
   45 | #define TC if( (yylineno == 1) && (ptxinfo->col + strlen(yytext) < LINEBUF_SIZE) ) { \
      |                                                   ~~~~~~^~~~~~~~
/workspace/worktrees/gpgpu-sim-ep-l2/src/cuda-sim/ptxinfo.l:55:1: note: in expansion of macro ‘TC’
   55 | "warning"[^\n]* TC; return WARNING;
      | ^~
In file included from /usr/include/string.h:535,
                 from /workspace/worktrees/gpgpu-sim-ep-l2/build/src/cuda-sim/lex.ptxinfo_.c:243:
In function ‘char* strncpy(char*, const char*, size_t)’,
    inlined from ‘int ptxinfo_lex(YYSTYPE*, yyscan_t, ptxinfo_data*)’ at /workspace/worktrees/gpgpu-sim-ep-l2/src/cuda-sim/ptxinfo.l:89:1:
/usr/include/x86_64-linux-gnu/bits/string_fortified.h:95:34: warning: ‘char* __builtin_strncpy(char*, const char*, long unsigned int)’ specified bound depends on the length of the source argument [-Wstringop-truncation]
   95 |   return __builtin___strncpy_chk (__dest, __src, __len,
      |          ~~~~~~~~~~~~~~~~~~~~~~~~^~~~~~~~~~~~~~~~~~~~~~
   96 |                                   __glibc_objsize (__dest));
      |                                   ~~~~~~~~~~~~~~~~~~~~~~~~~
/workspace/worktrees/gpgpu-sim-ep-l2/src/cuda-sim/ptxinfo.l: In function ‘int ptxinfo_lex(YYSTYPE*, yyscan_t, ptxinfo_data*)’:
/workspace/worktrees/gpgpu-sim-ep-l2/src/cuda-sim/ptxinfo.l:45:57: note: length computed here
   45 | #define TC if( (yylineno == 1) && (ptxinfo->col + strlen(yytext) < LINEBUF_SIZE) ) { \
      |                                                   ~~~~~~^~~~~~~~
/workspace/worktrees/gpgpu-sim-ep-l2/src/cuda-sim/ptxinfo.l:55:1: note: in expansion of macro ‘TC’
   55 | "warning"[^\n]* TC; return WARNING;
      | ^~
In file included from /usr/include/string.h:535,
                 from /workspace/worktrees/gpgpu-sim-ep-l2/build/src/cuda-sim/lex.ptxinfo_.c:243:
In function ‘char* strncpy(char*, const char*, size_t)’,
    inlined from ‘int ptxinfo_lex(YYSTYPE*, yyscan_t, ptxinfo_data*)’ at /workspace/worktrees/gpgpu-sim-ep-l2/src/cuda-sim/ptxinfo.l:88:1:
/usr/include/x86_64-linux-gnu/bits/string_fortified.h:95:34: warning: ‘char* __builtin_strncpy(char*, const char*, long unsigned int)’ specified bound depends on the length of the source argument [-Wstringop-truncation]
   95 |   return __builtin___strncpy_chk (__dest, __src, __len,
      |          ~~~~~~~~~~~~~~~~~~~~~~~~^~~~~~~~~~~~~~~~~~~~~~
   96 |                                   __glibc_objsize (__dest));
      |                                   ~~~~~~~~~~~~~~~~~~~~~~~~~
/workspace/worktrees/gpgpu-sim-ep-l2/src/cuda-sim/ptxinfo.l: In function ‘int ptxinfo_lex(YYSTYPE*, yyscan_t, ptxinfo_data*)’:
/workspace/worktrees/gpgpu-sim-ep-l2/src/cuda-sim/ptxinfo.l:45:57: note: length computed here
   45 | #define TC if( (yylineno == 1) && (ptxinfo->col + strlen(yytext) < LINEBUF_SIZE) ) { \
      |                                                   ~~~~~~^~~~~~~~
/workspace/worktrees/gpgpu-sim-ep-l2/src/cuda-sim/ptxinfo.l:55:1: note: in expansion of macro ‘TC’
   55 | "warning"[^\n]* TC; return WARNING;
      | ^~
In file included from /usr/include/string.h:535,
                 from /workspace/worktrees/gpgpu-sim-ep-l2/build/src/cuda-sim/lex.ptxinfo_.c:243:
In function ‘char* strncpy(char*, const char*, size_t)’,
    inlined from ‘int ptxinfo_lex(YYSTYPE*, yyscan_t, ptxinfo_data*)’ at /workspace/worktrees/gpgpu-sim-ep-l2/src/cuda-sim/ptxinfo.l:87:1:
/usr/include/x86_64-linux-gnu/bits/string_fortified.h:95:34: warning: ‘char* __builtin_strncpy(char*, const char*, long unsigned int)’ specified bound depends on the length of the source argument [-Wstringop-truncation]
   95 |   return __builtin___strncpy_chk (__dest, __src, __len,
      |          ~~~~~~~~~~~~~~~~~~~~~~~~^~~~~~~~~~~~~~~~~~~~~~
   96 |                                   __glibc_objsize (__dest));
      |                                   ~~~~~~~~~~~~~~~~~~~~~~~~~
/workspace/worktrees/gpgpu-sim-ep-l2/src/cuda-sim/ptxinfo.l: In function ‘int ptxinfo_lex(YYSTYPE*, yyscan_t, ptxinfo_data*)’:
/workspace/worktrees/gpgpu-sim-ep-l2/src/cuda-sim/ptxinfo.l:45:57: note: length computed here
   45 | #define TC if( (yylineno == 1) && (ptxinfo->col + strlen(yytext) < LINEBUF_SIZE) ) { \
      |                                                   ~~~~~~^~~~~~~~
/workspace/worktrees/gpgpu-sim-ep-l2/src/cuda-sim/ptxinfo.l:55:1: note: in expansion of macro ‘TC’
   55 | "warning"[^\n]* TC; return WARNING;
      | ^~
In file included from /usr/include/string.h:535,
                 from /workspace/worktrees/gpgpu-sim-ep-l2/build/src/cuda-sim/lex.ptxinfo_.c:243:
In function ‘char* strncpy(char*, const char*, size_t)’,
    inlined from ‘int ptxinfo_lex(YYSTYPE*, yyscan_t, ptxinfo_data*)’ at /workspace/worktrees/gpgpu-sim-ep-l2/src/cuda-sim/ptxinfo.l:86:1:
/usr/include/x86_64-linux-gnu/bits/string_fortified.h:95:34: warning: ‘char* __builtin_strncpy(char*, const char*, long unsigned int)’ specified bound depends on the length of the source argument [-Wstringop-truncation]
   95 |   return __builtin___strncpy_chk (__dest, __src, __len,
      |          ~~~~~~~~~~~~~~~~~~~~~~~~^~~~~~~~~~~~~~~~~~~~~~
   96 |                                   __glibc_objsize (__dest));
      |                                   ~~~~~~~~~~~~~~~~~~~~~~~~~
/workspace/worktrees/gpgpu-sim-ep-l2/src/cuda-sim/ptxinfo.l: In function ‘int ptxinfo_lex(YYSTYPE*, yyscan_t, ptxinfo_data*)’:
/workspace/worktrees/gpgpu-sim-ep-l2/src/cuda-sim/ptxinfo.l:45:57: note: length computed here
   45 | #define TC if( (yylineno == 1) && (ptxinfo->col + strlen(yytext) < LINEBUF_SIZE) ) { \
      |                                                   ~~~~~~^~~~~~~~
/workspace/worktrees/gpgpu-sim-ep-l2/src/cuda-sim/ptxinfo.l:55:1: note: in expansion of macro ‘TC’
   55 | "warning"[^\n]* TC; return WARNING;
      | ^~
In file included from /usr/include/string.h:535,
                 from /workspace/worktrees/gpgpu-sim-ep-l2/build/src/cuda-sim/lex.ptxinfo_.c:243:
In function ‘char* strncpy(char*, const char*, size_t)’,
    inlined from ‘int ptxinfo_lex(YYSTYPE*, yyscan_t, ptxinfo_data*)’ at /workspace/worktrees/gpgpu-sim-ep-l2/src/cuda-sim/ptxinfo.l:85:1:
/usr/include/x86_64-linux-gnu/bits/string_fortified.h:95:34: warning: ‘char* __builtin_strncpy(char*, const char*, long unsigned int)’ specified bound depends on the length of the source argument [-Wstringop-truncation]
   95 |   return __builtin___strncpy_chk (__dest, __src, __len,
      |          ~~~~~~~~~~~~~~~~~~~~~~~~^~~~~~~~~~~~~~~~~~~~~~
   96 |                                   __glibc_objsize (__dest));
      |                                   ~~~~~~~~~~~~~~~~~~~~~~~~~
/workspace/worktrees/gpgpu-sim-ep-l2/src/cuda-sim/ptxinfo.l: In function ‘int ptxinfo_lex(YYSTYPE*, yyscan_t, ptxinfo_data*)’:
/workspace/worktrees/gpgpu-sim-ep-l2/src/cuda-sim/ptxinfo.l:45:57: note: length computed here
   45 | #define TC if( (yylineno == 1) && (ptxinfo->col + strlen(yytext) < LINEBUF_SIZE) ) { \
      |                                                   ~~~~~~^~~~~~~~
/workspace/worktrees/gpgpu-sim-ep-l2/src/cuda-sim/ptxinfo.l:55:1: note: in expansion of macro ‘TC’
   55 | "warning"[^\n]* TC; return WARNING;
      | ^~
In file included from /usr/include/string.h:535,
                 from /workspace/worktrees/gpgpu-sim-ep-l2/build/src/cuda-sim/lex.ptxinfo_.c:243:
In function ‘char* strncpy(char*, const char*, size_t)’,
    inlined from ‘int ptxinfo_lex(YYSTYPE*, yyscan_t, ptxinfo_data*)’ at /workspace/worktrees/gpgpu-sim-ep-l2/src/cuda-sim/ptxinfo.l:84:1:
/usr/include/x86_64-linux-gnu/bits/string_fortified.h:95:34: warning: ‘char* __builtin_strncpy(char*, const char*, long unsigned int)’ specified bound depends on the length of the source argument [-Wstringop-truncation]
   95 |   return __builtin___strncpy_chk (__dest, __src, __len,
      |          ~~~~~~~~~~~~~~~~~~~~~~~~^~~~~~~~~~~~~~~~~~~~~~
   96 |                                   __glibc_objsize (__dest));
      |                                   ~~~~~~~~~~~~~~~~~~~~~~~~~
/workspace/worktrees/gpgpu-sim-ep-l2/src/cuda-sim/ptxinfo.l: In function ‘int ptxinfo_lex(YYSTYPE*, yyscan_t, ptxinfo_data*)’:
/workspace/worktrees/gpgpu-sim-ep-l2/src/cuda-sim/ptxinfo.l:45:57: note: length computed here
   45 | #define TC if( (yylineno == 1) && (ptxinfo->col + strlen(yytext) < LINEBUF_SIZE) ) { \
      |                                                   ~~~~~~^~~~~~~~
/workspace/worktrees/gpgpu-sim-ep-l2/src/cuda-sim/ptxinfo.l:55:1: note: in expansion of macro ‘TC’
   55 | "warning"[^\n]* TC; return WARNING;
      | ^~
In file included from /usr/include/string.h:535,
                 from /workspace/worktrees/gpgpu-sim-ep-l2/build/src/cuda-sim/lex.ptxinfo_.c:243:
In function ‘char* strncpy(char*, const char*, size_t)’,
    inlined from ‘int ptxinfo_lex(YYSTYPE*, yyscan_t, ptxinfo_data*)’ at /workspace/worktrees/gpgpu-sim-ep-l2/src/cuda-sim/ptxinfo.l:83:1:
/usr/include/x86_64-linux-gnu/bits/string_fortified.h:95:34: warning: ‘char* __builtin_strncpy(char*, const char*, long unsigned int)’ specified bound depends on the length of the source argument [-Wstringop-truncation]
   95 |   return __builtin___strncpy_chk (__dest, __src, __len,
      |          ~~~~~~~~~~~~~~~~~~~~~~~~^~~~~~~~~~~~~~~~~~~~~~
   96 |                                   __glibc_objsize (__dest));
      |                                   ~~~~~~~~~~~~~~~~~~~~~~~~~
/workspace/worktrees/gpgpu-sim-ep-l2/src/cuda-sim/ptxinfo.l: In function ‘int ptxinfo_lex(YYSTYPE*, yyscan_t, ptxinfo_data*)’:
/workspace/worktrees/gpgpu-sim-ep-l2/src/cuda-sim/ptxinfo.l:45:57: note: length computed here
   45 | #define TC if( (yylineno == 1) && (ptxinfo->col + strlen(yytext) < LINEBUF_SIZE) ) { \
      |                                                   ~~~~~~^~~~~~~~
/workspace/worktrees/gpgpu-sim-ep-l2/src/cuda-sim/ptxinfo.l:55:1: note: in expansion of macro ‘TC’
   55 | "warning"[^\n]* TC; return WARNING;
      | ^~
In file included from /usr/include/string.h:535,
                 from /workspace/worktrees/gpgpu-sim-ep-l2/build/src/cuda-sim/lex.ptxinfo_.c:243:
In function ‘char* strncpy(char*, const char*, size_t)’,
    inlined from ‘int ptxinfo_lex(YYSTYPE*, yyscan_t, ptxinfo_data*)’ at /workspace/worktrees/gpgpu-sim-ep-l2/src/cuda-sim/ptxinfo.l:82:1:
/usr/include/x86_64-linux-gnu/bits/string_fortified.h:95:34: warning: ‘char* __builtin_strncpy(char*, const char*, long unsigned int)’ specified bound depends on the length of the source argument [-Wstringop-truncation]
   95 |   return __builtin___strncpy_chk (__dest, __src, __len,
      |          ~~~~~~~~~~~~~~~~~~~~~~~~^~~~~~~~~~~~~~~~~~~~~~
   96 |                                   __glibc_objsize (__dest));
      |                                   ~~~~~~~~~~~~~~~~~~~~~~~~~
/workspace/worktrees/gpgpu-sim-ep-l2/src/cuda-sim/ptxinfo.l: In function ‘int ptxinfo_lex(YYSTYPE*, yyscan_t, ptxinfo_data*)’:
/workspace/worktrees/gpgpu-sim-ep-l2/src/cuda-sim/ptxinfo.l:45:57: note: length computed here
   45 | #define TC if( (yylineno == 1) && (ptxinfo->col + strlen(yytext) < LINEBUF_SIZE) ) { \
      |                                                   ~~~~~~^~~~~~~~
/workspace/worktrees/gpgpu-sim-ep-l2/src/cuda-sim/ptxinfo.l:55:1: note: in expansion of macro ‘TC’
   55 | "warning"[^\n]* TC; return WARNING;
      | ^~
In file included from /usr/include/string.h:535,
                 from /workspace/worktrees/gpgpu-sim-ep-l2/build/src/cuda-sim/lex.ptxinfo_.c:243:
In function ‘char* strncpy(char*, const char*, size_t)’,
    inlined from ‘int ptxinfo_lex(YYSTYPE*, yyscan_t, ptxinfo_data*)’ at /workspace/worktrees/gpgpu-sim-ep-l2/src/cuda-sim/ptxinfo.l:80:1:
/usr/include/x86_64-linux-gnu/bits/string_fortified.h:95:34: warning: ‘char* __builtin_strncpy(char*, const char*, long unsigned int)’ specified bound depends on the length of the source argument [-Wstringop-truncation]
   95 |   return __builtin___strncpy_chk (__dest, __src, __len,
      |          ~~~~~~~~~~~~~~~~~~~~~~~~^~~~~~~~~~~~~~~~~~~~~~
   96 |                                   __glibc_objsize (__dest));
      |                                   ~~~~~~~~~~~~~~~~~~~~~~~~~
/workspace/worktrees/gpgpu-sim-ep-l2/src/cuda-sim/ptxinfo.l: In function ‘int ptxinfo_lex(YYSTYPE*, yyscan_t, ptxinfo_data*)’:
/workspace/worktrees/gpgpu-sim-ep-l2/src/cuda-sim/ptxinfo.l:45:57: note: length computed here
   45 | #define TC if( (yylineno == 1) && (ptxinfo->col + strlen(yytext) < LINEBUF_SIZE) ) { \
      |                                                   ~~~~~~^~~~~~~~
/workspace/worktrees/gpgpu-sim-ep-l2/src/cuda-sim/ptxinfo.l:55:1: note: in expansion of macro ‘TC’
   55 | "warning"[^\n]* TC; return WARNING;
      | ^~
In file included from /usr/include/string.h:535,
                 from /workspace/worktrees/gpgpu-sim-ep-l2/build/src/cuda-sim/lex.ptxinfo_.c:243:
In function ‘char* strncpy(char*, const char*, size_t)’,
    inlined from ‘int ptxinfo_lex(YYSTYPE*, yyscan_t, ptxinfo_data*)’ at /workspace/worktrees/gpgpu-sim-ep-l2/src/cuda-sim/ptxinfo.l:79:1:
/usr/include/x86_64-linux-gnu/bits/string_fortified.h:95:34: warning: ‘char* __builtin_strncpy(char*, const char*, long unsigned int)’ specified bound depends on the length of the source argument [-Wstringop-truncation]
   95 |   return __builtin___strncpy_chk (__dest, __src, __len,
      |          ~~~~~~~~~~~~~~~~~~~~~~~~^~~~~~~~~~~~~~~~~~~~~~
   96 |                                   __glibc_objsize (__dest));
      |                                   ~~~~~~~~~~~~~~~~~~~~~~~~~
/workspace/worktrees/gpgpu-sim-ep-l2/src/cuda-sim/ptxinfo.l: In function ‘int ptxinfo_lex(YYSTYPE*, yyscan_t, ptxinfo_data*)’:
/workspace/worktrees/gpgpu-sim-ep-l2/src/cuda-sim/ptxinfo.l:45:57: note: length computed here
   45 | #define TC if( (yylineno == 1) && (ptxinfo->col + strlen(yytext) < LINEBUF_SIZE) ) { \
      |                                                   ~~~~~~^~~~~~~~
/workspace/worktrees/gpgpu-sim-ep-l2/src/cuda-sim/ptxinfo.l:55:1: note: in expansion of macro ‘TC’
   55 | "warning"[^\n]* TC; return WARNING;
      | ^~
In file included from /usr/include/string.h:535,
                 from /workspace/worktrees/gpgpu-sim-ep-l2/build/src/cuda-sim/lex.ptxinfo_.c:243:
In function ‘char* strncpy(char*, const char*, size_t)’,
    inlined from ‘int ptxinfo_lex(YYSTYPE*, yyscan_t, ptxinfo_data*)’ at /workspace/worktrees/gpgpu-sim-ep-l2/src/cuda-sim/ptxinfo.l:77:1:
/usr/include/x86_64-linux-gnu/bits/string_fortified.h:95:34: warning: ‘char* __builtin_strncpy(char*, const char*, long unsigned int)’ specified bound depends on the length of the source argument [-Wstringop-truncation]
   95 |   return __builtin___strncpy_chk (__dest, __src, __len,
      |          ~~~~~~~~~~~~~~~~~~~~~~~~^~~~~~~~~~~~~~~~~~~~~~
   96 |                                   __glibc_objsize (__dest));
      |                                   ~~~~~~~~~~~~~~~~~~~~~~~~~
/workspace/worktrees/gpgpu-sim-ep-l2/src/cuda-sim/ptxinfo.l: In function ‘int ptxinfo_lex(YYSTYPE*, yyscan_t, ptxinfo_data*)’:
/workspace/worktrees/gpgpu-sim-ep-l2/src/cuda-sim/ptxinfo.l:45:57: note: length computed here
   45 | #define TC if( (yylineno == 1) && (ptxinfo->col + strlen(yytext) < LINEBUF_SIZE) ) { \
      |                                                   ~~~~~~^~~~~~~~
/workspace/worktrees/gpgpu-sim-ep-l2/src/cuda-sim/ptxinfo.l:55:1: note: in expansion of macro ‘TC’
   55 | "warning"[^\n]* TC; return WARNING;
      | ^~
In file included from /usr/include/string.h:535,
                 from /workspace/worktrees/gpgpu-sim-ep-l2/build/src/cuda-sim/lex.ptxinfo_.c:243:
In function ‘char* strncpy(char*, const char*, size_t)’,
    inlined from ‘int ptxinfo_lex(YYSTYPE*, yyscan_t, ptxinfo_data*)’ at /workspace/worktrees/gpgpu-sim-ep-l2/src/cuda-sim/ptxinfo.l:76:1:
/usr/include/x86_64-linux-gnu/bits/string_fortified.h:95:34: warning: ‘char* __builtin_strncpy(char*, const char*, long unsigned int)’ specified bound depends on the length of the source argument [-Wstringop-truncation]
   95 |   return __builtin___strncpy_chk (__dest, __src, __len,
      |          ~~~~~~~~~~~~~~~~~~~~~~~~^~~~~~~~~~~~~~~~~~~~~~
   96 |                                   __glibc_objsize (__dest));
      |                                   ~~~~~~~~~~~~~~~~~~~~~~~~~
/workspace/worktrees/gpgpu-sim-ep-l2/src/cuda-sim/ptxinfo.l: In function ‘int ptxinfo_lex(YYSTYPE*, yyscan_t, ptxinfo_data*)’:
/workspace/worktrees/gpgpu-sim-ep-l2/src/cuda-sim/ptxinfo.l:45:57: note: length computed here
   45 | #define TC if( (yylineno == 1) && (ptxinfo->col + strlen(yytext) < LINEBUF_SIZE) ) { \
      |                                                   ~~~~~~^~~~~~~~
/workspace/worktrees/gpgpu-sim-ep-l2/src/cuda-sim/ptxinfo.l:55:1: note: in expansion of macro ‘TC’
   55 | "warning"[^\n]* TC; return WARNING;
      | ^~
In file included from /usr/include/string.h:535,
                 from /workspace/worktrees/gpgpu-sim-ep-l2/build/src/cuda-sim/lex.ptxinfo_.c:243:
In function ‘char* strncpy(char*, const char*, size_t)’,
    inlined from ‘int ptxinfo_lex(YYSTYPE*, yyscan_t, ptxinfo_data*)’ at /workspace/worktrees/gpgpu-sim-ep-l2/src/cuda-sim/ptxinfo.l:75:1:
/usr/include/x86_64-linux-gnu/bits/string_fortified.h:95:34: warning: ‘char* __builtin_strncpy(char*, const char*, long unsigned int)’ specified bound depends on the length of the source argument [-Wstringop-truncation]
   95 |   return __builtin___strncpy_chk (__dest, __src, __len,
      |          ~~~~~~~~~~~~~~~~~~~~~~~~^~~~~~~~~~~~~~~~~~~~~~
   96 |                                   __glibc_objsize (__dest));
      |                                   ~~~~~~~~~~~~~~~~~~~~~~~~~
/workspace/worktrees/gpgpu-sim-ep-l2/src/cuda-sim/ptxinfo.l: In function ‘int ptxinfo_lex(YYSTYPE*, yyscan_t, ptxinfo_data*)’:
/workspace/worktrees/gpgpu-sim-ep-l2/src/cuda-sim/ptxinfo.l:45:57: note: length computed here
   45 | #define TC if( (yylineno == 1) && (ptxinfo->col + strlen(yytext) < LINEBUF_SIZE) ) { \
      |                                                   ~~~~~~^~~~~~~~
/workspace/worktrees/gpgpu-sim-ep-l2/src/cuda-sim/ptxinfo.l:55:1: note: in expansion of macro ‘TC’
   55 | "warning"[^\n]* TC; return WARNING;
      | ^~
In file included from /usr/include/string.h:535,
                 from /workspace/worktrees/gpgpu-sim-ep-l2/build/src/cuda-sim/lex.ptxinfo_.c:243:
In function ‘char* strncpy(char*, const char*, size_t)’,
    inlined from ‘int ptxinfo_lex(YYSTYPE*, yyscan_t, ptxinfo_data*)’ at /workspace/worktrees/gpgpu-sim-ep-l2/src/cuda-sim/ptxinfo.l:74:1:
/usr/include/x86_64-linux-gnu/bits/string_fortified.h:95:34: warning: ‘char* __builtin_strncpy(char*, const char*, long unsigned int)’ specified bound depends on the length of the source argument [-Wstringop-truncation]
   95 |   return __builtin___strncpy_chk (__dest, __src, __len,
      |          ~~~~~~~~~~~~~~~~~~~~~~~~^~~~~~~~~~~~~~~~~~~~~~
   96 |                                   __glibc_objsize (__dest));
      |                                   ~~~~~~~~~~~~~~~~~~~~~~~~~
/workspace/worktrees/gpgpu-sim-ep-l2/src/cuda-sim/ptxinfo.l: In function ‘int ptxinfo_lex(YYSTYPE*, yyscan_t, ptxinfo_data*)’:
/workspace/worktrees/gpgpu-sim-ep-l2/src/cuda-sim/ptxinfo.l:45:57: note: length computed here
   45 | #define TC if( (yylineno == 1) && (ptxinfo->col + strlen(yytext) < LINEBUF_SIZE) ) { \
      |                                                   ~~~~~~^~~~~~~~
/workspace/worktrees/gpgpu-sim-ep-l2/src/cuda-sim/ptxinfo.l:55:1: note: in expansion of macro ‘TC’
   55 | "warning"[^\n]* TC; return WARNING;
      | ^~
In file included from /usr/include/string.h:535,
                 from /workspace/worktrees/gpgpu-sim-ep-l2/build/src/cuda-sim/lex.ptxinfo_.c:243:
In function ‘char* strncpy(char*, const char*, size_t)’,
    inlined from ‘int ptxinfo_lex(YYSTYPE*, yyscan_t, ptxinfo_data*)’ at /workspace/worktrees/gpgpu-sim-ep-l2/src/cuda-sim/ptxinfo.l:73:1:
/usr/include/x86_64-linux-gnu/bits/string_fortified.h:95:34: warning: ‘char* __builtin_strncpy(char*, const char*, long unsigned int)’ specified bound depends on the length of the source argument [-Wstringop-truncation]
   95 |   return __builtin___strncpy_chk (__dest, __src, __len,
      |          ~~~~~~~~~~~~~~~~~~~~~~~~^~~~~~~~~~~~~~~~~~~~~~
   96 |                                   __glibc_objsize (__dest));
      |                                   ~~~~~~~~~~~~~~~~~~~~~~~~~
/workspace/worktrees/gpgpu-sim-ep-l2/src/cuda-sim/ptxinfo.l: In function ‘int ptxinfo_lex(YYSTYPE*, yyscan_t, ptxinfo_data*)’:
/workspace/worktrees/gpgpu-sim-ep-l2/src/cuda-sim/ptxinfo.l:45:57: note: length computed here
   45 | #define TC if( (yylineno == 1) && (ptxinfo->col + strlen(yytext) < LINEBUF_SIZE) ) { \
      |                                                   ~~~~~~^~~~~~~~
/workspace/worktrees/gpgpu-sim-ep-l2/src/cuda-sim/ptxinfo.l:55:1: note: in expansion of macro ‘TC’
   55 | "warning"[^\n]* TC; return WARNING;
      | ^~
In file included from /usr/include/string.h:535,
                 from /workspace/worktrees/gpgpu-sim-ep-l2/build/src/cuda-sim/lex.ptxinfo_.c:243:
In function ‘char* strncpy(char*, const char*, size_t)’,
    inlined from ‘int ptxinfo_lex(YYSTYPE*, yyscan_t, ptxinfo_data*)’ at /workspace/worktrees/gpgpu-sim-ep-l2/src/cuda-sim/ptxinfo.l:72:1:
/usr/include/x86_64-linux-gnu/bits/string_fortified.h:95:34: warning: ‘char* __builtin_strncpy(char*, const char*, long unsigned int)’ specified bound depends on the length of the source argument [-Wstringop-truncation]
   95 |   return __builtin___strncpy_chk (__dest, __src, __len,
      |          ~~~~~~~~~~~~~~~~~~~~~~~~^~~~~~~~~~~~~~~~~~~~~~
   96 |                                   __glibc_objsize (__dest));
      |                                   ~~~~~~~~~~~~~~~~~~~~~~~~~
/workspace/worktrees/gpgpu-sim-ep-l2/src/cuda-sim/ptxinfo.l: In function ‘int ptxinfo_lex(YYSTYPE*, yyscan_t, ptxinfo_data*)’:
/workspace/worktrees/gpgpu-sim-ep-l2/src/cuda-sim/ptxinfo.l:45:57: note: length computed here
   45 | #define TC if( (yylineno == 1) && (ptxinfo->col + strlen(yytext) < LINEBUF_SIZE) ) { \
      |                                                   ~~~~~~^~~~~~~~
/workspace/worktrees/gpgpu-sim-ep-l2/src/cuda-sim/ptxinfo.l:55:1: note: in expansion of macro ‘TC’
   55 | "warning"[^\n]* TC; return WARNING;
      | ^~
In file included from /usr/include/string.h:535,
                 from /workspace/worktrees/gpgpu-sim-ep-l2/build/src/cuda-sim/lex.ptxinfo_.c:243:
In function ‘char* strncpy(char*, const char*, size_t)’,
    inlined from ‘int ptxinfo_lex(YYSTYPE*, yyscan_t, ptxinfo_data*)’ at /workspace/worktrees/gpgpu-sim-ep-l2/src/cuda-sim/ptxinfo.l:71:1:
/usr/include/x86_64-linux-gnu/bits/string_fortified.h:95:34: warning: ‘char* __builtin_strncpy(char*, const char*, long unsigned int)’ specified bound depends on the length of the source argument [-Wstringop-truncation]
   95 |   return __builtin___strncpy_chk (__dest, __src, __len,
      |          ~~~~~~~~~~~~~~~~~~~~~~~~^~~~~~~~~~~~~~~~~~~~~~
   96 |                                   __glibc_objsize (__dest));
      |                                   ~~~~~~~~~~~~~~~~~~~~~~~~~
/workspace/worktrees/gpgpu-sim-ep-l2/src/cuda-sim/ptxinfo.l: In function ‘int ptxinfo_lex(YYSTYPE*, yyscan_t, ptxinfo_data*)’:
/workspace/worktrees/gpgpu-sim-ep-l2/src/cuda-sim/ptxinfo.l:45:57: note: length computed here
   45 | #define TC if( (yylineno == 1) && (ptxinfo->col + strlen(yytext) < LINEBUF_SIZE) ) { \
      |                                                   ~~~~~~^~~~~~~~
/workspace/worktrees/gpgpu-sim-ep-l2/src/cuda-sim/ptxinfo.l:55:1: note: in expansion of macro ‘TC’
   55 | "warning"[^\n]* TC; return WARNING;
      | ^~
In file included from /usr/include/string.h:535,
                 from /workspace/worktrees/gpgpu-sim-ep-l2/build/src/cuda-sim/lex.ptxinfo_.c:243:
In function ‘char* strncpy(char*, const char*, size_t)’,
    inlined from ‘int ptxinfo_lex(YYSTYPE*, yyscan_t, ptxinfo_data*)’ at /workspace/worktrees/gpgpu-sim-ep-l2/src/cuda-sim/ptxinfo.l:70:1:
/usr/include/x86_64-linux-gnu/bits/string_fortified.h:95:34: warning: ‘char* __builtin_strncpy(char*, const char*, long unsigned int)’ specified bound depends on the length of the source argument [-Wstringop-truncation]
   95 |   return __builtin___strncpy_chk (__dest, __src, __len,
      |          ~~~~~~~~~~~~~~~~~~~~~~~~^~~~~~~~~~~~~~~~~~~~~~
   96 |                                   __glibc_objsize (__dest));
      |                                   ~~~~~~~~~~~~~~~~~~~~~~~~~
/workspace/worktrees/gpgpu-sim-ep-l2/src/cuda-sim/ptxinfo.l: In function ‘int ptxinfo_lex(YYSTYPE*, yyscan_t, ptxinfo_data*)’:
/workspace/worktrees/gpgpu-sim-ep-l2/src/cuda-sim/ptxinfo.l:45:57: note: length computed here
   45 | #define TC if( (yylineno == 1) && (ptxinfo->col + strlen(yytext) < LINEBUF_SIZE) ) { \
      |                                                   ~~~~~~^~~~~~~~
/workspace/worktrees/gpgpu-sim-ep-l2/src/cuda-sim/ptxinfo.l:55:1: note: in expansion of macro ‘TC’
   55 | "warning"[^\n]* TC; return WARNING;
      | ^~
In file included from /usr/include/string.h:535,
                 from /workspace/worktrees/gpgpu-sim-ep-l2/build/src/cuda-sim/lex.ptxinfo_.c:243:
In function ‘char* strncpy(char*, const char*, size_t)’,
    inlined from ‘int ptxinfo_lex(YYSTYPE*, yyscan_t, ptxinfo_data*)’ at /workspace/worktrees/gpgpu-sim-ep-l2/src/cuda-sim/ptxinfo.l:69:1:
/usr/include/x86_64-linux-gnu/bits/string_fortified.h:95:34: warning: ‘char* __builtin_strncpy(char*, const char*, long unsigned int)’ specified bound depends on the length of the source argument [-Wstringop-truncation]
   95 |   return __builtin___strncpy_chk (__dest, __src, __len,
      |          ~~~~~~~~~~~~~~~~~~~~~~~~^~~~~~~~~~~~~~~~~~~~~~
   96 |                                   __glibc_objsize (__dest));
      |                                   ~~~~~~~~~~~~~~~~~~~~~~~~~
/workspace/worktrees/gpgpu-sim-ep-l2/src/cuda-sim/ptxinfo.l: In function ‘int ptxinfo_lex(YYSTYPE*, yyscan_t, ptxinfo_data*)’:
/workspace/worktrees/gpgpu-sim-ep-l2/src/cuda-sim/ptxinfo.l:45:57: note: length computed here
   45 | #define TC if( (yylineno == 1) && (ptxinfo->col + strlen(yytext) < LINEBUF_SIZE) ) { \
      |                                                   ~~~~~~^~~~~~~~
/workspace/worktrees/gpgpu-sim-ep-l2/src/cuda-sim/ptxinfo.l:55:1: note: in expansion of macro ‘TC’
   55 | "warning"[^\n]* TC; return WARNING;
      | ^~
In file included from /usr/include/string.h:535,
                 from /workspace/worktrees/gpgpu-sim-ep-l2/build/src/cuda-sim/lex.ptxinfo_.c:243:
In function ‘char* strncpy(char*, const char*, size_t)’,
    inlined from ‘int ptxinfo_lex(YYSTYPE*, yyscan_t, ptxinfo_data*)’ at /workspace/worktrees/gpgpu-sim-ep-l2/src/cuda-sim/ptxinfo.l:68:1:
/usr/include/x86_64-linux-gnu/bits/string_fortified.h:95:34: warning: ‘char* __builtin_strncpy(char*, const char*, long unsigned int)’ specified bound depends on the length of the source argument [-Wstringop-truncation]
   95 |   return __builtin___strncpy_chk (__dest, __src, __len,
      |          ~~~~~~~~~~~~~~~~~~~~~~~~^~~~~~~~~~~~~~~~~~~~~~
   96 |                                   __glibc_objsize (__dest));
      |                                   ~~~~~~~~~~~~~~~~~~~~~~~~~
/workspace/worktrees/gpgpu-sim-ep-l2/src/cuda-sim/ptxinfo.l: In function ‘int ptxinfo_lex(YYSTYPE*, yyscan_t, ptxinfo_data*)’:
/workspace/worktrees/gpgpu-sim-ep-l2/src/cuda-sim/ptxinfo.l:45:57: note: length computed here
   45 | #define TC if( (yylineno == 1) && (ptxinfo->col + strlen(yytext) < LINEBUF_SIZE) ) { \
      |                                                   ~~~~~~^~~~~~~~
/workspace/worktrees/gpgpu-sim-ep-l2/src/cuda-sim/ptxinfo.l:55:1: note: in expansion of macro ‘TC’
   55 | "warning"[^\n]* TC; return WARNING;
      | ^~
In file included from /usr/include/string.h:535,
                 from /workspace/worktrees/gpgpu-sim-ep-l2/build/src/cuda-sim/lex.ptxinfo_.c:243:
In function ‘char* strncpy(char*, const char*, size_t)’,
    inlined from ‘int ptxinfo_lex(YYSTYPE*, yyscan_t, ptxinfo_data*)’ at /workspace/worktrees/gpgpu-sim-ep-l2/src/cuda-sim/ptxinfo.l:67:1:
/usr/include/x86_64-linux-gnu/bits/string_fortified.h:95:34: warning: ‘char* __builtin_strncpy(char*, const char*, long unsigned int)’ specified bound depends on the length of the source argument [-Wstringop-truncation]
   95 |   return __builtin___strncpy_chk (__dest, __src, __len,
      |          ~~~~~~~~~~~~~~~~~~~~~~~~^~~~~~~~~~~~~~~~~~~~~~
   96 |                                   __glibc_objsize (__dest));
      |                                   ~~~~~~~~~~~~~~~~~~~~~~~~~
/workspace/worktrees/gpgpu-sim-ep-l2/src/cuda-sim/ptxinfo.l: In function ‘int ptxinfo_lex(YYSTYPE*, yyscan_t, ptxinfo_data*)’:
/workspace/worktrees/gpgpu-sim-ep-l2/src/cuda-sim/ptxinfo.l:45:57: note: length computed here
   45 | #define TC if( (yylineno == 1) && (ptxinfo->col + strlen(yytext) < LINEBUF_SIZE) ) { \
      |                                                   ~~~~~~^~~~~~~~
/workspace/worktrees/gpgpu-sim-ep-l2/src/cuda-sim/ptxinfo.l:55:1: note: in expansion of macro ‘TC’
   55 | "warning"[^\n]* TC; return WARNING;
      | ^~
In file included from /usr/include/string.h:535,
                 from /workspace/worktrees/gpgpu-sim-ep-l2/build/src/cuda-sim/lex.ptxinfo_.c:243:
In function ‘char* strncpy(char*, const char*, size_t)’,
    inlined from ‘int ptxinfo_lex(YYSTYPE*, yyscan_t, ptxinfo_data*)’ at /workspace/worktrees/gpgpu-sim-ep-l2/src/cuda-sim/ptxinfo.l:66:1:
/usr/include/x86_64-linux-gnu/bits/string_fortified.h:95:34: warning: ‘char* __builtin_strncpy(char*, const char*, long unsigned int)’ specified bound depends on the length of the source argument [-Wstringop-truncation]
   95 |   return __builtin___strncpy_chk (__dest, __src, __len,
      |          ~~~~~~~~~~~~~~~~~~~~~~~~^~~~~~~~~~~~~~~~~~~~~~
   96 |                                   __glibc_objsize (__dest));
      |                                   ~~~~~~~~~~~~~~~~~~~~~~~~~
/workspace/worktrees/gpgpu-sim-ep-l2/src/cuda-sim/ptxinfo.l: In function ‘int ptxinfo_lex(YYSTYPE*, yyscan_t, ptxinfo_data*)’:
/workspace/worktrees/gpgpu-sim-ep-l2/src/cuda-sim/ptxinfo.l:45:57: note: length computed here
   45 | #define TC if( (yylineno == 1) && (ptxinfo->col + strlen(yytext) < LINEBUF_SIZE) ) { \
      |                                                   ~~~~~~^~~~~~~~
/workspace/worktrees/gpgpu-sim-ep-l2/src/cuda-sim/ptxinfo.l:55:1: note: in expansion of macro ‘TC’
   55 | "warning"[^\n]* TC; return WARNING;
      | ^~
In file included from /usr/include/string.h:535,
                 from /workspace/worktrees/gpgpu-sim-ep-l2/build/src/cuda-sim/lex.ptxinfo_.c:243:
In function ‘char* strncpy(char*, const char*, size_t)’,
    inlined from ‘int ptxinfo_lex(YYSTYPE*, yyscan_t, ptxinfo_data*)’ at /workspace/worktrees/gpgpu-sim-ep-l2/src/cuda-sim/ptxinfo.l:65:1:
/usr/include/x86_64-linux-gnu/bits/string_fortified.h:95:34: warning: ‘char* __builtin_strncpy(char*, const char*, long unsigned int)’ specified bound depends on the length of the source argument [-Wstringop-truncation]
   95 |   return __builtin___strncpy_chk (__dest, __src, __len,
      |          ~~~~~~~~~~~~~~~~~~~~~~~~^~~~~~~~~~~~~~~~~~~~~~
   96 |                                   __glibc_objsize (__dest));
      |                                   ~~~~~~~~~~~~~~~~~~~~~~~~~
/workspace/worktrees/gpgpu-sim-ep-l2/src/cuda-sim/ptxinfo.l: In function ‘int ptxinfo_lex(YYSTYPE*, yyscan_t, ptxinfo_data*)’:
/workspace/worktrees/gpgpu-sim-ep-l2/src/cuda-sim/ptxinfo.l:45:57: note: length computed here
   45 | #define TC if( (yylineno == 1) && (ptxinfo->col + strlen(yytext) < LINEBUF_SIZE) ) { \
      |                                                   ~~~~~~^~~~~~~~
/workspace/worktrees/gpgpu-sim-ep-l2/src/cuda-sim/ptxinfo.l:55:1: note: in expansion of macro ‘TC’
   55 | "warning"[^\n]* TC; return WARNING;
      | ^~
In file included from /usr/include/string.h:535,
                 from /workspace/worktrees/gpgpu-sim-ep-l2/build/src/cuda-sim/lex.ptxinfo_.c:243:
In function ‘char* strncpy(char*, const char*, size_t)’,
    inlined from ‘int ptxinfo_lex(YYSTYPE*, yyscan_t, ptxinfo_data*)’ at /workspace/worktrees/gpgpu-sim-ep-l2/src/cuda-sim/ptxinfo.l:64:1:
/usr/include/x86_64-linux-gnu/bits/string_fortified.h:95:34: warning: ‘char* __builtin_strncpy(char*, const char*, long unsigned int)’ specified bound depends on the length of the source argument [-Wstringop-truncation]
   95 |   return __builtin___strncpy_chk (__dest, __src, __len,
      |          ~~~~~~~~~~~~~~~~~~~~~~~~^~~~~~~~~~~~~~~~~~~~~~
   96 |                                   __glibc_objsize (__dest));
      |                                   ~~~~~~~~~~~~~~~~~~~~~~~~~
/workspace/worktrees/gpgpu-sim-ep-l2/src/cuda-sim/ptxinfo.l: In function ‘int ptxinfo_lex(YYSTYPE*, yyscan_t, ptxinfo_data*)’:
/workspace/worktrees/gpgpu-sim-ep-l2/src/cuda-sim/ptxinfo.l:45:57: note: length computed here
   45 | #define TC if( (yylineno == 1) && (ptxinfo->col + strlen(yytext) < LINEBUF_SIZE) ) { \
      |                                                   ~~~~~~^~~~~~~~
/workspace/worktrees/gpgpu-sim-ep-l2/src/cuda-sim/ptxinfo.l:55:1: note: in expansion of macro ‘TC’
   55 | "warning"[^\n]* TC; return WARNING;
      | ^~
In file included from /usr/include/string.h:535,
                 from /workspace/worktrees/gpgpu-sim-ep-l2/build/src/cuda-sim/lex.ptxinfo_.c:243:
In function ‘char* strncpy(char*, const char*, size_t)’,
    inlined from ‘int ptxinfo_lex(YYSTYPE*, yyscan_t, ptxinfo_data*)’ at /workspace/worktrees/gpgpu-sim-ep-l2/src/cuda-sim/ptxinfo.l:63:1:
/usr/include/x86_64-linux-gnu/bits/string_fortified.h:95:34: warning: ‘char* __builtin_strncpy(char*, const char*, long unsigned int)’ specified bound depends on the length of the source argument [-Wstringop-truncation]
   95 |   return __builtin___strncpy_chk (__dest, __src, __len,
      |          ~~~~~~~~~~~~~~~~~~~~~~~~^~~~~~~~~~~~~~~~~~~~~~
   96 |                                   __glibc_objsize (__dest));
      |                                   ~~~~~~~~~~~~~~~~~~~~~~~~~
/workspace/worktrees/gpgpu-sim-ep-l2/src/cuda-sim/ptxinfo.l: In function ‘int ptxinfo_lex(YYSTYPE*, yyscan_t, ptxinfo_data*)’:
/workspace/worktrees/gpgpu-sim-ep-l2/src/cuda-sim/ptxinfo.l:45:57: note: length computed here
   45 | #define TC if( (yylineno == 1) && (ptxinfo->col + strlen(yytext) < LINEBUF_SIZE) ) { \
      |                                                   ~~~~~~^~~~~~~~
/workspace/worktrees/gpgpu-sim-ep-l2/src/cuda-sim/ptxinfo.l:55:1: note: in expansion of macro ‘TC’
   55 | "warning"[^\n]* TC; return WARNING;
      | ^~
In file included from /usr/include/string.h:535,
                 from /workspace/worktrees/gpgpu-sim-ep-l2/build/src/cuda-sim/lex.ptxinfo_.c:243:
In function ‘char* strncpy(char*, const char*, size_t)’,
    inlined from ‘int ptxinfo_lex(YYSTYPE*, yyscan_t, ptxinfo_data*)’ at /workspace/worktrees/gpgpu-sim-ep-l2/src/cuda-sim/ptxinfo.l:62:1:
/usr/include/x86_64-linux-gnu/bits/string_fortified.h:95:34: warning: ‘char* __builtin_strncpy(char*, const char*, long unsigned int)’ specified bound depends on the length of the source argument [-Wstringop-truncation]
   95 |   return __builtin___strncpy_chk (__dest, __src, __len,
      |          ~~~~~~~~~~~~~~~~~~~~~~~~^~~~~~~~~~~~~~~~~~~~~~
   96 |                                   __glibc_objsize (__dest));
      |                                   ~~~~~~~~~~~~~~~~~~~~~~~~~
/workspace/worktrees/gpgpu-sim-ep-l2/src/cuda-sim/ptxinfo.l: In function ‘int ptxinfo_lex(YYSTYPE*, yyscan_t, ptxinfo_data*)’:
/workspace/worktrees/gpgpu-sim-ep-l2/src/cuda-sim/ptxinfo.l:45:57: note: length computed here
   45 | #define TC if( (yylineno == 1) && (ptxinfo->col + strlen(yytext) < LINEBUF_SIZE) ) { \
      |                                                   ~~~~~~^~~~~~~~
/workspace/worktrees/gpgpu-sim-ep-l2/src/cuda-sim/ptxinfo.l:55:1: note: in expansion of macro ‘TC’
   55 | "warning"[^\n]* TC; return WARNING;
      | ^~
In file included from /usr/include/string.h:535,
                 from /workspace/worktrees/gpgpu-sim-ep-l2/build/src/cuda-sim/lex.ptxinfo_.c:243:
In function ‘char* strncpy(char*, const char*, size_t)’,
    inlined from ‘int ptxinfo_lex(YYSTYPE*, yyscan_t, ptxinfo_data*)’ at /workspace/worktrees/gpgpu-sim-ep-l2/src/cuda-sim/ptxinfo.l:61:1:
/usr/include/x86_64-linux-gnu/bits/string_fortified.h:95:34: warning: ‘char* __builtin_strncpy(char*, const char*, long unsigned int)’ specified bound depends on the length of the source argument [-Wstringop-truncation]
   95 |   return __builtin___strncpy_chk (__dest, __src, __len,
      |          ~~~~~~~~~~~~~~~~~~~~~~~~^~~~~~~~~~~~~~~~~~~~~~
   96 |                                   __glibc_objsize (__dest));
      |                                   ~~~~~~~~~~~~~~~~~~~~~~~~~
/workspace/worktrees/gpgpu-sim-ep-l2/src/cuda-sim/ptxinfo.l: In function ‘int ptxinfo_lex(YYSTYPE*, yyscan_t, ptxinfo_data*)’:
/workspace/worktrees/gpgpu-sim-ep-l2/src/cuda-sim/ptxinfo.l:45:57: note: length computed here
   45 | #define TC if( (yylineno == 1) && (ptxinfo->col + strlen(yytext) < LINEBUF_SIZE) ) { \
      |                                                   ~~~~~~^~~~~~~~
/workspace/worktrees/gpgpu-sim-ep-l2/src/cuda-sim/ptxinfo.l:55:1: note: in expansion of macro ‘TC’
   55 | "warning"[^\n]* TC; return WARNING;
      | ^~
In file included from /usr/include/string.h:535,
                 from /workspace/worktrees/gpgpu-sim-ep-l2/build/src/cuda-sim/lex.ptxinfo_.c:243:
In function ‘char* strncpy(char*, const char*, size_t)’,
    inlined from ‘int ptxinfo_lex(YYSTYPE*, yyscan_t, ptxinfo_data*)’ at /workspace/worktrees/gpgpu-sim-ep-l2/src/cuda-sim/ptxinfo.l:60:1:
/usr/include/x86_64-linux-gnu/bits/string_fortified.h:95:34: warning: ‘char* __builtin_strncpy(char*, const char*, long unsigned int)’ specified bound depends on the length of the source argument [-Wstringop-truncation]
   95 |   return __builtin___strncpy_chk (__dest, __src, __len,
      |          ~~~~~~~~~~~~~~~~~~~~~~~~^~~~~~~~~~~~~~~~~~~~~~
   96 |                                   __glibc_objsize (__dest));
      |                                   ~~~~~~~~~~~~~~~~~~~~~~~~~
/workspace/worktrees/gpgpu-sim-ep-l2/src/cuda-sim/ptxinfo.l: In function ‘int ptxinfo_lex(YYSTYPE*, yyscan_t, ptxinfo_data*)’:
/workspace/worktrees/gpgpu-sim-ep-l2/src/cuda-sim/ptxinfo.l:45:57: note: length computed here
   45 | #define TC if( (yylineno == 1) && (ptxinfo->col + strlen(yytext) < LINEBUF_SIZE) ) { \
      |                                                   ~~~~~~^~~~~~~~
/workspace/worktrees/gpgpu-sim-ep-l2/src/cuda-sim/ptxinfo.l:55:1: note: in expansion of macro ‘TC’
   55 | "warning"[^\n]* TC; return WARNING;
      | ^~
In file included from /usr/include/string.h:535,
                 from /workspace/worktrees/gpgpu-sim-ep-l2/build/src/cuda-sim/lex.ptxinfo_.c:243:
In function ‘char* strncpy(char*, const char*, size_t)’,
    inlined from ‘int ptxinfo_lex(YYSTYPE*, yyscan_t, ptxinfo_data*)’ at /workspace/worktrees/gpgpu-sim-ep-l2/src/cuda-sim/ptxinfo.l:59:1:
/usr/include/x86_64-linux-gnu/bits/string_fortified.h:95:34: warning: ‘char* __builtin_strncpy(char*, const char*, long unsigned int)’ specified bound depends on the length of the source argument [-Wstringop-truncation]
   95 |   return __builtin___strncpy_chk (__dest, __src, __len,
      |          ~~~~~~~~~~~~~~~~~~~~~~~~^~~~~~~~~~~~~~~~~~~~~~
   96 |                                   __glibc_objsize (__dest));
      |                                   ~~~~~~~~~~~~~~~~~~~~~~~~~
/workspace/worktrees/gpgpu-sim-ep-l2/src/cuda-sim/ptxinfo.l: In function ‘int ptxinfo_lex(YYSTYPE*, yyscan_t, ptxinfo_data*)’:
/workspace/worktrees/gpgpu-sim-ep-l2/src/cuda-sim/ptxinfo.l:45:57: note: length computed here
   45 | #define TC if( (yylineno == 1) && (ptxinfo->col + strlen(yytext) < LINEBUF_SIZE) ) { \
      |                                                   ~~~~~~^~~~~~~~
/workspace/worktrees/gpgpu-sim-ep-l2/src/cuda-sim/ptxinfo.l:55:1: note: in expansion of macro ‘TC’
   55 | "warning"[^\n]* TC; return WARNING;
      | ^~
In file included from /usr/include/string.h:535,
                 from /workspace/worktrees/gpgpu-sim-ep-l2/build/src/cuda-sim/lex.ptxinfo_.c:243:
In function ‘char* strncpy(char*, const char*, size_t)’,
    inlined from ‘int ptxinfo_lex(YYSTYPE*, yyscan_t, ptxinfo_data*)’ at /workspace/worktrees/gpgpu-sim-ep-l2/src/cuda-sim/ptxinfo.l:58:1:
/usr/include/x86_64-linux-gnu/bits/string_fortified.h:95:34: warning: ‘char* __builtin_strncpy(char*, const char*, long unsigned int)’ specified bound depends on the length of the source argument [-Wstringop-truncation]
   95 |   return __builtin___strncpy_chk (__dest, __src, __len,
      |          ~~~~~~~~~~~~~~~~~~~~~~~~^~~~~~~~~~~~~~~~~~~~~~
   96 |                                   __glibc_objsize (__dest));
      |                                   ~~~~~~~~~~~~~~~~~~~~~~~~~
/workspace/worktrees/gpgpu-sim-ep-l2/src/cuda-sim/ptxinfo.l: In function ‘int ptxinfo_lex(YYSTYPE*, yyscan_t, ptxinfo_data*)’:
/workspace/worktrees/gpgpu-sim-ep-l2/src/cuda-sim/ptxinfo.l:45:57: note: length computed here
   45 | #define TC if( (yylineno == 1) && (ptxinfo->col + strlen(yytext) < LINEBUF_SIZE) ) { \
      |                                                   ~~~~~~^~~~~~~~
/workspace/worktrees/gpgpu-sim-ep-l2/src/cuda-sim/ptxinfo.l:55:1: note: in expansion of macro ‘TC’
   55 | "warning"[^\n]* TC; return WARNING;
      | ^~
In file included from /usr/include/string.h:535,
                 from /workspace/worktrees/gpgpu-sim-ep-l2/build/src/cuda-sim/lex.ptxinfo_.c:243:
In function ‘char* strncpy(char*, const char*, size_t)’,
    inlined from ‘int ptxinfo_lex(YYSTYPE*, yyscan_t, ptxinfo_data*)’ at /workspace/worktrees/gpgpu-sim-ep-l2/src/cuda-sim/ptxinfo.l:57:1:
/usr/include/x86_64-linux-gnu/bits/string_fortified.h:95:34: warning: ‘char* __builtin_strncpy(char*, const char*, long unsigned int)’ specified bound depends on the length of the source argument [-Wstringop-truncation]
   95 |   return __builtin___strncpy_chk (__dest, __src, __len,
      |          ~~~~~~~~~~~~~~~~~~~~~~~~^~~~~~~~~~~~~~~~~~~~~~
   96 |                                   __glibc_objsize (__dest));
      |                                   ~~~~~~~~~~~~~~~~~~~~~~~~~
/workspace/worktrees/gpgpu-sim-ep-l2/src/cuda-sim/ptxinfo.l: In function ‘int ptxinfo_lex(YYSTYPE*, yyscan_t, ptxinfo_data*)’:
/workspace/worktrees/gpgpu-sim-ep-l2/src/cuda-sim/ptxinfo.l:45:57: note: length computed here
   45 | #define TC if( (yylineno == 1) && (ptxinfo->col + strlen(yytext) < LINEBUF_SIZE) ) { \
      |                                                   ~~~~~~^~~~~~~~
/workspace/worktrees/gpgpu-sim-ep-l2/src/cuda-sim/ptxinfo.l:55:1: note: in expansion of macro ‘TC’
   55 | "warning"[^\n]* TC; return WARNING;
      | ^~
In file included from /usr/include/string.h:535,
                 from /workspace/worktrees/gpgpu-sim-ep-l2/build/src/cuda-sim/lex.ptxinfo_.c:243:
In function ‘char* strncpy(char*, const char*, size_t)’,
    inlined from ‘int ptxinfo_lex(YYSTYPE*, yyscan_t, ptxinfo_data*)’ at /workspace/worktrees/gpgpu-sim-ep-l2/src/cuda-sim/ptxinfo.l:56:1:
/usr/include/x86_64-linux-gnu/bits/string_fortified.h:95:34: warning: ‘char* __builtin_strncpy(char*, const char*, long unsigned int)’ specified bound depends on the length of the source argument [-Wstringop-truncation]
   95 |   return __builtin___strncpy_chk (__dest, __src, __len,
      |          ~~~~~~~~~~~~~~~~~~~~~~~~^~~~~~~~~~~~~~~~~~~~~~
   96 |                                   __glibc_objsize (__dest));
      |                                   ~~~~~~~~~~~~~~~~~~~~~~~~~
/workspace/worktrees/gpgpu-sim-ep-l2/src/cuda-sim/ptxinfo.l: In function ‘int ptxinfo_lex(YYSTYPE*, yyscan_t, ptxinfo_data*)’:
/workspace/worktrees/gpgpu-sim-ep-l2/src/cuda-sim/ptxinfo.l:45:57: note: length computed here
   45 | #define TC if( (yylineno == 1) && (ptxinfo->col + strlen(yytext) < LINEBUF_SIZE) ) { \
      |                                                   ~~~~~~^~~~~~~~
/workspace/worktrees/gpgpu-sim-ep-l2/src/cuda-sim/ptxinfo.l:55:1: note: in expansion of macro ‘TC’
   55 | "warning"[^\n]* TC; return WARNING;
      | ^~
In file included from /usr/include/string.h:535,
                 from /workspace/worktrees/gpgpu-sim-ep-l2/build/src/cuda-sim/lex.ptxinfo_.c:243:
In function ‘char* strncpy(char*, const char*, size_t)’,
    inlined from ‘int ptxinfo_lex(YYSTYPE*, yyscan_t, ptxinfo_data*)’ at /workspace/worktrees/gpgpu-sim-ep-l2/src/cuda-sim/ptxinfo.l:55:1:
/usr/include/x86_64-linux-gnu/bits/string_fortified.h:95:34: warning: ‘char* __builtin_strncpy(char*, const char*, long unsigned int)’ specified bound depends on the length of the source argument [-Wstringop-truncation]
   95 |   return __builtin___strncpy_chk (__dest, __src, __len,
      |          ~~~~~~~~~~~~~~~~~~~~~~~~^~~~~~~~~~~~~~~~~~~~~~
   96 |                                   __glibc_objsize (__dest));
      |                                   ~~~~~~~~~~~~~~~~~~~~~~~~~
/workspace/worktrees/gpgpu-sim-ep-l2/src/cuda-sim/ptxinfo.l: In function ‘int ptxinfo_lex(YYSTYPE*, yyscan_t, ptxinfo_data*)’:
/workspace/worktrees/gpgpu-sim-ep-l2/src/cuda-sim/ptxinfo.l:45:57: note: length computed here
   45 | #define TC if( (yylineno == 1) && (ptxinfo->col + strlen(yytext) < LINEBUF_SIZE) ) { \
      |                                                   ~~~~~~^~~~~~~~
/workspace/worktrees/gpgpu-sim-ep-l2/src/cuda-sim/ptxinfo.l:55:1: note: in expansion of macro ‘TC’
   55 | "warning"[^\n]* TC; return WARNING;
      | ^~
In file included from /workspace/worktrees/gpgpu-sim-ep-l2/src/gpgpu-sim/gpu-sim.h:44,
                 from /workspace/worktrees/gpgpu-sim-ep-l2/src/gpgpu-sim/visualizer.cc:32:
/workspace/worktrees/gpgpu-sim-ep-l2/src/gpgpu-sim/gpu-cache.h: In constructor ‘l2_cache::l2_cache(const char*, cache_config&, int, int, mem_fetch_interface*, mem_fetch_allocator*, mem_fetch_status, gpgpu_sim*, cache_gpu_level)’:
/workspace/worktrees/gpgpu-sim-ep-l2/src/gpgpu-sim/gpu-cache.h:2306:23: warning: ‘l2_cache::m_ep_l2_payload’ will be initialized after [-Wreorder]
 2306 |   ep_l2_payload_store m_ep_l2_payload;
      |                       ^~~~~~~~~~~~~~~
/workspace/worktrees/gpgpu-sim-ep-l2/src/gpgpu-sim/gpu-cache.h:2304:22: warning:   ‘long long unsigned int l2_cache::m_ep_l2_wad_full_block_count’ [-Wreorder]
 2304 |   unsigned long long m_ep_l2_wad_full_block_count;
      |                      ^~~~~~~~~~~~~~~~~~~~~~~~~~~~
/workspace/worktrees/gpgpu-sim-ep-l2/src/gpgpu-sim/gpu-cache.h:2236:3: warning:   when initialized here [-Wreorder]
 2236 |   l2_cache(const char *name, cache_config &config, int core_id, int type_id,
      |   ^~~~~~~~
[ 91%] Linking CXX static library libptxsim.a
make[2]: Leaving directory '/workspace/worktrees/gpgpu-sim-ep-l2/build'
[ 94%] Built target ptxsim
[ 94%] Linking CXX static library libgpgpusim.a
make[2]: Leaving directory '/workspace/worktrees/gpgpu-sim-ep-l2/build'
[ 99%] Built target gpgpusim
make[2]: Entering directory '/workspace/worktrees/gpgpu-sim-ep-l2/build'
make[2]: Entering directory '/workspace/worktrees/gpgpu-sim-ep-l2/build'
make[2]: Leaving directory '/workspace/worktrees/gpgpu-sim-ep-l2/build'
make[2]: Leaving directory '/workspace/worktrees/gpgpu-sim-ep-l2/build'
make[2]: Entering directory '/workspace/worktrees/gpgpu-sim-ep-l2/build'
make[2]: Entering directory '/workspace/worktrees/gpgpu-sim-ep-l2/build'
[100%] Linking CXX shared library libcudart.so
[100%] Linking CXX static library libentrypoint.a
make[2]: Leaving directory '/workspace/worktrees/gpgpu-sim-ep-l2/build'
[100%] Built target entrypoint
make[2]: Leaving directory '/workspace/worktrees/gpgpu-sim-ep-l2/build'
[100%] Built target cudart
make[1]: Leaving directory '/workspace/worktrees/gpgpu-sim-ep-l2/build'
make: Leaving directory '/workspace/worktrees/gpgpu-sim-ep-l2/build'
