lineage	static_index	opcode	sass	memory_space	access_kind	atomic_or_reduction	record_semantics	width_status	width_bytes	width_authority	global_source_operand	function_identity	static_authority_path	selected	executed_record_count
Q30	12	LDG.E	@!P0 LDG.E R140, [R2.64] ;	GLOBAL	LOAD	False	one dynamic warp access of this static memory operand	QUALIFIED	4	SASS scalar global op without size suffix is 32-bit register data	mref_operand_index=single bracketed global address operand	std::enable_if<!(false), void>::type internal::gemvx::kernel<int, int, __nv_bfloat16, __nv_bfloat16, __nv_bfloat16, float, false, true, true, false, 7, false, cublasGemvParamsEx<int, cublasGemvTensorStridedBatched<__nv_bfloat16 const>, cublasGemvTensorStridedBatched<__nv_bfloat16 const>, cublasGemvTensorStridedBatched<__nv_bfloat16>, float> >(cublasGemvParamsEx<int, cublasGemvTensorStridedBatched<__nv_bfloat16 const>, cublasGemvTensorStridedBatched<__nv_bfloat16 const>, cublasGemvTensorStridedBatched<__nv_bfloat16>, float>)	/root/share/mnt164/huangrulin/c16_ai_workload/raw/C16R_qwen3-30b-a3b_s2-text_decode_nvbit-warp-mref-shard_s2-dec3-natural-expert21-down_20260917T034400Z_e210c0de5678/STATIC_MREF_MAP.tsv	1	0
Q30	14	LDG.E	@!P0 LDG.E R139, [R4.64] ;	GLOBAL	LOAD	False	one dynamic warp access of this static memory operand	QUALIFIED	4	SASS scalar global op without size suffix is 32-bit register data	mref_operand_index=single bracketed global address operand	std::enable_if<!(false), void>::type internal::gemvx::kernel<int, int, __nv_bfloat16, __nv_bfloat16, __nv_bfloat16, float, false, true, true, false, 7, false, cublasGemvParamsEx<int, cublasGemvTensorStridedBatched<__nv_bfloat16 const>, cublasGemvTensorStridedBatched<__nv_bfloat16 const>, cublasGemvTensorStridedBatched<__nv_bfloat16>, float> >(cublasGemvParamsEx<int, cublasGemvTensorStridedBatched<__nv_bfloat16 const>, cublasGemvTensorStridedBatched<__nv_bfloat16 const>, cublasGemvTensorStridedBatched<__nv_bfloat16>, float>)	/root/share/mnt164/huangrulin/c16_ai_workload/raw/C16R_qwen3-30b-a3b_s2-text_decode_nvbit-warp-mref-shard_s2-dec3-natural-expert21-down_20260917T034400Z_e210c0de5678/STATIC_MREF_MAP.tsv	1	0
Q30	101	LDG.E.U16.STRONG.SM	LDG.E.U16.STRONG.SM R129, [R56.64] ;	GLOBAL	LOAD	False	one dynamic warp access of this static memory operand	QUALIFIED	2	SASS opcode U16/S16 data-width suffix	mref_operand_index=single bracketed global address operand	std::enable_if<!(false), void>::type internal::gemvx::kernel<int, int, __nv_bfloat16, __nv_bfloat16, __nv_bfloat16, float, false, true, true, false, 7, false, cublasGemvParamsEx<int, cublasGemvTensorStridedBatched<__nv_bfloat16 const>, cublasGemvTensorStridedBatched<__nv_bfloat16 const>, cublasGemvTensorStridedBatched<__nv_bfloat16>, float> >(cublasGemvParamsEx<int, cublasGemvTensorStridedBatched<__nv_bfloat16 const>, cublasGemvTensorStridedBatched<__nv_bfloat16 const>, cublasGemvTensorStridedBatched<__nv_bfloat16>, float>)	/root/share/mnt164/huangrulin/c16_ai_workload/raw/C16R_qwen3-30b-a3b_s2-text_decode_nvbit-warp-mref-shard_s2-dec3-natural-expert21-down_20260917T034400Z_e210c0de5678/STATIC_MREF_MAP.tsv	1	0
Q30	103	LDG.E.EF.U16	LDG.E.EF.U16 R130, [R8.64] ;	GLOBAL	LOAD	False	one dynamic warp access of this static memory operand	QUALIFIED	2	SASS opcode U16/S16 data-width suffix	mref_operand_index=single bracketed global address operand	std::enable_if<!(false), void>::type internal::gemvx::kernel<int, int, __nv_bfloat16, __nv_bfloat16, __nv_bfloat16, float, false, true, true, false, 7, false, cublasGemvParamsEx<int, cublasGemvTensorStridedBatched<__nv_bfloat16 const>, cublasGemvTensorStridedBatched<__nv_bfloat16 const>, cublasGemvTensorStridedBatched<__nv_bfloat16>, float> >(cublasGemvParamsEx<int, cublasGemvTensorStridedBatched<__nv_bfloat16 const>, cublasGemvTensorStridedBatched<__nv_bfloat16 const>, cublasGemvTensorStridedBatched<__nv_bfloat16>, float>)	/root/share/mnt164/huangrulin/c16_ai_workload/raw/C16R_qwen3-30b-a3b_s2-text_decode_nvbit-warp-mref-shard_s2-dec3-natural-expert21-down_20260917T034400Z_e210c0de5678/STATIC_MREF_MAP.tsv	1	0
Q30	105	LDG.E.U16.STRONG.SM	LDG.E.U16.STRONG.SM R127, [R90.64] ;	GLOBAL	LOAD	False	one dynamic warp access of this static memory operand	QUALIFIED	2	SASS opcode U16/S16 data-width suffix	mref_operand_index=single bracketed global address operand	std::enable_if<!(false), void>::type internal::gemvx::kernel<int, int, __nv_bfloat16, __nv_bfloat16, __nv_bfloat16, float, false, true, true, false, 7, false, cublasGemvParamsEx<int, cublasGemvTensorStridedBatched<__nv_bfloat16 const>, cublasGemvTensorStridedBatched<__nv_bfloat16 const>, cublasGemvTensorStridedBatched<__nv_bfloat16>, float> >(cublasGemvParamsEx<int, cublasGemvTensorStridedBatched<__nv_bfloat16 const>, cublasGemvTensorStridedBatched<__nv_bfloat16 const>, cublasGemvTensorStridedBatched<__nv_bfloat16>, float>)	/root/share/mnt164/huangrulin/c16_ai_workload/raw/C16R_qwen3-30b-a3b_s2-text_decode_nvbit-warp-mref-shard_s2-dec3-natural-expert21-down_20260917T034400Z_e210c0de5678/STATIC_MREF_MAP.tsv	1	0
Q30	107	LDG.E.EF.U16	LDG.E.EF.U16 R128, [R10.64] ;	GLOBAL	LOAD	False	one dynamic warp access of this static memory operand	QUALIFIED	2	SASS opcode U16/S16 data-width suffix	mref_operand_index=single bracketed global address operand	std::enable_if<!(false), void>::type internal::gemvx::kernel<int, int, __nv_bfloat16, __nv_bfloat16, __nv_bfloat16, float, false, true, true, false, 7, false, cublasGemvParamsEx<int, cublasGemvTensorStridedBatched<__nv_bfloat16 const>, cublasGemvTensorStridedBatched<__nv_bfloat16 const>, cublasGemvTensorStridedBatched<__nv_bfloat16>, float> >(cublasGemvParamsEx<int, cublasGemvTensorStridedBatched<__nv_bfloat16 const>, cublasGemvTensorStridedBatched<__nv_bfloat16 const>, cublasGemvTensorStridedBatched<__nv_bfloat16>, float>)	/root/share/mnt164/huangrulin/c16_ai_workload/raw/C16R_qwen3-30b-a3b_s2-text_decode_nvbit-warp-mref-shard_s2-dec3-natural-expert21-down_20260917T034400Z_e210c0de5678/STATIC_MREF_MAP.tsv	1	0
Q30	109	LDG.E.U16.STRONG.SM	LDG.E.U16.STRONG.SM R5, [R58.64] ;	GLOBAL	LOAD	False	one dynamic warp access of this static memory operand	QUALIFIED	2	SASS opcode U16/S16 data-width suffix	mref_operand_index=single bracketed global address operand	std::enable_if<!(false), void>::type internal::gemvx::kernel<int, int, __nv_bfloat16, __nv_bfloat16, __nv_bfloat16, float, false, true, true, false, 7, false, cublasGemvParamsEx<int, cublasGemvTensorStridedBatched<__nv_bfloat16 const>, cublasGemvTensorStridedBatched<__nv_bfloat16 const>, cublasGemvTensorStridedBatched<__nv_bfloat16>, float> >(cublasGemvParamsEx<int, cublasGemvTensorStridedBatched<__nv_bfloat16 const>, cublasGemvTensorStridedBatched<__nv_bfloat16 const>, cublasGemvTensorStridedBatched<__nv_bfloat16>, float>)	/root/share/mnt164/huangrulin/c16_ai_workload/raw/C16R_qwen3-30b-a3b_s2-text_decode_nvbit-warp-mref-shard_s2-dec3-natural-expert21-down_20260917T034400Z_e210c0de5678/STATIC_MREF_MAP.tsv	1	0
Q30	111	LDG.E.EF.U16	LDG.E.EF.U16 R126, [R12.64] ;	GLOBAL	LOAD	False	one dynamic warp access of this static memory operand	QUALIFIED	2	SASS opcode U16/S16 data-width suffix	mref_operand_index=single bracketed global address operand	std::enable_if<!(false), void>::type internal::gemvx::kernel<int, int, __nv_bfloat16, __nv_bfloat16, __nv_bfloat16, float, false, true, true, false, 7, false, cublasGemvParamsEx<int, cublasGemvTensorStridedBatched<__nv_bfloat16 const>, cublasGemvTensorStridedBatched<__nv_bfloat16 const>, cublasGemvTensorStridedBatched<__nv_bfloat16>, float> >(cublasGemvParamsEx<int, cublasGemvTensorStridedBatched<__nv_bfloat16 const>, cublasGemvTensorStridedBatched<__nv_bfloat16 const>, cublasGemvTensorStridedBatched<__nv_bfloat16>, float>)	/root/share/mnt164/huangrulin/c16_ai_workload/raw/C16R_qwen3-30b-a3b_s2-text_decode_nvbit-warp-mref-shard_s2-dec3-natural-expert21-down_20260917T034400Z_e210c0de5678/STATIC_MREF_MAP.tsv	1	0
Q30	113	LDG.E.U16.STRONG.SM	LDG.E.U16.STRONG.SM R6, [R60.64] ;	GLOBAL	LOAD	False	one dynamic warp access of this static memory operand	QUALIFIED	2	SASS opcode U16/S16 data-width suffix	mref_operand_index=single bracketed global address operand	std::enable_if<!(false), void>::type internal::gemvx::kernel<int, int, __nv_bfloat16, __nv_bfloat16, __nv_bfloat16, float, false, true, true, false, 7, false, cublasGemvParamsEx<int, cublasGemvTensorStridedBatched<__nv_bfloat16 const>, cublasGemvTensorStridedBatched<__nv_bfloat16 const>, cublasGemvTensorStridedBatched<__nv_bfloat16>, float> >(cublasGemvParamsEx<int, cublasGemvTensorStridedBatched<__nv_bfloat16 const>, cublasGemvTensorStridedBatched<__nv_bfloat16 const>, cublasGemvTensorStridedBatched<__nv_bfloat16>, float>)	/root/share/mnt164/huangrulin/c16_ai_workload/raw/C16R_qwen3-30b-a3b_s2-text_decode_nvbit-warp-mref-shard_s2-dec3-natural-expert21-down_20260917T034400Z_e210c0de5678/STATIC_MREF_MAP.tsv	1	0
Q30	115	LDG.E.EF.U16	LDG.E.EF.U16 R7, [R14.64] ;	GLOBAL	LOAD	False	one dynamic warp access of this static memory operand	QUALIFIED	2	SASS opcode U16/S16 data-width suffix	mref_operand_index=single bracketed global address operand	std::enable_if<!(false), void>::type internal::gemvx::kernel<int, int, __nv_bfloat16, __nv_bfloat16, __nv_bfloat16, float, false, true, true, false, 7, false, cublasGemvParamsEx<int, cublasGemvTensorStridedBatched<__nv_bfloat16 const>, cublasGemvTensorStridedBatched<__nv_bfloat16 const>, cublasGemvTensorStridedBatched<__nv_bfloat16>, float> >(cublasGemvParamsEx<int, cublasGemvTensorStridedBatched<__nv_bfloat16 const>, cublasGemvTensorStridedBatched<__nv_bfloat16 const>, cublasGemvTensorStridedBatched<__nv_bfloat16>, float>)	/root/share/mnt164/huangrulin/c16_ai_workload/raw/C16R_qwen3-30b-a3b_s2-text_decode_nvbit-warp-mref-shard_s2-dec3-natural-expert21-down_20260917T034400Z_e210c0de5678/STATIC_MREF_MAP.tsv	1	0
Q30	117	LDG.E.U16.STRONG.SM	LDG.E.U16.STRONG.SM R8, [R92.64] ;	GLOBAL	LOAD	False	one dynamic warp access of this static memory operand	QUALIFIED	2	SASS opcode U16/S16 data-width suffix	mref_operand_index=single bracketed global address operand	std::enable_if<!(false), void>::type internal::gemvx::kernel<int, int, __nv_bfloat16, __nv_bfloat16, __nv_bfloat16, float, false, true, true, false, 7, false, cublasGemvParamsEx<int, cublasGemvTensorStridedBatched<__nv_bfloat16 const>, cublasGemvTensorStridedBatched<__nv_bfloat16 const>, cublasGemvTensorStridedBatched<__nv_bfloat16>, float> >(cublasGemvParamsEx<int, cublasGemvTensorStridedBatched<__nv_bfloat16 const>, cublasGemvTensorStridedBatched<__nv_bfloat16 const>, cublasGemvTensorStridedBatched<__nv_bfloat16>, float>)	/root/share/mnt164/huangrulin/c16_ai_workload/raw/C16R_qwen3-30b-a3b_s2-text_decode_nvbit-warp-mref-shard_s2-dec3-natural-expert21-down_20260917T034400Z_e210c0de5678/STATIC_MREF_MAP.tsv	1	0
Q30	119	LDG.E.EF.U16	LDG.E.EF.U16 R9, [R16.64] ;	GLOBAL	LOAD	False	one dynamic warp access of this static memory operand	QUALIFIED	2	SASS opcode U16/S16 data-width suffix	mref_operand_index=single bracketed global address operand	std::enable_if<!(false), void>::type internal::gemvx::kernel<int, int, __nv_bfloat16, __nv_bfloat16, __nv_bfloat16, float, false, true, true, false, 7, false, cublasGemvParamsEx<int, cublasGemvTensorStridedBatched<__nv_bfloat16 const>, cublasGemvTensorStridedBatched<__nv_bfloat16 const>, cublasGemvTensorStridedBatched<__nv_bfloat16>, float> >(cublasGemvParamsEx<int, cublasGemvTensorStridedBatched<__nv_bfloat16 const>, cublasGemvTensorStridedBatched<__nv_bfloat16 const>, cublasGemvTensorStridedBatched<__nv_bfloat16>, float>)	/root/share/mnt164/huangrulin/c16_ai_workload/raw/C16R_qwen3-30b-a3b_s2-text_decode_nvbit-warp-mref-shard_s2-dec3-natural-expert21-down_20260917T034400Z_e210c0de5678/STATIC_MREF_MAP.tsv	1	0
Q30	121	LDG.E.U16.STRONG.SM	LDG.E.U16.STRONG.SM R10, [R62.64] ;	GLOBAL	LOAD	False	one dynamic warp access of this static memory operand	QUALIFIED	2	SASS opcode U16/S16 data-width suffix	mref_operand_index=single bracketed global address operand	std::enable_if<!(false), void>::type internal::gemvx::kernel<int, int, __nv_bfloat16, __nv_bfloat16, __nv_bfloat16, float, false, true, true, false, 7, false, cublasGemvParamsEx<int, cublasGemvTensorStridedBatched<__nv_bfloat16 const>, cublasGemvTensorStridedBatched<__nv_bfloat16 const>, cublasGemvTensorStridedBatched<__nv_bfloat16>, float> >(cublasGemvParamsEx<int, cublasGemvTensorStridedBatched<__nv_bfloat16 const>, cublasGemvTensorStridedBatched<__nv_bfloat16 const>, cublasGemvTensorStridedBatched<__nv_bfloat16>, float>)	/root/share/mnt164/huangrulin/c16_ai_workload/raw/C16R_qwen3-30b-a3b_s2-text_decode_nvbit-warp-mref-shard_s2-dec3-natural-expert21-down_20260917T034400Z_e210c0de5678/STATIC_MREF_MAP.tsv	1	0
Q30	123	LDG.E.EF.U16	LDG.E.EF.U16 R11, [R18.64] ;	GLOBAL	LOAD	False	one dynamic warp access of this static memory operand	QUALIFIED	2	SASS opcode U16/S16 data-width suffix	mref_operand_index=single bracketed global address operand	std::enable_if<!(false), void>::type internal::gemvx::kernel<int, int, __nv_bfloat16, __nv_bfloat16, __nv_bfloat16, float, false, true, true, false, 7, false, cublasGemvParamsEx<int, cublasGemvTensorStridedBatched<__nv_bfloat16 const>, cublasGemvTensorStridedBatched<__nv_bfloat16 const>, cublasGemvTensorStridedBatched<__nv_bfloat16>, float> >(cublasGemvParamsEx<int, cublasGemvTensorStridedBatched<__nv_bfloat16 const>, cublasGemvTensorStridedBatched<__nv_bfloat16 const>, cublasGemvTensorStridedBatched<__nv_bfloat16>, float>)	/root/share/mnt164/huangrulin/c16_ai_workload/raw/C16R_qwen3-30b-a3b_s2-text_decode_nvbit-warp-mref-shard_s2-dec3-natural-expert21-down_20260917T034400Z_e210c0de5678/STATIC_MREF_MAP.tsv	1	0
Q30	125	LDG.E.U16.STRONG.SM	LDG.E.U16.STRONG.SM R12, [R64.64] ;	GLOBAL	LOAD	False	one dynamic warp access of this static memory operand	QUALIFIED	2	SASS opcode U16/S16 data-width suffix	mref_operand_index=single bracketed global address operand	std::enable_if<!(false), void>::type internal::gemvx::kernel<int, int, __nv_bfloat16, __nv_bfloat16, __nv_bfloat16, float, false, true, true, false, 7, false, cublasGemvParamsEx<int, cublasGemvTensorStridedBatched<__nv_bfloat16 const>, cublasGemvTensorStridedBatched<__nv_bfloat16 const>, cublasGemvTensorStridedBatched<__nv_bfloat16>, float> >(cublasGemvParamsEx<int, cublasGemvTensorStridedBatched<__nv_bfloat16 const>, cublasGemvTensorStridedBatched<__nv_bfloat16 const>, cublasGemvTensorStridedBatched<__nv_bfloat16>, float>)	/root/share/mnt164/huangrulin/c16_ai_workload/raw/C16R_qwen3-30b-a3b_s2-text_decode_nvbit-warp-mref-shard_s2-dec3-natural-expert21-down_20260917T034400Z_e210c0de5678/STATIC_MREF_MAP.tsv	1	0
Q30	127	LDG.E.EF.U16	LDG.E.EF.U16 R13, [R20.64] ;	GLOBAL	LOAD	False	one dynamic warp access of this static memory operand	QUALIFIED	2	SASS opcode U16/S16 data-width suffix	mref_operand_index=single bracketed global address operand	std::enable_if<!(false), void>::type internal::gemvx::kernel<int, int, __nv_bfloat16, __nv_bfloat16, __nv_bfloat16, float, false, true, true, false, 7, false, cublasGemvParamsEx<int, cublasGemvTensorStridedBatched<__nv_bfloat16 const>, cublasGemvTensorStridedBatched<__nv_bfloat16 const>, cublasGemvTensorStridedBatched<__nv_bfloat16>, float> >(cublasGemvParamsEx<int, cublasGemvTensorStridedBatched<__nv_bfloat16 const>, cublasGemvTensorStridedBatched<__nv_bfloat16 const>, cublasGemvTensorStridedBatched<__nv_bfloat16>, float>)	/root/share/mnt164/huangrulin/c16_ai_workload/raw/C16R_qwen3-30b-a3b_s2-text_decode_nvbit-warp-mref-shard_s2-dec3-natural-expert21-down_20260917T034400Z_e210c0de5678/STATIC_MREF_MAP.tsv	1	0
Q30	129	LDG.E.U16.STRONG.SM	LDG.E.U16.STRONG.SM R14, [R94.64] ;	GLOBAL	LOAD	False	one dynamic warp access of this static memory operand	QUALIFIED	2	SASS opcode U16/S16 data-width suffix	mref_operand_index=single bracketed global address operand	std::enable_if<!(false), void>::type internal::gemvx::kernel<int, int, __nv_bfloat16, __nv_bfloat16, __nv_bfloat16, float, false, true, true, false, 7, false, cublasGemvParamsEx<int, cublasGemvTensorStridedBatched<__nv_bfloat16 const>, cublasGemvTensorStridedBatched<__nv_bfloat16 const>, cublasGemvTensorStridedBatched<__nv_bfloat16>, float> >(cublasGemvParamsEx<int, cublasGemvTensorStridedBatched<__nv_bfloat16 const>, cublasGemvTensorStridedBatched<__nv_bfloat16 const>, cublasGemvTensorStridedBatched<__nv_bfloat16>, float>)	/root/share/mnt164/huangrulin/c16_ai_workload/raw/C16R_qwen3-30b-a3b_s2-text_decode_nvbit-warp-mref-shard_s2-dec3-natural-expert21-down_20260917T034400Z_e210c0de5678/STATIC_MREF_MAP.tsv	1	0
Q30	131	LDG.E.EF.U16	LDG.E.EF.U16 R15, [R22.64] ;	GLOBAL	LOAD	False	one dynamic warp access of this static memory operand	QUALIFIED	2	SASS opcode U16/S16 data-width suffix	mref_operand_index=single bracketed global address operand	std::enable_if<!(false), void>::type internal::gemvx::kernel<int, int, __nv_bfloat16, __nv_bfloat16, __nv_bfloat16, float, false, true, true, false, 7, false, cublasGemvParamsEx<int, cublasGemvTensorStridedBatched<__nv_bfloat16 const>, cublasGemvTensorStridedBatched<__nv_bfloat16 const>, cublasGemvTensorStridedBatched<__nv_bfloat16>, float> >(cublasGemvParamsEx<int, cublasGemvTensorStridedBatched<__nv_bfloat16 const>, cublasGemvTensorStridedBatched<__nv_bfloat16 const>, cublasGemvTensorStridedBatched<__nv_bfloat16>, float>)	/root/share/mnt164/huangrulin/c16_ai_workload/raw/C16R_qwen3-30b-a3b_s2-text_decode_nvbit-warp-mref-shard_s2-dec3-natural-expert21-down_20260917T034400Z_e210c0de5678/STATIC_MREF_MAP.tsv	1	0
Q30	133	LDG.E.U16.STRONG.SM	LDG.E.U16.STRONG.SM R16, [R66.64] ;	GLOBAL	LOAD	False	one dynamic warp access of this static memory operand	QUALIFIED	2	SASS opcode U16/S16 data-width suffix	mref_operand_index=single bracketed global address operand	std::enable_if<!(false), void>::type internal::gemvx::kernel<int, int, __nv_bfloat16, __nv_bfloat16, __nv_bfloat16, float, false, true, true, false, 7, false, cublasGemvParamsEx<int, cublasGemvTensorStridedBatched<__nv_bfloat16 const>, cublasGemvTensorStridedBatched<__nv_bfloat16 const>, cublasGemvTensorStridedBatched<__nv_bfloat16>, float> >(cublasGemvParamsEx<int, cublasGemvTensorStridedBatched<__nv_bfloat16 const>, cublasGemvTensorStridedBatched<__nv_bfloat16 const>, cublasGemvTensorStridedBatched<__nv_bfloat16>, float>)	/root/share/mnt164/huangrulin/c16_ai_workload/raw/C16R_qwen3-30b-a3b_s2-text_decode_nvbit-warp-mref-shard_s2-dec3-natural-expert21-down_20260917T034400Z_e210c0de5678/STATIC_MREF_MAP.tsv	1	0
Q30	135	LDG.E.EF.U16	LDG.E.EF.U16 R17, [R24.64] ;	GLOBAL	LOAD	False	one dynamic warp access of this static memory operand	QUALIFIED	2	SASS opcode U16/S16 data-width suffix	mref_operand_index=single bracketed global address operand	std::enable_if<!(false), void>::type internal::gemvx::kernel<int, int, __nv_bfloat16, __nv_bfloat16, __nv_bfloat16, float, false, true, true, false, 7, false, cublasGemvParamsEx<int, cublasGemvTensorStridedBatched<__nv_bfloat16 const>, cublasGemvTensorStridedBatched<__nv_bfloat16 const>, cublasGemvTensorStridedBatched<__nv_bfloat16>, float> >(cublasGemvParamsEx<int, cublasGemvTensorStridedBatched<__nv_bfloat16 const>, cublasGemvTensorStridedBatched<__nv_bfloat16 const>, cublasGemvTensorStridedBatched<__nv_bfloat16>, float>)	/root/share/mnt164/huangrulin/c16_ai_workload/raw/C16R_qwen3-30b-a3b_s2-text_decode_nvbit-warp-mref-shard_s2-dec3-natural-expert21-down_20260917T034400Z_e210c0de5678/STATIC_MREF_MAP.tsv	1	0
Q30	137	LDG.E.U16.STRONG.SM	LDG.E.U16.STRONG.SM R18, [R68.64] ;	GLOBAL	LOAD	False	one dynamic warp access of this static memory operand	QUALIFIED	2	SASS opcode U16/S16 data-width suffix	mref_operand_index=single bracketed global address operand	std::enable_if<!(false), void>::type internal::gemvx::kernel<int, int, __nv_bfloat16, __nv_bfloat16, __nv_bfloat16, float, false, true, true, false, 7, false, cublasGemvParamsEx<int, cublasGemvTensorStridedBatched<__nv_bfloat16 const>, cublasGemvTensorStridedBatched<__nv_bfloat16 const>, cublasGemvTensorStridedBatched<__nv_bfloat16>, float> >(cublasGemvParamsEx<int, cublasGemvTensorStridedBatched<__nv_bfloat16 const>, cublasGemvTensorStridedBatched<__nv_bfloat16 const>, cublasGemvTensorStridedBatched<__nv_bfloat16>, float>)	/root/share/mnt164/huangrulin/c16_ai_workload/raw/C16R_qwen3-30b-a3b_s2-text_decode_nvbit-warp-mref-shard_s2-dec3-natural-expert21-down_20260917T034400Z_e210c0de5678/STATIC_MREF_MAP.tsv	1	0
Q30	139	LDG.E.EF.U16	LDG.E.EF.U16 R19, [R26.64] ;	GLOBAL	LOAD	False	one dynamic warp access of this static memory operand	QUALIFIED	2	SASS opcode U16/S16 data-width suffix	mref_operand_index=single bracketed global address operand	std::enable_if<!(false), void>::type internal::gemvx::kernel<int, int, __nv_bfloat16, __nv_bfloat16, __nv_bfloat16, float, false, true, true, false, 7, false, cublasGemvParamsEx<int, cublasGemvTensorStridedBatched<__nv_bfloat16 const>, cublasGemvTensorStridedBatched<__nv_bfloat16 const>, cublasGemvTensorStridedBatched<__nv_bfloat16>, float> >(cublasGemvParamsEx<int, cublasGemvTensorStridedBatched<__nv_bfloat16 const>, cublasGemvTensorStridedBatched<__nv_bfloat16 const>, cublasGemvTensorStridedBatched<__nv_bfloat16>, float>)	/root/share/mnt164/huangrulin/c16_ai_workload/raw/C16R_qwen3-30b-a3b_s2-text_decode_nvbit-warp-mref-shard_s2-dec3-natural-expert21-down_20260917T034400Z_e210c0de5678/STATIC_MREF_MAP.tsv	1	0
Q30	141	LDG.E.U16.STRONG.SM	LDG.E.U16.STRONG.SM R20, [R98.64] ;	GLOBAL	LOAD	False	one dynamic warp access of this static memory operand	QUALIFIED	2	SASS opcode U16/S16 data-width suffix	mref_operand_index=single bracketed global address operand	std::enable_if<!(false), void>::type internal::gemvx::kernel<int, int, __nv_bfloat16, __nv_bfloat16, __nv_bfloat16, float, false, true, true, false, 7, false, cublasGemvParamsEx<int, cublasGemvTensorStridedBatched<__nv_bfloat16 const>, cublasGemvTensorStridedBatched<__nv_bfloat16 const>, cublasGemvTensorStridedBatched<__nv_bfloat16>, float> >(cublasGemvParamsEx<int, cublasGemvTensorStridedBatched<__nv_bfloat16 const>, cublasGemvTensorStridedBatched<__nv_bfloat16 const>, cublasGemvTensorStridedBatched<__nv_bfloat16>, float>)	/root/share/mnt164/huangrulin/c16_ai_workload/raw/C16R_qwen3-30b-a3b_s2-text_decode_nvbit-warp-mref-shard_s2-dec3-natural-expert21-down_20260917T034400Z_e210c0de5678/STATIC_MREF_MAP.tsv	1	0
Q30	143	LDG.E.EF.U16	LDG.E.EF.U16 R21, [R28.64] ;	GLOBAL	LOAD	False	one dynamic warp access of this static memory operand	QUALIFIED	2	SASS opcode U16/S16 data-width suffix	mref_operand_index=single bracketed global address operand	std::enable_if<!(false), void>::type internal::gemvx::kernel<int, int, __nv_bfloat16, __nv_bfloat16, __nv_bfloat16, float, false, true, true, false, 7, false, cublasGemvParamsEx<int, cublasGemvTensorStridedBatched<__nv_bfloat16 const>, cublasGemvTensorStridedBatched<__nv_bfloat16 const>, cublasGemvTensorStridedBatched<__nv_bfloat16>, float> >(cublasGemvParamsEx<int, cublasGemvTensorStridedBatched<__nv_bfloat16 const>, cublasGemvTensorStridedBatched<__nv_bfloat16 const>, cublasGemvTensorStridedBatched<__nv_bfloat16>, float>)	/root/share/mnt164/huangrulin/c16_ai_workload/raw/C16R_qwen3-30b-a3b_s2-text_decode_nvbit-warp-mref-shard_s2-dec3-natural-expert21-down_20260917T034400Z_e210c0de5678/STATIC_MREF_MAP.tsv	1	0
Q30	145	LDG.E.U16.STRONG.SM	LDG.E.U16.STRONG.SM R22, [R70.64] ;	GLOBAL	LOAD	False	one dynamic warp access of this static memory operand	QUALIFIED	2	SASS opcode U16/S16 data-width suffix	mref_operand_index=single bracketed global address operand	std::enable_if<!(false), void>::type internal::gemvx::kernel<int, int, __nv_bfloat16, __nv_bfloat16, __nv_bfloat16, float, false, true, true, false, 7, false, cublasGemvParamsEx<int, cublasGemvTensorStridedBatched<__nv_bfloat16 const>, cublasGemvTensorStridedBatched<__nv_bfloat16 const>, cublasGemvTensorStridedBatched<__nv_bfloat16>, float> >(cublasGemvParamsEx<int, cublasGemvTensorStridedBatched<__nv_bfloat16 const>, cublasGemvTensorStridedBatched<__nv_bfloat16 const>, cublasGemvTensorStridedBatched<__nv_bfloat16>, float>)	/root/share/mnt164/huangrulin/c16_ai_workload/raw/C16R_qwen3-30b-a3b_s2-text_decode_nvbit-warp-mref-shard_s2-dec3-natural-expert21-down_20260917T034400Z_e210c0de5678/STATIC_MREF_MAP.tsv	1	0
Q30	147	LDG.E.EF.U16	LDG.E.EF.U16 R23, [R30.64] ;	GLOBAL	LOAD	False	one dynamic warp access of this static memory operand	QUALIFIED	2	SASS opcode U16/S16 data-width suffix	mref_operand_index=single bracketed global address operand	std::enable_if<!(false), void>::type internal::gemvx::kernel<int, int, __nv_bfloat16, __nv_bfloat16, __nv_bfloat16, float, false, true, true, false, 7, false, cublasGemvParamsEx<int, cublasGemvTensorStridedBatched<__nv_bfloat16 const>, cublasGemvTensorStridedBatched<__nv_bfloat16 const>, cublasGemvTensorStridedBatched<__nv_bfloat16>, float> >(cublasGemvParamsEx<int, cublasGemvTensorStridedBatched<__nv_bfloat16 const>, cublasGemvTensorStridedBatched<__nv_bfloat16 const>, cublasGemvTensorStridedBatched<__nv_bfloat16>, float>)	/root/share/mnt164/huangrulin/c16_ai_workload/raw/C16R_qwen3-30b-a3b_s2-text_decode_nvbit-warp-mref-shard_s2-dec3-natural-expert21-down_20260917T034400Z_e210c0de5678/STATIC_MREF_MAP.tsv	1	0
Q30	149	LDG.E.U16.STRONG.SM	LDG.E.U16.STRONG.SM R24, [R72.64] ;	GLOBAL	LOAD	False	one dynamic warp access of this static memory operand	QUALIFIED	2	SASS opcode U16/S16 data-width suffix	mref_operand_index=single bracketed global address operand	std::enable_if<!(false), void>::type internal::gemvx::kernel<int, int, __nv_bfloat16, __nv_bfloat16, __nv_bfloat16, float, false, true, true, false, 7, false, cublasGemvParamsEx<int, cublasGemvTensorStridedBatched<__nv_bfloat16 const>, cublasGemvTensorStridedBatched<__nv_bfloat16 const>, cublasGemvTensorStridedBatched<__nv_bfloat16>, float> >(cublasGemvParamsEx<int, cublasGemvTensorStridedBatched<__nv_bfloat16 const>, cublasGemvTensorStridedBatched<__nv_bfloat16 const>, cublasGemvTensorStridedBatched<__nv_bfloat16>, float>)	/root/share/mnt164/huangrulin/c16_ai_workload/raw/C16R_qwen3-30b-a3b_s2-text_decode_nvbit-warp-mref-shard_s2-dec3-natural-expert21-down_20260917T034400Z_e210c0de5678/STATIC_MREF_MAP.tsv	1	0
Q30	151	LDG.E.EF.U16	LDG.E.EF.U16 R25, [R32.64] ;	GLOBAL	LOAD	False	one dynamic warp access of this static memory operand	QUALIFIED	2	SASS opcode U16/S16 data-width suffix	mref_operand_index=single bracketed global address operand	std::enable_if<!(false), void>::type internal::gemvx::kernel<int, int, __nv_bfloat16, __nv_bfloat16, __nv_bfloat16, float, false, true, true, false, 7, false, cublasGemvParamsEx<int, cublasGemvTensorStridedBatched<__nv_bfloat16 const>, cublasGemvTensorStridedBatched<__nv_bfloat16 const>, cublasGemvTensorStridedBatched<__nv_bfloat16>, float> >(cublasGemvParamsEx<int, cublasGemvTensorStridedBatched<__nv_bfloat16 const>, cublasGemvTensorStridedBatched<__nv_bfloat16 const>, cublasGemvTensorStridedBatched<__nv_bfloat16>, float>)	/root/share/mnt164/huangrulin/c16_ai_workload/raw/C16R_qwen3-30b-a3b_s2-text_decode_nvbit-warp-mref-shard_s2-dec3-natural-expert21-down_20260917T034400Z_e210c0de5678/STATIC_MREF_MAP.tsv	1	0
Q30	153	LDG.E.U16.STRONG.SM	LDG.E.U16.STRONG.SM R26, [R100.64] ;	GLOBAL	LOAD	False	one dynamic warp access of this static memory operand	QUALIFIED	2	SASS opcode U16/S16 data-width suffix	mref_operand_index=single bracketed global address operand	std::enable_if<!(false), void>::type internal::gemvx::kernel<int, int, __nv_bfloat16, __nv_bfloat16, __nv_bfloat16, float, false, true, true, false, 7, false, cublasGemvParamsEx<int, cublasGemvTensorStridedBatched<__nv_bfloat16 const>, cublasGemvTensorStridedBatched<__nv_bfloat16 const>, cublasGemvTensorStridedBatched<__nv_bfloat16>, float> >(cublasGemvParamsEx<int, cublasGemvTensorStridedBatched<__nv_bfloat16 const>, cublasGemvTensorStridedBatched<__nv_bfloat16 const>, cublasGemvTensorStridedBatched<__nv_bfloat16>, float>)	/root/share/mnt164/huangrulin/c16_ai_workload/raw/C16R_qwen3-30b-a3b_s2-text_decode_nvbit-warp-mref-shard_s2-dec3-natural-expert21-down_20260917T034400Z_e210c0de5678/STATIC_MREF_MAP.tsv	1	0
Q30	155	LDG.E.EF.U16	LDG.E.EF.U16 R27, [R34.64] ;	GLOBAL	LOAD	False	one dynamic warp access of this static memory operand	QUALIFIED	2	SASS opcode U16/S16 data-width suffix	mref_operand_index=single bracketed global address operand	std::enable_if<!(false), void>::type internal::gemvx::kernel<int, int, __nv_bfloat16, __nv_bfloat16, __nv_bfloat16, float, false, true, true, false, 7, false, cublasGemvParamsEx<int, cublasGemvTensorStridedBatched<__nv_bfloat16 const>, cublasGemvTensorStridedBatched<__nv_bfloat16 const>, cublasGemvTensorStridedBatched<__nv_bfloat16>, float> >(cublasGemvParamsEx<int, cublasGemvTensorStridedBatched<__nv_bfloat16 const>, cublasGemvTensorStridedBatched<__nv_bfloat16 const>, cublasGemvTensorStridedBatched<__nv_bfloat16>, float>)	/root/share/mnt164/huangrulin/c16_ai_workload/raw/C16R_qwen3-30b-a3b_s2-text_decode_nvbit-warp-mref-shard_s2-dec3-natural-expert21-down_20260917T034400Z_e210c0de5678/STATIC_MREF_MAP.tsv	1	0
Q30	157	LDG.E.U16.STRONG.SM	LDG.E.U16.STRONG.SM R28, [R74.64] ;	GLOBAL	LOAD	False	one dynamic warp access of this static memory operand	QUALIFIED	2	SASS opcode U16/S16 data-width suffix	mref_operand_index=single bracketed global address operand	std::enable_if<!(false), void>::type internal::gemvx::kernel<int, int, __nv_bfloat16, __nv_bfloat16, __nv_bfloat16, float, false, true, true, false, 7, false, cublasGemvParamsEx<int, cublasGemvTensorStridedBatched<__nv_bfloat16 const>, cublasGemvTensorStridedBatched<__nv_bfloat16 const>, cublasGemvTensorStridedBatched<__nv_bfloat16>, float> >(cublasGemvParamsEx<int, cublasGemvTensorStridedBatched<__nv_bfloat16 const>, cublasGemvTensorStridedBatched<__nv_bfloat16 const>, cublasGemvTensorStridedBatched<__nv_bfloat16>, float>)	/root/share/mnt164/huangrulin/c16_ai_workload/raw/C16R_qwen3-30b-a3b_s2-text_decode_nvbit-warp-mref-shard_s2-dec3-natural-expert21-down_20260917T034400Z_e210c0de5678/STATIC_MREF_MAP.tsv	1	0
Q30	159	LDG.E.EF.U16	LDG.E.EF.U16 R29, [R36.64] ;	GLOBAL	LOAD	False	one dynamic warp access of this static memory operand	QUALIFIED	2	SASS opcode U16/S16 data-width suffix	mref_operand_index=single bracketed global address operand	std::enable_if<!(false), void>::type internal::gemvx::kernel<int, int, __nv_bfloat16, __nv_bfloat16, __nv_bfloat16, float, false, true, true, false, 7, false, cublasGemvParamsEx<int, cublasGemvTensorStridedBatched<__nv_bfloat16 const>, cublasGemvTensorStridedBatched<__nv_bfloat16 const>, cublasGemvTensorStridedBatched<__nv_bfloat16>, float> >(cublasGemvParamsEx<int, cublasGemvTensorStridedBatched<__nv_bfloat16 const>, cublasGemvTensorStridedBatched<__nv_bfloat16 const>, cublasGemvTensorStridedBatched<__nv_bfloat16>, float>)	/root/share/mnt164/huangrulin/c16_ai_workload/raw/C16R_qwen3-30b-a3b_s2-text_decode_nvbit-warp-mref-shard_s2-dec3-natural-expert21-down_20260917T034400Z_e210c0de5678/STATIC_MREF_MAP.tsv	1	0
Q30	161	LDG.E.U16.STRONG.SM	LDG.E.U16.STRONG.SM R30, [R76.64] ;	GLOBAL	LOAD	False	one dynamic warp access of this static memory operand	QUALIFIED	2	SASS opcode U16/S16 data-width suffix	mref_operand_index=single bracketed global address operand	std::enable_if<!(false), void>::type internal::gemvx::kernel<int, int, __nv_bfloat16, __nv_bfloat16, __nv_bfloat16, float, false, true, true, false, 7, false, cublasGemvParamsEx<int, cublasGemvTensorStridedBatched<__nv_bfloat16 const>, cublasGemvTensorStridedBatched<__nv_bfloat16 const>, cublasGemvTensorStridedBatched<__nv_bfloat16>, float> >(cublasGemvParamsEx<int, cublasGemvTensorStridedBatched<__nv_bfloat16 const>, cublasGemvTensorStridedBatched<__nv_bfloat16 const>, cublasGemvTensorStridedBatched<__nv_bfloat16>, float>)	/root/share/mnt164/huangrulin/c16_ai_workload/raw/C16R_qwen3-30b-a3b_s2-text_decode_nvbit-warp-mref-shard_s2-dec3-natural-expert21-down_20260917T034400Z_e210c0de5678/STATIC_MREF_MAP.tsv	1	0
Q30	163	LDG.E.EF.U16	LDG.E.EF.U16 R31, [R38.64] ;	GLOBAL	LOAD	False	one dynamic warp access of this static memory operand	QUALIFIED	2	SASS opcode U16/S16 data-width suffix	mref_operand_index=single bracketed global address operand	std::enable_if<!(false), void>::type internal::gemvx::kernel<int, int, __nv_bfloat16, __nv_bfloat16, __nv_bfloat16, float, false, true, true, false, 7, false, cublasGemvParamsEx<int, cublasGemvTensorStridedBatched<__nv_bfloat16 const>, cublasGemvTensorStridedBatched<__nv_bfloat16 const>, cublasGemvTensorStridedBatched<__nv_bfloat16>, float> >(cublasGemvParamsEx<int, cublasGemvTensorStridedBatched<__nv_bfloat16 const>, cublasGemvTensorStridedBatched<__nv_bfloat16 const>, cublasGemvTensorStridedBatched<__nv_bfloat16>, float>)	/root/share/mnt164/huangrulin/c16_ai_workload/raw/C16R_qwen3-30b-a3b_s2-text_decode_nvbit-warp-mref-shard_s2-dec3-natural-expert21-down_20260917T034400Z_e210c0de5678/STATIC_MREF_MAP.tsv	1	0
Q30	165	LDG.E.U16.STRONG.SM	LDG.E.U16.STRONG.SM R32, [R102.64] ;	GLOBAL	LOAD	False	one dynamic warp access of this static memory operand	QUALIFIED	2	SASS opcode U16/S16 data-width suffix	mref_operand_index=single bracketed global address operand	std::enable_if<!(false), void>::type internal::gemvx::kernel<int, int, __nv_bfloat16, __nv_bfloat16, __nv_bfloat16, float, false, true, true, false, 7, false, cublasGemvParamsEx<int, cublasGemvTensorStridedBatched<__nv_bfloat16 const>, cublasGemvTensorStridedBatched<__nv_bfloat16 const>, cublasGemvTensorStridedBatched<__nv_bfloat16>, float> >(cublasGemvParamsEx<int, cublasGemvTensorStridedBatched<__nv_bfloat16 const>, cublasGemvTensorStridedBatched<__nv_bfloat16 const>, cublasGemvTensorStridedBatched<__nv_bfloat16>, float>)	/root/share/mnt164/huangrulin/c16_ai_workload/raw/C16R_qwen3-30b-a3b_s2-text_decode_nvbit-warp-mref-shard_s2-dec3-natural-expert21-down_20260917T034400Z_e210c0de5678/STATIC_MREF_MAP.tsv	1	0
Q30	167	LDG.E.EF.U16	LDG.E.EF.U16 R33, [R40.64] ;	GLOBAL	LOAD	False	one dynamic warp access of this static memory operand	QUALIFIED	2	SASS opcode U16/S16 data-width suffix	mref_operand_index=single bracketed global address operand	std::enable_if<!(false), void>::type internal::gemvx::kernel<int, int, __nv_bfloat16, __nv_bfloat16, __nv_bfloat16, float, false, true, true, false, 7, false, cublasGemvParamsEx<int, cublasGemvTensorStridedBatched<__nv_bfloat16 const>, cublasGemvTensorStridedBatched<__nv_bfloat16 const>, cublasGemvTensorStridedBatched<__nv_bfloat16>, float> >(cublasGemvParamsEx<int, cublasGemvTensorStridedBatched<__nv_bfloat16 const>, cublasGemvTensorStridedBatched<__nv_bfloat16 const>, cublasGemvTensorStridedBatched<__nv_bfloat16>, float>)	/root/share/mnt164/huangrulin/c16_ai_workload/raw/C16R_qwen3-30b-a3b_s2-text_decode_nvbit-warp-mref-shard_s2-dec3-natural-expert21-down_20260917T034400Z_e210c0de5678/STATIC_MREF_MAP.tsv	1	0
Q30	169	LDG.E.U16.STRONG.SM	LDG.E.U16.STRONG.SM R34, [R78.64] ;	GLOBAL	LOAD	False	one dynamic warp access of this static memory operand	QUALIFIED	2	SASS opcode U16/S16 data-width suffix	mref_operand_index=single bracketed global address operand	std::enable_if<!(false), void>::type internal::gemvx::kernel<int, int, __nv_bfloat16, __nv_bfloat16, __nv_bfloat16, float, false, true, true, false, 7, false, cublasGemvParamsEx<int, cublasGemvTensorStridedBatched<__nv_bfloat16 const>, cublasGemvTensorStridedBatched<__nv_bfloat16 const>, cublasGemvTensorStridedBatched<__nv_bfloat16>, float> >(cublasGemvParamsEx<int, cublasGemvTensorStridedBatched<__nv_bfloat16 const>, cublasGemvTensorStridedBatched<__nv_bfloat16 const>, cublasGemvTensorStridedBatched<__nv_bfloat16>, float>)	/root/share/mnt164/huangrulin/c16_ai_workload/raw/C16R_qwen3-30b-a3b_s2-text_decode_nvbit-warp-mref-shard_s2-dec3-natural-expert21-down_20260917T034400Z_e210c0de5678/STATIC_MREF_MAP.tsv	1	0
Q30	171	LDG.E.EF.U16	LDG.E.EF.U16 R35, [R42.64] ;	GLOBAL	LOAD	False	one dynamic warp access of this static memory operand	QUALIFIED	2	SASS opcode U16/S16 data-width suffix	mref_operand_index=single bracketed global address operand	std::enable_if<!(false), void>::type internal::gemvx::kernel<int, int, __nv_bfloat16, __nv_bfloat16, __nv_bfloat16, float, false, true, true, false, 7, false, cublasGemvParamsEx<int, cublasGemvTensorStridedBatched<__nv_bfloat16 const>, cublasGemvTensorStridedBatched<__nv_bfloat16 const>, cublasGemvTensorStridedBatched<__nv_bfloat16>, float> >(cublasGemvParamsEx<int, cublasGemvTensorStridedBatched<__nv_bfloat16 const>, cublasGemvTensorStridedBatched<__nv_bfloat16 const>, cublasGemvTensorStridedBatched<__nv_bfloat16>, float>)	/root/share/mnt164/huangrulin/c16_ai_workload/raw/C16R_qwen3-30b-a3b_s2-text_decode_nvbit-warp-mref-shard_s2-dec3-natural-expert21-down_20260917T034400Z_e210c0de5678/STATIC_MREF_MAP.tsv	1	0
Q30	173	LDG.E.U16.STRONG.SM	LDG.E.U16.STRONG.SM R36, [R80.64] ;	GLOBAL	LOAD	False	one dynamic warp access of this static memory operand	QUALIFIED	2	SASS opcode U16/S16 data-width suffix	mref_operand_index=single bracketed global address operand	std::enable_if<!(false), void>::type internal::gemvx::kernel<int, int, __nv_bfloat16, __nv_bfloat16, __nv_bfloat16, float, false, true, true, false, 7, false, cublasGemvParamsEx<int, cublasGemvTensorStridedBatched<__nv_bfloat16 const>, cublasGemvTensorStridedBatched<__nv_bfloat16 const>, cublasGemvTensorStridedBatched<__nv_bfloat16>, float> >(cublasGemvParamsEx<int, cublasGemvTensorStridedBatched<__nv_bfloat16 const>, cublasGemvTensorStridedBatched<__nv_bfloat16 const>, cublasGemvTensorStridedBatched<__nv_bfloat16>, float>)	/root/share/mnt164/huangrulin/c16_ai_workload/raw/C16R_qwen3-30b-a3b_s2-text_decode_nvbit-warp-mref-shard_s2-dec3-natural-expert21-down_20260917T034400Z_e210c0de5678/STATIC_MREF_MAP.tsv	1	0
Q30	175	LDG.E.EF.U16	LDG.E.EF.U16 R37, [R44.64] ;	GLOBAL	LOAD	False	one dynamic warp access of this static memory operand	QUALIFIED	2	SASS opcode U16/S16 data-width suffix	mref_operand_index=single bracketed global address operand	std::enable_if<!(false), void>::type internal::gemvx::kernel<int, int, __nv_bfloat16, __nv_bfloat16, __nv_bfloat16, float, false, true, true, false, 7, false, cublasGemvParamsEx<int, cublasGemvTensorStridedBatched<__nv_bfloat16 const>, cublasGemvTensorStridedBatched<__nv_bfloat16 const>, cublasGemvTensorStridedBatched<__nv_bfloat16>, float> >(cublasGemvParamsEx<int, cublasGemvTensorStridedBatched<__nv_bfloat16 const>, cublasGemvTensorStridedBatched<__nv_bfloat16 const>, cublasGemvTensorStridedBatched<__nv_bfloat16>, float>)	/root/share/mnt164/huangrulin/c16_ai_workload/raw/C16R_qwen3-30b-a3b_s2-text_decode_nvbit-warp-mref-shard_s2-dec3-natural-expert21-down_20260917T034400Z_e210c0de5678/STATIC_MREF_MAP.tsv	1	0
Q30	177	LDG.E.U16.STRONG.SM	LDG.E.U16.STRONG.SM R38, [R106.64] ;	GLOBAL	LOAD	False	one dynamic warp access of this static memory operand	QUALIFIED	2	SASS opcode U16/S16 data-width suffix	mref_operand_index=single bracketed global address operand	std::enable_if<!(false), void>::type internal::gemvx::kernel<int, int, __nv_bfloat16, __nv_bfloat16, __nv_bfloat16, float, false, true, true, false, 7, false, cublasGemvParamsEx<int, cublasGemvTensorStridedBatched<__nv_bfloat16 const>, cublasGemvTensorStridedBatched<__nv_bfloat16 const>, cublasGemvTensorStridedBatched<__nv_bfloat16>, float> >(cublasGemvParamsEx<int, cublasGemvTensorStridedBatched<__nv_bfloat16 const>, cublasGemvTensorStridedBatched<__nv_bfloat16 const>, cublasGemvTensorStridedBatched<__nv_bfloat16>, float>)	/root/share/mnt164/huangrulin/c16_ai_workload/raw/C16R_qwen3-30b-a3b_s2-text_decode_nvbit-warp-mref-shard_s2-dec3-natural-expert21-down_20260917T034400Z_e210c0de5678/STATIC_MREF_MAP.tsv	1	0
Q30	179	LDG.E.EF.U16	LDG.E.EF.U16 R39, [R46.64] ;	GLOBAL	LOAD	False	one dynamic warp access of this static memory operand	QUALIFIED	2	SASS opcode U16/S16 data-width suffix	mref_operand_index=single bracketed global address operand	std::enable_if<!(false), void>::type internal::gemvx::kernel<int, int, __nv_bfloat16, __nv_bfloat16, __nv_bfloat16, float, false, true, true, false, 7, false, cublasGemvParamsEx<int, cublasGemvTensorStridedBatched<__nv_bfloat16 const>, cublasGemvTensorStridedBatched<__nv_bfloat16 const>, cublasGemvTensorStridedBatched<__nv_bfloat16>, float> >(cublasGemvParamsEx<int, cublasGemvTensorStridedBatched<__nv_bfloat16 const>, cublasGemvTensorStridedBatched<__nv_bfloat16 const>, cublasGemvTensorStridedBatched<__nv_bfloat16>, float>)	/root/share/mnt164/huangrulin/c16_ai_workload/raw/C16R_qwen3-30b-a3b_s2-text_decode_nvbit-warp-mref-shard_s2-dec3-natural-expert21-down_20260917T034400Z_e210c0de5678/STATIC_MREF_MAP.tsv	1	0
Q30	181	LDG.E.U16.STRONG.SM	LDG.E.U16.STRONG.SM R40, [R82.64] ;	GLOBAL	LOAD	False	one dynamic warp access of this static memory operand	QUALIFIED	2	SASS opcode U16/S16 data-width suffix	mref_operand_index=single bracketed global address operand	std::enable_if<!(false), void>::type internal::gemvx::kernel<int, int, __nv_bfloat16, __nv_bfloat16, __nv_bfloat16, float, false, true, true, false, 7, false, cublasGemvParamsEx<int, cublasGemvTensorStridedBatched<__nv_bfloat16 const>, cublasGemvTensorStridedBatched<__nv_bfloat16 const>, cublasGemvTensorStridedBatched<__nv_bfloat16>, float> >(cublasGemvParamsEx<int, cublasGemvTensorStridedBatched<__nv_bfloat16 const>, cublasGemvTensorStridedBatched<__nv_bfloat16 const>, cublasGemvTensorStridedBatched<__nv_bfloat16>, float>)	/root/share/mnt164/huangrulin/c16_ai_workload/raw/C16R_qwen3-30b-a3b_s2-text_decode_nvbit-warp-mref-shard_s2-dec3-natural-expert21-down_20260917T034400Z_e210c0de5678/STATIC_MREF_MAP.tsv	1	0
Q30	183	LDG.E.EF.U16	LDG.E.EF.U16 R41, [R48.64] ;	GLOBAL	LOAD	False	one dynamic warp access of this static memory operand	QUALIFIED	2	SASS opcode U16/S16 data-width suffix	mref_operand_index=single bracketed global address operand	std::enable_if<!(false), void>::type internal::gemvx::kernel<int, int, __nv_bfloat16, __nv_bfloat16, __nv_bfloat16, float, false, true, true, false, 7, false, cublasGemvParamsEx<int, cublasGemvTensorStridedBatched<__nv_bfloat16 const>, cublasGemvTensorStridedBatched<__nv_bfloat16 const>, cublasGemvTensorStridedBatched<__nv_bfloat16>, float> >(cublasGemvParamsEx<int, cublasGemvTensorStridedBatched<__nv_bfloat16 const>, cublasGemvTensorStridedBatched<__nv_bfloat16 const>, cublasGemvTensorStridedBatched<__nv_bfloat16>, float>)	/root/share/mnt164/huangrulin/c16_ai_workload/raw/C16R_qwen3-30b-a3b_s2-text_decode_nvbit-warp-mref-shard_s2-dec3-natural-expert21-down_20260917T034400Z_e210c0de5678/STATIC_MREF_MAP.tsv	1	0
Q30	185	LDG.E.U16.STRONG.SM	LDG.E.U16.STRONG.SM R42, [R84.64] ;	GLOBAL	LOAD	False	one dynamic warp access of this static memory operand	QUALIFIED	2	SASS opcode U16/S16 data-width suffix	mref_operand_index=single bracketed global address operand	std::enable_if<!(false), void>::type internal::gemvx::kernel<int, int, __nv_bfloat16, __nv_bfloat16, __nv_bfloat16, float, false, true, true, false, 7, false, cublasGemvParamsEx<int, cublasGemvTensorStridedBatched<__nv_bfloat16 const>, cublasGemvTensorStridedBatched<__nv_bfloat16 const>, cublasGemvTensorStridedBatched<__nv_bfloat16>, float> >(cublasGemvParamsEx<int, cublasGemvTensorStridedBatched<__nv_bfloat16 const>, cublasGemvTensorStridedBatched<__nv_bfloat16 const>, cublasGemvTensorStridedBatched<__nv_bfloat16>, float>)	/root/share/mnt164/huangrulin/c16_ai_workload/raw/C16R_qwen3-30b-a3b_s2-text_decode_nvbit-warp-mref-shard_s2-dec3-natural-expert21-down_20260917T034400Z_e210c0de5678/STATIC_MREF_MAP.tsv	1	0
Q30	187	LDG.E.EF.U16	LDG.E.EF.U16 R43, [R50.64] ;	GLOBAL	LOAD	False	one dynamic warp access of this static memory operand	QUALIFIED	2	SASS opcode U16/S16 data-width suffix	mref_operand_index=single bracketed global address operand	std::enable_if<!(false), void>::type internal::gemvx::kernel<int, int, __nv_bfloat16, __nv_bfloat16, __nv_bfloat16, float, false, true, true, false, 7, false, cublasGemvParamsEx<int, cublasGemvTensorStridedBatched<__nv_bfloat16 const>, cublasGemvTensorStridedBatched<__nv_bfloat16 const>, cublasGemvTensorStridedBatched<__nv_bfloat16>, float> >(cublasGemvParamsEx<int, cublasGemvTensorStridedBatched<__nv_bfloat16 const>, cublasGemvTensorStridedBatched<__nv_bfloat16 const>, cublasGemvTensorStridedBatched<__nv_bfloat16>, float>)	/root/share/mnt164/huangrulin/c16_ai_workload/raw/C16R_qwen3-30b-a3b_s2-text_decode_nvbit-warp-mref-shard_s2-dec3-natural-expert21-down_20260917T034400Z_e210c0de5678/STATIC_MREF_MAP.tsv	1	0
Q30	189	LDG.E.U16.STRONG.SM	LDG.E.U16.STRONG.SM R44, [R108.64] ;	GLOBAL	LOAD	False	one dynamic warp access of this static memory operand	QUALIFIED	2	SASS opcode U16/S16 data-width suffix	mref_operand_index=single bracketed global address operand	std::enable_if<!(false), void>::type internal::gemvx::kernel<int, int, __nv_bfloat16, __nv_bfloat16, __nv_bfloat16, float, false, true, true, false, 7, false, cublasGemvParamsEx<int, cublasGemvTensorStridedBatched<__nv_bfloat16 const>, cublasGemvTensorStridedBatched<__nv_bfloat16 const>, cublasGemvTensorStridedBatched<__nv_bfloat16>, float> >(cublasGemvParamsEx<int, cublasGemvTensorStridedBatched<__nv_bfloat16 const>, cublasGemvTensorStridedBatched<__nv_bfloat16 const>, cublasGemvTensorStridedBatched<__nv_bfloat16>, float>)	/root/share/mnt164/huangrulin/c16_ai_workload/raw/C16R_qwen3-30b-a3b_s2-text_decode_nvbit-warp-mref-shard_s2-dec3-natural-expert21-down_20260917T034400Z_e210c0de5678/STATIC_MREF_MAP.tsv	1	0
Q30	191	LDG.E.EF.U16	LDG.E.EF.U16 R45, [R52.64] ;	GLOBAL	LOAD	False	one dynamic warp access of this static memory operand	QUALIFIED	2	SASS opcode U16/S16 data-width suffix	mref_operand_index=single bracketed global address operand	std::enable_if<!(false), void>::type internal::gemvx::kernel<int, int, __nv_bfloat16, __nv_bfloat16, __nv_bfloat16, float, false, true, true, false, 7, false, cublasGemvParamsEx<int, cublasGemvTensorStridedBatched<__nv_bfloat16 const>, cublasGemvTensorStridedBatched<__nv_bfloat16 const>, cublasGemvTensorStridedBatched<__nv_bfloat16>, float> >(cublasGemvParamsEx<int, cublasGemvTensorStridedBatched<__nv_bfloat16 const>, cublasGemvTensorStridedBatched<__nv_bfloat16 const>, cublasGemvTensorStridedBatched<__nv_bfloat16>, float>)	/root/share/mnt164/huangrulin/c16_ai_workload/raw/C16R_qwen3-30b-a3b_s2-text_decode_nvbit-warp-mref-shard_s2-dec3-natural-expert21-down_20260917T034400Z_e210c0de5678/STATIC_MREF_MAP.tsv	1	0
Q30	193	LDG.E.U16.STRONG.SM	LDG.E.U16.STRONG.SM R46, [R86.64] ;	GLOBAL	LOAD	False	one dynamic warp access of this static memory operand	QUALIFIED	2	SASS opcode U16/S16 data-width suffix	mref_operand_index=single bracketed global address operand	std::enable_if<!(false), void>::type internal::gemvx::kernel<int, int, __nv_bfloat16, __nv_bfloat16, __nv_bfloat16, float, false, true, true, false, 7, false, cublasGemvParamsEx<int, cublasGemvTensorStridedBatched<__nv_bfloat16 const>, cublasGemvTensorStridedBatched<__nv_bfloat16 const>, cublasGemvTensorStridedBatched<__nv_bfloat16>, float> >(cublasGemvParamsEx<int, cublasGemvTensorStridedBatched<__nv_bfloat16 const>, cublasGemvTensorStridedBatched<__nv_bfloat16 const>, cublasGemvTensorStridedBatched<__nv_bfloat16>, float>)	/root/share/mnt164/huangrulin/c16_ai_workload/raw/C16R_qwen3-30b-a3b_s2-text_decode_nvbit-warp-mref-shard_s2-dec3-natural-expert21-down_20260917T034400Z_e210c0de5678/STATIC_MREF_MAP.tsv	1	0
Q30	195	LDG.E.EF.U16	LDG.E.EF.U16 R47, [R54.64] ;	GLOBAL	LOAD	False	one dynamic warp access of this static memory operand	QUALIFIED	2	SASS opcode U16/S16 data-width suffix	mref_operand_index=single bracketed global address operand	std::enable_if<!(false), void>::type internal::gemvx::kernel<int, int, __nv_bfloat16, __nv_bfloat16, __nv_bfloat16, float, false, true, true, false, 7, false, cublasGemvParamsEx<int, cublasGemvTensorStridedBatched<__nv_bfloat16 const>, cublasGemvTensorStridedBatched<__nv_bfloat16 const>, cublasGemvTensorStridedBatched<__nv_bfloat16>, float> >(cublasGemvParamsEx<int, cublasGemvTensorStridedBatched<__nv_bfloat16 const>, cublasGemvTensorStridedBatched<__nv_bfloat16 const>, cublasGemvTensorStridedBatched<__nv_bfloat16>, float>)	/root/share/mnt164/huangrulin/c16_ai_workload/raw/C16R_qwen3-30b-a3b_s2-text_decode_nvbit-warp-mref-shard_s2-dec3-natural-expert21-down_20260917T034400Z_e210c0de5678/STATIC_MREF_MAP.tsv	1	0
Q30	197	LDG.E.U16.STRONG.SM	LDG.E.U16.STRONG.SM R48, [R88.64] ;	GLOBAL	LOAD	False	one dynamic warp access of this static memory operand	QUALIFIED	2	SASS opcode U16/S16 data-width suffix	mref_operand_index=single bracketed global address operand	std::enable_if<!(false), void>::type internal::gemvx::kernel<int, int, __nv_bfloat16, __nv_bfloat16, __nv_bfloat16, float, false, true, true, false, 7, false, cublasGemvParamsEx<int, cublasGemvTensorStridedBatched<__nv_bfloat16 const>, cublasGemvTensorStridedBatched<__nv_bfloat16 const>, cublasGemvTensorStridedBatched<__nv_bfloat16>, float> >(cublasGemvParamsEx<int, cublasGemvTensorStridedBatched<__nv_bfloat16 const>, cublasGemvTensorStridedBatched<__nv_bfloat16 const>, cublasGemvTensorStridedBatched<__nv_bfloat16>, float>)	/root/share/mnt164/huangrulin/c16_ai_workload/raw/C16R_qwen3-30b-a3b_s2-text_decode_nvbit-warp-mref-shard_s2-dec3-natural-expert21-down_20260917T034400Z_e210c0de5678/STATIC_MREF_MAP.tsv	1	0
Q30	199	LDG.E.EF.U16	LDG.E.EF.U16 R49, [R56.64] ;	GLOBAL	LOAD	False	one dynamic warp access of this static memory operand	QUALIFIED	2	SASS opcode U16/S16 data-width suffix	mref_operand_index=single bracketed global address operand	std::enable_if<!(false), void>::type internal::gemvx::kernel<int, int, __nv_bfloat16, __nv_bfloat16, __nv_bfloat16, float, false, true, true, false, 7, false, cublasGemvParamsEx<int, cublasGemvTensorStridedBatched<__nv_bfloat16 const>, cublasGemvTensorStridedBatched<__nv_bfloat16 const>, cublasGemvTensorStridedBatched<__nv_bfloat16>, float> >(cublasGemvParamsEx<int, cublasGemvTensorStridedBatched<__nv_bfloat16 const>, cublasGemvTensorStridedBatched<__nv_bfloat16 const>, cublasGemvTensorStridedBatched<__nv_bfloat16>, float>)	/root/share/mnt164/huangrulin/c16_ai_workload/raw/C16R_qwen3-30b-a3b_s2-text_decode_nvbit-warp-mref-shard_s2-dec3-natural-expert21-down_20260917T034400Z_e210c0de5678/STATIC_MREF_MAP.tsv	1	0
Q30	201	LDG.E.U16.STRONG.SM	LDG.E.U16.STRONG.SM R50, [R110.64] ;	GLOBAL	LOAD	False	one dynamic warp access of this static memory operand	QUALIFIED	2	SASS opcode U16/S16 data-width suffix	mref_operand_index=single bracketed global address operand	std::enable_if<!(false), void>::type internal::gemvx::kernel<int, int, __nv_bfloat16, __nv_bfloat16, __nv_bfloat16, float, false, true, true, false, 7, false, cublasGemvParamsEx<int, cublasGemvTensorStridedBatched<__nv_bfloat16 const>, cublasGemvTensorStridedBatched<__nv_bfloat16 const>, cublasGemvTensorStridedBatched<__nv_bfloat16>, float> >(cublasGemvParamsEx<int, cublasGemvTensorStridedBatched<__nv_bfloat16 const>, cublasGemvTensorStridedBatched<__nv_bfloat16 const>, cublasGemvTensorStridedBatched<__nv_bfloat16>, float>)	/root/share/mnt164/huangrulin/c16_ai_workload/raw/C16R_qwen3-30b-a3b_s2-text_decode_nvbit-warp-mref-shard_s2-dec3-natural-expert21-down_20260917T034400Z_e210c0de5678/STATIC_MREF_MAP.tsv	1	0
Q30	203	LDG.E.EF.U16	LDG.E.EF.U16 R51, [R58.64] ;	GLOBAL	LOAD	False	one dynamic warp access of this static memory operand	QUALIFIED	2	SASS opcode U16/S16 data-width suffix	mref_operand_index=single bracketed global address operand	std::enable_if<!(false), void>::type internal::gemvx::kernel<int, int, __nv_bfloat16, __nv_bfloat16, __nv_bfloat16, float, false, true, true, false, 7, false, cublasGemvParamsEx<int, cublasGemvTensorStridedBatched<__nv_bfloat16 const>, cublasGemvTensorStridedBatched<__nv_bfloat16 const>, cublasGemvTensorStridedBatched<__nv_bfloat16>, float> >(cublasGemvParamsEx<int, cublasGemvTensorStridedBatched<__nv_bfloat16 const>, cublasGemvTensorStridedBatched<__nv_bfloat16 const>, cublasGemvTensorStridedBatched<__nv_bfloat16>, float>)	/root/share/mnt164/huangrulin/c16_ai_workload/raw/C16R_qwen3-30b-a3b_s2-text_decode_nvbit-warp-mref-shard_s2-dec3-natural-expert21-down_20260917T034400Z_e210c0de5678/STATIC_MREF_MAP.tsv	1	0
Q30	205	LDG.E.U16.STRONG.SM	LDG.E.U16.STRONG.SM R52, [R90.64] ;	GLOBAL	LOAD	False	one dynamic warp access of this static memory operand	QUALIFIED	2	SASS opcode U16/S16 data-width suffix	mref_operand_index=single bracketed global address operand	std::enable_if<!(false), void>::type internal::gemvx::kernel<int, int, __nv_bfloat16, __nv_bfloat16, __nv_bfloat16, float, false, true, true, false, 7, false, cublasGemvParamsEx<int, cublasGemvTensorStridedBatched<__nv_bfloat16 const>, cublasGemvTensorStridedBatched<__nv_bfloat16 const>, cublasGemvTensorStridedBatched<__nv_bfloat16>, float> >(cublasGemvParamsEx<int, cublasGemvTensorStridedBatched<__nv_bfloat16 const>, cublasGemvTensorStridedBatched<__nv_bfloat16 const>, cublasGemvTensorStridedBatched<__nv_bfloat16>, float>)	/root/share/mnt164/huangrulin/c16_ai_workload/raw/C16R_qwen3-30b-a3b_s2-text_decode_nvbit-warp-mref-shard_s2-dec3-natural-expert21-down_20260917T034400Z_e210c0de5678/STATIC_MREF_MAP.tsv	1	0
Q30	207	LDG.E.EF.U16	LDG.E.EF.U16 R53, [R60.64] ;	GLOBAL	LOAD	False	one dynamic warp access of this static memory operand	QUALIFIED	2	SASS opcode U16/S16 data-width suffix	mref_operand_index=single bracketed global address operand	std::enable_if<!(false), void>::type internal::gemvx::kernel<int, int, __nv_bfloat16, __nv_bfloat16, __nv_bfloat16, float, false, true, true, false, 7, false, cublasGemvParamsEx<int, cublasGemvTensorStridedBatched<__nv_bfloat16 const>, cublasGemvTensorStridedBatched<__nv_bfloat16 const>, cublasGemvTensorStridedBatched<__nv_bfloat16>, float> >(cublasGemvParamsEx<int, cublasGemvTensorStridedBatched<__nv_bfloat16 const>, cublasGemvTensorStridedBatched<__nv_bfloat16 const>, cublasGemvTensorStridedBatched<__nv_bfloat16>, float>)	/root/share/mnt164/huangrulin/c16_ai_workload/raw/C16R_qwen3-30b-a3b_s2-text_decode_nvbit-warp-mref-shard_s2-dec3-natural-expert21-down_20260917T034400Z_e210c0de5678/STATIC_MREF_MAP.tsv	1	0
Q30	209	LDG.E.U16.STRONG.SM	LDG.E.U16.STRONG.SM R54, [R92.64] ;	GLOBAL	LOAD	False	one dynamic warp access of this static memory operand	QUALIFIED	2	SASS opcode U16/S16 data-width suffix	mref_operand_index=single bracketed global address operand	std::enable_if<!(false), void>::type internal::gemvx::kernel<int, int, __nv_bfloat16, __nv_bfloat16, __nv_bfloat16, float, false, true, true, false, 7, false, cublasGemvParamsEx<int, cublasGemvTensorStridedBatched<__nv_bfloat16 const>, cublasGemvTensorStridedBatched<__nv_bfloat16 const>, cublasGemvTensorStridedBatched<__nv_bfloat16>, float> >(cublasGemvParamsEx<int, cublasGemvTensorStridedBatched<__nv_bfloat16 const>, cublasGemvTensorStridedBatched<__nv_bfloat16 const>, cublasGemvTensorStridedBatched<__nv_bfloat16>, float>)	/root/share/mnt164/huangrulin/c16_ai_workload/raw/C16R_qwen3-30b-a3b_s2-text_decode_nvbit-warp-mref-shard_s2-dec3-natural-expert21-down_20260917T034400Z_e210c0de5678/STATIC_MREF_MAP.tsv	1	0
Q30	211	LDG.E.EF.U16	LDG.E.EF.U16 R55, [R62.64] ;	GLOBAL	LOAD	False	one dynamic warp access of this static memory operand	QUALIFIED	2	SASS opcode U16/S16 data-width suffix	mref_operand_index=single bracketed global address operand	std::enable_if<!(false), void>::type internal::gemvx::kernel<int, int, __nv_bfloat16, __nv_bfloat16, __nv_bfloat16, float, false, true, true, false, 7, false, cublasGemvParamsEx<int, cublasGemvTensorStridedBatched<__nv_bfloat16 const>, cublasGemvTensorStridedBatched<__nv_bfloat16 const>, cublasGemvTensorStridedBatched<__nv_bfloat16>, float> >(cublasGemvParamsEx<int, cublasGemvTensorStridedBatched<__nv_bfloat16 const>, cublasGemvTensorStridedBatched<__nv_bfloat16 const>, cublasGemvTensorStridedBatched<__nv_bfloat16>, float>)	/root/share/mnt164/huangrulin/c16_ai_workload/raw/C16R_qwen3-30b-a3b_s2-text_decode_nvbit-warp-mref-shard_s2-dec3-natural-expert21-down_20260917T034400Z_e210c0de5678/STATIC_MREF_MAP.tsv	1	0
Q30	213	LDG.E.U16.STRONG.SM	LDG.E.U16.STRONG.SM R56, [R114.64] ;	GLOBAL	LOAD	False	one dynamic warp access of this static memory operand	QUALIFIED	2	SASS opcode U16/S16 data-width suffix	mref_operand_index=single bracketed global address operand	std::enable_if<!(false), void>::type internal::gemvx::kernel<int, int, __nv_bfloat16, __nv_bfloat16, __nv_bfloat16, float, false, true, true, false, 7, false, cublasGemvParamsEx<int, cublasGemvTensorStridedBatched<__nv_bfloat16 const>, cublasGemvTensorStridedBatched<__nv_bfloat16 const>, cublasGemvTensorStridedBatched<__nv_bfloat16>, float> >(cublasGemvParamsEx<int, cublasGemvTensorStridedBatched<__nv_bfloat16 const>, cublasGemvTensorStridedBatched<__nv_bfloat16 const>, cublasGemvTensorStridedBatched<__nv_bfloat16>, float>)	/root/share/mnt164/huangrulin/c16_ai_workload/raw/C16R_qwen3-30b-a3b_s2-text_decode_nvbit-warp-mref-shard_s2-dec3-natural-expert21-down_20260917T034400Z_e210c0de5678/STATIC_MREF_MAP.tsv	1	0
Q30	215	LDG.E.EF.U16	LDG.E.EF.U16 R57, [R64.64] ;	GLOBAL	LOAD	False	one dynamic warp access of this static memory operand	QUALIFIED	2	SASS opcode U16/S16 data-width suffix	mref_operand_index=single bracketed global address operand	std::enable_if<!(false), void>::type internal::gemvx::kernel<int, int, __nv_bfloat16, __nv_bfloat16, __nv_bfloat16, float, false, true, true, false, 7, false, cublasGemvParamsEx<int, cublasGemvTensorStridedBatched<__nv_bfloat16 const>, cublasGemvTensorStridedBatched<__nv_bfloat16 const>, cublasGemvTensorStridedBatched<__nv_bfloat16>, float> >(cublasGemvParamsEx<int, cublasGemvTensorStridedBatched<__nv_bfloat16 const>, cublasGemvTensorStridedBatched<__nv_bfloat16 const>, cublasGemvTensorStridedBatched<__nv_bfloat16>, float>)	/root/share/mnt164/huangrulin/c16_ai_workload/raw/C16R_qwen3-30b-a3b_s2-text_decode_nvbit-warp-mref-shard_s2-dec3-natural-expert21-down_20260917T034400Z_e210c0de5678/STATIC_MREF_MAP.tsv	1	0
Q30	217	LDG.E.U16.STRONG.SM	LDG.E.U16.STRONG.SM R58, [R94.64] ;	GLOBAL	LOAD	False	one dynamic warp access of this static memory operand	QUALIFIED	2	SASS opcode U16/S16 data-width suffix	mref_operand_index=single bracketed global address operand	std::enable_if<!(false), void>::type internal::gemvx::kernel<int, int, __nv_bfloat16, __nv_bfloat16, __nv_bfloat16, float, false, true, true, false, 7, false, cublasGemvParamsEx<int, cublasGemvTensorStridedBatched<__nv_bfloat16 const>, cublasGemvTensorStridedBatched<__nv_bfloat16 const>, cublasGemvTensorStridedBatched<__nv_bfloat16>, float> >(cublasGemvParamsEx<int, cublasGemvTensorStridedBatched<__nv_bfloat16 const>, cublasGemvTensorStridedBatched<__nv_bfloat16 const>, cublasGemvTensorStridedBatched<__nv_bfloat16>, float>)	/root/share/mnt164/huangrulin/c16_ai_workload/raw/C16R_qwen3-30b-a3b_s2-text_decode_nvbit-warp-mref-shard_s2-dec3-natural-expert21-down_20260917T034400Z_e210c0de5678/STATIC_MREF_MAP.tsv	1	0
Q30	219	LDG.E.EF.U16	LDG.E.EF.U16 R59, [R66.64] ;	GLOBAL	LOAD	False	one dynamic warp access of this static memory operand	QUALIFIED	2	SASS opcode U16/S16 data-width suffix	mref_operand_index=single bracketed global address operand	std::enable_if<!(false), void>::type internal::gemvx::kernel<int, int, __nv_bfloat16, __nv_bfloat16, __nv_bfloat16, float, false, true, true, false, 7, false, cublasGemvParamsEx<int, cublasGemvTensorStridedBatched<__nv_bfloat16 const>, cublasGemvTensorStridedBatched<__nv_bfloat16 const>, cublasGemvTensorStridedBatched<__nv_bfloat16>, float> >(cublasGemvParamsEx<int, cublasGemvTensorStridedBatched<__nv_bfloat16 const>, cublasGemvTensorStridedBatched<__nv_bfloat16 const>, cublasGemvTensorStridedBatched<__nv_bfloat16>, float>)	/root/share/mnt164/huangrulin/c16_ai_workload/raw/C16R_qwen3-30b-a3b_s2-text_decode_nvbit-warp-mref-shard_s2-dec3-natural-expert21-down_20260917T034400Z_e210c0de5678/STATIC_MREF_MAP.tsv	1	0
Q30	221	LDG.E.U16.STRONG.SM	LDG.E.U16.STRONG.SM R60, [R96.64] ;	GLOBAL	LOAD	False	one dynamic warp access of this static memory operand	QUALIFIED	2	SASS opcode U16/S16 data-width suffix	mref_operand_index=single bracketed global address operand	std::enable_if<!(false), void>::type internal::gemvx::kernel<int, int, __nv_bfloat16, __nv_bfloat16, __nv_bfloat16, float, false, true, true, false, 7, false, cublasGemvParamsEx<int, cublasGemvTensorStridedBatched<__nv_bfloat16 const>, cublasGemvTensorStridedBatched<__nv_bfloat16 const>, cublasGemvTensorStridedBatched<__nv_bfloat16>, float> >(cublasGemvParamsEx<int, cublasGemvTensorStridedBatched<__nv_bfloat16 const>, cublasGemvTensorStridedBatched<__nv_bfloat16 const>, cublasGemvTensorStridedBatched<__nv_bfloat16>, float>)	/root/share/mnt164/huangrulin/c16_ai_workload/raw/C16R_qwen3-30b-a3b_s2-text_decode_nvbit-warp-mref-shard_s2-dec3-natural-expert21-down_20260917T034400Z_e210c0de5678/STATIC_MREF_MAP.tsv	1	0
Q30	223	LDG.E.EF.U16	LDG.E.EF.U16 R61, [R68.64] ;	GLOBAL	LOAD	False	one dynamic warp access of this static memory operand	QUALIFIED	2	SASS opcode U16/S16 data-width suffix	mref_operand_index=single bracketed global address operand	std::enable_if<!(false), void>::type internal::gemvx::kernel<int, int, __nv_bfloat16, __nv_bfloat16, __nv_bfloat16, float, false, true, true, false, 7, false, cublasGemvParamsEx<int, cublasGemvTensorStridedBatched<__nv_bfloat16 const>, cublasGemvTensorStridedBatched<__nv_bfloat16 const>, cublasGemvTensorStridedBatched<__nv_bfloat16>, float> >(cublasGemvParamsEx<int, cublasGemvTensorStridedBatched<__nv_bfloat16 const>, cublasGemvTensorStridedBatched<__nv_bfloat16 const>, cublasGemvTensorStridedBatched<__nv_bfloat16>, float>)	/root/share/mnt164/huangrulin/c16_ai_workload/raw/C16R_qwen3-30b-a3b_s2-text_decode_nvbit-warp-mref-shard_s2-dec3-natural-expert21-down_20260917T034400Z_e210c0de5678/STATIC_MREF_MAP.tsv	1	0
Q30	225	LDG.E.U16.STRONG.SM	LDG.E.U16.STRONG.SM R62, [R116.64] ;	GLOBAL	LOAD	False	one dynamic warp access of this static memory operand	QUALIFIED	2	SASS opcode U16/S16 data-width suffix	mref_operand_index=single bracketed global address operand	std::enable_if<!(false), void>::type internal::gemvx::kernel<int, int, __nv_bfloat16, __nv_bfloat16, __nv_bfloat16, float, false, true, true, false, 7, false, cublasGemvParamsEx<int, cublasGemvTensorStridedBatched<__nv_bfloat16 const>, cublasGemvTensorStridedBatched<__nv_bfloat16 const>, cublasGemvTensorStridedBatched<__nv_bfloat16>, float> >(cublasGemvParamsEx<int, cublasGemvTensorStridedBatched<__nv_bfloat16 const>, cublasGemvTensorStridedBatched<__nv_bfloat16 const>, cublasGemvTensorStridedBatched<__nv_bfloat16>, float>)	/root/share/mnt164/huangrulin/c16_ai_workload/raw/C16R_qwen3-30b-a3b_s2-text_decode_nvbit-warp-mref-shard_s2-dec3-natural-expert21-down_20260917T034400Z_e210c0de5678/STATIC_MREF_MAP.tsv	1	0
Q30	227	LDG.E.EF.U16	LDG.E.EF.U16 R63, [R70.64] ;	GLOBAL	LOAD	False	one dynamic warp access of this static memory operand	QUALIFIED	2	SASS opcode U16/S16 data-width suffix	mref_operand_index=single bracketed global address operand	std::enable_if<!(false), void>::type internal::gemvx::kernel<int, int, __nv_bfloat16, __nv_bfloat16, __nv_bfloat16, float, false, true, true, false, 7, false, cublasGemvParamsEx<int, cublasGemvTensorStridedBatched<__nv_bfloat16 const>, cublasGemvTensorStridedBatched<__nv_bfloat16 const>, cublasGemvTensorStridedBatched<__nv_bfloat16>, float> >(cublasGemvParamsEx<int, cublasGemvTensorStridedBatched<__nv_bfloat16 const>, cublasGemvTensorStridedBatched<__nv_bfloat16 const>, cublasGemvTensorStridedBatched<__nv_bfloat16>, float>)	/root/share/mnt164/huangrulin/c16_ai_workload/raw/C16R_qwen3-30b-a3b_s2-text_decode_nvbit-warp-mref-shard_s2-dec3-natural-expert21-down_20260917T034400Z_e210c0de5678/STATIC_MREF_MAP.tsv	1	0
Q30	229	LDG.E.U16.STRONG.SM	LDG.E.U16.STRONG.SM R64, [R98.64] ;	GLOBAL	LOAD	False	one dynamic warp access of this static memory operand	QUALIFIED	2	SASS opcode U16/S16 data-width suffix	mref_operand_index=single bracketed global address operand	std::enable_if<!(false), void>::type internal::gemvx::kernel<int, int, __nv_bfloat16, __nv_bfloat16, __nv_bfloat16, float, false, true, true, false, 7, false, cublasGemvParamsEx<int, cublasGemvTensorStridedBatched<__nv_bfloat16 const>, cublasGemvTensorStridedBatched<__nv_bfloat16 const>, cublasGemvTensorStridedBatched<__nv_bfloat16>, float> >(cublasGemvParamsEx<int, cublasGemvTensorStridedBatched<__nv_bfloat16 const>, cublasGemvTensorStridedBatched<__nv_bfloat16 const>, cublasGemvTensorStridedBatched<__nv_bfloat16>, float>)	/root/share/mnt164/huangrulin/c16_ai_workload/raw/C16R_qwen3-30b-a3b_s2-text_decode_nvbit-warp-mref-shard_s2-dec3-natural-expert21-down_20260917T034400Z_e210c0de5678/STATIC_MREF_MAP.tsv	1	0
Q30	231	LDG.E.EF.U16	LDG.E.EF.U16 R65, [R72.64] ;	GLOBAL	LOAD	False	one dynamic warp access of this static memory operand	QUALIFIED	2	SASS opcode U16/S16 data-width suffix	mref_operand_index=single bracketed global address operand	std::enable_if<!(false), void>::type internal::gemvx::kernel<int, int, __nv_bfloat16, __nv_bfloat16, __nv_bfloat16, float, false, true, true, false, 7, false, cublasGemvParamsEx<int, cublasGemvTensorStridedBatched<__nv_bfloat16 const>, cublasGemvTensorStridedBatched<__nv_bfloat16 const>, cublasGemvTensorStridedBatched<__nv_bfloat16>, float> >(cublasGemvParamsEx<int, cublasGemvTensorStridedBatched<__nv_bfloat16 const>, cublasGemvTensorStridedBatched<__nv_bfloat16 const>, cublasGemvTensorStridedBatched<__nv_bfloat16>, float>)	/root/share/mnt164/huangrulin/c16_ai_workload/raw/C16R_qwen3-30b-a3b_s2-text_decode_nvbit-warp-mref-shard_s2-dec3-natural-expert21-down_20260917T034400Z_e210c0de5678/STATIC_MREF_MAP.tsv	1	0
Q30	233	LDG.E.U16.STRONG.SM	LDG.E.U16.STRONG.SM R66, [R100.64] ;	GLOBAL	LOAD	False	one dynamic warp access of this static memory operand	QUALIFIED	2	SASS opcode U16/S16 data-width suffix	mref_operand_index=single bracketed global address operand	std::enable_if<!(false), void>::type internal::gemvx::kernel<int, int, __nv_bfloat16, __nv_bfloat16, __nv_bfloat16, float, false, true, true, false, 7, false, cublasGemvParamsEx<int, cublasGemvTensorStridedBatched<__nv_bfloat16 const>, cublasGemvTensorStridedBatched<__nv_bfloat16 const>, cublasGemvTensorStridedBatched<__nv_bfloat16>, float> >(cublasGemvParamsEx<int, cublasGemvTensorStridedBatched<__nv_bfloat16 const>, cublasGemvTensorStridedBatched<__nv_bfloat16 const>, cublasGemvTensorStridedBatched<__nv_bfloat16>, float>)	/root/share/mnt164/huangrulin/c16_ai_workload/raw/C16R_qwen3-30b-a3b_s2-text_decode_nvbit-warp-mref-shard_s2-dec3-natural-expert21-down_20260917T034400Z_e210c0de5678/STATIC_MREF_MAP.tsv	1	0
Q30	235	LDG.E.EF.U16	LDG.E.EF.U16 R67, [R74.64] ;	GLOBAL	LOAD	False	one dynamic warp access of this static memory operand	QUALIFIED	2	SASS opcode U16/S16 data-width suffix	mref_operand_index=single bracketed global address operand	std::enable_if<!(false), void>::type internal::gemvx::kernel<int, int, __nv_bfloat16, __nv_bfloat16, __nv_bfloat16, float, false, true, true, false, 7, false, cublasGemvParamsEx<int, cublasGemvTensorStridedBatched<__nv_bfloat16 const>, cublasGemvTensorStridedBatched<__nv_bfloat16 const>, cublasGemvTensorStridedBatched<__nv_bfloat16>, float> >(cublasGemvParamsEx<int, cublasGemvTensorStridedBatched<__nv_bfloat16 const>, cublasGemvTensorStridedBatched<__nv_bfloat16 const>, cublasGemvTensorStridedBatched<__nv_bfloat16>, float>)	/root/share/mnt164/huangrulin/c16_ai_workload/raw/C16R_qwen3-30b-a3b_s2-text_decode_nvbit-warp-mref-shard_s2-dec3-natural-expert21-down_20260917T034400Z_e210c0de5678/STATIC_MREF_MAP.tsv	1	0
Q30	237	LDG.E.U16.STRONG.SM	LDG.E.U16.STRONG.SM R68, [R118.64] ;	GLOBAL	LOAD	False	one dynamic warp access of this static memory operand	QUALIFIED	2	SASS opcode U16/S16 data-width suffix	mref_operand_index=single bracketed global address operand	std::enable_if<!(false), void>::type internal::gemvx::kernel<int, int, __nv_bfloat16, __nv_bfloat16, __nv_bfloat16, float, false, true, true, false, 7, false, cublasGemvParamsEx<int, cublasGemvTensorStridedBatched<__nv_bfloat16 const>, cublasGemvTensorStridedBatched<__nv_bfloat16 const>, cublasGemvTensorStridedBatched<__nv_bfloat16>, float> >(cublasGemvParamsEx<int, cublasGemvTensorStridedBatched<__nv_bfloat16 const>, cublasGemvTensorStridedBatched<__nv_bfloat16 const>, cublasGemvTensorStridedBatched<__nv_bfloat16>, float>)	/root/share/mnt164/huangrulin/c16_ai_workload/raw/C16R_qwen3-30b-a3b_s2-text_decode_nvbit-warp-mref-shard_s2-dec3-natural-expert21-down_20260917T034400Z_e210c0de5678/STATIC_MREF_MAP.tsv	1	0
Q30	239	LDG.E.EF.U16	LDG.E.EF.U16 R69, [R76.64] ;	GLOBAL	LOAD	False	one dynamic warp access of this static memory operand	QUALIFIED	2	SASS opcode U16/S16 data-width suffix	mref_operand_index=single bracketed global address operand	std::enable_if<!(false), void>::type internal::gemvx::kernel<int, int, __nv_bfloat16, __nv_bfloat16, __nv_bfloat16, float, false, true, true, false, 7, false, cublasGemvParamsEx<int, cublasGemvTensorStridedBatched<__nv_bfloat16 const>, cublasGemvTensorStridedBatched<__nv_bfloat16 const>, cublasGemvTensorStridedBatched<__nv_bfloat16>, float> >(cublasGemvParamsEx<int, cublasGemvTensorStridedBatched<__nv_bfloat16 const>, cublasGemvTensorStridedBatched<__nv_bfloat16 const>, cublasGemvTensorStridedBatched<__nv_bfloat16>, float>)	/root/share/mnt164/huangrulin/c16_ai_workload/raw/C16R_qwen3-30b-a3b_s2-text_decode_nvbit-warp-mref-shard_s2-dec3-natural-expert21-down_20260917T034400Z_e210c0de5678/STATIC_MREF_MAP.tsv	1	0
Q30	241	LDG.E.U16.STRONG.SM	LDG.E.U16.STRONG.SM R70, [R102.64] ;	GLOBAL	LOAD	False	one dynamic warp access of this static memory operand	QUALIFIED	2	SASS opcode U16/S16 data-width suffix	mref_operand_index=single bracketed global address operand	std::enable_if<!(false), void>::type internal::gemvx::kernel<int, int, __nv_bfloat16, __nv_bfloat16, __nv_bfloat16, float, false, true, true, false, 7, false, cublasGemvParamsEx<int, cublasGemvTensorStridedBatched<__nv_bfloat16 const>, cublasGemvTensorStridedBatched<__nv_bfloat16 const>, cublasGemvTensorStridedBatched<__nv_bfloat16>, float> >(cublasGemvParamsEx<int, cublasGemvTensorStridedBatched<__nv_bfloat16 const>, cublasGemvTensorStridedBatched<__nv_bfloat16 const>, cublasGemvTensorStridedBatched<__nv_bfloat16>, float>)	/root/share/mnt164/huangrulin/c16_ai_workload/raw/C16R_qwen3-30b-a3b_s2-text_decode_nvbit-warp-mref-shard_s2-dec3-natural-expert21-down_20260917T034400Z_e210c0de5678/STATIC_MREF_MAP.tsv	1	0
Q30	243	LDG.E.EF.U16	LDG.E.EF.U16 R71, [R78.64] ;	GLOBAL	LOAD	False	one dynamic warp access of this static memory operand	QUALIFIED	2	SASS opcode U16/S16 data-width suffix	mref_operand_index=single bracketed global address operand	std::enable_if<!(false), void>::type internal::gemvx::kernel<int, int, __nv_bfloat16, __nv_bfloat16, __nv_bfloat16, float, false, true, true, false, 7, false, cublasGemvParamsEx<int, cublasGemvTensorStridedBatched<__nv_bfloat16 const>, cublasGemvTensorStridedBatched<__nv_bfloat16 const>, cublasGemvTensorStridedBatched<__nv_bfloat16>, float> >(cublasGemvParamsEx<int, cublasGemvTensorStridedBatched<__nv_bfloat16 const>, cublasGemvTensorStridedBatched<__nv_bfloat16 const>, cublasGemvTensorStridedBatched<__nv_bfloat16>, float>)	/root/share/mnt164/huangrulin/c16_ai_workload/raw/C16R_qwen3-30b-a3b_s2-text_decode_nvbit-warp-mref-shard_s2-dec3-natural-expert21-down_20260917T034400Z_e210c0de5678/STATIC_MREF_MAP.tsv	1	0
Q30	245	LDG.E.U16.STRONG.SM	LDG.E.U16.STRONG.SM R72, [R104.64] ;	GLOBAL	LOAD	False	one dynamic warp access of this static memory operand	QUALIFIED	2	SASS opcode U16/S16 data-width suffix	mref_operand_index=single bracketed global address operand	std::enable_if<!(false), void>::type internal::gemvx::kernel<int, int, __nv_bfloat16, __nv_bfloat16, __nv_bfloat16, float, false, true, true, false, 7, false, cublasGemvParamsEx<int, cublasGemvTensorStridedBatched<__nv_bfloat16 const>, cublasGemvTensorStridedBatched<__nv_bfloat16 const>, cublasGemvTensorStridedBatched<__nv_bfloat16>, float> >(cublasGemvParamsEx<int, cublasGemvTensorStridedBatched<__nv_bfloat16 const>, cublasGemvTensorStridedBatched<__nv_bfloat16 const>, cublasGemvTensorStridedBatched<__nv_bfloat16>, float>)	/root/share/mnt164/huangrulin/c16_ai_workload/raw/C16R_qwen3-30b-a3b_s2-text_decode_nvbit-warp-mref-shard_s2-dec3-natural-expert21-down_20260917T034400Z_e210c0de5678/STATIC_MREF_MAP.tsv	1	0
Q30	247	LDG.E.EF.U16	LDG.E.EF.U16 R73, [R80.64] ;	GLOBAL	LOAD	False	one dynamic warp access of this static memory operand	QUALIFIED	2	SASS opcode U16/S16 data-width suffix	mref_operand_index=single bracketed global address operand	std::enable_if<!(false), void>::type internal::gemvx::kernel<int, int, __nv_bfloat16, __nv_bfloat16, __nv_bfloat16, float, false, true, true, false, 7, false, cublasGemvParamsEx<int, cublasGemvTensorStridedBatched<__nv_bfloat16 const>, cublasGemvTensorStridedBatched<__nv_bfloat16 const>, cublasGemvTensorStridedBatched<__nv_bfloat16>, float> >(cublasGemvParamsEx<int, cublasGemvTensorStridedBatched<__nv_bfloat16 const>, cublasGemvTensorStridedBatched<__nv_bfloat16 const>, cublasGemvTensorStridedBatched<__nv_bfloat16>, float>)	/root/share/mnt164/huangrulin/c16_ai_workload/raw/C16R_qwen3-30b-a3b_s2-text_decode_nvbit-warp-mref-shard_s2-dec3-natural-expert21-down_20260917T034400Z_e210c0de5678/STATIC_MREF_MAP.tsv	1	0
Q30	249	LDG.E.U16.STRONG.SM	LDG.E.U16.STRONG.SM R74, [R122.64] ;	GLOBAL	LOAD	False	one dynamic warp access of this static memory operand	QUALIFIED	2	SASS opcode U16/S16 data-width suffix	mref_operand_index=single bracketed global address operand	std::enable_if<!(false), void>::type internal::gemvx::kernel<int, int, __nv_bfloat16, __nv_bfloat16, __nv_bfloat16, float, false, true, true, false, 7, false, cublasGemvParamsEx<int, cublasGemvTensorStridedBatched<__nv_bfloat16 const>, cublasGemvTensorStridedBatched<__nv_bfloat16 const>, cublasGemvTensorStridedBatched<__nv_bfloat16>, float> >(cublasGemvParamsEx<int, cublasGemvTensorStridedBatched<__nv_bfloat16 const>, cublasGemvTensorStridedBatched<__nv_bfloat16 const>, cublasGemvTensorStridedBatched<__nv_bfloat16>, float>)	/root/share/mnt164/huangrulin/c16_ai_workload/raw/C16R_qwen3-30b-a3b_s2-text_decode_nvbit-warp-mref-shard_s2-dec3-natural-expert21-down_20260917T034400Z_e210c0de5678/STATIC_MREF_MAP.tsv	1	0
Q30	251	LDG.E.EF.U16	LDG.E.EF.U16 R75, [R82.64] ;	GLOBAL	LOAD	False	one dynamic warp access of this static memory operand	QUALIFIED	2	SASS opcode U16/S16 data-width suffix	mref_operand_index=single bracketed global address operand	std::enable_if<!(false), void>::type internal::gemvx::kernel<int, int, __nv_bfloat16, __nv_bfloat16, __nv_bfloat16, float, false, true, true, false, 7, false, cublasGemvParamsEx<int, cublasGemvTensorStridedBatched<__nv_bfloat16 const>, cublasGemvTensorStridedBatched<__nv_bfloat16 const>, cublasGemvTensorStridedBatched<__nv_bfloat16>, float> >(cublasGemvParamsEx<int, cublasGemvTensorStridedBatched<__nv_bfloat16 const>, cublasGemvTensorStridedBatched<__nv_bfloat16 const>, cublasGemvTensorStridedBatched<__nv_bfloat16>, float>)	/root/share/mnt164/huangrulin/c16_ai_workload/raw/C16R_qwen3-30b-a3b_s2-text_decode_nvbit-warp-mref-shard_s2-dec3-natural-expert21-down_20260917T034400Z_e210c0de5678/STATIC_MREF_MAP.tsv	1	0
Q30	253	LDG.E.U16.STRONG.SM	LDG.E.U16.STRONG.SM R76, [R106.64] ;	GLOBAL	LOAD	False	one dynamic warp access of this static memory operand	QUALIFIED	2	SASS opcode U16/S16 data-width suffix	mref_operand_index=single bracketed global address operand	std::enable_if<!(false), void>::type internal::gemvx::kernel<int, int, __nv_bfloat16, __nv_bfloat16, __nv_bfloat16, float, false, true, true, false, 7, false, cublasGemvParamsEx<int, cublasGemvTensorStridedBatched<__nv_bfloat16 const>, cublasGemvTensorStridedBatched<__nv_bfloat16 const>, cublasGemvTensorStridedBatched<__nv_bfloat16>, float> >(cublasGemvParamsEx<int, cublasGemvTensorStridedBatched<__nv_bfloat16 const>, cublasGemvTensorStridedBatched<__nv_bfloat16 const>, cublasGemvTensorStridedBatched<__nv_bfloat16>, float>)	/root/share/mnt164/huangrulin/c16_ai_workload/raw/C16R_qwen3-30b-a3b_s2-text_decode_nvbit-warp-mref-shard_s2-dec3-natural-expert21-down_20260917T034400Z_e210c0de5678/STATIC_MREF_MAP.tsv	1	0
Q30	255	LDG.E.EF.U16	LDG.E.EF.U16 R77, [R84.64] ;	GLOBAL	LOAD	False	one dynamic warp access of this static memory operand	QUALIFIED	2	SASS opcode U16/S16 data-width suffix	mref_operand_index=single bracketed global address operand	std::enable_if<!(false), void>::type internal::gemvx::kernel<int, int, __nv_bfloat16, __nv_bfloat16, __nv_bfloat16, float, false, true, true, false, 7, false, cublasGemvParamsEx<int, cublasGemvTensorStridedBatched<__nv_bfloat16 const>, cublasGemvTensorStridedBatched<__nv_bfloat16 const>, cublasGemvTensorStridedBatched<__nv_bfloat16>, float> >(cublasGemvParamsEx<int, cublasGemvTensorStridedBatched<__nv_bfloat16 const>, cublasGemvTensorStridedBatched<__nv_bfloat16 const>, cublasGemvTensorStridedBatched<__nv_bfloat16>, float>)	/root/share/mnt164/huangrulin/c16_ai_workload/raw/C16R_qwen3-30b-a3b_s2-text_decode_nvbit-warp-mref-shard_s2-dec3-natural-expert21-down_20260917T034400Z_e210c0de5678/STATIC_MREF_MAP.tsv	1	0
Q30	257	LDG.E.U16.STRONG.SM	LDG.E.U16.STRONG.SM R78, [R108.64] ;	GLOBAL	LOAD	False	one dynamic warp access of this static memory operand	QUALIFIED	2	SASS opcode U16/S16 data-width suffix	mref_operand_index=single bracketed global address operand	std::enable_if<!(false), void>::type internal::gemvx::kernel<int, int, __nv_bfloat16, __nv_bfloat16, __nv_bfloat16, float, false, true, true, false, 7, false, cublasGemvParamsEx<int, cublasGemvTensorStridedBatched<__nv_bfloat16 const>, cublasGemvTensorStridedBatched<__nv_bfloat16 const>, cublasGemvTensorStridedBatched<__nv_bfloat16>, float> >(cublasGemvParamsEx<int, cublasGemvTensorStridedBatched<__nv_bfloat16 const>, cublasGemvTensorStridedBatched<__nv_bfloat16 const>, cublasGemvTensorStridedBatched<__nv_bfloat16>, float>)	/root/share/mnt164/huangrulin/c16_ai_workload/raw/C16R_qwen3-30b-a3b_s2-text_decode_nvbit-warp-mref-shard_s2-dec3-natural-expert21-down_20260917T034400Z_e210c0de5678/STATIC_MREF_MAP.tsv	1	0
Q30	259	LDG.E.EF.U16	LDG.E.EF.U16 R79, [R86.64] ;	GLOBAL	LOAD	False	one dynamic warp access of this static memory operand	QUALIFIED	2	SASS opcode U16/S16 data-width suffix	mref_operand_index=single bracketed global address operand	std::enable_if<!(false), void>::type internal::gemvx::kernel<int, int, __nv_bfloat16, __nv_bfloat16, __nv_bfloat16, float, false, true, true, false, 7, false, cublasGemvParamsEx<int, cublasGemvTensorStridedBatched<__nv_bfloat16 const>, cublasGemvTensorStridedBatched<__nv_bfloat16 const>, cublasGemvTensorStridedBatched<__nv_bfloat16>, float> >(cublasGemvParamsEx<int, cublasGemvTensorStridedBatched<__nv_bfloat16 const>, cublasGemvTensorStridedBatched<__nv_bfloat16 const>, cublasGemvTensorStridedBatched<__nv_bfloat16>, float>)	/root/share/mnt164/huangrulin/c16_ai_workload/raw/C16R_qwen3-30b-a3b_s2-text_decode_nvbit-warp-mref-shard_s2-dec3-natural-expert21-down_20260917T034400Z_e210c0de5678/STATIC_MREF_MAP.tsv	1	0
Q30	261	LDG.E.U16.STRONG.SM	LDG.E.U16.STRONG.SM R80, [R124.64] ;	GLOBAL	LOAD	False	one dynamic warp access of this static memory operand	QUALIFIED	2	SASS opcode U16/S16 data-width suffix	mref_operand_index=single bracketed global address operand	std::enable_if<!(false), void>::type internal::gemvx::kernel<int, int, __nv_bfloat16, __nv_bfloat16, __nv_bfloat16, float, false, true, true, false, 7, false, cublasGemvParamsEx<int, cublasGemvTensorStridedBatched<__nv_bfloat16 const>, cublasGemvTensorStridedBatched<__nv_bfloat16 const>, cublasGemvTensorStridedBatched<__nv_bfloat16>, float> >(cublasGemvParamsEx<int, cublasGemvTensorStridedBatched<__nv_bfloat16 const>, cublasGemvTensorStridedBatched<__nv_bfloat16 const>, cublasGemvTensorStridedBatched<__nv_bfloat16>, float>)	/root/share/mnt164/huangrulin/c16_ai_workload/raw/C16R_qwen3-30b-a3b_s2-text_decode_nvbit-warp-mref-shard_s2-dec3-natural-expert21-down_20260917T034400Z_e210c0de5678/STATIC_MREF_MAP.tsv	1	0
Q30	263	LDG.E.EF.U16	LDG.E.EF.U16 R81, [R88.64] ;	GLOBAL	LOAD	False	one dynamic warp access of this static memory operand	QUALIFIED	2	SASS opcode U16/S16 data-width suffix	mref_operand_index=single bracketed global address operand	std::enable_if<!(false), void>::type internal::gemvx::kernel<int, int, __nv_bfloat16, __nv_bfloat16, __nv_bfloat16, float, false, true, true, false, 7, false, cublasGemvParamsEx<int, cublasGemvTensorStridedBatched<__nv_bfloat16 const>, cublasGemvTensorStridedBatched<__nv_bfloat16 const>, cublasGemvTensorStridedBatched<__nv_bfloat16>, float> >(cublasGemvParamsEx<int, cublasGemvTensorStridedBatched<__nv_bfloat16 const>, cublasGemvTensorStridedBatched<__nv_bfloat16 const>, cublasGemvTensorStridedBatched<__nv_bfloat16>, float>)	/root/share/mnt164/huangrulin/c16_ai_workload/raw/C16R_qwen3-30b-a3b_s2-text_decode_nvbit-warp-mref-shard_s2-dec3-natural-expert21-down_20260917T034400Z_e210c0de5678/STATIC_MREF_MAP.tsv	1	0
Q30	265	LDG.E.U16.STRONG.SM	LDG.E.U16.STRONG.SM R82, [R110.64] ;	GLOBAL	LOAD	False	one dynamic warp access of this static memory operand	QUALIFIED	2	SASS opcode U16/S16 data-width suffix	mref_operand_index=single bracketed global address operand	std::enable_if<!(false), void>::type internal::gemvx::kernel<int, int, __nv_bfloat16, __nv_bfloat16, __nv_bfloat16, float, false, true, true, false, 7, false, cublasGemvParamsEx<int, cublasGemvTensorStridedBatched<__nv_bfloat16 const>, cublasGemvTensorStridedBatched<__nv_bfloat16 const>, cublasGemvTensorStridedBatched<__nv_bfloat16>, float> >(cublasGemvParamsEx<int, cublasGemvTensorStridedBatched<__nv_bfloat16 const>, cublasGemvTensorStridedBatched<__nv_bfloat16 const>, cublasGemvTensorStridedBatched<__nv_bfloat16>, float>)	/root/share/mnt164/huangrulin/c16_ai_workload/raw/C16R_qwen3-30b-a3b_s2-text_decode_nvbit-warp-mref-shard_s2-dec3-natural-expert21-down_20260917T034400Z_e210c0de5678/STATIC_MREF_MAP.tsv	1	0
Q30	267	LDG.E.EF.U16	LDG.E.EF.U16 R83, [R90.64] ;	GLOBAL	LOAD	False	one dynamic warp access of this static memory operand	QUALIFIED	2	SASS opcode U16/S16 data-width suffix	mref_operand_index=single bracketed global address operand	std::enable_if<!(false), void>::type internal::gemvx::kernel<int, int, __nv_bfloat16, __nv_bfloat16, __nv_bfloat16, float, false, true, true, false, 7, false, cublasGemvParamsEx<int, cublasGemvTensorStridedBatched<__nv_bfloat16 const>, cublasGemvTensorStridedBatched<__nv_bfloat16 const>, cublasGemvTensorStridedBatched<__nv_bfloat16>, float> >(cublasGemvParamsEx<int, cublasGemvTensorStridedBatched<__nv_bfloat16 const>, cublasGemvTensorStridedBatched<__nv_bfloat16 const>, cublasGemvTensorStridedBatched<__nv_bfloat16>, float>)	/root/share/mnt164/huangrulin/c16_ai_workload/raw/C16R_qwen3-30b-a3b_s2-text_decode_nvbit-warp-mref-shard_s2-dec3-natural-expert21-down_20260917T034400Z_e210c0de5678/STATIC_MREF_MAP.tsv	1	0
Q30	269	LDG.E.U16.STRONG.SM	LDG.E.U16.STRONG.SM R84, [R112.64] ;	GLOBAL	LOAD	False	one dynamic warp access of this static memory operand	QUALIFIED	2	SASS opcode U16/S16 data-width suffix	mref_operand_index=single bracketed global address operand	std::enable_if<!(false), void>::type internal::gemvx::kernel<int, int, __nv_bfloat16, __nv_bfloat16, __nv_bfloat16, float, false, true, true, false, 7, false, cublasGemvParamsEx<int, cublasGemvTensorStridedBatched<__nv_bfloat16 const>, cublasGemvTensorStridedBatched<__nv_bfloat16 const>, cublasGemvTensorStridedBatched<__nv_bfloat16>, float> >(cublasGemvParamsEx<int, cublasGemvTensorStridedBatched<__nv_bfloat16 const>, cublasGemvTensorStridedBatched<__nv_bfloat16 const>, cublasGemvTensorStridedBatched<__nv_bfloat16>, float>)	/root/share/mnt164/huangrulin/c16_ai_workload/raw/C16R_qwen3-30b-a3b_s2-text_decode_nvbit-warp-mref-shard_s2-dec3-natural-expert21-down_20260917T034400Z_e210c0de5678/STATIC_MREF_MAP.tsv	1	0
Q30	271	LDG.E.EF.U16	LDG.E.EF.U16 R85, [R92.64] ;	GLOBAL	LOAD	False	one dynamic warp access of this static memory operand	QUALIFIED	2	SASS opcode U16/S16 data-width suffix	mref_operand_index=single bracketed global address operand	std::enable_if<!(false), void>::type internal::gemvx::kernel<int, int, __nv_bfloat16, __nv_bfloat16, __nv_bfloat16, float, false, true, true, false, 7, false, cublasGemvParamsEx<int, cublasGemvTensorStridedBatched<__nv_bfloat16 const>, cublasGemvTensorStridedBatched<__nv_bfloat16 const>, cublasGemvTensorStridedBatched<__nv_bfloat16>, float> >(cublasGemvParamsEx<int, cublasGemvTensorStridedBatched<__nv_bfloat16 const>, cublasGemvTensorStridedBatched<__nv_bfloat16 const>, cublasGemvTensorStridedBatched<__nv_bfloat16>, float>)	/root/share/mnt164/huangrulin/c16_ai_workload/raw/C16R_qwen3-30b-a3b_s2-text_decode_nvbit-warp-mref-shard_s2-dec3-natural-expert21-down_20260917T034400Z_e210c0de5678/STATIC_MREF_MAP.tsv	1	0
Q30	273	LDG.E.U16.STRONG.SM	LDG.E.U16.STRONG.SM R86, [R142.64] ;	GLOBAL	LOAD	False	one dynamic warp access of this static memory operand	QUALIFIED	2	SASS opcode U16/S16 data-width suffix	mref_operand_index=single bracketed global address operand	std::enable_if<!(false), void>::type internal::gemvx::kernel<int, int, __nv_bfloat16, __nv_bfloat16, __nv_bfloat16, float, false, true, true, false, 7, false, cublasGemvParamsEx<int, cublasGemvTensorStridedBatched<__nv_bfloat16 const>, cublasGemvTensorStridedBatched<__nv_bfloat16 const>, cublasGemvTensorStridedBatched<__nv_bfloat16>, float> >(cublasGemvParamsEx<int, cublasGemvTensorStridedBatched<__nv_bfloat16 const>, cublasGemvTensorStridedBatched<__nv_bfloat16 const>, cublasGemvTensorStridedBatched<__nv_bfloat16>, float>)	/root/share/mnt164/huangrulin/c16_ai_workload/raw/C16R_qwen3-30b-a3b_s2-text_decode_nvbit-warp-mref-shard_s2-dec3-natural-expert21-down_20260917T034400Z_e210c0de5678/STATIC_MREF_MAP.tsv	1	0
Q30	275	LDG.E.EF.U16	LDG.E.EF.U16 R87, [R94.64] ;	GLOBAL	LOAD	False	one dynamic warp access of this static memory operand	QUALIFIED	2	SASS opcode U16/S16 data-width suffix	mref_operand_index=single bracketed global address operand	std::enable_if<!(false), void>::type internal::gemvx::kernel<int, int, __nv_bfloat16, __nv_bfloat16, __nv_bfloat16, float, false, true, true, false, 7, false, cublasGemvParamsEx<int, cublasGemvTensorStridedBatched<__nv_bfloat16 const>, cublasGemvTensorStridedBatched<__nv_bfloat16 const>, cublasGemvTensorStridedBatched<__nv_bfloat16>, float> >(cublasGemvParamsEx<int, cublasGemvTensorStridedBatched<__nv_bfloat16 const>, cublasGemvTensorStridedBatched<__nv_bfloat16 const>, cublasGemvTensorStridedBatched<__nv_bfloat16>, float>)	/root/share/mnt164/huangrulin/c16_ai_workload/raw/C16R_qwen3-30b-a3b_s2-text_decode_nvbit-warp-mref-shard_s2-dec3-natural-expert21-down_20260917T034400Z_e210c0de5678/STATIC_MREF_MAP.tsv	1	0
Q30	277	LDG.E.U16.STRONG.SM	LDG.E.U16.STRONG.SM R88, [R114.64] ;	GLOBAL	LOAD	False	one dynamic warp access of this static memory operand	QUALIFIED	2	SASS opcode U16/S16 data-width suffix	mref_operand_index=single bracketed global address operand	std::enable_if<!(false), void>::type internal::gemvx::kernel<int, int, __nv_bfloat16, __nv_bfloat16, __nv_bfloat16, float, false, true, true, false, 7, false, cublasGemvParamsEx<int, cublasGemvTensorStridedBatched<__nv_bfloat16 const>, cublasGemvTensorStridedBatched<__nv_bfloat16 const>, cublasGemvTensorStridedBatched<__nv_bfloat16>, float> >(cublasGemvParamsEx<int, cublasGemvTensorStridedBatched<__nv_bfloat16 const>, cublasGemvTensorStridedBatched<__nv_bfloat16 const>, cublasGemvTensorStridedBatched<__nv_bfloat16>, float>)	/root/share/mnt164/huangrulin/c16_ai_workload/raw/C16R_qwen3-30b-a3b_s2-text_decode_nvbit-warp-mref-shard_s2-dec3-natural-expert21-down_20260917T034400Z_e210c0de5678/STATIC_MREF_MAP.tsv	1	0
Q30	279	LDG.E.EF.U16	LDG.E.EF.U16 R89, [R96.64] ;	GLOBAL	LOAD	False	one dynamic warp access of this static memory operand	QUALIFIED	2	SASS opcode U16/S16 data-width suffix	mref_operand_index=single bracketed global address operand	std::enable_if<!(false), void>::type internal::gemvx::kernel<int, int, __nv_bfloat16, __nv_bfloat16, __nv_bfloat16, float, false, true, true, false, 7, false, cublasGemvParamsEx<int, cublasGemvTensorStridedBatched<__nv_bfloat16 const>, cublasGemvTensorStridedBatched<__nv_bfloat16 const>, cublasGemvTensorStridedBatched<__nv_bfloat16>, float> >(cublasGemvParamsEx<int, cublasGemvTensorStridedBatched<__nv_bfloat16 const>, cublasGemvTensorStridedBatched<__nv_bfloat16 const>, cublasGemvTensorStridedBatched<__nv_bfloat16>, float>)	/root/share/mnt164/huangrulin/c16_ai_workload/raw/C16R_qwen3-30b-a3b_s2-text_decode_nvbit-warp-mref-shard_s2-dec3-natural-expert21-down_20260917T034400Z_e210c0de5678/STATIC_MREF_MAP.tsv	1	0
Q30	281	LDG.E.U16.STRONG.SM	LDG.E.U16.STRONG.SM R90, [R116.64] ;	GLOBAL	LOAD	False	one dynamic warp access of this static memory operand	QUALIFIED	2	SASS opcode U16/S16 data-width suffix	mref_operand_index=single bracketed global address operand	std::enable_if<!(false), void>::type internal::gemvx::kernel<int, int, __nv_bfloat16, __nv_bfloat16, __nv_bfloat16, float, false, true, true, false, 7, false, cublasGemvParamsEx<int, cublasGemvTensorStridedBatched<__nv_bfloat16 const>, cublasGemvTensorStridedBatched<__nv_bfloat16 const>, cublasGemvTensorStridedBatched<__nv_bfloat16>, float> >(cublasGemvParamsEx<int, cublasGemvTensorStridedBatched<__nv_bfloat16 const>, cublasGemvTensorStridedBatched<__nv_bfloat16 const>, cublasGemvTensorStridedBatched<__nv_bfloat16>, float>)	/root/share/mnt164/huangrulin/c16_ai_workload/raw/C16R_qwen3-30b-a3b_s2-text_decode_nvbit-warp-mref-shard_s2-dec3-natural-expert21-down_20260917T034400Z_e210c0de5678/STATIC_MREF_MAP.tsv	1	0
Q30	283	LDG.E.EF.U16	LDG.E.EF.U16 R91, [R98.64] ;	GLOBAL	LOAD	False	one dynamic warp access of this static memory operand	QUALIFIED	2	SASS opcode U16/S16 data-width suffix	mref_operand_index=single bracketed global address operand	std::enable_if<!(false), void>::type internal::gemvx::kernel<int, int, __nv_bfloat16, __nv_bfloat16, __nv_bfloat16, float, false, true, true, false, 7, false, cublasGemvParamsEx<int, cublasGemvTensorStridedBatched<__nv_bfloat16 const>, cublasGemvTensorStridedBatched<__nv_bfloat16 const>, cublasGemvTensorStridedBatched<__nv_bfloat16>, float> >(cublasGemvParamsEx<int, cublasGemvTensorStridedBatched<__nv_bfloat16 const>, cublasGemvTensorStridedBatched<__nv_bfloat16 const>, cublasGemvTensorStridedBatched<__nv_bfloat16>, float>)	/root/share/mnt164/huangrulin/c16_ai_workload/raw/C16R_qwen3-30b-a3b_s2-text_decode_nvbit-warp-mref-shard_s2-dec3-natural-expert21-down_20260917T034400Z_e210c0de5678/STATIC_MREF_MAP.tsv	1	0
Q30	285	LDG.E.U16.STRONG.SM	LDG.E.U16.STRONG.SM R92, [R148.64] ;	GLOBAL	LOAD	False	one dynamic warp access of this static memory operand	QUALIFIED	2	SASS opcode U16/S16 data-width suffix	mref_operand_index=single bracketed global address operand	std::enable_if<!(false), void>::type internal::gemvx::kernel<int, int, __nv_bfloat16, __nv_bfloat16, __nv_bfloat16, float, false, true, true, false, 7, false, cublasGemvParamsEx<int, cublasGemvTensorStridedBatched<__nv_bfloat16 const>, cublasGemvTensorStridedBatched<__nv_bfloat16 const>, cublasGemvTensorStridedBatched<__nv_bfloat16>, float> >(cublasGemvParamsEx<int, cublasGemvTensorStridedBatched<__nv_bfloat16 const>, cublasGemvTensorStridedBatched<__nv_bfloat16 const>, cublasGemvTensorStridedBatched<__nv_bfloat16>, float>)	/root/share/mnt164/huangrulin/c16_ai_workload/raw/C16R_qwen3-30b-a3b_s2-text_decode_nvbit-warp-mref-shard_s2-dec3-natural-expert21-down_20260917T034400Z_e210c0de5678/STATIC_MREF_MAP.tsv	1	0
Q30	287	LDG.E.EF.U16	LDG.E.EF.U16 R93, [R100.64] ;	GLOBAL	LOAD	False	one dynamic warp access of this static memory operand	QUALIFIED	2	SASS opcode U16/S16 data-width suffix	mref_operand_index=single bracketed global address operand	std::enable_if<!(false), void>::type internal::gemvx::kernel<int, int, __nv_bfloat16, __nv_bfloat16, __nv_bfloat16, float, false, true, true, false, 7, false, cublasGemvParamsEx<int, cublasGemvTensorStridedBatched<__nv_bfloat16 const>, cublasGemvTensorStridedBatched<__nv_bfloat16 const>, cublasGemvTensorStridedBatched<__nv_bfloat16>, float> >(cublasGemvParamsEx<int, cublasGemvTensorStridedBatched<__nv_bfloat16 const>, cublasGemvTensorStridedBatched<__nv_bfloat16 const>, cublasGemvTensorStridedBatched<__nv_bfloat16>, float>)	/root/share/mnt164/huangrulin/c16_ai_workload/raw/C16R_qwen3-30b-a3b_s2-text_decode_nvbit-warp-mref-shard_s2-dec3-natural-expert21-down_20260917T034400Z_e210c0de5678/STATIC_MREF_MAP.tsv	1	0
Q30	289	LDG.E.U16.STRONG.SM	LDG.E.U16.STRONG.SM R94, [R118.64] ;	GLOBAL	LOAD	False	one dynamic warp access of this static memory operand	QUALIFIED	2	SASS opcode U16/S16 data-width suffix	mref_operand_index=single bracketed global address operand	std::enable_if<!(false), void>::type internal::gemvx::kernel<int, int, __nv_bfloat16, __nv_bfloat16, __nv_bfloat16, float, false, true, true, false, 7, false, cublasGemvParamsEx<int, cublasGemvTensorStridedBatched<__nv_bfloat16 const>, cublasGemvTensorStridedBatched<__nv_bfloat16 const>, cublasGemvTensorStridedBatched<__nv_bfloat16>, float> >(cublasGemvParamsEx<int, cublasGemvTensorStridedBatched<__nv_bfloat16 const>, cublasGemvTensorStridedBatched<__nv_bfloat16 const>, cublasGemvTensorStridedBatched<__nv_bfloat16>, float>)	/root/share/mnt164/huangrulin/c16_ai_workload/raw/C16R_qwen3-30b-a3b_s2-text_decode_nvbit-warp-mref-shard_s2-dec3-natural-expert21-down_20260917T034400Z_e210c0de5678/STATIC_MREF_MAP.tsv	1	0
Q30	291	LDG.E.EF.U16	LDG.E.EF.U16 R95, [R102.64] ;	GLOBAL	LOAD	False	one dynamic warp access of this static memory operand	QUALIFIED	2	SASS opcode U16/S16 data-width suffix	mref_operand_index=single bracketed global address operand	std::enable_if<!(false), void>::type internal::gemvx::kernel<int, int, __nv_bfloat16, __nv_bfloat16, __nv_bfloat16, float, false, true, true, false, 7, false, cublasGemvParamsEx<int, cublasGemvTensorStridedBatched<__nv_bfloat16 const>, cublasGemvTensorStridedBatched<__nv_bfloat16 const>, cublasGemvTensorStridedBatched<__nv_bfloat16>, float> >(cublasGemvParamsEx<int, cublasGemvTensorStridedBatched<__nv_bfloat16 const>, cublasGemvTensorStridedBatched<__nv_bfloat16 const>, cublasGemvTensorStridedBatched<__nv_bfloat16>, float>)	/root/share/mnt164/huangrulin/c16_ai_workload/raw/C16R_qwen3-30b-a3b_s2-text_decode_nvbit-warp-mref-shard_s2-dec3-natural-expert21-down_20260917T034400Z_e210c0de5678/STATIC_MREF_MAP.tsv	1	0
Q30	293	LDG.E.U16.STRONG.SM	LDG.E.U16.STRONG.SM R96, [R120.64] ;	GLOBAL	LOAD	False	one dynamic warp access of this static memory operand	QUALIFIED	2	SASS opcode U16/S16 data-width suffix	mref_operand_index=single bracketed global address operand	std::enable_if<!(false), void>::type internal::gemvx::kernel<int, int, __nv_bfloat16, __nv_bfloat16, __nv_bfloat16, float, false, true, true, false, 7, false, cublasGemvParamsEx<int, cublasGemvTensorStridedBatched<__nv_bfloat16 const>, cublasGemvTensorStridedBatched<__nv_bfloat16 const>, cublasGemvTensorStridedBatched<__nv_bfloat16>, float> >(cublasGemvParamsEx<int, cublasGemvTensorStridedBatched<__nv_bfloat16 const>, cublasGemvTensorStridedBatched<__nv_bfloat16 const>, cublasGemvTensorStridedBatched<__nv_bfloat16>, float>)	/root/share/mnt164/huangrulin/c16_ai_workload/raw/C16R_qwen3-30b-a3b_s2-text_decode_nvbit-warp-mref-shard_s2-dec3-natural-expert21-down_20260917T034400Z_e210c0de5678/STATIC_MREF_MAP.tsv	1	0
Q30	295	LDG.E.EF.U16	LDG.E.EF.U16 R97, [R104.64] ;	GLOBAL	LOAD	False	one dynamic warp access of this static memory operand	QUALIFIED	2	SASS opcode U16/S16 data-width suffix	mref_operand_index=single bracketed global address operand	std::enable_if<!(false), void>::type internal::gemvx::kernel<int, int, __nv_bfloat16, __nv_bfloat16, __nv_bfloat16, float, false, true, true, false, 7, false, cublasGemvParamsEx<int, cublasGemvTensorStridedBatched<__nv_bfloat16 const>, cublasGemvTensorStridedBatched<__nv_bfloat16 const>, cublasGemvTensorStridedBatched<__nv_bfloat16>, float> >(cublasGemvParamsEx<int, cublasGemvTensorStridedBatched<__nv_bfloat16 const>, cublasGemvTensorStridedBatched<__nv_bfloat16 const>, cublasGemvTensorStridedBatched<__nv_bfloat16>, float>)	/root/share/mnt164/huangrulin/c16_ai_workload/raw/C16R_qwen3-30b-a3b_s2-text_decode_nvbit-warp-mref-shard_s2-dec3-natural-expert21-down_20260917T034400Z_e210c0de5678/STATIC_MREF_MAP.tsv	1	0
Q30	297	LDG.E.U16.STRONG.SM	LDG.E.U16.STRONG.SM R98, [R146.64] ;	GLOBAL	LOAD	False	one dynamic warp access of this static memory operand	QUALIFIED	2	SASS opcode U16/S16 data-width suffix	mref_operand_index=single bracketed global address operand	std::enable_if<!(false), void>::type internal::gemvx::kernel<int, int, __nv_bfloat16, __nv_bfloat16, __nv_bfloat16, float, false, true, true, false, 7, false, cublasGemvParamsEx<int, cublasGemvTensorStridedBatched<__nv_bfloat16 const>, cublasGemvTensorStridedBatched<__nv_bfloat16 const>, cublasGemvTensorStridedBatched<__nv_bfloat16>, float> >(cublasGemvParamsEx<int, cublasGemvTensorStridedBatched<__nv_bfloat16 const>, cublasGemvTensorStridedBatched<__nv_bfloat16 const>, cublasGemvTensorStridedBatched<__nv_bfloat16>, float>)	/root/share/mnt164/huangrulin/c16_ai_workload/raw/C16R_qwen3-30b-a3b_s2-text_decode_nvbit-warp-mref-shard_s2-dec3-natural-expert21-down_20260917T034400Z_e210c0de5678/STATIC_MREF_MAP.tsv	1	0
Q30	299	LDG.E.EF.U16	LDG.E.EF.U16 R99, [R106.64] ;	GLOBAL	LOAD	False	one dynamic warp access of this static memory operand	QUALIFIED	2	SASS opcode U16/S16 data-width suffix	mref_operand_index=single bracketed global address operand	std::enable_if<!(false), void>::type internal::gemvx::kernel<int, int, __nv_bfloat16, __nv_bfloat16, __nv_bfloat16, float, false, true, true, false, 7, false, cublasGemvParamsEx<int, cublasGemvTensorStridedBatched<__nv_bfloat16 const>, cublasGemvTensorStridedBatched<__nv_bfloat16 const>, cublasGemvTensorStridedBatched<__nv_bfloat16>, float> >(cublasGemvParamsEx<int, cublasGemvTensorStridedBatched<__nv_bfloat16 const>, cublasGemvTensorStridedBatched<__nv_bfloat16 const>, cublasGemvTensorStridedBatched<__nv_bfloat16>, float>)	/root/share/mnt164/huangrulin/c16_ai_workload/raw/C16R_qwen3-30b-a3b_s2-text_decode_nvbit-warp-mref-shard_s2-dec3-natural-expert21-down_20260917T034400Z_e210c0de5678/STATIC_MREF_MAP.tsv	1	0
Q30	301	LDG.E.U16.STRONG.SM	LDG.E.U16.STRONG.SM R100, [R122.64] ;	GLOBAL	LOAD	False	one dynamic warp access of this static memory operand	QUALIFIED	2	SASS opcode U16/S16 data-width suffix	mref_operand_index=single bracketed global address operand	std::enable_if<!(false), void>::type internal::gemvx::kernel<int, int, __nv_bfloat16, __nv_bfloat16, __nv_bfloat16, float, false, true, true, false, 7, false, cublasGemvParamsEx<int, cublasGemvTensorStridedBatched<__nv_bfloat16 const>, cublasGemvTensorStridedBatched<__nv_bfloat16 const>, cublasGemvTensorStridedBatched<__nv_bfloat16>, float> >(cublasGemvParamsEx<int, cublasGemvTensorStridedBatched<__nv_bfloat16 const>, cublasGemvTensorStridedBatched<__nv_bfloat16 const>, cublasGemvTensorStridedBatched<__nv_bfloat16>, float>)	/root/share/mnt164/huangrulin/c16_ai_workload/raw/C16R_qwen3-30b-a3b_s2-text_decode_nvbit-warp-mref-shard_s2-dec3-natural-expert21-down_20260917T034400Z_e210c0de5678/STATIC_MREF_MAP.tsv	1	0
Q30	303	LDG.E.EF.U16	LDG.E.EF.U16 R101, [R108.64] ;	GLOBAL	LOAD	False	one dynamic warp access of this static memory operand	QUALIFIED	2	SASS opcode U16/S16 data-width suffix	mref_operand_index=single bracketed global address operand	std::enable_if<!(false), void>::type internal::gemvx::kernel<int, int, __nv_bfloat16, __nv_bfloat16, __nv_bfloat16, float, false, true, true, false, 7, false, cublasGemvParamsEx<int, cublasGemvTensorStridedBatched<__nv_bfloat16 const>, cublasGemvTensorStridedBatched<__nv_bfloat16 const>, cublasGemvTensorStridedBatched<__nv_bfloat16>, float> >(cublasGemvParamsEx<int, cublasGemvTensorStridedBatched<__nv_bfloat16 const>, cublasGemvTensorStridedBatched<__nv_bfloat16 const>, cublasGemvTensorStridedBatched<__nv_bfloat16>, float>)	/root/share/mnt164/huangrulin/c16_ai_workload/raw/C16R_qwen3-30b-a3b_s2-text_decode_nvbit-warp-mref-shard_s2-dec3-natural-expert21-down_20260917T034400Z_e210c0de5678/STATIC_MREF_MAP.tsv	1	0
Q30	305	LDG.E.U16.STRONG.SM	LDG.E.U16.STRONG.SM R102, [R124.64] ;	GLOBAL	LOAD	False	one dynamic warp access of this static memory operand	QUALIFIED	2	SASS opcode U16/S16 data-width suffix	mref_operand_index=single bracketed global address operand	std::enable_if<!(false), void>::type internal::gemvx::kernel<int, int, __nv_bfloat16, __nv_bfloat16, __nv_bfloat16, float, false, true, true, false, 7, false, cublasGemvParamsEx<int, cublasGemvTensorStridedBatched<__nv_bfloat16 const>, cublasGemvTensorStridedBatched<__nv_bfloat16 const>, cublasGemvTensorStridedBatched<__nv_bfloat16>, float> >(cublasGemvParamsEx<int, cublasGemvTensorStridedBatched<__nv_bfloat16 const>, cublasGemvTensorStridedBatched<__nv_bfloat16 const>, cublasGemvTensorStridedBatched<__nv_bfloat16>, float>)	/root/share/mnt164/huangrulin/c16_ai_workload/raw/C16R_qwen3-30b-a3b_s2-text_decode_nvbit-warp-mref-shard_s2-dec3-natural-expert21-down_20260917T034400Z_e210c0de5678/STATIC_MREF_MAP.tsv	1	0
Q30	307	LDG.E.EF.U16	LDG.E.EF.U16 R103, [R110.64] ;	GLOBAL	LOAD	False	one dynamic warp access of this static memory operand	QUALIFIED	2	SASS opcode U16/S16 data-width suffix	mref_operand_index=single bracketed global address operand	std::enable_if<!(false), void>::type internal::gemvx::kernel<int, int, __nv_bfloat16, __nv_bfloat16, __nv_bfloat16, float, false, true, true, false, 7, false, cublasGemvParamsEx<int, cublasGemvTensorStridedBatched<__nv_bfloat16 const>, cublasGemvTensorStridedBatched<__nv_bfloat16 const>, cublasGemvTensorStridedBatched<__nv_bfloat16>, float> >(cublasGemvParamsEx<int, cublasGemvTensorStridedBatched<__nv_bfloat16 const>, cublasGemvTensorStridedBatched<__nv_bfloat16 const>, cublasGemvTensorStridedBatched<__nv_bfloat16>, float>)	/root/share/mnt164/huangrulin/c16_ai_workload/raw/C16R_qwen3-30b-a3b_s2-text_decode_nvbit-warp-mref-shard_s2-dec3-natural-expert21-down_20260917T034400Z_e210c0de5678/STATIC_MREF_MAP.tsv	1	0
Q30	309	LDG.E.U16.STRONG.SM	LDG.E.U16.STRONG.SM R104, [R144.64] ;	GLOBAL	LOAD	False	one dynamic warp access of this static memory operand	QUALIFIED	2	SASS opcode U16/S16 data-width suffix	mref_operand_index=single bracketed global address operand	std::enable_if<!(false), void>::type internal::gemvx::kernel<int, int, __nv_bfloat16, __nv_bfloat16, __nv_bfloat16, float, false, true, true, false, 7, false, cublasGemvParamsEx<int, cublasGemvTensorStridedBatched<__nv_bfloat16 const>, cublasGemvTensorStridedBatched<__nv_bfloat16 const>, cublasGemvTensorStridedBatched<__nv_bfloat16>, float> >(cublasGemvParamsEx<int, cublasGemvTensorStridedBatched<__nv_bfloat16 const>, cublasGemvTensorStridedBatched<__nv_bfloat16 const>, cublasGemvTensorStridedBatched<__nv_bfloat16>, float>)	/root/share/mnt164/huangrulin/c16_ai_workload/raw/C16R_qwen3-30b-a3b_s2-text_decode_nvbit-warp-mref-shard_s2-dec3-natural-expert21-down_20260917T034400Z_e210c0de5678/STATIC_MREF_MAP.tsv	1	0
Q30	311	LDG.E.EF.U16	LDG.E.EF.U16 R105, [R112.64] ;	GLOBAL	LOAD	False	one dynamic warp access of this static memory operand	QUALIFIED	2	SASS opcode U16/S16 data-width suffix	mref_operand_index=single bracketed global address operand	std::enable_if<!(false), void>::type internal::gemvx::kernel<int, int, __nv_bfloat16, __nv_bfloat16, __nv_bfloat16, float, false, true, true, false, 7, false, cublasGemvParamsEx<int, cublasGemvTensorStridedBatched<__nv_bfloat16 const>, cublasGemvTensorStridedBatched<__nv_bfloat16 const>, cublasGemvTensorStridedBatched<__nv_bfloat16>, float> >(cublasGemvParamsEx<int, cublasGemvTensorStridedBatched<__nv_bfloat16 const>, cublasGemvTensorStridedBatched<__nv_bfloat16 const>, cublasGemvTensorStridedBatched<__nv_bfloat16>, float>)	/root/share/mnt164/huangrulin/c16_ai_workload/raw/C16R_qwen3-30b-a3b_s2-text_decode_nvbit-warp-mref-shard_s2-dec3-natural-expert21-down_20260917T034400Z_e210c0de5678/STATIC_MREF_MAP.tsv	1	0
Q30	313	LDG.E.U16.STRONG.SM	LDG.E.U16.STRONG.SM R106, [R142.64] ;	GLOBAL	LOAD	False	one dynamic warp access of this static memory operand	QUALIFIED	2	SASS opcode U16/S16 data-width suffix	mref_operand_index=single bracketed global address operand	std::enable_if<!(false), void>::type internal::gemvx::kernel<int, int, __nv_bfloat16, __nv_bfloat16, __nv_bfloat16, float, false, true, true, false, 7, false, cublasGemvParamsEx<int, cublasGemvTensorStridedBatched<__nv_bfloat16 const>, cublasGemvTensorStridedBatched<__nv_bfloat16 const>, cublasGemvTensorStridedBatched<__nv_bfloat16>, float> >(cublasGemvParamsEx<int, cublasGemvTensorStridedBatched<__nv_bfloat16 const>, cublasGemvTensorStridedBatched<__nv_bfloat16 const>, cublasGemvTensorStridedBatched<__nv_bfloat16>, float>)	/root/share/mnt164/huangrulin/c16_ai_workload/raw/C16R_qwen3-30b-a3b_s2-text_decode_nvbit-warp-mref-shard_s2-dec3-natural-expert21-down_20260917T034400Z_e210c0de5678/STATIC_MREF_MAP.tsv	1	0
Q30	315	LDG.E.EF.U16	LDG.E.EF.U16 R107, [R114.64] ;	GLOBAL	LOAD	False	one dynamic warp access of this static memory operand	QUALIFIED	2	SASS opcode U16/S16 data-width suffix	mref_operand_index=single bracketed global address operand	std::enable_if<!(false), void>::type internal::gemvx::kernel<int, int, __nv_bfloat16, __nv_bfloat16, __nv_bfloat16, float, false, true, true, false, 7, false, cublasGemvParamsEx<int, cublasGemvTensorStridedBatched<__nv_bfloat16 const>, cublasGemvTensorStridedBatched<__nv_bfloat16 const>, cublasGemvTensorStridedBatched<__nv_bfloat16>, float> >(cublasGemvParamsEx<int, cublasGemvTensorStridedBatched<__nv_bfloat16 const>, cublasGemvTensorStridedBatched<__nv_bfloat16 const>, cublasGemvTensorStridedBatched<__nv_bfloat16>, float>)	/root/share/mnt164/huangrulin/c16_ai_workload/raw/C16R_qwen3-30b-a3b_s2-text_decode_nvbit-warp-mref-shard_s2-dec3-natural-expert21-down_20260917T034400Z_e210c0de5678/STATIC_MREF_MAP.tsv	1	0
Q30	317	LDG.E.U16.STRONG.SM	LDG.E.U16.STRONG.SM R108, [R152.64] ;	GLOBAL	LOAD	False	one dynamic warp access of this static memory operand	QUALIFIED	2	SASS opcode U16/S16 data-width suffix	mref_operand_index=single bracketed global address operand	std::enable_if<!(false), void>::type internal::gemvx::kernel<int, int, __nv_bfloat16, __nv_bfloat16, __nv_bfloat16, float, false, true, true, false, 7, false, cublasGemvParamsEx<int, cublasGemvTensorStridedBatched<__nv_bfloat16 const>, cublasGemvTensorStridedBatched<__nv_bfloat16 const>, cublasGemvTensorStridedBatched<__nv_bfloat16>, float> >(cublasGemvParamsEx<int, cublasGemvTensorStridedBatched<__nv_bfloat16 const>, cublasGemvTensorStridedBatched<__nv_bfloat16 const>, cublasGemvTensorStridedBatched<__nv_bfloat16>, float>)	/root/share/mnt164/huangrulin/c16_ai_workload/raw/C16R_qwen3-30b-a3b_s2-text_decode_nvbit-warp-mref-shard_s2-dec3-natural-expert21-down_20260917T034400Z_e210c0de5678/STATIC_MREF_MAP.tsv	1	0
Q30	319	LDG.E.EF.U16	LDG.E.EF.U16 R109, [R116.64] ;	GLOBAL	LOAD	False	one dynamic warp access of this static memory operand	QUALIFIED	2	SASS opcode U16/S16 data-width suffix	mref_operand_index=single bracketed global address operand	std::enable_if<!(false), void>::type internal::gemvx::kernel<int, int, __nv_bfloat16, __nv_bfloat16, __nv_bfloat16, float, false, true, true, false, 7, false, cublasGemvParamsEx<int, cublasGemvTensorStridedBatched<__nv_bfloat16 const>, cublasGemvTensorStridedBatched<__nv_bfloat16 const>, cublasGemvTensorStridedBatched<__nv_bfloat16>, float> >(cublasGemvParamsEx<int, cublasGemvTensorStridedBatched<__nv_bfloat16 const>, cublasGemvTensorStridedBatched<__nv_bfloat16 const>, cublasGemvTensorStridedBatched<__nv_bfloat16>, float>)	/root/share/mnt164/huangrulin/c16_ai_workload/raw/C16R_qwen3-30b-a3b_s2-text_decode_nvbit-warp-mref-shard_s2-dec3-natural-expert21-down_20260917T034400Z_e210c0de5678/STATIC_MREF_MAP.tsv	1	0
Q30	321	LDG.E.U16.STRONG.SM	LDG.E.U16.STRONG.SM R110, [R150.64] ;	GLOBAL	LOAD	False	one dynamic warp access of this static memory operand	QUALIFIED	2	SASS opcode U16/S16 data-width suffix	mref_operand_index=single bracketed global address operand	std::enable_if<!(false), void>::type internal::gemvx::kernel<int, int, __nv_bfloat16, __nv_bfloat16, __nv_bfloat16, float, false, true, true, false, 7, false, cublasGemvParamsEx<int, cublasGemvTensorStridedBatched<__nv_bfloat16 const>, cublasGemvTensorStridedBatched<__nv_bfloat16 const>, cublasGemvTensorStridedBatched<__nv_bfloat16>, float> >(cublasGemvParamsEx<int, cublasGemvTensorStridedBatched<__nv_bfloat16 const>, cublasGemvTensorStridedBatched<__nv_bfloat16 const>, cublasGemvTensorStridedBatched<__nv_bfloat16>, float>)	/root/share/mnt164/huangrulin/c16_ai_workload/raw/C16R_qwen3-30b-a3b_s2-text_decode_nvbit-warp-mref-shard_s2-dec3-natural-expert21-down_20260917T034400Z_e210c0de5678/STATIC_MREF_MAP.tsv	1	0
Q30	323	LDG.E.EF.U16	LDG.E.EF.U16 R111, [R118.64] ;	GLOBAL	LOAD	False	one dynamic warp access of this static memory operand	QUALIFIED	2	SASS opcode U16/S16 data-width suffix	mref_operand_index=single bracketed global address operand	std::enable_if<!(false), void>::type internal::gemvx::kernel<int, int, __nv_bfloat16, __nv_bfloat16, __nv_bfloat16, float, false, true, true, false, 7, false, cublasGemvParamsEx<int, cublasGemvTensorStridedBatched<__nv_bfloat16 const>, cublasGemvTensorStridedBatched<__nv_bfloat16 const>, cublasGemvTensorStridedBatched<__nv_bfloat16>, float> >(cublasGemvParamsEx<int, cublasGemvTensorStridedBatched<__nv_bfloat16 const>, cublasGemvTensorStridedBatched<__nv_bfloat16 const>, cublasGemvTensorStridedBatched<__nv_bfloat16>, float>)	/root/share/mnt164/huangrulin/c16_ai_workload/raw/C16R_qwen3-30b-a3b_s2-text_decode_nvbit-warp-mref-shard_s2-dec3-natural-expert21-down_20260917T034400Z_e210c0de5678/STATIC_MREF_MAP.tsv	1	0
Q30	325	LDG.E.U16.STRONG.SM	LDG.E.U16.STRONG.SM R112, [R148.64] ;	GLOBAL	LOAD	False	one dynamic warp access of this static memory operand	QUALIFIED	2	SASS opcode U16/S16 data-width suffix	mref_operand_index=single bracketed global address operand	std::enable_if<!(false), void>::type internal::gemvx::kernel<int, int, __nv_bfloat16, __nv_bfloat16, __nv_bfloat16, float, false, true, true, false, 7, false, cublasGemvParamsEx<int, cublasGemvTensorStridedBatched<__nv_bfloat16 const>, cublasGemvTensorStridedBatched<__nv_bfloat16 const>, cublasGemvTensorStridedBatched<__nv_bfloat16>, float> >(cublasGemvParamsEx<int, cublasGemvTensorStridedBatched<__nv_bfloat16 const>, cublasGemvTensorStridedBatched<__nv_bfloat16 const>, cublasGemvTensorStridedBatched<__nv_bfloat16>, float>)	/root/share/mnt164/huangrulin/c16_ai_workload/raw/C16R_qwen3-30b-a3b_s2-text_decode_nvbit-warp-mref-shard_s2-dec3-natural-expert21-down_20260917T034400Z_e210c0de5678/STATIC_MREF_MAP.tsv	1	0
Q30	327	LDG.E.EF.U16	LDG.E.EF.U16 R113, [R120.64] ;	GLOBAL	LOAD	False	one dynamic warp access of this static memory operand	QUALIFIED	2	SASS opcode U16/S16 data-width suffix	mref_operand_index=single bracketed global address operand	std::enable_if<!(false), void>::type internal::gemvx::kernel<int, int, __nv_bfloat16, __nv_bfloat16, __nv_bfloat16, float, false, true, true, false, 7, false, cublasGemvParamsEx<int, cublasGemvTensorStridedBatched<__nv_bfloat16 const>, cublasGemvTensorStridedBatched<__nv_bfloat16 const>, cublasGemvTensorStridedBatched<__nv_bfloat16>, float> >(cublasGemvParamsEx<int, cublasGemvTensorStridedBatched<__nv_bfloat16 const>, cublasGemvTensorStridedBatched<__nv_bfloat16 const>, cublasGemvTensorStridedBatched<__nv_bfloat16>, float>)	/root/share/mnt164/huangrulin/c16_ai_workload/raw/C16R_qwen3-30b-a3b_s2-text_decode_nvbit-warp-mref-shard_s2-dec3-natural-expert21-down_20260917T034400Z_e210c0de5678/STATIC_MREF_MAP.tsv	1	0
Q30	329	LDG.E.U16.STRONG.SM	LDG.E.U16.STRONG.SM R114, [R146.64] ;	GLOBAL	LOAD	False	one dynamic warp access of this static memory operand	QUALIFIED	2	SASS opcode U16/S16 data-width suffix	mref_operand_index=single bracketed global address operand	std::enable_if<!(false), void>::type internal::gemvx::kernel<int, int, __nv_bfloat16, __nv_bfloat16, __nv_bfloat16, float, false, true, true, false, 7, false, cublasGemvParamsEx<int, cublasGemvTensorStridedBatched<__nv_bfloat16 const>, cublasGemvTensorStridedBatched<__nv_bfloat16 const>, cublasGemvTensorStridedBatched<__nv_bfloat16>, float> >(cublasGemvParamsEx<int, cublasGemvTensorStridedBatched<__nv_bfloat16 const>, cublasGemvTensorStridedBatched<__nv_bfloat16 const>, cublasGemvTensorStridedBatched<__nv_bfloat16>, float>)	/root/share/mnt164/huangrulin/c16_ai_workload/raw/C16R_qwen3-30b-a3b_s2-text_decode_nvbit-warp-mref-shard_s2-dec3-natural-expert21-down_20260917T034400Z_e210c0de5678/STATIC_MREF_MAP.tsv	1	0
Q30	331	LDG.E.EF.U16	LDG.E.EF.U16 R115, [R122.64] ;	GLOBAL	LOAD	False	one dynamic warp access of this static memory operand	QUALIFIED	2	SASS opcode U16/S16 data-width suffix	mref_operand_index=single bracketed global address operand	std::enable_if<!(false), void>::type internal::gemvx::kernel<int, int, __nv_bfloat16, __nv_bfloat16, __nv_bfloat16, float, false, true, true, false, 7, false, cublasGemvParamsEx<int, cublasGemvTensorStridedBatched<__nv_bfloat16 const>, cublasGemvTensorStridedBatched<__nv_bfloat16 const>, cublasGemvTensorStridedBatched<__nv_bfloat16>, float> >(cublasGemvParamsEx<int, cublasGemvTensorStridedBatched<__nv_bfloat16 const>, cublasGemvTensorStridedBatched<__nv_bfloat16 const>, cublasGemvTensorStridedBatched<__nv_bfloat16>, float>)	/root/share/mnt164/huangrulin/c16_ai_workload/raw/C16R_qwen3-30b-a3b_s2-text_decode_nvbit-warp-mref-shard_s2-dec3-natural-expert21-down_20260917T034400Z_e210c0de5678/STATIC_MREF_MAP.tsv	1	0
Q30	333	LDG.E.U16.STRONG.SM	LDG.E.U16.STRONG.SM R116, [R158.64] ;	GLOBAL	LOAD	False	one dynamic warp access of this static memory operand	QUALIFIED	2	SASS opcode U16/S16 data-width suffix	mref_operand_index=single bracketed global address operand	std::enable_if<!(false), void>::type internal::gemvx::kernel<int, int, __nv_bfloat16, __nv_bfloat16, __nv_bfloat16, float, false, true, true, false, 7, false, cublasGemvParamsEx<int, cublasGemvTensorStridedBatched<__nv_bfloat16 const>, cublasGemvTensorStridedBatched<__nv_bfloat16 const>, cublasGemvTensorStridedBatched<__nv_bfloat16>, float> >(cublasGemvParamsEx<int, cublasGemvTensorStridedBatched<__nv_bfloat16 const>, cublasGemvTensorStridedBatched<__nv_bfloat16 const>, cublasGemvTensorStridedBatched<__nv_bfloat16>, float>)	/root/share/mnt164/huangrulin/c16_ai_workload/raw/C16R_qwen3-30b-a3b_s2-text_decode_nvbit-warp-mref-shard_s2-dec3-natural-expert21-down_20260917T034400Z_e210c0de5678/STATIC_MREF_MAP.tsv	1	0
Q30	335	LDG.E.EF.U16	LDG.E.EF.U16 R117, [R124.64] ;	GLOBAL	LOAD	False	one dynamic warp access of this static memory operand	QUALIFIED	2	SASS opcode U16/S16 data-width suffix	mref_operand_index=single bracketed global address operand	std::enable_if<!(false), void>::type internal::gemvx::kernel<int, int, __nv_bfloat16, __nv_bfloat16, __nv_bfloat16, float, false, true, true, false, 7, false, cublasGemvParamsEx<int, cublasGemvTensorStridedBatched<__nv_bfloat16 const>, cublasGemvTensorStridedBatched<__nv_bfloat16 const>, cublasGemvTensorStridedBatched<__nv_bfloat16>, float> >(cublasGemvParamsEx<int, cublasGemvTensorStridedBatched<__nv_bfloat16 const>, cublasGemvTensorStridedBatched<__nv_bfloat16 const>, cublasGemvTensorStridedBatched<__nv_bfloat16>, float>)	/root/share/mnt164/huangrulin/c16_ai_workload/raw/C16R_qwen3-30b-a3b_s2-text_decode_nvbit-warp-mref-shard_s2-dec3-natural-expert21-down_20260917T034400Z_e210c0de5678/STATIC_MREF_MAP.tsv	1	0
Q30	337	LDG.E.U16.STRONG.SM	LDG.E.U16.STRONG.SM R118, [R142.64] ;	GLOBAL	LOAD	False	one dynamic warp access of this static memory operand	QUALIFIED	2	SASS opcode U16/S16 data-width suffix	mref_operand_index=single bracketed global address operand	std::enable_if<!(false), void>::type internal::gemvx::kernel<int, int, __nv_bfloat16, __nv_bfloat16, __nv_bfloat16, float, false, true, true, false, 7, false, cublasGemvParamsEx<int, cublasGemvTensorStridedBatched<__nv_bfloat16 const>, cublasGemvTensorStridedBatched<__nv_bfloat16 const>, cublasGemvTensorStridedBatched<__nv_bfloat16>, float> >(cublasGemvParamsEx<int, cublasGemvTensorStridedBatched<__nv_bfloat16 const>, cublasGemvTensorStridedBatched<__nv_bfloat16 const>, cublasGemvTensorStridedBatched<__nv_bfloat16>, float>)	/root/share/mnt164/huangrulin/c16_ai_workload/raw/C16R_qwen3-30b-a3b_s2-text_decode_nvbit-warp-mref-shard_s2-dec3-natural-expert21-down_20260917T034400Z_e210c0de5678/STATIC_MREF_MAP.tsv	1	0
Q30	339	LDG.E.EF.U16	LDG.E.EF.U16 R119, [R144.64] ;	GLOBAL	LOAD	False	one dynamic warp access of this static memory operand	QUALIFIED	2	SASS opcode U16/S16 data-width suffix	mref_operand_index=single bracketed global address operand	std::enable_if<!(false), void>::type internal::gemvx::kernel<int, int, __nv_bfloat16, __nv_bfloat16, __nv_bfloat16, float, false, true, true, false, 7, false, cublasGemvParamsEx<int, cublasGemvTensorStridedBatched<__nv_bfloat16 const>, cublasGemvTensorStridedBatched<__nv_bfloat16 const>, cublasGemvTensorStridedBatched<__nv_bfloat16>, float> >(cublasGemvParamsEx<int, cublasGemvTensorStridedBatched<__nv_bfloat16 const>, cublasGemvTensorStridedBatched<__nv_bfloat16 const>, cublasGemvTensorStridedBatched<__nv_bfloat16>, float>)	/root/share/mnt164/huangrulin/c16_ai_workload/raw/C16R_qwen3-30b-a3b_s2-text_decode_nvbit-warp-mref-shard_s2-dec3-natural-expert21-down_20260917T034400Z_e210c0de5678/STATIC_MREF_MAP.tsv	1	0
Q30	341	LDG.E.U16.STRONG.SM	LDG.E.U16.STRONG.SM R120, [R156.64] ;	GLOBAL	LOAD	False	one dynamic warp access of this static memory operand	QUALIFIED	2	SASS opcode U16/S16 data-width suffix	mref_operand_index=single bracketed global address operand	std::enable_if<!(false), void>::type internal::gemvx::kernel<int, int, __nv_bfloat16, __nv_bfloat16, __nv_bfloat16, float, false, true, true, false, 7, false, cublasGemvParamsEx<int, cublasGemvTensorStridedBatched<__nv_bfloat16 const>, cublasGemvTensorStridedBatched<__nv_bfloat16 const>, cublasGemvTensorStridedBatched<__nv_bfloat16>, float> >(cublasGemvParamsEx<int, cublasGemvTensorStridedBatched<__nv_bfloat16 const>, cublasGemvTensorStridedBatched<__nv_bfloat16 const>, cublasGemvTensorStridedBatched<__nv_bfloat16>, float>)	/root/share/mnt164/huangrulin/c16_ai_workload/raw/C16R_qwen3-30b-a3b_s2-text_decode_nvbit-warp-mref-shard_s2-dec3-natural-expert21-down_20260917T034400Z_e210c0de5678/STATIC_MREF_MAP.tsv	1	0
Q30	343	LDG.E.EF.U16	LDG.E.EF.U16 R121, [R154.64] ;	GLOBAL	LOAD	False	one dynamic warp access of this static memory operand	QUALIFIED	2	SASS opcode U16/S16 data-width suffix	mref_operand_index=single bracketed global address operand	std::enable_if<!(false), void>::type internal::gemvx::kernel<int, int, __nv_bfloat16, __nv_bfloat16, __nv_bfloat16, float, false, true, true, false, 7, false, cublasGemvParamsEx<int, cublasGemvTensorStridedBatched<__nv_bfloat16 const>, cublasGemvTensorStridedBatched<__nv_bfloat16 const>, cublasGemvTensorStridedBatched<__nv_bfloat16>, float> >(cublasGemvParamsEx<int, cublasGemvTensorStridedBatched<__nv_bfloat16 const>, cublasGemvTensorStridedBatched<__nv_bfloat16 const>, cublasGemvTensorStridedBatched<__nv_bfloat16>, float>)	/root/share/mnt164/huangrulin/c16_ai_workload/raw/C16R_qwen3-30b-a3b_s2-text_decode_nvbit-warp-mref-shard_s2-dec3-natural-expert21-down_20260917T034400Z_e210c0de5678/STATIC_MREF_MAP.tsv	1	0
Q30	345	LDG.E.U16.STRONG.SM	LDG.E.U16.STRONG.SM R122, [R152.64] ;	GLOBAL	LOAD	False	one dynamic warp access of this static memory operand	QUALIFIED	2	SASS opcode U16/S16 data-width suffix	mref_operand_index=single bracketed global address operand	std::enable_if<!(false), void>::type internal::gemvx::kernel<int, int, __nv_bfloat16, __nv_bfloat16, __nv_bfloat16, float, false, true, true, false, 7, false, cublasGemvParamsEx<int, cublasGemvTensorStridedBatched<__nv_bfloat16 const>, cublasGemvTensorStridedBatched<__nv_bfloat16 const>, cublasGemvTensorStridedBatched<__nv_bfloat16>, float> >(cublasGemvParamsEx<int, cublasGemvTensorStridedBatched<__nv_bfloat16 const>, cublasGemvTensorStridedBatched<__nv_bfloat16 const>, cublasGemvTensorStridedBatched<__nv_bfloat16>, float>)	/root/share/mnt164/huangrulin/c16_ai_workload/raw/C16R_qwen3-30b-a3b_s2-text_decode_nvbit-warp-mref-shard_s2-dec3-natural-expert21-down_20260917T034400Z_e210c0de5678/STATIC_MREF_MAP.tsv	1	0
Q30	347	LDG.E.EF.U16	LDG.E.EF.U16 R123, [R150.64] ;	GLOBAL	LOAD	False	one dynamic warp access of this static memory operand	QUALIFIED	2	SASS opcode U16/S16 data-width suffix	mref_operand_index=single bracketed global address operand	std::enable_if<!(false), void>::type internal::gemvx::kernel<int, int, __nv_bfloat16, __nv_bfloat16, __nv_bfloat16, float, false, true, true, false, 7, false, cublasGemvParamsEx<int, cublasGemvTensorStridedBatched<__nv_bfloat16 const>, cublasGemvTensorStridedBatched<__nv_bfloat16 const>, cublasGemvTensorStridedBatched<__nv_bfloat16>, float> >(cublasGemvParamsEx<int, cublasGemvTensorStridedBatched<__nv_bfloat16 const>, cublasGemvTensorStridedBatched<__nv_bfloat16 const>, cublasGemvTensorStridedBatched<__nv_bfloat16>, float>)	/root/share/mnt164/huangrulin/c16_ai_workload/raw/C16R_qwen3-30b-a3b_s2-text_decode_nvbit-warp-mref-shard_s2-dec3-natural-expert21-down_20260917T034400Z_e210c0de5678/STATIC_MREF_MAP.tsv	1	0
Q30	349	LDG.E.U16.STRONG.SM	LDG.E.U16.STRONG.SM R124, [R148.64] ;	GLOBAL	LOAD	False	one dynamic warp access of this static memory operand	QUALIFIED	2	SASS opcode U16/S16 data-width suffix	mref_operand_index=single bracketed global address operand	std::enable_if<!(false), void>::type internal::gemvx::kernel<int, int, __nv_bfloat16, __nv_bfloat16, __nv_bfloat16, float, false, true, true, false, 7, false, cublasGemvParamsEx<int, cublasGemvTensorStridedBatched<__nv_bfloat16 const>, cublasGemvTensorStridedBatched<__nv_bfloat16 const>, cublasGemvTensorStridedBatched<__nv_bfloat16>, float> >(cublasGemvParamsEx<int, cublasGemvTensorStridedBatched<__nv_bfloat16 const>, cublasGemvTensorStridedBatched<__nv_bfloat16 const>, cublasGemvTensorStridedBatched<__nv_bfloat16>, float>)	/root/share/mnt164/huangrulin/c16_ai_workload/raw/C16R_qwen3-30b-a3b_s2-text_decode_nvbit-warp-mref-shard_s2-dec3-natural-expert21-down_20260917T034400Z_e210c0de5678/STATIC_MREF_MAP.tsv	1	0
Q30	351	LDG.E.EF.U16	LDG.E.EF.U16 R125, [R146.64] ;	GLOBAL	LOAD	False	one dynamic warp access of this static memory operand	QUALIFIED	2	SASS opcode U16/S16 data-width suffix	mref_operand_index=single bracketed global address operand	std::enable_if<!(false), void>::type internal::gemvx::kernel<int, int, __nv_bfloat16, __nv_bfloat16, __nv_bfloat16, float, false, true, true, false, 7, false, cublasGemvParamsEx<int, cublasGemvTensorStridedBatched<__nv_bfloat16 const>, cublasGemvTensorStridedBatched<__nv_bfloat16 const>, cublasGemvTensorStridedBatched<__nv_bfloat16>, float> >(cublasGemvParamsEx<int, cublasGemvTensorStridedBatched<__nv_bfloat16 const>, cublasGemvTensorStridedBatched<__nv_bfloat16 const>, cublasGemvTensorStridedBatched<__nv_bfloat16>, float>)	/root/share/mnt164/huangrulin/c16_ai_workload/raw/C16R_qwen3-30b-a3b_s2-text_decode_nvbit-warp-mref-shard_s2-dec3-natural-expert21-down_20260917T034400Z_e210c0de5678/STATIC_MREF_MAP.tsv	1	0
Q30	352	LDG.E.U16.STRONG.SM	LDG.E.U16.STRONG.SM R142, [R142.64] ;	GLOBAL	LOAD	False	one dynamic warp access of this static memory operand	QUALIFIED	2	SASS opcode U16/S16 data-width suffix	mref_operand_index=single bracketed global address operand	std::enable_if<!(false), void>::type internal::gemvx::kernel<int, int, __nv_bfloat16, __nv_bfloat16, __nv_bfloat16, float, false, true, true, false, 7, false, cublasGemvParamsEx<int, cublasGemvTensorStridedBatched<__nv_bfloat16 const>, cublasGemvTensorStridedBatched<__nv_bfloat16 const>, cublasGemvTensorStridedBatched<__nv_bfloat16>, float> >(cublasGemvParamsEx<int, cublasGemvTensorStridedBatched<__nv_bfloat16 const>, cublasGemvTensorStridedBatched<__nv_bfloat16 const>, cublasGemvTensorStridedBatched<__nv_bfloat16>, float>)	/root/share/mnt164/huangrulin/c16_ai_workload/raw/C16R_qwen3-30b-a3b_s2-text_decode_nvbit-warp-mref-shard_s2-dec3-natural-expert21-down_20260917T034400Z_e210c0de5678/STATIC_MREF_MAP.tsv	1	0
Q30	353	LDG.E.EF.U16	LDG.E.EF.U16 R144, [R144.64] ;	GLOBAL	LOAD	False	one dynamic warp access of this static memory operand	QUALIFIED	2	SASS opcode U16/S16 data-width suffix	mref_operand_index=single bracketed global address operand	std::enable_if<!(false), void>::type internal::gemvx::kernel<int, int, __nv_bfloat16, __nv_bfloat16, __nv_bfloat16, float, false, true, true, false, 7, false, cublasGemvParamsEx<int, cublasGemvTensorStridedBatched<__nv_bfloat16 const>, cublasGemvTensorStridedBatched<__nv_bfloat16 const>, cublasGemvTensorStridedBatched<__nv_bfloat16>, float> >(cublasGemvParamsEx<int, cublasGemvTensorStridedBatched<__nv_bfloat16 const>, cublasGemvTensorStridedBatched<__nv_bfloat16 const>, cublasGemvTensorStridedBatched<__nv_bfloat16>, float>)	/root/share/mnt164/huangrulin/c16_ai_workload/raw/C16R_qwen3-30b-a3b_s2-text_decode_nvbit-warp-mref-shard_s2-dec3-natural-expert21-down_20260917T034400Z_e210c0de5678/STATIC_MREF_MAP.tsv	1	0
Q30	568	LDG.E.U16.STRONG.SM	LDG.E.U16.STRONG.SM R41, [R18.64] ;	GLOBAL	LOAD	False	one dynamic warp access of this static memory operand	QUALIFIED	2	SASS opcode U16/S16 data-width suffix	mref_operand_index=single bracketed global address operand	std::enable_if<!(false), void>::type internal::gemvx::kernel<int, int, __nv_bfloat16, __nv_bfloat16, __nv_bfloat16, float, false, true, true, false, 7, false, cublasGemvParamsEx<int, cublasGemvTensorStridedBatched<__nv_bfloat16 const>, cublasGemvTensorStridedBatched<__nv_bfloat16 const>, cublasGemvTensorStridedBatched<__nv_bfloat16>, float> >(cublasGemvParamsEx<int, cublasGemvTensorStridedBatched<__nv_bfloat16 const>, cublasGemvTensorStridedBatched<__nv_bfloat16 const>, cublasGemvTensorStridedBatched<__nv_bfloat16>, float>)	/root/share/mnt164/huangrulin/c16_ai_workload/raw/C16R_qwen3-30b-a3b_s2-text_decode_nvbit-warp-mref-shard_s2-dec3-natural-expert21-down_20260917T034400Z_e210c0de5678/STATIC_MREF_MAP.tsv	1	0
Q30	570	LDG.E.EF.U16	LDG.E.EF.U16 R42, [R12.64] ;	GLOBAL	LOAD	False	one dynamic warp access of this static memory operand	QUALIFIED	2	SASS opcode U16/S16 data-width suffix	mref_operand_index=single bracketed global address operand	std::enable_if<!(false), void>::type internal::gemvx::kernel<int, int, __nv_bfloat16, __nv_bfloat16, __nv_bfloat16, float, false, true, true, false, 7, false, cublasGemvParamsEx<int, cublasGemvTensorStridedBatched<__nv_bfloat16 const>, cublasGemvTensorStridedBatched<__nv_bfloat16 const>, cublasGemvTensorStridedBatched<__nv_bfloat16>, float> >(cublasGemvParamsEx<int, cublasGemvTensorStridedBatched<__nv_bfloat16 const>, cublasGemvTensorStridedBatched<__nv_bfloat16 const>, cublasGemvTensorStridedBatched<__nv_bfloat16>, float>)	/root/share/mnt164/huangrulin/c16_ai_workload/raw/C16R_qwen3-30b-a3b_s2-text_decode_nvbit-warp-mref-shard_s2-dec3-natural-expert21-down_20260917T034400Z_e210c0de5678/STATIC_MREF_MAP.tsv	1	0
Q30	572	LDG.E.U16.STRONG.SM	LDG.E.U16.STRONG.SM R45, [R22.64] ;	GLOBAL	LOAD	False	one dynamic warp access of this static memory operand	QUALIFIED	2	SASS opcode U16/S16 data-width suffix	mref_operand_index=single bracketed global address operand	std::enable_if<!(false), void>::type internal::gemvx::kernel<int, int, __nv_bfloat16, __nv_bfloat16, __nv_bfloat16, float, false, true, true, false, 7, false, cublasGemvParamsEx<int, cublasGemvTensorStridedBatched<__nv_bfloat16 const>, cublasGemvTensorStridedBatched<__nv_bfloat16 const>, cublasGemvTensorStridedBatched<__nv_bfloat16>, float> >(cublasGemvParamsEx<int, cublasGemvTensorStridedBatched<__nv_bfloat16 const>, cublasGemvTensorStridedBatched<__nv_bfloat16 const>, cublasGemvTensorStridedBatched<__nv_bfloat16>, float>)	/root/share/mnt164/huangrulin/c16_ai_workload/raw/C16R_qwen3-30b-a3b_s2-text_decode_nvbit-warp-mref-shard_s2-dec3-natural-expert21-down_20260917T034400Z_e210c0de5678/STATIC_MREF_MAP.tsv	1	0
Q30	574	LDG.E.EF.U16	LDG.E.EF.U16 R5, [R20.64] ;	GLOBAL	LOAD	False	one dynamic warp access of this static memory operand	QUALIFIED	2	SASS opcode U16/S16 data-width suffix	mref_operand_index=single bracketed global address operand	std::enable_if<!(false), void>::type internal::gemvx::kernel<int, int, __nv_bfloat16, __nv_bfloat16, __nv_bfloat16, float, false, true, true, false, 7, false, cublasGemvParamsEx<int, cublasGemvTensorStridedBatched<__nv_bfloat16 const>, cublasGemvTensorStridedBatched<__nv_bfloat16 const>, cublasGemvTensorStridedBatched<__nv_bfloat16>, float> >(cublasGemvParamsEx<int, cublasGemvTensorStridedBatched<__nv_bfloat16 const>, cublasGemvTensorStridedBatched<__nv_bfloat16 const>, cublasGemvTensorStridedBatched<__nv_bfloat16>, float>)	/root/share/mnt164/huangrulin/c16_ai_workload/raw/C16R_qwen3-30b-a3b_s2-text_decode_nvbit-warp-mref-shard_s2-dec3-natural-expert21-down_20260917T034400Z_e210c0de5678/STATIC_MREF_MAP.tsv	1	0
Q30	576	LDG.E.U16.STRONG.SM	LDG.E.U16.STRONG.SM R46, [R26.64] ;	GLOBAL	LOAD	False	one dynamic warp access of this static memory operand	QUALIFIED	2	SASS opcode U16/S16 data-width suffix	mref_operand_index=single bracketed global address operand	std::enable_if<!(false), void>::type internal::gemvx::kernel<int, int, __nv_bfloat16, __nv_bfloat16, __nv_bfloat16, float, false, true, true, false, 7, false, cublasGemvParamsEx<int, cublasGemvTensorStridedBatched<__nv_bfloat16 const>, cublasGemvTensorStridedBatched<__nv_bfloat16 const>, cublasGemvTensorStridedBatched<__nv_bfloat16>, float> >(cublasGemvParamsEx<int, cublasGemvTensorStridedBatched<__nv_bfloat16 const>, cublasGemvTensorStridedBatched<__nv_bfloat16 const>, cublasGemvTensorStridedBatched<__nv_bfloat16>, float>)	/root/share/mnt164/huangrulin/c16_ai_workload/raw/C16R_qwen3-30b-a3b_s2-text_decode_nvbit-warp-mref-shard_s2-dec3-natural-expert21-down_20260917T034400Z_e210c0de5678/STATIC_MREF_MAP.tsv	1	0
Q30	578	LDG.E.EF.U16	LDG.E.EF.U16 R40, [R24.64] ;	GLOBAL	LOAD	False	one dynamic warp access of this static memory operand	QUALIFIED	2	SASS opcode U16/S16 data-width suffix	mref_operand_index=single bracketed global address operand	std::enable_if<!(false), void>::type internal::gemvx::kernel<int, int, __nv_bfloat16, __nv_bfloat16, __nv_bfloat16, float, false, true, true, false, 7, false, cublasGemvParamsEx<int, cublasGemvTensorStridedBatched<__nv_bfloat16 const>, cublasGemvTensorStridedBatched<__nv_bfloat16 const>, cublasGemvTensorStridedBatched<__nv_bfloat16>, float> >(cublasGemvParamsEx<int, cublasGemvTensorStridedBatched<__nv_bfloat16 const>, cublasGemvTensorStridedBatched<__nv_bfloat16 const>, cublasGemvTensorStridedBatched<__nv_bfloat16>, float>)	/root/share/mnt164/huangrulin/c16_ai_workload/raw/C16R_qwen3-30b-a3b_s2-text_decode_nvbit-warp-mref-shard_s2-dec3-natural-expert21-down_20260917T034400Z_e210c0de5678/STATIC_MREF_MAP.tsv	1	0
Q30	580	LDG.E.U16.STRONG.SM	LDG.E.U16.STRONG.SM R50, [R36.64] ;	GLOBAL	LOAD	False	one dynamic warp access of this static memory operand	QUALIFIED	2	SASS opcode U16/S16 data-width suffix	mref_operand_index=single bracketed global address operand	std::enable_if<!(false), void>::type internal::gemvx::kernel<int, int, __nv_bfloat16, __nv_bfloat16, __nv_bfloat16, float, false, true, true, false, 7, false, cublasGemvParamsEx<int, cublasGemvTensorStridedBatched<__nv_bfloat16 const>, cublasGemvTensorStridedBatched<__nv_bfloat16 const>, cublasGemvTensorStridedBatched<__nv_bfloat16>, float> >(cublasGemvParamsEx<int, cublasGemvTensorStridedBatched<__nv_bfloat16 const>, cublasGemvTensorStridedBatched<__nv_bfloat16 const>, cublasGemvTensorStridedBatched<__nv_bfloat16>, float>)	/root/share/mnt164/huangrulin/c16_ai_workload/raw/C16R_qwen3-30b-a3b_s2-text_decode_nvbit-warp-mref-shard_s2-dec3-natural-expert21-down_20260917T034400Z_e210c0de5678/STATIC_MREF_MAP.tsv	1	0
Q30	582	LDG.E.EF.U16	LDG.E.EF.U16 R47, [R28.64] ;	GLOBAL	LOAD	False	one dynamic warp access of this static memory operand	QUALIFIED	2	SASS opcode U16/S16 data-width suffix	mref_operand_index=single bracketed global address operand	std::enable_if<!(false), void>::type internal::gemvx::kernel<int, int, __nv_bfloat16, __nv_bfloat16, __nv_bfloat16, float, false, true, true, false, 7, false, cublasGemvParamsEx<int, cublasGemvTensorStridedBatched<__nv_bfloat16 const>, cublasGemvTensorStridedBatched<__nv_bfloat16 const>, cublasGemvTensorStridedBatched<__nv_bfloat16>, float> >(cublasGemvParamsEx<int, cublasGemvTensorStridedBatched<__nv_bfloat16 const>, cublasGemvTensorStridedBatched<__nv_bfloat16 const>, cublasGemvTensorStridedBatched<__nv_bfloat16>, float>)	/root/share/mnt164/huangrulin/c16_ai_workload/raw/C16R_qwen3-30b-a3b_s2-text_decode_nvbit-warp-mref-shard_s2-dec3-natural-expert21-down_20260917T034400Z_e210c0de5678/STATIC_MREF_MAP.tsv	1	0
Q30	584	LDG.E.U16.STRONG.SM	LDG.E.U16.STRONG.SM R51, [R58.64] ;	GLOBAL	LOAD	False	one dynamic warp access of this static memory operand	QUALIFIED	2	SASS opcode U16/S16 data-width suffix	mref_operand_index=single bracketed global address operand	std::enable_if<!(false), void>::type internal::gemvx::kernel<int, int, __nv_bfloat16, __nv_bfloat16, __nv_bfloat16, float, false, true, true, false, 7, false, cublasGemvParamsEx<int, cublasGemvTensorStridedBatched<__nv_bfloat16 const>, cublasGemvTensorStridedBatched<__nv_bfloat16 const>, cublasGemvTensorStridedBatched<__nv_bfloat16>, float> >(cublasGemvParamsEx<int, cublasGemvTensorStridedBatched<__nv_bfloat16 const>, cublasGemvTensorStridedBatched<__nv_bfloat16 const>, cublasGemvTensorStridedBatched<__nv_bfloat16>, float>)	/root/share/mnt164/huangrulin/c16_ai_workload/raw/C16R_qwen3-30b-a3b_s2-text_decode_nvbit-warp-mref-shard_s2-dec3-natural-expert21-down_20260917T034400Z_e210c0de5678/STATIC_MREF_MAP.tsv	1	0
Q30	586	LDG.E.U16.STRONG.SM	LDG.E.U16.STRONG.SM R54, [R62.64] ;	GLOBAL	LOAD	False	one dynamic warp access of this static memory operand	QUALIFIED	2	SASS opcode U16/S16 data-width suffix	mref_operand_index=single bracketed global address operand	std::enable_if<!(false), void>::type internal::gemvx::kernel<int, int, __nv_bfloat16, __nv_bfloat16, __nv_bfloat16, float, false, true, true, false, 7, false, cublasGemvParamsEx<int, cublasGemvTensorStridedBatched<__nv_bfloat16 const>, cublasGemvTensorStridedBatched<__nv_bfloat16 const>, cublasGemvTensorStridedBatched<__nv_bfloat16>, float> >(cublasGemvParamsEx<int, cublasGemvTensorStridedBatched<__nv_bfloat16 const>, cublasGemvTensorStridedBatched<__nv_bfloat16 const>, cublasGemvTensorStridedBatched<__nv_bfloat16>, float>)	/root/share/mnt164/huangrulin/c16_ai_workload/raw/C16R_qwen3-30b-a3b_s2-text_decode_nvbit-warp-mref-shard_s2-dec3-natural-expert21-down_20260917T034400Z_e210c0de5678/STATIC_MREF_MAP.tsv	1	0
Q30	588	LDG.E.EF.U16	LDG.E.EF.U16 R49, [R48.64] ;	GLOBAL	LOAD	False	one dynamic warp access of this static memory operand	QUALIFIED	2	SASS opcode U16/S16 data-width suffix	mref_operand_index=single bracketed global address operand	std::enable_if<!(false), void>::type internal::gemvx::kernel<int, int, __nv_bfloat16, __nv_bfloat16, __nv_bfloat16, float, false, true, true, false, 7, false, cublasGemvParamsEx<int, cublasGemvTensorStridedBatched<__nv_bfloat16 const>, cublasGemvTensorStridedBatched<__nv_bfloat16 const>, cublasGemvTensorStridedBatched<__nv_bfloat16>, float> >(cublasGemvParamsEx<int, cublasGemvTensorStridedBatched<__nv_bfloat16 const>, cublasGemvTensorStridedBatched<__nv_bfloat16 const>, cublasGemvTensorStridedBatched<__nv_bfloat16>, float>)	/root/share/mnt164/huangrulin/c16_ai_workload/raw/C16R_qwen3-30b-a3b_s2-text_decode_nvbit-warp-mref-shard_s2-dec3-natural-expert21-down_20260917T034400Z_e210c0de5678/STATIC_MREF_MAP.tsv	1	0
Q30	590	LDG.E.EF.U16	LDG.E.EF.U16 R44, [R60.64] ;	GLOBAL	LOAD	False	one dynamic warp access of this static memory operand	QUALIFIED	2	SASS opcode U16/S16 data-width suffix	mref_operand_index=single bracketed global address operand	std::enable_if<!(false), void>::type internal::gemvx::kernel<int, int, __nv_bfloat16, __nv_bfloat16, __nv_bfloat16, float, false, true, true, false, 7, false, cublasGemvParamsEx<int, cublasGemvTensorStridedBatched<__nv_bfloat16 const>, cublasGemvTensorStridedBatched<__nv_bfloat16 const>, cublasGemvTensorStridedBatched<__nv_bfloat16>, float> >(cublasGemvParamsEx<int, cublasGemvTensorStridedBatched<__nv_bfloat16 const>, cublasGemvTensorStridedBatched<__nv_bfloat16 const>, cublasGemvTensorStridedBatched<__nv_bfloat16>, float>)	/root/share/mnt164/huangrulin/c16_ai_workload/raw/C16R_qwen3-30b-a3b_s2-text_decode_nvbit-warp-mref-shard_s2-dec3-natural-expert21-down_20260917T034400Z_e210c0de5678/STATIC_MREF_MAP.tsv	1	0
Q30	592	LDG.E.U16.STRONG.SM	LDG.E.U16.STRONG.SM R55, [R76.64] ;	GLOBAL	LOAD	False	one dynamic warp access of this static memory operand	QUALIFIED	2	SASS opcode U16/S16 data-width suffix	mref_operand_index=single bracketed global address operand	std::enable_if<!(false), void>::type internal::gemvx::kernel<int, int, __nv_bfloat16, __nv_bfloat16, __nv_bfloat16, float, false, true, true, false, 7, false, cublasGemvParamsEx<int, cublasGemvTensorStridedBatched<__nv_bfloat16 const>, cublasGemvTensorStridedBatched<__nv_bfloat16 const>, cublasGemvTensorStridedBatched<__nv_bfloat16>, float> >(cublasGemvParamsEx<int, cublasGemvTensorStridedBatched<__nv_bfloat16 const>, cublasGemvTensorStridedBatched<__nv_bfloat16 const>, cublasGemvTensorStridedBatched<__nv_bfloat16>, float>)	/root/share/mnt164/huangrulin/c16_ai_workload/raw/C16R_qwen3-30b-a3b_s2-text_decode_nvbit-warp-mref-shard_s2-dec3-natural-expert21-down_20260917T034400Z_e210c0de5678/STATIC_MREF_MAP.tsv	1	0
Q30	594	LDG.E.EF.U16	LDG.E.EF.U16 R52, [R64.64] ;	GLOBAL	LOAD	False	one dynamic warp access of this static memory operand	QUALIFIED	2	SASS opcode U16/S16 data-width suffix	mref_operand_index=single bracketed global address operand	std::enable_if<!(false), void>::type internal::gemvx::kernel<int, int, __nv_bfloat16, __nv_bfloat16, __nv_bfloat16, float, false, true, true, false, 7, false, cublasGemvParamsEx<int, cublasGemvTensorStridedBatched<__nv_bfloat16 const>, cublasGemvTensorStridedBatched<__nv_bfloat16 const>, cublasGemvTensorStridedBatched<__nv_bfloat16>, float> >(cublasGemvParamsEx<int, cublasGemvTensorStridedBatched<__nv_bfloat16 const>, cublasGemvTensorStridedBatched<__nv_bfloat16 const>, cublasGemvTensorStridedBatched<__nv_bfloat16>, float>)	/root/share/mnt164/huangrulin/c16_ai_workload/raw/C16R_qwen3-30b-a3b_s2-text_decode_nvbit-warp-mref-shard_s2-dec3-natural-expert21-down_20260917T034400Z_e210c0de5678/STATIC_MREF_MAP.tsv	1	0
Q30	596	LDG.E.U16.STRONG.SM	LDG.E.U16.STRONG.SM R57, [R80.64] ;	GLOBAL	LOAD	False	one dynamic warp access of this static memory operand	QUALIFIED	2	SASS opcode U16/S16 data-width suffix	mref_operand_index=single bracketed global address operand	std::enable_if<!(false), void>::type internal::gemvx::kernel<int, int, __nv_bfloat16, __nv_bfloat16, __nv_bfloat16, float, false, true, true, false, 7, false, cublasGemvParamsEx<int, cublasGemvTensorStridedBatched<__nv_bfloat16 const>, cublasGemvTensorStridedBatched<__nv_bfloat16 const>, cublasGemvTensorStridedBatched<__nv_bfloat16>, float> >(cublasGemvParamsEx<int, cublasGemvTensorStridedBatched<__nv_bfloat16 const>, cublasGemvTensorStridedBatched<__nv_bfloat16 const>, cublasGemvTensorStridedBatched<__nv_bfloat16>, float>)	/root/share/mnt164/huangrulin/c16_ai_workload/raw/C16R_qwen3-30b-a3b_s2-text_decode_nvbit-warp-mref-shard_s2-dec3-natural-expert21-down_20260917T034400Z_e210c0de5678/STATIC_MREF_MAP.tsv	1	0
Q30	598	LDG.E.EF.U16	LDG.E.EF.U16 R53, [R78.64] ;	GLOBAL	LOAD	False	one dynamic warp access of this static memory operand	QUALIFIED	2	SASS opcode U16/S16 data-width suffix	mref_operand_index=single bracketed global address operand	std::enable_if<!(false), void>::type internal::gemvx::kernel<int, int, __nv_bfloat16, __nv_bfloat16, __nv_bfloat16, float, false, true, true, false, 7, false, cublasGemvParamsEx<int, cublasGemvTensorStridedBatched<__nv_bfloat16 const>, cublasGemvTensorStridedBatched<__nv_bfloat16 const>, cublasGemvTensorStridedBatched<__nv_bfloat16>, float> >(cublasGemvParamsEx<int, cublasGemvTensorStridedBatched<__nv_bfloat16 const>, cublasGemvTensorStridedBatched<__nv_bfloat16 const>, cublasGemvTensorStridedBatched<__nv_bfloat16>, float>)	/root/share/mnt164/huangrulin/c16_ai_workload/raw/C16R_qwen3-30b-a3b_s2-text_decode_nvbit-warp-mref-shard_s2-dec3-natural-expert21-down_20260917T034400Z_e210c0de5678/STATIC_MREF_MAP.tsv	1	0
Q30	600	LDG.E.U16.STRONG.SM	LDG.E.U16.STRONG.SM R58, [R72.64] ;	GLOBAL	LOAD	False	one dynamic warp access of this static memory operand	QUALIFIED	2	SASS opcode U16/S16 data-width suffix	mref_operand_index=single bracketed global address operand	std::enable_if<!(false), void>::type internal::gemvx::kernel<int, int, __nv_bfloat16, __nv_bfloat16, __nv_bfloat16, float, false, true, true, false, 7, false, cublasGemvParamsEx<int, cublasGemvTensorStridedBatched<__nv_bfloat16 const>, cublasGemvTensorStridedBatched<__nv_bfloat16 const>, cublasGemvTensorStridedBatched<__nv_bfloat16>, float> >(cublasGemvParamsEx<int, cublasGemvTensorStridedBatched<__nv_bfloat16 const>, cublasGemvTensorStridedBatched<__nv_bfloat16 const>, cublasGemvTensorStridedBatched<__nv_bfloat16>, float>)	/root/share/mnt164/huangrulin/c16_ai_workload/raw/C16R_qwen3-30b-a3b_s2-text_decode_nvbit-warp-mref-shard_s2-dec3-natural-expert21-down_20260917T034400Z_e210c0de5678/STATIC_MREF_MAP.tsv	1	0
Q30	602	LDG.E.EF.U16	LDG.E.EF.U16 R48, [R16.64] ;	GLOBAL	LOAD	False	one dynamic warp access of this static memory operand	QUALIFIED	2	SASS opcode U16/S16 data-width suffix	mref_operand_index=single bracketed global address operand	std::enable_if<!(false), void>::type internal::gemvx::kernel<int, int, __nv_bfloat16, __nv_bfloat16, __nv_bfloat16, float, false, true, true, false, 7, false, cublasGemvParamsEx<int, cublasGemvTensorStridedBatched<__nv_bfloat16 const>, cublasGemvTensorStridedBatched<__nv_bfloat16 const>, cublasGemvTensorStridedBatched<__nv_bfloat16>, float> >(cublasGemvParamsEx<int, cublasGemvTensorStridedBatched<__nv_bfloat16 const>, cublasGemvTensorStridedBatched<__nv_bfloat16 const>, cublasGemvTensorStridedBatched<__nv_bfloat16>, float>)	/root/share/mnt164/huangrulin/c16_ai_workload/raw/C16R_qwen3-30b-a3b_s2-text_decode_nvbit-warp-mref-shard_s2-dec3-natural-expert21-down_20260917T034400Z_e210c0de5678/STATIC_MREF_MAP.tsv	1	0
Q30	604	LDG.E.U16.STRONG.SM	LDG.E.U16.STRONG.SM R59, [R14.64] ;	GLOBAL	LOAD	False	one dynamic warp access of this static memory operand	QUALIFIED	2	SASS opcode U16/S16 data-width suffix	mref_operand_index=single bracketed global address operand	std::enable_if<!(false), void>::type internal::gemvx::kernel<int, int, __nv_bfloat16, __nv_bfloat16, __nv_bfloat16, float, false, true, true, false, 7, false, cublasGemvParamsEx<int, cublasGemvTensorStridedBatched<__nv_bfloat16 const>, cublasGemvTensorStridedBatched<__nv_bfloat16 const>, cublasGemvTensorStridedBatched<__nv_bfloat16>, float> >(cublasGemvParamsEx<int, cublasGemvTensorStridedBatched<__nv_bfloat16 const>, cublasGemvTensorStridedBatched<__nv_bfloat16 const>, cublasGemvTensorStridedBatched<__nv_bfloat16>, float>)	/root/share/mnt164/huangrulin/c16_ai_workload/raw/C16R_qwen3-30b-a3b_s2-text_decode_nvbit-warp-mref-shard_s2-dec3-natural-expert21-down_20260917T034400Z_e210c0de5678/STATIC_MREF_MAP.tsv	1	0
Q30	606	LDG.E.EF.U16	LDG.E.EF.U16 R56, [R66.64] ;	GLOBAL	LOAD	False	one dynamic warp access of this static memory operand	QUALIFIED	2	SASS opcode U16/S16 data-width suffix	mref_operand_index=single bracketed global address operand	std::enable_if<!(false), void>::type internal::gemvx::kernel<int, int, __nv_bfloat16, __nv_bfloat16, __nv_bfloat16, float, false, true, true, false, 7, false, cublasGemvParamsEx<int, cublasGemvTensorStridedBatched<__nv_bfloat16 const>, cublasGemvTensorStridedBatched<__nv_bfloat16 const>, cublasGemvTensorStridedBatched<__nv_bfloat16>, float> >(cublasGemvParamsEx<int, cublasGemvTensorStridedBatched<__nv_bfloat16 const>, cublasGemvTensorStridedBatched<__nv_bfloat16 const>, cublasGemvTensorStridedBatched<__nv_bfloat16>, float>)	/root/share/mnt164/huangrulin/c16_ai_workload/raw/C16R_qwen3-30b-a3b_s2-text_decode_nvbit-warp-mref-shard_s2-dec3-natural-expert21-down_20260917T034400Z_e210c0de5678/STATIC_MREF_MAP.tsv	1	0
Q30	608	LDG.E.U16.STRONG.SM	LDG.E.U16.STRONG.SM R63, [R10.64] ;	GLOBAL	LOAD	False	one dynamic warp access of this static memory operand	QUALIFIED	2	SASS opcode U16/S16 data-width suffix	mref_operand_index=single bracketed global address operand	std::enable_if<!(false), void>::type internal::gemvx::kernel<int, int, __nv_bfloat16, __nv_bfloat16, __nv_bfloat16, float, false, true, true, false, 7, false, cublasGemvParamsEx<int, cublasGemvTensorStridedBatched<__nv_bfloat16 const>, cublasGemvTensorStridedBatched<__nv_bfloat16 const>, cublasGemvTensorStridedBatched<__nv_bfloat16>, float> >(cublasGemvParamsEx<int, cublasGemvTensorStridedBatched<__nv_bfloat16 const>, cublasGemvTensorStridedBatched<__nv_bfloat16 const>, cublasGemvTensorStridedBatched<__nv_bfloat16>, float>)	/root/share/mnt164/huangrulin/c16_ai_workload/raw/C16R_qwen3-30b-a3b_s2-text_decode_nvbit-warp-mref-shard_s2-dec3-natural-expert21-down_20260917T034400Z_e210c0de5678/STATIC_MREF_MAP.tsv	1	0
Q30	610	LDG.E.EF.U16	LDG.E.EF.U16 R64, [R8.64] ;	GLOBAL	LOAD	False	one dynamic warp access of this static memory operand	QUALIFIED	2	SASS opcode U16/S16 data-width suffix	mref_operand_index=single bracketed global address operand	std::enable_if<!(false), void>::type internal::gemvx::kernel<int, int, __nv_bfloat16, __nv_bfloat16, __nv_bfloat16, float, false, true, true, false, 7, false, cublasGemvParamsEx<int, cublasGemvTensorStridedBatched<__nv_bfloat16 const>, cublasGemvTensorStridedBatched<__nv_bfloat16 const>, cublasGemvTensorStridedBatched<__nv_bfloat16>, float> >(cublasGemvParamsEx<int, cublasGemvTensorStridedBatched<__nv_bfloat16 const>, cublasGemvTensorStridedBatched<__nv_bfloat16 const>, cublasGemvTensorStridedBatched<__nv_bfloat16>, float>)	/root/share/mnt164/huangrulin/c16_ai_workload/raw/C16R_qwen3-30b-a3b_s2-text_decode_nvbit-warp-mref-shard_s2-dec3-natural-expert21-down_20260917T034400Z_e210c0de5678/STATIC_MREF_MAP.tsv	1	0
Q30	612	LDG.E.U16.STRONG.SM	LDG.E.U16.STRONG.SM R61, [R30.64] ;	GLOBAL	LOAD	False	one dynamic warp access of this static memory operand	QUALIFIED	2	SASS opcode U16/S16 data-width suffix	mref_operand_index=single bracketed global address operand	std::enable_if<!(false), void>::type internal::gemvx::kernel<int, int, __nv_bfloat16, __nv_bfloat16, __nv_bfloat16, float, false, true, true, false, 7, false, cublasGemvParamsEx<int, cublasGemvTensorStridedBatched<__nv_bfloat16 const>, cublasGemvTensorStridedBatched<__nv_bfloat16 const>, cublasGemvTensorStridedBatched<__nv_bfloat16>, float> >(cublasGemvParamsEx<int, cublasGemvTensorStridedBatched<__nv_bfloat16 const>, cublasGemvTensorStridedBatched<__nv_bfloat16 const>, cublasGemvTensorStridedBatched<__nv_bfloat16>, float>)	/root/share/mnt164/huangrulin/c16_ai_workload/raw/C16R_qwen3-30b-a3b_s2-text_decode_nvbit-warp-mref-shard_s2-dec3-natural-expert21-down_20260917T034400Z_e210c0de5678/STATIC_MREF_MAP.tsv	1	0
Q30	614	LDG.E.EF.U16	LDG.E.EF.U16 R62, [R6.64] ;	GLOBAL	LOAD	False	one dynamic warp access of this static memory operand	QUALIFIED	2	SASS opcode U16/S16 data-width suffix	mref_operand_index=single bracketed global address operand	std::enable_if<!(false), void>::type internal::gemvx::kernel<int, int, __nv_bfloat16, __nv_bfloat16, __nv_bfloat16, float, false, true, true, false, 7, false, cublasGemvParamsEx<int, cublasGemvTensorStridedBatched<__nv_bfloat16 const>, cublasGemvTensorStridedBatched<__nv_bfloat16 const>, cublasGemvTensorStridedBatched<__nv_bfloat16>, float> >(cublasGemvParamsEx<int, cublasGemvTensorStridedBatched<__nv_bfloat16 const>, cublasGemvTensorStridedBatched<__nv_bfloat16 const>, cublasGemvTensorStridedBatched<__nv_bfloat16>, float>)	/root/share/mnt164/huangrulin/c16_ai_workload/raw/C16R_qwen3-30b-a3b_s2-text_decode_nvbit-warp-mref-shard_s2-dec3-natural-expert21-down_20260917T034400Z_e210c0de5678/STATIC_MREF_MAP.tsv	1	0
Q30	616	LDG.E.U16.STRONG.SM	LDG.E.U16.STRONG.SM R60, [R74.64] ;	GLOBAL	LOAD	False	one dynamic warp access of this static memory operand	QUALIFIED	2	SASS opcode U16/S16 data-width suffix	mref_operand_index=single bracketed global address operand	std::enable_if<!(false), void>::type internal::gemvx::kernel<int, int, __nv_bfloat16, __nv_bfloat16, __nv_bfloat16, float, false, true, true, false, 7, false, cublasGemvParamsEx<int, cublasGemvTensorStridedBatched<__nv_bfloat16 const>, cublasGemvTensorStridedBatched<__nv_bfloat16 const>, cublasGemvTensorStridedBatched<__nv_bfloat16>, float> >(cublasGemvParamsEx<int, cublasGemvTensorStridedBatched<__nv_bfloat16 const>, cublasGemvTensorStridedBatched<__nv_bfloat16 const>, cublasGemvTensorStridedBatched<__nv_bfloat16>, float>)	/root/share/mnt164/huangrulin/c16_ai_workload/raw/C16R_qwen3-30b-a3b_s2-text_decode_nvbit-warp-mref-shard_s2-dec3-natural-expert21-down_20260917T034400Z_e210c0de5678/STATIC_MREF_MAP.tsv	1	0
Q30	618	LDG.E.EF.U16	LDG.E.EF.U16 R65, [R70.64] ;	GLOBAL	LOAD	False	one dynamic warp access of this static memory operand	QUALIFIED	2	SASS opcode U16/S16 data-width suffix	mref_operand_index=single bracketed global address operand	std::enable_if<!(false), void>::type internal::gemvx::kernel<int, int, __nv_bfloat16, __nv_bfloat16, __nv_bfloat16, float, false, true, true, false, 7, false, cublasGemvParamsEx<int, cublasGemvTensorStridedBatched<__nv_bfloat16 const>, cublasGemvTensorStridedBatched<__nv_bfloat16 const>, cublasGemvTensorStridedBatched<__nv_bfloat16>, float> >(cublasGemvParamsEx<int, cublasGemvTensorStridedBatched<__nv_bfloat16 const>, cublasGemvTensorStridedBatched<__nv_bfloat16 const>, cublasGemvTensorStridedBatched<__nv_bfloat16>, float>)	/root/share/mnt164/huangrulin/c16_ai_workload/raw/C16R_qwen3-30b-a3b_s2-text_decode_nvbit-warp-mref-shard_s2-dec3-natural-expert21-down_20260917T034400Z_e210c0de5678/STATIC_MREF_MAP.tsv	1	0
Q30	620	LDG.E.U16.STRONG.SM	LDG.E.U16.STRONG.SM R66, [R34.64] ;	GLOBAL	LOAD	False	one dynamic warp access of this static memory operand	QUALIFIED	2	SASS opcode U16/S16 data-width suffix	mref_operand_index=single bracketed global address operand	std::enable_if<!(false), void>::type internal::gemvx::kernel<int, int, __nv_bfloat16, __nv_bfloat16, __nv_bfloat16, float, false, true, true, false, 7, false, cublasGemvParamsEx<int, cublasGemvTensorStridedBatched<__nv_bfloat16 const>, cublasGemvTensorStridedBatched<__nv_bfloat16 const>, cublasGemvTensorStridedBatched<__nv_bfloat16>, float> >(cublasGemvParamsEx<int, cublasGemvTensorStridedBatched<__nv_bfloat16 const>, cublasGemvTensorStridedBatched<__nv_bfloat16 const>, cublasGemvTensorStridedBatched<__nv_bfloat16>, float>)	/root/share/mnt164/huangrulin/c16_ai_workload/raw/C16R_qwen3-30b-a3b_s2-text_decode_nvbit-warp-mref-shard_s2-dec3-natural-expert21-down_20260917T034400Z_e210c0de5678/STATIC_MREF_MAP.tsv	1	0
Q30	622	LDG.E.EF.U16	LDG.E.EF.U16 R67, [R32.64] ;	GLOBAL	LOAD	False	one dynamic warp access of this static memory operand	QUALIFIED	2	SASS opcode U16/S16 data-width suffix	mref_operand_index=single bracketed global address operand	std::enable_if<!(false), void>::type internal::gemvx::kernel<int, int, __nv_bfloat16, __nv_bfloat16, __nv_bfloat16, float, false, true, true, false, 7, false, cublasGemvParamsEx<int, cublasGemvTensorStridedBatched<__nv_bfloat16 const>, cublasGemvTensorStridedBatched<__nv_bfloat16 const>, cublasGemvTensorStridedBatched<__nv_bfloat16>, float> >(cublasGemvParamsEx<int, cublasGemvTensorStridedBatched<__nv_bfloat16 const>, cublasGemvTensorStridedBatched<__nv_bfloat16 const>, cublasGemvTensorStridedBatched<__nv_bfloat16>, float>)	/root/share/mnt164/huangrulin/c16_ai_workload/raw/C16R_qwen3-30b-a3b_s2-text_decode_nvbit-warp-mref-shard_s2-dec3-natural-expert21-down_20260917T034400Z_e210c0de5678/STATIC_MREF_MAP.tsv	1	0
Q30	624	LDG.E.EF.U16	LDG.E.EF.U16 R72, [R38.64] ;	GLOBAL	LOAD	False	one dynamic warp access of this static memory operand	QUALIFIED	2	SASS opcode U16/S16 data-width suffix	mref_operand_index=single bracketed global address operand	std::enable_if<!(false), void>::type internal::gemvx::kernel<int, int, __nv_bfloat16, __nv_bfloat16, __nv_bfloat16, float, false, true, true, false, 7, false, cublasGemvParamsEx<int, cublasGemvTensorStridedBatched<__nv_bfloat16 const>, cublasGemvTensorStridedBatched<__nv_bfloat16 const>, cublasGemvTensorStridedBatched<__nv_bfloat16>, float> >(cublasGemvParamsEx<int, cublasGemvTensorStridedBatched<__nv_bfloat16 const>, cublasGemvTensorStridedBatched<__nv_bfloat16 const>, cublasGemvTensorStridedBatched<__nv_bfloat16>, float>)	/root/share/mnt164/huangrulin/c16_ai_workload/raw/C16R_qwen3-30b-a3b_s2-text_decode_nvbit-warp-mref-shard_s2-dec3-natural-expert21-down_20260917T034400Z_e210c0de5678/STATIC_MREF_MAP.tsv	1	0
Q30	626	LDG.E.U16.STRONG.SM	LDG.E.U16.STRONG.SM R68, [R68.64] ;	GLOBAL	LOAD	False	one dynamic warp access of this static memory operand	QUALIFIED	2	SASS opcode U16/S16 data-width suffix	mref_operand_index=single bracketed global address operand	std::enable_if<!(false), void>::type internal::gemvx::kernel<int, int, __nv_bfloat16, __nv_bfloat16, __nv_bfloat16, float, false, true, true, false, 7, false, cublasGemvParamsEx<int, cublasGemvTensorStridedBatched<__nv_bfloat16 const>, cublasGemvTensorStridedBatched<__nv_bfloat16 const>, cublasGemvTensorStridedBatched<__nv_bfloat16>, float> >(cublasGemvParamsEx<int, cublasGemvTensorStridedBatched<__nv_bfloat16 const>, cublasGemvTensorStridedBatched<__nv_bfloat16 const>, cublasGemvTensorStridedBatched<__nv_bfloat16>, float>)	/root/share/mnt164/huangrulin/c16_ai_workload/raw/C16R_qwen3-30b-a3b_s2-text_decode_nvbit-warp-mref-shard_s2-dec3-natural-expert21-down_20260917T034400Z_e210c0de5678/STATIC_MREF_MAP.tsv	1	0
Q30	628	LDG.E.U16.STRONG.SM	LDG.E.U16.STRONG.SM R73, [R36.64] ;	GLOBAL	LOAD	False	one dynamic warp access of this static memory operand	QUALIFIED	2	SASS opcode U16/S16 data-width suffix	mref_operand_index=single bracketed global address operand	std::enable_if<!(false), void>::type internal::gemvx::kernel<int, int, __nv_bfloat16, __nv_bfloat16, __nv_bfloat16, float, false, true, true, false, 7, false, cublasGemvParamsEx<int, cublasGemvTensorStridedBatched<__nv_bfloat16 const>, cublasGemvTensorStridedBatched<__nv_bfloat16 const>, cublasGemvTensorStridedBatched<__nv_bfloat16>, float> >(cublasGemvParamsEx<int, cublasGemvTensorStridedBatched<__nv_bfloat16 const>, cublasGemvTensorStridedBatched<__nv_bfloat16 const>, cublasGemvTensorStridedBatched<__nv_bfloat16>, float>)	/root/share/mnt164/huangrulin/c16_ai_workload/raw/C16R_qwen3-30b-a3b_s2-text_decode_nvbit-warp-mref-shard_s2-dec3-natural-expert21-down_20260917T034400Z_e210c0de5678/STATIC_MREF_MAP.tsv	1	0
Q30	630	LDG.E.EF.U16	LDG.E.EF.U16 R74, [R24.64] ;	GLOBAL	LOAD	False	one dynamic warp access of this static memory operand	QUALIFIED	2	SASS opcode U16/S16 data-width suffix	mref_operand_index=single bracketed global address operand	std::enable_if<!(false), void>::type internal::gemvx::kernel<int, int, __nv_bfloat16, __nv_bfloat16, __nv_bfloat16, float, false, true, true, false, 7, false, cublasGemvParamsEx<int, cublasGemvTensorStridedBatched<__nv_bfloat16 const>, cublasGemvTensorStridedBatched<__nv_bfloat16 const>, cublasGemvTensorStridedBatched<__nv_bfloat16>, float> >(cublasGemvParamsEx<int, cublasGemvTensorStridedBatched<__nv_bfloat16 const>, cublasGemvTensorStridedBatched<__nv_bfloat16 const>, cublasGemvTensorStridedBatched<__nv_bfloat16>, float>)	/root/share/mnt164/huangrulin/c16_ai_workload/raw/C16R_qwen3-30b-a3b_s2-text_decode_nvbit-warp-mref-shard_s2-dec3-natural-expert21-down_20260917T034400Z_e210c0de5678/STATIC_MREF_MAP.tsv	1	0
Q30	632	LDG.E.EF.U16	LDG.E.EF.U16 R70, [R26.64] ;	GLOBAL	LOAD	False	one dynamic warp access of this static memory operand	QUALIFIED	2	SASS opcode U16/S16 data-width suffix	mref_operand_index=single bracketed global address operand	std::enable_if<!(false), void>::type internal::gemvx::kernel<int, int, __nv_bfloat16, __nv_bfloat16, __nv_bfloat16, float, false, true, true, false, 7, false, cublasGemvParamsEx<int, cublasGemvTensorStridedBatched<__nv_bfloat16 const>, cublasGemvTensorStridedBatched<__nv_bfloat16 const>, cublasGemvTensorStridedBatched<__nv_bfloat16>, float> >(cublasGemvParamsEx<int, cublasGemvTensorStridedBatched<__nv_bfloat16 const>, cublasGemvTensorStridedBatched<__nv_bfloat16 const>, cublasGemvTensorStridedBatched<__nv_bfloat16>, float>)	/root/share/mnt164/huangrulin/c16_ai_workload/raw/C16R_qwen3-30b-a3b_s2-text_decode_nvbit-warp-mref-shard_s2-dec3-natural-expert21-down_20260917T034400Z_e210c0de5678/STATIC_MREF_MAP.tsv	1	0
Q30	634	LDG.E.U16.STRONG.SM	LDG.E.U16.STRONG.SM R28, [R28.64] ;	GLOBAL	LOAD	False	one dynamic warp access of this static memory operand	QUALIFIED	2	SASS opcode U16/S16 data-width suffix	mref_operand_index=single bracketed global address operand	std::enable_if<!(false), void>::type internal::gemvx::kernel<int, int, __nv_bfloat16, __nv_bfloat16, __nv_bfloat16, float, false, true, true, false, 7, false, cublasGemvParamsEx<int, cublasGemvTensorStridedBatched<__nv_bfloat16 const>, cublasGemvTensorStridedBatched<__nv_bfloat16 const>, cublasGemvTensorStridedBatched<__nv_bfloat16>, float> >(cublasGemvParamsEx<int, cublasGemvTensorStridedBatched<__nv_bfloat16 const>, cublasGemvTensorStridedBatched<__nv_bfloat16 const>, cublasGemvTensorStridedBatched<__nv_bfloat16>, float>)	/root/share/mnt164/huangrulin/c16_ai_workload/raw/C16R_qwen3-30b-a3b_s2-text_decode_nvbit-warp-mref-shard_s2-dec3-natural-expert21-down_20260917T034400Z_e210c0de5678/STATIC_MREF_MAP.tsv	1	0
Q30	636	LDG.E.U16.STRONG.SM	LDG.E.U16.STRONG.SM R71, [R18.64] ;	GLOBAL	LOAD	False	one dynamic warp access of this static memory operand	QUALIFIED	2	SASS opcode U16/S16 data-width suffix	mref_operand_index=single bracketed global address operand	std::enable_if<!(false), void>::type internal::gemvx::kernel<int, int, __nv_bfloat16, __nv_bfloat16, __nv_bfloat16, float, false, true, true, false, 7, false, cublasGemvParamsEx<int, cublasGemvTensorStridedBatched<__nv_bfloat16 const>, cublasGemvTensorStridedBatched<__nv_bfloat16 const>, cublasGemvTensorStridedBatched<__nv_bfloat16>, float> >(cublasGemvParamsEx<int, cublasGemvTensorStridedBatched<__nv_bfloat16 const>, cublasGemvTensorStridedBatched<__nv_bfloat16 const>, cublasGemvTensorStridedBatched<__nv_bfloat16>, float>)	/root/share/mnt164/huangrulin/c16_ai_workload/raw/C16R_qwen3-30b-a3b_s2-text_decode_nvbit-warp-mref-shard_s2-dec3-natural-expert21-down_20260917T034400Z_e210c0de5678/STATIC_MREF_MAP.tsv	1	0
Q30	638	LDG.E.EF.U16	LDG.E.EF.U16 R69, [R20.64] ;	GLOBAL	LOAD	False	one dynamic warp access of this static memory operand	QUALIFIED	2	SASS opcode U16/S16 data-width suffix	mref_operand_index=single bracketed global address operand	std::enable_if<!(false), void>::type internal::gemvx::kernel<int, int, __nv_bfloat16, __nv_bfloat16, __nv_bfloat16, float, false, true, true, false, 7, false, cublasGemvParamsEx<int, cublasGemvTensorStridedBatched<__nv_bfloat16 const>, cublasGemvTensorStridedBatched<__nv_bfloat16 const>, cublasGemvTensorStridedBatched<__nv_bfloat16>, float> >(cublasGemvParamsEx<int, cublasGemvTensorStridedBatched<__nv_bfloat16 const>, cublasGemvTensorStridedBatched<__nv_bfloat16 const>, cublasGemvTensorStridedBatched<__nv_bfloat16>, float>)	/root/share/mnt164/huangrulin/c16_ai_workload/raw/C16R_qwen3-30b-a3b_s2-text_decode_nvbit-warp-mref-shard_s2-dec3-natural-expert21-down_20260917T034400Z_e210c0de5678/STATIC_MREF_MAP.tsv	1	0
Q30	640	LDG.E.U16.STRONG.SM	LDG.E.U16.STRONG.SM R75, [R22.64] ;	GLOBAL	LOAD	False	one dynamic warp access of this static memory operand	QUALIFIED	2	SASS opcode U16/S16 data-width suffix	mref_operand_index=single bracketed global address operand	std::enable_if<!(false), void>::type internal::gemvx::kernel<int, int, __nv_bfloat16, __nv_bfloat16, __nv_bfloat16, float, false, true, true, false, 7, false, cublasGemvParamsEx<int, cublasGemvTensorStridedBatched<__nv_bfloat16 const>, cublasGemvTensorStridedBatched<__nv_bfloat16 const>, cublasGemvTensorStridedBatched<__nv_bfloat16>, float> >(cublasGemvParamsEx<int, cublasGemvTensorStridedBatched<__nv_bfloat16 const>, cublasGemvTensorStridedBatched<__nv_bfloat16 const>, cublasGemvTensorStridedBatched<__nv_bfloat16>, float>)	/root/share/mnt164/huangrulin/c16_ai_workload/raw/C16R_qwen3-30b-a3b_s2-text_decode_nvbit-warp-mref-shard_s2-dec3-natural-expert21-down_20260917T034400Z_e210c0de5678/STATIC_MREF_MAP.tsv	1	0
Q30	642	LDG.E.EF.U16	LDG.E.EF.U16 R76, [R12.64] ;	GLOBAL	LOAD	False	one dynamic warp access of this static memory operand	QUALIFIED	2	SASS opcode U16/S16 data-width suffix	mref_operand_index=single bracketed global address operand	std::enable_if<!(false), void>::type internal::gemvx::kernel<int, int, __nv_bfloat16, __nv_bfloat16, __nv_bfloat16, float, false, true, true, false, 7, false, cublasGemvParamsEx<int, cublasGemvTensorStridedBatched<__nv_bfloat16 const>, cublasGemvTensorStridedBatched<__nv_bfloat16 const>, cublasGemvTensorStridedBatched<__nv_bfloat16>, float> >(cublasGemvParamsEx<int, cublasGemvTensorStridedBatched<__nv_bfloat16 const>, cublasGemvTensorStridedBatched<__nv_bfloat16 const>, cublasGemvTensorStridedBatched<__nv_bfloat16>, float>)	/root/share/mnt164/huangrulin/c16_ai_workload/raw/C16R_qwen3-30b-a3b_s2-text_decode_nvbit-warp-mref-shard_s2-dec3-natural-expert21-down_20260917T034400Z_e210c0de5678/STATIC_MREF_MAP.tsv	1	0
Q30	644	LDG.E.U16.STRONG.SM	LDG.E.U16.STRONG.SM R77, [R14.64] ;	GLOBAL	LOAD	False	one dynamic warp access of this static memory operand	QUALIFIED	2	SASS opcode U16/S16 data-width suffix	mref_operand_index=single bracketed global address operand	std::enable_if<!(false), void>::type internal::gemvx::kernel<int, int, __nv_bfloat16, __nv_bfloat16, __nv_bfloat16, float, false, true, true, false, 7, false, cublasGemvParamsEx<int, cublasGemvTensorStridedBatched<__nv_bfloat16 const>, cublasGemvTensorStridedBatched<__nv_bfloat16 const>, cublasGemvTensorStridedBatched<__nv_bfloat16>, float> >(cublasGemvParamsEx<int, cublasGemvTensorStridedBatched<__nv_bfloat16 const>, cublasGemvTensorStridedBatched<__nv_bfloat16 const>, cublasGemvTensorStridedBatched<__nv_bfloat16>, float>)	/root/share/mnt164/huangrulin/c16_ai_workload/raw/C16R_qwen3-30b-a3b_s2-text_decode_nvbit-warp-mref-shard_s2-dec3-natural-expert21-down_20260917T034400Z_e210c0de5678/STATIC_MREF_MAP.tsv	1	0
Q30	646	LDG.E.EF.U16	LDG.E.EF.U16 R29, [R16.64] ;	GLOBAL	LOAD	False	one dynamic warp access of this static memory operand	QUALIFIED	2	SASS opcode U16/S16 data-width suffix	mref_operand_index=single bracketed global address operand	std::enable_if<!(false), void>::type internal::gemvx::kernel<int, int, __nv_bfloat16, __nv_bfloat16, __nv_bfloat16, float, false, true, true, false, 7, false, cublasGemvParamsEx<int, cublasGemvTensorStridedBatched<__nv_bfloat16 const>, cublasGemvTensorStridedBatched<__nv_bfloat16 const>, cublasGemvTensorStridedBatched<__nv_bfloat16>, float> >(cublasGemvParamsEx<int, cublasGemvTensorStridedBatched<__nv_bfloat16 const>, cublasGemvTensorStridedBatched<__nv_bfloat16 const>, cublasGemvTensorStridedBatched<__nv_bfloat16>, float>)	/root/share/mnt164/huangrulin/c16_ai_workload/raw/C16R_qwen3-30b-a3b_s2-text_decode_nvbit-warp-mref-shard_s2-dec3-natural-expert21-down_20260917T034400Z_e210c0de5678/STATIC_MREF_MAP.tsv	1	0
Q30	648	LDG.E.U16.STRONG.SM	LDG.E.U16.STRONG.SM R78, [R8.64] ;	GLOBAL	LOAD	False	one dynamic warp access of this static memory operand	QUALIFIED	2	SASS opcode U16/S16 data-width suffix	mref_operand_index=single bracketed global address operand	std::enable_if<!(false), void>::type internal::gemvx::kernel<int, int, __nv_bfloat16, __nv_bfloat16, __nv_bfloat16, float, false, true, true, false, 7, false, cublasGemvParamsEx<int, cublasGemvTensorStridedBatched<__nv_bfloat16 const>, cublasGemvTensorStridedBatched<__nv_bfloat16 const>, cublasGemvTensorStridedBatched<__nv_bfloat16>, float> >(cublasGemvParamsEx<int, cublasGemvTensorStridedBatched<__nv_bfloat16 const>, cublasGemvTensorStridedBatched<__nv_bfloat16 const>, cublasGemvTensorStridedBatched<__nv_bfloat16>, float>)	/root/share/mnt164/huangrulin/c16_ai_workload/raw/C16R_qwen3-30b-a3b_s2-text_decode_nvbit-warp-mref-shard_s2-dec3-natural-expert21-down_20260917T034400Z_e210c0de5678/STATIC_MREF_MAP.tsv	1	0
Q30	650	LDG.E.EF.U16	LDG.E.EF.U16 R79, [R10.64] ;	GLOBAL	LOAD	False	one dynamic warp access of this static memory operand	QUALIFIED	2	SASS opcode U16/S16 data-width suffix	mref_operand_index=single bracketed global address operand	std::enable_if<!(false), void>::type internal::gemvx::kernel<int, int, __nv_bfloat16, __nv_bfloat16, __nv_bfloat16, float, false, true, true, false, 7, false, cublasGemvParamsEx<int, cublasGemvTensorStridedBatched<__nv_bfloat16 const>, cublasGemvTensorStridedBatched<__nv_bfloat16 const>, cublasGemvTensorStridedBatched<__nv_bfloat16>, float> >(cublasGemvParamsEx<int, cublasGemvTensorStridedBatched<__nv_bfloat16 const>, cublasGemvTensorStridedBatched<__nv_bfloat16 const>, cublasGemvTensorStridedBatched<__nv_bfloat16>, float>)	/root/share/mnt164/huangrulin/c16_ai_workload/raw/C16R_qwen3-30b-a3b_s2-text_decode_nvbit-warp-mref-shard_s2-dec3-natural-expert21-down_20260917T034400Z_e210c0de5678/STATIC_MREF_MAP.tsv	1	0
Q30	652	LDG.E.EF.U16	LDG.E.EF.U16 R80, [R6.64] ;	GLOBAL	LOAD	False	one dynamic warp access of this static memory operand	QUALIFIED	2	SASS opcode U16/S16 data-width suffix	mref_operand_index=single bracketed global address operand	std::enable_if<!(false), void>::type internal::gemvx::kernel<int, int, __nv_bfloat16, __nv_bfloat16, __nv_bfloat16, float, false, true, true, false, 7, false, cublasGemvParamsEx<int, cublasGemvTensorStridedBatched<__nv_bfloat16 const>, cublasGemvTensorStridedBatched<__nv_bfloat16 const>, cublasGemvTensorStridedBatched<__nv_bfloat16>, float> >(cublasGemvParamsEx<int, cublasGemvTensorStridedBatched<__nv_bfloat16 const>, cublasGemvTensorStridedBatched<__nv_bfloat16 const>, cublasGemvTensorStridedBatched<__nv_bfloat16>, float>)	/root/share/mnt164/huangrulin/c16_ai_workload/raw/C16R_qwen3-30b-a3b_s2-text_decode_nvbit-warp-mref-shard_s2-dec3-natural-expert21-down_20260917T034400Z_e210c0de5678/STATIC_MREF_MAP.tsv	1	0
Q30	654	LDG.E.U16.STRONG.SM	LDG.E.U16.STRONG.SM R30, [R30.64] ;	GLOBAL	LOAD	False	one dynamic warp access of this static memory operand	QUALIFIED	2	SASS opcode U16/S16 data-width suffix	mref_operand_index=single bracketed global address operand	std::enable_if<!(false), void>::type internal::gemvx::kernel<int, int, __nv_bfloat16, __nv_bfloat16, __nv_bfloat16, float, false, true, true, false, 7, false, cublasGemvParamsEx<int, cublasGemvTensorStridedBatched<__nv_bfloat16 const>, cublasGemvTensorStridedBatched<__nv_bfloat16 const>, cublasGemvTensorStridedBatched<__nv_bfloat16>, float> >(cublasGemvParamsEx<int, cublasGemvTensorStridedBatched<__nv_bfloat16 const>, cublasGemvTensorStridedBatched<__nv_bfloat16 const>, cublasGemvTensorStridedBatched<__nv_bfloat16>, float>)	/root/share/mnt164/huangrulin/c16_ai_workload/raw/C16R_qwen3-30b-a3b_s2-text_decode_nvbit-warp-mref-shard_s2-dec3-natural-expert21-down_20260917T034400Z_e210c0de5678/STATIC_MREF_MAP.tsv	1	0
Q30	656	LDG.E.U16.STRONG.SM	LDG.E.U16.STRONG.SM R32, [R32.64] ;	GLOBAL	LOAD	False	one dynamic warp access of this static memory operand	QUALIFIED	2	SASS opcode U16/S16 data-width suffix	mref_operand_index=single bracketed global address operand	std::enable_if<!(false), void>::type internal::gemvx::kernel<int, int, __nv_bfloat16, __nv_bfloat16, __nv_bfloat16, float, false, true, true, false, 7, false, cublasGemvParamsEx<int, cublasGemvTensorStridedBatched<__nv_bfloat16 const>, cublasGemvTensorStridedBatched<__nv_bfloat16 const>, cublasGemvTensorStridedBatched<__nv_bfloat16>, float> >(cublasGemvParamsEx<int, cublasGemvTensorStridedBatched<__nv_bfloat16 const>, cublasGemvTensorStridedBatched<__nv_bfloat16 const>, cublasGemvTensorStridedBatched<__nv_bfloat16>, float>)	/root/share/mnt164/huangrulin/c16_ai_workload/raw/C16R_qwen3-30b-a3b_s2-text_decode_nvbit-warp-mref-shard_s2-dec3-natural-expert21-down_20260917T034400Z_e210c0de5678/STATIC_MREF_MAP.tsv	1	0
Q30	658	LDG.E.EF.U16	LDG.E.EF.U16 R34, [R34.64] ;	GLOBAL	LOAD	False	one dynamic warp access of this static memory operand	QUALIFIED	2	SASS opcode U16/S16 data-width suffix	mref_operand_index=single bracketed global address operand	std::enable_if<!(false), void>::type internal::gemvx::kernel<int, int, __nv_bfloat16, __nv_bfloat16, __nv_bfloat16, float, false, true, true, false, 7, false, cublasGemvParamsEx<int, cublasGemvTensorStridedBatched<__nv_bfloat16 const>, cublasGemvTensorStridedBatched<__nv_bfloat16 const>, cublasGemvTensorStridedBatched<__nv_bfloat16>, float> >(cublasGemvParamsEx<int, cublasGemvTensorStridedBatched<__nv_bfloat16 const>, cublasGemvTensorStridedBatched<__nv_bfloat16 const>, cublasGemvTensorStridedBatched<__nv_bfloat16>, float>)	/root/share/mnt164/huangrulin/c16_ai_workload/raw/C16R_qwen3-30b-a3b_s2-text_decode_nvbit-warp-mref-shard_s2-dec3-natural-expert21-down_20260917T034400Z_e210c0de5678/STATIC_MREF_MAP.tsv	1	0
Q30	660	LDG.E.U16.STRONG.SM	LDG.E.U16.STRONG.SM R36, [R36.64] ;	GLOBAL	LOAD	False	one dynamic warp access of this static memory operand	QUALIFIED	2	SASS opcode U16/S16 data-width suffix	mref_operand_index=single bracketed global address operand	std::enable_if<!(false), void>::type internal::gemvx::kernel<int, int, __nv_bfloat16, __nv_bfloat16, __nv_bfloat16, float, false, true, true, false, 7, false, cublasGemvParamsEx<int, cublasGemvTensorStridedBatched<__nv_bfloat16 const>, cublasGemvTensorStridedBatched<__nv_bfloat16 const>, cublasGemvTensorStridedBatched<__nv_bfloat16>, float> >(cublasGemvParamsEx<int, cublasGemvTensorStridedBatched<__nv_bfloat16 const>, cublasGemvTensorStridedBatched<__nv_bfloat16 const>, cublasGemvTensorStridedBatched<__nv_bfloat16>, float>)	/root/share/mnt164/huangrulin/c16_ai_workload/raw/C16R_qwen3-30b-a3b_s2-text_decode_nvbit-warp-mref-shard_s2-dec3-natural-expert21-down_20260917T034400Z_e210c0de5678/STATIC_MREF_MAP.tsv	1	0
Q30	662	LDG.E.EF.U16	LDG.E.EF.U16 R38, [R38.64] ;	GLOBAL	LOAD	False	one dynamic warp access of this static memory operand	QUALIFIED	2	SASS opcode U16/S16 data-width suffix	mref_operand_index=single bracketed global address operand	std::enable_if<!(false), void>::type internal::gemvx::kernel<int, int, __nv_bfloat16, __nv_bfloat16, __nv_bfloat16, float, false, true, true, false, 7, false, cublasGemvParamsEx<int, cublasGemvTensorStridedBatched<__nv_bfloat16 const>, cublasGemvTensorStridedBatched<__nv_bfloat16 const>, cublasGemvTensorStridedBatched<__nv_bfloat16>, float> >(cublasGemvParamsEx<int, cublasGemvTensorStridedBatched<__nv_bfloat16 const>, cublasGemvTensorStridedBatched<__nv_bfloat16 const>, cublasGemvTensorStridedBatched<__nv_bfloat16>, float>)	/root/share/mnt164/huangrulin/c16_ai_workload/raw/C16R_qwen3-30b-a3b_s2-text_decode_nvbit-warp-mref-shard_s2-dec3-natural-expert21-down_20260917T034400Z_e210c0de5678/STATIC_MREF_MAP.tsv	1	0
Q30	664	LDG.E.U16.STRONG.SM	LDG.E.U16.STRONG.SM R81, [R26.64] ;	GLOBAL	LOAD	False	one dynamic warp access of this static memory operand	QUALIFIED	2	SASS opcode U16/S16 data-width suffix	mref_operand_index=single bracketed global address operand	std::enable_if<!(false), void>::type internal::gemvx::kernel<int, int, __nv_bfloat16, __nv_bfloat16, __nv_bfloat16, float, false, true, true, false, 7, false, cublasGemvParamsEx<int, cublasGemvTensorStridedBatched<__nv_bfloat16 const>, cublasGemvTensorStridedBatched<__nv_bfloat16 const>, cublasGemvTensorStridedBatched<__nv_bfloat16>, float> >(cublasGemvParamsEx<int, cublasGemvTensorStridedBatched<__nv_bfloat16 const>, cublasGemvTensorStridedBatched<__nv_bfloat16 const>, cublasGemvTensorStridedBatched<__nv_bfloat16>, float>)	/root/share/mnt164/huangrulin/c16_ai_workload/raw/C16R_qwen3-30b-a3b_s2-text_decode_nvbit-warp-mref-shard_s2-dec3-natural-expert21-down_20260917T034400Z_e210c0de5678/STATIC_MREF_MAP.tsv	1	0
Q30	666	LDG.E.EF.U16	LDG.E.EF.U16 R24, [R24.64] ;	GLOBAL	LOAD	False	one dynamic warp access of this static memory operand	QUALIFIED	2	SASS opcode U16/S16 data-width suffix	mref_operand_index=single bracketed global address operand	std::enable_if<!(false), void>::type internal::gemvx::kernel<int, int, __nv_bfloat16, __nv_bfloat16, __nv_bfloat16, float, false, true, true, false, 7, false, cublasGemvParamsEx<int, cublasGemvTensorStridedBatched<__nv_bfloat16 const>, cublasGemvTensorStridedBatched<__nv_bfloat16 const>, cublasGemvTensorStridedBatched<__nv_bfloat16>, float> >(cublasGemvParamsEx<int, cublasGemvTensorStridedBatched<__nv_bfloat16 const>, cublasGemvTensorStridedBatched<__nv_bfloat16 const>, cublasGemvTensorStridedBatched<__nv_bfloat16>, float>)	/root/share/mnt164/huangrulin/c16_ai_workload/raw/C16R_qwen3-30b-a3b_s2-text_decode_nvbit-warp-mref-shard_s2-dec3-natural-expert21-down_20260917T034400Z_e210c0de5678/STATIC_MREF_MAP.tsv	1	0
Q30	668	LDG.E.U16.STRONG.SM	LDG.E.U16.STRONG.SM R31, [R18.64] ;	GLOBAL	LOAD	False	one dynamic warp access of this static memory operand	QUALIFIED	2	SASS opcode U16/S16 data-width suffix	mref_operand_index=single bracketed global address operand	std::enable_if<!(false), void>::type internal::gemvx::kernel<int, int, __nv_bfloat16, __nv_bfloat16, __nv_bfloat16, float, false, true, true, false, 7, false, cublasGemvParamsEx<int, cublasGemvTensorStridedBatched<__nv_bfloat16 const>, cublasGemvTensorStridedBatched<__nv_bfloat16 const>, cublasGemvTensorStridedBatched<__nv_bfloat16>, float> >(cublasGemvParamsEx<int, cublasGemvTensorStridedBatched<__nv_bfloat16 const>, cublasGemvTensorStridedBatched<__nv_bfloat16 const>, cublasGemvTensorStridedBatched<__nv_bfloat16>, float>)	/root/share/mnt164/huangrulin/c16_ai_workload/raw/C16R_qwen3-30b-a3b_s2-text_decode_nvbit-warp-mref-shard_s2-dec3-natural-expert21-down_20260917T034400Z_e210c0de5678/STATIC_MREF_MAP.tsv	1	0
Q30	670	LDG.E.EF.U16	LDG.E.EF.U16 R33, [R20.64] ;	GLOBAL	LOAD	False	one dynamic warp access of this static memory operand	QUALIFIED	2	SASS opcode U16/S16 data-width suffix	mref_operand_index=single bracketed global address operand	std::enable_if<!(false), void>::type internal::gemvx::kernel<int, int, __nv_bfloat16, __nv_bfloat16, __nv_bfloat16, float, false, true, true, false, 7, false, cublasGemvParamsEx<int, cublasGemvTensorStridedBatched<__nv_bfloat16 const>, cublasGemvTensorStridedBatched<__nv_bfloat16 const>, cublasGemvTensorStridedBatched<__nv_bfloat16>, float> >(cublasGemvParamsEx<int, cublasGemvTensorStridedBatched<__nv_bfloat16 const>, cublasGemvTensorStridedBatched<__nv_bfloat16 const>, cublasGemvTensorStridedBatched<__nv_bfloat16>, float>)	/root/share/mnt164/huangrulin/c16_ai_workload/raw/C16R_qwen3-30b-a3b_s2-text_decode_nvbit-warp-mref-shard_s2-dec3-natural-expert21-down_20260917T034400Z_e210c0de5678/STATIC_MREF_MAP.tsv	1	0
Q30	672	LDG.E.U16.STRONG.SM	LDG.E.U16.STRONG.SM R35, [R12.64] ;	GLOBAL	LOAD	False	one dynamic warp access of this static memory operand	QUALIFIED	2	SASS opcode U16/S16 data-width suffix	mref_operand_index=single bracketed global address operand	std::enable_if<!(false), void>::type internal::gemvx::kernel<int, int, __nv_bfloat16, __nv_bfloat16, __nv_bfloat16, float, false, true, true, false, 7, false, cublasGemvParamsEx<int, cublasGemvTensorStridedBatched<__nv_bfloat16 const>, cublasGemvTensorStridedBatched<__nv_bfloat16 const>, cublasGemvTensorStridedBatched<__nv_bfloat16>, float> >(cublasGemvParamsEx<int, cublasGemvTensorStridedBatched<__nv_bfloat16 const>, cublasGemvTensorStridedBatched<__nv_bfloat16 const>, cublasGemvTensorStridedBatched<__nv_bfloat16>, float>)	/root/share/mnt164/huangrulin/c16_ai_workload/raw/C16R_qwen3-30b-a3b_s2-text_decode_nvbit-warp-mref-shard_s2-dec3-natural-expert21-down_20260917T034400Z_e210c0de5678/STATIC_MREF_MAP.tsv	1	0
Q30	674	LDG.E.EF.U16	LDG.E.EF.U16 R14, [R14.64] ;	GLOBAL	LOAD	False	one dynamic warp access of this static memory operand	QUALIFIED	2	SASS opcode U16/S16 data-width suffix	mref_operand_index=single bracketed global address operand	std::enable_if<!(false), void>::type internal::gemvx::kernel<int, int, __nv_bfloat16, __nv_bfloat16, __nv_bfloat16, float, false, true, true, false, 7, false, cublasGemvParamsEx<int, cublasGemvTensorStridedBatched<__nv_bfloat16 const>, cublasGemvTensorStridedBatched<__nv_bfloat16 const>, cublasGemvTensorStridedBatched<__nv_bfloat16>, float> >(cublasGemvParamsEx<int, cublasGemvTensorStridedBatched<__nv_bfloat16 const>, cublasGemvTensorStridedBatched<__nv_bfloat16 const>, cublasGemvTensorStridedBatched<__nv_bfloat16>, float>)	/root/share/mnt164/huangrulin/c16_ai_workload/raw/C16R_qwen3-30b-a3b_s2-text_decode_nvbit-warp-mref-shard_s2-dec3-natural-expert21-down_20260917T034400Z_e210c0de5678/STATIC_MREF_MAP.tsv	1	0
Q30	676	LDG.E.U16.STRONG.SM	LDG.E.U16.STRONG.SM R37, [R10.64] ;	GLOBAL	LOAD	False	one dynamic warp access of this static memory operand	QUALIFIED	2	SASS opcode U16/S16 data-width suffix	mref_operand_index=single bracketed global address operand	std::enable_if<!(false), void>::type internal::gemvx::kernel<int, int, __nv_bfloat16, __nv_bfloat16, __nv_bfloat16, float, false, true, true, false, 7, false, cublasGemvParamsEx<int, cublasGemvTensorStridedBatched<__nv_bfloat16 const>, cublasGemvTensorStridedBatched<__nv_bfloat16 const>, cublasGemvTensorStridedBatched<__nv_bfloat16>, float> >(cublasGemvParamsEx<int, cublasGemvTensorStridedBatched<__nv_bfloat16 const>, cublasGemvTensorStridedBatched<__nv_bfloat16 const>, cublasGemvTensorStridedBatched<__nv_bfloat16>, float>)	/root/share/mnt164/huangrulin/c16_ai_workload/raw/C16R_qwen3-30b-a3b_s2-text_decode_nvbit-warp-mref-shard_s2-dec3-natural-expert21-down_20260917T034400Z_e210c0de5678/STATIC_MREF_MAP.tsv	1	0
Q30	678	LDG.E.EF.U16	LDG.E.EF.U16 R8, [R8.64] ;	GLOBAL	LOAD	False	one dynamic warp access of this static memory operand	QUALIFIED	2	SASS opcode U16/S16 data-width suffix	mref_operand_index=single bracketed global address operand	std::enable_if<!(false), void>::type internal::gemvx::kernel<int, int, __nv_bfloat16, __nv_bfloat16, __nv_bfloat16, float, false, true, true, false, 7, false, cublasGemvParamsEx<int, cublasGemvTensorStridedBatched<__nv_bfloat16 const>, cublasGemvTensorStridedBatched<__nv_bfloat16 const>, cublasGemvTensorStridedBatched<__nv_bfloat16>, float> >(cublasGemvParamsEx<int, cublasGemvTensorStridedBatched<__nv_bfloat16 const>, cublasGemvTensorStridedBatched<__nv_bfloat16 const>, cublasGemvTensorStridedBatched<__nv_bfloat16>, float>)	/root/share/mnt164/huangrulin/c16_ai_workload/raw/C16R_qwen3-30b-a3b_s2-text_decode_nvbit-warp-mref-shard_s2-dec3-natural-expert21-down_20260917T034400Z_e210c0de5678/STATIC_MREF_MAP.tsv	1	0
Q30	680	LDG.E.U16.STRONG.SM	LDG.E.U16.STRONG.SM R6, [R6.64] ;	GLOBAL	LOAD	False	one dynamic warp access of this static memory operand	QUALIFIED	2	SASS opcode U16/S16 data-width suffix	mref_operand_index=single bracketed global address operand	std::enable_if<!(false), void>::type internal::gemvx::kernel<int, int, __nv_bfloat16, __nv_bfloat16, __nv_bfloat16, float, false, true, true, false, 7, false, cublasGemvParamsEx<int, cublasGemvTensorStridedBatched<__nv_bfloat16 const>, cublasGemvTensorStridedBatched<__nv_bfloat16 const>, cublasGemvTensorStridedBatched<__nv_bfloat16>, float> >(cublasGemvParamsEx<int, cublasGemvTensorStridedBatched<__nv_bfloat16 const>, cublasGemvTensorStridedBatched<__nv_bfloat16 const>, cublasGemvTensorStridedBatched<__nv_bfloat16>, float>)	/root/share/mnt164/huangrulin/c16_ai_workload/raw/C16R_qwen3-30b-a3b_s2-text_decode_nvbit-warp-mref-shard_s2-dec3-natural-expert21-down_20260917T034400Z_e210c0de5678/STATIC_MREF_MAP.tsv	1	0
Q30	682	LDG.E.EF.U16	LDG.E.EF.U16 R16, [R16.64] ;	GLOBAL	LOAD	False	one dynamic warp access of this static memory operand	QUALIFIED	2	SASS opcode U16/S16 data-width suffix	mref_operand_index=single bracketed global address operand	std::enable_if<!(false), void>::type internal::gemvx::kernel<int, int, __nv_bfloat16, __nv_bfloat16, __nv_bfloat16, float, false, true, true, false, 7, false, cublasGemvParamsEx<int, cublasGemvTensorStridedBatched<__nv_bfloat16 const>, cublasGemvTensorStridedBatched<__nv_bfloat16 const>, cublasGemvTensorStridedBatched<__nv_bfloat16>, float> >(cublasGemvParamsEx<int, cublasGemvTensorStridedBatched<__nv_bfloat16 const>, cublasGemvTensorStridedBatched<__nv_bfloat16 const>, cublasGemvTensorStridedBatched<__nv_bfloat16>, float>)	/root/share/mnt164/huangrulin/c16_ai_workload/raw/C16R_qwen3-30b-a3b_s2-text_decode_nvbit-warp-mref-shard_s2-dec3-natural-expert21-down_20260917T034400Z_e210c0de5678/STATIC_MREF_MAP.tsv	1	0
Q30	684	LDG.E.U16.STRONG.SM	LDG.E.U16.STRONG.SM R22, [R22.64] ;	GLOBAL	LOAD	False	one dynamic warp access of this static memory operand	QUALIFIED	2	SASS opcode U16/S16 data-width suffix	mref_operand_index=single bracketed global address operand	std::enable_if<!(false), void>::type internal::gemvx::kernel<int, int, __nv_bfloat16, __nv_bfloat16, __nv_bfloat16, float, false, true, true, false, 7, false, cublasGemvParamsEx<int, cublasGemvTensorStridedBatched<__nv_bfloat16 const>, cublasGemvTensorStridedBatched<__nv_bfloat16 const>, cublasGemvTensorStridedBatched<__nv_bfloat16>, float> >(cublasGemvParamsEx<int, cublasGemvTensorStridedBatched<__nv_bfloat16 const>, cublasGemvTensorStridedBatched<__nv_bfloat16 const>, cublasGemvTensorStridedBatched<__nv_bfloat16>, float>)	/root/share/mnt164/huangrulin/c16_ai_workload/raw/C16R_qwen3-30b-a3b_s2-text_decode_nvbit-warp-mref-shard_s2-dec3-natural-expert21-down_20260917T034400Z_e210c0de5678/STATIC_MREF_MAP.tsv	1	0
Q30	686	LDG.E.EF.U16	LDG.E.EF.U16 R26, [R26.64] ;	GLOBAL	LOAD	False	one dynamic warp access of this static memory operand	QUALIFIED	2	SASS opcode U16/S16 data-width suffix	mref_operand_index=single bracketed global address operand	std::enable_if<!(false), void>::type internal::gemvx::kernel<int, int, __nv_bfloat16, __nv_bfloat16, __nv_bfloat16, float, false, true, true, false, 7, false, cublasGemvParamsEx<int, cublasGemvTensorStridedBatched<__nv_bfloat16 const>, cublasGemvTensorStridedBatched<__nv_bfloat16 const>, cublasGemvTensorStridedBatched<__nv_bfloat16>, float> >(cublasGemvParamsEx<int, cublasGemvTensorStridedBatched<__nv_bfloat16 const>, cublasGemvTensorStridedBatched<__nv_bfloat16 const>, cublasGemvTensorStridedBatched<__nv_bfloat16>, float>)	/root/share/mnt164/huangrulin/c16_ai_workload/raw/C16R_qwen3-30b-a3b_s2-text_decode_nvbit-warp-mref-shard_s2-dec3-natural-expert21-down_20260917T034400Z_e210c0de5678/STATIC_MREF_MAP.tsv	1	0
Q30	688	LDG.E.U16.STRONG.SM	LDG.E.U16.STRONG.SM R15, [R20.64] ;	GLOBAL	LOAD	False	one dynamic warp access of this static memory operand	QUALIFIED	2	SASS opcode U16/S16 data-width suffix	mref_operand_index=single bracketed global address operand	std::enable_if<!(false), void>::type internal::gemvx::kernel<int, int, __nv_bfloat16, __nv_bfloat16, __nv_bfloat16, float, false, true, true, false, 7, false, cublasGemvParamsEx<int, cublasGemvTensorStridedBatched<__nv_bfloat16 const>, cublasGemvTensorStridedBatched<__nv_bfloat16 const>, cublasGemvTensorStridedBatched<__nv_bfloat16>, float> >(cublasGemvParamsEx<int, cublasGemvTensorStridedBatched<__nv_bfloat16 const>, cublasGemvTensorStridedBatched<__nv_bfloat16 const>, cublasGemvTensorStridedBatched<__nv_bfloat16>, float>)	/root/share/mnt164/huangrulin/c16_ai_workload/raw/C16R_qwen3-30b-a3b_s2-text_decode_nvbit-warp-mref-shard_s2-dec3-natural-expert21-down_20260917T034400Z_e210c0de5678/STATIC_MREF_MAP.tsv	1	0
Q30	690	LDG.E.EF.U16	LDG.E.EF.U16 R18, [R18.64] ;	GLOBAL	LOAD	False	one dynamic warp access of this static memory operand	QUALIFIED	2	SASS opcode U16/S16 data-width suffix	mref_operand_index=single bracketed global address operand	std::enable_if<!(false), void>::type internal::gemvx::kernel<int, int, __nv_bfloat16, __nv_bfloat16, __nv_bfloat16, float, false, true, true, false, 7, false, cublasGemvParamsEx<int, cublasGemvTensorStridedBatched<__nv_bfloat16 const>, cublasGemvTensorStridedBatched<__nv_bfloat16 const>, cublasGemvTensorStridedBatched<__nv_bfloat16>, float> >(cublasGemvParamsEx<int, cublasGemvTensorStridedBatched<__nv_bfloat16 const>, cublasGemvTensorStridedBatched<__nv_bfloat16 const>, cublasGemvTensorStridedBatched<__nv_bfloat16>, float>)	/root/share/mnt164/huangrulin/c16_ai_workload/raw/C16R_qwen3-30b-a3b_s2-text_decode_nvbit-warp-mref-shard_s2-dec3-natural-expert21-down_20260917T034400Z_e210c0de5678/STATIC_MREF_MAP.tsv	1	0
Q30	691	LDG.E.U16.STRONG.SM	LDG.E.U16.STRONG.SM R10, [R10.64] ;	GLOBAL	LOAD	False	one dynamic warp access of this static memory operand	QUALIFIED	2	SASS opcode U16/S16 data-width suffix	mref_operand_index=single bracketed global address operand	std::enable_if<!(false), void>::type internal::gemvx::kernel<int, int, __nv_bfloat16, __nv_bfloat16, __nv_bfloat16, float, false, true, true, false, 7, false, cublasGemvParamsEx<int, cublasGemvTensorStridedBatched<__nv_bfloat16 const>, cublasGemvTensorStridedBatched<__nv_bfloat16 const>, cublasGemvTensorStridedBatched<__nv_bfloat16>, float> >(cublasGemvParamsEx<int, cublasGemvTensorStridedBatched<__nv_bfloat16 const>, cublasGemvTensorStridedBatched<__nv_bfloat16 const>, cublasGemvTensorStridedBatched<__nv_bfloat16>, float>)	/root/share/mnt164/huangrulin/c16_ai_workload/raw/C16R_qwen3-30b-a3b_s2-text_decode_nvbit-warp-mref-shard_s2-dec3-natural-expert21-down_20260917T034400Z_e210c0de5678/STATIC_MREF_MAP.tsv	1	0
Q30	692	LDG.E.EF.U16	LDG.E.EF.U16 R12, [R12.64] ;	GLOBAL	LOAD	False	one dynamic warp access of this static memory operand	QUALIFIED	2	SASS opcode U16/S16 data-width suffix	mref_operand_index=single bracketed global address operand	std::enable_if<!(false), void>::type internal::gemvx::kernel<int, int, __nv_bfloat16, __nv_bfloat16, __nv_bfloat16, float, false, true, true, false, 7, false, cublasGemvParamsEx<int, cublasGemvTensorStridedBatched<__nv_bfloat16 const>, cublasGemvTensorStridedBatched<__nv_bfloat16 const>, cublasGemvTensorStridedBatched<__nv_bfloat16>, float> >(cublasGemvParamsEx<int, cublasGemvTensorStridedBatched<__nv_bfloat16 const>, cublasGemvTensorStridedBatched<__nv_bfloat16 const>, cublasGemvTensorStridedBatched<__nv_bfloat16>, float>)	/root/share/mnt164/huangrulin/c16_ai_workload/raw/C16R_qwen3-30b-a3b_s2-text_decode_nvbit-warp-mref-shard_s2-dec3-natural-expert21-down_20260917T034400Z_e210c0de5678/STATIC_MREF_MAP.tsv	1	0
Q30	810	LDG.E.U16.STRONG.SM	LDG.E.U16.STRONG.SM R39, [R8.64] ;	GLOBAL	LOAD	False	one dynamic warp access of this static memory operand	QUALIFIED	2	SASS opcode U16/S16 data-width suffix	mref_operand_index=single bracketed global address operand	std::enable_if<!(false), void>::type internal::gemvx::kernel<int, int, __nv_bfloat16, __nv_bfloat16, __nv_bfloat16, float, false, true, true, false, 7, false, cublasGemvParamsEx<int, cublasGemvTensorStridedBatched<__nv_bfloat16 const>, cublasGemvTensorStridedBatched<__nv_bfloat16 const>, cublasGemvTensorStridedBatched<__nv_bfloat16>, float> >(cublasGemvParamsEx<int, cublasGemvTensorStridedBatched<__nv_bfloat16 const>, cublasGemvTensorStridedBatched<__nv_bfloat16 const>, cublasGemvTensorStridedBatched<__nv_bfloat16>, float>)	/root/share/mnt164/huangrulin/c16_ai_workload/raw/C16R_qwen3-30b-a3b_s2-text_decode_nvbit-warp-mref-shard_s2-dec3-natural-expert21-down_20260917T034400Z_e210c0de5678/STATIC_MREF_MAP.tsv	1	2048
Q30	812	LDG.E.EF.U16	LDG.E.EF.U16 R38, [R6.64] ;	GLOBAL	LOAD	False	one dynamic warp access of this static memory operand	QUALIFIED	2	SASS opcode U16/S16 data-width suffix	mref_operand_index=single bracketed global address operand	std::enable_if<!(false), void>::type internal::gemvx::kernel<int, int, __nv_bfloat16, __nv_bfloat16, __nv_bfloat16, float, false, true, true, false, 7, false, cublasGemvParamsEx<int, cublasGemvTensorStridedBatched<__nv_bfloat16 const>, cublasGemvTensorStridedBatched<__nv_bfloat16 const>, cublasGemvTensorStridedBatched<__nv_bfloat16>, float> >(cublasGemvParamsEx<int, cublasGemvTensorStridedBatched<__nv_bfloat16 const>, cublasGemvTensorStridedBatched<__nv_bfloat16 const>, cublasGemvTensorStridedBatched<__nv_bfloat16>, float>)	/root/share/mnt164/huangrulin/c16_ai_workload/raw/C16R_qwen3-30b-a3b_s2-text_decode_nvbit-warp-mref-shard_s2-dec3-natural-expert21-down_20260917T034400Z_e210c0de5678/STATIC_MREF_MAP.tsv	1	2048
Q30	814	LDG.E.U16.STRONG.SM	LDG.E.U16.STRONG.SM R41, [R12.64] ;	GLOBAL	LOAD	False	one dynamic warp access of this static memory operand	QUALIFIED	2	SASS opcode U16/S16 data-width suffix	mref_operand_index=single bracketed global address operand	std::enable_if<!(false), void>::type internal::gemvx::kernel<int, int, __nv_bfloat16, __nv_bfloat16, __nv_bfloat16, float, false, true, true, false, 7, false, cublasGemvParamsEx<int, cublasGemvTensorStridedBatched<__nv_bfloat16 const>, cublasGemvTensorStridedBatched<__nv_bfloat16 const>, cublasGemvTensorStridedBatched<__nv_bfloat16>, float> >(cublasGemvParamsEx<int, cublasGemvTensorStridedBatched<__nv_bfloat16 const>, cublasGemvTensorStridedBatched<__nv_bfloat16 const>, cublasGemvTensorStridedBatched<__nv_bfloat16>, float>)	/root/share/mnt164/huangrulin/c16_ai_workload/raw/C16R_qwen3-30b-a3b_s2-text_decode_nvbit-warp-mref-shard_s2-dec3-natural-expert21-down_20260917T034400Z_e210c0de5678/STATIC_MREF_MAP.tsv	1	2048
Q30	816	LDG.E.EF.U16	LDG.E.EF.U16 R40, [R10.64] ;	GLOBAL	LOAD	False	one dynamic warp access of this static memory operand	QUALIFIED	2	SASS opcode U16/S16 data-width suffix	mref_operand_index=single bracketed global address operand	std::enable_if<!(false), void>::type internal::gemvx::kernel<int, int, __nv_bfloat16, __nv_bfloat16, __nv_bfloat16, float, false, true, true, false, 7, false, cublasGemvParamsEx<int, cublasGemvTensorStridedBatched<__nv_bfloat16 const>, cublasGemvTensorStridedBatched<__nv_bfloat16 const>, cublasGemvTensorStridedBatched<__nv_bfloat16>, float> >(cublasGemvParamsEx<int, cublasGemvTensorStridedBatched<__nv_bfloat16 const>, cublasGemvTensorStridedBatched<__nv_bfloat16 const>, cublasGemvTensorStridedBatched<__nv_bfloat16>, float>)	/root/share/mnt164/huangrulin/c16_ai_workload/raw/C16R_qwen3-30b-a3b_s2-text_decode_nvbit-warp-mref-shard_s2-dec3-natural-expert21-down_20260917T034400Z_e210c0de5678/STATIC_MREF_MAP.tsv	1	2048
Q30	818	LDG.E.U16.STRONG.SM	LDG.E.U16.STRONG.SM R43, [R16.64] ;	GLOBAL	LOAD	False	one dynamic warp access of this static memory operand	QUALIFIED	2	SASS opcode U16/S16 data-width suffix	mref_operand_index=single bracketed global address operand	std::enable_if<!(false), void>::type internal::gemvx::kernel<int, int, __nv_bfloat16, __nv_bfloat16, __nv_bfloat16, float, false, true, true, false, 7, false, cublasGemvParamsEx<int, cublasGemvTensorStridedBatched<__nv_bfloat16 const>, cublasGemvTensorStridedBatched<__nv_bfloat16 const>, cublasGemvTensorStridedBatched<__nv_bfloat16>, float> >(cublasGemvParamsEx<int, cublasGemvTensorStridedBatched<__nv_bfloat16 const>, cublasGemvTensorStridedBatched<__nv_bfloat16 const>, cublasGemvTensorStridedBatched<__nv_bfloat16>, float>)	/root/share/mnt164/huangrulin/c16_ai_workload/raw/C16R_qwen3-30b-a3b_s2-text_decode_nvbit-warp-mref-shard_s2-dec3-natural-expert21-down_20260917T034400Z_e210c0de5678/STATIC_MREF_MAP.tsv	1	2048
Q30	820	LDG.E.EF.U16	LDG.E.EF.U16 R42, [R14.64] ;	GLOBAL	LOAD	False	one dynamic warp access of this static memory operand	QUALIFIED	2	SASS opcode U16/S16 data-width suffix	mref_operand_index=single bracketed global address operand	std::enable_if<!(false), void>::type internal::gemvx::kernel<int, int, __nv_bfloat16, __nv_bfloat16, __nv_bfloat16, float, false, true, true, false, 7, false, cublasGemvParamsEx<int, cublasGemvTensorStridedBatched<__nv_bfloat16 const>, cublasGemvTensorStridedBatched<__nv_bfloat16 const>, cublasGemvTensorStridedBatched<__nv_bfloat16>, float> >(cublasGemvParamsEx<int, cublasGemvTensorStridedBatched<__nv_bfloat16 const>, cublasGemvTensorStridedBatched<__nv_bfloat16 const>, cublasGemvTensorStridedBatched<__nv_bfloat16>, float>)	/root/share/mnt164/huangrulin/c16_ai_workload/raw/C16R_qwen3-30b-a3b_s2-text_decode_nvbit-warp-mref-shard_s2-dec3-natural-expert21-down_20260917T034400Z_e210c0de5678/STATIC_MREF_MAP.tsv	1	2048
Q30	822	LDG.E.U16.STRONG.SM	LDG.E.U16.STRONG.SM R45, [R20.64] ;	GLOBAL	LOAD	False	one dynamic warp access of this static memory operand	QUALIFIED	2	SASS opcode U16/S16 data-width suffix	mref_operand_index=single bracketed global address operand	std::enable_if<!(false), void>::type internal::gemvx::kernel<int, int, __nv_bfloat16, __nv_bfloat16, __nv_bfloat16, float, false, true, true, false, 7, false, cublasGemvParamsEx<int, cublasGemvTensorStridedBatched<__nv_bfloat16 const>, cublasGemvTensorStridedBatched<__nv_bfloat16 const>, cublasGemvTensorStridedBatched<__nv_bfloat16>, float> >(cublasGemvParamsEx<int, cublasGemvTensorStridedBatched<__nv_bfloat16 const>, cublasGemvTensorStridedBatched<__nv_bfloat16 const>, cublasGemvTensorStridedBatched<__nv_bfloat16>, float>)	/root/share/mnt164/huangrulin/c16_ai_workload/raw/C16R_qwen3-30b-a3b_s2-text_decode_nvbit-warp-mref-shard_s2-dec3-natural-expert21-down_20260917T034400Z_e210c0de5678/STATIC_MREF_MAP.tsv	1	2048
Q30	824	LDG.E.EF.U16	LDG.E.EF.U16 R44, [R18.64] ;	GLOBAL	LOAD	False	one dynamic warp access of this static memory operand	QUALIFIED	2	SASS opcode U16/S16 data-width suffix	mref_operand_index=single bracketed global address operand	std::enable_if<!(false), void>::type internal::gemvx::kernel<int, int, __nv_bfloat16, __nv_bfloat16, __nv_bfloat16, float, false, true, true, false, 7, false, cublasGemvParamsEx<int, cublasGemvTensorStridedBatched<__nv_bfloat16 const>, cublasGemvTensorStridedBatched<__nv_bfloat16 const>, cublasGemvTensorStridedBatched<__nv_bfloat16>, float> >(cublasGemvParamsEx<int, cublasGemvTensorStridedBatched<__nv_bfloat16 const>, cublasGemvTensorStridedBatched<__nv_bfloat16 const>, cublasGemvTensorStridedBatched<__nv_bfloat16>, float>)	/root/share/mnt164/huangrulin/c16_ai_workload/raw/C16R_qwen3-30b-a3b_s2-text_decode_nvbit-warp-mref-shard_s2-dec3-natural-expert21-down_20260917T034400Z_e210c0de5678/STATIC_MREF_MAP.tsv	1	2048
Q30	826	LDG.E.U16.STRONG.SM	LDG.E.U16.STRONG.SM R47, [R24.64] ;	GLOBAL	LOAD	False	one dynamic warp access of this static memory operand	QUALIFIED	2	SASS opcode U16/S16 data-width suffix	mref_operand_index=single bracketed global address operand	std::enable_if<!(false), void>::type internal::gemvx::kernel<int, int, __nv_bfloat16, __nv_bfloat16, __nv_bfloat16, float, false, true, true, false, 7, false, cublasGemvParamsEx<int, cublasGemvTensorStridedBatched<__nv_bfloat16 const>, cublasGemvTensorStridedBatched<__nv_bfloat16 const>, cublasGemvTensorStridedBatched<__nv_bfloat16>, float> >(cublasGemvParamsEx<int, cublasGemvTensorStridedBatched<__nv_bfloat16 const>, cublasGemvTensorStridedBatched<__nv_bfloat16 const>, cublasGemvTensorStridedBatched<__nv_bfloat16>, float>)	/root/share/mnt164/huangrulin/c16_ai_workload/raw/C16R_qwen3-30b-a3b_s2-text_decode_nvbit-warp-mref-shard_s2-dec3-natural-expert21-down_20260917T034400Z_e210c0de5678/STATIC_MREF_MAP.tsv	1	2048
Q30	828	LDG.E.EF.U16	LDG.E.EF.U16 R46, [R22.64] ;	GLOBAL	LOAD	False	one dynamic warp access of this static memory operand	QUALIFIED	2	SASS opcode U16/S16 data-width suffix	mref_operand_index=single bracketed global address operand	std::enable_if<!(false), void>::type internal::gemvx::kernel<int, int, __nv_bfloat16, __nv_bfloat16, __nv_bfloat16, float, false, true, true, false, 7, false, cublasGemvParamsEx<int, cublasGemvTensorStridedBatched<__nv_bfloat16 const>, cublasGemvTensorStridedBatched<__nv_bfloat16 const>, cublasGemvTensorStridedBatched<__nv_bfloat16>, float> >(cublasGemvParamsEx<int, cublasGemvTensorStridedBatched<__nv_bfloat16 const>, cublasGemvTensorStridedBatched<__nv_bfloat16 const>, cublasGemvTensorStridedBatched<__nv_bfloat16>, float>)	/root/share/mnt164/huangrulin/c16_ai_workload/raw/C16R_qwen3-30b-a3b_s2-text_decode_nvbit-warp-mref-shard_s2-dec3-natural-expert21-down_20260917T034400Z_e210c0de5678/STATIC_MREF_MAP.tsv	1	2048
Q30	831	LDG.E.EF.U16	LDG.E.EF.U16 R48, [R26.64] ;	GLOBAL	LOAD	False	one dynamic warp access of this static memory operand	QUALIFIED	2	SASS opcode U16/S16 data-width suffix	mref_operand_index=single bracketed global address operand	std::enable_if<!(false), void>::type internal::gemvx::kernel<int, int, __nv_bfloat16, __nv_bfloat16, __nv_bfloat16, float, false, true, true, false, 7, false, cublasGemvParamsEx<int, cublasGemvTensorStridedBatched<__nv_bfloat16 const>, cublasGemvTensorStridedBatched<__nv_bfloat16 const>, cublasGemvTensorStridedBatched<__nv_bfloat16>, float> >(cublasGemvParamsEx<int, cublasGemvTensorStridedBatched<__nv_bfloat16 const>, cublasGemvTensorStridedBatched<__nv_bfloat16 const>, cublasGemvTensorStridedBatched<__nv_bfloat16>, float>)	/root/share/mnt164/huangrulin/c16_ai_workload/raw/C16R_qwen3-30b-a3b_s2-text_decode_nvbit-warp-mref-shard_s2-dec3-natural-expert21-down_20260917T034400Z_e210c0de5678/STATIC_MREF_MAP.tsv	1	2048
Q30	833	LDG.E.U16.STRONG.SM	LDG.E.U16.STRONG.SM R28, [R28.64] ;	GLOBAL	LOAD	False	one dynamic warp access of this static memory operand	QUALIFIED	2	SASS opcode U16/S16 data-width suffix	mref_operand_index=single bracketed global address operand	std::enable_if<!(false), void>::type internal::gemvx::kernel<int, int, __nv_bfloat16, __nv_bfloat16, __nv_bfloat16, float, false, true, true, false, 7, false, cublasGemvParamsEx<int, cublasGemvTensorStridedBatched<__nv_bfloat16 const>, cublasGemvTensorStridedBatched<__nv_bfloat16 const>, cublasGemvTensorStridedBatched<__nv_bfloat16>, float> >(cublasGemvParamsEx<int, cublasGemvTensorStridedBatched<__nv_bfloat16 const>, cublasGemvTensorStridedBatched<__nv_bfloat16 const>, cublasGemvTensorStridedBatched<__nv_bfloat16>, float>)	/root/share/mnt164/huangrulin/c16_ai_workload/raw/C16R_qwen3-30b-a3b_s2-text_decode_nvbit-warp-mref-shard_s2-dec3-natural-expert21-down_20260917T034400Z_e210c0de5678/STATIC_MREF_MAP.tsv	1	2048
Q30	835	LDG.E.U16.STRONG.SM	LDG.E.U16.STRONG.SM R32, [R32.64] ;	GLOBAL	LOAD	False	one dynamic warp access of this static memory operand	QUALIFIED	2	SASS opcode U16/S16 data-width suffix	mref_operand_index=single bracketed global address operand	std::enable_if<!(false), void>::type internal::gemvx::kernel<int, int, __nv_bfloat16, __nv_bfloat16, __nv_bfloat16, float, false, true, true, false, 7, false, cublasGemvParamsEx<int, cublasGemvTensorStridedBatched<__nv_bfloat16 const>, cublasGemvTensorStridedBatched<__nv_bfloat16 const>, cublasGemvTensorStridedBatched<__nv_bfloat16>, float> >(cublasGemvParamsEx<int, cublasGemvTensorStridedBatched<__nv_bfloat16 const>, cublasGemvTensorStridedBatched<__nv_bfloat16 const>, cublasGemvTensorStridedBatched<__nv_bfloat16>, float>)	/root/share/mnt164/huangrulin/c16_ai_workload/raw/C16R_qwen3-30b-a3b_s2-text_decode_nvbit-warp-mref-shard_s2-dec3-natural-expert21-down_20260917T034400Z_e210c0de5678/STATIC_MREF_MAP.tsv	1	2048
Q30	837	LDG.E.EF.U16	LDG.E.EF.U16 R30, [R30.64] ;	GLOBAL	LOAD	False	one dynamic warp access of this static memory operand	QUALIFIED	2	SASS opcode U16/S16 data-width suffix	mref_operand_index=single bracketed global address operand	std::enable_if<!(false), void>::type internal::gemvx::kernel<int, int, __nv_bfloat16, __nv_bfloat16, __nv_bfloat16, float, false, true, true, false, 7, false, cublasGemvParamsEx<int, cublasGemvTensorStridedBatched<__nv_bfloat16 const>, cublasGemvTensorStridedBatched<__nv_bfloat16 const>, cublasGemvTensorStridedBatched<__nv_bfloat16>, float> >(cublasGemvParamsEx<int, cublasGemvTensorStridedBatched<__nv_bfloat16 const>, cublasGemvTensorStridedBatched<__nv_bfloat16 const>, cublasGemvTensorStridedBatched<__nv_bfloat16>, float>)	/root/share/mnt164/huangrulin/c16_ai_workload/raw/C16R_qwen3-30b-a3b_s2-text_decode_nvbit-warp-mref-shard_s2-dec3-natural-expert21-down_20260917T034400Z_e210c0de5678/STATIC_MREF_MAP.tsv	1	2048
Q30	839	LDG.E.U16.STRONG.SM	LDG.E.U16.STRONG.SM R36, [R36.64] ;	GLOBAL	LOAD	False	one dynamic warp access of this static memory operand	QUALIFIED	2	SASS opcode U16/S16 data-width suffix	mref_operand_index=single bracketed global address operand	std::enable_if<!(false), void>::type internal::gemvx::kernel<int, int, __nv_bfloat16, __nv_bfloat16, __nv_bfloat16, float, false, true, true, false, 7, false, cublasGemvParamsEx<int, cublasGemvTensorStridedBatched<__nv_bfloat16 const>, cublasGemvTensorStridedBatched<__nv_bfloat16 const>, cublasGemvTensorStridedBatched<__nv_bfloat16>, float> >(cublasGemvParamsEx<int, cublasGemvTensorStridedBatched<__nv_bfloat16 const>, cublasGemvTensorStridedBatched<__nv_bfloat16 const>, cublasGemvTensorStridedBatched<__nv_bfloat16>, float>)	/root/share/mnt164/huangrulin/c16_ai_workload/raw/C16R_qwen3-30b-a3b_s2-text_decode_nvbit-warp-mref-shard_s2-dec3-natural-expert21-down_20260917T034400Z_e210c0de5678/STATIC_MREF_MAP.tsv	1	2048
Q30	841	LDG.E.EF.U16	LDG.E.EF.U16 R34, [R34.64] ;	GLOBAL	LOAD	False	one dynamic warp access of this static memory operand	QUALIFIED	2	SASS opcode U16/S16 data-width suffix	mref_operand_index=single bracketed global address operand	std::enable_if<!(false), void>::type internal::gemvx::kernel<int, int, __nv_bfloat16, __nv_bfloat16, __nv_bfloat16, float, false, true, true, false, 7, false, cublasGemvParamsEx<int, cublasGemvTensorStridedBatched<__nv_bfloat16 const>, cublasGemvTensorStridedBatched<__nv_bfloat16 const>, cublasGemvTensorStridedBatched<__nv_bfloat16>, float> >(cublasGemvParamsEx<int, cublasGemvTensorStridedBatched<__nv_bfloat16 const>, cublasGemvTensorStridedBatched<__nv_bfloat16 const>, cublasGemvTensorStridedBatched<__nv_bfloat16>, float>)	/root/share/mnt164/huangrulin/c16_ai_workload/raw/C16R_qwen3-30b-a3b_s2-text_decode_nvbit-warp-mref-shard_s2-dec3-natural-expert21-down_20260917T034400Z_e210c0de5678/STATIC_MREF_MAP.tsv	1	2048
Q30	843	LDG.E.U16.STRONG.SM	LDG.E.U16.STRONG.SM R49, [R8.64] ;	GLOBAL	LOAD	False	one dynamic warp access of this static memory operand	QUALIFIED	2	SASS opcode U16/S16 data-width suffix	mref_operand_index=single bracketed global address operand	std::enable_if<!(false), void>::type internal::gemvx::kernel<int, int, __nv_bfloat16, __nv_bfloat16, __nv_bfloat16, float, false, true, true, false, 7, false, cublasGemvParamsEx<int, cublasGemvTensorStridedBatched<__nv_bfloat16 const>, cublasGemvTensorStridedBatched<__nv_bfloat16 const>, cublasGemvTensorStridedBatched<__nv_bfloat16>, float> >(cublasGemvParamsEx<int, cublasGemvTensorStridedBatched<__nv_bfloat16 const>, cublasGemvTensorStridedBatched<__nv_bfloat16 const>, cublasGemvTensorStridedBatched<__nv_bfloat16>, float>)	/root/share/mnt164/huangrulin/c16_ai_workload/raw/C16R_qwen3-30b-a3b_s2-text_decode_nvbit-warp-mref-shard_s2-dec3-natural-expert21-down_20260917T034400Z_e210c0de5678/STATIC_MREF_MAP.tsv	1	2048
Q30	845	LDG.E.EF.U16	LDG.E.EF.U16 R29, [R6.64] ;	GLOBAL	LOAD	False	one dynamic warp access of this static memory operand	QUALIFIED	2	SASS opcode U16/S16 data-width suffix	mref_operand_index=single bracketed global address operand	std::enable_if<!(false), void>::type internal::gemvx::kernel<int, int, __nv_bfloat16, __nv_bfloat16, __nv_bfloat16, float, false, true, true, false, 7, false, cublasGemvParamsEx<int, cublasGemvTensorStridedBatched<__nv_bfloat16 const>, cublasGemvTensorStridedBatched<__nv_bfloat16 const>, cublasGemvTensorStridedBatched<__nv_bfloat16>, float> >(cublasGemvParamsEx<int, cublasGemvTensorStridedBatched<__nv_bfloat16 const>, cublasGemvTensorStridedBatched<__nv_bfloat16 const>, cublasGemvTensorStridedBatched<__nv_bfloat16>, float>)	/root/share/mnt164/huangrulin/c16_ai_workload/raw/C16R_qwen3-30b-a3b_s2-text_decode_nvbit-warp-mref-shard_s2-dec3-natural-expert21-down_20260917T034400Z_e210c0de5678/STATIC_MREF_MAP.tsv	1	2048
Q30	847	LDG.E.U16.STRONG.SM	LDG.E.U16.STRONG.SM R50, [R12.64] ;	GLOBAL	LOAD	False	one dynamic warp access of this static memory operand	QUALIFIED	2	SASS opcode U16/S16 data-width suffix	mref_operand_index=single bracketed global address operand	std::enable_if<!(false), void>::type internal::gemvx::kernel<int, int, __nv_bfloat16, __nv_bfloat16, __nv_bfloat16, float, false, true, true, false, 7, false, cublasGemvParamsEx<int, cublasGemvTensorStridedBatched<__nv_bfloat16 const>, cublasGemvTensorStridedBatched<__nv_bfloat16 const>, cublasGemvTensorStridedBatched<__nv_bfloat16>, float> >(cublasGemvParamsEx<int, cublasGemvTensorStridedBatched<__nv_bfloat16 const>, cublasGemvTensorStridedBatched<__nv_bfloat16 const>, cublasGemvTensorStridedBatched<__nv_bfloat16>, float>)	/root/share/mnt164/huangrulin/c16_ai_workload/raw/C16R_qwen3-30b-a3b_s2-text_decode_nvbit-warp-mref-shard_s2-dec3-natural-expert21-down_20260917T034400Z_e210c0de5678/STATIC_MREF_MAP.tsv	1	2048
Q30	849	LDG.E.EF.U16	LDG.E.EF.U16 R33, [R10.64] ;	GLOBAL	LOAD	False	one dynamic warp access of this static memory operand	QUALIFIED	2	SASS opcode U16/S16 data-width suffix	mref_operand_index=single bracketed global address operand	std::enable_if<!(false), void>::type internal::gemvx::kernel<int, int, __nv_bfloat16, __nv_bfloat16, __nv_bfloat16, float, false, true, true, false, 7, false, cublasGemvParamsEx<int, cublasGemvTensorStridedBatched<__nv_bfloat16 const>, cublasGemvTensorStridedBatched<__nv_bfloat16 const>, cublasGemvTensorStridedBatched<__nv_bfloat16>, float> >(cublasGemvParamsEx<int, cublasGemvTensorStridedBatched<__nv_bfloat16 const>, cublasGemvTensorStridedBatched<__nv_bfloat16 const>, cublasGemvTensorStridedBatched<__nv_bfloat16>, float>)	/root/share/mnt164/huangrulin/c16_ai_workload/raw/C16R_qwen3-30b-a3b_s2-text_decode_nvbit-warp-mref-shard_s2-dec3-natural-expert21-down_20260917T034400Z_e210c0de5678/STATIC_MREF_MAP.tsv	1	2048
Q30	851	LDG.E.U16.STRONG.SM	LDG.E.U16.STRONG.SM R16, [R16.64] ;	GLOBAL	LOAD	False	one dynamic warp access of this static memory operand	QUALIFIED	2	SASS opcode U16/S16 data-width suffix	mref_operand_index=single bracketed global address operand	std::enable_if<!(false), void>::type internal::gemvx::kernel<int, int, __nv_bfloat16, __nv_bfloat16, __nv_bfloat16, float, false, true, true, false, 7, false, cublasGemvParamsEx<int, cublasGemvTensorStridedBatched<__nv_bfloat16 const>, cublasGemvTensorStridedBatched<__nv_bfloat16 const>, cublasGemvTensorStridedBatched<__nv_bfloat16>, float> >(cublasGemvParamsEx<int, cublasGemvTensorStridedBatched<__nv_bfloat16 const>, cublasGemvTensorStridedBatched<__nv_bfloat16 const>, cublasGemvTensorStridedBatched<__nv_bfloat16>, float>)	/root/share/mnt164/huangrulin/c16_ai_workload/raw/C16R_qwen3-30b-a3b_s2-text_decode_nvbit-warp-mref-shard_s2-dec3-natural-expert21-down_20260917T034400Z_e210c0de5678/STATIC_MREF_MAP.tsv	1	2048
Q30	853	LDG.E.EF.U16	LDG.E.EF.U16 R31, [R14.64] ;	GLOBAL	LOAD	False	one dynamic warp access of this static memory operand	QUALIFIED	2	SASS opcode U16/S16 data-width suffix	mref_operand_index=single bracketed global address operand	std::enable_if<!(false), void>::type internal::gemvx::kernel<int, int, __nv_bfloat16, __nv_bfloat16, __nv_bfloat16, float, false, true, true, false, 7, false, cublasGemvParamsEx<int, cublasGemvTensorStridedBatched<__nv_bfloat16 const>, cublasGemvTensorStridedBatched<__nv_bfloat16 const>, cublasGemvTensorStridedBatched<__nv_bfloat16>, float> >(cublasGemvParamsEx<int, cublasGemvTensorStridedBatched<__nv_bfloat16 const>, cublasGemvTensorStridedBatched<__nv_bfloat16 const>, cublasGemvTensorStridedBatched<__nv_bfloat16>, float>)	/root/share/mnt164/huangrulin/c16_ai_workload/raw/C16R_qwen3-30b-a3b_s2-text_decode_nvbit-warp-mref-shard_s2-dec3-natural-expert21-down_20260917T034400Z_e210c0de5678/STATIC_MREF_MAP.tsv	1	2048
Q30	855	LDG.E.U16.STRONG.SM	LDG.E.U16.STRONG.SM R20, [R20.64] ;	GLOBAL	LOAD	False	one dynamic warp access of this static memory operand	QUALIFIED	2	SASS opcode U16/S16 data-width suffix	mref_operand_index=single bracketed global address operand	std::enable_if<!(false), void>::type internal::gemvx::kernel<int, int, __nv_bfloat16, __nv_bfloat16, __nv_bfloat16, float, false, true, true, false, 7, false, cublasGemvParamsEx<int, cublasGemvTensorStridedBatched<__nv_bfloat16 const>, cublasGemvTensorStridedBatched<__nv_bfloat16 const>, cublasGemvTensorStridedBatched<__nv_bfloat16>, float> >(cublasGemvParamsEx<int, cublasGemvTensorStridedBatched<__nv_bfloat16 const>, cublasGemvTensorStridedBatched<__nv_bfloat16 const>, cublasGemvTensorStridedBatched<__nv_bfloat16>, float>)	/root/share/mnt164/huangrulin/c16_ai_workload/raw/C16R_qwen3-30b-a3b_s2-text_decode_nvbit-warp-mref-shard_s2-dec3-natural-expert21-down_20260917T034400Z_e210c0de5678/STATIC_MREF_MAP.tsv	1	2048
Q30	857	LDG.E.EF.U16	LDG.E.EF.U16 R18, [R18.64] ;	GLOBAL	LOAD	False	one dynamic warp access of this static memory operand	QUALIFIED	2	SASS opcode U16/S16 data-width suffix	mref_operand_index=single bracketed global address operand	std::enable_if<!(false), void>::type internal::gemvx::kernel<int, int, __nv_bfloat16, __nv_bfloat16, __nv_bfloat16, float, false, true, true, false, 7, false, cublasGemvParamsEx<int, cublasGemvTensorStridedBatched<__nv_bfloat16 const>, cublasGemvTensorStridedBatched<__nv_bfloat16 const>, cublasGemvTensorStridedBatched<__nv_bfloat16>, float> >(cublasGemvParamsEx<int, cublasGemvTensorStridedBatched<__nv_bfloat16 const>, cublasGemvTensorStridedBatched<__nv_bfloat16 const>, cublasGemvTensorStridedBatched<__nv_bfloat16>, float>)	/root/share/mnt164/huangrulin/c16_ai_workload/raw/C16R_qwen3-30b-a3b_s2-text_decode_nvbit-warp-mref-shard_s2-dec3-natural-expert21-down_20260917T034400Z_e210c0de5678/STATIC_MREF_MAP.tsv	1	2048
Q30	859	LDG.E.U16.STRONG.SM	LDG.E.U16.STRONG.SM R24, [R24.64] ;	GLOBAL	LOAD	False	one dynamic warp access of this static memory operand	QUALIFIED	2	SASS opcode U16/S16 data-width suffix	mref_operand_index=single bracketed global address operand	std::enable_if<!(false), void>::type internal::gemvx::kernel<int, int, __nv_bfloat16, __nv_bfloat16, __nv_bfloat16, float, false, true, true, false, 7, false, cublasGemvParamsEx<int, cublasGemvTensorStridedBatched<__nv_bfloat16 const>, cublasGemvTensorStridedBatched<__nv_bfloat16 const>, cublasGemvTensorStridedBatched<__nv_bfloat16>, float> >(cublasGemvParamsEx<int, cublasGemvTensorStridedBatched<__nv_bfloat16 const>, cublasGemvTensorStridedBatched<__nv_bfloat16 const>, cublasGemvTensorStridedBatched<__nv_bfloat16>, float>)	/root/share/mnt164/huangrulin/c16_ai_workload/raw/C16R_qwen3-30b-a3b_s2-text_decode_nvbit-warp-mref-shard_s2-dec3-natural-expert21-down_20260917T034400Z_e210c0de5678/STATIC_MREF_MAP.tsv	1	2048
Q30	861	LDG.E.EF.U16	LDG.E.EF.U16 R22, [R22.64] ;	GLOBAL	LOAD	False	one dynamic warp access of this static memory operand	QUALIFIED	2	SASS opcode U16/S16 data-width suffix	mref_operand_index=single bracketed global address operand	std::enable_if<!(false), void>::type internal::gemvx::kernel<int, int, __nv_bfloat16, __nv_bfloat16, __nv_bfloat16, float, false, true, true, false, 7, false, cublasGemvParamsEx<int, cublasGemvTensorStridedBatched<__nv_bfloat16 const>, cublasGemvTensorStridedBatched<__nv_bfloat16 const>, cublasGemvTensorStridedBatched<__nv_bfloat16>, float> >(cublasGemvParamsEx<int, cublasGemvTensorStridedBatched<__nv_bfloat16 const>, cublasGemvTensorStridedBatched<__nv_bfloat16 const>, cublasGemvTensorStridedBatched<__nv_bfloat16>, float>)	/root/share/mnt164/huangrulin/c16_ai_workload/raw/C16R_qwen3-30b-a3b_s2-text_decode_nvbit-warp-mref-shard_s2-dec3-natural-expert21-down_20260917T034400Z_e210c0de5678/STATIC_MREF_MAP.tsv	1	2048
Q30	863	LDG.E.U16.STRONG.SM	LDG.E.U16.STRONG.SM R26, [R26.64] ;	GLOBAL	LOAD	False	one dynamic warp access of this static memory operand	QUALIFIED	2	SASS opcode U16/S16 data-width suffix	mref_operand_index=single bracketed global address operand	std::enable_if<!(false), void>::type internal::gemvx::kernel<int, int, __nv_bfloat16, __nv_bfloat16, __nv_bfloat16, float, false, true, true, false, 7, false, cublasGemvParamsEx<int, cublasGemvTensorStridedBatched<__nv_bfloat16 const>, cublasGemvTensorStridedBatched<__nv_bfloat16 const>, cublasGemvTensorStridedBatched<__nv_bfloat16>, float> >(cublasGemvParamsEx<int, cublasGemvTensorStridedBatched<__nv_bfloat16 const>, cublasGemvTensorStridedBatched<__nv_bfloat16 const>, cublasGemvTensorStridedBatched<__nv_bfloat16>, float>)	/root/share/mnt164/huangrulin/c16_ai_workload/raw/C16R_qwen3-30b-a3b_s2-text_decode_nvbit-warp-mref-shard_s2-dec3-natural-expert21-down_20260917T034400Z_e210c0de5678/STATIC_MREF_MAP.tsv	1	2048
Q30	865	LDG.E.EF.U16	LDG.E.EF.U16 R8, [R8.64] ;	GLOBAL	LOAD	False	one dynamic warp access of this static memory operand	QUALIFIED	2	SASS opcode U16/S16 data-width suffix	mref_operand_index=single bracketed global address operand	std::enable_if<!(false), void>::type internal::gemvx::kernel<int, int, __nv_bfloat16, __nv_bfloat16, __nv_bfloat16, float, false, true, true, false, 7, false, cublasGemvParamsEx<int, cublasGemvTensorStridedBatched<__nv_bfloat16 const>, cublasGemvTensorStridedBatched<__nv_bfloat16 const>, cublasGemvTensorStridedBatched<__nv_bfloat16>, float> >(cublasGemvParamsEx<int, cublasGemvTensorStridedBatched<__nv_bfloat16 const>, cublasGemvTensorStridedBatched<__nv_bfloat16 const>, cublasGemvTensorStridedBatched<__nv_bfloat16>, float>)	/root/share/mnt164/huangrulin/c16_ai_workload/raw/C16R_qwen3-30b-a3b_s2-text_decode_nvbit-warp-mref-shard_s2-dec3-natural-expert21-down_20260917T034400Z_e210c0de5678/STATIC_MREF_MAP.tsv	1	2048
Q30	867	LDG.E.U16.STRONG.SM	LDG.E.U16.STRONG.SM R35, [R10.64] ;	GLOBAL	LOAD	False	one dynamic warp access of this static memory operand	QUALIFIED	2	SASS opcode U16/S16 data-width suffix	mref_operand_index=single bracketed global address operand	std::enable_if<!(false), void>::type internal::gemvx::kernel<int, int, __nv_bfloat16, __nv_bfloat16, __nv_bfloat16, float, false, true, true, false, 7, false, cublasGemvParamsEx<int, cublasGemvTensorStridedBatched<__nv_bfloat16 const>, cublasGemvTensorStridedBatched<__nv_bfloat16 const>, cublasGemvTensorStridedBatched<__nv_bfloat16>, float> >(cublasGemvParamsEx<int, cublasGemvTensorStridedBatched<__nv_bfloat16 const>, cublasGemvTensorStridedBatched<__nv_bfloat16 const>, cublasGemvTensorStridedBatched<__nv_bfloat16>, float>)	/root/share/mnt164/huangrulin/c16_ai_workload/raw/C16R_qwen3-30b-a3b_s2-text_decode_nvbit-warp-mref-shard_s2-dec3-natural-expert21-down_20260917T034400Z_e210c0de5678/STATIC_MREF_MAP.tsv	1	2048
Q30	869	LDG.E.EF.U16	LDG.E.EF.U16 R17, [R6.64] ;	GLOBAL	LOAD	False	one dynamic warp access of this static memory operand	QUALIFIED	2	SASS opcode U16/S16 data-width suffix	mref_operand_index=single bracketed global address operand	std::enable_if<!(false), void>::type internal::gemvx::kernel<int, int, __nv_bfloat16, __nv_bfloat16, __nv_bfloat16, float, false, true, true, false, 7, false, cublasGemvParamsEx<int, cublasGemvTensorStridedBatched<__nv_bfloat16 const>, cublasGemvTensorStridedBatched<__nv_bfloat16 const>, cublasGemvTensorStridedBatched<__nv_bfloat16>, float> >(cublasGemvParamsEx<int, cublasGemvTensorStridedBatched<__nv_bfloat16 const>, cublasGemvTensorStridedBatched<__nv_bfloat16 const>, cublasGemvTensorStridedBatched<__nv_bfloat16>, float>)	/root/share/mnt164/huangrulin/c16_ai_workload/raw/C16R_qwen3-30b-a3b_s2-text_decode_nvbit-warp-mref-shard_s2-dec3-natural-expert21-down_20260917T034400Z_e210c0de5678/STATIC_MREF_MAP.tsv	1	2048
Q30	870	LDG.E.U16.STRONG.SM	LDG.E.U16.STRONG.SM R14, [R14.64] ;	GLOBAL	LOAD	False	one dynamic warp access of this static memory operand	QUALIFIED	2	SASS opcode U16/S16 data-width suffix	mref_operand_index=single bracketed global address operand	std::enable_if<!(false), void>::type internal::gemvx::kernel<int, int, __nv_bfloat16, __nv_bfloat16, __nv_bfloat16, float, false, true, true, false, 7, false, cublasGemvParamsEx<int, cublasGemvTensorStridedBatched<__nv_bfloat16 const>, cublasGemvTensorStridedBatched<__nv_bfloat16 const>, cublasGemvTensorStridedBatched<__nv_bfloat16>, float> >(cublasGemvParamsEx<int, cublasGemvTensorStridedBatched<__nv_bfloat16 const>, cublasGemvTensorStridedBatched<__nv_bfloat16 const>, cublasGemvTensorStridedBatched<__nv_bfloat16>, float>)	/root/share/mnt164/huangrulin/c16_ai_workload/raw/C16R_qwen3-30b-a3b_s2-text_decode_nvbit-warp-mref-shard_s2-dec3-natural-expert21-down_20260917T034400Z_e210c0de5678/STATIC_MREF_MAP.tsv	1	2048
Q30	871	LDG.E.EF.U16	LDG.E.EF.U16 R12, [R12.64] ;	GLOBAL	LOAD	False	one dynamic warp access of this static memory operand	QUALIFIED	2	SASS opcode U16/S16 data-width suffix	mref_operand_index=single bracketed global address operand	std::enable_if<!(false), void>::type internal::gemvx::kernel<int, int, __nv_bfloat16, __nv_bfloat16, __nv_bfloat16, float, false, true, true, false, 7, false, cublasGemvParamsEx<int, cublasGemvTensorStridedBatched<__nv_bfloat16 const>, cublasGemvTensorStridedBatched<__nv_bfloat16 const>, cublasGemvTensorStridedBatched<__nv_bfloat16>, float> >(cublasGemvParamsEx<int, cublasGemvTensorStridedBatched<__nv_bfloat16 const>, cublasGemvTensorStridedBatched<__nv_bfloat16 const>, cublasGemvTensorStridedBatched<__nv_bfloat16>, float>)	/root/share/mnt164/huangrulin/c16_ai_workload/raw/C16R_qwen3-30b-a3b_s2-text_decode_nvbit-warp-mref-shard_s2-dec3-natural-expert21-down_20260917T034400Z_e210c0de5678/STATIC_MREF_MAP.tsv	1	2048
Q30	949	LDG.E.EF.U16	LDG.E.EF.U16 R6, [R6.64] ;	GLOBAL	LOAD	False	one dynamic warp access of this static memory operand	QUALIFIED	2	SASS opcode U16/S16 data-width suffix	mref_operand_index=single bracketed global address operand	std::enable_if<!(false), void>::type internal::gemvx::kernel<int, int, __nv_bfloat16, __nv_bfloat16, __nv_bfloat16, float, false, true, true, false, 7, false, cublasGemvParamsEx<int, cublasGemvTensorStridedBatched<__nv_bfloat16 const>, cublasGemvTensorStridedBatched<__nv_bfloat16 const>, cublasGemvTensorStridedBatched<__nv_bfloat16>, float> >(cublasGemvParamsEx<int, cublasGemvTensorStridedBatched<__nv_bfloat16 const>, cublasGemvTensorStridedBatched<__nv_bfloat16 const>, cublasGemvTensorStridedBatched<__nv_bfloat16>, float>)	/root/share/mnt164/huangrulin/c16_ai_workload/raw/C16R_qwen3-30b-a3b_s2-text_decode_nvbit-warp-mref-shard_s2-dec3-natural-expert21-down_20260917T034400Z_e210c0de5678/STATIC_MREF_MAP.tsv	1	4096
Q30	951	LDG.E.U16.STRONG.SM	LDG.E.U16.STRONG.SM R8, [R8.64] ;	GLOBAL	LOAD	False	one dynamic warp access of this static memory operand	QUALIFIED	2	SASS opcode U16/S16 data-width suffix	mref_operand_index=single bracketed global address operand	std::enable_if<!(false), void>::type internal::gemvx::kernel<int, int, __nv_bfloat16, __nv_bfloat16, __nv_bfloat16, float, false, true, true, false, 7, false, cublasGemvParamsEx<int, cublasGemvTensorStridedBatched<__nv_bfloat16 const>, cublasGemvTensorStridedBatched<__nv_bfloat16 const>, cublasGemvTensorStridedBatched<__nv_bfloat16>, float> >(cublasGemvParamsEx<int, cublasGemvTensorStridedBatched<__nv_bfloat16 const>, cublasGemvTensorStridedBatched<__nv_bfloat16 const>, cublasGemvTensorStridedBatched<__nv_bfloat16>, float>)	/root/share/mnt164/huangrulin/c16_ai_workload/raw/C16R_qwen3-30b-a3b_s2-text_decode_nvbit-warp-mref-shard_s2-dec3-natural-expert21-down_20260917T034400Z_e210c0de5678/STATIC_MREF_MAP.tsv	1	4096
Q30	953	LDG.E.EF.U16	LDG.E.EF.U16 R10, [R10.64] ;	GLOBAL	LOAD	False	one dynamic warp access of this static memory operand	QUALIFIED	2	SASS opcode U16/S16 data-width suffix	mref_operand_index=single bracketed global address operand	std::enable_if<!(false), void>::type internal::gemvx::kernel<int, int, __nv_bfloat16, __nv_bfloat16, __nv_bfloat16, float, false, true, true, false, 7, false, cublasGemvParamsEx<int, cublasGemvTensorStridedBatched<__nv_bfloat16 const>, cublasGemvTensorStridedBatched<__nv_bfloat16 const>, cublasGemvTensorStridedBatched<__nv_bfloat16>, float> >(cublasGemvParamsEx<int, cublasGemvTensorStridedBatched<__nv_bfloat16 const>, cublasGemvTensorStridedBatched<__nv_bfloat16 const>, cublasGemvTensorStridedBatched<__nv_bfloat16>, float>)	/root/share/mnt164/huangrulin/c16_ai_workload/raw/C16R_qwen3-30b-a3b_s2-text_decode_nvbit-warp-mref-shard_s2-dec3-natural-expert21-down_20260917T034400Z_e210c0de5678/STATIC_MREF_MAP.tsv	1	4096
Q30	955	LDG.E.U16.STRONG.SM	LDG.E.U16.STRONG.SM R12, [R12.64] ;	GLOBAL	LOAD	False	one dynamic warp access of this static memory operand	QUALIFIED	2	SASS opcode U16/S16 data-width suffix	mref_operand_index=single bracketed global address operand	std::enable_if<!(false), void>::type internal::gemvx::kernel<int, int, __nv_bfloat16, __nv_bfloat16, __nv_bfloat16, float, false, true, true, false, 7, false, cublasGemvParamsEx<int, cublasGemvTensorStridedBatched<__nv_bfloat16 const>, cublasGemvTensorStridedBatched<__nv_bfloat16 const>, cublasGemvTensorStridedBatched<__nv_bfloat16>, float> >(cublasGemvParamsEx<int, cublasGemvTensorStridedBatched<__nv_bfloat16 const>, cublasGemvTensorStridedBatched<__nv_bfloat16 const>, cublasGemvTensorStridedBatched<__nv_bfloat16>, float>)	/root/share/mnt164/huangrulin/c16_ai_workload/raw/C16R_qwen3-30b-a3b_s2-text_decode_nvbit-warp-mref-shard_s2-dec3-natural-expert21-down_20260917T034400Z_e210c0de5678/STATIC_MREF_MAP.tsv	1	4096
Q30	957	LDG.E.EF.U16	LDG.E.EF.U16 R24, [R14.64] ;	GLOBAL	LOAD	False	one dynamic warp access of this static memory operand	QUALIFIED	2	SASS opcode U16/S16 data-width suffix	mref_operand_index=single bracketed global address operand	std::enable_if<!(false), void>::type internal::gemvx::kernel<int, int, __nv_bfloat16, __nv_bfloat16, __nv_bfloat16, float, false, true, true, false, 7, false, cublasGemvParamsEx<int, cublasGemvTensorStridedBatched<__nv_bfloat16 const>, cublasGemvTensorStridedBatched<__nv_bfloat16 const>, cublasGemvTensorStridedBatched<__nv_bfloat16>, float> >(cublasGemvParamsEx<int, cublasGemvTensorStridedBatched<__nv_bfloat16 const>, cublasGemvTensorStridedBatched<__nv_bfloat16 const>, cublasGemvTensorStridedBatched<__nv_bfloat16>, float>)	/root/share/mnt164/huangrulin/c16_ai_workload/raw/C16R_qwen3-30b-a3b_s2-text_decode_nvbit-warp-mref-shard_s2-dec3-natural-expert21-down_20260917T034400Z_e210c0de5678/STATIC_MREF_MAP.tsv	1	4096
Q30	959	LDG.E.U16.STRONG.SM	LDG.E.U16.STRONG.SM R16, [R16.64] ;	GLOBAL	LOAD	False	one dynamic warp access of this static memory operand	QUALIFIED	2	SASS opcode U16/S16 data-width suffix	mref_operand_index=single bracketed global address operand	std::enable_if<!(false), void>::type internal::gemvx::kernel<int, int, __nv_bfloat16, __nv_bfloat16, __nv_bfloat16, float, false, true, true, false, 7, false, cublasGemvParamsEx<int, cublasGemvTensorStridedBatched<__nv_bfloat16 const>, cublasGemvTensorStridedBatched<__nv_bfloat16 const>, cublasGemvTensorStridedBatched<__nv_bfloat16>, float> >(cublasGemvParamsEx<int, cublasGemvTensorStridedBatched<__nv_bfloat16 const>, cublasGemvTensorStridedBatched<__nv_bfloat16 const>, cublasGemvTensorStridedBatched<__nv_bfloat16>, float>)	/root/share/mnt164/huangrulin/c16_ai_workload/raw/C16R_qwen3-30b-a3b_s2-text_decode_nvbit-warp-mref-shard_s2-dec3-natural-expert21-down_20260917T034400Z_e210c0de5678/STATIC_MREF_MAP.tsv	1	4096
Q30	960	LDG.E.EF.U16	LDG.E.EF.U16 R18, [R18.64] ;	GLOBAL	LOAD	False	one dynamic warp access of this static memory operand	QUALIFIED	2	SASS opcode U16/S16 data-width suffix	mref_operand_index=single bracketed global address operand	std::enable_if<!(false), void>::type internal::gemvx::kernel<int, int, __nv_bfloat16, __nv_bfloat16, __nv_bfloat16, float, false, true, true, false, 7, false, cublasGemvParamsEx<int, cublasGemvTensorStridedBatched<__nv_bfloat16 const>, cublasGemvTensorStridedBatched<__nv_bfloat16 const>, cublasGemvTensorStridedBatched<__nv_bfloat16>, float> >(cublasGemvParamsEx<int, cublasGemvTensorStridedBatched<__nv_bfloat16 const>, cublasGemvTensorStridedBatched<__nv_bfloat16 const>, cublasGemvTensorStridedBatched<__nv_bfloat16>, float>)	/root/share/mnt164/huangrulin/c16_ai_workload/raw/C16R_qwen3-30b-a3b_s2-text_decode_nvbit-warp-mref-shard_s2-dec3-natural-expert21-down_20260917T034400Z_e210c0de5678/STATIC_MREF_MAP.tsv	1	4096
Q30	961	LDG.E.U16.STRONG.SM	LDG.E.U16.STRONG.SM R20, [R20.64] ;	GLOBAL	LOAD	False	one dynamic warp access of this static memory operand	QUALIFIED	2	SASS opcode U16/S16 data-width suffix	mref_operand_index=single bracketed global address operand	std::enable_if<!(false), void>::type internal::gemvx::kernel<int, int, __nv_bfloat16, __nv_bfloat16, __nv_bfloat16, float, false, true, true, false, 7, false, cublasGemvParamsEx<int, cublasGemvTensorStridedBatched<__nv_bfloat16 const>, cublasGemvTensorStridedBatched<__nv_bfloat16 const>, cublasGemvTensorStridedBatched<__nv_bfloat16>, float> >(cublasGemvParamsEx<int, cublasGemvTensorStridedBatched<__nv_bfloat16 const>, cublasGemvTensorStridedBatched<__nv_bfloat16 const>, cublasGemvTensorStridedBatched<__nv_bfloat16>, float>)	/root/share/mnt164/huangrulin/c16_ai_workload/raw/C16R_qwen3-30b-a3b_s2-text_decode_nvbit-warp-mref-shard_s2-dec3-natural-expert21-down_20260917T034400Z_e210c0de5678/STATIC_MREF_MAP.tsv	1	4096
Q30	998	LDG.E.U16.STRONG.SM	LDG.E.U16.STRONG.SM R10, [R10.64] ;	GLOBAL	LOAD	False	one dynamic warp access of this static memory operand	QUALIFIED	2	SASS opcode U16/S16 data-width suffix	mref_operand_index=single bracketed global address operand	std::enable_if<!(false), void>::type internal::gemvx::kernel<int, int, __nv_bfloat16, __nv_bfloat16, __nv_bfloat16, float, false, true, true, false, 7, false, cublasGemvParamsEx<int, cublasGemvTensorStridedBatched<__nv_bfloat16 const>, cublasGemvTensorStridedBatched<__nv_bfloat16 const>, cublasGemvTensorStridedBatched<__nv_bfloat16>, float> >(cublasGemvParamsEx<int, cublasGemvTensorStridedBatched<__nv_bfloat16 const>, cublasGemvTensorStridedBatched<__nv_bfloat16 const>, cublasGemvTensorStridedBatched<__nv_bfloat16>, float>)	/root/share/mnt164/huangrulin/c16_ai_workload/raw/C16R_qwen3-30b-a3b_s2-text_decode_nvbit-warp-mref-shard_s2-dec3-natural-expert21-down_20260917T034400Z_e210c0de5678/STATIC_MREF_MAP.tsv	1	0
Q30	999	LDG.E.EF.U16	LDG.E.EF.U16 R6, [R6.64] ;	GLOBAL	LOAD	False	one dynamic warp access of this static memory operand	QUALIFIED	2	SASS opcode U16/S16 data-width suffix	mref_operand_index=single bracketed global address operand	std::enable_if<!(false), void>::type internal::gemvx::kernel<int, int, __nv_bfloat16, __nv_bfloat16, __nv_bfloat16, float, false, true, true, false, 7, false, cublasGemvParamsEx<int, cublasGemvTensorStridedBatched<__nv_bfloat16 const>, cublasGemvTensorStridedBatched<__nv_bfloat16 const>, cublasGemvTensorStridedBatched<__nv_bfloat16>, float> >(cublasGemvParamsEx<int, cublasGemvTensorStridedBatched<__nv_bfloat16 const>, cublasGemvTensorStridedBatched<__nv_bfloat16 const>, cublasGemvTensorStridedBatched<__nv_bfloat16>, float>)	/root/share/mnt164/huangrulin/c16_ai_workload/raw/C16R_qwen3-30b-a3b_s2-text_decode_nvbit-warp-mref-shard_s2-dec3-natural-expert21-down_20260917T034400Z_e210c0de5678/STATIC_MREF_MAP.tsv	1	0
Q30	1021	LDG.E.EF.U16	LDG.E.EF.U16 R6, [R6.64] ;	GLOBAL	LOAD	False	one dynamic warp access of this static memory operand	QUALIFIED	2	SASS opcode U16/S16 data-width suffix	mref_operand_index=single bracketed global address operand	std::enable_if<!(false), void>::type internal::gemvx::kernel<int, int, __nv_bfloat16, __nv_bfloat16, __nv_bfloat16, float, false, true, true, false, 7, false, cublasGemvParamsEx<int, cublasGemvTensorStridedBatched<__nv_bfloat16 const>, cublasGemvTensorStridedBatched<__nv_bfloat16 const>, cublasGemvTensorStridedBatched<__nv_bfloat16>, float> >(cublasGemvParamsEx<int, cublasGemvTensorStridedBatched<__nv_bfloat16 const>, cublasGemvTensorStridedBatched<__nv_bfloat16 const>, cublasGemvTensorStridedBatched<__nv_bfloat16>, float>)	/root/share/mnt164/huangrulin/c16_ai_workload/raw/C16R_qwen3-30b-a3b_s2-text_decode_nvbit-warp-mref-shard_s2-dec3-natural-expert21-down_20260917T034400Z_e210c0de5678/STATIC_MREF_MAP.tsv	1	0
Q30	1024	LDG.E.U16.STRONG.SM	LDG.E.U16.STRONG.SM R10, [R10.64] ;	GLOBAL	LOAD	False	one dynamic warp access of this static memory operand	QUALIFIED	2	SASS opcode U16/S16 data-width suffix	mref_operand_index=single bracketed global address operand	std::enable_if<!(false), void>::type internal::gemvx::kernel<int, int, __nv_bfloat16, __nv_bfloat16, __nv_bfloat16, float, false, true, true, false, 7, false, cublasGemvParamsEx<int, cublasGemvTensorStridedBatched<__nv_bfloat16 const>, cublasGemvTensorStridedBatched<__nv_bfloat16 const>, cublasGemvTensorStridedBatched<__nv_bfloat16>, float> >(cublasGemvParamsEx<int, cublasGemvTensorStridedBatched<__nv_bfloat16 const>, cublasGemvTensorStridedBatched<__nv_bfloat16 const>, cublasGemvTensorStridedBatched<__nv_bfloat16>, float>)	/root/share/mnt164/huangrulin/c16_ai_workload/raw/C16R_qwen3-30b-a3b_s2-text_decode_nvbit-warp-mref-shard_s2-dec3-natural-expert21-down_20260917T034400Z_e210c0de5678/STATIC_MREF_MAP.tsv	1	0
Q30	1028	LDG.E.EF.U16	@P2 LDG.E.EF.U16 R12, [R12.64] ;	GLOBAL	LOAD	False	one dynamic warp access of this static memory operand	QUALIFIED	2	SASS opcode U16/S16 data-width suffix	mref_operand_index=single bracketed global address operand	std::enable_if<!(false), void>::type internal::gemvx::kernel<int, int, __nv_bfloat16, __nv_bfloat16, __nv_bfloat16, float, false, true, true, false, 7, false, cublasGemvParamsEx<int, cublasGemvTensorStridedBatched<__nv_bfloat16 const>, cublasGemvTensorStridedBatched<__nv_bfloat16 const>, cublasGemvTensorStridedBatched<__nv_bfloat16>, float> >(cublasGemvParamsEx<int, cublasGemvTensorStridedBatched<__nv_bfloat16 const>, cublasGemvTensorStridedBatched<__nv_bfloat16 const>, cublasGemvTensorStridedBatched<__nv_bfloat16>, float>)	/root/share/mnt164/huangrulin/c16_ai_workload/raw/C16R_qwen3-30b-a3b_s2-text_decode_nvbit-warp-mref-shard_s2-dec3-natural-expert21-down_20260917T034400Z_e210c0de5678/STATIC_MREF_MAP.tsv	1	0
Q30	1029	LDG.E.U16.STRONG.SM	@P2 LDG.E.U16.STRONG.SM R8, [R8.64] ;	GLOBAL	LOAD	False	one dynamic warp access of this static memory operand	QUALIFIED	2	SASS opcode U16/S16 data-width suffix	mref_operand_index=single bracketed global address operand	std::enable_if<!(false), void>::type internal::gemvx::kernel<int, int, __nv_bfloat16, __nv_bfloat16, __nv_bfloat16, float, false, true, true, false, 7, false, cublasGemvParamsEx<int, cublasGemvTensorStridedBatched<__nv_bfloat16 const>, cublasGemvTensorStridedBatched<__nv_bfloat16 const>, cublasGemvTensorStridedBatched<__nv_bfloat16>, float> >(cublasGemvParamsEx<int, cublasGemvTensorStridedBatched<__nv_bfloat16 const>, cublasGemvTensorStridedBatched<__nv_bfloat16 const>, cublasGemvTensorStridedBatched<__nv_bfloat16>, float>)	/root/share/mnt164/huangrulin/c16_ai_workload/raw/C16R_qwen3-30b-a3b_s2-text_decode_nvbit-warp-mref-shard_s2-dec3-natural-expert21-down_20260917T034400Z_e210c0de5678/STATIC_MREF_MAP.tsv	1	0
Q30	1084	LDG.E.U16.CONSTANT	@P0 LDG.E.U16.CONSTANT R4, [R4.64] ;	GLOBAL	LOAD	False	one dynamic warp access of this static memory operand	QUALIFIED	2	SASS opcode U16/S16 data-width suffix	mref_operand_index=single bracketed global address operand	std::enable_if<!(false), void>::type internal::gemvx::kernel<int, int, __nv_bfloat16, __nv_bfloat16, __nv_bfloat16, float, false, true, true, false, 7, false, cublasGemvParamsEx<int, cublasGemvTensorStridedBatched<__nv_bfloat16 const>, cublasGemvTensorStridedBatched<__nv_bfloat16 const>, cublasGemvTensorStridedBatched<__nv_bfloat16>, float> >(cublasGemvParamsEx<int, cublasGemvTensorStridedBatched<__nv_bfloat16 const>, cublasGemvTensorStridedBatched<__nv_bfloat16 const>, cublasGemvTensorStridedBatched<__nv_bfloat16>, float>)	/root/share/mnt164/huangrulin/c16_ai_workload/raw/C16R_qwen3-30b-a3b_s2-text_decode_nvbit-warp-mref-shard_s2-dec3-natural-expert21-down_20260917T034400Z_e210c0de5678/STATIC_MREF_MAP.tsv	1	0
Q30	1086	LDG.E.U16	@P1 LDG.E.U16 R2, [R2.64] ;	GLOBAL	LOAD	False	one dynamic warp access of this static memory operand	QUALIFIED	2	SASS opcode U16/S16 data-width suffix	mref_operand_index=single bracketed global address operand	std::enable_if<!(false), void>::type internal::gemvx::kernel<int, int, __nv_bfloat16, __nv_bfloat16, __nv_bfloat16, float, false, true, true, false, 7, false, cublasGemvParamsEx<int, cublasGemvTensorStridedBatched<__nv_bfloat16 const>, cublasGemvTensorStridedBatched<__nv_bfloat16 const>, cublasGemvTensorStridedBatched<__nv_bfloat16>, float> >(cublasGemvParamsEx<int, cublasGemvTensorStridedBatched<__nv_bfloat16 const>, cublasGemvTensorStridedBatched<__nv_bfloat16 const>, cublasGemvTensorStridedBatched<__nv_bfloat16>, float>)	/root/share/mnt164/huangrulin/c16_ai_workload/raw/C16R_qwen3-30b-a3b_s2-text_decode_nvbit-warp-mref-shard_s2-dec3-natural-expert21-down_20260917T034400Z_e210c0de5678/STATIC_MREF_MAP.tsv	1	0
Q30	1105	STG.E.U16	STG.E.U16 [R4.64], R0 ;	GLOBAL	STORE	False	one dynamic warp access of this static memory operand	QUALIFIED	2	SASS opcode U16/S16 data-width suffix	mref_operand_index=single bracketed global address operand	std::enable_if<!(false), void>::type internal::gemvx::kernel<int, int, __nv_bfloat16, __nv_bfloat16, __nv_bfloat16, float, false, true, true, false, 7, false, cublasGemvParamsEx<int, cublasGemvTensorStridedBatched<__nv_bfloat16 const>, cublasGemvTensorStridedBatched<__nv_bfloat16 const>, cublasGemvTensorStridedBatched<__nv_bfloat16>, float> >(cublasGemvParamsEx<int, cublasGemvTensorStridedBatched<__nv_bfloat16 const>, cublasGemvTensorStridedBatched<__nv_bfloat16 const>, cublasGemvTensorStridedBatched<__nv_bfloat16>, float>)	/root/share/mnt164/huangrulin/c16_ai_workload/raw/C16R_qwen3-30b-a3b_s2-text_decode_nvbit-warp-mref-shard_s2-dec3-natural-expert21-down_20260917T034400Z_e210c0de5678/STATIC_MREF_MAP.tsv	1	2048
DEEPSEEK	16	LDG.E	@!P0 LDG.E R144, [R4.64] ;	GLOBAL	LOAD	False	one dynamic warp access of this static memory operand	QUALIFIED	4	SASS scalar global op without size suffix is 32-bit register data	mref_operand_index=single bracketed global address operand	std::enable_if<!(false), void>::type internal::gemvx::kernel<int, int, __nv_bfloat16, __nv_bfloat16, __nv_bfloat16, float, false, true, true, false, 6, false, cublasGemvParamsEx<int, cublasGemvTensorStridedBatched<__nv_bfloat16 const>, cublasGemvTensorStridedBatched<__nv_bfloat16 const>, cublasGemvTensorStridedBatched<__nv_bfloat16>, float> >(cublasGemvParamsEx<int, cublasGemvTensorStridedBatched<__nv_bfloat16 const>, cublasGemvTensorStridedBatched<__nv_bfloat16 const>, cublasGemvTensorStridedBatched<__nv_bfloat16>, float>)	/root/share/mnt164/huangrulin/c16_ai_workload/raw/C16R_deepseek-v2-lite_s2-text_decode_nvbit-warp-mref-shard_v23r1-moe-e4-down_20260917T024000Z_b23b23b23b23/STATIC_MREF_MAP.tsv	1	0
DEEPSEEK	18	LDG.E	@!P0 LDG.E R143, [R6.64] ;	GLOBAL	LOAD	False	one dynamic warp access of this static memory operand	QUALIFIED	4	SASS scalar global op without size suffix is 32-bit register data	mref_operand_index=single bracketed global address operand	std::enable_if<!(false), void>::type internal::gemvx::kernel<int, int, __nv_bfloat16, __nv_bfloat16, __nv_bfloat16, float, false, true, true, false, 6, false, cublasGemvParamsEx<int, cublasGemvTensorStridedBatched<__nv_bfloat16 const>, cublasGemvTensorStridedBatched<__nv_bfloat16 const>, cublasGemvTensorStridedBatched<__nv_bfloat16>, float> >(cublasGemvParamsEx<int, cublasGemvTensorStridedBatched<__nv_bfloat16 const>, cublasGemvTensorStridedBatched<__nv_bfloat16 const>, cublasGemvTensorStridedBatched<__nv_bfloat16>, float>)	/root/share/mnt164/huangrulin/c16_ai_workload/raw/C16R_deepseek-v2-lite_s2-text_decode_nvbit-warp-mref-shard_v23r1-moe-e4-down_20260917T024000Z_b23b23b23b23/STATIC_MREF_MAP.tsv	1	0
DEEPSEEK	101	LDG.E.EF.U16	LDG.E.EF.U16 R132, [R54.64] ;	GLOBAL	LOAD	False	one dynamic warp access of this static memory operand	QUALIFIED	2	SASS opcode U16/S16 data-width suffix	mref_operand_index=single bracketed global address operand	std::enable_if<!(false), void>::type internal::gemvx::kernel<int, int, __nv_bfloat16, __nv_bfloat16, __nv_bfloat16, float, false, true, true, false, 6, false, cublasGemvParamsEx<int, cublasGemvTensorStridedBatched<__nv_bfloat16 const>, cublasGemvTensorStridedBatched<__nv_bfloat16 const>, cublasGemvTensorStridedBatched<__nv_bfloat16>, float> >(cublasGemvParamsEx<int, cublasGemvTensorStridedBatched<__nv_bfloat16 const>, cublasGemvTensorStridedBatched<__nv_bfloat16 const>, cublasGemvTensorStridedBatched<__nv_bfloat16>, float>)	/root/share/mnt164/huangrulin/c16_ai_workload/raw/C16R_deepseek-v2-lite_s2-text_decode_nvbit-warp-mref-shard_v23r1-moe-e4-down_20260917T024000Z_b23b23b23b23/STATIC_MREF_MAP.tsv	1	2048
DEEPSEEK	103	LDG.E.U16.STRONG.SM	LDG.E.U16.STRONG.SM R131, [R6.64] ;	GLOBAL	LOAD	False	one dynamic warp access of this static memory operand	QUALIFIED	2	SASS opcode U16/S16 data-width suffix	mref_operand_index=single bracketed global address operand	std::enable_if<!(false), void>::type internal::gemvx::kernel<int, int, __nv_bfloat16, __nv_bfloat16, __nv_bfloat16, float, false, true, true, false, 6, false, cublasGemvParamsEx<int, cublasGemvTensorStridedBatched<__nv_bfloat16 const>, cublasGemvTensorStridedBatched<__nv_bfloat16 const>, cublasGemvTensorStridedBatched<__nv_bfloat16>, float> >(cublasGemvParamsEx<int, cublasGemvTensorStridedBatched<__nv_bfloat16 const>, cublasGemvTensorStridedBatched<__nv_bfloat16 const>, cublasGemvTensorStridedBatched<__nv_bfloat16>, float>)	/root/share/mnt164/huangrulin/c16_ai_workload/raw/C16R_deepseek-v2-lite_s2-text_decode_nvbit-warp-mref-shard_v23r1-moe-e4-down_20260917T024000Z_b23b23b23b23/STATIC_MREF_MAP.tsv	1	2048
DEEPSEEK	105	LDG.E.EF.U16	LDG.E.EF.U16 R130, [R88.64] ;	GLOBAL	LOAD	False	one dynamic warp access of this static memory operand	QUALIFIED	2	SASS opcode U16/S16 data-width suffix	mref_operand_index=single bracketed global address operand	std::enable_if<!(false), void>::type internal::gemvx::kernel<int, int, __nv_bfloat16, __nv_bfloat16, __nv_bfloat16, float, false, true, true, false, 6, false, cublasGemvParamsEx<int, cublasGemvTensorStridedBatched<__nv_bfloat16 const>, cublasGemvTensorStridedBatched<__nv_bfloat16 const>, cublasGemvTensorStridedBatched<__nv_bfloat16>, float> >(cublasGemvParamsEx<int, cublasGemvTensorStridedBatched<__nv_bfloat16 const>, cublasGemvTensorStridedBatched<__nv_bfloat16 const>, cublasGemvTensorStridedBatched<__nv_bfloat16>, float>)	/root/share/mnt164/huangrulin/c16_ai_workload/raw/C16R_deepseek-v2-lite_s2-text_decode_nvbit-warp-mref-shard_v23r1-moe-e4-down_20260917T024000Z_b23b23b23b23/STATIC_MREF_MAP.tsv	1	2048
DEEPSEEK	107	LDG.E.U16.STRONG.SM	LDG.E.U16.STRONG.SM R129, [R8.64] ;	GLOBAL	LOAD	False	one dynamic warp access of this static memory operand	QUALIFIED	2	SASS opcode U16/S16 data-width suffix	mref_operand_index=single bracketed global address operand	std::enable_if<!(false), void>::type internal::gemvx::kernel<int, int, __nv_bfloat16, __nv_bfloat16, __nv_bfloat16, float, false, true, true, false, 6, false, cublasGemvParamsEx<int, cublasGemvTensorStridedBatched<__nv_bfloat16 const>, cublasGemvTensorStridedBatched<__nv_bfloat16 const>, cublasGemvTensorStridedBatched<__nv_bfloat16>, float> >(cublasGemvParamsEx<int, cublasGemvTensorStridedBatched<__nv_bfloat16 const>, cublasGemvTensorStridedBatched<__nv_bfloat16 const>, cublasGemvTensorStridedBatched<__nv_bfloat16>, float>)	/root/share/mnt164/huangrulin/c16_ai_workload/raw/C16R_deepseek-v2-lite_s2-text_decode_nvbit-warp-mref-shard_v23r1-moe-e4-down_20260917T024000Z_b23b23b23b23/STATIC_MREF_MAP.tsv	1	2048
DEEPSEEK	109	LDG.E.EF.U16	LDG.E.EF.U16 R128, [R56.64] ;	GLOBAL	LOAD	False	one dynamic warp access of this static memory operand	QUALIFIED	2	SASS opcode U16/S16 data-width suffix	mref_operand_index=single bracketed global address operand	std::enable_if<!(false), void>::type internal::gemvx::kernel<int, int, __nv_bfloat16, __nv_bfloat16, __nv_bfloat16, float, false, true, true, false, 6, false, cublasGemvParamsEx<int, cublasGemvTensorStridedBatched<__nv_bfloat16 const>, cublasGemvTensorStridedBatched<__nv_bfloat16 const>, cublasGemvTensorStridedBatched<__nv_bfloat16>, float> >(cublasGemvParamsEx<int, cublasGemvTensorStridedBatched<__nv_bfloat16 const>, cublasGemvTensorStridedBatched<__nv_bfloat16 const>, cublasGemvTensorStridedBatched<__nv_bfloat16>, float>)	/root/share/mnt164/huangrulin/c16_ai_workload/raw/C16R_deepseek-v2-lite_s2-text_decode_nvbit-warp-mref-shard_v23r1-moe-e4-down_20260917T024000Z_b23b23b23b23/STATIC_MREF_MAP.tsv	1	2048
DEEPSEEK	111	LDG.E.U16.STRONG.SM	LDG.E.U16.STRONG.SM R127, [R10.64] ;	GLOBAL	LOAD	False	one dynamic warp access of this static memory operand	QUALIFIED	2	SASS opcode U16/S16 data-width suffix	mref_operand_index=single bracketed global address operand	std::enable_if<!(false), void>::type internal::gemvx::kernel<int, int, __nv_bfloat16, __nv_bfloat16, __nv_bfloat16, float, false, true, true, false, 6, false, cublasGemvParamsEx<int, cublasGemvTensorStridedBatched<__nv_bfloat16 const>, cublasGemvTensorStridedBatched<__nv_bfloat16 const>, cublasGemvTensorStridedBatched<__nv_bfloat16>, float> >(cublasGemvParamsEx<int, cublasGemvTensorStridedBatched<__nv_bfloat16 const>, cublasGemvTensorStridedBatched<__nv_bfloat16 const>, cublasGemvTensorStridedBatched<__nv_bfloat16>, float>)	/root/share/mnt164/huangrulin/c16_ai_workload/raw/C16R_deepseek-v2-lite_s2-text_decode_nvbit-warp-mref-shard_v23r1-moe-e4-down_20260917T024000Z_b23b23b23b23/STATIC_MREF_MAP.tsv	1	2048
DEEPSEEK	113	LDG.E.EF.U16	LDG.E.EF.U16 R126, [R58.64] ;	GLOBAL	LOAD	False	one dynamic warp access of this static memory operand	QUALIFIED	2	SASS opcode U16/S16 data-width suffix	mref_operand_index=single bracketed global address operand	std::enable_if<!(false), void>::type internal::gemvx::kernel<int, int, __nv_bfloat16, __nv_bfloat16, __nv_bfloat16, float, false, true, true, false, 6, false, cublasGemvParamsEx<int, cublasGemvTensorStridedBatched<__nv_bfloat16 const>, cublasGemvTensorStridedBatched<__nv_bfloat16 const>, cublasGemvTensorStridedBatched<__nv_bfloat16>, float> >(cublasGemvParamsEx<int, cublasGemvTensorStridedBatched<__nv_bfloat16 const>, cublasGemvTensorStridedBatched<__nv_bfloat16 const>, cublasGemvTensorStridedBatched<__nv_bfloat16>, float>)	/root/share/mnt164/huangrulin/c16_ai_workload/raw/C16R_deepseek-v2-lite_s2-text_decode_nvbit-warp-mref-shard_v23r1-moe-e4-down_20260917T024000Z_b23b23b23b23/STATIC_MREF_MAP.tsv	1	2048
DEEPSEEK	115	LDG.E.U16.STRONG.SM	LDG.E.U16.STRONG.SM R5, [R12.64] ;	GLOBAL	LOAD	False	one dynamic warp access of this static memory operand	QUALIFIED	2	SASS opcode U16/S16 data-width suffix	mref_operand_index=single bracketed global address operand	std::enable_if<!(false), void>::type internal::gemvx::kernel<int, int, __nv_bfloat16, __nv_bfloat16, __nv_bfloat16, float, false, true, true, false, 6, false, cublasGemvParamsEx<int, cublasGemvTensorStridedBatched<__nv_bfloat16 const>, cublasGemvTensorStridedBatched<__nv_bfloat16 const>, cublasGemvTensorStridedBatched<__nv_bfloat16>, float> >(cublasGemvParamsEx<int, cublasGemvTensorStridedBatched<__nv_bfloat16 const>, cublasGemvTensorStridedBatched<__nv_bfloat16 const>, cublasGemvTensorStridedBatched<__nv_bfloat16>, float>)	/root/share/mnt164/huangrulin/c16_ai_workload/raw/C16R_deepseek-v2-lite_s2-text_decode_nvbit-warp-mref-shard_v23r1-moe-e4-down_20260917T024000Z_b23b23b23b23/STATIC_MREF_MAP.tsv	1	2048
DEEPSEEK	117	LDG.E.EF.U16	LDG.E.EF.U16 R6, [R90.64] ;	GLOBAL	LOAD	False	one dynamic warp access of this static memory operand	QUALIFIED	2	SASS opcode U16/S16 data-width suffix	mref_operand_index=single bracketed global address operand	std::enable_if<!(false), void>::type internal::gemvx::kernel<int, int, __nv_bfloat16, __nv_bfloat16, __nv_bfloat16, float, false, true, true, false, 6, false, cublasGemvParamsEx<int, cublasGemvTensorStridedBatched<__nv_bfloat16 const>, cublasGemvTensorStridedBatched<__nv_bfloat16 const>, cublasGemvTensorStridedBatched<__nv_bfloat16>, float> >(cublasGemvParamsEx<int, cublasGemvTensorStridedBatched<__nv_bfloat16 const>, cublasGemvTensorStridedBatched<__nv_bfloat16 const>, cublasGemvTensorStridedBatched<__nv_bfloat16>, float>)	/root/share/mnt164/huangrulin/c16_ai_workload/raw/C16R_deepseek-v2-lite_s2-text_decode_nvbit-warp-mref-shard_v23r1-moe-e4-down_20260917T024000Z_b23b23b23b23/STATIC_MREF_MAP.tsv	1	2048
DEEPSEEK	119	LDG.E.U16.STRONG.SM	LDG.E.U16.STRONG.SM R7, [R14.64] ;	GLOBAL	LOAD	False	one dynamic warp access of this static memory operand	QUALIFIED	2	SASS opcode U16/S16 data-width suffix	mref_operand_index=single bracketed global address operand	std::enable_if<!(false), void>::type internal::gemvx::kernel<int, int, __nv_bfloat16, __nv_bfloat16, __nv_bfloat16, float, false, true, true, false, 6, false, cublasGemvParamsEx<int, cublasGemvTensorStridedBatched<__nv_bfloat16 const>, cublasGemvTensorStridedBatched<__nv_bfloat16 const>, cublasGemvTensorStridedBatched<__nv_bfloat16>, float> >(cublasGemvParamsEx<int, cublasGemvTensorStridedBatched<__nv_bfloat16 const>, cublasGemvTensorStridedBatched<__nv_bfloat16 const>, cublasGemvTensorStridedBatched<__nv_bfloat16>, float>)	/root/share/mnt164/huangrulin/c16_ai_workload/raw/C16R_deepseek-v2-lite_s2-text_decode_nvbit-warp-mref-shard_v23r1-moe-e4-down_20260917T024000Z_b23b23b23b23/STATIC_MREF_MAP.tsv	1	2048
DEEPSEEK	121	LDG.E.EF.U16	LDG.E.EF.U16 R8, [R60.64] ;	GLOBAL	LOAD	False	one dynamic warp access of this static memory operand	QUALIFIED	2	SASS opcode U16/S16 data-width suffix	mref_operand_index=single bracketed global address operand	std::enable_if<!(false), void>::type internal::gemvx::kernel<int, int, __nv_bfloat16, __nv_bfloat16, __nv_bfloat16, float, false, true, true, false, 6, false, cublasGemvParamsEx<int, cublasGemvTensorStridedBatched<__nv_bfloat16 const>, cublasGemvTensorStridedBatched<__nv_bfloat16 const>, cublasGemvTensorStridedBatched<__nv_bfloat16>, float> >(cublasGemvParamsEx<int, cublasGemvTensorStridedBatched<__nv_bfloat16 const>, cublasGemvTensorStridedBatched<__nv_bfloat16 const>, cublasGemvTensorStridedBatched<__nv_bfloat16>, float>)	/root/share/mnt164/huangrulin/c16_ai_workload/raw/C16R_deepseek-v2-lite_s2-text_decode_nvbit-warp-mref-shard_v23r1-moe-e4-down_20260917T024000Z_b23b23b23b23/STATIC_MREF_MAP.tsv	1	2048
DEEPSEEK	123	LDG.E.U16.STRONG.SM	LDG.E.U16.STRONG.SM R9, [R16.64] ;	GLOBAL	LOAD	False	one dynamic warp access of this static memory operand	QUALIFIED	2	SASS opcode U16/S16 data-width suffix	mref_operand_index=single bracketed global address operand	std::enable_if<!(false), void>::type internal::gemvx::kernel<int, int, __nv_bfloat16, __nv_bfloat16, __nv_bfloat16, float, false, true, true, false, 6, false, cublasGemvParamsEx<int, cublasGemvTensorStridedBatched<__nv_bfloat16 const>, cublasGemvTensorStridedBatched<__nv_bfloat16 const>, cublasGemvTensorStridedBatched<__nv_bfloat16>, float> >(cublasGemvParamsEx<int, cublasGemvTensorStridedBatched<__nv_bfloat16 const>, cublasGemvTensorStridedBatched<__nv_bfloat16 const>, cublasGemvTensorStridedBatched<__nv_bfloat16>, float>)	/root/share/mnt164/huangrulin/c16_ai_workload/raw/C16R_deepseek-v2-lite_s2-text_decode_nvbit-warp-mref-shard_v23r1-moe-e4-down_20260917T024000Z_b23b23b23b23/STATIC_MREF_MAP.tsv	1	2048
DEEPSEEK	125	LDG.E.EF.U16	LDG.E.EF.U16 R10, [R62.64] ;	GLOBAL	LOAD	False	one dynamic warp access of this static memory operand	QUALIFIED	2	SASS opcode U16/S16 data-width suffix	mref_operand_index=single bracketed global address operand	std::enable_if<!(false), void>::type internal::gemvx::kernel<int, int, __nv_bfloat16, __nv_bfloat16, __nv_bfloat16, float, false, true, true, false, 6, false, cublasGemvParamsEx<int, cublasGemvTensorStridedBatched<__nv_bfloat16 const>, cublasGemvTensorStridedBatched<__nv_bfloat16 const>, cublasGemvTensorStridedBatched<__nv_bfloat16>, float> >(cublasGemvParamsEx<int, cublasGemvTensorStridedBatched<__nv_bfloat16 const>, cublasGemvTensorStridedBatched<__nv_bfloat16 const>, cublasGemvTensorStridedBatched<__nv_bfloat16>, float>)	/root/share/mnt164/huangrulin/c16_ai_workload/raw/C16R_deepseek-v2-lite_s2-text_decode_nvbit-warp-mref-shard_v23r1-moe-e4-down_20260917T024000Z_b23b23b23b23/STATIC_MREF_MAP.tsv	1	2048
DEEPSEEK	127	LDG.E.U16.STRONG.SM	LDG.E.U16.STRONG.SM R11, [R18.64] ;	GLOBAL	LOAD	False	one dynamic warp access of this static memory operand	QUALIFIED	2	SASS opcode U16/S16 data-width suffix	mref_operand_index=single bracketed global address operand	std::enable_if<!(false), void>::type internal::gemvx::kernel<int, int, __nv_bfloat16, __nv_bfloat16, __nv_bfloat16, float, false, true, true, false, 6, false, cublasGemvParamsEx<int, cublasGemvTensorStridedBatched<__nv_bfloat16 const>, cublasGemvTensorStridedBatched<__nv_bfloat16 const>, cublasGemvTensorStridedBatched<__nv_bfloat16>, float> >(cublasGemvParamsEx<int, cublasGemvTensorStridedBatched<__nv_bfloat16 const>, cublasGemvTensorStridedBatched<__nv_bfloat16 const>, cublasGemvTensorStridedBatched<__nv_bfloat16>, float>)	/root/share/mnt164/huangrulin/c16_ai_workload/raw/C16R_deepseek-v2-lite_s2-text_decode_nvbit-warp-mref-shard_v23r1-moe-e4-down_20260917T024000Z_b23b23b23b23/STATIC_MREF_MAP.tsv	1	2048
DEEPSEEK	129	LDG.E.EF.U16	LDG.E.EF.U16 R12, [R92.64] ;	GLOBAL	LOAD	False	one dynamic warp access of this static memory operand	QUALIFIED	2	SASS opcode U16/S16 data-width suffix	mref_operand_index=single bracketed global address operand	std::enable_if<!(false), void>::type internal::gemvx::kernel<int, int, __nv_bfloat16, __nv_bfloat16, __nv_bfloat16, float, false, true, true, false, 6, false, cublasGemvParamsEx<int, cublasGemvTensorStridedBatched<__nv_bfloat16 const>, cublasGemvTensorStridedBatched<__nv_bfloat16 const>, cublasGemvTensorStridedBatched<__nv_bfloat16>, float> >(cublasGemvParamsEx<int, cublasGemvTensorStridedBatched<__nv_bfloat16 const>, cublasGemvTensorStridedBatched<__nv_bfloat16 const>, cublasGemvTensorStridedBatched<__nv_bfloat16>, float>)	/root/share/mnt164/huangrulin/c16_ai_workload/raw/C16R_deepseek-v2-lite_s2-text_decode_nvbit-warp-mref-shard_v23r1-moe-e4-down_20260917T024000Z_b23b23b23b23/STATIC_MREF_MAP.tsv	1	2048
DEEPSEEK	131	LDG.E.U16.STRONG.SM	LDG.E.U16.STRONG.SM R13, [R20.64] ;	GLOBAL	LOAD	False	one dynamic warp access of this static memory operand	QUALIFIED	2	SASS opcode U16/S16 data-width suffix	mref_operand_index=single bracketed global address operand	std::enable_if<!(false), void>::type internal::gemvx::kernel<int, int, __nv_bfloat16, __nv_bfloat16, __nv_bfloat16, float, false, true, true, false, 6, false, cublasGemvParamsEx<int, cublasGemvTensorStridedBatched<__nv_bfloat16 const>, cublasGemvTensorStridedBatched<__nv_bfloat16 const>, cublasGemvTensorStridedBatched<__nv_bfloat16>, float> >(cublasGemvParamsEx<int, cublasGemvTensorStridedBatched<__nv_bfloat16 const>, cublasGemvTensorStridedBatched<__nv_bfloat16 const>, cublasGemvTensorStridedBatched<__nv_bfloat16>, float>)	/root/share/mnt164/huangrulin/c16_ai_workload/raw/C16R_deepseek-v2-lite_s2-text_decode_nvbit-warp-mref-shard_v23r1-moe-e4-down_20260917T024000Z_b23b23b23b23/STATIC_MREF_MAP.tsv	1	2048
DEEPSEEK	133	LDG.E.EF.U16	LDG.E.EF.U16 R14, [R64.64] ;	GLOBAL	LOAD	False	one dynamic warp access of this static memory operand	QUALIFIED	2	SASS opcode U16/S16 data-width suffix	mref_operand_index=single bracketed global address operand	std::enable_if<!(false), void>::type internal::gemvx::kernel<int, int, __nv_bfloat16, __nv_bfloat16, __nv_bfloat16, float, false, true, true, false, 6, false, cublasGemvParamsEx<int, cublasGemvTensorStridedBatched<__nv_bfloat16 const>, cublasGemvTensorStridedBatched<__nv_bfloat16 const>, cublasGemvTensorStridedBatched<__nv_bfloat16>, float> >(cublasGemvParamsEx<int, cublasGemvTensorStridedBatched<__nv_bfloat16 const>, cublasGemvTensorStridedBatched<__nv_bfloat16 const>, cublasGemvTensorStridedBatched<__nv_bfloat16>, float>)	/root/share/mnt164/huangrulin/c16_ai_workload/raw/C16R_deepseek-v2-lite_s2-text_decode_nvbit-warp-mref-shard_v23r1-moe-e4-down_20260917T024000Z_b23b23b23b23/STATIC_MREF_MAP.tsv	1	2048
DEEPSEEK	135	LDG.E.U16.STRONG.SM	LDG.E.U16.STRONG.SM R15, [R22.64] ;	GLOBAL	LOAD	False	one dynamic warp access of this static memory operand	QUALIFIED	2	SASS opcode U16/S16 data-width suffix	mref_operand_index=single bracketed global address operand	std::enable_if<!(false), void>::type internal::gemvx::kernel<int, int, __nv_bfloat16, __nv_bfloat16, __nv_bfloat16, float, false, true, true, false, 6, false, cublasGemvParamsEx<int, cublasGemvTensorStridedBatched<__nv_bfloat16 const>, cublasGemvTensorStridedBatched<__nv_bfloat16 const>, cublasGemvTensorStridedBatched<__nv_bfloat16>, float> >(cublasGemvParamsEx<int, cublasGemvTensorStridedBatched<__nv_bfloat16 const>, cublasGemvTensorStridedBatched<__nv_bfloat16 const>, cublasGemvTensorStridedBatched<__nv_bfloat16>, float>)	/root/share/mnt164/huangrulin/c16_ai_workload/raw/C16R_deepseek-v2-lite_s2-text_decode_nvbit-warp-mref-shard_v23r1-moe-e4-down_20260917T024000Z_b23b23b23b23/STATIC_MREF_MAP.tsv	1	2048
DEEPSEEK	137	LDG.E.EF.U16	LDG.E.EF.U16 R16, [R66.64] ;	GLOBAL	LOAD	False	one dynamic warp access of this static memory operand	QUALIFIED	2	SASS opcode U16/S16 data-width suffix	mref_operand_index=single bracketed global address operand	std::enable_if<!(false), void>::type internal::gemvx::kernel<int, int, __nv_bfloat16, __nv_bfloat16, __nv_bfloat16, float, false, true, true, false, 6, false, cublasGemvParamsEx<int, cublasGemvTensorStridedBatched<__nv_bfloat16 const>, cublasGemvTensorStridedBatched<__nv_bfloat16 const>, cublasGemvTensorStridedBatched<__nv_bfloat16>, float> >(cublasGemvParamsEx<int, cublasGemvTensorStridedBatched<__nv_bfloat16 const>, cublasGemvTensorStridedBatched<__nv_bfloat16 const>, cublasGemvTensorStridedBatched<__nv_bfloat16>, float>)	/root/share/mnt164/huangrulin/c16_ai_workload/raw/C16R_deepseek-v2-lite_s2-text_decode_nvbit-warp-mref-shard_v23r1-moe-e4-down_20260917T024000Z_b23b23b23b23/STATIC_MREF_MAP.tsv	1	2048
DEEPSEEK	139	LDG.E.U16.STRONG.SM	LDG.E.U16.STRONG.SM R17, [R24.64] ;	GLOBAL	LOAD	False	one dynamic warp access of this static memory operand	QUALIFIED	2	SASS opcode U16/S16 data-width suffix	mref_operand_index=single bracketed global address operand	std::enable_if<!(false), void>::type internal::gemvx::kernel<int, int, __nv_bfloat16, __nv_bfloat16, __nv_bfloat16, float, false, true, true, false, 6, false, cublasGemvParamsEx<int, cublasGemvTensorStridedBatched<__nv_bfloat16 const>, cublasGemvTensorStridedBatched<__nv_bfloat16 const>, cublasGemvTensorStridedBatched<__nv_bfloat16>, float> >(cublasGemvParamsEx<int, cublasGemvTensorStridedBatched<__nv_bfloat16 const>, cublasGemvTensorStridedBatched<__nv_bfloat16 const>, cublasGemvTensorStridedBatched<__nv_bfloat16>, float>)	/root/share/mnt164/huangrulin/c16_ai_workload/raw/C16R_deepseek-v2-lite_s2-text_decode_nvbit-warp-mref-shard_v23r1-moe-e4-down_20260917T024000Z_b23b23b23b23/STATIC_MREF_MAP.tsv	1	2048
DEEPSEEK	141	LDG.E.EF.U16	LDG.E.EF.U16 R18, [R96.64] ;	GLOBAL	LOAD	False	one dynamic warp access of this static memory operand	QUALIFIED	2	SASS opcode U16/S16 data-width suffix	mref_operand_index=single bracketed global address operand	std::enable_if<!(false), void>::type internal::gemvx::kernel<int, int, __nv_bfloat16, __nv_bfloat16, __nv_bfloat16, float, false, true, true, false, 6, false, cublasGemvParamsEx<int, cublasGemvTensorStridedBatched<__nv_bfloat16 const>, cublasGemvTensorStridedBatched<__nv_bfloat16 const>, cublasGemvTensorStridedBatched<__nv_bfloat16>, float> >(cublasGemvParamsEx<int, cublasGemvTensorStridedBatched<__nv_bfloat16 const>, cublasGemvTensorStridedBatched<__nv_bfloat16 const>, cublasGemvTensorStridedBatched<__nv_bfloat16>, float>)	/root/share/mnt164/huangrulin/c16_ai_workload/raw/C16R_deepseek-v2-lite_s2-text_decode_nvbit-warp-mref-shard_v23r1-moe-e4-down_20260917T024000Z_b23b23b23b23/STATIC_MREF_MAP.tsv	1	2048
DEEPSEEK	143	LDG.E.U16.STRONG.SM	LDG.E.U16.STRONG.SM R19, [R26.64] ;	GLOBAL	LOAD	False	one dynamic warp access of this static memory operand	QUALIFIED	2	SASS opcode U16/S16 data-width suffix	mref_operand_index=single bracketed global address operand	std::enable_if<!(false), void>::type internal::gemvx::kernel<int, int, __nv_bfloat16, __nv_bfloat16, __nv_bfloat16, float, false, true, true, false, 6, false, cublasGemvParamsEx<int, cublasGemvTensorStridedBatched<__nv_bfloat16 const>, cublasGemvTensorStridedBatched<__nv_bfloat16 const>, cublasGemvTensorStridedBatched<__nv_bfloat16>, float> >(cublasGemvParamsEx<int, cublasGemvTensorStridedBatched<__nv_bfloat16 const>, cublasGemvTensorStridedBatched<__nv_bfloat16 const>, cublasGemvTensorStridedBatched<__nv_bfloat16>, float>)	/root/share/mnt164/huangrulin/c16_ai_workload/raw/C16R_deepseek-v2-lite_s2-text_decode_nvbit-warp-mref-shard_v23r1-moe-e4-down_20260917T024000Z_b23b23b23b23/STATIC_MREF_MAP.tsv	1	2048
DEEPSEEK	145	LDG.E.EF.U16	LDG.E.EF.U16 R20, [R68.64] ;	GLOBAL	LOAD	False	one dynamic warp access of this static memory operand	QUALIFIED	2	SASS opcode U16/S16 data-width suffix	mref_operand_index=single bracketed global address operand	std::enable_if<!(false), void>::type internal::gemvx::kernel<int, int, __nv_bfloat16, __nv_bfloat16, __nv_bfloat16, float, false, true, true, false, 6, false, cublasGemvParamsEx<int, cublasGemvTensorStridedBatched<__nv_bfloat16 const>, cublasGemvTensorStridedBatched<__nv_bfloat16 const>, cublasGemvTensorStridedBatched<__nv_bfloat16>, float> >(cublasGemvParamsEx<int, cublasGemvTensorStridedBatched<__nv_bfloat16 const>, cublasGemvTensorStridedBatched<__nv_bfloat16 const>, cublasGemvTensorStridedBatched<__nv_bfloat16>, float>)	/root/share/mnt164/huangrulin/c16_ai_workload/raw/C16R_deepseek-v2-lite_s2-text_decode_nvbit-warp-mref-shard_v23r1-moe-e4-down_20260917T024000Z_b23b23b23b23/STATIC_MREF_MAP.tsv	1	2048
DEEPSEEK	147	LDG.E.U16.STRONG.SM	LDG.E.U16.STRONG.SM R21, [R28.64] ;	GLOBAL	LOAD	False	one dynamic warp access of this static memory operand	QUALIFIED	2	SASS opcode U16/S16 data-width suffix	mref_operand_index=single bracketed global address operand	std::enable_if<!(false), void>::type internal::gemvx::kernel<int, int, __nv_bfloat16, __nv_bfloat16, __nv_bfloat16, float, false, true, true, false, 6, false, cublasGemvParamsEx<int, cublasGemvTensorStridedBatched<__nv_bfloat16 const>, cublasGemvTensorStridedBatched<__nv_bfloat16 const>, cublasGemvTensorStridedBatched<__nv_bfloat16>, float> >(cublasGemvParamsEx<int, cublasGemvTensorStridedBatched<__nv_bfloat16 const>, cublasGemvTensorStridedBatched<__nv_bfloat16 const>, cublasGemvTensorStridedBatched<__nv_bfloat16>, float>)	/root/share/mnt164/huangrulin/c16_ai_workload/raw/C16R_deepseek-v2-lite_s2-text_decode_nvbit-warp-mref-shard_v23r1-moe-e4-down_20260917T024000Z_b23b23b23b23/STATIC_MREF_MAP.tsv	1	2048
DEEPSEEK	149	LDG.E.EF.U16	LDG.E.EF.U16 R22, [R70.64] ;	GLOBAL	LOAD	False	one dynamic warp access of this static memory operand	QUALIFIED	2	SASS opcode U16/S16 data-width suffix	mref_operand_index=single bracketed global address operand	std::enable_if<!(false), void>::type internal::gemvx::kernel<int, int, __nv_bfloat16, __nv_bfloat16, __nv_bfloat16, float, false, true, true, false, 6, false, cublasGemvParamsEx<int, cublasGemvTensorStridedBatched<__nv_bfloat16 const>, cublasGemvTensorStridedBatched<__nv_bfloat16 const>, cublasGemvTensorStridedBatched<__nv_bfloat16>, float> >(cublasGemvParamsEx<int, cublasGemvTensorStridedBatched<__nv_bfloat16 const>, cublasGemvTensorStridedBatched<__nv_bfloat16 const>, cublasGemvTensorStridedBatched<__nv_bfloat16>, float>)	/root/share/mnt164/huangrulin/c16_ai_workload/raw/C16R_deepseek-v2-lite_s2-text_decode_nvbit-warp-mref-shard_v23r1-moe-e4-down_20260917T024000Z_b23b23b23b23/STATIC_MREF_MAP.tsv	1	2048
DEEPSEEK	151	LDG.E.U16.STRONG.SM	LDG.E.U16.STRONG.SM R23, [R30.64] ;	GLOBAL	LOAD	False	one dynamic warp access of this static memory operand	QUALIFIED	2	SASS opcode U16/S16 data-width suffix	mref_operand_index=single bracketed global address operand	std::enable_if<!(false), void>::type internal::gemvx::kernel<int, int, __nv_bfloat16, __nv_bfloat16, __nv_bfloat16, float, false, true, true, false, 6, false, cublasGemvParamsEx<int, cublasGemvTensorStridedBatched<__nv_bfloat16 const>, cublasGemvTensorStridedBatched<__nv_bfloat16 const>, cublasGemvTensorStridedBatched<__nv_bfloat16>, float> >(cublasGemvParamsEx<int, cublasGemvTensorStridedBatched<__nv_bfloat16 const>, cublasGemvTensorStridedBatched<__nv_bfloat16 const>, cublasGemvTensorStridedBatched<__nv_bfloat16>, float>)	/root/share/mnt164/huangrulin/c16_ai_workload/raw/C16R_deepseek-v2-lite_s2-text_decode_nvbit-warp-mref-shard_v23r1-moe-e4-down_20260917T024000Z_b23b23b23b23/STATIC_MREF_MAP.tsv	1	2048
DEEPSEEK	153	LDG.E.EF.U16	LDG.E.EF.U16 R24, [R98.64] ;	GLOBAL	LOAD	False	one dynamic warp access of this static memory operand	QUALIFIED	2	SASS opcode U16/S16 data-width suffix	mref_operand_index=single bracketed global address operand	std::enable_if<!(false), void>::type internal::gemvx::kernel<int, int, __nv_bfloat16, __nv_bfloat16, __nv_bfloat16, float, false, true, true, false, 6, false, cublasGemvParamsEx<int, cublasGemvTensorStridedBatched<__nv_bfloat16 const>, cublasGemvTensorStridedBatched<__nv_bfloat16 const>, cublasGemvTensorStridedBatched<__nv_bfloat16>, float> >(cublasGemvParamsEx<int, cublasGemvTensorStridedBatched<__nv_bfloat16 const>, cublasGemvTensorStridedBatched<__nv_bfloat16 const>, cublasGemvTensorStridedBatched<__nv_bfloat16>, float>)	/root/share/mnt164/huangrulin/c16_ai_workload/raw/C16R_deepseek-v2-lite_s2-text_decode_nvbit-warp-mref-shard_v23r1-moe-e4-down_20260917T024000Z_b23b23b23b23/STATIC_MREF_MAP.tsv	1	2048
DEEPSEEK	155	LDG.E.U16.STRONG.SM	LDG.E.U16.STRONG.SM R25, [R32.64] ;	GLOBAL	LOAD	False	one dynamic warp access of this static memory operand	QUALIFIED	2	SASS opcode U16/S16 data-width suffix	mref_operand_index=single bracketed global address operand	std::enable_if<!(false), void>::type internal::gemvx::kernel<int, int, __nv_bfloat16, __nv_bfloat16, __nv_bfloat16, float, false, true, true, false, 6, false, cublasGemvParamsEx<int, cublasGemvTensorStridedBatched<__nv_bfloat16 const>, cublasGemvTensorStridedBatched<__nv_bfloat16 const>, cublasGemvTensorStridedBatched<__nv_bfloat16>, float> >(cublasGemvParamsEx<int, cublasGemvTensorStridedBatched<__nv_bfloat16 const>, cublasGemvTensorStridedBatched<__nv_bfloat16 const>, cublasGemvTensorStridedBatched<__nv_bfloat16>, float>)	/root/share/mnt164/huangrulin/c16_ai_workload/raw/C16R_deepseek-v2-lite_s2-text_decode_nvbit-warp-mref-shard_v23r1-moe-e4-down_20260917T024000Z_b23b23b23b23/STATIC_MREF_MAP.tsv	1	2048
DEEPSEEK	157	LDG.E.EF.U16	LDG.E.EF.U16 R26, [R72.64] ;	GLOBAL	LOAD	False	one dynamic warp access of this static memory operand	QUALIFIED	2	SASS opcode U16/S16 data-width suffix	mref_operand_index=single bracketed global address operand	std::enable_if<!(false), void>::type internal::gemvx::kernel<int, int, __nv_bfloat16, __nv_bfloat16, __nv_bfloat16, float, false, true, true, false, 6, false, cublasGemvParamsEx<int, cublasGemvTensorStridedBatched<__nv_bfloat16 const>, cublasGemvTensorStridedBatched<__nv_bfloat16 const>, cublasGemvTensorStridedBatched<__nv_bfloat16>, float> >(cublasGemvParamsEx<int, cublasGemvTensorStridedBatched<__nv_bfloat16 const>, cublasGemvTensorStridedBatched<__nv_bfloat16 const>, cublasGemvTensorStridedBatched<__nv_bfloat16>, float>)	/root/share/mnt164/huangrulin/c16_ai_workload/raw/C16R_deepseek-v2-lite_s2-text_decode_nvbit-warp-mref-shard_v23r1-moe-e4-down_20260917T024000Z_b23b23b23b23/STATIC_MREF_MAP.tsv	1	2048
DEEPSEEK	159	LDG.E.U16.STRONG.SM	LDG.E.U16.STRONG.SM R27, [R34.64] ;	GLOBAL	LOAD	False	one dynamic warp access of this static memory operand	QUALIFIED	2	SASS opcode U16/S16 data-width suffix	mref_operand_index=single bracketed global address operand	std::enable_if<!(false), void>::type internal::gemvx::kernel<int, int, __nv_bfloat16, __nv_bfloat16, __nv_bfloat16, float, false, true, true, false, 6, false, cublasGemvParamsEx<int, cublasGemvTensorStridedBatched<__nv_bfloat16 const>, cublasGemvTensorStridedBatched<__nv_bfloat16 const>, cublasGemvTensorStridedBatched<__nv_bfloat16>, float> >(cublasGemvParamsEx<int, cublasGemvTensorStridedBatched<__nv_bfloat16 const>, cublasGemvTensorStridedBatched<__nv_bfloat16 const>, cublasGemvTensorStridedBatched<__nv_bfloat16>, float>)	/root/share/mnt164/huangrulin/c16_ai_workload/raw/C16R_deepseek-v2-lite_s2-text_decode_nvbit-warp-mref-shard_v23r1-moe-e4-down_20260917T024000Z_b23b23b23b23/STATIC_MREF_MAP.tsv	1	2048
DEEPSEEK	161	LDG.E.EF.U16	LDG.E.EF.U16 R28, [R74.64] ;	GLOBAL	LOAD	False	one dynamic warp access of this static memory operand	QUALIFIED	2	SASS opcode U16/S16 data-width suffix	mref_operand_index=single bracketed global address operand	std::enable_if<!(false), void>::type internal::gemvx::kernel<int, int, __nv_bfloat16, __nv_bfloat16, __nv_bfloat16, float, false, true, true, false, 6, false, cublasGemvParamsEx<int, cublasGemvTensorStridedBatched<__nv_bfloat16 const>, cublasGemvTensorStridedBatched<__nv_bfloat16 const>, cublasGemvTensorStridedBatched<__nv_bfloat16>, float> >(cublasGemvParamsEx<int, cublasGemvTensorStridedBatched<__nv_bfloat16 const>, cublasGemvTensorStridedBatched<__nv_bfloat16 const>, cublasGemvTensorStridedBatched<__nv_bfloat16>, float>)	/root/share/mnt164/huangrulin/c16_ai_workload/raw/C16R_deepseek-v2-lite_s2-text_decode_nvbit-warp-mref-shard_v23r1-moe-e4-down_20260917T024000Z_b23b23b23b23/STATIC_MREF_MAP.tsv	1	2048
DEEPSEEK	163	LDG.E.U16.STRONG.SM	LDG.E.U16.STRONG.SM R29, [R36.64] ;	GLOBAL	LOAD	False	one dynamic warp access of this static memory operand	QUALIFIED	2	SASS opcode U16/S16 data-width suffix	mref_operand_index=single bracketed global address operand	std::enable_if<!(false), void>::type internal::gemvx::kernel<int, int, __nv_bfloat16, __nv_bfloat16, __nv_bfloat16, float, false, true, true, false, 6, false, cublasGemvParamsEx<int, cublasGemvTensorStridedBatched<__nv_bfloat16 const>, cublasGemvTensorStridedBatched<__nv_bfloat16 const>, cublasGemvTensorStridedBatched<__nv_bfloat16>, float> >(cublasGemvParamsEx<int, cublasGemvTensorStridedBatched<__nv_bfloat16 const>, cublasGemvTensorStridedBatched<__nv_bfloat16 const>, cublasGemvTensorStridedBatched<__nv_bfloat16>, float>)	/root/share/mnt164/huangrulin/c16_ai_workload/raw/C16R_deepseek-v2-lite_s2-text_decode_nvbit-warp-mref-shard_v23r1-moe-e4-down_20260917T024000Z_b23b23b23b23/STATIC_MREF_MAP.tsv	1	2048
DEEPSEEK	165	LDG.E.EF.U16	LDG.E.EF.U16 R30, [R100.64] ;	GLOBAL	LOAD	False	one dynamic warp access of this static memory operand	QUALIFIED	2	SASS opcode U16/S16 data-width suffix	mref_operand_index=single bracketed global address operand	std::enable_if<!(false), void>::type internal::gemvx::kernel<int, int, __nv_bfloat16, __nv_bfloat16, __nv_bfloat16, float, false, true, true, false, 6, false, cublasGemvParamsEx<int, cublasGemvTensorStridedBatched<__nv_bfloat16 const>, cublasGemvTensorStridedBatched<__nv_bfloat16 const>, cublasGemvTensorStridedBatched<__nv_bfloat16>, float> >(cublasGemvParamsEx<int, cublasGemvTensorStridedBatched<__nv_bfloat16 const>, cublasGemvTensorStridedBatched<__nv_bfloat16 const>, cublasGemvTensorStridedBatched<__nv_bfloat16>, float>)	/root/share/mnt164/huangrulin/c16_ai_workload/raw/C16R_deepseek-v2-lite_s2-text_decode_nvbit-warp-mref-shard_v23r1-moe-e4-down_20260917T024000Z_b23b23b23b23/STATIC_MREF_MAP.tsv	1	2048
DEEPSEEK	167	LDG.E.U16.STRONG.SM	LDG.E.U16.STRONG.SM R31, [R38.64] ;	GLOBAL	LOAD	False	one dynamic warp access of this static memory operand	QUALIFIED	2	SASS opcode U16/S16 data-width suffix	mref_operand_index=single bracketed global address operand	std::enable_if<!(false), void>::type internal::gemvx::kernel<int, int, __nv_bfloat16, __nv_bfloat16, __nv_bfloat16, float, false, true, true, false, 6, false, cublasGemvParamsEx<int, cublasGemvTensorStridedBatched<__nv_bfloat16 const>, cublasGemvTensorStridedBatched<__nv_bfloat16 const>, cublasGemvTensorStridedBatched<__nv_bfloat16>, float> >(cublasGemvParamsEx<int, cublasGemvTensorStridedBatched<__nv_bfloat16 const>, cublasGemvTensorStridedBatched<__nv_bfloat16 const>, cublasGemvTensorStridedBatched<__nv_bfloat16>, float>)	/root/share/mnt164/huangrulin/c16_ai_workload/raw/C16R_deepseek-v2-lite_s2-text_decode_nvbit-warp-mref-shard_v23r1-moe-e4-down_20260917T024000Z_b23b23b23b23/STATIC_MREF_MAP.tsv	1	2048
DEEPSEEK	169	LDG.E.EF.U16	LDG.E.EF.U16 R32, [R76.64] ;	GLOBAL	LOAD	False	one dynamic warp access of this static memory operand	QUALIFIED	2	SASS opcode U16/S16 data-width suffix	mref_operand_index=single bracketed global address operand	std::enable_if<!(false), void>::type internal::gemvx::kernel<int, int, __nv_bfloat16, __nv_bfloat16, __nv_bfloat16, float, false, true, true, false, 6, false, cublasGemvParamsEx<int, cublasGemvTensorStridedBatched<__nv_bfloat16 const>, cublasGemvTensorStridedBatched<__nv_bfloat16 const>, cublasGemvTensorStridedBatched<__nv_bfloat16>, float> >(cublasGemvParamsEx<int, cublasGemvTensorStridedBatched<__nv_bfloat16 const>, cublasGemvTensorStridedBatched<__nv_bfloat16 const>, cublasGemvTensorStridedBatched<__nv_bfloat16>, float>)	/root/share/mnt164/huangrulin/c16_ai_workload/raw/C16R_deepseek-v2-lite_s2-text_decode_nvbit-warp-mref-shard_v23r1-moe-e4-down_20260917T024000Z_b23b23b23b23/STATIC_MREF_MAP.tsv	1	2048
DEEPSEEK	171	LDG.E.U16.STRONG.SM	LDG.E.U16.STRONG.SM R33, [R40.64] ;	GLOBAL	LOAD	False	one dynamic warp access of this static memory operand	QUALIFIED	2	SASS opcode U16/S16 data-width suffix	mref_operand_index=single bracketed global address operand	std::enable_if<!(false), void>::type internal::gemvx::kernel<int, int, __nv_bfloat16, __nv_bfloat16, __nv_bfloat16, float, false, true, true, false, 6, false, cublasGemvParamsEx<int, cublasGemvTensorStridedBatched<__nv_bfloat16 const>, cublasGemvTensorStridedBatched<__nv_bfloat16 const>, cublasGemvTensorStridedBatched<__nv_bfloat16>, float> >(cublasGemvParamsEx<int, cublasGemvTensorStridedBatched<__nv_bfloat16 const>, cublasGemvTensorStridedBatched<__nv_bfloat16 const>, cublasGemvTensorStridedBatched<__nv_bfloat16>, float>)	/root/share/mnt164/huangrulin/c16_ai_workload/raw/C16R_deepseek-v2-lite_s2-text_decode_nvbit-warp-mref-shard_v23r1-moe-e4-down_20260917T024000Z_b23b23b23b23/STATIC_MREF_MAP.tsv	1	2048
DEEPSEEK	173	LDG.E.EF.U16	LDG.E.EF.U16 R34, [R78.64] ;	GLOBAL	LOAD	False	one dynamic warp access of this static memory operand	QUALIFIED	2	SASS opcode U16/S16 data-width suffix	mref_operand_index=single bracketed global address operand	std::enable_if<!(false), void>::type internal::gemvx::kernel<int, int, __nv_bfloat16, __nv_bfloat16, __nv_bfloat16, float, false, true, true, false, 6, false, cublasGemvParamsEx<int, cublasGemvTensorStridedBatched<__nv_bfloat16 const>, cublasGemvTensorStridedBatched<__nv_bfloat16 const>, cublasGemvTensorStridedBatched<__nv_bfloat16>, float> >(cublasGemvParamsEx<int, cublasGemvTensorStridedBatched<__nv_bfloat16 const>, cublasGemvTensorStridedBatched<__nv_bfloat16 const>, cublasGemvTensorStridedBatched<__nv_bfloat16>, float>)	/root/share/mnt164/huangrulin/c16_ai_workload/raw/C16R_deepseek-v2-lite_s2-text_decode_nvbit-warp-mref-shard_v23r1-moe-e4-down_20260917T024000Z_b23b23b23b23/STATIC_MREF_MAP.tsv	1	2048
DEEPSEEK	175	LDG.E.U16.STRONG.SM	LDG.E.U16.STRONG.SM R35, [R42.64] ;	GLOBAL	LOAD	False	one dynamic warp access of this static memory operand	QUALIFIED	2	SASS opcode U16/S16 data-width suffix	mref_operand_index=single bracketed global address operand	std::enable_if<!(false), void>::type internal::gemvx::kernel<int, int, __nv_bfloat16, __nv_bfloat16, __nv_bfloat16, float, false, true, true, false, 6, false, cublasGemvParamsEx<int, cublasGemvTensorStridedBatched<__nv_bfloat16 const>, cublasGemvTensorStridedBatched<__nv_bfloat16 const>, cublasGemvTensorStridedBatched<__nv_bfloat16>, float> >(cublasGemvParamsEx<int, cublasGemvTensorStridedBatched<__nv_bfloat16 const>, cublasGemvTensorStridedBatched<__nv_bfloat16 const>, cublasGemvTensorStridedBatched<__nv_bfloat16>, float>)	/root/share/mnt164/huangrulin/c16_ai_workload/raw/C16R_deepseek-v2-lite_s2-text_decode_nvbit-warp-mref-shard_v23r1-moe-e4-down_20260917T024000Z_b23b23b23b23/STATIC_MREF_MAP.tsv	1	2048
DEEPSEEK	177	LDG.E.EF.U16	LDG.E.EF.U16 R36, [R104.64] ;	GLOBAL	LOAD	False	one dynamic warp access of this static memory operand	QUALIFIED	2	SASS opcode U16/S16 data-width suffix	mref_operand_index=single bracketed global address operand	std::enable_if<!(false), void>::type internal::gemvx::kernel<int, int, __nv_bfloat16, __nv_bfloat16, __nv_bfloat16, float, false, true, true, false, 6, false, cublasGemvParamsEx<int, cublasGemvTensorStridedBatched<__nv_bfloat16 const>, cublasGemvTensorStridedBatched<__nv_bfloat16 const>, cublasGemvTensorStridedBatched<__nv_bfloat16>, float> >(cublasGemvParamsEx<int, cublasGemvTensorStridedBatched<__nv_bfloat16 const>, cublasGemvTensorStridedBatched<__nv_bfloat16 const>, cublasGemvTensorStridedBatched<__nv_bfloat16>, float>)	/root/share/mnt164/huangrulin/c16_ai_workload/raw/C16R_deepseek-v2-lite_s2-text_decode_nvbit-warp-mref-shard_v23r1-moe-e4-down_20260917T024000Z_b23b23b23b23/STATIC_MREF_MAP.tsv	1	2048
DEEPSEEK	179	LDG.E.U16.STRONG.SM	LDG.E.U16.STRONG.SM R37, [R44.64] ;	GLOBAL	LOAD	False	one dynamic warp access of this static memory operand	QUALIFIED	2	SASS opcode U16/S16 data-width suffix	mref_operand_index=single bracketed global address operand	std::enable_if<!(false), void>::type internal::gemvx::kernel<int, int, __nv_bfloat16, __nv_bfloat16, __nv_bfloat16, float, false, true, true, false, 6, false, cublasGemvParamsEx<int, cublasGemvTensorStridedBatched<__nv_bfloat16 const>, cublasGemvTensorStridedBatched<__nv_bfloat16 const>, cublasGemvTensorStridedBatched<__nv_bfloat16>, float> >(cublasGemvParamsEx<int, cublasGemvTensorStridedBatched<__nv_bfloat16 const>, cublasGemvTensorStridedBatched<__nv_bfloat16 const>, cublasGemvTensorStridedBatched<__nv_bfloat16>, float>)	/root/share/mnt164/huangrulin/c16_ai_workload/raw/C16R_deepseek-v2-lite_s2-text_decode_nvbit-warp-mref-shard_v23r1-moe-e4-down_20260917T024000Z_b23b23b23b23/STATIC_MREF_MAP.tsv	1	2048
DEEPSEEK	181	LDG.E.EF.U16	LDG.E.EF.U16 R38, [R80.64] ;	GLOBAL	LOAD	False	one dynamic warp access of this static memory operand	QUALIFIED	2	SASS opcode U16/S16 data-width suffix	mref_operand_index=single bracketed global address operand	std::enable_if<!(false), void>::type internal::gemvx::kernel<int, int, __nv_bfloat16, __nv_bfloat16, __nv_bfloat16, float, false, true, true, false, 6, false, cublasGemvParamsEx<int, cublasGemvTensorStridedBatched<__nv_bfloat16 const>, cublasGemvTensorStridedBatched<__nv_bfloat16 const>, cublasGemvTensorStridedBatched<__nv_bfloat16>, float> >(cublasGemvParamsEx<int, cublasGemvTensorStridedBatched<__nv_bfloat16 const>, cublasGemvTensorStridedBatched<__nv_bfloat16 const>, cublasGemvTensorStridedBatched<__nv_bfloat16>, float>)	/root/share/mnt164/huangrulin/c16_ai_workload/raw/C16R_deepseek-v2-lite_s2-text_decode_nvbit-warp-mref-shard_v23r1-moe-e4-down_20260917T024000Z_b23b23b23b23/STATIC_MREF_MAP.tsv	1	2048
DEEPSEEK	183	LDG.E.U16.STRONG.SM	LDG.E.U16.STRONG.SM R39, [R46.64] ;	GLOBAL	LOAD	False	one dynamic warp access of this static memory operand	QUALIFIED	2	SASS opcode U16/S16 data-width suffix	mref_operand_index=single bracketed global address operand	std::enable_if<!(false), void>::type internal::gemvx::kernel<int, int, __nv_bfloat16, __nv_bfloat16, __nv_bfloat16, float, false, true, true, false, 6, false, cublasGemvParamsEx<int, cublasGemvTensorStridedBatched<__nv_bfloat16 const>, cublasGemvTensorStridedBatched<__nv_bfloat16 const>, cublasGemvTensorStridedBatched<__nv_bfloat16>, float> >(cublasGemvParamsEx<int, cublasGemvTensorStridedBatched<__nv_bfloat16 const>, cublasGemvTensorStridedBatched<__nv_bfloat16 const>, cublasGemvTensorStridedBatched<__nv_bfloat16>, float>)	/root/share/mnt164/huangrulin/c16_ai_workload/raw/C16R_deepseek-v2-lite_s2-text_decode_nvbit-warp-mref-shard_v23r1-moe-e4-down_20260917T024000Z_b23b23b23b23/STATIC_MREF_MAP.tsv	1	2048
DEEPSEEK	185	LDG.E.EF.U16	LDG.E.EF.U16 R40, [R82.64] ;	GLOBAL	LOAD	False	one dynamic warp access of this static memory operand	QUALIFIED	2	SASS opcode U16/S16 data-width suffix	mref_operand_index=single bracketed global address operand	std::enable_if<!(false), void>::type internal::gemvx::kernel<int, int, __nv_bfloat16, __nv_bfloat16, __nv_bfloat16, float, false, true, true, false, 6, false, cublasGemvParamsEx<int, cublasGemvTensorStridedBatched<__nv_bfloat16 const>, cublasGemvTensorStridedBatched<__nv_bfloat16 const>, cublasGemvTensorStridedBatched<__nv_bfloat16>, float> >(cublasGemvParamsEx<int, cublasGemvTensorStridedBatched<__nv_bfloat16 const>, cublasGemvTensorStridedBatched<__nv_bfloat16 const>, cublasGemvTensorStridedBatched<__nv_bfloat16>, float>)	/root/share/mnt164/huangrulin/c16_ai_workload/raw/C16R_deepseek-v2-lite_s2-text_decode_nvbit-warp-mref-shard_v23r1-moe-e4-down_20260917T024000Z_b23b23b23b23/STATIC_MREF_MAP.tsv	1	2048
DEEPSEEK	187	LDG.E.U16.STRONG.SM	LDG.E.U16.STRONG.SM R41, [R48.64] ;	GLOBAL	LOAD	False	one dynamic warp access of this static memory operand	QUALIFIED	2	SASS opcode U16/S16 data-width suffix	mref_operand_index=single bracketed global address operand	std::enable_if<!(false), void>::type internal::gemvx::kernel<int, int, __nv_bfloat16, __nv_bfloat16, __nv_bfloat16, float, false, true, true, false, 6, false, cublasGemvParamsEx<int, cublasGemvTensorStridedBatched<__nv_bfloat16 const>, cublasGemvTensorStridedBatched<__nv_bfloat16 const>, cublasGemvTensorStridedBatched<__nv_bfloat16>, float> >(cublasGemvParamsEx<int, cublasGemvTensorStridedBatched<__nv_bfloat16 const>, cublasGemvTensorStridedBatched<__nv_bfloat16 const>, cublasGemvTensorStridedBatched<__nv_bfloat16>, float>)	/root/share/mnt164/huangrulin/c16_ai_workload/raw/C16R_deepseek-v2-lite_s2-text_decode_nvbit-warp-mref-shard_v23r1-moe-e4-down_20260917T024000Z_b23b23b23b23/STATIC_MREF_MAP.tsv	1	2048
DEEPSEEK	189	LDG.E.EF.U16	LDG.E.EF.U16 R42, [R106.64] ;	GLOBAL	LOAD	False	one dynamic warp access of this static memory operand	QUALIFIED	2	SASS opcode U16/S16 data-width suffix	mref_operand_index=single bracketed global address operand	std::enable_if<!(false), void>::type internal::gemvx::kernel<int, int, __nv_bfloat16, __nv_bfloat16, __nv_bfloat16, float, false, true, true, false, 6, false, cublasGemvParamsEx<int, cublasGemvTensorStridedBatched<__nv_bfloat16 const>, cublasGemvTensorStridedBatched<__nv_bfloat16 const>, cublasGemvTensorStridedBatched<__nv_bfloat16>, float> >(cublasGemvParamsEx<int, cublasGemvTensorStridedBatched<__nv_bfloat16 const>, cublasGemvTensorStridedBatched<__nv_bfloat16 const>, cublasGemvTensorStridedBatched<__nv_bfloat16>, float>)	/root/share/mnt164/huangrulin/c16_ai_workload/raw/C16R_deepseek-v2-lite_s2-text_decode_nvbit-warp-mref-shard_v23r1-moe-e4-down_20260917T024000Z_b23b23b23b23/STATIC_MREF_MAP.tsv	1	2048
DEEPSEEK	191	LDG.E.U16.STRONG.SM	LDG.E.U16.STRONG.SM R43, [R50.64] ;	GLOBAL	LOAD	False	one dynamic warp access of this static memory operand	QUALIFIED	2	SASS opcode U16/S16 data-width suffix	mref_operand_index=single bracketed global address operand	std::enable_if<!(false), void>::type internal::gemvx::kernel<int, int, __nv_bfloat16, __nv_bfloat16, __nv_bfloat16, float, false, true, true, false, 6, false, cublasGemvParamsEx<int, cublasGemvTensorStridedBatched<__nv_bfloat16 const>, cublasGemvTensorStridedBatched<__nv_bfloat16 const>, cublasGemvTensorStridedBatched<__nv_bfloat16>, float> >(cublasGemvParamsEx<int, cublasGemvTensorStridedBatched<__nv_bfloat16 const>, cublasGemvTensorStridedBatched<__nv_bfloat16 const>, cublasGemvTensorStridedBatched<__nv_bfloat16>, float>)	/root/share/mnt164/huangrulin/c16_ai_workload/raw/C16R_deepseek-v2-lite_s2-text_decode_nvbit-warp-mref-shard_v23r1-moe-e4-down_20260917T024000Z_b23b23b23b23/STATIC_MREF_MAP.tsv	1	2048
DEEPSEEK	193	LDG.E.EF.U16	LDG.E.EF.U16 R44, [R84.64] ;	GLOBAL	LOAD	False	one dynamic warp access of this static memory operand	QUALIFIED	2	SASS opcode U16/S16 data-width suffix	mref_operand_index=single bracketed global address operand	std::enable_if<!(false), void>::type internal::gemvx::kernel<int, int, __nv_bfloat16, __nv_bfloat16, __nv_bfloat16, float, false, true, true, false, 6, false, cublasGemvParamsEx<int, cublasGemvTensorStridedBatched<__nv_bfloat16 const>, cublasGemvTensorStridedBatched<__nv_bfloat16 const>, cublasGemvTensorStridedBatched<__nv_bfloat16>, float> >(cublasGemvParamsEx<int, cublasGemvTensorStridedBatched<__nv_bfloat16 const>, cublasGemvTensorStridedBatched<__nv_bfloat16 const>, cublasGemvTensorStridedBatched<__nv_bfloat16>, float>)	/root/share/mnt164/huangrulin/c16_ai_workload/raw/C16R_deepseek-v2-lite_s2-text_decode_nvbit-warp-mref-shard_v23r1-moe-e4-down_20260917T024000Z_b23b23b23b23/STATIC_MREF_MAP.tsv	1	2048
DEEPSEEK	195	LDG.E.U16.STRONG.SM	LDG.E.U16.STRONG.SM R45, [R52.64] ;	GLOBAL	LOAD	False	one dynamic warp access of this static memory operand	QUALIFIED	2	SASS opcode U16/S16 data-width suffix	mref_operand_index=single bracketed global address operand	std::enable_if<!(false), void>::type internal::gemvx::kernel<int, int, __nv_bfloat16, __nv_bfloat16, __nv_bfloat16, float, false, true, true, false, 6, false, cublasGemvParamsEx<int, cublasGemvTensorStridedBatched<__nv_bfloat16 const>, cublasGemvTensorStridedBatched<__nv_bfloat16 const>, cublasGemvTensorStridedBatched<__nv_bfloat16>, float> >(cublasGemvParamsEx<int, cublasGemvTensorStridedBatched<__nv_bfloat16 const>, cublasGemvTensorStridedBatched<__nv_bfloat16 const>, cublasGemvTensorStridedBatched<__nv_bfloat16>, float>)	/root/share/mnt164/huangrulin/c16_ai_workload/raw/C16R_deepseek-v2-lite_s2-text_decode_nvbit-warp-mref-shard_v23r1-moe-e4-down_20260917T024000Z_b23b23b23b23/STATIC_MREF_MAP.tsv	1	2048
DEEPSEEK	197	LDG.E.EF.U16	LDG.E.EF.U16 R46, [R86.64] ;	GLOBAL	LOAD	False	one dynamic warp access of this static memory operand	QUALIFIED	2	SASS opcode U16/S16 data-width suffix	mref_operand_index=single bracketed global address operand	std::enable_if<!(false), void>::type internal::gemvx::kernel<int, int, __nv_bfloat16, __nv_bfloat16, __nv_bfloat16, float, false, true, true, false, 6, false, cublasGemvParamsEx<int, cublasGemvTensorStridedBatched<__nv_bfloat16 const>, cublasGemvTensorStridedBatched<__nv_bfloat16 const>, cublasGemvTensorStridedBatched<__nv_bfloat16>, float> >(cublasGemvParamsEx<int, cublasGemvTensorStridedBatched<__nv_bfloat16 const>, cublasGemvTensorStridedBatched<__nv_bfloat16 const>, cublasGemvTensorStridedBatched<__nv_bfloat16>, float>)	/root/share/mnt164/huangrulin/c16_ai_workload/raw/C16R_deepseek-v2-lite_s2-text_decode_nvbit-warp-mref-shard_v23r1-moe-e4-down_20260917T024000Z_b23b23b23b23/STATIC_MREF_MAP.tsv	1	2048
DEEPSEEK	199	LDG.E.U16.STRONG.SM	LDG.E.U16.STRONG.SM R47, [R54.64] ;	GLOBAL	LOAD	False	one dynamic warp access of this static memory operand	QUALIFIED	2	SASS opcode U16/S16 data-width suffix	mref_operand_index=single bracketed global address operand	std::enable_if<!(false), void>::type internal::gemvx::kernel<int, int, __nv_bfloat16, __nv_bfloat16, __nv_bfloat16, float, false, true, true, false, 6, false, cublasGemvParamsEx<int, cublasGemvTensorStridedBatched<__nv_bfloat16 const>, cublasGemvTensorStridedBatched<__nv_bfloat16 const>, cublasGemvTensorStridedBatched<__nv_bfloat16>, float> >(cublasGemvParamsEx<int, cublasGemvTensorStridedBatched<__nv_bfloat16 const>, cublasGemvTensorStridedBatched<__nv_bfloat16 const>, cublasGemvTensorStridedBatched<__nv_bfloat16>, float>)	/root/share/mnt164/huangrulin/c16_ai_workload/raw/C16R_deepseek-v2-lite_s2-text_decode_nvbit-warp-mref-shard_v23r1-moe-e4-down_20260917T024000Z_b23b23b23b23/STATIC_MREF_MAP.tsv	1	2048
DEEPSEEK	201	LDG.E.EF.U16	LDG.E.EF.U16 R48, [R108.64] ;	GLOBAL	LOAD	False	one dynamic warp access of this static memory operand	QUALIFIED	2	SASS opcode U16/S16 data-width suffix	mref_operand_index=single bracketed global address operand	std::enable_if<!(false), void>::type internal::gemvx::kernel<int, int, __nv_bfloat16, __nv_bfloat16, __nv_bfloat16, float, false, true, true, false, 6, false, cublasGemvParamsEx<int, cublasGemvTensorStridedBatched<__nv_bfloat16 const>, cublasGemvTensorStridedBatched<__nv_bfloat16 const>, cublasGemvTensorStridedBatched<__nv_bfloat16>, float> >(cublasGemvParamsEx<int, cublasGemvTensorStridedBatched<__nv_bfloat16 const>, cublasGemvTensorStridedBatched<__nv_bfloat16 const>, cublasGemvTensorStridedBatched<__nv_bfloat16>, float>)	/root/share/mnt164/huangrulin/c16_ai_workload/raw/C16R_deepseek-v2-lite_s2-text_decode_nvbit-warp-mref-shard_v23r1-moe-e4-down_20260917T024000Z_b23b23b23b23/STATIC_MREF_MAP.tsv	1	2048
DEEPSEEK	203	LDG.E.U16.STRONG.SM	LDG.E.U16.STRONG.SM R49, [R56.64] ;	GLOBAL	LOAD	False	one dynamic warp access of this static memory operand	QUALIFIED	2	SASS opcode U16/S16 data-width suffix	mref_operand_index=single bracketed global address operand	std::enable_if<!(false), void>::type internal::gemvx::kernel<int, int, __nv_bfloat16, __nv_bfloat16, __nv_bfloat16, float, false, true, true, false, 6, false, cublasGemvParamsEx<int, cublasGemvTensorStridedBatched<__nv_bfloat16 const>, cublasGemvTensorStridedBatched<__nv_bfloat16 const>, cublasGemvTensorStridedBatched<__nv_bfloat16>, float> >(cublasGemvParamsEx<int, cublasGemvTensorStridedBatched<__nv_bfloat16 const>, cublasGemvTensorStridedBatched<__nv_bfloat16 const>, cublasGemvTensorStridedBatched<__nv_bfloat16>, float>)	/root/share/mnt164/huangrulin/c16_ai_workload/raw/C16R_deepseek-v2-lite_s2-text_decode_nvbit-warp-mref-shard_v23r1-moe-e4-down_20260917T024000Z_b23b23b23b23/STATIC_MREF_MAP.tsv	1	2048
DEEPSEEK	205	LDG.E.EF.U16	LDG.E.EF.U16 R50, [R88.64] ;	GLOBAL	LOAD	False	one dynamic warp access of this static memory operand	QUALIFIED	2	SASS opcode U16/S16 data-width suffix	mref_operand_index=single bracketed global address operand	std::enable_if<!(false), void>::type internal::gemvx::kernel<int, int, __nv_bfloat16, __nv_bfloat16, __nv_bfloat16, float, false, true, true, false, 6, false, cublasGemvParamsEx<int, cublasGemvTensorStridedBatched<__nv_bfloat16 const>, cublasGemvTensorStridedBatched<__nv_bfloat16 const>, cublasGemvTensorStridedBatched<__nv_bfloat16>, float> >(cublasGemvParamsEx<int, cublasGemvTensorStridedBatched<__nv_bfloat16 const>, cublasGemvTensorStridedBatched<__nv_bfloat16 const>, cublasGemvTensorStridedBatched<__nv_bfloat16>, float>)	/root/share/mnt164/huangrulin/c16_ai_workload/raw/C16R_deepseek-v2-lite_s2-text_decode_nvbit-warp-mref-shard_v23r1-moe-e4-down_20260917T024000Z_b23b23b23b23/STATIC_MREF_MAP.tsv	1	2048
DEEPSEEK	207	LDG.E.U16.STRONG.SM	LDG.E.U16.STRONG.SM R51, [R58.64] ;	GLOBAL	LOAD	False	one dynamic warp access of this static memory operand	QUALIFIED	2	SASS opcode U16/S16 data-width suffix	mref_operand_index=single bracketed global address operand	std::enable_if<!(false), void>::type internal::gemvx::kernel<int, int, __nv_bfloat16, __nv_bfloat16, __nv_bfloat16, float, false, true, true, false, 6, false, cublasGemvParamsEx<int, cublasGemvTensorStridedBatched<__nv_bfloat16 const>, cublasGemvTensorStridedBatched<__nv_bfloat16 const>, cublasGemvTensorStridedBatched<__nv_bfloat16>, float> >(cublasGemvParamsEx<int, cublasGemvTensorStridedBatched<__nv_bfloat16 const>, cublasGemvTensorStridedBatched<__nv_bfloat16 const>, cublasGemvTensorStridedBatched<__nv_bfloat16>, float>)	/root/share/mnt164/huangrulin/c16_ai_workload/raw/C16R_deepseek-v2-lite_s2-text_decode_nvbit-warp-mref-shard_v23r1-moe-e4-down_20260917T024000Z_b23b23b23b23/STATIC_MREF_MAP.tsv	1	2048
DEEPSEEK	209	LDG.E.EF.U16	LDG.E.EF.U16 R52, [R90.64] ;	GLOBAL	LOAD	False	one dynamic warp access of this static memory operand	QUALIFIED	2	SASS opcode U16/S16 data-width suffix	mref_operand_index=single bracketed global address operand	std::enable_if<!(false), void>::type internal::gemvx::kernel<int, int, __nv_bfloat16, __nv_bfloat16, __nv_bfloat16, float, false, true, true, false, 6, false, cublasGemvParamsEx<int, cublasGemvTensorStridedBatched<__nv_bfloat16 const>, cublasGemvTensorStridedBatched<__nv_bfloat16 const>, cublasGemvTensorStridedBatched<__nv_bfloat16>, float> >(cublasGemvParamsEx<int, cublasGemvTensorStridedBatched<__nv_bfloat16 const>, cublasGemvTensorStridedBatched<__nv_bfloat16 const>, cublasGemvTensorStridedBatched<__nv_bfloat16>, float>)	/root/share/mnt164/huangrulin/c16_ai_workload/raw/C16R_deepseek-v2-lite_s2-text_decode_nvbit-warp-mref-shard_v23r1-moe-e4-down_20260917T024000Z_b23b23b23b23/STATIC_MREF_MAP.tsv	1	2048
DEEPSEEK	211	LDG.E.U16.STRONG.SM	LDG.E.U16.STRONG.SM R53, [R60.64] ;	GLOBAL	LOAD	False	one dynamic warp access of this static memory operand	QUALIFIED	2	SASS opcode U16/S16 data-width suffix	mref_operand_index=single bracketed global address operand	std::enable_if<!(false), void>::type internal::gemvx::kernel<int, int, __nv_bfloat16, __nv_bfloat16, __nv_bfloat16, float, false, true, true, false, 6, false, cublasGemvParamsEx<int, cublasGemvTensorStridedBatched<__nv_bfloat16 const>, cublasGemvTensorStridedBatched<__nv_bfloat16 const>, cublasGemvTensorStridedBatched<__nv_bfloat16>, float> >(cublasGemvParamsEx<int, cublasGemvTensorStridedBatched<__nv_bfloat16 const>, cublasGemvTensorStridedBatched<__nv_bfloat16 const>, cublasGemvTensorStridedBatched<__nv_bfloat16>, float>)	/root/share/mnt164/huangrulin/c16_ai_workload/raw/C16R_deepseek-v2-lite_s2-text_decode_nvbit-warp-mref-shard_v23r1-moe-e4-down_20260917T024000Z_b23b23b23b23/STATIC_MREF_MAP.tsv	1	2048
DEEPSEEK	213	LDG.E.EF.U16	LDG.E.EF.U16 R54, [R112.64] ;	GLOBAL	LOAD	False	one dynamic warp access of this static memory operand	QUALIFIED	2	SASS opcode U16/S16 data-width suffix	mref_operand_index=single bracketed global address operand	std::enable_if<!(false), void>::type internal::gemvx::kernel<int, int, __nv_bfloat16, __nv_bfloat16, __nv_bfloat16, float, false, true, true, false, 6, false, cublasGemvParamsEx<int, cublasGemvTensorStridedBatched<__nv_bfloat16 const>, cublasGemvTensorStridedBatched<__nv_bfloat16 const>, cublasGemvTensorStridedBatched<__nv_bfloat16>, float> >(cublasGemvParamsEx<int, cublasGemvTensorStridedBatched<__nv_bfloat16 const>, cublasGemvTensorStridedBatched<__nv_bfloat16 const>, cublasGemvTensorStridedBatched<__nv_bfloat16>, float>)	/root/share/mnt164/huangrulin/c16_ai_workload/raw/C16R_deepseek-v2-lite_s2-text_decode_nvbit-warp-mref-shard_v23r1-moe-e4-down_20260917T024000Z_b23b23b23b23/STATIC_MREF_MAP.tsv	1	2048
DEEPSEEK	215	LDG.E.U16.STRONG.SM	LDG.E.U16.STRONG.SM R55, [R62.64] ;	GLOBAL	LOAD	False	one dynamic warp access of this static memory operand	QUALIFIED	2	SASS opcode U16/S16 data-width suffix	mref_operand_index=single bracketed global address operand	std::enable_if<!(false), void>::type internal::gemvx::kernel<int, int, __nv_bfloat16, __nv_bfloat16, __nv_bfloat16, float, false, true, true, false, 6, false, cublasGemvParamsEx<int, cublasGemvTensorStridedBatched<__nv_bfloat16 const>, cublasGemvTensorStridedBatched<__nv_bfloat16 const>, cublasGemvTensorStridedBatched<__nv_bfloat16>, float> >(cublasGemvParamsEx<int, cublasGemvTensorStridedBatched<__nv_bfloat16 const>, cublasGemvTensorStridedBatched<__nv_bfloat16 const>, cublasGemvTensorStridedBatched<__nv_bfloat16>, float>)	/root/share/mnt164/huangrulin/c16_ai_workload/raw/C16R_deepseek-v2-lite_s2-text_decode_nvbit-warp-mref-shard_v23r1-moe-e4-down_20260917T024000Z_b23b23b23b23/STATIC_MREF_MAP.tsv	1	2048
DEEPSEEK	217	LDG.E.EF.U16	LDG.E.EF.U16 R56, [R92.64] ;	GLOBAL	LOAD	False	one dynamic warp access of this static memory operand	QUALIFIED	2	SASS opcode U16/S16 data-width suffix	mref_operand_index=single bracketed global address operand	std::enable_if<!(false), void>::type internal::gemvx::kernel<int, int, __nv_bfloat16, __nv_bfloat16, __nv_bfloat16, float, false, true, true, false, 6, false, cublasGemvParamsEx<int, cublasGemvTensorStridedBatched<__nv_bfloat16 const>, cublasGemvTensorStridedBatched<__nv_bfloat16 const>, cublasGemvTensorStridedBatched<__nv_bfloat16>, float> >(cublasGemvParamsEx<int, cublasGemvTensorStridedBatched<__nv_bfloat16 const>, cublasGemvTensorStridedBatched<__nv_bfloat16 const>, cublasGemvTensorStridedBatched<__nv_bfloat16>, float>)	/root/share/mnt164/huangrulin/c16_ai_workload/raw/C16R_deepseek-v2-lite_s2-text_decode_nvbit-warp-mref-shard_v23r1-moe-e4-down_20260917T024000Z_b23b23b23b23/STATIC_MREF_MAP.tsv	1	2048
DEEPSEEK	219	LDG.E.U16.STRONG.SM	LDG.E.U16.STRONG.SM R57, [R64.64] ;	GLOBAL	LOAD	False	one dynamic warp access of this static memory operand	QUALIFIED	2	SASS opcode U16/S16 data-width suffix	mref_operand_index=single bracketed global address operand	std::enable_if<!(false), void>::type internal::gemvx::kernel<int, int, __nv_bfloat16, __nv_bfloat16, __nv_bfloat16, float, false, true, true, false, 6, false, cublasGemvParamsEx<int, cublasGemvTensorStridedBatched<__nv_bfloat16 const>, cublasGemvTensorStridedBatched<__nv_bfloat16 const>, cublasGemvTensorStridedBatched<__nv_bfloat16>, float> >(cublasGemvParamsEx<int, cublasGemvTensorStridedBatched<__nv_bfloat16 const>, cublasGemvTensorStridedBatched<__nv_bfloat16 const>, cublasGemvTensorStridedBatched<__nv_bfloat16>, float>)	/root/share/mnt164/huangrulin/c16_ai_workload/raw/C16R_deepseek-v2-lite_s2-text_decode_nvbit-warp-mref-shard_v23r1-moe-e4-down_20260917T024000Z_b23b23b23b23/STATIC_MREF_MAP.tsv	1	2048
DEEPSEEK	221	LDG.E.EF.U16	LDG.E.EF.U16 R58, [R94.64] ;	GLOBAL	LOAD	False	one dynamic warp access of this static memory operand	QUALIFIED	2	SASS opcode U16/S16 data-width suffix	mref_operand_index=single bracketed global address operand	std::enable_if<!(false), void>::type internal::gemvx::kernel<int, int, __nv_bfloat16, __nv_bfloat16, __nv_bfloat16, float, false, true, true, false, 6, false, cublasGemvParamsEx<int, cublasGemvTensorStridedBatched<__nv_bfloat16 const>, cublasGemvTensorStridedBatched<__nv_bfloat16 const>, cublasGemvTensorStridedBatched<__nv_bfloat16>, float> >(cublasGemvParamsEx<int, cublasGemvTensorStridedBatched<__nv_bfloat16 const>, cublasGemvTensorStridedBatched<__nv_bfloat16 const>, cublasGemvTensorStridedBatched<__nv_bfloat16>, float>)	/root/share/mnt164/huangrulin/c16_ai_workload/raw/C16R_deepseek-v2-lite_s2-text_decode_nvbit-warp-mref-shard_v23r1-moe-e4-down_20260917T024000Z_b23b23b23b23/STATIC_MREF_MAP.tsv	1	2048
DEEPSEEK	223	LDG.E.U16.STRONG.SM	LDG.E.U16.STRONG.SM R59, [R66.64] ;	GLOBAL	LOAD	False	one dynamic warp access of this static memory operand	QUALIFIED	2	SASS opcode U16/S16 data-width suffix	mref_operand_index=single bracketed global address operand	std::enable_if<!(false), void>::type internal::gemvx::kernel<int, int, __nv_bfloat16, __nv_bfloat16, __nv_bfloat16, float, false, true, true, false, 6, false, cublasGemvParamsEx<int, cublasGemvTensorStridedBatched<__nv_bfloat16 const>, cublasGemvTensorStridedBatched<__nv_bfloat16 const>, cublasGemvTensorStridedBatched<__nv_bfloat16>, float> >(cublasGemvParamsEx<int, cublasGemvTensorStridedBatched<__nv_bfloat16 const>, cublasGemvTensorStridedBatched<__nv_bfloat16 const>, cublasGemvTensorStridedBatched<__nv_bfloat16>, float>)	/root/share/mnt164/huangrulin/c16_ai_workload/raw/C16R_deepseek-v2-lite_s2-text_decode_nvbit-warp-mref-shard_v23r1-moe-e4-down_20260917T024000Z_b23b23b23b23/STATIC_MREF_MAP.tsv	1	2048
DEEPSEEK	225	LDG.E.EF.U16	LDG.E.EF.U16 R60, [R114.64] ;	GLOBAL	LOAD	False	one dynamic warp access of this static memory operand	QUALIFIED	2	SASS opcode U16/S16 data-width suffix	mref_operand_index=single bracketed global address operand	std::enable_if<!(false), void>::type internal::gemvx::kernel<int, int, __nv_bfloat16, __nv_bfloat16, __nv_bfloat16, float, false, true, true, false, 6, false, cublasGemvParamsEx<int, cublasGemvTensorStridedBatched<__nv_bfloat16 const>, cublasGemvTensorStridedBatched<__nv_bfloat16 const>, cublasGemvTensorStridedBatched<__nv_bfloat16>, float> >(cublasGemvParamsEx<int, cublasGemvTensorStridedBatched<__nv_bfloat16 const>, cublasGemvTensorStridedBatched<__nv_bfloat16 const>, cublasGemvTensorStridedBatched<__nv_bfloat16>, float>)	/root/share/mnt164/huangrulin/c16_ai_workload/raw/C16R_deepseek-v2-lite_s2-text_decode_nvbit-warp-mref-shard_v23r1-moe-e4-down_20260917T024000Z_b23b23b23b23/STATIC_MREF_MAP.tsv	1	2048
DEEPSEEK	227	LDG.E.U16.STRONG.SM	LDG.E.U16.STRONG.SM R61, [R68.64] ;	GLOBAL	LOAD	False	one dynamic warp access of this static memory operand	QUALIFIED	2	SASS opcode U16/S16 data-width suffix	mref_operand_index=single bracketed global address operand	std::enable_if<!(false), void>::type internal::gemvx::kernel<int, int, __nv_bfloat16, __nv_bfloat16, __nv_bfloat16, float, false, true, true, false, 6, false, cublasGemvParamsEx<int, cublasGemvTensorStridedBatched<__nv_bfloat16 const>, cublasGemvTensorStridedBatched<__nv_bfloat16 const>, cublasGemvTensorStridedBatched<__nv_bfloat16>, float> >(cublasGemvParamsEx<int, cublasGemvTensorStridedBatched<__nv_bfloat16 const>, cublasGemvTensorStridedBatched<__nv_bfloat16 const>, cublasGemvTensorStridedBatched<__nv_bfloat16>, float>)	/root/share/mnt164/huangrulin/c16_ai_workload/raw/C16R_deepseek-v2-lite_s2-text_decode_nvbit-warp-mref-shard_v23r1-moe-e4-down_20260917T024000Z_b23b23b23b23/STATIC_MREF_MAP.tsv	1	2048
DEEPSEEK	229	LDG.E.EF.U16	LDG.E.EF.U16 R62, [R96.64] ;	GLOBAL	LOAD	False	one dynamic warp access of this static memory operand	QUALIFIED	2	SASS opcode U16/S16 data-width suffix	mref_operand_index=single bracketed global address operand	std::enable_if<!(false), void>::type internal::gemvx::kernel<int, int, __nv_bfloat16, __nv_bfloat16, __nv_bfloat16, float, false, true, true, false, 6, false, cublasGemvParamsEx<int, cublasGemvTensorStridedBatched<__nv_bfloat16 const>, cublasGemvTensorStridedBatched<__nv_bfloat16 const>, cublasGemvTensorStridedBatched<__nv_bfloat16>, float> >(cublasGemvParamsEx<int, cublasGemvTensorStridedBatched<__nv_bfloat16 const>, cublasGemvTensorStridedBatched<__nv_bfloat16 const>, cublasGemvTensorStridedBatched<__nv_bfloat16>, float>)	/root/share/mnt164/huangrulin/c16_ai_workload/raw/C16R_deepseek-v2-lite_s2-text_decode_nvbit-warp-mref-shard_v23r1-moe-e4-down_20260917T024000Z_b23b23b23b23/STATIC_MREF_MAP.tsv	1	2048
DEEPSEEK	231	LDG.E.U16.STRONG.SM	LDG.E.U16.STRONG.SM R63, [R70.64] ;	GLOBAL	LOAD	False	one dynamic warp access of this static memory operand	QUALIFIED	2	SASS opcode U16/S16 data-width suffix	mref_operand_index=single bracketed global address operand	std::enable_if<!(false), void>::type internal::gemvx::kernel<int, int, __nv_bfloat16, __nv_bfloat16, __nv_bfloat16, float, false, true, true, false, 6, false, cublasGemvParamsEx<int, cublasGemvTensorStridedBatched<__nv_bfloat16 const>, cublasGemvTensorStridedBatched<__nv_bfloat16 const>, cublasGemvTensorStridedBatched<__nv_bfloat16>, float> >(cublasGemvParamsEx<int, cublasGemvTensorStridedBatched<__nv_bfloat16 const>, cublasGemvTensorStridedBatched<__nv_bfloat16 const>, cublasGemvTensorStridedBatched<__nv_bfloat16>, float>)	/root/share/mnt164/huangrulin/c16_ai_workload/raw/C16R_deepseek-v2-lite_s2-text_decode_nvbit-warp-mref-shard_v23r1-moe-e4-down_20260917T024000Z_b23b23b23b23/STATIC_MREF_MAP.tsv	1	2048
DEEPSEEK	233	LDG.E.EF.U16	LDG.E.EF.U16 R64, [R98.64] ;	GLOBAL	LOAD	False	one dynamic warp access of this static memory operand	QUALIFIED	2	SASS opcode U16/S16 data-width suffix	mref_operand_index=single bracketed global address operand	std::enable_if<!(false), void>::type internal::gemvx::kernel<int, int, __nv_bfloat16, __nv_bfloat16, __nv_bfloat16, float, false, true, true, false, 6, false, cublasGemvParamsEx<int, cublasGemvTensorStridedBatched<__nv_bfloat16 const>, cublasGemvTensorStridedBatched<__nv_bfloat16 const>, cublasGemvTensorStridedBatched<__nv_bfloat16>, float> >(cublasGemvParamsEx<int, cublasGemvTensorStridedBatched<__nv_bfloat16 const>, cublasGemvTensorStridedBatched<__nv_bfloat16 const>, cublasGemvTensorStridedBatched<__nv_bfloat16>, float>)	/root/share/mnt164/huangrulin/c16_ai_workload/raw/C16R_deepseek-v2-lite_s2-text_decode_nvbit-warp-mref-shard_v23r1-moe-e4-down_20260917T024000Z_b23b23b23b23/STATIC_MREF_MAP.tsv	1	2048
DEEPSEEK	235	LDG.E.U16.STRONG.SM	LDG.E.U16.STRONG.SM R65, [R72.64] ;	GLOBAL	LOAD	False	one dynamic warp access of this static memory operand	QUALIFIED	2	SASS opcode U16/S16 data-width suffix	mref_operand_index=single bracketed global address operand	std::enable_if<!(false), void>::type internal::gemvx::kernel<int, int, __nv_bfloat16, __nv_bfloat16, __nv_bfloat16, float, false, true, true, false, 6, false, cublasGemvParamsEx<int, cublasGemvTensorStridedBatched<__nv_bfloat16 const>, cublasGemvTensorStridedBatched<__nv_bfloat16 const>, cublasGemvTensorStridedBatched<__nv_bfloat16>, float> >(cublasGemvParamsEx<int, cublasGemvTensorStridedBatched<__nv_bfloat16 const>, cublasGemvTensorStridedBatched<__nv_bfloat16 const>, cublasGemvTensorStridedBatched<__nv_bfloat16>, float>)	/root/share/mnt164/huangrulin/c16_ai_workload/raw/C16R_deepseek-v2-lite_s2-text_decode_nvbit-warp-mref-shard_v23r1-moe-e4-down_20260917T024000Z_b23b23b23b23/STATIC_MREF_MAP.tsv	1	2048
DEEPSEEK	237	LDG.E.EF.U16	LDG.E.EF.U16 R66, [R116.64] ;	GLOBAL	LOAD	False	one dynamic warp access of this static memory operand	QUALIFIED	2	SASS opcode U16/S16 data-width suffix	mref_operand_index=single bracketed global address operand	std::enable_if<!(false), void>::type internal::gemvx::kernel<int, int, __nv_bfloat16, __nv_bfloat16, __nv_bfloat16, float, false, true, true, false, 6, false, cublasGemvParamsEx<int, cublasGemvTensorStridedBatched<__nv_bfloat16 const>, cublasGemvTensorStridedBatched<__nv_bfloat16 const>, cublasGemvTensorStridedBatched<__nv_bfloat16>, float> >(cublasGemvParamsEx<int, cublasGemvTensorStridedBatched<__nv_bfloat16 const>, cublasGemvTensorStridedBatched<__nv_bfloat16 const>, cublasGemvTensorStridedBatched<__nv_bfloat16>, float>)	/root/share/mnt164/huangrulin/c16_ai_workload/raw/C16R_deepseek-v2-lite_s2-text_decode_nvbit-warp-mref-shard_v23r1-moe-e4-down_20260917T024000Z_b23b23b23b23/STATIC_MREF_MAP.tsv	1	2048
DEEPSEEK	239	LDG.E.U16.STRONG.SM	LDG.E.U16.STRONG.SM R67, [R74.64] ;	GLOBAL	LOAD	False	one dynamic warp access of this static memory operand	QUALIFIED	2	SASS opcode U16/S16 data-width suffix	mref_operand_index=single bracketed global address operand	std::enable_if<!(false), void>::type internal::gemvx::kernel<int, int, __nv_bfloat16, __nv_bfloat16, __nv_bfloat16, float, false, true, true, false, 6, false, cublasGemvParamsEx<int, cublasGemvTensorStridedBatched<__nv_bfloat16 const>, cublasGemvTensorStridedBatched<__nv_bfloat16 const>, cublasGemvTensorStridedBatched<__nv_bfloat16>, float> >(cublasGemvParamsEx<int, cublasGemvTensorStridedBatched<__nv_bfloat16 const>, cublasGemvTensorStridedBatched<__nv_bfloat16 const>, cublasGemvTensorStridedBatched<__nv_bfloat16>, float>)	/root/share/mnt164/huangrulin/c16_ai_workload/raw/C16R_deepseek-v2-lite_s2-text_decode_nvbit-warp-mref-shard_v23r1-moe-e4-down_20260917T024000Z_b23b23b23b23/STATIC_MREF_MAP.tsv	1	2048
DEEPSEEK	241	LDG.E.EF.U16	LDG.E.EF.U16 R68, [R100.64] ;	GLOBAL	LOAD	False	one dynamic warp access of this static memory operand	QUALIFIED	2	SASS opcode U16/S16 data-width suffix	mref_operand_index=single bracketed global address operand	std::enable_if<!(false), void>::type internal::gemvx::kernel<int, int, __nv_bfloat16, __nv_bfloat16, __nv_bfloat16, float, false, true, true, false, 6, false, cublasGemvParamsEx<int, cublasGemvTensorStridedBatched<__nv_bfloat16 const>, cublasGemvTensorStridedBatched<__nv_bfloat16 const>, cublasGemvTensorStridedBatched<__nv_bfloat16>, float> >(cublasGemvParamsEx<int, cublasGemvTensorStridedBatched<__nv_bfloat16 const>, cublasGemvTensorStridedBatched<__nv_bfloat16 const>, cublasGemvTensorStridedBatched<__nv_bfloat16>, float>)	/root/share/mnt164/huangrulin/c16_ai_workload/raw/C16R_deepseek-v2-lite_s2-text_decode_nvbit-warp-mref-shard_v23r1-moe-e4-down_20260917T024000Z_b23b23b23b23/STATIC_MREF_MAP.tsv	1	2048
DEEPSEEK	243	LDG.E.U16.STRONG.SM	LDG.E.U16.STRONG.SM R69, [R76.64] ;	GLOBAL	LOAD	False	one dynamic warp access of this static memory operand	QUALIFIED	2	SASS opcode U16/S16 data-width suffix	mref_operand_index=single bracketed global address operand	std::enable_if<!(false), void>::type internal::gemvx::kernel<int, int, __nv_bfloat16, __nv_bfloat16, __nv_bfloat16, float, false, true, true, false, 6, false, cublasGemvParamsEx<int, cublasGemvTensorStridedBatched<__nv_bfloat16 const>, cublasGemvTensorStridedBatched<__nv_bfloat16 const>, cublasGemvTensorStridedBatched<__nv_bfloat16>, float> >(cublasGemvParamsEx<int, cublasGemvTensorStridedBatched<__nv_bfloat16 const>, cublasGemvTensorStridedBatched<__nv_bfloat16 const>, cublasGemvTensorStridedBatched<__nv_bfloat16>, float>)	/root/share/mnt164/huangrulin/c16_ai_workload/raw/C16R_deepseek-v2-lite_s2-text_decode_nvbit-warp-mref-shard_v23r1-moe-e4-down_20260917T024000Z_b23b23b23b23/STATIC_MREF_MAP.tsv	1	2048
DEEPSEEK	245	LDG.E.EF.U16	LDG.E.EF.U16 R70, [R102.64] ;	GLOBAL	LOAD	False	one dynamic warp access of this static memory operand	QUALIFIED	2	SASS opcode U16/S16 data-width suffix	mref_operand_index=single bracketed global address operand	std::enable_if<!(false), void>::type internal::gemvx::kernel<int, int, __nv_bfloat16, __nv_bfloat16, __nv_bfloat16, float, false, true, true, false, 6, false, cublasGemvParamsEx<int, cublasGemvTensorStridedBatched<__nv_bfloat16 const>, cublasGemvTensorStridedBatched<__nv_bfloat16 const>, cublasGemvTensorStridedBatched<__nv_bfloat16>, float> >(cublasGemvParamsEx<int, cublasGemvTensorStridedBatched<__nv_bfloat16 const>, cublasGemvTensorStridedBatched<__nv_bfloat16 const>, cublasGemvTensorStridedBatched<__nv_bfloat16>, float>)	/root/share/mnt164/huangrulin/c16_ai_workload/raw/C16R_deepseek-v2-lite_s2-text_decode_nvbit-warp-mref-shard_v23r1-moe-e4-down_20260917T024000Z_b23b23b23b23/STATIC_MREF_MAP.tsv	1	2048
DEEPSEEK	247	LDG.E.U16.STRONG.SM	LDG.E.U16.STRONG.SM R71, [R78.64] ;	GLOBAL	LOAD	False	one dynamic warp access of this static memory operand	QUALIFIED	2	SASS opcode U16/S16 data-width suffix	mref_operand_index=single bracketed global address operand	std::enable_if<!(false), void>::type internal::gemvx::kernel<int, int, __nv_bfloat16, __nv_bfloat16, __nv_bfloat16, float, false, true, true, false, 6, false, cublasGemvParamsEx<int, cublasGemvTensorStridedBatched<__nv_bfloat16 const>, cublasGemvTensorStridedBatched<__nv_bfloat16 const>, cublasGemvTensorStridedBatched<__nv_bfloat16>, float> >(cublasGemvParamsEx<int, cublasGemvTensorStridedBatched<__nv_bfloat16 const>, cublasGemvTensorStridedBatched<__nv_bfloat16 const>, cublasGemvTensorStridedBatched<__nv_bfloat16>, float>)	/root/share/mnt164/huangrulin/c16_ai_workload/raw/C16R_deepseek-v2-lite_s2-text_decode_nvbit-warp-mref-shard_v23r1-moe-e4-down_20260917T024000Z_b23b23b23b23/STATIC_MREF_MAP.tsv	1	2048
DEEPSEEK	249	LDG.E.EF.U16	LDG.E.EF.U16 R72, [R120.64] ;	GLOBAL	LOAD	False	one dynamic warp access of this static memory operand	QUALIFIED	2	SASS opcode U16/S16 data-width suffix	mref_operand_index=single bracketed global address operand	std::enable_if<!(false), void>::type internal::gemvx::kernel<int, int, __nv_bfloat16, __nv_bfloat16, __nv_bfloat16, float, false, true, true, false, 6, false, cublasGemvParamsEx<int, cublasGemvTensorStridedBatched<__nv_bfloat16 const>, cublasGemvTensorStridedBatched<__nv_bfloat16 const>, cublasGemvTensorStridedBatched<__nv_bfloat16>, float> >(cublasGemvParamsEx<int, cublasGemvTensorStridedBatched<__nv_bfloat16 const>, cublasGemvTensorStridedBatched<__nv_bfloat16 const>, cublasGemvTensorStridedBatched<__nv_bfloat16>, float>)	/root/share/mnt164/huangrulin/c16_ai_workload/raw/C16R_deepseek-v2-lite_s2-text_decode_nvbit-warp-mref-shard_v23r1-moe-e4-down_20260917T024000Z_b23b23b23b23/STATIC_MREF_MAP.tsv	1	2048
DEEPSEEK	251	LDG.E.U16.STRONG.SM	LDG.E.U16.STRONG.SM R73, [R80.64] ;	GLOBAL	LOAD	False	one dynamic warp access of this static memory operand	QUALIFIED	2	SASS opcode U16/S16 data-width suffix	mref_operand_index=single bracketed global address operand	std::enable_if<!(false), void>::type internal::gemvx::kernel<int, int, __nv_bfloat16, __nv_bfloat16, __nv_bfloat16, float, false, true, true, false, 6, false, cublasGemvParamsEx<int, cublasGemvTensorStridedBatched<__nv_bfloat16 const>, cublasGemvTensorStridedBatched<__nv_bfloat16 const>, cublasGemvTensorStridedBatched<__nv_bfloat16>, float> >(cublasGemvParamsEx<int, cublasGemvTensorStridedBatched<__nv_bfloat16 const>, cublasGemvTensorStridedBatched<__nv_bfloat16 const>, cublasGemvTensorStridedBatched<__nv_bfloat16>, float>)	/root/share/mnt164/huangrulin/c16_ai_workload/raw/C16R_deepseek-v2-lite_s2-text_decode_nvbit-warp-mref-shard_v23r1-moe-e4-down_20260917T024000Z_b23b23b23b23/STATIC_MREF_MAP.tsv	1	2048
DEEPSEEK	253	LDG.E.EF.U16	LDG.E.EF.U16 R74, [R104.64] ;	GLOBAL	LOAD	False	one dynamic warp access of this static memory operand	QUALIFIED	2	SASS opcode U16/S16 data-width suffix	mref_operand_index=single bracketed global address operand	std::enable_if<!(false), void>::type internal::gemvx::kernel<int, int, __nv_bfloat16, __nv_bfloat16, __nv_bfloat16, float, false, true, true, false, 6, false, cublasGemvParamsEx<int, cublasGemvTensorStridedBatched<__nv_bfloat16 const>, cublasGemvTensorStridedBatched<__nv_bfloat16 const>, cublasGemvTensorStridedBatched<__nv_bfloat16>, float> >(cublasGemvParamsEx<int, cublasGemvTensorStridedBatched<__nv_bfloat16 const>, cublasGemvTensorStridedBatched<__nv_bfloat16 const>, cublasGemvTensorStridedBatched<__nv_bfloat16>, float>)	/root/share/mnt164/huangrulin/c16_ai_workload/raw/C16R_deepseek-v2-lite_s2-text_decode_nvbit-warp-mref-shard_v23r1-moe-e4-down_20260917T024000Z_b23b23b23b23/STATIC_MREF_MAP.tsv	1	2048
DEEPSEEK	255	LDG.E.U16.STRONG.SM	LDG.E.U16.STRONG.SM R75, [R82.64] ;	GLOBAL	LOAD	False	one dynamic warp access of this static memory operand	QUALIFIED	2	SASS opcode U16/S16 data-width suffix	mref_operand_index=single bracketed global address operand	std::enable_if<!(false), void>::type internal::gemvx::kernel<int, int, __nv_bfloat16, __nv_bfloat16, __nv_bfloat16, float, false, true, true, false, 6, false, cublasGemvParamsEx<int, cublasGemvTensorStridedBatched<__nv_bfloat16 const>, cublasGemvTensorStridedBatched<__nv_bfloat16 const>, cublasGemvTensorStridedBatched<__nv_bfloat16>, float> >(cublasGemvParamsEx<int, cublasGemvTensorStridedBatched<__nv_bfloat16 const>, cublasGemvTensorStridedBatched<__nv_bfloat16 const>, cublasGemvTensorStridedBatched<__nv_bfloat16>, float>)	/root/share/mnt164/huangrulin/c16_ai_workload/raw/C16R_deepseek-v2-lite_s2-text_decode_nvbit-warp-mref-shard_v23r1-moe-e4-down_20260917T024000Z_b23b23b23b23/STATIC_MREF_MAP.tsv	1	2048
DEEPSEEK	257	LDG.E.EF.U16	LDG.E.EF.U16 R76, [R106.64] ;	GLOBAL	LOAD	False	one dynamic warp access of this static memory operand	QUALIFIED	2	SASS opcode U16/S16 data-width suffix	mref_operand_index=single bracketed global address operand	std::enable_if<!(false), void>::type internal::gemvx::kernel<int, int, __nv_bfloat16, __nv_bfloat16, __nv_bfloat16, float, false, true, true, false, 6, false, cublasGemvParamsEx<int, cublasGemvTensorStridedBatched<__nv_bfloat16 const>, cublasGemvTensorStridedBatched<__nv_bfloat16 const>, cublasGemvTensorStridedBatched<__nv_bfloat16>, float> >(cublasGemvParamsEx<int, cublasGemvTensorStridedBatched<__nv_bfloat16 const>, cublasGemvTensorStridedBatched<__nv_bfloat16 const>, cublasGemvTensorStridedBatched<__nv_bfloat16>, float>)	/root/share/mnt164/huangrulin/c16_ai_workload/raw/C16R_deepseek-v2-lite_s2-text_decode_nvbit-warp-mref-shard_v23r1-moe-e4-down_20260917T024000Z_b23b23b23b23/STATIC_MREF_MAP.tsv	1	2048
DEEPSEEK	259	LDG.E.U16.STRONG.SM	LDG.E.U16.STRONG.SM R77, [R84.64] ;	GLOBAL	LOAD	False	one dynamic warp access of this static memory operand	QUALIFIED	2	SASS opcode U16/S16 data-width suffix	mref_operand_index=single bracketed global address operand	std::enable_if<!(false), void>::type internal::gemvx::kernel<int, int, __nv_bfloat16, __nv_bfloat16, __nv_bfloat16, float, false, true, true, false, 6, false, cublasGemvParamsEx<int, cublasGemvTensorStridedBatched<__nv_bfloat16 const>, cublasGemvTensorStridedBatched<__nv_bfloat16 const>, cublasGemvTensorStridedBatched<__nv_bfloat16>, float> >(cublasGemvParamsEx<int, cublasGemvTensorStridedBatched<__nv_bfloat16 const>, cublasGemvTensorStridedBatched<__nv_bfloat16 const>, cublasGemvTensorStridedBatched<__nv_bfloat16>, float>)	/root/share/mnt164/huangrulin/c16_ai_workload/raw/C16R_deepseek-v2-lite_s2-text_decode_nvbit-warp-mref-shard_v23r1-moe-e4-down_20260917T024000Z_b23b23b23b23/STATIC_MREF_MAP.tsv	1	2048
DEEPSEEK	261	LDG.E.EF.U16	LDG.E.EF.U16 R78, [R122.64] ;	GLOBAL	LOAD	False	one dynamic warp access of this static memory operand	QUALIFIED	2	SASS opcode U16/S16 data-width suffix	mref_operand_index=single bracketed global address operand	std::enable_if<!(false), void>::type internal::gemvx::kernel<int, int, __nv_bfloat16, __nv_bfloat16, __nv_bfloat16, float, false, true, true, false, 6, false, cublasGemvParamsEx<int, cublasGemvTensorStridedBatched<__nv_bfloat16 const>, cublasGemvTensorStridedBatched<__nv_bfloat16 const>, cublasGemvTensorStridedBatched<__nv_bfloat16>, float> >(cublasGemvParamsEx<int, cublasGemvTensorStridedBatched<__nv_bfloat16 const>, cublasGemvTensorStridedBatched<__nv_bfloat16 const>, cublasGemvTensorStridedBatched<__nv_bfloat16>, float>)	/root/share/mnt164/huangrulin/c16_ai_workload/raw/C16R_deepseek-v2-lite_s2-text_decode_nvbit-warp-mref-shard_v23r1-moe-e4-down_20260917T024000Z_b23b23b23b23/STATIC_MREF_MAP.tsv	1	2048
DEEPSEEK	263	LDG.E.U16.STRONG.SM	LDG.E.U16.STRONG.SM R79, [R86.64] ;	GLOBAL	LOAD	False	one dynamic warp access of this static memory operand	QUALIFIED	2	SASS opcode U16/S16 data-width suffix	mref_operand_index=single bracketed global address operand	std::enable_if<!(false), void>::type internal::gemvx::kernel<int, int, __nv_bfloat16, __nv_bfloat16, __nv_bfloat16, float, false, true, true, false, 6, false, cublasGemvParamsEx<int, cublasGemvTensorStridedBatched<__nv_bfloat16 const>, cublasGemvTensorStridedBatched<__nv_bfloat16 const>, cublasGemvTensorStridedBatched<__nv_bfloat16>, float> >(cublasGemvParamsEx<int, cublasGemvTensorStridedBatched<__nv_bfloat16 const>, cublasGemvTensorStridedBatched<__nv_bfloat16 const>, cublasGemvTensorStridedBatched<__nv_bfloat16>, float>)	/root/share/mnt164/huangrulin/c16_ai_workload/raw/C16R_deepseek-v2-lite_s2-text_decode_nvbit-warp-mref-shard_v23r1-moe-e4-down_20260917T024000Z_b23b23b23b23/STATIC_MREF_MAP.tsv	1	2048
DEEPSEEK	265	LDG.E.EF.U16	LDG.E.EF.U16 R80, [R108.64] ;	GLOBAL	LOAD	False	one dynamic warp access of this static memory operand	QUALIFIED	2	SASS opcode U16/S16 data-width suffix	mref_operand_index=single bracketed global address operand	std::enable_if<!(false), void>::type internal::gemvx::kernel<int, int, __nv_bfloat16, __nv_bfloat16, __nv_bfloat16, float, false, true, true, false, 6, false, cublasGemvParamsEx<int, cublasGemvTensorStridedBatched<__nv_bfloat16 const>, cublasGemvTensorStridedBatched<__nv_bfloat16 const>, cublasGemvTensorStridedBatched<__nv_bfloat16>, float> >(cublasGemvParamsEx<int, cublasGemvTensorStridedBatched<__nv_bfloat16 const>, cublasGemvTensorStridedBatched<__nv_bfloat16 const>, cublasGemvTensorStridedBatched<__nv_bfloat16>, float>)	/root/share/mnt164/huangrulin/c16_ai_workload/raw/C16R_deepseek-v2-lite_s2-text_decode_nvbit-warp-mref-shard_v23r1-moe-e4-down_20260917T024000Z_b23b23b23b23/STATIC_MREF_MAP.tsv	1	2048
DEEPSEEK	267	LDG.E.U16.STRONG.SM	LDG.E.U16.STRONG.SM R81, [R88.64] ;	GLOBAL	LOAD	False	one dynamic warp access of this static memory operand	QUALIFIED	2	SASS opcode U16/S16 data-width suffix	mref_operand_index=single bracketed global address operand	std::enable_if<!(false), void>::type internal::gemvx::kernel<int, int, __nv_bfloat16, __nv_bfloat16, __nv_bfloat16, float, false, true, true, false, 6, false, cublasGemvParamsEx<int, cublasGemvTensorStridedBatched<__nv_bfloat16 const>, cublasGemvTensorStridedBatched<__nv_bfloat16 const>, cublasGemvTensorStridedBatched<__nv_bfloat16>, float> >(cublasGemvParamsEx<int, cublasGemvTensorStridedBatched<__nv_bfloat16 const>, cublasGemvTensorStridedBatched<__nv_bfloat16 const>, cublasGemvTensorStridedBatched<__nv_bfloat16>, float>)	/root/share/mnt164/huangrulin/c16_ai_workload/raw/C16R_deepseek-v2-lite_s2-text_decode_nvbit-warp-mref-shard_v23r1-moe-e4-down_20260917T024000Z_b23b23b23b23/STATIC_MREF_MAP.tsv	1	2048
DEEPSEEK	269	LDG.E.EF.U16	LDG.E.EF.U16 R82, [R110.64] ;	GLOBAL	LOAD	False	one dynamic warp access of this static memory operand	QUALIFIED	2	SASS opcode U16/S16 data-width suffix	mref_operand_index=single bracketed global address operand	std::enable_if<!(false), void>::type internal::gemvx::kernel<int, int, __nv_bfloat16, __nv_bfloat16, __nv_bfloat16, float, false, true, true, false, 6, false, cublasGemvParamsEx<int, cublasGemvTensorStridedBatched<__nv_bfloat16 const>, cublasGemvTensorStridedBatched<__nv_bfloat16 const>, cublasGemvTensorStridedBatched<__nv_bfloat16>, float> >(cublasGemvParamsEx<int, cublasGemvTensorStridedBatched<__nv_bfloat16 const>, cublasGemvTensorStridedBatched<__nv_bfloat16 const>, cublasGemvTensorStridedBatched<__nv_bfloat16>, float>)	/root/share/mnt164/huangrulin/c16_ai_workload/raw/C16R_deepseek-v2-lite_s2-text_decode_nvbit-warp-mref-shard_v23r1-moe-e4-down_20260917T024000Z_b23b23b23b23/STATIC_MREF_MAP.tsv	1	2048
DEEPSEEK	271	LDG.E.U16.STRONG.SM	LDG.E.U16.STRONG.SM R83, [R90.64] ;	GLOBAL	LOAD	False	one dynamic warp access of this static memory operand	QUALIFIED	2	SASS opcode U16/S16 data-width suffix	mref_operand_index=single bracketed global address operand	std::enable_if<!(false), void>::type internal::gemvx::kernel<int, int, __nv_bfloat16, __nv_bfloat16, __nv_bfloat16, float, false, true, true, false, 6, false, cublasGemvParamsEx<int, cublasGemvTensorStridedBatched<__nv_bfloat16 const>, cublasGemvTensorStridedBatched<__nv_bfloat16 const>, cublasGemvTensorStridedBatched<__nv_bfloat16>, float> >(cublasGemvParamsEx<int, cublasGemvTensorStridedBatched<__nv_bfloat16 const>, cublasGemvTensorStridedBatched<__nv_bfloat16 const>, cublasGemvTensorStridedBatched<__nv_bfloat16>, float>)	/root/share/mnt164/huangrulin/c16_ai_workload/raw/C16R_deepseek-v2-lite_s2-text_decode_nvbit-warp-mref-shard_v23r1-moe-e4-down_20260917T024000Z_b23b23b23b23/STATIC_MREF_MAP.tsv	1	2048
DEEPSEEK	273	LDG.E.EF.U16	LDG.E.EF.U16 R84, [R148.64] ;	GLOBAL	LOAD	False	one dynamic warp access of this static memory operand	QUALIFIED	2	SASS opcode U16/S16 data-width suffix	mref_operand_index=single bracketed global address operand	std::enable_if<!(false), void>::type internal::gemvx::kernel<int, int, __nv_bfloat16, __nv_bfloat16, __nv_bfloat16, float, false, true, true, false, 6, false, cublasGemvParamsEx<int, cublasGemvTensorStridedBatched<__nv_bfloat16 const>, cublasGemvTensorStridedBatched<__nv_bfloat16 const>, cublasGemvTensorStridedBatched<__nv_bfloat16>, float> >(cublasGemvParamsEx<int, cublasGemvTensorStridedBatched<__nv_bfloat16 const>, cublasGemvTensorStridedBatched<__nv_bfloat16 const>, cublasGemvTensorStridedBatched<__nv_bfloat16>, float>)	/root/share/mnt164/huangrulin/c16_ai_workload/raw/C16R_deepseek-v2-lite_s2-text_decode_nvbit-warp-mref-shard_v23r1-moe-e4-down_20260917T024000Z_b23b23b23b23/STATIC_MREF_MAP.tsv	1	2048
DEEPSEEK	275	LDG.E.U16.STRONG.SM	LDG.E.U16.STRONG.SM R85, [R92.64] ;	GLOBAL	LOAD	False	one dynamic warp access of this static memory operand	QUALIFIED	2	SASS opcode U16/S16 data-width suffix	mref_operand_index=single bracketed global address operand	std::enable_if<!(false), void>::type internal::gemvx::kernel<int, int, __nv_bfloat16, __nv_bfloat16, __nv_bfloat16, float, false, true, true, false, 6, false, cublasGemvParamsEx<int, cublasGemvTensorStridedBatched<__nv_bfloat16 const>, cublasGemvTensorStridedBatched<__nv_bfloat16 const>, cublasGemvTensorStridedBatched<__nv_bfloat16>, float> >(cublasGemvParamsEx<int, cublasGemvTensorStridedBatched<__nv_bfloat16 const>, cublasGemvTensorStridedBatched<__nv_bfloat16 const>, cublasGemvTensorStridedBatched<__nv_bfloat16>, float>)	/root/share/mnt164/huangrulin/c16_ai_workload/raw/C16R_deepseek-v2-lite_s2-text_decode_nvbit-warp-mref-shard_v23r1-moe-e4-down_20260917T024000Z_b23b23b23b23/STATIC_MREF_MAP.tsv	1	2048
DEEPSEEK	277	LDG.E.EF.U16	LDG.E.EF.U16 R86, [R112.64] ;	GLOBAL	LOAD	False	one dynamic warp access of this static memory operand	QUALIFIED	2	SASS opcode U16/S16 data-width suffix	mref_operand_index=single bracketed global address operand	std::enable_if<!(false), void>::type internal::gemvx::kernel<int, int, __nv_bfloat16, __nv_bfloat16, __nv_bfloat16, float, false, true, true, false, 6, false, cublasGemvParamsEx<int, cublasGemvTensorStridedBatched<__nv_bfloat16 const>, cublasGemvTensorStridedBatched<__nv_bfloat16 const>, cublasGemvTensorStridedBatched<__nv_bfloat16>, float> >(cublasGemvParamsEx<int, cublasGemvTensorStridedBatched<__nv_bfloat16 const>, cublasGemvTensorStridedBatched<__nv_bfloat16 const>, cublasGemvTensorStridedBatched<__nv_bfloat16>, float>)	/root/share/mnt164/huangrulin/c16_ai_workload/raw/C16R_deepseek-v2-lite_s2-text_decode_nvbit-warp-mref-shard_v23r1-moe-e4-down_20260917T024000Z_b23b23b23b23/STATIC_MREF_MAP.tsv	1	2048
DEEPSEEK	279	LDG.E.U16.STRONG.SM	LDG.E.U16.STRONG.SM R87, [R94.64] ;	GLOBAL	LOAD	False	one dynamic warp access of this static memory operand	QUALIFIED	2	SASS opcode U16/S16 data-width suffix	mref_operand_index=single bracketed global address operand	std::enable_if<!(false), void>::type internal::gemvx::kernel<int, int, __nv_bfloat16, __nv_bfloat16, __nv_bfloat16, float, false, true, true, false, 6, false, cublasGemvParamsEx<int, cublasGemvTensorStridedBatched<__nv_bfloat16 const>, cublasGemvTensorStridedBatched<__nv_bfloat16 const>, cublasGemvTensorStridedBatched<__nv_bfloat16>, float> >(cublasGemvParamsEx<int, cublasGemvTensorStridedBatched<__nv_bfloat16 const>, cublasGemvTensorStridedBatched<__nv_bfloat16 const>, cublasGemvTensorStridedBatched<__nv_bfloat16>, float>)	/root/share/mnt164/huangrulin/c16_ai_workload/raw/C16R_deepseek-v2-lite_s2-text_decode_nvbit-warp-mref-shard_v23r1-moe-e4-down_20260917T024000Z_b23b23b23b23/STATIC_MREF_MAP.tsv	1	2048
DEEPSEEK	281	LDG.E.EF.U16	LDG.E.EF.U16 R88, [R114.64] ;	GLOBAL	LOAD	False	one dynamic warp access of this static memory operand	QUALIFIED	2	SASS opcode U16/S16 data-width suffix	mref_operand_index=single bracketed global address operand	std::enable_if<!(false), void>::type internal::gemvx::kernel<int, int, __nv_bfloat16, __nv_bfloat16, __nv_bfloat16, float, false, true, true, false, 6, false, cublasGemvParamsEx<int, cublasGemvTensorStridedBatched<__nv_bfloat16 const>, cublasGemvTensorStridedBatched<__nv_bfloat16 const>, cublasGemvTensorStridedBatched<__nv_bfloat16>, float> >(cublasGemvParamsEx<int, cublasGemvTensorStridedBatched<__nv_bfloat16 const>, cublasGemvTensorStridedBatched<__nv_bfloat16 const>, cublasGemvTensorStridedBatched<__nv_bfloat16>, float>)	/root/share/mnt164/huangrulin/c16_ai_workload/raw/C16R_deepseek-v2-lite_s2-text_decode_nvbit-warp-mref-shard_v23r1-moe-e4-down_20260917T024000Z_b23b23b23b23/STATIC_MREF_MAP.tsv	1	2048
DEEPSEEK	283	LDG.E.U16.STRONG.SM	LDG.E.U16.STRONG.SM R89, [R96.64] ;	GLOBAL	LOAD	False	one dynamic warp access of this static memory operand	QUALIFIED	2	SASS opcode U16/S16 data-width suffix	mref_operand_index=single bracketed global address operand	std::enable_if<!(false), void>::type internal::gemvx::kernel<int, int, __nv_bfloat16, __nv_bfloat16, __nv_bfloat16, float, false, true, true, false, 6, false, cublasGemvParamsEx<int, cublasGemvTensorStridedBatched<__nv_bfloat16 const>, cublasGemvTensorStridedBatched<__nv_bfloat16 const>, cublasGemvTensorStridedBatched<__nv_bfloat16>, float> >(cublasGemvParamsEx<int, cublasGemvTensorStridedBatched<__nv_bfloat16 const>, cublasGemvTensorStridedBatched<__nv_bfloat16 const>, cublasGemvTensorStridedBatched<__nv_bfloat16>, float>)	/root/share/mnt164/huangrulin/c16_ai_workload/raw/C16R_deepseek-v2-lite_s2-text_decode_nvbit-warp-mref-shard_v23r1-moe-e4-down_20260917T024000Z_b23b23b23b23/STATIC_MREF_MAP.tsv	1	2048
DEEPSEEK	285	LDG.E.EF.U16	LDG.E.EF.U16 R90, [R154.64] ;	GLOBAL	LOAD	False	one dynamic warp access of this static memory operand	QUALIFIED	2	SASS opcode U16/S16 data-width suffix	mref_operand_index=single bracketed global address operand	std::enable_if<!(false), void>::type internal::gemvx::kernel<int, int, __nv_bfloat16, __nv_bfloat16, __nv_bfloat16, float, false, true, true, false, 6, false, cublasGemvParamsEx<int, cublasGemvTensorStridedBatched<__nv_bfloat16 const>, cublasGemvTensorStridedBatched<__nv_bfloat16 const>, cublasGemvTensorStridedBatched<__nv_bfloat16>, float> >(cublasGemvParamsEx<int, cublasGemvTensorStridedBatched<__nv_bfloat16 const>, cublasGemvTensorStridedBatched<__nv_bfloat16 const>, cublasGemvTensorStridedBatched<__nv_bfloat16>, float>)	/root/share/mnt164/huangrulin/c16_ai_workload/raw/C16R_deepseek-v2-lite_s2-text_decode_nvbit-warp-mref-shard_v23r1-moe-e4-down_20260917T024000Z_b23b23b23b23/STATIC_MREF_MAP.tsv	1	2048
DEEPSEEK	287	LDG.E.U16.STRONG.SM	LDG.E.U16.STRONG.SM R91, [R98.64] ;	GLOBAL	LOAD	False	one dynamic warp access of this static memory operand	QUALIFIED	2	SASS opcode U16/S16 data-width suffix	mref_operand_index=single bracketed global address operand	std::enable_if<!(false), void>::type internal::gemvx::kernel<int, int, __nv_bfloat16, __nv_bfloat16, __nv_bfloat16, float, false, true, true, false, 6, false, cublasGemvParamsEx<int, cublasGemvTensorStridedBatched<__nv_bfloat16 const>, cublasGemvTensorStridedBatched<__nv_bfloat16 const>, cublasGemvTensorStridedBatched<__nv_bfloat16>, float> >(cublasGemvParamsEx<int, cublasGemvTensorStridedBatched<__nv_bfloat16 const>, cublasGemvTensorStridedBatched<__nv_bfloat16 const>, cublasGemvTensorStridedBatched<__nv_bfloat16>, float>)	/root/share/mnt164/huangrulin/c16_ai_workload/raw/C16R_deepseek-v2-lite_s2-text_decode_nvbit-warp-mref-shard_v23r1-moe-e4-down_20260917T024000Z_b23b23b23b23/STATIC_MREF_MAP.tsv	1	2048
DEEPSEEK	289	LDG.E.EF.U16	LDG.E.EF.U16 R92, [R116.64] ;	GLOBAL	LOAD	False	one dynamic warp access of this static memory operand	QUALIFIED	2	SASS opcode U16/S16 data-width suffix	mref_operand_index=single bracketed global address operand	std::enable_if<!(false), void>::type internal::gemvx::kernel<int, int, __nv_bfloat16, __nv_bfloat16, __nv_bfloat16, float, false, true, true, false, 6, false, cublasGemvParamsEx<int, cublasGemvTensorStridedBatched<__nv_bfloat16 const>, cublasGemvTensorStridedBatched<__nv_bfloat16 const>, cublasGemvTensorStridedBatched<__nv_bfloat16>, float> >(cublasGemvParamsEx<int, cublasGemvTensorStridedBatched<__nv_bfloat16 const>, cublasGemvTensorStridedBatched<__nv_bfloat16 const>, cublasGemvTensorStridedBatched<__nv_bfloat16>, float>)	/root/share/mnt164/huangrulin/c16_ai_workload/raw/C16R_deepseek-v2-lite_s2-text_decode_nvbit-warp-mref-shard_v23r1-moe-e4-down_20260917T024000Z_b23b23b23b23/STATIC_MREF_MAP.tsv	1	2048
DEEPSEEK	291	LDG.E.U16.STRONG.SM	LDG.E.U16.STRONG.SM R93, [R100.64] ;	GLOBAL	LOAD	False	one dynamic warp access of this static memory operand	QUALIFIED	2	SASS opcode U16/S16 data-width suffix	mref_operand_index=single bracketed global address operand	std::enable_if<!(false), void>::type internal::gemvx::kernel<int, int, __nv_bfloat16, __nv_bfloat16, __nv_bfloat16, float, false, true, true, false, 6, false, cublasGemvParamsEx<int, cublasGemvTensorStridedBatched<__nv_bfloat16 const>, cublasGemvTensorStridedBatched<__nv_bfloat16 const>, cublasGemvTensorStridedBatched<__nv_bfloat16>, float> >(cublasGemvParamsEx<int, cublasGemvTensorStridedBatched<__nv_bfloat16 const>, cublasGemvTensorStridedBatched<__nv_bfloat16 const>, cublasGemvTensorStridedBatched<__nv_bfloat16>, float>)	/root/share/mnt164/huangrulin/c16_ai_workload/raw/C16R_deepseek-v2-lite_s2-text_decode_nvbit-warp-mref-shard_v23r1-moe-e4-down_20260917T024000Z_b23b23b23b23/STATIC_MREF_MAP.tsv	1	2048
DEEPSEEK	293	LDG.E.EF.U16	LDG.E.EF.U16 R94, [R118.64] ;	GLOBAL	LOAD	False	one dynamic warp access of this static memory operand	QUALIFIED	2	SASS opcode U16/S16 data-width suffix	mref_operand_index=single bracketed global address operand	std::enable_if<!(false), void>::type internal::gemvx::kernel<int, int, __nv_bfloat16, __nv_bfloat16, __nv_bfloat16, float, false, true, true, false, 6, false, cublasGemvParamsEx<int, cublasGemvTensorStridedBatched<__nv_bfloat16 const>, cublasGemvTensorStridedBatched<__nv_bfloat16 const>, cublasGemvTensorStridedBatched<__nv_bfloat16>, float> >(cublasGemvParamsEx<int, cublasGemvTensorStridedBatched<__nv_bfloat16 const>, cublasGemvTensorStridedBatched<__nv_bfloat16 const>, cublasGemvTensorStridedBatched<__nv_bfloat16>, float>)	/root/share/mnt164/huangrulin/c16_ai_workload/raw/C16R_deepseek-v2-lite_s2-text_decode_nvbit-warp-mref-shard_v23r1-moe-e4-down_20260917T024000Z_b23b23b23b23/STATIC_MREF_MAP.tsv	1	2048
DEEPSEEK	295	LDG.E.U16.STRONG.SM	LDG.E.U16.STRONG.SM R95, [R102.64] ;	GLOBAL	LOAD	False	one dynamic warp access of this static memory operand	QUALIFIED	2	SASS opcode U16/S16 data-width suffix	mref_operand_index=single bracketed global address operand	std::enable_if<!(false), void>::type internal::gemvx::kernel<int, int, __nv_bfloat16, __nv_bfloat16, __nv_bfloat16, float, false, true, true, false, 6, false, cublasGemvParamsEx<int, cublasGemvTensorStridedBatched<__nv_bfloat16 const>, cublasGemvTensorStridedBatched<__nv_bfloat16 const>, cublasGemvTensorStridedBatched<__nv_bfloat16>, float> >(cublasGemvParamsEx<int, cublasGemvTensorStridedBatched<__nv_bfloat16 const>, cublasGemvTensorStridedBatched<__nv_bfloat16 const>, cublasGemvTensorStridedBatched<__nv_bfloat16>, float>)	/root/share/mnt164/huangrulin/c16_ai_workload/raw/C16R_deepseek-v2-lite_s2-text_decode_nvbit-warp-mref-shard_v23r1-moe-e4-down_20260917T024000Z_b23b23b23b23/STATIC_MREF_MAP.tsv	1	2048
DEEPSEEK	297	LDG.E.EF.U16	LDG.E.EF.U16 R96, [R152.64] ;	GLOBAL	LOAD	False	one dynamic warp access of this static memory operand	QUALIFIED	2	SASS opcode U16/S16 data-width suffix	mref_operand_index=single bracketed global address operand	std::enable_if<!(false), void>::type internal::gemvx::kernel<int, int, __nv_bfloat16, __nv_bfloat16, __nv_bfloat16, float, false, true, true, false, 6, false, cublasGemvParamsEx<int, cublasGemvTensorStridedBatched<__nv_bfloat16 const>, cublasGemvTensorStridedBatched<__nv_bfloat16 const>, cublasGemvTensorStridedBatched<__nv_bfloat16>, float> >(cublasGemvParamsEx<int, cublasGemvTensorStridedBatched<__nv_bfloat16 const>, cublasGemvTensorStridedBatched<__nv_bfloat16 const>, cublasGemvTensorStridedBatched<__nv_bfloat16>, float>)	/root/share/mnt164/huangrulin/c16_ai_workload/raw/C16R_deepseek-v2-lite_s2-text_decode_nvbit-warp-mref-shard_v23r1-moe-e4-down_20260917T024000Z_b23b23b23b23/STATIC_MREF_MAP.tsv	1	2048
DEEPSEEK	299	LDG.E.U16.STRONG.SM	LDG.E.U16.STRONG.SM R97, [R104.64] ;	GLOBAL	LOAD	False	one dynamic warp access of this static memory operand	QUALIFIED	2	SASS opcode U16/S16 data-width suffix	mref_operand_index=single bracketed global address operand	std::enable_if<!(false), void>::type internal::gemvx::kernel<int, int, __nv_bfloat16, __nv_bfloat16, __nv_bfloat16, float, false, true, true, false, 6, false, cublasGemvParamsEx<int, cublasGemvTensorStridedBatched<__nv_bfloat16 const>, cublasGemvTensorStridedBatched<__nv_bfloat16 const>, cublasGemvTensorStridedBatched<__nv_bfloat16>, float> >(cublasGemvParamsEx<int, cublasGemvTensorStridedBatched<__nv_bfloat16 const>, cublasGemvTensorStridedBatched<__nv_bfloat16 const>, cublasGemvTensorStridedBatched<__nv_bfloat16>, float>)	/root/share/mnt164/huangrulin/c16_ai_workload/raw/C16R_deepseek-v2-lite_s2-text_decode_nvbit-warp-mref-shard_v23r1-moe-e4-down_20260917T024000Z_b23b23b23b23/STATIC_MREF_MAP.tsv	1	2048
DEEPSEEK	301	LDG.E.EF.U16	LDG.E.EF.U16 R98, [R120.64] ;	GLOBAL	LOAD	False	one dynamic warp access of this static memory operand	QUALIFIED	2	SASS opcode U16/S16 data-width suffix	mref_operand_index=single bracketed global address operand	std::enable_if<!(false), void>::type internal::gemvx::kernel<int, int, __nv_bfloat16, __nv_bfloat16, __nv_bfloat16, float, false, true, true, false, 6, false, cublasGemvParamsEx<int, cublasGemvTensorStridedBatched<__nv_bfloat16 const>, cublasGemvTensorStridedBatched<__nv_bfloat16 const>, cublasGemvTensorStridedBatched<__nv_bfloat16>, float> >(cublasGemvParamsEx<int, cublasGemvTensorStridedBatched<__nv_bfloat16 const>, cublasGemvTensorStridedBatched<__nv_bfloat16 const>, cublasGemvTensorStridedBatched<__nv_bfloat16>, float>)	/root/share/mnt164/huangrulin/c16_ai_workload/raw/C16R_deepseek-v2-lite_s2-text_decode_nvbit-warp-mref-shard_v23r1-moe-e4-down_20260917T024000Z_b23b23b23b23/STATIC_MREF_MAP.tsv	1	2048
DEEPSEEK	303	LDG.E.U16.STRONG.SM	LDG.E.U16.STRONG.SM R99, [R106.64] ;	GLOBAL	LOAD	False	one dynamic warp access of this static memory operand	QUALIFIED	2	SASS opcode U16/S16 data-width suffix	mref_operand_index=single bracketed global address operand	std::enable_if<!(false), void>::type internal::gemvx::kernel<int, int, __nv_bfloat16, __nv_bfloat16, __nv_bfloat16, float, false, true, true, false, 6, false, cublasGemvParamsEx<int, cublasGemvTensorStridedBatched<__nv_bfloat16 const>, cublasGemvTensorStridedBatched<__nv_bfloat16 const>, cublasGemvTensorStridedBatched<__nv_bfloat16>, float> >(cublasGemvParamsEx<int, cublasGemvTensorStridedBatched<__nv_bfloat16 const>, cublasGemvTensorStridedBatched<__nv_bfloat16 const>, cublasGemvTensorStridedBatched<__nv_bfloat16>, float>)	/root/share/mnt164/huangrulin/c16_ai_workload/raw/C16R_deepseek-v2-lite_s2-text_decode_nvbit-warp-mref-shard_v23r1-moe-e4-down_20260917T024000Z_b23b23b23b23/STATIC_MREF_MAP.tsv	1	2048
DEEPSEEK	305	LDG.E.EF.U16	LDG.E.EF.U16 R100, [R122.64] ;	GLOBAL	LOAD	False	one dynamic warp access of this static memory operand	QUALIFIED	2	SASS opcode U16/S16 data-width suffix	mref_operand_index=single bracketed global address operand	std::enable_if<!(false), void>::type internal::gemvx::kernel<int, int, __nv_bfloat16, __nv_bfloat16, __nv_bfloat16, float, false, true, true, false, 6, false, cublasGemvParamsEx<int, cublasGemvTensorStridedBatched<__nv_bfloat16 const>, cublasGemvTensorStridedBatched<__nv_bfloat16 const>, cublasGemvTensorStridedBatched<__nv_bfloat16>, float> >(cublasGemvParamsEx<int, cublasGemvTensorStridedBatched<__nv_bfloat16 const>, cublasGemvTensorStridedBatched<__nv_bfloat16 const>, cublasGemvTensorStridedBatched<__nv_bfloat16>, float>)	/root/share/mnt164/huangrulin/c16_ai_workload/raw/C16R_deepseek-v2-lite_s2-text_decode_nvbit-warp-mref-shard_v23r1-moe-e4-down_20260917T024000Z_b23b23b23b23/STATIC_MREF_MAP.tsv	1	2048
DEEPSEEK	307	LDG.E.U16.STRONG.SM	LDG.E.U16.STRONG.SM R101, [R108.64] ;	GLOBAL	LOAD	False	one dynamic warp access of this static memory operand	QUALIFIED	2	SASS opcode U16/S16 data-width suffix	mref_operand_index=single bracketed global address operand	std::enable_if<!(false), void>::type internal::gemvx::kernel<int, int, __nv_bfloat16, __nv_bfloat16, __nv_bfloat16, float, false, true, true, false, 6, false, cublasGemvParamsEx<int, cublasGemvTensorStridedBatched<__nv_bfloat16 const>, cublasGemvTensorStridedBatched<__nv_bfloat16 const>, cublasGemvTensorStridedBatched<__nv_bfloat16>, float> >(cublasGemvParamsEx<int, cublasGemvTensorStridedBatched<__nv_bfloat16 const>, cublasGemvTensorStridedBatched<__nv_bfloat16 const>, cublasGemvTensorStridedBatched<__nv_bfloat16>, float>)	/root/share/mnt164/huangrulin/c16_ai_workload/raw/C16R_deepseek-v2-lite_s2-text_decode_nvbit-warp-mref-shard_v23r1-moe-e4-down_20260917T024000Z_b23b23b23b23/STATIC_MREF_MAP.tsv	1	2048
DEEPSEEK	309	LDG.E.EF.U16	LDG.E.EF.U16 R102, [R150.64] ;	GLOBAL	LOAD	False	one dynamic warp access of this static memory operand	QUALIFIED	2	SASS opcode U16/S16 data-width suffix	mref_operand_index=single bracketed global address operand	std::enable_if<!(false), void>::type internal::gemvx::kernel<int, int, __nv_bfloat16, __nv_bfloat16, __nv_bfloat16, float, false, true, true, false, 6, false, cublasGemvParamsEx<int, cublasGemvTensorStridedBatched<__nv_bfloat16 const>, cublasGemvTensorStridedBatched<__nv_bfloat16 const>, cublasGemvTensorStridedBatched<__nv_bfloat16>, float> >(cublasGemvParamsEx<int, cublasGemvTensorStridedBatched<__nv_bfloat16 const>, cublasGemvTensorStridedBatched<__nv_bfloat16 const>, cublasGemvTensorStridedBatched<__nv_bfloat16>, float>)	/root/share/mnt164/huangrulin/c16_ai_workload/raw/C16R_deepseek-v2-lite_s2-text_decode_nvbit-warp-mref-shard_v23r1-moe-e4-down_20260917T024000Z_b23b23b23b23/STATIC_MREF_MAP.tsv	1	2048
DEEPSEEK	311	LDG.E.U16.STRONG.SM	LDG.E.U16.STRONG.SM R103, [R110.64] ;	GLOBAL	LOAD	False	one dynamic warp access of this static memory operand	QUALIFIED	2	SASS opcode U16/S16 data-width suffix	mref_operand_index=single bracketed global address operand	std::enable_if<!(false), void>::type internal::gemvx::kernel<int, int, __nv_bfloat16, __nv_bfloat16, __nv_bfloat16, float, false, true, true, false, 6, false, cublasGemvParamsEx<int, cublasGemvTensorStridedBatched<__nv_bfloat16 const>, cublasGemvTensorStridedBatched<__nv_bfloat16 const>, cublasGemvTensorStridedBatched<__nv_bfloat16>, float> >(cublasGemvParamsEx<int, cublasGemvTensorStridedBatched<__nv_bfloat16 const>, cublasGemvTensorStridedBatched<__nv_bfloat16 const>, cublasGemvTensorStridedBatched<__nv_bfloat16>, float>)	/root/share/mnt164/huangrulin/c16_ai_workload/raw/C16R_deepseek-v2-lite_s2-text_decode_nvbit-warp-mref-shard_v23r1-moe-e4-down_20260917T024000Z_b23b23b23b23/STATIC_MREF_MAP.tsv	1	2048
DEEPSEEK	313	LDG.E.EF.U16	LDG.E.EF.U16 R104, [R148.64] ;	GLOBAL	LOAD	False	one dynamic warp access of this static memory operand	QUALIFIED	2	SASS opcode U16/S16 data-width suffix	mref_operand_index=single bracketed global address operand	std::enable_if<!(false), void>::type internal::gemvx::kernel<int, int, __nv_bfloat16, __nv_bfloat16, __nv_bfloat16, float, false, true, true, false, 6, false, cublasGemvParamsEx<int, cublasGemvTensorStridedBatched<__nv_bfloat16 const>, cublasGemvTensorStridedBatched<__nv_bfloat16 const>, cublasGemvTensorStridedBatched<__nv_bfloat16>, float> >(cublasGemvParamsEx<int, cublasGemvTensorStridedBatched<__nv_bfloat16 const>, cublasGemvTensorStridedBatched<__nv_bfloat16 const>, cublasGemvTensorStridedBatched<__nv_bfloat16>, float>)	/root/share/mnt164/huangrulin/c16_ai_workload/raw/C16R_deepseek-v2-lite_s2-text_decode_nvbit-warp-mref-shard_v23r1-moe-e4-down_20260917T024000Z_b23b23b23b23/STATIC_MREF_MAP.tsv	1	2048
DEEPSEEK	315	LDG.E.U16.STRONG.SM	LDG.E.U16.STRONG.SM R105, [R112.64] ;	GLOBAL	LOAD	False	one dynamic warp access of this static memory operand	QUALIFIED	2	SASS opcode U16/S16 data-width suffix	mref_operand_index=single bracketed global address operand	std::enable_if<!(false), void>::type internal::gemvx::kernel<int, int, __nv_bfloat16, __nv_bfloat16, __nv_bfloat16, float, false, true, true, false, 6, false, cublasGemvParamsEx<int, cublasGemvTensorStridedBatched<__nv_bfloat16 const>, cublasGemvTensorStridedBatched<__nv_bfloat16 const>, cublasGemvTensorStridedBatched<__nv_bfloat16>, float> >(cublasGemvParamsEx<int, cublasGemvTensorStridedBatched<__nv_bfloat16 const>, cublasGemvTensorStridedBatched<__nv_bfloat16 const>, cublasGemvTensorStridedBatched<__nv_bfloat16>, float>)	/root/share/mnt164/huangrulin/c16_ai_workload/raw/C16R_deepseek-v2-lite_s2-text_decode_nvbit-warp-mref-shard_v23r1-moe-e4-down_20260917T024000Z_b23b23b23b23/STATIC_MREF_MAP.tsv	1	2048
DEEPSEEK	317	LDG.E.EF.U16	LDG.E.EF.U16 R106, [R158.64] ;	GLOBAL	LOAD	False	one dynamic warp access of this static memory operand	QUALIFIED	2	SASS opcode U16/S16 data-width suffix	mref_operand_index=single bracketed global address operand	std::enable_if<!(false), void>::type internal::gemvx::kernel<int, int, __nv_bfloat16, __nv_bfloat16, __nv_bfloat16, float, false, true, true, false, 6, false, cublasGemvParamsEx<int, cublasGemvTensorStridedBatched<__nv_bfloat16 const>, cublasGemvTensorStridedBatched<__nv_bfloat16 const>, cublasGemvTensorStridedBatched<__nv_bfloat16>, float> >(cublasGemvParamsEx<int, cublasGemvTensorStridedBatched<__nv_bfloat16 const>, cublasGemvTensorStridedBatched<__nv_bfloat16 const>, cublasGemvTensorStridedBatched<__nv_bfloat16>, float>)	/root/share/mnt164/huangrulin/c16_ai_workload/raw/C16R_deepseek-v2-lite_s2-text_decode_nvbit-warp-mref-shard_v23r1-moe-e4-down_20260917T024000Z_b23b23b23b23/STATIC_MREF_MAP.tsv	1	2048
DEEPSEEK	319	LDG.E.U16.STRONG.SM	LDG.E.U16.STRONG.SM R107, [R114.64] ;	GLOBAL	LOAD	False	one dynamic warp access of this static memory operand	QUALIFIED	2	SASS opcode U16/S16 data-width suffix	mref_operand_index=single bracketed global address operand	std::enable_if<!(false), void>::type internal::gemvx::kernel<int, int, __nv_bfloat16, __nv_bfloat16, __nv_bfloat16, float, false, true, true, false, 6, false, cublasGemvParamsEx<int, cublasGemvTensorStridedBatched<__nv_bfloat16 const>, cublasGemvTensorStridedBatched<__nv_bfloat16 const>, cublasGemvTensorStridedBatched<__nv_bfloat16>, float> >(cublasGemvParamsEx<int, cublasGemvTensorStridedBatched<__nv_bfloat16 const>, cublasGemvTensorStridedBatched<__nv_bfloat16 const>, cublasGemvTensorStridedBatched<__nv_bfloat16>, float>)	/root/share/mnt164/huangrulin/c16_ai_workload/raw/C16R_deepseek-v2-lite_s2-text_decode_nvbit-warp-mref-shard_v23r1-moe-e4-down_20260917T024000Z_b23b23b23b23/STATIC_MREF_MAP.tsv	1	2048
DEEPSEEK	321	LDG.E.EF.U16	LDG.E.EF.U16 R108, [R156.64] ;	GLOBAL	LOAD	False	one dynamic warp access of this static memory operand	QUALIFIED	2	SASS opcode U16/S16 data-width suffix	mref_operand_index=single bracketed global address operand	std::enable_if<!(false), void>::type internal::gemvx::kernel<int, int, __nv_bfloat16, __nv_bfloat16, __nv_bfloat16, float, false, true, true, false, 6, false, cublasGemvParamsEx<int, cublasGemvTensorStridedBatched<__nv_bfloat16 const>, cublasGemvTensorStridedBatched<__nv_bfloat16 const>, cublasGemvTensorStridedBatched<__nv_bfloat16>, float> >(cublasGemvParamsEx<int, cublasGemvTensorStridedBatched<__nv_bfloat16 const>, cublasGemvTensorStridedBatched<__nv_bfloat16 const>, cublasGemvTensorStridedBatched<__nv_bfloat16>, float>)	/root/share/mnt164/huangrulin/c16_ai_workload/raw/C16R_deepseek-v2-lite_s2-text_decode_nvbit-warp-mref-shard_v23r1-moe-e4-down_20260917T024000Z_b23b23b23b23/STATIC_MREF_MAP.tsv	1	2048
DEEPSEEK	323	LDG.E.U16.STRONG.SM	LDG.E.U16.STRONG.SM R109, [R116.64] ;	GLOBAL	LOAD	False	one dynamic warp access of this static memory operand	QUALIFIED	2	SASS opcode U16/S16 data-width suffix	mref_operand_index=single bracketed global address operand	std::enable_if<!(false), void>::type internal::gemvx::kernel<int, int, __nv_bfloat16, __nv_bfloat16, __nv_bfloat16, float, false, true, true, false, 6, false, cublasGemvParamsEx<int, cublasGemvTensorStridedBatched<__nv_bfloat16 const>, cublasGemvTensorStridedBatched<__nv_bfloat16 const>, cublasGemvTensorStridedBatched<__nv_bfloat16>, float> >(cublasGemvParamsEx<int, cublasGemvTensorStridedBatched<__nv_bfloat16 const>, cublasGemvTensorStridedBatched<__nv_bfloat16 const>, cublasGemvTensorStridedBatched<__nv_bfloat16>, float>)	/root/share/mnt164/huangrulin/c16_ai_workload/raw/C16R_deepseek-v2-lite_s2-text_decode_nvbit-warp-mref-shard_v23r1-moe-e4-down_20260917T024000Z_b23b23b23b23/STATIC_MREF_MAP.tsv	1	2048
DEEPSEEK	325	LDG.E.EF.U16	LDG.E.EF.U16 R110, [R154.64] ;	GLOBAL	LOAD	False	one dynamic warp access of this static memory operand	QUALIFIED	2	SASS opcode U16/S16 data-width suffix	mref_operand_index=single bracketed global address operand	std::enable_if<!(false), void>::type internal::gemvx::kernel<int, int, __nv_bfloat16, __nv_bfloat16, __nv_bfloat16, float, false, true, true, false, 6, false, cublasGemvParamsEx<int, cublasGemvTensorStridedBatched<__nv_bfloat16 const>, cublasGemvTensorStridedBatched<__nv_bfloat16 const>, cublasGemvTensorStridedBatched<__nv_bfloat16>, float> >(cublasGemvParamsEx<int, cublasGemvTensorStridedBatched<__nv_bfloat16 const>, cublasGemvTensorStridedBatched<__nv_bfloat16 const>, cublasGemvTensorStridedBatched<__nv_bfloat16>, float>)	/root/share/mnt164/huangrulin/c16_ai_workload/raw/C16R_deepseek-v2-lite_s2-text_decode_nvbit-warp-mref-shard_v23r1-moe-e4-down_20260917T024000Z_b23b23b23b23/STATIC_MREF_MAP.tsv	1	2048
DEEPSEEK	327	LDG.E.U16.STRONG.SM	LDG.E.U16.STRONG.SM R111, [R118.64] ;	GLOBAL	LOAD	False	one dynamic warp access of this static memory operand	QUALIFIED	2	SASS opcode U16/S16 data-width suffix	mref_operand_index=single bracketed global address operand	std::enable_if<!(false), void>::type internal::gemvx::kernel<int, int, __nv_bfloat16, __nv_bfloat16, __nv_bfloat16, float, false, true, true, false, 6, false, cublasGemvParamsEx<int, cublasGemvTensorStridedBatched<__nv_bfloat16 const>, cublasGemvTensorStridedBatched<__nv_bfloat16 const>, cublasGemvTensorStridedBatched<__nv_bfloat16>, float> >(cublasGemvParamsEx<int, cublasGemvTensorStridedBatched<__nv_bfloat16 const>, cublasGemvTensorStridedBatched<__nv_bfloat16 const>, cublasGemvTensorStridedBatched<__nv_bfloat16>, float>)	/root/share/mnt164/huangrulin/c16_ai_workload/raw/C16R_deepseek-v2-lite_s2-text_decode_nvbit-warp-mref-shard_v23r1-moe-e4-down_20260917T024000Z_b23b23b23b23/STATIC_MREF_MAP.tsv	1	2048
DEEPSEEK	329	LDG.E.EF.U16	LDG.E.EF.U16 R112, [R152.64] ;	GLOBAL	LOAD	False	one dynamic warp access of this static memory operand	QUALIFIED	2	SASS opcode U16/S16 data-width suffix	mref_operand_index=single bracketed global address operand	std::enable_if<!(false), void>::type internal::gemvx::kernel<int, int, __nv_bfloat16, __nv_bfloat16, __nv_bfloat16, float, false, true, true, false, 6, false, cublasGemvParamsEx<int, cublasGemvTensorStridedBatched<__nv_bfloat16 const>, cublasGemvTensorStridedBatched<__nv_bfloat16 const>, cublasGemvTensorStridedBatched<__nv_bfloat16>, float> >(cublasGemvParamsEx<int, cublasGemvTensorStridedBatched<__nv_bfloat16 const>, cublasGemvTensorStridedBatched<__nv_bfloat16 const>, cublasGemvTensorStridedBatched<__nv_bfloat16>, float>)	/root/share/mnt164/huangrulin/c16_ai_workload/raw/C16R_deepseek-v2-lite_s2-text_decode_nvbit-warp-mref-shard_v23r1-moe-e4-down_20260917T024000Z_b23b23b23b23/STATIC_MREF_MAP.tsv	1	2048
DEEPSEEK	331	LDG.E.U16.STRONG.SM	LDG.E.U16.STRONG.SM R113, [R120.64] ;	GLOBAL	LOAD	False	one dynamic warp access of this static memory operand	QUALIFIED	2	SASS opcode U16/S16 data-width suffix	mref_operand_index=single bracketed global address operand	std::enable_if<!(false), void>::type internal::gemvx::kernel<int, int, __nv_bfloat16, __nv_bfloat16, __nv_bfloat16, float, false, true, true, false, 6, false, cublasGemvParamsEx<int, cublasGemvTensorStridedBatched<__nv_bfloat16 const>, cublasGemvTensorStridedBatched<__nv_bfloat16 const>, cublasGemvTensorStridedBatched<__nv_bfloat16>, float> >(cublasGemvParamsEx<int, cublasGemvTensorStridedBatched<__nv_bfloat16 const>, cublasGemvTensorStridedBatched<__nv_bfloat16 const>, cublasGemvTensorStridedBatched<__nv_bfloat16>, float>)	/root/share/mnt164/huangrulin/c16_ai_workload/raw/C16R_deepseek-v2-lite_s2-text_decode_nvbit-warp-mref-shard_v23r1-moe-e4-down_20260917T024000Z_b23b23b23b23/STATIC_MREF_MAP.tsv	1	2048
DEEPSEEK	333	LDG.E.EF.U16	LDG.E.EF.U16 R114, [R164.64] ;	GLOBAL	LOAD	False	one dynamic warp access of this static memory operand	QUALIFIED	2	SASS opcode U16/S16 data-width suffix	mref_operand_index=single bracketed global address operand	std::enable_if<!(false), void>::type internal::gemvx::kernel<int, int, __nv_bfloat16, __nv_bfloat16, __nv_bfloat16, float, false, true, true, false, 6, false, cublasGemvParamsEx<int, cublasGemvTensorStridedBatched<__nv_bfloat16 const>, cublasGemvTensorStridedBatched<__nv_bfloat16 const>, cublasGemvTensorStridedBatched<__nv_bfloat16>, float> >(cublasGemvParamsEx<int, cublasGemvTensorStridedBatched<__nv_bfloat16 const>, cublasGemvTensorStridedBatched<__nv_bfloat16 const>, cublasGemvTensorStridedBatched<__nv_bfloat16>, float>)	/root/share/mnt164/huangrulin/c16_ai_workload/raw/C16R_deepseek-v2-lite_s2-text_decode_nvbit-warp-mref-shard_v23r1-moe-e4-down_20260917T024000Z_b23b23b23b23/STATIC_MREF_MAP.tsv	1	2048
DEEPSEEK	335	LDG.E.U16.STRONG.SM	LDG.E.U16.STRONG.SM R115, [R122.64] ;	GLOBAL	LOAD	False	one dynamic warp access of this static memory operand	QUALIFIED	2	SASS opcode U16/S16 data-width suffix	mref_operand_index=single bracketed global address operand	std::enable_if<!(false), void>::type internal::gemvx::kernel<int, int, __nv_bfloat16, __nv_bfloat16, __nv_bfloat16, float, false, true, true, false, 6, false, cublasGemvParamsEx<int, cublasGemvTensorStridedBatched<__nv_bfloat16 const>, cublasGemvTensorStridedBatched<__nv_bfloat16 const>, cublasGemvTensorStridedBatched<__nv_bfloat16>, float> >(cublasGemvParamsEx<int, cublasGemvTensorStridedBatched<__nv_bfloat16 const>, cublasGemvTensorStridedBatched<__nv_bfloat16 const>, cublasGemvTensorStridedBatched<__nv_bfloat16>, float>)	/root/share/mnt164/huangrulin/c16_ai_workload/raw/C16R_deepseek-v2-lite_s2-text_decode_nvbit-warp-mref-shard_v23r1-moe-e4-down_20260917T024000Z_b23b23b23b23/STATIC_MREF_MAP.tsv	1	2048
DEEPSEEK	337	LDG.E.EF.U16	LDG.E.EF.U16 R116, [R150.64] ;	GLOBAL	LOAD	False	one dynamic warp access of this static memory operand	QUALIFIED	2	SASS opcode U16/S16 data-width suffix	mref_operand_index=single bracketed global address operand	std::enable_if<!(false), void>::type internal::gemvx::kernel<int, int, __nv_bfloat16, __nv_bfloat16, __nv_bfloat16, float, false, true, true, false, 6, false, cublasGemvParamsEx<int, cublasGemvTensorStridedBatched<__nv_bfloat16 const>, cublasGemvTensorStridedBatched<__nv_bfloat16 const>, cublasGemvTensorStridedBatched<__nv_bfloat16>, float> >(cublasGemvParamsEx<int, cublasGemvTensorStridedBatched<__nv_bfloat16 const>, cublasGemvTensorStridedBatched<__nv_bfloat16 const>, cublasGemvTensorStridedBatched<__nv_bfloat16>, float>)	/root/share/mnt164/huangrulin/c16_ai_workload/raw/C16R_deepseek-v2-lite_s2-text_decode_nvbit-warp-mref-shard_v23r1-moe-e4-down_20260917T024000Z_b23b23b23b23/STATIC_MREF_MAP.tsv	1	2048
DEEPSEEK	339	LDG.E.U16.STRONG.SM	LDG.E.U16.STRONG.SM R117, [R148.64] ;	GLOBAL	LOAD	False	one dynamic warp access of this static memory operand	QUALIFIED	2	SASS opcode U16/S16 data-width suffix	mref_operand_index=single bracketed global address operand	std::enable_if<!(false), void>::type internal::gemvx::kernel<int, int, __nv_bfloat16, __nv_bfloat16, __nv_bfloat16, float, false, true, true, false, 6, false, cublasGemvParamsEx<int, cublasGemvTensorStridedBatched<__nv_bfloat16 const>, cublasGemvTensorStridedBatched<__nv_bfloat16 const>, cublasGemvTensorStridedBatched<__nv_bfloat16>, float> >(cublasGemvParamsEx<int, cublasGemvTensorStridedBatched<__nv_bfloat16 const>, cublasGemvTensorStridedBatched<__nv_bfloat16 const>, cublasGemvTensorStridedBatched<__nv_bfloat16>, float>)	/root/share/mnt164/huangrulin/c16_ai_workload/raw/C16R_deepseek-v2-lite_s2-text_decode_nvbit-warp-mref-shard_v23r1-moe-e4-down_20260917T024000Z_b23b23b23b23/STATIC_MREF_MAP.tsv	1	2048
DEEPSEEK	341	LDG.E.EF.U16	LDG.E.EF.U16 R118, [R162.64] ;	GLOBAL	LOAD	False	one dynamic warp access of this static memory operand	QUALIFIED	2	SASS opcode U16/S16 data-width suffix	mref_operand_index=single bracketed global address operand	std::enable_if<!(false), void>::type internal::gemvx::kernel<int, int, __nv_bfloat16, __nv_bfloat16, __nv_bfloat16, float, false, true, true, false, 6, false, cublasGemvParamsEx<int, cublasGemvTensorStridedBatched<__nv_bfloat16 const>, cublasGemvTensorStridedBatched<__nv_bfloat16 const>, cublasGemvTensorStridedBatched<__nv_bfloat16>, float> >(cublasGemvParamsEx<int, cublasGemvTensorStridedBatched<__nv_bfloat16 const>, cublasGemvTensorStridedBatched<__nv_bfloat16 const>, cublasGemvTensorStridedBatched<__nv_bfloat16>, float>)	/root/share/mnt164/huangrulin/c16_ai_workload/raw/C16R_deepseek-v2-lite_s2-text_decode_nvbit-warp-mref-shard_v23r1-moe-e4-down_20260917T024000Z_b23b23b23b23/STATIC_MREF_MAP.tsv	1	2048
DEEPSEEK	343	LDG.E.U16.STRONG.SM	LDG.E.U16.STRONG.SM R119, [R160.64] ;	GLOBAL	LOAD	False	one dynamic warp access of this static memory operand	QUALIFIED	2	SASS opcode U16/S16 data-width suffix	mref_operand_index=single bracketed global address operand	std::enable_if<!(false), void>::type internal::gemvx::kernel<int, int, __nv_bfloat16, __nv_bfloat16, __nv_bfloat16, float, false, true, true, false, 6, false, cublasGemvParamsEx<int, cublasGemvTensorStridedBatched<__nv_bfloat16 const>, cublasGemvTensorStridedBatched<__nv_bfloat16 const>, cublasGemvTensorStridedBatched<__nv_bfloat16>, float> >(cublasGemvParamsEx<int, cublasGemvTensorStridedBatched<__nv_bfloat16 const>, cublasGemvTensorStridedBatched<__nv_bfloat16 const>, cublasGemvTensorStridedBatched<__nv_bfloat16>, float>)	/root/share/mnt164/huangrulin/c16_ai_workload/raw/C16R_deepseek-v2-lite_s2-text_decode_nvbit-warp-mref-shard_v23r1-moe-e4-down_20260917T024000Z_b23b23b23b23/STATIC_MREF_MAP.tsv	1	2048
DEEPSEEK	345	LDG.E.EF.U16	LDG.E.EF.U16 R120, [R158.64] ;	GLOBAL	LOAD	False	one dynamic warp access of this static memory operand	QUALIFIED	2	SASS opcode U16/S16 data-width suffix	mref_operand_index=single bracketed global address operand	std::enable_if<!(false), void>::type internal::gemvx::kernel<int, int, __nv_bfloat16, __nv_bfloat16, __nv_bfloat16, float, false, true, true, false, 6, false, cublasGemvParamsEx<int, cublasGemvTensorStridedBatched<__nv_bfloat16 const>, cublasGemvTensorStridedBatched<__nv_bfloat16 const>, cublasGemvTensorStridedBatched<__nv_bfloat16>, float> >(cublasGemvParamsEx<int, cublasGemvTensorStridedBatched<__nv_bfloat16 const>, cublasGemvTensorStridedBatched<__nv_bfloat16 const>, cublasGemvTensorStridedBatched<__nv_bfloat16>, float>)	/root/share/mnt164/huangrulin/c16_ai_workload/raw/C16R_deepseek-v2-lite_s2-text_decode_nvbit-warp-mref-shard_v23r1-moe-e4-down_20260917T024000Z_b23b23b23b23/STATIC_MREF_MAP.tsv	1	2048
DEEPSEEK	347	LDG.E.U16.STRONG.SM	LDG.E.U16.STRONG.SM R121, [R156.64] ;	GLOBAL	LOAD	False	one dynamic warp access of this static memory operand	QUALIFIED	2	SASS opcode U16/S16 data-width suffix	mref_operand_index=single bracketed global address operand	std::enable_if<!(false), void>::type internal::gemvx::kernel<int, int, __nv_bfloat16, __nv_bfloat16, __nv_bfloat16, float, false, true, true, false, 6, false, cublasGemvParamsEx<int, cublasGemvTensorStridedBatched<__nv_bfloat16 const>, cublasGemvTensorStridedBatched<__nv_bfloat16 const>, cublasGemvTensorStridedBatched<__nv_bfloat16>, float> >(cublasGemvParamsEx<int, cublasGemvTensorStridedBatched<__nv_bfloat16 const>, cublasGemvTensorStridedBatched<__nv_bfloat16 const>, cublasGemvTensorStridedBatched<__nv_bfloat16>, float>)	/root/share/mnt164/huangrulin/c16_ai_workload/raw/C16R_deepseek-v2-lite_s2-text_decode_nvbit-warp-mref-shard_v23r1-moe-e4-down_20260917T024000Z_b23b23b23b23/STATIC_MREF_MAP.tsv	1	2048
DEEPSEEK	349	LDG.E.EF.U16	LDG.E.EF.U16 R122, [R154.64] ;	GLOBAL	LOAD	False	one dynamic warp access of this static memory operand	QUALIFIED	2	SASS opcode U16/S16 data-width suffix	mref_operand_index=single bracketed global address operand	std::enable_if<!(false), void>::type internal::gemvx::kernel<int, int, __nv_bfloat16, __nv_bfloat16, __nv_bfloat16, float, false, true, true, false, 6, false, cublasGemvParamsEx<int, cublasGemvTensorStridedBatched<__nv_bfloat16 const>, cublasGemvTensorStridedBatched<__nv_bfloat16 const>, cublasGemvTensorStridedBatched<__nv_bfloat16>, float> >(cublasGemvParamsEx<int, cublasGemvTensorStridedBatched<__nv_bfloat16 const>, cublasGemvTensorStridedBatched<__nv_bfloat16 const>, cublasGemvTensorStridedBatched<__nv_bfloat16>, float>)	/root/share/mnt164/huangrulin/c16_ai_workload/raw/C16R_deepseek-v2-lite_s2-text_decode_nvbit-warp-mref-shard_v23r1-moe-e4-down_20260917T024000Z_b23b23b23b23/STATIC_MREF_MAP.tsv	1	2048
DEEPSEEK	351	LDG.E.U16.STRONG.SM	LDG.E.U16.STRONG.SM R123, [R152.64] ;	GLOBAL	LOAD	False	one dynamic warp access of this static memory operand	QUALIFIED	2	SASS opcode U16/S16 data-width suffix	mref_operand_index=single bracketed global address operand	std::enable_if<!(false), void>::type internal::gemvx::kernel<int, int, __nv_bfloat16, __nv_bfloat16, __nv_bfloat16, float, false, true, true, false, 6, false, cublasGemvParamsEx<int, cublasGemvTensorStridedBatched<__nv_bfloat16 const>, cublasGemvTensorStridedBatched<__nv_bfloat16 const>, cublasGemvTensorStridedBatched<__nv_bfloat16>, float> >(cublasGemvParamsEx<int, cublasGemvTensorStridedBatched<__nv_bfloat16 const>, cublasGemvTensorStridedBatched<__nv_bfloat16 const>, cublasGemvTensorStridedBatched<__nv_bfloat16>, float>)	/root/share/mnt164/huangrulin/c16_ai_workload/raw/C16R_deepseek-v2-lite_s2-text_decode_nvbit-warp-mref-shard_v23r1-moe-e4-down_20260917T024000Z_b23b23b23b23/STATIC_MREF_MAP.tsv	1	2048
DEEPSEEK	352	LDG.E.EF.U16	LDG.E.EF.U16 R124, [R150.64] ;	GLOBAL	LOAD	False	one dynamic warp access of this static memory operand	QUALIFIED	2	SASS opcode U16/S16 data-width suffix	mref_operand_index=single bracketed global address operand	std::enable_if<!(false), void>::type internal::gemvx::kernel<int, int, __nv_bfloat16, __nv_bfloat16, __nv_bfloat16, float, false, true, true, false, 6, false, cublasGemvParamsEx<int, cublasGemvTensorStridedBatched<__nv_bfloat16 const>, cublasGemvTensorStridedBatched<__nv_bfloat16 const>, cublasGemvTensorStridedBatched<__nv_bfloat16>, float> >(cublasGemvParamsEx<int, cublasGemvTensorStridedBatched<__nv_bfloat16 const>, cublasGemvTensorStridedBatched<__nv_bfloat16 const>, cublasGemvTensorStridedBatched<__nv_bfloat16>, float>)	/root/share/mnt164/huangrulin/c16_ai_workload/raw/C16R_deepseek-v2-lite_s2-text_decode_nvbit-warp-mref-shard_v23r1-moe-e4-down_20260917T024000Z_b23b23b23b23/STATIC_MREF_MAP.tsv	1	2048
DEEPSEEK	353	LDG.E.U16.STRONG.SM	LDG.E.U16.STRONG.SM R125, [R148.64] ;	GLOBAL	LOAD	False	one dynamic warp access of this static memory operand	QUALIFIED	2	SASS opcode U16/S16 data-width suffix	mref_operand_index=single bracketed global address operand	std::enable_if<!(false), void>::type internal::gemvx::kernel<int, int, __nv_bfloat16, __nv_bfloat16, __nv_bfloat16, float, false, true, true, false, 6, false, cublasGemvParamsEx<int, cublasGemvTensorStridedBatched<__nv_bfloat16 const>, cublasGemvTensorStridedBatched<__nv_bfloat16 const>, cublasGemvTensorStridedBatched<__nv_bfloat16>, float> >(cublasGemvParamsEx<int, cublasGemvTensorStridedBatched<__nv_bfloat16 const>, cublasGemvTensorStridedBatched<__nv_bfloat16 const>, cublasGemvTensorStridedBatched<__nv_bfloat16>, float>)	/root/share/mnt164/huangrulin/c16_ai_workload/raw/C16R_deepseek-v2-lite_s2-text_decode_nvbit-warp-mref-shard_v23r1-moe-e4-down_20260917T024000Z_b23b23b23b23/STATIC_MREF_MAP.tsv	1	2048
DEEPSEEK	564	LDG.E.EF.U16	LDG.E.EF.U16 R42, [R20.64] ;	GLOBAL	LOAD	False	one dynamic warp access of this static memory operand	QUALIFIED	2	SASS opcode U16/S16 data-width suffix	mref_operand_index=single bracketed global address operand	std::enable_if<!(false), void>::type internal::gemvx::kernel<int, int, __nv_bfloat16, __nv_bfloat16, __nv_bfloat16, float, false, true, true, false, 6, false, cublasGemvParamsEx<int, cublasGemvTensorStridedBatched<__nv_bfloat16 const>, cublasGemvTensorStridedBatched<__nv_bfloat16 const>, cublasGemvTensorStridedBatched<__nv_bfloat16>, float> >(cublasGemvParamsEx<int, cublasGemvTensorStridedBatched<__nv_bfloat16 const>, cublasGemvTensorStridedBatched<__nv_bfloat16 const>, cublasGemvTensorStridedBatched<__nv_bfloat16>, float>)	/root/share/mnt164/huangrulin/c16_ai_workload/raw/C16R_deepseek-v2-lite_s2-text_decode_nvbit-warp-mref-shard_v23r1-moe-e4-down_20260917T024000Z_b23b23b23b23/STATIC_MREF_MAP.tsv	1	0
DEEPSEEK	566	LDG.E.EF.U16	LDG.E.EF.U16 R67, [R22.64] ;	GLOBAL	LOAD	False	one dynamic warp access of this static memory operand	QUALIFIED	2	SASS opcode U16/S16 data-width suffix	mref_operand_index=single bracketed global address operand	std::enable_if<!(false), void>::type internal::gemvx::kernel<int, int, __nv_bfloat16, __nv_bfloat16, __nv_bfloat16, float, false, true, true, false, 6, false, cublasGemvParamsEx<int, cublasGemvTensorStridedBatched<__nv_bfloat16 const>, cublasGemvTensorStridedBatched<__nv_bfloat16 const>, cublasGemvTensorStridedBatched<__nv_bfloat16>, float> >(cublasGemvParamsEx<int, cublasGemvTensorStridedBatched<__nv_bfloat16 const>, cublasGemvTensorStridedBatched<__nv_bfloat16 const>, cublasGemvTensorStridedBatched<__nv_bfloat16>, float>)	/root/share/mnt164/huangrulin/c16_ai_workload/raw/C16R_deepseek-v2-lite_s2-text_decode_nvbit-warp-mref-shard_v23r1-moe-e4-down_20260917T024000Z_b23b23b23b23/STATIC_MREF_MAP.tsv	1	0
DEEPSEEK	568	LDG.E.U16.STRONG.SM	LDG.E.U16.STRONG.SM R44, [R44.64] ;	GLOBAL	LOAD	False	one dynamic warp access of this static memory operand	QUALIFIED	2	SASS opcode U16/S16 data-width suffix	mref_operand_index=single bracketed global address operand	std::enable_if<!(false), void>::type internal::gemvx::kernel<int, int, __nv_bfloat16, __nv_bfloat16, __nv_bfloat16, float, false, true, true, false, 6, false, cublasGemvParamsEx<int, cublasGemvTensorStridedBatched<__nv_bfloat16 const>, cublasGemvTensorStridedBatched<__nv_bfloat16 const>, cublasGemvTensorStridedBatched<__nv_bfloat16>, float> >(cublasGemvParamsEx<int, cublasGemvTensorStridedBatched<__nv_bfloat16 const>, cublasGemvTensorStridedBatched<__nv_bfloat16 const>, cublasGemvTensorStridedBatched<__nv_bfloat16>, float>)	/root/share/mnt164/huangrulin/c16_ai_workload/raw/C16R_deepseek-v2-lite_s2-text_decode_nvbit-warp-mref-shard_v23r1-moe-e4-down_20260917T024000Z_b23b23b23b23/STATIC_MREF_MAP.tsv	1	0
DEEPSEEK	570	LDG.E.U16.STRONG.SM	LDG.E.U16.STRONG.SM R66, [R30.64] ;	GLOBAL	LOAD	False	one dynamic warp access of this static memory operand	QUALIFIED	2	SASS opcode U16/S16 data-width suffix	mref_operand_index=single bracketed global address operand	std::enable_if<!(false), void>::type internal::gemvx::kernel<int, int, __nv_bfloat16, __nv_bfloat16, __nv_bfloat16, float, false, true, true, false, 6, false, cublasGemvParamsEx<int, cublasGemvTensorStridedBatched<__nv_bfloat16 const>, cublasGemvTensorStridedBatched<__nv_bfloat16 const>, cublasGemvTensorStridedBatched<__nv_bfloat16>, float> >(cublasGemvParamsEx<int, cublasGemvTensorStridedBatched<__nv_bfloat16 const>, cublasGemvTensorStridedBatched<__nv_bfloat16 const>, cublasGemvTensorStridedBatched<__nv_bfloat16>, float>)	/root/share/mnt164/huangrulin/c16_ai_workload/raw/C16R_deepseek-v2-lite_s2-text_decode_nvbit-warp-mref-shard_v23r1-moe-e4-down_20260917T024000Z_b23b23b23b23/STATIC_MREF_MAP.tsv	1	0
DEEPSEEK	572	LDG.E.EF.U16	LDG.E.EF.U16 R65, [R34.64] ;	GLOBAL	LOAD	False	one dynamic warp access of this static memory operand	QUALIFIED	2	SASS opcode U16/S16 data-width suffix	mref_operand_index=single bracketed global address operand	std::enable_if<!(false), void>::type internal::gemvx::kernel<int, int, __nv_bfloat16, __nv_bfloat16, __nv_bfloat16, float, false, true, true, false, 6, false, cublasGemvParamsEx<int, cublasGemvTensorStridedBatched<__nv_bfloat16 const>, cublasGemvTensorStridedBatched<__nv_bfloat16 const>, cublasGemvTensorStridedBatched<__nv_bfloat16>, float> >(cublasGemvParamsEx<int, cublasGemvTensorStridedBatched<__nv_bfloat16 const>, cublasGemvTensorStridedBatched<__nv_bfloat16 const>, cublasGemvTensorStridedBatched<__nv_bfloat16>, float>)	/root/share/mnt164/huangrulin/c16_ai_workload/raw/C16R_deepseek-v2-lite_s2-text_decode_nvbit-warp-mref-shard_v23r1-moe-e4-down_20260917T024000Z_b23b23b23b23/STATIC_MREF_MAP.tsv	1	0
DEEPSEEK	574	LDG.E.U16.STRONG.SM	LDG.E.U16.STRONG.SM R64, [R36.64] ;	GLOBAL	LOAD	False	one dynamic warp access of this static memory operand	QUALIFIED	2	SASS opcode U16/S16 data-width suffix	mref_operand_index=single bracketed global address operand	std::enable_if<!(false), void>::type internal::gemvx::kernel<int, int, __nv_bfloat16, __nv_bfloat16, __nv_bfloat16, float, false, true, true, false, 6, false, cublasGemvParamsEx<int, cublasGemvTensorStridedBatched<__nv_bfloat16 const>, cublasGemvTensorStridedBatched<__nv_bfloat16 const>, cublasGemvTensorStridedBatched<__nv_bfloat16>, float> >(cublasGemvParamsEx<int, cublasGemvTensorStridedBatched<__nv_bfloat16 const>, cublasGemvTensorStridedBatched<__nv_bfloat16 const>, cublasGemvTensorStridedBatched<__nv_bfloat16>, float>)	/root/share/mnt164/huangrulin/c16_ai_workload/raw/C16R_deepseek-v2-lite_s2-text_decode_nvbit-warp-mref-shard_v23r1-moe-e4-down_20260917T024000Z_b23b23b23b23/STATIC_MREF_MAP.tsv	1	0
DEEPSEEK	576	LDG.E.EF.U16	LDG.E.EF.U16 R63, [R38.64] ;	GLOBAL	LOAD	False	one dynamic warp access of this static memory operand	QUALIFIED	2	SASS opcode U16/S16 data-width suffix	mref_operand_index=single bracketed global address operand	std::enable_if<!(false), void>::type internal::gemvx::kernel<int, int, __nv_bfloat16, __nv_bfloat16, __nv_bfloat16, float, false, true, true, false, 6, false, cublasGemvParamsEx<int, cublasGemvTensorStridedBatched<__nv_bfloat16 const>, cublasGemvTensorStridedBatched<__nv_bfloat16 const>, cublasGemvTensorStridedBatched<__nv_bfloat16>, float> >(cublasGemvParamsEx<int, cublasGemvTensorStridedBatched<__nv_bfloat16 const>, cublasGemvTensorStridedBatched<__nv_bfloat16 const>, cublasGemvTensorStridedBatched<__nv_bfloat16>, float>)	/root/share/mnt164/huangrulin/c16_ai_workload/raw/C16R_deepseek-v2-lite_s2-text_decode_nvbit-warp-mref-shard_v23r1-moe-e4-down_20260917T024000Z_b23b23b23b23/STATIC_MREF_MAP.tsv	1	0
DEEPSEEK	578	LDG.E.U16.STRONG.SM	LDG.E.U16.STRONG.SM R62, [R48.64] ;	GLOBAL	LOAD	False	one dynamic warp access of this static memory operand	QUALIFIED	2	SASS opcode U16/S16 data-width suffix	mref_operand_index=single bracketed global address operand	std::enable_if<!(false), void>::type internal::gemvx::kernel<int, int, __nv_bfloat16, __nv_bfloat16, __nv_bfloat16, float, false, true, true, false, 6, false, cublasGemvParamsEx<int, cublasGemvTensorStridedBatched<__nv_bfloat16 const>, cublasGemvTensorStridedBatched<__nv_bfloat16 const>, cublasGemvTensorStridedBatched<__nv_bfloat16>, float> >(cublasGemvParamsEx<int, cublasGemvTensorStridedBatched<__nv_bfloat16 const>, cublasGemvTensorStridedBatched<__nv_bfloat16 const>, cublasGemvTensorStridedBatched<__nv_bfloat16>, float>)	/root/share/mnt164/huangrulin/c16_ai_workload/raw/C16R_deepseek-v2-lite_s2-text_decode_nvbit-warp-mref-shard_v23r1-moe-e4-down_20260917T024000Z_b23b23b23b23/STATIC_MREF_MAP.tsv	1	0
DEEPSEEK	580	LDG.E.EF.U16	LDG.E.EF.U16 R61, [R50.64] ;	GLOBAL	LOAD	False	one dynamic warp access of this static memory operand	QUALIFIED	2	SASS opcode U16/S16 data-width suffix	mref_operand_index=single bracketed global address operand	std::enable_if<!(false), void>::type internal::gemvx::kernel<int, int, __nv_bfloat16, __nv_bfloat16, __nv_bfloat16, float, false, true, true, false, 6, false, cublasGemvParamsEx<int, cublasGemvTensorStridedBatched<__nv_bfloat16 const>, cublasGemvTensorStridedBatched<__nv_bfloat16 const>, cublasGemvTensorStridedBatched<__nv_bfloat16>, float> >(cublasGemvParamsEx<int, cublasGemvTensorStridedBatched<__nv_bfloat16 const>, cublasGemvTensorStridedBatched<__nv_bfloat16 const>, cublasGemvTensorStridedBatched<__nv_bfloat16>, float>)	/root/share/mnt164/huangrulin/c16_ai_workload/raw/C16R_deepseek-v2-lite_s2-text_decode_nvbit-warp-mref-shard_v23r1-moe-e4-down_20260917T024000Z_b23b23b23b23/STATIC_MREF_MAP.tsv	1	0
DEEPSEEK	582	LDG.E.U16.STRONG.SM	LDG.E.U16.STRONG.SM R60, [R52.64] ;	GLOBAL	LOAD	False	one dynamic warp access of this static memory operand	QUALIFIED	2	SASS opcode U16/S16 data-width suffix	mref_operand_index=single bracketed global address operand	std::enable_if<!(false), void>::type internal::gemvx::kernel<int, int, __nv_bfloat16, __nv_bfloat16, __nv_bfloat16, float, false, true, true, false, 6, false, cublasGemvParamsEx<int, cublasGemvTensorStridedBatched<__nv_bfloat16 const>, cublasGemvTensorStridedBatched<__nv_bfloat16 const>, cublasGemvTensorStridedBatched<__nv_bfloat16>, float> >(cublasGemvParamsEx<int, cublasGemvTensorStridedBatched<__nv_bfloat16 const>, cublasGemvTensorStridedBatched<__nv_bfloat16 const>, cublasGemvTensorStridedBatched<__nv_bfloat16>, float>)	/root/share/mnt164/huangrulin/c16_ai_workload/raw/C16R_deepseek-v2-lite_s2-text_decode_nvbit-warp-mref-shard_v23r1-moe-e4-down_20260917T024000Z_b23b23b23b23/STATIC_MREF_MAP.tsv	1	0
DEEPSEEK	584	LDG.E.EF.U16	LDG.E.EF.U16 R59, [R76.64] ;	GLOBAL	LOAD	False	one dynamic warp access of this static memory operand	QUALIFIED	2	SASS opcode U16/S16 data-width suffix	mref_operand_index=single bracketed global address operand	std::enable_if<!(false), void>::type internal::gemvx::kernel<int, int, __nv_bfloat16, __nv_bfloat16, __nv_bfloat16, float, false, true, true, false, 6, false, cublasGemvParamsEx<int, cublasGemvTensorStridedBatched<__nv_bfloat16 const>, cublasGemvTensorStridedBatched<__nv_bfloat16 const>, cublasGemvTensorStridedBatched<__nv_bfloat16>, float> >(cublasGemvParamsEx<int, cublasGemvTensorStridedBatched<__nv_bfloat16 const>, cublasGemvTensorStridedBatched<__nv_bfloat16 const>, cublasGemvTensorStridedBatched<__nv_bfloat16>, float>)	/root/share/mnt164/huangrulin/c16_ai_workload/raw/C16R_deepseek-v2-lite_s2-text_decode_nvbit-warp-mref-shard_v23r1-moe-e4-down_20260917T024000Z_b23b23b23b23/STATIC_MREF_MAP.tsv	1	0
DEEPSEEK	586	LDG.E.U16.STRONG.SM	LDG.E.U16.STRONG.SM R58, [R78.64] ;	GLOBAL	LOAD	False	one dynamic warp access of this static memory operand	QUALIFIED	2	SASS opcode U16/S16 data-width suffix	mref_operand_index=single bracketed global address operand	std::enable_if<!(false), void>::type internal::gemvx::kernel<int, int, __nv_bfloat16, __nv_bfloat16, __nv_bfloat16, float, false, true, true, false, 6, false, cublasGemvParamsEx<int, cublasGemvTensorStridedBatched<__nv_bfloat16 const>, cublasGemvTensorStridedBatched<__nv_bfloat16 const>, cublasGemvTensorStridedBatched<__nv_bfloat16>, float> >(cublasGemvParamsEx<int, cublasGemvTensorStridedBatched<__nv_bfloat16 const>, cublasGemvTensorStridedBatched<__nv_bfloat16 const>, cublasGemvTensorStridedBatched<__nv_bfloat16>, float>)	/root/share/mnt164/huangrulin/c16_ai_workload/raw/C16R_deepseek-v2-lite_s2-text_decode_nvbit-warp-mref-shard_v23r1-moe-e4-down_20260917T024000Z_b23b23b23b23/STATIC_MREF_MAP.tsv	1	0
DEEPSEEK	588	LDG.E.EF.U16	LDG.E.EF.U16 R57, [R80.64] ;	GLOBAL	LOAD	False	one dynamic warp access of this static memory operand	QUALIFIED	2	SASS opcode U16/S16 data-width suffix	mref_operand_index=single bracketed global address operand	std::enable_if<!(false), void>::type internal::gemvx::kernel<int, int, __nv_bfloat16, __nv_bfloat16, __nv_bfloat16, float, false, true, true, false, 6, false, cublasGemvParamsEx<int, cublasGemvTensorStridedBatched<__nv_bfloat16 const>, cublasGemvTensorStridedBatched<__nv_bfloat16 const>, cublasGemvTensorStridedBatched<__nv_bfloat16>, float> >(cublasGemvParamsEx<int, cublasGemvTensorStridedBatched<__nv_bfloat16 const>, cublasGemvTensorStridedBatched<__nv_bfloat16 const>, cublasGemvTensorStridedBatched<__nv_bfloat16>, float>)	/root/share/mnt164/huangrulin/c16_ai_workload/raw/C16R_deepseek-v2-lite_s2-text_decode_nvbit-warp-mref-shard_v23r1-moe-e4-down_20260917T024000Z_b23b23b23b23/STATIC_MREF_MAP.tsv	1	0
DEEPSEEK	590	LDG.E.U16.STRONG.SM	LDG.E.U16.STRONG.SM R56, [R46.64] ;	GLOBAL	LOAD	False	one dynamic warp access of this static memory operand	QUALIFIED	2	SASS opcode U16/S16 data-width suffix	mref_operand_index=single bracketed global address operand	std::enable_if<!(false), void>::type internal::gemvx::kernel<int, int, __nv_bfloat16, __nv_bfloat16, __nv_bfloat16, float, false, true, true, false, 6, false, cublasGemvParamsEx<int, cublasGemvTensorStridedBatched<__nv_bfloat16 const>, cublasGemvTensorStridedBatched<__nv_bfloat16 const>, cublasGemvTensorStridedBatched<__nv_bfloat16>, float> >(cublasGemvParamsEx<int, cublasGemvTensorStridedBatched<__nv_bfloat16 const>, cublasGemvTensorStridedBatched<__nv_bfloat16 const>, cublasGemvTensorStridedBatched<__nv_bfloat16>, float>)	/root/share/mnt164/huangrulin/c16_ai_workload/raw/C16R_deepseek-v2-lite_s2-text_decode_nvbit-warp-mref-shard_v23r1-moe-e4-down_20260917T024000Z_b23b23b23b23/STATIC_MREF_MAP.tsv	1	0
DEEPSEEK	592	LDG.E.EF.U16	LDG.E.EF.U16 R55, [R24.64] ;	GLOBAL	LOAD	False	one dynamic warp access of this static memory operand	QUALIFIED	2	SASS opcode U16/S16 data-width suffix	mref_operand_index=single bracketed global address operand	std::enable_if<!(false), void>::type internal::gemvx::kernel<int, int, __nv_bfloat16, __nv_bfloat16, __nv_bfloat16, float, false, true, true, false, 6, false, cublasGemvParamsEx<int, cublasGemvTensorStridedBatched<__nv_bfloat16 const>, cublasGemvTensorStridedBatched<__nv_bfloat16 const>, cublasGemvTensorStridedBatched<__nv_bfloat16>, float> >(cublasGemvParamsEx<int, cublasGemvTensorStridedBatched<__nv_bfloat16 const>, cublasGemvTensorStridedBatched<__nv_bfloat16 const>, cublasGemvTensorStridedBatched<__nv_bfloat16>, float>)	/root/share/mnt164/huangrulin/c16_ai_workload/raw/C16R_deepseek-v2-lite_s2-text_decode_nvbit-warp-mref-shard_v23r1-moe-e4-down_20260917T024000Z_b23b23b23b23/STATIC_MREF_MAP.tsv	1	0
DEEPSEEK	594	LDG.E.U16.STRONG.SM	LDG.E.U16.STRONG.SM R54, [R12.64] ;	GLOBAL	LOAD	False	one dynamic warp access of this static memory operand	QUALIFIED	2	SASS opcode U16/S16 data-width suffix	mref_operand_index=single bracketed global address operand	std::enable_if<!(false), void>::type internal::gemvx::kernel<int, int, __nv_bfloat16, __nv_bfloat16, __nv_bfloat16, float, false, true, true, false, 6, false, cublasGemvParamsEx<int, cublasGemvTensorStridedBatched<__nv_bfloat16 const>, cublasGemvTensorStridedBatched<__nv_bfloat16 const>, cublasGemvTensorStridedBatched<__nv_bfloat16>, float> >(cublasGemvParamsEx<int, cublasGemvTensorStridedBatched<__nv_bfloat16 const>, cublasGemvTensorStridedBatched<__nv_bfloat16 const>, cublasGemvTensorStridedBatched<__nv_bfloat16>, float>)	/root/share/mnt164/huangrulin/c16_ai_workload/raw/C16R_deepseek-v2-lite_s2-text_decode_nvbit-warp-mref-shard_v23r1-moe-e4-down_20260917T024000Z_b23b23b23b23/STATIC_MREF_MAP.tsv	1	0
DEEPSEEK	596	LDG.E.EF.U16	LDG.E.EF.U16 R53, [R68.64] ;	GLOBAL	LOAD	False	one dynamic warp access of this static memory operand	QUALIFIED	2	SASS opcode U16/S16 data-width suffix	mref_operand_index=single bracketed global address operand	std::enable_if<!(false), void>::type internal::gemvx::kernel<int, int, __nv_bfloat16, __nv_bfloat16, __nv_bfloat16, float, false, true, true, false, 6, false, cublasGemvParamsEx<int, cublasGemvTensorStridedBatched<__nv_bfloat16 const>, cublasGemvTensorStridedBatched<__nv_bfloat16 const>, cublasGemvTensorStridedBatched<__nv_bfloat16>, float> >(cublasGemvParamsEx<int, cublasGemvTensorStridedBatched<__nv_bfloat16 const>, cublasGemvTensorStridedBatched<__nv_bfloat16 const>, cublasGemvTensorStridedBatched<__nv_bfloat16>, float>)	/root/share/mnt164/huangrulin/c16_ai_workload/raw/C16R_deepseek-v2-lite_s2-text_decode_nvbit-warp-mref-shard_v23r1-moe-e4-down_20260917T024000Z_b23b23b23b23/STATIC_MREF_MAP.tsv	1	0
DEEPSEEK	598	LDG.E.U16.STRONG.SM	LDG.E.U16.STRONG.SM R52, [R16.64] ;	GLOBAL	LOAD	False	one dynamic warp access of this static memory operand	QUALIFIED	2	SASS opcode U16/S16 data-width suffix	mref_operand_index=single bracketed global address operand	std::enable_if<!(false), void>::type internal::gemvx::kernel<int, int, __nv_bfloat16, __nv_bfloat16, __nv_bfloat16, float, false, true, true, false, 6, false, cublasGemvParamsEx<int, cublasGemvTensorStridedBatched<__nv_bfloat16 const>, cublasGemvTensorStridedBatched<__nv_bfloat16 const>, cublasGemvTensorStridedBatched<__nv_bfloat16>, float> >(cublasGemvParamsEx<int, cublasGemvTensorStridedBatched<__nv_bfloat16 const>, cublasGemvTensorStridedBatched<__nv_bfloat16 const>, cublasGemvTensorStridedBatched<__nv_bfloat16>, float>)	/root/share/mnt164/huangrulin/c16_ai_workload/raw/C16R_deepseek-v2-lite_s2-text_decode_nvbit-warp-mref-shard_v23r1-moe-e4-down_20260917T024000Z_b23b23b23b23/STATIC_MREF_MAP.tsv	1	0
DEEPSEEK	600	LDG.E.EF.U16	LDG.E.EF.U16 R51, [R14.64] ;	GLOBAL	LOAD	False	one dynamic warp access of this static memory operand	QUALIFIED	2	SASS opcode U16/S16 data-width suffix	mref_operand_index=single bracketed global address operand	std::enable_if<!(false), void>::type internal::gemvx::kernel<int, int, __nv_bfloat16, __nv_bfloat16, __nv_bfloat16, float, false, true, true, false, 6, false, cublasGemvParamsEx<int, cublasGemvTensorStridedBatched<__nv_bfloat16 const>, cublasGemvTensorStridedBatched<__nv_bfloat16 const>, cublasGemvTensorStridedBatched<__nv_bfloat16>, float> >(cublasGemvParamsEx<int, cublasGemvTensorStridedBatched<__nv_bfloat16 const>, cublasGemvTensorStridedBatched<__nv_bfloat16 const>, cublasGemvTensorStridedBatched<__nv_bfloat16>, float>)	/root/share/mnt164/huangrulin/c16_ai_workload/raw/C16R_deepseek-v2-lite_s2-text_decode_nvbit-warp-mref-shard_v23r1-moe-e4-down_20260917T024000Z_b23b23b23b23/STATIC_MREF_MAP.tsv	1	0
DEEPSEEK	602	LDG.E.U16.STRONG.SM	LDG.E.U16.STRONG.SM R50, [R72.64] ;	GLOBAL	LOAD	False	one dynamic warp access of this static memory operand	QUALIFIED	2	SASS opcode U16/S16 data-width suffix	mref_operand_index=single bracketed global address operand	std::enable_if<!(false), void>::type internal::gemvx::kernel<int, int, __nv_bfloat16, __nv_bfloat16, __nv_bfloat16, float, false, true, true, false, 6, false, cublasGemvParamsEx<int, cublasGemvTensorStridedBatched<__nv_bfloat16 const>, cublasGemvTensorStridedBatched<__nv_bfloat16 const>, cublasGemvTensorStridedBatched<__nv_bfloat16>, float> >(cublasGemvParamsEx<int, cublasGemvTensorStridedBatched<__nv_bfloat16 const>, cublasGemvTensorStridedBatched<__nv_bfloat16 const>, cublasGemvTensorStridedBatched<__nv_bfloat16>, float>)	/root/share/mnt164/huangrulin/c16_ai_workload/raw/C16R_deepseek-v2-lite_s2-text_decode_nvbit-warp-mref-shard_v23r1-moe-e4-down_20260917T024000Z_b23b23b23b23/STATIC_MREF_MAP.tsv	1	0
DEEPSEEK	604	LDG.E.EF.U16	LDG.E.EF.U16 R49, [R8.64] ;	GLOBAL	LOAD	False	one dynamic warp access of this static memory operand	QUALIFIED	2	SASS opcode U16/S16 data-width suffix	mref_operand_index=single bracketed global address operand	std::enable_if<!(false), void>::type internal::gemvx::kernel<int, int, __nv_bfloat16, __nv_bfloat16, __nv_bfloat16, float, false, true, true, false, 6, false, cublasGemvParamsEx<int, cublasGemvTensorStridedBatched<__nv_bfloat16 const>, cublasGemvTensorStridedBatched<__nv_bfloat16 const>, cublasGemvTensorStridedBatched<__nv_bfloat16>, float> >(cublasGemvParamsEx<int, cublasGemvTensorStridedBatched<__nv_bfloat16 const>, cublasGemvTensorStridedBatched<__nv_bfloat16 const>, cublasGemvTensorStridedBatched<__nv_bfloat16>, float>)	/root/share/mnt164/huangrulin/c16_ai_workload/raw/C16R_deepseek-v2-lite_s2-text_decode_nvbit-warp-mref-shard_v23r1-moe-e4-down_20260917T024000Z_b23b23b23b23/STATIC_MREF_MAP.tsv	1	0
DEEPSEEK	606	LDG.E.U16.STRONG.SM	LDG.E.U16.STRONG.SM R48, [R6.64] ;	GLOBAL	LOAD	False	one dynamic warp access of this static memory operand	QUALIFIED	2	SASS opcode U16/S16 data-width suffix	mref_operand_index=single bracketed global address operand	std::enable_if<!(false), void>::type internal::gemvx::kernel<int, int, __nv_bfloat16, __nv_bfloat16, __nv_bfloat16, float, false, true, true, false, 6, false, cublasGemvParamsEx<int, cublasGemvTensorStridedBatched<__nv_bfloat16 const>, cublasGemvTensorStridedBatched<__nv_bfloat16 const>, cublasGemvTensorStridedBatched<__nv_bfloat16>, float> >(cublasGemvParamsEx<int, cublasGemvTensorStridedBatched<__nv_bfloat16 const>, cublasGemvTensorStridedBatched<__nv_bfloat16 const>, cublasGemvTensorStridedBatched<__nv_bfloat16>, float>)	/root/share/mnt164/huangrulin/c16_ai_workload/raw/C16R_deepseek-v2-lite_s2-text_decode_nvbit-warp-mref-shard_v23r1-moe-e4-down_20260917T024000Z_b23b23b23b23/STATIC_MREF_MAP.tsv	1	0
DEEPSEEK	608	LDG.E.EF.U16	LDG.E.EF.U16 R47, [R74.64] ;	GLOBAL	LOAD	False	one dynamic warp access of this static memory operand	QUALIFIED	2	SASS opcode U16/S16 data-width suffix	mref_operand_index=single bracketed global address operand	std::enable_if<!(false), void>::type internal::gemvx::kernel<int, int, __nv_bfloat16, __nv_bfloat16, __nv_bfloat16, float, false, true, true, false, 6, false, cublasGemvParamsEx<int, cublasGemvTensorStridedBatched<__nv_bfloat16 const>, cublasGemvTensorStridedBatched<__nv_bfloat16 const>, cublasGemvTensorStridedBatched<__nv_bfloat16>, float> >(cublasGemvParamsEx<int, cublasGemvTensorStridedBatched<__nv_bfloat16 const>, cublasGemvTensorStridedBatched<__nv_bfloat16 const>, cublasGemvTensorStridedBatched<__nv_bfloat16>, float>)	/root/share/mnt164/huangrulin/c16_ai_workload/raw/C16R_deepseek-v2-lite_s2-text_decode_nvbit-warp-mref-shard_v23r1-moe-e4-down_20260917T024000Z_b23b23b23b23/STATIC_MREF_MAP.tsv	1	0
DEEPSEEK	610	LDG.E.U16.STRONG.SM	LDG.E.U16.STRONG.SM R46, [R18.64] ;	GLOBAL	LOAD	False	one dynamic warp access of this static memory operand	QUALIFIED	2	SASS opcode U16/S16 data-width suffix	mref_operand_index=single bracketed global address operand	std::enable_if<!(false), void>::type internal::gemvx::kernel<int, int, __nv_bfloat16, __nv_bfloat16, __nv_bfloat16, float, false, true, true, false, 6, false, cublasGemvParamsEx<int, cublasGemvTensorStridedBatched<__nv_bfloat16 const>, cublasGemvTensorStridedBatched<__nv_bfloat16 const>, cublasGemvTensorStridedBatched<__nv_bfloat16>, float> >(cublasGemvParamsEx<int, cublasGemvTensorStridedBatched<__nv_bfloat16 const>, cublasGemvTensorStridedBatched<__nv_bfloat16 const>, cublasGemvTensorStridedBatched<__nv_bfloat16>, float>)	/root/share/mnt164/huangrulin/c16_ai_workload/raw/C16R_deepseek-v2-lite_s2-text_decode_nvbit-warp-mref-shard_v23r1-moe-e4-down_20260917T024000Z_b23b23b23b23/STATIC_MREF_MAP.tsv	1	0
DEEPSEEK	612	LDG.E.EF.U16	LDG.E.EF.U16 R45, [R10.64] ;	GLOBAL	LOAD	False	one dynamic warp access of this static memory operand	QUALIFIED	2	SASS opcode U16/S16 data-width suffix	mref_operand_index=single bracketed global address operand	std::enable_if<!(false), void>::type internal::gemvx::kernel<int, int, __nv_bfloat16, __nv_bfloat16, __nv_bfloat16, float, false, true, true, false, 6, false, cublasGemvParamsEx<int, cublasGemvTensorStridedBatched<__nv_bfloat16 const>, cublasGemvTensorStridedBatched<__nv_bfloat16 const>, cublasGemvTensorStridedBatched<__nv_bfloat16>, float> >(cublasGemvParamsEx<int, cublasGemvTensorStridedBatched<__nv_bfloat16 const>, cublasGemvTensorStridedBatched<__nv_bfloat16 const>, cublasGemvTensorStridedBatched<__nv_bfloat16>, float>)	/root/share/mnt164/huangrulin/c16_ai_workload/raw/C16R_deepseek-v2-lite_s2-text_decode_nvbit-warp-mref-shard_v23r1-moe-e4-down_20260917T024000Z_b23b23b23b23/STATIC_MREF_MAP.tsv	1	0
DEEPSEEK	614	LDG.E.U16.STRONG.SM	LDG.E.U16.STRONG.SM R68, [R28.64] ;	GLOBAL	LOAD	False	one dynamic warp access of this static memory operand	QUALIFIED	2	SASS opcode U16/S16 data-width suffix	mref_operand_index=single bracketed global address operand	std::enable_if<!(false), void>::type internal::gemvx::kernel<int, int, __nv_bfloat16, __nv_bfloat16, __nv_bfloat16, float, false, true, true, false, 6, false, cublasGemvParamsEx<int, cublasGemvTensorStridedBatched<__nv_bfloat16 const>, cublasGemvTensorStridedBatched<__nv_bfloat16 const>, cublasGemvTensorStridedBatched<__nv_bfloat16>, float> >(cublasGemvParamsEx<int, cublasGemvTensorStridedBatched<__nv_bfloat16 const>, cublasGemvTensorStridedBatched<__nv_bfloat16 const>, cublasGemvTensorStridedBatched<__nv_bfloat16>, float>)	/root/share/mnt164/huangrulin/c16_ai_workload/raw/C16R_deepseek-v2-lite_s2-text_decode_nvbit-warp-mref-shard_v23r1-moe-e4-down_20260917T024000Z_b23b23b23b23/STATIC_MREF_MAP.tsv	1	0
DEEPSEEK	616	LDG.E.EF.U16	LDG.E.EF.U16 R69, [R26.64] ;	GLOBAL	LOAD	False	one dynamic warp access of this static memory operand	QUALIFIED	2	SASS opcode U16/S16 data-width suffix	mref_operand_index=single bracketed global address operand	std::enable_if<!(false), void>::type internal::gemvx::kernel<int, int, __nv_bfloat16, __nv_bfloat16, __nv_bfloat16, float, false, true, true, false, 6, false, cublasGemvParamsEx<int, cublasGemvTensorStridedBatched<__nv_bfloat16 const>, cublasGemvTensorStridedBatched<__nv_bfloat16 const>, cublasGemvTensorStridedBatched<__nv_bfloat16>, float> >(cublasGemvParamsEx<int, cublasGemvTensorStridedBatched<__nv_bfloat16 const>, cublasGemvTensorStridedBatched<__nv_bfloat16 const>, cublasGemvTensorStridedBatched<__nv_bfloat16>, float>)	/root/share/mnt164/huangrulin/c16_ai_workload/raw/C16R_deepseek-v2-lite_s2-text_decode_nvbit-warp-mref-shard_v23r1-moe-e4-down_20260917T024000Z_b23b23b23b23/STATIC_MREF_MAP.tsv	1	0
DEEPSEEK	618	LDG.E.EF.U16	LDG.E.EF.U16 R72, [R30.64] ;	GLOBAL	LOAD	False	one dynamic warp access of this static memory operand	QUALIFIED	2	SASS opcode U16/S16 data-width suffix	mref_operand_index=single bracketed global address operand	std::enable_if<!(false), void>::type internal::gemvx::kernel<int, int, __nv_bfloat16, __nv_bfloat16, __nv_bfloat16, float, false, true, true, false, 6, false, cublasGemvParamsEx<int, cublasGemvTensorStridedBatched<__nv_bfloat16 const>, cublasGemvTensorStridedBatched<__nv_bfloat16 const>, cublasGemvTensorStridedBatched<__nv_bfloat16>, float> >(cublasGemvParamsEx<int, cublasGemvTensorStridedBatched<__nv_bfloat16 const>, cublasGemvTensorStridedBatched<__nv_bfloat16 const>, cublasGemvTensorStridedBatched<__nv_bfloat16>, float>)	/root/share/mnt164/huangrulin/c16_ai_workload/raw/C16R_deepseek-v2-lite_s2-text_decode_nvbit-warp-mref-shard_v23r1-moe-e4-down_20260917T024000Z_b23b23b23b23/STATIC_MREF_MAP.tsv	1	0
DEEPSEEK	620	LDG.E.U16.STRONG.SM	LDG.E.U16.STRONG.SM R70, [R70.64] ;	GLOBAL	LOAD	False	one dynamic warp access of this static memory operand	QUALIFIED	2	SASS opcode U16/S16 data-width suffix	mref_operand_index=single bracketed global address operand	std::enable_if<!(false), void>::type internal::gemvx::kernel<int, int, __nv_bfloat16, __nv_bfloat16, __nv_bfloat16, float, false, true, true, false, 6, false, cublasGemvParamsEx<int, cublasGemvTensorStridedBatched<__nv_bfloat16 const>, cublasGemvTensorStridedBatched<__nv_bfloat16 const>, cublasGemvTensorStridedBatched<__nv_bfloat16>, float> >(cublasGemvParamsEx<int, cublasGemvTensorStridedBatched<__nv_bfloat16 const>, cublasGemvTensorStridedBatched<__nv_bfloat16 const>, cublasGemvTensorStridedBatched<__nv_bfloat16>, float>)	/root/share/mnt164/huangrulin/c16_ai_workload/raw/C16R_deepseek-v2-lite_s2-text_decode_nvbit-warp-mref-shard_v23r1-moe-e4-down_20260917T024000Z_b23b23b23b23/STATIC_MREF_MAP.tsv	1	0
DEEPSEEK	622	LDG.E.U16.STRONG.SM	LDG.E.U16.STRONG.SM R73, [R32.64] ;	GLOBAL	LOAD	False	one dynamic warp access of this static memory operand	QUALIFIED	2	SASS opcode U16/S16 data-width suffix	mref_operand_index=single bracketed global address operand	std::enable_if<!(false), void>::type internal::gemvx::kernel<int, int, __nv_bfloat16, __nv_bfloat16, __nv_bfloat16, float, false, true, true, false, 6, false, cublasGemvParamsEx<int, cublasGemvTensorStridedBatched<__nv_bfloat16 const>, cublasGemvTensorStridedBatched<__nv_bfloat16 const>, cublasGemvTensorStridedBatched<__nv_bfloat16>, float> >(cublasGemvParamsEx<int, cublasGemvTensorStridedBatched<__nv_bfloat16 const>, cublasGemvTensorStridedBatched<__nv_bfloat16 const>, cublasGemvTensorStridedBatched<__nv_bfloat16>, float>)	/root/share/mnt164/huangrulin/c16_ai_workload/raw/C16R_deepseek-v2-lite_s2-text_decode_nvbit-warp-mref-shard_v23r1-moe-e4-down_20260917T024000Z_b23b23b23b23/STATIC_MREF_MAP.tsv	1	0
DEEPSEEK	624	LDG.E.U16.STRONG.SM	LDG.E.U16.STRONG.SM R74, [R34.64] ;	GLOBAL	LOAD	False	one dynamic warp access of this static memory operand	QUALIFIED	2	SASS opcode U16/S16 data-width suffix	mref_operand_index=single bracketed global address operand	std::enable_if<!(false), void>::type internal::gemvx::kernel<int, int, __nv_bfloat16, __nv_bfloat16, __nv_bfloat16, float, false, true, true, false, 6, false, cublasGemvParamsEx<int, cublasGemvTensorStridedBatched<__nv_bfloat16 const>, cublasGemvTensorStridedBatched<__nv_bfloat16 const>, cublasGemvTensorStridedBatched<__nv_bfloat16>, float> >(cublasGemvParamsEx<int, cublasGemvTensorStridedBatched<__nv_bfloat16 const>, cublasGemvTensorStridedBatched<__nv_bfloat16 const>, cublasGemvTensorStridedBatched<__nv_bfloat16>, float>)	/root/share/mnt164/huangrulin/c16_ai_workload/raw/C16R_deepseek-v2-lite_s2-text_decode_nvbit-warp-mref-shard_v23r1-moe-e4-down_20260917T024000Z_b23b23b23b23/STATIC_MREF_MAP.tsv	1	0
DEEPSEEK	626	LDG.E.EF.U16	LDG.E.EF.U16 R40, [R40.64] ;	GLOBAL	LOAD	False	one dynamic warp access of this static memory operand	QUALIFIED	2	SASS opcode U16/S16 data-width suffix	mref_operand_index=single bracketed global address operand	std::enable_if<!(false), void>::type internal::gemvx::kernel<int, int, __nv_bfloat16, __nv_bfloat16, __nv_bfloat16, float, false, true, true, false, 6, false, cublasGemvParamsEx<int, cublasGemvTensorStridedBatched<__nv_bfloat16 const>, cublasGemvTensorStridedBatched<__nv_bfloat16 const>, cublasGemvTensorStridedBatched<__nv_bfloat16>, float> >(cublasGemvParamsEx<int, cublasGemvTensorStridedBatched<__nv_bfloat16 const>, cublasGemvTensorStridedBatched<__nv_bfloat16 const>, cublasGemvTensorStridedBatched<__nv_bfloat16>, float>)	/root/share/mnt164/huangrulin/c16_ai_workload/raw/C16R_deepseek-v2-lite_s2-text_decode_nvbit-warp-mref-shard_v23r1-moe-e4-down_20260917T024000Z_b23b23b23b23/STATIC_MREF_MAP.tsv	1	0
DEEPSEEK	628	LDG.E.U16.STRONG.SM	LDG.E.U16.STRONG.SM R75, [R36.64] ;	GLOBAL	LOAD	False	one dynamic warp access of this static memory operand	QUALIFIED	2	SASS opcode U16/S16 data-width suffix	mref_operand_index=single bracketed global address operand	std::enable_if<!(false), void>::type internal::gemvx::kernel<int, int, __nv_bfloat16, __nv_bfloat16, __nv_bfloat16, float, false, true, true, false, 6, false, cublasGemvParamsEx<int, cublasGemvTensorStridedBatched<__nv_bfloat16 const>, cublasGemvTensorStridedBatched<__nv_bfloat16 const>, cublasGemvTensorStridedBatched<__nv_bfloat16>, float> >(cublasGemvParamsEx<int, cublasGemvTensorStridedBatched<__nv_bfloat16 const>, cublasGemvTensorStridedBatched<__nv_bfloat16 const>, cublasGemvTensorStridedBatched<__nv_bfloat16>, float>)	/root/share/mnt164/huangrulin/c16_ai_workload/raw/C16R_deepseek-v2-lite_s2-text_decode_nvbit-warp-mref-shard_v23r1-moe-e4-down_20260917T024000Z_b23b23b23b23/STATIC_MREF_MAP.tsv	1	0
DEEPSEEK	630	LDG.E.EF.U16	LDG.E.EF.U16 R38, [R38.64] ;	GLOBAL	LOAD	False	one dynamic warp access of this static memory operand	QUALIFIED	2	SASS opcode U16/S16 data-width suffix	mref_operand_index=single bracketed global address operand	std::enable_if<!(false), void>::type internal::gemvx::kernel<int, int, __nv_bfloat16, __nv_bfloat16, __nv_bfloat16, float, false, true, true, false, 6, false, cublasGemvParamsEx<int, cublasGemvTensorStridedBatched<__nv_bfloat16 const>, cublasGemvTensorStridedBatched<__nv_bfloat16 const>, cublasGemvTensorStridedBatched<__nv_bfloat16>, float> >(cublasGemvParamsEx<int, cublasGemvTensorStridedBatched<__nv_bfloat16 const>, cublasGemvTensorStridedBatched<__nv_bfloat16 const>, cublasGemvTensorStridedBatched<__nv_bfloat16>, float>)	/root/share/mnt164/huangrulin/c16_ai_workload/raw/C16R_deepseek-v2-lite_s2-text_decode_nvbit-warp-mref-shard_v23r1-moe-e4-down_20260917T024000Z_b23b23b23b23/STATIC_MREF_MAP.tsv	1	0
DEEPSEEK	632	LDG.E.EF.U16	LDG.E.EF.U16 R71, [R20.64] ;	GLOBAL	LOAD	False	one dynamic warp access of this static memory operand	QUALIFIED	2	SASS opcode U16/S16 data-width suffix	mref_operand_index=single bracketed global address operand	std::enable_if<!(false), void>::type internal::gemvx::kernel<int, int, __nv_bfloat16, __nv_bfloat16, __nv_bfloat16, float, false, true, true, false, 6, false, cublasGemvParamsEx<int, cublasGemvTensorStridedBatched<__nv_bfloat16 const>, cublasGemvTensorStridedBatched<__nv_bfloat16 const>, cublasGemvTensorStridedBatched<__nv_bfloat16>, float> >(cublasGemvParamsEx<int, cublasGemvTensorStridedBatched<__nv_bfloat16 const>, cublasGemvTensorStridedBatched<__nv_bfloat16 const>, cublasGemvTensorStridedBatched<__nv_bfloat16>, float>)	/root/share/mnt164/huangrulin/c16_ai_workload/raw/C16R_deepseek-v2-lite_s2-text_decode_nvbit-warp-mref-shard_v23r1-moe-e4-down_20260917T024000Z_b23b23b23b23/STATIC_MREF_MAP.tsv	1	0
DEEPSEEK	634	LDG.E.U16.STRONG.SM	LDG.E.U16.STRONG.SM R76, [R22.64] ;	GLOBAL	LOAD	False	one dynamic warp access of this static memory operand	QUALIFIED	2	SASS opcode U16/S16 data-width suffix	mref_operand_index=single bracketed global address operand	std::enable_if<!(false), void>::type internal::gemvx::kernel<int, int, __nv_bfloat16, __nv_bfloat16, __nv_bfloat16, float, false, true, true, false, 6, false, cublasGemvParamsEx<int, cublasGemvTensorStridedBatched<__nv_bfloat16 const>, cublasGemvTensorStridedBatched<__nv_bfloat16 const>, cublasGemvTensorStridedBatched<__nv_bfloat16>, float> >(cublasGemvParamsEx<int, cublasGemvTensorStridedBatched<__nv_bfloat16 const>, cublasGemvTensorStridedBatched<__nv_bfloat16 const>, cublasGemvTensorStridedBatched<__nv_bfloat16>, float>)	/root/share/mnt164/huangrulin/c16_ai_workload/raw/C16R_deepseek-v2-lite_s2-text_decode_nvbit-warp-mref-shard_v23r1-moe-e4-down_20260917T024000Z_b23b23b23b23/STATIC_MREF_MAP.tsv	1	0
DEEPSEEK	636	LDG.E.EF.U16	LDG.E.EF.U16 R77, [R24.64] ;	GLOBAL	LOAD	False	one dynamic warp access of this static memory operand	QUALIFIED	2	SASS opcode U16/S16 data-width suffix	mref_operand_index=single bracketed global address operand	std::enable_if<!(false), void>::type internal::gemvx::kernel<int, int, __nv_bfloat16, __nv_bfloat16, __nv_bfloat16, float, false, true, true, false, 6, false, cublasGemvParamsEx<int, cublasGemvTensorStridedBatched<__nv_bfloat16 const>, cublasGemvTensorStridedBatched<__nv_bfloat16 const>, cublasGemvTensorStridedBatched<__nv_bfloat16>, float> >(cublasGemvParamsEx<int, cublasGemvTensorStridedBatched<__nv_bfloat16 const>, cublasGemvTensorStridedBatched<__nv_bfloat16 const>, cublasGemvTensorStridedBatched<__nv_bfloat16>, float>)	/root/share/mnt164/huangrulin/c16_ai_workload/raw/C16R_deepseek-v2-lite_s2-text_decode_nvbit-warp-mref-shard_v23r1-moe-e4-down_20260917T024000Z_b23b23b23b23/STATIC_MREF_MAP.tsv	1	0
DEEPSEEK	638	LDG.E.U16.STRONG.SM	LDG.E.U16.STRONG.SM R41, [R12.64] ;	GLOBAL	LOAD	False	one dynamic warp access of this static memory operand	QUALIFIED	2	SASS opcode U16/S16 data-width suffix	mref_operand_index=single bracketed global address operand	std::enable_if<!(false), void>::type internal::gemvx::kernel<int, int, __nv_bfloat16, __nv_bfloat16, __nv_bfloat16, float, false, true, true, false, 6, false, cublasGemvParamsEx<int, cublasGemvTensorStridedBatched<__nv_bfloat16 const>, cublasGemvTensorStridedBatched<__nv_bfloat16 const>, cublasGemvTensorStridedBatched<__nv_bfloat16>, float> >(cublasGemvParamsEx<int, cublasGemvTensorStridedBatched<__nv_bfloat16 const>, cublasGemvTensorStridedBatched<__nv_bfloat16 const>, cublasGemvTensorStridedBatched<__nv_bfloat16>, float>)	/root/share/mnt164/huangrulin/c16_ai_workload/raw/C16R_deepseek-v2-lite_s2-text_decode_nvbit-warp-mref-shard_v23r1-moe-e4-down_20260917T024000Z_b23b23b23b23/STATIC_MREF_MAP.tsv	1	0
DEEPSEEK	640	LDG.E.EF.U16	LDG.E.EF.U16 R78, [R14.64] ;	GLOBAL	LOAD	False	one dynamic warp access of this static memory operand	QUALIFIED	2	SASS opcode U16/S16 data-width suffix	mref_operand_index=single bracketed global address operand	std::enable_if<!(false), void>::type internal::gemvx::kernel<int, int, __nv_bfloat16, __nv_bfloat16, __nv_bfloat16, float, false, true, true, false, 6, false, cublasGemvParamsEx<int, cublasGemvTensorStridedBatched<__nv_bfloat16 const>, cublasGemvTensorStridedBatched<__nv_bfloat16 const>, cublasGemvTensorStridedBatched<__nv_bfloat16>, float> >(cublasGemvParamsEx<int, cublasGemvTensorStridedBatched<__nv_bfloat16 const>, cublasGemvTensorStridedBatched<__nv_bfloat16 const>, cublasGemvTensorStridedBatched<__nv_bfloat16>, float>)	/root/share/mnt164/huangrulin/c16_ai_workload/raw/C16R_deepseek-v2-lite_s2-text_decode_nvbit-warp-mref-shard_v23r1-moe-e4-down_20260917T024000Z_b23b23b23b23/STATIC_MREF_MAP.tsv	1	0
DEEPSEEK	642	LDG.E.U16.STRONG.SM	LDG.E.U16.STRONG.SM R39, [R16.64] ;	GLOBAL	LOAD	False	one dynamic warp access of this static memory operand	QUALIFIED	2	SASS opcode U16/S16 data-width suffix	mref_operand_index=single bracketed global address operand	std::enable_if<!(false), void>::type internal::gemvx::kernel<int, int, __nv_bfloat16, __nv_bfloat16, __nv_bfloat16, float, false, true, true, false, 6, false, cublasGemvParamsEx<int, cublasGemvTensorStridedBatched<__nv_bfloat16 const>, cublasGemvTensorStridedBatched<__nv_bfloat16 const>, cublasGemvTensorStridedBatched<__nv_bfloat16>, float> >(cublasGemvParamsEx<int, cublasGemvTensorStridedBatched<__nv_bfloat16 const>, cublasGemvTensorStridedBatched<__nv_bfloat16 const>, cublasGemvTensorStridedBatched<__nv_bfloat16>, float>)	/root/share/mnt164/huangrulin/c16_ai_workload/raw/C16R_deepseek-v2-lite_s2-text_decode_nvbit-warp-mref-shard_v23r1-moe-e4-down_20260917T024000Z_b23b23b23b23/STATIC_MREF_MAP.tsv	1	0
DEEPSEEK	644	LDG.E.EF.U16	LDG.E.EF.U16 R79, [R6.64] ;	GLOBAL	LOAD	False	one dynamic warp access of this static memory operand	QUALIFIED	2	SASS opcode U16/S16 data-width suffix	mref_operand_index=single bracketed global address operand	std::enable_if<!(false), void>::type internal::gemvx::kernel<int, int, __nv_bfloat16, __nv_bfloat16, __nv_bfloat16, float, false, true, true, false, 6, false, cublasGemvParamsEx<int, cublasGemvTensorStridedBatched<__nv_bfloat16 const>, cublasGemvTensorStridedBatched<__nv_bfloat16 const>, cublasGemvTensorStridedBatched<__nv_bfloat16>, float> >(cublasGemvParamsEx<int, cublasGemvTensorStridedBatched<__nv_bfloat16 const>, cublasGemvTensorStridedBatched<__nv_bfloat16 const>, cublasGemvTensorStridedBatched<__nv_bfloat16>, float>)	/root/share/mnt164/huangrulin/c16_ai_workload/raw/C16R_deepseek-v2-lite_s2-text_decode_nvbit-warp-mref-shard_v23r1-moe-e4-down_20260917T024000Z_b23b23b23b23/STATIC_MREF_MAP.tsv	1	0
DEEPSEEK	646	LDG.E.U16.STRONG.SM	LDG.E.U16.STRONG.SM R80, [R8.64] ;	GLOBAL	LOAD	False	one dynamic warp access of this static memory operand	QUALIFIED	2	SASS opcode U16/S16 data-width suffix	mref_operand_index=single bracketed global address operand	std::enable_if<!(false), void>::type internal::gemvx::kernel<int, int, __nv_bfloat16, __nv_bfloat16, __nv_bfloat16, float, false, true, true, false, 6, false, cublasGemvParamsEx<int, cublasGemvTensorStridedBatched<__nv_bfloat16 const>, cublasGemvTensorStridedBatched<__nv_bfloat16 const>, cublasGemvTensorStridedBatched<__nv_bfloat16>, float> >(cublasGemvParamsEx<int, cublasGemvTensorStridedBatched<__nv_bfloat16 const>, cublasGemvTensorStridedBatched<__nv_bfloat16 const>, cublasGemvTensorStridedBatched<__nv_bfloat16>, float>)	/root/share/mnt164/huangrulin/c16_ai_workload/raw/C16R_deepseek-v2-lite_s2-text_decode_nvbit-warp-mref-shard_v23r1-moe-e4-down_20260917T024000Z_b23b23b23b23/STATIC_MREF_MAP.tsv	1	0
DEEPSEEK	648	LDG.E.EF.U16	LDG.E.EF.U16 R81, [R18.64] ;	GLOBAL	LOAD	False	one dynamic warp access of this static memory operand	QUALIFIED	2	SASS opcode U16/S16 data-width suffix	mref_operand_index=single bracketed global address operand	std::enable_if<!(false), void>::type internal::gemvx::kernel<int, int, __nv_bfloat16, __nv_bfloat16, __nv_bfloat16, float, false, true, true, false, 6, false, cublasGemvParamsEx<int, cublasGemvTensorStridedBatched<__nv_bfloat16 const>, cublasGemvTensorStridedBatched<__nv_bfloat16 const>, cublasGemvTensorStridedBatched<__nv_bfloat16>, float> >(cublasGemvParamsEx<int, cublasGemvTensorStridedBatched<__nv_bfloat16 const>, cublasGemvTensorStridedBatched<__nv_bfloat16 const>, cublasGemvTensorStridedBatched<__nv_bfloat16>, float>)	/root/share/mnt164/huangrulin/c16_ai_workload/raw/C16R_deepseek-v2-lite_s2-text_decode_nvbit-warp-mref-shard_v23r1-moe-e4-down_20260917T024000Z_b23b23b23b23/STATIC_MREF_MAP.tsv	1	0
DEEPSEEK	650	LDG.E.U16.STRONG.SM	LDG.E.U16.STRONG.SM R82, [R10.64] ;	GLOBAL	LOAD	False	one dynamic warp access of this static memory operand	QUALIFIED	2	SASS opcode U16/S16 data-width suffix	mref_operand_index=single bracketed global address operand	std::enable_if<!(false), void>::type internal::gemvx::kernel<int, int, __nv_bfloat16, __nv_bfloat16, __nv_bfloat16, float, false, true, true, false, 6, false, cublasGemvParamsEx<int, cublasGemvTensorStridedBatched<__nv_bfloat16 const>, cublasGemvTensorStridedBatched<__nv_bfloat16 const>, cublasGemvTensorStridedBatched<__nv_bfloat16>, float> >(cublasGemvParamsEx<int, cublasGemvTensorStridedBatched<__nv_bfloat16 const>, cublasGemvTensorStridedBatched<__nv_bfloat16 const>, cublasGemvTensorStridedBatched<__nv_bfloat16>, float>)	/root/share/mnt164/huangrulin/c16_ai_workload/raw/C16R_deepseek-v2-lite_s2-text_decode_nvbit-warp-mref-shard_v23r1-moe-e4-down_20260917T024000Z_b23b23b23b23/STATIC_MREF_MAP.tsv	1	0
DEEPSEEK	652	LDG.E.EF.U16	LDG.E.EF.U16 R26, [R26.64] ;	GLOBAL	LOAD	False	one dynamic warp access of this static memory operand	QUALIFIED	2	SASS opcode U16/S16 data-width suffix	mref_operand_index=single bracketed global address operand	std::enable_if<!(false), void>::type internal::gemvx::kernel<int, int, __nv_bfloat16, __nv_bfloat16, __nv_bfloat16, float, false, true, true, false, 6, false, cublasGemvParamsEx<int, cublasGemvTensorStridedBatched<__nv_bfloat16 const>, cublasGemvTensorStridedBatched<__nv_bfloat16 const>, cublasGemvTensorStridedBatched<__nv_bfloat16>, float> >(cublasGemvParamsEx<int, cublasGemvTensorStridedBatched<__nv_bfloat16 const>, cublasGemvTensorStridedBatched<__nv_bfloat16 const>, cublasGemvTensorStridedBatched<__nv_bfloat16>, float>)	/root/share/mnt164/huangrulin/c16_ai_workload/raw/C16R_deepseek-v2-lite_s2-text_decode_nvbit-warp-mref-shard_v23r1-moe-e4-down_20260917T024000Z_b23b23b23b23/STATIC_MREF_MAP.tsv	1	0
DEEPSEEK	654	LDG.E.U16.STRONG.SM	LDG.E.U16.STRONG.SM R28, [R28.64] ;	GLOBAL	LOAD	False	one dynamic warp access of this static memory operand	QUALIFIED	2	SASS opcode U16/S16 data-width suffix	mref_operand_index=single bracketed global address operand	std::enable_if<!(false), void>::type internal::gemvx::kernel<int, int, __nv_bfloat16, __nv_bfloat16, __nv_bfloat16, float, false, true, true, false, 6, false, cublasGemvParamsEx<int, cublasGemvTensorStridedBatched<__nv_bfloat16 const>, cublasGemvTensorStridedBatched<__nv_bfloat16 const>, cublasGemvTensorStridedBatched<__nv_bfloat16>, float> >(cublasGemvParamsEx<int, cublasGemvTensorStridedBatched<__nv_bfloat16 const>, cublasGemvTensorStridedBatched<__nv_bfloat16 const>, cublasGemvTensorStridedBatched<__nv_bfloat16>, float>)	/root/share/mnt164/huangrulin/c16_ai_workload/raw/C16R_deepseek-v2-lite_s2-text_decode_nvbit-warp-mref-shard_v23r1-moe-e4-down_20260917T024000Z_b23b23b23b23/STATIC_MREF_MAP.tsv	1	0
DEEPSEEK	656	LDG.E.EF.U16	LDG.E.EF.U16 R30, [R30.64] ;	GLOBAL	LOAD	False	one dynamic warp access of this static memory operand	QUALIFIED	2	SASS opcode U16/S16 data-width suffix	mref_operand_index=single bracketed global address operand	std::enable_if<!(false), void>::type internal::gemvx::kernel<int, int, __nv_bfloat16, __nv_bfloat16, __nv_bfloat16, float, false, true, true, false, 6, false, cublasGemvParamsEx<int, cublasGemvTensorStridedBatched<__nv_bfloat16 const>, cublasGemvTensorStridedBatched<__nv_bfloat16 const>, cublasGemvTensorStridedBatched<__nv_bfloat16>, float> >(cublasGemvParamsEx<int, cublasGemvTensorStridedBatched<__nv_bfloat16 const>, cublasGemvTensorStridedBatched<__nv_bfloat16 const>, cublasGemvTensorStridedBatched<__nv_bfloat16>, float>)	/root/share/mnt164/huangrulin/c16_ai_workload/raw/C16R_deepseek-v2-lite_s2-text_decode_nvbit-warp-mref-shard_v23r1-moe-e4-down_20260917T024000Z_b23b23b23b23/STATIC_MREF_MAP.tsv	1	0
DEEPSEEK	658	LDG.E.U16.STRONG.SM	LDG.E.U16.STRONG.SM R32, [R32.64] ;	GLOBAL	LOAD	False	one dynamic warp access of this static memory operand	QUALIFIED	2	SASS opcode U16/S16 data-width suffix	mref_operand_index=single bracketed global address operand	std::enable_if<!(false), void>::type internal::gemvx::kernel<int, int, __nv_bfloat16, __nv_bfloat16, __nv_bfloat16, float, false, true, true, false, 6, false, cublasGemvParamsEx<int, cublasGemvTensorStridedBatched<__nv_bfloat16 const>, cublasGemvTensorStridedBatched<__nv_bfloat16 const>, cublasGemvTensorStridedBatched<__nv_bfloat16>, float> >(cublasGemvParamsEx<int, cublasGemvTensorStridedBatched<__nv_bfloat16 const>, cublasGemvTensorStridedBatched<__nv_bfloat16 const>, cublasGemvTensorStridedBatched<__nv_bfloat16>, float>)	/root/share/mnt164/huangrulin/c16_ai_workload/raw/C16R_deepseek-v2-lite_s2-text_decode_nvbit-warp-mref-shard_v23r1-moe-e4-down_20260917T024000Z_b23b23b23b23/STATIC_MREF_MAP.tsv	1	0
DEEPSEEK	660	LDG.E.EF.U16	LDG.E.EF.U16 R36, [R36.64] ;	GLOBAL	LOAD	False	one dynamic warp access of this static memory operand	QUALIFIED	2	SASS opcode U16/S16 data-width suffix	mref_operand_index=single bracketed global address operand	std::enable_if<!(false), void>::type internal::gemvx::kernel<int, int, __nv_bfloat16, __nv_bfloat16, __nv_bfloat16, float, false, true, true, false, 6, false, cublasGemvParamsEx<int, cublasGemvTensorStridedBatched<__nv_bfloat16 const>, cublasGemvTensorStridedBatched<__nv_bfloat16 const>, cublasGemvTensorStridedBatched<__nv_bfloat16>, float> >(cublasGemvParamsEx<int, cublasGemvTensorStridedBatched<__nv_bfloat16 const>, cublasGemvTensorStridedBatched<__nv_bfloat16 const>, cublasGemvTensorStridedBatched<__nv_bfloat16>, float>)	/root/share/mnt164/huangrulin/c16_ai_workload/raw/C16R_deepseek-v2-lite_s2-text_decode_nvbit-warp-mref-shard_v23r1-moe-e4-down_20260917T024000Z_b23b23b23b23/STATIC_MREF_MAP.tsv	1	0
DEEPSEEK	662	LDG.E.U16.STRONG.SM	LDG.E.U16.STRONG.SM R34, [R34.64] ;	GLOBAL	LOAD	False	one dynamic warp access of this static memory operand	QUALIFIED	2	SASS opcode U16/S16 data-width suffix	mref_operand_index=single bracketed global address operand	std::enable_if<!(false), void>::type internal::gemvx::kernel<int, int, __nv_bfloat16, __nv_bfloat16, __nv_bfloat16, float, false, true, true, false, 6, false, cublasGemvParamsEx<int, cublasGemvTensorStridedBatched<__nv_bfloat16 const>, cublasGemvTensorStridedBatched<__nv_bfloat16 const>, cublasGemvTensorStridedBatched<__nv_bfloat16>, float> >(cublasGemvParamsEx<int, cublasGemvTensorStridedBatched<__nv_bfloat16 const>, cublasGemvTensorStridedBatched<__nv_bfloat16 const>, cublasGemvTensorStridedBatched<__nv_bfloat16>, float>)	/root/share/mnt164/huangrulin/c16_ai_workload/raw/C16R_deepseek-v2-lite_s2-text_decode_nvbit-warp-mref-shard_v23r1-moe-e4-down_20260917T024000Z_b23b23b23b23/STATIC_MREF_MAP.tsv	1	0
DEEPSEEK	664	LDG.E.EF.U16	LDG.E.EF.U16 R83, [R20.64] ;	GLOBAL	LOAD	False	one dynamic warp access of this static memory operand	QUALIFIED	2	SASS opcode U16/S16 data-width suffix	mref_operand_index=single bracketed global address operand	std::enable_if<!(false), void>::type internal::gemvx::kernel<int, int, __nv_bfloat16, __nv_bfloat16, __nv_bfloat16, float, false, true, true, false, 6, false, cublasGemvParamsEx<int, cublasGemvTensorStridedBatched<__nv_bfloat16 const>, cublasGemvTensorStridedBatched<__nv_bfloat16 const>, cublasGemvTensorStridedBatched<__nv_bfloat16>, float> >(cublasGemvParamsEx<int, cublasGemvTensorStridedBatched<__nv_bfloat16 const>, cublasGemvTensorStridedBatched<__nv_bfloat16 const>, cublasGemvTensorStridedBatched<__nv_bfloat16>, float>)	/root/share/mnt164/huangrulin/c16_ai_workload/raw/C16R_deepseek-v2-lite_s2-text_decode_nvbit-warp-mref-shard_v23r1-moe-e4-down_20260917T024000Z_b23b23b23b23/STATIC_MREF_MAP.tsv	1	0
DEEPSEEK	666	LDG.E.U16.STRONG.SM	LDG.E.U16.STRONG.SM R27, [R22.64] ;	GLOBAL	LOAD	False	one dynamic warp access of this static memory operand	QUALIFIED	2	SASS opcode U16/S16 data-width suffix	mref_operand_index=single bracketed global address operand	std::enable_if<!(false), void>::type internal::gemvx::kernel<int, int, __nv_bfloat16, __nv_bfloat16, __nv_bfloat16, float, false, true, true, false, 6, false, cublasGemvParamsEx<int, cublasGemvTensorStridedBatched<__nv_bfloat16 const>, cublasGemvTensorStridedBatched<__nv_bfloat16 const>, cublasGemvTensorStridedBatched<__nv_bfloat16>, float> >(cublasGemvParamsEx<int, cublasGemvTensorStridedBatched<__nv_bfloat16 const>, cublasGemvTensorStridedBatched<__nv_bfloat16 const>, cublasGemvTensorStridedBatched<__nv_bfloat16>, float>)	/root/share/mnt164/huangrulin/c16_ai_workload/raw/C16R_deepseek-v2-lite_s2-text_decode_nvbit-warp-mref-shard_v23r1-moe-e4-down_20260917T024000Z_b23b23b23b23/STATIC_MREF_MAP.tsv	1	0
DEEPSEEK	668	LDG.E.EF.U16	LDG.E.EF.U16 R29, [R12.64] ;	GLOBAL	LOAD	False	one dynamic warp access of this static memory operand	QUALIFIED	2	SASS opcode U16/S16 data-width suffix	mref_operand_index=single bracketed global address operand	std::enable_if<!(false), void>::type internal::gemvx::kernel<int, int, __nv_bfloat16, __nv_bfloat16, __nv_bfloat16, float, false, true, true, false, 6, false, cublasGemvParamsEx<int, cublasGemvTensorStridedBatched<__nv_bfloat16 const>, cublasGemvTensorStridedBatched<__nv_bfloat16 const>, cublasGemvTensorStridedBatched<__nv_bfloat16>, float> >(cublasGemvParamsEx<int, cublasGemvTensorStridedBatched<__nv_bfloat16 const>, cublasGemvTensorStridedBatched<__nv_bfloat16 const>, cublasGemvTensorStridedBatched<__nv_bfloat16>, float>)	/root/share/mnt164/huangrulin/c16_ai_workload/raw/C16R_deepseek-v2-lite_s2-text_decode_nvbit-warp-mref-shard_v23r1-moe-e4-down_20260917T024000Z_b23b23b23b23/STATIC_MREF_MAP.tsv	1	0
DEEPSEEK	670	LDG.E.U16.STRONG.SM	LDG.E.U16.STRONG.SM R14, [R14.64] ;	GLOBAL	LOAD	False	one dynamic warp access of this static memory operand	QUALIFIED	2	SASS opcode U16/S16 data-width suffix	mref_operand_index=single bracketed global address operand	std::enable_if<!(false), void>::type internal::gemvx::kernel<int, int, __nv_bfloat16, __nv_bfloat16, __nv_bfloat16, float, false, true, true, false, 6, false, cublasGemvParamsEx<int, cublasGemvTensorStridedBatched<__nv_bfloat16 const>, cublasGemvTensorStridedBatched<__nv_bfloat16 const>, cublasGemvTensorStridedBatched<__nv_bfloat16>, float> >(cublasGemvParamsEx<int, cublasGemvTensorStridedBatched<__nv_bfloat16 const>, cublasGemvTensorStridedBatched<__nv_bfloat16 const>, cublasGemvTensorStridedBatched<__nv_bfloat16>, float>)	/root/share/mnt164/huangrulin/c16_ai_workload/raw/C16R_deepseek-v2-lite_s2-text_decode_nvbit-warp-mref-shard_v23r1-moe-e4-down_20260917T024000Z_b23b23b23b23/STATIC_MREF_MAP.tsv	1	0
DEEPSEEK	672	LDG.E.EF.U16	LDG.E.EF.U16 R31, [R8.64] ;	GLOBAL	LOAD	False	one dynamic warp access of this static memory operand	QUALIFIED	2	SASS opcode U16/S16 data-width suffix	mref_operand_index=single bracketed global address operand	std::enable_if<!(false), void>::type internal::gemvx::kernel<int, int, __nv_bfloat16, __nv_bfloat16, __nv_bfloat16, float, false, true, true, false, 6, false, cublasGemvParamsEx<int, cublasGemvTensorStridedBatched<__nv_bfloat16 const>, cublasGemvTensorStridedBatched<__nv_bfloat16 const>, cublasGemvTensorStridedBatched<__nv_bfloat16>, float> >(cublasGemvParamsEx<int, cublasGemvTensorStridedBatched<__nv_bfloat16 const>, cublasGemvTensorStridedBatched<__nv_bfloat16 const>, cublasGemvTensorStridedBatched<__nv_bfloat16>, float>)	/root/share/mnt164/huangrulin/c16_ai_workload/raw/C16R_deepseek-v2-lite_s2-text_decode_nvbit-warp-mref-shard_v23r1-moe-e4-down_20260917T024000Z_b23b23b23b23/STATIC_MREF_MAP.tsv	1	0
DEEPSEEK	674	LDG.E.U16.STRONG.SM	LDG.E.U16.STRONG.SM R6, [R6.64] ;	GLOBAL	LOAD	False	one dynamic warp access of this static memory operand	QUALIFIED	2	SASS opcode U16/S16 data-width suffix	mref_operand_index=single bracketed global address operand	std::enable_if<!(false), void>::type internal::gemvx::kernel<int, int, __nv_bfloat16, __nv_bfloat16, __nv_bfloat16, float, false, true, true, false, 6, false, cublasGemvParamsEx<int, cublasGemvTensorStridedBatched<__nv_bfloat16 const>, cublasGemvTensorStridedBatched<__nv_bfloat16 const>, cublasGemvTensorStridedBatched<__nv_bfloat16>, float> >(cublasGemvParamsEx<int, cublasGemvTensorStridedBatched<__nv_bfloat16 const>, cublasGemvTensorStridedBatched<__nv_bfloat16 const>, cublasGemvTensorStridedBatched<__nv_bfloat16>, float>)	/root/share/mnt164/huangrulin/c16_ai_workload/raw/C16R_deepseek-v2-lite_s2-text_decode_nvbit-warp-mref-shard_v23r1-moe-e4-down_20260917T024000Z_b23b23b23b23/STATIC_MREF_MAP.tsv	1	0
DEEPSEEK	676	LDG.E.EF.U16	LDG.E.EF.U16 R10, [R10.64] ;	GLOBAL	LOAD	False	one dynamic warp access of this static memory operand	QUALIFIED	2	SASS opcode U16/S16 data-width suffix	mref_operand_index=single bracketed global address operand	std::enable_if<!(false), void>::type internal::gemvx::kernel<int, int, __nv_bfloat16, __nv_bfloat16, __nv_bfloat16, float, false, true, true, false, 6, false, cublasGemvParamsEx<int, cublasGemvTensorStridedBatched<__nv_bfloat16 const>, cublasGemvTensorStridedBatched<__nv_bfloat16 const>, cublasGemvTensorStridedBatched<__nv_bfloat16>, float> >(cublasGemvParamsEx<int, cublasGemvTensorStridedBatched<__nv_bfloat16 const>, cublasGemvTensorStridedBatched<__nv_bfloat16 const>, cublasGemvTensorStridedBatched<__nv_bfloat16>, float>)	/root/share/mnt164/huangrulin/c16_ai_workload/raw/C16R_deepseek-v2-lite_s2-text_decode_nvbit-warp-mref-shard_v23r1-moe-e4-down_20260917T024000Z_b23b23b23b23/STATIC_MREF_MAP.tsv	1	0
DEEPSEEK	678	LDG.E.U16.STRONG.SM	LDG.E.U16.STRONG.SM R16, [R16.64] ;	GLOBAL	LOAD	False	one dynamic warp access of this static memory operand	QUALIFIED	2	SASS opcode U16/S16 data-width suffix	mref_operand_index=single bracketed global address operand	std::enable_if<!(false), void>::type internal::gemvx::kernel<int, int, __nv_bfloat16, __nv_bfloat16, __nv_bfloat16, float, false, true, true, false, 6, false, cublasGemvParamsEx<int, cublasGemvTensorStridedBatched<__nv_bfloat16 const>, cublasGemvTensorStridedBatched<__nv_bfloat16 const>, cublasGemvTensorStridedBatched<__nv_bfloat16>, float> >(cublasGemvParamsEx<int, cublasGemvTensorStridedBatched<__nv_bfloat16 const>, cublasGemvTensorStridedBatched<__nv_bfloat16 const>, cublasGemvTensorStridedBatched<__nv_bfloat16>, float>)	/root/share/mnt164/huangrulin/c16_ai_workload/raw/C16R_deepseek-v2-lite_s2-text_decode_nvbit-warp-mref-shard_v23r1-moe-e4-down_20260917T024000Z_b23b23b23b23/STATIC_MREF_MAP.tsv	1	0
DEEPSEEK	680	LDG.E.EF.U16	LDG.E.EF.U16 R18, [R18.64] ;	GLOBAL	LOAD	False	one dynamic warp access of this static memory operand	QUALIFIED	2	SASS opcode U16/S16 data-width suffix	mref_operand_index=single bracketed global address operand	std::enable_if<!(false), void>::type internal::gemvx::kernel<int, int, __nv_bfloat16, __nv_bfloat16, __nv_bfloat16, float, false, true, true, false, 6, false, cublasGemvParamsEx<int, cublasGemvTensorStridedBatched<__nv_bfloat16 const>, cublasGemvTensorStridedBatched<__nv_bfloat16 const>, cublasGemvTensorStridedBatched<__nv_bfloat16>, float> >(cublasGemvParamsEx<int, cublasGemvTensorStridedBatched<__nv_bfloat16 const>, cublasGemvTensorStridedBatched<__nv_bfloat16 const>, cublasGemvTensorStridedBatched<__nv_bfloat16>, float>)	/root/share/mnt164/huangrulin/c16_ai_workload/raw/C16R_deepseek-v2-lite_s2-text_decode_nvbit-warp-mref-shard_v23r1-moe-e4-down_20260917T024000Z_b23b23b23b23/STATIC_MREF_MAP.tsv	1	0
DEEPSEEK	682	LDG.E.U16.STRONG.SM	LDG.E.U16.STRONG.SM R24, [R24.64] ;	GLOBAL	LOAD	False	one dynamic warp access of this static memory operand	QUALIFIED	2	SASS opcode U16/S16 data-width suffix	mref_operand_index=single bracketed global address operand	std::enable_if<!(false), void>::type internal::gemvx::kernel<int, int, __nv_bfloat16, __nv_bfloat16, __nv_bfloat16, float, false, true, true, false, 6, false, cublasGemvParamsEx<int, cublasGemvTensorStridedBatched<__nv_bfloat16 const>, cublasGemvTensorStridedBatched<__nv_bfloat16 const>, cublasGemvTensorStridedBatched<__nv_bfloat16>, float> >(cublasGemvParamsEx<int, cublasGemvTensorStridedBatched<__nv_bfloat16 const>, cublasGemvTensorStridedBatched<__nv_bfloat16 const>, cublasGemvTensorStridedBatched<__nv_bfloat16>, float>)	/root/share/mnt164/huangrulin/c16_ai_workload/raw/C16R_deepseek-v2-lite_s2-text_decode_nvbit-warp-mref-shard_v23r1-moe-e4-down_20260917T024000Z_b23b23b23b23/STATIC_MREF_MAP.tsv	1	0
DEEPSEEK	684	LDG.E.EF.U16	LDG.E.EF.U16 R15, [R22.64] ;	GLOBAL	LOAD	False	one dynamic warp access of this static memory operand	QUALIFIED	2	SASS opcode U16/S16 data-width suffix	mref_operand_index=single bracketed global address operand	std::enable_if<!(false), void>::type internal::gemvx::kernel<int, int, __nv_bfloat16, __nv_bfloat16, __nv_bfloat16, float, false, true, true, false, 6, false, cublasGemvParamsEx<int, cublasGemvTensorStridedBatched<__nv_bfloat16 const>, cublasGemvTensorStridedBatched<__nv_bfloat16 const>, cublasGemvTensorStridedBatched<__nv_bfloat16>, float> >(cublasGemvParamsEx<int, cublasGemvTensorStridedBatched<__nv_bfloat16 const>, cublasGemvTensorStridedBatched<__nv_bfloat16 const>, cublasGemvTensorStridedBatched<__nv_bfloat16>, float>)	/root/share/mnt164/huangrulin/c16_ai_workload/raw/C16R_deepseek-v2-lite_s2-text_decode_nvbit-warp-mref-shard_v23r1-moe-e4-down_20260917T024000Z_b23b23b23b23/STATIC_MREF_MAP.tsv	1	0
DEEPSEEK	686	LDG.E.U16.STRONG.SM	LDG.E.U16.STRONG.SM R20, [R20.64] ;	GLOBAL	LOAD	False	one dynamic warp access of this static memory operand	QUALIFIED	2	SASS opcode U16/S16 data-width suffix	mref_operand_index=single bracketed global address operand	std::enable_if<!(false), void>::type internal::gemvx::kernel<int, int, __nv_bfloat16, __nv_bfloat16, __nv_bfloat16, float, false, true, true, false, 6, false, cublasGemvParamsEx<int, cublasGemvTensorStridedBatched<__nv_bfloat16 const>, cublasGemvTensorStridedBatched<__nv_bfloat16 const>, cublasGemvTensorStridedBatched<__nv_bfloat16>, float> >(cublasGemvParamsEx<int, cublasGemvTensorStridedBatched<__nv_bfloat16 const>, cublasGemvTensorStridedBatched<__nv_bfloat16 const>, cublasGemvTensorStridedBatched<__nv_bfloat16>, float>)	/root/share/mnt164/huangrulin/c16_ai_workload/raw/C16R_deepseek-v2-lite_s2-text_decode_nvbit-warp-mref-shard_v23r1-moe-e4-down_20260917T024000Z_b23b23b23b23/STATIC_MREF_MAP.tsv	1	0
DEEPSEEK	687	LDG.E.EF.U16	LDG.E.EF.U16 R8, [R8.64] ;	GLOBAL	LOAD	False	one dynamic warp access of this static memory operand	QUALIFIED	2	SASS opcode U16/S16 data-width suffix	mref_operand_index=single bracketed global address operand	std::enable_if<!(false), void>::type internal::gemvx::kernel<int, int, __nv_bfloat16, __nv_bfloat16, __nv_bfloat16, float, false, true, true, false, 6, false, cublasGemvParamsEx<int, cublasGemvTensorStridedBatched<__nv_bfloat16 const>, cublasGemvTensorStridedBatched<__nv_bfloat16 const>, cublasGemvTensorStridedBatched<__nv_bfloat16>, float> >(cublasGemvParamsEx<int, cublasGemvTensorStridedBatched<__nv_bfloat16 const>, cublasGemvTensorStridedBatched<__nv_bfloat16 const>, cublasGemvTensorStridedBatched<__nv_bfloat16>, float>)	/root/share/mnt164/huangrulin/c16_ai_workload/raw/C16R_deepseek-v2-lite_s2-text_decode_nvbit-warp-mref-shard_v23r1-moe-e4-down_20260917T024000Z_b23b23b23b23/STATIC_MREF_MAP.tsv	1	0
DEEPSEEK	688	LDG.E.U16.STRONG.SM	LDG.E.U16.STRONG.SM R12, [R12.64] ;	GLOBAL	LOAD	False	one dynamic warp access of this static memory operand	QUALIFIED	2	SASS opcode U16/S16 data-width suffix	mref_operand_index=single bracketed global address operand	std::enable_if<!(false), void>::type internal::gemvx::kernel<int, int, __nv_bfloat16, __nv_bfloat16, __nv_bfloat16, float, false, true, true, false, 6, false, cublasGemvParamsEx<int, cublasGemvTensorStridedBatched<__nv_bfloat16 const>, cublasGemvTensorStridedBatched<__nv_bfloat16 const>, cublasGemvTensorStridedBatched<__nv_bfloat16>, float> >(cublasGemvParamsEx<int, cublasGemvTensorStridedBatched<__nv_bfloat16 const>, cublasGemvTensorStridedBatched<__nv_bfloat16 const>, cublasGemvTensorStridedBatched<__nv_bfloat16>, float>)	/root/share/mnt164/huangrulin/c16_ai_workload/raw/C16R_deepseek-v2-lite_s2-text_decode_nvbit-warp-mref-shard_v23r1-moe-e4-down_20260917T024000Z_b23b23b23b23/STATIC_MREF_MAP.tsv	1	0
DEEPSEEK	803	LDG.E.EF.U16	LDG.E.EF.U16 R7, [R8.64] ;	GLOBAL	LOAD	False	one dynamic warp access of this static memory operand	QUALIFIED	2	SASS opcode U16/S16 data-width suffix	mref_operand_index=single bracketed global address operand	std::enable_if<!(false), void>::type internal::gemvx::kernel<int, int, __nv_bfloat16, __nv_bfloat16, __nv_bfloat16, float, false, true, true, false, 6, false, cublasGemvParamsEx<int, cublasGemvTensorStridedBatched<__nv_bfloat16 const>, cublasGemvTensorStridedBatched<__nv_bfloat16 const>, cublasGemvTensorStridedBatched<__nv_bfloat16>, float> >(cublasGemvParamsEx<int, cublasGemvTensorStridedBatched<__nv_bfloat16 const>, cublasGemvTensorStridedBatched<__nv_bfloat16 const>, cublasGemvTensorStridedBatched<__nv_bfloat16>, float>)	/root/share/mnt164/huangrulin/c16_ai_workload/raw/C16R_deepseek-v2-lite_s2-text_decode_nvbit-warp-mref-shard_v23r1-moe-e4-down_20260917T024000Z_b23b23b23b23/STATIC_MREF_MAP.tsv	1	2048
DEEPSEEK	805	LDG.E.U16.STRONG.SM	LDG.E.U16.STRONG.SM R40, [R12.64] ;	GLOBAL	LOAD	False	one dynamic warp access of this static memory operand	QUALIFIED	2	SASS opcode U16/S16 data-width suffix	mref_operand_index=single bracketed global address operand	std::enable_if<!(false), void>::type internal::gemvx::kernel<int, int, __nv_bfloat16, __nv_bfloat16, __nv_bfloat16, float, false, true, true, false, 6, false, cublasGemvParamsEx<int, cublasGemvTensorStridedBatched<__nv_bfloat16 const>, cublasGemvTensorStridedBatched<__nv_bfloat16 const>, cublasGemvTensorStridedBatched<__nv_bfloat16>, float> >(cublasGemvParamsEx<int, cublasGemvTensorStridedBatched<__nv_bfloat16 const>, cublasGemvTensorStridedBatched<__nv_bfloat16 const>, cublasGemvTensorStridedBatched<__nv_bfloat16>, float>)	/root/share/mnt164/huangrulin/c16_ai_workload/raw/C16R_deepseek-v2-lite_s2-text_decode_nvbit-warp-mref-shard_v23r1-moe-e4-down_20260917T024000Z_b23b23b23b23/STATIC_MREF_MAP.tsv	1	2048
DEEPSEEK	807	LDG.E.EF.U16	LDG.E.EF.U16 R41, [R10.64] ;	GLOBAL	LOAD	False	one dynamic warp access of this static memory operand	QUALIFIED	2	SASS opcode U16/S16 data-width suffix	mref_operand_index=single bracketed global address operand	std::enable_if<!(false), void>::type internal::gemvx::kernel<int, int, __nv_bfloat16, __nv_bfloat16, __nv_bfloat16, float, false, true, true, false, 6, false, cublasGemvParamsEx<int, cublasGemvTensorStridedBatched<__nv_bfloat16 const>, cublasGemvTensorStridedBatched<__nv_bfloat16 const>, cublasGemvTensorStridedBatched<__nv_bfloat16>, float> >(cublasGemvParamsEx<int, cublasGemvTensorStridedBatched<__nv_bfloat16 const>, cublasGemvTensorStridedBatched<__nv_bfloat16 const>, cublasGemvTensorStridedBatched<__nv_bfloat16>, float>)	/root/share/mnt164/huangrulin/c16_ai_workload/raw/C16R_deepseek-v2-lite_s2-text_decode_nvbit-warp-mref-shard_v23r1-moe-e4-down_20260917T024000Z_b23b23b23b23/STATIC_MREF_MAP.tsv	1	2048
DEEPSEEK	809	LDG.E.U16.STRONG.SM	LDG.E.U16.STRONG.SM R42, [R14.64] ;	GLOBAL	LOAD	False	one dynamic warp access of this static memory operand	QUALIFIED	2	SASS opcode U16/S16 data-width suffix	mref_operand_index=single bracketed global address operand	std::enable_if<!(false), void>::type internal::gemvx::kernel<int, int, __nv_bfloat16, __nv_bfloat16, __nv_bfloat16, float, false, true, true, false, 6, false, cublasGemvParamsEx<int, cublasGemvTensorStridedBatched<__nv_bfloat16 const>, cublasGemvTensorStridedBatched<__nv_bfloat16 const>, cublasGemvTensorStridedBatched<__nv_bfloat16>, float> >(cublasGemvParamsEx<int, cublasGemvTensorStridedBatched<__nv_bfloat16 const>, cublasGemvTensorStridedBatched<__nv_bfloat16 const>, cublasGemvTensorStridedBatched<__nv_bfloat16>, float>)	/root/share/mnt164/huangrulin/c16_ai_workload/raw/C16R_deepseek-v2-lite_s2-text_decode_nvbit-warp-mref-shard_v23r1-moe-e4-down_20260917T024000Z_b23b23b23b23/STATIC_MREF_MAP.tsv	1	2048
DEEPSEEK	811	LDG.E.EF.U16	LDG.E.EF.U16 R43, [R16.64] ;	GLOBAL	LOAD	False	one dynamic warp access of this static memory operand	QUALIFIED	2	SASS opcode U16/S16 data-width suffix	mref_operand_index=single bracketed global address operand	std::enable_if<!(false), void>::type internal::gemvx::kernel<int, int, __nv_bfloat16, __nv_bfloat16, __nv_bfloat16, float, false, true, true, false, 6, false, cublasGemvParamsEx<int, cublasGemvTensorStridedBatched<__nv_bfloat16 const>, cublasGemvTensorStridedBatched<__nv_bfloat16 const>, cublasGemvTensorStridedBatched<__nv_bfloat16>, float> >(cublasGemvParamsEx<int, cublasGemvTensorStridedBatched<__nv_bfloat16 const>, cublasGemvTensorStridedBatched<__nv_bfloat16 const>, cublasGemvTensorStridedBatched<__nv_bfloat16>, float>)	/root/share/mnt164/huangrulin/c16_ai_workload/raw/C16R_deepseek-v2-lite_s2-text_decode_nvbit-warp-mref-shard_v23r1-moe-e4-down_20260917T024000Z_b23b23b23b23/STATIC_MREF_MAP.tsv	1	2048
DEEPSEEK	813	LDG.E.U16.STRONG.SM	LDG.E.U16.STRONG.SM R44, [R18.64] ;	GLOBAL	LOAD	False	one dynamic warp access of this static memory operand	QUALIFIED	2	SASS opcode U16/S16 data-width suffix	mref_operand_index=single bracketed global address operand	std::enable_if<!(false), void>::type internal::gemvx::kernel<int, int, __nv_bfloat16, __nv_bfloat16, __nv_bfloat16, float, false, true, true, false, 6, false, cublasGemvParamsEx<int, cublasGemvTensorStridedBatched<__nv_bfloat16 const>, cublasGemvTensorStridedBatched<__nv_bfloat16 const>, cublasGemvTensorStridedBatched<__nv_bfloat16>, float> >(cublasGemvParamsEx<int, cublasGemvTensorStridedBatched<__nv_bfloat16 const>, cublasGemvTensorStridedBatched<__nv_bfloat16 const>, cublasGemvTensorStridedBatched<__nv_bfloat16>, float>)	/root/share/mnt164/huangrulin/c16_ai_workload/raw/C16R_deepseek-v2-lite_s2-text_decode_nvbit-warp-mref-shard_v23r1-moe-e4-down_20260917T024000Z_b23b23b23b23/STATIC_MREF_MAP.tsv	1	2048
DEEPSEEK	815	LDG.E.EF.U16	LDG.E.EF.U16 R45, [R20.64] ;	GLOBAL	LOAD	False	one dynamic warp access of this static memory operand	QUALIFIED	2	SASS opcode U16/S16 data-width suffix	mref_operand_index=single bracketed global address operand	std::enable_if<!(false), void>::type internal::gemvx::kernel<int, int, __nv_bfloat16, __nv_bfloat16, __nv_bfloat16, float, false, true, true, false, 6, false, cublasGemvParamsEx<int, cublasGemvTensorStridedBatched<__nv_bfloat16 const>, cublasGemvTensorStridedBatched<__nv_bfloat16 const>, cublasGemvTensorStridedBatched<__nv_bfloat16>, float> >(cublasGemvParamsEx<int, cublasGemvTensorStridedBatched<__nv_bfloat16 const>, cublasGemvTensorStridedBatched<__nv_bfloat16 const>, cublasGemvTensorStridedBatched<__nv_bfloat16>, float>)	/root/share/mnt164/huangrulin/c16_ai_workload/raw/C16R_deepseek-v2-lite_s2-text_decode_nvbit-warp-mref-shard_v23r1-moe-e4-down_20260917T024000Z_b23b23b23b23/STATIC_MREF_MAP.tsv	1	2048
DEEPSEEK	817	LDG.E.U16.STRONG.SM	LDG.E.U16.STRONG.SM R46, [R22.64] ;	GLOBAL	LOAD	False	one dynamic warp access of this static memory operand	QUALIFIED	2	SASS opcode U16/S16 data-width suffix	mref_operand_index=single bracketed global address operand	std::enable_if<!(false), void>::type internal::gemvx::kernel<int, int, __nv_bfloat16, __nv_bfloat16, __nv_bfloat16, float, false, true, true, false, 6, false, cublasGemvParamsEx<int, cublasGemvTensorStridedBatched<__nv_bfloat16 const>, cublasGemvTensorStridedBatched<__nv_bfloat16 const>, cublasGemvTensorStridedBatched<__nv_bfloat16>, float> >(cublasGemvParamsEx<int, cublasGemvTensorStridedBatched<__nv_bfloat16 const>, cublasGemvTensorStridedBatched<__nv_bfloat16 const>, cublasGemvTensorStridedBatched<__nv_bfloat16>, float>)	/root/share/mnt164/huangrulin/c16_ai_workload/raw/C16R_deepseek-v2-lite_s2-text_decode_nvbit-warp-mref-shard_v23r1-moe-e4-down_20260917T024000Z_b23b23b23b23/STATIC_MREF_MAP.tsv	1	2048
DEEPSEEK	819	LDG.E.EF.U16	LDG.E.EF.U16 R47, [R24.64] ;	GLOBAL	LOAD	False	one dynamic warp access of this static memory operand	QUALIFIED	2	SASS opcode U16/S16 data-width suffix	mref_operand_index=single bracketed global address operand	std::enable_if<!(false), void>::type internal::gemvx::kernel<int, int, __nv_bfloat16, __nv_bfloat16, __nv_bfloat16, float, false, true, true, false, 6, false, cublasGemvParamsEx<int, cublasGemvTensorStridedBatched<__nv_bfloat16 const>, cublasGemvTensorStridedBatched<__nv_bfloat16 const>, cublasGemvTensorStridedBatched<__nv_bfloat16>, float> >(cublasGemvParamsEx<int, cublasGemvTensorStridedBatched<__nv_bfloat16 const>, cublasGemvTensorStridedBatched<__nv_bfloat16 const>, cublasGemvTensorStridedBatched<__nv_bfloat16>, float>)	/root/share/mnt164/huangrulin/c16_ai_workload/raw/C16R_deepseek-v2-lite_s2-text_decode_nvbit-warp-mref-shard_v23r1-moe-e4-down_20260917T024000Z_b23b23b23b23/STATIC_MREF_MAP.tsv	1	2048
DEEPSEEK	821	LDG.E.U16.STRONG.SM	LDG.E.U16.STRONG.SM R48, [R26.64] ;	GLOBAL	LOAD	False	one dynamic warp access of this static memory operand	QUALIFIED	2	SASS opcode U16/S16 data-width suffix	mref_operand_index=single bracketed global address operand	std::enable_if<!(false), void>::type internal::gemvx::kernel<int, int, __nv_bfloat16, __nv_bfloat16, __nv_bfloat16, float, false, true, true, false, 6, false, cublasGemvParamsEx<int, cublasGemvTensorStridedBatched<__nv_bfloat16 const>, cublasGemvTensorStridedBatched<__nv_bfloat16 const>, cublasGemvTensorStridedBatched<__nv_bfloat16>, float> >(cublasGemvParamsEx<int, cublasGemvTensorStridedBatched<__nv_bfloat16 const>, cublasGemvTensorStridedBatched<__nv_bfloat16 const>, cublasGemvTensorStridedBatched<__nv_bfloat16>, float>)	/root/share/mnt164/huangrulin/c16_ai_workload/raw/C16R_deepseek-v2-lite_s2-text_decode_nvbit-warp-mref-shard_v23r1-moe-e4-down_20260917T024000Z_b23b23b23b23/STATIC_MREF_MAP.tsv	1	2048
DEEPSEEK	823	LDG.E.EF.U16	LDG.E.EF.U16 R49, [R28.64] ;	GLOBAL	LOAD	False	one dynamic warp access of this static memory operand	QUALIFIED	2	SASS opcode U16/S16 data-width suffix	mref_operand_index=single bracketed global address operand	std::enable_if<!(false), void>::type internal::gemvx::kernel<int, int, __nv_bfloat16, __nv_bfloat16, __nv_bfloat16, float, false, true, true, false, 6, false, cublasGemvParamsEx<int, cublasGemvTensorStridedBatched<__nv_bfloat16 const>, cublasGemvTensorStridedBatched<__nv_bfloat16 const>, cublasGemvTensorStridedBatched<__nv_bfloat16>, float> >(cublasGemvParamsEx<int, cublasGemvTensorStridedBatched<__nv_bfloat16 const>, cublasGemvTensorStridedBatched<__nv_bfloat16 const>, cublasGemvTensorStridedBatched<__nv_bfloat16>, float>)	/root/share/mnt164/huangrulin/c16_ai_workload/raw/C16R_deepseek-v2-lite_s2-text_decode_nvbit-warp-mref-shard_v23r1-moe-e4-down_20260917T024000Z_b23b23b23b23/STATIC_MREF_MAP.tsv	1	2048
DEEPSEEK	825	LDG.E.U16.STRONG.SM	LDG.E.U16.STRONG.SM R30, [R30.64] ;	GLOBAL	LOAD	False	one dynamic warp access of this static memory operand	QUALIFIED	2	SASS opcode U16/S16 data-width suffix	mref_operand_index=single bracketed global address operand	std::enable_if<!(false), void>::type internal::gemvx::kernel<int, int, __nv_bfloat16, __nv_bfloat16, __nv_bfloat16, float, false, true, true, false, 6, false, cublasGemvParamsEx<int, cublasGemvTensorStridedBatched<__nv_bfloat16 const>, cublasGemvTensorStridedBatched<__nv_bfloat16 const>, cublasGemvTensorStridedBatched<__nv_bfloat16>, float> >(cublasGemvParamsEx<int, cublasGemvTensorStridedBatched<__nv_bfloat16 const>, cublasGemvTensorStridedBatched<__nv_bfloat16 const>, cublasGemvTensorStridedBatched<__nv_bfloat16>, float>)	/root/share/mnt164/huangrulin/c16_ai_workload/raw/C16R_deepseek-v2-lite_s2-text_decode_nvbit-warp-mref-shard_v23r1-moe-e4-down_20260917T024000Z_b23b23b23b23/STATIC_MREF_MAP.tsv	1	2048
DEEPSEEK	827	LDG.E.EF.U16	LDG.E.EF.U16 R32, [R32.64] ;	GLOBAL	LOAD	False	one dynamic warp access of this static memory operand	QUALIFIED	2	SASS opcode U16/S16 data-width suffix	mref_operand_index=single bracketed global address operand	std::enable_if<!(false), void>::type internal::gemvx::kernel<int, int, __nv_bfloat16, __nv_bfloat16, __nv_bfloat16, float, false, true, true, false, 6, false, cublasGemvParamsEx<int, cublasGemvTensorStridedBatched<__nv_bfloat16 const>, cublasGemvTensorStridedBatched<__nv_bfloat16 const>, cublasGemvTensorStridedBatched<__nv_bfloat16>, float> >(cublasGemvParamsEx<int, cublasGemvTensorStridedBatched<__nv_bfloat16 const>, cublasGemvTensorStridedBatched<__nv_bfloat16 const>, cublasGemvTensorStridedBatched<__nv_bfloat16>, float>)	/root/share/mnt164/huangrulin/c16_ai_workload/raw/C16R_deepseek-v2-lite_s2-text_decode_nvbit-warp-mref-shard_v23r1-moe-e4-down_20260917T024000Z_b23b23b23b23/STATIC_MREF_MAP.tsv	1	2048
DEEPSEEK	829	LDG.E.U16.STRONG.SM	LDG.E.U16.STRONG.SM R34, [R34.64] ;	GLOBAL	LOAD	False	one dynamic warp access of this static memory operand	QUALIFIED	2	SASS opcode U16/S16 data-width suffix	mref_operand_index=single bracketed global address operand	std::enable_if<!(false), void>::type internal::gemvx::kernel<int, int, __nv_bfloat16, __nv_bfloat16, __nv_bfloat16, float, false, true, true, false, 6, false, cublasGemvParamsEx<int, cublasGemvTensorStridedBatched<__nv_bfloat16 const>, cublasGemvTensorStridedBatched<__nv_bfloat16 const>, cublasGemvTensorStridedBatched<__nv_bfloat16>, float> >(cublasGemvParamsEx<int, cublasGemvTensorStridedBatched<__nv_bfloat16 const>, cublasGemvTensorStridedBatched<__nv_bfloat16 const>, cublasGemvTensorStridedBatched<__nv_bfloat16>, float>)	/root/share/mnt164/huangrulin/c16_ai_workload/raw/C16R_deepseek-v2-lite_s2-text_decode_nvbit-warp-mref-shard_v23r1-moe-e4-down_20260917T024000Z_b23b23b23b23/STATIC_MREF_MAP.tsv	1	2048
DEEPSEEK	831	LDG.E.EF.U16	LDG.E.EF.U16 R36, [R36.64] ;	GLOBAL	LOAD	False	one dynamic warp access of this static memory operand	QUALIFIED	2	SASS opcode U16/S16 data-width suffix	mref_operand_index=single bracketed global address operand	std::enable_if<!(false), void>::type internal::gemvx::kernel<int, int, __nv_bfloat16, __nv_bfloat16, __nv_bfloat16, float, false, true, true, false, 6, false, cublasGemvParamsEx<int, cublasGemvTensorStridedBatched<__nv_bfloat16 const>, cublasGemvTensorStridedBatched<__nv_bfloat16 const>, cublasGemvTensorStridedBatched<__nv_bfloat16>, float> >(cublasGemvParamsEx<int, cublasGemvTensorStridedBatched<__nv_bfloat16 const>, cublasGemvTensorStridedBatched<__nv_bfloat16 const>, cublasGemvTensorStridedBatched<__nv_bfloat16>, float>)	/root/share/mnt164/huangrulin/c16_ai_workload/raw/C16R_deepseek-v2-lite_s2-text_decode_nvbit-warp-mref-shard_v23r1-moe-e4-down_20260917T024000Z_b23b23b23b23/STATIC_MREF_MAP.tsv	1	2048
DEEPSEEK	833	LDG.E.U16.STRONG.SM	LDG.E.U16.STRONG.SM R38, [R38.64] ;	GLOBAL	LOAD	False	one dynamic warp access of this static memory operand	QUALIFIED	2	SASS opcode U16/S16 data-width suffix	mref_operand_index=single bracketed global address operand	std::enable_if<!(false), void>::type internal::gemvx::kernel<int, int, __nv_bfloat16, __nv_bfloat16, __nv_bfloat16, float, false, true, true, false, 6, false, cublasGemvParamsEx<int, cublasGemvTensorStridedBatched<__nv_bfloat16 const>, cublasGemvTensorStridedBatched<__nv_bfloat16 const>, cublasGemvTensorStridedBatched<__nv_bfloat16>, float> >(cublasGemvParamsEx<int, cublasGemvTensorStridedBatched<__nv_bfloat16 const>, cublasGemvTensorStridedBatched<__nv_bfloat16 const>, cublasGemvTensorStridedBatched<__nv_bfloat16>, float>)	/root/share/mnt164/huangrulin/c16_ai_workload/raw/C16R_deepseek-v2-lite_s2-text_decode_nvbit-warp-mref-shard_v23r1-moe-e4-down_20260917T024000Z_b23b23b23b23/STATIC_MREF_MAP.tsv	1	2048
DEEPSEEK	835	LDG.E.EF.U16	LDG.E.EF.U16 R50, [R8.64] ;	GLOBAL	LOAD	False	one dynamic warp access of this static memory operand	QUALIFIED	2	SASS opcode U16/S16 data-width suffix	mref_operand_index=single bracketed global address operand	std::enable_if<!(false), void>::type internal::gemvx::kernel<int, int, __nv_bfloat16, __nv_bfloat16, __nv_bfloat16, float, false, true, true, false, 6, false, cublasGemvParamsEx<int, cublasGemvTensorStridedBatched<__nv_bfloat16 const>, cublasGemvTensorStridedBatched<__nv_bfloat16 const>, cublasGemvTensorStridedBatched<__nv_bfloat16>, float> >(cublasGemvParamsEx<int, cublasGemvTensorStridedBatched<__nv_bfloat16 const>, cublasGemvTensorStridedBatched<__nv_bfloat16 const>, cublasGemvTensorStridedBatched<__nv_bfloat16>, float>)	/root/share/mnt164/huangrulin/c16_ai_workload/raw/C16R_deepseek-v2-lite_s2-text_decode_nvbit-warp-mref-shard_v23r1-moe-e4-down_20260917T024000Z_b23b23b23b23/STATIC_MREF_MAP.tsv	1	2048
DEEPSEEK	837	LDG.E.U16.STRONG.SM	LDG.E.U16.STRONG.SM R51, [R12.64] ;	GLOBAL	LOAD	False	one dynamic warp access of this static memory operand	QUALIFIED	2	SASS opcode U16/S16 data-width suffix	mref_operand_index=single bracketed global address operand	std::enable_if<!(false), void>::type internal::gemvx::kernel<int, int, __nv_bfloat16, __nv_bfloat16, __nv_bfloat16, float, false, true, true, false, 6, false, cublasGemvParamsEx<int, cublasGemvTensorStridedBatched<__nv_bfloat16 const>, cublasGemvTensorStridedBatched<__nv_bfloat16 const>, cublasGemvTensorStridedBatched<__nv_bfloat16>, float> >(cublasGemvParamsEx<int, cublasGemvTensorStridedBatched<__nv_bfloat16 const>, cublasGemvTensorStridedBatched<__nv_bfloat16 const>, cublasGemvTensorStridedBatched<__nv_bfloat16>, float>)	/root/share/mnt164/huangrulin/c16_ai_workload/raw/C16R_deepseek-v2-lite_s2-text_decode_nvbit-warp-mref-shard_v23r1-moe-e4-down_20260917T024000Z_b23b23b23b23/STATIC_MREF_MAP.tsv	1	2048
DEEPSEEK	839	LDG.E.EF.U16	LDG.E.EF.U16 R31, [R10.64] ;	GLOBAL	LOAD	False	one dynamic warp access of this static memory operand	QUALIFIED	2	SASS opcode U16/S16 data-width suffix	mref_operand_index=single bracketed global address operand	std::enable_if<!(false), void>::type internal::gemvx::kernel<int, int, __nv_bfloat16, __nv_bfloat16, __nv_bfloat16, float, false, true, true, false, 6, false, cublasGemvParamsEx<int, cublasGemvTensorStridedBatched<__nv_bfloat16 const>, cublasGemvTensorStridedBatched<__nv_bfloat16 const>, cublasGemvTensorStridedBatched<__nv_bfloat16>, float> >(cublasGemvParamsEx<int, cublasGemvTensorStridedBatched<__nv_bfloat16 const>, cublasGemvTensorStridedBatched<__nv_bfloat16 const>, cublasGemvTensorStridedBatched<__nv_bfloat16>, float>)	/root/share/mnt164/huangrulin/c16_ai_workload/raw/C16R_deepseek-v2-lite_s2-text_decode_nvbit-warp-mref-shard_v23r1-moe-e4-down_20260917T024000Z_b23b23b23b23/STATIC_MREF_MAP.tsv	1	2048
DEEPSEEK	841	LDG.E.U16.STRONG.SM	LDG.E.U16.STRONG.SM R33, [R14.64] ;	GLOBAL	LOAD	False	one dynamic warp access of this static memory operand	QUALIFIED	2	SASS opcode U16/S16 data-width suffix	mref_operand_index=single bracketed global address operand	std::enable_if<!(false), void>::type internal::gemvx::kernel<int, int, __nv_bfloat16, __nv_bfloat16, __nv_bfloat16, float, false, true, true, false, 6, false, cublasGemvParamsEx<int, cublasGemvTensorStridedBatched<__nv_bfloat16 const>, cublasGemvTensorStridedBatched<__nv_bfloat16 const>, cublasGemvTensorStridedBatched<__nv_bfloat16>, float> >(cublasGemvParamsEx<int, cublasGemvTensorStridedBatched<__nv_bfloat16 const>, cublasGemvTensorStridedBatched<__nv_bfloat16 const>, cublasGemvTensorStridedBatched<__nv_bfloat16>, float>)	/root/share/mnt164/huangrulin/c16_ai_workload/raw/C16R_deepseek-v2-lite_s2-text_decode_nvbit-warp-mref-shard_v23r1-moe-e4-down_20260917T024000Z_b23b23b23b23/STATIC_MREF_MAP.tsv	1	2048
DEEPSEEK	843	LDG.E.EF.U16	LDG.E.EF.U16 R35, [R16.64] ;	GLOBAL	LOAD	False	one dynamic warp access of this static memory operand	QUALIFIED	2	SASS opcode U16/S16 data-width suffix	mref_operand_index=single bracketed global address operand	std::enable_if<!(false), void>::type internal::gemvx::kernel<int, int, __nv_bfloat16, __nv_bfloat16, __nv_bfloat16, float, false, true, true, false, 6, false, cublasGemvParamsEx<int, cublasGemvTensorStridedBatched<__nv_bfloat16 const>, cublasGemvTensorStridedBatched<__nv_bfloat16 const>, cublasGemvTensorStridedBatched<__nv_bfloat16>, float> >(cublasGemvParamsEx<int, cublasGemvTensorStridedBatched<__nv_bfloat16 const>, cublasGemvTensorStridedBatched<__nv_bfloat16 const>, cublasGemvTensorStridedBatched<__nv_bfloat16>, float>)	/root/share/mnt164/huangrulin/c16_ai_workload/raw/C16R_deepseek-v2-lite_s2-text_decode_nvbit-warp-mref-shard_v23r1-moe-e4-down_20260917T024000Z_b23b23b23b23/STATIC_MREF_MAP.tsv	1	2048
DEEPSEEK	845	LDG.E.U16.STRONG.SM	LDG.E.U16.STRONG.SM R18, [R18.64] ;	GLOBAL	LOAD	False	one dynamic warp access of this static memory operand	QUALIFIED	2	SASS opcode U16/S16 data-width suffix	mref_operand_index=single bracketed global address operand	std::enable_if<!(false), void>::type internal::gemvx::kernel<int, int, __nv_bfloat16, __nv_bfloat16, __nv_bfloat16, float, false, true, true, false, 6, false, cublasGemvParamsEx<int, cublasGemvTensorStridedBatched<__nv_bfloat16 const>, cublasGemvTensorStridedBatched<__nv_bfloat16 const>, cublasGemvTensorStridedBatched<__nv_bfloat16>, float> >(cublasGemvParamsEx<int, cublasGemvTensorStridedBatched<__nv_bfloat16 const>, cublasGemvTensorStridedBatched<__nv_bfloat16 const>, cublasGemvTensorStridedBatched<__nv_bfloat16>, float>)	/root/share/mnt164/huangrulin/c16_ai_workload/raw/C16R_deepseek-v2-lite_s2-text_decode_nvbit-warp-mref-shard_v23r1-moe-e4-down_20260917T024000Z_b23b23b23b23/STATIC_MREF_MAP.tsv	1	2048
DEEPSEEK	847	LDG.E.EF.U16	LDG.E.EF.U16 R20, [R20.64] ;	GLOBAL	LOAD	False	one dynamic warp access of this static memory operand	QUALIFIED	2	SASS opcode U16/S16 data-width suffix	mref_operand_index=single bracketed global address operand	std::enable_if<!(false), void>::type internal::gemvx::kernel<int, int, __nv_bfloat16, __nv_bfloat16, __nv_bfloat16, float, false, true, true, false, 6, false, cublasGemvParamsEx<int, cublasGemvTensorStridedBatched<__nv_bfloat16 const>, cublasGemvTensorStridedBatched<__nv_bfloat16 const>, cublasGemvTensorStridedBatched<__nv_bfloat16>, float> >(cublasGemvParamsEx<int, cublasGemvTensorStridedBatched<__nv_bfloat16 const>, cublasGemvTensorStridedBatched<__nv_bfloat16 const>, cublasGemvTensorStridedBatched<__nv_bfloat16>, float>)	/root/share/mnt164/huangrulin/c16_ai_workload/raw/C16R_deepseek-v2-lite_s2-text_decode_nvbit-warp-mref-shard_v23r1-moe-e4-down_20260917T024000Z_b23b23b23b23/STATIC_MREF_MAP.tsv	1	2048
DEEPSEEK	849	LDG.E.U16.STRONG.SM	LDG.E.U16.STRONG.SM R22, [R22.64] ;	GLOBAL	LOAD	False	one dynamic warp access of this static memory operand	QUALIFIED	2	SASS opcode U16/S16 data-width suffix	mref_operand_index=single bracketed global address operand	std::enable_if<!(false), void>::type internal::gemvx::kernel<int, int, __nv_bfloat16, __nv_bfloat16, __nv_bfloat16, float, false, true, true, false, 6, false, cublasGemvParamsEx<int, cublasGemvTensorStridedBatched<__nv_bfloat16 const>, cublasGemvTensorStridedBatched<__nv_bfloat16 const>, cublasGemvTensorStridedBatched<__nv_bfloat16>, float> >(cublasGemvParamsEx<int, cublasGemvTensorStridedBatched<__nv_bfloat16 const>, cublasGemvTensorStridedBatched<__nv_bfloat16 const>, cublasGemvTensorStridedBatched<__nv_bfloat16>, float>)	/root/share/mnt164/huangrulin/c16_ai_workload/raw/C16R_deepseek-v2-lite_s2-text_decode_nvbit-warp-mref-shard_v23r1-moe-e4-down_20260917T024000Z_b23b23b23b23/STATIC_MREF_MAP.tsv	1	2048
DEEPSEEK	851	LDG.E.EF.U16	LDG.E.EF.U16 R24, [R24.64] ;	GLOBAL	LOAD	False	one dynamic warp access of this static memory operand	QUALIFIED	2	SASS opcode U16/S16 data-width suffix	mref_operand_index=single bracketed global address operand	std::enable_if<!(false), void>::type internal::gemvx::kernel<int, int, __nv_bfloat16, __nv_bfloat16, __nv_bfloat16, float, false, true, true, false, 6, false, cublasGemvParamsEx<int, cublasGemvTensorStridedBatched<__nv_bfloat16 const>, cublasGemvTensorStridedBatched<__nv_bfloat16 const>, cublasGemvTensorStridedBatched<__nv_bfloat16>, float> >(cublasGemvParamsEx<int, cublasGemvTensorStridedBatched<__nv_bfloat16 const>, cublasGemvTensorStridedBatched<__nv_bfloat16 const>, cublasGemvTensorStridedBatched<__nv_bfloat16>, float>)	/root/share/mnt164/huangrulin/c16_ai_workload/raw/C16R_deepseek-v2-lite_s2-text_decode_nvbit-warp-mref-shard_v23r1-moe-e4-down_20260917T024000Z_b23b23b23b23/STATIC_MREF_MAP.tsv	1	2048
DEEPSEEK	853	LDG.E.U16.STRONG.SM	LDG.E.U16.STRONG.SM R26, [R26.64] ;	GLOBAL	LOAD	False	one dynamic warp access of this static memory operand	QUALIFIED	2	SASS opcode U16/S16 data-width suffix	mref_operand_index=single bracketed global address operand	std::enable_if<!(false), void>::type internal::gemvx::kernel<int, int, __nv_bfloat16, __nv_bfloat16, __nv_bfloat16, float, false, true, true, false, 6, false, cublasGemvParamsEx<int, cublasGemvTensorStridedBatched<__nv_bfloat16 const>, cublasGemvTensorStridedBatched<__nv_bfloat16 const>, cublasGemvTensorStridedBatched<__nv_bfloat16>, float> >(cublasGemvParamsEx<int, cublasGemvTensorStridedBatched<__nv_bfloat16 const>, cublasGemvTensorStridedBatched<__nv_bfloat16 const>, cublasGemvTensorStridedBatched<__nv_bfloat16>, float>)	/root/share/mnt164/huangrulin/c16_ai_workload/raw/C16R_deepseek-v2-lite_s2-text_decode_nvbit-warp-mref-shard_v23r1-moe-e4-down_20260917T024000Z_b23b23b23b23/STATIC_MREF_MAP.tsv	1	2048
DEEPSEEK	855	LDG.E.EF.U16	LDG.E.EF.U16 R9, [R8.64] ;	GLOBAL	LOAD	False	one dynamic warp access of this static memory operand	QUALIFIED	2	SASS opcode U16/S16 data-width suffix	mref_operand_index=single bracketed global address operand	std::enable_if<!(false), void>::type internal::gemvx::kernel<int, int, __nv_bfloat16, __nv_bfloat16, __nv_bfloat16, float, false, true, true, false, 6, false, cublasGemvParamsEx<int, cublasGemvTensorStridedBatched<__nv_bfloat16 const>, cublasGemvTensorStridedBatched<__nv_bfloat16 const>, cublasGemvTensorStridedBatched<__nv_bfloat16>, float> >(cublasGemvParamsEx<int, cublasGemvTensorStridedBatched<__nv_bfloat16 const>, cublasGemvTensorStridedBatched<__nv_bfloat16 const>, cublasGemvTensorStridedBatched<__nv_bfloat16>, float>)	/root/share/mnt164/huangrulin/c16_ai_workload/raw/C16R_deepseek-v2-lite_s2-text_decode_nvbit-warp-mref-shard_v23r1-moe-e4-down_20260917T024000Z_b23b23b23b23/STATIC_MREF_MAP.tsv	1	2048
DEEPSEEK	857	LDG.E.U16.STRONG.SM	LDG.E.U16.STRONG.SM R28, [R28.64] ;	GLOBAL	LOAD	False	one dynamic warp access of this static memory operand	QUALIFIED	2	SASS opcode U16/S16 data-width suffix	mref_operand_index=single bracketed global address operand	std::enable_if<!(false), void>::type internal::gemvx::kernel<int, int, __nv_bfloat16, __nv_bfloat16, __nv_bfloat16, float, false, true, true, false, 6, false, cublasGemvParamsEx<int, cublasGemvTensorStridedBatched<__nv_bfloat16 const>, cublasGemvTensorStridedBatched<__nv_bfloat16 const>, cublasGemvTensorStridedBatched<__nv_bfloat16>, float> >(cublasGemvParamsEx<int, cublasGemvTensorStridedBatched<__nv_bfloat16 const>, cublasGemvTensorStridedBatched<__nv_bfloat16 const>, cublasGemvTensorStridedBatched<__nv_bfloat16>, float>)	/root/share/mnt164/huangrulin/c16_ai_workload/raw/C16R_deepseek-v2-lite_s2-text_decode_nvbit-warp-mref-shard_v23r1-moe-e4-down_20260917T024000Z_b23b23b23b23/STATIC_MREF_MAP.tsv	1	2048
DEEPSEEK	859	LDG.E.EF.U16	LDG.E.EF.U16 R19, [R10.64] ;	GLOBAL	LOAD	False	one dynamic warp access of this static memory operand	QUALIFIED	2	SASS opcode U16/S16 data-width suffix	mref_operand_index=single bracketed global address operand	std::enable_if<!(false), void>::type internal::gemvx::kernel<int, int, __nv_bfloat16, __nv_bfloat16, __nv_bfloat16, float, false, true, true, false, 6, false, cublasGemvParamsEx<int, cublasGemvTensorStridedBatched<__nv_bfloat16 const>, cublasGemvTensorStridedBatched<__nv_bfloat16 const>, cublasGemvTensorStridedBatched<__nv_bfloat16>, float> >(cublasGemvParamsEx<int, cublasGemvTensorStridedBatched<__nv_bfloat16 const>, cublasGemvTensorStridedBatched<__nv_bfloat16 const>, cublasGemvTensorStridedBatched<__nv_bfloat16>, float>)	/root/share/mnt164/huangrulin/c16_ai_workload/raw/C16R_deepseek-v2-lite_s2-text_decode_nvbit-warp-mref-shard_v23r1-moe-e4-down_20260917T024000Z_b23b23b23b23/STATIC_MREF_MAP.tsv	1	2048
DEEPSEEK	861	LDG.E.U16.STRONG.SM	LDG.E.U16.STRONG.SM R12, [R12.64] ;	GLOBAL	LOAD	False	one dynamic warp access of this static memory operand	QUALIFIED	2	SASS opcode U16/S16 data-width suffix	mref_operand_index=single bracketed global address operand	std::enable_if<!(false), void>::type internal::gemvx::kernel<int, int, __nv_bfloat16, __nv_bfloat16, __nv_bfloat16, float, false, true, true, false, 6, false, cublasGemvParamsEx<int, cublasGemvTensorStridedBatched<__nv_bfloat16 const>, cublasGemvTensorStridedBatched<__nv_bfloat16 const>, cublasGemvTensorStridedBatched<__nv_bfloat16>, float> >(cublasGemvParamsEx<int, cublasGemvTensorStridedBatched<__nv_bfloat16 const>, cublasGemvTensorStridedBatched<__nv_bfloat16 const>, cublasGemvTensorStridedBatched<__nv_bfloat16>, float>)	/root/share/mnt164/huangrulin/c16_ai_workload/raw/C16R_deepseek-v2-lite_s2-text_decode_nvbit-warp-mref-shard_v23r1-moe-e4-down_20260917T024000Z_b23b23b23b23/STATIC_MREF_MAP.tsv	1	2048
DEEPSEEK	862	LDG.E.EF.U16	LDG.E.EF.U16 R14, [R14.64] ;	GLOBAL	LOAD	False	one dynamic warp access of this static memory operand	QUALIFIED	2	SASS opcode U16/S16 data-width suffix	mref_operand_index=single bracketed global address operand	std::enable_if<!(false), void>::type internal::gemvx::kernel<int, int, __nv_bfloat16, __nv_bfloat16, __nv_bfloat16, float, false, true, true, false, 6, false, cublasGemvParamsEx<int, cublasGemvTensorStridedBatched<__nv_bfloat16 const>, cublasGemvTensorStridedBatched<__nv_bfloat16 const>, cublasGemvTensorStridedBatched<__nv_bfloat16>, float> >(cublasGemvParamsEx<int, cublasGemvTensorStridedBatched<__nv_bfloat16 const>, cublasGemvTensorStridedBatched<__nv_bfloat16 const>, cublasGemvTensorStridedBatched<__nv_bfloat16>, float>)	/root/share/mnt164/huangrulin/c16_ai_workload/raw/C16R_deepseek-v2-lite_s2-text_decode_nvbit-warp-mref-shard_v23r1-moe-e4-down_20260917T024000Z_b23b23b23b23/STATIC_MREF_MAP.tsv	1	2048
DEEPSEEK	863	LDG.E.U16.STRONG.SM	LDG.E.U16.STRONG.SM R16, [R16.64] ;	GLOBAL	LOAD	False	one dynamic warp access of this static memory operand	QUALIFIED	2	SASS opcode U16/S16 data-width suffix	mref_operand_index=single bracketed global address operand	std::enable_if<!(false), void>::type internal::gemvx::kernel<int, int, __nv_bfloat16, __nv_bfloat16, __nv_bfloat16, float, false, true, true, false, 6, false, cublasGemvParamsEx<int, cublasGemvTensorStridedBatched<__nv_bfloat16 const>, cublasGemvTensorStridedBatched<__nv_bfloat16 const>, cublasGemvTensorStridedBatched<__nv_bfloat16>, float> >(cublasGemvParamsEx<int, cublasGemvTensorStridedBatched<__nv_bfloat16 const>, cublasGemvTensorStridedBatched<__nv_bfloat16 const>, cublasGemvTensorStridedBatched<__nv_bfloat16>, float>)	/root/share/mnt164/huangrulin/c16_ai_workload/raw/C16R_deepseek-v2-lite_s2-text_decode_nvbit-warp-mref-shard_v23r1-moe-e4-down_20260917T024000Z_b23b23b23b23/STATIC_MREF_MAP.tsv	1	2048
DEEPSEEK	937	LDG.E.EF.U16	LDG.E.EF.U16 R6, [R6.64] ;	GLOBAL	LOAD	False	one dynamic warp access of this static memory operand	QUALIFIED	2	SASS opcode U16/S16 data-width suffix	mref_operand_index=single bracketed global address operand	std::enable_if<!(false), void>::type internal::gemvx::kernel<int, int, __nv_bfloat16, __nv_bfloat16, __nv_bfloat16, float, false, true, true, false, 6, false, cublasGemvParamsEx<int, cublasGemvTensorStridedBatched<__nv_bfloat16 const>, cublasGemvTensorStridedBatched<__nv_bfloat16 const>, cublasGemvTensorStridedBatched<__nv_bfloat16>, float> >(cublasGemvParamsEx<int, cublasGemvTensorStridedBatched<__nv_bfloat16 const>, cublasGemvTensorStridedBatched<__nv_bfloat16 const>, cublasGemvTensorStridedBatched<__nv_bfloat16>, float>)	/root/share/mnt164/huangrulin/c16_ai_workload/raw/C16R_deepseek-v2-lite_s2-text_decode_nvbit-warp-mref-shard_v23r1-moe-e4-down_20260917T024000Z_b23b23b23b23/STATIC_MREF_MAP.tsv	1	4096
DEEPSEEK	939	LDG.E.U16.STRONG.SM	LDG.E.U16.STRONG.SM R8, [R8.64] ;	GLOBAL	LOAD	False	one dynamic warp access of this static memory operand	QUALIFIED	2	SASS opcode U16/S16 data-width suffix	mref_operand_index=single bracketed global address operand	std::enable_if<!(false), void>::type internal::gemvx::kernel<int, int, __nv_bfloat16, __nv_bfloat16, __nv_bfloat16, float, false, true, true, false, 6, false, cublasGemvParamsEx<int, cublasGemvTensorStridedBatched<__nv_bfloat16 const>, cublasGemvTensorStridedBatched<__nv_bfloat16 const>, cublasGemvTensorStridedBatched<__nv_bfloat16>, float> >(cublasGemvParamsEx<int, cublasGemvTensorStridedBatched<__nv_bfloat16 const>, cublasGemvTensorStridedBatched<__nv_bfloat16 const>, cublasGemvTensorStridedBatched<__nv_bfloat16>, float>)	/root/share/mnt164/huangrulin/c16_ai_workload/raw/C16R_deepseek-v2-lite_s2-text_decode_nvbit-warp-mref-shard_v23r1-moe-e4-down_20260917T024000Z_b23b23b23b23/STATIC_MREF_MAP.tsv	1	4096
DEEPSEEK	941	LDG.E.EF.U16	LDG.E.EF.U16 R10, [R10.64] ;	GLOBAL	LOAD	False	one dynamic warp access of this static memory operand	QUALIFIED	2	SASS opcode U16/S16 data-width suffix	mref_operand_index=single bracketed global address operand	std::enable_if<!(false), void>::type internal::gemvx::kernel<int, int, __nv_bfloat16, __nv_bfloat16, __nv_bfloat16, float, false, true, true, false, 6, false, cublasGemvParamsEx<int, cublasGemvTensorStridedBatched<__nv_bfloat16 const>, cublasGemvTensorStridedBatched<__nv_bfloat16 const>, cublasGemvTensorStridedBatched<__nv_bfloat16>, float> >(cublasGemvParamsEx<int, cublasGemvTensorStridedBatched<__nv_bfloat16 const>, cublasGemvTensorStridedBatched<__nv_bfloat16 const>, cublasGemvTensorStridedBatched<__nv_bfloat16>, float>)	/root/share/mnt164/huangrulin/c16_ai_workload/raw/C16R_deepseek-v2-lite_s2-text_decode_nvbit-warp-mref-shard_v23r1-moe-e4-down_20260917T024000Z_b23b23b23b23/STATIC_MREF_MAP.tsv	1	4096
DEEPSEEK	943	LDG.E.U16.STRONG.SM	LDG.E.U16.STRONG.SM R12, [R12.64] ;	GLOBAL	LOAD	False	one dynamic warp access of this static memory operand	QUALIFIED	2	SASS opcode U16/S16 data-width suffix	mref_operand_index=single bracketed global address operand	std::enable_if<!(false), void>::type internal::gemvx::kernel<int, int, __nv_bfloat16, __nv_bfloat16, __nv_bfloat16, float, false, true, true, false, 6, false, cublasGemvParamsEx<int, cublasGemvTensorStridedBatched<__nv_bfloat16 const>, cublasGemvTensorStridedBatched<__nv_bfloat16 const>, cublasGemvTensorStridedBatched<__nv_bfloat16>, float> >(cublasGemvParamsEx<int, cublasGemvTensorStridedBatched<__nv_bfloat16 const>, cublasGemvTensorStridedBatched<__nv_bfloat16 const>, cublasGemvTensorStridedBatched<__nv_bfloat16>, float>)	/root/share/mnt164/huangrulin/c16_ai_workload/raw/C16R_deepseek-v2-lite_s2-text_decode_nvbit-warp-mref-shard_v23r1-moe-e4-down_20260917T024000Z_b23b23b23b23/STATIC_MREF_MAP.tsv	1	4096
DEEPSEEK	945	LDG.E.EF.U16	LDG.E.EF.U16 R22, [R14.64] ;	GLOBAL	LOAD	False	one dynamic warp access of this static memory operand	QUALIFIED	2	SASS opcode U16/S16 data-width suffix	mref_operand_index=single bracketed global address operand	std::enable_if<!(false), void>::type internal::gemvx::kernel<int, int, __nv_bfloat16, __nv_bfloat16, __nv_bfloat16, float, false, true, true, false, 6, false, cublasGemvParamsEx<int, cublasGemvTensorStridedBatched<__nv_bfloat16 const>, cublasGemvTensorStridedBatched<__nv_bfloat16 const>, cublasGemvTensorStridedBatched<__nv_bfloat16>, float> >(cublasGemvParamsEx<int, cublasGemvTensorStridedBatched<__nv_bfloat16 const>, cublasGemvTensorStridedBatched<__nv_bfloat16 const>, cublasGemvTensorStridedBatched<__nv_bfloat16>, float>)	/root/share/mnt164/huangrulin/c16_ai_workload/raw/C16R_deepseek-v2-lite_s2-text_decode_nvbit-warp-mref-shard_v23r1-moe-e4-down_20260917T024000Z_b23b23b23b23/STATIC_MREF_MAP.tsv	1	4096
DEEPSEEK	947	LDG.E.U16.STRONG.SM	LDG.E.U16.STRONG.SM R16, [R16.64] ;	GLOBAL	LOAD	False	one dynamic warp access of this static memory operand	QUALIFIED	2	SASS opcode U16/S16 data-width suffix	mref_operand_index=single bracketed global address operand	std::enable_if<!(false), void>::type internal::gemvx::kernel<int, int, __nv_bfloat16, __nv_bfloat16, __nv_bfloat16, float, false, true, true, false, 6, false, cublasGemvParamsEx<int, cublasGemvTensorStridedBatched<__nv_bfloat16 const>, cublasGemvTensorStridedBatched<__nv_bfloat16 const>, cublasGemvTensorStridedBatched<__nv_bfloat16>, float> >(cublasGemvParamsEx<int, cublasGemvTensorStridedBatched<__nv_bfloat16 const>, cublasGemvTensorStridedBatched<__nv_bfloat16 const>, cublasGemvTensorStridedBatched<__nv_bfloat16>, float>)	/root/share/mnt164/huangrulin/c16_ai_workload/raw/C16R_deepseek-v2-lite_s2-text_decode_nvbit-warp-mref-shard_v23r1-moe-e4-down_20260917T024000Z_b23b23b23b23/STATIC_MREF_MAP.tsv	1	4096
DEEPSEEK	948	LDG.E.EF.U16	LDG.E.EF.U16 R18, [R18.64] ;	GLOBAL	LOAD	False	one dynamic warp access of this static memory operand	QUALIFIED	2	SASS opcode U16/S16 data-width suffix	mref_operand_index=single bracketed global address operand	std::enable_if<!(false), void>::type internal::gemvx::kernel<int, int, __nv_bfloat16, __nv_bfloat16, __nv_bfloat16, float, false, true, true, false, 6, false, cublasGemvParamsEx<int, cublasGemvTensorStridedBatched<__nv_bfloat16 const>, cublasGemvTensorStridedBatched<__nv_bfloat16 const>, cublasGemvTensorStridedBatched<__nv_bfloat16>, float> >(cublasGemvParamsEx<int, cublasGemvTensorStridedBatched<__nv_bfloat16 const>, cublasGemvTensorStridedBatched<__nv_bfloat16 const>, cublasGemvTensorStridedBatched<__nv_bfloat16>, float>)	/root/share/mnt164/huangrulin/c16_ai_workload/raw/C16R_deepseek-v2-lite_s2-text_decode_nvbit-warp-mref-shard_v23r1-moe-e4-down_20260917T024000Z_b23b23b23b23/STATIC_MREF_MAP.tsv	1	4096
DEEPSEEK	949	LDG.E.U16.STRONG.SM	LDG.E.U16.STRONG.SM R20, [R20.64] ;	GLOBAL	LOAD	False	one dynamic warp access of this static memory operand	QUALIFIED	2	SASS opcode U16/S16 data-width suffix	mref_operand_index=single bracketed global address operand	std::enable_if<!(false), void>::type internal::gemvx::kernel<int, int, __nv_bfloat16, __nv_bfloat16, __nv_bfloat16, float, false, true, true, false, 6, false, cublasGemvParamsEx<int, cublasGemvTensorStridedBatched<__nv_bfloat16 const>, cublasGemvTensorStridedBatched<__nv_bfloat16 const>, cublasGemvTensorStridedBatched<__nv_bfloat16>, float> >(cublasGemvParamsEx<int, cublasGemvTensorStridedBatched<__nv_bfloat16 const>, cublasGemvTensorStridedBatched<__nv_bfloat16 const>, cublasGemvTensorStridedBatched<__nv_bfloat16>, float>)	/root/share/mnt164/huangrulin/c16_ai_workload/raw/C16R_deepseek-v2-lite_s2-text_decode_nvbit-warp-mref-shard_v23r1-moe-e4-down_20260917T024000Z_b23b23b23b23/STATIC_MREF_MAP.tsv	1	4096
DEEPSEEK	982	LDG.E.EF.U16	LDG.E.EF.U16 R6, [R6.64] ;	GLOBAL	LOAD	False	one dynamic warp access of this static memory operand	QUALIFIED	2	SASS opcode U16/S16 data-width suffix	mref_operand_index=single bracketed global address operand	std::enable_if<!(false), void>::type internal::gemvx::kernel<int, int, __nv_bfloat16, __nv_bfloat16, __nv_bfloat16, float, false, true, true, false, 6, false, cublasGemvParamsEx<int, cublasGemvTensorStridedBatched<__nv_bfloat16 const>, cublasGemvTensorStridedBatched<__nv_bfloat16 const>, cublasGemvTensorStridedBatched<__nv_bfloat16>, float> >(cublasGemvParamsEx<int, cublasGemvTensorStridedBatched<__nv_bfloat16 const>, cublasGemvTensorStridedBatched<__nv_bfloat16 const>, cublasGemvTensorStridedBatched<__nv_bfloat16>, float>)	/root/share/mnt164/huangrulin/c16_ai_workload/raw/C16R_deepseek-v2-lite_s2-text_decode_nvbit-warp-mref-shard_v23r1-moe-e4-down_20260917T024000Z_b23b23b23b23/STATIC_MREF_MAP.tsv	1	0
DEEPSEEK	983	LDG.E.U16.STRONG.SM	LDG.E.U16.STRONG.SM R10, [R10.64] ;	GLOBAL	LOAD	False	one dynamic warp access of this static memory operand	QUALIFIED	2	SASS opcode U16/S16 data-width suffix	mref_operand_index=single bracketed global address operand	std::enable_if<!(false), void>::type internal::gemvx::kernel<int, int, __nv_bfloat16, __nv_bfloat16, __nv_bfloat16, float, false, true, true, false, 6, false, cublasGemvParamsEx<int, cublasGemvTensorStridedBatched<__nv_bfloat16 const>, cublasGemvTensorStridedBatched<__nv_bfloat16 const>, cublasGemvTensorStridedBatched<__nv_bfloat16>, float> >(cublasGemvParamsEx<int, cublasGemvTensorStridedBatched<__nv_bfloat16 const>, cublasGemvTensorStridedBatched<__nv_bfloat16 const>, cublasGemvTensorStridedBatched<__nv_bfloat16>, float>)	/root/share/mnt164/huangrulin/c16_ai_workload/raw/C16R_deepseek-v2-lite_s2-text_decode_nvbit-warp-mref-shard_v23r1-moe-e4-down_20260917T024000Z_b23b23b23b23/STATIC_MREF_MAP.tsv	1	0
DEEPSEEK	1003	LDG.E.EF.U16	LDG.E.EF.U16 R6, [R6.64] ;	GLOBAL	LOAD	False	one dynamic warp access of this static memory operand	QUALIFIED	2	SASS opcode U16/S16 data-width suffix	mref_operand_index=single bracketed global address operand	std::enable_if<!(false), void>::type internal::gemvx::kernel<int, int, __nv_bfloat16, __nv_bfloat16, __nv_bfloat16, float, false, true, true, false, 6, false, cublasGemvParamsEx<int, cublasGemvTensorStridedBatched<__nv_bfloat16 const>, cublasGemvTensorStridedBatched<__nv_bfloat16 const>, cublasGemvTensorStridedBatched<__nv_bfloat16>, float> >(cublasGemvParamsEx<int, cublasGemvTensorStridedBatched<__nv_bfloat16 const>, cublasGemvTensorStridedBatched<__nv_bfloat16 const>, cublasGemvTensorStridedBatched<__nv_bfloat16>, float>)	/root/share/mnt164/huangrulin/c16_ai_workload/raw/C16R_deepseek-v2-lite_s2-text_decode_nvbit-warp-mref-shard_v23r1-moe-e4-down_20260917T024000Z_b23b23b23b23/STATIC_MREF_MAP.tsv	1	0
DEEPSEEK	1008	LDG.E.U16.STRONG.SM	LDG.E.U16.STRONG.SM R10, [R10.64] ;	GLOBAL	LOAD	False	one dynamic warp access of this static memory operand	QUALIFIED	2	SASS opcode U16/S16 data-width suffix	mref_operand_index=single bracketed global address operand	std::enable_if<!(false), void>::type internal::gemvx::kernel<int, int, __nv_bfloat16, __nv_bfloat16, __nv_bfloat16, float, false, true, true, false, 6, false, cublasGemvParamsEx<int, cublasGemvTensorStridedBatched<__nv_bfloat16 const>, cublasGemvTensorStridedBatched<__nv_bfloat16 const>, cublasGemvTensorStridedBatched<__nv_bfloat16>, float> >(cublasGemvParamsEx<int, cublasGemvTensorStridedBatched<__nv_bfloat16 const>, cublasGemvTensorStridedBatched<__nv_bfloat16 const>, cublasGemvTensorStridedBatched<__nv_bfloat16>, float>)	/root/share/mnt164/huangrulin/c16_ai_workload/raw/C16R_deepseek-v2-lite_s2-text_decode_nvbit-warp-mref-shard_v23r1-moe-e4-down_20260917T024000Z_b23b23b23b23/STATIC_MREF_MAP.tsv	1	0
DEEPSEEK	1012	LDG.E.EF.U16	@P3 LDG.E.EF.U16 R12, [R12.64] ;	GLOBAL	LOAD	False	one dynamic warp access of this static memory operand	QUALIFIED	2	SASS opcode U16/S16 data-width suffix	mref_operand_index=single bracketed global address operand	std::enable_if<!(false), void>::type internal::gemvx::kernel<int, int, __nv_bfloat16, __nv_bfloat16, __nv_bfloat16, float, false, true, true, false, 6, false, cublasGemvParamsEx<int, cublasGemvTensorStridedBatched<__nv_bfloat16 const>, cublasGemvTensorStridedBatched<__nv_bfloat16 const>, cublasGemvTensorStridedBatched<__nv_bfloat16>, float> >(cublasGemvParamsEx<int, cublasGemvTensorStridedBatched<__nv_bfloat16 const>, cublasGemvTensorStridedBatched<__nv_bfloat16 const>, cublasGemvTensorStridedBatched<__nv_bfloat16>, float>)	/root/share/mnt164/huangrulin/c16_ai_workload/raw/C16R_deepseek-v2-lite_s2-text_decode_nvbit-warp-mref-shard_v23r1-moe-e4-down_20260917T024000Z_b23b23b23b23/STATIC_MREF_MAP.tsv	1	0
DEEPSEEK	1013	LDG.E.U16.STRONG.SM	@P3 LDG.E.U16.STRONG.SM R8, [R8.64] ;	GLOBAL	LOAD	False	one dynamic warp access of this static memory operand	QUALIFIED	2	SASS opcode U16/S16 data-width suffix	mref_operand_index=single bracketed global address operand	std::enable_if<!(false), void>::type internal::gemvx::kernel<int, int, __nv_bfloat16, __nv_bfloat16, __nv_bfloat16, float, false, true, true, false, 6, false, cublasGemvParamsEx<int, cublasGemvTensorStridedBatched<__nv_bfloat16 const>, cublasGemvTensorStridedBatched<__nv_bfloat16 const>, cublasGemvTensorStridedBatched<__nv_bfloat16>, float> >(cublasGemvParamsEx<int, cublasGemvTensorStridedBatched<__nv_bfloat16 const>, cublasGemvTensorStridedBatched<__nv_bfloat16 const>, cublasGemvTensorStridedBatched<__nv_bfloat16>, float>)	/root/share/mnt164/huangrulin/c16_ai_workload/raw/C16R_deepseek-v2-lite_s2-text_decode_nvbit-warp-mref-shard_v23r1-moe-e4-down_20260917T024000Z_b23b23b23b23/STATIC_MREF_MAP.tsv	1	0
DEEPSEEK	1065	LDG.E.U16.CONSTANT	@P0 LDG.E.U16.CONSTANT R4, [R4.64] ;	GLOBAL	LOAD	False	one dynamic warp access of this static memory operand	QUALIFIED	2	SASS opcode U16/S16 data-width suffix	mref_operand_index=single bracketed global address operand	std::enable_if<!(false), void>::type internal::gemvx::kernel<int, int, __nv_bfloat16, __nv_bfloat16, __nv_bfloat16, float, false, true, true, false, 6, false, cublasGemvParamsEx<int, cublasGemvTensorStridedBatched<__nv_bfloat16 const>, cublasGemvTensorStridedBatched<__nv_bfloat16 const>, cublasGemvTensorStridedBatched<__nv_bfloat16>, float> >(cublasGemvParamsEx<int, cublasGemvTensorStridedBatched<__nv_bfloat16 const>, cublasGemvTensorStridedBatched<__nv_bfloat16 const>, cublasGemvTensorStridedBatched<__nv_bfloat16>, float>)	/root/share/mnt164/huangrulin/c16_ai_workload/raw/C16R_deepseek-v2-lite_s2-text_decode_nvbit-warp-mref-shard_v23r1-moe-e4-down_20260917T024000Z_b23b23b23b23/STATIC_MREF_MAP.tsv	1	0
DEEPSEEK	1067	LDG.E.U16	@P1 LDG.E.U16 R2, [R2.64] ;	GLOBAL	LOAD	False	one dynamic warp access of this static memory operand	QUALIFIED	2	SASS opcode U16/S16 data-width suffix	mref_operand_index=single bracketed global address operand	std::enable_if<!(false), void>::type internal::gemvx::kernel<int, int, __nv_bfloat16, __nv_bfloat16, __nv_bfloat16, float, false, true, true, false, 6, false, cublasGemvParamsEx<int, cublasGemvTensorStridedBatched<__nv_bfloat16 const>, cublasGemvTensorStridedBatched<__nv_bfloat16 const>, cublasGemvTensorStridedBatched<__nv_bfloat16>, float> >(cublasGemvParamsEx<int, cublasGemvTensorStridedBatched<__nv_bfloat16 const>, cublasGemvTensorStridedBatched<__nv_bfloat16 const>, cublasGemvTensorStridedBatched<__nv_bfloat16>, float>)	/root/share/mnt164/huangrulin/c16_ai_workload/raw/C16R_deepseek-v2-lite_s2-text_decode_nvbit-warp-mref-shard_v23r1-moe-e4-down_20260917T024000Z_b23b23b23b23/STATIC_MREF_MAP.tsv	1	0
DEEPSEEK	1085	STG.E.U16	STG.E.U16 [R4.64], R7 ;	GLOBAL	STORE	False	one dynamic warp access of this static memory operand	QUALIFIED	2	SASS opcode U16/S16 data-width suffix	mref_operand_index=single bracketed global address operand	std::enable_if<!(false), void>::type internal::gemvx::kernel<int, int, __nv_bfloat16, __nv_bfloat16, __nv_bfloat16, float, false, true, true, false, 6, false, cublasGemvParamsEx<int, cublasGemvTensorStridedBatched<__nv_bfloat16 const>, cublasGemvTensorStridedBatched<__nv_bfloat16 const>, cublasGemvTensorStridedBatched<__nv_bfloat16>, float> >(cublasGemvParamsEx<int, cublasGemvTensorStridedBatched<__nv_bfloat16 const>, cublasGemvTensorStridedBatched<__nv_bfloat16 const>, cublasGemvTensorStridedBatched<__nv_bfloat16>, float>)	/root/share/mnt164/huangrulin/c16_ai_workload/raw/C16R_deepseek-v2-lite_s2-text_decode_nvbit-warp-mref-shard_v23r1-moe-e4-down_20260917T024000Z_b23b23b23b23/STATIC_MREF_MAP.tsv	1	2048
OLMOE	16	LDG.E	@!P0 LDG.E R144, [R4.64] ;	GLOBAL	LOAD	False	one dynamic warp access of this static memory operand	QUALIFIED	4	SASS scalar global op without size suffix is 32-bit register data	mref_operand_index=0	std::enable_if<!(false), void>::type internal::gemvx::kernel<int, int, __nv_bfloat16, __nv_bfloat16, __nv_bfloat16, float, false, true, true, false, 6, false, cublasGemvParamsEx<int, cublasGemvTensorStridedBatched<__nv_bfloat16 const>, cublasGemvTensorStridedBatched<__nv_bfloat16 const>, cublasGemvTensorStridedBatched<__nv_bfloat16>, float> >(cublasGemvParamsEx<int, cublasGemvTensorStridedBatched<__nv_bfloat16 const>, cublasGemvTensorStridedBatched<__nv_bfloat16 const>, cublasGemvTensorStridedBatched<__nv_bfloat16>, float>)	/root/share/mnt164/huangrulin/c16_ai_workload/raw/C16R_olmoe-1b-7b-0125-instruct_s2-t2048-d32_decode32_nvbit1771-c16warp1_expert58-down-proj-actual-a_20260922T100810Z_fc0f3cf67edf/selector_authority/VARIANT_A_COMPLETE_STATIC_SELECTOR.tsv	1	0
OLMOE	18	LDG.E	@!P0 LDG.E R143, [R6.64] ;	GLOBAL	LOAD	False	one dynamic warp access of this static memory operand	QUALIFIED	4	SASS scalar global op without size suffix is 32-bit register data	mref_operand_index=0	std::enable_if<!(false), void>::type internal::gemvx::kernel<int, int, __nv_bfloat16, __nv_bfloat16, __nv_bfloat16, float, false, true, true, false, 6, false, cublasGemvParamsEx<int, cublasGemvTensorStridedBatched<__nv_bfloat16 const>, cublasGemvTensorStridedBatched<__nv_bfloat16 const>, cublasGemvTensorStridedBatched<__nv_bfloat16>, float> >(cublasGemvParamsEx<int, cublasGemvTensorStridedBatched<__nv_bfloat16 const>, cublasGemvTensorStridedBatched<__nv_bfloat16 const>, cublasGemvTensorStridedBatched<__nv_bfloat16>, float>)	/root/share/mnt164/huangrulin/c16_ai_workload/raw/C16R_olmoe-1b-7b-0125-instruct_s2-t2048-d32_decode32_nvbit1771-c16warp1_expert58-down-proj-actual-a_20260922T100810Z_fc0f3cf67edf/selector_authority/VARIANT_A_COMPLETE_STATIC_SELECTOR.tsv	1	0
OLMOE	101	LDG.E.EF.U16	LDG.E.EF.U16 R132, [R54.64] ;	GLOBAL	LOAD	False	one dynamic warp access of this static memory operand	QUALIFIED	2	SASS opcode U16/S16 data-width suffix	mref_operand_index=0	std::enable_if<!(false), void>::type internal::gemvx::kernel<int, int, __nv_bfloat16, __nv_bfloat16, __nv_bfloat16, float, false, true, true, false, 6, false, cublasGemvParamsEx<int, cublasGemvTensorStridedBatched<__nv_bfloat16 const>, cublasGemvTensorStridedBatched<__nv_bfloat16 const>, cublasGemvTensorStridedBatched<__nv_bfloat16>, float> >(cublasGemvParamsEx<int, cublasGemvTensorStridedBatched<__nv_bfloat16 const>, cublasGemvTensorStridedBatched<__nv_bfloat16 const>, cublasGemvTensorStridedBatched<__nv_bfloat16>, float>)	/root/share/mnt164/huangrulin/c16_ai_workload/raw/C16R_olmoe-1b-7b-0125-instruct_s2-t2048-d32_decode32_nvbit1771-c16warp1_expert58-down-proj-actual-a_20260922T100810Z_fc0f3cf67edf/selector_authority/VARIANT_A_COMPLETE_STATIC_SELECTOR.tsv	1	1024
OLMOE	103	LDG.E.U16.STRONG.SM	LDG.E.U16.STRONG.SM R131, [R6.64] ;	GLOBAL	LOAD	False	one dynamic warp access of this static memory operand	QUALIFIED	2	SASS opcode U16/S16 data-width suffix	mref_operand_index=0	std::enable_if<!(false), void>::type internal::gemvx::kernel<int, int, __nv_bfloat16, __nv_bfloat16, __nv_bfloat16, float, false, true, true, false, 6, false, cublasGemvParamsEx<int, cublasGemvTensorStridedBatched<__nv_bfloat16 const>, cublasGemvTensorStridedBatched<__nv_bfloat16 const>, cublasGemvTensorStridedBatched<__nv_bfloat16>, float> >(cublasGemvParamsEx<int, cublasGemvTensorStridedBatched<__nv_bfloat16 const>, cublasGemvTensorStridedBatched<__nv_bfloat16 const>, cublasGemvTensorStridedBatched<__nv_bfloat16>, float>)	/root/share/mnt164/huangrulin/c16_ai_workload/raw/C16R_olmoe-1b-7b-0125-instruct_s2-t2048-d32_decode32_nvbit1771-c16warp1_expert58-down-proj-actual-a_20260922T100810Z_fc0f3cf67edf/selector_authority/VARIANT_A_COMPLETE_STATIC_SELECTOR.tsv	1	1024
OLMOE	105	LDG.E.EF.U16	LDG.E.EF.U16 R130, [R88.64] ;	GLOBAL	LOAD	False	one dynamic warp access of this static memory operand	QUALIFIED	2	SASS opcode U16/S16 data-width suffix	mref_operand_index=0	std::enable_if<!(false), void>::type internal::gemvx::kernel<int, int, __nv_bfloat16, __nv_bfloat16, __nv_bfloat16, float, false, true, true, false, 6, false, cublasGemvParamsEx<int, cublasGemvTensorStridedBatched<__nv_bfloat16 const>, cublasGemvTensorStridedBatched<__nv_bfloat16 const>, cublasGemvTensorStridedBatched<__nv_bfloat16>, float> >(cublasGemvParamsEx<int, cublasGemvTensorStridedBatched<__nv_bfloat16 const>, cublasGemvTensorStridedBatched<__nv_bfloat16 const>, cublasGemvTensorStridedBatched<__nv_bfloat16>, float>)	/root/share/mnt164/huangrulin/c16_ai_workload/raw/C16R_olmoe-1b-7b-0125-instruct_s2-t2048-d32_decode32_nvbit1771-c16warp1_expert58-down-proj-actual-a_20260922T100810Z_fc0f3cf67edf/selector_authority/VARIANT_A_COMPLETE_STATIC_SELECTOR.tsv	1	1024
OLMOE	107	LDG.E.U16.STRONG.SM	LDG.E.U16.STRONG.SM R129, [R8.64] ;	GLOBAL	LOAD	False	one dynamic warp access of this static memory operand	QUALIFIED	2	SASS opcode U16/S16 data-width suffix	mref_operand_index=0	std::enable_if<!(false), void>::type internal::gemvx::kernel<int, int, __nv_bfloat16, __nv_bfloat16, __nv_bfloat16, float, false, true, true, false, 6, false, cublasGemvParamsEx<int, cublasGemvTensorStridedBatched<__nv_bfloat16 const>, cublasGemvTensorStridedBatched<__nv_bfloat16 const>, cublasGemvTensorStridedBatched<__nv_bfloat16>, float> >(cublasGemvParamsEx<int, cublasGemvTensorStridedBatched<__nv_bfloat16 const>, cublasGemvTensorStridedBatched<__nv_bfloat16 const>, cublasGemvTensorStridedBatched<__nv_bfloat16>, float>)	/root/share/mnt164/huangrulin/c16_ai_workload/raw/C16R_olmoe-1b-7b-0125-instruct_s2-t2048-d32_decode32_nvbit1771-c16warp1_expert58-down-proj-actual-a_20260922T100810Z_fc0f3cf67edf/selector_authority/VARIANT_A_COMPLETE_STATIC_SELECTOR.tsv	1	1024
OLMOE	109	LDG.E.EF.U16	LDG.E.EF.U16 R128, [R56.64] ;	GLOBAL	LOAD	False	one dynamic warp access of this static memory operand	QUALIFIED	2	SASS opcode U16/S16 data-width suffix	mref_operand_index=0	std::enable_if<!(false), void>::type internal::gemvx::kernel<int, int, __nv_bfloat16, __nv_bfloat16, __nv_bfloat16, float, false, true, true, false, 6, false, cublasGemvParamsEx<int, cublasGemvTensorStridedBatched<__nv_bfloat16 const>, cublasGemvTensorStridedBatched<__nv_bfloat16 const>, cublasGemvTensorStridedBatched<__nv_bfloat16>, float> >(cublasGemvParamsEx<int, cublasGemvTensorStridedBatched<__nv_bfloat16 const>, cublasGemvTensorStridedBatched<__nv_bfloat16 const>, cublasGemvTensorStridedBatched<__nv_bfloat16>, float>)	/root/share/mnt164/huangrulin/c16_ai_workload/raw/C16R_olmoe-1b-7b-0125-instruct_s2-t2048-d32_decode32_nvbit1771-c16warp1_expert58-down-proj-actual-a_20260922T100810Z_fc0f3cf67edf/selector_authority/VARIANT_A_COMPLETE_STATIC_SELECTOR.tsv	1	1024
OLMOE	111	LDG.E.U16.STRONG.SM	LDG.E.U16.STRONG.SM R127, [R10.64] ;	GLOBAL	LOAD	False	one dynamic warp access of this static memory operand	QUALIFIED	2	SASS opcode U16/S16 data-width suffix	mref_operand_index=0	std::enable_if<!(false), void>::type internal::gemvx::kernel<int, int, __nv_bfloat16, __nv_bfloat16, __nv_bfloat16, float, false, true, true, false, 6, false, cublasGemvParamsEx<int, cublasGemvTensorStridedBatched<__nv_bfloat16 const>, cublasGemvTensorStridedBatched<__nv_bfloat16 const>, cublasGemvTensorStridedBatched<__nv_bfloat16>, float> >(cublasGemvParamsEx<int, cublasGemvTensorStridedBatched<__nv_bfloat16 const>, cublasGemvTensorStridedBatched<__nv_bfloat16 const>, cublasGemvTensorStridedBatched<__nv_bfloat16>, float>)	/root/share/mnt164/huangrulin/c16_ai_workload/raw/C16R_olmoe-1b-7b-0125-instruct_s2-t2048-d32_decode32_nvbit1771-c16warp1_expert58-down-proj-actual-a_20260922T100810Z_fc0f3cf67edf/selector_authority/VARIANT_A_COMPLETE_STATIC_SELECTOR.tsv	1	1024
OLMOE	113	LDG.E.EF.U16	LDG.E.EF.U16 R126, [R58.64] ;	GLOBAL	LOAD	False	one dynamic warp access of this static memory operand	QUALIFIED	2	SASS opcode U16/S16 data-width suffix	mref_operand_index=0	std::enable_if<!(false), void>::type internal::gemvx::kernel<int, int, __nv_bfloat16, __nv_bfloat16, __nv_bfloat16, float, false, true, true, false, 6, false, cublasGemvParamsEx<int, cublasGemvTensorStridedBatched<__nv_bfloat16 const>, cublasGemvTensorStridedBatched<__nv_bfloat16 const>, cublasGemvTensorStridedBatched<__nv_bfloat16>, float> >(cublasGemvParamsEx<int, cublasGemvTensorStridedBatched<__nv_bfloat16 const>, cublasGemvTensorStridedBatched<__nv_bfloat16 const>, cublasGemvTensorStridedBatched<__nv_bfloat16>, float>)	/root/share/mnt164/huangrulin/c16_ai_workload/raw/C16R_olmoe-1b-7b-0125-instruct_s2-t2048-d32_decode32_nvbit1771-c16warp1_expert58-down-proj-actual-a_20260922T100810Z_fc0f3cf67edf/selector_authority/VARIANT_A_COMPLETE_STATIC_SELECTOR.tsv	1	1024
OLMOE	115	LDG.E.U16.STRONG.SM	LDG.E.U16.STRONG.SM R5, [R12.64] ;	GLOBAL	LOAD	False	one dynamic warp access of this static memory operand	QUALIFIED	2	SASS opcode U16/S16 data-width suffix	mref_operand_index=0	std::enable_if<!(false), void>::type internal::gemvx::kernel<int, int, __nv_bfloat16, __nv_bfloat16, __nv_bfloat16, float, false, true, true, false, 6, false, cublasGemvParamsEx<int, cublasGemvTensorStridedBatched<__nv_bfloat16 const>, cublasGemvTensorStridedBatched<__nv_bfloat16 const>, cublasGemvTensorStridedBatched<__nv_bfloat16>, float> >(cublasGemvParamsEx<int, cublasGemvTensorStridedBatched<__nv_bfloat16 const>, cublasGemvTensorStridedBatched<__nv_bfloat16 const>, cublasGemvTensorStridedBatched<__nv_bfloat16>, float>)	/root/share/mnt164/huangrulin/c16_ai_workload/raw/C16R_olmoe-1b-7b-0125-instruct_s2-t2048-d32_decode32_nvbit1771-c16warp1_expert58-down-proj-actual-a_20260922T100810Z_fc0f3cf67edf/selector_authority/VARIANT_A_COMPLETE_STATIC_SELECTOR.tsv	1	1024
OLMOE	117	LDG.E.EF.U16	LDG.E.EF.U16 R6, [R90.64] ;	GLOBAL	LOAD	False	one dynamic warp access of this static memory operand	QUALIFIED	2	SASS opcode U16/S16 data-width suffix	mref_operand_index=0	std::enable_if<!(false), void>::type internal::gemvx::kernel<int, int, __nv_bfloat16, __nv_bfloat16, __nv_bfloat16, float, false, true, true, false, 6, false, cublasGemvParamsEx<int, cublasGemvTensorStridedBatched<__nv_bfloat16 const>, cublasGemvTensorStridedBatched<__nv_bfloat16 const>, cublasGemvTensorStridedBatched<__nv_bfloat16>, float> >(cublasGemvParamsEx<int, cublasGemvTensorStridedBatched<__nv_bfloat16 const>, cublasGemvTensorStridedBatched<__nv_bfloat16 const>, cublasGemvTensorStridedBatched<__nv_bfloat16>, float>)	/root/share/mnt164/huangrulin/c16_ai_workload/raw/C16R_olmoe-1b-7b-0125-instruct_s2-t2048-d32_decode32_nvbit1771-c16warp1_expert58-down-proj-actual-a_20260922T100810Z_fc0f3cf67edf/selector_authority/VARIANT_A_COMPLETE_STATIC_SELECTOR.tsv	1	1024
OLMOE	119	LDG.E.U16.STRONG.SM	LDG.E.U16.STRONG.SM R7, [R14.64] ;	GLOBAL	LOAD	False	one dynamic warp access of this static memory operand	QUALIFIED	2	SASS opcode U16/S16 data-width suffix	mref_operand_index=0	std::enable_if<!(false), void>::type internal::gemvx::kernel<int, int, __nv_bfloat16, __nv_bfloat16, __nv_bfloat16, float, false, true, true, false, 6, false, cublasGemvParamsEx<int, cublasGemvTensorStridedBatched<__nv_bfloat16 const>, cublasGemvTensorStridedBatched<__nv_bfloat16 const>, cublasGemvTensorStridedBatched<__nv_bfloat16>, float> >(cublasGemvParamsEx<int, cublasGemvTensorStridedBatched<__nv_bfloat16 const>, cublasGemvTensorStridedBatched<__nv_bfloat16 const>, cublasGemvTensorStridedBatched<__nv_bfloat16>, float>)	/root/share/mnt164/huangrulin/c16_ai_workload/raw/C16R_olmoe-1b-7b-0125-instruct_s2-t2048-d32_decode32_nvbit1771-c16warp1_expert58-down-proj-actual-a_20260922T100810Z_fc0f3cf67edf/selector_authority/VARIANT_A_COMPLETE_STATIC_SELECTOR.tsv	1	1024
OLMOE	121	LDG.E.EF.U16	LDG.E.EF.U16 R8, [R60.64] ;	GLOBAL	LOAD	False	one dynamic warp access of this static memory operand	QUALIFIED	2	SASS opcode U16/S16 data-width suffix	mref_operand_index=0	std::enable_if<!(false), void>::type internal::gemvx::kernel<int, int, __nv_bfloat16, __nv_bfloat16, __nv_bfloat16, float, false, true, true, false, 6, false, cublasGemvParamsEx<int, cublasGemvTensorStridedBatched<__nv_bfloat16 const>, cublasGemvTensorStridedBatched<__nv_bfloat16 const>, cublasGemvTensorStridedBatched<__nv_bfloat16>, float> >(cublasGemvParamsEx<int, cublasGemvTensorStridedBatched<__nv_bfloat16 const>, cublasGemvTensorStridedBatched<__nv_bfloat16 const>, cublasGemvTensorStridedBatched<__nv_bfloat16>, float>)	/root/share/mnt164/huangrulin/c16_ai_workload/raw/C16R_olmoe-1b-7b-0125-instruct_s2-t2048-d32_decode32_nvbit1771-c16warp1_expert58-down-proj-actual-a_20260922T100810Z_fc0f3cf67edf/selector_authority/VARIANT_A_COMPLETE_STATIC_SELECTOR.tsv	1	1024
OLMOE	123	LDG.E.U16.STRONG.SM	LDG.E.U16.STRONG.SM R9, [R16.64] ;	GLOBAL	LOAD	False	one dynamic warp access of this static memory operand	QUALIFIED	2	SASS opcode U16/S16 data-width suffix	mref_operand_index=0	std::enable_if<!(false), void>::type internal::gemvx::kernel<int, int, __nv_bfloat16, __nv_bfloat16, __nv_bfloat16, float, false, true, true, false, 6, false, cublasGemvParamsEx<int, cublasGemvTensorStridedBatched<__nv_bfloat16 const>, cublasGemvTensorStridedBatched<__nv_bfloat16 const>, cublasGemvTensorStridedBatched<__nv_bfloat16>, float> >(cublasGemvParamsEx<int, cublasGemvTensorStridedBatched<__nv_bfloat16 const>, cublasGemvTensorStridedBatched<__nv_bfloat16 const>, cublasGemvTensorStridedBatched<__nv_bfloat16>, float>)	/root/share/mnt164/huangrulin/c16_ai_workload/raw/C16R_olmoe-1b-7b-0125-instruct_s2-t2048-d32_decode32_nvbit1771-c16warp1_expert58-down-proj-actual-a_20260922T100810Z_fc0f3cf67edf/selector_authority/VARIANT_A_COMPLETE_STATIC_SELECTOR.tsv	1	1024
OLMOE	125	LDG.E.EF.U16	LDG.E.EF.U16 R10, [R62.64] ;	GLOBAL	LOAD	False	one dynamic warp access of this static memory operand	QUALIFIED	2	SASS opcode U16/S16 data-width suffix	mref_operand_index=0	std::enable_if<!(false), void>::type internal::gemvx::kernel<int, int, __nv_bfloat16, __nv_bfloat16, __nv_bfloat16, float, false, true, true, false, 6, false, cublasGemvParamsEx<int, cublasGemvTensorStridedBatched<__nv_bfloat16 const>, cublasGemvTensorStridedBatched<__nv_bfloat16 const>, cublasGemvTensorStridedBatched<__nv_bfloat16>, float> >(cublasGemvParamsEx<int, cublasGemvTensorStridedBatched<__nv_bfloat16 const>, cublasGemvTensorStridedBatched<__nv_bfloat16 const>, cublasGemvTensorStridedBatched<__nv_bfloat16>, float>)	/root/share/mnt164/huangrulin/c16_ai_workload/raw/C16R_olmoe-1b-7b-0125-instruct_s2-t2048-d32_decode32_nvbit1771-c16warp1_expert58-down-proj-actual-a_20260922T100810Z_fc0f3cf67edf/selector_authority/VARIANT_A_COMPLETE_STATIC_SELECTOR.tsv	1	1024
OLMOE	127	LDG.E.U16.STRONG.SM	LDG.E.U16.STRONG.SM R11, [R18.64] ;	GLOBAL	LOAD	False	one dynamic warp access of this static memory operand	QUALIFIED	2	SASS opcode U16/S16 data-width suffix	mref_operand_index=0	std::enable_if<!(false), void>::type internal::gemvx::kernel<int, int, __nv_bfloat16, __nv_bfloat16, __nv_bfloat16, float, false, true, true, false, 6, false, cublasGemvParamsEx<int, cublasGemvTensorStridedBatched<__nv_bfloat16 const>, cublasGemvTensorStridedBatched<__nv_bfloat16 const>, cublasGemvTensorStridedBatched<__nv_bfloat16>, float> >(cublasGemvParamsEx<int, cublasGemvTensorStridedBatched<__nv_bfloat16 const>, cublasGemvTensorStridedBatched<__nv_bfloat16 const>, cublasGemvTensorStridedBatched<__nv_bfloat16>, float>)	/root/share/mnt164/huangrulin/c16_ai_workload/raw/C16R_olmoe-1b-7b-0125-instruct_s2-t2048-d32_decode32_nvbit1771-c16warp1_expert58-down-proj-actual-a_20260922T100810Z_fc0f3cf67edf/selector_authority/VARIANT_A_COMPLETE_STATIC_SELECTOR.tsv	1	1024
OLMOE	129	LDG.E.EF.U16	LDG.E.EF.U16 R12, [R92.64] ;	GLOBAL	LOAD	False	one dynamic warp access of this static memory operand	QUALIFIED	2	SASS opcode U16/S16 data-width suffix	mref_operand_index=0	std::enable_if<!(false), void>::type internal::gemvx::kernel<int, int, __nv_bfloat16, __nv_bfloat16, __nv_bfloat16, float, false, true, true, false, 6, false, cublasGemvParamsEx<int, cublasGemvTensorStridedBatched<__nv_bfloat16 const>, cublasGemvTensorStridedBatched<__nv_bfloat16 const>, cublasGemvTensorStridedBatched<__nv_bfloat16>, float> >(cublasGemvParamsEx<int, cublasGemvTensorStridedBatched<__nv_bfloat16 const>, cublasGemvTensorStridedBatched<__nv_bfloat16 const>, cublasGemvTensorStridedBatched<__nv_bfloat16>, float>)	/root/share/mnt164/huangrulin/c16_ai_workload/raw/C16R_olmoe-1b-7b-0125-instruct_s2-t2048-d32_decode32_nvbit1771-c16warp1_expert58-down-proj-actual-a_20260922T100810Z_fc0f3cf67edf/selector_authority/VARIANT_A_COMPLETE_STATIC_SELECTOR.tsv	1	1024
OLMOE	131	LDG.E.U16.STRONG.SM	LDG.E.U16.STRONG.SM R13, [R20.64] ;	GLOBAL	LOAD	False	one dynamic warp access of this static memory operand	QUALIFIED	2	SASS opcode U16/S16 data-width suffix	mref_operand_index=0	std::enable_if<!(false), void>::type internal::gemvx::kernel<int, int, __nv_bfloat16, __nv_bfloat16, __nv_bfloat16, float, false, true, true, false, 6, false, cublasGemvParamsEx<int, cublasGemvTensorStridedBatched<__nv_bfloat16 const>, cublasGemvTensorStridedBatched<__nv_bfloat16 const>, cublasGemvTensorStridedBatched<__nv_bfloat16>, float> >(cublasGemvParamsEx<int, cublasGemvTensorStridedBatched<__nv_bfloat16 const>, cublasGemvTensorStridedBatched<__nv_bfloat16 const>, cublasGemvTensorStridedBatched<__nv_bfloat16>, float>)	/root/share/mnt164/huangrulin/c16_ai_workload/raw/C16R_olmoe-1b-7b-0125-instruct_s2-t2048-d32_decode32_nvbit1771-c16warp1_expert58-down-proj-actual-a_20260922T100810Z_fc0f3cf67edf/selector_authority/VARIANT_A_COMPLETE_STATIC_SELECTOR.tsv	1	1024
OLMOE	133	LDG.E.EF.U16	LDG.E.EF.U16 R14, [R64.64] ;	GLOBAL	LOAD	False	one dynamic warp access of this static memory operand	QUALIFIED	2	SASS opcode U16/S16 data-width suffix	mref_operand_index=0	std::enable_if<!(false), void>::type internal::gemvx::kernel<int, int, __nv_bfloat16, __nv_bfloat16, __nv_bfloat16, float, false, true, true, false, 6, false, cublasGemvParamsEx<int, cublasGemvTensorStridedBatched<__nv_bfloat16 const>, cublasGemvTensorStridedBatched<__nv_bfloat16 const>, cublasGemvTensorStridedBatched<__nv_bfloat16>, float> >(cublasGemvParamsEx<int, cublasGemvTensorStridedBatched<__nv_bfloat16 const>, cublasGemvTensorStridedBatched<__nv_bfloat16 const>, cublasGemvTensorStridedBatched<__nv_bfloat16>, float>)	/root/share/mnt164/huangrulin/c16_ai_workload/raw/C16R_olmoe-1b-7b-0125-instruct_s2-t2048-d32_decode32_nvbit1771-c16warp1_expert58-down-proj-actual-a_20260922T100810Z_fc0f3cf67edf/selector_authority/VARIANT_A_COMPLETE_STATIC_SELECTOR.tsv	1	1024
OLMOE	135	LDG.E.U16.STRONG.SM	LDG.E.U16.STRONG.SM R15, [R22.64] ;	GLOBAL	LOAD	False	one dynamic warp access of this static memory operand	QUALIFIED	2	SASS opcode U16/S16 data-width suffix	mref_operand_index=0	std::enable_if<!(false), void>::type internal::gemvx::kernel<int, int, __nv_bfloat16, __nv_bfloat16, __nv_bfloat16, float, false, true, true, false, 6, false, cublasGemvParamsEx<int, cublasGemvTensorStridedBatched<__nv_bfloat16 const>, cublasGemvTensorStridedBatched<__nv_bfloat16 const>, cublasGemvTensorStridedBatched<__nv_bfloat16>, float> >(cublasGemvParamsEx<int, cublasGemvTensorStridedBatched<__nv_bfloat16 const>, cublasGemvTensorStridedBatched<__nv_bfloat16 const>, cublasGemvTensorStridedBatched<__nv_bfloat16>, float>)	/root/share/mnt164/huangrulin/c16_ai_workload/raw/C16R_olmoe-1b-7b-0125-instruct_s2-t2048-d32_decode32_nvbit1771-c16warp1_expert58-down-proj-actual-a_20260922T100810Z_fc0f3cf67edf/selector_authority/VARIANT_A_COMPLETE_STATIC_SELECTOR.tsv	1	1024
OLMOE	137	LDG.E.EF.U16	LDG.E.EF.U16 R16, [R66.64] ;	GLOBAL	LOAD	False	one dynamic warp access of this static memory operand	QUALIFIED	2	SASS opcode U16/S16 data-width suffix	mref_operand_index=0	std::enable_if<!(false), void>::type internal::gemvx::kernel<int, int, __nv_bfloat16, __nv_bfloat16, __nv_bfloat16, float, false, true, true, false, 6, false, cublasGemvParamsEx<int, cublasGemvTensorStridedBatched<__nv_bfloat16 const>, cublasGemvTensorStridedBatched<__nv_bfloat16 const>, cublasGemvTensorStridedBatched<__nv_bfloat16>, float> >(cublasGemvParamsEx<int, cublasGemvTensorStridedBatched<__nv_bfloat16 const>, cublasGemvTensorStridedBatched<__nv_bfloat16 const>, cublasGemvTensorStridedBatched<__nv_bfloat16>, float>)	/root/share/mnt164/huangrulin/c16_ai_workload/raw/C16R_olmoe-1b-7b-0125-instruct_s2-t2048-d32_decode32_nvbit1771-c16warp1_expert58-down-proj-actual-a_20260922T100810Z_fc0f3cf67edf/selector_authority/VARIANT_A_COMPLETE_STATIC_SELECTOR.tsv	1	1024
OLMOE	139	LDG.E.U16.STRONG.SM	LDG.E.U16.STRONG.SM R17, [R24.64] ;	GLOBAL	LOAD	False	one dynamic warp access of this static memory operand	QUALIFIED	2	SASS opcode U16/S16 data-width suffix	mref_operand_index=0	std::enable_if<!(false), void>::type internal::gemvx::kernel<int, int, __nv_bfloat16, __nv_bfloat16, __nv_bfloat16, float, false, true, true, false, 6, false, cublasGemvParamsEx<int, cublasGemvTensorStridedBatched<__nv_bfloat16 const>, cublasGemvTensorStridedBatched<__nv_bfloat16 const>, cublasGemvTensorStridedBatched<__nv_bfloat16>, float> >(cublasGemvParamsEx<int, cublasGemvTensorStridedBatched<__nv_bfloat16 const>, cublasGemvTensorStridedBatched<__nv_bfloat16 const>, cublasGemvTensorStridedBatched<__nv_bfloat16>, float>)	/root/share/mnt164/huangrulin/c16_ai_workload/raw/C16R_olmoe-1b-7b-0125-instruct_s2-t2048-d32_decode32_nvbit1771-c16warp1_expert58-down-proj-actual-a_20260922T100810Z_fc0f3cf67edf/selector_authority/VARIANT_A_COMPLETE_STATIC_SELECTOR.tsv	1	1024
OLMOE	141	LDG.E.EF.U16	LDG.E.EF.U16 R18, [R96.64] ;	GLOBAL	LOAD	False	one dynamic warp access of this static memory operand	QUALIFIED	2	SASS opcode U16/S16 data-width suffix	mref_operand_index=0	std::enable_if<!(false), void>::type internal::gemvx::kernel<int, int, __nv_bfloat16, __nv_bfloat16, __nv_bfloat16, float, false, true, true, false, 6, false, cublasGemvParamsEx<int, cublasGemvTensorStridedBatched<__nv_bfloat16 const>, cublasGemvTensorStridedBatched<__nv_bfloat16 const>, cublasGemvTensorStridedBatched<__nv_bfloat16>, float> >(cublasGemvParamsEx<int, cublasGemvTensorStridedBatched<__nv_bfloat16 const>, cublasGemvTensorStridedBatched<__nv_bfloat16 const>, cublasGemvTensorStridedBatched<__nv_bfloat16>, float>)	/root/share/mnt164/huangrulin/c16_ai_workload/raw/C16R_olmoe-1b-7b-0125-instruct_s2-t2048-d32_decode32_nvbit1771-c16warp1_expert58-down-proj-actual-a_20260922T100810Z_fc0f3cf67edf/selector_authority/VARIANT_A_COMPLETE_STATIC_SELECTOR.tsv	1	1024
OLMOE	143	LDG.E.U16.STRONG.SM	LDG.E.U16.STRONG.SM R19, [R26.64] ;	GLOBAL	LOAD	False	one dynamic warp access of this static memory operand	QUALIFIED	2	SASS opcode U16/S16 data-width suffix	mref_operand_index=0	std::enable_if<!(false), void>::type internal::gemvx::kernel<int, int, __nv_bfloat16, __nv_bfloat16, __nv_bfloat16, float, false, true, true, false, 6, false, cublasGemvParamsEx<int, cublasGemvTensorStridedBatched<__nv_bfloat16 const>, cublasGemvTensorStridedBatched<__nv_bfloat16 const>, cublasGemvTensorStridedBatched<__nv_bfloat16>, float> >(cublasGemvParamsEx<int, cublasGemvTensorStridedBatched<__nv_bfloat16 const>, cublasGemvTensorStridedBatched<__nv_bfloat16 const>, cublasGemvTensorStridedBatched<__nv_bfloat16>, float>)	/root/share/mnt164/huangrulin/c16_ai_workload/raw/C16R_olmoe-1b-7b-0125-instruct_s2-t2048-d32_decode32_nvbit1771-c16warp1_expert58-down-proj-actual-a_20260922T100810Z_fc0f3cf67edf/selector_authority/VARIANT_A_COMPLETE_STATIC_SELECTOR.tsv	1	1024
OLMOE	145	LDG.E.EF.U16	LDG.E.EF.U16 R20, [R68.64] ;	GLOBAL	LOAD	False	one dynamic warp access of this static memory operand	QUALIFIED	2	SASS opcode U16/S16 data-width suffix	mref_operand_index=0	std::enable_if<!(false), void>::type internal::gemvx::kernel<int, int, __nv_bfloat16, __nv_bfloat16, __nv_bfloat16, float, false, true, true, false, 6, false, cublasGemvParamsEx<int, cublasGemvTensorStridedBatched<__nv_bfloat16 const>, cublasGemvTensorStridedBatched<__nv_bfloat16 const>, cublasGemvTensorStridedBatched<__nv_bfloat16>, float> >(cublasGemvParamsEx<int, cublasGemvTensorStridedBatched<__nv_bfloat16 const>, cublasGemvTensorStridedBatched<__nv_bfloat16 const>, cublasGemvTensorStridedBatched<__nv_bfloat16>, float>)	/root/share/mnt164/huangrulin/c16_ai_workload/raw/C16R_olmoe-1b-7b-0125-instruct_s2-t2048-d32_decode32_nvbit1771-c16warp1_expert58-down-proj-actual-a_20260922T100810Z_fc0f3cf67edf/selector_authority/VARIANT_A_COMPLETE_STATIC_SELECTOR.tsv	1	1024
OLMOE	147	LDG.E.U16.STRONG.SM	LDG.E.U16.STRONG.SM R21, [R28.64] ;	GLOBAL	LOAD	False	one dynamic warp access of this static memory operand	QUALIFIED	2	SASS opcode U16/S16 data-width suffix	mref_operand_index=0	std::enable_if<!(false), void>::type internal::gemvx::kernel<int, int, __nv_bfloat16, __nv_bfloat16, __nv_bfloat16, float, false, true, true, false, 6, false, cublasGemvParamsEx<int, cublasGemvTensorStridedBatched<__nv_bfloat16 const>, cublasGemvTensorStridedBatched<__nv_bfloat16 const>, cublasGemvTensorStridedBatched<__nv_bfloat16>, float> >(cublasGemvParamsEx<int, cublasGemvTensorStridedBatched<__nv_bfloat16 const>, cublasGemvTensorStridedBatched<__nv_bfloat16 const>, cublasGemvTensorStridedBatched<__nv_bfloat16>, float>)	/root/share/mnt164/huangrulin/c16_ai_workload/raw/C16R_olmoe-1b-7b-0125-instruct_s2-t2048-d32_decode32_nvbit1771-c16warp1_expert58-down-proj-actual-a_20260922T100810Z_fc0f3cf67edf/selector_authority/VARIANT_A_COMPLETE_STATIC_SELECTOR.tsv	1	1024
OLMOE	149	LDG.E.EF.U16	LDG.E.EF.U16 R22, [R70.64] ;	GLOBAL	LOAD	False	one dynamic warp access of this static memory operand	QUALIFIED	2	SASS opcode U16/S16 data-width suffix	mref_operand_index=0	std::enable_if<!(false), void>::type internal::gemvx::kernel<int, int, __nv_bfloat16, __nv_bfloat16, __nv_bfloat16, float, false, true, true, false, 6, false, cublasGemvParamsEx<int, cublasGemvTensorStridedBatched<__nv_bfloat16 const>, cublasGemvTensorStridedBatched<__nv_bfloat16 const>, cublasGemvTensorStridedBatched<__nv_bfloat16>, float> >(cublasGemvParamsEx<int, cublasGemvTensorStridedBatched<__nv_bfloat16 const>, cublasGemvTensorStridedBatched<__nv_bfloat16 const>, cublasGemvTensorStridedBatched<__nv_bfloat16>, float>)	/root/share/mnt164/huangrulin/c16_ai_workload/raw/C16R_olmoe-1b-7b-0125-instruct_s2-t2048-d32_decode32_nvbit1771-c16warp1_expert58-down-proj-actual-a_20260922T100810Z_fc0f3cf67edf/selector_authority/VARIANT_A_COMPLETE_STATIC_SELECTOR.tsv	1	1024
OLMOE	151	LDG.E.U16.STRONG.SM	LDG.E.U16.STRONG.SM R23, [R30.64] ;	GLOBAL	LOAD	False	one dynamic warp access of this static memory operand	QUALIFIED	2	SASS opcode U16/S16 data-width suffix	mref_operand_index=0	std::enable_if<!(false), void>::type internal::gemvx::kernel<int, int, __nv_bfloat16, __nv_bfloat16, __nv_bfloat16, float, false, true, true, false, 6, false, cublasGemvParamsEx<int, cublasGemvTensorStridedBatched<__nv_bfloat16 const>, cublasGemvTensorStridedBatched<__nv_bfloat16 const>, cublasGemvTensorStridedBatched<__nv_bfloat16>, float> >(cublasGemvParamsEx<int, cublasGemvTensorStridedBatched<__nv_bfloat16 const>, cublasGemvTensorStridedBatched<__nv_bfloat16 const>, cublasGemvTensorStridedBatched<__nv_bfloat16>, float>)	/root/share/mnt164/huangrulin/c16_ai_workload/raw/C16R_olmoe-1b-7b-0125-instruct_s2-t2048-d32_decode32_nvbit1771-c16warp1_expert58-down-proj-actual-a_20260922T100810Z_fc0f3cf67edf/selector_authority/VARIANT_A_COMPLETE_STATIC_SELECTOR.tsv	1	1024
OLMOE	153	LDG.E.EF.U16	LDG.E.EF.U16 R24, [R98.64] ;	GLOBAL	LOAD	False	one dynamic warp access of this static memory operand	QUALIFIED	2	SASS opcode U16/S16 data-width suffix	mref_operand_index=0	std::enable_if<!(false), void>::type internal::gemvx::kernel<int, int, __nv_bfloat16, __nv_bfloat16, __nv_bfloat16, float, false, true, true, false, 6, false, cublasGemvParamsEx<int, cublasGemvTensorStridedBatched<__nv_bfloat16 const>, cublasGemvTensorStridedBatched<__nv_bfloat16 const>, cublasGemvTensorStridedBatched<__nv_bfloat16>, float> >(cublasGemvParamsEx<int, cublasGemvTensorStridedBatched<__nv_bfloat16 const>, cublasGemvTensorStridedBatched<__nv_bfloat16 const>, cublasGemvTensorStridedBatched<__nv_bfloat16>, float>)	/root/share/mnt164/huangrulin/c16_ai_workload/raw/C16R_olmoe-1b-7b-0125-instruct_s2-t2048-d32_decode32_nvbit1771-c16warp1_expert58-down-proj-actual-a_20260922T100810Z_fc0f3cf67edf/selector_authority/VARIANT_A_COMPLETE_STATIC_SELECTOR.tsv	1	1024
OLMOE	155	LDG.E.U16.STRONG.SM	LDG.E.U16.STRONG.SM R25, [R32.64] ;	GLOBAL	LOAD	False	one dynamic warp access of this static memory operand	QUALIFIED	2	SASS opcode U16/S16 data-width suffix	mref_operand_index=0	std::enable_if<!(false), void>::type internal::gemvx::kernel<int, int, __nv_bfloat16, __nv_bfloat16, __nv_bfloat16, float, false, true, true, false, 6, false, cublasGemvParamsEx<int, cublasGemvTensorStridedBatched<__nv_bfloat16 const>, cublasGemvTensorStridedBatched<__nv_bfloat16 const>, cublasGemvTensorStridedBatched<__nv_bfloat16>, float> >(cublasGemvParamsEx<int, cublasGemvTensorStridedBatched<__nv_bfloat16 const>, cublasGemvTensorStridedBatched<__nv_bfloat16 const>, cublasGemvTensorStridedBatched<__nv_bfloat16>, float>)	/root/share/mnt164/huangrulin/c16_ai_workload/raw/C16R_olmoe-1b-7b-0125-instruct_s2-t2048-d32_decode32_nvbit1771-c16warp1_expert58-down-proj-actual-a_20260922T100810Z_fc0f3cf67edf/selector_authority/VARIANT_A_COMPLETE_STATIC_SELECTOR.tsv	1	1024
OLMOE	157	LDG.E.EF.U16	LDG.E.EF.U16 R26, [R72.64] ;	GLOBAL	LOAD	False	one dynamic warp access of this static memory operand	QUALIFIED	2	SASS opcode U16/S16 data-width suffix	mref_operand_index=0	std::enable_if<!(false), void>::type internal::gemvx::kernel<int, int, __nv_bfloat16, __nv_bfloat16, __nv_bfloat16, float, false, true, true, false, 6, false, cublasGemvParamsEx<int, cublasGemvTensorStridedBatched<__nv_bfloat16 const>, cublasGemvTensorStridedBatched<__nv_bfloat16 const>, cublasGemvTensorStridedBatched<__nv_bfloat16>, float> >(cublasGemvParamsEx<int, cublasGemvTensorStridedBatched<__nv_bfloat16 const>, cublasGemvTensorStridedBatched<__nv_bfloat16 const>, cublasGemvTensorStridedBatched<__nv_bfloat16>, float>)	/root/share/mnt164/huangrulin/c16_ai_workload/raw/C16R_olmoe-1b-7b-0125-instruct_s2-t2048-d32_decode32_nvbit1771-c16warp1_expert58-down-proj-actual-a_20260922T100810Z_fc0f3cf67edf/selector_authority/VARIANT_A_COMPLETE_STATIC_SELECTOR.tsv	1	1024
OLMOE	159	LDG.E.U16.STRONG.SM	LDG.E.U16.STRONG.SM R27, [R34.64] ;	GLOBAL	LOAD	False	one dynamic warp access of this static memory operand	QUALIFIED	2	SASS opcode U16/S16 data-width suffix	mref_operand_index=0	std::enable_if<!(false), void>::type internal::gemvx::kernel<int, int, __nv_bfloat16, __nv_bfloat16, __nv_bfloat16, float, false, true, true, false, 6, false, cublasGemvParamsEx<int, cublasGemvTensorStridedBatched<__nv_bfloat16 const>, cublasGemvTensorStridedBatched<__nv_bfloat16 const>, cublasGemvTensorStridedBatched<__nv_bfloat16>, float> >(cublasGemvParamsEx<int, cublasGemvTensorStridedBatched<__nv_bfloat16 const>, cublasGemvTensorStridedBatched<__nv_bfloat16 const>, cublasGemvTensorStridedBatched<__nv_bfloat16>, float>)	/root/share/mnt164/huangrulin/c16_ai_workload/raw/C16R_olmoe-1b-7b-0125-instruct_s2-t2048-d32_decode32_nvbit1771-c16warp1_expert58-down-proj-actual-a_20260922T100810Z_fc0f3cf67edf/selector_authority/VARIANT_A_COMPLETE_STATIC_SELECTOR.tsv	1	1024
OLMOE	161	LDG.E.EF.U16	LDG.E.EF.U16 R28, [R74.64] ;	GLOBAL	LOAD	False	one dynamic warp access of this static memory operand	QUALIFIED	2	SASS opcode U16/S16 data-width suffix	mref_operand_index=0	std::enable_if<!(false), void>::type internal::gemvx::kernel<int, int, __nv_bfloat16, __nv_bfloat16, __nv_bfloat16, float, false, true, true, false, 6, false, cublasGemvParamsEx<int, cublasGemvTensorStridedBatched<__nv_bfloat16 const>, cublasGemvTensorStridedBatched<__nv_bfloat16 const>, cublasGemvTensorStridedBatched<__nv_bfloat16>, float> >(cublasGemvParamsEx<int, cublasGemvTensorStridedBatched<__nv_bfloat16 const>, cublasGemvTensorStridedBatched<__nv_bfloat16 const>, cublasGemvTensorStridedBatched<__nv_bfloat16>, float>)	/root/share/mnt164/huangrulin/c16_ai_workload/raw/C16R_olmoe-1b-7b-0125-instruct_s2-t2048-d32_decode32_nvbit1771-c16warp1_expert58-down-proj-actual-a_20260922T100810Z_fc0f3cf67edf/selector_authority/VARIANT_A_COMPLETE_STATIC_SELECTOR.tsv	1	1024
OLMOE	163	LDG.E.U16.STRONG.SM	LDG.E.U16.STRONG.SM R29, [R36.64] ;	GLOBAL	LOAD	False	one dynamic warp access of this static memory operand	QUALIFIED	2	SASS opcode U16/S16 data-width suffix	mref_operand_index=0	std::enable_if<!(false), void>::type internal::gemvx::kernel<int, int, __nv_bfloat16, __nv_bfloat16, __nv_bfloat16, float, false, true, true, false, 6, false, cublasGemvParamsEx<int, cublasGemvTensorStridedBatched<__nv_bfloat16 const>, cublasGemvTensorStridedBatched<__nv_bfloat16 const>, cublasGemvTensorStridedBatched<__nv_bfloat16>, float> >(cublasGemvParamsEx<int, cublasGemvTensorStridedBatched<__nv_bfloat16 const>, cublasGemvTensorStridedBatched<__nv_bfloat16 const>, cublasGemvTensorStridedBatched<__nv_bfloat16>, float>)	/root/share/mnt164/huangrulin/c16_ai_workload/raw/C16R_olmoe-1b-7b-0125-instruct_s2-t2048-d32_decode32_nvbit1771-c16warp1_expert58-down-proj-actual-a_20260922T100810Z_fc0f3cf67edf/selector_authority/VARIANT_A_COMPLETE_STATIC_SELECTOR.tsv	1	1024
OLMOE	165	LDG.E.EF.U16	LDG.E.EF.U16 R30, [R100.64] ;	GLOBAL	LOAD	False	one dynamic warp access of this static memory operand	QUALIFIED	2	SASS opcode U16/S16 data-width suffix	mref_operand_index=0	std::enable_if<!(false), void>::type internal::gemvx::kernel<int, int, __nv_bfloat16, __nv_bfloat16, __nv_bfloat16, float, false, true, true, false, 6, false, cublasGemvParamsEx<int, cublasGemvTensorStridedBatched<__nv_bfloat16 const>, cublasGemvTensorStridedBatched<__nv_bfloat16 const>, cublasGemvTensorStridedBatched<__nv_bfloat16>, float> >(cublasGemvParamsEx<int, cublasGemvTensorStridedBatched<__nv_bfloat16 const>, cublasGemvTensorStridedBatched<__nv_bfloat16 const>, cublasGemvTensorStridedBatched<__nv_bfloat16>, float>)	/root/share/mnt164/huangrulin/c16_ai_workload/raw/C16R_olmoe-1b-7b-0125-instruct_s2-t2048-d32_decode32_nvbit1771-c16warp1_expert58-down-proj-actual-a_20260922T100810Z_fc0f3cf67edf/selector_authority/VARIANT_A_COMPLETE_STATIC_SELECTOR.tsv	1	1024
OLMOE	167	LDG.E.U16.STRONG.SM	LDG.E.U16.STRONG.SM R31, [R38.64] ;	GLOBAL	LOAD	False	one dynamic warp access of this static memory operand	QUALIFIED	2	SASS opcode U16/S16 data-width suffix	mref_operand_index=0	std::enable_if<!(false), void>::type internal::gemvx::kernel<int, int, __nv_bfloat16, __nv_bfloat16, __nv_bfloat16, float, false, true, true, false, 6, false, cublasGemvParamsEx<int, cublasGemvTensorStridedBatched<__nv_bfloat16 const>, cublasGemvTensorStridedBatched<__nv_bfloat16 const>, cublasGemvTensorStridedBatched<__nv_bfloat16>, float> >(cublasGemvParamsEx<int, cublasGemvTensorStridedBatched<__nv_bfloat16 const>, cublasGemvTensorStridedBatched<__nv_bfloat16 const>, cublasGemvTensorStridedBatched<__nv_bfloat16>, float>)	/root/share/mnt164/huangrulin/c16_ai_workload/raw/C16R_olmoe-1b-7b-0125-instruct_s2-t2048-d32_decode32_nvbit1771-c16warp1_expert58-down-proj-actual-a_20260922T100810Z_fc0f3cf67edf/selector_authority/VARIANT_A_COMPLETE_STATIC_SELECTOR.tsv	1	1024
OLMOE	169	LDG.E.EF.U16	LDG.E.EF.U16 R32, [R76.64] ;	GLOBAL	LOAD	False	one dynamic warp access of this static memory operand	QUALIFIED	2	SASS opcode U16/S16 data-width suffix	mref_operand_index=0	std::enable_if<!(false), void>::type internal::gemvx::kernel<int, int, __nv_bfloat16, __nv_bfloat16, __nv_bfloat16, float, false, true, true, false, 6, false, cublasGemvParamsEx<int, cublasGemvTensorStridedBatched<__nv_bfloat16 const>, cublasGemvTensorStridedBatched<__nv_bfloat16 const>, cublasGemvTensorStridedBatched<__nv_bfloat16>, float> >(cublasGemvParamsEx<int, cublasGemvTensorStridedBatched<__nv_bfloat16 const>, cublasGemvTensorStridedBatched<__nv_bfloat16 const>, cublasGemvTensorStridedBatched<__nv_bfloat16>, float>)	/root/share/mnt164/huangrulin/c16_ai_workload/raw/C16R_olmoe-1b-7b-0125-instruct_s2-t2048-d32_decode32_nvbit1771-c16warp1_expert58-down-proj-actual-a_20260922T100810Z_fc0f3cf67edf/selector_authority/VARIANT_A_COMPLETE_STATIC_SELECTOR.tsv	1	1024
OLMOE	171	LDG.E.U16.STRONG.SM	LDG.E.U16.STRONG.SM R33, [R40.64] ;	GLOBAL	LOAD	False	one dynamic warp access of this static memory operand	QUALIFIED	2	SASS opcode U16/S16 data-width suffix	mref_operand_index=0	std::enable_if<!(false), void>::type internal::gemvx::kernel<int, int, __nv_bfloat16, __nv_bfloat16, __nv_bfloat16, float, false, true, true, false, 6, false, cublasGemvParamsEx<int, cublasGemvTensorStridedBatched<__nv_bfloat16 const>, cublasGemvTensorStridedBatched<__nv_bfloat16 const>, cublasGemvTensorStridedBatched<__nv_bfloat16>, float> >(cublasGemvParamsEx<int, cublasGemvTensorStridedBatched<__nv_bfloat16 const>, cublasGemvTensorStridedBatched<__nv_bfloat16 const>, cublasGemvTensorStridedBatched<__nv_bfloat16>, float>)	/root/share/mnt164/huangrulin/c16_ai_workload/raw/C16R_olmoe-1b-7b-0125-instruct_s2-t2048-d32_decode32_nvbit1771-c16warp1_expert58-down-proj-actual-a_20260922T100810Z_fc0f3cf67edf/selector_authority/VARIANT_A_COMPLETE_STATIC_SELECTOR.tsv	1	1024
OLMOE	173	LDG.E.EF.U16	LDG.E.EF.U16 R34, [R78.64] ;	GLOBAL	LOAD	False	one dynamic warp access of this static memory operand	QUALIFIED	2	SASS opcode U16/S16 data-width suffix	mref_operand_index=0	std::enable_if<!(false), void>::type internal::gemvx::kernel<int, int, __nv_bfloat16, __nv_bfloat16, __nv_bfloat16, float, false, true, true, false, 6, false, cublasGemvParamsEx<int, cublasGemvTensorStridedBatched<__nv_bfloat16 const>, cublasGemvTensorStridedBatched<__nv_bfloat16 const>, cublasGemvTensorStridedBatched<__nv_bfloat16>, float> >(cublasGemvParamsEx<int, cublasGemvTensorStridedBatched<__nv_bfloat16 const>, cublasGemvTensorStridedBatched<__nv_bfloat16 const>, cublasGemvTensorStridedBatched<__nv_bfloat16>, float>)	/root/share/mnt164/huangrulin/c16_ai_workload/raw/C16R_olmoe-1b-7b-0125-instruct_s2-t2048-d32_decode32_nvbit1771-c16warp1_expert58-down-proj-actual-a_20260922T100810Z_fc0f3cf67edf/selector_authority/VARIANT_A_COMPLETE_STATIC_SELECTOR.tsv	1	1024
OLMOE	175	LDG.E.U16.STRONG.SM	LDG.E.U16.STRONG.SM R35, [R42.64] ;	GLOBAL	LOAD	False	one dynamic warp access of this static memory operand	QUALIFIED	2	SASS opcode U16/S16 data-width suffix	mref_operand_index=0	std::enable_if<!(false), void>::type internal::gemvx::kernel<int, int, __nv_bfloat16, __nv_bfloat16, __nv_bfloat16, float, false, true, true, false, 6, false, cublasGemvParamsEx<int, cublasGemvTensorStridedBatched<__nv_bfloat16 const>, cublasGemvTensorStridedBatched<__nv_bfloat16 const>, cublasGemvTensorStridedBatched<__nv_bfloat16>, float> >(cublasGemvParamsEx<int, cublasGemvTensorStridedBatched<__nv_bfloat16 const>, cublasGemvTensorStridedBatched<__nv_bfloat16 const>, cublasGemvTensorStridedBatched<__nv_bfloat16>, float>)	/root/share/mnt164/huangrulin/c16_ai_workload/raw/C16R_olmoe-1b-7b-0125-instruct_s2-t2048-d32_decode32_nvbit1771-c16warp1_expert58-down-proj-actual-a_20260922T100810Z_fc0f3cf67edf/selector_authority/VARIANT_A_COMPLETE_STATIC_SELECTOR.tsv	1	1024
OLMOE	177	LDG.E.EF.U16	LDG.E.EF.U16 R36, [R104.64] ;	GLOBAL	LOAD	False	one dynamic warp access of this static memory operand	QUALIFIED	2	SASS opcode U16/S16 data-width suffix	mref_operand_index=0	std::enable_if<!(false), void>::type internal::gemvx::kernel<int, int, __nv_bfloat16, __nv_bfloat16, __nv_bfloat16, float, false, true, true, false, 6, false, cublasGemvParamsEx<int, cublasGemvTensorStridedBatched<__nv_bfloat16 const>, cublasGemvTensorStridedBatched<__nv_bfloat16 const>, cublasGemvTensorStridedBatched<__nv_bfloat16>, float> >(cublasGemvParamsEx<int, cublasGemvTensorStridedBatched<__nv_bfloat16 const>, cublasGemvTensorStridedBatched<__nv_bfloat16 const>, cublasGemvTensorStridedBatched<__nv_bfloat16>, float>)	/root/share/mnt164/huangrulin/c16_ai_workload/raw/C16R_olmoe-1b-7b-0125-instruct_s2-t2048-d32_decode32_nvbit1771-c16warp1_expert58-down-proj-actual-a_20260922T100810Z_fc0f3cf67edf/selector_authority/VARIANT_A_COMPLETE_STATIC_SELECTOR.tsv	1	1024
OLMOE	179	LDG.E.U16.STRONG.SM	LDG.E.U16.STRONG.SM R37, [R44.64] ;	GLOBAL	LOAD	False	one dynamic warp access of this static memory operand	QUALIFIED	2	SASS opcode U16/S16 data-width suffix	mref_operand_index=0	std::enable_if<!(false), void>::type internal::gemvx::kernel<int, int, __nv_bfloat16, __nv_bfloat16, __nv_bfloat16, float, false, true, true, false, 6, false, cublasGemvParamsEx<int, cublasGemvTensorStridedBatched<__nv_bfloat16 const>, cublasGemvTensorStridedBatched<__nv_bfloat16 const>, cublasGemvTensorStridedBatched<__nv_bfloat16>, float> >(cublasGemvParamsEx<int, cublasGemvTensorStridedBatched<__nv_bfloat16 const>, cublasGemvTensorStridedBatched<__nv_bfloat16 const>, cublasGemvTensorStridedBatched<__nv_bfloat16>, float>)	/root/share/mnt164/huangrulin/c16_ai_workload/raw/C16R_olmoe-1b-7b-0125-instruct_s2-t2048-d32_decode32_nvbit1771-c16warp1_expert58-down-proj-actual-a_20260922T100810Z_fc0f3cf67edf/selector_authority/VARIANT_A_COMPLETE_STATIC_SELECTOR.tsv	1	1024
OLMOE	181	LDG.E.EF.U16	LDG.E.EF.U16 R38, [R80.64] ;	GLOBAL	LOAD	False	one dynamic warp access of this static memory operand	QUALIFIED	2	SASS opcode U16/S16 data-width suffix	mref_operand_index=0	std::enable_if<!(false), void>::type internal::gemvx::kernel<int, int, __nv_bfloat16, __nv_bfloat16, __nv_bfloat16, float, false, true, true, false, 6, false, cublasGemvParamsEx<int, cublasGemvTensorStridedBatched<__nv_bfloat16 const>, cublasGemvTensorStridedBatched<__nv_bfloat16 const>, cublasGemvTensorStridedBatched<__nv_bfloat16>, float> >(cublasGemvParamsEx<int, cublasGemvTensorStridedBatched<__nv_bfloat16 const>, cublasGemvTensorStridedBatched<__nv_bfloat16 const>, cublasGemvTensorStridedBatched<__nv_bfloat16>, float>)	/root/share/mnt164/huangrulin/c16_ai_workload/raw/C16R_olmoe-1b-7b-0125-instruct_s2-t2048-d32_decode32_nvbit1771-c16warp1_expert58-down-proj-actual-a_20260922T100810Z_fc0f3cf67edf/selector_authority/VARIANT_A_COMPLETE_STATIC_SELECTOR.tsv	1	1024
OLMOE	183	LDG.E.U16.STRONG.SM	LDG.E.U16.STRONG.SM R39, [R46.64] ;	GLOBAL	LOAD	False	one dynamic warp access of this static memory operand	QUALIFIED	2	SASS opcode U16/S16 data-width suffix	mref_operand_index=0	std::enable_if<!(false), void>::type internal::gemvx::kernel<int, int, __nv_bfloat16, __nv_bfloat16, __nv_bfloat16, float, false, true, true, false, 6, false, cublasGemvParamsEx<int, cublasGemvTensorStridedBatched<__nv_bfloat16 const>, cublasGemvTensorStridedBatched<__nv_bfloat16 const>, cublasGemvTensorStridedBatched<__nv_bfloat16>, float> >(cublasGemvParamsEx<int, cublasGemvTensorStridedBatched<__nv_bfloat16 const>, cublasGemvTensorStridedBatched<__nv_bfloat16 const>, cublasGemvTensorStridedBatched<__nv_bfloat16>, float>)	/root/share/mnt164/huangrulin/c16_ai_workload/raw/C16R_olmoe-1b-7b-0125-instruct_s2-t2048-d32_decode32_nvbit1771-c16warp1_expert58-down-proj-actual-a_20260922T100810Z_fc0f3cf67edf/selector_authority/VARIANT_A_COMPLETE_STATIC_SELECTOR.tsv	1	1024
OLMOE	185	LDG.E.EF.U16	LDG.E.EF.U16 R40, [R82.64] ;	GLOBAL	LOAD	False	one dynamic warp access of this static memory operand	QUALIFIED	2	SASS opcode U16/S16 data-width suffix	mref_operand_index=0	std::enable_if<!(false), void>::type internal::gemvx::kernel<int, int, __nv_bfloat16, __nv_bfloat16, __nv_bfloat16, float, false, true, true, false, 6, false, cublasGemvParamsEx<int, cublasGemvTensorStridedBatched<__nv_bfloat16 const>, cublasGemvTensorStridedBatched<__nv_bfloat16 const>, cublasGemvTensorStridedBatched<__nv_bfloat16>, float> >(cublasGemvParamsEx<int, cublasGemvTensorStridedBatched<__nv_bfloat16 const>, cublasGemvTensorStridedBatched<__nv_bfloat16 const>, cublasGemvTensorStridedBatched<__nv_bfloat16>, float>)	/root/share/mnt164/huangrulin/c16_ai_workload/raw/C16R_olmoe-1b-7b-0125-instruct_s2-t2048-d32_decode32_nvbit1771-c16warp1_expert58-down-proj-actual-a_20260922T100810Z_fc0f3cf67edf/selector_authority/VARIANT_A_COMPLETE_STATIC_SELECTOR.tsv	1	1024
OLMOE	187	LDG.E.U16.STRONG.SM	LDG.E.U16.STRONG.SM R41, [R48.64] ;	GLOBAL	LOAD	False	one dynamic warp access of this static memory operand	QUALIFIED	2	SASS opcode U16/S16 data-width suffix	mref_operand_index=0	std::enable_if<!(false), void>::type internal::gemvx::kernel<int, int, __nv_bfloat16, __nv_bfloat16, __nv_bfloat16, float, false, true, true, false, 6, false, cublasGemvParamsEx<int, cublasGemvTensorStridedBatched<__nv_bfloat16 const>, cublasGemvTensorStridedBatched<__nv_bfloat16 const>, cublasGemvTensorStridedBatched<__nv_bfloat16>, float> >(cublasGemvParamsEx<int, cublasGemvTensorStridedBatched<__nv_bfloat16 const>, cublasGemvTensorStridedBatched<__nv_bfloat16 const>, cublasGemvTensorStridedBatched<__nv_bfloat16>, float>)	/root/share/mnt164/huangrulin/c16_ai_workload/raw/C16R_olmoe-1b-7b-0125-instruct_s2-t2048-d32_decode32_nvbit1771-c16warp1_expert58-down-proj-actual-a_20260922T100810Z_fc0f3cf67edf/selector_authority/VARIANT_A_COMPLETE_STATIC_SELECTOR.tsv	1	1024
OLMOE	189	LDG.E.EF.U16	LDG.E.EF.U16 R42, [R106.64] ;	GLOBAL	LOAD	False	one dynamic warp access of this static memory operand	QUALIFIED	2	SASS opcode U16/S16 data-width suffix	mref_operand_index=0	std::enable_if<!(false), void>::type internal::gemvx::kernel<int, int, __nv_bfloat16, __nv_bfloat16, __nv_bfloat16, float, false, true, true, false, 6, false, cublasGemvParamsEx<int, cublasGemvTensorStridedBatched<__nv_bfloat16 const>, cublasGemvTensorStridedBatched<__nv_bfloat16 const>, cublasGemvTensorStridedBatched<__nv_bfloat16>, float> >(cublasGemvParamsEx<int, cublasGemvTensorStridedBatched<__nv_bfloat16 const>, cublasGemvTensorStridedBatched<__nv_bfloat16 const>, cublasGemvTensorStridedBatched<__nv_bfloat16>, float>)	/root/share/mnt164/huangrulin/c16_ai_workload/raw/C16R_olmoe-1b-7b-0125-instruct_s2-t2048-d32_decode32_nvbit1771-c16warp1_expert58-down-proj-actual-a_20260922T100810Z_fc0f3cf67edf/selector_authority/VARIANT_A_COMPLETE_STATIC_SELECTOR.tsv	1	1024
OLMOE	191	LDG.E.U16.STRONG.SM	LDG.E.U16.STRONG.SM R43, [R50.64] ;	GLOBAL	LOAD	False	one dynamic warp access of this static memory operand	QUALIFIED	2	SASS opcode U16/S16 data-width suffix	mref_operand_index=0	std::enable_if<!(false), void>::type internal::gemvx::kernel<int, int, __nv_bfloat16, __nv_bfloat16, __nv_bfloat16, float, false, true, true, false, 6, false, cublasGemvParamsEx<int, cublasGemvTensorStridedBatched<__nv_bfloat16 const>, cublasGemvTensorStridedBatched<__nv_bfloat16 const>, cublasGemvTensorStridedBatched<__nv_bfloat16>, float> >(cublasGemvParamsEx<int, cublasGemvTensorStridedBatched<__nv_bfloat16 const>, cublasGemvTensorStridedBatched<__nv_bfloat16 const>, cublasGemvTensorStridedBatched<__nv_bfloat16>, float>)	/root/share/mnt164/huangrulin/c16_ai_workload/raw/C16R_olmoe-1b-7b-0125-instruct_s2-t2048-d32_decode32_nvbit1771-c16warp1_expert58-down-proj-actual-a_20260922T100810Z_fc0f3cf67edf/selector_authority/VARIANT_A_COMPLETE_STATIC_SELECTOR.tsv	1	1024
OLMOE	193	LDG.E.EF.U16	LDG.E.EF.U16 R44, [R84.64] ;	GLOBAL	LOAD	False	one dynamic warp access of this static memory operand	QUALIFIED	2	SASS opcode U16/S16 data-width suffix	mref_operand_index=0	std::enable_if<!(false), void>::type internal::gemvx::kernel<int, int, __nv_bfloat16, __nv_bfloat16, __nv_bfloat16, float, false, true, true, false, 6, false, cublasGemvParamsEx<int, cublasGemvTensorStridedBatched<__nv_bfloat16 const>, cublasGemvTensorStridedBatched<__nv_bfloat16 const>, cublasGemvTensorStridedBatched<__nv_bfloat16>, float> >(cublasGemvParamsEx<int, cublasGemvTensorStridedBatched<__nv_bfloat16 const>, cublasGemvTensorStridedBatched<__nv_bfloat16 const>, cublasGemvTensorStridedBatched<__nv_bfloat16>, float>)	/root/share/mnt164/huangrulin/c16_ai_workload/raw/C16R_olmoe-1b-7b-0125-instruct_s2-t2048-d32_decode32_nvbit1771-c16warp1_expert58-down-proj-actual-a_20260922T100810Z_fc0f3cf67edf/selector_authority/VARIANT_A_COMPLETE_STATIC_SELECTOR.tsv	1	1024
OLMOE	195	LDG.E.U16.STRONG.SM	LDG.E.U16.STRONG.SM R45, [R52.64] ;	GLOBAL	LOAD	False	one dynamic warp access of this static memory operand	QUALIFIED	2	SASS opcode U16/S16 data-width suffix	mref_operand_index=0	std::enable_if<!(false), void>::type internal::gemvx::kernel<int, int, __nv_bfloat16, __nv_bfloat16, __nv_bfloat16, float, false, true, true, false, 6, false, cublasGemvParamsEx<int, cublasGemvTensorStridedBatched<__nv_bfloat16 const>, cublasGemvTensorStridedBatched<__nv_bfloat16 const>, cublasGemvTensorStridedBatched<__nv_bfloat16>, float> >(cublasGemvParamsEx<int, cublasGemvTensorStridedBatched<__nv_bfloat16 const>, cublasGemvTensorStridedBatched<__nv_bfloat16 const>, cublasGemvTensorStridedBatched<__nv_bfloat16>, float>)	/root/share/mnt164/huangrulin/c16_ai_workload/raw/C16R_olmoe-1b-7b-0125-instruct_s2-t2048-d32_decode32_nvbit1771-c16warp1_expert58-down-proj-actual-a_20260922T100810Z_fc0f3cf67edf/selector_authority/VARIANT_A_COMPLETE_STATIC_SELECTOR.tsv	1	1024
OLMOE	197	LDG.E.EF.U16	LDG.E.EF.U16 R46, [R86.64] ;	GLOBAL	LOAD	False	one dynamic warp access of this static memory operand	QUALIFIED	2	SASS opcode U16/S16 data-width suffix	mref_operand_index=0	std::enable_if<!(false), void>::type internal::gemvx::kernel<int, int, __nv_bfloat16, __nv_bfloat16, __nv_bfloat16, float, false, true, true, false, 6, false, cublasGemvParamsEx<int, cublasGemvTensorStridedBatched<__nv_bfloat16 const>, cublasGemvTensorStridedBatched<__nv_bfloat16 const>, cublasGemvTensorStridedBatched<__nv_bfloat16>, float> >(cublasGemvParamsEx<int, cublasGemvTensorStridedBatched<__nv_bfloat16 const>, cublasGemvTensorStridedBatched<__nv_bfloat16 const>, cublasGemvTensorStridedBatched<__nv_bfloat16>, float>)	/root/share/mnt164/huangrulin/c16_ai_workload/raw/C16R_olmoe-1b-7b-0125-instruct_s2-t2048-d32_decode32_nvbit1771-c16warp1_expert58-down-proj-actual-a_20260922T100810Z_fc0f3cf67edf/selector_authority/VARIANT_A_COMPLETE_STATIC_SELECTOR.tsv	1	1024
OLMOE	199	LDG.E.U16.STRONG.SM	LDG.E.U16.STRONG.SM R47, [R54.64] ;	GLOBAL	LOAD	False	one dynamic warp access of this static memory operand	QUALIFIED	2	SASS opcode U16/S16 data-width suffix	mref_operand_index=0	std::enable_if<!(false), void>::type internal::gemvx::kernel<int, int, __nv_bfloat16, __nv_bfloat16, __nv_bfloat16, float, false, true, true, false, 6, false, cublasGemvParamsEx<int, cublasGemvTensorStridedBatched<__nv_bfloat16 const>, cublasGemvTensorStridedBatched<__nv_bfloat16 const>, cublasGemvTensorStridedBatched<__nv_bfloat16>, float> >(cublasGemvParamsEx<int, cublasGemvTensorStridedBatched<__nv_bfloat16 const>, cublasGemvTensorStridedBatched<__nv_bfloat16 const>, cublasGemvTensorStridedBatched<__nv_bfloat16>, float>)	/root/share/mnt164/huangrulin/c16_ai_workload/raw/C16R_olmoe-1b-7b-0125-instruct_s2-t2048-d32_decode32_nvbit1771-c16warp1_expert58-down-proj-actual-a_20260922T100810Z_fc0f3cf67edf/selector_authority/VARIANT_A_COMPLETE_STATIC_SELECTOR.tsv	1	1024
OLMOE	201	LDG.E.EF.U16	LDG.E.EF.U16 R48, [R108.64] ;	GLOBAL	LOAD	False	one dynamic warp access of this static memory operand	QUALIFIED	2	SASS opcode U16/S16 data-width suffix	mref_operand_index=0	std::enable_if<!(false), void>::type internal::gemvx::kernel<int, int, __nv_bfloat16, __nv_bfloat16, __nv_bfloat16, float, false, true, true, false, 6, false, cublasGemvParamsEx<int, cublasGemvTensorStridedBatched<__nv_bfloat16 const>, cublasGemvTensorStridedBatched<__nv_bfloat16 const>, cublasGemvTensorStridedBatched<__nv_bfloat16>, float> >(cublasGemvParamsEx<int, cublasGemvTensorStridedBatched<__nv_bfloat16 const>, cublasGemvTensorStridedBatched<__nv_bfloat16 const>, cublasGemvTensorStridedBatched<__nv_bfloat16>, float>)	/root/share/mnt164/huangrulin/c16_ai_workload/raw/C16R_olmoe-1b-7b-0125-instruct_s2-t2048-d32_decode32_nvbit1771-c16warp1_expert58-down-proj-actual-a_20260922T100810Z_fc0f3cf67edf/selector_authority/VARIANT_A_COMPLETE_STATIC_SELECTOR.tsv	1	1024
OLMOE	203	LDG.E.U16.STRONG.SM	LDG.E.U16.STRONG.SM R49, [R56.64] ;	GLOBAL	LOAD	False	one dynamic warp access of this static memory operand	QUALIFIED	2	SASS opcode U16/S16 data-width suffix	mref_operand_index=0	std::enable_if<!(false), void>::type internal::gemvx::kernel<int, int, __nv_bfloat16, __nv_bfloat16, __nv_bfloat16, float, false, true, true, false, 6, false, cublasGemvParamsEx<int, cublasGemvTensorStridedBatched<__nv_bfloat16 const>, cublasGemvTensorStridedBatched<__nv_bfloat16 const>, cublasGemvTensorStridedBatched<__nv_bfloat16>, float> >(cublasGemvParamsEx<int, cublasGemvTensorStridedBatched<__nv_bfloat16 const>, cublasGemvTensorStridedBatched<__nv_bfloat16 const>, cublasGemvTensorStridedBatched<__nv_bfloat16>, float>)	/root/share/mnt164/huangrulin/c16_ai_workload/raw/C16R_olmoe-1b-7b-0125-instruct_s2-t2048-d32_decode32_nvbit1771-c16warp1_expert58-down-proj-actual-a_20260922T100810Z_fc0f3cf67edf/selector_authority/VARIANT_A_COMPLETE_STATIC_SELECTOR.tsv	1	1024
OLMOE	205	LDG.E.EF.U16	LDG.E.EF.U16 R50, [R88.64] ;	GLOBAL	LOAD	False	one dynamic warp access of this static memory operand	QUALIFIED	2	SASS opcode U16/S16 data-width suffix	mref_operand_index=0	std::enable_if<!(false), void>::type internal::gemvx::kernel<int, int, __nv_bfloat16, __nv_bfloat16, __nv_bfloat16, float, false, true, true, false, 6, false, cublasGemvParamsEx<int, cublasGemvTensorStridedBatched<__nv_bfloat16 const>, cublasGemvTensorStridedBatched<__nv_bfloat16 const>, cublasGemvTensorStridedBatched<__nv_bfloat16>, float> >(cublasGemvParamsEx<int, cublasGemvTensorStridedBatched<__nv_bfloat16 const>, cublasGemvTensorStridedBatched<__nv_bfloat16 const>, cublasGemvTensorStridedBatched<__nv_bfloat16>, float>)	/root/share/mnt164/huangrulin/c16_ai_workload/raw/C16R_olmoe-1b-7b-0125-instruct_s2-t2048-d32_decode32_nvbit1771-c16warp1_expert58-down-proj-actual-a_20260922T100810Z_fc0f3cf67edf/selector_authority/VARIANT_A_COMPLETE_STATIC_SELECTOR.tsv	1	1024
OLMOE	207	LDG.E.U16.STRONG.SM	LDG.E.U16.STRONG.SM R51, [R58.64] ;	GLOBAL	LOAD	False	one dynamic warp access of this static memory operand	QUALIFIED	2	SASS opcode U16/S16 data-width suffix	mref_operand_index=0	std::enable_if<!(false), void>::type internal::gemvx::kernel<int, int, __nv_bfloat16, __nv_bfloat16, __nv_bfloat16, float, false, true, true, false, 6, false, cublasGemvParamsEx<int, cublasGemvTensorStridedBatched<__nv_bfloat16 const>, cublasGemvTensorStridedBatched<__nv_bfloat16 const>, cublasGemvTensorStridedBatched<__nv_bfloat16>, float> >(cublasGemvParamsEx<int, cublasGemvTensorStridedBatched<__nv_bfloat16 const>, cublasGemvTensorStridedBatched<__nv_bfloat16 const>, cublasGemvTensorStridedBatched<__nv_bfloat16>, float>)	/root/share/mnt164/huangrulin/c16_ai_workload/raw/C16R_olmoe-1b-7b-0125-instruct_s2-t2048-d32_decode32_nvbit1771-c16warp1_expert58-down-proj-actual-a_20260922T100810Z_fc0f3cf67edf/selector_authority/VARIANT_A_COMPLETE_STATIC_SELECTOR.tsv	1	1024
OLMOE	209	LDG.E.EF.U16	LDG.E.EF.U16 R52, [R90.64] ;	GLOBAL	LOAD	False	one dynamic warp access of this static memory operand	QUALIFIED	2	SASS opcode U16/S16 data-width suffix	mref_operand_index=0	std::enable_if<!(false), void>::type internal::gemvx::kernel<int, int, __nv_bfloat16, __nv_bfloat16, __nv_bfloat16, float, false, true, true, false, 6, false, cublasGemvParamsEx<int, cublasGemvTensorStridedBatched<__nv_bfloat16 const>, cublasGemvTensorStridedBatched<__nv_bfloat16 const>, cublasGemvTensorStridedBatched<__nv_bfloat16>, float> >(cublasGemvParamsEx<int, cublasGemvTensorStridedBatched<__nv_bfloat16 const>, cublasGemvTensorStridedBatched<__nv_bfloat16 const>, cublasGemvTensorStridedBatched<__nv_bfloat16>, float>)	/root/share/mnt164/huangrulin/c16_ai_workload/raw/C16R_olmoe-1b-7b-0125-instruct_s2-t2048-d32_decode32_nvbit1771-c16warp1_expert58-down-proj-actual-a_20260922T100810Z_fc0f3cf67edf/selector_authority/VARIANT_A_COMPLETE_STATIC_SELECTOR.tsv	1	1024
OLMOE	211	LDG.E.U16.STRONG.SM	LDG.E.U16.STRONG.SM R53, [R60.64] ;	GLOBAL	LOAD	False	one dynamic warp access of this static memory operand	QUALIFIED	2	SASS opcode U16/S16 data-width suffix	mref_operand_index=0	std::enable_if<!(false), void>::type internal::gemvx::kernel<int, int, __nv_bfloat16, __nv_bfloat16, __nv_bfloat16, float, false, true, true, false, 6, false, cublasGemvParamsEx<int, cublasGemvTensorStridedBatched<__nv_bfloat16 const>, cublasGemvTensorStridedBatched<__nv_bfloat16 const>, cublasGemvTensorStridedBatched<__nv_bfloat16>, float> >(cublasGemvParamsEx<int, cublasGemvTensorStridedBatched<__nv_bfloat16 const>, cublasGemvTensorStridedBatched<__nv_bfloat16 const>, cublasGemvTensorStridedBatched<__nv_bfloat16>, float>)	/root/share/mnt164/huangrulin/c16_ai_workload/raw/C16R_olmoe-1b-7b-0125-instruct_s2-t2048-d32_decode32_nvbit1771-c16warp1_expert58-down-proj-actual-a_20260922T100810Z_fc0f3cf67edf/selector_authority/VARIANT_A_COMPLETE_STATIC_SELECTOR.tsv	1	1024
OLMOE	213	LDG.E.EF.U16	LDG.E.EF.U16 R54, [R112.64] ;	GLOBAL	LOAD	False	one dynamic warp access of this static memory operand	QUALIFIED	2	SASS opcode U16/S16 data-width suffix	mref_operand_index=0	std::enable_if<!(false), void>::type internal::gemvx::kernel<int, int, __nv_bfloat16, __nv_bfloat16, __nv_bfloat16, float, false, true, true, false, 6, false, cublasGemvParamsEx<int, cublasGemvTensorStridedBatched<__nv_bfloat16 const>, cublasGemvTensorStridedBatched<__nv_bfloat16 const>, cublasGemvTensorStridedBatched<__nv_bfloat16>, float> >(cublasGemvParamsEx<int, cublasGemvTensorStridedBatched<__nv_bfloat16 const>, cublasGemvTensorStridedBatched<__nv_bfloat16 const>, cublasGemvTensorStridedBatched<__nv_bfloat16>, float>)	/root/share/mnt164/huangrulin/c16_ai_workload/raw/C16R_olmoe-1b-7b-0125-instruct_s2-t2048-d32_decode32_nvbit1771-c16warp1_expert58-down-proj-actual-a_20260922T100810Z_fc0f3cf67edf/selector_authority/VARIANT_A_COMPLETE_STATIC_SELECTOR.tsv	1	1024
OLMOE	215	LDG.E.U16.STRONG.SM	LDG.E.U16.STRONG.SM R55, [R62.64] ;	GLOBAL	LOAD	False	one dynamic warp access of this static memory operand	QUALIFIED	2	SASS opcode U16/S16 data-width suffix	mref_operand_index=0	std::enable_if<!(false), void>::type internal::gemvx::kernel<int, int, __nv_bfloat16, __nv_bfloat16, __nv_bfloat16, float, false, true, true, false, 6, false, cublasGemvParamsEx<int, cublasGemvTensorStridedBatched<__nv_bfloat16 const>, cublasGemvTensorStridedBatched<__nv_bfloat16 const>, cublasGemvTensorStridedBatched<__nv_bfloat16>, float> >(cublasGemvParamsEx<int, cublasGemvTensorStridedBatched<__nv_bfloat16 const>, cublasGemvTensorStridedBatched<__nv_bfloat16 const>, cublasGemvTensorStridedBatched<__nv_bfloat16>, float>)	/root/share/mnt164/huangrulin/c16_ai_workload/raw/C16R_olmoe-1b-7b-0125-instruct_s2-t2048-d32_decode32_nvbit1771-c16warp1_expert58-down-proj-actual-a_20260922T100810Z_fc0f3cf67edf/selector_authority/VARIANT_A_COMPLETE_STATIC_SELECTOR.tsv	1	1024
OLMOE	217	LDG.E.EF.U16	LDG.E.EF.U16 R56, [R92.64] ;	GLOBAL	LOAD	False	one dynamic warp access of this static memory operand	QUALIFIED	2	SASS opcode U16/S16 data-width suffix	mref_operand_index=0	std::enable_if<!(false), void>::type internal::gemvx::kernel<int, int, __nv_bfloat16, __nv_bfloat16, __nv_bfloat16, float, false, true, true, false, 6, false, cublasGemvParamsEx<int, cublasGemvTensorStridedBatched<__nv_bfloat16 const>, cublasGemvTensorStridedBatched<__nv_bfloat16 const>, cublasGemvTensorStridedBatched<__nv_bfloat16>, float> >(cublasGemvParamsEx<int, cublasGemvTensorStridedBatched<__nv_bfloat16 const>, cublasGemvTensorStridedBatched<__nv_bfloat16 const>, cublasGemvTensorStridedBatched<__nv_bfloat16>, float>)	/root/share/mnt164/huangrulin/c16_ai_workload/raw/C16R_olmoe-1b-7b-0125-instruct_s2-t2048-d32_decode32_nvbit1771-c16warp1_expert58-down-proj-actual-a_20260922T100810Z_fc0f3cf67edf/selector_authority/VARIANT_A_COMPLETE_STATIC_SELECTOR.tsv	1	1024
OLMOE	219	LDG.E.U16.STRONG.SM	LDG.E.U16.STRONG.SM R57, [R64.64] ;	GLOBAL	LOAD	False	one dynamic warp access of this static memory operand	QUALIFIED	2	SASS opcode U16/S16 data-width suffix	mref_operand_index=0	std::enable_if<!(false), void>::type internal::gemvx::kernel<int, int, __nv_bfloat16, __nv_bfloat16, __nv_bfloat16, float, false, true, true, false, 6, false, cublasGemvParamsEx<int, cublasGemvTensorStridedBatched<__nv_bfloat16 const>, cublasGemvTensorStridedBatched<__nv_bfloat16 const>, cublasGemvTensorStridedBatched<__nv_bfloat16>, float> >(cublasGemvParamsEx<int, cublasGemvTensorStridedBatched<__nv_bfloat16 const>, cublasGemvTensorStridedBatched<__nv_bfloat16 const>, cublasGemvTensorStridedBatched<__nv_bfloat16>, float>)	/root/share/mnt164/huangrulin/c16_ai_workload/raw/C16R_olmoe-1b-7b-0125-instruct_s2-t2048-d32_decode32_nvbit1771-c16warp1_expert58-down-proj-actual-a_20260922T100810Z_fc0f3cf67edf/selector_authority/VARIANT_A_COMPLETE_STATIC_SELECTOR.tsv	1	1024
OLMOE	221	LDG.E.EF.U16	LDG.E.EF.U16 R58, [R94.64] ;	GLOBAL	LOAD	False	one dynamic warp access of this static memory operand	QUALIFIED	2	SASS opcode U16/S16 data-width suffix	mref_operand_index=0	std::enable_if<!(false), void>::type internal::gemvx::kernel<int, int, __nv_bfloat16, __nv_bfloat16, __nv_bfloat16, float, false, true, true, false, 6, false, cublasGemvParamsEx<int, cublasGemvTensorStridedBatched<__nv_bfloat16 const>, cublasGemvTensorStridedBatched<__nv_bfloat16 const>, cublasGemvTensorStridedBatched<__nv_bfloat16>, float> >(cublasGemvParamsEx<int, cublasGemvTensorStridedBatched<__nv_bfloat16 const>, cublasGemvTensorStridedBatched<__nv_bfloat16 const>, cublasGemvTensorStridedBatched<__nv_bfloat16>, float>)	/root/share/mnt164/huangrulin/c16_ai_workload/raw/C16R_olmoe-1b-7b-0125-instruct_s2-t2048-d32_decode32_nvbit1771-c16warp1_expert58-down-proj-actual-a_20260922T100810Z_fc0f3cf67edf/selector_authority/VARIANT_A_COMPLETE_STATIC_SELECTOR.tsv	1	1024
OLMOE	223	LDG.E.U16.STRONG.SM	LDG.E.U16.STRONG.SM R59, [R66.64] ;	GLOBAL	LOAD	False	one dynamic warp access of this static memory operand	QUALIFIED	2	SASS opcode U16/S16 data-width suffix	mref_operand_index=0	std::enable_if<!(false), void>::type internal::gemvx::kernel<int, int, __nv_bfloat16, __nv_bfloat16, __nv_bfloat16, float, false, true, true, false, 6, false, cublasGemvParamsEx<int, cublasGemvTensorStridedBatched<__nv_bfloat16 const>, cublasGemvTensorStridedBatched<__nv_bfloat16 const>, cublasGemvTensorStridedBatched<__nv_bfloat16>, float> >(cublasGemvParamsEx<int, cublasGemvTensorStridedBatched<__nv_bfloat16 const>, cublasGemvTensorStridedBatched<__nv_bfloat16 const>, cublasGemvTensorStridedBatched<__nv_bfloat16>, float>)	/root/share/mnt164/huangrulin/c16_ai_workload/raw/C16R_olmoe-1b-7b-0125-instruct_s2-t2048-d32_decode32_nvbit1771-c16warp1_expert58-down-proj-actual-a_20260922T100810Z_fc0f3cf67edf/selector_authority/VARIANT_A_COMPLETE_STATIC_SELECTOR.tsv	1	1024
OLMOE	225	LDG.E.EF.U16	LDG.E.EF.U16 R60, [R114.64] ;	GLOBAL	LOAD	False	one dynamic warp access of this static memory operand	QUALIFIED	2	SASS opcode U16/S16 data-width suffix	mref_operand_index=0	std::enable_if<!(false), void>::type internal::gemvx::kernel<int, int, __nv_bfloat16, __nv_bfloat16, __nv_bfloat16, float, false, true, true, false, 6, false, cublasGemvParamsEx<int, cublasGemvTensorStridedBatched<__nv_bfloat16 const>, cublasGemvTensorStridedBatched<__nv_bfloat16 const>, cublasGemvTensorStridedBatched<__nv_bfloat16>, float> >(cublasGemvParamsEx<int, cublasGemvTensorStridedBatched<__nv_bfloat16 const>, cublasGemvTensorStridedBatched<__nv_bfloat16 const>, cublasGemvTensorStridedBatched<__nv_bfloat16>, float>)	/root/share/mnt164/huangrulin/c16_ai_workload/raw/C16R_olmoe-1b-7b-0125-instruct_s2-t2048-d32_decode32_nvbit1771-c16warp1_expert58-down-proj-actual-a_20260922T100810Z_fc0f3cf67edf/selector_authority/VARIANT_A_COMPLETE_STATIC_SELECTOR.tsv	1	1024
OLMOE	227	LDG.E.U16.STRONG.SM	LDG.E.U16.STRONG.SM R61, [R68.64] ;	GLOBAL	LOAD	False	one dynamic warp access of this static memory operand	QUALIFIED	2	SASS opcode U16/S16 data-width suffix	mref_operand_index=0	std::enable_if<!(false), void>::type internal::gemvx::kernel<int, int, __nv_bfloat16, __nv_bfloat16, __nv_bfloat16, float, false, true, true, false, 6, false, cublasGemvParamsEx<int, cublasGemvTensorStridedBatched<__nv_bfloat16 const>, cublasGemvTensorStridedBatched<__nv_bfloat16 const>, cublasGemvTensorStridedBatched<__nv_bfloat16>, float> >(cublasGemvParamsEx<int, cublasGemvTensorStridedBatched<__nv_bfloat16 const>, cublasGemvTensorStridedBatched<__nv_bfloat16 const>, cublasGemvTensorStridedBatched<__nv_bfloat16>, float>)	/root/share/mnt164/huangrulin/c16_ai_workload/raw/C16R_olmoe-1b-7b-0125-instruct_s2-t2048-d32_decode32_nvbit1771-c16warp1_expert58-down-proj-actual-a_20260922T100810Z_fc0f3cf67edf/selector_authority/VARIANT_A_COMPLETE_STATIC_SELECTOR.tsv	1	1024
OLMOE	229	LDG.E.EF.U16	LDG.E.EF.U16 R62, [R96.64] ;	GLOBAL	LOAD	False	one dynamic warp access of this static memory operand	QUALIFIED	2	SASS opcode U16/S16 data-width suffix	mref_operand_index=0	std::enable_if<!(false), void>::type internal::gemvx::kernel<int, int, __nv_bfloat16, __nv_bfloat16, __nv_bfloat16, float, false, true, true, false, 6, false, cublasGemvParamsEx<int, cublasGemvTensorStridedBatched<__nv_bfloat16 const>, cublasGemvTensorStridedBatched<__nv_bfloat16 const>, cublasGemvTensorStridedBatched<__nv_bfloat16>, float> >(cublasGemvParamsEx<int, cublasGemvTensorStridedBatched<__nv_bfloat16 const>, cublasGemvTensorStridedBatched<__nv_bfloat16 const>, cublasGemvTensorStridedBatched<__nv_bfloat16>, float>)	/root/share/mnt164/huangrulin/c16_ai_workload/raw/C16R_olmoe-1b-7b-0125-instruct_s2-t2048-d32_decode32_nvbit1771-c16warp1_expert58-down-proj-actual-a_20260922T100810Z_fc0f3cf67edf/selector_authority/VARIANT_A_COMPLETE_STATIC_SELECTOR.tsv	1	1024
OLMOE	231	LDG.E.U16.STRONG.SM	LDG.E.U16.STRONG.SM R63, [R70.64] ;	GLOBAL	LOAD	False	one dynamic warp access of this static memory operand	QUALIFIED	2	SASS opcode U16/S16 data-width suffix	mref_operand_index=0	std::enable_if<!(false), void>::type internal::gemvx::kernel<int, int, __nv_bfloat16, __nv_bfloat16, __nv_bfloat16, float, false, true, true, false, 6, false, cublasGemvParamsEx<int, cublasGemvTensorStridedBatched<__nv_bfloat16 const>, cublasGemvTensorStridedBatched<__nv_bfloat16 const>, cublasGemvTensorStridedBatched<__nv_bfloat16>, float> >(cublasGemvParamsEx<int, cublasGemvTensorStridedBatched<__nv_bfloat16 const>, cublasGemvTensorStridedBatched<__nv_bfloat16 const>, cublasGemvTensorStridedBatched<__nv_bfloat16>, float>)	/root/share/mnt164/huangrulin/c16_ai_workload/raw/C16R_olmoe-1b-7b-0125-instruct_s2-t2048-d32_decode32_nvbit1771-c16warp1_expert58-down-proj-actual-a_20260922T100810Z_fc0f3cf67edf/selector_authority/VARIANT_A_COMPLETE_STATIC_SELECTOR.tsv	1	1024
OLMOE	233	LDG.E.EF.U16	LDG.E.EF.U16 R64, [R98.64] ;	GLOBAL	LOAD	False	one dynamic warp access of this static memory operand	QUALIFIED	2	SASS opcode U16/S16 data-width suffix	mref_operand_index=0	std::enable_if<!(false), void>::type internal::gemvx::kernel<int, int, __nv_bfloat16, __nv_bfloat16, __nv_bfloat16, float, false, true, true, false, 6, false, cublasGemvParamsEx<int, cublasGemvTensorStridedBatched<__nv_bfloat16 const>, cublasGemvTensorStridedBatched<__nv_bfloat16 const>, cublasGemvTensorStridedBatched<__nv_bfloat16>, float> >(cublasGemvParamsEx<int, cublasGemvTensorStridedBatched<__nv_bfloat16 const>, cublasGemvTensorStridedBatched<__nv_bfloat16 const>, cublasGemvTensorStridedBatched<__nv_bfloat16>, float>)	/root/share/mnt164/huangrulin/c16_ai_workload/raw/C16R_olmoe-1b-7b-0125-instruct_s2-t2048-d32_decode32_nvbit1771-c16warp1_expert58-down-proj-actual-a_20260922T100810Z_fc0f3cf67edf/selector_authority/VARIANT_A_COMPLETE_STATIC_SELECTOR.tsv	1	1024
OLMOE	235	LDG.E.U16.STRONG.SM	LDG.E.U16.STRONG.SM R65, [R72.64] ;	GLOBAL	LOAD	False	one dynamic warp access of this static memory operand	QUALIFIED	2	SASS opcode U16/S16 data-width suffix	mref_operand_index=0	std::enable_if<!(false), void>::type internal::gemvx::kernel<int, int, __nv_bfloat16, __nv_bfloat16, __nv_bfloat16, float, false, true, true, false, 6, false, cublasGemvParamsEx<int, cublasGemvTensorStridedBatched<__nv_bfloat16 const>, cublasGemvTensorStridedBatched<__nv_bfloat16 const>, cublasGemvTensorStridedBatched<__nv_bfloat16>, float> >(cublasGemvParamsEx<int, cublasGemvTensorStridedBatched<__nv_bfloat16 const>, cublasGemvTensorStridedBatched<__nv_bfloat16 const>, cublasGemvTensorStridedBatched<__nv_bfloat16>, float>)	/root/share/mnt164/huangrulin/c16_ai_workload/raw/C16R_olmoe-1b-7b-0125-instruct_s2-t2048-d32_decode32_nvbit1771-c16warp1_expert58-down-proj-actual-a_20260922T100810Z_fc0f3cf67edf/selector_authority/VARIANT_A_COMPLETE_STATIC_SELECTOR.tsv	1	1024
OLMOE	237	LDG.E.EF.U16	LDG.E.EF.U16 R66, [R116.64] ;	GLOBAL	LOAD	False	one dynamic warp access of this static memory operand	QUALIFIED	2	SASS opcode U16/S16 data-width suffix	mref_operand_index=0	std::enable_if<!(false), void>::type internal::gemvx::kernel<int, int, __nv_bfloat16, __nv_bfloat16, __nv_bfloat16, float, false, true, true, false, 6, false, cublasGemvParamsEx<int, cublasGemvTensorStridedBatched<__nv_bfloat16 const>, cublasGemvTensorStridedBatched<__nv_bfloat16 const>, cublasGemvTensorStridedBatched<__nv_bfloat16>, float> >(cublasGemvParamsEx<int, cublasGemvTensorStridedBatched<__nv_bfloat16 const>, cublasGemvTensorStridedBatched<__nv_bfloat16 const>, cublasGemvTensorStridedBatched<__nv_bfloat16>, float>)	/root/share/mnt164/huangrulin/c16_ai_workload/raw/C16R_olmoe-1b-7b-0125-instruct_s2-t2048-d32_decode32_nvbit1771-c16warp1_expert58-down-proj-actual-a_20260922T100810Z_fc0f3cf67edf/selector_authority/VARIANT_A_COMPLETE_STATIC_SELECTOR.tsv	1	1024
OLMOE	239	LDG.E.U16.STRONG.SM	LDG.E.U16.STRONG.SM R67, [R74.64] ;	GLOBAL	LOAD	False	one dynamic warp access of this static memory operand	QUALIFIED	2	SASS opcode U16/S16 data-width suffix	mref_operand_index=0	std::enable_if<!(false), void>::type internal::gemvx::kernel<int, int, __nv_bfloat16, __nv_bfloat16, __nv_bfloat16, float, false, true, true, false, 6, false, cublasGemvParamsEx<int, cublasGemvTensorStridedBatched<__nv_bfloat16 const>, cublasGemvTensorStridedBatched<__nv_bfloat16 const>, cublasGemvTensorStridedBatched<__nv_bfloat16>, float> >(cublasGemvParamsEx<int, cublasGemvTensorStridedBatched<__nv_bfloat16 const>, cublasGemvTensorStridedBatched<__nv_bfloat16 const>, cublasGemvTensorStridedBatched<__nv_bfloat16>, float>)	/root/share/mnt164/huangrulin/c16_ai_workload/raw/C16R_olmoe-1b-7b-0125-instruct_s2-t2048-d32_decode32_nvbit1771-c16warp1_expert58-down-proj-actual-a_20260922T100810Z_fc0f3cf67edf/selector_authority/VARIANT_A_COMPLETE_STATIC_SELECTOR.tsv	1	1024
OLMOE	241	LDG.E.EF.U16	LDG.E.EF.U16 R68, [R100.64] ;	GLOBAL	LOAD	False	one dynamic warp access of this static memory operand	QUALIFIED	2	SASS opcode U16/S16 data-width suffix	mref_operand_index=0	std::enable_if<!(false), void>::type internal::gemvx::kernel<int, int, __nv_bfloat16, __nv_bfloat16, __nv_bfloat16, float, false, true, true, false, 6, false, cublasGemvParamsEx<int, cublasGemvTensorStridedBatched<__nv_bfloat16 const>, cublasGemvTensorStridedBatched<__nv_bfloat16 const>, cublasGemvTensorStridedBatched<__nv_bfloat16>, float> >(cublasGemvParamsEx<int, cublasGemvTensorStridedBatched<__nv_bfloat16 const>, cublasGemvTensorStridedBatched<__nv_bfloat16 const>, cublasGemvTensorStridedBatched<__nv_bfloat16>, float>)	/root/share/mnt164/huangrulin/c16_ai_workload/raw/C16R_olmoe-1b-7b-0125-instruct_s2-t2048-d32_decode32_nvbit1771-c16warp1_expert58-down-proj-actual-a_20260922T100810Z_fc0f3cf67edf/selector_authority/VARIANT_A_COMPLETE_STATIC_SELECTOR.tsv	1	1024
OLMOE	243	LDG.E.U16.STRONG.SM	LDG.E.U16.STRONG.SM R69, [R76.64] ;	GLOBAL	LOAD	False	one dynamic warp access of this static memory operand	QUALIFIED	2	SASS opcode U16/S16 data-width suffix	mref_operand_index=0	std::enable_if<!(false), void>::type internal::gemvx::kernel<int, int, __nv_bfloat16, __nv_bfloat16, __nv_bfloat16, float, false, true, true, false, 6, false, cublasGemvParamsEx<int, cublasGemvTensorStridedBatched<__nv_bfloat16 const>, cublasGemvTensorStridedBatched<__nv_bfloat16 const>, cublasGemvTensorStridedBatched<__nv_bfloat16>, float> >(cublasGemvParamsEx<int, cublasGemvTensorStridedBatched<__nv_bfloat16 const>, cublasGemvTensorStridedBatched<__nv_bfloat16 const>, cublasGemvTensorStridedBatched<__nv_bfloat16>, float>)	/root/share/mnt164/huangrulin/c16_ai_workload/raw/C16R_olmoe-1b-7b-0125-instruct_s2-t2048-d32_decode32_nvbit1771-c16warp1_expert58-down-proj-actual-a_20260922T100810Z_fc0f3cf67edf/selector_authority/VARIANT_A_COMPLETE_STATIC_SELECTOR.tsv	1	1024
OLMOE	245	LDG.E.EF.U16	LDG.E.EF.U16 R70, [R102.64] ;	GLOBAL	LOAD	False	one dynamic warp access of this static memory operand	QUALIFIED	2	SASS opcode U16/S16 data-width suffix	mref_operand_index=0	std::enable_if<!(false), void>::type internal::gemvx::kernel<int, int, __nv_bfloat16, __nv_bfloat16, __nv_bfloat16, float, false, true, true, false, 6, false, cublasGemvParamsEx<int, cublasGemvTensorStridedBatched<__nv_bfloat16 const>, cublasGemvTensorStridedBatched<__nv_bfloat16 const>, cublasGemvTensorStridedBatched<__nv_bfloat16>, float> >(cublasGemvParamsEx<int, cublasGemvTensorStridedBatched<__nv_bfloat16 const>, cublasGemvTensorStridedBatched<__nv_bfloat16 const>, cublasGemvTensorStridedBatched<__nv_bfloat16>, float>)	/root/share/mnt164/huangrulin/c16_ai_workload/raw/C16R_olmoe-1b-7b-0125-instruct_s2-t2048-d32_decode32_nvbit1771-c16warp1_expert58-down-proj-actual-a_20260922T100810Z_fc0f3cf67edf/selector_authority/VARIANT_A_COMPLETE_STATIC_SELECTOR.tsv	1	1024
OLMOE	247	LDG.E.U16.STRONG.SM	LDG.E.U16.STRONG.SM R71, [R78.64] ;	GLOBAL	LOAD	False	one dynamic warp access of this static memory operand	QUALIFIED	2	SASS opcode U16/S16 data-width suffix	mref_operand_index=0	std::enable_if<!(false), void>::type internal::gemvx::kernel<int, int, __nv_bfloat16, __nv_bfloat16, __nv_bfloat16, float, false, true, true, false, 6, false, cublasGemvParamsEx<int, cublasGemvTensorStridedBatched<__nv_bfloat16 const>, cublasGemvTensorStridedBatched<__nv_bfloat16 const>, cublasGemvTensorStridedBatched<__nv_bfloat16>, float> >(cublasGemvParamsEx<int, cublasGemvTensorStridedBatched<__nv_bfloat16 const>, cublasGemvTensorStridedBatched<__nv_bfloat16 const>, cublasGemvTensorStridedBatched<__nv_bfloat16>, float>)	/root/share/mnt164/huangrulin/c16_ai_workload/raw/C16R_olmoe-1b-7b-0125-instruct_s2-t2048-d32_decode32_nvbit1771-c16warp1_expert58-down-proj-actual-a_20260922T100810Z_fc0f3cf67edf/selector_authority/VARIANT_A_COMPLETE_STATIC_SELECTOR.tsv	1	1024
OLMOE	249	LDG.E.EF.U16	LDG.E.EF.U16 R72, [R120.64] ;	GLOBAL	LOAD	False	one dynamic warp access of this static memory operand	QUALIFIED	2	SASS opcode U16/S16 data-width suffix	mref_operand_index=0	std::enable_if<!(false), void>::type internal::gemvx::kernel<int, int, __nv_bfloat16, __nv_bfloat16, __nv_bfloat16, float, false, true, true, false, 6, false, cublasGemvParamsEx<int, cublasGemvTensorStridedBatched<__nv_bfloat16 const>, cublasGemvTensorStridedBatched<__nv_bfloat16 const>, cublasGemvTensorStridedBatched<__nv_bfloat16>, float> >(cublasGemvParamsEx<int, cublasGemvTensorStridedBatched<__nv_bfloat16 const>, cublasGemvTensorStridedBatched<__nv_bfloat16 const>, cublasGemvTensorStridedBatched<__nv_bfloat16>, float>)	/root/share/mnt164/huangrulin/c16_ai_workload/raw/C16R_olmoe-1b-7b-0125-instruct_s2-t2048-d32_decode32_nvbit1771-c16warp1_expert58-down-proj-actual-a_20260922T100810Z_fc0f3cf67edf/selector_authority/VARIANT_A_COMPLETE_STATIC_SELECTOR.tsv	1	1024
OLMOE	251	LDG.E.U16.STRONG.SM	LDG.E.U16.STRONG.SM R73, [R80.64] ;	GLOBAL	LOAD	False	one dynamic warp access of this static memory operand	QUALIFIED	2	SASS opcode U16/S16 data-width suffix	mref_operand_index=0	std::enable_if<!(false), void>::type internal::gemvx::kernel<int, int, __nv_bfloat16, __nv_bfloat16, __nv_bfloat16, float, false, true, true, false, 6, false, cublasGemvParamsEx<int, cublasGemvTensorStridedBatched<__nv_bfloat16 const>, cublasGemvTensorStridedBatched<__nv_bfloat16 const>, cublasGemvTensorStridedBatched<__nv_bfloat16>, float> >(cublasGemvParamsEx<int, cublasGemvTensorStridedBatched<__nv_bfloat16 const>, cublasGemvTensorStridedBatched<__nv_bfloat16 const>, cublasGemvTensorStridedBatched<__nv_bfloat16>, float>)	/root/share/mnt164/huangrulin/c16_ai_workload/raw/C16R_olmoe-1b-7b-0125-instruct_s2-t2048-d32_decode32_nvbit1771-c16warp1_expert58-down-proj-actual-a_20260922T100810Z_fc0f3cf67edf/selector_authority/VARIANT_A_COMPLETE_STATIC_SELECTOR.tsv	1	1024
OLMOE	253	LDG.E.EF.U16	LDG.E.EF.U16 R74, [R104.64] ;	GLOBAL	LOAD	False	one dynamic warp access of this static memory operand	QUALIFIED	2	SASS opcode U16/S16 data-width suffix	mref_operand_index=0	std::enable_if<!(false), void>::type internal::gemvx::kernel<int, int, __nv_bfloat16, __nv_bfloat16, __nv_bfloat16, float, false, true, true, false, 6, false, cublasGemvParamsEx<int, cublasGemvTensorStridedBatched<__nv_bfloat16 const>, cublasGemvTensorStridedBatched<__nv_bfloat16 const>, cublasGemvTensorStridedBatched<__nv_bfloat16>, float> >(cublasGemvParamsEx<int, cublasGemvTensorStridedBatched<__nv_bfloat16 const>, cublasGemvTensorStridedBatched<__nv_bfloat16 const>, cublasGemvTensorStridedBatched<__nv_bfloat16>, float>)	/root/share/mnt164/huangrulin/c16_ai_workload/raw/C16R_olmoe-1b-7b-0125-instruct_s2-t2048-d32_decode32_nvbit1771-c16warp1_expert58-down-proj-actual-a_20260922T100810Z_fc0f3cf67edf/selector_authority/VARIANT_A_COMPLETE_STATIC_SELECTOR.tsv	1	1024
OLMOE	255	LDG.E.U16.STRONG.SM	LDG.E.U16.STRONG.SM R75, [R82.64] ;	GLOBAL	LOAD	False	one dynamic warp access of this static memory operand	QUALIFIED	2	SASS opcode U16/S16 data-width suffix	mref_operand_index=0	std::enable_if<!(false), void>::type internal::gemvx::kernel<int, int, __nv_bfloat16, __nv_bfloat16, __nv_bfloat16, float, false, true, true, false, 6, false, cublasGemvParamsEx<int, cublasGemvTensorStridedBatched<__nv_bfloat16 const>, cublasGemvTensorStridedBatched<__nv_bfloat16 const>, cublasGemvTensorStridedBatched<__nv_bfloat16>, float> >(cublasGemvParamsEx<int, cublasGemvTensorStridedBatched<__nv_bfloat16 const>, cublasGemvTensorStridedBatched<__nv_bfloat16 const>, cublasGemvTensorStridedBatched<__nv_bfloat16>, float>)	/root/share/mnt164/huangrulin/c16_ai_workload/raw/C16R_olmoe-1b-7b-0125-instruct_s2-t2048-d32_decode32_nvbit1771-c16warp1_expert58-down-proj-actual-a_20260922T100810Z_fc0f3cf67edf/selector_authority/VARIANT_A_COMPLETE_STATIC_SELECTOR.tsv	1	1024
OLMOE	257	LDG.E.EF.U16	LDG.E.EF.U16 R76, [R106.64] ;	GLOBAL	LOAD	False	one dynamic warp access of this static memory operand	QUALIFIED	2	SASS opcode U16/S16 data-width suffix	mref_operand_index=0	std::enable_if<!(false), void>::type internal::gemvx::kernel<int, int, __nv_bfloat16, __nv_bfloat16, __nv_bfloat16, float, false, true, true, false, 6, false, cublasGemvParamsEx<int, cublasGemvTensorStridedBatched<__nv_bfloat16 const>, cublasGemvTensorStridedBatched<__nv_bfloat16 const>, cublasGemvTensorStridedBatched<__nv_bfloat16>, float> >(cublasGemvParamsEx<int, cublasGemvTensorStridedBatched<__nv_bfloat16 const>, cublasGemvTensorStridedBatched<__nv_bfloat16 const>, cublasGemvTensorStridedBatched<__nv_bfloat16>, float>)	/root/share/mnt164/huangrulin/c16_ai_workload/raw/C16R_olmoe-1b-7b-0125-instruct_s2-t2048-d32_decode32_nvbit1771-c16warp1_expert58-down-proj-actual-a_20260922T100810Z_fc0f3cf67edf/selector_authority/VARIANT_A_COMPLETE_STATIC_SELECTOR.tsv	1	1024
OLMOE	259	LDG.E.U16.STRONG.SM	LDG.E.U16.STRONG.SM R77, [R84.64] ;	GLOBAL	LOAD	False	one dynamic warp access of this static memory operand	QUALIFIED	2	SASS opcode U16/S16 data-width suffix	mref_operand_index=0	std::enable_if<!(false), void>::type internal::gemvx::kernel<int, int, __nv_bfloat16, __nv_bfloat16, __nv_bfloat16, float, false, true, true, false, 6, false, cublasGemvParamsEx<int, cublasGemvTensorStridedBatched<__nv_bfloat16 const>, cublasGemvTensorStridedBatched<__nv_bfloat16 const>, cublasGemvTensorStridedBatched<__nv_bfloat16>, float> >(cublasGemvParamsEx<int, cublasGemvTensorStridedBatched<__nv_bfloat16 const>, cublasGemvTensorStridedBatched<__nv_bfloat16 const>, cublasGemvTensorStridedBatched<__nv_bfloat16>, float>)	/root/share/mnt164/huangrulin/c16_ai_workload/raw/C16R_olmoe-1b-7b-0125-instruct_s2-t2048-d32_decode32_nvbit1771-c16warp1_expert58-down-proj-actual-a_20260922T100810Z_fc0f3cf67edf/selector_authority/VARIANT_A_COMPLETE_STATIC_SELECTOR.tsv	1	1024
OLMOE	261	LDG.E.EF.U16	LDG.E.EF.U16 R78, [R122.64] ;	GLOBAL	LOAD	False	one dynamic warp access of this static memory operand	QUALIFIED	2	SASS opcode U16/S16 data-width suffix	mref_operand_index=0	std::enable_if<!(false), void>::type internal::gemvx::kernel<int, int, __nv_bfloat16, __nv_bfloat16, __nv_bfloat16, float, false, true, true, false, 6, false, cublasGemvParamsEx<int, cublasGemvTensorStridedBatched<__nv_bfloat16 const>, cublasGemvTensorStridedBatched<__nv_bfloat16 const>, cublasGemvTensorStridedBatched<__nv_bfloat16>, float> >(cublasGemvParamsEx<int, cublasGemvTensorStridedBatched<__nv_bfloat16 const>, cublasGemvTensorStridedBatched<__nv_bfloat16 const>, cublasGemvTensorStridedBatched<__nv_bfloat16>, float>)	/root/share/mnt164/huangrulin/c16_ai_workload/raw/C16R_olmoe-1b-7b-0125-instruct_s2-t2048-d32_decode32_nvbit1771-c16warp1_expert58-down-proj-actual-a_20260922T100810Z_fc0f3cf67edf/selector_authority/VARIANT_A_COMPLETE_STATIC_SELECTOR.tsv	1	1024
OLMOE	263	LDG.E.U16.STRONG.SM	LDG.E.U16.STRONG.SM R79, [R86.64] ;	GLOBAL	LOAD	False	one dynamic warp access of this static memory operand	QUALIFIED	2	SASS opcode U16/S16 data-width suffix	mref_operand_index=0	std::enable_if<!(false), void>::type internal::gemvx::kernel<int, int, __nv_bfloat16, __nv_bfloat16, __nv_bfloat16, float, false, true, true, false, 6, false, cublasGemvParamsEx<int, cublasGemvTensorStridedBatched<__nv_bfloat16 const>, cublasGemvTensorStridedBatched<__nv_bfloat16 const>, cublasGemvTensorStridedBatched<__nv_bfloat16>, float> >(cublasGemvParamsEx<int, cublasGemvTensorStridedBatched<__nv_bfloat16 const>, cublasGemvTensorStridedBatched<__nv_bfloat16 const>, cublasGemvTensorStridedBatched<__nv_bfloat16>, float>)	/root/share/mnt164/huangrulin/c16_ai_workload/raw/C16R_olmoe-1b-7b-0125-instruct_s2-t2048-d32_decode32_nvbit1771-c16warp1_expert58-down-proj-actual-a_20260922T100810Z_fc0f3cf67edf/selector_authority/VARIANT_A_COMPLETE_STATIC_SELECTOR.tsv	1	1024
OLMOE	265	LDG.E.EF.U16	LDG.E.EF.U16 R80, [R108.64] ;	GLOBAL	LOAD	False	one dynamic warp access of this static memory operand	QUALIFIED	2	SASS opcode U16/S16 data-width suffix	mref_operand_index=0	std::enable_if<!(false), void>::type internal::gemvx::kernel<int, int, __nv_bfloat16, __nv_bfloat16, __nv_bfloat16, float, false, true, true, false, 6, false, cublasGemvParamsEx<int, cublasGemvTensorStridedBatched<__nv_bfloat16 const>, cublasGemvTensorStridedBatched<__nv_bfloat16 const>, cublasGemvTensorStridedBatched<__nv_bfloat16>, float> >(cublasGemvParamsEx<int, cublasGemvTensorStridedBatched<__nv_bfloat16 const>, cublasGemvTensorStridedBatched<__nv_bfloat16 const>, cublasGemvTensorStridedBatched<__nv_bfloat16>, float>)	/root/share/mnt164/huangrulin/c16_ai_workload/raw/C16R_olmoe-1b-7b-0125-instruct_s2-t2048-d32_decode32_nvbit1771-c16warp1_expert58-down-proj-actual-a_20260922T100810Z_fc0f3cf67edf/selector_authority/VARIANT_A_COMPLETE_STATIC_SELECTOR.tsv	1	1024
OLMOE	267	LDG.E.U16.STRONG.SM	LDG.E.U16.STRONG.SM R81, [R88.64] ;	GLOBAL	LOAD	False	one dynamic warp access of this static memory operand	QUALIFIED	2	SASS opcode U16/S16 data-width suffix	mref_operand_index=0	std::enable_if<!(false), void>::type internal::gemvx::kernel<int, int, __nv_bfloat16, __nv_bfloat16, __nv_bfloat16, float, false, true, true, false, 6, false, cublasGemvParamsEx<int, cublasGemvTensorStridedBatched<__nv_bfloat16 const>, cublasGemvTensorStridedBatched<__nv_bfloat16 const>, cublasGemvTensorStridedBatched<__nv_bfloat16>, float> >(cublasGemvParamsEx<int, cublasGemvTensorStridedBatched<__nv_bfloat16 const>, cublasGemvTensorStridedBatched<__nv_bfloat16 const>, cublasGemvTensorStridedBatched<__nv_bfloat16>, float>)	/root/share/mnt164/huangrulin/c16_ai_workload/raw/C16R_olmoe-1b-7b-0125-instruct_s2-t2048-d32_decode32_nvbit1771-c16warp1_expert58-down-proj-actual-a_20260922T100810Z_fc0f3cf67edf/selector_authority/VARIANT_A_COMPLETE_STATIC_SELECTOR.tsv	1	1024
OLMOE	269	LDG.E.EF.U16	LDG.E.EF.U16 R82, [R110.64] ;	GLOBAL	LOAD	False	one dynamic warp access of this static memory operand	QUALIFIED	2	SASS opcode U16/S16 data-width suffix	mref_operand_index=0	std::enable_if<!(false), void>::type internal::gemvx::kernel<int, int, __nv_bfloat16, __nv_bfloat16, __nv_bfloat16, float, false, true, true, false, 6, false, cublasGemvParamsEx<int, cublasGemvTensorStridedBatched<__nv_bfloat16 const>, cublasGemvTensorStridedBatched<__nv_bfloat16 const>, cublasGemvTensorStridedBatched<__nv_bfloat16>, float> >(cublasGemvParamsEx<int, cublasGemvTensorStridedBatched<__nv_bfloat16 const>, cublasGemvTensorStridedBatched<__nv_bfloat16 const>, cublasGemvTensorStridedBatched<__nv_bfloat16>, float>)	/root/share/mnt164/huangrulin/c16_ai_workload/raw/C16R_olmoe-1b-7b-0125-instruct_s2-t2048-d32_decode32_nvbit1771-c16warp1_expert58-down-proj-actual-a_20260922T100810Z_fc0f3cf67edf/selector_authority/VARIANT_A_COMPLETE_STATIC_SELECTOR.tsv	1	1024
OLMOE	271	LDG.E.U16.STRONG.SM	LDG.E.U16.STRONG.SM R83, [R90.64] ;	GLOBAL	LOAD	False	one dynamic warp access of this static memory operand	QUALIFIED	2	SASS opcode U16/S16 data-width suffix	mref_operand_index=0	std::enable_if<!(false), void>::type internal::gemvx::kernel<int, int, __nv_bfloat16, __nv_bfloat16, __nv_bfloat16, float, false, true, true, false, 6, false, cublasGemvParamsEx<int, cublasGemvTensorStridedBatched<__nv_bfloat16 const>, cublasGemvTensorStridedBatched<__nv_bfloat16 const>, cublasGemvTensorStridedBatched<__nv_bfloat16>, float> >(cublasGemvParamsEx<int, cublasGemvTensorStridedBatched<__nv_bfloat16 const>, cublasGemvTensorStridedBatched<__nv_bfloat16 const>, cublasGemvTensorStridedBatched<__nv_bfloat16>, float>)	/root/share/mnt164/huangrulin/c16_ai_workload/raw/C16R_olmoe-1b-7b-0125-instruct_s2-t2048-d32_decode32_nvbit1771-c16warp1_expert58-down-proj-actual-a_20260922T100810Z_fc0f3cf67edf/selector_authority/VARIANT_A_COMPLETE_STATIC_SELECTOR.tsv	1	1024
OLMOE	273	LDG.E.EF.U16	LDG.E.EF.U16 R84, [R148.64] ;	GLOBAL	LOAD	False	one dynamic warp access of this static memory operand	QUALIFIED	2	SASS opcode U16/S16 data-width suffix	mref_operand_index=0	std::enable_if<!(false), void>::type internal::gemvx::kernel<int, int, __nv_bfloat16, __nv_bfloat16, __nv_bfloat16, float, false, true, true, false, 6, false, cublasGemvParamsEx<int, cublasGemvTensorStridedBatched<__nv_bfloat16 const>, cublasGemvTensorStridedBatched<__nv_bfloat16 const>, cublasGemvTensorStridedBatched<__nv_bfloat16>, float> >(cublasGemvParamsEx<int, cublasGemvTensorStridedBatched<__nv_bfloat16 const>, cublasGemvTensorStridedBatched<__nv_bfloat16 const>, cublasGemvTensorStridedBatched<__nv_bfloat16>, float>)	/root/share/mnt164/huangrulin/c16_ai_workload/raw/C16R_olmoe-1b-7b-0125-instruct_s2-t2048-d32_decode32_nvbit1771-c16warp1_expert58-down-proj-actual-a_20260922T100810Z_fc0f3cf67edf/selector_authority/VARIANT_A_COMPLETE_STATIC_SELECTOR.tsv	1	1024
OLMOE	275	LDG.E.U16.STRONG.SM	LDG.E.U16.STRONG.SM R85, [R92.64] ;	GLOBAL	LOAD	False	one dynamic warp access of this static memory operand	QUALIFIED	2	SASS opcode U16/S16 data-width suffix	mref_operand_index=0	std::enable_if<!(false), void>::type internal::gemvx::kernel<int, int, __nv_bfloat16, __nv_bfloat16, __nv_bfloat16, float, false, true, true, false, 6, false, cublasGemvParamsEx<int, cublasGemvTensorStridedBatched<__nv_bfloat16 const>, cublasGemvTensorStridedBatched<__nv_bfloat16 const>, cublasGemvTensorStridedBatched<__nv_bfloat16>, float> >(cublasGemvParamsEx<int, cublasGemvTensorStridedBatched<__nv_bfloat16 const>, cublasGemvTensorStridedBatched<__nv_bfloat16 const>, cublasGemvTensorStridedBatched<__nv_bfloat16>, float>)	/root/share/mnt164/huangrulin/c16_ai_workload/raw/C16R_olmoe-1b-7b-0125-instruct_s2-t2048-d32_decode32_nvbit1771-c16warp1_expert58-down-proj-actual-a_20260922T100810Z_fc0f3cf67edf/selector_authority/VARIANT_A_COMPLETE_STATIC_SELECTOR.tsv	1	1024
OLMOE	277	LDG.E.EF.U16	LDG.E.EF.U16 R86, [R112.64] ;	GLOBAL	LOAD	False	one dynamic warp access of this static memory operand	QUALIFIED	2	SASS opcode U16/S16 data-width suffix	mref_operand_index=0	std::enable_if<!(false), void>::type internal::gemvx::kernel<int, int, __nv_bfloat16, __nv_bfloat16, __nv_bfloat16, float, false, true, true, false, 6, false, cublasGemvParamsEx<int, cublasGemvTensorStridedBatched<__nv_bfloat16 const>, cublasGemvTensorStridedBatched<__nv_bfloat16 const>, cublasGemvTensorStridedBatched<__nv_bfloat16>, float> >(cublasGemvParamsEx<int, cublasGemvTensorStridedBatched<__nv_bfloat16 const>, cublasGemvTensorStridedBatched<__nv_bfloat16 const>, cublasGemvTensorStridedBatched<__nv_bfloat16>, float>)	/root/share/mnt164/huangrulin/c16_ai_workload/raw/C16R_olmoe-1b-7b-0125-instruct_s2-t2048-d32_decode32_nvbit1771-c16warp1_expert58-down-proj-actual-a_20260922T100810Z_fc0f3cf67edf/selector_authority/VARIANT_A_COMPLETE_STATIC_SELECTOR.tsv	1	1024
OLMOE	279	LDG.E.U16.STRONG.SM	LDG.E.U16.STRONG.SM R87, [R94.64] ;	GLOBAL	LOAD	False	one dynamic warp access of this static memory operand	QUALIFIED	2	SASS opcode U16/S16 data-width suffix	mref_operand_index=0	std::enable_if<!(false), void>::type internal::gemvx::kernel<int, int, __nv_bfloat16, __nv_bfloat16, __nv_bfloat16, float, false, true, true, false, 6, false, cublasGemvParamsEx<int, cublasGemvTensorStridedBatched<__nv_bfloat16 const>, cublasGemvTensorStridedBatched<__nv_bfloat16 const>, cublasGemvTensorStridedBatched<__nv_bfloat16>, float> >(cublasGemvParamsEx<int, cublasGemvTensorStridedBatched<__nv_bfloat16 const>, cublasGemvTensorStridedBatched<__nv_bfloat16 const>, cublasGemvTensorStridedBatched<__nv_bfloat16>, float>)	/root/share/mnt164/huangrulin/c16_ai_workload/raw/C16R_olmoe-1b-7b-0125-instruct_s2-t2048-d32_decode32_nvbit1771-c16warp1_expert58-down-proj-actual-a_20260922T100810Z_fc0f3cf67edf/selector_authority/VARIANT_A_COMPLETE_STATIC_SELECTOR.tsv	1	1024
OLMOE	281	LDG.E.EF.U16	LDG.E.EF.U16 R88, [R114.64] ;	GLOBAL	LOAD	False	one dynamic warp access of this static memory operand	QUALIFIED	2	SASS opcode U16/S16 data-width suffix	mref_operand_index=0	std::enable_if<!(false), void>::type internal::gemvx::kernel<int, int, __nv_bfloat16, __nv_bfloat16, __nv_bfloat16, float, false, true, true, false, 6, false, cublasGemvParamsEx<int, cublasGemvTensorStridedBatched<__nv_bfloat16 const>, cublasGemvTensorStridedBatched<__nv_bfloat16 const>, cublasGemvTensorStridedBatched<__nv_bfloat16>, float> >(cublasGemvParamsEx<int, cublasGemvTensorStridedBatched<__nv_bfloat16 const>, cublasGemvTensorStridedBatched<__nv_bfloat16 const>, cublasGemvTensorStridedBatched<__nv_bfloat16>, float>)	/root/share/mnt164/huangrulin/c16_ai_workload/raw/C16R_olmoe-1b-7b-0125-instruct_s2-t2048-d32_decode32_nvbit1771-c16warp1_expert58-down-proj-actual-a_20260922T100810Z_fc0f3cf67edf/selector_authority/VARIANT_A_COMPLETE_STATIC_SELECTOR.tsv	1	1024
OLMOE	283	LDG.E.U16.STRONG.SM	LDG.E.U16.STRONG.SM R89, [R96.64] ;	GLOBAL	LOAD	False	one dynamic warp access of this static memory operand	QUALIFIED	2	SASS opcode U16/S16 data-width suffix	mref_operand_index=0	std::enable_if<!(false), void>::type internal::gemvx::kernel<int, int, __nv_bfloat16, __nv_bfloat16, __nv_bfloat16, float, false, true, true, false, 6, false, cublasGemvParamsEx<int, cublasGemvTensorStridedBatched<__nv_bfloat16 const>, cublasGemvTensorStridedBatched<__nv_bfloat16 const>, cublasGemvTensorStridedBatched<__nv_bfloat16>, float> >(cublasGemvParamsEx<int, cublasGemvTensorStridedBatched<__nv_bfloat16 const>, cublasGemvTensorStridedBatched<__nv_bfloat16 const>, cublasGemvTensorStridedBatched<__nv_bfloat16>, float>)	/root/share/mnt164/huangrulin/c16_ai_workload/raw/C16R_olmoe-1b-7b-0125-instruct_s2-t2048-d32_decode32_nvbit1771-c16warp1_expert58-down-proj-actual-a_20260922T100810Z_fc0f3cf67edf/selector_authority/VARIANT_A_COMPLETE_STATIC_SELECTOR.tsv	1	1024
OLMOE	285	LDG.E.EF.U16	LDG.E.EF.U16 R90, [R154.64] ;	GLOBAL	LOAD	False	one dynamic warp access of this static memory operand	QUALIFIED	2	SASS opcode U16/S16 data-width suffix	mref_operand_index=0	std::enable_if<!(false), void>::type internal::gemvx::kernel<int, int, __nv_bfloat16, __nv_bfloat16, __nv_bfloat16, float, false, true, true, false, 6, false, cublasGemvParamsEx<int, cublasGemvTensorStridedBatched<__nv_bfloat16 const>, cublasGemvTensorStridedBatched<__nv_bfloat16 const>, cublasGemvTensorStridedBatched<__nv_bfloat16>, float> >(cublasGemvParamsEx<int, cublasGemvTensorStridedBatched<__nv_bfloat16 const>, cublasGemvTensorStridedBatched<__nv_bfloat16 const>, cublasGemvTensorStridedBatched<__nv_bfloat16>, float>)	/root/share/mnt164/huangrulin/c16_ai_workload/raw/C16R_olmoe-1b-7b-0125-instruct_s2-t2048-d32_decode32_nvbit1771-c16warp1_expert58-down-proj-actual-a_20260922T100810Z_fc0f3cf67edf/selector_authority/VARIANT_A_COMPLETE_STATIC_SELECTOR.tsv	1	1024
OLMOE	287	LDG.E.U16.STRONG.SM	LDG.E.U16.STRONG.SM R91, [R98.64] ;	GLOBAL	LOAD	False	one dynamic warp access of this static memory operand	QUALIFIED	2	SASS opcode U16/S16 data-width suffix	mref_operand_index=0	std::enable_if<!(false), void>::type internal::gemvx::kernel<int, int, __nv_bfloat16, __nv_bfloat16, __nv_bfloat16, float, false, true, true, false, 6, false, cublasGemvParamsEx<int, cublasGemvTensorStridedBatched<__nv_bfloat16 const>, cublasGemvTensorStridedBatched<__nv_bfloat16 const>, cublasGemvTensorStridedBatched<__nv_bfloat16>, float> >(cublasGemvParamsEx<int, cublasGemvTensorStridedBatched<__nv_bfloat16 const>, cublasGemvTensorStridedBatched<__nv_bfloat16 const>, cublasGemvTensorStridedBatched<__nv_bfloat16>, float>)	/root/share/mnt164/huangrulin/c16_ai_workload/raw/C16R_olmoe-1b-7b-0125-instruct_s2-t2048-d32_decode32_nvbit1771-c16warp1_expert58-down-proj-actual-a_20260922T100810Z_fc0f3cf67edf/selector_authority/VARIANT_A_COMPLETE_STATIC_SELECTOR.tsv	1	1024
OLMOE	289	LDG.E.EF.U16	LDG.E.EF.U16 R92, [R116.64] ;	GLOBAL	LOAD	False	one dynamic warp access of this static memory operand	QUALIFIED	2	SASS opcode U16/S16 data-width suffix	mref_operand_index=0	std::enable_if<!(false), void>::type internal::gemvx::kernel<int, int, __nv_bfloat16, __nv_bfloat16, __nv_bfloat16, float, false, true, true, false, 6, false, cublasGemvParamsEx<int, cublasGemvTensorStridedBatched<__nv_bfloat16 const>, cublasGemvTensorStridedBatched<__nv_bfloat16 const>, cublasGemvTensorStridedBatched<__nv_bfloat16>, float> >(cublasGemvParamsEx<int, cublasGemvTensorStridedBatched<__nv_bfloat16 const>, cublasGemvTensorStridedBatched<__nv_bfloat16 const>, cublasGemvTensorStridedBatched<__nv_bfloat16>, float>)	/root/share/mnt164/huangrulin/c16_ai_workload/raw/C16R_olmoe-1b-7b-0125-instruct_s2-t2048-d32_decode32_nvbit1771-c16warp1_expert58-down-proj-actual-a_20260922T100810Z_fc0f3cf67edf/selector_authority/VARIANT_A_COMPLETE_STATIC_SELECTOR.tsv	1	1024
OLMOE	291	LDG.E.U16.STRONG.SM	LDG.E.U16.STRONG.SM R93, [R100.64] ;	GLOBAL	LOAD	False	one dynamic warp access of this static memory operand	QUALIFIED	2	SASS opcode U16/S16 data-width suffix	mref_operand_index=0	std::enable_if<!(false), void>::type internal::gemvx::kernel<int, int, __nv_bfloat16, __nv_bfloat16, __nv_bfloat16, float, false, true, true, false, 6, false, cublasGemvParamsEx<int, cublasGemvTensorStridedBatched<__nv_bfloat16 const>, cublasGemvTensorStridedBatched<__nv_bfloat16 const>, cublasGemvTensorStridedBatched<__nv_bfloat16>, float> >(cublasGemvParamsEx<int, cublasGemvTensorStridedBatched<__nv_bfloat16 const>, cublasGemvTensorStridedBatched<__nv_bfloat16 const>, cublasGemvTensorStridedBatched<__nv_bfloat16>, float>)	/root/share/mnt164/huangrulin/c16_ai_workload/raw/C16R_olmoe-1b-7b-0125-instruct_s2-t2048-d32_decode32_nvbit1771-c16warp1_expert58-down-proj-actual-a_20260922T100810Z_fc0f3cf67edf/selector_authority/VARIANT_A_COMPLETE_STATIC_SELECTOR.tsv	1	1024
OLMOE	293	LDG.E.EF.U16	LDG.E.EF.U16 R94, [R118.64] ;	GLOBAL	LOAD	False	one dynamic warp access of this static memory operand	QUALIFIED	2	SASS opcode U16/S16 data-width suffix	mref_operand_index=0	std::enable_if<!(false), void>::type internal::gemvx::kernel<int, int, __nv_bfloat16, __nv_bfloat16, __nv_bfloat16, float, false, true, true, false, 6, false, cublasGemvParamsEx<int, cublasGemvTensorStridedBatched<__nv_bfloat16 const>, cublasGemvTensorStridedBatched<__nv_bfloat16 const>, cublasGemvTensorStridedBatched<__nv_bfloat16>, float> >(cublasGemvParamsEx<int, cublasGemvTensorStridedBatched<__nv_bfloat16 const>, cublasGemvTensorStridedBatched<__nv_bfloat16 const>, cublasGemvTensorStridedBatched<__nv_bfloat16>, float>)	/root/share/mnt164/huangrulin/c16_ai_workload/raw/C16R_olmoe-1b-7b-0125-instruct_s2-t2048-d32_decode32_nvbit1771-c16warp1_expert58-down-proj-actual-a_20260922T100810Z_fc0f3cf67edf/selector_authority/VARIANT_A_COMPLETE_STATIC_SELECTOR.tsv	1	1024
OLMOE	295	LDG.E.U16.STRONG.SM	LDG.E.U16.STRONG.SM R95, [R102.64] ;	GLOBAL	LOAD	False	one dynamic warp access of this static memory operand	QUALIFIED	2	SASS opcode U16/S16 data-width suffix	mref_operand_index=0	std::enable_if<!(false), void>::type internal::gemvx::kernel<int, int, __nv_bfloat16, __nv_bfloat16, __nv_bfloat16, float, false, true, true, false, 6, false, cublasGemvParamsEx<int, cublasGemvTensorStridedBatched<__nv_bfloat16 const>, cublasGemvTensorStridedBatched<__nv_bfloat16 const>, cublasGemvTensorStridedBatched<__nv_bfloat16>, float> >(cublasGemvParamsEx<int, cublasGemvTensorStridedBatched<__nv_bfloat16 const>, cublasGemvTensorStridedBatched<__nv_bfloat16 const>, cublasGemvTensorStridedBatched<__nv_bfloat16>, float>)	/root/share/mnt164/huangrulin/c16_ai_workload/raw/C16R_olmoe-1b-7b-0125-instruct_s2-t2048-d32_decode32_nvbit1771-c16warp1_expert58-down-proj-actual-a_20260922T100810Z_fc0f3cf67edf/selector_authority/VARIANT_A_COMPLETE_STATIC_SELECTOR.tsv	1	1024
OLMOE	297	LDG.E.EF.U16	LDG.E.EF.U16 R96, [R152.64] ;	GLOBAL	LOAD	False	one dynamic warp access of this static memory operand	QUALIFIED	2	SASS opcode U16/S16 data-width suffix	mref_operand_index=0	std::enable_if<!(false), void>::type internal::gemvx::kernel<int, int, __nv_bfloat16, __nv_bfloat16, __nv_bfloat16, float, false, true, true, false, 6, false, cublasGemvParamsEx<int, cublasGemvTensorStridedBatched<__nv_bfloat16 const>, cublasGemvTensorStridedBatched<__nv_bfloat16 const>, cublasGemvTensorStridedBatched<__nv_bfloat16>, float> >(cublasGemvParamsEx<int, cublasGemvTensorStridedBatched<__nv_bfloat16 const>, cublasGemvTensorStridedBatched<__nv_bfloat16 const>, cublasGemvTensorStridedBatched<__nv_bfloat16>, float>)	/root/share/mnt164/huangrulin/c16_ai_workload/raw/C16R_olmoe-1b-7b-0125-instruct_s2-t2048-d32_decode32_nvbit1771-c16warp1_expert58-down-proj-actual-a_20260922T100810Z_fc0f3cf67edf/selector_authority/VARIANT_A_COMPLETE_STATIC_SELECTOR.tsv	1	1024
OLMOE	299	LDG.E.U16.STRONG.SM	LDG.E.U16.STRONG.SM R97, [R104.64] ;	GLOBAL	LOAD	False	one dynamic warp access of this static memory operand	QUALIFIED	2	SASS opcode U16/S16 data-width suffix	mref_operand_index=0	std::enable_if<!(false), void>::type internal::gemvx::kernel<int, int, __nv_bfloat16, __nv_bfloat16, __nv_bfloat16, float, false, true, true, false, 6, false, cublasGemvParamsEx<int, cublasGemvTensorStridedBatched<__nv_bfloat16 const>, cublasGemvTensorStridedBatched<__nv_bfloat16 const>, cublasGemvTensorStridedBatched<__nv_bfloat16>, float> >(cublasGemvParamsEx<int, cublasGemvTensorStridedBatched<__nv_bfloat16 const>, cublasGemvTensorStridedBatched<__nv_bfloat16 const>, cublasGemvTensorStridedBatched<__nv_bfloat16>, float>)	/root/share/mnt164/huangrulin/c16_ai_workload/raw/C16R_olmoe-1b-7b-0125-instruct_s2-t2048-d32_decode32_nvbit1771-c16warp1_expert58-down-proj-actual-a_20260922T100810Z_fc0f3cf67edf/selector_authority/VARIANT_A_COMPLETE_STATIC_SELECTOR.tsv	1	1024
OLMOE	301	LDG.E.EF.U16	LDG.E.EF.U16 R98, [R120.64] ;	GLOBAL	LOAD	False	one dynamic warp access of this static memory operand	QUALIFIED	2	SASS opcode U16/S16 data-width suffix	mref_operand_index=0	std::enable_if<!(false), void>::type internal::gemvx::kernel<int, int, __nv_bfloat16, __nv_bfloat16, __nv_bfloat16, float, false, true, true, false, 6, false, cublasGemvParamsEx<int, cublasGemvTensorStridedBatched<__nv_bfloat16 const>, cublasGemvTensorStridedBatched<__nv_bfloat16 const>, cublasGemvTensorStridedBatched<__nv_bfloat16>, float> >(cublasGemvParamsEx<int, cublasGemvTensorStridedBatched<__nv_bfloat16 const>, cublasGemvTensorStridedBatched<__nv_bfloat16 const>, cublasGemvTensorStridedBatched<__nv_bfloat16>, float>)	/root/share/mnt164/huangrulin/c16_ai_workload/raw/C16R_olmoe-1b-7b-0125-instruct_s2-t2048-d32_decode32_nvbit1771-c16warp1_expert58-down-proj-actual-a_20260922T100810Z_fc0f3cf67edf/selector_authority/VARIANT_A_COMPLETE_STATIC_SELECTOR.tsv	1	1024
OLMOE	303	LDG.E.U16.STRONG.SM	LDG.E.U16.STRONG.SM R99, [R106.64] ;	GLOBAL	LOAD	False	one dynamic warp access of this static memory operand	QUALIFIED	2	SASS opcode U16/S16 data-width suffix	mref_operand_index=0	std::enable_if<!(false), void>::type internal::gemvx::kernel<int, int, __nv_bfloat16, __nv_bfloat16, __nv_bfloat16, float, false, true, true, false, 6, false, cublasGemvParamsEx<int, cublasGemvTensorStridedBatched<__nv_bfloat16 const>, cublasGemvTensorStridedBatched<__nv_bfloat16 const>, cublasGemvTensorStridedBatched<__nv_bfloat16>, float> >(cublasGemvParamsEx<int, cublasGemvTensorStridedBatched<__nv_bfloat16 const>, cublasGemvTensorStridedBatched<__nv_bfloat16 const>, cublasGemvTensorStridedBatched<__nv_bfloat16>, float>)	/root/share/mnt164/huangrulin/c16_ai_workload/raw/C16R_olmoe-1b-7b-0125-instruct_s2-t2048-d32_decode32_nvbit1771-c16warp1_expert58-down-proj-actual-a_20260922T100810Z_fc0f3cf67edf/selector_authority/VARIANT_A_COMPLETE_STATIC_SELECTOR.tsv	1	1024
OLMOE	305	LDG.E.EF.U16	LDG.E.EF.U16 R100, [R122.64] ;	GLOBAL	LOAD	False	one dynamic warp access of this static memory operand	QUALIFIED	2	SASS opcode U16/S16 data-width suffix	mref_operand_index=0	std::enable_if<!(false), void>::type internal::gemvx::kernel<int, int, __nv_bfloat16, __nv_bfloat16, __nv_bfloat16, float, false, true, true, false, 6, false, cublasGemvParamsEx<int, cublasGemvTensorStridedBatched<__nv_bfloat16 const>, cublasGemvTensorStridedBatched<__nv_bfloat16 const>, cublasGemvTensorStridedBatched<__nv_bfloat16>, float> >(cublasGemvParamsEx<int, cublasGemvTensorStridedBatched<__nv_bfloat16 const>, cublasGemvTensorStridedBatched<__nv_bfloat16 const>, cublasGemvTensorStridedBatched<__nv_bfloat16>, float>)	/root/share/mnt164/huangrulin/c16_ai_workload/raw/C16R_olmoe-1b-7b-0125-instruct_s2-t2048-d32_decode32_nvbit1771-c16warp1_expert58-down-proj-actual-a_20260922T100810Z_fc0f3cf67edf/selector_authority/VARIANT_A_COMPLETE_STATIC_SELECTOR.tsv	1	1024
OLMOE	307	LDG.E.U16.STRONG.SM	LDG.E.U16.STRONG.SM R101, [R108.64] ;	GLOBAL	LOAD	False	one dynamic warp access of this static memory operand	QUALIFIED	2	SASS opcode U16/S16 data-width suffix	mref_operand_index=0	std::enable_if<!(false), void>::type internal::gemvx::kernel<int, int, __nv_bfloat16, __nv_bfloat16, __nv_bfloat16, float, false, true, true, false, 6, false, cublasGemvParamsEx<int, cublasGemvTensorStridedBatched<__nv_bfloat16 const>, cublasGemvTensorStridedBatched<__nv_bfloat16 const>, cublasGemvTensorStridedBatched<__nv_bfloat16>, float> >(cublasGemvParamsEx<int, cublasGemvTensorStridedBatched<__nv_bfloat16 const>, cublasGemvTensorStridedBatched<__nv_bfloat16 const>, cublasGemvTensorStridedBatched<__nv_bfloat16>, float>)	/root/share/mnt164/huangrulin/c16_ai_workload/raw/C16R_olmoe-1b-7b-0125-instruct_s2-t2048-d32_decode32_nvbit1771-c16warp1_expert58-down-proj-actual-a_20260922T100810Z_fc0f3cf67edf/selector_authority/VARIANT_A_COMPLETE_STATIC_SELECTOR.tsv	1	1024
OLMOE	309	LDG.E.EF.U16	LDG.E.EF.U16 R102, [R150.64] ;	GLOBAL	LOAD	False	one dynamic warp access of this static memory operand	QUALIFIED	2	SASS opcode U16/S16 data-width suffix	mref_operand_index=0	std::enable_if<!(false), void>::type internal::gemvx::kernel<int, int, __nv_bfloat16, __nv_bfloat16, __nv_bfloat16, float, false, true, true, false, 6, false, cublasGemvParamsEx<int, cublasGemvTensorStridedBatched<__nv_bfloat16 const>, cublasGemvTensorStridedBatched<__nv_bfloat16 const>, cublasGemvTensorStridedBatched<__nv_bfloat16>, float> >(cublasGemvParamsEx<int, cublasGemvTensorStridedBatched<__nv_bfloat16 const>, cublasGemvTensorStridedBatched<__nv_bfloat16 const>, cublasGemvTensorStridedBatched<__nv_bfloat16>, float>)	/root/share/mnt164/huangrulin/c16_ai_workload/raw/C16R_olmoe-1b-7b-0125-instruct_s2-t2048-d32_decode32_nvbit1771-c16warp1_expert58-down-proj-actual-a_20260922T100810Z_fc0f3cf67edf/selector_authority/VARIANT_A_COMPLETE_STATIC_SELECTOR.tsv	1	1024
OLMOE	311	LDG.E.U16.STRONG.SM	LDG.E.U16.STRONG.SM R103, [R110.64] ;	GLOBAL	LOAD	False	one dynamic warp access of this static memory operand	QUALIFIED	2	SASS opcode U16/S16 data-width suffix	mref_operand_index=0	std::enable_if<!(false), void>::type internal::gemvx::kernel<int, int, __nv_bfloat16, __nv_bfloat16, __nv_bfloat16, float, false, true, true, false, 6, false, cublasGemvParamsEx<int, cublasGemvTensorStridedBatched<__nv_bfloat16 const>, cublasGemvTensorStridedBatched<__nv_bfloat16 const>, cublasGemvTensorStridedBatched<__nv_bfloat16>, float> >(cublasGemvParamsEx<int, cublasGemvTensorStridedBatched<__nv_bfloat16 const>, cublasGemvTensorStridedBatched<__nv_bfloat16 const>, cublasGemvTensorStridedBatched<__nv_bfloat16>, float>)	/root/share/mnt164/huangrulin/c16_ai_workload/raw/C16R_olmoe-1b-7b-0125-instruct_s2-t2048-d32_decode32_nvbit1771-c16warp1_expert58-down-proj-actual-a_20260922T100810Z_fc0f3cf67edf/selector_authority/VARIANT_A_COMPLETE_STATIC_SELECTOR.tsv	1	1024
OLMOE	313	LDG.E.EF.U16	LDG.E.EF.U16 R104, [R148.64] ;	GLOBAL	LOAD	False	one dynamic warp access of this static memory operand	QUALIFIED	2	SASS opcode U16/S16 data-width suffix	mref_operand_index=0	std::enable_if<!(false), void>::type internal::gemvx::kernel<int, int, __nv_bfloat16, __nv_bfloat16, __nv_bfloat16, float, false, true, true, false, 6, false, cublasGemvParamsEx<int, cublasGemvTensorStridedBatched<__nv_bfloat16 const>, cublasGemvTensorStridedBatched<__nv_bfloat16 const>, cublasGemvTensorStridedBatched<__nv_bfloat16>, float> >(cublasGemvParamsEx<int, cublasGemvTensorStridedBatched<__nv_bfloat16 const>, cublasGemvTensorStridedBatched<__nv_bfloat16 const>, cublasGemvTensorStridedBatched<__nv_bfloat16>, float>)	/root/share/mnt164/huangrulin/c16_ai_workload/raw/C16R_olmoe-1b-7b-0125-instruct_s2-t2048-d32_decode32_nvbit1771-c16warp1_expert58-down-proj-actual-a_20260922T100810Z_fc0f3cf67edf/selector_authority/VARIANT_A_COMPLETE_STATIC_SELECTOR.tsv	1	1024
OLMOE	315	LDG.E.U16.STRONG.SM	LDG.E.U16.STRONG.SM R105, [R112.64] ;	GLOBAL	LOAD	False	one dynamic warp access of this static memory operand	QUALIFIED	2	SASS opcode U16/S16 data-width suffix	mref_operand_index=0	std::enable_if<!(false), void>::type internal::gemvx::kernel<int, int, __nv_bfloat16, __nv_bfloat16, __nv_bfloat16, float, false, true, true, false, 6, false, cublasGemvParamsEx<int, cublasGemvTensorStridedBatched<__nv_bfloat16 const>, cublasGemvTensorStridedBatched<__nv_bfloat16 const>, cublasGemvTensorStridedBatched<__nv_bfloat16>, float> >(cublasGemvParamsEx<int, cublasGemvTensorStridedBatched<__nv_bfloat16 const>, cublasGemvTensorStridedBatched<__nv_bfloat16 const>, cublasGemvTensorStridedBatched<__nv_bfloat16>, float>)	/root/share/mnt164/huangrulin/c16_ai_workload/raw/C16R_olmoe-1b-7b-0125-instruct_s2-t2048-d32_decode32_nvbit1771-c16warp1_expert58-down-proj-actual-a_20260922T100810Z_fc0f3cf67edf/selector_authority/VARIANT_A_COMPLETE_STATIC_SELECTOR.tsv	1	1024
OLMOE	317	LDG.E.EF.U16	LDG.E.EF.U16 R106, [R158.64] ;	GLOBAL	LOAD	False	one dynamic warp access of this static memory operand	QUALIFIED	2	SASS opcode U16/S16 data-width suffix	mref_operand_index=0	std::enable_if<!(false), void>::type internal::gemvx::kernel<int, int, __nv_bfloat16, __nv_bfloat16, __nv_bfloat16, float, false, true, true, false, 6, false, cublasGemvParamsEx<int, cublasGemvTensorStridedBatched<__nv_bfloat16 const>, cublasGemvTensorStridedBatched<__nv_bfloat16 const>, cublasGemvTensorStridedBatched<__nv_bfloat16>, float> >(cublasGemvParamsEx<int, cublasGemvTensorStridedBatched<__nv_bfloat16 const>, cublasGemvTensorStridedBatched<__nv_bfloat16 const>, cublasGemvTensorStridedBatched<__nv_bfloat16>, float>)	/root/share/mnt164/huangrulin/c16_ai_workload/raw/C16R_olmoe-1b-7b-0125-instruct_s2-t2048-d32_decode32_nvbit1771-c16warp1_expert58-down-proj-actual-a_20260922T100810Z_fc0f3cf67edf/selector_authority/VARIANT_A_COMPLETE_STATIC_SELECTOR.tsv	1	1024
OLMOE	319	LDG.E.U16.STRONG.SM	LDG.E.U16.STRONG.SM R107, [R114.64] ;	GLOBAL	LOAD	False	one dynamic warp access of this static memory operand	QUALIFIED	2	SASS opcode U16/S16 data-width suffix	mref_operand_index=0	std::enable_if<!(false), void>::type internal::gemvx::kernel<int, int, __nv_bfloat16, __nv_bfloat16, __nv_bfloat16, float, false, true, true, false, 6, false, cublasGemvParamsEx<int, cublasGemvTensorStridedBatched<__nv_bfloat16 const>, cublasGemvTensorStridedBatched<__nv_bfloat16 const>, cublasGemvTensorStridedBatched<__nv_bfloat16>, float> >(cublasGemvParamsEx<int, cublasGemvTensorStridedBatched<__nv_bfloat16 const>, cublasGemvTensorStridedBatched<__nv_bfloat16 const>, cublasGemvTensorStridedBatched<__nv_bfloat16>, float>)	/root/share/mnt164/huangrulin/c16_ai_workload/raw/C16R_olmoe-1b-7b-0125-instruct_s2-t2048-d32_decode32_nvbit1771-c16warp1_expert58-down-proj-actual-a_20260922T100810Z_fc0f3cf67edf/selector_authority/VARIANT_A_COMPLETE_STATIC_SELECTOR.tsv	1	1024
OLMOE	321	LDG.E.EF.U16	LDG.E.EF.U16 R108, [R156.64] ;	GLOBAL	LOAD	False	one dynamic warp access of this static memory operand	QUALIFIED	2	SASS opcode U16/S16 data-width suffix	mref_operand_index=0	std::enable_if<!(false), void>::type internal::gemvx::kernel<int, int, __nv_bfloat16, __nv_bfloat16, __nv_bfloat16, float, false, true, true, false, 6, false, cublasGemvParamsEx<int, cublasGemvTensorStridedBatched<__nv_bfloat16 const>, cublasGemvTensorStridedBatched<__nv_bfloat16 const>, cublasGemvTensorStridedBatched<__nv_bfloat16>, float> >(cublasGemvParamsEx<int, cublasGemvTensorStridedBatched<__nv_bfloat16 const>, cublasGemvTensorStridedBatched<__nv_bfloat16 const>, cublasGemvTensorStridedBatched<__nv_bfloat16>, float>)	/root/share/mnt164/huangrulin/c16_ai_workload/raw/C16R_olmoe-1b-7b-0125-instruct_s2-t2048-d32_decode32_nvbit1771-c16warp1_expert58-down-proj-actual-a_20260922T100810Z_fc0f3cf67edf/selector_authority/VARIANT_A_COMPLETE_STATIC_SELECTOR.tsv	1	1024
OLMOE	323	LDG.E.U16.STRONG.SM	LDG.E.U16.STRONG.SM R109, [R116.64] ;	GLOBAL	LOAD	False	one dynamic warp access of this static memory operand	QUALIFIED	2	SASS opcode U16/S16 data-width suffix	mref_operand_index=0	std::enable_if<!(false), void>::type internal::gemvx::kernel<int, int, __nv_bfloat16, __nv_bfloat16, __nv_bfloat16, float, false, true, true, false, 6, false, cublasGemvParamsEx<int, cublasGemvTensorStridedBatched<__nv_bfloat16 const>, cublasGemvTensorStridedBatched<__nv_bfloat16 const>, cublasGemvTensorStridedBatched<__nv_bfloat16>, float> >(cublasGemvParamsEx<int, cublasGemvTensorStridedBatched<__nv_bfloat16 const>, cublasGemvTensorStridedBatched<__nv_bfloat16 const>, cublasGemvTensorStridedBatched<__nv_bfloat16>, float>)	/root/share/mnt164/huangrulin/c16_ai_workload/raw/C16R_olmoe-1b-7b-0125-instruct_s2-t2048-d32_decode32_nvbit1771-c16warp1_expert58-down-proj-actual-a_20260922T100810Z_fc0f3cf67edf/selector_authority/VARIANT_A_COMPLETE_STATIC_SELECTOR.tsv	1	1024
OLMOE	325	LDG.E.EF.U16	LDG.E.EF.U16 R110, [R154.64] ;	GLOBAL	LOAD	False	one dynamic warp access of this static memory operand	QUALIFIED	2	SASS opcode U16/S16 data-width suffix	mref_operand_index=0	std::enable_if<!(false), void>::type internal::gemvx::kernel<int, int, __nv_bfloat16, __nv_bfloat16, __nv_bfloat16, float, false, true, true, false, 6, false, cublasGemvParamsEx<int, cublasGemvTensorStridedBatched<__nv_bfloat16 const>, cublasGemvTensorStridedBatched<__nv_bfloat16 const>, cublasGemvTensorStridedBatched<__nv_bfloat16>, float> >(cublasGemvParamsEx<int, cublasGemvTensorStridedBatched<__nv_bfloat16 const>, cublasGemvTensorStridedBatched<__nv_bfloat16 const>, cublasGemvTensorStridedBatched<__nv_bfloat16>, float>)	/root/share/mnt164/huangrulin/c16_ai_workload/raw/C16R_olmoe-1b-7b-0125-instruct_s2-t2048-d32_decode32_nvbit1771-c16warp1_expert58-down-proj-actual-a_20260922T100810Z_fc0f3cf67edf/selector_authority/VARIANT_A_COMPLETE_STATIC_SELECTOR.tsv	1	1024
OLMOE	327	LDG.E.U16.STRONG.SM	LDG.E.U16.STRONG.SM R111, [R118.64] ;	GLOBAL	LOAD	False	one dynamic warp access of this static memory operand	QUALIFIED	2	SASS opcode U16/S16 data-width suffix	mref_operand_index=0	std::enable_if<!(false), void>::type internal::gemvx::kernel<int, int, __nv_bfloat16, __nv_bfloat16, __nv_bfloat16, float, false, true, true, false, 6, false, cublasGemvParamsEx<int, cublasGemvTensorStridedBatched<__nv_bfloat16 const>, cublasGemvTensorStridedBatched<__nv_bfloat16 const>, cublasGemvTensorStridedBatched<__nv_bfloat16>, float> >(cublasGemvParamsEx<int, cublasGemvTensorStridedBatched<__nv_bfloat16 const>, cublasGemvTensorStridedBatched<__nv_bfloat16 const>, cublasGemvTensorStridedBatched<__nv_bfloat16>, float>)	/root/share/mnt164/huangrulin/c16_ai_workload/raw/C16R_olmoe-1b-7b-0125-instruct_s2-t2048-d32_decode32_nvbit1771-c16warp1_expert58-down-proj-actual-a_20260922T100810Z_fc0f3cf67edf/selector_authority/VARIANT_A_COMPLETE_STATIC_SELECTOR.tsv	1	1024
OLMOE	329	LDG.E.EF.U16	LDG.E.EF.U16 R112, [R152.64] ;	GLOBAL	LOAD	False	one dynamic warp access of this static memory operand	QUALIFIED	2	SASS opcode U16/S16 data-width suffix	mref_operand_index=0	std::enable_if<!(false), void>::type internal::gemvx::kernel<int, int, __nv_bfloat16, __nv_bfloat16, __nv_bfloat16, float, false, true, true, false, 6, false, cublasGemvParamsEx<int, cublasGemvTensorStridedBatched<__nv_bfloat16 const>, cublasGemvTensorStridedBatched<__nv_bfloat16 const>, cublasGemvTensorStridedBatched<__nv_bfloat16>, float> >(cublasGemvParamsEx<int, cublasGemvTensorStridedBatched<__nv_bfloat16 const>, cublasGemvTensorStridedBatched<__nv_bfloat16 const>, cublasGemvTensorStridedBatched<__nv_bfloat16>, float>)	/root/share/mnt164/huangrulin/c16_ai_workload/raw/C16R_olmoe-1b-7b-0125-instruct_s2-t2048-d32_decode32_nvbit1771-c16warp1_expert58-down-proj-actual-a_20260922T100810Z_fc0f3cf67edf/selector_authority/VARIANT_A_COMPLETE_STATIC_SELECTOR.tsv	1	1024
OLMOE	331	LDG.E.U16.STRONG.SM	LDG.E.U16.STRONG.SM R113, [R120.64] ;	GLOBAL	LOAD	False	one dynamic warp access of this static memory operand	QUALIFIED	2	SASS opcode U16/S16 data-width suffix	mref_operand_index=0	std::enable_if<!(false), void>::type internal::gemvx::kernel<int, int, __nv_bfloat16, __nv_bfloat16, __nv_bfloat16, float, false, true, true, false, 6, false, cublasGemvParamsEx<int, cublasGemvTensorStridedBatched<__nv_bfloat16 const>, cublasGemvTensorStridedBatched<__nv_bfloat16 const>, cublasGemvTensorStridedBatched<__nv_bfloat16>, float> >(cublasGemvParamsEx<int, cublasGemvTensorStridedBatched<__nv_bfloat16 const>, cublasGemvTensorStridedBatched<__nv_bfloat16 const>, cublasGemvTensorStridedBatched<__nv_bfloat16>, float>)	/root/share/mnt164/huangrulin/c16_ai_workload/raw/C16R_olmoe-1b-7b-0125-instruct_s2-t2048-d32_decode32_nvbit1771-c16warp1_expert58-down-proj-actual-a_20260922T100810Z_fc0f3cf67edf/selector_authority/VARIANT_A_COMPLETE_STATIC_SELECTOR.tsv	1	1024
OLMOE	333	LDG.E.EF.U16	LDG.E.EF.U16 R114, [R164.64] ;	GLOBAL	LOAD	False	one dynamic warp access of this static memory operand	QUALIFIED	2	SASS opcode U16/S16 data-width suffix	mref_operand_index=0	std::enable_if<!(false), void>::type internal::gemvx::kernel<int, int, __nv_bfloat16, __nv_bfloat16, __nv_bfloat16, float, false, true, true, false, 6, false, cublasGemvParamsEx<int, cublasGemvTensorStridedBatched<__nv_bfloat16 const>, cublasGemvTensorStridedBatched<__nv_bfloat16 const>, cublasGemvTensorStridedBatched<__nv_bfloat16>, float> >(cublasGemvParamsEx<int, cublasGemvTensorStridedBatched<__nv_bfloat16 const>, cublasGemvTensorStridedBatched<__nv_bfloat16 const>, cublasGemvTensorStridedBatched<__nv_bfloat16>, float>)	/root/share/mnt164/huangrulin/c16_ai_workload/raw/C16R_olmoe-1b-7b-0125-instruct_s2-t2048-d32_decode32_nvbit1771-c16warp1_expert58-down-proj-actual-a_20260922T100810Z_fc0f3cf67edf/selector_authority/VARIANT_A_COMPLETE_STATIC_SELECTOR.tsv	1	1024
OLMOE	335	LDG.E.U16.STRONG.SM	LDG.E.U16.STRONG.SM R115, [R122.64] ;	GLOBAL	LOAD	False	one dynamic warp access of this static memory operand	QUALIFIED	2	SASS opcode U16/S16 data-width suffix	mref_operand_index=0	std::enable_if<!(false), void>::type internal::gemvx::kernel<int, int, __nv_bfloat16, __nv_bfloat16, __nv_bfloat16, float, false, true, true, false, 6, false, cublasGemvParamsEx<int, cublasGemvTensorStridedBatched<__nv_bfloat16 const>, cublasGemvTensorStridedBatched<__nv_bfloat16 const>, cublasGemvTensorStridedBatched<__nv_bfloat16>, float> >(cublasGemvParamsEx<int, cublasGemvTensorStridedBatched<__nv_bfloat16 const>, cublasGemvTensorStridedBatched<__nv_bfloat16 const>, cublasGemvTensorStridedBatched<__nv_bfloat16>, float>)	/root/share/mnt164/huangrulin/c16_ai_workload/raw/C16R_olmoe-1b-7b-0125-instruct_s2-t2048-d32_decode32_nvbit1771-c16warp1_expert58-down-proj-actual-a_20260922T100810Z_fc0f3cf67edf/selector_authority/VARIANT_A_COMPLETE_STATIC_SELECTOR.tsv	1	1024
OLMOE	337	LDG.E.EF.U16	LDG.E.EF.U16 R116, [R150.64] ;	GLOBAL	LOAD	False	one dynamic warp access of this static memory operand	QUALIFIED	2	SASS opcode U16/S16 data-width suffix	mref_operand_index=0	std::enable_if<!(false), void>::type internal::gemvx::kernel<int, int, __nv_bfloat16, __nv_bfloat16, __nv_bfloat16, float, false, true, true, false, 6, false, cublasGemvParamsEx<int, cublasGemvTensorStridedBatched<__nv_bfloat16 const>, cublasGemvTensorStridedBatched<__nv_bfloat16 const>, cublasGemvTensorStridedBatched<__nv_bfloat16>, float> >(cublasGemvParamsEx<int, cublasGemvTensorStridedBatched<__nv_bfloat16 const>, cublasGemvTensorStridedBatched<__nv_bfloat16 const>, cublasGemvTensorStridedBatched<__nv_bfloat16>, float>)	/root/share/mnt164/huangrulin/c16_ai_workload/raw/C16R_olmoe-1b-7b-0125-instruct_s2-t2048-d32_decode32_nvbit1771-c16warp1_expert58-down-proj-actual-a_20260922T100810Z_fc0f3cf67edf/selector_authority/VARIANT_A_COMPLETE_STATIC_SELECTOR.tsv	1	1024
OLMOE	339	LDG.E.U16.STRONG.SM	LDG.E.U16.STRONG.SM R117, [R148.64] ;	GLOBAL	LOAD	False	one dynamic warp access of this static memory operand	QUALIFIED	2	SASS opcode U16/S16 data-width suffix	mref_operand_index=0	std::enable_if<!(false), void>::type internal::gemvx::kernel<int, int, __nv_bfloat16, __nv_bfloat16, __nv_bfloat16, float, false, true, true, false, 6, false, cublasGemvParamsEx<int, cublasGemvTensorStridedBatched<__nv_bfloat16 const>, cublasGemvTensorStridedBatched<__nv_bfloat16 const>, cublasGemvTensorStridedBatched<__nv_bfloat16>, float> >(cublasGemvParamsEx<int, cublasGemvTensorStridedBatched<__nv_bfloat16 const>, cublasGemvTensorStridedBatched<__nv_bfloat16 const>, cublasGemvTensorStridedBatched<__nv_bfloat16>, float>)	/root/share/mnt164/huangrulin/c16_ai_workload/raw/C16R_olmoe-1b-7b-0125-instruct_s2-t2048-d32_decode32_nvbit1771-c16warp1_expert58-down-proj-actual-a_20260922T100810Z_fc0f3cf67edf/selector_authority/VARIANT_A_COMPLETE_STATIC_SELECTOR.tsv	1	1024
OLMOE	341	LDG.E.EF.U16	LDG.E.EF.U16 R118, [R162.64] ;	GLOBAL	LOAD	False	one dynamic warp access of this static memory operand	QUALIFIED	2	SASS opcode U16/S16 data-width suffix	mref_operand_index=0	std::enable_if<!(false), void>::type internal::gemvx::kernel<int, int, __nv_bfloat16, __nv_bfloat16, __nv_bfloat16, float, false, true, true, false, 6, false, cublasGemvParamsEx<int, cublasGemvTensorStridedBatched<__nv_bfloat16 const>, cublasGemvTensorStridedBatched<__nv_bfloat16 const>, cublasGemvTensorStridedBatched<__nv_bfloat16>, float> >(cublasGemvParamsEx<int, cublasGemvTensorStridedBatched<__nv_bfloat16 const>, cublasGemvTensorStridedBatched<__nv_bfloat16 const>, cublasGemvTensorStridedBatched<__nv_bfloat16>, float>)	/root/share/mnt164/huangrulin/c16_ai_workload/raw/C16R_olmoe-1b-7b-0125-instruct_s2-t2048-d32_decode32_nvbit1771-c16warp1_expert58-down-proj-actual-a_20260922T100810Z_fc0f3cf67edf/selector_authority/VARIANT_A_COMPLETE_STATIC_SELECTOR.tsv	1	1024
OLMOE	343	LDG.E.U16.STRONG.SM	LDG.E.U16.STRONG.SM R119, [R160.64] ;	GLOBAL	LOAD	False	one dynamic warp access of this static memory operand	QUALIFIED	2	SASS opcode U16/S16 data-width suffix	mref_operand_index=0	std::enable_if<!(false), void>::type internal::gemvx::kernel<int, int, __nv_bfloat16, __nv_bfloat16, __nv_bfloat16, float, false, true, true, false, 6, false, cublasGemvParamsEx<int, cublasGemvTensorStridedBatched<__nv_bfloat16 const>, cublasGemvTensorStridedBatched<__nv_bfloat16 const>, cublasGemvTensorStridedBatched<__nv_bfloat16>, float> >(cublasGemvParamsEx<int, cublasGemvTensorStridedBatched<__nv_bfloat16 const>, cublasGemvTensorStridedBatched<__nv_bfloat16 const>, cublasGemvTensorStridedBatched<__nv_bfloat16>, float>)	/root/share/mnt164/huangrulin/c16_ai_workload/raw/C16R_olmoe-1b-7b-0125-instruct_s2-t2048-d32_decode32_nvbit1771-c16warp1_expert58-down-proj-actual-a_20260922T100810Z_fc0f3cf67edf/selector_authority/VARIANT_A_COMPLETE_STATIC_SELECTOR.tsv	1	1024
OLMOE	345	LDG.E.EF.U16	LDG.E.EF.U16 R120, [R158.64] ;	GLOBAL	LOAD	False	one dynamic warp access of this static memory operand	QUALIFIED	2	SASS opcode U16/S16 data-width suffix	mref_operand_index=0	std::enable_if<!(false), void>::type internal::gemvx::kernel<int, int, __nv_bfloat16, __nv_bfloat16, __nv_bfloat16, float, false, true, true, false, 6, false, cublasGemvParamsEx<int, cublasGemvTensorStridedBatched<__nv_bfloat16 const>, cublasGemvTensorStridedBatched<__nv_bfloat16 const>, cublasGemvTensorStridedBatched<__nv_bfloat16>, float> >(cublasGemvParamsEx<int, cublasGemvTensorStridedBatched<__nv_bfloat16 const>, cublasGemvTensorStridedBatched<__nv_bfloat16 const>, cublasGemvTensorStridedBatched<__nv_bfloat16>, float>)	/root/share/mnt164/huangrulin/c16_ai_workload/raw/C16R_olmoe-1b-7b-0125-instruct_s2-t2048-d32_decode32_nvbit1771-c16warp1_expert58-down-proj-actual-a_20260922T100810Z_fc0f3cf67edf/selector_authority/VARIANT_A_COMPLETE_STATIC_SELECTOR.tsv	1	1024
OLMOE	347	LDG.E.U16.STRONG.SM	LDG.E.U16.STRONG.SM R121, [R156.64] ;	GLOBAL	LOAD	False	one dynamic warp access of this static memory operand	QUALIFIED	2	SASS opcode U16/S16 data-width suffix	mref_operand_index=0	std::enable_if<!(false), void>::type internal::gemvx::kernel<int, int, __nv_bfloat16, __nv_bfloat16, __nv_bfloat16, float, false, true, true, false, 6, false, cublasGemvParamsEx<int, cublasGemvTensorStridedBatched<__nv_bfloat16 const>, cublasGemvTensorStridedBatched<__nv_bfloat16 const>, cublasGemvTensorStridedBatched<__nv_bfloat16>, float> >(cublasGemvParamsEx<int, cublasGemvTensorStridedBatched<__nv_bfloat16 const>, cublasGemvTensorStridedBatched<__nv_bfloat16 const>, cublasGemvTensorStridedBatched<__nv_bfloat16>, float>)	/root/share/mnt164/huangrulin/c16_ai_workload/raw/C16R_olmoe-1b-7b-0125-instruct_s2-t2048-d32_decode32_nvbit1771-c16warp1_expert58-down-proj-actual-a_20260922T100810Z_fc0f3cf67edf/selector_authority/VARIANT_A_COMPLETE_STATIC_SELECTOR.tsv	1	1024
OLMOE	349	LDG.E.EF.U16	LDG.E.EF.U16 R122, [R154.64] ;	GLOBAL	LOAD	False	one dynamic warp access of this static memory operand	QUALIFIED	2	SASS opcode U16/S16 data-width suffix	mref_operand_index=0	std::enable_if<!(false), void>::type internal::gemvx::kernel<int, int, __nv_bfloat16, __nv_bfloat16, __nv_bfloat16, float, false, true, true, false, 6, false, cublasGemvParamsEx<int, cublasGemvTensorStridedBatched<__nv_bfloat16 const>, cublasGemvTensorStridedBatched<__nv_bfloat16 const>, cublasGemvTensorStridedBatched<__nv_bfloat16>, float> >(cublasGemvParamsEx<int, cublasGemvTensorStridedBatched<__nv_bfloat16 const>, cublasGemvTensorStridedBatched<__nv_bfloat16 const>, cublasGemvTensorStridedBatched<__nv_bfloat16>, float>)	/root/share/mnt164/huangrulin/c16_ai_workload/raw/C16R_olmoe-1b-7b-0125-instruct_s2-t2048-d32_decode32_nvbit1771-c16warp1_expert58-down-proj-actual-a_20260922T100810Z_fc0f3cf67edf/selector_authority/VARIANT_A_COMPLETE_STATIC_SELECTOR.tsv	1	1024
OLMOE	351	LDG.E.U16.STRONG.SM	LDG.E.U16.STRONG.SM R123, [R152.64] ;	GLOBAL	LOAD	False	one dynamic warp access of this static memory operand	QUALIFIED	2	SASS opcode U16/S16 data-width suffix	mref_operand_index=0	std::enable_if<!(false), void>::type internal::gemvx::kernel<int, int, __nv_bfloat16, __nv_bfloat16, __nv_bfloat16, float, false, true, true, false, 6, false, cublasGemvParamsEx<int, cublasGemvTensorStridedBatched<__nv_bfloat16 const>, cublasGemvTensorStridedBatched<__nv_bfloat16 const>, cublasGemvTensorStridedBatched<__nv_bfloat16>, float> >(cublasGemvParamsEx<int, cublasGemvTensorStridedBatched<__nv_bfloat16 const>, cublasGemvTensorStridedBatched<__nv_bfloat16 const>, cublasGemvTensorStridedBatched<__nv_bfloat16>, float>)	/root/share/mnt164/huangrulin/c16_ai_workload/raw/C16R_olmoe-1b-7b-0125-instruct_s2-t2048-d32_decode32_nvbit1771-c16warp1_expert58-down-proj-actual-a_20260922T100810Z_fc0f3cf67edf/selector_authority/VARIANT_A_COMPLETE_STATIC_SELECTOR.tsv	1	1024
OLMOE	352	LDG.E.EF.U16	LDG.E.EF.U16 R124, [R150.64] ;	GLOBAL	LOAD	False	one dynamic warp access of this static memory operand	QUALIFIED	2	SASS opcode U16/S16 data-width suffix	mref_operand_index=0	std::enable_if<!(false), void>::type internal::gemvx::kernel<int, int, __nv_bfloat16, __nv_bfloat16, __nv_bfloat16, float, false, true, true, false, 6, false, cublasGemvParamsEx<int, cublasGemvTensorStridedBatched<__nv_bfloat16 const>, cublasGemvTensorStridedBatched<__nv_bfloat16 const>, cublasGemvTensorStridedBatched<__nv_bfloat16>, float> >(cublasGemvParamsEx<int, cublasGemvTensorStridedBatched<__nv_bfloat16 const>, cublasGemvTensorStridedBatched<__nv_bfloat16 const>, cublasGemvTensorStridedBatched<__nv_bfloat16>, float>)	/root/share/mnt164/huangrulin/c16_ai_workload/raw/C16R_olmoe-1b-7b-0125-instruct_s2-t2048-d32_decode32_nvbit1771-c16warp1_expert58-down-proj-actual-a_20260922T100810Z_fc0f3cf67edf/selector_authority/VARIANT_A_COMPLETE_STATIC_SELECTOR.tsv	1	1024
OLMOE	353	LDG.E.U16.STRONG.SM	LDG.E.U16.STRONG.SM R125, [R148.64] ;	GLOBAL	LOAD	False	one dynamic warp access of this static memory operand	QUALIFIED	2	SASS opcode U16/S16 data-width suffix	mref_operand_index=0	std::enable_if<!(false), void>::type internal::gemvx::kernel<int, int, __nv_bfloat16, __nv_bfloat16, __nv_bfloat16, float, false, true, true, false, 6, false, cublasGemvParamsEx<int, cublasGemvTensorStridedBatched<__nv_bfloat16 const>, cublasGemvTensorStridedBatched<__nv_bfloat16 const>, cublasGemvTensorStridedBatched<__nv_bfloat16>, float> >(cublasGemvParamsEx<int, cublasGemvTensorStridedBatched<__nv_bfloat16 const>, cublasGemvTensorStridedBatched<__nv_bfloat16 const>, cublasGemvTensorStridedBatched<__nv_bfloat16>, float>)	/root/share/mnt164/huangrulin/c16_ai_workload/raw/C16R_olmoe-1b-7b-0125-instruct_s2-t2048-d32_decode32_nvbit1771-c16warp1_expert58-down-proj-actual-a_20260922T100810Z_fc0f3cf67edf/selector_authority/VARIANT_A_COMPLETE_STATIC_SELECTOR.tsv	1	1024
OLMOE	564	LDG.E.EF.U16	LDG.E.EF.U16 R42, [R20.64] ;	GLOBAL	LOAD	False	one dynamic warp access of this static memory operand	QUALIFIED	2	SASS opcode U16/S16 data-width suffix	mref_operand_index=0	std::enable_if<!(false), void>::type internal::gemvx::kernel<int, int, __nv_bfloat16, __nv_bfloat16, __nv_bfloat16, float, false, true, true, false, 6, false, cublasGemvParamsEx<int, cublasGemvTensorStridedBatched<__nv_bfloat16 const>, cublasGemvTensorStridedBatched<__nv_bfloat16 const>, cublasGemvTensorStridedBatched<__nv_bfloat16>, float> >(cublasGemvParamsEx<int, cublasGemvTensorStridedBatched<__nv_bfloat16 const>, cublasGemvTensorStridedBatched<__nv_bfloat16 const>, cublasGemvTensorStridedBatched<__nv_bfloat16>, float>)	/root/share/mnt164/huangrulin/c16_ai_workload/raw/C16R_olmoe-1b-7b-0125-instruct_s2-t2048-d32_decode32_nvbit1771-c16warp1_expert58-down-proj-actual-a_20260922T100810Z_fc0f3cf67edf/selector_authority/VARIANT_A_COMPLETE_STATIC_SELECTOR.tsv	1	0
OLMOE	566	LDG.E.EF.U16	LDG.E.EF.U16 R67, [R22.64] ;	GLOBAL	LOAD	False	one dynamic warp access of this static memory operand	QUALIFIED	2	SASS opcode U16/S16 data-width suffix	mref_operand_index=0	std::enable_if<!(false), void>::type internal::gemvx::kernel<int, int, __nv_bfloat16, __nv_bfloat16, __nv_bfloat16, float, false, true, true, false, 6, false, cublasGemvParamsEx<int, cublasGemvTensorStridedBatched<__nv_bfloat16 const>, cublasGemvTensorStridedBatched<__nv_bfloat16 const>, cublasGemvTensorStridedBatched<__nv_bfloat16>, float> >(cublasGemvParamsEx<int, cublasGemvTensorStridedBatched<__nv_bfloat16 const>, cublasGemvTensorStridedBatched<__nv_bfloat16 const>, cublasGemvTensorStridedBatched<__nv_bfloat16>, float>)	/root/share/mnt164/huangrulin/c16_ai_workload/raw/C16R_olmoe-1b-7b-0125-instruct_s2-t2048-d32_decode32_nvbit1771-c16warp1_expert58-down-proj-actual-a_20260922T100810Z_fc0f3cf67edf/selector_authority/VARIANT_A_COMPLETE_STATIC_SELECTOR.tsv	1	0
OLMOE	568	LDG.E.U16.STRONG.SM	LDG.E.U16.STRONG.SM R44, [R44.64] ;	GLOBAL	LOAD	False	one dynamic warp access of this static memory operand	QUALIFIED	2	SASS opcode U16/S16 data-width suffix	mref_operand_index=0	std::enable_if<!(false), void>::type internal::gemvx::kernel<int, int, __nv_bfloat16, __nv_bfloat16, __nv_bfloat16, float, false, true, true, false, 6, false, cublasGemvParamsEx<int, cublasGemvTensorStridedBatched<__nv_bfloat16 const>, cublasGemvTensorStridedBatched<__nv_bfloat16 const>, cublasGemvTensorStridedBatched<__nv_bfloat16>, float> >(cublasGemvParamsEx<int, cublasGemvTensorStridedBatched<__nv_bfloat16 const>, cublasGemvTensorStridedBatched<__nv_bfloat16 const>, cublasGemvTensorStridedBatched<__nv_bfloat16>, float>)	/root/share/mnt164/huangrulin/c16_ai_workload/raw/C16R_olmoe-1b-7b-0125-instruct_s2-t2048-d32_decode32_nvbit1771-c16warp1_expert58-down-proj-actual-a_20260922T100810Z_fc0f3cf67edf/selector_authority/VARIANT_A_COMPLETE_STATIC_SELECTOR.tsv	1	0
OLMOE	570	LDG.E.U16.STRONG.SM	LDG.E.U16.STRONG.SM R66, [R30.64] ;	GLOBAL	LOAD	False	one dynamic warp access of this static memory operand	QUALIFIED	2	SASS opcode U16/S16 data-width suffix	mref_operand_index=0	std::enable_if<!(false), void>::type internal::gemvx::kernel<int, int, __nv_bfloat16, __nv_bfloat16, __nv_bfloat16, float, false, true, true, false, 6, false, cublasGemvParamsEx<int, cublasGemvTensorStridedBatched<__nv_bfloat16 const>, cublasGemvTensorStridedBatched<__nv_bfloat16 const>, cublasGemvTensorStridedBatched<__nv_bfloat16>, float> >(cublasGemvParamsEx<int, cublasGemvTensorStridedBatched<__nv_bfloat16 const>, cublasGemvTensorStridedBatched<__nv_bfloat16 const>, cublasGemvTensorStridedBatched<__nv_bfloat16>, float>)	/root/share/mnt164/huangrulin/c16_ai_workload/raw/C16R_olmoe-1b-7b-0125-instruct_s2-t2048-d32_decode32_nvbit1771-c16warp1_expert58-down-proj-actual-a_20260922T100810Z_fc0f3cf67edf/selector_authority/VARIANT_A_COMPLETE_STATIC_SELECTOR.tsv	1	0
OLMOE	572	LDG.E.EF.U16	LDG.E.EF.U16 R65, [R34.64] ;	GLOBAL	LOAD	False	one dynamic warp access of this static memory operand	QUALIFIED	2	SASS opcode U16/S16 data-width suffix	mref_operand_index=0	std::enable_if<!(false), void>::type internal::gemvx::kernel<int, int, __nv_bfloat16, __nv_bfloat16, __nv_bfloat16, float, false, true, true, false, 6, false, cublasGemvParamsEx<int, cublasGemvTensorStridedBatched<__nv_bfloat16 const>, cublasGemvTensorStridedBatched<__nv_bfloat16 const>, cublasGemvTensorStridedBatched<__nv_bfloat16>, float> >(cublasGemvParamsEx<int, cublasGemvTensorStridedBatched<__nv_bfloat16 const>, cublasGemvTensorStridedBatched<__nv_bfloat16 const>, cublasGemvTensorStridedBatched<__nv_bfloat16>, float>)	/root/share/mnt164/huangrulin/c16_ai_workload/raw/C16R_olmoe-1b-7b-0125-instruct_s2-t2048-d32_decode32_nvbit1771-c16warp1_expert58-down-proj-actual-a_20260922T100810Z_fc0f3cf67edf/selector_authority/VARIANT_A_COMPLETE_STATIC_SELECTOR.tsv	1	0
OLMOE	574	LDG.E.U16.STRONG.SM	LDG.E.U16.STRONG.SM R64, [R36.64] ;	GLOBAL	LOAD	False	one dynamic warp access of this static memory operand	QUALIFIED	2	SASS opcode U16/S16 data-width suffix	mref_operand_index=0	std::enable_if<!(false), void>::type internal::gemvx::kernel<int, int, __nv_bfloat16, __nv_bfloat16, __nv_bfloat16, float, false, true, true, false, 6, false, cublasGemvParamsEx<int, cublasGemvTensorStridedBatched<__nv_bfloat16 const>, cublasGemvTensorStridedBatched<__nv_bfloat16 const>, cublasGemvTensorStridedBatched<__nv_bfloat16>, float> >(cublasGemvParamsEx<int, cublasGemvTensorStridedBatched<__nv_bfloat16 const>, cublasGemvTensorStridedBatched<__nv_bfloat16 const>, cublasGemvTensorStridedBatched<__nv_bfloat16>, float>)	/root/share/mnt164/huangrulin/c16_ai_workload/raw/C16R_olmoe-1b-7b-0125-instruct_s2-t2048-d32_decode32_nvbit1771-c16warp1_expert58-down-proj-actual-a_20260922T100810Z_fc0f3cf67edf/selector_authority/VARIANT_A_COMPLETE_STATIC_SELECTOR.tsv	1	0
OLMOE	576	LDG.E.EF.U16	LDG.E.EF.U16 R63, [R38.64] ;	GLOBAL	LOAD	False	one dynamic warp access of this static memory operand	QUALIFIED	2	SASS opcode U16/S16 data-width suffix	mref_operand_index=0	std::enable_if<!(false), void>::type internal::gemvx::kernel<int, int, __nv_bfloat16, __nv_bfloat16, __nv_bfloat16, float, false, true, true, false, 6, false, cublasGemvParamsEx<int, cublasGemvTensorStridedBatched<__nv_bfloat16 const>, cublasGemvTensorStridedBatched<__nv_bfloat16 const>, cublasGemvTensorStridedBatched<__nv_bfloat16>, float> >(cublasGemvParamsEx<int, cublasGemvTensorStridedBatched<__nv_bfloat16 const>, cublasGemvTensorStridedBatched<__nv_bfloat16 const>, cublasGemvTensorStridedBatched<__nv_bfloat16>, float>)	/root/share/mnt164/huangrulin/c16_ai_workload/raw/C16R_olmoe-1b-7b-0125-instruct_s2-t2048-d32_decode32_nvbit1771-c16warp1_expert58-down-proj-actual-a_20260922T100810Z_fc0f3cf67edf/selector_authority/VARIANT_A_COMPLETE_STATIC_SELECTOR.tsv	1	0
OLMOE	578	LDG.E.U16.STRONG.SM	LDG.E.U16.STRONG.SM R62, [R48.64] ;	GLOBAL	LOAD	False	one dynamic warp access of this static memory operand	QUALIFIED	2	SASS opcode U16/S16 data-width suffix	mref_operand_index=0	std::enable_if<!(false), void>::type internal::gemvx::kernel<int, int, __nv_bfloat16, __nv_bfloat16, __nv_bfloat16, float, false, true, true, false, 6, false, cublasGemvParamsEx<int, cublasGemvTensorStridedBatched<__nv_bfloat16 const>, cublasGemvTensorStridedBatched<__nv_bfloat16 const>, cublasGemvTensorStridedBatched<__nv_bfloat16>, float> >(cublasGemvParamsEx<int, cublasGemvTensorStridedBatched<__nv_bfloat16 const>, cublasGemvTensorStridedBatched<__nv_bfloat16 const>, cublasGemvTensorStridedBatched<__nv_bfloat16>, float>)	/root/share/mnt164/huangrulin/c16_ai_workload/raw/C16R_olmoe-1b-7b-0125-instruct_s2-t2048-d32_decode32_nvbit1771-c16warp1_expert58-down-proj-actual-a_20260922T100810Z_fc0f3cf67edf/selector_authority/VARIANT_A_COMPLETE_STATIC_SELECTOR.tsv	1	0
OLMOE	580	LDG.E.EF.U16	LDG.E.EF.U16 R61, [R50.64] ;	GLOBAL	LOAD	False	one dynamic warp access of this static memory operand	QUALIFIED	2	SASS opcode U16/S16 data-width suffix	mref_operand_index=0	std::enable_if<!(false), void>::type internal::gemvx::kernel<int, int, __nv_bfloat16, __nv_bfloat16, __nv_bfloat16, float, false, true, true, false, 6, false, cublasGemvParamsEx<int, cublasGemvTensorStridedBatched<__nv_bfloat16 const>, cublasGemvTensorStridedBatched<__nv_bfloat16 const>, cublasGemvTensorStridedBatched<__nv_bfloat16>, float> >(cublasGemvParamsEx<int, cublasGemvTensorStridedBatched<__nv_bfloat16 const>, cublasGemvTensorStridedBatched<__nv_bfloat16 const>, cublasGemvTensorStridedBatched<__nv_bfloat16>, float>)	/root/share/mnt164/huangrulin/c16_ai_workload/raw/C16R_olmoe-1b-7b-0125-instruct_s2-t2048-d32_decode32_nvbit1771-c16warp1_expert58-down-proj-actual-a_20260922T100810Z_fc0f3cf67edf/selector_authority/VARIANT_A_COMPLETE_STATIC_SELECTOR.tsv	1	0
OLMOE	582	LDG.E.U16.STRONG.SM	LDG.E.U16.STRONG.SM R60, [R52.64] ;	GLOBAL	LOAD	False	one dynamic warp access of this static memory operand	QUALIFIED	2	SASS opcode U16/S16 data-width suffix	mref_operand_index=0	std::enable_if<!(false), void>::type internal::gemvx::kernel<int, int, __nv_bfloat16, __nv_bfloat16, __nv_bfloat16, float, false, true, true, false, 6, false, cublasGemvParamsEx<int, cublasGemvTensorStridedBatched<__nv_bfloat16 const>, cublasGemvTensorStridedBatched<__nv_bfloat16 const>, cublasGemvTensorStridedBatched<__nv_bfloat16>, float> >(cublasGemvParamsEx<int, cublasGemvTensorStridedBatched<__nv_bfloat16 const>, cublasGemvTensorStridedBatched<__nv_bfloat16 const>, cublasGemvTensorStridedBatched<__nv_bfloat16>, float>)	/root/share/mnt164/huangrulin/c16_ai_workload/raw/C16R_olmoe-1b-7b-0125-instruct_s2-t2048-d32_decode32_nvbit1771-c16warp1_expert58-down-proj-actual-a_20260922T100810Z_fc0f3cf67edf/selector_authority/VARIANT_A_COMPLETE_STATIC_SELECTOR.tsv	1	0
OLMOE	584	LDG.E.EF.U16	LDG.E.EF.U16 R59, [R76.64] ;	GLOBAL	LOAD	False	one dynamic warp access of this static memory operand	QUALIFIED	2	SASS opcode U16/S16 data-width suffix	mref_operand_index=0	std::enable_if<!(false), void>::type internal::gemvx::kernel<int, int, __nv_bfloat16, __nv_bfloat16, __nv_bfloat16, float, false, true, true, false, 6, false, cublasGemvParamsEx<int, cublasGemvTensorStridedBatched<__nv_bfloat16 const>, cublasGemvTensorStridedBatched<__nv_bfloat16 const>, cublasGemvTensorStridedBatched<__nv_bfloat16>, float> >(cublasGemvParamsEx<int, cublasGemvTensorStridedBatched<__nv_bfloat16 const>, cublasGemvTensorStridedBatched<__nv_bfloat16 const>, cublasGemvTensorStridedBatched<__nv_bfloat16>, float>)	/root/share/mnt164/huangrulin/c16_ai_workload/raw/C16R_olmoe-1b-7b-0125-instruct_s2-t2048-d32_decode32_nvbit1771-c16warp1_expert58-down-proj-actual-a_20260922T100810Z_fc0f3cf67edf/selector_authority/VARIANT_A_COMPLETE_STATIC_SELECTOR.tsv	1	0
OLMOE	586	LDG.E.U16.STRONG.SM	LDG.E.U16.STRONG.SM R58, [R78.64] ;	GLOBAL	LOAD	False	one dynamic warp access of this static memory operand	QUALIFIED	2	SASS opcode U16/S16 data-width suffix	mref_operand_index=0	std::enable_if<!(false), void>::type internal::gemvx::kernel<int, int, __nv_bfloat16, __nv_bfloat16, __nv_bfloat16, float, false, true, true, false, 6, false, cublasGemvParamsEx<int, cublasGemvTensorStridedBatched<__nv_bfloat16 const>, cublasGemvTensorStridedBatched<__nv_bfloat16 const>, cublasGemvTensorStridedBatched<__nv_bfloat16>, float> >(cublasGemvParamsEx<int, cublasGemvTensorStridedBatched<__nv_bfloat16 const>, cublasGemvTensorStridedBatched<__nv_bfloat16 const>, cublasGemvTensorStridedBatched<__nv_bfloat16>, float>)	/root/share/mnt164/huangrulin/c16_ai_workload/raw/C16R_olmoe-1b-7b-0125-instruct_s2-t2048-d32_decode32_nvbit1771-c16warp1_expert58-down-proj-actual-a_20260922T100810Z_fc0f3cf67edf/selector_authority/VARIANT_A_COMPLETE_STATIC_SELECTOR.tsv	1	0
OLMOE	588	LDG.E.EF.U16	LDG.E.EF.U16 R57, [R80.64] ;	GLOBAL	LOAD	False	one dynamic warp access of this static memory operand	QUALIFIED	2	SASS opcode U16/S16 data-width suffix	mref_operand_index=0	std::enable_if<!(false), void>::type internal::gemvx::kernel<int, int, __nv_bfloat16, __nv_bfloat16, __nv_bfloat16, float, false, true, true, false, 6, false, cublasGemvParamsEx<int, cublasGemvTensorStridedBatched<__nv_bfloat16 const>, cublasGemvTensorStridedBatched<__nv_bfloat16 const>, cublasGemvTensorStridedBatched<__nv_bfloat16>, float> >(cublasGemvParamsEx<int, cublasGemvTensorStridedBatched<__nv_bfloat16 const>, cublasGemvTensorStridedBatched<__nv_bfloat16 const>, cublasGemvTensorStridedBatched<__nv_bfloat16>, float>)	/root/share/mnt164/huangrulin/c16_ai_workload/raw/C16R_olmoe-1b-7b-0125-instruct_s2-t2048-d32_decode32_nvbit1771-c16warp1_expert58-down-proj-actual-a_20260922T100810Z_fc0f3cf67edf/selector_authority/VARIANT_A_COMPLETE_STATIC_SELECTOR.tsv	1	0
OLMOE	590	LDG.E.U16.STRONG.SM	LDG.E.U16.STRONG.SM R56, [R46.64] ;	GLOBAL	LOAD	False	one dynamic warp access of this static memory operand	QUALIFIED	2	SASS opcode U16/S16 data-width suffix	mref_operand_index=0	std::enable_if<!(false), void>::type internal::gemvx::kernel<int, int, __nv_bfloat16, __nv_bfloat16, __nv_bfloat16, float, false, true, true, false, 6, false, cublasGemvParamsEx<int, cublasGemvTensorStridedBatched<__nv_bfloat16 const>, cublasGemvTensorStridedBatched<__nv_bfloat16 const>, cublasGemvTensorStridedBatched<__nv_bfloat16>, float> >(cublasGemvParamsEx<int, cublasGemvTensorStridedBatched<__nv_bfloat16 const>, cublasGemvTensorStridedBatched<__nv_bfloat16 const>, cublasGemvTensorStridedBatched<__nv_bfloat16>, float>)	/root/share/mnt164/huangrulin/c16_ai_workload/raw/C16R_olmoe-1b-7b-0125-instruct_s2-t2048-d32_decode32_nvbit1771-c16warp1_expert58-down-proj-actual-a_20260922T100810Z_fc0f3cf67edf/selector_authority/VARIANT_A_COMPLETE_STATIC_SELECTOR.tsv	1	0
OLMOE	592	LDG.E.EF.U16	LDG.E.EF.U16 R55, [R24.64] ;	GLOBAL	LOAD	False	one dynamic warp access of this static memory operand	QUALIFIED	2	SASS opcode U16/S16 data-width suffix	mref_operand_index=0	std::enable_if<!(false), void>::type internal::gemvx::kernel<int, int, __nv_bfloat16, __nv_bfloat16, __nv_bfloat16, float, false, true, true, false, 6, false, cublasGemvParamsEx<int, cublasGemvTensorStridedBatched<__nv_bfloat16 const>, cublasGemvTensorStridedBatched<__nv_bfloat16 const>, cublasGemvTensorStridedBatched<__nv_bfloat16>, float> >(cublasGemvParamsEx<int, cublasGemvTensorStridedBatched<__nv_bfloat16 const>, cublasGemvTensorStridedBatched<__nv_bfloat16 const>, cublasGemvTensorStridedBatched<__nv_bfloat16>, float>)	/root/share/mnt164/huangrulin/c16_ai_workload/raw/C16R_olmoe-1b-7b-0125-instruct_s2-t2048-d32_decode32_nvbit1771-c16warp1_expert58-down-proj-actual-a_20260922T100810Z_fc0f3cf67edf/selector_authority/VARIANT_A_COMPLETE_STATIC_SELECTOR.tsv	1	0
OLMOE	594	LDG.E.U16.STRONG.SM	LDG.E.U16.STRONG.SM R54, [R12.64] ;	GLOBAL	LOAD	False	one dynamic warp access of this static memory operand	QUALIFIED	2	SASS opcode U16/S16 data-width suffix	mref_operand_index=0	std::enable_if<!(false), void>::type internal::gemvx::kernel<int, int, __nv_bfloat16, __nv_bfloat16, __nv_bfloat16, float, false, true, true, false, 6, false, cublasGemvParamsEx<int, cublasGemvTensorStridedBatched<__nv_bfloat16 const>, cublasGemvTensorStridedBatched<__nv_bfloat16 const>, cublasGemvTensorStridedBatched<__nv_bfloat16>, float> >(cublasGemvParamsEx<int, cublasGemvTensorStridedBatched<__nv_bfloat16 const>, cublasGemvTensorStridedBatched<__nv_bfloat16 const>, cublasGemvTensorStridedBatched<__nv_bfloat16>, float>)	/root/share/mnt164/huangrulin/c16_ai_workload/raw/C16R_olmoe-1b-7b-0125-instruct_s2-t2048-d32_decode32_nvbit1771-c16warp1_expert58-down-proj-actual-a_20260922T100810Z_fc0f3cf67edf/selector_authority/VARIANT_A_COMPLETE_STATIC_SELECTOR.tsv	1	0
OLMOE	596	LDG.E.EF.U16	LDG.E.EF.U16 R53, [R68.64] ;	GLOBAL	LOAD	False	one dynamic warp access of this static memory operand	QUALIFIED	2	SASS opcode U16/S16 data-width suffix	mref_operand_index=0	std::enable_if<!(false), void>::type internal::gemvx::kernel<int, int, __nv_bfloat16, __nv_bfloat16, __nv_bfloat16, float, false, true, true, false, 6, false, cublasGemvParamsEx<int, cublasGemvTensorStridedBatched<__nv_bfloat16 const>, cublasGemvTensorStridedBatched<__nv_bfloat16 const>, cublasGemvTensorStridedBatched<__nv_bfloat16>, float> >(cublasGemvParamsEx<int, cublasGemvTensorStridedBatched<__nv_bfloat16 const>, cublasGemvTensorStridedBatched<__nv_bfloat16 const>, cublasGemvTensorStridedBatched<__nv_bfloat16>, float>)	/root/share/mnt164/huangrulin/c16_ai_workload/raw/C16R_olmoe-1b-7b-0125-instruct_s2-t2048-d32_decode32_nvbit1771-c16warp1_expert58-down-proj-actual-a_20260922T100810Z_fc0f3cf67edf/selector_authority/VARIANT_A_COMPLETE_STATIC_SELECTOR.tsv	1	0
OLMOE	598	LDG.E.U16.STRONG.SM	LDG.E.U16.STRONG.SM R52, [R16.64] ;	GLOBAL	LOAD	False	one dynamic warp access of this static memory operand	QUALIFIED	2	SASS opcode U16/S16 data-width suffix	mref_operand_index=0	std::enable_if<!(false), void>::type internal::gemvx::kernel<int, int, __nv_bfloat16, __nv_bfloat16, __nv_bfloat16, float, false, true, true, false, 6, false, cublasGemvParamsEx<int, cublasGemvTensorStridedBatched<__nv_bfloat16 const>, cublasGemvTensorStridedBatched<__nv_bfloat16 const>, cublasGemvTensorStridedBatched<__nv_bfloat16>, float> >(cublasGemvParamsEx<int, cublasGemvTensorStridedBatched<__nv_bfloat16 const>, cublasGemvTensorStridedBatched<__nv_bfloat16 const>, cublasGemvTensorStridedBatched<__nv_bfloat16>, float>)	/root/share/mnt164/huangrulin/c16_ai_workload/raw/C16R_olmoe-1b-7b-0125-instruct_s2-t2048-d32_decode32_nvbit1771-c16warp1_expert58-down-proj-actual-a_20260922T100810Z_fc0f3cf67edf/selector_authority/VARIANT_A_COMPLETE_STATIC_SELECTOR.tsv	1	0
OLMOE	600	LDG.E.EF.U16	LDG.E.EF.U16 R51, [R14.64] ;	GLOBAL	LOAD	False	one dynamic warp access of this static memory operand	QUALIFIED	2	SASS opcode U16/S16 data-width suffix	mref_operand_index=0	std::enable_if<!(false), void>::type internal::gemvx::kernel<int, int, __nv_bfloat16, __nv_bfloat16, __nv_bfloat16, float, false, true, true, false, 6, false, cublasGemvParamsEx<int, cublasGemvTensorStridedBatched<__nv_bfloat16 const>, cublasGemvTensorStridedBatched<__nv_bfloat16 const>, cublasGemvTensorStridedBatched<__nv_bfloat16>, float> >(cublasGemvParamsEx<int, cublasGemvTensorStridedBatched<__nv_bfloat16 const>, cublasGemvTensorStridedBatched<__nv_bfloat16 const>, cublasGemvTensorStridedBatched<__nv_bfloat16>, float>)	/root/share/mnt164/huangrulin/c16_ai_workload/raw/C16R_olmoe-1b-7b-0125-instruct_s2-t2048-d32_decode32_nvbit1771-c16warp1_expert58-down-proj-actual-a_20260922T100810Z_fc0f3cf67edf/selector_authority/VARIANT_A_COMPLETE_STATIC_SELECTOR.tsv	1	0
OLMOE	602	LDG.E.U16.STRONG.SM	LDG.E.U16.STRONG.SM R50, [R72.64] ;	GLOBAL	LOAD	False	one dynamic warp access of this static memory operand	QUALIFIED	2	SASS opcode U16/S16 data-width suffix	mref_operand_index=0	std::enable_if<!(false), void>::type internal::gemvx::kernel<int, int, __nv_bfloat16, __nv_bfloat16, __nv_bfloat16, float, false, true, true, false, 6, false, cublasGemvParamsEx<int, cublasGemvTensorStridedBatched<__nv_bfloat16 const>, cublasGemvTensorStridedBatched<__nv_bfloat16 const>, cublasGemvTensorStridedBatched<__nv_bfloat16>, float> >(cublasGemvParamsEx<int, cublasGemvTensorStridedBatched<__nv_bfloat16 const>, cublasGemvTensorStridedBatched<__nv_bfloat16 const>, cublasGemvTensorStridedBatched<__nv_bfloat16>, float>)	/root/share/mnt164/huangrulin/c16_ai_workload/raw/C16R_olmoe-1b-7b-0125-instruct_s2-t2048-d32_decode32_nvbit1771-c16warp1_expert58-down-proj-actual-a_20260922T100810Z_fc0f3cf67edf/selector_authority/VARIANT_A_COMPLETE_STATIC_SELECTOR.tsv	1	0
OLMOE	604	LDG.E.EF.U16	LDG.E.EF.U16 R49, [R8.64] ;	GLOBAL	LOAD	False	one dynamic warp access of this static memory operand	QUALIFIED	2	SASS opcode U16/S16 data-width suffix	mref_operand_index=0	std::enable_if<!(false), void>::type internal::gemvx::kernel<int, int, __nv_bfloat16, __nv_bfloat16, __nv_bfloat16, float, false, true, true, false, 6, false, cublasGemvParamsEx<int, cublasGemvTensorStridedBatched<__nv_bfloat16 const>, cublasGemvTensorStridedBatched<__nv_bfloat16 const>, cublasGemvTensorStridedBatched<__nv_bfloat16>, float> >(cublasGemvParamsEx<int, cublasGemvTensorStridedBatched<__nv_bfloat16 const>, cublasGemvTensorStridedBatched<__nv_bfloat16 const>, cublasGemvTensorStridedBatched<__nv_bfloat16>, float>)	/root/share/mnt164/huangrulin/c16_ai_workload/raw/C16R_olmoe-1b-7b-0125-instruct_s2-t2048-d32_decode32_nvbit1771-c16warp1_expert58-down-proj-actual-a_20260922T100810Z_fc0f3cf67edf/selector_authority/VARIANT_A_COMPLETE_STATIC_SELECTOR.tsv	1	0
OLMOE	606	LDG.E.U16.STRONG.SM	LDG.E.U16.STRONG.SM R48, [R6.64] ;	GLOBAL	LOAD	False	one dynamic warp access of this static memory operand	QUALIFIED	2	SASS opcode U16/S16 data-width suffix	mref_operand_index=0	std::enable_if<!(false), void>::type internal::gemvx::kernel<int, int, __nv_bfloat16, __nv_bfloat16, __nv_bfloat16, float, false, true, true, false, 6, false, cublasGemvParamsEx<int, cublasGemvTensorStridedBatched<__nv_bfloat16 const>, cublasGemvTensorStridedBatched<__nv_bfloat16 const>, cublasGemvTensorStridedBatched<__nv_bfloat16>, float> >(cublasGemvParamsEx<int, cublasGemvTensorStridedBatched<__nv_bfloat16 const>, cublasGemvTensorStridedBatched<__nv_bfloat16 const>, cublasGemvTensorStridedBatched<__nv_bfloat16>, float>)	/root/share/mnt164/huangrulin/c16_ai_workload/raw/C16R_olmoe-1b-7b-0125-instruct_s2-t2048-d32_decode32_nvbit1771-c16warp1_expert58-down-proj-actual-a_20260922T100810Z_fc0f3cf67edf/selector_authority/VARIANT_A_COMPLETE_STATIC_SELECTOR.tsv	1	0
OLMOE	608	LDG.E.EF.U16	LDG.E.EF.U16 R47, [R74.64] ;	GLOBAL	LOAD	False	one dynamic warp access of this static memory operand	QUALIFIED	2	SASS opcode U16/S16 data-width suffix	mref_operand_index=0	std::enable_if<!(false), void>::type internal::gemvx::kernel<int, int, __nv_bfloat16, __nv_bfloat16, __nv_bfloat16, float, false, true, true, false, 6, false, cublasGemvParamsEx<int, cublasGemvTensorStridedBatched<__nv_bfloat16 const>, cublasGemvTensorStridedBatched<__nv_bfloat16 const>, cublasGemvTensorStridedBatched<__nv_bfloat16>, float> >(cublasGemvParamsEx<int, cublasGemvTensorStridedBatched<__nv_bfloat16 const>, cublasGemvTensorStridedBatched<__nv_bfloat16 const>, cublasGemvTensorStridedBatched<__nv_bfloat16>, float>)	/root/share/mnt164/huangrulin/c16_ai_workload/raw/C16R_olmoe-1b-7b-0125-instruct_s2-t2048-d32_decode32_nvbit1771-c16warp1_expert58-down-proj-actual-a_20260922T100810Z_fc0f3cf67edf/selector_authority/VARIANT_A_COMPLETE_STATIC_SELECTOR.tsv	1	0
OLMOE	610	LDG.E.U16.STRONG.SM	LDG.E.U16.STRONG.SM R46, [R18.64] ;	GLOBAL	LOAD	False	one dynamic warp access of this static memory operand	QUALIFIED	2	SASS opcode U16/S16 data-width suffix	mref_operand_index=0	std::enable_if<!(false), void>::type internal::gemvx::kernel<int, int, __nv_bfloat16, __nv_bfloat16, __nv_bfloat16, float, false, true, true, false, 6, false, cublasGemvParamsEx<int, cublasGemvTensorStridedBatched<__nv_bfloat16 const>, cublasGemvTensorStridedBatched<__nv_bfloat16 const>, cublasGemvTensorStridedBatched<__nv_bfloat16>, float> >(cublasGemvParamsEx<int, cublasGemvTensorStridedBatched<__nv_bfloat16 const>, cublasGemvTensorStridedBatched<__nv_bfloat16 const>, cublasGemvTensorStridedBatched<__nv_bfloat16>, float>)	/root/share/mnt164/huangrulin/c16_ai_workload/raw/C16R_olmoe-1b-7b-0125-instruct_s2-t2048-d32_decode32_nvbit1771-c16warp1_expert58-down-proj-actual-a_20260922T100810Z_fc0f3cf67edf/selector_authority/VARIANT_A_COMPLETE_STATIC_SELECTOR.tsv	1	0
OLMOE	612	LDG.E.EF.U16	LDG.E.EF.U16 R45, [R10.64] ;	GLOBAL	LOAD	False	one dynamic warp access of this static memory operand	QUALIFIED	2	SASS opcode U16/S16 data-width suffix	mref_operand_index=0	std::enable_if<!(false), void>::type internal::gemvx::kernel<int, int, __nv_bfloat16, __nv_bfloat16, __nv_bfloat16, float, false, true, true, false, 6, false, cublasGemvParamsEx<int, cublasGemvTensorStridedBatched<__nv_bfloat16 const>, cublasGemvTensorStridedBatched<__nv_bfloat16 const>, cublasGemvTensorStridedBatched<__nv_bfloat16>, float> >(cublasGemvParamsEx<int, cublasGemvTensorStridedBatched<__nv_bfloat16 const>, cublasGemvTensorStridedBatched<__nv_bfloat16 const>, cublasGemvTensorStridedBatched<__nv_bfloat16>, float>)	/root/share/mnt164/huangrulin/c16_ai_workload/raw/C16R_olmoe-1b-7b-0125-instruct_s2-t2048-d32_decode32_nvbit1771-c16warp1_expert58-down-proj-actual-a_20260922T100810Z_fc0f3cf67edf/selector_authority/VARIANT_A_COMPLETE_STATIC_SELECTOR.tsv	1	0
OLMOE	614	LDG.E.U16.STRONG.SM	LDG.E.U16.STRONG.SM R68, [R28.64] ;	GLOBAL	LOAD	False	one dynamic warp access of this static memory operand	QUALIFIED	2	SASS opcode U16/S16 data-width suffix	mref_operand_index=0	std::enable_if<!(false), void>::type internal::gemvx::kernel<int, int, __nv_bfloat16, __nv_bfloat16, __nv_bfloat16, float, false, true, true, false, 6, false, cublasGemvParamsEx<int, cublasGemvTensorStridedBatched<__nv_bfloat16 const>, cublasGemvTensorStridedBatched<__nv_bfloat16 const>, cublasGemvTensorStridedBatched<__nv_bfloat16>, float> >(cublasGemvParamsEx<int, cublasGemvTensorStridedBatched<__nv_bfloat16 const>, cublasGemvTensorStridedBatched<__nv_bfloat16 const>, cublasGemvTensorStridedBatched<__nv_bfloat16>, float>)	/root/share/mnt164/huangrulin/c16_ai_workload/raw/C16R_olmoe-1b-7b-0125-instruct_s2-t2048-d32_decode32_nvbit1771-c16warp1_expert58-down-proj-actual-a_20260922T100810Z_fc0f3cf67edf/selector_authority/VARIANT_A_COMPLETE_STATIC_SELECTOR.tsv	1	0
OLMOE	616	LDG.E.EF.U16	LDG.E.EF.U16 R69, [R26.64] ;	GLOBAL	LOAD	False	one dynamic warp access of this static memory operand	QUALIFIED	2	SASS opcode U16/S16 data-width suffix	mref_operand_index=0	std::enable_if<!(false), void>::type internal::gemvx::kernel<int, int, __nv_bfloat16, __nv_bfloat16, __nv_bfloat16, float, false, true, true, false, 6, false, cublasGemvParamsEx<int, cublasGemvTensorStridedBatched<__nv_bfloat16 const>, cublasGemvTensorStridedBatched<__nv_bfloat16 const>, cublasGemvTensorStridedBatched<__nv_bfloat16>, float> >(cublasGemvParamsEx<int, cublasGemvTensorStridedBatched<__nv_bfloat16 const>, cublasGemvTensorStridedBatched<__nv_bfloat16 const>, cublasGemvTensorStridedBatched<__nv_bfloat16>, float>)	/root/share/mnt164/huangrulin/c16_ai_workload/raw/C16R_olmoe-1b-7b-0125-instruct_s2-t2048-d32_decode32_nvbit1771-c16warp1_expert58-down-proj-actual-a_20260922T100810Z_fc0f3cf67edf/selector_authority/VARIANT_A_COMPLETE_STATIC_SELECTOR.tsv	1	0
OLMOE	618	LDG.E.EF.U16	LDG.E.EF.U16 R72, [R30.64] ;	GLOBAL	LOAD	False	one dynamic warp access of this static memory operand	QUALIFIED	2	SASS opcode U16/S16 data-width suffix	mref_operand_index=0	std::enable_if<!(false), void>::type internal::gemvx::kernel<int, int, __nv_bfloat16, __nv_bfloat16, __nv_bfloat16, float, false, true, true, false, 6, false, cublasGemvParamsEx<int, cublasGemvTensorStridedBatched<__nv_bfloat16 const>, cublasGemvTensorStridedBatched<__nv_bfloat16 const>, cublasGemvTensorStridedBatched<__nv_bfloat16>, float> >(cublasGemvParamsEx<int, cublasGemvTensorStridedBatched<__nv_bfloat16 const>, cublasGemvTensorStridedBatched<__nv_bfloat16 const>, cublasGemvTensorStridedBatched<__nv_bfloat16>, float>)	/root/share/mnt164/huangrulin/c16_ai_workload/raw/C16R_olmoe-1b-7b-0125-instruct_s2-t2048-d32_decode32_nvbit1771-c16warp1_expert58-down-proj-actual-a_20260922T100810Z_fc0f3cf67edf/selector_authority/VARIANT_A_COMPLETE_STATIC_SELECTOR.tsv	1	0
OLMOE	620	LDG.E.U16.STRONG.SM	LDG.E.U16.STRONG.SM R70, [R70.64] ;	GLOBAL	LOAD	False	one dynamic warp access of this static memory operand	QUALIFIED	2	SASS opcode U16/S16 data-width suffix	mref_operand_index=0	std::enable_if<!(false), void>::type internal::gemvx::kernel<int, int, __nv_bfloat16, __nv_bfloat16, __nv_bfloat16, float, false, true, true, false, 6, false, cublasGemvParamsEx<int, cublasGemvTensorStridedBatched<__nv_bfloat16 const>, cublasGemvTensorStridedBatched<__nv_bfloat16 const>, cublasGemvTensorStridedBatched<__nv_bfloat16>, float> >(cublasGemvParamsEx<int, cublasGemvTensorStridedBatched<__nv_bfloat16 const>, cublasGemvTensorStridedBatched<__nv_bfloat16 const>, cublasGemvTensorStridedBatched<__nv_bfloat16>, float>)	/root/share/mnt164/huangrulin/c16_ai_workload/raw/C16R_olmoe-1b-7b-0125-instruct_s2-t2048-d32_decode32_nvbit1771-c16warp1_expert58-down-proj-actual-a_20260922T100810Z_fc0f3cf67edf/selector_authority/VARIANT_A_COMPLETE_STATIC_SELECTOR.tsv	1	0
OLMOE	622	LDG.E.U16.STRONG.SM	LDG.E.U16.STRONG.SM R73, [R32.64] ;	GLOBAL	LOAD	False	one dynamic warp access of this static memory operand	QUALIFIED	2	SASS opcode U16/S16 data-width suffix	mref_operand_index=0	std::enable_if<!(false), void>::type internal::gemvx::kernel<int, int, __nv_bfloat16, __nv_bfloat16, __nv_bfloat16, float, false, true, true, false, 6, false, cublasGemvParamsEx<int, cublasGemvTensorStridedBatched<__nv_bfloat16 const>, cublasGemvTensorStridedBatched<__nv_bfloat16 const>, cublasGemvTensorStridedBatched<__nv_bfloat16>, float> >(cublasGemvParamsEx<int, cublasGemvTensorStridedBatched<__nv_bfloat16 const>, cublasGemvTensorStridedBatched<__nv_bfloat16 const>, cublasGemvTensorStridedBatched<__nv_bfloat16>, float>)	/root/share/mnt164/huangrulin/c16_ai_workload/raw/C16R_olmoe-1b-7b-0125-instruct_s2-t2048-d32_decode32_nvbit1771-c16warp1_expert58-down-proj-actual-a_20260922T100810Z_fc0f3cf67edf/selector_authority/VARIANT_A_COMPLETE_STATIC_SELECTOR.tsv	1	0
OLMOE	624	LDG.E.U16.STRONG.SM	LDG.E.U16.STRONG.SM R74, [R34.64] ;	GLOBAL	LOAD	False	one dynamic warp access of this static memory operand	QUALIFIED	2	SASS opcode U16/S16 data-width suffix	mref_operand_index=0	std::enable_if<!(false), void>::type internal::gemvx::kernel<int, int, __nv_bfloat16, __nv_bfloat16, __nv_bfloat16, float, false, true, true, false, 6, false, cublasGemvParamsEx<int, cublasGemvTensorStridedBatched<__nv_bfloat16 const>, cublasGemvTensorStridedBatched<__nv_bfloat16 const>, cublasGemvTensorStridedBatched<__nv_bfloat16>, float> >(cublasGemvParamsEx<int, cublasGemvTensorStridedBatched<__nv_bfloat16 const>, cublasGemvTensorStridedBatched<__nv_bfloat16 const>, cublasGemvTensorStridedBatched<__nv_bfloat16>, float>)	/root/share/mnt164/huangrulin/c16_ai_workload/raw/C16R_olmoe-1b-7b-0125-instruct_s2-t2048-d32_decode32_nvbit1771-c16warp1_expert58-down-proj-actual-a_20260922T100810Z_fc0f3cf67edf/selector_authority/VARIANT_A_COMPLETE_STATIC_SELECTOR.tsv	1	0
OLMOE	626	LDG.E.EF.U16	LDG.E.EF.U16 R40, [R40.64] ;	GLOBAL	LOAD	False	one dynamic warp access of this static memory operand	QUALIFIED	2	SASS opcode U16/S16 data-width suffix	mref_operand_index=0	std::enable_if<!(false), void>::type internal::gemvx::kernel<int, int, __nv_bfloat16, __nv_bfloat16, __nv_bfloat16, float, false, true, true, false, 6, false, cublasGemvParamsEx<int, cublasGemvTensorStridedBatched<__nv_bfloat16 const>, cublasGemvTensorStridedBatched<__nv_bfloat16 const>, cublasGemvTensorStridedBatched<__nv_bfloat16>, float> >(cublasGemvParamsEx<int, cublasGemvTensorStridedBatched<__nv_bfloat16 const>, cublasGemvTensorStridedBatched<__nv_bfloat16 const>, cublasGemvTensorStridedBatched<__nv_bfloat16>, float>)	/root/share/mnt164/huangrulin/c16_ai_workload/raw/C16R_olmoe-1b-7b-0125-instruct_s2-t2048-d32_decode32_nvbit1771-c16warp1_expert58-down-proj-actual-a_20260922T100810Z_fc0f3cf67edf/selector_authority/VARIANT_A_COMPLETE_STATIC_SELECTOR.tsv	1	0
OLMOE	628	LDG.E.U16.STRONG.SM	LDG.E.U16.STRONG.SM R75, [R36.64] ;	GLOBAL	LOAD	False	one dynamic warp access of this static memory operand	QUALIFIED	2	SASS opcode U16/S16 data-width suffix	mref_operand_index=0	std::enable_if<!(false), void>::type internal::gemvx::kernel<int, int, __nv_bfloat16, __nv_bfloat16, __nv_bfloat16, float, false, true, true, false, 6, false, cublasGemvParamsEx<int, cublasGemvTensorStridedBatched<__nv_bfloat16 const>, cublasGemvTensorStridedBatched<__nv_bfloat16 const>, cublasGemvTensorStridedBatched<__nv_bfloat16>, float> >(cublasGemvParamsEx<int, cublasGemvTensorStridedBatched<__nv_bfloat16 const>, cublasGemvTensorStridedBatched<__nv_bfloat16 const>, cublasGemvTensorStridedBatched<__nv_bfloat16>, float>)	/root/share/mnt164/huangrulin/c16_ai_workload/raw/C16R_olmoe-1b-7b-0125-instruct_s2-t2048-d32_decode32_nvbit1771-c16warp1_expert58-down-proj-actual-a_20260922T100810Z_fc0f3cf67edf/selector_authority/VARIANT_A_COMPLETE_STATIC_SELECTOR.tsv	1	0
OLMOE	630	LDG.E.EF.U16	LDG.E.EF.U16 R38, [R38.64] ;	GLOBAL	LOAD	False	one dynamic warp access of this static memory operand	QUALIFIED	2	SASS opcode U16/S16 data-width suffix	mref_operand_index=0	std::enable_if<!(false), void>::type internal::gemvx::kernel<int, int, __nv_bfloat16, __nv_bfloat16, __nv_bfloat16, float, false, true, true, false, 6, false, cublasGemvParamsEx<int, cublasGemvTensorStridedBatched<__nv_bfloat16 const>, cublasGemvTensorStridedBatched<__nv_bfloat16 const>, cublasGemvTensorStridedBatched<__nv_bfloat16>, float> >(cublasGemvParamsEx<int, cublasGemvTensorStridedBatched<__nv_bfloat16 const>, cublasGemvTensorStridedBatched<__nv_bfloat16 const>, cublasGemvTensorStridedBatched<__nv_bfloat16>, float>)	/root/share/mnt164/huangrulin/c16_ai_workload/raw/C16R_olmoe-1b-7b-0125-instruct_s2-t2048-d32_decode32_nvbit1771-c16warp1_expert58-down-proj-actual-a_20260922T100810Z_fc0f3cf67edf/selector_authority/VARIANT_A_COMPLETE_STATIC_SELECTOR.tsv	1	0
OLMOE	632	LDG.E.EF.U16	LDG.E.EF.U16 R71, [R20.64] ;	GLOBAL	LOAD	False	one dynamic warp access of this static memory operand	QUALIFIED	2	SASS opcode U16/S16 data-width suffix	mref_operand_index=0	std::enable_if<!(false), void>::type internal::gemvx::kernel<int, int, __nv_bfloat16, __nv_bfloat16, __nv_bfloat16, float, false, true, true, false, 6, false, cublasGemvParamsEx<int, cublasGemvTensorStridedBatched<__nv_bfloat16 const>, cublasGemvTensorStridedBatched<__nv_bfloat16 const>, cublasGemvTensorStridedBatched<__nv_bfloat16>, float> >(cublasGemvParamsEx<int, cublasGemvTensorStridedBatched<__nv_bfloat16 const>, cublasGemvTensorStridedBatched<__nv_bfloat16 const>, cublasGemvTensorStridedBatched<__nv_bfloat16>, float>)	/root/share/mnt164/huangrulin/c16_ai_workload/raw/C16R_olmoe-1b-7b-0125-instruct_s2-t2048-d32_decode32_nvbit1771-c16warp1_expert58-down-proj-actual-a_20260922T100810Z_fc0f3cf67edf/selector_authority/VARIANT_A_COMPLETE_STATIC_SELECTOR.tsv	1	0
OLMOE	634	LDG.E.U16.STRONG.SM	LDG.E.U16.STRONG.SM R76, [R22.64] ;	GLOBAL	LOAD	False	one dynamic warp access of this static memory operand	QUALIFIED	2	SASS opcode U16/S16 data-width suffix	mref_operand_index=0	std::enable_if<!(false), void>::type internal::gemvx::kernel<int, int, __nv_bfloat16, __nv_bfloat16, __nv_bfloat16, float, false, true, true, false, 6, false, cublasGemvParamsEx<int, cublasGemvTensorStridedBatched<__nv_bfloat16 const>, cublasGemvTensorStridedBatched<__nv_bfloat16 const>, cublasGemvTensorStridedBatched<__nv_bfloat16>, float> >(cublasGemvParamsEx<int, cublasGemvTensorStridedBatched<__nv_bfloat16 const>, cublasGemvTensorStridedBatched<__nv_bfloat16 const>, cublasGemvTensorStridedBatched<__nv_bfloat16>, float>)	/root/share/mnt164/huangrulin/c16_ai_workload/raw/C16R_olmoe-1b-7b-0125-instruct_s2-t2048-d32_decode32_nvbit1771-c16warp1_expert58-down-proj-actual-a_20260922T100810Z_fc0f3cf67edf/selector_authority/VARIANT_A_COMPLETE_STATIC_SELECTOR.tsv	1	0
OLMOE	636	LDG.E.EF.U16	LDG.E.EF.U16 R77, [R24.64] ;	GLOBAL	LOAD	False	one dynamic warp access of this static memory operand	QUALIFIED	2	SASS opcode U16/S16 data-width suffix	mref_operand_index=0	std::enable_if<!(false), void>::type internal::gemvx::kernel<int, int, __nv_bfloat16, __nv_bfloat16, __nv_bfloat16, float, false, true, true, false, 6, false, cublasGemvParamsEx<int, cublasGemvTensorStridedBatched<__nv_bfloat16 const>, cublasGemvTensorStridedBatched<__nv_bfloat16 const>, cublasGemvTensorStridedBatched<__nv_bfloat16>, float> >(cublasGemvParamsEx<int, cublasGemvTensorStridedBatched<__nv_bfloat16 const>, cublasGemvTensorStridedBatched<__nv_bfloat16 const>, cublasGemvTensorStridedBatched<__nv_bfloat16>, float>)	/root/share/mnt164/huangrulin/c16_ai_workload/raw/C16R_olmoe-1b-7b-0125-instruct_s2-t2048-d32_decode32_nvbit1771-c16warp1_expert58-down-proj-actual-a_20260922T100810Z_fc0f3cf67edf/selector_authority/VARIANT_A_COMPLETE_STATIC_SELECTOR.tsv	1	0
OLMOE	638	LDG.E.U16.STRONG.SM	LDG.E.U16.STRONG.SM R41, [R12.64] ;	GLOBAL	LOAD	False	one dynamic warp access of this static memory operand	QUALIFIED	2	SASS opcode U16/S16 data-width suffix	mref_operand_index=0	std::enable_if<!(false), void>::type internal::gemvx::kernel<int, int, __nv_bfloat16, __nv_bfloat16, __nv_bfloat16, float, false, true, true, false, 6, false, cublasGemvParamsEx<int, cublasGemvTensorStridedBatched<__nv_bfloat16 const>, cublasGemvTensorStridedBatched<__nv_bfloat16 const>, cublasGemvTensorStridedBatched<__nv_bfloat16>, float> >(cublasGemvParamsEx<int, cublasGemvTensorStridedBatched<__nv_bfloat16 const>, cublasGemvTensorStridedBatched<__nv_bfloat16 const>, cublasGemvTensorStridedBatched<__nv_bfloat16>, float>)	/root/share/mnt164/huangrulin/c16_ai_workload/raw/C16R_olmoe-1b-7b-0125-instruct_s2-t2048-d32_decode32_nvbit1771-c16warp1_expert58-down-proj-actual-a_20260922T100810Z_fc0f3cf67edf/selector_authority/VARIANT_A_COMPLETE_STATIC_SELECTOR.tsv	1	0
OLMOE	640	LDG.E.EF.U16	LDG.E.EF.U16 R78, [R14.64] ;	GLOBAL	LOAD	False	one dynamic warp access of this static memory operand	QUALIFIED	2	SASS opcode U16/S16 data-width suffix	mref_operand_index=0	std::enable_if<!(false), void>::type internal::gemvx::kernel<int, int, __nv_bfloat16, __nv_bfloat16, __nv_bfloat16, float, false, true, true, false, 6, false, cublasGemvParamsEx<int, cublasGemvTensorStridedBatched<__nv_bfloat16 const>, cublasGemvTensorStridedBatched<__nv_bfloat16 const>, cublasGemvTensorStridedBatched<__nv_bfloat16>, float> >(cublasGemvParamsEx<int, cublasGemvTensorStridedBatched<__nv_bfloat16 const>, cublasGemvTensorStridedBatched<__nv_bfloat16 const>, cublasGemvTensorStridedBatched<__nv_bfloat16>, float>)	/root/share/mnt164/huangrulin/c16_ai_workload/raw/C16R_olmoe-1b-7b-0125-instruct_s2-t2048-d32_decode32_nvbit1771-c16warp1_expert58-down-proj-actual-a_20260922T100810Z_fc0f3cf67edf/selector_authority/VARIANT_A_COMPLETE_STATIC_SELECTOR.tsv	1	0
OLMOE	642	LDG.E.U16.STRONG.SM	LDG.E.U16.STRONG.SM R39, [R16.64] ;	GLOBAL	LOAD	False	one dynamic warp access of this static memory operand	QUALIFIED	2	SASS opcode U16/S16 data-width suffix	mref_operand_index=0	std::enable_if<!(false), void>::type internal::gemvx::kernel<int, int, __nv_bfloat16, __nv_bfloat16, __nv_bfloat16, float, false, true, true, false, 6, false, cublasGemvParamsEx<int, cublasGemvTensorStridedBatched<__nv_bfloat16 const>, cublasGemvTensorStridedBatched<__nv_bfloat16 const>, cublasGemvTensorStridedBatched<__nv_bfloat16>, float> >(cublasGemvParamsEx<int, cublasGemvTensorStridedBatched<__nv_bfloat16 const>, cublasGemvTensorStridedBatched<__nv_bfloat16 const>, cublasGemvTensorStridedBatched<__nv_bfloat16>, float>)	/root/share/mnt164/huangrulin/c16_ai_workload/raw/C16R_olmoe-1b-7b-0125-instruct_s2-t2048-d32_decode32_nvbit1771-c16warp1_expert58-down-proj-actual-a_20260922T100810Z_fc0f3cf67edf/selector_authority/VARIANT_A_COMPLETE_STATIC_SELECTOR.tsv	1	0
OLMOE	644	LDG.E.EF.U16	LDG.E.EF.U16 R79, [R6.64] ;	GLOBAL	LOAD	False	one dynamic warp access of this static memory operand	QUALIFIED	2	SASS opcode U16/S16 data-width suffix	mref_operand_index=0	std::enable_if<!(false), void>::type internal::gemvx::kernel<int, int, __nv_bfloat16, __nv_bfloat16, __nv_bfloat16, float, false, true, true, false, 6, false, cublasGemvParamsEx<int, cublasGemvTensorStridedBatched<__nv_bfloat16 const>, cublasGemvTensorStridedBatched<__nv_bfloat16 const>, cublasGemvTensorStridedBatched<__nv_bfloat16>, float> >(cublasGemvParamsEx<int, cublasGemvTensorStridedBatched<__nv_bfloat16 const>, cublasGemvTensorStridedBatched<__nv_bfloat16 const>, cublasGemvTensorStridedBatched<__nv_bfloat16>, float>)	/root/share/mnt164/huangrulin/c16_ai_workload/raw/C16R_olmoe-1b-7b-0125-instruct_s2-t2048-d32_decode32_nvbit1771-c16warp1_expert58-down-proj-actual-a_20260922T100810Z_fc0f3cf67edf/selector_authority/VARIANT_A_COMPLETE_STATIC_SELECTOR.tsv	1	0
OLMOE	646	LDG.E.U16.STRONG.SM	LDG.E.U16.STRONG.SM R80, [R8.64] ;	GLOBAL	LOAD	False	one dynamic warp access of this static memory operand	QUALIFIED	2	SASS opcode U16/S16 data-width suffix	mref_operand_index=0	std::enable_if<!(false), void>::type internal::gemvx::kernel<int, int, __nv_bfloat16, __nv_bfloat16, __nv_bfloat16, float, false, true, true, false, 6, false, cublasGemvParamsEx<int, cublasGemvTensorStridedBatched<__nv_bfloat16 const>, cublasGemvTensorStridedBatched<__nv_bfloat16 const>, cublasGemvTensorStridedBatched<__nv_bfloat16>, float> >(cublasGemvParamsEx<int, cublasGemvTensorStridedBatched<__nv_bfloat16 const>, cublasGemvTensorStridedBatched<__nv_bfloat16 const>, cublasGemvTensorStridedBatched<__nv_bfloat16>, float>)	/root/share/mnt164/huangrulin/c16_ai_workload/raw/C16R_olmoe-1b-7b-0125-instruct_s2-t2048-d32_decode32_nvbit1771-c16warp1_expert58-down-proj-actual-a_20260922T100810Z_fc0f3cf67edf/selector_authority/VARIANT_A_COMPLETE_STATIC_SELECTOR.tsv	1	0
OLMOE	648	LDG.E.EF.U16	LDG.E.EF.U16 R81, [R18.64] ;	GLOBAL	LOAD	False	one dynamic warp access of this static memory operand	QUALIFIED	2	SASS opcode U16/S16 data-width suffix	mref_operand_index=0	std::enable_if<!(false), void>::type internal::gemvx::kernel<int, int, __nv_bfloat16, __nv_bfloat16, __nv_bfloat16, float, false, true, true, false, 6, false, cublasGemvParamsEx<int, cublasGemvTensorStridedBatched<__nv_bfloat16 const>, cublasGemvTensorStridedBatched<__nv_bfloat16 const>, cublasGemvTensorStridedBatched<__nv_bfloat16>, float> >(cublasGemvParamsEx<int, cublasGemvTensorStridedBatched<__nv_bfloat16 const>, cublasGemvTensorStridedBatched<__nv_bfloat16 const>, cublasGemvTensorStridedBatched<__nv_bfloat16>, float>)	/root/share/mnt164/huangrulin/c16_ai_workload/raw/C16R_olmoe-1b-7b-0125-instruct_s2-t2048-d32_decode32_nvbit1771-c16warp1_expert58-down-proj-actual-a_20260922T100810Z_fc0f3cf67edf/selector_authority/VARIANT_A_COMPLETE_STATIC_SELECTOR.tsv	1	0
OLMOE	650	LDG.E.U16.STRONG.SM	LDG.E.U16.STRONG.SM R82, [R10.64] ;	GLOBAL	LOAD	False	one dynamic warp access of this static memory operand	QUALIFIED	2	SASS opcode U16/S16 data-width suffix	mref_operand_index=0	std::enable_if<!(false), void>::type internal::gemvx::kernel<int, int, __nv_bfloat16, __nv_bfloat16, __nv_bfloat16, float, false, true, true, false, 6, false, cublasGemvParamsEx<int, cublasGemvTensorStridedBatched<__nv_bfloat16 const>, cublasGemvTensorStridedBatched<__nv_bfloat16 const>, cublasGemvTensorStridedBatched<__nv_bfloat16>, float> >(cublasGemvParamsEx<int, cublasGemvTensorStridedBatched<__nv_bfloat16 const>, cublasGemvTensorStridedBatched<__nv_bfloat16 const>, cublasGemvTensorStridedBatched<__nv_bfloat16>, float>)	/root/share/mnt164/huangrulin/c16_ai_workload/raw/C16R_olmoe-1b-7b-0125-instruct_s2-t2048-d32_decode32_nvbit1771-c16warp1_expert58-down-proj-actual-a_20260922T100810Z_fc0f3cf67edf/selector_authority/VARIANT_A_COMPLETE_STATIC_SELECTOR.tsv	1	0
OLMOE	652	LDG.E.EF.U16	LDG.E.EF.U16 R26, [R26.64] ;	GLOBAL	LOAD	False	one dynamic warp access of this static memory operand	QUALIFIED	2	SASS opcode U16/S16 data-width suffix	mref_operand_index=0	std::enable_if<!(false), void>::type internal::gemvx::kernel<int, int, __nv_bfloat16, __nv_bfloat16, __nv_bfloat16, float, false, true, true, false, 6, false, cublasGemvParamsEx<int, cublasGemvTensorStridedBatched<__nv_bfloat16 const>, cublasGemvTensorStridedBatched<__nv_bfloat16 const>, cublasGemvTensorStridedBatched<__nv_bfloat16>, float> >(cublasGemvParamsEx<int, cublasGemvTensorStridedBatched<__nv_bfloat16 const>, cublasGemvTensorStridedBatched<__nv_bfloat16 const>, cublasGemvTensorStridedBatched<__nv_bfloat16>, float>)	/root/share/mnt164/huangrulin/c16_ai_workload/raw/C16R_olmoe-1b-7b-0125-instruct_s2-t2048-d32_decode32_nvbit1771-c16warp1_expert58-down-proj-actual-a_20260922T100810Z_fc0f3cf67edf/selector_authority/VARIANT_A_COMPLETE_STATIC_SELECTOR.tsv	1	0
OLMOE	654	LDG.E.U16.STRONG.SM	LDG.E.U16.STRONG.SM R28, [R28.64] ;	GLOBAL	LOAD	False	one dynamic warp access of this static memory operand	QUALIFIED	2	SASS opcode U16/S16 data-width suffix	mref_operand_index=0	std::enable_if<!(false), void>::type internal::gemvx::kernel<int, int, __nv_bfloat16, __nv_bfloat16, __nv_bfloat16, float, false, true, true, false, 6, false, cublasGemvParamsEx<int, cublasGemvTensorStridedBatched<__nv_bfloat16 const>, cublasGemvTensorStridedBatched<__nv_bfloat16 const>, cublasGemvTensorStridedBatched<__nv_bfloat16>, float> >(cublasGemvParamsEx<int, cublasGemvTensorStridedBatched<__nv_bfloat16 const>, cublasGemvTensorStridedBatched<__nv_bfloat16 const>, cublasGemvTensorStridedBatched<__nv_bfloat16>, float>)	/root/share/mnt164/huangrulin/c16_ai_workload/raw/C16R_olmoe-1b-7b-0125-instruct_s2-t2048-d32_decode32_nvbit1771-c16warp1_expert58-down-proj-actual-a_20260922T100810Z_fc0f3cf67edf/selector_authority/VARIANT_A_COMPLETE_STATIC_SELECTOR.tsv	1	0
OLMOE	656	LDG.E.EF.U16	LDG.E.EF.U16 R30, [R30.64] ;	GLOBAL	LOAD	False	one dynamic warp access of this static memory operand	QUALIFIED	2	SASS opcode U16/S16 data-width suffix	mref_operand_index=0	std::enable_if<!(false), void>::type internal::gemvx::kernel<int, int, __nv_bfloat16, __nv_bfloat16, __nv_bfloat16, float, false, true, true, false, 6, false, cublasGemvParamsEx<int, cublasGemvTensorStridedBatched<__nv_bfloat16 const>, cublasGemvTensorStridedBatched<__nv_bfloat16 const>, cublasGemvTensorStridedBatched<__nv_bfloat16>, float> >(cublasGemvParamsEx<int, cublasGemvTensorStridedBatched<__nv_bfloat16 const>, cublasGemvTensorStridedBatched<__nv_bfloat16 const>, cublasGemvTensorStridedBatched<__nv_bfloat16>, float>)	/root/share/mnt164/huangrulin/c16_ai_workload/raw/C16R_olmoe-1b-7b-0125-instruct_s2-t2048-d32_decode32_nvbit1771-c16warp1_expert58-down-proj-actual-a_20260922T100810Z_fc0f3cf67edf/selector_authority/VARIANT_A_COMPLETE_STATIC_SELECTOR.tsv	1	0
OLMOE	658	LDG.E.U16.STRONG.SM	LDG.E.U16.STRONG.SM R32, [R32.64] ;	GLOBAL	LOAD	False	one dynamic warp access of this static memory operand	QUALIFIED	2	SASS opcode U16/S16 data-width suffix	mref_operand_index=0	std::enable_if<!(false), void>::type internal::gemvx::kernel<int, int, __nv_bfloat16, __nv_bfloat16, __nv_bfloat16, float, false, true, true, false, 6, false, cublasGemvParamsEx<int, cublasGemvTensorStridedBatched<__nv_bfloat16 const>, cublasGemvTensorStridedBatched<__nv_bfloat16 const>, cublasGemvTensorStridedBatched<__nv_bfloat16>, float> >(cublasGemvParamsEx<int, cublasGemvTensorStridedBatched<__nv_bfloat16 const>, cublasGemvTensorStridedBatched<__nv_bfloat16 const>, cublasGemvTensorStridedBatched<__nv_bfloat16>, float>)	/root/share/mnt164/huangrulin/c16_ai_workload/raw/C16R_olmoe-1b-7b-0125-instruct_s2-t2048-d32_decode32_nvbit1771-c16warp1_expert58-down-proj-actual-a_20260922T100810Z_fc0f3cf67edf/selector_authority/VARIANT_A_COMPLETE_STATIC_SELECTOR.tsv	1	0
OLMOE	660	LDG.E.EF.U16	LDG.E.EF.U16 R36, [R36.64] ;	GLOBAL	LOAD	False	one dynamic warp access of this static memory operand	QUALIFIED	2	SASS opcode U16/S16 data-width suffix	mref_operand_index=0	std::enable_if<!(false), void>::type internal::gemvx::kernel<int, int, __nv_bfloat16, __nv_bfloat16, __nv_bfloat16, float, false, true, true, false, 6, false, cublasGemvParamsEx<int, cublasGemvTensorStridedBatched<__nv_bfloat16 const>, cublasGemvTensorStridedBatched<__nv_bfloat16 const>, cublasGemvTensorStridedBatched<__nv_bfloat16>, float> >(cublasGemvParamsEx<int, cublasGemvTensorStridedBatched<__nv_bfloat16 const>, cublasGemvTensorStridedBatched<__nv_bfloat16 const>, cublasGemvTensorStridedBatched<__nv_bfloat16>, float>)	/root/share/mnt164/huangrulin/c16_ai_workload/raw/C16R_olmoe-1b-7b-0125-instruct_s2-t2048-d32_decode32_nvbit1771-c16warp1_expert58-down-proj-actual-a_20260922T100810Z_fc0f3cf67edf/selector_authority/VARIANT_A_COMPLETE_STATIC_SELECTOR.tsv	1	0
OLMOE	662	LDG.E.U16.STRONG.SM	LDG.E.U16.STRONG.SM R34, [R34.64] ;	GLOBAL	LOAD	False	one dynamic warp access of this static memory operand	QUALIFIED	2	SASS opcode U16/S16 data-width suffix	mref_operand_index=0	std::enable_if<!(false), void>::type internal::gemvx::kernel<int, int, __nv_bfloat16, __nv_bfloat16, __nv_bfloat16, float, false, true, true, false, 6, false, cublasGemvParamsEx<int, cublasGemvTensorStridedBatched<__nv_bfloat16 const>, cublasGemvTensorStridedBatched<__nv_bfloat16 const>, cublasGemvTensorStridedBatched<__nv_bfloat16>, float> >(cublasGemvParamsEx<int, cublasGemvTensorStridedBatched<__nv_bfloat16 const>, cublasGemvTensorStridedBatched<__nv_bfloat16 const>, cublasGemvTensorStridedBatched<__nv_bfloat16>, float>)	/root/share/mnt164/huangrulin/c16_ai_workload/raw/C16R_olmoe-1b-7b-0125-instruct_s2-t2048-d32_decode32_nvbit1771-c16warp1_expert58-down-proj-actual-a_20260922T100810Z_fc0f3cf67edf/selector_authority/VARIANT_A_COMPLETE_STATIC_SELECTOR.tsv	1	0
OLMOE	664	LDG.E.EF.U16	LDG.E.EF.U16 R83, [R20.64] ;	GLOBAL	LOAD	False	one dynamic warp access of this static memory operand	QUALIFIED	2	SASS opcode U16/S16 data-width suffix	mref_operand_index=0	std::enable_if<!(false), void>::type internal::gemvx::kernel<int, int, __nv_bfloat16, __nv_bfloat16, __nv_bfloat16, float, false, true, true, false, 6, false, cublasGemvParamsEx<int, cublasGemvTensorStridedBatched<__nv_bfloat16 const>, cublasGemvTensorStridedBatched<__nv_bfloat16 const>, cublasGemvTensorStridedBatched<__nv_bfloat16>, float> >(cublasGemvParamsEx<int, cublasGemvTensorStridedBatched<__nv_bfloat16 const>, cublasGemvTensorStridedBatched<__nv_bfloat16 const>, cublasGemvTensorStridedBatched<__nv_bfloat16>, float>)	/root/share/mnt164/huangrulin/c16_ai_workload/raw/C16R_olmoe-1b-7b-0125-instruct_s2-t2048-d32_decode32_nvbit1771-c16warp1_expert58-down-proj-actual-a_20260922T100810Z_fc0f3cf67edf/selector_authority/VARIANT_A_COMPLETE_STATIC_SELECTOR.tsv	1	0
OLMOE	666	LDG.E.U16.STRONG.SM	LDG.E.U16.STRONG.SM R27, [R22.64] ;	GLOBAL	LOAD	False	one dynamic warp access of this static memory operand	QUALIFIED	2	SASS opcode U16/S16 data-width suffix	mref_operand_index=0	std::enable_if<!(false), void>::type internal::gemvx::kernel<int, int, __nv_bfloat16, __nv_bfloat16, __nv_bfloat16, float, false, true, true, false, 6, false, cublasGemvParamsEx<int, cublasGemvTensorStridedBatched<__nv_bfloat16 const>, cublasGemvTensorStridedBatched<__nv_bfloat16 const>, cublasGemvTensorStridedBatched<__nv_bfloat16>, float> >(cublasGemvParamsEx<int, cublasGemvTensorStridedBatched<__nv_bfloat16 const>, cublasGemvTensorStridedBatched<__nv_bfloat16 const>, cublasGemvTensorStridedBatched<__nv_bfloat16>, float>)	/root/share/mnt164/huangrulin/c16_ai_workload/raw/C16R_olmoe-1b-7b-0125-instruct_s2-t2048-d32_decode32_nvbit1771-c16warp1_expert58-down-proj-actual-a_20260922T100810Z_fc0f3cf67edf/selector_authority/VARIANT_A_COMPLETE_STATIC_SELECTOR.tsv	1	0
OLMOE	668	LDG.E.EF.U16	LDG.E.EF.U16 R29, [R12.64] ;	GLOBAL	LOAD	False	one dynamic warp access of this static memory operand	QUALIFIED	2	SASS opcode U16/S16 data-width suffix	mref_operand_index=0	std::enable_if<!(false), void>::type internal::gemvx::kernel<int, int, __nv_bfloat16, __nv_bfloat16, __nv_bfloat16, float, false, true, true, false, 6, false, cublasGemvParamsEx<int, cublasGemvTensorStridedBatched<__nv_bfloat16 const>, cublasGemvTensorStridedBatched<__nv_bfloat16 const>, cublasGemvTensorStridedBatched<__nv_bfloat16>, float> >(cublasGemvParamsEx<int, cublasGemvTensorStridedBatched<__nv_bfloat16 const>, cublasGemvTensorStridedBatched<__nv_bfloat16 const>, cublasGemvTensorStridedBatched<__nv_bfloat16>, float>)	/root/share/mnt164/huangrulin/c16_ai_workload/raw/C16R_olmoe-1b-7b-0125-instruct_s2-t2048-d32_decode32_nvbit1771-c16warp1_expert58-down-proj-actual-a_20260922T100810Z_fc0f3cf67edf/selector_authority/VARIANT_A_COMPLETE_STATIC_SELECTOR.tsv	1	0
OLMOE	670	LDG.E.U16.STRONG.SM	LDG.E.U16.STRONG.SM R14, [R14.64] ;	GLOBAL	LOAD	False	one dynamic warp access of this static memory operand	QUALIFIED	2	SASS opcode U16/S16 data-width suffix	mref_operand_index=0	std::enable_if<!(false), void>::type internal::gemvx::kernel<int, int, __nv_bfloat16, __nv_bfloat16, __nv_bfloat16, float, false, true, true, false, 6, false, cublasGemvParamsEx<int, cublasGemvTensorStridedBatched<__nv_bfloat16 const>, cublasGemvTensorStridedBatched<__nv_bfloat16 const>, cublasGemvTensorStridedBatched<__nv_bfloat16>, float> >(cublasGemvParamsEx<int, cublasGemvTensorStridedBatched<__nv_bfloat16 const>, cublasGemvTensorStridedBatched<__nv_bfloat16 const>, cublasGemvTensorStridedBatched<__nv_bfloat16>, float>)	/root/share/mnt164/huangrulin/c16_ai_workload/raw/C16R_olmoe-1b-7b-0125-instruct_s2-t2048-d32_decode32_nvbit1771-c16warp1_expert58-down-proj-actual-a_20260922T100810Z_fc0f3cf67edf/selector_authority/VARIANT_A_COMPLETE_STATIC_SELECTOR.tsv	1	0
OLMOE	672	LDG.E.EF.U16	LDG.E.EF.U16 R31, [R8.64] ;	GLOBAL	LOAD	False	one dynamic warp access of this static memory operand	QUALIFIED	2	SASS opcode U16/S16 data-width suffix	mref_operand_index=0	std::enable_if<!(false), void>::type internal::gemvx::kernel<int, int, __nv_bfloat16, __nv_bfloat16, __nv_bfloat16, float, false, true, true, false, 6, false, cublasGemvParamsEx<int, cublasGemvTensorStridedBatched<__nv_bfloat16 const>, cublasGemvTensorStridedBatched<__nv_bfloat16 const>, cublasGemvTensorStridedBatched<__nv_bfloat16>, float> >(cublasGemvParamsEx<int, cublasGemvTensorStridedBatched<__nv_bfloat16 const>, cublasGemvTensorStridedBatched<__nv_bfloat16 const>, cublasGemvTensorStridedBatched<__nv_bfloat16>, float>)	/root/share/mnt164/huangrulin/c16_ai_workload/raw/C16R_olmoe-1b-7b-0125-instruct_s2-t2048-d32_decode32_nvbit1771-c16warp1_expert58-down-proj-actual-a_20260922T100810Z_fc0f3cf67edf/selector_authority/VARIANT_A_COMPLETE_STATIC_SELECTOR.tsv	1	0
OLMOE	674	LDG.E.U16.STRONG.SM	LDG.E.U16.STRONG.SM R6, [R6.64] ;	GLOBAL	LOAD	False	one dynamic warp access of this static memory operand	QUALIFIED	2	SASS opcode U16/S16 data-width suffix	mref_operand_index=0	std::enable_if<!(false), void>::type internal::gemvx::kernel<int, int, __nv_bfloat16, __nv_bfloat16, __nv_bfloat16, float, false, true, true, false, 6, false, cublasGemvParamsEx<int, cublasGemvTensorStridedBatched<__nv_bfloat16 const>, cublasGemvTensorStridedBatched<__nv_bfloat16 const>, cublasGemvTensorStridedBatched<__nv_bfloat16>, float> >(cublasGemvParamsEx<int, cublasGemvTensorStridedBatched<__nv_bfloat16 const>, cublasGemvTensorStridedBatched<__nv_bfloat16 const>, cublasGemvTensorStridedBatched<__nv_bfloat16>, float>)	/root/share/mnt164/huangrulin/c16_ai_workload/raw/C16R_olmoe-1b-7b-0125-instruct_s2-t2048-d32_decode32_nvbit1771-c16warp1_expert58-down-proj-actual-a_20260922T100810Z_fc0f3cf67edf/selector_authority/VARIANT_A_COMPLETE_STATIC_SELECTOR.tsv	1	0
OLMOE	676	LDG.E.EF.U16	LDG.E.EF.U16 R10, [R10.64] ;	GLOBAL	LOAD	False	one dynamic warp access of this static memory operand	QUALIFIED	2	SASS opcode U16/S16 data-width suffix	mref_operand_index=0	std::enable_if<!(false), void>::type internal::gemvx::kernel<int, int, __nv_bfloat16, __nv_bfloat16, __nv_bfloat16, float, false, true, true, false, 6, false, cublasGemvParamsEx<int, cublasGemvTensorStridedBatched<__nv_bfloat16 const>, cublasGemvTensorStridedBatched<__nv_bfloat16 const>, cublasGemvTensorStridedBatched<__nv_bfloat16>, float> >(cublasGemvParamsEx<int, cublasGemvTensorStridedBatched<__nv_bfloat16 const>, cublasGemvTensorStridedBatched<__nv_bfloat16 const>, cublasGemvTensorStridedBatched<__nv_bfloat16>, float>)	/root/share/mnt164/huangrulin/c16_ai_workload/raw/C16R_olmoe-1b-7b-0125-instruct_s2-t2048-d32_decode32_nvbit1771-c16warp1_expert58-down-proj-actual-a_20260922T100810Z_fc0f3cf67edf/selector_authority/VARIANT_A_COMPLETE_STATIC_SELECTOR.tsv	1	0
OLMOE	678	LDG.E.U16.STRONG.SM	LDG.E.U16.STRONG.SM R16, [R16.64] ;	GLOBAL	LOAD	False	one dynamic warp access of this static memory operand	QUALIFIED	2	SASS opcode U16/S16 data-width suffix	mref_operand_index=0	std::enable_if<!(false), void>::type internal::gemvx::kernel<int, int, __nv_bfloat16, __nv_bfloat16, __nv_bfloat16, float, false, true, true, false, 6, false, cublasGemvParamsEx<int, cublasGemvTensorStridedBatched<__nv_bfloat16 const>, cublasGemvTensorStridedBatched<__nv_bfloat16 const>, cublasGemvTensorStridedBatched<__nv_bfloat16>, float> >(cublasGemvParamsEx<int, cublasGemvTensorStridedBatched<__nv_bfloat16 const>, cublasGemvTensorStridedBatched<__nv_bfloat16 const>, cublasGemvTensorStridedBatched<__nv_bfloat16>, float>)	/root/share/mnt164/huangrulin/c16_ai_workload/raw/C16R_olmoe-1b-7b-0125-instruct_s2-t2048-d32_decode32_nvbit1771-c16warp1_expert58-down-proj-actual-a_20260922T100810Z_fc0f3cf67edf/selector_authority/VARIANT_A_COMPLETE_STATIC_SELECTOR.tsv	1	0
OLMOE	680	LDG.E.EF.U16	LDG.E.EF.U16 R18, [R18.64] ;	GLOBAL	LOAD	False	one dynamic warp access of this static memory operand	QUALIFIED	2	SASS opcode U16/S16 data-width suffix	mref_operand_index=0	std::enable_if<!(false), void>::type internal::gemvx::kernel<int, int, __nv_bfloat16, __nv_bfloat16, __nv_bfloat16, float, false, true, true, false, 6, false, cublasGemvParamsEx<int, cublasGemvTensorStridedBatched<__nv_bfloat16 const>, cublasGemvTensorStridedBatched<__nv_bfloat16 const>, cublasGemvTensorStridedBatched<__nv_bfloat16>, float> >(cublasGemvParamsEx<int, cublasGemvTensorStridedBatched<__nv_bfloat16 const>, cublasGemvTensorStridedBatched<__nv_bfloat16 const>, cublasGemvTensorStridedBatched<__nv_bfloat16>, float>)	/root/share/mnt164/huangrulin/c16_ai_workload/raw/C16R_olmoe-1b-7b-0125-instruct_s2-t2048-d32_decode32_nvbit1771-c16warp1_expert58-down-proj-actual-a_20260922T100810Z_fc0f3cf67edf/selector_authority/VARIANT_A_COMPLETE_STATIC_SELECTOR.tsv	1	0
OLMOE	682	LDG.E.U16.STRONG.SM	LDG.E.U16.STRONG.SM R24, [R24.64] ;	GLOBAL	LOAD	False	one dynamic warp access of this static memory operand	QUALIFIED	2	SASS opcode U16/S16 data-width suffix	mref_operand_index=0	std::enable_if<!(false), void>::type internal::gemvx::kernel<int, int, __nv_bfloat16, __nv_bfloat16, __nv_bfloat16, float, false, true, true, false, 6, false, cublasGemvParamsEx<int, cublasGemvTensorStridedBatched<__nv_bfloat16 const>, cublasGemvTensorStridedBatched<__nv_bfloat16 const>, cublasGemvTensorStridedBatched<__nv_bfloat16>, float> >(cublasGemvParamsEx<int, cublasGemvTensorStridedBatched<__nv_bfloat16 const>, cublasGemvTensorStridedBatched<__nv_bfloat16 const>, cublasGemvTensorStridedBatched<__nv_bfloat16>, float>)	/root/share/mnt164/huangrulin/c16_ai_workload/raw/C16R_olmoe-1b-7b-0125-instruct_s2-t2048-d32_decode32_nvbit1771-c16warp1_expert58-down-proj-actual-a_20260922T100810Z_fc0f3cf67edf/selector_authority/VARIANT_A_COMPLETE_STATIC_SELECTOR.tsv	1	0
OLMOE	684	LDG.E.EF.U16	LDG.E.EF.U16 R15, [R22.64] ;	GLOBAL	LOAD	False	one dynamic warp access of this static memory operand	QUALIFIED	2	SASS opcode U16/S16 data-width suffix	mref_operand_index=0	std::enable_if<!(false), void>::type internal::gemvx::kernel<int, int, __nv_bfloat16, __nv_bfloat16, __nv_bfloat16, float, false, true, true, false, 6, false, cublasGemvParamsEx<int, cublasGemvTensorStridedBatched<__nv_bfloat16 const>, cublasGemvTensorStridedBatched<__nv_bfloat16 const>, cublasGemvTensorStridedBatched<__nv_bfloat16>, float> >(cublasGemvParamsEx<int, cublasGemvTensorStridedBatched<__nv_bfloat16 const>, cublasGemvTensorStridedBatched<__nv_bfloat16 const>, cublasGemvTensorStridedBatched<__nv_bfloat16>, float>)	/root/share/mnt164/huangrulin/c16_ai_workload/raw/C16R_olmoe-1b-7b-0125-instruct_s2-t2048-d32_decode32_nvbit1771-c16warp1_expert58-down-proj-actual-a_20260922T100810Z_fc0f3cf67edf/selector_authority/VARIANT_A_COMPLETE_STATIC_SELECTOR.tsv	1	0
OLMOE	686	LDG.E.U16.STRONG.SM	LDG.E.U16.STRONG.SM R20, [R20.64] ;	GLOBAL	LOAD	False	one dynamic warp access of this static memory operand	QUALIFIED	2	SASS opcode U16/S16 data-width suffix	mref_operand_index=0	std::enable_if<!(false), void>::type internal::gemvx::kernel<int, int, __nv_bfloat16, __nv_bfloat16, __nv_bfloat16, float, false, true, true, false, 6, false, cublasGemvParamsEx<int, cublasGemvTensorStridedBatched<__nv_bfloat16 const>, cublasGemvTensorStridedBatched<__nv_bfloat16 const>, cublasGemvTensorStridedBatched<__nv_bfloat16>, float> >(cublasGemvParamsEx<int, cublasGemvTensorStridedBatched<__nv_bfloat16 const>, cublasGemvTensorStridedBatched<__nv_bfloat16 const>, cublasGemvTensorStridedBatched<__nv_bfloat16>, float>)	/root/share/mnt164/huangrulin/c16_ai_workload/raw/C16R_olmoe-1b-7b-0125-instruct_s2-t2048-d32_decode32_nvbit1771-c16warp1_expert58-down-proj-actual-a_20260922T100810Z_fc0f3cf67edf/selector_authority/VARIANT_A_COMPLETE_STATIC_SELECTOR.tsv	1	0
OLMOE	687	LDG.E.EF.U16	LDG.E.EF.U16 R8, [R8.64] ;	GLOBAL	LOAD	False	one dynamic warp access of this static memory operand	QUALIFIED	2	SASS opcode U16/S16 data-width suffix	mref_operand_index=0	std::enable_if<!(false), void>::type internal::gemvx::kernel<int, int, __nv_bfloat16, __nv_bfloat16, __nv_bfloat16, float, false, true, true, false, 6, false, cublasGemvParamsEx<int, cublasGemvTensorStridedBatched<__nv_bfloat16 const>, cublasGemvTensorStridedBatched<__nv_bfloat16 const>, cublasGemvTensorStridedBatched<__nv_bfloat16>, float> >(cublasGemvParamsEx<int, cublasGemvTensorStridedBatched<__nv_bfloat16 const>, cublasGemvTensorStridedBatched<__nv_bfloat16 const>, cublasGemvTensorStridedBatched<__nv_bfloat16>, float>)	/root/share/mnt164/huangrulin/c16_ai_workload/raw/C16R_olmoe-1b-7b-0125-instruct_s2-t2048-d32_decode32_nvbit1771-c16warp1_expert58-down-proj-actual-a_20260922T100810Z_fc0f3cf67edf/selector_authority/VARIANT_A_COMPLETE_STATIC_SELECTOR.tsv	1	0
OLMOE	688	LDG.E.U16.STRONG.SM	LDG.E.U16.STRONG.SM R12, [R12.64] ;	GLOBAL	LOAD	False	one dynamic warp access of this static memory operand	QUALIFIED	2	SASS opcode U16/S16 data-width suffix	mref_operand_index=0	std::enable_if<!(false), void>::type internal::gemvx::kernel<int, int, __nv_bfloat16, __nv_bfloat16, __nv_bfloat16, float, false, true, true, false, 6, false, cublasGemvParamsEx<int, cublasGemvTensorStridedBatched<__nv_bfloat16 const>, cublasGemvTensorStridedBatched<__nv_bfloat16 const>, cublasGemvTensorStridedBatched<__nv_bfloat16>, float> >(cublasGemvParamsEx<int, cublasGemvTensorStridedBatched<__nv_bfloat16 const>, cublasGemvTensorStridedBatched<__nv_bfloat16 const>, cublasGemvTensorStridedBatched<__nv_bfloat16>, float>)	/root/share/mnt164/huangrulin/c16_ai_workload/raw/C16R_olmoe-1b-7b-0125-instruct_s2-t2048-d32_decode32_nvbit1771-c16warp1_expert58-down-proj-actual-a_20260922T100810Z_fc0f3cf67edf/selector_authority/VARIANT_A_COMPLETE_STATIC_SELECTOR.tsv	1	0
OLMOE	803	LDG.E.EF.U16	LDG.E.EF.U16 R7, [R8.64] ;	GLOBAL	LOAD	False	one dynamic warp access of this static memory operand	QUALIFIED	2	SASS opcode U16/S16 data-width suffix	mref_operand_index=0	std::enable_if<!(false), void>::type internal::gemvx::kernel<int, int, __nv_bfloat16, __nv_bfloat16, __nv_bfloat16, float, false, true, true, false, 6, false, cublasGemvParamsEx<int, cublasGemvTensorStridedBatched<__nv_bfloat16 const>, cublasGemvTensorStridedBatched<__nv_bfloat16 const>, cublasGemvTensorStridedBatched<__nv_bfloat16>, float> >(cublasGemvParamsEx<int, cublasGemvTensorStridedBatched<__nv_bfloat16 const>, cublasGemvTensorStridedBatched<__nv_bfloat16 const>, cublasGemvTensorStridedBatched<__nv_bfloat16>, float>)	/root/share/mnt164/huangrulin/c16_ai_workload/raw/C16R_olmoe-1b-7b-0125-instruct_s2-t2048-d32_decode32_nvbit1771-c16warp1_expert58-down-proj-actual-a_20260922T100810Z_fc0f3cf67edf/selector_authority/VARIANT_A_COMPLETE_STATIC_SELECTOR.tsv	1	0
OLMOE	805	LDG.E.U16.STRONG.SM	LDG.E.U16.STRONG.SM R40, [R12.64] ;	GLOBAL	LOAD	False	one dynamic warp access of this static memory operand	QUALIFIED	2	SASS opcode U16/S16 data-width suffix	mref_operand_index=0	std::enable_if<!(false), void>::type internal::gemvx::kernel<int, int, __nv_bfloat16, __nv_bfloat16, __nv_bfloat16, float, false, true, true, false, 6, false, cublasGemvParamsEx<int, cublasGemvTensorStridedBatched<__nv_bfloat16 const>, cublasGemvTensorStridedBatched<__nv_bfloat16 const>, cublasGemvTensorStridedBatched<__nv_bfloat16>, float> >(cublasGemvParamsEx<int, cublasGemvTensorStridedBatched<__nv_bfloat16 const>, cublasGemvTensorStridedBatched<__nv_bfloat16 const>, cublasGemvTensorStridedBatched<__nv_bfloat16>, float>)	/root/share/mnt164/huangrulin/c16_ai_workload/raw/C16R_olmoe-1b-7b-0125-instruct_s2-t2048-d32_decode32_nvbit1771-c16warp1_expert58-down-proj-actual-a_20260922T100810Z_fc0f3cf67edf/selector_authority/VARIANT_A_COMPLETE_STATIC_SELECTOR.tsv	1	0
OLMOE	807	LDG.E.EF.U16	LDG.E.EF.U16 R41, [R10.64] ;	GLOBAL	LOAD	False	one dynamic warp access of this static memory operand	QUALIFIED	2	SASS opcode U16/S16 data-width suffix	mref_operand_index=0	std::enable_if<!(false), void>::type internal::gemvx::kernel<int, int, __nv_bfloat16, __nv_bfloat16, __nv_bfloat16, float, false, true, true, false, 6, false, cublasGemvParamsEx<int, cublasGemvTensorStridedBatched<__nv_bfloat16 const>, cublasGemvTensorStridedBatched<__nv_bfloat16 const>, cublasGemvTensorStridedBatched<__nv_bfloat16>, float> >(cublasGemvParamsEx<int, cublasGemvTensorStridedBatched<__nv_bfloat16 const>, cublasGemvTensorStridedBatched<__nv_bfloat16 const>, cublasGemvTensorStridedBatched<__nv_bfloat16>, float>)	/root/share/mnt164/huangrulin/c16_ai_workload/raw/C16R_olmoe-1b-7b-0125-instruct_s2-t2048-d32_decode32_nvbit1771-c16warp1_expert58-down-proj-actual-a_20260922T100810Z_fc0f3cf67edf/selector_authority/VARIANT_A_COMPLETE_STATIC_SELECTOR.tsv	1	0
OLMOE	809	LDG.E.U16.STRONG.SM	LDG.E.U16.STRONG.SM R42, [R14.64] ;	GLOBAL	LOAD	False	one dynamic warp access of this static memory operand	QUALIFIED	2	SASS opcode U16/S16 data-width suffix	mref_operand_index=0	std::enable_if<!(false), void>::type internal::gemvx::kernel<int, int, __nv_bfloat16, __nv_bfloat16, __nv_bfloat16, float, false, true, true, false, 6, false, cublasGemvParamsEx<int, cublasGemvTensorStridedBatched<__nv_bfloat16 const>, cublasGemvTensorStridedBatched<__nv_bfloat16 const>, cublasGemvTensorStridedBatched<__nv_bfloat16>, float> >(cublasGemvParamsEx<int, cublasGemvTensorStridedBatched<__nv_bfloat16 const>, cublasGemvTensorStridedBatched<__nv_bfloat16 const>, cublasGemvTensorStridedBatched<__nv_bfloat16>, float>)	/root/share/mnt164/huangrulin/c16_ai_workload/raw/C16R_olmoe-1b-7b-0125-instruct_s2-t2048-d32_decode32_nvbit1771-c16warp1_expert58-down-proj-actual-a_20260922T100810Z_fc0f3cf67edf/selector_authority/VARIANT_A_COMPLETE_STATIC_SELECTOR.tsv	1	0
OLMOE	811	LDG.E.EF.U16	LDG.E.EF.U16 R43, [R16.64] ;	GLOBAL	LOAD	False	one dynamic warp access of this static memory operand	QUALIFIED	2	SASS opcode U16/S16 data-width suffix	mref_operand_index=0	std::enable_if<!(false), void>::type internal::gemvx::kernel<int, int, __nv_bfloat16, __nv_bfloat16, __nv_bfloat16, float, false, true, true, false, 6, false, cublasGemvParamsEx<int, cublasGemvTensorStridedBatched<__nv_bfloat16 const>, cublasGemvTensorStridedBatched<__nv_bfloat16 const>, cublasGemvTensorStridedBatched<__nv_bfloat16>, float> >(cublasGemvParamsEx<int, cublasGemvTensorStridedBatched<__nv_bfloat16 const>, cublasGemvTensorStridedBatched<__nv_bfloat16 const>, cublasGemvTensorStridedBatched<__nv_bfloat16>, float>)	/root/share/mnt164/huangrulin/c16_ai_workload/raw/C16R_olmoe-1b-7b-0125-instruct_s2-t2048-d32_decode32_nvbit1771-c16warp1_expert58-down-proj-actual-a_20260922T100810Z_fc0f3cf67edf/selector_authority/VARIANT_A_COMPLETE_STATIC_SELECTOR.tsv	1	0
OLMOE	813	LDG.E.U16.STRONG.SM	LDG.E.U16.STRONG.SM R44, [R18.64] ;	GLOBAL	LOAD	False	one dynamic warp access of this static memory operand	QUALIFIED	2	SASS opcode U16/S16 data-width suffix	mref_operand_index=0	std::enable_if<!(false), void>::type internal::gemvx::kernel<int, int, __nv_bfloat16, __nv_bfloat16, __nv_bfloat16, float, false, true, true, false, 6, false, cublasGemvParamsEx<int, cublasGemvTensorStridedBatched<__nv_bfloat16 const>, cublasGemvTensorStridedBatched<__nv_bfloat16 const>, cublasGemvTensorStridedBatched<__nv_bfloat16>, float> >(cublasGemvParamsEx<int, cublasGemvTensorStridedBatched<__nv_bfloat16 const>, cublasGemvTensorStridedBatched<__nv_bfloat16 const>, cublasGemvTensorStridedBatched<__nv_bfloat16>, float>)	/root/share/mnt164/huangrulin/c16_ai_workload/raw/C16R_olmoe-1b-7b-0125-instruct_s2-t2048-d32_decode32_nvbit1771-c16warp1_expert58-down-proj-actual-a_20260922T100810Z_fc0f3cf67edf/selector_authority/VARIANT_A_COMPLETE_STATIC_SELECTOR.tsv	1	0
OLMOE	815	LDG.E.EF.U16	LDG.E.EF.U16 R45, [R20.64] ;	GLOBAL	LOAD	False	one dynamic warp access of this static memory operand	QUALIFIED	2	SASS opcode U16/S16 data-width suffix	mref_operand_index=0	std::enable_if<!(false), void>::type internal::gemvx::kernel<int, int, __nv_bfloat16, __nv_bfloat16, __nv_bfloat16, float, false, true, true, false, 6, false, cublasGemvParamsEx<int, cublasGemvTensorStridedBatched<__nv_bfloat16 const>, cublasGemvTensorStridedBatched<__nv_bfloat16 const>, cublasGemvTensorStridedBatched<__nv_bfloat16>, float> >(cublasGemvParamsEx<int, cublasGemvTensorStridedBatched<__nv_bfloat16 const>, cublasGemvTensorStridedBatched<__nv_bfloat16 const>, cublasGemvTensorStridedBatched<__nv_bfloat16>, float>)	/root/share/mnt164/huangrulin/c16_ai_workload/raw/C16R_olmoe-1b-7b-0125-instruct_s2-t2048-d32_decode32_nvbit1771-c16warp1_expert58-down-proj-actual-a_20260922T100810Z_fc0f3cf67edf/selector_authority/VARIANT_A_COMPLETE_STATIC_SELECTOR.tsv	1	0
OLMOE	817	LDG.E.U16.STRONG.SM	LDG.E.U16.STRONG.SM R46, [R22.64] ;	GLOBAL	LOAD	False	one dynamic warp access of this static memory operand	QUALIFIED	2	SASS opcode U16/S16 data-width suffix	mref_operand_index=0	std::enable_if<!(false), void>::type internal::gemvx::kernel<int, int, __nv_bfloat16, __nv_bfloat16, __nv_bfloat16, float, false, true, true, false, 6, false, cublasGemvParamsEx<int, cublasGemvTensorStridedBatched<__nv_bfloat16 const>, cublasGemvTensorStridedBatched<__nv_bfloat16 const>, cublasGemvTensorStridedBatched<__nv_bfloat16>, float> >(cublasGemvParamsEx<int, cublasGemvTensorStridedBatched<__nv_bfloat16 const>, cublasGemvTensorStridedBatched<__nv_bfloat16 const>, cublasGemvTensorStridedBatched<__nv_bfloat16>, float>)	/root/share/mnt164/huangrulin/c16_ai_workload/raw/C16R_olmoe-1b-7b-0125-instruct_s2-t2048-d32_decode32_nvbit1771-c16warp1_expert58-down-proj-actual-a_20260922T100810Z_fc0f3cf67edf/selector_authority/VARIANT_A_COMPLETE_STATIC_SELECTOR.tsv	1	0
OLMOE	819	LDG.E.EF.U16	LDG.E.EF.U16 R47, [R24.64] ;	GLOBAL	LOAD	False	one dynamic warp access of this static memory operand	QUALIFIED	2	SASS opcode U16/S16 data-width suffix	mref_operand_index=0	std::enable_if<!(false), void>::type internal::gemvx::kernel<int, int, __nv_bfloat16, __nv_bfloat16, __nv_bfloat16, float, false, true, true, false, 6, false, cublasGemvParamsEx<int, cublasGemvTensorStridedBatched<__nv_bfloat16 const>, cublasGemvTensorStridedBatched<__nv_bfloat16 const>, cublasGemvTensorStridedBatched<__nv_bfloat16>, float> >(cublasGemvParamsEx<int, cublasGemvTensorStridedBatched<__nv_bfloat16 const>, cublasGemvTensorStridedBatched<__nv_bfloat16 const>, cublasGemvTensorStridedBatched<__nv_bfloat16>, float>)	/root/share/mnt164/huangrulin/c16_ai_workload/raw/C16R_olmoe-1b-7b-0125-instruct_s2-t2048-d32_decode32_nvbit1771-c16warp1_expert58-down-proj-actual-a_20260922T100810Z_fc0f3cf67edf/selector_authority/VARIANT_A_COMPLETE_STATIC_SELECTOR.tsv	1	0
OLMOE	821	LDG.E.U16.STRONG.SM	LDG.E.U16.STRONG.SM R48, [R26.64] ;	GLOBAL	LOAD	False	one dynamic warp access of this static memory operand	QUALIFIED	2	SASS opcode U16/S16 data-width suffix	mref_operand_index=0	std::enable_if<!(false), void>::type internal::gemvx::kernel<int, int, __nv_bfloat16, __nv_bfloat16, __nv_bfloat16, float, false, true, true, false, 6, false, cublasGemvParamsEx<int, cublasGemvTensorStridedBatched<__nv_bfloat16 const>, cublasGemvTensorStridedBatched<__nv_bfloat16 const>, cublasGemvTensorStridedBatched<__nv_bfloat16>, float> >(cublasGemvParamsEx<int, cublasGemvTensorStridedBatched<__nv_bfloat16 const>, cublasGemvTensorStridedBatched<__nv_bfloat16 const>, cublasGemvTensorStridedBatched<__nv_bfloat16>, float>)	/root/share/mnt164/huangrulin/c16_ai_workload/raw/C16R_olmoe-1b-7b-0125-instruct_s2-t2048-d32_decode32_nvbit1771-c16warp1_expert58-down-proj-actual-a_20260922T100810Z_fc0f3cf67edf/selector_authority/VARIANT_A_COMPLETE_STATIC_SELECTOR.tsv	1	0
OLMOE	823	LDG.E.EF.U16	LDG.E.EF.U16 R49, [R28.64] ;	GLOBAL	LOAD	False	one dynamic warp access of this static memory operand	QUALIFIED	2	SASS opcode U16/S16 data-width suffix	mref_operand_index=0	std::enable_if<!(false), void>::type internal::gemvx::kernel<int, int, __nv_bfloat16, __nv_bfloat16, __nv_bfloat16, float, false, true, true, false, 6, false, cublasGemvParamsEx<int, cublasGemvTensorStridedBatched<__nv_bfloat16 const>, cublasGemvTensorStridedBatched<__nv_bfloat16 const>, cublasGemvTensorStridedBatched<__nv_bfloat16>, float> >(cublasGemvParamsEx<int, cublasGemvTensorStridedBatched<__nv_bfloat16 const>, cublasGemvTensorStridedBatched<__nv_bfloat16 const>, cublasGemvTensorStridedBatched<__nv_bfloat16>, float>)	/root/share/mnt164/huangrulin/c16_ai_workload/raw/C16R_olmoe-1b-7b-0125-instruct_s2-t2048-d32_decode32_nvbit1771-c16warp1_expert58-down-proj-actual-a_20260922T100810Z_fc0f3cf67edf/selector_authority/VARIANT_A_COMPLETE_STATIC_SELECTOR.tsv	1	0
OLMOE	825	LDG.E.U16.STRONG.SM	LDG.E.U16.STRONG.SM R30, [R30.64] ;	GLOBAL	LOAD	False	one dynamic warp access of this static memory operand	QUALIFIED	2	SASS opcode U16/S16 data-width suffix	mref_operand_index=0	std::enable_if<!(false), void>::type internal::gemvx::kernel<int, int, __nv_bfloat16, __nv_bfloat16, __nv_bfloat16, float, false, true, true, false, 6, false, cublasGemvParamsEx<int, cublasGemvTensorStridedBatched<__nv_bfloat16 const>, cublasGemvTensorStridedBatched<__nv_bfloat16 const>, cublasGemvTensorStridedBatched<__nv_bfloat16>, float> >(cublasGemvParamsEx<int, cublasGemvTensorStridedBatched<__nv_bfloat16 const>, cublasGemvTensorStridedBatched<__nv_bfloat16 const>, cublasGemvTensorStridedBatched<__nv_bfloat16>, float>)	/root/share/mnt164/huangrulin/c16_ai_workload/raw/C16R_olmoe-1b-7b-0125-instruct_s2-t2048-d32_decode32_nvbit1771-c16warp1_expert58-down-proj-actual-a_20260922T100810Z_fc0f3cf67edf/selector_authority/VARIANT_A_COMPLETE_STATIC_SELECTOR.tsv	1	0
OLMOE	827	LDG.E.EF.U16	LDG.E.EF.U16 R32, [R32.64] ;	GLOBAL	LOAD	False	one dynamic warp access of this static memory operand	QUALIFIED	2	SASS opcode U16/S16 data-width suffix	mref_operand_index=0	std::enable_if<!(false), void>::type internal::gemvx::kernel<int, int, __nv_bfloat16, __nv_bfloat16, __nv_bfloat16, float, false, true, true, false, 6, false, cublasGemvParamsEx<int, cublasGemvTensorStridedBatched<__nv_bfloat16 const>, cublasGemvTensorStridedBatched<__nv_bfloat16 const>, cublasGemvTensorStridedBatched<__nv_bfloat16>, float> >(cublasGemvParamsEx<int, cublasGemvTensorStridedBatched<__nv_bfloat16 const>, cublasGemvTensorStridedBatched<__nv_bfloat16 const>, cublasGemvTensorStridedBatched<__nv_bfloat16>, float>)	/root/share/mnt164/huangrulin/c16_ai_workload/raw/C16R_olmoe-1b-7b-0125-instruct_s2-t2048-d32_decode32_nvbit1771-c16warp1_expert58-down-proj-actual-a_20260922T100810Z_fc0f3cf67edf/selector_authority/VARIANT_A_COMPLETE_STATIC_SELECTOR.tsv	1	0
OLMOE	829	LDG.E.U16.STRONG.SM	LDG.E.U16.STRONG.SM R34, [R34.64] ;	GLOBAL	LOAD	False	one dynamic warp access of this static memory operand	QUALIFIED	2	SASS opcode U16/S16 data-width suffix	mref_operand_index=0	std::enable_if<!(false), void>::type internal::gemvx::kernel<int, int, __nv_bfloat16, __nv_bfloat16, __nv_bfloat16, float, false, true, true, false, 6, false, cublasGemvParamsEx<int, cublasGemvTensorStridedBatched<__nv_bfloat16 const>, cublasGemvTensorStridedBatched<__nv_bfloat16 const>, cublasGemvTensorStridedBatched<__nv_bfloat16>, float> >(cublasGemvParamsEx<int, cublasGemvTensorStridedBatched<__nv_bfloat16 const>, cublasGemvTensorStridedBatched<__nv_bfloat16 const>, cublasGemvTensorStridedBatched<__nv_bfloat16>, float>)	/root/share/mnt164/huangrulin/c16_ai_workload/raw/C16R_olmoe-1b-7b-0125-instruct_s2-t2048-d32_decode32_nvbit1771-c16warp1_expert58-down-proj-actual-a_20260922T100810Z_fc0f3cf67edf/selector_authority/VARIANT_A_COMPLETE_STATIC_SELECTOR.tsv	1	0
OLMOE	831	LDG.E.EF.U16	LDG.E.EF.U16 R36, [R36.64] ;	GLOBAL	LOAD	False	one dynamic warp access of this static memory operand	QUALIFIED	2	SASS opcode U16/S16 data-width suffix	mref_operand_index=0	std::enable_if<!(false), void>::type internal::gemvx::kernel<int, int, __nv_bfloat16, __nv_bfloat16, __nv_bfloat16, float, false, true, true, false, 6, false, cublasGemvParamsEx<int, cublasGemvTensorStridedBatched<__nv_bfloat16 const>, cublasGemvTensorStridedBatched<__nv_bfloat16 const>, cublasGemvTensorStridedBatched<__nv_bfloat16>, float> >(cublasGemvParamsEx<int, cublasGemvTensorStridedBatched<__nv_bfloat16 const>, cublasGemvTensorStridedBatched<__nv_bfloat16 const>, cublasGemvTensorStridedBatched<__nv_bfloat16>, float>)	/root/share/mnt164/huangrulin/c16_ai_workload/raw/C16R_olmoe-1b-7b-0125-instruct_s2-t2048-d32_decode32_nvbit1771-c16warp1_expert58-down-proj-actual-a_20260922T100810Z_fc0f3cf67edf/selector_authority/VARIANT_A_COMPLETE_STATIC_SELECTOR.tsv	1	0
OLMOE	833	LDG.E.U16.STRONG.SM	LDG.E.U16.STRONG.SM R38, [R38.64] ;	GLOBAL	LOAD	False	one dynamic warp access of this static memory operand	QUALIFIED	2	SASS opcode U16/S16 data-width suffix	mref_operand_index=0	std::enable_if<!(false), void>::type internal::gemvx::kernel<int, int, __nv_bfloat16, __nv_bfloat16, __nv_bfloat16, float, false, true, true, false, 6, false, cublasGemvParamsEx<int, cublasGemvTensorStridedBatched<__nv_bfloat16 const>, cublasGemvTensorStridedBatched<__nv_bfloat16 const>, cublasGemvTensorStridedBatched<__nv_bfloat16>, float> >(cublasGemvParamsEx<int, cublasGemvTensorStridedBatched<__nv_bfloat16 const>, cublasGemvTensorStridedBatched<__nv_bfloat16 const>, cublasGemvTensorStridedBatched<__nv_bfloat16>, float>)	/root/share/mnt164/huangrulin/c16_ai_workload/raw/C16R_olmoe-1b-7b-0125-instruct_s2-t2048-d32_decode32_nvbit1771-c16warp1_expert58-down-proj-actual-a_20260922T100810Z_fc0f3cf67edf/selector_authority/VARIANT_A_COMPLETE_STATIC_SELECTOR.tsv	1	0
OLMOE	835	LDG.E.EF.U16	LDG.E.EF.U16 R50, [R8.64] ;	GLOBAL	LOAD	False	one dynamic warp access of this static memory operand	QUALIFIED	2	SASS opcode U16/S16 data-width suffix	mref_operand_index=0	std::enable_if<!(false), void>::type internal::gemvx::kernel<int, int, __nv_bfloat16, __nv_bfloat16, __nv_bfloat16, float, false, true, true, false, 6, false, cublasGemvParamsEx<int, cublasGemvTensorStridedBatched<__nv_bfloat16 const>, cublasGemvTensorStridedBatched<__nv_bfloat16 const>, cublasGemvTensorStridedBatched<__nv_bfloat16>, float> >(cublasGemvParamsEx<int, cublasGemvTensorStridedBatched<__nv_bfloat16 const>, cublasGemvTensorStridedBatched<__nv_bfloat16 const>, cublasGemvTensorStridedBatched<__nv_bfloat16>, float>)	/root/share/mnt164/huangrulin/c16_ai_workload/raw/C16R_olmoe-1b-7b-0125-instruct_s2-t2048-d32_decode32_nvbit1771-c16warp1_expert58-down-proj-actual-a_20260922T100810Z_fc0f3cf67edf/selector_authority/VARIANT_A_COMPLETE_STATIC_SELECTOR.tsv	1	0
OLMOE	837	LDG.E.U16.STRONG.SM	LDG.E.U16.STRONG.SM R51, [R12.64] ;	GLOBAL	LOAD	False	one dynamic warp access of this static memory operand	QUALIFIED	2	SASS opcode U16/S16 data-width suffix	mref_operand_index=0	std::enable_if<!(false), void>::type internal::gemvx::kernel<int, int, __nv_bfloat16, __nv_bfloat16, __nv_bfloat16, float, false, true, true, false, 6, false, cublasGemvParamsEx<int, cublasGemvTensorStridedBatched<__nv_bfloat16 const>, cublasGemvTensorStridedBatched<__nv_bfloat16 const>, cublasGemvTensorStridedBatched<__nv_bfloat16>, float> >(cublasGemvParamsEx<int, cublasGemvTensorStridedBatched<__nv_bfloat16 const>, cublasGemvTensorStridedBatched<__nv_bfloat16 const>, cublasGemvTensorStridedBatched<__nv_bfloat16>, float>)	/root/share/mnt164/huangrulin/c16_ai_workload/raw/C16R_olmoe-1b-7b-0125-instruct_s2-t2048-d32_decode32_nvbit1771-c16warp1_expert58-down-proj-actual-a_20260922T100810Z_fc0f3cf67edf/selector_authority/VARIANT_A_COMPLETE_STATIC_SELECTOR.tsv	1	0
OLMOE	839	LDG.E.EF.U16	LDG.E.EF.U16 R31, [R10.64] ;	GLOBAL	LOAD	False	one dynamic warp access of this static memory operand	QUALIFIED	2	SASS opcode U16/S16 data-width suffix	mref_operand_index=0	std::enable_if<!(false), void>::type internal::gemvx::kernel<int, int, __nv_bfloat16, __nv_bfloat16, __nv_bfloat16, float, false, true, true, false, 6, false, cublasGemvParamsEx<int, cublasGemvTensorStridedBatched<__nv_bfloat16 const>, cublasGemvTensorStridedBatched<__nv_bfloat16 const>, cublasGemvTensorStridedBatched<__nv_bfloat16>, float> >(cublasGemvParamsEx<int, cublasGemvTensorStridedBatched<__nv_bfloat16 const>, cublasGemvTensorStridedBatched<__nv_bfloat16 const>, cublasGemvTensorStridedBatched<__nv_bfloat16>, float>)	/root/share/mnt164/huangrulin/c16_ai_workload/raw/C16R_olmoe-1b-7b-0125-instruct_s2-t2048-d32_decode32_nvbit1771-c16warp1_expert58-down-proj-actual-a_20260922T100810Z_fc0f3cf67edf/selector_authority/VARIANT_A_COMPLETE_STATIC_SELECTOR.tsv	1	0
OLMOE	841	LDG.E.U16.STRONG.SM	LDG.E.U16.STRONG.SM R33, [R14.64] ;	GLOBAL	LOAD	False	one dynamic warp access of this static memory operand	QUALIFIED	2	SASS opcode U16/S16 data-width suffix	mref_operand_index=0	std::enable_if<!(false), void>::type internal::gemvx::kernel<int, int, __nv_bfloat16, __nv_bfloat16, __nv_bfloat16, float, false, true, true, false, 6, false, cublasGemvParamsEx<int, cublasGemvTensorStridedBatched<__nv_bfloat16 const>, cublasGemvTensorStridedBatched<__nv_bfloat16 const>, cublasGemvTensorStridedBatched<__nv_bfloat16>, float> >(cublasGemvParamsEx<int, cublasGemvTensorStridedBatched<__nv_bfloat16 const>, cublasGemvTensorStridedBatched<__nv_bfloat16 const>, cublasGemvTensorStridedBatched<__nv_bfloat16>, float>)	/root/share/mnt164/huangrulin/c16_ai_workload/raw/C16R_olmoe-1b-7b-0125-instruct_s2-t2048-d32_decode32_nvbit1771-c16warp1_expert58-down-proj-actual-a_20260922T100810Z_fc0f3cf67edf/selector_authority/VARIANT_A_COMPLETE_STATIC_SELECTOR.tsv	1	0
OLMOE	843	LDG.E.EF.U16	LDG.E.EF.U16 R35, [R16.64] ;	GLOBAL	LOAD	False	one dynamic warp access of this static memory operand	QUALIFIED	2	SASS opcode U16/S16 data-width suffix	mref_operand_index=0	std::enable_if<!(false), void>::type internal::gemvx::kernel<int, int, __nv_bfloat16, __nv_bfloat16, __nv_bfloat16, float, false, true, true, false, 6, false, cublasGemvParamsEx<int, cublasGemvTensorStridedBatched<__nv_bfloat16 const>, cublasGemvTensorStridedBatched<__nv_bfloat16 const>, cublasGemvTensorStridedBatched<__nv_bfloat16>, float> >(cublasGemvParamsEx<int, cublasGemvTensorStridedBatched<__nv_bfloat16 const>, cublasGemvTensorStridedBatched<__nv_bfloat16 const>, cublasGemvTensorStridedBatched<__nv_bfloat16>, float>)	/root/share/mnt164/huangrulin/c16_ai_workload/raw/C16R_olmoe-1b-7b-0125-instruct_s2-t2048-d32_decode32_nvbit1771-c16warp1_expert58-down-proj-actual-a_20260922T100810Z_fc0f3cf67edf/selector_authority/VARIANT_A_COMPLETE_STATIC_SELECTOR.tsv	1	0
OLMOE	845	LDG.E.U16.STRONG.SM	LDG.E.U16.STRONG.SM R18, [R18.64] ;	GLOBAL	LOAD	False	one dynamic warp access of this static memory operand	QUALIFIED	2	SASS opcode U16/S16 data-width suffix	mref_operand_index=0	std::enable_if<!(false), void>::type internal::gemvx::kernel<int, int, __nv_bfloat16, __nv_bfloat16, __nv_bfloat16, float, false, true, true, false, 6, false, cublasGemvParamsEx<int, cublasGemvTensorStridedBatched<__nv_bfloat16 const>, cublasGemvTensorStridedBatched<__nv_bfloat16 const>, cublasGemvTensorStridedBatched<__nv_bfloat16>, float> >(cublasGemvParamsEx<int, cublasGemvTensorStridedBatched<__nv_bfloat16 const>, cublasGemvTensorStridedBatched<__nv_bfloat16 const>, cublasGemvTensorStridedBatched<__nv_bfloat16>, float>)	/root/share/mnt164/huangrulin/c16_ai_workload/raw/C16R_olmoe-1b-7b-0125-instruct_s2-t2048-d32_decode32_nvbit1771-c16warp1_expert58-down-proj-actual-a_20260922T100810Z_fc0f3cf67edf/selector_authority/VARIANT_A_COMPLETE_STATIC_SELECTOR.tsv	1	0
OLMOE	847	LDG.E.EF.U16	LDG.E.EF.U16 R20, [R20.64] ;	GLOBAL	LOAD	False	one dynamic warp access of this static memory operand	QUALIFIED	2	SASS opcode U16/S16 data-width suffix	mref_operand_index=0	std::enable_if<!(false), void>::type internal::gemvx::kernel<int, int, __nv_bfloat16, __nv_bfloat16, __nv_bfloat16, float, false, true, true, false, 6, false, cublasGemvParamsEx<int, cublasGemvTensorStridedBatched<__nv_bfloat16 const>, cublasGemvTensorStridedBatched<__nv_bfloat16 const>, cublasGemvTensorStridedBatched<__nv_bfloat16>, float> >(cublasGemvParamsEx<int, cublasGemvTensorStridedBatched<__nv_bfloat16 const>, cublasGemvTensorStridedBatched<__nv_bfloat16 const>, cublasGemvTensorStridedBatched<__nv_bfloat16>, float>)	/root/share/mnt164/huangrulin/c16_ai_workload/raw/C16R_olmoe-1b-7b-0125-instruct_s2-t2048-d32_decode32_nvbit1771-c16warp1_expert58-down-proj-actual-a_20260922T100810Z_fc0f3cf67edf/selector_authority/VARIANT_A_COMPLETE_STATIC_SELECTOR.tsv	1	0
OLMOE	849	LDG.E.U16.STRONG.SM	LDG.E.U16.STRONG.SM R22, [R22.64] ;	GLOBAL	LOAD	False	one dynamic warp access of this static memory operand	QUALIFIED	2	SASS opcode U16/S16 data-width suffix	mref_operand_index=0	std::enable_if<!(false), void>::type internal::gemvx::kernel<int, int, __nv_bfloat16, __nv_bfloat16, __nv_bfloat16, float, false, true, true, false, 6, false, cublasGemvParamsEx<int, cublasGemvTensorStridedBatched<__nv_bfloat16 const>, cublasGemvTensorStridedBatched<__nv_bfloat16 const>, cublasGemvTensorStridedBatched<__nv_bfloat16>, float> >(cublasGemvParamsEx<int, cublasGemvTensorStridedBatched<__nv_bfloat16 const>, cublasGemvTensorStridedBatched<__nv_bfloat16 const>, cublasGemvTensorStridedBatched<__nv_bfloat16>, float>)	/root/share/mnt164/huangrulin/c16_ai_workload/raw/C16R_olmoe-1b-7b-0125-instruct_s2-t2048-d32_decode32_nvbit1771-c16warp1_expert58-down-proj-actual-a_20260922T100810Z_fc0f3cf67edf/selector_authority/VARIANT_A_COMPLETE_STATIC_SELECTOR.tsv	1	0
OLMOE	851	LDG.E.EF.U16	LDG.E.EF.U16 R24, [R24.64] ;	GLOBAL	LOAD	False	one dynamic warp access of this static memory operand	QUALIFIED	2	SASS opcode U16/S16 data-width suffix	mref_operand_index=0	std::enable_if<!(false), void>::type internal::gemvx::kernel<int, int, __nv_bfloat16, __nv_bfloat16, __nv_bfloat16, float, false, true, true, false, 6, false, cublasGemvParamsEx<int, cublasGemvTensorStridedBatched<__nv_bfloat16 const>, cublasGemvTensorStridedBatched<__nv_bfloat16 const>, cublasGemvTensorStridedBatched<__nv_bfloat16>, float> >(cublasGemvParamsEx<int, cublasGemvTensorStridedBatched<__nv_bfloat16 const>, cublasGemvTensorStridedBatched<__nv_bfloat16 const>, cublasGemvTensorStridedBatched<__nv_bfloat16>, float>)	/root/share/mnt164/huangrulin/c16_ai_workload/raw/C16R_olmoe-1b-7b-0125-instruct_s2-t2048-d32_decode32_nvbit1771-c16warp1_expert58-down-proj-actual-a_20260922T100810Z_fc0f3cf67edf/selector_authority/VARIANT_A_COMPLETE_STATIC_SELECTOR.tsv	1	0
OLMOE	853	LDG.E.U16.STRONG.SM	LDG.E.U16.STRONG.SM R26, [R26.64] ;	GLOBAL	LOAD	False	one dynamic warp access of this static memory operand	QUALIFIED	2	SASS opcode U16/S16 data-width suffix	mref_operand_index=0	std::enable_if<!(false), void>::type internal::gemvx::kernel<int, int, __nv_bfloat16, __nv_bfloat16, __nv_bfloat16, float, false, true, true, false, 6, false, cublasGemvParamsEx<int, cublasGemvTensorStridedBatched<__nv_bfloat16 const>, cublasGemvTensorStridedBatched<__nv_bfloat16 const>, cublasGemvTensorStridedBatched<__nv_bfloat16>, float> >(cublasGemvParamsEx<int, cublasGemvTensorStridedBatched<__nv_bfloat16 const>, cublasGemvTensorStridedBatched<__nv_bfloat16 const>, cublasGemvTensorStridedBatched<__nv_bfloat16>, float>)	/root/share/mnt164/huangrulin/c16_ai_workload/raw/C16R_olmoe-1b-7b-0125-instruct_s2-t2048-d32_decode32_nvbit1771-c16warp1_expert58-down-proj-actual-a_20260922T100810Z_fc0f3cf67edf/selector_authority/VARIANT_A_COMPLETE_STATIC_SELECTOR.tsv	1	0
OLMOE	855	LDG.E.EF.U16	LDG.E.EF.U16 R9, [R8.64] ;	GLOBAL	LOAD	False	one dynamic warp access of this static memory operand	QUALIFIED	2	SASS opcode U16/S16 data-width suffix	mref_operand_index=0	std::enable_if<!(false), void>::type internal::gemvx::kernel<int, int, __nv_bfloat16, __nv_bfloat16, __nv_bfloat16, float, false, true, true, false, 6, false, cublasGemvParamsEx<int, cublasGemvTensorStridedBatched<__nv_bfloat16 const>, cublasGemvTensorStridedBatched<__nv_bfloat16 const>, cublasGemvTensorStridedBatched<__nv_bfloat16>, float> >(cublasGemvParamsEx<int, cublasGemvTensorStridedBatched<__nv_bfloat16 const>, cublasGemvTensorStridedBatched<__nv_bfloat16 const>, cublasGemvTensorStridedBatched<__nv_bfloat16>, float>)	/root/share/mnt164/huangrulin/c16_ai_workload/raw/C16R_olmoe-1b-7b-0125-instruct_s2-t2048-d32_decode32_nvbit1771-c16warp1_expert58-down-proj-actual-a_20260922T100810Z_fc0f3cf67edf/selector_authority/VARIANT_A_COMPLETE_STATIC_SELECTOR.tsv	1	0
OLMOE	857	LDG.E.U16.STRONG.SM	LDG.E.U16.STRONG.SM R28, [R28.64] ;	GLOBAL	LOAD	False	one dynamic warp access of this static memory operand	QUALIFIED	2	SASS opcode U16/S16 data-width suffix	mref_operand_index=0	std::enable_if<!(false), void>::type internal::gemvx::kernel<int, int, __nv_bfloat16, __nv_bfloat16, __nv_bfloat16, float, false, true, true, false, 6, false, cublasGemvParamsEx<int, cublasGemvTensorStridedBatched<__nv_bfloat16 const>, cublasGemvTensorStridedBatched<__nv_bfloat16 const>, cublasGemvTensorStridedBatched<__nv_bfloat16>, float> >(cublasGemvParamsEx<int, cublasGemvTensorStridedBatched<__nv_bfloat16 const>, cublasGemvTensorStridedBatched<__nv_bfloat16 const>, cublasGemvTensorStridedBatched<__nv_bfloat16>, float>)	/root/share/mnt164/huangrulin/c16_ai_workload/raw/C16R_olmoe-1b-7b-0125-instruct_s2-t2048-d32_decode32_nvbit1771-c16warp1_expert58-down-proj-actual-a_20260922T100810Z_fc0f3cf67edf/selector_authority/VARIANT_A_COMPLETE_STATIC_SELECTOR.tsv	1	0
OLMOE	859	LDG.E.EF.U16	LDG.E.EF.U16 R19, [R10.64] ;	GLOBAL	LOAD	False	one dynamic warp access of this static memory operand	QUALIFIED	2	SASS opcode U16/S16 data-width suffix	mref_operand_index=0	std::enable_if<!(false), void>::type internal::gemvx::kernel<int, int, __nv_bfloat16, __nv_bfloat16, __nv_bfloat16, float, false, true, true, false, 6, false, cublasGemvParamsEx<int, cublasGemvTensorStridedBatched<__nv_bfloat16 const>, cublasGemvTensorStridedBatched<__nv_bfloat16 const>, cublasGemvTensorStridedBatched<__nv_bfloat16>, float> >(cublasGemvParamsEx<int, cublasGemvTensorStridedBatched<__nv_bfloat16 const>, cublasGemvTensorStridedBatched<__nv_bfloat16 const>, cublasGemvTensorStridedBatched<__nv_bfloat16>, float>)	/root/share/mnt164/huangrulin/c16_ai_workload/raw/C16R_olmoe-1b-7b-0125-instruct_s2-t2048-d32_decode32_nvbit1771-c16warp1_expert58-down-proj-actual-a_20260922T100810Z_fc0f3cf67edf/selector_authority/VARIANT_A_COMPLETE_STATIC_SELECTOR.tsv	1	0
OLMOE	861	LDG.E.U16.STRONG.SM	LDG.E.U16.STRONG.SM R12, [R12.64] ;	GLOBAL	LOAD	False	one dynamic warp access of this static memory operand	QUALIFIED	2	SASS opcode U16/S16 data-width suffix	mref_operand_index=0	std::enable_if<!(false), void>::type internal::gemvx::kernel<int, int, __nv_bfloat16, __nv_bfloat16, __nv_bfloat16, float, false, true, true, false, 6, false, cublasGemvParamsEx<int, cublasGemvTensorStridedBatched<__nv_bfloat16 const>, cublasGemvTensorStridedBatched<__nv_bfloat16 const>, cublasGemvTensorStridedBatched<__nv_bfloat16>, float> >(cublasGemvParamsEx<int, cublasGemvTensorStridedBatched<__nv_bfloat16 const>, cublasGemvTensorStridedBatched<__nv_bfloat16 const>, cublasGemvTensorStridedBatched<__nv_bfloat16>, float>)	/root/share/mnt164/huangrulin/c16_ai_workload/raw/C16R_olmoe-1b-7b-0125-instruct_s2-t2048-d32_decode32_nvbit1771-c16warp1_expert58-down-proj-actual-a_20260922T100810Z_fc0f3cf67edf/selector_authority/VARIANT_A_COMPLETE_STATIC_SELECTOR.tsv	1	0
OLMOE	862	LDG.E.EF.U16	LDG.E.EF.U16 R14, [R14.64] ;	GLOBAL	LOAD	False	one dynamic warp access of this static memory operand	QUALIFIED	2	SASS opcode U16/S16 data-width suffix	mref_operand_index=0	std::enable_if<!(false), void>::type internal::gemvx::kernel<int, int, __nv_bfloat16, __nv_bfloat16, __nv_bfloat16, float, false, true, true, false, 6, false, cublasGemvParamsEx<int, cublasGemvTensorStridedBatched<__nv_bfloat16 const>, cublasGemvTensorStridedBatched<__nv_bfloat16 const>, cublasGemvTensorStridedBatched<__nv_bfloat16>, float> >(cublasGemvParamsEx<int, cublasGemvTensorStridedBatched<__nv_bfloat16 const>, cublasGemvTensorStridedBatched<__nv_bfloat16 const>, cublasGemvTensorStridedBatched<__nv_bfloat16>, float>)	/root/share/mnt164/huangrulin/c16_ai_workload/raw/C16R_olmoe-1b-7b-0125-instruct_s2-t2048-d32_decode32_nvbit1771-c16warp1_expert58-down-proj-actual-a_20260922T100810Z_fc0f3cf67edf/selector_authority/VARIANT_A_COMPLETE_STATIC_SELECTOR.tsv	1	0
OLMOE	863	LDG.E.U16.STRONG.SM	LDG.E.U16.STRONG.SM R16, [R16.64] ;	GLOBAL	LOAD	False	one dynamic warp access of this static memory operand	QUALIFIED	2	SASS opcode U16/S16 data-width suffix	mref_operand_index=0	std::enable_if<!(false), void>::type internal::gemvx::kernel<int, int, __nv_bfloat16, __nv_bfloat16, __nv_bfloat16, float, false, true, true, false, 6, false, cublasGemvParamsEx<int, cublasGemvTensorStridedBatched<__nv_bfloat16 const>, cublasGemvTensorStridedBatched<__nv_bfloat16 const>, cublasGemvTensorStridedBatched<__nv_bfloat16>, float> >(cublasGemvParamsEx<int, cublasGemvTensorStridedBatched<__nv_bfloat16 const>, cublasGemvTensorStridedBatched<__nv_bfloat16 const>, cublasGemvTensorStridedBatched<__nv_bfloat16>, float>)	/root/share/mnt164/huangrulin/c16_ai_workload/raw/C16R_olmoe-1b-7b-0125-instruct_s2-t2048-d32_decode32_nvbit1771-c16warp1_expert58-down-proj-actual-a_20260922T100810Z_fc0f3cf67edf/selector_authority/VARIANT_A_COMPLETE_STATIC_SELECTOR.tsv	1	0
OLMOE	937	LDG.E.EF.U16	LDG.E.EF.U16 R6, [R6.64] ;	GLOBAL	LOAD	False	one dynamic warp access of this static memory operand	QUALIFIED	2	SASS opcode U16/S16 data-width suffix	mref_operand_index=0	std::enable_if<!(false), void>::type internal::gemvx::kernel<int, int, __nv_bfloat16, __nv_bfloat16, __nv_bfloat16, float, false, true, true, false, 6, false, cublasGemvParamsEx<int, cublasGemvTensorStridedBatched<__nv_bfloat16 const>, cublasGemvTensorStridedBatched<__nv_bfloat16 const>, cublasGemvTensorStridedBatched<__nv_bfloat16>, float> >(cublasGemvParamsEx<int, cublasGemvTensorStridedBatched<__nv_bfloat16 const>, cublasGemvTensorStridedBatched<__nv_bfloat16 const>, cublasGemvTensorStridedBatched<__nv_bfloat16>, float>)	/root/share/mnt164/huangrulin/c16_ai_workload/raw/C16R_olmoe-1b-7b-0125-instruct_s2-t2048-d32_decode32_nvbit1771-c16warp1_expert58-down-proj-actual-a_20260922T100810Z_fc0f3cf67edf/selector_authority/VARIANT_A_COMPLETE_STATIC_SELECTOR.tsv	1	0
OLMOE	939	LDG.E.U16.STRONG.SM	LDG.E.U16.STRONG.SM R8, [R8.64] ;	GLOBAL	LOAD	False	one dynamic warp access of this static memory operand	QUALIFIED	2	SASS opcode U16/S16 data-width suffix	mref_operand_index=0	std::enable_if<!(false), void>::type internal::gemvx::kernel<int, int, __nv_bfloat16, __nv_bfloat16, __nv_bfloat16, float, false, true, true, false, 6, false, cublasGemvParamsEx<int, cublasGemvTensorStridedBatched<__nv_bfloat16 const>, cublasGemvTensorStridedBatched<__nv_bfloat16 const>, cublasGemvTensorStridedBatched<__nv_bfloat16>, float> >(cublasGemvParamsEx<int, cublasGemvTensorStridedBatched<__nv_bfloat16 const>, cublasGemvTensorStridedBatched<__nv_bfloat16 const>, cublasGemvTensorStridedBatched<__nv_bfloat16>, float>)	/root/share/mnt164/huangrulin/c16_ai_workload/raw/C16R_olmoe-1b-7b-0125-instruct_s2-t2048-d32_decode32_nvbit1771-c16warp1_expert58-down-proj-actual-a_20260922T100810Z_fc0f3cf67edf/selector_authority/VARIANT_A_COMPLETE_STATIC_SELECTOR.tsv	1	0
OLMOE	941	LDG.E.EF.U16	LDG.E.EF.U16 R10, [R10.64] ;	GLOBAL	LOAD	False	one dynamic warp access of this static memory operand	QUALIFIED	2	SASS opcode U16/S16 data-width suffix	mref_operand_index=0	std::enable_if<!(false), void>::type internal::gemvx::kernel<int, int, __nv_bfloat16, __nv_bfloat16, __nv_bfloat16, float, false, true, true, false, 6, false, cublasGemvParamsEx<int, cublasGemvTensorStridedBatched<__nv_bfloat16 const>, cublasGemvTensorStridedBatched<__nv_bfloat16 const>, cublasGemvTensorStridedBatched<__nv_bfloat16>, float> >(cublasGemvParamsEx<int, cublasGemvTensorStridedBatched<__nv_bfloat16 const>, cublasGemvTensorStridedBatched<__nv_bfloat16 const>, cublasGemvTensorStridedBatched<__nv_bfloat16>, float>)	/root/share/mnt164/huangrulin/c16_ai_workload/raw/C16R_olmoe-1b-7b-0125-instruct_s2-t2048-d32_decode32_nvbit1771-c16warp1_expert58-down-proj-actual-a_20260922T100810Z_fc0f3cf67edf/selector_authority/VARIANT_A_COMPLETE_STATIC_SELECTOR.tsv	1	0
OLMOE	943	LDG.E.U16.STRONG.SM	LDG.E.U16.STRONG.SM R12, [R12.64] ;	GLOBAL	LOAD	False	one dynamic warp access of this static memory operand	QUALIFIED	2	SASS opcode U16/S16 data-width suffix	mref_operand_index=0	std::enable_if<!(false), void>::type internal::gemvx::kernel<int, int, __nv_bfloat16, __nv_bfloat16, __nv_bfloat16, float, false, true, true, false, 6, false, cublasGemvParamsEx<int, cublasGemvTensorStridedBatched<__nv_bfloat16 const>, cublasGemvTensorStridedBatched<__nv_bfloat16 const>, cublasGemvTensorStridedBatched<__nv_bfloat16>, float> >(cublasGemvParamsEx<int, cublasGemvTensorStridedBatched<__nv_bfloat16 const>, cublasGemvTensorStridedBatched<__nv_bfloat16 const>, cublasGemvTensorStridedBatched<__nv_bfloat16>, float>)	/root/share/mnt164/huangrulin/c16_ai_workload/raw/C16R_olmoe-1b-7b-0125-instruct_s2-t2048-d32_decode32_nvbit1771-c16warp1_expert58-down-proj-actual-a_20260922T100810Z_fc0f3cf67edf/selector_authority/VARIANT_A_COMPLETE_STATIC_SELECTOR.tsv	1	0
OLMOE	945	LDG.E.EF.U16	LDG.E.EF.U16 R22, [R14.64] ;	GLOBAL	LOAD	False	one dynamic warp access of this static memory operand	QUALIFIED	2	SASS opcode U16/S16 data-width suffix	mref_operand_index=0	std::enable_if<!(false), void>::type internal::gemvx::kernel<int, int, __nv_bfloat16, __nv_bfloat16, __nv_bfloat16, float, false, true, true, false, 6, false, cublasGemvParamsEx<int, cublasGemvTensorStridedBatched<__nv_bfloat16 const>, cublasGemvTensorStridedBatched<__nv_bfloat16 const>, cublasGemvTensorStridedBatched<__nv_bfloat16>, float> >(cublasGemvParamsEx<int, cublasGemvTensorStridedBatched<__nv_bfloat16 const>, cublasGemvTensorStridedBatched<__nv_bfloat16 const>, cublasGemvTensorStridedBatched<__nv_bfloat16>, float>)	/root/share/mnt164/huangrulin/c16_ai_workload/raw/C16R_olmoe-1b-7b-0125-instruct_s2-t2048-d32_decode32_nvbit1771-c16warp1_expert58-down-proj-actual-a_20260922T100810Z_fc0f3cf67edf/selector_authority/VARIANT_A_COMPLETE_STATIC_SELECTOR.tsv	1	0
OLMOE	947	LDG.E.U16.STRONG.SM	LDG.E.U16.STRONG.SM R16, [R16.64] ;	GLOBAL	LOAD	False	one dynamic warp access of this static memory operand	QUALIFIED	2	SASS opcode U16/S16 data-width suffix	mref_operand_index=0	std::enable_if<!(false), void>::type internal::gemvx::kernel<int, int, __nv_bfloat16, __nv_bfloat16, __nv_bfloat16, float, false, true, true, false, 6, false, cublasGemvParamsEx<int, cublasGemvTensorStridedBatched<__nv_bfloat16 const>, cublasGemvTensorStridedBatched<__nv_bfloat16 const>, cublasGemvTensorStridedBatched<__nv_bfloat16>, float> >(cublasGemvParamsEx<int, cublasGemvTensorStridedBatched<__nv_bfloat16 const>, cublasGemvTensorStridedBatched<__nv_bfloat16 const>, cublasGemvTensorStridedBatched<__nv_bfloat16>, float>)	/root/share/mnt164/huangrulin/c16_ai_workload/raw/C16R_olmoe-1b-7b-0125-instruct_s2-t2048-d32_decode32_nvbit1771-c16warp1_expert58-down-proj-actual-a_20260922T100810Z_fc0f3cf67edf/selector_authority/VARIANT_A_COMPLETE_STATIC_SELECTOR.tsv	1	0
OLMOE	948	LDG.E.EF.U16	LDG.E.EF.U16 R18, [R18.64] ;	GLOBAL	LOAD	False	one dynamic warp access of this static memory operand	QUALIFIED	2	SASS opcode U16/S16 data-width suffix	mref_operand_index=0	std::enable_if<!(false), void>::type internal::gemvx::kernel<int, int, __nv_bfloat16, __nv_bfloat16, __nv_bfloat16, float, false, true, true, false, 6, false, cublasGemvParamsEx<int, cublasGemvTensorStridedBatched<__nv_bfloat16 const>, cublasGemvTensorStridedBatched<__nv_bfloat16 const>, cublasGemvTensorStridedBatched<__nv_bfloat16>, float> >(cublasGemvParamsEx<int, cublasGemvTensorStridedBatched<__nv_bfloat16 const>, cublasGemvTensorStridedBatched<__nv_bfloat16 const>, cublasGemvTensorStridedBatched<__nv_bfloat16>, float>)	/root/share/mnt164/huangrulin/c16_ai_workload/raw/C16R_olmoe-1b-7b-0125-instruct_s2-t2048-d32_decode32_nvbit1771-c16warp1_expert58-down-proj-actual-a_20260922T100810Z_fc0f3cf67edf/selector_authority/VARIANT_A_COMPLETE_STATIC_SELECTOR.tsv	1	0
OLMOE	949	LDG.E.U16.STRONG.SM	LDG.E.U16.STRONG.SM R20, [R20.64] ;	GLOBAL	LOAD	False	one dynamic warp access of this static memory operand	QUALIFIED	2	SASS opcode U16/S16 data-width suffix	mref_operand_index=0	std::enable_if<!(false), void>::type internal::gemvx::kernel<int, int, __nv_bfloat16, __nv_bfloat16, __nv_bfloat16, float, false, true, true, false, 6, false, cublasGemvParamsEx<int, cublasGemvTensorStridedBatched<__nv_bfloat16 const>, cublasGemvTensorStridedBatched<__nv_bfloat16 const>, cublasGemvTensorStridedBatched<__nv_bfloat16>, float> >(cublasGemvParamsEx<int, cublasGemvTensorStridedBatched<__nv_bfloat16 const>, cublasGemvTensorStridedBatched<__nv_bfloat16 const>, cublasGemvTensorStridedBatched<__nv_bfloat16>, float>)	/root/share/mnt164/huangrulin/c16_ai_workload/raw/C16R_olmoe-1b-7b-0125-instruct_s2-t2048-d32_decode32_nvbit1771-c16warp1_expert58-down-proj-actual-a_20260922T100810Z_fc0f3cf67edf/selector_authority/VARIANT_A_COMPLETE_STATIC_SELECTOR.tsv	1	0
OLMOE	982	LDG.E.EF.U16	LDG.E.EF.U16 R6, [R6.64] ;	GLOBAL	LOAD	False	one dynamic warp access of this static memory operand	QUALIFIED	2	SASS opcode U16/S16 data-width suffix	mref_operand_index=0	std::enable_if<!(false), void>::type internal::gemvx::kernel<int, int, __nv_bfloat16, __nv_bfloat16, __nv_bfloat16, float, false, true, true, false, 6, false, cublasGemvParamsEx<int, cublasGemvTensorStridedBatched<__nv_bfloat16 const>, cublasGemvTensorStridedBatched<__nv_bfloat16 const>, cublasGemvTensorStridedBatched<__nv_bfloat16>, float> >(cublasGemvParamsEx<int, cublasGemvTensorStridedBatched<__nv_bfloat16 const>, cublasGemvTensorStridedBatched<__nv_bfloat16 const>, cublasGemvTensorStridedBatched<__nv_bfloat16>, float>)	/root/share/mnt164/huangrulin/c16_ai_workload/raw/C16R_olmoe-1b-7b-0125-instruct_s2-t2048-d32_decode32_nvbit1771-c16warp1_expert58-down-proj-actual-a_20260922T100810Z_fc0f3cf67edf/selector_authority/VARIANT_A_COMPLETE_STATIC_SELECTOR.tsv	1	0
OLMOE	983	LDG.E.U16.STRONG.SM	LDG.E.U16.STRONG.SM R10, [R10.64] ;	GLOBAL	LOAD	False	one dynamic warp access of this static memory operand	QUALIFIED	2	SASS opcode U16/S16 data-width suffix	mref_operand_index=0	std::enable_if<!(false), void>::type internal::gemvx::kernel<int, int, __nv_bfloat16, __nv_bfloat16, __nv_bfloat16, float, false, true, true, false, 6, false, cublasGemvParamsEx<int, cublasGemvTensorStridedBatched<__nv_bfloat16 const>, cublasGemvTensorStridedBatched<__nv_bfloat16 const>, cublasGemvTensorStridedBatched<__nv_bfloat16>, float> >(cublasGemvParamsEx<int, cublasGemvTensorStridedBatched<__nv_bfloat16 const>, cublasGemvTensorStridedBatched<__nv_bfloat16 const>, cublasGemvTensorStridedBatched<__nv_bfloat16>, float>)	/root/share/mnt164/huangrulin/c16_ai_workload/raw/C16R_olmoe-1b-7b-0125-instruct_s2-t2048-d32_decode32_nvbit1771-c16warp1_expert58-down-proj-actual-a_20260922T100810Z_fc0f3cf67edf/selector_authority/VARIANT_A_COMPLETE_STATIC_SELECTOR.tsv	1	0
OLMOE	1003	LDG.E.EF.U16	LDG.E.EF.U16 R6, [R6.64] ;	GLOBAL	LOAD	False	one dynamic warp access of this static memory operand	QUALIFIED	2	SASS opcode U16/S16 data-width suffix	mref_operand_index=0	std::enable_if<!(false), void>::type internal::gemvx::kernel<int, int, __nv_bfloat16, __nv_bfloat16, __nv_bfloat16, float, false, true, true, false, 6, false, cublasGemvParamsEx<int, cublasGemvTensorStridedBatched<__nv_bfloat16 const>, cublasGemvTensorStridedBatched<__nv_bfloat16 const>, cublasGemvTensorStridedBatched<__nv_bfloat16>, float> >(cublasGemvParamsEx<int, cublasGemvTensorStridedBatched<__nv_bfloat16 const>, cublasGemvTensorStridedBatched<__nv_bfloat16 const>, cublasGemvTensorStridedBatched<__nv_bfloat16>, float>)	/root/share/mnt164/huangrulin/c16_ai_workload/raw/C16R_olmoe-1b-7b-0125-instruct_s2-t2048-d32_decode32_nvbit1771-c16warp1_expert58-down-proj-actual-a_20260922T100810Z_fc0f3cf67edf/selector_authority/VARIANT_A_COMPLETE_STATIC_SELECTOR.tsv	1	0
OLMOE	1008	LDG.E.U16.STRONG.SM	LDG.E.U16.STRONG.SM R10, [R10.64] ;	GLOBAL	LOAD	False	one dynamic warp access of this static memory operand	QUALIFIED	2	SASS opcode U16/S16 data-width suffix	mref_operand_index=0	std::enable_if<!(false), void>::type internal::gemvx::kernel<int, int, __nv_bfloat16, __nv_bfloat16, __nv_bfloat16, float, false, true, true, false, 6, false, cublasGemvParamsEx<int, cublasGemvTensorStridedBatched<__nv_bfloat16 const>, cublasGemvTensorStridedBatched<__nv_bfloat16 const>, cublasGemvTensorStridedBatched<__nv_bfloat16>, float> >(cublasGemvParamsEx<int, cublasGemvTensorStridedBatched<__nv_bfloat16 const>, cublasGemvTensorStridedBatched<__nv_bfloat16 const>, cublasGemvTensorStridedBatched<__nv_bfloat16>, float>)	/root/share/mnt164/huangrulin/c16_ai_workload/raw/C16R_olmoe-1b-7b-0125-instruct_s2-t2048-d32_decode32_nvbit1771-c16warp1_expert58-down-proj-actual-a_20260922T100810Z_fc0f3cf67edf/selector_authority/VARIANT_A_COMPLETE_STATIC_SELECTOR.tsv	1	0
OLMOE	1012	LDG.E.EF.U16	@P3 LDG.E.EF.U16 R12, [R12.64] ;	GLOBAL	LOAD	False	one dynamic warp access of this static memory operand	QUALIFIED	2	SASS opcode U16/S16 data-width suffix	mref_operand_index=0	std::enable_if<!(false), void>::type internal::gemvx::kernel<int, int, __nv_bfloat16, __nv_bfloat16, __nv_bfloat16, float, false, true, true, false, 6, false, cublasGemvParamsEx<int, cublasGemvTensorStridedBatched<__nv_bfloat16 const>, cublasGemvTensorStridedBatched<__nv_bfloat16 const>, cublasGemvTensorStridedBatched<__nv_bfloat16>, float> >(cublasGemvParamsEx<int, cublasGemvTensorStridedBatched<__nv_bfloat16 const>, cublasGemvTensorStridedBatched<__nv_bfloat16 const>, cublasGemvTensorStridedBatched<__nv_bfloat16>, float>)	/root/share/mnt164/huangrulin/c16_ai_workload/raw/C16R_olmoe-1b-7b-0125-instruct_s2-t2048-d32_decode32_nvbit1771-c16warp1_expert58-down-proj-actual-a_20260922T100810Z_fc0f3cf67edf/selector_authority/VARIANT_A_COMPLETE_STATIC_SELECTOR.tsv	1	0
OLMOE	1013	LDG.E.U16.STRONG.SM	@P3 LDG.E.U16.STRONG.SM R8, [R8.64] ;	GLOBAL	LOAD	False	one dynamic warp access of this static memory operand	QUALIFIED	2	SASS opcode U16/S16 data-width suffix	mref_operand_index=0	std::enable_if<!(false), void>::type internal::gemvx::kernel<int, int, __nv_bfloat16, __nv_bfloat16, __nv_bfloat16, float, false, true, true, false, 6, false, cublasGemvParamsEx<int, cublasGemvTensorStridedBatched<__nv_bfloat16 const>, cublasGemvTensorStridedBatched<__nv_bfloat16 const>, cublasGemvTensorStridedBatched<__nv_bfloat16>, float> >(cublasGemvParamsEx<int, cublasGemvTensorStridedBatched<__nv_bfloat16 const>, cublasGemvTensorStridedBatched<__nv_bfloat16 const>, cublasGemvTensorStridedBatched<__nv_bfloat16>, float>)	/root/share/mnt164/huangrulin/c16_ai_workload/raw/C16R_olmoe-1b-7b-0125-instruct_s2-t2048-d32_decode32_nvbit1771-c16warp1_expert58-down-proj-actual-a_20260922T100810Z_fc0f3cf67edf/selector_authority/VARIANT_A_COMPLETE_STATIC_SELECTOR.tsv	1	0
OLMOE	1065	LDG.E.U16.CONSTANT	@P0 LDG.E.U16.CONSTANT R4, [R4.64] ;	GLOBAL	LOAD	False	one dynamic warp access of this static memory operand	QUALIFIED	2	SASS opcode U16/S16 data-width suffix	mref_operand_index=0	std::enable_if<!(false), void>::type internal::gemvx::kernel<int, int, __nv_bfloat16, __nv_bfloat16, __nv_bfloat16, float, false, true, true, false, 6, false, cublasGemvParamsEx<int, cublasGemvTensorStridedBatched<__nv_bfloat16 const>, cublasGemvTensorStridedBatched<__nv_bfloat16 const>, cublasGemvTensorStridedBatched<__nv_bfloat16>, float> >(cublasGemvParamsEx<int, cublasGemvTensorStridedBatched<__nv_bfloat16 const>, cublasGemvTensorStridedBatched<__nv_bfloat16 const>, cublasGemvTensorStridedBatched<__nv_bfloat16>, float>)	/root/share/mnt164/huangrulin/c16_ai_workload/raw/C16R_olmoe-1b-7b-0125-instruct_s2-t2048-d32_decode32_nvbit1771-c16warp1_expert58-down-proj-actual-a_20260922T100810Z_fc0f3cf67edf/selector_authority/VARIANT_A_COMPLETE_STATIC_SELECTOR.tsv	1	0
OLMOE	1067	LDG.E.U16	@P1 LDG.E.U16 R2, [R2.64] ;	GLOBAL	LOAD	False	one dynamic warp access of this static memory operand	QUALIFIED	2	SASS opcode U16/S16 data-width suffix	mref_operand_index=0	std::enable_if<!(false), void>::type internal::gemvx::kernel<int, int, __nv_bfloat16, __nv_bfloat16, __nv_bfloat16, float, false, true, true, false, 6, false, cublasGemvParamsEx<int, cublasGemvTensorStridedBatched<__nv_bfloat16 const>, cublasGemvTensorStridedBatched<__nv_bfloat16 const>, cublasGemvTensorStridedBatched<__nv_bfloat16>, float> >(cublasGemvParamsEx<int, cublasGemvTensorStridedBatched<__nv_bfloat16 const>, cublasGemvTensorStridedBatched<__nv_bfloat16 const>, cublasGemvTensorStridedBatched<__nv_bfloat16>, float>)	/root/share/mnt164/huangrulin/c16_ai_workload/raw/C16R_olmoe-1b-7b-0125-instruct_s2-t2048-d32_decode32_nvbit1771-c16warp1_expert58-down-proj-actual-a_20260922T100810Z_fc0f3cf67edf/selector_authority/VARIANT_A_COMPLETE_STATIC_SELECTOR.tsv	1	0
OLMOE	1085	STG.E.U16	STG.E.U16 [R4.64], R7 ;	GLOBAL	STORE	False	one dynamic warp access of this static memory operand	QUALIFIED	2	SASS opcode U16/S16 data-width suffix	mref_operand_index=0	std::enable_if<!(false), void>::type internal::gemvx::kernel<int, int, __nv_bfloat16, __nv_bfloat16, __nv_bfloat16, float, false, true, true, false, 6, false, cublasGemvParamsEx<int, cublasGemvTensorStridedBatched<__nv_bfloat16 const>, cublasGemvTensorStridedBatched<__nv_bfloat16 const>, cublasGemvTensorStridedBatched<__nv_bfloat16>, float> >(cublasGemvParamsEx<int, cublasGemvTensorStridedBatched<__nv_bfloat16 const>, cublasGemvTensorStridedBatched<__nv_bfloat16 const>, cublasGemvTensorStridedBatched<__nv_bfloat16>, float>)	/root/share/mnt164/huangrulin/c16_ai_workload/raw/C16R_olmoe-1b-7b-0125-instruct_s2-t2048-d32_decode32_nvbit1771-c16warp1_expert58-down-proj-actual-a_20260922T100810Z_fc0f3cf67edf/selector_authority/VARIANT_A_COMPLETE_STATIC_SELECTOR.tsv	1	1024
