point_id	observed_request_id	ordinal	module	phase	input_shape	output_shape	nvtx_start_ns	nvtx_end_ns	parent_ordinal_or_NA	status
MP01	1	0	model.layers.0.self_attn	PREFILL	null	[512,2048]	7920198479	7920552945	NA	PASS
MP01	1	1	model.layers.0.mlp.gate_up_proj	PREFILL	[512,2048]	[512,22016]	7920588713	7920640701	NA	PASS
MP01	1	2	model.layers.0.mlp.act_fn	PREFILL	[512,22016]	[512,11008]	7920647983	7920690765	NA	PASS
MP01	1	3	model.layers.0.mlp.down_proj	PREFILL	[512,11008]	[512,2048]	7920695626	7920740774	NA	PASS
MP01	1	4	model.layers.1.self_attn	PREFILL	null	[512,2048]	7920764952	7920958399	NA	PASS
MP01	1	5	model.layers.1.mlp.gate_up_proj	PREFILL	[512,2048]	[512,22016]	7920981345	7921022911	NA	PASS
MP01	1	6	model.layers.1.mlp.act_fn	PREFILL	[512,22016]	[512,11008]	7921027778	7921060877	NA	PASS
MP01	1	7	model.layers.1.mlp.down_proj	PREFILL	[512,11008]	[512,2048]	7921065090	7921101244	NA	PASS
MP01	1	8	model.layers.2.self_attn	PREFILL	null	[512,2048]	7921124773	7921314178	NA	PASS
MP01	1	9	model.layers.2.mlp.gate_up_proj	PREFILL	[512,2048]	[512,22016]	7921334171	7921377668	NA	PASS
MP01	1	10	model.layers.2.mlp.act_fn	PREFILL	[512,22016]	[512,11008]	7921382891	7921415743	NA	PASS
MP01	1	11	model.layers.2.mlp.down_proj	PREFILL	[512,11008]	[512,2048]	7921419950	7921455655	NA	PASS
MP01	1	12	model.layers.3.self_attn	PREFILL	null	[512,2048]	7921478155	7921655659	NA	PASS
MP01	1	13	model.layers.3.mlp.gate_up_proj	PREFILL	[512,2048]	[512,22016]	7921674818	7921711963	NA	PASS
MP01	1	14	model.layers.3.mlp.act_fn	PREFILL	[512,22016]	[512,11008]	7921716972	7921750393	NA	PASS
MP01	1	15	model.layers.3.mlp.down_proj	PREFILL	[512,11008]	[512,2048]	7921754972	7921789285	NA	PASS
MP01	1	16	model.layers.4.self_attn	PREFILL	null	[512,2048]	7921810309	7921986503	NA	PASS
MP01	1	17	model.layers.4.mlp.gate_up_proj	PREFILL	[512,2048]	[512,22016]	7922005240	7922041069	NA	PASS
MP01	1	18	model.layers.4.mlp.act_fn	PREFILL	[512,22016]	[512,11008]	7922045515	7922075832	NA	PASS
MP01	1	19	model.layers.4.mlp.down_proj	PREFILL	[512,11008]	[512,2048]	7922080344	7922113676	NA	PASS
MP01	1	20	model.layers.5.self_attn	PREFILL	null	[512,2048]	7922134637	7922307118	NA	PASS
MP01	1	21	model.layers.5.mlp.gate_up_proj	PREFILL	[512,2048]	[512,22016]	7922327992	7922371650	NA	PASS
MP01	1	22	model.layers.5.mlp.act_fn	PREFILL	[512,22016]	[512,11008]	7922376578	7922408470	NA	PASS
MP01	1	23	model.layers.5.mlp.down_proj	PREFILL	[512,11008]	[512,2048]	7922412516	7922447611	NA	PASS
MP01	1	24	model.layers.6.self_attn	PREFILL	null	[512,2048]	7922469333	7922638053	NA	PASS
MP01	1	25	model.layers.6.mlp.gate_up_proj	PREFILL	[512,2048]	[512,22016]	7922657519	7922694296	NA	PASS
MP01	1	26	model.layers.6.mlp.act_fn	PREFILL	[512,22016]	[512,11008]	7922698785	7922729519	NA	PASS
MP01	1	27	model.layers.6.mlp.down_proj	PREFILL	[512,11008]	[512,2048]	7922733680	7922766930	NA	PASS
MP01	1	28	model.layers.7.self_attn	PREFILL	null	[512,2048]	7922787260	7922949603	NA	PASS
MP01	1	29	model.layers.7.mlp.gate_up_proj	PREFILL	[512,2048]	[512,22016]	7922967930	7923003593	NA	PASS
MP01	1	30	model.layers.7.mlp.act_fn	PREFILL	[512,22016]	[512,11008]	7923008080	7923037880	NA	PASS
MP01	1	31	model.layers.7.mlp.down_proj	PREFILL	[512,11008]	[512,2048]	7923042134	7923075388	NA	PASS
MP01	1	32	model.layers.8.self_attn	PREFILL	null	[512,2048]	7923095900	7923260943	NA	PASS
MP01	1	33	model.layers.8.mlp.gate_up_proj	PREFILL	[512,2048]	[512,22016]	7923278620	7923314661	NA	PASS
MP01	1	34	model.layers.8.mlp.act_fn	PREFILL	[512,22016]	[512,11008]	7923319002	7923355422	NA	PASS
MP01	1	35	model.layers.8.mlp.down_proj	PREFILL	[512,11008]	[512,2048]	7923359313	7923393486	NA	PASS
MP01	1	36	model.layers.9.self_attn	PREFILL	null	[512,2048]	7923413606	7923586461	NA	PASS
MP01	1	37	model.layers.9.mlp.gate_up_proj	PREFILL	[512,2048]	[512,22016]	7923606548	7923647166	NA	PASS
MP01	1	38	model.layers.9.mlp.act_fn	PREFILL	[512,22016]	[512,11008]	7923652281	7923683763	NA	PASS
MP01	1	39	model.layers.9.mlp.down_proj	PREFILL	[512,11008]	[512,2048]	7923687801	7923726636	NA	PASS
MP01	1	40	model.layers.10.self_attn	PREFILL	null	[512,2048]	7923748429	7923922640	NA	PASS
MP01	1	41	model.layers.10.mlp.gate_up_proj	PREFILL	[512,2048]	[512,22016]	7923942376	7923979627	NA	PASS
MP01	1	42	model.layers.10.mlp.act_fn	PREFILL	[512,22016]	[512,11008]	7923984468	7924018241	NA	PASS
MP01	1	43	model.layers.10.mlp.down_proj	PREFILL	[512,11008]	[512,2048]	7924021979	7924056081	NA	PASS
MP01	1	44	model.layers.11.self_attn	PREFILL	null	[512,2048]	7924076849	7924243708	NA	PASS
MP01	1	45	model.layers.11.mlp.gate_up_proj	PREFILL	[512,2048]	[512,22016]	7924262392	7924298576	NA	PASS
MP01	1	46	model.layers.11.mlp.act_fn	PREFILL	[512,22016]	[512,11008]	7924305563	7924336306	NA	PASS
MP01	1	47	model.layers.11.mlp.down_proj	PREFILL	[512,11008]	[512,2048]	7924346243	7924383403	NA	PASS
MP01	1	48	model.layers.12.self_attn	PREFILL	null	[512,2048]	7924405653	7924584903	NA	PASS
MP01	1	49	model.layers.12.mlp.gate_up_proj	PREFILL	[512,2048]	[512,22016]	7924604313	7924641342	NA	PASS
MP01	1	50	model.layers.12.mlp.act_fn	PREFILL	[512,22016]	[512,11008]	7924646244	7924679934	NA	PASS
MP01	1	51	model.layers.12.mlp.down_proj	PREFILL	[512,11008]	[512,2048]	7924684061	7924717994	NA	PASS
MP01	1	52	model.layers.13.self_attn	PREFILL	null	[512,2048]	7924740124	7924957965	NA	PASS
MP01	1	53	model.layers.13.mlp.gate_up_proj	PREFILL	[512,2048]	[512,22016]	7924978793	7925017033	NA	PASS
MP01	1	54	model.layers.13.mlp.act_fn	PREFILL	[512,22016]	[512,11008]	7925022171	7925054413	NA	PASS
MP01	1	55	model.layers.13.mlp.down_proj	PREFILL	[512,11008]	[512,2048]	7925058609	7925092247	NA	PASS
MP01	1	56	model.layers.14.self_attn	PREFILL	null	[512,2048]	7925112929	7925288519	NA	PASS
MP01	1	57	model.layers.14.mlp.gate_up_proj	PREFILL	[512,2048]	[512,22016]	7925307184	7925348590	NA	PASS
MP01	1	58	model.layers.14.mlp.act_fn	PREFILL	[512,22016]	[512,11008]	7925353949	7925387053	NA	PASS
MP01	1	59	model.layers.14.mlp.down_proj	PREFILL	[512,11008]	[512,2048]	7925390971	7925425276	NA	PASS
MP01	1	60	model.layers.15.self_attn	PREFILL	null	[512,2048]	7925445648	7925616032	NA	PASS
MP01	1	61	model.layers.15.mlp.gate_up_proj	PREFILL	[512,2048]	[512,22016]	7925635665	7925673443	NA	PASS
MP01	1	62	model.layers.15.mlp.act_fn	PREFILL	[512,22016]	[512,11008]	7925678142	7925709703	NA	PASS
MP01	1	63	model.layers.15.mlp.down_proj	PREFILL	[512,11008]	[512,2048]	7925713793	7925750473	NA	PASS
MP01	1	64	model.layers.16.self_attn	PREFILL	null	[512,2048]	7925772500	7925949443	NA	PASS
MP01	1	65	model.layers.16.mlp.gate_up_proj	PREFILL	[512,2048]	[512,22016]	7925968382	7926005506	NA	PASS
MP01	1	66	model.layers.16.mlp.act_fn	PREFILL	[512,22016]	[512,11008]	7926010268	7926041484	NA	PASS
MP01	1	67	model.layers.16.mlp.down_proj	PREFILL	[512,11008]	[512,2048]	7926045592	7926079542	NA	PASS
MP01	1	68	model.layers.17.self_attn	PREFILL	null	[512,2048]	7926102470	7926271145	NA	PASS
MP01	1	69	model.layers.17.mlp.gate_up_proj	PREFILL	[512,2048]	[512,22016]	7926289427	7926325212	NA	PASS
MP01	1	70	model.layers.17.mlp.act_fn	PREFILL	[512,22016]	[512,11008]	7926329781	7926365606	NA	PASS
MP01	1	71	model.layers.17.mlp.down_proj	PREFILL	[512,11008]	[512,2048]	7926369656	7926413081	NA	PASS
MP01	1	72	model.layers.18.self_attn	PREFILL	null	[512,2048]	7926436930	7926613580	NA	PASS
MP01	1	73	model.layers.18.mlp.gate_up_proj	PREFILL	[512,2048]	[512,22016]	7926631988	7926669375	NA	PASS
MP01	1	74	model.layers.18.mlp.act_fn	PREFILL	[512,22016]	[512,11008]	7926674071	7926704937	NA	PASS
MP01	1	75	model.layers.18.mlp.down_proj	PREFILL	[512,11008]	[512,2048]	7926708597	7926741669	NA	PASS
MP01	1	76	model.layers.19.self_attn	PREFILL	null	[512,2048]	7926762013	7926928830	NA	PASS
MP01	1	77	model.layers.19.mlp.gate_up_proj	PREFILL	[512,2048]	[512,22016]	7926951194	7926989734	NA	PASS
MP01	1	78	model.layers.19.mlp.act_fn	PREFILL	[512,22016]	[512,11008]	7926995060	7927026971	NA	PASS
MP01	1	79	model.layers.19.mlp.down_proj	PREFILL	[512,11008]	[512,2048]	7927030768	7927064733	NA	PASS
MP01	1	80	model.layers.20.self_attn	PREFILL	null	[512,2048]	7927085674	7927259036	NA	PASS
MP01	1	81	model.layers.20.mlp.gate_up_proj	PREFILL	[512,2048]	[512,22016]	7927278239	7927314005	NA	PASS
MP01	1	82	model.layers.20.mlp.act_fn	PREFILL	[512,22016]	[512,11008]	7927318909	7927352822	NA	PASS
MP01	1	83	model.layers.20.mlp.down_proj	PREFILL	[512,11008]	[512,2048]	7927356835	7927392750	NA	PASS
MP01	1	84	model.layers.21.self_attn	PREFILL	null	[512,2048]	7927413445	7927581336	NA	PASS
MP01	1	85	model.layers.21.mlp.gate_up_proj	PREFILL	[512,2048]	[512,22016]	7927600170	7927636397	NA	PASS
MP01	1	86	model.layers.21.mlp.act_fn	PREFILL	[512,22016]	[512,11008]	7927641119	7927671532	NA	PASS
MP01	1	87	model.layers.21.mlp.down_proj	PREFILL	[512,11008]	[512,2048]	7927675437	7927708193	NA	PASS
MP01	1	88	model.layers.22.self_attn	PREFILL	null	[512,2048]	7927727840	7927891381	NA	PASS
MP01	1	89	model.layers.22.mlp.gate_up_proj	PREFILL	[512,2048]	[512,22016]	7927909572	7927945678	NA	PASS
MP01	1	90	model.layers.22.mlp.act_fn	PREFILL	[512,22016]	[512,11008]	7927950299	7927988388	NA	PASS
MP01	1	91	model.layers.22.mlp.down_proj	PREFILL	[512,11008]	[512,2048]	7927992098	7928026779	NA	PASS
MP01	1	92	model.layers.23.self_attn	PREFILL	null	[512,2048]	7928047452	7928225468	NA	PASS
MP01	1	93	model.layers.23.mlp.gate_up_proj	PREFILL	[512,2048]	[512,22016]	7928245618	7928282158	NA	PASS
MP01	1	94	model.layers.23.mlp.act_fn	PREFILL	[512,22016]	[512,11008]	7928286655	7928317088	NA	PASS
MP01	1	95	model.layers.23.mlp.down_proj	PREFILL	[512,11008]	[512,2048]	7928321147	7928358831	NA	PASS
MP01	1	96	model.layers.24.self_attn	PREFILL	null	[512,2048]	7928379271	7928549815	NA	PASS
MP01	1	97	model.layers.24.mlp.gate_up_proj	PREFILL	[512,2048]	[512,22016]	7928568145	7928605124	NA	PASS
MP01	1	98	model.layers.24.mlp.act_fn	PREFILL	[512,22016]	[512,11008]	7928609932	7928640405	NA	PASS
MP01	1	99	model.layers.24.mlp.down_proj	PREFILL	[512,11008]	[512,2048]	7928644217	7928677787	NA	PASS
MP01	1	100	model.layers.25.self_attn	PREFILL	null	[512,2048]	7928698015	7928865112	NA	PASS
MP01	1	101	model.layers.25.mlp.gate_up_proj	PREFILL	[512,2048]	[512,22016]	7928882914	7928919044	NA	PASS
MP01	1	102	model.layers.25.mlp.act_fn	PREFILL	[512,22016]	[512,11008]	7928923362	7928955326	NA	PASS
MP01	1	103	model.layers.25.mlp.down_proj	PREFILL	[512,11008]	[512,2048]	7928958837	7928991741	NA	PASS
MP01	1	104	model.layers.26.self_attn	PREFILL	null	[512,2048]	7929013931	7929182423	NA	PASS
MP01	1	105	model.layers.26.mlp.gate_up_proj	PREFILL	[512,2048]	[512,22016]	7929203207	7929241353	NA	PASS
MP01	1	106	model.layers.26.mlp.act_fn	PREFILL	[512,22016]	[512,11008]	7929246209	7929279659	NA	PASS
MP01	1	107	model.layers.26.mlp.down_proj	PREFILL	[512,11008]	[512,2048]	7929283504	7929317614	NA	PASS
MP01	1	108	model.layers.27.self_attn	PREFILL	null	[512,2048]	7929343091	7929513343	NA	PASS
MP01	1	109	model.layers.27.mlp.gate_up_proj	PREFILL	[512,2048]	[512,22016]	7929537281	7929573943	NA	PASS
MP01	1	110	model.layers.27.mlp.act_fn	PREFILL	[512,22016]	[512,11008]	7929581703	7929612562	NA	PASS
MP01	1	111	model.layers.27.mlp.down_proj	PREFILL	[512,11008]	[512,2048]	7929616236	7929651033	NA	PASS
MP01	1	112	model.layers.28.self_attn	PREFILL	null	[512,2048]	7929671966	7929840836	NA	PASS
MP01	1	113	model.layers.28.mlp.gate_up_proj	PREFILL	[512,2048]	[512,22016]	7929859514	7929895174	NA	PASS
MP01	1	114	model.layers.28.mlp.act_fn	PREFILL	[512,22016]	[512,11008]	7929899911	7929931107	NA	PASS
MP01	1	115	model.layers.28.mlp.down_proj	PREFILL	[512,11008]	[512,2048]	7929934968	7929970879	NA	PASS
MP01	1	116	model.layers.29.self_attn	PREFILL	null	[512,2048]	7929991622	7930154864	NA	PASS
MP01	1	117	model.layers.29.mlp.gate_up_proj	PREFILL	[512,2048]	[512,22016]	7930173011	7930208736	NA	PASS
MP01	1	118	model.layers.29.mlp.act_fn	PREFILL	[512,22016]	[512,11008]	7930213109	7930242921	NA	PASS
MP01	1	119	model.layers.29.mlp.down_proj	PREFILL	[512,11008]	[512,2048]	7930246464	7930280442	NA	PASS
MP01	1	120	model.layers.30.self_attn	PREFILL	null	[512,2048]	7930300787	7930481257	NA	PASS
MP01	1	121	model.layers.30.mlp.gate_up_proj	PREFILL	[512,2048]	[512,22016]	7930500410	7930537868	NA	PASS
MP01	1	122	model.layers.30.mlp.act_fn	PREFILL	[512,22016]	[512,11008]	7930542695	7930573479	NA	PASS
MP01	1	123	model.layers.30.mlp.down_proj	PREFILL	[512,11008]	[512,2048]	7930577092	7930612339	NA	PASS
MP01	1	124	model.layers.31.self_attn	PREFILL	null	[512,2048]	7930632829	7930803836	NA	PASS
MP01	1	125	model.layers.31.mlp.gate_up_proj	PREFILL	[512,2048]	[512,22016]	7930824098	7930862837	NA	PASS
MP01	1	126	model.layers.31.mlp.act_fn	PREFILL	[512,22016]	[512,11008]	7930867593	7930898853	NA	PASS
MP01	1	127	model.layers.31.mlp.down_proj	PREFILL	[512,11008]	[512,2048]	7930902917	7930936954	NA	PASS
MP01	1	128	model.layers.32.self_attn	PREFILL	null	[512,2048]	7930958015	7931134418	NA	PASS
MP01	1	129	model.layers.32.mlp.gate_up_proj	PREFILL	[512,2048]	[512,22016]	7931157972	7931195255	NA	PASS
MP01	1	130	model.layers.32.mlp.act_fn	PREFILL	[512,22016]	[512,11008]	7931199643	7931230129	NA	PASS
MP01	1	131	model.layers.32.mlp.down_proj	PREFILL	[512,11008]	[512,2048]	7931233670	7931267078	NA	PASS
MP01	1	132	model.layers.33.self_attn	PREFILL	null	[512,2048]	7931287672	7931467621	NA	PASS
MP01	1	133	model.layers.33.mlp.gate_up_proj	PREFILL	[512,2048]	[512,22016]	7931486248	7931523011	NA	PASS
MP01	1	134	model.layers.33.mlp.act_fn	PREFILL	[512,22016]	[512,11008]	7931527434	7931558203	NA	PASS
MP01	1	135	model.layers.33.mlp.down_proj	PREFILL	[512,11008]	[512,2048]	7931561988	7931595352	NA	PASS
MP01	1	136	model.layers.34.self_attn	PREFILL	null	[512,2048]	7931616380	7931780583	NA	PASS
MP01	1	137	model.layers.34.mlp.gate_up_proj	PREFILL	[512,2048]	[512,22016]	7931798786	7931834375	NA	PASS
MP01	1	138	model.layers.34.mlp.act_fn	PREFILL	[512,22016]	[512,11008]	7931838548	7931870238	NA	PASS
MP01	1	139	model.layers.34.mlp.down_proj	PREFILL	[512,11008]	[512,2048]	7931873839	7931906457	NA	PASS
MP01	1	140	model.layers.35.self_attn	PREFILL	null	[512,2048]	7931925886	7932087870	NA	PASS
MP01	1	141	model.layers.35.mlp.gate_up_proj	PREFILL	[512,2048]	[512,22016]	7932105552	7932141517	NA	PASS
MP01	1	142	model.layers.35.mlp.act_fn	PREFILL	[512,22016]	[512,11008]	7932145885	7932177835	NA	PASS
MP01	1	143	model.layers.35.mlp.down_proj	PREFILL	[512,11008]	[512,2048]	7932181444	7932215353	NA	PASS
MP05	1	0	model.layers.0.self_attn	PREFILL	null	[512,2048]	8822354053	8822604383	NA	PASS
MP05	1	1	model.layers.0.mlp.gate_up_proj	PREFILL	[512,2048]	[512,22016]	8822635524	8822676983	NA	PASS
MP05	1	2	model.layers.0.mlp.act_fn	PREFILL	[512,22016]	[512,11008]	8822685146	8822701282	NA	PASS
MP05	1	3	model.layers.0.mlp.down_proj	PREFILL	[512,11008]	[512,2048]	8822706132	8822738211	NA	PASS
MP05	1	4	model.layers.1.self_attn	PREFILL	null	[512,2048]	8822760708	8822952257	NA	PASS
MP05	1	5	model.layers.1.mlp.gate_up_proj	PREFILL	[512,2048]	[512,22016]	8822973086	8823003177	NA	PASS
MP05	1	6	model.layers.1.mlp.act_fn	PREFILL	[512,22016]	[512,11008]	8823007645	8823020524	NA	PASS
MP05	1	7	model.layers.1.mlp.down_proj	PREFILL	[512,11008]	[512,2048]	8823024358	8823053222	NA	PASS
MP05	1	8	model.layers.2.self_attn	PREFILL	null	[512,2048]	8823072155	8823251845	NA	PASS
MP05	1	9	model.layers.2.mlp.gate_up_proj	PREFILL	[512,2048]	[512,22016]	8823273646	8823303107	NA	PASS
MP05	1	10	model.layers.2.mlp.act_fn	PREFILL	[512,22016]	[512,11008]	8823307652	8823320810	NA	PASS
MP05	1	11	model.layers.2.mlp.down_proj	PREFILL	[512,11008]	[512,2048]	8823324638	8823352915	NA	PASS
MP05	1	12	model.layers.3.self_attn	PREFILL	null	[512,2048]	8823371491	8823547009	NA	PASS
MP05	1	13	model.layers.3.mlp.gate_up_proj	PREFILL	[512,2048]	[512,22016]	8823565589	8823594944	NA	PASS
MP05	1	14	model.layers.3.mlp.act_fn	PREFILL	[512,22016]	[512,11008]	8823599064	8823611560	NA	PASS
MP05	1	15	model.layers.3.mlp.down_proj	PREFILL	[512,11008]	[512,2048]	8823615187	8823644128	NA	PASS
MP05	1	16	model.layers.4.self_attn	PREFILL	null	[512,2048]	8823662950	8823821337	NA	PASS
MP05	1	17	model.layers.4.mlp.gate_up_proj	PREFILL	[512,2048]	[512,22016]	8823841080	8823869849	NA	PASS
MP05	1	18	model.layers.4.mlp.act_fn	PREFILL	[512,22016]	[512,11008]	8823874028	8823886266	NA	PASS
MP05	1	19	model.layers.4.mlp.down_proj	PREFILL	[512,11008]	[512,2048]	8823889782	8823917322	NA	PASS
MP05	1	20	model.layers.5.self_attn	PREFILL	null	[512,2048]	8823935836	8824092732	NA	PASS
MP05	1	21	model.layers.5.mlp.gate_up_proj	PREFILL	[512,2048]	[512,22016]	8824109583	8824137955	NA	PASS
MP05	1	22	model.layers.5.mlp.act_fn	PREFILL	[512,22016]	[512,11008]	8824142011	8824153996	NA	PASS
MP05	1	23	model.layers.5.mlp.down_proj	PREFILL	[512,11008]	[512,2048]	8824157368	8824184852	NA	PASS
MP05	1	24	model.layers.6.self_attn	PREFILL	null	[512,2048]	8824202511	8824361135	NA	PASS
MP05	1	25	model.layers.6.mlp.gate_up_proj	PREFILL	[512,2048]	[512,22016]	8824378548	8824406742	NA	PASS
MP05	1	26	model.layers.6.mlp.act_fn	PREFILL	[512,22016]	[512,11008]	8824410945	8824423775	NA	PASS
MP05	1	27	model.layers.6.mlp.down_proj	PREFILL	[512,11008]	[512,2048]	8824427510	8824455506	NA	PASS
MP05	1	28	model.layers.7.self_attn	PREFILL	null	[512,2048]	8824477407	8824641141	NA	PASS
MP05	1	29	model.layers.7.mlp.gate_up_proj	PREFILL	[512,2048]	[512,22016]	8824658708	8824688291	NA	PASS
MP05	1	30	model.layers.7.mlp.act_fn	PREFILL	[512,22016]	[512,11008]	8824692551	8824705517	NA	PASS
MP05	1	31	model.layers.7.mlp.down_proj	PREFILL	[512,11008]	[512,2048]	8824709354	8824737216	NA	PASS
MP05	1	32	model.layers.8.self_attn	PREFILL	null	[512,2048]	8824755321	8824917117	NA	PASS
MP05	1	33	model.layers.8.mlp.gate_up_proj	PREFILL	[512,2048]	[512,22016]	8824934793	8824963758	NA	PASS
MP05	1	34	model.layers.8.mlp.act_fn	PREFILL	[512,22016]	[512,11008]	8824968131	8824980752	NA	PASS
MP05	1	35	model.layers.8.mlp.down_proj	PREFILL	[512,11008]	[512,2048]	8824984539	8825015099	NA	PASS
MP05	1	36	model.layers.9.self_attn	PREFILL	null	[512,2048]	8825033296	8825188921	NA	PASS
MP05	1	37	model.layers.9.mlp.gate_up_proj	PREFILL	[512,2048]	[512,22016]	8825206233	8825235385	NA	PASS
MP05	1	38	model.layers.9.mlp.act_fn	PREFILL	[512,22016]	[512,11008]	8825239719	8825252043	NA	PASS
MP05	1	39	model.layers.9.mlp.down_proj	PREFILL	[512,11008]	[512,2048]	8825255633	8825284189	NA	PASS
MP05	1	40	model.layers.10.self_attn	PREFILL	null	[512,2048]	8825302294	8825455288	NA	PASS
MP05	1	41	model.layers.10.mlp.gate_up_proj	PREFILL	[512,2048]	[512,22016]	8825476536	8825507206	NA	PASS
MP05	1	42	model.layers.10.mlp.act_fn	PREFILL	[512,22016]	[512,11008]	8825511703	8825524196	NA	PASS
MP05	1	43	model.layers.10.mlp.down_proj	PREFILL	[512,11008]	[512,2048]	8825528004	8825555591	NA	PASS
MP05	1	44	model.layers.11.self_attn	PREFILL	null	[512,2048]	8825574214	8825741118	NA	PASS
MP05	1	45	model.layers.11.mlp.gate_up_proj	PREFILL	[512,2048]	[512,22016]	8825758694	8825788484	NA	PASS
MP05	1	46	model.layers.11.mlp.act_fn	PREFILL	[512,22016]	[512,11008]	8825792569	8825804911	NA	PASS
MP05	1	47	model.layers.11.mlp.down_proj	PREFILL	[512,11008]	[512,2048]	8825808471	8825836423	NA	PASS
MP05	1	48	model.layers.12.self_attn	PREFILL	null	[512,2048]	8825857348	8826014647	NA	PASS
MP05	1	49	model.layers.12.mlp.gate_up_proj	PREFILL	[512,2048]	[512,22016]	8826031803	8826060940	NA	PASS
MP05	1	50	model.layers.12.mlp.act_fn	PREFILL	[512,22016]	[512,11008]	8826065175	8826077656	NA	PASS
MP05	1	51	model.layers.12.mlp.down_proj	PREFILL	[512,11008]	[512,2048]	8826081269	8826109360	NA	PASS
MP05	1	52	model.layers.13.self_attn	PREFILL	null	[512,2048]	8826127640	8826281547	NA	PASS
MP05	1	53	model.layers.13.mlp.gate_up_proj	PREFILL	[512,2048]	[512,22016]	8826304684	8826333897	NA	PASS
MP05	1	54	model.layers.13.mlp.act_fn	PREFILL	[512,22016]	[512,11008]	8826338237	8826350950	NA	PASS
MP05	1	55	model.layers.13.mlp.down_proj	PREFILL	[512,11008]	[512,2048]	8826354441	8826381762	NA	PASS
MP05	1	56	model.layers.14.self_attn	PREFILL	null	[512,2048]	8826399118	8826559966	NA	PASS
MP05	1	57	model.layers.14.mlp.gate_up_proj	PREFILL	[512,2048]	[512,22016]	8826576931	8826605686	NA	PASS
MP05	1	58	model.layers.14.mlp.act_fn	PREFILL	[512,22016]	[512,11008]	8826610325	8826622624	NA	PASS
MP05	1	59	model.layers.14.mlp.down_proj	PREFILL	[512,11008]	[512,2048]	8826626275	8826653159	NA	PASS
MP05	1	60	model.layers.15.self_attn	PREFILL	null	[512,2048]	8826670955	8826830023	NA	PASS
MP05	1	61	model.layers.15.mlp.gate_up_proj	PREFILL	[512,2048]	[512,22016]	8826847571	8826876909	NA	PASS
MP05	1	62	model.layers.15.mlp.act_fn	PREFILL	[512,22016]	[512,11008]	8826881159	8826893406	NA	PASS
MP05	1	63	model.layers.15.mlp.down_proj	PREFILL	[512,11008]	[512,2048]	8826897385	8826925644	NA	PASS
MP05	1	64	model.layers.16.self_attn	PREFILL	null	[512,2048]	8826943417	8827102169	NA	PASS
MP05	1	65	model.layers.16.mlp.gate_up_proj	PREFILL	[512,2048]	[512,22016]	8827119785	8827149111	NA	PASS
MP05	1	66	model.layers.16.mlp.act_fn	PREFILL	[512,22016]	[512,11008]	8827153698	8827166557	NA	PASS
MP05	1	67	model.layers.16.mlp.down_proj	PREFILL	[512,11008]	[512,2048]	8827169959	8827198013	NA	PASS
MP05	1	68	model.layers.17.self_attn	PREFILL	null	[512,2048]	8827215944	8827369456	NA	PASS
MP05	1	69	model.layers.17.mlp.gate_up_proj	PREFILL	[512,2048]	[512,22016]	8827390011	8827423210	NA	PASS
MP05	1	70	model.layers.17.mlp.act_fn	PREFILL	[512,22016]	[512,11008]	8827427549	8827439777	NA	PASS
MP05	1	71	model.layers.17.mlp.down_proj	PREFILL	[512,11008]	[512,2048]	8827443176	8827473430	NA	PASS
MP05	1	72	model.layers.18.self_attn	PREFILL	null	[512,2048]	8827490838	8827645766	NA	PASS
MP05	1	73	model.layers.18.mlp.gate_up_proj	PREFILL	[512,2048]	[512,22016]	8827662628	8827690904	NA	PASS
MP05	1	74	model.layers.18.mlp.act_fn	PREFILL	[512,22016]	[512,11008]	8827695302	8827707274	NA	PASS
MP05	1	75	model.layers.18.mlp.down_proj	PREFILL	[512,11008]	[512,2048]	8827710625	8827737815	NA	PASS
MP05	1	76	model.layers.19.self_attn	PREFILL	null	[512,2048]	8827754703	8827907918	NA	PASS
MP05	1	77	model.layers.19.mlp.gate_up_proj	PREFILL	[512,2048]	[512,22016]	8827925171	8827953574	NA	PASS
MP05	1	78	model.layers.19.mlp.act_fn	PREFILL	[512,22016]	[512,11008]	8827957786	8827969742	NA	PASS
MP05	1	79	model.layers.19.mlp.down_proj	PREFILL	[512,11008]	[512,2048]	8827973109	8827999530	NA	PASS
MP05	1	80	model.layers.20.self_attn	PREFILL	null	[512,2048]	8828016764	8828169087	NA	PASS
MP05	1	81	model.layers.20.mlp.gate_up_proj	PREFILL	[512,2048]	[512,22016]	8828186247	8828214353	NA	PASS
MP05	1	82	model.layers.20.mlp.act_fn	PREFILL	[512,22016]	[512,11008]	8828218714	8828230694	NA	PASS
MP05	1	83	model.layers.20.mlp.down_proj	PREFILL	[512,11008]	[512,2048]	8828234269	8828262711	NA	PASS
MP05	1	84	model.layers.21.self_attn	PREFILL	null	[512,2048]	8828284834	8828435778	NA	PASS
MP05	1	85	model.layers.21.mlp.gate_up_proj	PREFILL	[512,2048]	[512,22016]	8828452653	8828484151	NA	PASS
MP05	1	86	model.layers.21.mlp.act_fn	PREFILL	[512,22016]	[512,11008]	8828488632	8828501078	NA	PASS
MP05	1	87	model.layers.21.mlp.down_proj	PREFILL	[512,11008]	[512,2048]	8828504737	8828532261	NA	PASS
MP05	1	88	model.layers.22.self_attn	PREFILL	null	[512,2048]	8828550186	8828699108	NA	PASS
MP05	1	89	model.layers.22.mlp.gate_up_proj	PREFILL	[512,2048]	[512,22016]	8828720005	8828748229	NA	PASS
MP05	1	90	model.layers.22.mlp.act_fn	PREFILL	[512,22016]	[512,11008]	8828752530	8828764483	NA	PASS
MP05	1	91	model.layers.22.mlp.down_proj	PREFILL	[512,11008]	[512,2048]	8828767657	8828794727	NA	PASS
MP05	1	92	model.layers.23.self_attn	PREFILL	null	[512,2048]	8828812443	8828962679	NA	PASS
MP05	1	93	model.layers.23.mlp.gate_up_proj	PREFILL	[512,2048]	[512,22016]	8828979162	8829007444	NA	PASS
MP05	1	94	model.layers.23.mlp.act_fn	PREFILL	[512,22016]	[512,11008]	8829011560	8829023484	NA	PASS
MP05	1	95	model.layers.23.mlp.down_proj	PREFILL	[512,11008]	[512,2048]	8829026947	8829053847	NA	PASS
MP05	1	96	model.layers.24.self_attn	PREFILL	null	[512,2048]	8829071079	8829221520	NA	PASS
MP05	1	97	model.layers.24.mlp.gate_up_proj	PREFILL	[512,2048]	[512,22016]	8829237461	8829265159	NA	PASS
MP05	1	98	model.layers.24.mlp.act_fn	PREFILL	[512,22016]	[512,11008]	8829269291	8829281299	NA	PASS
MP05	1	99	model.layers.24.mlp.down_proj	PREFILL	[512,11008]	[512,2048]	8829284609	8829311936	NA	PASS
MP05	1	100	model.layers.25.self_attn	PREFILL	null	[512,2048]	8829329256	8829485339	NA	PASS
MP05	1	101	model.layers.25.mlp.gate_up_proj	PREFILL	[512,2048]	[512,22016]	8829502525	8829531266	NA	PASS
MP05	1	102	model.layers.25.mlp.act_fn	PREFILL	[512,22016]	[512,11008]	8829535714	8829548198	NA	PASS
MP05	1	103	model.layers.25.mlp.down_proj	PREFILL	[512,11008]	[512,2048]	8829552003	8829583900	NA	PASS
MP05	1	104	model.layers.26.self_attn	PREFILL	null	[512,2048]	8829601422	8829753669	NA	PASS
MP05	1	105	model.layers.26.mlp.gate_up_proj	PREFILL	[512,2048]	[512,22016]	8829770246	8829799427	NA	PASS
MP05	1	106	model.layers.26.mlp.act_fn	PREFILL	[512,22016]	[512,11008]	8829803635	8829815465	NA	PASS
MP05	1	107	model.layers.26.mlp.down_proj	PREFILL	[512,11008]	[512,2048]	8829818965	8829846150	NA	PASS
MP05	1	108	model.layers.27.self_attn	PREFILL	null	[512,2048]	8829863542	8830023434	NA	PASS
MP05	1	109	model.layers.27.mlp.gate_up_proj	PREFILL	[512,2048]	[512,22016]	8830043938	8830074368	NA	PASS
MP05	1	110	model.layers.27.mlp.act_fn	PREFILL	[512,22016]	[512,11008]	8830078572	8830090938	NA	PASS
MP05	1	111	model.layers.27.mlp.down_proj	PREFILL	[512,11008]	[512,2048]	8830094575	8830123032	NA	PASS
MP05	1	112	model.layers.28.self_attn	PREFILL	null	[512,2048]	8830142663	8830302308	NA	PASS
MP05	1	113	model.layers.28.mlp.gate_up_proj	PREFILL	[512,2048]	[512,22016]	8830319952	8830349468	NA	PASS
MP05	1	114	model.layers.28.mlp.act_fn	PREFILL	[512,22016]	[512,11008]	8830353830	8830366390	NA	PASS
MP05	1	115	model.layers.28.mlp.down_proj	PREFILL	[512,11008]	[512,2048]	8830371490	8830400387	NA	PASS
MP05	1	116	model.layers.29.self_attn	PREFILL	null	[512,2048]	8830418552	8830584043	NA	PASS
MP05	1	117	model.layers.29.mlp.gate_up_proj	PREFILL	[512,2048]	[512,22016]	8830602024	8830631517	NA	PASS
MP05	1	118	model.layers.29.mlp.act_fn	PREFILL	[512,22016]	[512,11008]	8830635806	8830648154	NA	PASS
MP05	1	119	model.layers.29.mlp.down_proj	PREFILL	[512,11008]	[512,2048]	8830651726	8830679650	NA	PASS
MP05	1	120	model.layers.30.self_attn	PREFILL	null	[512,2048]	8830698187	8830853441	NA	PASS
MP05	1	121	model.layers.30.mlp.gate_up_proj	PREFILL	[512,2048]	[512,22016]	8830870088	8830898524	NA	PASS
MP05	1	122	model.layers.30.mlp.act_fn	PREFILL	[512,22016]	[512,11008]	8830902814	8830914765	NA	PASS
MP05	1	123	model.layers.30.mlp.down_proj	PREFILL	[512,11008]	[512,2048]	8830918202	8830945084	NA	PASS
MP05	1	124	model.layers.31.self_attn	PREFILL	null	[512,2048]	8830962443	8831116922	NA	PASS
MP05	1	125	model.layers.31.mlp.gate_up_proj	PREFILL	[512,2048]	[512,22016]	8831133412	8831161900	NA	PASS
MP05	1	126	model.layers.31.mlp.act_fn	PREFILL	[512,22016]	[512,11008]	8831166103	8831178190	NA	PASS
MP05	1	127	model.layers.31.mlp.down_proj	PREFILL	[512,11008]	[512,2048]	8831181800	8831208822	NA	PASS
MP05	1	128	model.layers.32.self_attn	PREFILL	null	[512,2048]	8831225917	8831376314	NA	PASS
MP05	1	129	model.layers.32.mlp.gate_up_proj	PREFILL	[512,2048]	[512,22016]	8831394649	8831424207	NA	PASS
MP05	1	130	model.layers.32.mlp.act_fn	PREFILL	[512,22016]	[512,11008]	8831428401	8831442569	NA	PASS
MP05	1	131	model.layers.32.mlp.down_proj	PREFILL	[512,11008]	[512,2048]	8831446196	8831477909	NA	PASS
MP05	1	132	model.layers.33.self_attn	PREFILL	null	[512,2048]	8831496071	8831656306	NA	PASS
MP05	1	133	model.layers.33.mlp.gate_up_proj	PREFILL	[512,2048]	[512,22016]	8831674232	8831704021	NA	PASS
MP05	1	134	model.layers.33.mlp.act_fn	PREFILL	[512,22016]	[512,11008]	8831708600	8831721337	NA	PASS
MP05	1	135	model.layers.33.mlp.down_proj	PREFILL	[512,11008]	[512,2048]	8831725044	8831753268	NA	PASS
MP05	1	136	model.layers.34.self_attn	PREFILL	null	[512,2048]	8831776289	8831929060	NA	PASS
MP05	1	137	model.layers.34.mlp.gate_up_proj	PREFILL	[512,2048]	[512,22016]	8831946294	8831975543	NA	PASS
MP05	1	138	model.layers.34.mlp.act_fn	PREFILL	[512,22016]	[512,11008]	8831980040	8831992278	NA	PASS
MP05	1	139	model.layers.34.mlp.down_proj	PREFILL	[512,11008]	[512,2048]	8831995989	8832023720	NA	PASS
MP05	1	140	model.layers.35.self_attn	PREFILL	null	[512,2048]	8832041567	8832196421	NA	PASS
MP05	1	141	model.layers.35.mlp.gate_up_proj	PREFILL	[512,2048]	[512,22016]	8832212935	8832241934	NA	PASS
MP05	1	142	model.layers.35.mlp.act_fn	PREFILL	[512,22016]	[512,11008]	8832246301	8832258257	NA	PASS
MP05	1	143	model.layers.35.mlp.down_proj	PREFILL	[512,11008]	[512,2048]	8832261593	8832288912	NA	PASS
MP05	1	144	model.layers.0.self_attn	DECODE	null	[1,2048]	8833493731	8833793563	NA	PASS
MP05	1	145	model.layers.0.mlp.gate_up_proj	DECODE	[1,2048]	[1,22016]	8833820248	8833853307	NA	PASS
MP05	1	146	model.layers.0.mlp.act_fn	DECODE	[1,22016]	[1,11008]	8833858785	8833873336	NA	PASS
MP05	1	147	model.layers.0.mlp.down_proj	DECODE	[1,11008]	[1,2048]	8833877303	8833907383	NA	PASS
MP05	1	148	model.layers.1.self_attn	DECODE	null	[1,2048]	8833926689	8834135086	NA	PASS
MP05	1	149	model.layers.1.mlp.gate_up_proj	DECODE	[1,2048]	[1,22016]	8834158782	8834190520	NA	PASS
MP05	1	150	model.layers.1.mlp.act_fn	DECODE	[1,22016]	[1,11008]	8834195015	8834208147	NA	PASS
MP05	1	151	model.layers.1.mlp.down_proj	DECODE	[1,11008]	[1,2048]	8834211825	8834240835	NA	PASS
MP05	1	152	model.layers.2.self_attn	DECODE	null	[1,2048]	8834260007	8834466154	NA	PASS
MP05	1	153	model.layers.2.mlp.gate_up_proj	DECODE	[1,2048]	[1,22016]	8834485768	8834515449	NA	PASS
MP05	1	154	model.layers.2.mlp.act_fn	DECODE	[1,22016]	[1,11008]	8834519816	8834532813	NA	PASS
MP05	1	155	model.layers.2.mlp.down_proj	DECODE	[1,11008]	[1,2048]	8834536438	8834564255	NA	PASS
MP05	1	156	model.layers.3.self_attn	DECODE	null	[1,2048]	8834582793	8834776273	NA	PASS
MP05	1	157	model.layers.3.mlp.gate_up_proj	DECODE	[1,2048]	[1,22016]	8834793632	8834822543	NA	PASS
MP05	1	158	model.layers.3.mlp.act_fn	DECODE	[1,22016]	[1,11008]	8834826896	8834839360	NA	PASS
MP05	1	159	model.layers.3.mlp.down_proj	DECODE	[1,11008]	[1,2048]	8834842806	8834870597	NA	PASS
MP05	1	160	model.layers.4.self_attn	DECODE	null	[1,2048]	8834888938	8835082568	NA	PASS
MP05	1	161	model.layers.4.mlp.gate_up_proj	DECODE	[1,2048]	[1,22016]	8835103100	8835132903	NA	PASS
MP05	1	162	model.layers.4.mlp.act_fn	DECODE	[1,22016]	[1,11008]	8835137485	8835150338	NA	PASS
MP05	1	163	model.layers.4.mlp.down_proj	DECODE	[1,11008]	[1,2048]	8835153950	8835182050	NA	PASS
MP05	1	164	model.layers.5.self_attn	DECODE	null	[1,2048]	8835201622	8835396003	NA	PASS
MP05	1	165	model.layers.5.mlp.gate_up_proj	DECODE	[1,2048]	[1,22016]	8835414852	8835444085	NA	PASS
MP05	1	166	model.layers.5.mlp.act_fn	DECODE	[1,22016]	[1,11008]	8835448475	8835464695	NA	PASS
MP05	1	167	model.layers.5.mlp.down_proj	DECODE	[1,11008]	[1,2048]	8835468188	8835496798	NA	PASS
MP05	1	168	model.layers.6.self_attn	DECODE	null	[1,2048]	8835515314	8835708383	NA	PASS
MP05	1	169	model.layers.6.mlp.gate_up_proj	DECODE	[1,2048]	[1,22016]	8835726133	8835754688	NA	PASS
MP05	1	170	model.layers.6.mlp.act_fn	DECODE	[1,22016]	[1,11008]	8835758756	8835771346	NA	PASS
MP05	1	171	model.layers.6.mlp.down_proj	DECODE	[1,11008]	[1,2048]	8835774939	8835801628	NA	PASS
MP05	1	172	model.layers.7.self_attn	DECODE	null	[1,2048]	8835819443	8836009271	NA	PASS
MP05	1	173	model.layers.7.mlp.gate_up_proj	DECODE	[1,2048]	[1,22016]	8836030640	8836060731	NA	PASS
MP05	1	174	model.layers.7.mlp.act_fn	DECODE	[1,22016]	[1,11008]	8836067446	8836079894	NA	PASS
MP05	1	175	model.layers.7.mlp.down_proj	DECODE	[1,11008]	[1,2048]	8836083482	8836112753	NA	PASS
MP05	1	176	model.layers.8.self_attn	DECODE	null	[1,2048]	8836131093	8836321231	NA	PASS
MP05	1	177	model.layers.8.mlp.gate_up_proj	DECODE	[1,2048]	[1,22016]	8836339964	8836372337	NA	PASS
MP05	1	178	model.layers.8.mlp.act_fn	DECODE	[1,22016]	[1,11008]	8836376978	8836390130	NA	PASS
MP05	1	179	model.layers.8.mlp.down_proj	DECODE	[1,11008]	[1,2048]	8836398439	8836426722	NA	PASS
MP05	1	180	model.layers.9.self_attn	DECODE	null	[1,2048]	8836445134	8836647294	NA	PASS
MP05	1	181	model.layers.9.mlp.gate_up_proj	DECODE	[1,2048]	[1,22016]	8836665665	8836695315	NA	PASS
MP05	1	182	model.layers.9.mlp.act_fn	DECODE	[1,22016]	[1,11008]	8836699550	8836712169	NA	PASS
MP05	1	183	model.layers.9.mlp.down_proj	DECODE	[1,11008]	[1,2048]	8836715722	8836743182	NA	PASS
MP05	1	184	model.layers.10.self_attn	DECODE	null	[1,2048]	8836761145	8836953239	NA	PASS
MP05	1	185	model.layers.10.mlp.gate_up_proj	DECODE	[1,2048]	[1,22016]	8836971263	8837000502	NA	PASS
MP05	1	186	model.layers.10.mlp.act_fn	DECODE	[1,22016]	[1,11008]	8837004837	8837017357	NA	PASS
MP05	1	187	model.layers.10.mlp.down_proj	DECODE	[1,11008]	[1,2048]	8837020891	8837048326	NA	PASS
MP05	1	188	model.layers.11.self_attn	DECODE	null	[1,2048]	8837066339	8837251477	NA	PASS
MP05	1	189	model.layers.11.mlp.gate_up_proj	DECODE	[1,2048]	[1,22016]	8837270390	8837300207	NA	PASS
MP05	1	190	model.layers.11.mlp.act_fn	DECODE	[1,22016]	[1,11008]	8837304778	8837317858	NA	PASS
MP05	1	191	model.layers.11.mlp.down_proj	DECODE	[1,11008]	[1,2048]	8837321162	8837349587	NA	PASS
MP05	1	192	model.layers.12.self_attn	DECODE	null	[1,2048]	8837367831	8837565066	NA	PASS
MP05	1	193	model.layers.12.mlp.gate_up_proj	DECODE	[1,2048]	[1,22016]	8837583435	8837615266	NA	PASS
MP05	1	194	model.layers.12.mlp.act_fn	DECODE	[1,22016]	[1,11008]	8837619480	8837631628	NA	PASS
MP05	1	195	model.layers.12.mlp.down_proj	DECODE	[1,11008]	[1,2048]	8837635213	8837662314	NA	PASS
MP05	1	196	model.layers.13.self_attn	DECODE	null	[1,2048]	8837679944	8837863747	NA	PASS
MP05	1	197	model.layers.13.mlp.gate_up_proj	DECODE	[1,2048]	[1,22016]	8837880575	8837908830	NA	PASS
MP05	1	198	model.layers.13.mlp.act_fn	DECODE	[1,22016]	[1,11008]	8837912921	8837925024	NA	PASS
MP05	1	199	model.layers.13.mlp.down_proj	DECODE	[1,11008]	[1,2048]	8837928887	8837955770	NA	PASS
MP05	1	200	model.layers.14.self_attn	DECODE	null	[1,2048]	8837973321	8838156542	NA	PASS
MP05	1	201	model.layers.14.mlp.gate_up_proj	DECODE	[1,2048]	[1,22016]	8838176885	8838206909	NA	PASS
MP05	1	202	model.layers.14.mlp.act_fn	DECODE	[1,22016]	[1,11008]	8838211353	8838223865	NA	PASS
MP05	1	203	model.layers.14.mlp.down_proj	DECODE	[1,11008]	[1,2048]	8838227377	8838254981	NA	PASS
MP05	1	204	model.layers.15.self_attn	DECODE	null	[1,2048]	8838272900	8838458921	NA	PASS
MP05	1	205	model.layers.15.mlp.gate_up_proj	DECODE	[1,2048]	[1,22016]	8838482321	8838512672	NA	PASS
MP05	1	206	model.layers.15.mlp.act_fn	DECODE	[1,22016]	[1,11008]	8838517276	8838530457	NA	PASS
MP05	1	207	model.layers.15.mlp.down_proj	DECODE	[1,11008]	[1,2048]	8838534010	8838561646	NA	PASS
MP05	1	208	model.layers.16.self_attn	DECODE	null	[1,2048]	8838580465	8838766602	NA	PASS
MP05	1	209	model.layers.16.mlp.gate_up_proj	DECODE	[1,2048]	[1,22016]	8838784388	8838813286	NA	PASS
MP05	1	210	model.layers.16.mlp.act_fn	DECODE	[1,22016]	[1,11008]	8838817390	8838829749	NA	PASS
MP05	1	211	model.layers.16.mlp.down_proj	DECODE	[1,11008]	[1,2048]	8838833384	8838860515	NA	PASS
MP05	1	212	model.layers.17.self_attn	DECODE	null	[1,2048]	8838878315	8839059752	NA	PASS
MP05	1	213	model.layers.17.mlp.gate_up_proj	DECODE	[1,2048]	[1,22016]	8839077290	8839105619	NA	PASS
MP05	1	214	model.layers.17.mlp.act_fn	DECODE	[1,22016]	[1,11008]	8839109767	8839122038	NA	PASS
MP05	1	215	model.layers.17.mlp.down_proj	DECODE	[1,11008]	[1,2048]	8839125587	8839153035	NA	PASS
MP05	1	216	model.layers.18.self_attn	DECODE	null	[1,2048]	8839171234	8839355326	NA	PASS
MP05	1	217	model.layers.18.mlp.gate_up_proj	DECODE	[1,2048]	[1,22016]	8839372852	8839401649	NA	PASS
MP05	1	218	model.layers.18.mlp.act_fn	DECODE	[1,22016]	[1,11008]	8839405786	8839418237	NA	PASS
MP05	1	219	model.layers.18.mlp.down_proj	DECODE	[1,11008]	[1,2048]	8839421808	8839448464	NA	PASS
MP05	1	220	model.layers.19.self_attn	DECODE	null	[1,2048]	8839469855	8839651260	NA	PASS
MP05	1	221	model.layers.19.mlp.gate_up_proj	DECODE	[1,2048]	[1,22016]	8839668614	8839698084	NA	PASS
MP05	1	222	model.layers.19.mlp.act_fn	DECODE	[1,22016]	[1,11008]	8839702163	8839714591	NA	PASS
MP05	1	223	model.layers.19.mlp.down_proj	DECODE	[1,11008]	[1,2048]	8839718190	8839745607	NA	PASS
MP05	1	224	model.layers.20.self_attn	DECODE	null	[1,2048]	8839762911	8839949717	NA	PASS
MP05	1	225	model.layers.20.mlp.gate_up_proj	DECODE	[1,2048]	[1,22016]	8839967367	8839996067	NA	PASS
MP05	1	226	model.layers.20.mlp.act_fn	DECODE	[1,22016]	[1,11008]	8840000319	8840012611	NA	PASS
MP05	1	227	model.layers.20.mlp.down_proj	DECODE	[1,11008]	[1,2048]	8840016284	8840043681	NA	PASS
MP05	1	228	model.layers.21.self_attn	DECODE	null	[1,2048]	8840061349	8840247753	NA	PASS
MP05	1	229	model.layers.21.mlp.gate_up_proj	DECODE	[1,2048]	[1,22016]	8840265209	8840293517	NA	PASS
MP05	1	230	model.layers.21.mlp.act_fn	DECODE	[1,22016]	[1,11008]	8840297684	8840310377	NA	PASS
MP05	1	231	model.layers.21.mlp.down_proj	DECODE	[1,11008]	[1,2048]	8840313921	8840341029	NA	PASS
MP05	1	232	model.layers.22.self_attn	DECODE	null	[1,2048]	8840358683	8840548080	NA	PASS
MP05	1	233	model.layers.22.mlp.gate_up_proj	DECODE	[1,2048]	[1,22016]	8840569104	8840603447	NA	PASS
MP05	1	234	model.layers.22.mlp.act_fn	DECODE	[1,22016]	[1,11008]	8840607768	8840619983	NA	PASS
MP05	1	235	model.layers.22.mlp.down_proj	DECODE	[1,11008]	[1,2048]	8840623319	8840651508	NA	PASS
MP05	1	236	model.layers.23.self_attn	DECODE	null	[1,2048]	8840669215	8840860046	NA	PASS
MP05	1	237	model.layers.23.mlp.gate_up_proj	DECODE	[1,2048]	[1,22016]	8840877766	8840907344	NA	PASS
MP05	1	238	model.layers.23.mlp.act_fn	DECODE	[1,22016]	[1,11008]	8840913836	8840926206	NA	PASS
MP05	1	239	model.layers.23.mlp.down_proj	DECODE	[1,11008]	[1,2048]	8840929612	8840956967	NA	PASS
MP05	1	240	model.layers.24.self_attn	DECODE	null	[1,2048]	8840974849	8841159405	NA	PASS
MP05	1	241	model.layers.24.mlp.gate_up_proj	DECODE	[1,2048]	[1,22016]	8841176930	8841205299	NA	PASS
MP05	1	242	model.layers.24.mlp.act_fn	DECODE	[1,22016]	[1,11008]	8841209646	8841221285	NA	PASS
MP05	1	243	model.layers.24.mlp.down_proj	DECODE	[1,11008]	[1,2048]	8841224544	8841251732	NA	PASS
MP05	1	244	model.layers.25.self_attn	DECODE	null	[1,2048]	8841268851	8841448850	NA	PASS
MP05	1	245	model.layers.25.mlp.gate_up_proj	DECODE	[1,2048]	[1,22016]	8841470212	8841499680	NA	PASS
MP05	1	246	model.layers.25.mlp.act_fn	DECODE	[1,22016]	[1,11008]	8841504122	8841517169	NA	PASS
MP05	1	247	model.layers.25.mlp.down_proj	DECODE	[1,11008]	[1,2048]	8841521029	8841548318	NA	PASS
MP05	1	248	model.layers.26.self_attn	DECODE	null	[1,2048]	8841566874	8841757316	NA	PASS
MP05	1	249	model.layers.26.mlp.gate_up_proj	DECODE	[1,2048]	[1,22016]	8841775146	8841803294	NA	PASS
MP05	1	250	model.layers.26.mlp.act_fn	DECODE	[1,22016]	[1,11008]	8841807634	8841819843	NA	PASS
MP05	1	251	model.layers.26.mlp.down_proj	DECODE	[1,11008]	[1,2048]	8841823344	8841850726	NA	PASS
MP05	1	252	model.layers.27.self_attn	DECODE	null	[1,2048]	8841868595	8842051701	NA	PASS
MP05	1	253	model.layers.27.mlp.gate_up_proj	DECODE	[1,2048]	[1,22016]	8842069103	8842097716	NA	PASS
MP05	1	254	model.layers.27.mlp.act_fn	DECODE	[1,22016]	[1,11008]	8842101968	8842114025	NA	PASS
MP05	1	255	model.layers.27.mlp.down_proj	DECODE	[1,11008]	[1,2048]	8842117619	8842145670	NA	PASS
MP05	1	256	model.layers.28.self_attn	DECODE	null	[1,2048]	8842163699	8842343798	NA	PASS
MP05	1	257	model.layers.28.mlp.gate_up_proj	DECODE	[1,2048]	[1,22016]	8842361059	8842389471	NA	PASS
MP05	1	258	model.layers.28.mlp.act_fn	DECODE	[1,22016]	[1,11008]	8842393868	8842405991	NA	PASS
MP05	1	259	model.layers.28.mlp.down_proj	DECODE	[1,11008]	[1,2048]	8842409517	8842436495	NA	PASS
MP05	1	260	model.layers.29.self_attn	DECODE	null	[1,2048]	8842453865	8842639397	NA	PASS
MP05	1	261	model.layers.29.mlp.gate_up_proj	DECODE	[1,2048]	[1,22016]	8842657144	8842685686	NA	PASS
MP05	1	262	model.layers.29.mlp.act_fn	DECODE	[1,22016]	[1,11008]	8842689752	8842703171	NA	PASS
MP05	1	263	model.layers.29.mlp.down_proj	DECODE	[1,11008]	[1,2048]	8842706753	8842734512	NA	PASS
MP05	1	264	model.layers.30.self_attn	DECODE	null	[1,2048]	8842752760	8842931419	NA	PASS
MP05	1	265	model.layers.30.mlp.gate_up_proj	DECODE	[1,2048]	[1,22016]	8842949260	8842978369	NA	PASS
MP05	1	266	model.layers.30.mlp.act_fn	DECODE	[1,22016]	[1,11008]	8842982626	8842995027	NA	PASS
MP05	1	267	model.layers.30.mlp.down_proj	DECODE	[1,11008]	[1,2048]	8842998499	8843026562	NA	PASS
MP05	1	268	model.layers.31.self_attn	DECODE	null	[1,2048]	8843044939	8843232345	NA	PASS
MP05	1	269	model.layers.31.mlp.gate_up_proj	DECODE	[1,2048]	[1,22016]	8843252955	8843282204	NA	PASS
MP05	1	270	model.layers.31.mlp.act_fn	DECODE	[1,22016]	[1,11008]	8843286539	8843298591	NA	PASS
MP05	1	271	model.layers.31.mlp.down_proj	DECODE	[1,11008]	[1,2048]	8843301952	8843329233	NA	PASS
MP05	1	272	model.layers.32.self_attn	DECODE	null	[1,2048]	8843346592	8843533313	NA	PASS
MP05	1	273	model.layers.32.mlp.gate_up_proj	DECODE	[1,2048]	[1,22016]	8843550688	8843579187	NA	PASS
MP05	1	274	model.layers.32.mlp.act_fn	DECODE	[1,22016]	[1,11008]	8843583400	8843595447	NA	PASS
MP05	1	275	model.layers.32.mlp.down_proj	DECODE	[1,11008]	[1,2048]	8843598797	8843625945	NA	PASS
MP05	1	276	model.layers.33.self_attn	DECODE	null	[1,2048]	8843643017	8843828824	NA	PASS
MP05	1	277	model.layers.33.mlp.gate_up_proj	DECODE	[1,2048]	[1,22016]	8843846107	8843875143	NA	PASS
MP05	1	278	model.layers.33.mlp.act_fn	DECODE	[1,22016]	[1,11008]	8843879579	8843891976	NA	PASS
MP05	1	279	model.layers.33.mlp.down_proj	DECODE	[1,11008]	[1,2048]	8843895453	8843922616	NA	PASS
MP05	1	280	model.layers.34.self_attn	DECODE	null	[1,2048]	8843939842	8844123338	NA	PASS
MP05	1	281	model.layers.34.mlp.gate_up_proj	DECODE	[1,2048]	[1,22016]	8844142996	8844172473	NA	PASS
MP05	1	282	model.layers.34.mlp.act_fn	DECODE	[1,22016]	[1,11008]	8844177132	8844189898	NA	PASS
MP05	1	283	model.layers.34.mlp.down_proj	DECODE	[1,11008]	[1,2048]	8844193388	8844221004	NA	PASS
MP05	1	284	model.layers.35.self_attn	DECODE	null	[1,2048]	8844239085	8844424469	NA	PASS
MP05	1	285	model.layers.35.mlp.gate_up_proj	DECODE	[1,2048]	[1,22016]	8844442573	8844475585	NA	PASS
MP05	1	286	model.layers.35.mlp.act_fn	DECODE	[1,22016]	[1,11008]	8844479858	8844492491	NA	PASS
MP05	1	287	model.layers.35.mlp.down_proj	DECODE	[1,11008]	[1,2048]	8844496037	8844523536	NA	PASS
MP05	1	288	model.layers.0.self_attn	DECODE	null	[1,2048]	8856304765	8856585723	NA	PASS
MP05	1	289	model.layers.0.mlp.gate_up_proj	DECODE	[1,2048]	[1,22016]	8856612413	8856646269	NA	PASS
MP05	1	290	model.layers.0.mlp.act_fn	DECODE	[1,22016]	[1,11008]	8856651549	8856666842	NA	PASS
MP05	1	291	model.layers.0.mlp.down_proj	DECODE	[1,11008]	[1,2048]	8856671100	8856701553	NA	PASS
MP05	1	292	model.layers.1.self_attn	DECODE	null	[1,2048]	8856722437	8856943792	NA	PASS
MP05	1	293	model.layers.1.mlp.gate_up_proj	DECODE	[1,2048]	[1,22016]	8856965954	8856998844	NA	PASS
MP05	1	294	model.layers.1.mlp.act_fn	DECODE	[1,22016]	[1,11008]	8857003751	8857018025	NA	PASS
MP05	1	295	model.layers.1.mlp.down_proj	DECODE	[1,11008]	[1,2048]	8857021780	8857052616	NA	PASS
MP05	1	296	model.layers.2.self_attn	DECODE	null	[1,2048]	8857072912	8857310490	NA	PASS
MP05	1	297	model.layers.2.mlp.gate_up_proj	DECODE	[1,2048]	[1,22016]	8857331944	8857362496	NA	PASS
MP05	1	298	model.layers.2.mlp.act_fn	DECODE	[1,22016]	[1,11008]	8857367102	8857380698	NA	PASS
MP05	1	299	model.layers.2.mlp.down_proj	DECODE	[1,11008]	[1,2048]	8857384594	8857412578	NA	PASS
MP05	1	300	model.layers.3.self_attn	DECODE	null	[1,2048]	8857434747	8857643457	NA	PASS
MP05	1	301	model.layers.3.mlp.gate_up_proj	DECODE	[1,2048]	[1,22016]	8857663926	8857694349	NA	PASS
MP05	1	302	model.layers.3.mlp.act_fn	DECODE	[1,22016]	[1,11008]	8857698838	8857711809	NA	PASS
MP05	1	303	model.layers.3.mlp.down_proj	DECODE	[1,11008]	[1,2048]	8857715407	8857743989	NA	PASS
MP05	1	304	model.layers.4.self_attn	DECODE	null	[1,2048]	8857763124	8857954889	NA	PASS
MP05	1	305	model.layers.4.mlp.gate_up_proj	DECODE	[1,2048]	[1,22016]	8857973295	8858003736	NA	PASS
MP05	1	306	model.layers.4.mlp.act_fn	DECODE	[1,22016]	[1,11008]	8858008471	8858021602	NA	PASS
MP05	1	307	model.layers.4.mlp.down_proj	DECODE	[1,11008]	[1,2048]	8858025669	8858056339	NA	PASS
MP05	1	308	model.layers.5.self_attn	DECODE	null	[1,2048]	8858075439	8858328548	NA	PASS
MP05	1	309	model.layers.5.mlp.gate_up_proj	DECODE	[1,2048]	[1,22016]	8858359696	8858394220	NA	PASS
MP05	1	310	model.layers.5.mlp.act_fn	DECODE	[1,22016]	[1,11008]	8858399071	8858413983	NA	PASS
MP05	1	311	model.layers.5.mlp.down_proj	DECODE	[1,11008]	[1,2048]	8858417849	8858449428	NA	PASS
MP05	1	312	model.layers.6.self_attn	DECODE	null	[1,2048]	8858473928	8858711765	NA	PASS
MP05	1	313	model.layers.6.mlp.gate_up_proj	DECODE	[1,2048]	[1,22016]	8858732751	8858762827	NA	PASS
MP05	1	314	model.layers.6.mlp.act_fn	DECODE	[1,22016]	[1,11008]	8858767302	8858780638	NA	PASS
MP05	1	315	model.layers.6.mlp.down_proj	DECODE	[1,11008]	[1,2048]	8858784354	8858813535	NA	PASS
MP05	1	316	model.layers.7.self_attn	DECODE	null	[1,2048]	8858832748	8859031277	NA	PASS
MP05	1	317	model.layers.7.mlp.gate_up_proj	DECODE	[1,2048]	[1,22016]	8859050416	8859080047	NA	PASS
MP05	1	318	model.layers.7.mlp.act_fn	DECODE	[1,22016]	[1,11008]	8859084364	8859097060	NA	PASS
MP05	1	319	model.layers.7.mlp.down_proj	DECODE	[1,11008]	[1,2048]	8859100741	8859129046	NA	PASS
MP05	1	320	model.layers.8.self_attn	DECODE	null	[1,2048]	8859147539	8859334010	NA	PASS
MP05	1	321	model.layers.8.mlp.gate_up_proj	DECODE	[1,2048]	[1,22016]	8859351353	8859379784	NA	PASS
MP05	1	322	model.layers.8.mlp.act_fn	DECODE	[1,22016]	[1,11008]	8859383966	8859395865	NA	PASS
MP05	1	323	model.layers.8.mlp.down_proj	DECODE	[1,11008]	[1,2048]	8859399315	8859426736	NA	PASS
MP05	1	324	model.layers.9.self_attn	DECODE	null	[1,2048]	8859444569	8859637708	NA	PASS
MP05	1	325	model.layers.9.mlp.gate_up_proj	DECODE	[1,2048]	[1,22016]	8859656792	8859686738	NA	PASS
MP05	1	326	model.layers.9.mlp.act_fn	DECODE	[1,22016]	[1,11008]	8859691138	8859704376	NA	PASS
MP05	1	327	model.layers.9.mlp.down_proj	DECODE	[1,11008]	[1,2048]	8859708085	8859736233	NA	PASS
MP05	1	328	model.layers.10.self_attn	DECODE	null	[1,2048]	8859754702	8859952036	NA	PASS
MP05	1	329	model.layers.10.mlp.gate_up_proj	DECODE	[1,2048]	[1,22016]	8859970314	8859999600	NA	PASS
MP05	1	330	model.layers.10.mlp.act_fn	DECODE	[1,22016]	[1,11008]	8860004255	8860017214	NA	PASS
MP05	1	331	model.layers.10.mlp.down_proj	DECODE	[1,11008]	[1,2048]	8860020801	8860048346	NA	PASS
MP05	1	332	model.layers.11.self_attn	DECODE	null	[1,2048]	8860066964	8860252847	NA	PASS
MP05	1	333	model.layers.11.mlp.gate_up_proj	DECODE	[1,2048]	[1,22016]	8860270793	8860299576	NA	PASS
MP05	1	334	model.layers.11.mlp.act_fn	DECODE	[1,22016]	[1,11008]	8860303787	8860316088	NA	PASS
MP05	1	335	model.layers.11.mlp.down_proj	DECODE	[1,11008]	[1,2048]	8860319587	8860347464	NA	PASS
MP05	1	336	model.layers.12.self_attn	DECODE	null	[1,2048]	8860365454	8860552664	NA	PASS
MP05	1	337	model.layers.12.mlp.gate_up_proj	DECODE	[1,2048]	[1,22016]	8860570288	8860599081	NA	PASS
MP05	1	338	model.layers.12.mlp.act_fn	DECODE	[1,22016]	[1,11008]	8860603368	8860615796	NA	PASS
MP05	1	339	model.layers.12.mlp.down_proj	DECODE	[1,11008]	[1,2048]	8860619227	8860646208	NA	PASS
MP05	1	340	model.layers.13.self_attn	DECODE	null	[1,2048]	8860663653	8860851455	NA	PASS
MP05	1	341	model.layers.13.mlp.gate_up_proj	DECODE	[1,2048]	[1,22016]	8860871043	8860900849	NA	PASS
MP05	1	342	model.layers.13.mlp.act_fn	DECODE	[1,22016]	[1,11008]	8860905210	8860918009	NA	PASS
MP05	1	343	model.layers.13.mlp.down_proj	DECODE	[1,11008]	[1,2048]	8860921714	8860949927	NA	PASS
MP05	1	344	model.layers.14.self_attn	DECODE	null	[1,2048]	8860968632	8861169211	NA	PASS
MP05	1	345	model.layers.14.mlp.gate_up_proj	DECODE	[1,2048]	[1,22016]	8861188596	8861218578	NA	PASS
MP05	1	346	model.layers.14.mlp.act_fn	DECODE	[1,22016]	[1,11008]	8861222968	8861235317	NA	PASS
MP05	1	347	model.layers.14.mlp.down_proj	DECODE	[1,11008]	[1,2048]	8861239190	8861266699	NA	PASS
MP05	1	348	model.layers.15.self_attn	DECODE	null	[1,2048]	8861284743	8861471610	NA	PASS
MP05	1	349	model.layers.15.mlp.gate_up_proj	DECODE	[1,2048]	[1,22016]	8861489150	8861518368	NA	PASS
MP05	1	350	model.layers.15.mlp.act_fn	DECODE	[1,22016]	[1,11008]	8861522699	8861535463	NA	PASS
MP05	1	351	model.layers.15.mlp.down_proj	DECODE	[1,11008]	[1,2048]	8861539221	8861567005	NA	PASS
MP05	1	352	model.layers.16.self_attn	DECODE	null	[1,2048]	8861584591	8861764440	NA	PASS
MP05	1	353	model.layers.16.mlp.gate_up_proj	DECODE	[1,2048]	[1,22016]	8861791925	8861823561	NA	PASS
MP05	1	354	model.layers.16.mlp.act_fn	DECODE	[1,22016]	[1,11008]	8861828085	8861842457	NA	PASS
MP05	1	355	model.layers.16.mlp.down_proj	DECODE	[1,11008]	[1,2048]	8861846062	8861874631	NA	PASS
MP05	1	356	model.layers.17.self_attn	DECODE	null	[1,2048]	8861893236	8862093365	NA	PASS
MP05	1	357	model.layers.17.mlp.gate_up_proj	DECODE	[1,2048]	[1,22016]	8862111809	8862141261	NA	PASS
MP05	1	358	model.layers.17.mlp.act_fn	DECODE	[1,22016]	[1,11008]	8862145501	8862160613	NA	PASS
MP05	1	359	model.layers.17.mlp.down_proj	DECODE	[1,11008]	[1,2048]	8862164331	8862192187	NA	PASS
MP05	1	360	model.layers.18.self_attn	DECODE	null	[1,2048]	8862210321	8862401491	NA	PASS
MP05	1	361	model.layers.18.mlp.gate_up_proj	DECODE	[1,2048]	[1,22016]	8862419466	8862448138	NA	PASS
MP05	1	362	model.layers.18.mlp.act_fn	DECODE	[1,22016]	[1,11008]	8862452304	8862467991	NA	PASS
MP05	1	363	model.layers.18.mlp.down_proj	DECODE	[1,11008]	[1,2048]	8862471539	8862498429	NA	PASS
MP05	1	364	model.layers.19.self_attn	DECODE	null	[1,2048]	8862518253	8862703281	NA	PASS
MP05	1	365	model.layers.19.mlp.gate_up_proj	DECODE	[1,2048]	[1,22016]	8862720545	8862748862	NA	PASS
MP05	1	366	model.layers.19.mlp.act_fn	DECODE	[1,22016]	[1,11008]	8862753325	8862765735	NA	PASS
MP05	1	367	model.layers.19.mlp.down_proj	DECODE	[1,11008]	[1,2048]	8862769196	8862796605	NA	PASS
MP05	1	368	model.layers.20.self_attn	DECODE	null	[1,2048]	8862813715	8862994111	NA	PASS
MP05	1	369	model.layers.20.mlp.gate_up_proj	DECODE	[1,2048]	[1,22016]	8863011267	8863039705	NA	PASS
MP05	1	370	model.layers.20.mlp.act_fn	DECODE	[1,22016]	[1,11008]	8863044175	8863056349	NA	PASS
MP05	1	371	model.layers.20.mlp.down_proj	DECODE	[1,11008]	[1,2048]	8863059967	8863087269	NA	PASS
MP05	1	372	model.layers.21.self_attn	DECODE	null	[1,2048]	8863104756	8863288847	NA	PASS
MP05	1	373	model.layers.21.mlp.gate_up_proj	DECODE	[1,2048]	[1,22016]	8863307648	8863336827	NA	PASS
MP05	1	374	model.layers.21.mlp.act_fn	DECODE	[1,22016]	[1,11008]	8863341490	8863354215	NA	PASS
MP05	1	375	model.layers.21.mlp.down_proj	DECODE	[1,11008]	[1,2048]	8863357760	8863386176	NA	PASS
MP05	1	376	model.layers.22.self_attn	DECODE	null	[1,2048]	8863404516	8863595780	NA	PASS
MP05	1	377	model.layers.22.mlp.gate_up_proj	DECODE	[1,2048]	[1,22016]	8863614294	8863643131	NA	PASS
MP05	1	378	model.layers.22.mlp.act_fn	DECODE	[1,22016]	[1,11008]	8863647506	8863660211	NA	PASS
MP05	1	379	model.layers.22.mlp.down_proj	DECODE	[1,11008]	[1,2048]	8863663955	8863694123	NA	PASS
MP05	1	380	model.layers.23.self_attn	DECODE	null	[1,2048]	8863713083	8863898822	NA	PASS
MP05	1	381	model.layers.23.mlp.gate_up_proj	DECODE	[1,2048]	[1,22016]	8863916315	8863944876	NA	PASS
MP05	1	382	model.layers.23.mlp.act_fn	DECODE	[1,22016]	[1,11008]	8863949356	8863961731	NA	PASS
MP05	1	383	model.layers.23.mlp.down_proj	DECODE	[1,11008]	[1,2048]	8863965304	8863993248	NA	PASS
MP05	1	384	model.layers.24.self_attn	DECODE	null	[1,2048]	8864010770	8864188254	NA	PASS
MP05	1	385	model.layers.24.mlp.gate_up_proj	DECODE	[1,2048]	[1,22016]	8864205519	8864234494	NA	PASS
MP05	1	386	model.layers.24.mlp.act_fn	DECODE	[1,22016]	[1,11008]	8864238728	8864251462	NA	PASS
MP05	1	387	model.layers.24.mlp.down_proj	DECODE	[1,11008]	[1,2048]	8864255239	8864283040	NA	PASS
MP05	1	388	model.layers.25.self_attn	DECODE	null	[1,2048]	8864302132	8864494498	NA	PASS
MP05	1	389	model.layers.25.mlp.gate_up_proj	DECODE	[1,2048]	[1,22016]	8864512454	8864541232	NA	PASS
MP05	1	390	model.layers.25.mlp.act_fn	DECODE	[1,22016]	[1,11008]	8864545464	8864558077	NA	PASS
MP05	1	391	model.layers.25.mlp.down_proj	DECODE	[1,11008]	[1,2048]	8864561631	8864589861	NA	PASS
MP05	1	392	model.layers.26.self_attn	DECODE	null	[1,2048]	8864607875	8864798666	NA	PASS
MP05	1	393	model.layers.26.mlp.gate_up_proj	DECODE	[1,2048]	[1,22016]	8864816175	8864845153	NA	PASS
MP05	1	394	model.layers.26.mlp.act_fn	DECODE	[1,22016]	[1,11008]	8864849499	8864861742	NA	PASS
MP05	1	395	model.layers.26.mlp.down_proj	DECODE	[1,11008]	[1,2048]	8864865223	8864893063	NA	PASS
MP05	1	396	model.layers.27.self_attn	DECODE	null	[1,2048]	8864910662	8865090042	NA	PASS
MP05	1	397	model.layers.27.mlp.gate_up_proj	DECODE	[1,2048]	[1,22016]	8865107343	8865135528	NA	PASS
MP05	1	398	model.layers.27.mlp.act_fn	DECODE	[1,22016]	[1,11008]	8865139635	8865151885	NA	PASS
MP05	1	399	model.layers.27.mlp.down_proj	DECODE	[1,11008]	[1,2048]	8865155443	8865182250	NA	PASS
MP05	1	400	model.layers.28.self_attn	DECODE	null	[1,2048]	8865199913	8865397208	NA	PASS
MP05	1	401	model.layers.28.mlp.gate_up_proj	DECODE	[1,2048]	[1,22016]	8865420075	8865451604	NA	PASS
MP05	1	402	model.layers.28.mlp.act_fn	DECODE	[1,22016]	[1,11008]	8865456216	8865472597	NA	PASS
MP05	1	403	model.layers.28.mlp.down_proj	DECODE	[1,11008]	[1,2048]	8865476345	8865505204	NA	PASS
MP05	1	404	model.layers.29.self_attn	DECODE	null	[1,2048]	8865524536	8865714295	NA	PASS
MP05	1	405	model.layers.29.mlp.gate_up_proj	DECODE	[1,2048]	[1,22016]	8865732762	8865762466	NA	PASS
MP05	1	406	model.layers.29.mlp.act_fn	DECODE	[1,22016]	[1,11008]	8865766792	8865782057	NA	PASS
MP05	1	407	model.layers.29.mlp.down_proj	DECODE	[1,11008]	[1,2048]	8865785628	8865814118	NA	PASS
MP05	1	408	model.layers.30.self_attn	DECODE	null	[1,2048]	8865832533	8866014442	NA	PASS
MP05	1	409	model.layers.30.mlp.gate_up_proj	DECODE	[1,2048]	[1,22016]	8866034953	8866064221	NA	PASS
MP05	1	410	model.layers.30.mlp.act_fn	DECODE	[1,22016]	[1,11008]	8866068518	8866081474	NA	PASS
MP05	1	411	model.layers.30.mlp.down_proj	DECODE	[1,11008]	[1,2048]	8866085251	8866113294	NA	PASS
MP05	1	412	model.layers.31.self_attn	DECODE	null	[1,2048]	8866131679	8866318528	NA	PASS
MP05	1	413	model.layers.31.mlp.gate_up_proj	DECODE	[1,2048]	[1,22016]	8866337772	8866368496	NA	PASS
MP05	1	414	model.layers.31.mlp.act_fn	DECODE	[1,22016]	[1,11008]	8866372938	8866386132	NA	PASS
MP05	1	415	model.layers.31.mlp.down_proj	DECODE	[1,11008]	[1,2048]	8866389781	8866418117	NA	PASS
MP05	1	416	model.layers.32.self_attn	DECODE	null	[1,2048]	8866436916	8866626216	NA	PASS
MP05	1	417	model.layers.32.mlp.gate_up_proj	DECODE	[1,2048]	[1,22016]	8866645180	8866674980	NA	PASS
MP05	1	418	model.layers.32.mlp.act_fn	DECODE	[1,22016]	[1,11008]	8866679437	8866691987	NA	PASS
MP05	1	419	model.layers.32.mlp.down_proj	DECODE	[1,11008]	[1,2048]	8866695346	8866722669	NA	PASS
MP05	1	420	model.layers.33.self_attn	DECODE	null	[1,2048]	8866741388	8866923237	NA	PASS
MP05	1	421	model.layers.33.mlp.gate_up_proj	DECODE	[1,2048]	[1,22016]	8866941348	8866970994	NA	PASS
MP05	1	422	model.layers.33.mlp.act_fn	DECODE	[1,22016]	[1,11008]	8866975248	8866987892	NA	PASS
MP05	1	423	model.layers.33.mlp.down_proj	DECODE	[1,11008]	[1,2048]	8866991893	8867019332	NA	PASS
MP05	1	424	model.layers.34.self_attn	DECODE	null	[1,2048]	8867039883	8867226569	NA	PASS
MP05	1	425	model.layers.34.mlp.gate_up_proj	DECODE	[1,2048]	[1,22016]	8867245694	8867275715	NA	PASS
MP05	1	426	model.layers.34.mlp.act_fn	DECODE	[1,22016]	[1,11008]	8867280245	8867293444	NA	PASS
MP05	1	427	model.layers.34.mlp.down_proj	DECODE	[1,11008]	[1,2048]	8867297042	8867327658	NA	PASS
MP05	1	428	model.layers.35.self_attn	DECODE	null	[1,2048]	8867348637	8867540626	NA	PASS
MP05	1	429	model.layers.35.mlp.gate_up_proj	DECODE	[1,2048]	[1,22016]	8867559049	8867588097	NA	PASS
MP05	1	430	model.layers.35.mlp.act_fn	DECODE	[1,22016]	[1,11008]	8867592403	8867604877	NA	PASS
MP05	1	431	model.layers.35.mlp.down_proj	DECODE	[1,11008]	[1,2048]	8867608379	8867636210	NA	PASS
MP05	1	432	model.layers.0.self_attn	DECODE	null	[1,2048]	8868736648	8869028708	NA	PASS
MP05	1	433	model.layers.0.mlp.gate_up_proj	DECODE	[1,2048]	[1,22016]	8869054634	8869088324	NA	PASS
MP05	1	434	model.layers.0.mlp.act_fn	DECODE	[1,22016]	[1,11008]	8869093678	8869108919	NA	PASS
MP05	1	435	model.layers.0.mlp.down_proj	DECODE	[1,11008]	[1,2048]	8869113001	8869142636	NA	PASS
MP05	1	436	model.layers.1.self_attn	DECODE	null	[1,2048]	8869162253	8869379321	NA	PASS
MP05	1	437	model.layers.1.mlp.gate_up_proj	DECODE	[1,2048]	[1,22016]	8869399833	8869430711	NA	PASS
MP05	1	438	model.layers.1.mlp.act_fn	DECODE	[1,22016]	[1,11008]	8869435009	8869448179	NA	PASS
MP05	1	439	model.layers.1.mlp.down_proj	DECODE	[1,11008]	[1,2048]	8869451725	8869483938	NA	PASS
MP05	1	440	model.layers.2.self_attn	DECODE	null	[1,2048]	8869503347	8869703387	NA	PASS
MP05	1	441	model.layers.2.mlp.gate_up_proj	DECODE	[1,2048]	[1,22016]	8869721908	8869751012	NA	PASS
MP05	1	442	model.layers.2.mlp.act_fn	DECODE	[1,22016]	[1,11008]	8869755213	8869767923	NA	PASS
MP05	1	443	model.layers.2.mlp.down_proj	DECODE	[1,11008]	[1,2048]	8869771395	8869798600	NA	PASS
MP05	1	444	model.layers.3.self_attn	DECODE	null	[1,2048]	8869817034	8870007216	NA	PASS
MP05	1	445	model.layers.3.mlp.gate_up_proj	DECODE	[1,2048]	[1,22016]	8870025305	8870054532	NA	PASS
MP05	1	446	model.layers.3.mlp.act_fn	DECODE	[1,22016]	[1,11008]	8870058869	8870074161	NA	PASS
MP05	1	447	model.layers.3.mlp.down_proj	DECODE	[1,11008]	[1,2048]	8870077819	8870105721	NA	PASS
MP05	1	448	model.layers.4.self_attn	DECODE	null	[1,2048]	8870123943	8870315173	NA	PASS
MP05	1	449	model.layers.4.mlp.gate_up_proj	DECODE	[1,2048]	[1,22016]	8870336619	8870365367	NA	PASS
MP05	1	450	model.layers.4.mlp.act_fn	DECODE	[1,22016]	[1,11008]	8870369635	8870382263	NA	PASS
MP05	1	451	model.layers.4.mlp.down_proj	DECODE	[1,11008]	[1,2048]	8870385660	8870413312	NA	PASS
MP05	1	452	model.layers.5.self_attn	DECODE	null	[1,2048]	8870430882	8870630025	NA	PASS
MP05	1	453	model.layers.5.mlp.gate_up_proj	DECODE	[1,2048]	[1,22016]	8870652195	8870682452	NA	PASS
MP05	1	454	model.layers.5.mlp.act_fn	DECODE	[1,22016]	[1,11008]	8870686995	8870699916	NA	PASS
MP05	1	455	model.layers.5.mlp.down_proj	DECODE	[1,11008]	[1,2048]	8870703526	8870731913	NA	PASS
MP05	1	456	model.layers.6.self_attn	DECODE	null	[1,2048]	8870752630	8870953253	NA	PASS
MP05	1	457	model.layers.6.mlp.gate_up_proj	DECODE	[1,2048]	[1,22016]	8870978559	8871009009	NA	PASS
MP05	1	458	model.layers.6.mlp.act_fn	DECODE	[1,22016]	[1,11008]	8871013556	8871026607	NA	PASS
MP05	1	459	model.layers.6.mlp.down_proj	DECODE	[1,11008]	[1,2048]	8871030241	8871058810	NA	PASS
MP05	1	460	model.layers.7.self_attn	DECODE	null	[1,2048]	8871077615	8871271326	NA	PASS
MP05	1	461	model.layers.7.mlp.gate_up_proj	DECODE	[1,2048]	[1,22016]	8871289397	8871318919	NA	PASS
MP05	1	462	model.layers.7.mlp.act_fn	DECODE	[1,22016]	[1,11008]	8871323291	8871335904	NA	PASS
MP05	1	463	model.layers.7.mlp.down_proj	DECODE	[1,11008]	[1,2048]	8871339335	8871369887	NA	PASS
MP05	1	464	model.layers.8.self_attn	DECODE	null	[1,2048]	8871387818	8871586589	NA	PASS
MP05	1	465	model.layers.8.mlp.gate_up_proj	DECODE	[1,2048]	[1,22016]	8871605428	8871635745	NA	PASS
MP05	1	466	model.layers.8.mlp.act_fn	DECODE	[1,22016]	[1,11008]	8871640096	8871653119	NA	PASS
MP05	1	467	model.layers.8.mlp.down_proj	DECODE	[1,11008]	[1,2048]	8871656686	8871684924	NA	PASS
MP05	1	468	model.layers.9.self_attn	DECODE	null	[1,2048]	8871703416	8871897233	NA	PASS
MP05	1	469	model.layers.9.mlp.gate_up_proj	DECODE	[1,2048]	[1,22016]	8871915521	8871944867	NA	PASS
MP05	1	470	model.layers.9.mlp.act_fn	DECODE	[1,22016]	[1,11008]	8871949175	8871962201	NA	PASS
MP05	1	471	model.layers.9.mlp.down_proj	DECODE	[1,11008]	[1,2048]	8871966062	8871995073	NA	PASS
MP05	1	472	model.layers.10.self_attn	DECODE	null	[1,2048]	8872016446	8872206367	NA	PASS
MP05	1	473	model.layers.10.mlp.gate_up_proj	DECODE	[1,2048]	[1,22016]	8872224851	8872254051	NA	PASS
MP05	1	474	model.layers.10.mlp.act_fn	DECODE	[1,22016]	[1,11008]	8872258448	8872271129	NA	PASS
MP05	1	475	model.layers.10.mlp.down_proj	DECODE	[1,11008]	[1,2048]	8872274689	8872302575	NA	PASS
MP05	1	476	model.layers.11.self_attn	DECODE	null	[1,2048]	8872321011	8872566287	NA	PASS
MP05	1	477	model.layers.11.mlp.gate_up_proj	DECODE	[1,2048]	[1,22016]	8872587420	8872618899	NA	PASS
MP05	1	478	model.layers.11.mlp.act_fn	DECODE	[1,22016]	[1,11008]	8872623824	8872640186	NA	PASS
MP05	1	479	model.layers.11.mlp.down_proj	DECODE	[1,11008]	[1,2048]	8872643973	8872672632	NA	PASS
MP05	1	480	model.layers.12.self_attn	DECODE	null	[1,2048]	8872691922	8872890087	NA	PASS
MP05	1	481	model.layers.12.mlp.gate_up_proj	DECODE	[1,2048]	[1,22016]	8872908977	8872940141	NA	PASS
MP05	1	482	model.layers.12.mlp.act_fn	DECODE	[1,22016]	[1,11008]	8872944457	8872957272	NA	PASS
MP05	1	483	model.layers.12.mlp.down_proj	DECODE	[1,11008]	[1,2048]	8872960931	8872989461	NA	PASS
MP05	1	484	model.layers.13.self_attn	DECODE	null	[1,2048]	8873008170	8873212585	NA	PASS
MP05	1	485	model.layers.13.mlp.gate_up_proj	DECODE	[1,2048]	[1,22016]	8873232218	8873262683	NA	PASS
MP05	1	486	model.layers.13.mlp.act_fn	DECODE	[1,22016]	[1,11008]	8873267263	8873280628	NA	PASS
MP05	1	487	model.layers.13.mlp.down_proj	DECODE	[1,11008]	[1,2048]	8873284437	8873312632	NA	PASS
MP05	1	488	model.layers.14.self_attn	DECODE	null	[1,2048]	8873334347	8873542078	NA	PASS
MP05	1	489	model.layers.14.mlp.gate_up_proj	DECODE	[1,2048]	[1,22016]	8873561465	8873591153	NA	PASS
MP05	1	490	model.layers.14.mlp.act_fn	DECODE	[1,22016]	[1,11008]	8873597779	8873610595	NA	PASS
MP05	1	491	model.layers.14.mlp.down_proj	DECODE	[1,11008]	[1,2048]	8873614431	8873642821	NA	PASS
MP05	1	492	model.layers.15.self_attn	DECODE	null	[1,2048]	8873661553	8873858381	NA	PASS
MP05	1	493	model.layers.15.mlp.gate_up_proj	DECODE	[1,2048]	[1,22016]	8873876770	8873906252	NA	PASS
MP05	1	494	model.layers.15.mlp.act_fn	DECODE	[1,22016]	[1,11008]	8873910494	8873923334	NA	PASS
MP05	1	495	model.layers.15.mlp.down_proj	DECODE	[1,11008]	[1,2048]	8873926712	8873956822	NA	PASS
MP05	1	496	model.layers.16.self_attn	DECODE	null	[1,2048]	8873975114	8874163046	NA	PASS
MP05	1	497	model.layers.16.mlp.gate_up_proj	DECODE	[1,2048]	[1,22016]	8874180746	8874209769	NA	PASS
MP05	1	498	model.layers.16.mlp.act_fn	DECODE	[1,22016]	[1,11008]	8874214303	8874226794	NA	PASS
MP05	1	499	model.layers.16.mlp.down_proj	DECODE	[1,11008]	[1,2048]	8874230393	8874258158	NA	PASS
MP05	1	500	model.layers.17.self_attn	DECODE	null	[1,2048]	8874276148	8874468007	NA	PASS
MP05	1	501	model.layers.17.mlp.gate_up_proj	DECODE	[1,2048]	[1,22016]	8874487633	8874518920	NA	PASS
MP05	1	502	model.layers.17.mlp.act_fn	DECODE	[1,22016]	[1,11008]	8874523768	8874537103	NA	PASS
MP05	1	503	model.layers.17.mlp.down_proj	DECODE	[1,11008]	[1,2048]	8874541096	8874568964	NA	PASS
MP05	1	504	model.layers.18.self_attn	DECODE	null	[1,2048]	8874589971	8874791064	NA	PASS
MP05	1	505	model.layers.18.mlp.gate_up_proj	DECODE	[1,2048]	[1,22016]	8874809346	8874839057	NA	PASS
MP05	1	506	model.layers.18.mlp.act_fn	DECODE	[1,22016]	[1,11008]	8874843370	8874856430	NA	PASS
MP05	1	507	model.layers.18.mlp.down_proj	DECODE	[1,11008]	[1,2048]	8874860226	8874891213	NA	PASS
MP05	1	508	model.layers.19.self_attn	DECODE	null	[1,2048]	8874909393	8875095782	NA	PASS
MP05	1	509	model.layers.19.mlp.gate_up_proj	DECODE	[1,2048]	[1,22016]	8875113229	8875142227	NA	PASS
MP05	1	510	model.layers.19.mlp.act_fn	DECODE	[1,22016]	[1,11008]	8875146444	8875158941	NA	PASS
MP05	1	511	model.layers.19.mlp.down_proj	DECODE	[1,11008]	[1,2048]	8875162394	8875189805	NA	PASS
MP05	1	512	model.layers.20.self_attn	DECODE	null	[1,2048]	8875207265	8875386946	NA	PASS
MP05	1	513	model.layers.20.mlp.gate_up_proj	DECODE	[1,2048]	[1,22016]	8875403915	8875432184	NA	PASS
MP05	1	514	model.layers.20.mlp.act_fn	DECODE	[1,22016]	[1,11008]	8875436309	8875448689	NA	PASS
MP05	1	515	model.layers.20.mlp.down_proj	DECODE	[1,11008]	[1,2048]	8875452139	8875484925	NA	PASS
MP05	1	516	model.layers.21.self_attn	DECODE	null	[1,2048]	8875506237	8875702783	NA	PASS
MP05	1	517	model.layers.21.mlp.gate_up_proj	DECODE	[1,2048]	[1,22016]	8875721302	8875751198	NA	PASS
MP05	1	518	model.layers.21.mlp.act_fn	DECODE	[1,22016]	[1,11008]	8875755881	8875769342	NA	PASS
MP05	1	519	model.layers.21.mlp.down_proj	DECODE	[1,11008]	[1,2048]	8875773176	8875802484	NA	PASS
MP05	1	520	model.layers.22.self_attn	DECODE	null	[1,2048]	8875823860	8876015143	NA	PASS
MP05	1	521	model.layers.22.mlp.gate_up_proj	DECODE	[1,2048]	[1,22016]	8876038967	8876069219	NA	PASS
MP05	1	522	model.layers.22.mlp.act_fn	DECODE	[1,22016]	[1,11008]	8876073548	8876086534	NA	PASS
MP05	1	523	model.layers.22.mlp.down_proj	DECODE	[1,11008]	[1,2048]	8876090161	8876118539	NA	PASS
MP05	1	524	model.layers.23.self_attn	DECODE	null	[1,2048]	8876137035	8876326233	NA	PASS
MP05	1	525	model.layers.23.mlp.gate_up_proj	DECODE	[1,2048]	[1,22016]	8876344374	8876374038	NA	PASS
MP05	1	526	model.layers.23.mlp.act_fn	DECODE	[1,22016]	[1,11008]	8876378314	8876390836	NA	PASS
MP05	1	527	model.layers.23.mlp.down_proj	DECODE	[1,11008]	[1,2048]	8876394538	8876422345	NA	PASS
MP05	1	528	model.layers.24.self_attn	DECODE	null	[1,2048]	8876440351	8876636882	NA	PASS
MP05	1	529	model.layers.24.mlp.gate_up_proj	DECODE	[1,2048]	[1,22016]	8876656457	8876686986	NA	PASS
MP05	1	530	model.layers.24.mlp.act_fn	DECODE	[1,22016]	[1,11008]	8876691604	8876704571	NA	PASS
MP05	1	531	model.layers.24.mlp.down_proj	DECODE	[1,11008]	[1,2048]	8876708426	8876735541	NA	PASS
MP05	1	532	model.layers.25.self_attn	DECODE	null	[1,2048]	8876753871	8876940455	NA	PASS
MP05	1	533	model.layers.25.mlp.gate_up_proj	DECODE	[1,2048]	[1,22016]	8876957886	8876987090	NA	PASS
MP05	1	534	model.layers.25.mlp.act_fn	DECODE	[1,22016]	[1,11008]	8876991426	8877003852	NA	PASS
MP05	1	535	model.layers.25.mlp.down_proj	DECODE	[1,11008]	[1,2048]	8877007446	8877035020	NA	PASS
MP05	1	536	model.layers.26.self_attn	DECODE	null	[1,2048]	8877055209	8877239254	NA	PASS
MP05	1	537	model.layers.26.mlp.gate_up_proj	DECODE	[1,2048]	[1,22016]	8877256975	8877286276	NA	PASS
MP05	1	538	model.layers.26.mlp.act_fn	DECODE	[1,22016]	[1,11008]	8877290532	8877305053	NA	PASS
MP05	1	539	model.layers.26.mlp.down_proj	DECODE	[1,11008]	[1,2048]	8877308886	8877336901	NA	PASS
MP05	1	540	model.layers.27.self_attn	DECODE	null	[1,2048]	8877355413	8877551058	NA	PASS
MP05	1	541	model.layers.27.mlp.gate_up_proj	DECODE	[1,2048]	[1,22016]	8877570853	8877600772	NA	PASS
MP05	1	542	model.layers.27.mlp.act_fn	DECODE	[1,22016]	[1,11008]	8877605317	8877618200	NA	PASS
MP05	1	543	model.layers.27.mlp.down_proj	DECODE	[1,11008]	[1,2048]	8877622026	8877650016	NA	PASS
MP05	1	544	model.layers.28.self_attn	DECODE	null	[1,2048]	8877667917	8877857661	NA	PASS
MP05	1	545	model.layers.28.mlp.gate_up_proj	DECODE	[1,2048]	[1,22016]	8877875322	8877904482	NA	PASS
MP05	1	546	model.layers.28.mlp.act_fn	DECODE	[1,22016]	[1,11008]	8877908639	8877921306	NA	PASS
MP05	1	547	model.layers.28.mlp.down_proj	DECODE	[1,11008]	[1,2048]	8877924779	8877952043	NA	PASS
MP05	1	548	model.layers.29.self_attn	DECODE	null	[1,2048]	8877969648	8878151271	NA	PASS
MP05	1	549	model.layers.29.mlp.gate_up_proj	DECODE	[1,2048]	[1,22016]	8878169093	8878197633	NA	PASS
MP05	1	550	model.layers.29.mlp.act_fn	DECODE	[1,22016]	[1,11008]	8878201545	8878213935	NA	PASS
MP05	1	551	model.layers.29.mlp.down_proj	DECODE	[1,11008]	[1,2048]	8878217497	8878244797	NA	PASS
MP05	1	552	model.layers.30.self_attn	DECODE	null	[1,2048]	8878261649	8878444491	NA	PASS
MP05	1	553	model.layers.30.mlp.gate_up_proj	DECODE	[1,2048]	[1,22016]	8878466829	8878499020	NA	PASS
MP05	1	554	model.layers.30.mlp.act_fn	DECODE	[1,22016]	[1,11008]	8878505064	8878518016	NA	PASS
MP05	1	555	model.layers.30.mlp.down_proj	DECODE	[1,11008]	[1,2048]	8878521578	8878549445	NA	PASS
MP05	1	556	model.layers.31.self_attn	DECODE	null	[1,2048]	8878568084	8878753463	NA	PASS
MP05	1	557	model.layers.31.mlp.gate_up_proj	DECODE	[1,2048]	[1,22016]	8878771494	8878804407	NA	PASS
MP05	1	558	model.layers.31.mlp.act_fn	DECODE	[1,22016]	[1,11008]	8878808534	8878820965	NA	PASS
MP05	1	559	model.layers.31.mlp.down_proj	DECODE	[1,11008]	[1,2048]	8878824557	8878852357	NA	PASS
MP05	1	560	model.layers.32.self_attn	DECODE	null	[1,2048]	8878870275	8879048930	NA	PASS
MP05	1	561	model.layers.32.mlp.gate_up_proj	DECODE	[1,2048]	[1,22016]	8879066835	8879095500	NA	PASS
MP05	1	562	model.layers.32.mlp.act_fn	DECODE	[1,22016]	[1,11008]	8879099675	8879111900	NA	PASS
MP05	1	563	model.layers.32.mlp.down_proj	DECODE	[1,11008]	[1,2048]	8879115781	8879143313	NA	PASS
MP05	1	564	model.layers.33.self_attn	DECODE	null	[1,2048]	8879160544	8879346883	NA	PASS
MP05	1	565	model.layers.33.mlp.gate_up_proj	DECODE	[1,2048]	[1,22016]	8879366313	8879396424	NA	PASS
MP05	1	566	model.layers.33.mlp.act_fn	DECODE	[1,22016]	[1,11008]	8879400872	8879413868	NA	PASS
MP05	1	567	model.layers.33.mlp.down_proj	DECODE	[1,11008]	[1,2048]	8879417436	8879444734	NA	PASS
MP05	1	568	model.layers.34.self_attn	DECODE	null	[1,2048]	8879466946	8879654361	NA	PASS
MP05	1	569	model.layers.34.mlp.gate_up_proj	DECODE	[1,2048]	[1,22016]	8879672330	8879701068	NA	PASS
MP05	1	570	model.layers.34.mlp.act_fn	DECODE	[1,22016]	[1,11008]	8879705385	8879718493	NA	PASS
MP05	1	571	model.layers.34.mlp.down_proj	DECODE	[1,11008]	[1,2048]	8879722116	8879751948	NA	PASS
MP05	1	572	model.layers.35.self_attn	DECODE	null	[1,2048]	8879770001	8879952815	NA	PASS
MP05	1	573	model.layers.35.mlp.gate_up_proj	DECODE	[1,2048]	[1,22016]	8879969877	8879998520	NA	PASS
MP05	1	574	model.layers.35.mlp.act_fn	DECODE	[1,22016]	[1,11008]	8880002508	8880015216	NA	PASS
MP05	1	575	model.layers.35.mlp.down_proj	DECODE	[1,11008]	[1,2048]	8880018721	8880046449	NA	PASS
MP05	1	576	model.layers.0.self_attn	DECODE	null	[1,2048]	8881112786	8881390935	NA	PASS
MP05	1	577	model.layers.0.mlp.gate_up_proj	DECODE	[1,2048]	[1,22016]	8881416957	8881450219	NA	PASS
MP05	1	578	model.layers.0.mlp.act_fn	DECODE	[1,22016]	[1,11008]	8881455202	8881474894	NA	PASS
MP05	1	579	model.layers.0.mlp.down_proj	DECODE	[1,11008]	[1,2048]	8881478680	8881509282	NA	PASS
MP05	1	580	model.layers.1.self_attn	DECODE	null	[1,2048]	8881531404	8881743610	NA	PASS
MP05	1	581	model.layers.1.mlp.gate_up_proj	DECODE	[1,2048]	[1,22016]	8881762867	8881792738	NA	PASS
MP05	1	582	model.layers.1.mlp.act_fn	DECODE	[1,22016]	[1,11008]	8881797081	8881812967	NA	PASS
MP05	1	583	model.layers.1.mlp.down_proj	DECODE	[1,11008]	[1,2048]	8881816585	8881844560	NA	PASS
MP05	1	584	model.layers.2.self_attn	DECODE	null	[1,2048]	8881864277	8882062545	NA	PASS
MP05	1	585	model.layers.2.mlp.gate_up_proj	DECODE	[1,2048]	[1,22016]	8882080798	8882110008	NA	PASS
MP05	1	586	model.layers.2.mlp.act_fn	DECODE	[1,22016]	[1,11008]	8882114232	8882126738	NA	PASS
MP05	1	587	model.layers.2.mlp.down_proj	DECODE	[1,11008]	[1,2048]	8882130192	8882157162	NA	PASS
MP05	1	588	model.layers.3.self_attn	DECODE	null	[1,2048]	8882175388	8882366244	NA	PASS
MP05	1	589	model.layers.3.mlp.gate_up_proj	DECODE	[1,2048]	[1,22016]	8882384079	8882412665	NA	PASS
MP05	1	590	model.layers.3.mlp.act_fn	DECODE	[1,22016]	[1,11008]	8882416805	8882429732	NA	PASS
MP05	1	591	model.layers.3.mlp.down_proj	DECODE	[1,11008]	[1,2048]	8882433270	8882464425	NA	PASS
MP05	1	592	model.layers.4.self_attn	DECODE	null	[1,2048]	8882482877	8882673212	NA	PASS
MP05	1	593	model.layers.4.mlp.gate_up_proj	DECODE	[1,2048]	[1,22016]	8882698300	8882730936	NA	PASS
MP05	1	594	model.layers.4.mlp.act_fn	DECODE	[1,22016]	[1,11008]	8882735332	8882748835	NA	PASS
MP05	1	595	model.layers.4.mlp.down_proj	DECODE	[1,11008]	[1,2048]	8882752413	8882781402	NA	PASS
MP05	1	596	model.layers.5.self_attn	DECODE	null	[1,2048]	8882799771	8883003216	NA	PASS
MP05	1	597	model.layers.5.mlp.gate_up_proj	DECODE	[1,2048]	[1,22016]	8883021543	8883050727	NA	PASS
MP05	1	598	model.layers.5.mlp.act_fn	DECODE	[1,22016]	[1,11008]	8883055097	8883067835	NA	PASS
MP05	1	599	model.layers.5.mlp.down_proj	DECODE	[1,11008]	[1,2048]	8883071471	8883099481	NA	PASS
MP05	1	600	model.layers.6.self_attn	DECODE	null	[1,2048]	8883117882	8883309543	NA	PASS
MP05	1	601	model.layers.6.mlp.gate_up_proj	DECODE	[1,2048]	[1,22016]	8883327054	8883356220	NA	PASS
MP05	1	602	model.layers.6.mlp.act_fn	DECODE	[1,22016]	[1,11008]	8883360406	8883372715	NA	PASS
MP05	1	603	model.layers.6.mlp.down_proj	DECODE	[1,11008]	[1,2048]	8883376110	8883405808	NA	PASS
MP05	1	604	model.layers.7.self_attn	DECODE	null	[1,2048]	8883424032	8883615720	NA	PASS
MP05	1	605	model.layers.7.mlp.gate_up_proj	DECODE	[1,2048]	[1,22016]	8883633548	8883662369	NA	PASS
MP05	1	606	model.layers.7.mlp.act_fn	DECODE	[1,22016]	[1,11008]	8883666689	8883678819	NA	PASS
MP05	1	607	model.layers.7.mlp.down_proj	DECODE	[1,11008]	[1,2048]	8883682059	8883709405	NA	PASS
MP05	1	608	model.layers.8.self_attn	DECODE	null	[1,2048]	8883727632	8883908790	NA	PASS
MP05	1	609	model.layers.8.mlp.gate_up_proj	DECODE	[1,2048]	[1,22016]	8883926866	8883957690	NA	PASS
MP05	1	610	model.layers.8.mlp.act_fn	DECODE	[1,22016]	[1,11008]	8883961967	8883974837	NA	PASS
MP05	1	611	model.layers.8.mlp.down_proj	DECODE	[1,11008]	[1,2048]	8883978458	8884007573	NA	PASS
MP05	1	612	model.layers.9.self_attn	DECODE	null	[1,2048]	8884025752	8884220924	NA	PASS
MP05	1	613	model.layers.9.mlp.gate_up_proj	DECODE	[1,2048]	[1,22016]	8884239122	8884268265	NA	PASS
MP05	1	614	model.layers.9.mlp.act_fn	DECODE	[1,22016]	[1,11008]	8884272624	8884285115	NA	PASS
MP05	1	615	model.layers.9.mlp.down_proj	DECODE	[1,11008]	[1,2048]	8884288705	8884316568	NA	PASS
MP05	1	616	model.layers.10.self_attn	DECODE	null	[1,2048]	8884336283	8884526712	NA	PASS
MP05	1	617	model.layers.10.mlp.gate_up_proj	DECODE	[1,2048]	[1,22016]	8884544696	8884573122	NA	PASS
MP05	1	618	model.layers.10.mlp.act_fn	DECODE	[1,22016]	[1,11008]	8884577308	8884589516	NA	PASS
MP05	1	619	model.layers.10.mlp.down_proj	DECODE	[1,11008]	[1,2048]	8884592812	8884620008	NA	PASS
MP05	1	620	model.layers.11.self_attn	DECODE	null	[1,2048]	8884637249	8884824148	NA	PASS
MP05	1	621	model.layers.11.mlp.gate_up_proj	DECODE	[1,2048]	[1,22016]	8884842145	8884870658	NA	PASS
MP05	1	622	model.layers.11.mlp.act_fn	DECODE	[1,22016]	[1,11008]	8884874909	8884887203	NA	PASS
MP05	1	623	model.layers.11.mlp.down_proj	DECODE	[1,11008]	[1,2048]	8884890692	8884917814	NA	PASS
MP05	1	624	model.layers.12.self_attn	DECODE	null	[1,2048]	8884935446	8885114270	NA	PASS
MP05	1	625	model.layers.12.mlp.gate_up_proj	DECODE	[1,2048]	[1,22016]	8885132183	8885161050	NA	PASS
MP05	1	626	model.layers.12.mlp.act_fn	DECODE	[1,22016]	[1,11008]	8885165312	8885182354	NA	PASS
MP05	1	627	model.layers.12.mlp.down_proj	DECODE	[1,11008]	[1,2048]	8885186096	8885213620	NA	PASS
MP05	1	628	model.layers.13.self_attn	DECODE	null	[1,2048]	8885231673	8885422552	NA	PASS
MP05	1	629	model.layers.13.mlp.gate_up_proj	DECODE	[1,2048]	[1,22016]	8885440610	8885472637	NA	PASS
MP05	1	630	model.layers.13.mlp.act_fn	DECODE	[1,22016]	[1,11008]	8885476756	8885489707	NA	PASS
MP05	1	631	model.layers.13.mlp.down_proj	DECODE	[1,11008]	[1,2048]	8885493288	8885521241	NA	PASS
MP05	1	632	model.layers.14.self_attn	DECODE	null	[1,2048]	8885539865	8885726869	NA	PASS
MP05	1	633	model.layers.14.mlp.gate_up_proj	DECODE	[1,2048]	[1,22016]	8885744307	8885772978	NA	PASS
MP05	1	634	model.layers.14.mlp.act_fn	DECODE	[1,22016]	[1,11008]	8885777115	8885789504	NA	PASS
MP05	1	635	model.layers.14.mlp.down_proj	DECODE	[1,11008]	[1,2048]	8885793068	8885820087	NA	PASS
MP05	1	636	model.layers.15.self_attn	DECODE	null	[1,2048]	8885838040	8886016856	NA	PASS
MP05	1	637	model.layers.15.mlp.gate_up_proj	DECODE	[1,2048]	[1,22016]	8886034417	8886063157	NA	PASS
MP05	1	638	model.layers.15.mlp.act_fn	DECODE	[1,22016]	[1,11008]	8886067380	8886079814	NA	PASS
MP05	1	639	model.layers.15.mlp.down_proj	DECODE	[1,11008]	[1,2048]	8886083405	8886110838	NA	PASS
MP05	1	640	model.layers.16.self_attn	DECODE	null	[1,2048]	8886130344	8886317762	NA	PASS
MP05	1	641	model.layers.16.mlp.gate_up_proj	DECODE	[1,2048]	[1,22016]	8886336128	8886365706	NA	PASS
MP05	1	642	model.layers.16.mlp.act_fn	DECODE	[1,22016]	[1,11008]	8886370244	8886382789	NA	PASS
MP05	1	643	model.layers.16.mlp.down_proj	DECODE	[1,11008]	[1,2048]	8886386316	8886414395	NA	PASS
MP05	1	644	model.layers.17.self_attn	DECODE	null	[1,2048]	8886432895	8886626271	NA	PASS
MP05	1	645	model.layers.17.mlp.gate_up_proj	DECODE	[1,2048]	[1,22016]	8886644382	8886673717	NA	PASS
MP05	1	646	model.layers.17.mlp.act_fn	DECODE	[1,22016]	[1,11008]	8886677949	8886690375	NA	PASS
MP05	1	647	model.layers.17.mlp.down_proj	DECODE	[1,11008]	[1,2048]	8886693802	8886721093	NA	PASS
MP05	1	648	model.layers.18.self_attn	DECODE	null	[1,2048]	8886739783	8886982812	NA	PASS
MP05	1	649	model.layers.18.mlp.gate_up_proj	DECODE	[1,2048]	[1,22016]	8887005034	8887037075	NA	PASS
MP05	1	650	model.layers.18.mlp.act_fn	DECODE	[1,22016]	[1,11008]	8887042027	8887055927	NA	PASS
MP05	1	651	model.layers.18.mlp.down_proj	DECODE	[1,11008]	[1,2048]	8887059738	8887089443	NA	PASS
MP05	1	652	model.layers.19.self_attn	DECODE	null	[1,2048]	8887109473	8887315255	NA	PASS
MP05	1	653	model.layers.19.mlp.gate_up_proj	DECODE	[1,2048]	[1,22016]	8887334339	8887364313	NA	PASS
MP05	1	654	model.layers.19.mlp.act_fn	DECODE	[1,22016]	[1,11008]	8887368709	8887381325	NA	PASS
MP05	1	655	model.layers.19.mlp.down_proj	DECODE	[1,11008]	[1,2048]	8887384866	8887413157	NA	PASS
MP05	1	656	model.layers.20.self_attn	DECODE	null	[1,2048]	8887432611	8887632905	NA	PASS
MP05	1	657	model.layers.20.mlp.gate_up_proj	DECODE	[1,2048]	[1,22016]	8887652145	8887681860	NA	PASS
MP05	1	658	model.layers.20.mlp.act_fn	DECODE	[1,22016]	[1,11008]	8887686187	8887699001	NA	PASS
MP05	1	659	model.layers.20.mlp.down_proj	DECODE	[1,11008]	[1,2048]	8887702640	8887730574	NA	PASS
MP05	1	660	model.layers.21.self_attn	DECODE	null	[1,2048]	8887750145	8887945341	NA	PASS
MP05	1	661	model.layers.21.mlp.gate_up_proj	DECODE	[1,2048]	[1,22016]	8887963578	8887992446	NA	PASS
MP05	1	662	model.layers.21.mlp.act_fn	DECODE	[1,22016]	[1,11008]	8887996523	8888009059	NA	PASS
MP05	1	663	model.layers.21.mlp.down_proj	DECODE	[1,11008]	[1,2048]	8888012572	8888039940	NA	PASS
MP05	1	664	model.layers.22.self_attn	DECODE	null	[1,2048]	8888058154	8888246686	NA	PASS
MP05	1	665	model.layers.22.mlp.gate_up_proj	DECODE	[1,2048]	[1,22016]	8888265548	8888295358	NA	PASS
MP05	1	666	model.layers.22.mlp.act_fn	DECODE	[1,22016]	[1,11008]	8888299650	8888312237	NA	PASS
MP05	1	667	model.layers.22.mlp.down_proj	DECODE	[1,11008]	[1,2048]	8888315859	8888343529	NA	PASS
MP05	1	668	model.layers.23.self_attn	DECODE	null	[1,2048]	8888362222	8888558701	NA	PASS
MP05	1	669	model.layers.23.mlp.gate_up_proj	DECODE	[1,2048]	[1,22016]	8888577334	8888606203	NA	PASS
MP05	1	670	model.layers.23.mlp.act_fn	DECODE	[1,22016]	[1,11008]	8888610752	8888623546	NA	PASS
MP05	1	671	model.layers.23.mlp.down_proj	DECODE	[1,11008]	[1,2048]	8888627069	8888654293	NA	PASS
MP05	1	672	model.layers.24.self_attn	DECODE	null	[1,2048]	8888672249	8888856649	NA	PASS
MP05	1	673	model.layers.24.mlp.gate_up_proj	DECODE	[1,2048]	[1,22016]	8888882942	8888912542	NA	PASS
MP05	1	674	model.layers.24.mlp.act_fn	DECODE	[1,22016]	[1,11008]	8888916773	8888929163	NA	PASS
MP05	1	675	model.layers.24.mlp.down_proj	DECODE	[1,11008]	[1,2048]	8888932676	8888962092	NA	PASS
MP05	1	676	model.layers.25.self_attn	DECODE	null	[1,2048]	8888980371	8889168891	NA	PASS
MP05	1	677	model.layers.25.mlp.gate_up_proj	DECODE	[1,2048]	[1,22016]	8889186644	8889215824	NA	PASS
MP05	1	678	model.layers.25.mlp.act_fn	DECODE	[1,22016]	[1,11008]	8889220032	8889232734	NA	PASS
MP05	1	679	model.layers.25.mlp.down_proj	DECODE	[1,11008]	[1,2048]	8889236239	8889263781	NA	PASS
MP05	1	680	model.layers.26.self_attn	DECODE	null	[1,2048]	8889282988	8889465704	NA	PASS
MP05	1	681	model.layers.26.mlp.gate_up_proj	DECODE	[1,2048]	[1,22016]	8889484202	8889513433	NA	PASS
MP05	1	682	model.layers.26.mlp.act_fn	DECODE	[1,22016]	[1,11008]	8889517890	8889530428	NA	PASS
MP05	1	683	model.layers.26.mlp.down_proj	DECODE	[1,11008]	[1,2048]	8889534133	8889561511	NA	PASS
MP05	1	684	model.layers.27.self_attn	DECODE	null	[1,2048]	8889580023	8889771676	NA	PASS
MP05	1	685	model.layers.27.mlp.gate_up_proj	DECODE	[1,2048]	[1,22016]	8889789557	8889818208	NA	PASS
MP05	1	686	model.layers.27.mlp.act_fn	DECODE	[1,22016]	[1,11008]	8889822717	8889834903	NA	PASS
MP05	1	687	model.layers.27.mlp.down_proj	DECODE	[1,11008]	[1,2048]	8889838313	8889865212	NA	PASS
MP05	1	688	model.layers.28.self_attn	DECODE	null	[1,2048]	8889882627	8890063666	NA	PASS
MP05	1	689	model.layers.28.mlp.gate_up_proj	DECODE	[1,2048]	[1,22016]	8890081005	8890110015	NA	PASS
MP05	1	690	model.layers.28.mlp.act_fn	DECODE	[1,22016]	[1,11008]	8890114158	8890126762	NA	PASS
MP05	1	691	model.layers.28.mlp.down_proj	DECODE	[1,11008]	[1,2048]	8890130140	8890157477	NA	PASS
MP05	1	692	model.layers.29.self_attn	DECODE	null	[1,2048]	8890174579	8890360381	NA	PASS
MP05	1	693	model.layers.29.mlp.gate_up_proj	DECODE	[1,2048]	[1,22016]	8890377975	8890406685	NA	PASS
MP05	1	694	model.layers.29.mlp.act_fn	DECODE	[1,22016]	[1,11008]	8890410959	8890423175	NA	PASS
MP05	1	695	model.layers.29.mlp.down_proj	DECODE	[1,11008]	[1,2048]	8890426632	8890457194	NA	PASS
MP05	1	696	model.layers.30.self_attn	DECODE	null	[1,2048]	8890479139	8890672764	NA	PASS
MP05	1	697	model.layers.30.mlp.gate_up_proj	DECODE	[1,2048]	[1,22016]	8890691145	8890720054	NA	PASS
MP05	1	698	model.layers.30.mlp.act_fn	DECODE	[1,22016]	[1,11008]	8890727253	8890740311	NA	PASS
MP05	1	699	model.layers.30.mlp.down_proj	DECODE	[1,11008]	[1,2048]	8890744006	8890771120	NA	PASS
MP05	1	700	model.layers.31.self_attn	DECODE	null	[1,2048]	8890788401	8890972012	NA	PASS
MP05	1	701	model.layers.31.mlp.gate_up_proj	DECODE	[1,2048]	[1,22016]	8890990572	8891019411	NA	PASS
MP05	1	702	model.layers.31.mlp.act_fn	DECODE	[1,22016]	[1,11008]	8891023869	8891036099	NA	PASS
MP05	1	703	model.layers.31.mlp.down_proj	DECODE	[1,11008]	[1,2048]	8891039681	8891066455	NA	PASS
MP05	1	704	model.layers.32.self_attn	DECODE	null	[1,2048]	8891084201	8891264159	NA	PASS
MP05	1	705	model.layers.32.mlp.gate_up_proj	DECODE	[1,2048]	[1,22016]	8891281566	8891310257	NA	PASS
MP05	1	706	model.layers.32.mlp.act_fn	DECODE	[1,22016]	[1,11008]	8891314798	8891327272	NA	PASS
MP05	1	707	model.layers.32.mlp.down_proj	DECODE	[1,11008]	[1,2048]	8891330795	8891358564	NA	PASS
MP05	1	708	model.layers.33.self_attn	DECODE	null	[1,2048]	8891376744	8891572788	NA	PASS
MP05	1	709	model.layers.33.mlp.gate_up_proj	DECODE	[1,2048]	[1,22016]	8891591717	8891621032	NA	PASS
MP05	1	710	model.layers.33.mlp.act_fn	DECODE	[1,22016]	[1,11008]	8891625280	8891637908	NA	PASS
MP05	1	711	model.layers.33.mlp.down_proj	DECODE	[1,11008]	[1,2048]	8891641443	8891668581	NA	PASS
MP05	1	712	model.layers.34.self_attn	DECODE	null	[1,2048]	8891686112	8891869877	NA	PASS
MP05	1	713	model.layers.34.mlp.gate_up_proj	DECODE	[1,2048]	[1,22016]	8891888049	8891917426	NA	PASS
MP05	1	714	model.layers.34.mlp.act_fn	DECODE	[1,22016]	[1,11008]	8891921606	8891933803	NA	PASS
MP05	1	715	model.layers.34.mlp.down_proj	DECODE	[1,11008]	[1,2048]	8891937146	8891964492	NA	PASS
MP05	1	716	model.layers.35.self_attn	DECODE	null	[1,2048]	8891982243	8892160067	NA	PASS
MP05	1	717	model.layers.35.mlp.gate_up_proj	DECODE	[1,2048]	[1,22016]	8892177026	8892205181	NA	PASS
MP05	1	718	model.layers.35.mlp.act_fn	DECODE	[1,22016]	[1,11008]	8892209274	8892221731	NA	PASS
MP05	1	719	model.layers.35.mlp.down_proj	DECODE	[1,11008]	[1,2048]	8892225225	8892252267	NA	PASS
MP05	1	720	model.layers.0.self_attn	DECODE	null	[1,2048]	8893331921	8893608621	NA	PASS
MP05	1	721	model.layers.0.mlp.gate_up_proj	DECODE	[1,2048]	[1,22016]	8893634359	8893668031	NA	PASS
MP05	1	722	model.layers.0.mlp.act_fn	DECODE	[1,22016]	[1,11008]	8893673099	8893687707	NA	PASS
MP05	1	723	model.layers.0.mlp.down_proj	DECODE	[1,11008]	[1,2048]	8893691734	8893721546	NA	PASS
MP05	1	724	model.layers.1.self_attn	DECODE	null	[1,2048]	8893741928	8893955627	NA	PASS
MP05	1	725	model.layers.1.mlp.gate_up_proj	DECODE	[1,2048]	[1,22016]	8893975573	8894005895	NA	PASS
MP05	1	726	model.layers.1.mlp.act_fn	DECODE	[1,22016]	[1,11008]	8894010562	8894023940	NA	PASS
MP05	1	727	model.layers.1.mlp.down_proj	DECODE	[1,11008]	[1,2048]	8894027613	8894055277	NA	PASS
MP05	1	728	model.layers.2.self_attn	DECODE	null	[1,2048]	8894074303	8894276097	NA	PASS
MP05	1	729	model.layers.2.mlp.gate_up_proj	DECODE	[1,2048]	[1,22016]	8894294943	8894324411	NA	PASS
MP05	1	730	model.layers.2.mlp.act_fn	DECODE	[1,22016]	[1,11008]	8894328669	8894344455	NA	PASS
MP05	1	731	model.layers.2.mlp.down_proj	DECODE	[1,11008]	[1,2048]	8894348122	8894376230	NA	PASS
MP05	1	732	model.layers.3.self_attn	DECODE	null	[1,2048]	8894394806	8894594146	NA	PASS
MP05	1	733	model.layers.3.mlp.gate_up_proj	DECODE	[1,2048]	[1,22016]	8894612816	8894641911	NA	PASS
MP05	1	734	model.layers.3.mlp.act_fn	DECODE	[1,22016]	[1,11008]	8894646134	8894658976	NA	PASS
MP05	1	735	model.layers.3.mlp.down_proj	DECODE	[1,11008]	[1,2048]	8894662421	8894690374	NA	PASS
MP05	1	736	model.layers.4.self_attn	DECODE	null	[1,2048]	8894708575	8894900288	NA	PASS
MP05	1	737	model.layers.4.mlp.gate_up_proj	DECODE	[1,2048]	[1,22016]	8894918104	8894946993	NA	PASS
MP05	1	738	model.layers.4.mlp.act_fn	DECODE	[1,22016]	[1,11008]	8894951185	8894963842	NA	PASS
MP05	1	739	model.layers.4.mlp.down_proj	DECODE	[1,11008]	[1,2048]	8894967582	8894994781	NA	PASS
MP05	1	740	model.layers.5.self_attn	DECODE	null	[1,2048]	8895012636	8895201001	NA	PASS
MP05	1	741	model.layers.5.mlp.gate_up_proj	DECODE	[1,2048]	[1,22016]	8895219582	8895249672	NA	PASS
MP05	1	742	model.layers.5.mlp.act_fn	DECODE	[1,22016]	[1,11008]	8895255768	8895268615	NA	PASS
MP05	1	743	model.layers.5.mlp.down_proj	DECODE	[1,11008]	[1,2048]	8895272275	8895300116	NA	PASS
MP05	1	744	model.layers.6.self_attn	DECODE	null	[1,2048]	8895318580	8895519012	NA	PASS
MP05	1	745	model.layers.6.mlp.gate_up_proj	DECODE	[1,2048]	[1,22016]	8895537899	8895566882	NA	PASS
MP05	1	746	model.layers.6.mlp.act_fn	DECODE	[1,22016]	[1,11008]	8895571172	8895583847	NA	PASS
MP05	1	747	model.layers.6.mlp.down_proj	DECODE	[1,11008]	[1,2048]	8895587713	8895615477	NA	PASS
MP05	1	748	model.layers.7.self_attn	DECODE	null	[1,2048]	8895634152	8895824355	NA	PASS
MP05	1	749	model.layers.7.mlp.gate_up_proj	DECODE	[1,2048]	[1,22016]	8895842262	8895872161	NA	PASS
MP05	1	750	model.layers.7.mlp.act_fn	DECODE	[1,22016]	[1,11008]	8895876193	8895888569	NA	PASS
MP05	1	751	model.layers.7.mlp.down_proj	DECODE	[1,11008]	[1,2048]	8895892039	8895919236	NA	PASS
MP05	1	752	model.layers.8.self_attn	DECODE	null	[1,2048]	8895937011	8896122135	NA	PASS
MP05	1	753	model.layers.8.mlp.gate_up_proj	DECODE	[1,2048]	[1,22016]	8896139461	8896168029	NA	PASS
MP05	1	754	model.layers.8.mlp.act_fn	DECODE	[1,22016]	[1,11008]	8896172106	8896184483	NA	PASS
MP05	1	755	model.layers.8.mlp.down_proj	DECODE	[1,11008]	[1,2048]	8896190290	8896218755	NA	PASS
MP05	1	756	model.layers.9.self_attn	DECODE	null	[1,2048]	8896237560	8896426379	NA	PASS
MP05	1	757	model.layers.9.mlp.gate_up_proj	DECODE	[1,2048]	[1,22016]	8896445464	8896479785	NA	PASS
MP05	1	758	model.layers.9.mlp.act_fn	DECODE	[1,22016]	[1,11008]	8896484087	8896497757	NA	PASS
MP05	1	759	model.layers.9.mlp.down_proj	DECODE	[1,11008]	[1,2048]	8896501299	8896529594	NA	PASS
MP05	1	760	model.layers.10.self_attn	DECODE	null	[1,2048]	8896548732	8896744557	NA	PASS
MP05	1	761	model.layers.10.mlp.gate_up_proj	DECODE	[1,2048]	[1,22016]	8896771549	8896802255	NA	PASS
MP05	1	762	model.layers.10.mlp.act_fn	DECODE	[1,22016]	[1,11008]	8896806408	8896819011	NA	PASS
MP05	1	763	model.layers.10.mlp.down_proj	DECODE	[1,11008]	[1,2048]	8896822387	8896850444	NA	PASS
MP05	1	764	model.layers.11.self_attn	DECODE	null	[1,2048]	8896869010	8897060028	NA	PASS
MP05	1	765	model.layers.11.mlp.gate_up_proj	DECODE	[1,2048]	[1,22016]	8897078108	8897107721	NA	PASS
MP05	1	766	model.layers.11.mlp.act_fn	DECODE	[1,22016]	[1,11008]	8897112181	8897124674	NA	PASS
MP05	1	767	model.layers.11.mlp.down_proj	DECODE	[1,11008]	[1,2048]	8897128370	8897155938	NA	PASS
MP05	1	768	model.layers.12.self_attn	DECODE	null	[1,2048]	8897174030	8897356464	NA	PASS
MP05	1	769	model.layers.12.mlp.gate_up_proj	DECODE	[1,2048]	[1,22016]	8897374328	8897403235	NA	PASS
MP05	1	770	model.layers.12.mlp.act_fn	DECODE	[1,22016]	[1,11008]	8897407464	8897422348	NA	PASS
MP05	1	771	model.layers.12.mlp.down_proj	DECODE	[1,11008]	[1,2048]	8897426010	8897454263	NA	PASS
MP05	1	772	model.layers.13.self_attn	DECODE	null	[1,2048]	8897476687	8897670392	NA	PASS
MP05	1	773	model.layers.13.mlp.gate_up_proj	DECODE	[1,2048]	[1,22016]	8897690230	8897720379	NA	PASS
MP05	1	774	model.layers.13.mlp.act_fn	DECODE	[1,22016]	[1,11008]	8897724922	8897738216	NA	PASS
MP05	1	775	model.layers.13.mlp.down_proj	DECODE	[1,11008]	[1,2048]	8897741708	8897769787	NA	PASS
MP05	1	776	model.layers.14.self_attn	DECODE	null	[1,2048]	8897788505	8897981556	NA	PASS
MP05	1	777	model.layers.14.mlp.gate_up_proj	DECODE	[1,2048]	[1,22016]	8897999519	8898028261	NA	PASS
MP05	1	778	model.layers.14.mlp.act_fn	DECODE	[1,22016]	[1,11008]	8898032407	8898044832	NA	PASS
MP05	1	779	model.layers.14.mlp.down_proj	DECODE	[1,11008]	[1,2048]	8898048129	8898075452	NA	PASS
MP05	1	780	model.layers.15.self_attn	DECODE	null	[1,2048]	8898093832	8898275310	NA	PASS
MP05	1	781	model.layers.15.mlp.gate_up_proj	DECODE	[1,2048]	[1,22016]	8898293005	8898321656	NA	PASS
MP05	1	782	model.layers.15.mlp.act_fn	DECODE	[1,22016]	[1,11008]	8898325737	8898338021	NA	PASS
MP05	1	783	model.layers.15.mlp.down_proj	DECODE	[1,11008]	[1,2048]	8898341432	8898368795	NA	PASS
MP05	1	784	model.layers.16.self_attn	DECODE	null	[1,2048]	8898386390	8898569490	NA	PASS
MP05	1	785	model.layers.16.mlp.gate_up_proj	DECODE	[1,2048]	[1,22016]	8898587057	8898616051	NA	PASS
MP05	1	786	model.layers.16.mlp.act_fn	DECODE	[1,22016]	[1,11008]	8898620166	8898632695	NA	PASS
MP05	1	787	model.layers.16.mlp.down_proj	DECODE	[1,11008]	[1,2048]	8898636331	8898662982	NA	PASS
MP05	1	788	model.layers.17.self_attn	DECODE	null	[1,2048]	8898680766	8898868930	NA	PASS
MP05	1	789	model.layers.17.mlp.gate_up_proj	DECODE	[1,2048]	[1,22016]	8898888000	8898918504	NA	PASS
MP05	1	790	model.layers.17.mlp.act_fn	DECODE	[1,22016]	[1,11008]	8898923195	8898936304	NA	PASS
MP05	1	791	model.layers.17.mlp.down_proj	DECODE	[1,11008]	[1,2048]	8898939912	8898967730	NA	PASS
MP05	1	792	model.layers.18.self_attn	DECODE	null	[1,2048]	8898986674	8899167937	NA	PASS
MP05	1	793	model.layers.18.mlp.gate_up_proj	DECODE	[1,2048]	[1,22016]	8899186379	8899215178	NA	PASS
MP05	1	794	model.layers.18.mlp.act_fn	DECODE	[1,22016]	[1,11008]	8899219584	8899231965	NA	PASS
MP05	1	795	model.layers.18.mlp.down_proj	DECODE	[1,11008]	[1,2048]	8899235350	8899262531	NA	PASS
MP05	1	796	model.layers.19.self_attn	DECODE	null	[1,2048]	8899280705	8899456730	NA	PASS
MP05	1	797	model.layers.19.mlp.gate_up_proj	DECODE	[1,2048]	[1,22016]	8899478065	8899507325	NA	PASS
MP05	1	798	model.layers.19.mlp.act_fn	DECODE	[1,22016]	[1,11008]	8899511509	8899523972	NA	PASS
MP05	1	799	model.layers.19.mlp.down_proj	DECODE	[1,11008]	[1,2048]	8899527535	8899555317	NA	PASS
MP05	1	800	model.layers.20.self_attn	DECODE	null	[1,2048]	8899573127	8899759103	NA	PASS
MP05	1	801	model.layers.20.mlp.gate_up_proj	DECODE	[1,2048]	[1,22016]	8899777087	8899805849	NA	PASS
MP05	1	802	model.layers.20.mlp.act_fn	DECODE	[1,22016]	[1,11008]	8899810089	8899822291	NA	PASS
MP05	1	803	model.layers.20.mlp.down_proj	DECODE	[1,11008]	[1,2048]	8899825744	8899852886	NA	PASS
MP05	1	804	model.layers.21.self_attn	DECODE	null	[1,2048]	8899870882	8900055183	NA	PASS
MP05	1	805	model.layers.21.mlp.gate_up_proj	DECODE	[1,2048]	[1,22016]	8900072989	8900101976	NA	PASS
MP05	1	806	model.layers.21.mlp.act_fn	DECODE	[1,22016]	[1,11008]	8900108429	8900121402	NA	PASS
MP05	1	807	model.layers.21.mlp.down_proj	DECODE	[1,11008]	[1,2048]	8900125530	8900153574	NA	PASS
MP05	1	808	model.layers.22.self_attn	DECODE	null	[1,2048]	8900171653	8900350772	NA	PASS
MP05	1	809	model.layers.22.mlp.gate_up_proj	DECODE	[1,2048]	[1,22016]	8900368746	8900397462	NA	PASS
MP05	1	810	model.layers.22.mlp.act_fn	DECODE	[1,22016]	[1,11008]	8900401837	8900414593	NA	PASS
MP05	1	811	model.layers.22.mlp.down_proj	DECODE	[1,11008]	[1,2048]	8900418347	8900445598	NA	PASS
MP05	1	812	model.layers.23.self_attn	DECODE	null	[1,2048]	8900466946	8900658594	NA	PASS
MP05	1	813	model.layers.23.mlp.gate_up_proj	DECODE	[1,2048]	[1,22016]	8900676811	8900706140	NA	PASS
MP05	1	814	model.layers.23.mlp.act_fn	DECODE	[1,22016]	[1,11008]	8900710356	8900722569	NA	PASS
MP05	1	815	model.layers.23.mlp.down_proj	DECODE	[1,11008]	[1,2048]	8900726028	8900753267	NA	PASS
MP05	1	816	model.layers.24.self_attn	DECODE	null	[1,2048]	8900771199	8900953531	NA	PASS
MP05	1	817	model.layers.24.mlp.gate_up_proj	DECODE	[1,2048]	[1,22016]	8900971320	8901000065	NA	PASS
MP05	1	818	model.layers.24.mlp.act_fn	DECODE	[1,22016]	[1,11008]	8901004342	8901016793	NA	PASS
MP05	1	819	model.layers.24.mlp.down_proj	DECODE	[1,11008]	[1,2048]	8901020197	8901046893	NA	PASS
MP05	1	820	model.layers.25.self_attn	DECODE	null	[1,2048]	8901064505	8901543101	NA	PASS
MP05	1	821	model.layers.25.mlp.gate_up_proj	DECODE	[1,2048]	[1,22016]	8901569725	8901602817	NA	PASS
MP05	1	822	model.layers.25.mlp.act_fn	DECODE	[1,22016]	[1,11008]	8901607747	8901624814	NA	PASS
MP05	1	823	model.layers.25.mlp.down_proj	DECODE	[1,11008]	[1,2048]	8901628536	8901657955	NA	PASS
MP05	1	824	model.layers.26.self_attn	DECODE	null	[1,2048]	8901678328	8901897758	NA	PASS
MP05	1	825	model.layers.26.mlp.gate_up_proj	DECODE	[1,2048]	[1,22016]	8901917156	8901947244	NA	PASS
MP05	1	826	model.layers.26.mlp.act_fn	DECODE	[1,22016]	[1,11008]	8901951790	8901964716	NA	PASS
MP05	1	827	model.layers.26.mlp.down_proj	DECODE	[1,11008]	[1,2048]	8901968298	8901995492	NA	PASS
MP05	1	828	model.layers.27.self_attn	DECODE	null	[1,2048]	8902014271	8902206664	NA	PASS
MP05	1	829	model.layers.27.mlp.gate_up_proj	DECODE	[1,2048]	[1,22016]	8902224823	8902254111	NA	PASS
MP05	1	830	model.layers.27.mlp.act_fn	DECODE	[1,22016]	[1,11008]	8902258414	8902271265	NA	PASS
MP05	1	831	model.layers.27.mlp.down_proj	DECODE	[1,11008]	[1,2048]	8902274862	8902302491	NA	PASS
MP05	1	832	model.layers.28.self_attn	DECODE	null	[1,2048]	8902320475	8902515613	NA	PASS
MP05	1	833	model.layers.28.mlp.gate_up_proj	DECODE	[1,2048]	[1,22016]	8902534861	8902564790	NA	PASS
MP05	1	834	model.layers.28.mlp.act_fn	DECODE	[1,22016]	[1,11008]	8902569175	8902582382	NA	PASS
MP05	1	835	model.layers.28.mlp.down_proj	DECODE	[1,11008]	[1,2048]	8902586063	8902614300	NA	PASS
MP05	1	836	model.layers.29.self_attn	DECODE	null	[1,2048]	8902633572	8902836658	NA	PASS
MP05	1	837	model.layers.29.mlp.gate_up_proj	DECODE	[1,2048]	[1,22016]	8902855404	8902884690	NA	PASS
MP05	1	838	model.layers.29.mlp.act_fn	DECODE	[1,22016]	[1,11008]	8902888942	8902901718	NA	PASS
MP05	1	839	model.layers.29.mlp.down_proj	DECODE	[1,11008]	[1,2048]	8902905168	8902932736	NA	PASS
MP05	1	840	model.layers.30.self_attn	DECODE	null	[1,2048]	8902950863	8903139189	NA	PASS
MP05	1	841	model.layers.30.mlp.gate_up_proj	DECODE	[1,2048]	[1,22016]	8903156827	8903186331	NA	PASS
MP05	1	842	model.layers.30.mlp.act_fn	DECODE	[1,22016]	[1,11008]	8903190662	8903203001	NA	PASS
MP05	1	843	model.layers.30.mlp.down_proj	DECODE	[1,11008]	[1,2048]	8903206566	8903233941	NA	PASS
MP05	1	844	model.layers.31.self_attn	DECODE	null	[1,2048]	8903254072	8903441809	NA	PASS
MP05	1	845	model.layers.31.mlp.gate_up_proj	DECODE	[1,2048]	[1,22016]	8903459575	8903493393	NA	PASS
MP05	1	846	model.layers.31.mlp.act_fn	DECODE	[1,22016]	[1,11008]	8903498045	8903510687	NA	PASS
MP05	1	847	model.layers.31.mlp.down_proj	DECODE	[1,11008]	[1,2048]	8903514225	8903541812	NA	PASS
MP05	1	848	model.layers.32.self_attn	DECODE	null	[1,2048]	8903561216	8903764055	NA	PASS
MP05	1	849	model.layers.32.mlp.gate_up_proj	DECODE	[1,2048]	[1,22016]	8903783269	8903812855	NA	PASS
MP05	1	850	model.layers.32.mlp.act_fn	DECODE	[1,22016]	[1,11008]	8903817167	8903830352	NA	PASS
MP05	1	851	model.layers.32.mlp.down_proj	DECODE	[1,11008]	[1,2048]	8903834100	8903861570	NA	PASS
MP05	1	852	model.layers.33.self_attn	DECODE	null	[1,2048]	8903879877	8904074908	NA	PASS
MP05	1	853	model.layers.33.mlp.gate_up_proj	DECODE	[1,2048]	[1,22016]	8904093286	8904122464	NA	PASS
MP05	1	854	model.layers.33.mlp.act_fn	DECODE	[1,22016]	[1,11008]	8904126721	8904139337	NA	PASS
MP05	1	855	model.layers.33.mlp.down_proj	DECODE	[1,11008]	[1,2048]	8904143065	8904175795	NA	PASS
MP05	1	856	model.layers.34.self_attn	DECODE	null	[1,2048]	8904193213	8904382065	NA	PASS
MP05	1	857	model.layers.34.mlp.gate_up_proj	DECODE	[1,2048]	[1,22016]	8904399460	8904427732	NA	PASS
MP05	1	858	model.layers.34.mlp.act_fn	DECODE	[1,22016]	[1,11008]	8904431885	8904444367	NA	PASS
MP05	1	859	model.layers.34.mlp.down_proj	DECODE	[1,11008]	[1,2048]	8904447724	8904478832	NA	PASS
MP05	1	860	model.layers.35.self_attn	DECODE	null	[1,2048]	8904496522	8904681094	NA	PASS
MP05	1	861	model.layers.35.mlp.gate_up_proj	DECODE	[1,2048]	[1,22016]	8904709110	8904740296	NA	PASS
MP05	1	862	model.layers.35.mlp.act_fn	DECODE	[1,22016]	[1,11008]	8904744436	8904757396	NA	PASS
MP05	1	863	model.layers.35.mlp.down_proj	DECODE	[1,11008]	[1,2048]	8904761102	8904788885	NA	PASS
MP05	1	864	model.layers.0.self_attn	DECODE	null	[1,2048]	8905886496	8906148639	NA	PASS
MP05	1	865	model.layers.0.mlp.gate_up_proj	DECODE	[1,2048]	[1,22016]	8906174494	8906208600	NA	PASS
MP05	1	866	model.layers.0.mlp.act_fn	DECODE	[1,22016]	[1,11008]	8906213927	8906228787	NA	PASS
MP05	1	867	model.layers.0.mlp.down_proj	DECODE	[1,11008]	[1,2048]	8906233020	8906263490	NA	PASS
MP05	1	868	model.layers.1.self_attn	DECODE	null	[1,2048]	8906287254	8906515850	NA	PASS
MP05	1	869	model.layers.1.mlp.gate_up_proj	DECODE	[1,2048]	[1,22016]	8906538627	8906571236	NA	PASS
MP05	1	870	model.layers.1.mlp.act_fn	DECODE	[1,22016]	[1,11008]	8906576110	8906590276	NA	PASS
MP05	1	871	model.layers.1.mlp.down_proj	DECODE	[1,11008]	[1,2048]	8906594174	8906623338	NA	PASS
MP05	1	872	model.layers.2.self_attn	DECODE	null	[1,2048]	8906643634	8906850153	NA	PASS
MP05	1	873	model.layers.2.mlp.gate_up_proj	DECODE	[1,2048]	[1,22016]	8906869614	8906899789	NA	PASS
MP05	1	874	model.layers.2.mlp.act_fn	DECODE	[1,22016]	[1,11008]	8906904244	8906917669	NA	PASS
MP05	1	875	model.layers.2.mlp.down_proj	DECODE	[1,11008]	[1,2048]	8906921522	8906950003	NA	PASS
MP05	1	876	model.layers.3.self_attn	DECODE	null	[1,2048]	8906969502	8907166355	NA	PASS
MP05	1	877	model.layers.3.mlp.gate_up_proj	DECODE	[1,2048]	[1,22016]	8907184786	8907214210	NA	PASS
MP05	1	878	model.layers.3.mlp.act_fn	DECODE	[1,22016]	[1,11008]	8907218577	8907231356	NA	PASS
MP05	1	879	model.layers.3.mlp.down_proj	DECODE	[1,11008]	[1,2048]	8907234914	8907262268	NA	PASS
MP05	1	880	model.layers.4.self_attn	DECODE	null	[1,2048]	8907280383	8907474382	NA	PASS
MP05	1	881	model.layers.4.mlp.gate_up_proj	DECODE	[1,2048]	[1,22016]	8907492655	8907524024	NA	PASS
MP05	1	882	model.layers.4.mlp.act_fn	DECODE	[1,22016]	[1,11008]	8907528541	8907541230	NA	PASS
MP05	1	883	model.layers.4.mlp.down_proj	DECODE	[1,11008]	[1,2048]	8907544771	8907572508	NA	PASS
MP05	1	884	model.layers.5.self_attn	DECODE	null	[1,2048]	8907590567	8907783772	NA	PASS
MP05	1	885	model.layers.5.mlp.gate_up_proj	DECODE	[1,2048]	[1,22016]	8907802097	8907832360	NA	PASS
MP05	1	886	model.layers.5.mlp.act_fn	DECODE	[1,22016]	[1,11008]	8907836811	8907849865	NA	PASS
MP05	1	887	model.layers.5.mlp.down_proj	DECODE	[1,11008]	[1,2048]	8907853439	8907881295	NA	PASS
MP05	1	888	model.layers.6.self_attn	DECODE	null	[1,2048]	8907900014	8908097568	NA	PASS
MP05	1	889	model.layers.6.mlp.gate_up_proj	DECODE	[1,2048]	[1,22016]	8908115566	8908144926	NA	PASS
MP05	1	890	model.layers.6.mlp.act_fn	DECODE	[1,22016]	[1,11008]	8908149225	8908162027	NA	PASS
MP05	1	891	model.layers.6.mlp.down_proj	DECODE	[1,11008]	[1,2048]	8908165497	8908193339	NA	PASS
MP05	1	892	model.layers.7.self_attn	DECODE	null	[1,2048]	8908211208	8908400474	NA	PASS
MP05	1	893	model.layers.7.mlp.gate_up_proj	DECODE	[1,2048]	[1,22016]	8908417635	8908446144	NA	PASS
MP05	1	894	model.layers.7.mlp.act_fn	DECODE	[1,22016]	[1,11008]	8908450426	8908466779	NA	PASS
MP05	1	895	model.layers.7.mlp.down_proj	DECODE	[1,11008]	[1,2048]	8908470169	8908497483	NA	PASS
MP05	1	896	model.layers.8.self_attn	DECODE	null	[1,2048]	8908518598	8908705198	NA	PASS
MP05	1	897	model.layers.8.mlp.gate_up_proj	DECODE	[1,2048]	[1,22016]	8908722474	8908751301	NA	PASS
MP05	1	898	model.layers.8.mlp.act_fn	DECODE	[1,22016]	[1,11008]	8908755860	8908768395	NA	PASS
MP05	1	899	model.layers.8.mlp.down_proj	DECODE	[1,11008]	[1,2048]	8908771912	8908799602	NA	PASS
MP05	1	900	model.layers.9.self_attn	DECODE	null	[1,2048]	8908817389	8909012516	NA	PASS
MP05	1	901	model.layers.9.mlp.gate_up_proj	DECODE	[1,2048]	[1,22016]	8909032650	8909063001	NA	PASS
MP05	1	902	model.layers.9.mlp.act_fn	DECODE	[1,22016]	[1,11008]	8909067588	8909082416	NA	PASS
MP05	1	903	model.layers.9.mlp.down_proj	DECODE	[1,11008]	[1,2048]	8909086193	8909114688	NA	PASS
MP05	1	904	model.layers.10.self_attn	DECODE	null	[1,2048]	8909133997	8909322656	NA	PASS
MP05	1	905	model.layers.10.mlp.gate_up_proj	DECODE	[1,2048]	[1,22016]	8909340416	8909369432	NA	PASS
MP05	1	906	model.layers.10.mlp.act_fn	DECODE	[1,22016]	[1,11008]	8909373785	8909386506	NA	PASS
MP05	1	907	model.layers.10.mlp.down_proj	DECODE	[1,11008]	[1,2048]	8909389867	8909416857	NA	PASS
MP05	1	908	model.layers.11.self_attn	DECODE	null	[1,2048]	8909434829	8909623459	NA	PASS
MP05	1	909	model.layers.11.mlp.gate_up_proj	DECODE	[1,2048]	[1,22016]	8909641249	8909670205	NA	PASS
MP05	1	910	model.layers.11.mlp.act_fn	DECODE	[1,22016]	[1,11008]	8909674580	8909687356	NA	PASS
MP05	1	911	model.layers.11.mlp.down_proj	DECODE	[1,11008]	[1,2048]	8909690954	8909720864	NA	PASS
MP05	1	912	model.layers.12.self_attn	DECODE	null	[1,2048]	8909739687	8909931992	NA	PASS
MP05	1	913	model.layers.12.mlp.gate_up_proj	DECODE	[1,2048]	[1,22016]	8909951428	8909981918	NA	PASS
MP05	1	914	model.layers.12.mlp.act_fn	DECODE	[1,22016]	[1,11008]	8909986433	8909999082	NA	PASS
MP05	1	915	model.layers.12.mlp.down_proj	DECODE	[1,11008]	[1,2048]	8910002769	8910031538	NA	PASS
MP05	1	916	model.layers.13.self_attn	DECODE	null	[1,2048]	8910050683	8910244452	NA	PASS
MP05	1	917	model.layers.13.mlp.gate_up_proj	DECODE	[1,2048]	[1,22016]	8910262520	8910291222	NA	PASS
MP05	1	918	model.layers.13.mlp.act_fn	DECODE	[1,22016]	[1,11008]	8910295449	8910307871	NA	PASS
MP05	1	919	model.layers.13.mlp.down_proj	DECODE	[1,11008]	[1,2048]	8910311617	8910340205	NA	PASS
MP05	1	920	model.layers.14.self_attn	DECODE	null	[1,2048]	8910358722	8910557587	NA	PASS
MP05	1	921	model.layers.14.mlp.gate_up_proj	DECODE	[1,2048]	[1,22016]	8910577411	8910607338	NA	PASS
MP05	1	922	model.layers.14.mlp.act_fn	DECODE	[1,22016]	[1,11008]	8910612049	8910625043	NA	PASS
MP05	1	923	model.layers.14.mlp.down_proj	DECODE	[1,11008]	[1,2048]	8910628654	8910656237	NA	PASS
MP05	1	924	model.layers.15.self_attn	DECODE	null	[1,2048]	8910674496	8910861026	NA	PASS
MP05	1	925	model.layers.15.mlp.gate_up_proj	DECODE	[1,2048]	[1,22016]	8910878651	8910907340	NA	PASS
MP05	1	926	model.layers.15.mlp.act_fn	DECODE	[1,22016]	[1,11008]	8910911593	8910923906	NA	PASS
MP05	1	927	model.layers.15.mlp.down_proj	DECODE	[1,11008]	[1,2048]	8910927440	8910956398	NA	PASS
MP05	1	928	model.layers.16.self_attn	DECODE	null	[1,2048]	8910975339	8911158184	NA	PASS
MP05	1	929	model.layers.16.mlp.gate_up_proj	DECODE	[1,2048]	[1,22016]	8911176002	8911205114	NA	PASS
MP05	1	930	model.layers.16.mlp.act_fn	DECODE	[1,22016]	[1,11008]	8911209357	8911222220	NA	PASS
MP05	1	931	model.layers.16.mlp.down_proj	DECODE	[1,11008]	[1,2048]	8911225763	8911253342	NA	PASS
MP05	1	932	model.layers.17.self_attn	DECODE	null	[1,2048]	8911275002	8911467241	NA	PASS
MP05	1	933	model.layers.17.mlp.gate_up_proj	DECODE	[1,2048]	[1,22016]	8911486725	8911516604	NA	PASS
MP05	1	934	model.layers.17.mlp.act_fn	DECODE	[1,22016]	[1,11008]	8911520872	8911533601	NA	PASS
MP05	1	935	model.layers.17.mlp.down_proj	DECODE	[1,11008]	[1,2048]	8911537154	8911564994	NA	PASS
MP05	1	936	model.layers.18.self_attn	DECODE	null	[1,2048]	8911583432	8911769109	NA	PASS
MP05	1	937	model.layers.18.mlp.gate_up_proj	DECODE	[1,2048]	[1,22016]	8911787079	8911815830	NA	PASS
MP05	1	938	model.layers.18.mlp.act_fn	DECODE	[1,22016]	[1,11008]	8911820506	8911833090	NA	PASS
MP05	1	939	model.layers.18.mlp.down_proj	DECODE	[1,11008]	[1,2048]	8911836673	8911865605	NA	PASS
MP05	1	940	model.layers.19.self_attn	DECODE	null	[1,2048]	8911884386	8912065291	NA	PASS
MP05	1	941	model.layers.19.mlp.gate_up_proj	DECODE	[1,2048]	[1,22016]	8912082262	8912110617	NA	PASS
MP05	1	942	model.layers.19.mlp.act_fn	DECODE	[1,22016]	[1,11008]	8912114749	8912127132	NA	PASS
MP05	1	943	model.layers.19.mlp.down_proj	DECODE	[1,11008]	[1,2048]	8912130631	8912158286	NA	PASS
MP05	1	944	model.layers.20.self_attn	DECODE	null	[1,2048]	8912175751	8912354528	NA	PASS
MP05	1	945	model.layers.20.mlp.gate_up_proj	DECODE	[1,2048]	[1,22016]	8912371660	8912399844	NA	PASS
MP05	1	946	model.layers.20.mlp.act_fn	DECODE	[1,22016]	[1,11008]	8912404195	8912416554	NA	PASS
MP05	1	947	model.layers.20.mlp.down_proj	DECODE	[1,11008]	[1,2048]	8912419809	8912447848	NA	PASS
MP05	1	948	model.layers.21.self_attn	DECODE	null	[1,2048]	8912471681	8912659985	NA	PASS
MP05	1	949	model.layers.21.mlp.gate_up_proj	DECODE	[1,2048]	[1,22016]	8912679183	8912708622	NA	PASS
MP05	1	950	model.layers.21.mlp.act_fn	DECODE	[1,22016]	[1,11008]	8912713173	8912727495	NA	PASS
MP05	1	951	model.layers.21.mlp.down_proj	DECODE	[1,11008]	[1,2048]	8912731163	8912759827	NA	PASS
MP05	1	952	model.layers.22.self_attn	DECODE	null	[1,2048]	8912778955	8912964059	NA	PASS
MP05	1	953	model.layers.22.mlp.gate_up_proj	DECODE	[1,2048]	[1,22016]	8912981801	8913009991	NA	PASS
MP05	1	954	model.layers.22.mlp.act_fn	DECODE	[1,22016]	[1,11008]	8913014230	8913027059	NA	PASS
MP05	1	955	model.layers.22.mlp.down_proj	DECODE	[1,11008]	[1,2048]	8913030593	8913057700	NA	PASS
MP05	1	956	model.layers.23.self_attn	DECODE	null	[1,2048]	8913075130	8913257306	NA	PASS
MP05	1	957	model.layers.23.mlp.gate_up_proj	DECODE	[1,2048]	[1,22016]	8913274657	8913302761	NA	PASS
MP05	1	958	model.layers.23.mlp.act_fn	DECODE	[1,22016]	[1,11008]	8913307279	8913319672	NA	PASS
MP05	1	959	model.layers.23.mlp.down_proj	DECODE	[1,11008]	[1,2048]	8913323102	8913350192	NA	PASS
MP05	1	960	model.layers.24.self_attn	DECODE	null	[1,2048]	8913367538	8913548640	NA	PASS
MP05	1	961	model.layers.24.mlp.gate_up_proj	DECODE	[1,2048]	[1,22016]	8913565984	8913594351	NA	PASS
MP05	1	962	model.layers.24.mlp.act_fn	DECODE	[1,22016]	[1,11008]	8913598619	8913610829	NA	PASS
MP05	1	963	model.layers.24.mlp.down_proj	DECODE	[1,11008]	[1,2048]	8913614406	8913642901	NA	PASS
MP05	1	964	model.layers.25.self_attn	DECODE	null	[1,2048]	8913668587	8913860390	NA	PASS
MP05	1	965	model.layers.25.mlp.gate_up_proj	DECODE	[1,2048]	[1,22016]	8913878427	8913907246	NA	PASS
MP05	1	966	model.layers.25.mlp.act_fn	DECODE	[1,22016]	[1,11008]	8913911379	8913923526	NA	PASS
MP05	1	967	model.layers.25.mlp.down_proj	DECODE	[1,11008]	[1,2048]	8913927002	8913955502	NA	PASS
MP05	1	968	model.layers.26.self_attn	DECODE	null	[1,2048]	8913973609	8914159233	NA	PASS
MP05	1	969	model.layers.26.mlp.gate_up_proj	DECODE	[1,2048]	[1,22016]	8914176992	8914205497	NA	PASS
MP05	1	970	model.layers.26.mlp.act_fn	DECODE	[1,22016]	[1,11008]	8914209966	8914222427	NA	PASS
MP05	1	971	model.layers.26.mlp.down_proj	DECODE	[1,11008]	[1,2048]	8914225792	8914252701	NA	PASS
MP05	1	972	model.layers.27.self_attn	DECODE	null	[1,2048]	8914270337	8914450865	NA	PASS
MP05	1	973	model.layers.27.mlp.gate_up_proj	DECODE	[1,2048]	[1,22016]	8914479545	8914510379	NA	PASS
MP05	1	974	model.layers.27.mlp.act_fn	DECODE	[1,22016]	[1,11008]	8914515044	8914527804	NA	PASS
MP05	1	975	model.layers.27.mlp.down_proj	DECODE	[1,11008]	[1,2048]	8914531280	8914559564	NA	PASS
MP05	1	976	model.layers.28.self_attn	DECODE	null	[1,2048]	8914578031	8914775434	NA	PASS
MP05	1	977	model.layers.28.mlp.gate_up_proj	DECODE	[1,2048]	[1,22016]	8914793182	8914822457	NA	PASS
MP05	1	978	model.layers.28.mlp.act_fn	DECODE	[1,22016]	[1,11008]	8914826762	8914839109	NA	PASS
MP05	1	979	model.layers.28.mlp.down_proj	DECODE	[1,11008]	[1,2048]	8914842503	8914870291	NA	PASS
MP05	1	980	model.layers.29.self_attn	DECODE	null	[1,2048]	8914890402	8915077796	NA	PASS
MP05	1	981	model.layers.29.mlp.gate_up_proj	DECODE	[1,2048]	[1,22016]	8915095369	8915123833	NA	PASS
MP05	1	982	model.layers.29.mlp.act_fn	DECODE	[1,22016]	[1,11008]	8915128036	8915139971	NA	PASS
MP05	1	983	model.layers.29.mlp.down_proj	DECODE	[1,11008]	[1,2048]	8915143706	8915170792	NA	PASS
MP05	1	984	model.layers.30.self_attn	DECODE	null	[1,2048]	8915188604	8915368721	NA	PASS
MP05	1	985	model.layers.30.mlp.gate_up_proj	DECODE	[1,2048]	[1,22016]	8915385790	8915414707	NA	PASS
MP05	1	986	model.layers.30.mlp.act_fn	DECODE	[1,22016]	[1,11008]	8915418888	8915431113	NA	PASS
MP05	1	987	model.layers.30.mlp.down_proj	DECODE	[1,11008]	[1,2048]	8915434736	8915465113	NA	PASS
MP05	1	988	model.layers.31.self_attn	DECODE	null	[1,2048]	8915483388	8915663830	NA	PASS
MP05	1	989	model.layers.31.mlp.gate_up_proj	DECODE	[1,2048]	[1,22016]	8915681773	8915710986	NA	PASS
MP05	1	990	model.layers.31.mlp.act_fn	DECODE	[1,22016]	[1,11008]	8915715121	8915729906	NA	PASS
MP05	1	991	model.layers.31.mlp.down_proj	DECODE	[1,11008]	[1,2048]	8915733613	8915761796	NA	PASS
MP05	1	992	model.layers.32.self_attn	DECODE	null	[1,2048]	8915780192	8916015321	NA	PASS
MP05	1	993	model.layers.32.mlp.gate_up_proj	DECODE	[1,2048]	[1,22016]	8916034837	8916064193	NA	PASS
MP05	1	994	model.layers.32.mlp.act_fn	DECODE	[1,22016]	[1,11008]	8916068472	8916083143	NA	PASS
MP05	1	995	model.layers.32.mlp.down_proj	DECODE	[1,11008]	[1,2048]	8916086723	8916114095	NA	PASS
MP05	1	996	model.layers.33.self_attn	DECODE	null	[1,2048]	8916137001	8916331209	NA	PASS
MP05	1	997	model.layers.33.mlp.gate_up_proj	DECODE	[1,2048]	[1,22016]	8916352859	8916381288	NA	PASS
MP05	1	998	model.layers.33.mlp.act_fn	DECODE	[1,22016]	[1,11008]	8916385363	8916397769	NA	PASS
MP05	1	999	model.layers.33.mlp.down_proj	DECODE	[1,11008]	[1,2048]	8916401142	8916428506	NA	PASS
MP05	1	1000	model.layers.34.self_attn	DECODE	null	[1,2048]	8916446557	8916642034	NA	PASS
MP05	1	1001	model.layers.34.mlp.gate_up_proj	DECODE	[1,2048]	[1,22016]	8916661583	8916691631	NA	PASS
MP05	1	1002	model.layers.34.mlp.act_fn	DECODE	[1,22016]	[1,11008]	8916696210	8916708982	NA	PASS
MP05	1	1003	model.layers.34.mlp.down_proj	DECODE	[1,11008]	[1,2048]	8916712410	8916740481	NA	PASS
MP05	1	1004	model.layers.35.self_attn	DECODE	null	[1,2048]	8916759363	8916953563	NA	PASS
MP05	1	1005	model.layers.35.mlp.gate_up_proj	DECODE	[1,2048]	[1,22016]	8916972058	8917001002	NA	PASS
MP05	1	1006	model.layers.35.mlp.act_fn	DECODE	[1,22016]	[1,11008]	8917005720	8917018191	NA	PASS
MP05	1	1007	model.layers.35.mlp.down_proj	DECODE	[1,11008]	[1,2048]	8917021691	8917049774	NA	PASS
MP05	1	1008	model.layers.0.self_attn	DECODE	null	[1,2048]	8918128434	8918390610	NA	PASS
MP05	1	1009	model.layers.0.mlp.gate_up_proj	DECODE	[1,2048]	[1,22016]	8918416430	8918449883	NA	PASS
MP05	1	1010	model.layers.0.mlp.act_fn	DECODE	[1,22016]	[1,11008]	8918455102	8918475169	NA	PASS
MP05	1	1011	model.layers.0.mlp.down_proj	DECODE	[1,11008]	[1,2048]	8918479543	8918509899	NA	PASS
MP05	1	1012	model.layers.1.self_attn	DECODE	null	[1,2048]	8918530060	8918753155	NA	PASS
MP05	1	1013	model.layers.1.mlp.gate_up_proj	DECODE	[1,2048]	[1,22016]	8918774553	8918805374	NA	PASS
MP05	1	1014	model.layers.1.mlp.act_fn	DECODE	[1,22016]	[1,11008]	8918810212	8918823687	NA	PASS
MP05	1	1015	model.layers.1.mlp.down_proj	DECODE	[1,11008]	[1,2048]	8918827313	8918856174	NA	PASS
MP05	1	1016	model.layers.2.self_attn	DECODE	null	[1,2048]	8918875396	8919076361	NA	PASS
MP05	1	1017	model.layers.2.mlp.gate_up_proj	DECODE	[1,2048]	[1,22016]	8919095749	8919125319	NA	PASS
MP05	1	1018	model.layers.2.mlp.act_fn	DECODE	[1,22016]	[1,11008]	8919129617	8919142943	NA	PASS
MP05	1	1019	model.layers.2.mlp.down_proj	DECODE	[1,11008]	[1,2048]	8919146433	8919175002	NA	PASS
MP05	1	1020	model.layers.3.self_attn	DECODE	null	[1,2048]	8919194314	8919392917	NA	PASS
MP05	1	1021	model.layers.3.mlp.gate_up_proj	DECODE	[1,2048]	[1,22016]	8919410723	8919439828	NA	PASS
MP05	1	1022	model.layers.3.mlp.act_fn	DECODE	[1,22016]	[1,11008]	8919444201	8919456550	NA	PASS
MP05	1	1023	model.layers.3.mlp.down_proj	DECODE	[1,11008]	[1,2048]	8919466218	8919494266	NA	PASS
MP05	1	1024	model.layers.4.self_attn	DECODE	null	[1,2048]	8919512820	8919707167	NA	PASS
MP05	1	1025	model.layers.4.mlp.gate_up_proj	DECODE	[1,2048]	[1,22016]	8919725624	8919755292	NA	PASS
MP05	1	1026	model.layers.4.mlp.act_fn	DECODE	[1,22016]	[1,11008]	8919759661	8919776181	NA	PASS
MP05	1	1027	model.layers.4.mlp.down_proj	DECODE	[1,11008]	[1,2048]	8919779903	8919808171	NA	PASS
MP05	1	1028	model.layers.5.self_attn	DECODE	null	[1,2048]	8919827655	8920029847	NA	PASS
MP05	1	1029	model.layers.5.mlp.gate_up_proj	DECODE	[1,2048]	[1,22016]	8920050586	8920081394	NA	PASS
MP05	1	1030	model.layers.5.mlp.act_fn	DECODE	[1,22016]	[1,11008]	8920086009	8920099293	NA	PASS
MP05	1	1031	model.layers.5.mlp.down_proj	DECODE	[1,11008]	[1,2048]	8920103120	8920133872	NA	PASS
MP05	1	1032	model.layers.6.self_attn	DECODE	null	[1,2048]	8920154195	8920349262	NA	PASS
MP05	1	1033	model.layers.6.mlp.gate_up_proj	DECODE	[1,2048]	[1,22016]	8920368224	8920397926	NA	PASS
MP05	1	1034	model.layers.6.mlp.act_fn	DECODE	[1,22016]	[1,11008]	8920402214	8920414940	NA	PASS
MP05	1	1035	model.layers.6.mlp.down_proj	DECODE	[1,11008]	[1,2048]	8920418710	8920449498	NA	PASS
MP05	1	1036	model.layers.7.self_attn	DECODE	null	[1,2048]	8920472213	8920667396	NA	PASS
MP05	1	1037	model.layers.7.mlp.gate_up_proj	DECODE	[1,2048]	[1,22016]	8920685701	8920715710	NA	PASS
MP05	1	1038	model.layers.7.mlp.act_fn	DECODE	[1,22016]	[1,11008]	8920720149	8920733019	NA	PASS
MP05	1	1039	model.layers.7.mlp.down_proj	DECODE	[1,11008]	[1,2048]	8920736678	8920765045	NA	PASS
MP05	1	1040	model.layers.8.self_attn	DECODE	null	[1,2048]	8920784011	8920977141	NA	PASS
MP05	1	1041	model.layers.8.mlp.gate_up_proj	DECODE	[1,2048]	[1,22016]	8920994994	8921025036	NA	PASS
MP05	1	1042	model.layers.8.mlp.act_fn	DECODE	[1,22016]	[1,11008]	8921029336	8921042086	NA	PASS
MP05	1	1043	model.layers.8.mlp.down_proj	DECODE	[1,11008]	[1,2048]	8921045790	8921076444	NA	PASS
MP05	1	1044	model.layers.9.self_attn	DECODE	null	[1,2048]	8921098868	8921301661	NA	PASS
MP05	1	1045	model.layers.9.mlp.gate_up_proj	DECODE	[1,2048]	[1,22016]	8921319150	8921350854	NA	PASS
MP05	1	1046	model.layers.9.mlp.act_fn	DECODE	[1,22016]	[1,11008]	8921355164	8921367824	NA	PASS
MP05	1	1047	model.layers.9.mlp.down_proj	DECODE	[1,11008]	[1,2048]	8921371384	8921399361	NA	PASS
MP05	1	1048	model.layers.10.self_attn	DECODE	null	[1,2048]	8921417585	8921613589	NA	PASS
MP05	1	1049	model.layers.10.mlp.gate_up_proj	DECODE	[1,2048]	[1,22016]	8921631377	8921661130	NA	PASS
MP05	1	1050	model.layers.10.mlp.act_fn	DECODE	[1,22016]	[1,11008]	8921665316	8921678012	NA	PASS
MP05	1	1051	model.layers.10.mlp.down_proj	DECODE	[1,11008]	[1,2048]	8921681713	8921709731	NA	PASS
MP05	1	1052	model.layers.11.self_attn	DECODE	null	[1,2048]	8921727625	8921913652	NA	PASS
MP05	1	1053	model.layers.11.mlp.gate_up_proj	DECODE	[1,2048]	[1,22016]	8921931569	8921962046	NA	PASS
MP05	1	1054	model.layers.11.mlp.act_fn	DECODE	[1,22016]	[1,11008]	8921966499	8921979090	NA	PASS
MP05	1	1055	model.layers.11.mlp.down_proj	DECODE	[1,11008]	[1,2048]	8921982703	8922011264	NA	PASS
MP05	1	1056	model.layers.12.self_attn	DECODE	null	[1,2048]	8922029500	8922227873	NA	PASS
MP05	1	1057	model.layers.12.mlp.gate_up_proj	DECODE	[1,2048]	[1,22016]	8922246048	8922275686	NA	PASS
MP05	1	1058	model.layers.12.mlp.act_fn	DECODE	[1,22016]	[1,11008]	8922281751	8922294089	NA	PASS
MP05	1	1059	model.layers.12.mlp.down_proj	DECODE	[1,11008]	[1,2048]	8922297468	8922325828	NA	PASS
MP05	1	1060	model.layers.13.self_attn	DECODE	null	[1,2048]	8922344173	8922543948	NA	PASS
MP05	1	1061	model.layers.13.mlp.gate_up_proj	DECODE	[1,2048]	[1,22016]	8922561754	8922590557	NA	PASS
MP05	1	1062	model.layers.13.mlp.act_fn	DECODE	[1,22016]	[1,11008]	8922594703	8922607309	NA	PASS
MP05	1	1063	model.layers.13.mlp.down_proj	DECODE	[1,11008]	[1,2048]	8922610964	8922638173	NA	PASS
MP05	1	1064	model.layers.14.self_attn	DECODE	null	[1,2048]	8922655675	8922836829	NA	PASS
MP05	1	1065	model.layers.14.mlp.gate_up_proj	DECODE	[1,2048]	[1,22016]	8922854583	8922883863	NA	PASS
MP05	1	1066	model.layers.14.mlp.act_fn	DECODE	[1,22016]	[1,11008]	8922887940	8922900049	NA	PASS
MP05	1	1067	model.layers.14.mlp.down_proj	DECODE	[1,11008]	[1,2048]	8922903740	8922930417	NA	PASS
MP05	1	1068	model.layers.15.self_attn	DECODE	null	[1,2048]	8922948170	8923130681	NA	PASS
MP05	1	1069	model.layers.15.mlp.gate_up_proj	DECODE	[1,2048]	[1,22016]	8923149718	8923179474	NA	PASS
MP05	1	1070	model.layers.15.mlp.act_fn	DECODE	[1,22016]	[1,11008]	8923183891	8923196840	NA	PASS
MP05	1	1071	model.layers.15.mlp.down_proj	DECODE	[1,11008]	[1,2048]	8923200361	8923229008	NA	PASS
MP05	1	1072	model.layers.16.self_attn	DECODE	null	[1,2048]	8923247882	8923441281	NA	PASS
MP05	1	1073	model.layers.16.mlp.gate_up_proj	DECODE	[1,2048]	[1,22016]	8923459538	8923493814	NA	PASS
MP05	1	1074	model.layers.16.mlp.act_fn	DECODE	[1,22016]	[1,11008]	8923502356	8923515108	NA	PASS
MP05	1	1075	model.layers.16.mlp.down_proj	DECODE	[1,11008]	[1,2048]	8923518898	8923546792	NA	PASS
MP05	1	1076	model.layers.17.self_attn	DECODE	null	[1,2048]	8923566628	8923754433	NA	PASS
MP05	1	1077	model.layers.17.mlp.gate_up_proj	DECODE	[1,2048]	[1,22016]	8923772887	8923802159	NA	PASS
MP05	1	1078	model.layers.17.mlp.act_fn	DECODE	[1,22016]	[1,11008]	8923806357	8923821203	NA	PASS
MP05	1	1079	model.layers.17.mlp.down_proj	DECODE	[1,11008]	[1,2048]	8923824994	8923853001	NA	PASS
MP05	1	1080	model.layers.18.self_attn	DECODE	null	[1,2048]	8923871687	8924063230	NA	PASS
MP05	1	1081	model.layers.18.mlp.gate_up_proj	DECODE	[1,2048]	[1,22016]	8924083335	8924113675	NA	PASS
MP05	1	1082	model.layers.18.mlp.act_fn	DECODE	[1,22016]	[1,11008]	8924118470	8924131442	NA	PASS
MP05	1	1083	model.layers.18.mlp.down_proj	DECODE	[1,11008]	[1,2048]	8924135109	8924163651	NA	PASS
MP05	1	1084	model.layers.19.self_attn	DECODE	null	[1,2048]	8924183002	8924371302	NA	PASS
MP05	1	1085	model.layers.19.mlp.gate_up_proj	DECODE	[1,2048]	[1,22016]	8924389425	8924418729	NA	PASS
MP05	1	1086	model.layers.19.mlp.act_fn	DECODE	[1,22016]	[1,11008]	8924423197	8924435694	NA	PASS
MP05	1	1087	model.layers.19.mlp.down_proj	DECODE	[1,11008]	[1,2048]	8924439164	8924470472	NA	PASS
MP05	1	1088	model.layers.20.self_attn	DECODE	null	[1,2048]	8924488610	8924677711	NA	PASS
MP05	1	1089	model.layers.20.mlp.gate_up_proj	DECODE	[1,2048]	[1,22016]	8924695865	8924725395	NA	PASS
MP05	1	1090	model.layers.20.mlp.act_fn	DECODE	[1,22016]	[1,11008]	8924729696	8924742632	NA	PASS
MP05	1	1091	model.layers.20.mlp.down_proj	DECODE	[1,11008]	[1,2048]	8924746332	8924774771	NA	PASS
MP05	1	1092	model.layers.21.self_attn	DECODE	null	[1,2048]	8924792502	8924984865	NA	PASS
MP05	1	1093	model.layers.21.mlp.gate_up_proj	DECODE	[1,2048]	[1,22016]	8925004312	8925034553	NA	PASS
MP05	1	1094	model.layers.21.mlp.act_fn	DECODE	[1,22016]	[1,11008]	8925039032	8925052321	NA	PASS
MP05	1	1095	model.layers.21.mlp.down_proj	DECODE	[1,11008]	[1,2048]	8925056292	8925084892	NA	PASS
MP05	1	1096	model.layers.22.self_attn	DECODE	null	[1,2048]	8925103802	8925289117	NA	PASS
MP05	1	1097	model.layers.22.mlp.gate_up_proj	DECODE	[1,2048]	[1,22016]	8925308261	8925340696	NA	PASS
MP05	1	1098	model.layers.22.mlp.act_fn	DECODE	[1,22016]	[1,11008]	8925344955	8925357976	NA	PASS
MP05	1	1099	model.layers.22.mlp.down_proj	DECODE	[1,11008]	[1,2048]	8925361452	8925388914	NA	PASS
MP05	1	1100	model.layers.23.self_attn	DECODE	null	[1,2048]	8925406991	8925606569	NA	PASS
MP05	1	1101	model.layers.23.mlp.gate_up_proj	DECODE	[1,2048]	[1,22016]	8925635244	8925665709	NA	PASS
MP05	1	1102	model.layers.23.mlp.act_fn	DECODE	[1,22016]	[1,11008]	8925670153	8925683058	NA	PASS
MP05	1	1103	model.layers.23.mlp.down_proj	DECODE	[1,11008]	[1,2048]	8925686985	8925715123	NA	PASS
MP05	1	1104	model.layers.24.self_attn	DECODE	null	[1,2048]	8925733630	8925927255	NA	PASS
MP05	1	1105	model.layers.24.mlp.gate_up_proj	DECODE	[1,2048]	[1,22016]	8925945512	8925975080	NA	PASS
MP05	1	1106	model.layers.24.mlp.act_fn	DECODE	[1,22016]	[1,11008]	8925979439	8925992527	NA	PASS
MP05	1	1107	model.layers.24.mlp.down_proj	DECODE	[1,11008]	[1,2048]	8925996083	8926024047	NA	PASS
MP05	1	1108	model.layers.25.self_attn	DECODE	null	[1,2048]	8926042230	8926228210	NA	PASS
MP05	1	1109	model.layers.25.mlp.gate_up_proj	DECODE	[1,2048]	[1,22016]	8926246225	8926275108	NA	PASS
MP05	1	1110	model.layers.25.mlp.act_fn	DECODE	[1,22016]	[1,11008]	8926279323	8926291971	NA	PASS
MP05	1	1111	model.layers.25.mlp.down_proj	DECODE	[1,11008]	[1,2048]	8926295307	8926322909	NA	PASS
MP05	1	1112	model.layers.26.self_attn	DECODE	null	[1,2048]	8926345262	8926533935	NA	PASS
MP05	1	1113	model.layers.26.mlp.gate_up_proj	DECODE	[1,2048]	[1,22016]	8926551766	8926580718	NA	PASS
MP05	1	1114	model.layers.26.mlp.act_fn	DECODE	[1,22016]	[1,11008]	8926585025	8926597230	NA	PASS
MP05	1	1115	model.layers.26.mlp.down_proj	DECODE	[1,11008]	[1,2048]	8926600736	8926628002	NA	PASS
MP05	1	1116	model.layers.27.self_attn	DECODE	null	[1,2048]	8926646572	8926834273	NA	PASS
MP05	1	1117	model.layers.27.mlp.gate_up_proj	DECODE	[1,2048]	[1,22016]	8926852294	8926882577	NA	PASS
MP05	1	1118	model.layers.27.mlp.act_fn	DECODE	[1,22016]	[1,11008]	8926887004	8926899760	NA	PASS
MP05	1	1119	model.layers.27.mlp.down_proj	DECODE	[1,11008]	[1,2048]	8926903437	8926933865	NA	PASS
MP05	1	1120	model.layers.28.self_attn	DECODE	null	[1,2048]	8926952585	8927139380	NA	PASS
MP05	1	1121	model.layers.28.mlp.gate_up_proj	DECODE	[1,2048]	[1,22016]	8927157993	8927188134	NA	PASS
MP05	1	1122	model.layers.28.mlp.act_fn	DECODE	[1,22016]	[1,11008]	8927197921	8927210608	NA	PASS
MP05	1	1123	model.layers.28.mlp.down_proj	DECODE	[1,11008]	[1,2048]	8927214143	8927241708	NA	PASS
MP05	1	1124	model.layers.29.self_attn	DECODE	null	[1,2048]	8927259241	8927436283	NA	PASS
MP05	1	1125	model.layers.29.mlp.gate_up_proj	DECODE	[1,2048]	[1,22016]	8927454113	8927487000	NA	PASS
MP05	1	1126	model.layers.29.mlp.act_fn	DECODE	[1,22016]	[1,11008]	8927491387	8927506076	NA	PASS
MP05	1	1127	model.layers.29.mlp.down_proj	DECODE	[1,11008]	[1,2048]	8927509519	8927536909	NA	PASS
MP05	1	1128	model.layers.30.self_attn	DECODE	null	[1,2048]	8927554887	8927736941	NA	PASS
MP05	1	1129	model.layers.30.mlp.gate_up_proj	DECODE	[1,2048]	[1,22016]	8927754392	8927782577	NA	PASS
MP05	1	1130	model.layers.30.mlp.act_fn	DECODE	[1,22016]	[1,11008]	8927786784	8927798999	NA	PASS
MP05	1	1131	model.layers.30.mlp.down_proj	DECODE	[1,11008]	[1,2048]	8927802539	8927829008	NA	PASS
MP05	1	1132	model.layers.31.self_attn	DECODE	null	[1,2048]	8927846320	8928024378	NA	PASS
MP05	1	1133	model.layers.31.mlp.gate_up_proj	DECODE	[1,2048]	[1,22016]	8928043058	8928072244	NA	PASS
MP05	1	1134	model.layers.31.mlp.act_fn	DECODE	[1,22016]	[1,11008]	8928076789	8928089569	NA	PASS
MP05	1	1135	model.layers.31.mlp.down_proj	DECODE	[1,11008]	[1,2048]	8928093169	8928120718	NA	PASS
MP05	1	1136	model.layers.32.self_attn	DECODE	null	[1,2048]	8928138500	8928323432	NA	PASS
MP05	1	1137	model.layers.32.mlp.gate_up_proj	DECODE	[1,2048]	[1,22016]	8928341831	8928372452	NA	PASS
MP05	1	1138	model.layers.32.mlp.act_fn	DECODE	[1,22016]	[1,11008]	8928377170	8928389805	NA	PASS
MP05	1	1139	model.layers.32.mlp.down_proj	DECODE	[1,11008]	[1,2048]	8928393283	8928421146	NA	PASS
MP05	1	1140	model.layers.33.self_attn	DECODE	null	[1,2048]	8928439102	8928622990	NA	PASS
MP05	1	1141	model.layers.33.mlp.gate_up_proj	DECODE	[1,2048]	[1,22016]	8928640835	8928669294	NA	PASS
MP05	1	1142	model.layers.33.mlp.act_fn	DECODE	[1,22016]	[1,11008]	8928673552	8928685878	NA	PASS
MP05	1	1143	model.layers.33.mlp.down_proj	DECODE	[1,11008]	[1,2048]	8928689431	8928716148	NA	PASS
MP05	1	1144	model.layers.34.self_attn	DECODE	null	[1,2048]	8928733983	8928911202	NA	PASS
MP05	1	1145	model.layers.34.mlp.gate_up_proj	DECODE	[1,2048]	[1,22016]	8928928622	8928956890	NA	PASS
MP05	1	1146	model.layers.34.mlp.act_fn	DECODE	[1,22016]	[1,11008]	8928961103	8928973500	NA	PASS
MP05	1	1147	model.layers.34.mlp.down_proj	DECODE	[1,11008]	[1,2048]	8928976936	8929003397	NA	PASS
MP05	1	1148	model.layers.35.self_attn	DECODE	null	[1,2048]	8929020833	8929205697	NA	PASS
MP05	1	1149	model.layers.35.mlp.gate_up_proj	DECODE	[1,2048]	[1,22016]	8929224438	8929254008	NA	PASS
MP05	1	1150	model.layers.35.mlp.act_fn	DECODE	[1,22016]	[1,11008]	8929258341	8929271078	NA	PASS
MP05	1	1151	model.layers.35.mlp.down_proj	DECODE	[1,11008]	[1,2048]	8929274728	8929302495	NA	PASS
MP05	1	1152	model.layers.0.self_attn	DECODE	null	[1,2048]	8930398938	8930712233	NA	PASS
MP05	1	1153	model.layers.0.mlp.gate_up_proj	DECODE	[1,2048]	[1,22016]	8930739234	8930774147	NA	PASS
MP05	1	1154	model.layers.0.mlp.act_fn	DECODE	[1,22016]	[1,11008]	8930779317	8930794425	NA	PASS
MP05	1	1155	model.layers.0.mlp.down_proj	DECODE	[1,11008]	[1,2048]	8930798438	8930828761	NA	PASS
MP05	1	1156	model.layers.1.self_attn	DECODE	null	[1,2048]	8930849160	8931068009	NA	PASS
MP05	1	1157	model.layers.1.mlp.gate_up_proj	DECODE	[1,2048]	[1,22016]	8931088490	8931118579	NA	PASS
MP05	1	1158	model.layers.1.mlp.act_fn	DECODE	[1,22016]	[1,11008]	8931123131	8931136422	NA	PASS
MP05	1	1159	model.layers.1.mlp.down_proj	DECODE	[1,11008]	[1,2048]	8931140179	8931168327	NA	PASS
MP05	1	1160	model.layers.2.self_attn	DECODE	null	[1,2048]	8931187656	8931386197	NA	PASS
MP05	1	1161	model.layers.2.mlp.gate_up_proj	DECODE	[1,2048]	[1,22016]	8931405076	8931434718	NA	PASS
MP05	1	1162	model.layers.2.mlp.act_fn	DECODE	[1,22016]	[1,11008]	8931439235	8931455410	NA	PASS
MP05	1	1163	model.layers.2.mlp.down_proj	DECODE	[1,11008]	[1,2048]	8931459072	8931491658	NA	PASS
MP05	1	1164	model.layers.3.self_attn	DECODE	null	[1,2048]	8931511045	8931707001	NA	PASS
MP05	1	1165	model.layers.3.mlp.gate_up_proj	DECODE	[1,2048]	[1,22016]	8931724913	8931754323	NA	PASS
MP05	1	1166	model.layers.3.mlp.act_fn	DECODE	[1,22016]	[1,11008]	8931758268	8931770703	NA	PASS
MP05	1	1167	model.layers.3.mlp.down_proj	DECODE	[1,11008]	[1,2048]	8931774099	8931801637	NA	PASS
MP05	1	1168	model.layers.4.self_attn	DECODE	null	[1,2048]	8931819844	8932012107	NA	PASS
MP05	1	1169	model.layers.4.mlp.gate_up_proj	DECODE	[1,2048]	[1,22016]	8932029975	8932059283	NA	PASS
MP05	1	1170	model.layers.4.mlp.act_fn	DECODE	[1,22016]	[1,11008]	8932063543	8932076318	NA	PASS
MP05	1	1171	model.layers.4.mlp.down_proj	DECODE	[1,11008]	[1,2048]	8932079868	8932107462	NA	PASS
MP05	1	1172	model.layers.5.self_attn	DECODE	null	[1,2048]	8932125991	8932316308	NA	PASS
MP05	1	1173	model.layers.5.mlp.gate_up_proj	DECODE	[1,2048]	[1,22016]	8932335568	8932365142	NA	PASS
MP05	1	1174	model.layers.5.mlp.act_fn	DECODE	[1,22016]	[1,11008]	8932369834	8932382852	NA	PASS
MP05	1	1175	model.layers.5.mlp.down_proj	DECODE	[1,11008]	[1,2048]	8932386413	8932414782	NA	PASS
MP05	1	1176	model.layers.6.self_attn	DECODE	null	[1,2048]	8932433777	8932635107	NA	PASS
MP05	1	1177	model.layers.6.mlp.gate_up_proj	DECODE	[1,2048]	[1,22016]	8932653629	8932682895	NA	PASS
MP05	1	1178	model.layers.6.mlp.act_fn	DECODE	[1,22016]	[1,11008]	8932687149	8932699670	NA	PASS
MP05	1	1179	model.layers.6.mlp.down_proj	DECODE	[1,11008]	[1,2048]	8932703350	8932731035	NA	PASS
MP05	1	1180	model.layers.7.self_attn	DECODE	null	[1,2048]	8932748747	8932934254	NA	PASS
MP05	1	1181	model.layers.7.mlp.gate_up_proj	DECODE	[1,2048]	[1,22016]	8932952242	8932981001	NA	PASS
MP05	1	1182	model.layers.7.mlp.act_fn	DECODE	[1,22016]	[1,11008]	8932985235	8932997776	NA	PASS
MP05	1	1183	model.layers.7.mlp.down_proj	DECODE	[1,11008]	[1,2048]	8933001204	8933029310	NA	PASS
MP05	1	1184	model.layers.8.self_attn	DECODE	null	[1,2048]	8933049779	8933237270	NA	PASS
MP05	1	1185	model.layers.8.mlp.gate_up_proj	DECODE	[1,2048]	[1,22016]	8933255792	8933285480	NA	PASS
MP05	1	1186	model.layers.8.mlp.act_fn	DECODE	[1,22016]	[1,11008]	8933289542	8933302452	NA	PASS
MP05	1	1187	model.layers.8.mlp.down_proj	DECODE	[1,11008]	[1,2048]	8933305909	8933333666	NA	PASS
MP05	1	1188	model.layers.9.self_attn	DECODE	null	[1,2048]	8933351986	8933549698	NA	PASS
MP05	1	1189	model.layers.9.mlp.gate_up_proj	DECODE	[1,2048]	[1,22016]	8933568175	8933597458	NA	PASS
MP05	1	1190	model.layers.9.mlp.act_fn	DECODE	[1,22016]	[1,11008]	8933601651	8933614444	NA	PASS
MP05	1	1191	model.layers.9.mlp.down_proj	DECODE	[1,11008]	[1,2048]	8933618210	8933645330	NA	PASS
MP05	1	1192	model.layers.10.self_attn	DECODE	null	[1,2048]	8933663372	8933850331	NA	PASS
MP05	1	1193	model.layers.10.mlp.gate_up_proj	DECODE	[1,2048]	[1,22016]	8933867688	8933896554	NA	PASS
MP05	1	1194	model.layers.10.mlp.act_fn	DECODE	[1,22016]	[1,11008]	8933900822	8933913334	NA	PASS
MP05	1	1195	model.layers.10.mlp.down_proj	DECODE	[1,11008]	[1,2048]	8933916760	8933943973	NA	PASS
MP05	1	1196	model.layers.11.self_attn	DECODE	null	[1,2048]	8933961678	8934141515	NA	PASS
MP05	1	1197	model.layers.11.mlp.gate_up_proj	DECODE	[1,2048]	[1,22016]	8934158780	8934187097	NA	PASS
MP05	1	1198	model.layers.11.mlp.act_fn	DECODE	[1,22016]	[1,11008]	8934191250	8934203313	NA	PASS
MP05	1	1199	model.layers.11.mlp.down_proj	DECODE	[1,11008]	[1,2048]	8934206640	8934236557	NA	PASS
MP05	1	1200	model.layers.12.self_attn	DECODE	null	[1,2048]	8934254369	8934443434	NA	PASS
MP05	1	1201	model.layers.12.mlp.gate_up_proj	DECODE	[1,2048]	[1,22016]	8934465463	8934495057	NA	PASS
MP05	1	1202	model.layers.12.mlp.act_fn	DECODE	[1,22016]	[1,11008]	8934499405	8934511851	NA	PASS
MP05	1	1203	model.layers.12.mlp.down_proj	DECODE	[1,11008]	[1,2048]	8934515180	8934542659	NA	PASS
MP05	1	1204	model.layers.13.self_attn	DECODE	null	[1,2048]	8934560801	8934751895	NA	PASS
MP05	1	1205	model.layers.13.mlp.gate_up_proj	DECODE	[1,2048]	[1,22016]	8934769364	8934800612	NA	PASS
MP05	1	1206	model.layers.13.mlp.act_fn	DECODE	[1,22016]	[1,11008]	8934804900	8934817845	NA	PASS
MP05	1	1207	model.layers.13.mlp.down_proj	DECODE	[1,11008]	[1,2048]	8934821538	8934848403	NA	PASS
MP05	1	1208	model.layers.14.self_attn	DECODE	null	[1,2048]	8934865977	8935046685	NA	PASS
MP05	1	1209	model.layers.14.mlp.gate_up_proj	DECODE	[1,2048]	[1,22016]	8935064290	8935092913	NA	PASS
MP05	1	1210	model.layers.14.mlp.act_fn	DECODE	[1,22016]	[1,11008]	8935097056	8935109582	NA	PASS
MP05	1	1211	model.layers.14.mlp.down_proj	DECODE	[1,11008]	[1,2048]	8935113011	8935139787	NA	PASS
MP05	1	1212	model.layers.15.self_attn	DECODE	null	[1,2048]	8935157332	8935337612	NA	PASS
MP05	1	1213	model.layers.15.mlp.gate_up_proj	DECODE	[1,2048]	[1,22016]	8935354788	8935384123	NA	PASS
MP05	1	1214	model.layers.15.mlp.act_fn	DECODE	[1,22016]	[1,11008]	8935388275	8935400961	NA	PASS
MP05	1	1215	model.layers.15.mlp.down_proj	DECODE	[1,11008]	[1,2048]	8935404327	8935431387	NA	PASS
MP05	1	1216	model.layers.16.self_attn	DECODE	null	[1,2048]	8935449353	8935646075	NA	PASS
MP05	1	1217	model.layers.16.mlp.gate_up_proj	DECODE	[1,2048]	[1,22016]	8935664347	8935692901	NA	PASS
MP05	1	1218	model.layers.16.mlp.act_fn	DECODE	[1,22016]	[1,11008]	8935697016	8935713676	NA	PASS
MP05	1	1219	model.layers.16.mlp.down_proj	DECODE	[1,11008]	[1,2048]	8935717381	8935744482	NA	PASS
MP05	1	1220	model.layers.17.self_attn	DECODE	null	[1,2048]	8935762165	8935943088	NA	PASS
MP05	1	1221	model.layers.17.mlp.gate_up_proj	DECODE	[1,2048]	[1,22016]	8935960109	8935988697	NA	PASS
MP05	1	1222	model.layers.17.mlp.act_fn	DECODE	[1,22016]	[1,11008]	8935993341	8936005556	NA	PASS
MP05	1	1223	model.layers.17.mlp.down_proj	DECODE	[1,11008]	[1,2048]	8936008861	8936035505	NA	PASS
MP05	1	1224	model.layers.18.self_attn	DECODE	null	[1,2048]	8936052196	8936227904	NA	PASS
MP05	1	1225	model.layers.18.mlp.gate_up_proj	DECODE	[1,2048]	[1,22016]	8936245055	8936273180	NA	PASS
MP05	1	1226	model.layers.18.mlp.act_fn	DECODE	[1,22016]	[1,11008]	8936277473	8936289465	NA	PASS
MP05	1	1227	model.layers.18.mlp.down_proj	DECODE	[1,11008]	[1,2048]	8936293056	8936319560	NA	PASS
MP05	1	1228	model.layers.19.self_attn	DECODE	null	[1,2048]	8936336429	8936532706	NA	PASS
MP05	1	1229	model.layers.19.mlp.gate_up_proj	DECODE	[1,2048]	[1,22016]	8936552354	8936582922	NA	PASS
MP05	1	1230	model.layers.19.mlp.act_fn	DECODE	[1,22016]	[1,11008]	8936587339	8936600463	NA	PASS
MP05	1	1231	model.layers.19.mlp.down_proj	DECODE	[1,11008]	[1,2048]	8936604136	8936631931	NA	PASS
MP05	1	1232	model.layers.20.self_attn	DECODE	null	[1,2048]	8936650240	8936849828	NA	PASS
MP05	1	1233	model.layers.20.mlp.gate_up_proj	DECODE	[1,2048]	[1,22016]	8936870131	8936901176	NA	PASS
MP05	1	1234	model.layers.20.mlp.act_fn	DECODE	[1,22016]	[1,11008]	8936906022	8936919118	NA	PASS
MP05	1	1235	model.layers.20.mlp.down_proj	DECODE	[1,11008]	[1,2048]	8936922731	8936951227	NA	PASS
MP05	1	1236	model.layers.21.self_attn	DECODE	null	[1,2048]	8936970249	8937159287	NA	PASS
MP05	1	1237	model.layers.21.mlp.gate_up_proj	DECODE	[1,2048]	[1,22016]	8937177604	8937206980	NA	PASS
MP05	1	1238	model.layers.21.mlp.act_fn	DECODE	[1,22016]	[1,11008]	8937211353	8937224021	NA	PASS
MP05	1	1239	model.layers.21.mlp.down_proj	DECODE	[1,11008]	[1,2048]	8937227500	8937254705	NA	PASS
MP05	1	1240	model.layers.22.self_attn	DECODE	null	[1,2048]	8937272765	8937456156	NA	PASS
MP05	1	1241	model.layers.22.mlp.gate_up_proj	DECODE	[1,2048]	[1,22016]	8937478385	8937507986	NA	PASS
MP05	1	1242	model.layers.22.mlp.act_fn	DECODE	[1,22016]	[1,11008]	8937512413	8937524981	NA	PASS
MP05	1	1243	model.layers.22.mlp.down_proj	DECODE	[1,11008]	[1,2048]	8937528542	8937556018	NA	PASS
MP05	1	1244	model.layers.23.self_attn	DECODE	null	[1,2048]	8937574060	8937759614	NA	PASS
MP05	1	1245	model.layers.23.mlp.gate_up_proj	DECODE	[1,2048]	[1,22016]	8937787951	8937817599	NA	PASS
MP05	1	1246	model.layers.23.mlp.act_fn	DECODE	[1,22016]	[1,11008]	8937822097	8937834571	NA	PASS
MP05	1	1247	model.layers.23.mlp.down_proj	DECODE	[1,11008]	[1,2048]	8937838264	8937866155	NA	PASS
MP05	1	1248	model.layers.24.self_attn	DECODE	null	[1,2048]	8937885542	8938082862	NA	PASS
MP05	1	1249	model.layers.24.mlp.gate_up_proj	DECODE	[1,2048]	[1,22016]	8938102690	8938132480	NA	PASS
MP05	1	1250	model.layers.24.mlp.act_fn	DECODE	[1,22016]	[1,11008]	8938137521	8938150625	NA	PASS
MP05	1	1251	model.layers.24.mlp.down_proj	DECODE	[1,11008]	[1,2048]	8938154359	8938181801	NA	PASS
MP05	1	1252	model.layers.25.self_attn	DECODE	null	[1,2048]	8938200675	8938383808	NA	PASS
MP05	1	1253	model.layers.25.mlp.gate_up_proj	DECODE	[1,2048]	[1,22016]	8938402298	8938431323	NA	PASS
MP05	1	1254	model.layers.25.mlp.act_fn	DECODE	[1,22016]	[1,11008]	8938435701	8938448060	NA	PASS
MP05	1	1255	model.layers.25.mlp.down_proj	DECODE	[1,11008]	[1,2048]	8938451649	8938483175	NA	PASS
MP05	1	1256	model.layers.26.self_attn	DECODE	null	[1,2048]	8938501251	8938680533	NA	PASS
MP05	1	1257	model.layers.26.mlp.gate_up_proj	DECODE	[1,2048]	[1,22016]	8938697872	8938726257	NA	PASS
MP05	1	1258	model.layers.26.mlp.act_fn	DECODE	[1,22016]	[1,11008]	8938730402	8938742481	NA	PASS
MP05	1	1259	model.layers.26.mlp.down_proj	DECODE	[1,11008]	[1,2048]	8938745933	8938772901	NA	PASS
MP05	1	1260	model.layers.27.self_attn	DECODE	null	[1,2048]	8938790140	8938967632	NA	PASS
MP05	1	1261	model.layers.27.mlp.gate_up_proj	DECODE	[1,2048]	[1,22016]	8938985833	8939015039	NA	PASS
MP05	1	1262	model.layers.27.mlp.act_fn	DECODE	[1,22016]	[1,11008]	8939019517	8939032127	NA	PASS
MP05	1	1263	model.layers.27.mlp.down_proj	DECODE	[1,11008]	[1,2048]	8939035681	8939063242	NA	PASS
MP05	1	1264	model.layers.28.self_attn	DECODE	null	[1,2048]	8939081598	8939272321	NA	PASS
MP05	1	1265	model.layers.28.mlp.gate_up_proj	DECODE	[1,2048]	[1,22016]	8939290339	8939319469	NA	PASS
MP05	1	1266	model.layers.28.mlp.act_fn	DECODE	[1,22016]	[1,11008]	8939323575	8939336177	NA	PASS
MP05	1	1267	model.layers.28.mlp.down_proj	DECODE	[1,11008]	[1,2048]	8939339689	8939366903	NA	PASS
MP05	1	1268	model.layers.29.self_attn	DECODE	null	[1,2048]	8939384431	8939569624	NA	PASS
MP05	1	1269	model.layers.29.mlp.gate_up_proj	DECODE	[1,2048]	[1,22016]	8939587339	8939615840	NA	PASS
MP05	1	1270	model.layers.29.mlp.act_fn	DECODE	[1,22016]	[1,11008]	8939619856	8939632014	NA	PASS
MP05	1	1271	model.layers.29.mlp.down_proj	DECODE	[1,11008]	[1,2048]	8939635459	8939662452	NA	PASS
MP05	1	1272	model.layers.30.self_attn	DECODE	null	[1,2048]	8939679968	8939858668	NA	PASS
MP05	1	1273	model.layers.30.mlp.gate_up_proj	DECODE	[1,2048]	[1,22016]	8939876005	8939904222	NA	PASS
MP05	1	1274	model.layers.30.mlp.act_fn	DECODE	[1,22016]	[1,11008]	8939908373	8939920333	NA	PASS
MP05	1	1275	model.layers.30.mlp.down_proj	DECODE	[1,11008]	[1,2048]	8939923762	8939950878	NA	PASS
MP05	1	1276	model.layers.31.self_attn	DECODE	null	[1,2048]	8939967914	8940154842	NA	PASS
MP05	1	1277	model.layers.31.mlp.gate_up_proj	DECODE	[1,2048]	[1,22016]	8940173699	8940202411	NA	PASS
MP05	1	1278	model.layers.31.mlp.act_fn	DECODE	[1,22016]	[1,11008]	8940206837	8940219490	NA	PASS
MP05	1	1279	model.layers.31.mlp.down_proj	DECODE	[1,11008]	[1,2048]	8940223205	8940250050	NA	PASS
MP05	1	1280	model.layers.32.self_attn	DECODE	null	[1,2048]	8940268466	8940449774	NA	PASS
MP05	1	1281	model.layers.32.mlp.gate_up_proj	DECODE	[1,2048]	[1,22016]	8940471560	8940502826	NA	PASS
MP05	1	1282	model.layers.32.mlp.act_fn	DECODE	[1,22016]	[1,11008]	8940507437	8940519937	NA	PASS
MP05	1	1283	model.layers.32.mlp.down_proj	DECODE	[1,11008]	[1,2048]	8940527808	8940554781	NA	PASS
MP05	1	1284	model.layers.33.self_attn	DECODE	null	[1,2048]	8940573139	8940752110	NA	PASS
MP05	1	1285	model.layers.33.mlp.gate_up_proj	DECODE	[1,2048]	[1,22016]	8940769901	8940798676	NA	PASS
MP05	1	1286	model.layers.33.mlp.act_fn	DECODE	[1,22016]	[1,11008]	8940802836	8940815420	NA	PASS
MP05	1	1287	model.layers.33.mlp.down_proj	DECODE	[1,11008]	[1,2048]	8940818892	8940845500	NA	PASS
MP05	1	1288	model.layers.34.self_attn	DECODE	null	[1,2048]	8940863294	8941043236	NA	PASS
MP05	1	1289	model.layers.34.mlp.gate_up_proj	DECODE	[1,2048]	[1,22016]	8941061610	8941090458	NA	PASS
MP05	1	1290	model.layers.34.mlp.act_fn	DECODE	[1,22016]	[1,11008]	8941094699	8941109744	NA	PASS
MP05	1	1291	model.layers.34.mlp.down_proj	DECODE	[1,11008]	[1,2048]	8941113508	8941143037	NA	PASS
MP05	1	1292	model.layers.35.self_attn	DECODE	null	[1,2048]	8941161374	8941340088	NA	PASS
MP05	1	1293	model.layers.35.mlp.gate_up_proj	DECODE	[1,2048]	[1,22016]	8941357706	8941386295	NA	PASS
MP05	1	1294	model.layers.35.mlp.act_fn	DECODE	[1,22016]	[1,11008]	8941390516	8941402901	NA	PASS
MP05	1	1295	model.layers.35.mlp.down_proj	DECODE	[1,11008]	[1,2048]	8941406236	8941433013	NA	PASS
MP05	1	1296	model.layers.0.self_attn	DECODE	null	[1,2048]	8942521796	8942779330	NA	PASS
MP05	1	1297	model.layers.0.mlp.gate_up_proj	DECODE	[1,2048]	[1,22016]	8942804902	8942838978	NA	PASS
MP05	1	1298	model.layers.0.mlp.act_fn	DECODE	[1,22016]	[1,11008]	8942844230	8942858832	NA	PASS
MP05	1	1299	model.layers.0.mlp.down_proj	DECODE	[1,11008]	[1,2048]	8942862844	8942892510	NA	PASS
MP05	1	1300	model.layers.1.self_attn	DECODE	null	[1,2048]	8942912288	8943125861	NA	PASS
MP05	1	1301	model.layers.1.mlp.gate_up_proj	DECODE	[1,2048]	[1,22016]	8943145494	8943174798	NA	PASS
MP05	1	1302	model.layers.1.mlp.act_fn	DECODE	[1,22016]	[1,11008]	8943179242	8943192680	NA	PASS
MP05	1	1303	model.layers.1.mlp.down_proj	DECODE	[1,11008]	[1,2048]	8943196324	8943224182	NA	PASS
MP05	1	1304	model.layers.2.self_attn	DECODE	null	[1,2048]	8943243359	8943441433	NA	PASS
MP05	1	1305	model.layers.2.mlp.gate_up_proj	DECODE	[1,2048]	[1,22016]	8943464836	8943494882	NA	PASS
MP05	1	1306	model.layers.2.mlp.act_fn	DECODE	[1,22016]	[1,11008]	8943499099	8943511837	NA	PASS
MP05	1	1307	model.layers.2.mlp.down_proj	DECODE	[1,11008]	[1,2048]	8943515362	8943543335	NA	PASS
MP05	1	1308	model.layers.3.self_attn	DECODE	null	[1,2048]	8943561596	8943753004	NA	PASS
MP05	1	1309	model.layers.3.mlp.gate_up_proj	DECODE	[1,2048]	[1,22016]	8943770764	8943799537	NA	PASS
MP05	1	1310	model.layers.3.mlp.act_fn	DECODE	[1,22016]	[1,11008]	8943808602	8943821106	NA	PASS
MP05	1	1311	model.layers.3.mlp.down_proj	DECODE	[1,11008]	[1,2048]	8943824480	8943851707	NA	PASS
MP05	1	1312	model.layers.4.self_attn	DECODE	null	[1,2048]	8943869878	8944060443	NA	PASS
MP05	1	1313	model.layers.4.mlp.gate_up_proj	DECODE	[1,2048]	[1,22016]	8944078434	8944107804	NA	PASS
MP05	1	1314	model.layers.4.mlp.act_fn	DECODE	[1,22016]	[1,11008]	8944112138	8944124756	NA	PASS
MP05	1	1315	model.layers.4.mlp.down_proj	DECODE	[1,11008]	[1,2048]	8944128328	8944155905	NA	PASS
MP05	1	1316	model.layers.5.self_attn	DECODE	null	[1,2048]	8944173957	8944360259	NA	PASS
MP05	1	1317	model.layers.5.mlp.gate_up_proj	DECODE	[1,2048]	[1,22016]	8944379287	8944408513	NA	PASS
MP05	1	1318	model.layers.5.mlp.act_fn	DECODE	[1,22016]	[1,11008]	8944412796	8944425499	NA	PASS
MP05	1	1319	model.layers.5.mlp.down_proj	DECODE	[1,11008]	[1,2048]	8944429047	8944456971	NA	PASS
MP05	1	1320	model.layers.6.self_attn	DECODE	null	[1,2048]	8944479954	8944718289	NA	PASS
MP05	1	1321	model.layers.6.mlp.gate_up_proj	DECODE	[1,2048]	[1,22016]	8944738091	8944767385	NA	PASS
MP05	1	1322	model.layers.6.mlp.act_fn	DECODE	[1,22016]	[1,11008]	8944771639	8944784788	NA	PASS
MP05	1	1323	model.layers.6.mlp.down_proj	DECODE	[1,11008]	[1,2048]	8944788394	8944820957	NA	PASS
MP05	1	1324	model.layers.7.self_attn	DECODE	null	[1,2048]	8944840678	8945038070	NA	PASS
MP05	1	1325	model.layers.7.mlp.gate_up_proj	DECODE	[1,2048]	[1,22016]	8945056342	8945085494	NA	PASS
MP05	1	1326	model.layers.7.mlp.act_fn	DECODE	[1,22016]	[1,11008]	8945089672	8945102227	NA	PASS
MP05	1	1327	model.layers.7.mlp.down_proj	DECODE	[1,11008]	[1,2048]	8945105785	8945132891	NA	PASS
MP05	1	1328	model.layers.8.self_attn	DECODE	null	[1,2048]	8945151105	8945340353	NA	PASS
MP05	1	1329	model.layers.8.mlp.gate_up_proj	DECODE	[1,2048]	[1,22016]	8945357899	8945386534	NA	PASS
MP05	1	1330	model.layers.8.mlp.act_fn	DECODE	[1,22016]	[1,11008]	8945390745	8945403288	NA	PASS
MP05	1	1331	model.layers.8.mlp.down_proj	DECODE	[1,11008]	[1,2048]	8945406824	8945433809	NA	PASS
MP05	1	1332	model.layers.9.self_attn	DECODE	null	[1,2048]	8945452126	8945643707	NA	PASS
MP05	1	1333	model.layers.9.mlp.gate_up_proj	DECODE	[1,2048]	[1,22016]	8945662210	8945691276	NA	PASS
MP05	1	1334	model.layers.9.mlp.act_fn	DECODE	[1,22016]	[1,11008]	8945695431	8945708054	NA	PASS
MP05	1	1335	model.layers.9.mlp.down_proj	DECODE	[1,11008]	[1,2048]	8945711627	8945739260	NA	PASS
MP05	1	1336	model.layers.10.self_attn	DECODE	null	[1,2048]	8945758135	8945948854	NA	PASS
MP05	1	1337	model.layers.10.mlp.gate_up_proj	DECODE	[1,2048]	[1,22016]	8945966363	8945994588	NA	PASS
MP05	1	1338	model.layers.10.mlp.act_fn	DECODE	[1,22016]	[1,11008]	8945998778	8946010861	NA	PASS
MP05	1	1339	model.layers.10.mlp.down_proj	DECODE	[1,11008]	[1,2048]	8946014545	8946042008	NA	PASS
MP05	1	1340	model.layers.11.self_attn	DECODE	null	[1,2048]	8946060285	8946243962	NA	PASS
MP05	1	1341	model.layers.11.mlp.gate_up_proj	DECODE	[1,2048]	[1,22016]	8946261725	8946290171	NA	PASS
MP05	1	1342	model.layers.11.mlp.act_fn	DECODE	[1,22016]	[1,11008]	8946294543	8946306934	NA	PASS
MP05	1	1343	model.layers.11.mlp.down_proj	DECODE	[1,11008]	[1,2048]	8946310422	8946337611	NA	PASS
MP05	1	1344	model.layers.12.self_attn	DECODE	null	[1,2048]	8946355819	8946546710	NA	PASS
MP05	1	1345	model.layers.12.mlp.gate_up_proj	DECODE	[1,2048]	[1,22016]	8946564909	8946593938	NA	PASS
MP05	1	1346	model.layers.12.mlp.act_fn	DECODE	[1,22016]	[1,11008]	8946598216	8946610606	NA	PASS
MP05	1	1347	model.layers.12.mlp.down_proj	DECODE	[1,11008]	[1,2048]	8946614115	8946641611	NA	PASS
MP05	1	1348	model.layers.13.self_attn	DECODE	null	[1,2048]	8946659799	8946851307	NA	PASS
MP05	1	1349	model.layers.13.mlp.gate_up_proj	DECODE	[1,2048]	[1,22016]	8946869487	8946898452	NA	PASS
MP05	1	1350	model.layers.13.mlp.act_fn	DECODE	[1,22016]	[1,11008]	8946902788	8946915440	NA	PASS
MP05	1	1351	model.layers.13.mlp.down_proj	DECODE	[1,11008]	[1,2048]	8946919269	8946947068	NA	PASS
MP05	1	1352	model.layers.14.self_attn	DECODE	null	[1,2048]	8946965414	8947148097	NA	PASS
MP05	1	1353	model.layers.14.mlp.gate_up_proj	DECODE	[1,2048]	[1,22016]	8947165494	8947194289	NA	PASS
MP05	1	1354	model.layers.14.mlp.act_fn	DECODE	[1,22016]	[1,11008]	8947198355	8947210637	NA	PASS
MP05	1	1355	model.layers.14.mlp.down_proj	DECODE	[1,11008]	[1,2048]	8947214078	8947241382	NA	PASS
MP05	1	1356	model.layers.15.self_attn	DECODE	null	[1,2048]	8947258805	8947439963	NA	PASS
MP05	1	1357	model.layers.15.mlp.gate_up_proj	DECODE	[1,2048]	[1,22016]	8947458858	8947492886	NA	PASS
MP05	1	1358	model.layers.15.mlp.act_fn	DECODE	[1,22016]	[1,11008]	8947499038	8947512075	NA	PASS
MP05	1	1359	model.layers.15.mlp.down_proj	DECODE	[1,11008]	[1,2048]	8947515648	8947543721	NA	PASS
MP05	1	1360	model.layers.16.self_attn	DECODE	null	[1,2048]	8947562062	8947758665	NA	PASS
MP05	1	1361	model.layers.16.mlp.gate_up_proj	DECODE	[1,2048]	[1,22016]	8947777579	8947807088	NA	PASS
MP05	1	1362	model.layers.16.mlp.act_fn	DECODE	[1,22016]	[1,11008]	8947811221	8947823672	NA	PASS
MP05	1	1363	model.layers.16.mlp.down_proj	DECODE	[1,11008]	[1,2048]	8947827198	8947854497	NA	PASS
MP05	1	1364	model.layers.17.self_attn	DECODE	null	[1,2048]	8947873276	8948061422	NA	PASS
MP05	1	1365	model.layers.17.mlp.gate_up_proj	DECODE	[1,2048]	[1,22016]	8948078829	8948107430	NA	PASS
MP05	1	1366	model.layers.17.mlp.act_fn	DECODE	[1,22016]	[1,11008]	8948111690	8948124135	NA	PASS
MP05	1	1367	model.layers.17.mlp.down_proj	DECODE	[1,11008]	[1,2048]	8948127812	8948155721	NA	PASS
MP05	1	1368	model.layers.18.self_attn	DECODE	null	[1,2048]	8948173496	8948358570	NA	PASS
MP05	1	1369	model.layers.18.mlp.gate_up_proj	DECODE	[1,2048]	[1,22016]	8948376744	8948406471	NA	PASS
MP05	1	1370	model.layers.18.mlp.act_fn	DECODE	[1,22016]	[1,11008]	8948410889	8948424012	NA	PASS
MP05	1	1371	model.layers.18.mlp.down_proj	DECODE	[1,11008]	[1,2048]	8948427722	8948457719	NA	PASS
MP05	1	1372	model.layers.19.self_attn	DECODE	null	[1,2048]	8948479150	8948663940	NA	PASS
MP05	1	1373	model.layers.19.mlp.gate_up_proj	DECODE	[1,2048]	[1,22016]	8948682601	8948712796	NA	PASS
MP05	1	1374	model.layers.19.mlp.act_fn	DECODE	[1,22016]	[1,11008]	8948719512	8948732393	NA	PASS
MP05	1	1375	model.layers.19.mlp.down_proj	DECODE	[1,11008]	[1,2048]	8948735943	8948766108	NA	PASS
MP05	1	1376	model.layers.20.self_attn	DECODE	null	[1,2048]	8948785320	8948973185	NA	PASS
MP05	1	1377	model.layers.20.mlp.gate_up_proj	DECODE	[1,2048]	[1,22016]	8948991317	8949020561	NA	PASS
MP05	1	1378	model.layers.20.mlp.act_fn	DECODE	[1,22016]	[1,11008]	8949024807	8949037458	NA	PASS
MP05	1	1379	model.layers.20.mlp.down_proj	DECODE	[1,11008]	[1,2048]	8949040885	8949068314	NA	PASS
MP05	1	1380	model.layers.21.self_attn	DECODE	null	[1,2048]	8949086784	8949267255	NA	PASS
MP05	1	1381	model.layers.21.mlp.gate_up_proj	DECODE	[1,2048]	[1,22016]	8949284861	8949314427	NA	PASS
MP05	1	1382	model.layers.21.mlp.act_fn	DECODE	[1,22016]	[1,11008]	8949318607	8949333103	NA	PASS
MP05	1	1383	model.layers.21.mlp.down_proj	DECODE	[1,11008]	[1,2048]	8949336716	8949364099	NA	PASS
MP05	1	1384	model.layers.22.self_attn	DECODE	null	[1,2048]	8949381833	8949579050	NA	PASS
MP05	1	1385	model.layers.22.mlp.gate_up_proj	DECODE	[1,2048]	[1,22016]	8949597551	8949627583	NA	PASS
MP05	1	1386	model.layers.22.mlp.act_fn	DECODE	[1,22016]	[1,11008]	8949631929	8949644222	NA	PASS
MP05	1	1387	model.layers.22.mlp.down_proj	DECODE	[1,11008]	[1,2048]	8949647840	8949675131	NA	PASS
MP05	1	1388	model.layers.23.self_attn	DECODE	null	[1,2048]	8949693231	8949880167	NA	PASS
MP05	1	1389	model.layers.23.mlp.gate_up_proj	DECODE	[1,2048]	[1,22016]	8949897794	8949927111	NA	PASS
MP05	1	1390	model.layers.23.mlp.act_fn	DECODE	[1,22016]	[1,11008]	8949931268	8949943808	NA	PASS
MP05	1	1391	model.layers.23.mlp.down_proj	DECODE	[1,11008]	[1,2048]	8949947434	8949975159	NA	PASS
MP05	1	1392	model.layers.24.self_attn	DECODE	null	[1,2048]	8949992706	8950175823	NA	PASS
MP05	1	1393	model.layers.24.mlp.gate_up_proj	DECODE	[1,2048]	[1,22016]	8950193298	8950222251	NA	PASS
MP05	1	1394	model.layers.24.mlp.act_fn	DECODE	[1,22016]	[1,11008]	8950226613	8950238783	NA	PASS
MP05	1	1395	model.layers.24.mlp.down_proj	DECODE	[1,11008]	[1,2048]	8950242447	8950270701	NA	PASS
MP05	1	1396	model.layers.25.self_attn	DECODE	null	[1,2048]	8950288520	8950470810	NA	PASS
MP05	1	1397	model.layers.25.mlp.gate_up_proj	DECODE	[1,2048]	[1,22016]	8950489112	8950520994	NA	PASS
MP05	1	1398	model.layers.25.mlp.act_fn	DECODE	[1,22016]	[1,11008]	8950525382	8950538126	NA	PASS
MP05	1	1399	model.layers.25.mlp.down_proj	DECODE	[1,11008]	[1,2048]	8950541709	8950569154	NA	PASS
MP05	1	1400	model.layers.26.self_attn	DECODE	null	[1,2048]	8950587101	8950779125	NA	PASS
MP05	1	1401	model.layers.26.mlp.gate_up_proj	DECODE	[1,2048]	[1,22016]	8950797164	8950826338	NA	PASS
MP05	1	1402	model.layers.26.mlp.act_fn	DECODE	[1,22016]	[1,11008]	8950830499	8950843084	NA	PASS
MP05	1	1403	model.layers.26.mlp.down_proj	DECODE	[1,11008]	[1,2048]	8950846656	8950873982	NA	PASS
MP05	1	1404	model.layers.27.self_attn	DECODE	null	[1,2048]	8950891948	8951078043	NA	PASS
MP05	1	1405	model.layers.27.mlp.gate_up_proj	DECODE	[1,2048]	[1,22016]	8951109235	8951139766	NA	PASS
MP05	1	1406	model.layers.27.mlp.act_fn	DECODE	[1,22016]	[1,11008]	8951144114	8951156939	NA	PASS
MP05	1	1407	model.layers.27.mlp.down_proj	DECODE	[1,11008]	[1,2048]	8951160750	8951189116	NA	PASS
MP05	1	1408	model.layers.28.self_attn	DECODE	null	[1,2048]	8951206882	8951397852	NA	PASS
MP05	1	1409	model.layers.28.mlp.gate_up_proj	DECODE	[1,2048]	[1,22016]	8951417367	8951448011	NA	PASS
MP05	1	1410	model.layers.28.mlp.act_fn	DECODE	[1,22016]	[1,11008]	8951452696	8951469872	NA	PASS
MP05	1	1411	model.layers.28.mlp.down_proj	DECODE	[1,11008]	[1,2048]	8951473446	8951502265	NA	PASS
MP05	1	1412	model.layers.29.self_attn	DECODE	null	[1,2048]	8951521699	8951721255	NA	PASS
MP05	1	1413	model.layers.29.mlp.gate_up_proj	DECODE	[1,2048]	[1,22016]	8951739296	8951767857	NA	PASS
MP05	1	1414	model.layers.29.mlp.act_fn	DECODE	[1,22016]	[1,11008]	8951772156	8951784862	NA	PASS
MP05	1	1415	model.layers.29.mlp.down_proj	DECODE	[1,11008]	[1,2048]	8951788300	8951818332	NA	PASS
MP05	1	1416	model.layers.30.self_attn	DECODE	null	[1,2048]	8951836621	8952020340	NA	PASS
MP05	1	1417	model.layers.30.mlp.gate_up_proj	DECODE	[1,2048]	[1,22016]	8952037552	8952065774	NA	PASS
MP05	1	1418	model.layers.30.mlp.act_fn	DECODE	[1,22016]	[1,11008]	8952069897	8952084471	NA	PASS
MP05	1	1419	model.layers.30.mlp.down_proj	DECODE	[1,11008]	[1,2048]	8952087986	8952115147	NA	PASS
MP05	1	1420	model.layers.31.self_attn	DECODE	null	[1,2048]	8952132971	8952313400	NA	PASS
MP05	1	1421	model.layers.31.mlp.gate_up_proj	DECODE	[1,2048]	[1,22016]	8952330527	8952358788	NA	PASS
MP05	1	1422	model.layers.31.mlp.act_fn	DECODE	[1,22016]	[1,11008]	8952362886	8952375112	NA	PASS
MP05	1	1423	model.layers.31.mlp.down_proj	DECODE	[1,11008]	[1,2048]	8952378408	8952405189	NA	PASS
MP05	1	1424	model.layers.32.self_attn	DECODE	null	[1,2048]	8952422777	8952638709	NA	PASS
MP05	1	1425	model.layers.32.mlp.gate_up_proj	DECODE	[1,2048]	[1,22016]	8952659671	8952690228	NA	PASS
MP05	1	1426	model.layers.32.mlp.act_fn	DECODE	[1,22016]	[1,11008]	8952695137	8952708469	NA	PASS
MP05	1	1427	model.layers.32.mlp.down_proj	DECODE	[1,11008]	[1,2048]	8952712357	8952742548	NA	PASS
MP05	1	1428	model.layers.33.self_attn	DECODE	null	[1,2048]	8952761662	8952951973	NA	PASS
MP05	1	1429	model.layers.33.mlp.gate_up_proj	DECODE	[1,2048]	[1,22016]	8952970002	8952998920	NA	PASS
MP05	1	1430	model.layers.33.mlp.act_fn	DECODE	[1,22016]	[1,11008]	8953003241	8953015849	NA	PASS
MP05	1	1431	model.layers.33.mlp.down_proj	DECODE	[1,11008]	[1,2048]	8953019356	8953046580	NA	PASS
MP05	1	1432	model.layers.34.self_attn	DECODE	null	[1,2048]	8953064716	8953246599	NA	PASS
MP05	1	1433	model.layers.34.mlp.gate_up_proj	DECODE	[1,2048]	[1,22016]	8953264345	8953293540	NA	PASS
MP05	1	1434	model.layers.34.mlp.act_fn	DECODE	[1,22016]	[1,11008]	8953297438	8953309685	NA	PASS
MP05	1	1435	model.layers.34.mlp.down_proj	DECODE	[1,11008]	[1,2048]	8953313280	8953340326	NA	PASS
MP05	1	1436	model.layers.35.self_attn	DECODE	null	[1,2048]	8953357845	8953540965	NA	PASS
MP05	1	1437	model.layers.35.mlp.gate_up_proj	DECODE	[1,2048]	[1,22016]	8953558661	8953587199	NA	PASS
MP05	1	1438	model.layers.35.mlp.act_fn	DECODE	[1,22016]	[1,11008]	8953593836	8953606403	NA	PASS
MP05	1	1439	model.layers.35.mlp.down_proj	DECODE	[1,11008]	[1,2048]	8953612268	8953639548	NA	PASS
MP05	1	1440	model.layers.0.self_attn	DECODE	null	[1,2048]	8954735357	8954996271	NA	PASS
MP05	1	1441	model.layers.0.mlp.gate_up_proj	DECODE	[1,2048]	[1,22016]	8955021881	8955055136	NA	PASS
MP05	1	1442	model.layers.0.mlp.act_fn	DECODE	[1,22016]	[1,11008]	8955060230	8955075019	NA	PASS
MP05	1	1443	model.layers.0.mlp.down_proj	DECODE	[1,11008]	[1,2048]	8955078902	8955109604	NA	PASS
MP05	1	1444	model.layers.1.self_attn	DECODE	null	[1,2048]	8955129457	8955341163	NA	PASS
MP05	1	1445	model.layers.1.mlp.gate_up_proj	DECODE	[1,2048]	[1,22016]	8955361291	8955392287	NA	PASS
MP05	1	1446	model.layers.1.mlp.act_fn	DECODE	[1,22016]	[1,11008]	8955397042	8955410895	NA	PASS
MP05	1	1447	model.layers.1.mlp.down_proj	DECODE	[1,11008]	[1,2048]	8955414995	8955447971	NA	PASS
MP05	1	1448	model.layers.2.self_attn	DECODE	null	[1,2048]	8955475782	8955680308	NA	PASS
MP05	1	1449	model.layers.2.mlp.gate_up_proj	DECODE	[1,2048]	[1,22016]	8955699424	8955729166	NA	PASS
MP05	1	1450	model.layers.2.mlp.act_fn	DECODE	[1,22016]	[1,11008]	8955733627	8955746658	NA	PASS
MP05	1	1451	model.layers.2.mlp.down_proj	DECODE	[1,11008]	[1,2048]	8955750394	8955778434	NA	PASS
MP05	1	1452	model.layers.3.self_attn	DECODE	null	[1,2048]	8955796898	8955993716	NA	PASS
MP05	1	1453	model.layers.3.mlp.gate_up_proj	DECODE	[1,2048]	[1,22016]	8956012164	8956041352	NA	PASS
MP05	1	1454	model.layers.3.mlp.act_fn	DECODE	[1,22016]	[1,11008]	8956045819	8956058657	NA	PASS
MP05	1	1455	model.layers.3.mlp.down_proj	DECODE	[1,11008]	[1,2048]	8956062222	8956091044	NA	PASS
MP05	1	1456	model.layers.4.self_attn	DECODE	null	[1,2048]	8956109930	8956299864	NA	PASS
MP05	1	1457	model.layers.4.mlp.gate_up_proj	DECODE	[1,2048]	[1,22016]	8956318989	8956349403	NA	PASS
MP05	1	1458	model.layers.4.mlp.act_fn	DECODE	[1,22016]	[1,11008]	8956353887	8956367122	NA	PASS
MP05	1	1459	model.layers.4.mlp.down_proj	DECODE	[1,11008]	[1,2048]	8956370947	8956400106	NA	PASS
MP05	1	1460	model.layers.5.self_attn	DECODE	null	[1,2048]	8956418739	8956627543	NA	PASS
MP05	1	1461	model.layers.5.mlp.gate_up_proj	DECODE	[1,2048]	[1,22016]	8956646134	8956675611	NA	PASS
MP05	1	1462	model.layers.5.mlp.act_fn	DECODE	[1,22016]	[1,11008]	8956680089	8956692731	NA	PASS
MP05	1	1463	model.layers.5.mlp.down_proj	DECODE	[1,11008]	[1,2048]	8956696495	8956725281	NA	PASS
MP05	1	1464	model.layers.6.self_attn	DECODE	null	[1,2048]	8956743750	8956937122	NA	PASS
MP05	1	1465	model.layers.6.mlp.gate_up_proj	DECODE	[1,2048]	[1,22016]	8956955241	8956984775	NA	PASS
MP05	1	1466	model.layers.6.mlp.act_fn	DECODE	[1,22016]	[1,11008]	8956989273	8957001591	NA	PASS
MP05	1	1467	model.layers.6.mlp.down_proj	DECODE	[1,11008]	[1,2048]	8957005289	8957033454	NA	PASS
MP05	1	1468	model.layers.7.self_attn	DECODE	null	[1,2048]	8957051739	8957240695	NA	PASS
MP05	1	1469	model.layers.7.mlp.gate_up_proj	DECODE	[1,2048]	[1,22016]	8957258416	8957287055	NA	PASS
MP05	1	1470	model.layers.7.mlp.act_fn	DECODE	[1,22016]	[1,11008]	8957291173	8957303816	NA	PASS
MP05	1	1471	model.layers.7.mlp.down_proj	DECODE	[1,11008]	[1,2048]	8957308041	8957337544	NA	PASS
MP05	1	1472	model.layers.8.self_attn	DECODE	null	[1,2048]	8957355235	8957542580	NA	PASS
MP05	1	1473	model.layers.8.mlp.gate_up_proj	DECODE	[1,2048]	[1,22016]	8957560494	8957589315	NA	PASS
MP05	1	1474	model.layers.8.mlp.act_fn	DECODE	[1,22016]	[1,11008]	8957593451	8957606012	NA	PASS
MP05	1	1475	model.layers.8.mlp.down_proj	DECODE	[1,11008]	[1,2048]	8957609608	8957637691	NA	PASS
MP05	1	1476	model.layers.9.self_attn	DECODE	null	[1,2048]	8957655641	8957845969	NA	PASS
MP05	1	1477	model.layers.9.mlp.gate_up_proj	DECODE	[1,2048]	[1,22016]	8957866000	8957895997	NA	PASS
MP05	1	1478	model.layers.9.mlp.act_fn	DECODE	[1,22016]	[1,11008]	8957900827	8957914197	NA	PASS
MP05	1	1479	model.layers.9.mlp.down_proj	DECODE	[1,11008]	[1,2048]	8957918085	8957947014	NA	PASS
MP05	1	1480	model.layers.10.self_attn	DECODE	null	[1,2048]	8957966404	8958150567	NA	PASS
MP05	1	1481	model.layers.10.mlp.gate_up_proj	DECODE	[1,2048]	[1,22016]	8958168819	8958198197	NA	PASS
MP05	1	1482	model.layers.10.mlp.act_fn	DECODE	[1,22016]	[1,11008]	8958202641	8958215306	NA	PASS
MP05	1	1483	model.layers.10.mlp.down_proj	DECODE	[1,11008]	[1,2048]	8958218816	8958246695	NA	PASS
MP05	1	1484	model.layers.11.self_attn	DECODE	null	[1,2048]	8958265014	8958454315	NA	PASS
MP05	1	1485	model.layers.11.mlp.gate_up_proj	DECODE	[1,2048]	[1,22016]	8958476299	8958505760	NA	PASS
MP05	1	1486	model.layers.11.mlp.act_fn	DECODE	[1,22016]	[1,11008]	8958510159	8958522653	NA	PASS
MP05	1	1487	model.layers.11.mlp.down_proj	DECODE	[1,11008]	[1,2048]	8958526174	8958553954	NA	PASS
MP05	1	1488	model.layers.12.self_attn	DECODE	null	[1,2048]	8958571893	8958804296	NA	PASS
MP05	1	1489	model.layers.12.mlp.gate_up_proj	DECODE	[1,2048]	[1,22016]	8958826853	8958863616	NA	PASS
MP05	1	1490	model.layers.12.mlp.act_fn	DECODE	[1,22016]	[1,11008]	8958868596	8958882626	NA	PASS
MP05	1	1491	model.layers.12.mlp.down_proj	DECODE	[1,11008]	[1,2048]	8958886348	8958917727	NA	PASS
MP05	1	1492	model.layers.13.self_attn	DECODE	null	[1,2048]	8958938333	8959153513	NA	PASS
MP05	1	1493	model.layers.13.mlp.gate_up_proj	DECODE	[1,2048]	[1,22016]	8959173006	8959203709	NA	PASS
MP05	1	1494	model.layers.13.mlp.act_fn	DECODE	[1,22016]	[1,11008]	8959208457	8959221384	NA	PASS
MP05	1	1495	model.layers.13.mlp.down_proj	DECODE	[1,11008]	[1,2048]	8959225087	8959253460	NA	PASS
MP05	1	1496	model.layers.14.self_attn	DECODE	null	[1,2048]	8959272193	8959473846	NA	PASS
MP05	1	1497	model.layers.14.mlp.gate_up_proj	DECODE	[1,2048]	[1,22016]	8959491642	8959523270	NA	PASS
MP05	1	1498	model.layers.14.mlp.act_fn	DECODE	[1,22016]	[1,11008]	8959527695	8959540434	NA	PASS
MP05	1	1499	model.layers.14.mlp.down_proj	DECODE	[1,11008]	[1,2048]	8959543961	8959573791	NA	PASS
MP05	1	1500	model.layers.15.self_attn	DECODE	null	[1,2048]	8959594051	8959787545	NA	PASS
MP05	1	1501	model.layers.15.mlp.gate_up_proj	DECODE	[1,2048]	[1,22016]	8959805336	8959834458	NA	PASS
MP05	1	1502	model.layers.15.mlp.act_fn	DECODE	[1,22016]	[1,11008]	8959838550	8959852183	NA	PASS
MP05	1	1503	model.layers.15.mlp.down_proj	DECODE	[1,11008]	[1,2048]	8959855785	8959883693	NA	PASS
MP05	1	1504	model.layers.16.self_attn	DECODE	null	[1,2048]	8959902635	8960090688	NA	PASS
MP05	1	1505	model.layers.16.mlp.gate_up_proj	DECODE	[1,2048]	[1,22016]	8960108976	8960138394	NA	PASS
MP05	1	1506	model.layers.16.mlp.act_fn	DECODE	[1,22016]	[1,11008]	8960142777	8960155635	NA	PASS
MP05	1	1507	model.layers.16.mlp.down_proj	DECODE	[1,11008]	[1,2048]	8960159253	8960186678	NA	PASS
MP05	1	1508	model.layers.17.self_attn	DECODE	null	[1,2048]	8960204699	8960397129	NA	PASS
MP05	1	1509	model.layers.17.mlp.gate_up_proj	DECODE	[1,2048]	[1,22016]	8960414608	8960444224	NA	PASS
MP05	1	1510	model.layers.17.mlp.act_fn	DECODE	[1,22016]	[1,11008]	8960448757	8960465492	NA	PASS
MP05	1	1511	model.layers.17.mlp.down_proj	DECODE	[1,11008]	[1,2048]	8960469359	8960497576	NA	PASS
MP05	1	1512	model.layers.18.self_attn	DECODE	null	[1,2048]	8960516519	8960707088	NA	PASS
MP05	1	1513	model.layers.18.mlp.gate_up_proj	DECODE	[1,2048]	[1,22016]	8960724931	8960753782	NA	PASS
MP05	1	1514	model.layers.18.mlp.act_fn	DECODE	[1,22016]	[1,11008]	8960758052	8960770501	NA	PASS
MP05	1	1515	model.layers.18.mlp.down_proj	DECODE	[1,11008]	[1,2048]	8960773872	8960802688	NA	PASS
MP05	1	1516	model.layers.19.self_attn	DECODE	null	[1,2048]	8960821954	8961010037	NA	PASS
MP05	1	1517	model.layers.19.mlp.gate_up_proj	DECODE	[1,2048]	[1,22016]	8961027472	8961056337	NA	PASS
MP05	1	1518	model.layers.19.mlp.act_fn	DECODE	[1,22016]	[1,11008]	8961060641	8961072799	NA	PASS
MP05	1	1519	model.layers.19.mlp.down_proj	DECODE	[1,11008]	[1,2048]	8961076317	8961103115	NA	PASS
MP05	1	1520	model.layers.20.self_attn	DECODE	null	[1,2048]	8961120910	8961304819	NA	PASS
MP05	1	1521	model.layers.20.mlp.gate_up_proj	DECODE	[1,2048]	[1,22016]	8961322404	8961351553	NA	PASS
MP05	1	1522	model.layers.20.mlp.act_fn	DECODE	[1,22016]	[1,11008]	8961356043	8961368207	NA	PASS
MP05	1	1523	model.layers.20.mlp.down_proj	DECODE	[1,11008]	[1,2048]	8961371598	8961399472	NA	PASS
MP05	1	1524	model.layers.21.self_attn	DECODE	null	[1,2048]	8961417048	8961612119	NA	PASS
MP05	1	1525	model.layers.21.mlp.gate_up_proj	DECODE	[1,2048]	[1,22016]	8961630165	8961659941	NA	PASS
MP05	1	1526	model.layers.21.mlp.act_fn	DECODE	[1,22016]	[1,11008]	8961664230	8961676837	NA	PASS
MP05	1	1527	model.layers.21.mlp.down_proj	DECODE	[1,11008]	[1,2048]	8961680423	8961707749	NA	PASS
MP05	1	1528	model.layers.22.self_attn	DECODE	null	[1,2048]	8961725686	8961909412	NA	PASS
MP05	1	1529	model.layers.22.mlp.gate_up_proj	DECODE	[1,2048]	[1,22016]	8961926765	8961954981	NA	PASS
MP05	1	1530	model.layers.22.mlp.act_fn	DECODE	[1,22016]	[1,11008]	8961959054	8961971197	NA	PASS
MP05	1	1531	model.layers.22.mlp.down_proj	DECODE	[1,11008]	[1,2048]	8961974549	8962002910	NA	PASS
MP05	1	1532	model.layers.23.self_attn	DECODE	null	[1,2048]	8962022243	8962216321	NA	PASS
MP05	1	1533	model.layers.23.mlp.gate_up_proj	DECODE	[1,2048]	[1,22016]	8962235563	8962265282	NA	PASS
MP05	1	1534	model.layers.23.mlp.act_fn	DECODE	[1,22016]	[1,11008]	8962269779	8962282425	NA	PASS
MP05	1	1535	model.layers.23.mlp.down_proj	DECODE	[1,11008]	[1,2048]	8962286371	8962314272	NA	PASS
MP05	1	1536	model.layers.24.self_attn	DECODE	null	[1,2048]	8962332386	8962520098	NA	PASS
MP05	1	1537	model.layers.24.mlp.gate_up_proj	DECODE	[1,2048]	[1,22016]	8962538382	8962567332	NA	PASS
MP05	1	1538	model.layers.24.mlp.act_fn	DECODE	[1,22016]	[1,11008]	8962571648	8962584081	NA	PASS
MP05	1	1539	model.layers.24.mlp.down_proj	DECODE	[1,11008]	[1,2048]	8962587774	8962616703	NA	PASS
MP05	1	1540	model.layers.25.self_attn	DECODE	null	[1,2048]	8962637170	8962821343	NA	PASS
MP05	1	1541	model.layers.25.mlp.gate_up_proj	DECODE	[1,2048]	[1,22016]	8962839225	8962867813	NA	PASS
MP05	1	1542	model.layers.25.mlp.act_fn	DECODE	[1,22016]	[1,11008]	8962872076	8962884339	NA	PASS
MP05	1	1543	model.layers.25.mlp.down_proj	DECODE	[1,11008]	[1,2048]	8962887736	8962914722	NA	PASS
MP05	1	1544	model.layers.26.self_attn	DECODE	null	[1,2048]	8962932245	8963116734	NA	PASS
MP05	1	1545	model.layers.26.mlp.gate_up_proj	DECODE	[1,2048]	[1,22016]	8963135565	8963167341	NA	PASS
MP05	1	1546	model.layers.26.mlp.act_fn	DECODE	[1,22016]	[1,11008]	8963171922	8963184788	NA	PASS
MP05	1	1547	model.layers.26.mlp.down_proj	DECODE	[1,11008]	[1,2048]	8963188576	8963216795	NA	PASS
MP05	1	1548	model.layers.27.self_attn	DECODE	null	[1,2048]	8963235394	8963419888	NA	PASS
MP05	1	1549	model.layers.27.mlp.gate_up_proj	DECODE	[1,2048]	[1,22016]	8963437534	8963470621	NA	PASS
MP05	1	1550	model.layers.27.mlp.act_fn	DECODE	[1,22016]	[1,11008]	8963475024	8963487916	NA	PASS
MP05	1	1551	model.layers.27.mlp.down_proj	DECODE	[1,11008]	[1,2048]	8963491544	8963519960	NA	PASS
MP05	1	1552	model.layers.28.self_attn	DECODE	null	[1,2048]	8963538736	8963722096	NA	PASS
MP05	1	1553	model.layers.28.mlp.gate_up_proj	DECODE	[1,2048]	[1,22016]	8963739441	8963768667	NA	PASS
MP05	1	1554	model.layers.28.mlp.act_fn	DECODE	[1,22016]	[1,11008]	8963773041	8963784879	NA	PASS
MP05	1	1555	model.layers.28.mlp.down_proj	DECODE	[1,11008]	[1,2048]	8963788248	8963816003	NA	PASS
MP05	1	1556	model.layers.29.self_attn	DECODE	null	[1,2048]	8963834117	8964012162	NA	PASS
MP05	1	1557	model.layers.29.mlp.gate_up_proj	DECODE	[1,2048]	[1,22016]	8964029675	8964058519	NA	PASS
MP05	1	1558	model.layers.29.mlp.act_fn	DECODE	[1,22016]	[1,11008]	8964062986	8964075118	NA	PASS
MP05	1	1559	model.layers.29.mlp.down_proj	DECODE	[1,11008]	[1,2048]	8964079086	8964107915	NA	PASS
MP05	1	1560	model.layers.30.self_attn	DECODE	null	[1,2048]	8964127152	8964320203	NA	PASS
MP05	1	1561	model.layers.30.mlp.gate_up_proj	DECODE	[1,2048]	[1,22016]	8964337596	8964366027	NA	PASS
MP05	1	1562	model.layers.30.mlp.act_fn	DECODE	[1,22016]	[1,11008]	8964370152	8964382403	NA	PASS
MP05	1	1563	model.layers.30.mlp.down_proj	DECODE	[1,11008]	[1,2048]	8964385958	8964414187	NA	PASS
MP05	1	1564	model.layers.31.self_attn	DECODE	null	[1,2048]	8964434290	8964628092	NA	PASS
MP05	1	1565	model.layers.31.mlp.gate_up_proj	DECODE	[1,2048]	[1,22016]	8964646029	8964674800	NA	PASS
MP05	1	1566	model.layers.31.mlp.act_fn	DECODE	[1,22016]	[1,11008]	8964678910	8964691143	NA	PASS
MP05	1	1567	model.layers.31.mlp.down_proj	DECODE	[1,11008]	[1,2048]	8964694621	8964722646	NA	PASS
MP05	1	1568	model.layers.32.self_attn	DECODE	null	[1,2048]	8964740971	8964925382	NA	PASS
MP05	1	1569	model.layers.32.mlp.gate_up_proj	DECODE	[1,2048]	[1,22016]	8964943020	8964972039	NA	PASS
MP05	1	1570	model.layers.32.mlp.act_fn	DECODE	[1,22016]	[1,11008]	8964976409	8964989336	NA	PASS
MP05	1	1571	model.layers.32.mlp.down_proj	DECODE	[1,11008]	[1,2048]	8964993022	8965021389	NA	PASS
MP05	1	1572	model.layers.33.self_attn	DECODE	null	[1,2048]	8965039884	8965227421	NA	PASS
MP05	1	1573	model.layers.33.mlp.gate_up_proj	DECODE	[1,2048]	[1,22016]	8965245204	8965274042	NA	PASS
MP05	1	1574	model.layers.33.mlp.act_fn	DECODE	[1,22016]	[1,11008]	8965280856	8965293534	NA	PASS
MP05	1	1575	model.layers.33.mlp.down_proj	DECODE	[1,11008]	[1,2048]	8965297130	8965325598	NA	PASS
MP05	1	1576	model.layers.34.self_attn	DECODE	null	[1,2048]	8965344640	8965538015	NA	PASS
MP05	1	1577	model.layers.34.mlp.gate_up_proj	DECODE	[1,2048]	[1,22016]	8965558812	8965587949	NA	PASS
MP05	1	1578	model.layers.34.mlp.act_fn	DECODE	[1,22016]	[1,11008]	8965592242	8965604755	NA	PASS
MP05	1	1579	model.layers.34.mlp.down_proj	DECODE	[1,11008]	[1,2048]	8965608261	8965636631	NA	PASS
MP05	1	1580	model.layers.35.self_attn	DECODE	null	[1,2048]	8965654819	8965841978	NA	PASS
MP05	1	1581	model.layers.35.mlp.gate_up_proj	DECODE	[1,2048]	[1,22016]	8965859636	8965889108	NA	PASS
MP05	1	1582	model.layers.35.mlp.act_fn	DECODE	[1,22016]	[1,11008]	8965893364	8965905622	NA	PASS
MP05	1	1583	model.layers.35.mlp.down_proj	DECODE	[1,11008]	[1,2048]	8965909180	8965938602	NA	PASS
MP05	1	1584	model.layers.0.self_attn	DECODE	null	[1,2048]	8967051626	8967317856	NA	PASS
MP05	1	1585	model.layers.0.mlp.gate_up_proj	DECODE	[1,2048]	[1,22016]	8967355665	8967391293	NA	PASS
MP05	1	1586	model.layers.0.mlp.act_fn	DECODE	[1,22016]	[1,11008]	8967396505	8967411193	NA	PASS
MP05	1	1587	model.layers.0.mlp.down_proj	DECODE	[1,11008]	[1,2048]	8967415186	8967445758	NA	PASS
MP05	1	1588	model.layers.1.self_attn	DECODE	null	[1,2048]	8967471174	8967692128	NA	PASS
MP05	1	1589	model.layers.1.mlp.gate_up_proj	DECODE	[1,2048]	[1,22016]	8967713074	8967744270	NA	PASS
MP05	1	1590	model.layers.1.mlp.act_fn	DECODE	[1,22016]	[1,11008]	8967748926	8967762765	NA	PASS
MP05	1	1591	model.layers.1.mlp.down_proj	DECODE	[1,11008]	[1,2048]	8967766464	8967797266	NA	PASS
MP05	1	1592	model.layers.2.self_attn	DECODE	null	[1,2048]	8967816991	8968025732	NA	PASS
MP05	1	1593	model.layers.2.mlp.gate_up_proj	DECODE	[1,2048]	[1,22016]	8968046703	8968077813	NA	PASS
MP05	1	1594	model.layers.2.mlp.act_fn	DECODE	[1,22016]	[1,11008]	8968082421	8968095796	NA	PASS
MP05	1	1595	model.layers.2.mlp.down_proj	DECODE	[1,11008]	[1,2048]	8968099520	8968127790	NA	PASS
MP05	1	1596	model.layers.3.self_attn	DECODE	null	[1,2048]	8968147035	8968350869	NA	PASS
MP05	1	1597	model.layers.3.mlp.gate_up_proj	DECODE	[1,2048]	[1,22016]	8968370123	8968399626	NA	PASS
MP05	1	1598	model.layers.3.mlp.act_fn	DECODE	[1,22016]	[1,11008]	8968404214	8968416777	NA	PASS
MP05	1	1599	model.layers.3.mlp.down_proj	DECODE	[1,11008]	[1,2048]	8968420588	8968448538	NA	PASS
MP05	1	1600	model.layers.4.self_attn	DECODE	null	[1,2048]	8968471541	8968665886	NA	PASS
MP05	1	1601	model.layers.4.mlp.gate_up_proj	DECODE	[1,2048]	[1,22016]	8968684049	8968713723	NA	PASS
MP05	1	1602	model.layers.4.mlp.act_fn	DECODE	[1,22016]	[1,11008]	8968718211	8968730808	NA	PASS
MP05	1	1603	model.layers.4.mlp.down_proj	DECODE	[1,11008]	[1,2048]	8968734394	8968761842	NA	PASS
MP05	1	1604	model.layers.5.self_attn	DECODE	null	[1,2048]	8968779956	8968969469	NA	PASS
MP05	1	1605	model.layers.5.mlp.gate_up_proj	DECODE	[1,2048]	[1,22016]	8968987307	8969016498	NA	PASS
MP05	1	1606	model.layers.5.mlp.act_fn	DECODE	[1,22016]	[1,11008]	8969020857	8969033245	NA	PASS
MP05	1	1607	model.layers.5.mlp.down_proj	DECODE	[1,11008]	[1,2048]	8969036898	8969064390	NA	PASS
MP05	1	1608	model.layers.6.self_attn	DECODE	null	[1,2048]	8969083488	8969269209	NA	PASS
MP05	1	1609	model.layers.6.mlp.gate_up_proj	DECODE	[1,2048]	[1,22016]	8969286592	8969315226	NA	PASS
MP05	1	1610	model.layers.6.mlp.act_fn	DECODE	[1,22016]	[1,11008]	8969319590	8969331788	NA	PASS
MP05	1	1611	model.layers.6.mlp.down_proj	DECODE	[1,11008]	[1,2048]	8969335339	8969362829	NA	PASS
MP05	1	1612	model.layers.7.self_attn	DECODE	null	[1,2048]	8969381019	8969580602	NA	PASS
MP05	1	1613	model.layers.7.mlp.gate_up_proj	DECODE	[1,2048]	[1,22016]	8969599650	8969628721	NA	PASS
MP05	1	1614	model.layers.7.mlp.act_fn	DECODE	[1,22016]	[1,11008]	8969633263	8969646659	NA	PASS
MP05	1	1615	model.layers.7.mlp.down_proj	DECODE	[1,11008]	[1,2048]	8969650421	8969678258	NA	PASS
MP05	1	1616	model.layers.8.self_attn	DECODE	null	[1,2048]	8969696189	8969882817	NA	PASS
MP05	1	1617	model.layers.8.mlp.gate_up_proj	DECODE	[1,2048]	[1,22016]	8969900766	8969929660	NA	PASS
MP05	1	1618	model.layers.8.mlp.act_fn	DECODE	[1,22016]	[1,11008]	8969933993	8969946951	NA	PASS
MP05	1	1619	model.layers.8.mlp.down_proj	DECODE	[1,11008]	[1,2048]	8969950678	8969981143	NA	PASS
MP05	1	1620	model.layers.9.self_attn	DECODE	null	[1,2048]	8969999223	8970184104	NA	PASS
MP05	1	1621	model.layers.9.mlp.gate_up_proj	DECODE	[1,2048]	[1,22016]	8970202054	8970230955	NA	PASS
MP05	1	1622	model.layers.9.mlp.act_fn	DECODE	[1,22016]	[1,11008]	8970235151	8970247854	NA	PASS
MP05	1	1623	model.layers.9.mlp.down_proj	DECODE	[1,11008]	[1,2048]	8970251683	8970278969	NA	PASS
MP05	1	1624	model.layers.10.self_attn	DECODE	null	[1,2048]	8970296806	8970483220	NA	PASS
MP05	1	1625	model.layers.10.mlp.gate_up_proj	DECODE	[1,2048]	[1,22016]	8970502289	8970532313	NA	PASS
MP05	1	1626	model.layers.10.mlp.act_fn	DECODE	[1,22016]	[1,11008]	8970538999	8970552149	NA	PASS
MP05	1	1627	model.layers.10.mlp.down_proj	DECODE	[1,11008]	[1,2048]	8970555915	8970584113	NA	PASS
MP05	1	1628	model.layers.11.self_attn	DECODE	null	[1,2048]	8970603010	8970800352	NA	PASS
MP05	1	1629	model.layers.11.mlp.gate_up_proj	DECODE	[1,2048]	[1,22016]	8970819045	8970848857	NA	PASS
MP05	1	1630	model.layers.11.mlp.act_fn	DECODE	[1,22016]	[1,11008]	8970853241	8970867945	NA	PASS
MP05	1	1631	model.layers.11.mlp.down_proj	DECODE	[1,11008]	[1,2048]	8970871575	8970899716	NA	PASS
MP05	1	1632	model.layers.12.self_attn	DECODE	null	[1,2048]	8970917238	8971108780	NA	PASS
MP05	1	1633	model.layers.12.mlp.gate_up_proj	DECODE	[1,2048]	[1,22016]	8971126989	8971155900	NA	PASS
MP05	1	1634	model.layers.12.mlp.act_fn	DECODE	[1,22016]	[1,11008]	8971160251	8971173258	NA	PASS
MP05	1	1635	model.layers.12.mlp.down_proj	DECODE	[1,11008]	[1,2048]	8971176753	8971204327	NA	PASS
MP05	1	1636	model.layers.13.self_attn	DECODE	null	[1,2048]	8971222215	8971415562	NA	PASS
MP05	1	1637	model.layers.13.mlp.gate_up_proj	DECODE	[1,2048]	[1,22016]	8971433765	8971467160	NA	PASS
MP05	1	1638	model.layers.13.mlp.act_fn	DECODE	[1,22016]	[1,11008]	8971471843	8971484713	NA	PASS
MP05	1	1639	model.layers.13.mlp.down_proj	DECODE	[1,11008]	[1,2048]	8971488438	8971517644	NA	PASS
MP05	1	1640	model.layers.14.self_attn	DECODE	null	[1,2048]	8971535957	8971726440	NA	PASS
MP05	1	1641	model.layers.14.mlp.gate_up_proj	DECODE	[1,2048]	[1,22016]	8971744734	8971773457	NA	PASS
MP05	1	1642	model.layers.14.mlp.act_fn	DECODE	[1,22016]	[1,11008]	8971777790	8971790655	NA	PASS
MP05	1	1643	model.layers.14.mlp.down_proj	DECODE	[1,11008]	[1,2048]	8971794209	8971822603	NA	PASS
MP05	1	1644	model.layers.15.self_attn	DECODE	null	[1,2048]	8971840567	8972027574	NA	PASS
MP05	1	1645	model.layers.15.mlp.gate_up_proj	DECODE	[1,2048]	[1,22016]	8972045228	8972074272	NA	PASS
MP05	1	1646	model.layers.15.mlp.act_fn	DECODE	[1,22016]	[1,11008]	8972078671	8972091391	NA	PASS
MP05	1	1647	model.layers.15.mlp.down_proj	DECODE	[1,11008]	[1,2048]	8972094990	8972122764	NA	PASS
MP05	1	1648	model.layers.16.self_attn	DECODE	null	[1,2048]	8972140299	8972322140	NA	PASS
MP05	1	1649	model.layers.16.mlp.gate_up_proj	DECODE	[1,2048]	[1,22016]	8972343135	8972371669	NA	PASS
MP05	1	1650	model.layers.16.mlp.act_fn	DECODE	[1,22016]	[1,11008]	8972375951	8972388529	NA	PASS
MP05	1	1651	model.layers.16.mlp.down_proj	DECODE	[1,11008]	[1,2048]	8972391979	8972419200	NA	PASS
MP05	1	1652	model.layers.17.self_attn	DECODE	null	[1,2048]	8972436742	8972634738	NA	PASS
MP05	1	1653	model.layers.17.mlp.gate_up_proj	DECODE	[1,2048]	[1,22016]	8972653959	8972683965	NA	PASS
MP05	1	1654	model.layers.17.mlp.act_fn	DECODE	[1,22016]	[1,11008]	8972688542	8972701418	NA	PASS
MP05	1	1655	model.layers.17.mlp.down_proj	DECODE	[1,11008]	[1,2048]	8972705018	8972733919	NA	PASS
MP05	1	1656	model.layers.18.self_attn	DECODE	null	[1,2048]	8972752334	8972938017	NA	PASS
MP05	1	1657	model.layers.18.mlp.gate_up_proj	DECODE	[1,2048]	[1,22016]	8972955405	8972984060	NA	PASS
MP05	1	1658	model.layers.18.mlp.act_fn	DECODE	[1,22016]	[1,11008]	8972988543	8973000863	NA	PASS
MP05	1	1659	model.layers.18.mlp.down_proj	DECODE	[1,11008]	[1,2048]	8973004338	8973031240	NA	PASS
MP05	1	1660	model.layers.19.self_attn	DECODE	null	[1,2048]	8973048869	8973285606	NA	PASS
MP05	1	1661	model.layers.19.mlp.gate_up_proj	DECODE	[1,2048]	[1,22016]	8973308148	8973340014	NA	PASS
MP05	1	1662	model.layers.19.mlp.act_fn	DECODE	[1,22016]	[1,11008]	8973344948	8973358752	NA	PASS
MP05	1	1663	model.layers.19.mlp.down_proj	DECODE	[1,11008]	[1,2048]	8973362535	8973390830	NA	PASS
MP05	1	1664	model.layers.20.self_attn	DECODE	null	[1,2048]	8973410624	8973627735	NA	PASS
MP05	1	1665	model.layers.20.mlp.gate_up_proj	DECODE	[1,2048]	[1,22016]	8973647585	8973678355	NA	PASS
MP05	1	1666	model.layers.20.mlp.act_fn	DECODE	[1,22016]	[1,11008]	8973682956	8973696252	NA	PASS
MP05	1	1667	model.layers.20.mlp.down_proj	DECODE	[1,11008]	[1,2048]	8973699893	8973728435	NA	PASS
MP05	1	1668	model.layers.21.self_attn	DECODE	null	[1,2048]	8973747912	8973945474	NA	PASS
MP05	1	1669	model.layers.21.mlp.gate_up_proj	DECODE	[1,2048]	[1,22016]	8973964363	8973994010	NA	PASS
MP05	1	1670	model.layers.21.mlp.act_fn	DECODE	[1,22016]	[1,11008]	8973998769	8974011800	NA	PASS
MP05	1	1671	model.layers.21.mlp.down_proj	DECODE	[1,11008]	[1,2048]	8974015947	8974044107	NA	PASS
MP05	1	1672	model.layers.22.self_attn	DECODE	null	[1,2048]	8974062689	8974255321	NA	PASS
MP05	1	1673	model.layers.22.mlp.gate_up_proj	DECODE	[1,2048]	[1,22016]	8974273843	8974303369	NA	PASS
MP05	1	1674	model.layers.22.mlp.act_fn	DECODE	[1,22016]	[1,11008]	8974307974	8974321166	NA	PASS
MP05	1	1675	model.layers.22.mlp.down_proj	DECODE	[1,11008]	[1,2048]	8974324658	8974354732	NA	PASS
MP05	1	1676	model.layers.23.self_attn	DECODE	null	[1,2048]	8974372232	8974566483	NA	PASS
MP05	1	1677	model.layers.23.mlp.gate_up_proj	DECODE	[1,2048]	[1,22016]	8974585527	8974615677	NA	PASS
MP05	1	1678	model.layers.23.mlp.act_fn	DECODE	[1,22016]	[1,11008]	8974620087	8974633217	NA	PASS
MP05	1	1679	model.layers.23.mlp.down_proj	DECODE	[1,11008]	[1,2048]	8974636867	8974664572	NA	PASS
MP05	1	1680	model.layers.24.self_attn	DECODE	null	[1,2048]	8974683131	8974878630	NA	PASS
MP05	1	1681	model.layers.24.mlp.gate_up_proj	DECODE	[1,2048]	[1,22016]	8974896673	8974926102	NA	PASS
MP05	1	1682	model.layers.24.mlp.act_fn	DECODE	[1,22016]	[1,11008]	8974930633	8974943093	NA	PASS
MP05	1	1683	model.layers.24.mlp.down_proj	DECODE	[1,11008]	[1,2048]	8974946741	8974974603	NA	PASS
MP05	1	1684	model.layers.25.self_attn	DECODE	null	[1,2048]	8974993439	8975182360	NA	PASS
MP05	1	1685	model.layers.25.mlp.gate_up_proj	DECODE	[1,2048]	[1,22016]	8975199968	8975229158	NA	PASS
MP05	1	1686	model.layers.25.mlp.act_fn	DECODE	[1,22016]	[1,11008]	8975235594	8975248535	NA	PASS
MP05	1	1687	model.layers.25.mlp.down_proj	DECODE	[1,11008]	[1,2048]	8975252143	8975279428	NA	PASS
MP05	1	1688	model.layers.26.self_attn	DECODE	null	[1,2048]	8975297129	8975487103	NA	PASS
MP05	1	1689	model.layers.26.mlp.gate_up_proj	DECODE	[1,2048]	[1,22016]	8975507794	8975537620	NA	PASS
MP05	1	1690	model.layers.26.mlp.act_fn	DECODE	[1,22016]	[1,11008]	8975544099	8975556901	NA	PASS
MP05	1	1691	model.layers.26.mlp.down_proj	DECODE	[1,11008]	[1,2048]	8975560485	8975588716	NA	PASS
MP05	1	1692	model.layers.27.self_attn	DECODE	null	[1,2048]	8975606901	8975804486	NA	PASS
MP05	1	1693	model.layers.27.mlp.gate_up_proj	DECODE	[1,2048]	[1,22016]	8975822643	8975851192	NA	PASS
MP05	1	1694	model.layers.27.mlp.act_fn	DECODE	[1,22016]	[1,11008]	8975855407	8975868112	NA	PASS
MP05	1	1695	model.layers.27.mlp.down_proj	DECODE	[1,11008]	[1,2048]	8975871641	8975898980	NA	PASS
MP05	1	1696	model.layers.28.self_attn	DECODE	null	[1,2048]	8975916993	8976103023	NA	PASS
MP05	1	1697	model.layers.28.mlp.gate_up_proj	DECODE	[1,2048]	[1,22016]	8976120732	8976149925	NA	PASS
MP05	1	1698	model.layers.28.mlp.act_fn	DECODE	[1,22016]	[1,11008]	8976154377	8976166941	NA	PASS
MP05	1	1699	model.layers.28.mlp.down_proj	DECODE	[1,11008]	[1,2048]	8976170782	8976198713	NA	PASS
MP05	1	1700	model.layers.29.self_attn	DECODE	null	[1,2048]	8976216213	8976401152	NA	PASS
MP05	1	1701	model.layers.29.mlp.gate_up_proj	DECODE	[1,2048]	[1,22016]	8976418373	8976446389	NA	PASS
MP05	1	1702	model.layers.29.mlp.act_fn	DECODE	[1,22016]	[1,11008]	8976450489	8976466730	NA	PASS
MP05	1	1703	model.layers.29.mlp.down_proj	DECODE	[1,11008]	[1,2048]	8976470197	8976504775	NA	PASS
MP05	1	1704	model.layers.30.self_attn	DECODE	null	[1,2048]	8976523066	8976711284	NA	PASS
MP05	1	1705	model.layers.30.mlp.gate_up_proj	DECODE	[1,2048]	[1,22016]	8976729655	8976759524	NA	PASS
MP05	1	1706	model.layers.30.mlp.act_fn	DECODE	[1,22016]	[1,11008]	8976764069	8976777364	NA	PASS
MP05	1	1707	model.layers.30.mlp.down_proj	DECODE	[1,11008]	[1,2048]	8976781092	8976809031	NA	PASS
MP05	1	1708	model.layers.31.self_attn	DECODE	null	[1,2048]	8976827220	8977024744	NA	PASS
MP05	1	1709	model.layers.31.mlp.gate_up_proj	DECODE	[1,2048]	[1,22016]	8977042621	8977071714	NA	PASS
MP05	1	1710	model.layers.31.mlp.act_fn	DECODE	[1,22016]	[1,11008]	8977075867	8977088512	NA	PASS
MP05	1	1711	model.layers.31.mlp.down_proj	DECODE	[1,11008]	[1,2048]	8977092028	8977122707	NA	PASS
MP05	1	1712	model.layers.32.self_attn	DECODE	null	[1,2048]	8977141460	8977332516	NA	PASS
MP05	1	1713	model.layers.32.mlp.gate_up_proj	DECODE	[1,2048]	[1,22016]	8977350090	8977378857	NA	PASS
MP05	1	1714	model.layers.32.mlp.act_fn	DECODE	[1,22016]	[1,11008]	8977383230	8977395595	NA	PASS
MP05	1	1715	model.layers.32.mlp.down_proj	DECODE	[1,11008]	[1,2048]	8977399215	8977428509	NA	PASS
MP05	1	1716	model.layers.33.self_attn	DECODE	null	[1,2048]	8977445883	8977635590	NA	PASS
MP05	1	1717	model.layers.33.mlp.gate_up_proj	DECODE	[1,2048]	[1,22016]	8977654038	8977683607	NA	PASS
MP05	1	1718	model.layers.33.mlp.act_fn	DECODE	[1,22016]	[1,11008]	8977687821	8977700468	NA	PASS
MP05	1	1719	model.layers.33.mlp.down_proj	DECODE	[1,11008]	[1,2048]	8977703970	8977732136	NA	PASS
MP05	1	1720	model.layers.34.self_attn	DECODE	null	[1,2048]	8977753273	8977952324	NA	PASS
MP05	1	1721	model.layers.34.mlp.gate_up_proj	DECODE	[1,2048]	[1,22016]	8977970495	8977999102	NA	PASS
MP05	1	1722	model.layers.34.mlp.act_fn	DECODE	[1,22016]	[1,11008]	8978003449	8978015923	NA	PASS
MP05	1	1723	model.layers.34.mlp.down_proj	DECODE	[1,11008]	[1,2048]	8978019579	8978046737	NA	PASS
MP05	1	1724	model.layers.35.self_attn	DECODE	null	[1,2048]	8978064840	8978253102	NA	PASS
MP05	1	1725	model.layers.35.mlp.gate_up_proj	DECODE	[1,2048]	[1,22016]	8978270844	8978299588	NA	PASS
MP05	1	1726	model.layers.35.mlp.act_fn	DECODE	[1,22016]	[1,11008]	8978303774	8978316377	NA	PASS
MP05	1	1727	model.layers.35.mlp.down_proj	DECODE	[1,11008]	[1,2048]	8978322094	8978348887	NA	PASS
MP05	1	1728	model.layers.0.self_attn	DECODE	null	[1,2048]	8979441205	8979714080	NA	PASS
MP05	1	1729	model.layers.0.mlp.gate_up_proj	DECODE	[1,2048]	[1,22016]	8979739722	8979773665	NA	PASS
MP05	1	1730	model.layers.0.mlp.act_fn	DECODE	[1,22016]	[1,11008]	8979778934	8979794720	NA	PASS
MP05	1	1731	model.layers.0.mlp.down_proj	DECODE	[1,11008]	[1,2048]	8979799190	8979830043	NA	PASS
MP05	1	1732	model.layers.1.self_attn	DECODE	null	[1,2048]	8979849960	8980066047	NA	PASS
MP05	1	1733	model.layers.1.mlp.gate_up_proj	DECODE	[1,2048]	[1,22016]	8980085982	8980115669	NA	PASS
MP05	1	1734	model.layers.1.mlp.act_fn	DECODE	[1,22016]	[1,11008]	8980120311	8980134197	NA	PASS
MP05	1	1735	model.layers.1.mlp.down_proj	DECODE	[1,11008]	[1,2048]	8980137766	8980166341	NA	PASS
MP05	1	1736	model.layers.2.self_attn	DECODE	null	[1,2048]	8980185782	8980385103	NA	PASS
MP05	1	1737	model.layers.2.mlp.gate_up_proj	DECODE	[1,2048]	[1,22016]	8980404202	8980434048	NA	PASS
MP05	1	1738	model.layers.2.mlp.act_fn	DECODE	[1,22016]	[1,11008]	8980438593	8980452026	NA	PASS
MP05	1	1739	model.layers.2.mlp.down_proj	DECODE	[1,11008]	[1,2048]	8980455769	8980489500	NA	PASS
MP05	1	1740	model.layers.3.self_attn	DECODE	null	[1,2048]	8980508576	8980706929	NA	PASS
MP05	1	1741	model.layers.3.mlp.gate_up_proj	DECODE	[1,2048]	[1,22016]	8980725774	8980755209	NA	PASS
MP05	1	1742	model.layers.3.mlp.act_fn	DECODE	[1,22016]	[1,11008]	8980759430	8980774594	NA	PASS
MP05	1	1743	model.layers.3.mlp.down_proj	DECODE	[1,11008]	[1,2048]	8980778334	8980807555	NA	PASS
MP05	1	1744	model.layers.4.self_attn	DECODE	null	[1,2048]	8980826507	8981017522	NA	PASS
MP05	1	1745	model.layers.4.mlp.gate_up_proj	DECODE	[1,2048]	[1,22016]	8981035527	8981065116	NA	PASS
MP05	1	1746	model.layers.4.mlp.act_fn	DECODE	[1,22016]	[1,11008]	8981069274	8981082048	NA	PASS
MP05	1	1747	model.layers.4.mlp.down_proj	DECODE	[1,11008]	[1,2048]	8981085493	8981113466	NA	PASS
MP05	1	1748	model.layers.5.self_attn	DECODE	null	[1,2048]	8981131387	8981319787	NA	PASS
MP05	1	1749	model.layers.5.mlp.gate_up_proj	DECODE	[1,2048]	[1,22016]	8981338284	8981370405	NA	PASS
MP05	1	1750	model.layers.5.mlp.act_fn	DECODE	[1,22016]	[1,11008]	8981374601	8981387499	NA	PASS
MP05	1	1751	model.layers.5.mlp.down_proj	DECODE	[1,11008]	[1,2048]	8981391029	8981418931	NA	PASS
MP05	1	1752	model.layers.6.self_attn	DECODE	null	[1,2048]	8981438896	8981638149	NA	PASS
MP05	1	1753	model.layers.6.mlp.gate_up_proj	DECODE	[1,2048]	[1,22016]	8981656583	8981685162	NA	PASS
MP05	1	1754	model.layers.6.mlp.act_fn	DECODE	[1,22016]	[1,11008]	8981689343	8981701941	NA	PASS
MP05	1	1755	model.layers.6.mlp.down_proj	DECODE	[1,11008]	[1,2048]	8981705437	8981732811	NA	PASS
MP05	1	1756	model.layers.7.self_attn	DECODE	null	[1,2048]	8981753321	8981942851	NA	PASS
MP05	1	1757	model.layers.7.mlp.gate_up_proj	DECODE	[1,2048]	[1,22016]	8981960970	8981989400	NA	PASS
MP05	1	1758	model.layers.7.mlp.act_fn	DECODE	[1,22016]	[1,11008]	8981993577	8982007707	NA	PASS
MP05	1	1759	model.layers.7.mlp.down_proj	DECODE	[1,11008]	[1,2048]	8982011435	8982039137	NA	PASS
MP05	1	1760	model.layers.8.self_attn	DECODE	null	[1,2048]	8982056778	8982238551	NA	PASS
MP05	1	1761	model.layers.8.mlp.gate_up_proj	DECODE	[1,2048]	[1,22016]	8982256254	8982284585	NA	PASS
MP05	1	1762	model.layers.8.mlp.act_fn	DECODE	[1,22016]	[1,11008]	8982289191	8982301849	NA	PASS
MP05	1	1763	model.layers.8.mlp.down_proj	DECODE	[1,11008]	[1,2048]	8982305366	8982332370	NA	PASS
MP05	1	1764	model.layers.9.self_attn	DECODE	null	[1,2048]	8982350228	8982543718	NA	PASS
MP05	1	1765	model.layers.9.mlp.gate_up_proj	DECODE	[1,2048]	[1,22016]	8982562366	8982591335	NA	PASS
MP05	1	1766	model.layers.9.mlp.act_fn	DECODE	[1,22016]	[1,11008]	8982595650	8982608160	NA	PASS
MP05	1	1767	model.layers.9.mlp.down_proj	DECODE	[1,11008]	[1,2048]	8982611563	8982638740	NA	PASS
MP05	1	1768	model.layers.10.self_attn	DECODE	null	[1,2048]	8982657143	8982844498	NA	PASS
MP05	1	1769	model.layers.10.mlp.gate_up_proj	DECODE	[1,2048]	[1,22016]	8982862587	8982891707	NA	PASS
MP05	1	1770	model.layers.10.mlp.act_fn	DECODE	[1,22016]	[1,11008]	8982895785	8982908509	NA	PASS
MP05	1	1771	model.layers.10.mlp.down_proj	DECODE	[1,11008]	[1,2048]	8982911722	8982938852	NA	PASS
MP05	1	1772	model.layers.11.self_attn	DECODE	null	[1,2048]	8982957623	8983138837	NA	PASS
MP05	1	1773	model.layers.11.mlp.gate_up_proj	DECODE	[1,2048]	[1,22016]	8983156593	8983184925	NA	PASS
MP05	1	1774	model.layers.11.mlp.act_fn	DECODE	[1,22016]	[1,11008]	8983189166	8983201528	NA	PASS
MP05	1	1775	model.layers.11.mlp.down_proj	DECODE	[1,11008]	[1,2048]	8983205096	8983232707	NA	PASS
MP05	1	1776	model.layers.12.self_attn	DECODE	null	[1,2048]	8983250392	8983427854	NA	PASS
MP05	1	1777	model.layers.12.mlp.gate_up_proj	DECODE	[1,2048]	[1,22016]	8983445723	8983478562	NA	PASS
MP05	1	1778	model.layers.12.mlp.act_fn	DECODE	[1,22016]	[1,11008]	8983482514	8983495105	NA	PASS
MP05	1	1779	model.layers.12.mlp.down_proj	DECODE	[1,11008]	[1,2048]	8983498517	8983525939	NA	PASS
MP05	1	1780	model.layers.13.self_attn	DECODE	null	[1,2048]	8983543961	8983721140	NA	PASS
MP05	1	1781	model.layers.13.mlp.gate_up_proj	DECODE	[1,2048]	[1,22016]	8983738293	8983767115	NA	PASS
MP05	1	1782	model.layers.13.mlp.act_fn	DECODE	[1,22016]	[1,11008]	8983771493	8983783936	NA	PASS
MP05	1	1783	model.layers.13.mlp.down_proj	DECODE	[1,11008]	[1,2048]	8983787402	8983814294	NA	PASS
MP05	1	1784	model.layers.14.self_attn	DECODE	null	[1,2048]	8983832147	8984018428	NA	PASS
MP05	1	1785	model.layers.14.mlp.gate_up_proj	DECODE	[1,2048]	[1,22016]	8984035512	8984063762	NA	PASS
MP05	1	1786	model.layers.14.mlp.act_fn	DECODE	[1,22016]	[1,11008]	8984067863	8984080108	NA	PASS
MP05	1	1787	model.layers.14.mlp.down_proj	DECODE	[1,11008]	[1,2048]	8984083561	8984110466	NA	PASS
MP05	1	1788	model.layers.15.self_attn	DECODE	null	[1,2048]	8984130097	8984315076	NA	PASS
MP05	1	1789	model.layers.15.mlp.gate_up_proj	DECODE	[1,2048]	[1,22016]	8984344772	8984374181	NA	PASS
MP05	1	1790	model.layers.15.mlp.act_fn	DECODE	[1,22016]	[1,11008]	8984378451	8984392229	NA	PASS
MP05	1	1791	model.layers.15.mlp.down_proj	DECODE	[1,11008]	[1,2048]	8984395737	8984423729	NA	PASS
MP05	1	1792	model.layers.16.self_attn	DECODE	null	[1,2048]	8984442072	8984630635	NA	PASS
MP05	1	1793	model.layers.16.mlp.gate_up_proj	DECODE	[1,2048]	[1,22016]	8984647628	8984675892	NA	PASS
MP05	1	1794	model.layers.16.mlp.act_fn	DECODE	[1,22016]	[1,11008]	8984679981	8984692473	NA	PASS
MP05	1	1795	model.layers.16.mlp.down_proj	DECODE	[1,11008]	[1,2048]	8984695968	8984723040	NA	PASS
MP05	1	1796	model.layers.17.self_attn	DECODE	null	[1,2048]	8984740454	8984921594	NA	PASS
MP05	1	1797	model.layers.17.mlp.gate_up_proj	DECODE	[1,2048]	[1,22016]	8984940622	8984969987	NA	PASS
MP05	1	1798	model.layers.17.mlp.act_fn	DECODE	[1,22016]	[1,11008]	8984974472	8984987047	NA	PASS
MP05	1	1799	model.layers.17.mlp.down_proj	DECODE	[1,11008]	[1,2048]	8984990597	8985017655	NA	PASS
MP05	1	1800	model.layers.18.self_attn	DECODE	null	[1,2048]	8985035619	8985224597	NA	PASS
MP05	1	1801	model.layers.18.mlp.gate_up_proj	DECODE	[1,2048]	[1,22016]	8985242541	8985270393	NA	PASS
MP05	1	1802	model.layers.18.mlp.act_fn	DECODE	[1,22016]	[1,11008]	8985274745	8985287473	NA	PASS
MP05	1	1803	model.layers.18.mlp.down_proj	DECODE	[1,11008]	[1,2048]	8985290902	8985318725	NA	PASS
MP05	1	1804	model.layers.19.self_attn	DECODE	null	[1,2048]	8985338789	8985536074	NA	PASS
MP05	1	1805	model.layers.19.mlp.gate_up_proj	DECODE	[1,2048]	[1,22016]	8985554746	8985583751	NA	PASS
MP05	1	1806	model.layers.19.mlp.act_fn	DECODE	[1,22016]	[1,11008]	8985588164	8985601013	NA	PASS
MP05	1	1807	model.layers.19.mlp.down_proj	DECODE	[1,11008]	[1,2048]	8985604612	8985631759	NA	PASS
MP05	1	1808	model.layers.20.self_attn	DECODE	null	[1,2048]	8985650287	8985832642	NA	PASS
MP05	1	1809	model.layers.20.mlp.gate_up_proj	DECODE	[1,2048]	[1,22016]	8985850227	8985878828	NA	PASS
MP05	1	1810	model.layers.20.mlp.act_fn	DECODE	[1,22016]	[1,11008]	8985883019	8985895468	NA	PASS
MP05	1	1811	model.layers.20.mlp.down_proj	DECODE	[1,11008]	[1,2048]	8985898983	8985926966	NA	PASS
MP05	1	1812	model.layers.21.self_attn	DECODE	null	[1,2048]	8985944645	8986128696	NA	PASS
MP05	1	1813	model.layers.21.mlp.gate_up_proj	DECODE	[1,2048]	[1,22016]	8986148257	8986177793	NA	PASS
MP05	1	1814	model.layers.21.mlp.act_fn	DECODE	[1,22016]	[1,11008]	8986182218	8986195539	NA	PASS
MP05	1	1815	model.layers.21.mlp.down_proj	DECODE	[1,11008]	[1,2048]	8986199116	8986227536	NA	PASS
MP05	1	1816	model.layers.22.self_attn	DECODE	null	[1,2048]	8986248901	8986432318	NA	PASS
MP05	1	1817	model.layers.22.mlp.gate_up_proj	DECODE	[1,2048]	[1,22016]	8986450105	8986482456	NA	PASS
MP05	1	1818	model.layers.22.mlp.act_fn	DECODE	[1,22016]	[1,11008]	8986486786	8986499314	NA	PASS
MP05	1	1819	model.layers.22.mlp.down_proj	DECODE	[1,11008]	[1,2048]	8986502672	8986529839	NA	PASS
MP05	1	1820	model.layers.23.self_attn	DECODE	null	[1,2048]	8986549555	8986734096	NA	PASS
MP05	1	1821	model.layers.23.mlp.gate_up_proj	DECODE	[1,2048]	[1,22016]	8986752210	8986781241	NA	PASS
MP05	1	1822	model.layers.23.mlp.act_fn	DECODE	[1,22016]	[1,11008]	8986785421	8986799954	NA	PASS
MP05	1	1823	model.layers.23.mlp.down_proj	DECODE	[1,11008]	[1,2048]	8986803641	8986832358	NA	PASS
MP05	1	1824	model.layers.24.self_attn	DECODE	null	[1,2048]	8986850359	8987040203	NA	PASS
MP05	1	1825	model.layers.24.mlp.gate_up_proj	DECODE	[1,2048]	[1,22016]	8987058779	8987087839	NA	PASS
MP05	1	1826	model.layers.24.mlp.act_fn	DECODE	[1,22016]	[1,11008]	8987092674	8987105053	NA	PASS
MP05	1	1827	model.layers.24.mlp.down_proj	DECODE	[1,11008]	[1,2048]	8987108512	8987135961	NA	PASS
MP05	1	1828	model.layers.25.self_attn	DECODE	null	[1,2048]	8987154523	8987340434	NA	PASS
MP05	1	1829	model.layers.25.mlp.gate_up_proj	DECODE	[1,2048]	[1,22016]	8987358881	8987387585	NA	PASS
MP05	1	1830	model.layers.25.mlp.act_fn	DECODE	[1,22016]	[1,11008]	8987391896	8987404710	NA	PASS
MP05	1	1831	model.layers.25.mlp.down_proj	DECODE	[1,11008]	[1,2048]	8987408121	8987435550	NA	PASS
MP05	1	1832	model.layers.26.self_attn	DECODE	null	[1,2048]	8987454170	8987704102	NA	PASS
MP05	1	1833	model.layers.26.mlp.gate_up_proj	DECODE	[1,2048]	[1,22016]	8987726866	8987758276	NA	PASS
MP05	1	1834	model.layers.26.mlp.act_fn	DECODE	[1,22016]	[1,11008]	8987763229	8987777221	NA	PASS
MP05	1	1835	model.layers.26.mlp.down_proj	DECODE	[1,11008]	[1,2048]	8987780867	8987814210	NA	PASS
MP05	1	1836	model.layers.27.self_attn	DECODE	null	[1,2048]	8987835459	8988043385	NA	PASS
MP05	1	1837	model.layers.27.mlp.gate_up_proj	DECODE	[1,2048]	[1,22016]	8988062390	8988091235	NA	PASS
MP05	1	1838	model.layers.27.mlp.act_fn	DECODE	[1,22016]	[1,11008]	8988097559	8988110541	NA	PASS
MP05	1	1839	model.layers.27.mlp.down_proj	DECODE	[1,11008]	[1,2048]	8988114189	8988141697	NA	PASS
MP05	1	1840	model.layers.28.self_attn	DECODE	null	[1,2048]	8988159977	8988349740	NA	PASS
MP05	1	1841	model.layers.28.mlp.gate_up_proj	DECODE	[1,2048]	[1,22016]	8988367445	8988395607	NA	PASS
MP05	1	1842	model.layers.28.mlp.act_fn	DECODE	[1,22016]	[1,11008]	8988399778	8988414169	NA	PASS
MP05	1	1843	model.layers.28.mlp.down_proj	DECODE	[1,11008]	[1,2048]	8988417551	8988444654	NA	PASS
MP05	1	1844	model.layers.29.self_attn	DECODE	null	[1,2048]	8988466950	8988657446	NA	PASS
MP05	1	1845	model.layers.29.mlp.gate_up_proj	DECODE	[1,2048]	[1,22016]	8988675653	8988704764	NA	PASS
MP05	1	1846	model.layers.29.mlp.act_fn	DECODE	[1,22016]	[1,11008]	8988709262	8988722452	NA	PASS
MP05	1	1847	model.layers.29.mlp.down_proj	DECODE	[1,11008]	[1,2048]	8988725921	8988754013	NA	PASS
MP05	1	1848	model.layers.30.self_attn	DECODE	null	[1,2048]	8988772737	8988967726	NA	PASS
MP05	1	1849	model.layers.30.mlp.gate_up_proj	DECODE	[1,2048]	[1,22016]	8988986259	8989015143	NA	PASS
MP05	1	1850	model.layers.30.mlp.act_fn	DECODE	[1,22016]	[1,11008]	8989019693	8989032542	NA	PASS
MP05	1	1851	model.layers.30.mlp.down_proj	DECODE	[1,11008]	[1,2048]	8989036223	8989064497	NA	PASS
MP05	1	1852	model.layers.31.self_attn	DECODE	null	[1,2048]	8989084798	8989274413	NA	PASS
MP05	1	1853	model.layers.31.mlp.gate_up_proj	DECODE	[1,2048]	[1,22016]	8989292675	8989321660	NA	PASS
MP05	1	1854	model.layers.31.mlp.act_fn	DECODE	[1,22016]	[1,11008]	8989325971	8989341279	NA	PASS
MP05	1	1855	model.layers.31.mlp.down_proj	DECODE	[1,11008]	[1,2048]	8989344768	8989374266	NA	PASS
MP05	1	1856	model.layers.32.self_attn	DECODE	null	[1,2048]	8989391690	8989580414	NA	PASS
MP05	1	1857	model.layers.32.mlp.gate_up_proj	DECODE	[1,2048]	[1,22016]	8989598448	8989627351	NA	PASS
MP05	1	1858	model.layers.32.mlp.act_fn	DECODE	[1,22016]	[1,11008]	8989631758	8989644400	NA	PASS
MP05	1	1859	model.layers.32.mlp.down_proj	DECODE	[1,11008]	[1,2048]	8989647882	8989675163	NA	PASS
MP05	1	1860	model.layers.33.self_attn	DECODE	null	[1,2048]	8989693504	8989875597	NA	PASS
MP05	1	1861	model.layers.33.mlp.gate_up_proj	DECODE	[1,2048]	[1,22016]	8989893403	8989922213	NA	PASS
MP05	1	1862	model.layers.33.mlp.act_fn	DECODE	[1,22016]	[1,11008]	8989926434	8989939159	NA	PASS
MP05	1	1863	model.layers.33.mlp.down_proj	DECODE	[1,11008]	[1,2048]	8989942758	8989970290	NA	PASS
MP05	1	1864	model.layers.34.self_attn	DECODE	null	[1,2048]	8989988659	8990178150	NA	PASS
MP05	1	1865	model.layers.34.mlp.gate_up_proj	DECODE	[1,2048]	[1,22016]	8990196728	8990226268	NA	PASS
MP05	1	1866	model.layers.34.mlp.act_fn	DECODE	[1,22016]	[1,11008]	8990230552	8990243790	NA	PASS
MP05	1	1867	model.layers.34.mlp.down_proj	DECODE	[1,11008]	[1,2048]	8990247320	8990274986	NA	PASS
MP05	1	1868	model.layers.35.self_attn	DECODE	null	[1,2048]	8990294778	8990485561	NA	PASS
MP05	1	1869	model.layers.35.mlp.gate_up_proj	DECODE	[1,2048]	[1,22016]	8990503836	8990533099	NA	PASS
MP05	1	1870	model.layers.35.mlp.act_fn	DECODE	[1,22016]	[1,11008]	8990537321	8990550105	NA	PASS
MP05	1	1871	model.layers.35.mlp.down_proj	DECODE	[1,11008]	[1,2048]	8990555369	8990583082	NA	PASS
MP05	1	1872	model.layers.0.self_attn	DECODE	null	[1,2048]	8991673975	8991932143	NA	PASS
MP05	1	1873	model.layers.0.mlp.gate_up_proj	DECODE	[1,2048]	[1,22016]	8991957314	8991989770	NA	PASS
MP05	1	1874	model.layers.0.mlp.act_fn	DECODE	[1,22016]	[1,11008]	8991994827	8992009146	NA	PASS
MP05	1	1875	model.layers.0.mlp.down_proj	DECODE	[1,11008]	[1,2048]	8992013298	8992043094	NA	PASS
MP05	1	1876	model.layers.1.self_attn	DECODE	null	[1,2048]	8992062756	8992269592	NA	PASS
MP05	1	1877	model.layers.1.mlp.gate_up_proj	DECODE	[1,2048]	[1,22016]	8992289846	8992320033	NA	PASS
MP05	1	1878	model.layers.1.mlp.act_fn	DECODE	[1,22016]	[1,11008]	8992327678	8992340937	NA	PASS
MP05	1	1879	model.layers.1.mlp.down_proj	DECODE	[1,11008]	[1,2048]	8992344766	8992372635	NA	PASS
MP05	1	1880	model.layers.2.self_attn	DECODE	null	[1,2048]	8992392493	8992599076	NA	PASS
MP05	1	1881	model.layers.2.mlp.gate_up_proj	DECODE	[1,2048]	[1,22016]	8992618353	8992647535	NA	PASS
MP05	1	1882	model.layers.2.mlp.act_fn	DECODE	[1,22016]	[1,11008]	8992651837	8992664688	NA	PASS
MP05	1	1883	model.layers.2.mlp.down_proj	DECODE	[1,11008]	[1,2048]	8992668299	8992695757	NA	PASS
MP05	1	1884	model.layers.3.self_attn	DECODE	null	[1,2048]	8992714531	8992903595	NA	PASS
MP05	1	1885	model.layers.3.mlp.gate_up_proj	DECODE	[1,2048]	[1,22016]	8992921789	8992952010	NA	PASS
MP05	1	1886	model.layers.3.mlp.act_fn	DECODE	[1,22016]	[1,11008]	8992956212	8992968602	NA	PASS
MP05	1	1887	model.layers.3.mlp.down_proj	DECODE	[1,11008]	[1,2048]	8992972193	8992999422	NA	PASS
MP05	1	1888	model.layers.4.self_attn	DECODE	null	[1,2048]	8993017705	8993211246	NA	PASS
MP05	1	1889	model.layers.4.mlp.gate_up_proj	DECODE	[1,2048]	[1,22016]	8993230798	8993260934	NA	PASS
MP05	1	1890	model.layers.4.mlp.act_fn	DECODE	[1,22016]	[1,11008]	8993267297	8993280663	NA	PASS
MP05	1	1891	model.layers.4.mlp.down_proj	DECODE	[1,11008]	[1,2048]	8993284328	8993313081	NA	PASS
MP05	1	1892	model.layers.5.self_attn	DECODE	null	[1,2048]	8993332386	8993528290	NA	PASS
MP05	1	1893	model.layers.5.mlp.gate_up_proj	DECODE	[1,2048]	[1,22016]	8993546885	8993576161	NA	PASS
MP05	1	1894	model.layers.5.mlp.act_fn	DECODE	[1,22016]	[1,11008]	8993580550	8993593112	NA	PASS
MP05	1	1895	model.layers.5.mlp.down_proj	DECODE	[1,11008]	[1,2048]	8993596545	8993623665	NA	PASS
MP05	1	1896	model.layers.6.self_attn	DECODE	null	[1,2048]	8993641498	8993829103	NA	PASS
MP05	1	1897	model.layers.6.mlp.gate_up_proj	DECODE	[1,2048]	[1,22016]	8993846807	8993875689	NA	PASS
MP05	1	1898	model.layers.6.mlp.act_fn	DECODE	[1,22016]	[1,11008]	8993879749	8993892429	NA	PASS
MP05	1	1899	model.layers.6.mlp.down_proj	DECODE	[1,11008]	[1,2048]	8993895783	8993922955	NA	PASS
MP05	1	1900	model.layers.7.self_attn	DECODE	null	[1,2048]	8993940861	8994121309	NA	PASS
MP05	1	1901	model.layers.7.mlp.gate_up_proj	DECODE	[1,2048]	[1,22016]	8994138528	8994166555	NA	PASS
MP05	1	1902	model.layers.7.mlp.act_fn	DECODE	[1,22016]	[1,11008]	8994170686	8994182903	NA	PASS
MP05	1	1903	model.layers.7.mlp.down_proj	DECODE	[1,11008]	[1,2048]	8994186309	8994212963	NA	PASS
MP05	1	1904	model.layers.8.self_attn	DECODE	null	[1,2048]	8994230717	8994418733	NA	PASS
MP05	1	1905	model.layers.8.mlp.gate_up_proj	DECODE	[1,2048]	[1,22016]	8994437821	8994472532	NA	PASS
MP05	1	1906	model.layers.8.mlp.act_fn	DECODE	[1,22016]	[1,11008]	8994477319	8994490185	NA	PASS
MP05	1	1907	model.layers.8.mlp.down_proj	DECODE	[1,11008]	[1,2048]	8994493728	8994521405	NA	PASS
MP05	1	1908	model.layers.9.self_attn	DECODE	null	[1,2048]	8994540316	8994726292	NA	PASS
MP05	1	1909	model.layers.9.mlp.gate_up_proj	DECODE	[1,2048]	[1,22016]	8994744745	8994774051	NA	PASS
MP05	1	1910	model.layers.9.mlp.act_fn	DECODE	[1,22016]	[1,11008]	8994778557	8994790960	NA	PASS
MP05	1	1911	model.layers.9.mlp.down_proj	DECODE	[1,11008]	[1,2048]	8994794789	8994821984	NA	PASS
MP05	1	1912	model.layers.10.self_attn	DECODE	null	[1,2048]	8994840688	8995025431	NA	PASS
MP05	1	1913	model.layers.10.mlp.gate_up_proj	DECODE	[1,2048]	[1,22016]	8995042983	8995071657	NA	PASS
MP05	1	1914	model.layers.10.mlp.act_fn	DECODE	[1,22016]	[1,11008]	8995075922	8995089842	NA	PASS
MP05	1	1915	model.layers.10.mlp.down_proj	DECODE	[1,11008]	[1,2048]	8995093467	8995121021	NA	PASS
MP05	1	1916	model.layers.11.self_attn	DECODE	null	[1,2048]	8995138595	8995318781	NA	PASS
MP05	1	1917	model.layers.11.mlp.gate_up_proj	DECODE	[1,2048]	[1,22016]	8995337607	8995366792	NA	PASS
MP05	1	1918	model.layers.11.mlp.act_fn	DECODE	[1,22016]	[1,11008]	8995371182	8995383965	NA	PASS
MP05	1	1919	model.layers.11.mlp.down_proj	DECODE	[1,11008]	[1,2048]	8995387571	8995415221	NA	PASS
MP05	1	1920	model.layers.12.self_attn	DECODE	null	[1,2048]	8995433936	8995641416	NA	PASS
MP05	1	1921	model.layers.12.mlp.gate_up_proj	DECODE	[1,2048]	[1,22016]	8995659578	8995688707	NA	PASS
MP05	1	1922	model.layers.12.mlp.act_fn	DECODE	[1,22016]	[1,11008]	8995693067	8995705657	NA	PASS
MP05	1	1923	model.layers.12.mlp.down_proj	DECODE	[1,11008]	[1,2048]	8995708971	8995736340	NA	PASS
MP05	1	1924	model.layers.13.self_attn	DECODE	null	[1,2048]	8995754329	8995939334	NA	PASS
MP05	1	1925	model.layers.13.mlp.gate_up_proj	DECODE	[1,2048]	[1,22016]	8995957027	8995986332	NA	PASS
MP05	1	1926	model.layers.13.mlp.act_fn	DECODE	[1,22016]	[1,11008]	8995990494	8996003869	NA	PASS
MP05	1	1927	model.layers.13.mlp.down_proj	DECODE	[1,11008]	[1,2048]	8996007200	8996034124	NA	PASS
MP05	1	1928	model.layers.14.self_attn	DECODE	null	[1,2048]	8996051639	8996242446	NA	PASS
MP05	1	1929	model.layers.14.mlp.gate_up_proj	DECODE	[1,2048]	[1,22016]	8996261667	8996291799	NA	PASS
MP05	1	1930	model.layers.14.mlp.act_fn	DECODE	[1,22016]	[1,11008]	8996296330	8996309513	NA	PASS
MP05	1	1931	model.layers.14.mlp.down_proj	DECODE	[1,11008]	[1,2048]	8996313261	8996341090	NA	PASS
MP05	1	1932	model.layers.15.self_attn	DECODE	null	[1,2048]	8996359926	8996552991	NA	PASS
MP05	1	1933	model.layers.15.mlp.gate_up_proj	DECODE	[1,2048]	[1,22016]	8996571990	8996600770	NA	PASS
MP05	1	1934	model.layers.15.mlp.act_fn	DECODE	[1,22016]	[1,11008]	8996605038	8996617867	NA	PASS
MP05	1	1935	model.layers.15.mlp.down_proj	DECODE	[1,11008]	[1,2048]	8996621393	8996648941	NA	PASS
MP05	1	1936	model.layers.16.self_attn	DECODE	null	[1,2048]	8996667541	8996858696	NA	PASS
MP05	1	1937	model.layers.16.mlp.gate_up_proj	DECODE	[1,2048]	[1,22016]	8996876947	8996906291	NA	PASS
MP05	1	1938	model.layers.16.mlp.act_fn	DECODE	[1,22016]	[1,11008]	8996910466	8996923291	NA	PASS
MP05	1	1939	model.layers.16.mlp.down_proj	DECODE	[1,11008]	[1,2048]	8996926849	8996954845	NA	PASS
MP05	1	1940	model.layers.17.self_attn	DECODE	null	[1,2048]	8996972642	8997158324	NA	PASS
MP05	1	1941	model.layers.17.mlp.gate_up_proj	DECODE	[1,2048]	[1,22016]	8997176594	8997205799	NA	PASS
MP05	1	1942	model.layers.17.mlp.act_fn	DECODE	[1,22016]	[1,11008]	8997212011	8997225077	NA	PASS
MP05	1	1943	model.layers.17.mlp.down_proj	DECODE	[1,11008]	[1,2048]	8997228591	8997256937	NA	PASS
MP05	1	1944	model.layers.18.self_attn	DECODE	null	[1,2048]	8997275675	8997473589	NA	PASS
MP05	1	1945	model.layers.18.mlp.gate_up_proj	DECODE	[1,2048]	[1,22016]	8997491878	8997521873	NA	PASS
MP05	1	1946	model.layers.18.mlp.act_fn	DECODE	[1,22016]	[1,11008]	8997526211	8997538911	NA	PASS
MP05	1	1947	model.layers.18.mlp.down_proj	DECODE	[1,11008]	[1,2048]	8997542389	8997569949	NA	PASS
MP05	1	1948	model.layers.19.self_attn	DECODE	null	[1,2048]	8997587464	8997772508	NA	PASS
MP05	1	1949	model.layers.19.mlp.gate_up_proj	DECODE	[1,2048]	[1,22016]	8997789858	8997818575	NA	PASS
MP05	1	1950	model.layers.19.mlp.act_fn	DECODE	[1,22016]	[1,11008]	8997822858	8997835627	NA	PASS
MP05	1	1951	model.layers.19.mlp.down_proj	DECODE	[1,11008]	[1,2048]	8997839276	8997867126	NA	PASS
MP05	1	1952	model.layers.20.self_attn	DECODE	null	[1,2048]	8997885414	8998075729	NA	PASS
MP05	1	1953	model.layers.20.mlp.gate_up_proj	DECODE	[1,2048]	[1,22016]	8998092934	8998121544	NA	PASS
MP05	1	1954	model.layers.20.mlp.act_fn	DECODE	[1,22016]	[1,11008]	8998125762	8998137858	NA	PASS
MP05	1	1955	model.layers.20.mlp.down_proj	DECODE	[1,11008]	[1,2048]	8998141370	8998168428	NA	PASS
MP05	1	1956	model.layers.21.self_attn	DECODE	null	[1,2048]	8998185674	8998362190	NA	PASS
MP05	1	1957	model.layers.21.mlp.gate_up_proj	DECODE	[1,2048]	[1,22016]	8998380452	8998413794	NA	PASS
MP05	1	1958	model.layers.21.mlp.act_fn	DECODE	[1,22016]	[1,11008]	8998418087	8998430781	NA	PASS
MP05	1	1959	model.layers.21.mlp.down_proj	DECODE	[1,11008]	[1,2048]	8998434437	8998465683	NA	PASS
MP05	1	1960	model.layers.22.self_attn	DECODE	null	[1,2048]	8998484854	8998743563	NA	PASS
MP05	1	1961	model.layers.22.mlp.gate_up_proj	DECODE	[1,2048]	[1,22016]	8998763243	8998794120	NA	PASS
MP05	1	1962	model.layers.22.mlp.act_fn	DECODE	[1,22016]	[1,11008]	8998798445	8998811288	NA	PASS
MP05	1	1963	model.layers.22.mlp.down_proj	DECODE	[1,11008]	[1,2048]	8998814919	8998842393	NA	PASS
MP05	1	1964	model.layers.23.self_attn	DECODE	null	[1,2048]	8998860230	8999044936	NA	PASS
MP05	1	1965	model.layers.23.mlp.gate_up_proj	DECODE	[1,2048]	[1,22016]	8999062832	8999091423	NA	PASS
MP05	1	1966	model.layers.23.mlp.act_fn	DECODE	[1,22016]	[1,11008]	8999095590	8999107813	NA	PASS
MP05	1	1967	model.layers.23.mlp.down_proj	DECODE	[1,11008]	[1,2048]	8999111199	8999138798	NA	PASS
MP05	1	1968	model.layers.24.self_attn	DECODE	null	[1,2048]	8999156338	8999343449	NA	PASS
MP05	1	1969	model.layers.24.mlp.gate_up_proj	DECODE	[1,2048]	[1,22016]	8999361142	8999390455	NA	PASS
MP05	1	1970	model.layers.24.mlp.act_fn	DECODE	[1,22016]	[1,11008]	8999394977	8999409776	NA	PASS
MP05	1	1971	model.layers.24.mlp.down_proj	DECODE	[1,11008]	[1,2048]	8999413228	8999440429	NA	PASS
MP05	1	1972	model.layers.25.self_attn	DECODE	null	[1,2048]	8999458436	8999654152	NA	PASS
MP05	1	1973	model.layers.25.mlp.gate_up_proj	DECODE	[1,2048]	[1,22016]	8999671903	8999700732	NA	PASS
MP05	1	1974	model.layers.25.mlp.act_fn	DECODE	[1,22016]	[1,11008]	8999705294	8999717890	NA	PASS
MP05	1	1975	model.layers.25.mlp.down_proj	DECODE	[1,11008]	[1,2048]	8999721444	8999749540	NA	PASS
MP05	1	1976	model.layers.26.self_attn	DECODE	null	[1,2048]	8999767520	8999953025	NA	PASS
MP05	1	1977	model.layers.26.mlp.gate_up_proj	DECODE	[1,2048]	[1,22016]	8999970479	8999999163	NA	PASS
MP05	1	1978	model.layers.26.mlp.act_fn	DECODE	[1,22016]	[1,11008]	9000003465	9000015641	NA	PASS
MP05	1	1979	model.layers.26.mlp.down_proj	DECODE	[1,11008]	[1,2048]	9000019006	9000045954	NA	PASS
MP05	1	1980	model.layers.27.self_attn	DECODE	null	[1,2048]	9000063591	9000245136	NA	PASS
MP05	1	1981	model.layers.27.mlp.gate_up_proj	DECODE	[1,2048]	[1,22016]	9000261953	9000290162	NA	PASS
MP05	1	1982	model.layers.27.mlp.act_fn	DECODE	[1,22016]	[1,11008]	9000294557	9000307213	NA	PASS
MP05	1	1983	model.layers.27.mlp.down_proj	DECODE	[1,11008]	[1,2048]	9000310807	9000337632	NA	PASS
MP05	1	1984	model.layers.28.self_attn	DECODE	null	[1,2048]	9000355097	9000547239	NA	PASS
MP05	1	1985	model.layers.28.mlp.gate_up_proj	DECODE	[1,2048]	[1,22016]	9000566990	9000597683	NA	PASS
MP05	1	1986	model.layers.28.mlp.act_fn	DECODE	[1,22016]	[1,11008]	9000602197	9000615288	NA	PASS
MP05	1	1987	model.layers.28.mlp.down_proj	DECODE	[1,11008]	[1,2048]	9000618935	9000648211	NA	PASS
MP05	1	1988	model.layers.29.self_attn	DECODE	null	[1,2048]	9000667986	9000856551	NA	PASS
MP05	1	1989	model.layers.29.mlp.gate_up_proj	DECODE	[1,2048]	[1,22016]	9000874405	9000903348	NA	PASS
MP05	1	1990	model.layers.29.mlp.act_fn	DECODE	[1,22016]	[1,11008]	9000907847	9000920797	NA	PASS
MP05	1	1991	model.layers.29.mlp.down_proj	DECODE	[1,11008]	[1,2048]	9000924344	9000951368	NA	PASS
MP05	1	1992	model.layers.30.self_attn	DECODE	null	[1,2048]	9000969069	9001153227	NA	PASS
MP05	1	1993	model.layers.30.mlp.gate_up_proj	DECODE	[1,2048]	[1,22016]	9001170396	9001199185	NA	PASS
MP05	1	1994	model.layers.30.mlp.act_fn	DECODE	[1,22016]	[1,11008]	9001203583	9001216056	NA	PASS
MP05	1	1995	model.layers.30.mlp.down_proj	DECODE	[1,11008]	[1,2048]	9001219351	9001246914	NA	PASS
MP05	1	1996	model.layers.31.self_attn	DECODE	null	[1,2048]	9001265698	9001448493	NA	PASS
MP05	1	1997	model.layers.31.mlp.gate_up_proj	DECODE	[1,2048]	[1,22016]	9001469679	9001499466	NA	PASS
MP05	1	1998	model.layers.31.mlp.act_fn	DECODE	[1,22016]	[1,11008]	9001503777	9001516670	NA	PASS
MP05	1	1999	model.layers.31.mlp.down_proj	DECODE	[1,11008]	[1,2048]	9001520094	9001547513	NA	PASS
MP05	1	2000	model.layers.32.self_attn	DECODE	null	[1,2048]	9001565998	9001763842	NA	PASS
MP05	1	2001	model.layers.32.mlp.gate_up_proj	DECODE	[1,2048]	[1,22016]	9001781723	9001810300	NA	PASS
MP05	1	2002	model.layers.32.mlp.act_fn	DECODE	[1,22016]	[1,11008]	9001814471	9001827035	NA	PASS
MP05	1	2003	model.layers.32.mlp.down_proj	DECODE	[1,11008]	[1,2048]	9001830612	9001859232	NA	PASS
MP05	1	2004	model.layers.33.self_attn	DECODE	null	[1,2048]	9001877794	9002107256	NA	PASS
MP05	1	2005	model.layers.33.mlp.gate_up_proj	DECODE	[1,2048]	[1,22016]	9002126498	9002155283	NA	PASS
MP05	1	2006	model.layers.33.mlp.act_fn	DECODE	[1,22016]	[1,11008]	9002162026	9002175951	NA	PASS
MP05	1	2007	model.layers.33.mlp.down_proj	DECODE	[1,11008]	[1,2048]	9002179587	9002207633	NA	PASS
MP05	1	2008	model.layers.34.self_attn	DECODE	null	[1,2048]	9002225981	9002416205	NA	PASS
MP05	1	2009	model.layers.34.mlp.gate_up_proj	DECODE	[1,2048]	[1,22016]	9002433882	9002466432	NA	PASS
MP05	1	2010	model.layers.34.mlp.act_fn	DECODE	[1,22016]	[1,11008]	9002470857	9002483501	NA	PASS
MP05	1	2011	model.layers.34.mlp.down_proj	DECODE	[1,11008]	[1,2048]	9002488324	9002516077	NA	PASS
MP05	1	2012	model.layers.35.self_attn	DECODE	null	[1,2048]	9002533784	9002721650	NA	PASS
MP05	1	2013	model.layers.35.mlp.gate_up_proj	DECODE	[1,2048]	[1,22016]	9002740485	9002769592	NA	PASS
MP05	1	2014	model.layers.35.mlp.act_fn	DECODE	[1,22016]	[1,11008]	9002773790	9002786585	NA	PASS
MP05	1	2015	model.layers.35.mlp.down_proj	DECODE	[1,11008]	[1,2048]	9002790245	9002818776	NA	PASS
MP05	1	2016	model.layers.0.self_attn	DECODE	null	[1,2048]	9003909614	9004172437	NA	PASS
MP05	1	2017	model.layers.0.mlp.gate_up_proj	DECODE	[1,2048]	[1,22016]	9004209233	9004244670	NA	PASS
MP05	1	2018	model.layers.0.mlp.act_fn	DECODE	[1,22016]	[1,11008]	9004249953	9004264896	NA	PASS
MP05	1	2019	model.layers.0.mlp.down_proj	DECODE	[1,11008]	[1,2048]	9004269138	9004301246	NA	PASS
MP05	1	2020	model.layers.1.self_attn	DECODE	null	[1,2048]	9004322747	9004551059	NA	PASS
MP05	1	2021	model.layers.1.mlp.gate_up_proj	DECODE	[1,2048]	[1,22016]	9004571932	9004602024	NA	PASS
MP05	1	2022	model.layers.1.mlp.act_fn	DECODE	[1,22016]	[1,11008]	9004607062	9004620712	NA	PASS
MP05	1	2023	model.layers.1.mlp.down_proj	DECODE	[1,11008]	[1,2048]	9004624548	9004652787	NA	PASS
MP05	1	2024	model.layers.2.self_attn	DECODE	null	[1,2048]	9004671996	9004877827	NA	PASS
MP05	1	2025	model.layers.2.mlp.gate_up_proj	DECODE	[1,2048]	[1,22016]	9004897770	9004927963	NA	PASS
MP05	1	2026	model.layers.2.mlp.act_fn	DECODE	[1,22016]	[1,11008]	9004932358	9004945457	NA	PASS
MP05	1	2027	model.layers.2.mlp.down_proj	DECODE	[1,11008]	[1,2048]	9004949460	9004977270	NA	PASS
MP05	1	2028	model.layers.3.self_attn	DECODE	null	[1,2048]	9004996280	9005189346	NA	PASS
MP05	1	2029	model.layers.3.mlp.gate_up_proj	DECODE	[1,2048]	[1,22016]	9005207483	9005236383	NA	PASS
MP05	1	2030	model.layers.3.mlp.act_fn	DECODE	[1,22016]	[1,11008]	9005240866	9005253845	NA	PASS
MP05	1	2031	model.layers.3.mlp.down_proj	DECODE	[1,11008]	[1,2048]	9005257465	9005284937	NA	PASS
MP05	1	2032	model.layers.4.self_attn	DECODE	null	[1,2048]	9005303732	9005495738	NA	PASS
MP05	1	2033	model.layers.4.mlp.gate_up_proj	DECODE	[1,2048]	[1,22016]	9005514638	9005544523	NA	PASS
MP05	1	2034	model.layers.4.mlp.act_fn	DECODE	[1,22016]	[1,11008]	9005548697	9005561562	NA	PASS
MP05	1	2035	model.layers.4.mlp.down_proj	DECODE	[1,11008]	[1,2048]	9005565531	9005593105	NA	PASS
MP05	1	2036	model.layers.5.self_attn	DECODE	null	[1,2048]	9005612169	9005807604	NA	PASS
MP05	1	2037	model.layers.5.mlp.gate_up_proj	DECODE	[1,2048]	[1,22016]	9005826587	9005855885	NA	PASS
MP05	1	2038	model.layers.5.mlp.act_fn	DECODE	[1,22016]	[1,11008]	9005860391	9005875918	NA	PASS
MP05	1	2039	model.layers.5.mlp.down_proj	DECODE	[1,11008]	[1,2048]	9005879598	9005908982	NA	PASS
MP05	1	2040	model.layers.6.self_attn	DECODE	null	[1,2048]	9005927555	9006126430	NA	PASS
MP05	1	2041	model.layers.6.mlp.gate_up_proj	DECODE	[1,2048]	[1,22016]	9006144551	9006173314	NA	PASS
MP05	1	2042	model.layers.6.mlp.act_fn	DECODE	[1,22016]	[1,11008]	9006177440	9006190509	NA	PASS
MP05	1	2043	model.layers.6.mlp.down_proj	DECODE	[1,11008]	[1,2048]	9006194187	9006222209	NA	PASS
MP05	1	2044	model.layers.7.self_attn	DECODE	null	[1,2048]	9006240226	9006426864	NA	PASS
MP05	1	2045	model.layers.7.mlp.gate_up_proj	DECODE	[1,2048]	[1,22016]	9006444645	9006477740	NA	PASS
MP05	1	2046	model.layers.7.mlp.act_fn	DECODE	[1,22016]	[1,11008]	9006481910	9006494721	NA	PASS
MP05	1	2047	model.layers.7.mlp.down_proj	DECODE	[1,11008]	[1,2048]	9006498296	9006524873	NA	PASS
MP05	1	2048	model.layers.8.self_attn	DECODE	null	[1,2048]	9006542593	9006727213	NA	PASS
MP05	1	2049	model.layers.8.mlp.gate_up_proj	DECODE	[1,2048]	[1,22016]	9006744457	9006773552	NA	PASS
MP05	1	2050	model.layers.8.mlp.act_fn	DECODE	[1,22016]	[1,11008]	9006777669	9006790216	NA	PASS
MP05	1	2051	model.layers.8.mlp.down_proj	DECODE	[1,11008]	[1,2048]	9006795889	9006824148	NA	PASS
MP05	1	2052	model.layers.9.self_attn	DECODE	null	[1,2048]	9006842234	9007027988	NA	PASS
MP05	1	2053	model.layers.9.mlp.gate_up_proj	DECODE	[1,2048]	[1,22016]	9007045815	9007074914	NA	PASS
MP05	1	2054	model.layers.9.mlp.act_fn	DECODE	[1,22016]	[1,11008]	9007079184	9007091630	NA	PASS
MP05	1	2055	model.layers.9.mlp.down_proj	DECODE	[1,11008]	[1,2048]	9007095851	9007127150	NA	PASS
MP05	1	2056	model.layers.10.self_attn	DECODE	null	[1,2048]	9007144980	9007337275	NA	PASS
MP05	1	2057	model.layers.10.mlp.gate_up_proj	DECODE	[1,2048]	[1,22016]	9007357436	9007387956	NA	PASS
MP05	1	2058	model.layers.10.mlp.act_fn	DECODE	[1,22016]	[1,11008]	9007393007	9007406171	NA	PASS
MP05	1	2059	model.layers.10.mlp.down_proj	DECODE	[1,11008]	[1,2048]	9007410033	9007438092	NA	PASS
MP05	1	2060	model.layers.11.self_attn	DECODE	null	[1,2048]	9007457295	9007650798	NA	PASS
MP05	1	2061	model.layers.11.mlp.gate_up_proj	DECODE	[1,2048]	[1,22016]	9007669700	9007699110	NA	PASS
MP05	1	2062	model.layers.11.mlp.act_fn	DECODE	[1,22016]	[1,11008]	9007703961	9007716956	NA	PASS
MP05	1	2063	model.layers.11.mlp.down_proj	DECODE	[1,11008]	[1,2048]	9007720680	9007748815	NA	PASS
MP05	1	2064	model.layers.12.self_attn	DECODE	null	[1,2048]	9007769614	9007950096	NA	PASS
MP05	1	2065	model.layers.12.mlp.gate_up_proj	DECODE	[1,2048]	[1,22016]	9007968167	9007997860	NA	PASS
MP05	1	2066	model.layers.12.mlp.act_fn	DECODE	[1,22016]	[1,11008]	9008002204	9008015024	NA	PASS
MP05	1	2067	model.layers.12.mlp.down_proj	DECODE	[1,11008]	[1,2048]	9008018722	9008046331	NA	PASS
MP05	1	2068	model.layers.13.self_attn	DECODE	null	[1,2048]	9008066653	9008250323	NA	PASS
MP05	1	2069	model.layers.13.mlp.gate_up_proj	DECODE	[1,2048]	[1,22016]	9008268114	9008297633	NA	PASS
MP05	1	2070	model.layers.13.mlp.act_fn	DECODE	[1,22016]	[1,11008]	9008302087	9008314913	NA	PASS
MP05	1	2071	model.layers.13.mlp.down_proj	DECODE	[1,11008]	[1,2048]	9008320473	9008348659	NA	PASS
MP05	1	2072	model.layers.14.self_attn	DECODE	null	[1,2048]	9008367233	9008565842	NA	PASS
MP05	1	2073	model.layers.14.mlp.gate_up_proj	DECODE	[1,2048]	[1,22016]	9008585801	9008615900	NA	PASS
MP05	1	2074	model.layers.14.mlp.act_fn	DECODE	[1,22016]	[1,11008]	9008620662	9008633969	NA	PASS
MP05	1	2075	model.layers.14.mlp.down_proj	DECODE	[1,11008]	[1,2048]	9008637866	9008666085	NA	PASS
MP05	1	2076	model.layers.15.self_attn	DECODE	null	[1,2048]	9008685104	9008872631	NA	PASS
MP05	1	2077	model.layers.15.mlp.gate_up_proj	DECODE	[1,2048]	[1,22016]	9008889995	9008918121	NA	PASS
MP05	1	2078	model.layers.15.mlp.act_fn	DECODE	[1,22016]	[1,11008]	9008922210	9008934642	NA	PASS
MP05	1	2079	model.layers.15.mlp.down_proj	DECODE	[1,11008]	[1,2048]	9008938258	9008965934	NA	PASS
MP05	1	2080	model.layers.16.self_attn	DECODE	null	[1,2048]	9008984318	9009163451	NA	PASS
MP05	1	2081	model.layers.16.mlp.gate_up_proj	DECODE	[1,2048]	[1,22016]	9009180808	9009209150	NA	PASS
MP05	1	2082	model.layers.16.mlp.act_fn	DECODE	[1,22016]	[1,11008]	9009213758	9009226639	NA	PASS
MP05	1	2083	model.layers.16.mlp.down_proj	DECODE	[1,11008]	[1,2048]	9009230208	9009257480	NA	PASS
MP05	1	2084	model.layers.17.self_attn	DECODE	null	[1,2048]	9009275267	9009456114	NA	PASS
MP05	1	2085	model.layers.17.mlp.gate_up_proj	DECODE	[1,2048]	[1,22016]	9009478397	9009507809	NA	PASS
MP05	1	2086	model.layers.17.mlp.act_fn	DECODE	[1,22016]	[1,11008]	9009512148	9009525197	NA	PASS
MP05	1	2087	model.layers.17.mlp.down_proj	DECODE	[1,11008]	[1,2048]	9009528722	9009559330	NA	PASS
MP05	1	2088	model.layers.18.self_attn	DECODE	null	[1,2048]	9009577800	9009770675	NA	PASS
MP05	1	2089	model.layers.18.mlp.gate_up_proj	DECODE	[1,2048]	[1,22016]	9009788538	9009816996	NA	PASS
MP05	1	2090	model.layers.18.mlp.act_fn	DECODE	[1,22016]	[1,11008]	9009821275	9009833773	NA	PASS
MP05	1	2091	model.layers.18.mlp.down_proj	DECODE	[1,11008]	[1,2048]	9009837331	9009865004	NA	PASS
MP05	1	2092	model.layers.19.self_attn	DECODE	null	[1,2048]	9009883435	9010065093	NA	PASS
MP05	1	2093	model.layers.19.mlp.gate_up_proj	DECODE	[1,2048]	[1,22016]	9010082480	9010111103	NA	PASS
MP05	1	2094	model.layers.19.mlp.act_fn	DECODE	[1,22016]	[1,11008]	9010115429	9010128067	NA	PASS
MP05	1	2095	model.layers.19.mlp.down_proj	DECODE	[1,11008]	[1,2048]	9010131588	9010158884	NA	PASS
MP05	1	2096	model.layers.20.self_attn	DECODE	null	[1,2048]	9010176632	9010354848	NA	PASS
MP05	1	2097	model.layers.20.mlp.gate_up_proj	DECODE	[1,2048]	[1,22016]	9010372289	9010400786	NA	PASS
MP05	1	2098	model.layers.20.mlp.act_fn	DECODE	[1,22016]	[1,11008]	9010405247	9010419746	NA	PASS
MP05	1	2099	model.layers.20.mlp.down_proj	DECODE	[1,11008]	[1,2048]	9010423451	9010451234	NA	PASS
MP05	1	2100	model.layers.21.self_attn	DECODE	null	[1,2048]	9010473047	9010660512	NA	PASS
MP05	1	2101	model.layers.21.mlp.gate_up_proj	DECODE	[1,2048]	[1,22016]	9010678954	9010707667	NA	PASS
MP05	1	2102	model.layers.21.mlp.act_fn	DECODE	[1,22016]	[1,11008]	9010712449	9010724978	NA	PASS
MP05	1	2103	model.layers.21.mlp.down_proj	DECODE	[1,11008]	[1,2048]	9010730507	9010758536	NA	PASS
MP05	1	2104	model.layers.22.self_attn	DECODE	null	[1,2048]	9010776336	9010960518	NA	PASS
MP05	1	2105	model.layers.22.mlp.gate_up_proj	DECODE	[1,2048]	[1,22016]	9010978261	9011006860	NA	PASS
MP05	1	2106	model.layers.22.mlp.act_fn	DECODE	[1,22016]	[1,11008]	9011011065	9011023582	NA	PASS
MP05	1	2107	model.layers.22.mlp.down_proj	DECODE	[1,11008]	[1,2048]	9011027010	9011053830	NA	PASS
MP05	1	2108	model.layers.23.self_attn	DECODE	null	[1,2048]	9011072039	9011266930	NA	PASS
MP05	1	2109	model.layers.23.mlp.gate_up_proj	DECODE	[1,2048]	[1,22016]	9011284536	9011312485	NA	PASS
MP05	1	2110	model.layers.23.mlp.act_fn	DECODE	[1,22016]	[1,11008]	9011316866	9011329155	NA	PASS
MP05	1	2111	model.layers.23.mlp.down_proj	DECODE	[1,11008]	[1,2048]	9011332679	9011359847	NA	PASS
MP05	1	2112	model.layers.24.self_attn	DECODE	null	[1,2048]	9011377303	9011561655	NA	PASS
MP05	1	2113	model.layers.24.mlp.gate_up_proj	DECODE	[1,2048]	[1,22016]	9011578998	9011607543	NA	PASS
MP05	1	2114	model.layers.24.mlp.act_fn	DECODE	[1,22016]	[1,11008]	9011611808	9011624392	NA	PASS
MP05	1	2115	model.layers.24.mlp.down_proj	DECODE	[1,11008]	[1,2048]	9011627996	9011655340	NA	PASS
MP05	1	2116	model.layers.25.self_attn	DECODE	null	[1,2048]	9011673209	9011857027	NA	PASS
MP05	1	2117	model.layers.25.mlp.gate_up_proj	DECODE	[1,2048]	[1,22016]	9011875164	9011903027	NA	PASS
MP05	1	2118	model.layers.25.mlp.act_fn	DECODE	[1,22016]	[1,11008]	9011907467	9011924131	NA	PASS
MP05	1	2119	model.layers.25.mlp.down_proj	DECODE	[1,11008]	[1,2048]	9011928030	9011955938	NA	PASS
MP05	1	2120	model.layers.26.self_attn	DECODE	null	[1,2048]	9011976286	9012160090	NA	PASS
MP05	1	2121	model.layers.26.mlp.gate_up_proj	DECODE	[1,2048]	[1,22016]	9012177968	9012207096	NA	PASS
MP05	1	2122	model.layers.26.mlp.act_fn	DECODE	[1,22016]	[1,11008]	9012211413	9012223886	NA	PASS
MP05	1	2123	model.layers.26.mlp.down_proj	DECODE	[1,11008]	[1,2048]	9012227602	9012254248	NA	PASS
MP05	1	2124	model.layers.27.self_attn	DECODE	null	[1,2048]	9012272360	9012457213	NA	PASS
MP05	1	2125	model.layers.27.mlp.gate_up_proj	DECODE	[1,2048]	[1,22016]	9012479131	9012508037	NA	PASS
MP05	1	2126	model.layers.27.mlp.act_fn	DECODE	[1,22016]	[1,11008]	9012512059	9012524328	NA	PASS
MP05	1	2127	model.layers.27.mlp.down_proj	DECODE	[1,11008]	[1,2048]	9012527767	9012555012	NA	PASS
MP05	1	2128	model.layers.28.self_attn	DECODE	null	[1,2048]	9012573063	9012755220	NA	PASS
MP05	1	2129	model.layers.28.mlp.gate_up_proj	DECODE	[1,2048]	[1,22016]	9012772966	9012801108	NA	PASS
MP05	1	2130	model.layers.28.mlp.act_fn	DECODE	[1,22016]	[1,11008]	9012805301	9012817671	NA	PASS
MP05	1	2131	model.layers.28.mlp.down_proj	DECODE	[1,11008]	[1,2048]	9012821125	9012851345	NA	PASS
MP05	1	2132	model.layers.29.self_attn	DECODE	null	[1,2048]	9012870461	9013052831	NA	PASS
MP05	1	2133	model.layers.29.mlp.gate_up_proj	DECODE	[1,2048]	[1,22016]	9013073234	9013101937	NA	PASS
MP05	1	2134	model.layers.29.mlp.act_fn	DECODE	[1,22016]	[1,11008]	9013106211	9013118775	NA	PASS
MP05	1	2135	model.layers.29.mlp.down_proj	DECODE	[1,11008]	[1,2048]	9013122613	9013162475	NA	PASS
MP05	1	2136	model.layers.30.self_attn	DECODE	null	[1,2048]	9013182839	9013394490	NA	PASS
MP05	1	2137	model.layers.30.mlp.gate_up_proj	DECODE	[1,2048]	[1,22016]	9013414712	9013445316	NA	PASS
MP05	1	2138	model.layers.30.mlp.act_fn	DECODE	[1,22016]	[1,11008]	9013450041	9013468914	NA	PASS
MP05	1	2139	model.layers.30.mlp.down_proj	DECODE	[1,11008]	[1,2048]	9013472791	9013501627	NA	PASS
MP05	1	2140	model.layers.31.self_attn	DECODE	null	[1,2048]	9013520571	9013715560	NA	PASS
MP05	1	2141	model.layers.31.mlp.gate_up_proj	DECODE	[1,2048]	[1,22016]	9013733603	9013762074	NA	PASS
MP05	1	2142	model.layers.31.mlp.act_fn	DECODE	[1,22016]	[1,11008]	9013766494	9013779432	NA	PASS
MP05	1	2143	model.layers.31.mlp.down_proj	DECODE	[1,11008]	[1,2048]	9013783098	9013810160	NA	PASS
MP05	1	2144	model.layers.32.self_attn	DECODE	null	[1,2048]	9013827680	9014012041	NA	PASS
MP05	1	2145	model.layers.32.mlp.gate_up_proj	DECODE	[1,2048]	[1,22016]	9014029829	9014058879	NA	PASS
MP05	1	2146	model.layers.32.mlp.act_fn	DECODE	[1,22016]	[1,11008]	9014063301	9014076471	NA	PASS
MP05	1	2147	model.layers.32.mlp.down_proj	DECODE	[1,11008]	[1,2048]	9014080395	9014108011	NA	PASS
MP05	1	2148	model.layers.33.self_attn	DECODE	null	[1,2048]	9014126327	9014312926	NA	PASS
MP05	1	2149	model.layers.33.mlp.gate_up_proj	DECODE	[1,2048]	[1,22016]	9014332114	9014360820	NA	PASS
MP05	1	2150	model.layers.33.mlp.act_fn	DECODE	[1,22016]	[1,11008]	9014365080	9014377817	NA	PASS
MP05	1	2151	model.layers.33.mlp.down_proj	DECODE	[1,11008]	[1,2048]	9014381469	9014412539	NA	PASS
MP05	1	2152	model.layers.34.self_attn	DECODE	null	[1,2048]	9014431033	9014627737	NA	PASS
MP05	1	2153	model.layers.34.mlp.gate_up_proj	DECODE	[1,2048]	[1,22016]	9014646181	9014674623	NA	PASS
MP05	1	2154	model.layers.34.mlp.act_fn	DECODE	[1,22016]	[1,11008]	9014678763	9014691249	NA	PASS
MP05	1	2155	model.layers.34.mlp.down_proj	DECODE	[1,11008]	[1,2048]	9014694998	9014722637	NA	PASS
MP05	1	2156	model.layers.35.self_attn	DECODE	null	[1,2048]	9014740122	9014917375	NA	PASS
MP05	1	2157	model.layers.35.mlp.gate_up_proj	DECODE	[1,2048]	[1,22016]	9014934632	9014964864	NA	PASS
MP05	1	2158	model.layers.35.mlp.act_fn	DECODE	[1,22016]	[1,11008]	9014968897	9014981133	NA	PASS
MP05	1	2159	model.layers.35.mlp.down_proj	DECODE	[1,11008]	[1,2048]	9014984588	9015011614	NA	PASS
MP05	1	2160	model.layers.0.self_attn	DECODE	null	[1,2048]	9016099003	9016403272	NA	PASS
MP05	1	2161	model.layers.0.mlp.gate_up_proj	DECODE	[1,2048]	[1,22016]	9016430422	9016469366	NA	PASS
MP05	1	2162	model.layers.0.mlp.act_fn	DECODE	[1,22016]	[1,11008]	9016474700	9016492042	NA	PASS
MP05	1	2163	model.layers.0.mlp.down_proj	DECODE	[1,11008]	[1,2048]	9016498531	9016530161	NA	PASS
MP05	1	2164	model.layers.1.self_attn	DECODE	null	[1,2048]	9016551233	9016777176	NA	PASS
MP05	1	2165	model.layers.1.mlp.gate_up_proj	DECODE	[1,2048]	[1,22016]	9016798174	9016829392	NA	PASS
MP05	1	2166	model.layers.1.mlp.act_fn	DECODE	[1,22016]	[1,11008]	9016833945	9016847681	NA	PASS
MP05	1	2167	model.layers.1.mlp.down_proj	DECODE	[1,11008]	[1,2048]	9016851585	9016880009	NA	PASS
MP05	1	2168	model.layers.2.self_attn	DECODE	null	[1,2048]	9016899930	9017105609	NA	PASS
MP05	1	2169	model.layers.2.mlp.gate_up_proj	DECODE	[1,2048]	[1,22016]	9017125192	9017154479	NA	PASS
MP05	1	2170	model.layers.2.mlp.act_fn	DECODE	[1,22016]	[1,11008]	9017158814	9017172049	NA	PASS
MP05	1	2171	model.layers.2.mlp.down_proj	DECODE	[1,11008]	[1,2048]	9017175655	9017203964	NA	PASS
MP05	1	2172	model.layers.3.self_attn	DECODE	null	[1,2048]	9017222485	9017420241	NA	PASS
MP05	1	2173	model.layers.3.mlp.gate_up_proj	DECODE	[1,2048]	[1,22016]	9017439628	9017472782	NA	PASS
MP05	1	2174	model.layers.3.mlp.act_fn	DECODE	[1,22016]	[1,11008]	9017477152	9017490337	NA	PASS
MP05	1	2175	model.layers.3.mlp.down_proj	DECODE	[1,11008]	[1,2048]	9017493924	9017522747	NA	PASS
MP05	1	2176	model.layers.4.self_attn	DECODE	null	[1,2048]	9017542102	9017742075	NA	PASS
MP05	1	2177	model.layers.4.mlp.gate_up_proj	DECODE	[1,2048]	[1,22016]	9017761036	9017790293	NA	PASS
MP05	1	2178	model.layers.4.mlp.act_fn	DECODE	[1,22016]	[1,11008]	9017794691	9017807591	NA	PASS
MP05	1	2179	model.layers.4.mlp.down_proj	DECODE	[1,11008]	[1,2048]	9017811203	9017839054	NA	PASS
MP05	1	2180	model.layers.5.self_attn	DECODE	null	[1,2048]	9017857496	9018051233	NA	PASS
MP05	1	2181	model.layers.5.mlp.gate_up_proj	DECODE	[1,2048]	[1,22016]	9018069950	9018098963	NA	PASS
MP05	1	2182	model.layers.5.mlp.act_fn	DECODE	[1,22016]	[1,11008]	9018103442	9018117629	NA	PASS
MP05	1	2183	model.layers.5.mlp.down_proj	DECODE	[1,11008]	[1,2048]	9018121771	9018149409	NA	PASS
MP05	1	2184	model.layers.6.self_attn	DECODE	null	[1,2048]	9018167939	9018356540	NA	PASS
MP05	1	2185	model.layers.6.mlp.gate_up_proj	DECODE	[1,2048]	[1,22016]	9018374889	9018404404	NA	PASS
MP05	1	2186	model.layers.6.mlp.act_fn	DECODE	[1,22016]	[1,11008]	9018408860	9018421402	NA	PASS
MP05	1	2187	model.layers.6.mlp.down_proj	DECODE	[1,11008]	[1,2048]	9018425022	9018452414	NA	PASS
MP05	1	2188	model.layers.7.self_attn	DECODE	null	[1,2048]	9018479407	9018662209	NA	PASS
MP05	1	2189	model.layers.7.mlp.gate_up_proj	DECODE	[1,2048]	[1,22016]	9018680138	9018708371	NA	PASS
MP05	1	2190	model.layers.7.mlp.act_fn	DECODE	[1,22016]	[1,11008]	9018712638	9018724809	NA	PASS
MP05	1	2191	model.layers.7.mlp.down_proj	DECODE	[1,11008]	[1,2048]	9018728228	9018755407	NA	PASS
MP05	1	2192	model.layers.8.self_attn	DECODE	null	[1,2048]	9018772863	9018949314	NA	PASS
MP05	1	2193	model.layers.8.mlp.gate_up_proj	DECODE	[1,2048]	[1,22016]	9018966720	9018994339	NA	PASS
MP05	1	2194	model.layers.8.mlp.act_fn	DECODE	[1,22016]	[1,11008]	9019000778	9019013607	NA	PASS
MP05	1	2195	model.layers.8.mlp.down_proj	DECODE	[1,11008]	[1,2048]	9019017232	9019044944	NA	PASS
MP05	1	2196	model.layers.9.self_attn	DECODE	null	[1,2048]	9019063154	9019250664	NA	PASS
MP05	1	2197	model.layers.9.mlp.gate_up_proj	DECODE	[1,2048]	[1,22016]	9019268969	9019297063	NA	PASS
MP05	1	2198	model.layers.9.mlp.act_fn	DECODE	[1,22016]	[1,11008]	9019301149	9019313186	NA	PASS
MP05	1	2199	model.layers.9.mlp.down_proj	DECODE	[1,11008]	[1,2048]	9019316609	9019343018	NA	PASS
MP05	1	2200	model.layers.10.self_attn	DECODE	null	[1,2048]	9019360168	9019553610	NA	PASS
MP05	1	2201	model.layers.10.mlp.gate_up_proj	DECODE	[1,2048]	[1,22016]	9019572305	9019600286	NA	PASS
MP05	1	2202	model.layers.10.mlp.act_fn	DECODE	[1,22016]	[1,11008]	9019604631	9019617009	NA	PASS
MP05	1	2203	model.layers.10.mlp.down_proj	DECODE	[1,11008]	[1,2048]	9019620619	9019648837	NA	PASS
MP05	1	2204	model.layers.11.self_attn	DECODE	null	[1,2048]	9019666970	9019855202	NA	PASS
MP05	1	2205	model.layers.11.mlp.gate_up_proj	DECODE	[1,2048]	[1,22016]	9019875162	9019905122	NA	PASS
MP05	1	2206	model.layers.11.mlp.act_fn	DECODE	[1,22016]	[1,11008]	9019909759	9019923164	NA	PASS
MP05	1	2207	model.layers.11.mlp.down_proj	DECODE	[1,11008]	[1,2048]	9019926721	9019954457	NA	PASS
MP05	1	2208	model.layers.12.self_attn	DECODE	null	[1,2048]	9019972887	9020160771	NA	PASS
MP05	1	2209	model.layers.12.mlp.gate_up_proj	DECODE	[1,2048]	[1,22016]	9020179193	9020208051	NA	PASS
MP05	1	2210	model.layers.12.mlp.act_fn	DECODE	[1,22016]	[1,11008]	9020212402	9020225372	NA	PASS
MP05	1	2211	model.layers.12.mlp.down_proj	DECODE	[1,11008]	[1,2048]	9020229185	9020257335	NA	PASS
MP05	1	2212	model.layers.13.self_attn	DECODE	null	[1,2048]	9020275464	9020463135	NA	PASS
MP05	1	2213	model.layers.13.mlp.gate_up_proj	DECODE	[1,2048]	[1,22016]	9020482265	9020512131	NA	PASS
MP05	1	2214	model.layers.13.mlp.act_fn	DECODE	[1,22016]	[1,11008]	9020516596	9020529501	NA	PASS
MP05	1	2215	model.layers.13.mlp.down_proj	DECODE	[1,11008]	[1,2048]	9020533081	9020560463	NA	PASS
MP05	1	2216	model.layers.14.self_attn	DECODE	null	[1,2048]	9020578713	9020764935	NA	PASS
MP05	1	2217	model.layers.14.mlp.gate_up_proj	DECODE	[1,2048]	[1,22016]	9020783701	9020813216	NA	PASS
MP05	1	2218	model.layers.14.mlp.act_fn	DECODE	[1,22016]	[1,11008]	9020817663	9020830318	NA	PASS
MP05	1	2219	model.layers.14.mlp.down_proj	DECODE	[1,11008]	[1,2048]	9020833994	9020861428	NA	PASS
MP05	1	2220	model.layers.15.self_attn	DECODE	null	[1,2048]	9020882134	9021076356	NA	PASS
MP05	1	2221	model.layers.15.mlp.gate_up_proj	DECODE	[1,2048]	[1,22016]	9021094305	9021122916	NA	PASS
MP05	1	2222	model.layers.15.mlp.act_fn	DECODE	[1,22016]	[1,11008]	9021127136	9021139728	NA	PASS
MP05	1	2223	model.layers.15.mlp.down_proj	DECODE	[1,11008]	[1,2048]	9021143276	9021170916	NA	PASS
MP05	1	2224	model.layers.16.self_attn	DECODE	null	[1,2048]	9021189241	9021377649	NA	PASS
MP05	1	2225	model.layers.16.mlp.gate_up_proj	DECODE	[1,2048]	[1,22016]	9021395454	9021425311	NA	PASS
MP05	1	2226	model.layers.16.mlp.act_fn	DECODE	[1,22016]	[1,11008]	9021429456	9021441318	NA	PASS
MP05	1	2227	model.layers.16.mlp.down_proj	DECODE	[1,11008]	[1,2048]	9021444712	9021475798	NA	PASS
MP05	1	2228	model.layers.17.self_attn	DECODE	null	[1,2048]	9021493878	9021683155	NA	PASS
MP05	1	2229	model.layers.17.mlp.gate_up_proj	DECODE	[1,2048]	[1,22016]	9021702089	9021731287	NA	PASS
MP05	1	2230	model.layers.17.mlp.act_fn	DECODE	[1,22016]	[1,11008]	9021735476	9021748068	NA	PASS
MP05	1	2231	model.layers.17.mlp.down_proj	DECODE	[1,11008]	[1,2048]	9021751575	9021778415	NA	PASS
MP05	1	2232	model.layers.18.self_attn	DECODE	null	[1,2048]	9021796507	9021987064	NA	PASS
MP05	1	2233	model.layers.18.mlp.gate_up_proj	DECODE	[1,2048]	[1,22016]	9022005461	9022034240	NA	PASS
MP05	1	2234	model.layers.18.mlp.act_fn	DECODE	[1,22016]	[1,11008]	9022038583	9022050803	NA	PASS
MP05	1	2235	model.layers.18.mlp.down_proj	DECODE	[1,11008]	[1,2048]	9022054266	9022081246	NA	PASS
MP05	1	2236	model.layers.19.self_attn	DECODE	null	[1,2048]	9022098880	9022283593	NA	PASS
MP05	1	2237	model.layers.19.mlp.gate_up_proj	DECODE	[1,2048]	[1,22016]	9022301968	9022334487	NA	PASS
MP05	1	2238	model.layers.19.mlp.act_fn	DECODE	[1,22016]	[1,11008]	9022338546	9022350784	NA	PASS
MP05	1	2239	model.layers.19.mlp.down_proj	DECODE	[1,11008]	[1,2048]	9022354247	9022380702	NA	PASS
MP05	1	2240	model.layers.20.self_attn	DECODE	null	[1,2048]	9022398229	9022588948	NA	PASS
MP05	1	2241	model.layers.20.mlp.gate_up_proj	DECODE	[1,2048]	[1,22016]	9022607173	9022635949	NA	PASS
MP05	1	2242	model.layers.20.mlp.act_fn	DECODE	[1,22016]	[1,11008]	9022640210	9022652956	NA	PASS
MP05	1	2243	model.layers.20.mlp.down_proj	DECODE	[1,11008]	[1,2048]	9022656631	9022683819	NA	PASS
MP05	1	2244	model.layers.21.self_attn	DECODE	null	[1,2048]	9022701917	9022895190	NA	PASS
MP05	1	2245	model.layers.21.mlp.gate_up_proj	DECODE	[1,2048]	[1,22016]	9022914682	9022944857	NA	PASS
MP05	1	2246	model.layers.21.mlp.act_fn	DECODE	[1,22016]	[1,11008]	9022949314	9022961843	NA	PASS
MP05	1	2247	model.layers.21.mlp.down_proj	DECODE	[1,11008]	[1,2048]	9022965490	9022993142	NA	PASS
MP05	1	2248	model.layers.22.self_attn	DECODE	null	[1,2048]	9023012045	9023205120	NA	PASS
MP05	1	2249	model.layers.22.mlp.gate_up_proj	DECODE	[1,2048]	[1,22016]	9023223335	9023252039	NA	PASS
MP05	1	2250	model.layers.22.mlp.act_fn	DECODE	[1,22016]	[1,11008]	9023256392	9023269257	NA	PASS
MP05	1	2251	model.layers.22.mlp.down_proj	DECODE	[1,11008]	[1,2048]	9023272953	9023300573	NA	PASS
MP05	1	2252	model.layers.23.self_attn	DECODE	null	[1,2048]	9023318835	9023509631	NA	PASS
MP05	1	2253	model.layers.23.mlp.gate_up_proj	DECODE	[1,2048]	[1,22016]	9023528061	9023557097	NA	PASS
MP05	1	2254	model.layers.23.mlp.act_fn	DECODE	[1,22016]	[1,11008]	9023561179	9023574394	NA	PASS
MP05	1	2255	model.layers.23.mlp.down_proj	DECODE	[1,11008]	[1,2048]	9023577886	9023607497	NA	PASS
MP05	1	2256	model.layers.24.self_attn	DECODE	null	[1,2048]	9023625212	9023808291	NA	PASS
MP05	1	2257	model.layers.24.mlp.gate_up_proj	DECODE	[1,2048]	[1,22016]	9023826491	9023855016	NA	PASS
MP05	1	2258	model.layers.24.mlp.act_fn	DECODE	[1,22016]	[1,11008]	9023860809	9023873679	NA	PASS
MP05	1	2259	model.layers.24.mlp.down_proj	DECODE	[1,11008]	[1,2048]	9023877266	9023904156	NA	PASS
MP05	1	2260	model.layers.25.self_attn	DECODE	null	[1,2048]	9023922292	9024111371	NA	PASS
MP05	1	2261	model.layers.25.mlp.gate_up_proj	DECODE	[1,2048]	[1,22016]	9024129287	9024157325	NA	PASS
MP05	1	2262	model.layers.25.mlp.act_fn	DECODE	[1,22016]	[1,11008]	9024161508	9024173956	NA	PASS
MP05	1	2263	model.layers.25.mlp.down_proj	DECODE	[1,11008]	[1,2048]	9024177427	9024203943	NA	PASS
MP05	1	2264	model.layers.26.self_attn	DECODE	null	[1,2048]	9024223392	9024404449	NA	PASS
MP05	1	2265	model.layers.26.mlp.gate_up_proj	DECODE	[1,2048]	[1,22016]	9024421638	9024449938	NA	PASS
MP05	1	2266	model.layers.26.mlp.act_fn	DECODE	[1,22016]	[1,11008]	9024453917	9024469973	NA	PASS
MP05	1	2267	model.layers.26.mlp.down_proj	DECODE	[1,11008]	[1,2048]	9024473441	9024500417	NA	PASS
MP05	1	2268	model.layers.27.self_attn	DECODE	null	[1,2048]	9024517465	9024699615	NA	PASS
MP05	1	2269	model.layers.27.mlp.gate_up_proj	DECODE	[1,2048]	[1,22016]	9024717306	9024745942	NA	PASS
MP05	1	2270	model.layers.27.mlp.act_fn	DECODE	[1,22016]	[1,11008]	9024750127	9024762556	NA	PASS
MP05	1	2271	model.layers.27.mlp.down_proj	DECODE	[1,11008]	[1,2048]	9024766076	9024792930	NA	PASS
MP05	1	2272	model.layers.28.self_attn	DECODE	null	[1,2048]	9024810284	9024990377	NA	PASS
MP05	1	2273	model.layers.28.mlp.gate_up_proj	DECODE	[1,2048]	[1,22016]	9025024671	9025054624	NA	PASS
MP05	1	2274	model.layers.28.mlp.act_fn	DECODE	[1,22016]	[1,11008]	9025058812	9025071067	NA	PASS
MP05	1	2275	model.layers.28.mlp.down_proj	DECODE	[1,11008]	[1,2048]	9025074444	9025102845	NA	PASS
MP05	1	2276	model.layers.29.self_attn	DECODE	null	[1,2048]	9025120767	9025312504	NA	PASS
MP05	1	2277	model.layers.29.mlp.gate_up_proj	DECODE	[1,2048]	[1,22016]	9025330486	9025358836	NA	PASS
MP05	1	2278	model.layers.29.mlp.act_fn	DECODE	[1,22016]	[1,11008]	9025363010	9025379979	NA	PASS
MP05	1	2279	model.layers.29.mlp.down_proj	DECODE	[1,11008]	[1,2048]	9025383465	9025410450	NA	PASS
MP05	1	2280	model.layers.30.self_attn	DECODE	null	[1,2048]	9025429620	9025619005	NA	PASS
MP05	1	2281	model.layers.30.mlp.gate_up_proj	DECODE	[1,2048]	[1,22016]	9025636405	9025664613	NA	PASS
MP05	1	2282	model.layers.30.mlp.act_fn	DECODE	[1,22016]	[1,11008]	9025668728	9025680813	NA	PASS
MP05	1	2283	model.layers.30.mlp.down_proj	DECODE	[1,11008]	[1,2048]	9025684186	9025710923	NA	PASS
MP05	1	2284	model.layers.31.self_attn	DECODE	null	[1,2048]	9025728359	9025908667	NA	PASS
MP05	1	2285	model.layers.31.mlp.gate_up_proj	DECODE	[1,2048]	[1,22016]	9025926310	9025956467	NA	PASS
MP05	1	2286	model.layers.31.mlp.act_fn	DECODE	[1,22016]	[1,11008]	9025962521	9025977852	NA	PASS
MP05	1	2287	model.layers.31.mlp.down_proj	DECODE	[1,11008]	[1,2048]	9025981353	9026007914	NA	PASS
MP05	1	2288	model.layers.32.self_attn	DECODE	null	[1,2048]	9026025489	9026200574	NA	PASS
MP05	1	2289	model.layers.32.mlp.gate_up_proj	DECODE	[1,2048]	[1,22016]	9026218073	9026245807	NA	PASS
MP05	1	2290	model.layers.32.mlp.act_fn	DECODE	[1,22016]	[1,11008]	9026250166	9026262453	NA	PASS
MP05	1	2291	model.layers.32.mlp.down_proj	DECODE	[1,11008]	[1,2048]	9026265754	9026293295	NA	PASS
MP05	1	2292	model.layers.33.self_attn	DECODE	null	[1,2048]	9026311037	9026497864	NA	PASS
MP05	1	2293	model.layers.33.mlp.gate_up_proj	DECODE	[1,2048]	[1,22016]	9026515806	9026543911	NA	PASS
MP05	1	2294	model.layers.33.mlp.act_fn	DECODE	[1,22016]	[1,11008]	9026547878	9026560012	NA	PASS
MP05	1	2295	model.layers.33.mlp.down_proj	DECODE	[1,11008]	[1,2048]	9026563348	9026590475	NA	PASS
MP05	1	2296	model.layers.34.self_attn	DECODE	null	[1,2048]	9026611325	9026792711	NA	PASS
MP05	1	2297	model.layers.34.mlp.gate_up_proj	DECODE	[1,2048]	[1,22016]	9026810319	9026838335	NA	PASS
MP05	1	2298	model.layers.34.mlp.act_fn	DECODE	[1,22016]	[1,11008]	9026842437	9026854684	NA	PASS
MP05	1	2299	model.layers.34.mlp.down_proj	DECODE	[1,11008]	[1,2048]	9026858598	9026886044	NA	PASS
MP05	1	2300	model.layers.35.self_attn	DECODE	null	[1,2048]	9026904112	9027083931	NA	PASS
MP05	1	2301	model.layers.35.mlp.gate_up_proj	DECODE	[1,2048]	[1,22016]	9027101485	9027130089	NA	PASS
MP05	1	2302	model.layers.35.mlp.act_fn	DECODE	[1,22016]	[1,11008]	9027134184	9027149084	NA	PASS
MP05	1	2303	model.layers.35.mlp.down_proj	DECODE	[1,11008]	[1,2048]	9027153632	9027181040	NA	PASS
MP05	1	2304	model.layers.0.self_attn	DECODE	null	[1,2048]	9028289085	9028560361	NA	PASS
MP05	1	2305	model.layers.0.mlp.gate_up_proj	DECODE	[1,2048]	[1,22016]	9028585946	9028619596	NA	PASS
MP05	1	2306	model.layers.0.mlp.act_fn	DECODE	[1,22016]	[1,11008]	9028624675	9028639397	NA	PASS
MP05	1	2307	model.layers.0.mlp.down_proj	DECODE	[1,11008]	[1,2048]	9028643429	9028673002	NA	PASS
MP05	1	2308	model.layers.1.self_attn	DECODE	null	[1,2048]	9028693149	9028910290	NA	PASS
MP05	1	2309	model.layers.1.mlp.gate_up_proj	DECODE	[1,2048]	[1,22016]	9028930752	9028960579	NA	PASS
MP05	1	2310	model.layers.1.mlp.act_fn	DECODE	[1,22016]	[1,11008]	9028965145	9028981172	NA	PASS
MP05	1	2311	model.layers.1.mlp.down_proj	DECODE	[1,11008]	[1,2048]	9028984861	9029013936	NA	PASS
MP05	1	2312	model.layers.2.self_attn	DECODE	null	[1,2048]	9029033401	9029235044	NA	PASS
MP05	1	2313	model.layers.2.mlp.gate_up_proj	DECODE	[1,2048]	[1,22016]	9029254285	9029284068	NA	PASS
MP05	1	2314	model.layers.2.mlp.act_fn	DECODE	[1,22016]	[1,11008]	9029288489	9029301554	NA	PASS
MP05	1	2315	model.layers.2.mlp.down_proj	DECODE	[1,11008]	[1,2048]	9029305047	9029336118	NA	PASS
MP05	1	2316	model.layers.3.self_attn	DECODE	null	[1,2048]	9029355332	9029552807	NA	PASS
MP05	1	2317	model.layers.3.mlp.gate_up_proj	DECODE	[1,2048]	[1,22016]	9029571486	9029600518	NA	PASS
MP05	1	2318	model.layers.3.mlp.act_fn	DECODE	[1,22016]	[1,11008]	9029604666	9029617799	NA	PASS
MP05	1	2319	model.layers.3.mlp.down_proj	DECODE	[1,11008]	[1,2048]	9029621373	9029649652	NA	PASS
MP05	1	2320	model.layers.4.self_attn	DECODE	null	[1,2048]	9029671410	9029874331	NA	PASS
MP05	1	2321	model.layers.4.mlp.gate_up_proj	DECODE	[1,2048]	[1,22016]	9029892857	9029922218	NA	PASS
MP05	1	2322	model.layers.4.mlp.act_fn	DECODE	[1,22016]	[1,11008]	9029926570	9029939819	NA	PASS
MP05	1	2323	model.layers.4.mlp.down_proj	DECODE	[1,11008]	[1,2048]	9029943350	9029972075	NA	PASS
MP05	1	2324	model.layers.5.self_attn	DECODE	null	[1,2048]	9029992317	9030180179	NA	PASS
MP05	1	2325	model.layers.5.mlp.gate_up_proj	DECODE	[1,2048]	[1,22016]	9030197854	9030226747	NA	PASS
MP05	1	2326	model.layers.5.mlp.act_fn	DECODE	[1,22016]	[1,11008]	9030231102	9030243888	NA	PASS
MP05	1	2327	model.layers.5.mlp.down_proj	DECODE	[1,11008]	[1,2048]	9030247478	9030274463	NA	PASS
MP05	1	2328	model.layers.6.self_attn	DECODE	null	[1,2048]	9030296589	9030541841	NA	PASS
MP05	1	2329	model.layers.6.mlp.gate_up_proj	DECODE	[1,2048]	[1,22016]	9030563999	9030595944	NA	PASS
MP05	1	2330	model.layers.6.mlp.act_fn	DECODE	[1,22016]	[1,11008]	9030600700	9030614961	NA	PASS
MP05	1	2331	model.layers.6.mlp.down_proj	DECODE	[1,11008]	[1,2048]	9030618698	9030648000	NA	PASS
MP05	1	2332	model.layers.7.self_attn	DECODE	null	[1,2048]	9030668092	9030877703	NA	PASS
MP05	1	2333	model.layers.7.mlp.gate_up_proj	DECODE	[1,2048]	[1,22016]	9030897030	9030926688	NA	PASS
MP05	1	2334	model.layers.7.mlp.act_fn	DECODE	[1,22016]	[1,11008]	9030931133	9030943812	NA	PASS
MP05	1	2335	model.layers.7.mlp.down_proj	DECODE	[1,11008]	[1,2048]	9030947457	9030976073	NA	PASS
MP05	1	2336	model.layers.8.self_attn	DECODE	null	[1,2048]	9030995061	9031189482	NA	PASS
MP05	1	2337	model.layers.8.mlp.gate_up_proj	DECODE	[1,2048]	[1,22016]	9031207631	9031237159	NA	PASS
MP05	1	2338	model.layers.8.mlp.act_fn	DECODE	[1,22016]	[1,11008]	9031241495	9031254590	NA	PASS
MP05	1	2339	model.layers.8.mlp.down_proj	DECODE	[1,11008]	[1,2048]	9031260515	9031289452	NA	PASS
MP05	1	2340	model.layers.9.self_attn	DECODE	null	[1,2048]	9031308328	9031502453	NA	PASS
MP05	1	2341	model.layers.9.mlp.gate_up_proj	DECODE	[1,2048]	[1,22016]	9031520792	9031549732	NA	PASS
MP05	1	2342	model.layers.9.mlp.act_fn	DECODE	[1,22016]	[1,11008]	9031553956	9031566684	NA	PASS
MP05	1	2343	model.layers.9.mlp.down_proj	DECODE	[1,11008]	[1,2048]	9031570423	9031597587	NA	PASS
MP05	1	2344	model.layers.10.self_attn	DECODE	null	[1,2048]	9031617398	9031802386	NA	PASS
MP05	1	2345	model.layers.10.mlp.gate_up_proj	DECODE	[1,2048]	[1,22016]	9031820377	9031849778	NA	PASS
MP05	1	2346	model.layers.10.mlp.act_fn	DECODE	[1,22016]	[1,11008]	9031853885	9031866636	NA	PASS
MP05	1	2347	model.layers.10.mlp.down_proj	DECODE	[1,11008]	[1,2048]	9031870216	9031897420	NA	PASS
MP05	1	2348	model.layers.11.self_attn	DECODE	null	[1,2048]	9031915377	9032106224	NA	PASS
MP05	1	2349	model.layers.11.mlp.gate_up_proj	DECODE	[1,2048]	[1,22016]	9032125451	9032155036	NA	PASS
MP05	1	2350	model.layers.11.mlp.act_fn	DECODE	[1,22016]	[1,11008]	9032159637	9032172651	NA	PASS
MP05	1	2351	model.layers.11.mlp.down_proj	DECODE	[1,11008]	[1,2048]	9032176155	9032203662	NA	PASS
MP05	1	2352	model.layers.12.self_attn	DECODE	null	[1,2048]	9032222346	9032412936	NA	PASS
MP05	1	2353	model.layers.12.mlp.gate_up_proj	DECODE	[1,2048]	[1,22016]	9032430954	9032463794	NA	PASS
MP05	1	2354	model.layers.12.mlp.act_fn	DECODE	[1,22016]	[1,11008]	9032468184	9032480771	NA	PASS
MP05	1	2355	model.layers.12.mlp.down_proj	DECODE	[1,11008]	[1,2048]	9032484217	9032514013	NA	PASS
MP05	1	2356	model.layers.13.self_attn	DECODE	null	[1,2048]	9032532227	9032719612	NA	PASS
MP05	1	2357	model.layers.13.mlp.gate_up_proj	DECODE	[1,2048]	[1,22016]	9032737328	9032766604	NA	PASS
MP05	1	2358	model.layers.13.mlp.act_fn	DECODE	[1,22016]	[1,11008]	9032770719	9032783216	NA	PASS
MP05	1	2359	model.layers.13.mlp.down_proj	DECODE	[1,11008]	[1,2048]	9032786670	9032813875	NA	PASS
MP05	1	2360	model.layers.14.self_attn	DECODE	null	[1,2048]	9032833691	9033020360	NA	PASS
MP05	1	2361	model.layers.14.mlp.gate_up_proj	DECODE	[1,2048]	[1,22016]	9033039619	9033069551	NA	PASS
MP05	1	2362	model.layers.14.mlp.act_fn	DECODE	[1,22016]	[1,11008]	9033074145	9033086545	NA	PASS
MP05	1	2363	model.layers.14.mlp.down_proj	DECODE	[1,11008]	[1,2048]	9033089963	9033118129	NA	PASS
MP05	1	2364	model.layers.15.self_attn	DECODE	null	[1,2048]	9033136434	9033318657	NA	PASS
MP05	1	2365	model.layers.15.mlp.gate_up_proj	DECODE	[1,2048]	[1,22016]	9033337224	9033366888	NA	PASS
MP05	1	2366	model.layers.15.mlp.act_fn	DECODE	[1,22016]	[1,11008]	9033371189	9033383675	NA	PASS
MP05	1	2367	model.layers.15.mlp.down_proj	DECODE	[1,11008]	[1,2048]	9033387144	9033415083	NA	PASS
MP05	1	2368	model.layers.16.self_attn	DECODE	null	[1,2048]	9033433207	9033620290	NA	PASS
MP05	1	2369	model.layers.16.mlp.gate_up_proj	DECODE	[1,2048]	[1,22016]	9033638737	9033667791	NA	PASS
MP05	1	2370	model.layers.16.mlp.act_fn	DECODE	[1,22016]	[1,11008]	9033672066	9033686957	NA	PASS
MP05	1	2371	model.layers.16.mlp.down_proj	DECODE	[1,11008]	[1,2048]	9033690359	9033720002	NA	PASS
MP05	1	2372	model.layers.17.self_attn	DECODE	null	[1,2048]	9033737165	9033911871	NA	PASS
MP05	1	2373	model.layers.17.mlp.gate_up_proj	DECODE	[1,2048]	[1,22016]	9033929041	9033956655	NA	PASS
MP05	1	2374	model.layers.17.mlp.act_fn	DECODE	[1,22016]	[1,11008]	9033960748	9033973192	NA	PASS
MP05	1	2375	model.layers.17.mlp.down_proj	DECODE	[1,11008]	[1,2048]	9033976679	9034004116	NA	PASS
MP05	1	2376	model.layers.18.self_attn	DECODE	null	[1,2048]	9034023917	9034198023	NA	PASS
MP05	1	2377	model.layers.18.mlp.gate_up_proj	DECODE	[1,2048]	[1,22016]	9034214919	9034243433	NA	PASS
MP05	1	2378	model.layers.18.mlp.act_fn	DECODE	[1,22016]	[1,11008]	9034247522	9034259956	NA	PASS
MP05	1	2379	model.layers.18.mlp.down_proj	DECODE	[1,11008]	[1,2048]	9034263481	9034290309	NA	PASS
MP05	1	2380	model.layers.19.self_attn	DECODE	null	[1,2048]	9034309423	9034499185	NA	PASS
MP05	1	2381	model.layers.19.mlp.gate_up_proj	DECODE	[1,2048]	[1,22016]	9034517501	9034545785	NA	PASS
MP05	1	2382	model.layers.19.mlp.act_fn	DECODE	[1,22016]	[1,11008]	9034549930	9034562350	NA	PASS
MP05	1	2383	model.layers.19.mlp.down_proj	DECODE	[1,11008]	[1,2048]	9034565926	9034592855	NA	PASS
MP05	1	2384	model.layers.20.self_attn	DECODE	null	[1,2048]	9034612232	9034793935	NA	PASS
MP05	1	2385	model.layers.20.mlp.gate_up_proj	DECODE	[1,2048]	[1,22016]	9034811095	9034838941	NA	PASS
MP05	1	2386	model.layers.20.mlp.act_fn	DECODE	[1,22016]	[1,11008]	9034843505	9034855691	NA	PASS
MP05	1	2387	model.layers.20.mlp.down_proj	DECODE	[1,11008]	[1,2048]	9034859240	9034885930	NA	PASS
MP05	1	2388	model.layers.21.self_attn	DECODE	null	[1,2048]	9034902978	9035082363	NA	PASS
MP05	1	2389	model.layers.21.mlp.gate_up_proj	DECODE	[1,2048]	[1,22016]	9035099503	9035127535	NA	PASS
MP05	1	2390	model.layers.21.mlp.act_fn	DECODE	[1,22016]	[1,11008]	9035131622	9035143814	NA	PASS
MP05	1	2391	model.layers.21.mlp.down_proj	DECODE	[1,11008]	[1,2048]	9035147231	9035173855	NA	PASS
MP05	1	2392	model.layers.22.self_attn	DECODE	null	[1,2048]	9035190993	9035379585	NA	PASS
MP05	1	2393	model.layers.22.mlp.gate_up_proj	DECODE	[1,2048]	[1,22016]	9035396835	9035424987	NA	PASS
MP05	1	2394	model.layers.22.mlp.act_fn	DECODE	[1,22016]	[1,11008]	9035429043	9035441243	NA	PASS
MP05	1	2395	model.layers.22.mlp.down_proj	DECODE	[1,11008]	[1,2048]	9035444672	9035478455	NA	PASS
MP05	1	2396	model.layers.23.self_attn	DECODE	null	[1,2048]	9035495941	9035676428	NA	PASS
MP05	1	2397	model.layers.23.mlp.gate_up_proj	DECODE	[1,2048]	[1,22016]	9035693965	9035721943	NA	PASS
MP05	1	2398	model.layers.23.mlp.act_fn	DECODE	[1,22016]	[1,11008]	9035725904	9035738214	NA	PASS
MP05	1	2399	model.layers.23.mlp.down_proj	DECODE	[1,11008]	[1,2048]	9035741622	9035772848	NA	PASS
MP05	1	2400	model.layers.24.self_attn	DECODE	null	[1,2048]	9035790169	9035967098	NA	PASS
MP05	1	2401	model.layers.24.mlp.gate_up_proj	DECODE	[1,2048]	[1,22016]	9035984203	9036012009	NA	PASS
MP05	1	2402	model.layers.24.mlp.act_fn	DECODE	[1,22016]	[1,11008]	9036016267	9036028547	NA	PASS
MP05	1	2403	model.layers.24.mlp.down_proj	DECODE	[1,11008]	[1,2048]	9036031788	9036061612	NA	PASS
MP05	1	2404	model.layers.25.self_attn	DECODE	null	[1,2048]	9036080291	9036265414	NA	PASS
MP05	1	2405	model.layers.25.mlp.gate_up_proj	DECODE	[1,2048]	[1,22016]	9036283880	9036313384	NA	PASS
MP05	1	2406	model.layers.25.mlp.act_fn	DECODE	[1,22016]	[1,11008]	9036318020	9036330648	NA	PASS
MP05	1	2407	model.layers.25.mlp.down_proj	DECODE	[1,11008]	[1,2048]	9036334342	9036361414	NA	PASS
MP05	1	2408	model.layers.26.self_attn	DECODE	null	[1,2048]	9036379828	9036566318	NA	PASS
MP05	1	2409	model.layers.26.mlp.gate_up_proj	DECODE	[1,2048]	[1,22016]	9036584031	9036612275	NA	PASS
MP05	1	2410	model.layers.26.mlp.act_fn	DECODE	[1,22016]	[1,11008]	9036616508	9036628691	NA	PASS
MP05	1	2411	model.layers.26.mlp.down_proj	DECODE	[1,11008]	[1,2048]	9036631959	9036658937	NA	PASS
MP05	1	2412	model.layers.27.self_attn	DECODE	null	[1,2048]	9036676764	9036855381	NA	PASS
MP05	1	2413	model.layers.27.mlp.gate_up_proj	DECODE	[1,2048]	[1,22016]	9036872420	9036900274	NA	PASS
MP05	1	2414	model.layers.27.mlp.act_fn	DECODE	[1,22016]	[1,11008]	9036904578	9036916849	NA	PASS
MP05	1	2415	model.layers.27.mlp.down_proj	DECODE	[1,11008]	[1,2048]	9036920420	9036947876	NA	PASS
MP05	1	2416	model.layers.28.self_attn	DECODE	null	[1,2048]	9036965232	9037148871	NA	PASS
MP05	1	2417	model.layers.28.mlp.gate_up_proj	DECODE	[1,2048]	[1,22016]	9037166149	9037194527	NA	PASS
MP05	1	2418	model.layers.28.mlp.act_fn	DECODE	[1,22016]	[1,11008]	9037198849	9037211393	NA	PASS
MP05	1	2419	model.layers.28.mlp.down_proj	DECODE	[1,11008]	[1,2048]	9037214841	9037242021	NA	PASS
MP05	1	2420	model.layers.29.self_attn	DECODE	null	[1,2048]	9037262173	9037445731	NA	PASS
MP05	1	2421	model.layers.29.mlp.gate_up_proj	DECODE	[1,2048]	[1,22016]	9037468293	9037498744	NA	PASS
MP05	1	2422	model.layers.29.mlp.act_fn	DECODE	[1,22016]	[1,11008]	9037503317	9037520731	NA	PASS
MP05	1	2423	model.layers.29.mlp.down_proj	DECODE	[1,11008]	[1,2048]	9037524423	9037552264	NA	PASS
MP05	1	2424	model.layers.30.self_attn	DECODE	null	[1,2048]	9037570372	9037762397	NA	PASS
MP05	1	2425	model.layers.30.mlp.gate_up_proj	DECODE	[1,2048]	[1,22016]	9037780423	9037809520	NA	PASS
MP05	1	2426	model.layers.30.mlp.act_fn	DECODE	[1,22016]	[1,11008]	9037813840	9037826749	NA	PASS
MP05	1	2427	model.layers.30.mlp.down_proj	DECODE	[1,11008]	[1,2048]	9037830336	9037859378	NA	PASS
MP05	1	2428	model.layers.31.self_attn	DECODE	null	[1,2048]	9037877375	9038061738	NA	PASS
MP05	1	2429	model.layers.31.mlp.gate_up_proj	DECODE	[1,2048]	[1,22016]	9038079438	9038108148	NA	PASS
MP05	1	2430	model.layers.31.mlp.act_fn	DECODE	[1,22016]	[1,11008]	9038112306	9038125080	NA	PASS
MP05	1	2431	model.layers.31.mlp.down_proj	DECODE	[1,11008]	[1,2048]	9038128588	9038155951	NA	PASS
MP05	1	2432	model.layers.32.self_attn	DECODE	null	[1,2048]	9038173563	9038357863	NA	PASS
MP05	1	2433	model.layers.32.mlp.gate_up_proj	DECODE	[1,2048]	[1,22016]	9038375503	9038403921	NA	PASS
MP05	1	2434	model.layers.32.mlp.act_fn	DECODE	[1,22016]	[1,11008]	9038408279	9038420773	NA	PASS
MP05	1	2435	model.layers.32.mlp.down_proj	DECODE	[1,11008]	[1,2048]	9038424200	9038451623	NA	PASS
MP05	1	2436	model.layers.33.self_attn	DECODE	null	[1,2048]	9038473026	9038673259	NA	PASS
MP05	1	2437	model.layers.33.mlp.gate_up_proj	DECODE	[1,2048]	[1,22016]	9038691501	9038720305	NA	PASS
MP05	1	2438	model.layers.33.mlp.act_fn	DECODE	[1,22016]	[1,11008]	9038724508	9038738559	NA	PASS
MP05	1	2439	model.layers.33.mlp.down_proj	DECODE	[1,11008]	[1,2048]	9038742231	9038770165	NA	PASS
MP05	1	2440	model.layers.34.self_attn	DECODE	null	[1,2048]	9038788131	9038976740	NA	PASS
MP05	1	2441	model.layers.34.mlp.gate_up_proj	DECODE	[1,2048]	[1,22016]	9038994433	9039023310	NA	PASS
MP05	1	2442	model.layers.34.mlp.act_fn	DECODE	[1,22016]	[1,11008]	9039027467	9039040100	NA	PASS
MP05	1	2443	model.layers.34.mlp.down_proj	DECODE	[1,11008]	[1,2048]	9039043407	9039070890	NA	PASS
MP05	1	2444	model.layers.35.self_attn	DECODE	null	[1,2048]	9039088266	9039275504	NA	PASS
MP05	1	2445	model.layers.35.mlp.gate_up_proj	DECODE	[1,2048]	[1,22016]	9039293426	9039322594	NA	PASS
MP05	1	2446	model.layers.35.mlp.act_fn	DECODE	[1,22016]	[1,11008]	9039326681	9039342400	NA	PASS
MP05	1	2447	model.layers.35.mlp.down_proj	DECODE	[1,11008]	[1,2048]	9039345846	9039373453	NA	PASS
MP05	1	2448	model.layers.0.self_attn	DECODE	null	[1,2048]	9040537138	9040807108	NA	PASS
MP05	1	2449	model.layers.0.mlp.gate_up_proj	DECODE	[1,2048]	[1,22016]	9040832824	9040866745	NA	PASS
MP05	1	2450	model.layers.0.mlp.act_fn	DECODE	[1,22016]	[1,11008]	9040872056	9040887286	NA	PASS
MP05	1	2451	model.layers.0.mlp.down_proj	DECODE	[1,11008]	[1,2048]	9040891443	9040921919	NA	PASS
MP05	1	2452	model.layers.1.self_attn	DECODE	null	[1,2048]	9040943018	9041164156	NA	PASS
MP05	1	2453	model.layers.1.mlp.gate_up_proj	DECODE	[1,2048]	[1,22016]	9041186323	9041218402	NA	PASS
MP05	1	2454	model.layers.1.mlp.act_fn	DECODE	[1,22016]	[1,11008]	9041223114	9041237242	NA	PASS
MP05	1	2455	model.layers.1.mlp.down_proj	DECODE	[1,11008]	[1,2048]	9041241041	9041270037	NA	PASS
MP05	1	2456	model.layers.2.self_attn	DECODE	null	[1,2048]	9041290792	9041501076	NA	PASS
MP05	1	2457	model.layers.2.mlp.gate_up_proj	DECODE	[1,2048]	[1,22016]	9041520862	9041553720	NA	PASS
MP05	1	2458	model.layers.2.mlp.act_fn	DECODE	[1,22016]	[1,11008]	9041558171	9041571095	NA	PASS
MP05	1	2459	model.layers.2.mlp.down_proj	DECODE	[1,11008]	[1,2048]	9041574630	9041602484	NA	PASS
MP05	1	2460	model.layers.3.self_attn	DECODE	null	[1,2048]	9041621189	9041827670	NA	PASS
MP05	1	2461	model.layers.3.mlp.gate_up_proj	DECODE	[1,2048]	[1,22016]	9041846532	9041875803	NA	PASS
MP05	1	2462	model.layers.3.mlp.act_fn	DECODE	[1,22016]	[1,11008]	9041880207	9041894739	NA	PASS
MP05	1	2463	model.layers.3.mlp.down_proj	DECODE	[1,11008]	[1,2048]	9041898461	9041925796	NA	PASS
MP05	1	2464	model.layers.4.self_attn	DECODE	null	[1,2048]	9041944309	9042134339	NA	PASS
MP05	1	2465	model.layers.4.mlp.gate_up_proj	DECODE	[1,2048]	[1,22016]	9042152677	9042181428	NA	PASS
MP05	1	2466	model.layers.4.mlp.act_fn	DECODE	[1,22016]	[1,11008]	9042185888	9042198280	NA	PASS
MP05	1	2467	model.layers.4.mlp.down_proj	DECODE	[1,11008]	[1,2048]	9042201683	9042228678	NA	PASS
MP05	1	2468	model.layers.5.self_attn	DECODE	null	[1,2048]	9042246359	9042439698	NA	PASS
MP05	1	2469	model.layers.5.mlp.gate_up_proj	DECODE	[1,2048]	[1,22016]	9042457182	9042490379	NA	PASS
MP05	1	2470	model.layers.5.mlp.act_fn	DECODE	[1,22016]	[1,11008]	9042494580	9042507340	NA	PASS
MP05	1	2471	model.layers.5.mlp.down_proj	DECODE	[1,11008]	[1,2048]	9042511024	9042539723	NA	PASS
MP05	1	2472	model.layers.6.self_attn	DECODE	null	[1,2048]	9042558091	9042746259	NA	PASS
MP05	1	2473	model.layers.6.mlp.gate_up_proj	DECODE	[1,2048]	[1,22016]	9042764585	9042793812	NA	PASS
MP05	1	2474	model.layers.6.mlp.act_fn	DECODE	[1,22016]	[1,11008]	9042798233	9042810999	NA	PASS
MP05	1	2475	model.layers.6.mlp.down_proj	DECODE	[1,11008]	[1,2048]	9042814541	9042843500	NA	PASS
MP05	1	2476	model.layers.7.self_attn	DECODE	null	[1,2048]	9042865206	9043067397	NA	PASS
MP05	1	2477	model.layers.7.mlp.gate_up_proj	DECODE	[1,2048]	[1,22016]	9043085933	9043115422	NA	PASS
MP05	1	2478	model.layers.7.mlp.act_fn	DECODE	[1,22016]	[1,11008]	9043119828	9043132649	NA	PASS
MP05	1	2479	model.layers.7.mlp.down_proj	DECODE	[1,11008]	[1,2048]	9043136040	9043164691	NA	PASS
MP05	1	2480	model.layers.8.self_attn	DECODE	null	[1,2048]	9043183804	9043385530	NA	PASS
MP05	1	2481	model.layers.8.mlp.gate_up_proj	DECODE	[1,2048]	[1,22016]	9043403601	9043434290	NA	PASS
MP05	1	2482	model.layers.8.mlp.act_fn	DECODE	[1,22016]	[1,11008]	9043438380	9043450842	NA	PASS
MP05	1	2483	model.layers.8.mlp.down_proj	DECODE	[1,11008]	[1,2048]	9043454346	9043486994	NA	PASS
MP05	1	2484	model.layers.9.self_attn	DECODE	null	[1,2048]	9043505223	9043697021	NA	PASS
MP05	1	2485	model.layers.9.mlp.gate_up_proj	DECODE	[1,2048]	[1,22016]	9043716141	9043746193	NA	PASS
MP05	1	2486	model.layers.9.mlp.act_fn	DECODE	[1,22016]	[1,11008]	9043750581	9043763693	NA	PASS
MP05	1	2487	model.layers.9.mlp.down_proj	DECODE	[1,11008]	[1,2048]	9043767498	9043795353	NA	PASS
MP05	1	2488	model.layers.10.self_attn	DECODE	null	[1,2048]	9043813093	9044004007	NA	PASS
MP05	1	2489	model.layers.10.mlp.gate_up_proj	DECODE	[1,2048]	[1,22016]	9044021581	9044050128	NA	PASS
MP05	1	2490	model.layers.10.mlp.act_fn	DECODE	[1,22016]	[1,11008]	9044054379	9044066983	NA	PASS
MP05	1	2491	model.layers.10.mlp.down_proj	DECODE	[1,11008]	[1,2048]	9044072583	9044100842	NA	PASS
MP05	1	2492	model.layers.11.self_attn	DECODE	null	[1,2048]	9044119700	9044306139	NA	PASS
MP05	1	2493	model.layers.11.mlp.gate_up_proj	DECODE	[1,2048]	[1,22016]	9044323740	9044351827	NA	PASS
MP05	1	2494	model.layers.11.mlp.act_fn	DECODE	[1,22016]	[1,11008]	9044355987	9044368642	NA	PASS
MP05	1	2495	model.layers.11.mlp.down_proj	DECODE	[1,11008]	[1,2048]	9044371968	9044398759	NA	PASS
MP05	1	2496	model.layers.12.self_attn	DECODE	null	[1,2048]	9044416438	9044657016	NA	PASS
MP05	1	2497	model.layers.12.mlp.gate_up_proj	DECODE	[1,2048]	[1,22016]	9044679399	9044710811	NA	PASS
MP05	1	2498	model.layers.12.mlp.act_fn	DECODE	[1,22016]	[1,11008]	9044715567	9044729145	NA	PASS
MP05	1	2499	model.layers.12.mlp.down_proj	DECODE	[1,11008]	[1,2048]	9044732894	9044763477	NA	PASS
MP05	1	2500	model.layers.13.self_attn	DECODE	null	[1,2048]	9044784448	9044996776	NA	PASS
MP05	1	2501	model.layers.13.mlp.gate_up_proj	DECODE	[1,2048]	[1,22016]	9045015806	9045045179	NA	PASS
MP05	1	2502	model.layers.13.mlp.act_fn	DECODE	[1,22016]	[1,11008]	9045049589	9045062515	NA	PASS
MP05	1	2503	model.layers.13.mlp.down_proj	DECODE	[1,11008]	[1,2048]	9045066429	9045094303	NA	PASS
MP05	1	2504	model.layers.14.self_attn	DECODE	null	[1,2048]	9045113137	9045306008	NA	PASS
MP05	1	2505	model.layers.14.mlp.gate_up_proj	DECODE	[1,2048]	[1,22016]	9045324110	9045353873	NA	PASS
MP05	1	2506	model.layers.14.mlp.act_fn	DECODE	[1,22016]	[1,11008]	9045358256	9045372744	NA	PASS
MP05	1	2507	model.layers.14.mlp.down_proj	DECODE	[1,11008]	[1,2048]	9045376209	9045404424	NA	PASS
MP05	1	2508	model.layers.15.self_attn	DECODE	null	[1,2048]	9045423567	9045619448	NA	PASS
MP05	1	2509	model.layers.15.mlp.gate_up_proj	DECODE	[1,2048]	[1,22016]	9045637071	9045665791	NA	PASS
MP05	1	2510	model.layers.15.mlp.act_fn	DECODE	[1,22016]	[1,11008]	9045671875	9045684735	NA	PASS
MP05	1	2511	model.layers.15.mlp.down_proj	DECODE	[1,11008]	[1,2048]	9045688195	9045716702	NA	PASS
MP05	1	2512	model.layers.16.self_attn	DECODE	null	[1,2048]	9045735763	9045921027	NA	PASS
MP05	1	2513	model.layers.16.mlp.gate_up_proj	DECODE	[1,2048]	[1,22016]	9045938479	9045966519	NA	PASS
MP05	1	2514	model.layers.16.mlp.act_fn	DECODE	[1,22016]	[1,11008]	9045970832	9045983046	NA	PASS
MP05	1	2515	model.layers.16.mlp.down_proj	DECODE	[1,11008]	[1,2048]	9045986362	9046013052	NA	PASS
MP05	1	2516	model.layers.17.self_attn	DECODE	null	[1,2048]	9046030970	9046221374	NA	PASS
MP05	1	2517	model.layers.17.mlp.gate_up_proj	DECODE	[1,2048]	[1,22016]	9046240741	9046270337	NA	PASS
MP05	1	2518	model.layers.17.mlp.act_fn	DECODE	[1,22016]	[1,11008]	9046274749	9046287558	NA	PASS
MP05	1	2519	model.layers.17.mlp.down_proj	DECODE	[1,11008]	[1,2048]	9046291108	9046319390	NA	PASS
MP05	1	2520	model.layers.18.self_attn	DECODE	null	[1,2048]	9046338467	9046537902	NA	PASS
MP05	1	2521	model.layers.18.mlp.gate_up_proj	DECODE	[1,2048]	[1,22016]	9046556540	9046585300	NA	PASS
MP05	1	2522	model.layers.18.mlp.act_fn	DECODE	[1,22016]	[1,11008]	9046589702	9046604151	NA	PASS
MP05	1	2523	model.layers.18.mlp.down_proj	DECODE	[1,11008]	[1,2048]	9046607758	9046637028	NA	PASS
MP05	1	2524	model.layers.19.self_attn	DECODE	null	[1,2048]	9046656427	9046843869	NA	PASS
MP05	1	2525	model.layers.19.mlp.gate_up_proj	DECODE	[1,2048]	[1,22016]	9046861739	9046890335	NA	PASS
MP05	1	2526	model.layers.19.mlp.act_fn	DECODE	[1,22016]	[1,11008]	9046894472	9046907191	NA	PASS
MP05	1	2527	model.layers.19.mlp.down_proj	DECODE	[1,11008]	[1,2048]	9046910887	9046937811	NA	PASS
MP05	1	2528	model.layers.20.self_attn	DECODE	null	[1,2048]	9046955425	9047143384	NA	PASS
MP05	1	2529	model.layers.20.mlp.gate_up_proj	DECODE	[1,2048]	[1,22016]	9047161097	9047189489	NA	PASS
MP05	1	2530	model.layers.20.mlp.act_fn	DECODE	[1,22016]	[1,11008]	9047193950	9047206717	NA	PASS
MP05	1	2531	model.layers.20.mlp.down_proj	DECODE	[1,11008]	[1,2048]	9047210568	9047238289	NA	PASS
MP05	1	2532	model.layers.21.self_attn	DECODE	null	[1,2048]	9047256203	9047440352	NA	PASS
MP05	1	2533	model.layers.21.mlp.gate_up_proj	DECODE	[1,2048]	[1,22016]	9047457783	9047490722	NA	PASS
MP05	1	2534	model.layers.21.mlp.act_fn	DECODE	[1,22016]	[1,11008]	9047495111	9047508241	NA	PASS
MP05	1	2535	model.layers.21.mlp.down_proj	DECODE	[1,11008]	[1,2048]	9047512200	9047539840	NA	PASS
MP05	1	2536	model.layers.22.self_attn	DECODE	null	[1,2048]	9047558375	9047754279	NA	PASS
MP05	1	2537	model.layers.22.mlp.gate_up_proj	DECODE	[1,2048]	[1,22016]	9047772407	9047801151	NA	PASS
MP05	1	2538	model.layers.22.mlp.act_fn	DECODE	[1,22016]	[1,11008]	9047805570	9047817977	NA	PASS
MP05	1	2539	model.layers.22.mlp.down_proj	DECODE	[1,11008]	[1,2048]	9047821589	9047848987	NA	PASS
MP05	1	2540	model.layers.23.self_attn	DECODE	null	[1,2048]	9047868763	9048054234	NA	PASS
MP05	1	2541	model.layers.23.mlp.gate_up_proj	DECODE	[1,2048]	[1,22016]	9048071490	9048099603	NA	PASS
MP05	1	2542	model.layers.23.mlp.act_fn	DECODE	[1,22016]	[1,11008]	9048103908	9048116602	NA	PASS
MP05	1	2543	model.layers.23.mlp.down_proj	DECODE	[1,11008]	[1,2048]	9048120301	9048147577	NA	PASS
MP05	1	2544	model.layers.24.self_attn	DECODE	null	[1,2048]	9048165620	9048346943	NA	PASS
MP05	1	2545	model.layers.24.mlp.gate_up_proj	DECODE	[1,2048]	[1,22016]	9048364486	9048392819	NA	PASS
MP05	1	2546	model.layers.24.mlp.act_fn	DECODE	[1,22016]	[1,11008]	9048396937	9048409244	NA	PASS
MP05	1	2547	model.layers.24.mlp.down_proj	DECODE	[1,11008]	[1,2048]	9048412786	9048440021	NA	PASS
MP05	1	2548	model.layers.25.self_attn	DECODE	null	[1,2048]	9048457709	9048655062	NA	PASS
MP05	1	2549	model.layers.25.mlp.gate_up_proj	DECODE	[1,2048]	[1,22016]	9048673485	9048702666	NA	PASS
MP05	1	2550	model.layers.25.mlp.act_fn	DECODE	[1,22016]	[1,11008]	9048706992	9048719969	NA	PASS
MP05	1	2551	model.layers.25.mlp.down_proj	DECODE	[1,11008]	[1,2048]	9048723546	9048750356	NA	PASS
MP05	1	2552	model.layers.26.self_attn	DECODE	null	[1,2048]	9048768298	9048957271	NA	PASS
MP05	1	2553	model.layers.26.mlp.gate_up_proj	DECODE	[1,2048]	[1,22016]	9048974793	9049007603	NA	PASS
MP05	1	2554	model.layers.26.mlp.act_fn	DECODE	[1,22016]	[1,11008]	9049011753	9049025733	NA	PASS
MP05	1	2555	model.layers.26.mlp.down_proj	DECODE	[1,11008]	[1,2048]	9049029332	9049059331	NA	PASS
MP05	1	2556	model.layers.27.self_attn	DECODE	null	[1,2048]	9049078251	9049267531	NA	PASS
MP05	1	2557	model.layers.27.mlp.gate_up_proj	DECODE	[1,2048]	[1,22016]	9049286291	9049315640	NA	PASS
MP05	1	2558	model.layers.27.mlp.act_fn	DECODE	[1,22016]	[1,11008]	9049320182	9049333051	NA	PASS
MP05	1	2559	model.layers.27.mlp.down_proj	DECODE	[1,11008]	[1,2048]	9049336788	9049364813	NA	PASS
MP05	1	2560	model.layers.28.self_attn	DECODE	null	[1,2048]	9049383274	9049580360	NA	PASS
MP05	1	2561	model.layers.28.mlp.gate_up_proj	DECODE	[1,2048]	[1,22016]	9049617078	9049647084	NA	PASS
MP05	1	2562	model.layers.28.mlp.act_fn	DECODE	[1,22016]	[1,11008]	9049651528	9049664591	NA	PASS
MP05	1	2563	model.layers.28.mlp.down_proj	DECODE	[1,11008]	[1,2048]	9049668215	9049696316	NA	PASS
MP05	1	2564	model.layers.29.self_attn	DECODE	null	[1,2048]	9049715008	9049909212	NA	PASS
MP05	1	2565	model.layers.29.mlp.gate_up_proj	DECODE	[1,2048]	[1,22016]	9049928096	9049958500	NA	PASS
MP05	1	2566	model.layers.29.mlp.act_fn	DECODE	[1,22016]	[1,11008]	9049962792	9049975418	NA	PASS
MP05	1	2567	model.layers.29.mlp.down_proj	DECODE	[1,11008]	[1,2048]	9049979017	9050006402	NA	PASS
MP05	1	2568	model.layers.30.self_attn	DECODE	null	[1,2048]	9050024132	9050211074	NA	PASS
MP05	1	2569	model.layers.30.mlp.gate_up_proj	DECODE	[1,2048]	[1,22016]	9050228605	9050257670	NA	PASS
MP05	1	2570	model.layers.30.mlp.act_fn	DECODE	[1,22016]	[1,11008]	9050261778	9050274388	NA	PASS
MP05	1	2571	model.layers.30.mlp.down_proj	DECODE	[1,11008]	[1,2048]	9050277884	9050305265	NA	PASS
MP05	1	2572	model.layers.31.self_attn	DECODE	null	[1,2048]	9050325884	9050521789	NA	PASS
MP05	1	2573	model.layers.31.mlp.gate_up_proj	DECODE	[1,2048]	[1,22016]	9050541551	9050571144	NA	PASS
MP05	1	2574	model.layers.31.mlp.act_fn	DECODE	[1,22016]	[1,11008]	9050577433	9050590642	NA	PASS
MP05	1	2575	model.layers.31.mlp.down_proj	DECODE	[1,11008]	[1,2048]	9050594370	9050622776	NA	PASS
MP05	1	2576	model.layers.32.self_attn	DECODE	null	[1,2048]	9050641947	9050825568	NA	PASS
MP05	1	2577	model.layers.32.mlp.gate_up_proj	DECODE	[1,2048]	[1,22016]	9050843918	9050872403	NA	PASS
MP05	1	2578	model.layers.32.mlp.act_fn	DECODE	[1,22016]	[1,11008]	9050876584	9050889349	NA	PASS
MP05	1	2579	model.layers.32.mlp.down_proj	DECODE	[1,11008]	[1,2048]	9050892757	9050920842	NA	PASS
MP05	1	2580	model.layers.33.self_attn	DECODE	null	[1,2048]	9050938938	9051124802	NA	PASS
MP05	1	2581	model.layers.33.mlp.gate_up_proj	DECODE	[1,2048]	[1,22016]	9051142601	9051171473	NA	PASS
MP05	1	2582	model.layers.33.mlp.act_fn	DECODE	[1,22016]	[1,11008]	9051175834	9051188534	NA	PASS
MP05	1	2583	model.layers.33.mlp.down_proj	DECODE	[1,11008]	[1,2048]	9051192183	9051219775	NA	PASS
MP05	1	2584	model.layers.34.self_attn	DECODE	null	[1,2048]	9051237329	9051415353	NA	PASS
MP05	1	2585	model.layers.34.mlp.gate_up_proj	DECODE	[1,2048]	[1,22016]	9051434009	9051467033	NA	PASS
MP05	1	2586	model.layers.34.mlp.act_fn	DECODE	[1,22016]	[1,11008]	9051471480	9051484404	NA	PASS
MP05	1	2587	model.layers.34.mlp.down_proj	DECODE	[1,11008]	[1,2048]	9051487931	9051515881	NA	PASS
MP05	1	2588	model.layers.35.self_attn	DECODE	null	[1,2048]	9051535128	9051731837	NA	PASS
MP05	1	2589	model.layers.35.mlp.gate_up_proj	DECODE	[1,2048]	[1,22016]	9051749888	9051778389	NA	PASS
MP05	1	2590	model.layers.35.mlp.act_fn	DECODE	[1,22016]	[1,11008]	9051782559	9051795311	NA	PASS
MP05	1	2591	model.layers.35.mlp.down_proj	DECODE	[1,11008]	[1,2048]	9051799064	9051826195	NA	PASS
MP05	1	2592	model.layers.0.self_attn	DECODE	null	[1,2048]	9052902549	9053168837	NA	PASS
MP05	1	2593	model.layers.0.mlp.gate_up_proj	DECODE	[1,2048]	[1,22016]	9053194922	9053228592	NA	PASS
MP05	1	2594	model.layers.0.mlp.act_fn	DECODE	[1,22016]	[1,11008]	9053233741	9053251248	NA	PASS
MP05	1	2595	model.layers.0.mlp.down_proj	DECODE	[1,11008]	[1,2048]	9053255428	9053285721	NA	PASS
MP05	1	2596	model.layers.1.self_attn	DECODE	null	[1,2048]	9053306787	9053532614	NA	PASS
MP05	1	2597	model.layers.1.mlp.gate_up_proj	DECODE	[1,2048]	[1,22016]	9053552973	9053588129	NA	PASS
MP05	1	2598	model.layers.1.mlp.act_fn	DECODE	[1,22016]	[1,11008]	9053592735	9053606513	NA	PASS
MP05	1	2599	model.layers.1.mlp.down_proj	DECODE	[1,11008]	[1,2048]	9053610401	9053639178	NA	PASS
MP05	1	2600	model.layers.2.self_attn	DECODE	null	[1,2048]	9053658506	9054273138	NA	PASS
MP05	1	2601	model.layers.2.mlp.gate_up_proj	DECODE	[1,2048]	[1,22016]	9054300533	9054338074	NA	PASS
MP05	1	2602	model.layers.2.mlp.act_fn	DECODE	[1,22016]	[1,11008]	9054343234	9054358212	NA	PASS
MP05	1	2603	model.layers.2.mlp.down_proj	DECODE	[1,11008]	[1,2048]	9054362310	9054394121	NA	PASS
MP05	1	2604	model.layers.3.self_attn	DECODE	null	[1,2048]	9054416565	9054659404	NA	PASS
MP05	1	2605	model.layers.3.mlp.gate_up_proj	DECODE	[1,2048]	[1,22016]	9054680912	9054714452	NA	PASS
MP05	1	2606	model.layers.3.mlp.act_fn	DECODE	[1,22016]	[1,11008]	9054719078	9054733006	NA	PASS
MP05	1	2607	model.layers.3.mlp.down_proj	DECODE	[1,11008]	[1,2048]	9054736794	9054768378	NA	PASS
MP05	1	2608	model.layers.4.self_attn	DECODE	null	[1,2048]	9054788464	9055011524	NA	PASS
MP05	1	2609	model.layers.4.mlp.gate_up_proj	DECODE	[1,2048]	[1,22016]	9055033286	9055066574	NA	PASS
MP05	1	2610	model.layers.4.mlp.act_fn	DECODE	[1,22016]	[1,11008]	9055071372	9055085133	NA	PASS
MP05	1	2611	model.layers.4.mlp.down_proj	DECODE	[1,11008]	[1,2048]	9055089518	9055121451	NA	PASS
MP05	1	2612	model.layers.5.self_attn	DECODE	null	[1,2048]	9055141568	9055360627	NA	PASS
MP05	1	2613	model.layers.5.mlp.gate_up_proj	DECODE	[1,2048]	[1,22016]	9055380431	9055411378	NA	PASS
MP05	1	2614	model.layers.5.mlp.act_fn	DECODE	[1,22016]	[1,11008]	9055415749	9055429250	NA	PASS
MP05	1	2615	model.layers.5.mlp.down_proj	DECODE	[1,11008]	[1,2048]	9055432908	9055465326	NA	PASS
MP05	1	2616	model.layers.6.self_attn	DECODE	null	[1,2048]	9055484184	9055688775	NA	PASS
MP05	1	2617	model.layers.6.mlp.gate_up_proj	DECODE	[1,2048]	[1,22016]	9055708298	9055738444	NA	PASS
MP05	1	2618	model.layers.6.mlp.act_fn	DECODE	[1,22016]	[1,11008]	9055742996	9055756662	NA	PASS
MP05	1	2619	model.layers.6.mlp.down_proj	DECODE	[1,11008]	[1,2048]	9055760413	9055789401	NA	PASS
MP05	1	2620	model.layers.7.self_attn	DECODE	null	[1,2048]	9055808112	9056002752	NA	PASS
MP05	1	2621	model.layers.7.mlp.gate_up_proj	DECODE	[1,2048]	[1,22016]	9056021669	9056051230	NA	PASS
MP05	1	2622	model.layers.7.mlp.act_fn	DECODE	[1,22016]	[1,11008]	9056055656	9056068375	NA	PASS
MP05	1	2623	model.layers.7.mlp.down_proj	DECODE	[1,11008]	[1,2048]	9056072161	9056100546	NA	PASS
MP05	1	2624	model.layers.8.self_attn	DECODE	null	[1,2048]	9056121304	9056308334	NA	PASS
MP05	1	2625	model.layers.8.mlp.gate_up_proj	DECODE	[1,2048]	[1,22016]	9056325544	9056354777	NA	PASS
MP05	1	2626	model.layers.8.mlp.act_fn	DECODE	[1,22016]	[1,11008]	9056359066	9056371950	NA	PASS
MP05	1	2627	model.layers.8.mlp.down_proj	DECODE	[1,11008]	[1,2048]	9056375654	9056405321	NA	PASS
MP05	1	2628	model.layers.9.self_attn	DECODE	null	[1,2048]	9056424538	9056629300	NA	PASS
MP05	1	2629	model.layers.9.mlp.gate_up_proj	DECODE	[1,2048]	[1,22016]	9056648429	9056678829	NA	PASS
MP05	1	2630	model.layers.9.mlp.act_fn	DECODE	[1,22016]	[1,11008]	9056683196	9056697009	NA	PASS
MP05	1	2631	model.layers.9.mlp.down_proj	DECODE	[1,11008]	[1,2048]	9056700765	9056729095	NA	PASS
MP05	1	2632	model.layers.10.self_attn	DECODE	null	[1,2048]	9056747707	9056940029	NA	PASS
MP05	1	2633	model.layers.10.mlp.gate_up_proj	DECODE	[1,2048]	[1,22016]	9056958467	9056988417	NA	PASS
MP05	1	2634	model.layers.10.mlp.act_fn	DECODE	[1,22016]	[1,11008]	9056993009	9057006440	NA	PASS
MP05	1	2635	model.layers.10.mlp.down_proj	DECODE	[1,11008]	[1,2048]	9057010525	9057039367	NA	PASS
MP05	1	2636	model.layers.11.self_attn	DECODE	null	[1,2048]	9057059682	9057258150	NA	PASS
MP05	1	2637	model.layers.11.mlp.gate_up_proj	DECODE	[1,2048]	[1,22016]	9057278108	9057308660	NA	PASS
MP05	1	2638	model.layers.11.mlp.act_fn	DECODE	[1,22016]	[1,11008]	9057313394	9057327225	NA	PASS
MP05	1	2639	model.layers.11.mlp.down_proj	DECODE	[1,11008]	[1,2048]	9057331078	9057363021	NA	PASS
MP05	1	2640	model.layers.12.self_attn	DECODE	null	[1,2048]	9057382183	9057588426	NA	PASS
MP05	1	2641	model.layers.12.mlp.gate_up_proj	DECODE	[1,2048]	[1,22016]	9057609233	9057641974	NA	PASS
MP05	1	2642	model.layers.12.mlp.act_fn	DECODE	[1,22016]	[1,11008]	9057646322	9057663073	NA	PASS
MP05	1	2643	model.layers.12.mlp.down_proj	DECODE	[1,11008]	[1,2048]	9057667805	9057700399	NA	PASS
MP05	1	2644	model.layers.13.self_attn	DECODE	null	[1,2048]	9057720778	9057934603	NA	PASS
MP05	1	2645	model.layers.13.mlp.gate_up_proj	DECODE	[1,2048]	[1,22016]	9057953994	9057985801	NA	PASS
MP05	1	2646	model.layers.13.mlp.act_fn	DECODE	[1,22016]	[1,11008]	9057990490	9058004024	NA	PASS
MP05	1	2647	model.layers.13.mlp.down_proj	DECODE	[1,11008]	[1,2048]	9058007672	9058037824	NA	PASS
MP05	1	2648	model.layers.14.self_attn	DECODE	null	[1,2048]	9058058072	9058262822	NA	PASS
MP05	1	2649	model.layers.14.mlp.gate_up_proj	DECODE	[1,2048]	[1,22016]	9058281743	9058311765	NA	PASS
MP05	1	2650	model.layers.14.mlp.act_fn	DECODE	[1,22016]	[1,11008]	9058316270	9058331629	NA	PASS
MP05	1	2651	model.layers.14.mlp.down_proj	DECODE	[1,11008]	[1,2048]	9058335239	9058363584	NA	PASS
MP05	1	2652	model.layers.15.self_attn	DECODE	null	[1,2048]	9058382583	9058574360	NA	PASS
MP05	1	2653	model.layers.15.mlp.gate_up_proj	DECODE	[1,2048]	[1,22016]	9058593348	9058622852	NA	PASS
MP05	1	2654	model.layers.15.mlp.act_fn	DECODE	[1,22016]	[1,11008]	9058627241	9058640078	NA	PASS
MP05	1	2655	model.layers.15.mlp.down_proj	DECODE	[1,11008]	[1,2048]	9058643889	9058672446	NA	PASS
MP05	1	2656	model.layers.16.self_attn	DECODE	null	[1,2048]	9058691466	9058887426	NA	PASS
MP05	1	2657	model.layers.16.mlp.gate_up_proj	DECODE	[1,2048]	[1,22016]	9058908065	9058938977	NA	PASS
MP05	1	2658	model.layers.16.mlp.act_fn	DECODE	[1,22016]	[1,11008]	9058943968	9058958040	NA	PASS
MP05	1	2659	model.layers.16.mlp.down_proj	DECODE	[1,11008]	[1,2048]	9058962348	9058990658	NA	PASS
MP05	1	2660	model.layers.17.self_attn	DECODE	null	[1,2048]	9059010462	9059204334	NA	PASS
MP05	1	2661	model.layers.17.mlp.gate_up_proj	DECODE	[1,2048]	[1,22016]	9059223359	9059253237	NA	PASS
MP05	1	2662	model.layers.17.mlp.act_fn	DECODE	[1,22016]	[1,11008]	9059257691	9059270610	NA	PASS
MP05	1	2663	model.layers.17.mlp.down_proj	DECODE	[1,11008]	[1,2048]	9059274577	9059302888	NA	PASS
MP05	1	2664	model.layers.18.self_attn	DECODE	null	[1,2048]	9059322097	9059516734	NA	PASS
MP05	1	2665	model.layers.18.mlp.gate_up_proj	DECODE	[1,2048]	[1,22016]	9059536751	9059567483	NA	PASS
MP05	1	2666	model.layers.18.mlp.act_fn	DECODE	[1,22016]	[1,11008]	9059572054	9059585726	NA	PASS
MP05	1	2667	model.layers.18.mlp.down_proj	DECODE	[1,11008]	[1,2048]	9059589843	9059618373	NA	PASS
MP05	1	2668	model.layers.19.self_attn	DECODE	null	[1,2048]	9059637487	9059900538	NA	PASS
MP05	1	2669	model.layers.19.mlp.gate_up_proj	DECODE	[1,2048]	[1,22016]	9059924644	9059957420	NA	PASS
MP05	1	2670	model.layers.19.mlp.act_fn	DECODE	[1,22016]	[1,11008]	9059962830	9059978024	NA	PASS
MP05	1	2671	model.layers.19.mlp.down_proj	DECODE	[1,11008]	[1,2048]	9059982248	9060011934	NA	PASS
MP05	1	2672	model.layers.20.self_attn	DECODE	null	[1,2048]	9060033119	9060252623	NA	PASS
MP05	1	2673	model.layers.20.mlp.gate_up_proj	DECODE	[1,2048]	[1,22016]	9060273900	9060307480	NA	PASS
MP05	1	2674	model.layers.20.mlp.act_fn	DECODE	[1,22016]	[1,11008]	9060312953	9060327651	NA	PASS
MP05	1	2675	model.layers.20.mlp.down_proj	DECODE	[1,11008]	[1,2048]	9060331706	9060362060	NA	PASS
MP05	1	2676	model.layers.21.self_attn	DECODE	null	[1,2048]	9060383995	9060608549	NA	PASS
MP05	1	2677	model.layers.21.mlp.gate_up_proj	DECODE	[1,2048]	[1,22016]	9060629827	9060665226	NA	PASS
MP05	1	2678	model.layers.21.mlp.act_fn	DECODE	[1,22016]	[1,11008]	9060670502	9060686898	NA	PASS
MP05	1	2679	model.layers.21.mlp.down_proj	DECODE	[1,11008]	[1,2048]	9060690994	9060721499	NA	PASS
MP05	1	2680	model.layers.22.self_attn	DECODE	null	[1,2048]	9060743109	9060948801	NA	PASS
MP05	1	2681	model.layers.22.mlp.gate_up_proj	DECODE	[1,2048]	[1,22016]	9060969919	9061000839	NA	PASS
MP05	1	2682	model.layers.22.mlp.act_fn	DECODE	[1,22016]	[1,11008]	9061005677	9061019328	NA	PASS
MP05	1	2683	model.layers.22.mlp.down_proj	DECODE	[1,11008]	[1,2048]	9061023660	9061054882	NA	PASS
MP05	1	2684	model.layers.23.self_attn	DECODE	null	[1,2048]	9061074575	9061289512	NA	PASS
MP05	1	2685	model.layers.23.mlp.gate_up_proj	DECODE	[1,2048]	[1,22016]	9061311678	9061343258	NA	PASS
MP05	1	2686	model.layers.23.mlp.act_fn	DECODE	[1,22016]	[1,11008]	9061348245	9061362277	NA	PASS
MP05	1	2687	model.layers.23.mlp.down_proj	DECODE	[1,11008]	[1,2048]	9061366080	9061394882	NA	PASS
MP05	1	2688	model.layers.24.self_attn	DECODE	null	[1,2048]	9061415144	9061623928	NA	PASS
MP05	1	2689	model.layers.24.mlp.gate_up_proj	DECODE	[1,2048]	[1,22016]	9061643943	9061674309	NA	PASS
MP05	1	2690	model.layers.24.mlp.act_fn	DECODE	[1,22016]	[1,11008]	9061679128	9061692286	NA	PASS
MP05	1	2691	model.layers.24.mlp.down_proj	DECODE	[1,11008]	[1,2048]	9061696532	9061725324	NA	PASS
MP05	1	2692	model.layers.25.self_attn	DECODE	null	[1,2048]	9061744878	9061940681	NA	PASS
MP05	1	2693	model.layers.25.mlp.gate_up_proj	DECODE	[1,2048]	[1,22016]	9061959951	9061989888	NA	PASS
MP05	1	2694	model.layers.25.mlp.act_fn	DECODE	[1,22016]	[1,11008]	9061994565	9062007963	NA	PASS
MP05	1	2695	model.layers.25.mlp.down_proj	DECODE	[1,11008]	[1,2048]	9062012220	9062041552	NA	PASS
MP05	1	2696	model.layers.26.self_attn	DECODE	null	[1,2048]	9062061259	9062248026	NA	PASS
MP05	1	2697	model.layers.26.mlp.gate_up_proj	DECODE	[1,2048]	[1,22016]	9062266971	9062296058	NA	PASS
MP05	1	2698	model.layers.26.mlp.act_fn	DECODE	[1,22016]	[1,11008]	9062300664	9062313428	NA	PASS
MP05	1	2699	model.layers.26.mlp.down_proj	DECODE	[1,11008]	[1,2048]	9062317503	9062346204	NA	PASS
MP05	1	2700	model.layers.27.self_attn	DECODE	null	[1,2048]	9062367468	9062561636	NA	PASS
MP05	1	2701	model.layers.27.mlp.gate_up_proj	DECODE	[1,2048]	[1,22016]	9062583105	9062613877	NA	PASS
MP05	1	2702	model.layers.27.mlp.act_fn	DECODE	[1,22016]	[1,11008]	9062618684	9062632462	NA	PASS
MP05	1	2703	model.layers.27.mlp.down_proj	DECODE	[1,11008]	[1,2048]	9062636633	9062665650	NA	PASS
MP05	1	2704	model.layers.28.self_attn	DECODE	null	[1,2048]	9062686076	9062885711	NA	PASS
MP05	1	2705	model.layers.28.mlp.gate_up_proj	DECODE	[1,2048]	[1,22016]	9062905315	9062935996	NA	PASS
MP05	1	2706	model.layers.28.mlp.act_fn	DECODE	[1,22016]	[1,11008]	9062941449	9062954936	NA	PASS
MP05	1	2707	model.layers.28.mlp.down_proj	DECODE	[1,11008]	[1,2048]	9062959049	9062987328	NA	PASS
MP05	1	2708	model.layers.29.self_attn	DECODE	null	[1,2048]	9063006685	9063199098	NA	PASS
MP05	1	2709	model.layers.29.mlp.gate_up_proj	DECODE	[1,2048]	[1,22016]	9063219014	9063250059	NA	PASS
MP05	1	2710	model.layers.29.mlp.act_fn	DECODE	[1,22016]	[1,11008]	9063255163	9063268859	NA	PASS
MP05	1	2711	model.layers.29.mlp.down_proj	DECODE	[1,11008]	[1,2048]	9063272804	9063300972	NA	PASS
MP05	1	2712	model.layers.30.self_attn	DECODE	null	[1,2048]	9063320106	9063522652	NA	PASS
MP05	1	2713	model.layers.30.mlp.gate_up_proj	DECODE	[1,2048]	[1,22016]	9063543505	9063574779	NA	PASS
MP05	1	2714	model.layers.30.mlp.act_fn	DECODE	[1,22016]	[1,11008]	9063579690	9063593818	NA	PASS
MP05	1	2715	model.layers.30.mlp.down_proj	DECODE	[1,11008]	[1,2048]	9063598377	9063632949	NA	PASS
MP05	1	2716	model.layers.31.self_attn	DECODE	null	[1,2048]	9063653827	9063856665	NA	PASS
MP05	1	2717	model.layers.31.mlp.gate_up_proj	DECODE	[1,2048]	[1,22016]	9063876636	9063907385	NA	PASS
MP05	1	2718	model.layers.31.mlp.act_fn	DECODE	[1,22016]	[1,11008]	9063911971	9063925546	NA	PASS
MP05	1	2719	model.layers.31.mlp.down_proj	DECODE	[1,11008]	[1,2048]	9063929670	9063957775	NA	PASS
MP05	1	2720	model.layers.32.self_attn	DECODE	null	[1,2048]	9063976982	9064179283	NA	PASS
MP05	1	2721	model.layers.32.mlp.gate_up_proj	DECODE	[1,2048]	[1,22016]	9064199362	9064229474	NA	PASS
MP05	1	2722	model.layers.32.mlp.act_fn	DECODE	[1,22016]	[1,11008]	9064234420	9064247799	NA	PASS
MP05	1	2723	model.layers.32.mlp.down_proj	DECODE	[1,11008]	[1,2048]	9064254749	9064285609	NA	PASS
MP05	1	2724	model.layers.33.self_attn	DECODE	null	[1,2048]	9064305949	9064506203	NA	PASS
MP05	1	2725	model.layers.33.mlp.gate_up_proj	DECODE	[1,2048]	[1,22016]	9064525982	9064555940	NA	PASS
MP05	1	2726	model.layers.33.mlp.act_fn	DECODE	[1,22016]	[1,11008]	9064560710	9064573787	NA	PASS
MP05	1	2727	model.layers.33.mlp.down_proj	DECODE	[1,11008]	[1,2048]	9064577452	9064605801	NA	PASS
MP05	1	2728	model.layers.34.self_attn	DECODE	null	[1,2048]	9064624482	9064817715	NA	PASS
MP05	1	2729	model.layers.34.mlp.gate_up_proj	DECODE	[1,2048]	[1,22016]	9064837094	9064867039	NA	PASS
MP05	1	2730	model.layers.34.mlp.act_fn	DECODE	[1,22016]	[1,11008]	9064871702	9064885055	NA	PASS
MP05	1	2731	model.layers.34.mlp.down_proj	DECODE	[1,11008]	[1,2048]	9064889257	9064920805	NA	PASS
MP05	1	2732	model.layers.35.self_attn	DECODE	null	[1,2048]	9064939341	9065124921	NA	PASS
MP05	1	2733	model.layers.35.mlp.gate_up_proj	DECODE	[1,2048]	[1,22016]	9065143805	9065173813	NA	PASS
MP05	1	2734	model.layers.35.mlp.act_fn	DECODE	[1,22016]	[1,11008]	9065178381	9065191643	NA	PASS
MP05	1	2735	model.layers.35.mlp.down_proj	DECODE	[1,11008]	[1,2048]	9065195887	9065226644	NA	PASS
MP05	1	2736	model.layers.0.self_attn	DECODE	null	[1,2048]	9067434508	9067754378	NA	PASS
MP05	1	2737	model.layers.0.mlp.gate_up_proj	DECODE	[1,2048]	[1,22016]	9067783989	9067819270	NA	PASS
MP05	1	2738	model.layers.0.mlp.act_fn	DECODE	[1,22016]	[1,11008]	9067824960	9067841697	NA	PASS
MP05	1	2739	model.layers.0.mlp.down_proj	DECODE	[1,11008]	[1,2048]	9067846432	9067881695	NA	PASS
MP05	1	2740	model.layers.1.self_attn	DECODE	null	[1,2048]	9067903609	9068146335	NA	PASS
MP05	1	2741	model.layers.1.mlp.gate_up_proj	DECODE	[1,2048]	[1,22016]	9068170415	9068204334	NA	PASS
MP05	1	2742	model.layers.1.mlp.act_fn	DECODE	[1,22016]	[1,11008]	9068209390	9068224533	NA	PASS
MP05	1	2743	model.layers.1.mlp.down_proj	DECODE	[1,11008]	[1,2048]	9068229655	9068264204	NA	PASS
MP05	1	2744	model.layers.2.self_attn	DECODE	null	[1,2048]	9068286152	9068517221	NA	PASS
MP05	1	2745	model.layers.2.mlp.gate_up_proj	DECODE	[1,2048]	[1,22016]	9068538150	9068569446	NA	PASS
MP05	1	2746	model.layers.2.mlp.act_fn	DECODE	[1,22016]	[1,11008]	9068574218	9068588089	NA	PASS
MP05	1	2747	model.layers.2.mlp.down_proj	DECODE	[1,11008]	[1,2048]	9068592274	9068623004	NA	PASS
MP05	1	2748	model.layers.3.self_attn	DECODE	null	[1,2048]	9068643042	9068849488	NA	PASS
MP05	1	2749	model.layers.3.mlp.gate_up_proj	DECODE	[1,2048]	[1,22016]	9068869552	9068900101	NA	PASS
MP05	1	2750	model.layers.3.mlp.act_fn	DECODE	[1,22016]	[1,11008]	9068905148	9068919568	NA	PASS
MP05	1	2751	model.layers.3.mlp.down_proj	DECODE	[1,11008]	[1,2048]	9068923675	9068956828	NA	PASS
MP05	1	2752	model.layers.4.self_attn	DECODE	null	[1,2048]	9068976852	9069177671	NA	PASS
MP05	1	2753	model.layers.4.mlp.gate_up_proj	DECODE	[1,2048]	[1,22016]	9069196597	9069226336	NA	PASS
MP05	1	2754	model.layers.4.mlp.act_fn	DECODE	[1,22016]	[1,11008]	9069230941	9069244089	NA	PASS
MP05	1	2755	model.layers.4.mlp.down_proj	DECODE	[1,11008]	[1,2048]	9069248533	9069281643	NA	PASS
MP05	1	2756	model.layers.5.self_attn	DECODE	null	[1,2048]	9069304568	9069513088	NA	PASS
MP05	1	2757	model.layers.5.mlp.gate_up_proj	DECODE	[1,2048]	[1,22016]	9069534396	9069565170	NA	PASS
MP05	1	2758	model.layers.5.mlp.act_fn	DECODE	[1,22016]	[1,11008]	9069569900	9069583684	NA	PASS
MP05	1	2759	model.layers.5.mlp.down_proj	DECODE	[1,11008]	[1,2048]	9069587837	9069619400	NA	PASS
MP05	1	2760	model.layers.6.self_attn	DECODE	null	[1,2048]	9069640936	9069865106	NA	PASS
MP05	1	2761	model.layers.6.mlp.gate_up_proj	DECODE	[1,2048]	[1,22016]	9069885166	9069915534	NA	PASS
MP05	1	2762	model.layers.6.mlp.act_fn	DECODE	[1,22016]	[1,11008]	9069922500	9069936360	NA	PASS
MP05	1	2763	model.layers.6.mlp.down_proj	DECODE	[1,11008]	[1,2048]	9069940783	9069970111	NA	PASS
MP05	1	2764	model.layers.7.self_attn	DECODE	null	[1,2048]	9069990419	9070188903	NA	PASS
MP05	1	2765	model.layers.7.mlp.gate_up_proj	DECODE	[1,2048]	[1,22016]	9070208028	9070238636	NA	PASS
MP05	1	2766	model.layers.7.mlp.act_fn	DECODE	[1,22016]	[1,11008]	9070243464	9070256424	NA	PASS
MP05	1	2767	model.layers.7.mlp.down_proj	DECODE	[1,11008]	[1,2048]	9070260314	9070289086	NA	PASS
MP05	1	2768	model.layers.8.self_attn	DECODE	null	[1,2048]	9070310506	9070505440	NA	PASS
MP05	1	2769	model.layers.8.mlp.gate_up_proj	DECODE	[1,2048]	[1,22016]	9070525143	9070555628	NA	PASS
MP05	1	2770	model.layers.8.mlp.act_fn	DECODE	[1,22016]	[1,11008]	9070560482	9070574358	NA	PASS
MP05	1	2771	model.layers.8.mlp.down_proj	DECODE	[1,11008]	[1,2048]	9070578367	9070607633	NA	PASS
MP05	1	2772	model.layers.9.self_attn	DECODE	null	[1,2048]	9070627441	9070828904	NA	PASS
MP05	1	2773	model.layers.9.mlp.gate_up_proj	DECODE	[1,2048]	[1,22016]	9070847855	9070877254	NA	PASS
MP05	1	2774	model.layers.9.mlp.act_fn	DECODE	[1,22016]	[1,11008]	9070881867	9070894822	NA	PASS
MP05	1	2775	model.layers.9.mlp.down_proj	DECODE	[1,11008]	[1,2048]	9070898659	9070927236	NA	PASS
MP05	1	2776	model.layers.10.self_attn	DECODE	null	[1,2048]	9070948614	9071139764	NA	PASS
MP05	1	2777	model.layers.10.mlp.gate_up_proj	DECODE	[1,2048]	[1,22016]	9071158449	9071187807	NA	PASS
MP05	1	2778	model.layers.10.mlp.act_fn	DECODE	[1,22016]	[1,11008]	9071192300	9071207363	NA	PASS
MP05	1	2779	model.layers.10.mlp.down_proj	DECODE	[1,11008]	[1,2048]	9071211385	9071240405	NA	PASS
MP05	1	2780	model.layers.11.self_attn	DECODE	null	[1,2048]	9071259571	9071448811	NA	PASS
MP05	1	2781	model.layers.11.mlp.gate_up_proj	DECODE	[1,2048]	[1,22016]	9071470994	9071501917	NA	PASS
MP05	1	2782	model.layers.11.mlp.act_fn	DECODE	[1,22016]	[1,11008]	9071506484	9071519436	NA	PASS
MP05	1	2783	model.layers.11.mlp.down_proj	DECODE	[1,11008]	[1,2048]	9071523606	9071557443	NA	PASS
MP05	1	2784	model.layers.12.self_attn	DECODE	null	[1,2048]	9071577337	9071769789	NA	PASS
MP05	1	2785	model.layers.12.mlp.gate_up_proj	DECODE	[1,2048]	[1,22016]	9071790497	9071821513	NA	PASS
MP05	1	2786	model.layers.12.mlp.act_fn	DECODE	[1,22016]	[1,11008]	9071826463	9071839888	NA	PASS
MP05	1	2787	model.layers.12.mlp.down_proj	DECODE	[1,11008]	[1,2048]	9071843888	9071872660	NA	PASS
MP05	1	2788	model.layers.13.self_attn	DECODE	null	[1,2048]	9071892481	9072091267	NA	PASS
MP05	1	2789	model.layers.13.mlp.gate_up_proj	DECODE	[1,2048]	[1,22016]	9072111188	9072141559	NA	PASS
MP05	1	2790	model.layers.13.mlp.act_fn	DECODE	[1,22016]	[1,11008]	9072146352	9072159971	NA	PASS
MP05	1	2791	model.layers.13.mlp.down_proj	DECODE	[1,11008]	[1,2048]	9072164060	9072192776	NA	PASS
MP05	1	2792	model.layers.14.self_attn	DECODE	null	[1,2048]	9072212483	9072401476	NA	PASS
MP05	1	2793	model.layers.14.mlp.gate_up_proj	DECODE	[1,2048]	[1,22016]	9072420232	9072450006	NA	PASS
MP05	1	2794	model.layers.14.mlp.act_fn	DECODE	[1,22016]	[1,11008]	9072454853	9072470994	NA	PASS
MP05	1	2795	model.layers.14.mlp.down_proj	DECODE	[1,11008]	[1,2048]	9072475048	9072508018	NA	PASS
MP05	1	2796	model.layers.15.self_attn	DECODE	null	[1,2048]	9072527538	9072721548	NA	PASS
MP05	1	2797	model.layers.15.mlp.gate_up_proj	DECODE	[1,2048]	[1,22016]	9072741039	9072771198	NA	PASS
MP05	1	2798	model.layers.15.mlp.act_fn	DECODE	[1,22016]	[1,11008]	9072775749	9072789292	NA	PASS
MP05	1	2799	model.layers.15.mlp.down_proj	DECODE	[1,11008]	[1,2048]	9072793365	9072821824	NA	PASS
MP05	1	2800	model.layers.16.self_attn	DECODE	null	[1,2048]	9072840896	9073026623	NA	PASS
MP05	1	2801	model.layers.16.mlp.gate_up_proj	DECODE	[1,2048]	[1,22016]	9073045140	9073074945	NA	PASS
MP05	1	2802	model.layers.16.mlp.act_fn	DECODE	[1,22016]	[1,11008]	9073079897	9073092567	NA	PASS
MP05	1	2803	model.layers.16.mlp.down_proj	DECODE	[1,11008]	[1,2048]	9073096669	9073124855	NA	PASS
MP05	1	2804	model.layers.17.self_attn	DECODE	null	[1,2048]	9073143814	9073330475	NA	PASS
MP05	1	2805	model.layers.17.mlp.gate_up_proj	DECODE	[1,2048]	[1,22016]	9073349342	9073385085	NA	PASS
MP05	1	2806	model.layers.17.mlp.act_fn	DECODE	[1,22016]	[1,11008]	9073390335	9073407269	NA	PASS
MP05	1	2807	model.layers.17.mlp.down_proj	DECODE	[1,11008]	[1,2048]	9073411227	9073439844	NA	PASS
MP05	1	2808	model.layers.18.self_attn	DECODE	null	[1,2048]	9073457875	9073665532	NA	PASS
MP05	1	2809	model.layers.18.mlp.gate_up_proj	DECODE	[1,2048]	[1,22016]	9073685328	9073715277	NA	PASS
MP05	1	2810	model.layers.18.mlp.act_fn	DECODE	[1,22016]	[1,11008]	9073719946	9073733748	NA	PASS
MP05	1	2811	model.layers.18.mlp.down_proj	DECODE	[1,11008]	[1,2048]	9073737739	9073766191	NA	PASS
MP05	1	2812	model.layers.19.self_attn	DECODE	null	[1,2048]	9073785245	9073980220	NA	PASS
MP05	1	2813	model.layers.19.mlp.gate_up_proj	DECODE	[1,2048]	[1,22016]	9073999104	9074028634	NA	PASS
MP05	1	2814	model.layers.19.mlp.act_fn	DECODE	[1,22016]	[1,11008]	9074033612	9074046463	NA	PASS
MP05	1	2815	model.layers.19.mlp.down_proj	DECODE	[1,11008]	[1,2048]	9074050180	9074081149	NA	PASS
MP05	1	2816	model.layers.20.self_attn	DECODE	null	[1,2048]	9074100511	9074287722	NA	PASS
MP05	1	2817	model.layers.20.mlp.gate_up_proj	DECODE	[1,2048]	[1,22016]	9074305942	9074339708	NA	PASS
MP05	1	2818	model.layers.20.mlp.act_fn	DECODE	[1,22016]	[1,11008]	9074344233	9074356742	NA	PASS
MP05	1	2819	model.layers.20.mlp.down_proj	DECODE	[1,11008]	[1,2048]	9074360433	9074387723	NA	PASS
MP05	1	2820	model.layers.21.self_attn	DECODE	null	[1,2048]	9074406274	9074600734	NA	PASS
MP05	1	2821	model.layers.21.mlp.gate_up_proj	DECODE	[1,2048]	[1,22016]	9074619804	9074649501	NA	PASS
MP05	1	2822	model.layers.21.mlp.act_fn	DECODE	[1,22016]	[1,11008]	9074654142	9074666875	NA	PASS
MP05	1	2823	model.layers.21.mlp.down_proj	DECODE	[1,11008]	[1,2048]	9074670891	9074699250	NA	PASS
MP05	1	2824	model.layers.22.self_attn	DECODE	null	[1,2048]	9074720755	9074910925	NA	PASS
MP05	1	2825	model.layers.22.mlp.gate_up_proj	DECODE	[1,2048]	[1,22016]	9074929476	9074959197	NA	PASS
MP05	1	2826	model.layers.22.mlp.act_fn	DECODE	[1,22016]	[1,11008]	9074965943	9074979213	NA	PASS
MP05	1	2827	model.layers.22.mlp.down_proj	DECODE	[1,11008]	[1,2048]	9074983207	9075011883	NA	PASS
MP05	1	2828	model.layers.23.self_attn	DECODE	null	[1,2048]	9075032397	9075223597	NA	PASS
MP05	1	2829	model.layers.23.mlp.gate_up_proj	DECODE	[1,2048]	[1,22016]	9075242695	9075272911	NA	PASS
MP05	1	2830	model.layers.23.mlp.act_fn	DECODE	[1,22016]	[1,11008]	9075277641	9075290525	NA	PASS
MP05	1	2831	model.layers.23.mlp.down_proj	DECODE	[1,11008]	[1,2048]	9075294517	9075323287	NA	PASS
MP05	1	2832	model.layers.24.self_attn	DECODE	null	[1,2048]	9075345121	9075534910	NA	PASS
MP05	1	2833	model.layers.24.mlp.gate_up_proj	DECODE	[1,2048]	[1,22016]	9075553911	9075583853	NA	PASS
MP05	1	2834	model.layers.24.mlp.act_fn	DECODE	[1,22016]	[1,11008]	9075588489	9075601580	NA	PASS
MP05	1	2835	model.layers.24.mlp.down_proj	DECODE	[1,11008]	[1,2048]	9075605605	9075637539	NA	PASS
MP05	1	2836	model.layers.25.self_attn	DECODE	null	[1,2048]	9075657955	9075846321	NA	PASS
MP05	1	2837	model.layers.25.mlp.gate_up_proj	DECODE	[1,2048]	[1,22016]	9075865439	9075895178	NA	PASS
MP05	1	2838	model.layers.25.mlp.act_fn	DECODE	[1,22016]	[1,11008]	9075900134	9075912585	NA	PASS
MP05	1	2839	model.layers.25.mlp.down_proj	DECODE	[1,11008]	[1,2048]	9075916785	9075946500	NA	PASS
MP05	1	2840	model.layers.26.self_attn	DECODE	null	[1,2048]	9075965797	9076582940	NA	PASS
MP05	1	2841	model.layers.26.mlp.gate_up_proj	DECODE	[1,2048]	[1,22016]	9076606644	9076637239	NA	PASS
MP05	1	2842	model.layers.26.mlp.act_fn	DECODE	[1,22016]	[1,11008]	9076641738	9076655584	NA	PASS
MP05	1	2843	model.layers.26.mlp.down_proj	DECODE	[1,11008]	[1,2048]	9076660037	9076688892	NA	PASS
MP05	1	2844	model.layers.27.self_attn	DECODE	null	[1,2048]	9076709647	9076916235	NA	PASS
MP05	1	2845	model.layers.27.mlp.gate_up_proj	DECODE	[1,2048]	[1,22016]	9076935075	9076964608	NA	PASS
MP05	1	2846	model.layers.27.mlp.act_fn	DECODE	[1,22016]	[1,11008]	9076969356	9076982063	NA	PASS
MP05	1	2847	model.layers.27.mlp.down_proj	DECODE	[1,11008]	[1,2048]	9076985925	9077015081	NA	PASS
MP05	1	2848	model.layers.28.self_attn	DECODE	null	[1,2048]	9077034381	9077232101	NA	PASS
MP05	1	2849	model.layers.28.mlp.gate_up_proj	DECODE	[1,2048]	[1,22016]	9077251318	9077280817	NA	PASS
MP05	1	2850	model.layers.28.mlp.act_fn	DECODE	[1,22016]	[1,11008]	9077285499	9077298381	NA	PASS
MP05	1	2851	model.layers.28.mlp.down_proj	DECODE	[1,11008]	[1,2048]	9077302607	9077331582	NA	PASS
MP05	1	2852	model.layers.29.self_attn	DECODE	null	[1,2048]	9077351584	9077557329	NA	PASS
MP05	1	2853	model.layers.29.mlp.gate_up_proj	DECODE	[1,2048]	[1,22016]	9077579635	9077610916	NA	PASS
MP05	1	2854	model.layers.29.mlp.act_fn	DECODE	[1,22016]	[1,11008]	9077616127	9077629943	NA	PASS
MP05	1	2855	model.layers.29.mlp.down_proj	DECODE	[1,11008]	[1,2048]	9077634450	9077663854	NA	PASS
MP05	1	2856	model.layers.30.self_attn	DECODE	null	[1,2048]	9077683689	9077880773	NA	PASS
MP05	1	2857	model.layers.30.mlp.gate_up_proj	DECODE	[1,2048]	[1,22016]	9077900554	9077935987	NA	PASS
MP05	1	2858	model.layers.30.mlp.act_fn	DECODE	[1,22016]	[1,11008]	9077941377	9077958693	NA	PASS
MP05	1	2859	model.layers.30.mlp.down_proj	DECODE	[1,11008]	[1,2048]	9077962747	9077991955	NA	PASS
MP05	1	2860	model.layers.31.self_attn	DECODE	null	[1,2048]	9078012064	9078205616	NA	PASS
MP05	1	2861	model.layers.31.mlp.gate_up_proj	DECODE	[1,2048]	[1,22016]	9078224376	9078254989	NA	PASS
MP05	1	2862	model.layers.31.mlp.act_fn	DECODE	[1,22016]	[1,11008]	9078260259	9078275997	NA	PASS
MP05	1	2863	model.layers.31.mlp.down_proj	DECODE	[1,11008]	[1,2048]	9078280203	9078308716	NA	PASS
MP05	1	2864	model.layers.32.self_attn	DECODE	null	[1,2048]	9078328075	9078520126	NA	PASS
MP05	1	2865	model.layers.32.mlp.gate_up_proj	DECODE	[1,2048]	[1,22016]	9078539274	9078569475	NA	PASS
MP05	1	2866	model.layers.32.mlp.act_fn	DECODE	[1,22016]	[1,11008]	9078574921	9078588600	NA	PASS
MP05	1	2867	model.layers.32.mlp.down_proj	DECODE	[1,11008]	[1,2048]	9078592771	9078622108	NA	PASS
MP05	1	2868	model.layers.33.self_attn	DECODE	null	[1,2048]	9078642859	9078842088	NA	PASS
MP05	1	2869	model.layers.33.mlp.gate_up_proj	DECODE	[1,2048]	[1,22016]	9078862362	9078892650	NA	PASS
MP05	1	2870	model.layers.33.mlp.act_fn	DECODE	[1,22016]	[1,11008]	9078897443	9078911035	NA	PASS
MP05	1	2871	model.layers.33.mlp.down_proj	DECODE	[1,11008]	[1,2048]	9078914994	9078944010	NA	PASS
MP05	1	2872	model.layers.34.self_attn	DECODE	null	[1,2048]	9078963703	9079158084	NA	PASS
MP05	1	2873	model.layers.34.mlp.gate_up_proj	DECODE	[1,2048]	[1,22016]	9079177778	9079208062	NA	PASS
MP05	1	2874	model.layers.34.mlp.act_fn	DECODE	[1,22016]	[1,11008]	9079213008	9079225891	NA	PASS
MP05	1	2875	model.layers.34.mlp.down_proj	DECODE	[1,11008]	[1,2048]	9079229684	9079263675	NA	PASS
MP05	1	2876	model.layers.35.self_attn	DECODE	null	[1,2048]	9079283805	9079474209	NA	PASS
MP05	1	2877	model.layers.35.mlp.gate_up_proj	DECODE	[1,2048]	[1,22016]	9079494107	9079524007	NA	PASS
MP05	1	2878	model.layers.35.mlp.act_fn	DECODE	[1,22016]	[1,11008]	9079529074	9079541887	NA	PASS
MP05	1	2879	model.layers.35.mlp.down_proj	DECODE	[1,11008]	[1,2048]	9079545925	9079574174	NA	PASS
MP05	1	2880	model.layers.0.self_attn	DECODE	null	[1,2048]	9081175923	9081455369	NA	PASS
MP05	1	2881	model.layers.0.mlp.gate_up_proj	DECODE	[1,2048]	[1,22016]	9081489418	9081527012	NA	PASS
MP05	1	2882	model.layers.0.mlp.act_fn	DECODE	[1,22016]	[1,11008]	9081532814	9081549272	NA	PASS
MP05	1	2883	model.layers.0.mlp.down_proj	DECODE	[1,11008]	[1,2048]	9081554027	9081585646	NA	PASS
MP05	1	2884	model.layers.1.self_attn	DECODE	null	[1,2048]	9081607958	9081830814	NA	PASS
MP05	1	2885	model.layers.1.mlp.gate_up_proj	DECODE	[1,2048]	[1,22016]	9081864576	9081896943	NA	PASS
MP05	1	2886	model.layers.1.mlp.act_fn	DECODE	[1,22016]	[1,11008]	9081901700	9081915370	NA	PASS
MP05	1	2887	model.layers.1.mlp.down_proj	DECODE	[1,11008]	[1,2048]	9081920061	9081951936	NA	PASS
MP05	1	2888	model.layers.2.self_attn	DECODE	null	[1,2048]	9081974232	9082191792	NA	PASS
MP05	1	2889	model.layers.2.mlp.gate_up_proj	DECODE	[1,2048]	[1,22016]	9082212048	9082242617	NA	PASS
MP05	1	2890	model.layers.2.mlp.act_fn	DECODE	[1,22016]	[1,11008]	9082247476	9082261036	NA	PASS
MP05	1	2891	model.layers.2.mlp.down_proj	DECODE	[1,11008]	[1,2048]	9082265494	9082294897	NA	PASS
MP05	1	2892	model.layers.3.self_attn	DECODE	null	[1,2048]	9082314127	9082517282	NA	PASS
MP05	1	2893	model.layers.3.mlp.gate_up_proj	DECODE	[1,2048]	[1,22016]	9082536617	9082566553	NA	PASS
MP05	1	2894	model.layers.3.mlp.act_fn	DECODE	[1,22016]	[1,11008]	9082571046	9082584175	NA	PASS
MP05	1	2895	model.layers.3.mlp.down_proj	DECODE	[1,11008]	[1,2048]	9082588243	9082617360	NA	PASS
MP05	1	2896	model.layers.4.self_attn	DECODE	null	[1,2048]	9082638728	9082829750	NA	PASS
MP05	1	2897	model.layers.4.mlp.gate_up_proj	DECODE	[1,2048]	[1,22016]	9082848446	9082877595	NA	PASS
MP05	1	2898	model.layers.4.mlp.act_fn	DECODE	[1,22016]	[1,11008]	9082882371	9082895293	NA	PASS
MP05	1	2899	model.layers.4.mlp.down_proj	DECODE	[1,11008]	[1,2048]	9082899168	9082930547	NA	PASS
MP05	1	2900	model.layers.5.self_attn	DECODE	null	[1,2048]	9082949707	9083139034	NA	PASS
MP05	1	2901	model.layers.5.mlp.gate_up_proj	DECODE	[1,2048]	[1,22016]	9083157695	9083187341	NA	PASS
MP05	1	2902	model.layers.5.mlp.act_fn	DECODE	[1,22016]	[1,11008]	9083191864	9083204746	NA	PASS
MP05	1	2903	model.layers.5.mlp.down_proj	DECODE	[1,11008]	[1,2048]	9083208788	9083237510	NA	PASS
MP05	1	2904	model.layers.6.self_attn	DECODE	null	[1,2048]	9083257567	9083450701	NA	PASS
MP05	1	2905	model.layers.6.mlp.gate_up_proj	DECODE	[1,2048]	[1,22016]	9083475212	9083511381	NA	PASS
MP05	1	2906	model.layers.6.mlp.act_fn	DECODE	[1,22016]	[1,11008]	9083516710	9083530714	NA	PASS
MP05	1	2907	model.layers.6.mlp.down_proj	DECODE	[1,11008]	[1,2048]	9083534567	9083564121	NA	PASS
MP05	1	2908	model.layers.7.self_attn	DECODE	null	[1,2048]	9083584624	9083804259	NA	PASS
MP05	1	2909	model.layers.7.mlp.gate_up_proj	DECODE	[1,2048]	[1,22016]	9083825389	9083855731	NA	PASS
MP05	1	2910	model.layers.7.mlp.act_fn	DECODE	[1,22016]	[1,11008]	9083860453	9083873596	NA	PASS
MP05	1	2911	model.layers.7.mlp.down_proj	DECODE	[1,11008]	[1,2048]	9083877556	9083906699	NA	PASS
MP05	1	2912	model.layers.8.self_attn	DECODE	null	[1,2048]	9083928417	9084129627	NA	PASS
MP05	1	2913	model.layers.8.mlp.gate_up_proj	DECODE	[1,2048]	[1,22016]	9084149047	9084179068	NA	PASS
MP05	1	2914	model.layers.8.mlp.act_fn	DECODE	[1,22016]	[1,11008]	9084183494	9084196696	NA	PASS
MP05	1	2915	model.layers.8.mlp.down_proj	DECODE	[1,11008]	[1,2048]	9084200578	9084228892	NA	PASS
MP05	1	2916	model.layers.9.self_attn	DECODE	null	[1,2048]	9084247303	9084437407	NA	PASS
MP05	1	2917	model.layers.9.mlp.gate_up_proj	DECODE	[1,2048]	[1,22016]	9084455383	9084489777	NA	PASS
MP05	1	2918	model.layers.9.mlp.act_fn	DECODE	[1,22016]	[1,11008]	9084494251	9084507613	NA	PASS
MP05	1	2919	model.layers.9.mlp.down_proj	DECODE	[1,11008]	[1,2048]	9084511910	9084539894	NA	PASS
MP05	1	2920	model.layers.10.self_attn	DECODE	null	[1,2048]	9084562760	9084758145	NA	PASS
MP05	1	2921	model.layers.10.mlp.gate_up_proj	DECODE	[1,2048]	[1,22016]	9084777135	9084806882	NA	PASS
MP05	1	2922	model.layers.10.mlp.act_fn	DECODE	[1,22016]	[1,11008]	9084811557	9084824736	NA	PASS
MP05	1	2923	model.layers.10.mlp.down_proj	DECODE	[1,11008]	[1,2048]	9084828709	9084856432	NA	PASS
MP05	1	2924	model.layers.11.self_attn	DECODE	null	[1,2048]	9084875064	9085068134	NA	PASS
MP05	1	2925	model.layers.11.mlp.gate_up_proj	DECODE	[1,2048]	[1,22016]	9085086906	9085116612	NA	PASS
MP05	1	2926	model.layers.11.mlp.act_fn	DECODE	[1,22016]	[1,11008]	9085120945	9085133876	NA	PASS
MP05	1	2927	model.layers.11.mlp.down_proj	DECODE	[1,11008]	[1,2048]	9085140119	9085168863	NA	PASS
MP05	1	2928	model.layers.12.self_attn	DECODE	null	[1,2048]	9085187298	9085377561	NA	PASS
MP05	1	2929	model.layers.12.mlp.gate_up_proj	DECODE	[1,2048]	[1,22016]	9085396009	9085424890	NA	PASS
MP05	1	2930	model.layers.12.mlp.act_fn	DECODE	[1,22016]	[1,11008]	9085429473	9085442237	NA	PASS
MP05	1	2931	model.layers.12.mlp.down_proj	DECODE	[1,11008]	[1,2048]	9085445912	9085477746	NA	PASS
MP05	1	2932	model.layers.13.self_attn	DECODE	null	[1,2048]	9085496698	9085691796	NA	PASS
MP05	1	2933	model.layers.13.mlp.gate_up_proj	DECODE	[1,2048]	[1,22016]	9085710356	9085739353	NA	PASS
MP05	1	2934	model.layers.13.mlp.act_fn	DECODE	[1,22016]	[1,11008]	9085743770	9085756529	NA	PASS
MP05	1	2935	model.layers.13.mlp.down_proj	DECODE	[1,11008]	[1,2048]	9085760740	9085788289	NA	PASS
MP05	1	2936	model.layers.14.self_attn	DECODE	null	[1,2048]	9085806139	9085991527	NA	PASS
MP05	1	2937	model.layers.14.mlp.gate_up_proj	DECODE	[1,2048]	[1,22016]	9086010382	9086040073	NA	PASS
MP05	1	2938	model.layers.14.mlp.act_fn	DECODE	[1,22016]	[1,11008]	9086044708	9086057514	NA	PASS
MP05	1	2939	model.layers.14.mlp.down_proj	DECODE	[1,11008]	[1,2048]	9086061502	9086089276	NA	PASS
MP05	1	2940	model.layers.15.self_attn	DECODE	null	[1,2048]	9086107421	9086289697	NA	PASS
MP05	1	2941	model.layers.15.mlp.gate_up_proj	DECODE	[1,2048]	[1,22016]	9086307681	9086337044	NA	PASS
MP05	1	2942	model.layers.15.mlp.act_fn	DECODE	[1,22016]	[1,11008]	9086341586	9086354613	NA	PASS
MP05	1	2943	model.layers.15.mlp.down_proj	DECODE	[1,11008]	[1,2048]	9086358711	9086386516	NA	PASS
MP05	1	2944	model.layers.16.self_attn	DECODE	null	[1,2048]	9086405113	9086609255	NA	PASS
MP05	1	2945	model.layers.16.mlp.gate_up_proj	DECODE	[1,2048]	[1,22016]	9086630041	9086658900	NA	PASS
MP05	1	2946	model.layers.16.mlp.act_fn	DECODE	[1,22016]	[1,11008]	9086663436	9086676407	NA	PASS
MP05	1	2947	model.layers.16.mlp.down_proj	DECODE	[1,11008]	[1,2048]	9086680293	9086708728	NA	PASS
MP05	1	2948	model.layers.17.self_attn	DECODE	null	[1,2048]	9086728199	9086929268	NA	PASS
MP05	1	2949	model.layers.17.mlp.gate_up_proj	DECODE	[1,2048]	[1,22016]	9086952315	9086982800	NA	PASS
MP05	1	2950	model.layers.17.mlp.act_fn	DECODE	[1,22016]	[1,11008]	9086987584	9087000734	NA	PASS
MP05	1	2951	model.layers.17.mlp.down_proj	DECODE	[1,11008]	[1,2048]	9087004719	9087032872	NA	PASS
MP05	1	2952	model.layers.18.self_attn	DECODE	null	[1,2048]	9087053410	9087244931	NA	PASS
MP05	1	2953	model.layers.18.mlp.gate_up_proj	DECODE	[1,2048]	[1,22016]	9087263783	9087293526	NA	PASS
MP05	1	2954	model.layers.18.mlp.act_fn	DECODE	[1,22016]	[1,11008]	9087298245	9087311246	NA	PASS
MP05	1	2955	model.layers.18.mlp.down_proj	DECODE	[1,11008]	[1,2048]	9087315258	9087344172	NA	PASS
MP05	1	2956	model.layers.19.self_attn	DECODE	null	[1,2048]	9087362178	9087556585	NA	PASS
MP05	1	2957	model.layers.19.mlp.gate_up_proj	DECODE	[1,2048]	[1,22016]	9087576542	9087606574	NA	PASS
MP05	1	2958	model.layers.19.mlp.act_fn	DECODE	[1,22016]	[1,11008]	9087611545	9087625048	NA	PASS
MP05	1	2959	model.layers.19.mlp.down_proj	DECODE	[1,11008]	[1,2048]	9087629161	9087657317	NA	PASS
MP05	1	2960	model.layers.20.self_attn	DECODE	null	[1,2048]	9087676880	9087878337	NA	PASS
MP05	1	2961	model.layers.20.mlp.gate_up_proj	DECODE	[1,2048]	[1,22016]	9087897329	9087926372	NA	PASS
MP05	1	2962	model.layers.20.mlp.act_fn	DECODE	[1,22016]	[1,11008]	9087931266	9087944222	NA	PASS
MP05	1	2963	model.layers.20.mlp.down_proj	DECODE	[1,11008]	[1,2048]	9087948043	9087976692	NA	PASS
MP05	1	2964	model.layers.21.self_attn	DECODE	null	[1,2048]	9087997870	9088188892	NA	PASS
MP05	1	2965	model.layers.21.mlp.gate_up_proj	DECODE	[1,2048]	[1,22016]	9088207321	9088236508	NA	PASS
MP05	1	2966	model.layers.21.mlp.act_fn	DECODE	[1,22016]	[1,11008]	9088240932	9088253956	NA	PASS
MP05	1	2967	model.layers.21.mlp.down_proj	DECODE	[1,11008]	[1,2048]	9088257661	9088285388	NA	PASS
MP05	1	2968	model.layers.22.self_attn	DECODE	null	[1,2048]	9088303730	9088492692	NA	PASS
MP05	1	2969	model.layers.22.mlp.gate_up_proj	DECODE	[1,2048]	[1,22016]	9088511169	9088540919	NA	PASS
MP05	1	2970	model.layers.22.mlp.act_fn	DECODE	[1,22016]	[1,11008]	9088545605	9088558843	NA	PASS
MP05	1	2971	model.layers.22.mlp.down_proj	DECODE	[1,11008]	[1,2048]	9088563060	9088591730	NA	PASS
MP05	1	2972	model.layers.23.self_attn	DECODE	null	[1,2048]	9088610910	9088806830	NA	PASS
MP05	1	2973	model.layers.23.mlp.gate_up_proj	DECODE	[1,2048]	[1,22016]	9088825177	9088853867	NA	PASS
MP05	1	2974	model.layers.23.mlp.act_fn	DECODE	[1,22016]	[1,11008]	9088858166	9088870823	NA	PASS
MP05	1	2975	model.layers.23.mlp.down_proj	DECODE	[1,11008]	[1,2048]	9088875178	9088903274	NA	PASS
MP05	1	2976	model.layers.24.self_attn	DECODE	null	[1,2048]	9088921860	9089119534	NA	PASS
MP05	1	2977	model.layers.24.mlp.gate_up_proj	DECODE	[1,2048]	[1,22016]	9089138500	9089168013	NA	PASS
MP05	1	2978	model.layers.24.mlp.act_fn	DECODE	[1,22016]	[1,11008]	9089172516	9089185950	NA	PASS
MP05	1	2979	model.layers.24.mlp.down_proj	DECODE	[1,11008]	[1,2048]	9089189672	9089217952	NA	PASS
MP05	1	2980	model.layers.25.self_attn	DECODE	null	[1,2048]	9089238091	9089429048	NA	PASS
MP05	1	2981	model.layers.25.mlp.gate_up_proj	DECODE	[1,2048]	[1,22016]	9089446941	9089480153	NA	PASS
MP05	1	2982	model.layers.25.mlp.act_fn	DECODE	[1,22016]	[1,11008]	9089484654	9089497812	NA	PASS
MP05	1	2983	model.layers.25.mlp.down_proj	DECODE	[1,11008]	[1,2048]	9089501825	9089530087	NA	PASS
MP05	1	2984	model.layers.26.self_attn	DECODE	null	[1,2048]	9089550859	9089741497	NA	PASS
MP05	1	2985	model.layers.26.mlp.gate_up_proj	DECODE	[1,2048]	[1,22016]	9089761223	9089792353	NA	PASS
MP05	1	2986	model.layers.26.mlp.act_fn	DECODE	[1,22016]	[1,11008]	9089796934	9089810511	NA	PASS
MP05	1	2987	model.layers.26.mlp.down_proj	DECODE	[1,11008]	[1,2048]	9089814891	9089843999	NA	PASS
MP05	1	2988	model.layers.27.self_attn	DECODE	null	[1,2048]	9089863212	9090055807	NA	PASS
MP05	1	2989	model.layers.27.mlp.gate_up_proj	DECODE	[1,2048]	[1,22016]	9090074357	9090103926	NA	PASS
MP05	1	2990	model.layers.27.mlp.act_fn	DECODE	[1,22016]	[1,11008]	9090108469	9090124464	NA	PASS
MP05	1	2991	model.layers.27.mlp.down_proj	DECODE	[1,11008]	[1,2048]	9090128281	9090158926	NA	PASS
MP05	1	2992	model.layers.28.self_attn	DECODE	null	[1,2048]	9090177686	9090368893	NA	PASS
MP05	1	2993	model.layers.28.mlp.gate_up_proj	DECODE	[1,2048]	[1,22016]	9090387241	9090415900	NA	PASS
MP05	1	2994	model.layers.28.mlp.act_fn	DECODE	[1,22016]	[1,11008]	9090421994	9090434646	NA	PASS
MP05	1	2995	model.layers.28.mlp.down_proj	DECODE	[1,11008]	[1,2048]	9090438193	9090470058	NA	PASS
MP05	1	2996	model.layers.29.self_attn	DECODE	null	[1,2048]	9090489713	9090679758	NA	PASS
MP05	1	2997	model.layers.29.mlp.gate_up_proj	DECODE	[1,2048]	[1,22016]	9090697797	9090727476	NA	PASS
MP05	1	2998	model.layers.29.mlp.act_fn	DECODE	[1,22016]	[1,11008]	9090731825	9090744846	NA	PASS
MP05	1	2999	model.layers.29.mlp.down_proj	DECODE	[1,11008]	[1,2048]	9090748763	9090777229	NA	PASS
MP05	1	3000	model.layers.30.self_attn	DECODE	null	[1,2048]	9090798864	9090981036	NA	PASS
MP05	1	3001	model.layers.30.mlp.gate_up_proj	DECODE	[1,2048]	[1,22016]	9090999034	9091028668	NA	PASS
MP05	1	3002	model.layers.30.mlp.act_fn	DECODE	[1,22016]	[1,11008]	9091033222	9091046009	NA	PASS
MP05	1	3003	model.layers.30.mlp.down_proj	DECODE	[1,11008]	[1,2048]	9091050197	9091078158	NA	PASS
MP05	1	3004	model.layers.31.self_attn	DECODE	null	[1,2048]	9091097551	9091288080	NA	PASS
MP05	1	3005	model.layers.31.mlp.gate_up_proj	DECODE	[1,2048]	[1,22016]	9091306786	9091336007	NA	PASS
MP05	1	3006	model.layers.31.mlp.act_fn	DECODE	[1,22016]	[1,11008]	9091340275	9091352941	NA	PASS
MP05	1	3007	model.layers.31.mlp.down_proj	DECODE	[1,11008]	[1,2048]	9091356730	9091384458	NA	PASS
MP05	1	3008	model.layers.32.self_attn	DECODE	null	[1,2048]	9091402736	9091594001	NA	PASS
MP05	1	3009	model.layers.32.mlp.gate_up_proj	DECODE	[1,2048]	[1,22016]	9091613155	9091644366	NA	PASS
MP05	1	3010	model.layers.32.mlp.act_fn	DECODE	[1,22016]	[1,11008]	9091649031	9091661827	NA	PASS
MP05	1	3011	model.layers.32.mlp.down_proj	DECODE	[1,11008]	[1,2048]	9091665579	9091695937	NA	PASS
MP05	1	3012	model.layers.33.self_attn	DECODE	null	[1,2048]	9091715672	9091976271	NA	PASS
MP05	1	3013	model.layers.33.mlp.gate_up_proj	DECODE	[1,2048]	[1,22016]	9092002546	9092034745	NA	PASS
MP05	1	3014	model.layers.33.mlp.act_fn	DECODE	[1,22016]	[1,11008]	9092039783	9092054536	NA	PASS
MP05	1	3015	model.layers.33.mlp.down_proj	DECODE	[1,11008]	[1,2048]	9092058315	9092087874	NA	PASS
MP05	1	3016	model.layers.34.self_attn	DECODE	null	[1,2048]	9092112247	9092333240	NA	PASS
MP05	1	3017	model.layers.34.mlp.gate_up_proj	DECODE	[1,2048]	[1,22016]	9092353456	9092383322	NA	PASS
MP05	1	3018	model.layers.34.mlp.act_fn	DECODE	[1,22016]	[1,11008]	9092388059	9092401179	NA	PASS
MP05	1	3019	model.layers.34.mlp.down_proj	DECODE	[1,11008]	[1,2048]	9092404702	9092432723	NA	PASS
MP05	1	3020	model.layers.35.self_attn	DECODE	null	[1,2048]	9092452906	9092651579	NA	PASS
MP05	1	3021	model.layers.35.mlp.gate_up_proj	DECODE	[1,2048]	[1,22016]	9092670661	9092700749	NA	PASS
MP05	1	3022	model.layers.35.mlp.act_fn	DECODE	[1,22016]	[1,11008]	9092705424	9092718620	NA	PASS
MP05	1	3023	model.layers.35.mlp.down_proj	DECODE	[1,11008]	[1,2048]	9092722121	9092750268	NA	PASS
MP05	1	3024	model.layers.0.self_attn	DECODE	null	[1,2048]	9094198317	9094537325	NA	PASS
MP05	1	3025	model.layers.0.mlp.gate_up_proj	DECODE	[1,2048]	[1,22016]	9094567300	9094601337	NA	PASS
MP05	1	3026	model.layers.0.mlp.act_fn	DECODE	[1,22016]	[1,11008]	9094606541	9094623417	NA	PASS
MP05	1	3027	model.layers.0.mlp.down_proj	DECODE	[1,11008]	[1,2048]	9094627964	9094659209	NA	PASS
MP05	1	3028	model.layers.1.self_attn	DECODE	null	[1,2048]	9094679881	9094900924	NA	PASS
MP05	1	3029	model.layers.1.mlp.gate_up_proj	DECODE	[1,2048]	[1,22016]	9094921285	9094952650	NA	PASS
MP05	1	3030	model.layers.1.mlp.act_fn	DECODE	[1,22016]	[1,11008]	9094957518	9094971326	NA	PASS
MP05	1	3031	model.layers.1.mlp.down_proj	DECODE	[1,11008]	[1,2048]	9094975543	9095007296	NA	PASS
MP05	1	3032	model.layers.2.self_attn	DECODE	null	[1,2048]	9095029140	9095232914	NA	PASS
MP05	1	3033	model.layers.2.mlp.gate_up_proj	DECODE	[1,2048]	[1,22016]	9095252477	9095282780	NA	PASS
MP05	1	3034	model.layers.2.mlp.act_fn	DECODE	[1,22016]	[1,11008]	9095287417	9095300468	NA	PASS
MP05	1	3035	model.layers.2.mlp.down_proj	DECODE	[1,11008]	[1,2048]	9095304126	9095333146	NA	PASS
MP05	1	3036	model.layers.3.self_attn	DECODE	null	[1,2048]	9095352300	9095559306	NA	PASS
MP05	1	3037	model.layers.3.mlp.gate_up_proj	DECODE	[1,2048]	[1,22016]	9095578887	9095608895	NA	PASS
MP05	1	3038	model.layers.3.mlp.act_fn	DECODE	[1,22016]	[1,11008]	9095613338	9095626399	NA	PASS
MP05	1	3039	model.layers.3.mlp.down_proj	DECODE	[1,11008]	[1,2048]	9095630378	9095658877	NA	PASS
MP05	1	3040	model.layers.4.self_attn	DECODE	null	[1,2048]	9095678139	9095873963	NA	PASS
MP05	1	3041	model.layers.4.mlp.gate_up_proj	DECODE	[1,2048]	[1,22016]	9095894346	9095925672	NA	PASS
MP05	1	3042	model.layers.4.mlp.act_fn	DECODE	[1,22016]	[1,11008]	9095930762	9095944348	NA	PASS
MP05	1	3043	model.layers.4.mlp.down_proj	DECODE	[1,11008]	[1,2048]	9095948611	9095977705	NA	PASS
MP05	1	3044	model.layers.5.self_attn	DECODE	null	[1,2048]	9096000491	9096201532	NA	PASS
MP05	1	3045	model.layers.5.mlp.gate_up_proj	DECODE	[1,2048]	[1,22016]	9096221535	9096251788	NA	PASS
MP05	1	3046	model.layers.5.mlp.act_fn	DECODE	[1,22016]	[1,11008]	9096256581	9096270424	NA	PASS
MP05	1	3047	model.layers.5.mlp.down_proj	DECODE	[1,11008]	[1,2048]	9096274609	9096306288	NA	PASS
MP05	1	3048	model.layers.6.self_attn	DECODE	null	[1,2048]	9096326102	9096526289	NA	PASS
MP05	1	3049	model.layers.6.mlp.gate_up_proj	DECODE	[1,2048]	[1,22016]	9096545332	9096574294	NA	PASS
MP05	1	3050	model.layers.6.mlp.act_fn	DECODE	[1,22016]	[1,11008]	9096579081	9096592596	NA	PASS
MP05	1	3051	model.layers.6.mlp.down_proj	DECODE	[1,11008]	[1,2048]	9096596313	9096624175	NA	PASS
MP05	1	3052	model.layers.7.self_attn	DECODE	null	[1,2048]	9096642634	9096831020	NA	PASS
MP05	1	3053	model.layers.7.mlp.gate_up_proj	DECODE	[1,2048]	[1,22016]	9096849810	9096879371	NA	PASS
MP05	1	3054	model.layers.7.mlp.act_fn	DECODE	[1,22016]	[1,11008]	9096883787	9096896946	NA	PASS
MP05	1	3055	model.layers.7.mlp.down_proj	DECODE	[1,11008]	[1,2048]	9096900593	9096929397	NA	PASS
MP05	1	3056	model.layers.8.self_attn	DECODE	null	[1,2048]	9096947627	9097129065	NA	PASS
MP05	1	3057	model.layers.8.mlp.gate_up_proj	DECODE	[1,2048]	[1,22016]	9097147094	9097176364	NA	PASS
MP05	1	3058	model.layers.8.mlp.act_fn	DECODE	[1,22016]	[1,11008]	9097180760	9097193450	NA	PASS
MP05	1	3059	model.layers.8.mlp.down_proj	DECODE	[1,11008]	[1,2048]	9097196911	9097225180	NA	PASS
MP05	1	3060	model.layers.9.self_attn	DECODE	null	[1,2048]	9097246182	9097437568	NA	PASS
MP05	1	3061	model.layers.9.mlp.gate_up_proj	DECODE	[1,2048]	[1,22016]	9097456699	9097488910	NA	PASS
MP05	1	3062	model.layers.9.mlp.act_fn	DECODE	[1,22016]	[1,11008]	9097493318	9097506369	NA	PASS
MP05	1	3063	model.layers.9.mlp.down_proj	DECODE	[1,11008]	[1,2048]	9097510075	9097539917	NA	PASS
MP05	1	3064	model.layers.10.self_attn	DECODE	null	[1,2048]	9097558199	9097746603	NA	PASS
MP05	1	3065	model.layers.10.mlp.gate_up_proj	DECODE	[1,2048]	[1,22016]	9097765221	9097794793	NA	PASS
MP05	1	3066	model.layers.10.mlp.act_fn	DECODE	[1,22016]	[1,11008]	9097799136	9097811702	NA	PASS
MP05	1	3067	model.layers.10.mlp.down_proj	DECODE	[1,11008]	[1,2048]	9097815064	9097843343	NA	PASS
MP05	1	3068	model.layers.11.self_attn	DECODE	null	[1,2048]	9097861180	9098045758	NA	PASS
MP05	1	3069	model.layers.11.mlp.gate_up_proj	DECODE	[1,2048]	[1,22016]	9098064738	9098093609	NA	PASS
MP05	1	3070	model.layers.11.mlp.act_fn	DECODE	[1,22016]	[1,11008]	9098098110	9098113125	NA	PASS
MP05	1	3071	model.layers.11.mlp.down_proj	DECODE	[1,11008]	[1,2048]	9098116805	9098144660	NA	PASS
MP05	1	3072	model.layers.12.self_attn	DECODE	null	[1,2048]	9098163083	9098349844	NA	PASS
MP05	1	3073	model.layers.12.mlp.gate_up_proj	DECODE	[1,2048]	[1,22016]	9098367313	9098395507	NA	PASS
MP05	1	3074	model.layers.12.mlp.act_fn	DECODE	[1,22016]	[1,11008]	9098399848	9098411879	NA	PASS
MP05	1	3075	model.layers.12.mlp.down_proj	DECODE	[1,11008]	[1,2048]	9098415315	9098443955	NA	PASS
MP05	1	3076	model.layers.13.self_attn	DECODE	null	[1,2048]	9098466046	9098667136	NA	PASS
MP05	1	3077	model.layers.13.mlp.gate_up_proj	DECODE	[1,2048]	[1,22016]	9098686914	9098716692	NA	PASS
MP05	1	3078	model.layers.13.mlp.act_fn	DECODE	[1,22016]	[1,11008]	9098723374	9098736578	NA	PASS
MP05	1	3079	model.layers.13.mlp.down_proj	DECODE	[1,11008]	[1,2048]	9098740282	9098770433	NA	PASS
MP05	1	3080	model.layers.14.self_attn	DECODE	null	[1,2048]	9098789397	9098977093	NA	PASS
MP05	1	3081	model.layers.14.mlp.gate_up_proj	DECODE	[1,2048]	[1,22016]	9098995269	9099024637	NA	PASS
MP05	1	3082	model.layers.14.mlp.act_fn	DECODE	[1,22016]	[1,11008]	9099029093	9099041717	NA	PASS
MP05	1	3083	model.layers.14.mlp.down_proj	DECODE	[1,11008]	[1,2048]	9099045289	9099073493	NA	PASS
MP05	1	3084	model.layers.15.self_attn	DECODE	null	[1,2048]	9099091867	9099274784	NA	PASS
MP05	1	3085	model.layers.15.mlp.gate_up_proj	DECODE	[1,2048]	[1,22016]	9099292883	9099322016	NA	PASS
MP05	1	3086	model.layers.15.mlp.act_fn	DECODE	[1,22016]	[1,11008]	9099326343	9099342045	NA	PASS
MP05	1	3087	model.layers.15.mlp.down_proj	DECODE	[1,11008]	[1,2048]	9099345518	9099373349	NA	PASS
MP05	1	3088	model.layers.16.self_attn	DECODE	null	[1,2048]	9099391385	9099579345	NA	PASS
MP05	1	3089	model.layers.16.mlp.gate_up_proj	DECODE	[1,2048]	[1,22016]	9099597340	9099625914	NA	PASS
MP05	1	3090	model.layers.16.mlp.act_fn	DECODE	[1,22016]	[1,11008]	9099630075	9099642552	NA	PASS
MP05	1	3091	model.layers.16.mlp.down_proj	DECODE	[1,11008]	[1,2048]	9099646288	9099674788	NA	PASS
MP05	1	3092	model.layers.17.self_attn	DECODE	null	[1,2048]	9099692777	9099873857	NA	PASS
MP05	1	3093	model.layers.17.mlp.gate_up_proj	DECODE	[1,2048]	[1,22016]	9099892153	9099921478	NA	PASS
MP05	1	3094	model.layers.17.mlp.act_fn	DECODE	[1,22016]	[1,11008]	9099926010	9099938594	NA	PASS
MP05	1	3095	model.layers.17.mlp.down_proj	DECODE	[1,11008]	[1,2048]	9099941982	9099969801	NA	PASS
MP05	1	3096	model.layers.18.self_attn	DECODE	null	[1,2048]	9099990010	9100182013	NA	PASS
MP05	1	3097	model.layers.18.mlp.gate_up_proj	DECODE	[1,2048]	[1,22016]	9100199849	9100228796	NA	PASS
MP05	1	3098	model.layers.18.mlp.act_fn	DECODE	[1,22016]	[1,11008]	9100233086	9100245431	NA	PASS
MP05	1	3099	model.layers.18.mlp.down_proj	DECODE	[1,11008]	[1,2048]	9100248946	9100277495	NA	PASS
MP05	1	3100	model.layers.19.self_attn	DECODE	null	[1,2048]	9100295410	9100491345	NA	PASS
MP05	1	3101	model.layers.19.mlp.gate_up_proj	DECODE	[1,2048]	[1,22016]	9100509774	9100542772	NA	PASS
MP05	1	3102	model.layers.19.mlp.act_fn	DECODE	[1,22016]	[1,11008]	9100547387	9100560269	NA	PASS
MP05	1	3103	model.layers.19.mlp.down_proj	DECODE	[1,11008]	[1,2048]	9100564021	9100592369	NA	PASS
MP05	1	3104	model.layers.20.self_attn	DECODE	null	[1,2048]	9100611378	9100806208	NA	PASS
MP05	1	3105	model.layers.20.mlp.gate_up_proj	DECODE	[1,2048]	[1,22016]	9100824772	9100853628	NA	PASS
MP05	1	3106	model.layers.20.mlp.act_fn	DECODE	[1,22016]	[1,11008]	9100858153	9100871381	NA	PASS
MP05	1	3107	model.layers.20.mlp.down_proj	DECODE	[1,11008]	[1,2048]	9100874922	9100902991	NA	PASS
MP05	1	3108	model.layers.21.self_attn	DECODE	null	[1,2048]	9100921341	9101107493	NA	PASS
MP05	1	3109	model.layers.21.mlp.gate_up_proj	DECODE	[1,2048]	[1,22016]	9101126528	9101155757	NA	PASS
MP05	1	3110	model.layers.21.mlp.act_fn	DECODE	[1,22016]	[1,11008]	9101160319	9101173429	NA	PASS
MP05	1	3111	model.layers.21.mlp.down_proj	DECODE	[1,11008]	[1,2048]	9101177185	9101205579	NA	PASS
MP05	1	3112	model.layers.22.self_attn	DECODE	null	[1,2048]	9101225008	9101434587	NA	PASS
MP05	1	3113	model.layers.22.mlp.gate_up_proj	DECODE	[1,2048]	[1,22016]	9101454471	9101487980	NA	PASS
MP05	1	3114	model.layers.22.mlp.act_fn	DECODE	[1,22016]	[1,11008]	9101492668	9101506229	NA	PASS
MP05	1	3115	model.layers.22.mlp.down_proj	DECODE	[1,11008]	[1,2048]	9101509798	9101538734	NA	PASS
MP05	1	3116	model.layers.23.self_attn	DECODE	null	[1,2048]	9101557001	9101760120	NA	PASS
MP05	1	3117	model.layers.23.mlp.gate_up_proj	DECODE	[1,2048]	[1,22016]	9101779734	9101809139	NA	PASS
MP05	1	3118	model.layers.23.mlp.act_fn	DECODE	[1,22016]	[1,11008]	9101813890	9101828903	NA	PASS
MP05	1	3119	model.layers.23.mlp.down_proj	DECODE	[1,11008]	[1,2048]	9101832561	9101861049	NA	PASS
MP05	1	3120	model.layers.24.self_attn	DECODE	null	[1,2048]	9101879519	9102072739	NA	PASS
MP05	1	3121	model.layers.24.mlp.gate_up_proj	DECODE	[1,2048]	[1,22016]	9102091535	9102120914	NA	PASS
MP05	1	3122	model.layers.24.mlp.act_fn	DECODE	[1,22016]	[1,11008]	9102125358	9102138397	NA	PASS
MP05	1	3123	model.layers.24.mlp.down_proj	DECODE	[1,11008]	[1,2048]	9102141837	9102169725	NA	PASS
MP05	1	3124	model.layers.25.self_attn	DECODE	null	[1,2048]	9102187922	9102377907	NA	PASS
MP05	1	3125	model.layers.25.mlp.gate_up_proj	DECODE	[1,2048]	[1,22016]	9102396577	9102425045	NA	PASS
MP05	1	3126	model.layers.25.mlp.act_fn	DECODE	[1,22016]	[1,11008]	9102429241	9102441782	NA	PASS
MP05	1	3127	model.layers.25.mlp.down_proj	DECODE	[1,11008]	[1,2048]	9102445312	9102477779	NA	PASS
MP05	1	3128	model.layers.26.self_attn	DECODE	null	[1,2048]	9102497224	9102700028	NA	PASS
MP05	1	3129	model.layers.26.mlp.gate_up_proj	DECODE	[1,2048]	[1,22016]	9102718841	9102747829	NA	PASS
MP05	1	3130	model.layers.26.mlp.act_fn	DECODE	[1,22016]	[1,11008]	9102754349	9102767445	NA	PASS
MP05	1	3131	model.layers.26.mlp.down_proj	DECODE	[1,11008]	[1,2048]	9102770760	9102798543	NA	PASS
MP05	1	3132	model.layers.27.self_attn	DECODE	null	[1,2048]	9102816139	9103000682	NA	PASS
MP05	1	3133	model.layers.27.mlp.gate_up_proj	DECODE	[1,2048]	[1,22016]	9103019207	9103048634	NA	PASS
MP05	1	3134	model.layers.27.mlp.act_fn	DECODE	[1,22016]	[1,11008]	9103052869	9103066076	NA	PASS
MP05	1	3135	model.layers.27.mlp.down_proj	DECODE	[1,11008]	[1,2048]	9103069629	9103097378	NA	PASS
MP05	1	3136	model.layers.28.self_attn	DECODE	null	[1,2048]	9103114886	9103308137	NA	PASS
MP05	1	3137	model.layers.28.mlp.gate_up_proj	DECODE	[1,2048]	[1,22016]	9103327557	9103358848	NA	PASS
MP05	1	3138	model.layers.28.mlp.act_fn	DECODE	[1,22016]	[1,11008]	9103363404	9103376237	NA	PASS
MP05	1	3139	model.layers.28.mlp.down_proj	DECODE	[1,11008]	[1,2048]	9103379846	9103407562	NA	PASS
MP05	1	3140	model.layers.29.self_attn	DECODE	null	[1,2048]	9103425335	9103621232	NA	PASS
MP05	1	3141	model.layers.29.mlp.gate_up_proj	DECODE	[1,2048]	[1,22016]	9103639983	9103668755	NA	PASS
MP05	1	3142	model.layers.29.mlp.act_fn	DECODE	[1,22016]	[1,11008]	9103675074	9103688156	NA	PASS
MP05	1	3143	model.layers.29.mlp.down_proj	DECODE	[1,11008]	[1,2048]	9103691640	9103719647	NA	PASS
MP05	1	3144	model.layers.30.self_attn	DECODE	null	[1,2048]	9103738351	9103924259	NA	PASS
MP05	1	3145	model.layers.30.mlp.gate_up_proj	DECODE	[1,2048]	[1,22016]	9103942549	9103972396	NA	PASS
MP05	1	3146	model.layers.30.mlp.act_fn	DECODE	[1,22016]	[1,11008]	9103978383	9103991768	NA	PASS
MP05	1	3147	model.layers.30.mlp.down_proj	DECODE	[1,11008]	[1,2048]	9103995388	9104023480	NA	PASS
MP05	1	3148	model.layers.31.self_attn	DECODE	null	[1,2048]	9104041631	9104224118	NA	PASS
MP05	1	3149	model.layers.31.mlp.gate_up_proj	DECODE	[1,2048]	[1,22016]	9104242101	9104271126	NA	PASS
MP05	1	3150	model.layers.31.mlp.act_fn	DECODE	[1,22016]	[1,11008]	9104275489	9104288323	NA	PASS
MP05	1	3151	model.layers.31.mlp.down_proj	DECODE	[1,11008]	[1,2048]	9104292054	9104320388	NA	PASS
MP05	1	3152	model.layers.32.self_attn	DECODE	null	[1,2048]	9104338631	9104558549	NA	PASS
MP05	1	3153	model.layers.32.mlp.gate_up_proj	DECODE	[1,2048]	[1,22016]	9104578474	9104608985	NA	PASS
MP05	1	3154	model.layers.32.mlp.act_fn	DECODE	[1,22016]	[1,11008]	9104613589	9104629439	NA	PASS
MP05	1	3155	model.layers.32.mlp.down_proj	DECODE	[1,11008]	[1,2048]	9104632724	9104660406	NA	PASS
MP05	1	3156	model.layers.33.self_attn	DECODE	null	[1,2048]	9104678723	9104875072	NA	PASS
MP05	1	3157	model.layers.33.mlp.gate_up_proj	DECODE	[1,2048]	[1,22016]	9104893503	9104922385	NA	PASS
MP05	1	3158	model.layers.33.mlp.act_fn	DECODE	[1,22016]	[1,11008]	9104926893	9104939286	NA	PASS
MP05	1	3159	model.layers.33.mlp.down_proj	DECODE	[1,11008]	[1,2048]	9104942694	9104970531	NA	PASS
MP05	1	3160	model.layers.34.self_attn	DECODE	null	[1,2048]	9104988202	9105178709	NA	PASS
MP05	1	3161	model.layers.34.mlp.gate_up_proj	DECODE	[1,2048]	[1,22016]	9105197049	9105226754	NA	PASS
MP05	1	3162	model.layers.34.mlp.act_fn	DECODE	[1,22016]	[1,11008]	9105231072	9105243556	NA	PASS
MP05	1	3163	model.layers.34.mlp.down_proj	DECODE	[1,11008]	[1,2048]	9105247250	9105278078	NA	PASS
MP05	1	3164	model.layers.35.self_attn	DECODE	null	[1,2048]	9105296125	9105482785	NA	PASS
MP05	1	3165	model.layers.35.mlp.gate_up_proj	DECODE	[1,2048]	[1,22016]	9105500972	9105529565	NA	PASS
MP05	1	3166	model.layers.35.mlp.act_fn	DECODE	[1,22016]	[1,11008]	9105533694	9105549824	NA	PASS
MP05	1	3167	model.layers.35.mlp.down_proj	DECODE	[1,11008]	[1,2048]	9105553558	9105581617	NA	PASS
MP05	1	3168	model.layers.0.self_attn	DECODE	null	[1,2048]	9106763490	9107157916	NA	PASS
MP05	1	3169	model.layers.0.mlp.gate_up_proj	DECODE	[1,2048]	[1,22016]	9107188471	9107223953	NA	PASS
MP05	1	3170	model.layers.0.mlp.act_fn	DECODE	[1,22016]	[1,11008]	9107229703	9107248400	NA	PASS
MP05	1	3171	model.layers.0.mlp.down_proj	DECODE	[1,11008]	[1,2048]	9107252761	9107284138	NA	PASS
MP05	1	3172	model.layers.1.self_attn	DECODE	null	[1,2048]	9107304849	9107532885	NA	PASS
MP05	1	3173	model.layers.1.mlp.gate_up_proj	DECODE	[1,2048]	[1,22016]	9107554767	9107585640	NA	PASS
MP05	1	3174	model.layers.1.mlp.act_fn	DECODE	[1,22016]	[1,11008]	9107590095	9107603891	NA	PASS
MP05	1	3175	model.layers.1.mlp.down_proj	DECODE	[1,11008]	[1,2048]	9107607767	9107637799	NA	PASS
MP05	1	3176	model.layers.2.self_attn	DECODE	null	[1,2048]	9107657295	9107863303	NA	PASS
MP05	1	3177	model.layers.2.mlp.gate_up_proj	DECODE	[1,2048]	[1,22016]	9107882875	9107912719	NA	PASS
MP05	1	3178	model.layers.2.mlp.act_fn	DECODE	[1,22016]	[1,11008]	9107920351	9107933792	NA	PASS
MP05	1	3179	model.layers.2.mlp.down_proj	DECODE	[1,11008]	[1,2048]	9107937662	9107966137	NA	PASS
MP05	1	3180	model.layers.3.self_attn	DECODE	null	[1,2048]	9107989062	9108189456	NA	PASS
MP05	1	3181	model.layers.3.mlp.gate_up_proj	DECODE	[1,2048]	[1,22016]	9108209555	9108239881	NA	PASS
MP05	1	3182	model.layers.3.mlp.act_fn	DECODE	[1,22016]	[1,11008]	9108244594	9108260483	NA	PASS
MP05	1	3183	model.layers.3.mlp.down_proj	DECODE	[1,11008]	[1,2048]	9108263991	9108291658	NA	PASS
MP05	1	3184	model.layers.4.self_attn	DECODE	null	[1,2048]	9108310379	9108521131	NA	PASS
MP05	1	3185	model.layers.4.mlp.gate_up_proj	DECODE	[1,2048]	[1,22016]	9108540525	9108570319	NA	PASS
MP05	1	3186	model.layers.4.mlp.act_fn	DECODE	[1,22016]	[1,11008]	9108574592	9108587654	NA	PASS
MP05	1	3187	model.layers.4.mlp.down_proj	DECODE	[1,11008]	[1,2048]	9108591097	9108619091	NA	PASS
MP05	1	3188	model.layers.5.self_attn	DECODE	null	[1,2048]	9108638203	9108830700	NA	PASS
MP05	1	3189	model.layers.5.mlp.gate_up_proj	DECODE	[1,2048]	[1,22016]	9108848741	9108877748	NA	PASS
MP05	1	3190	model.layers.5.mlp.act_fn	DECODE	[1,22016]	[1,11008]	9108882270	9108895354	NA	PASS
MP05	1	3191	model.layers.5.mlp.down_proj	DECODE	[1,11008]	[1,2048]	9108898960	9108927195	NA	PASS
MP05	1	3192	model.layers.6.self_attn	DECODE	null	[1,2048]	9108944995	9109129542	NA	PASS
MP05	1	3193	model.layers.6.mlp.gate_up_proj	DECODE	[1,2048]	[1,22016]	9109147135	9109175736	NA	PASS
MP05	1	3194	model.layers.6.mlp.act_fn	DECODE	[1,22016]	[1,11008]	9109179932	9109194963	NA	PASS
MP05	1	3195	model.layers.6.mlp.down_proj	DECODE	[1,11008]	[1,2048]	9109198505	9109225706	NA	PASS
MP05	1	3196	model.layers.7.self_attn	DECODE	null	[1,2048]	9109243280	9109424457	NA	PASS
MP05	1	3197	model.layers.7.mlp.gate_up_proj	DECODE	[1,2048]	[1,22016]	9109442407	9109475337	NA	PASS
MP05	1	3198	model.layers.7.mlp.act_fn	DECODE	[1,22016]	[1,11008]	9109479668	9109492625	NA	PASS
MP05	1	3199	model.layers.7.mlp.down_proj	DECODE	[1,11008]	[1,2048]	9109496129	9109523232	NA	PASS
MP05	1	3200	model.layers.8.self_attn	DECODE	null	[1,2048]	9109543189	9109739211	NA	PASS
MP05	1	3201	model.layers.8.mlp.gate_up_proj	DECODE	[1,2048]	[1,22016]	9109757383	9109786484	NA	PASS
MP05	1	3202	model.layers.8.mlp.act_fn	DECODE	[1,22016]	[1,11008]	9109790604	9109804617	NA	PASS
MP05	1	3203	model.layers.8.mlp.down_proj	DECODE	[1,11008]	[1,2048]	9109808143	9109836365	NA	PASS
MP05	1	3204	model.layers.9.self_attn	DECODE	null	[1,2048]	9109855927	9110041980	NA	PASS
MP05	1	3205	model.layers.9.mlp.gate_up_proj	DECODE	[1,2048]	[1,22016]	9110059097	9110087205	NA	PASS
MP05	1	3206	model.layers.9.mlp.act_fn	DECODE	[1,22016]	[1,11008]	9110091356	9110103787	NA	PASS
MP05	1	3207	model.layers.9.mlp.down_proj	DECODE	[1,11008]	[1,2048]	9110107279	9110134338	NA	PASS
MP05	1	3208	model.layers.10.self_attn	DECODE	null	[1,2048]	9110151915	9110335521	NA	PASS
MP05	1	3209	model.layers.10.mlp.gate_up_proj	DECODE	[1,2048]	[1,22016]	9110352886	9110381119	NA	PASS
MP05	1	3210	model.layers.10.mlp.act_fn	DECODE	[1,22016]	[1,11008]	9110385083	9110397015	NA	PASS
MP05	1	3211	model.layers.10.mlp.down_proj	DECODE	[1,11008]	[1,2048]	9110400733	9110428175	NA	PASS
MP05	1	3212	model.layers.11.self_attn	DECODE	null	[1,2048]	9110445400	9110629535	NA	PASS
MP05	1	3213	model.layers.11.mlp.gate_up_proj	DECODE	[1,2048]	[1,22016]	9110647433	9110676122	NA	PASS
MP05	1	3214	model.layers.11.mlp.act_fn	DECODE	[1,22016]	[1,11008]	9110680264	9110692990	NA	PASS
MP05	1	3215	model.layers.11.mlp.down_proj	DECODE	[1,11008]	[1,2048]	9110696441	9110731021	NA	PASS
MP05	1	3216	model.layers.12.self_attn	DECODE	null	[1,2048]	9110748459	9110940749	NA	PASS
MP05	1	3217	model.layers.12.mlp.gate_up_proj	DECODE	[1,2048]	[1,22016]	9110958591	9110987346	NA	PASS
MP05	1	3218	model.layers.12.mlp.act_fn	DECODE	[1,22016]	[1,11008]	9110991321	9111003761	NA	PASS
MP05	1	3219	model.layers.12.mlp.down_proj	DECODE	[1,11008]	[1,2048]	9111007254	9111034673	NA	PASS
MP05	1	3220	model.layers.13.self_attn	DECODE	null	[1,2048]	9111052470	9111236436	NA	PASS
MP05	1	3221	model.layers.13.mlp.gate_up_proj	DECODE	[1,2048]	[1,22016]	9111253744	9111281903	NA	PASS
MP05	1	3222	model.layers.13.mlp.act_fn	DECODE	[1,22016]	[1,11008]	9111286360	9111298418	NA	PASS
MP05	1	3223	model.layers.13.mlp.down_proj	DECODE	[1,11008]	[1,2048]	9111301927	9111328684	NA	PASS
MP05	1	3224	model.layers.14.self_attn	DECODE	null	[1,2048]	9111346012	9111532315	NA	PASS
MP05	1	3225	model.layers.14.mlp.gate_up_proj	DECODE	[1,2048]	[1,22016]	9111551174	9111580668	NA	PASS
MP05	1	3226	model.layers.14.mlp.act_fn	DECODE	[1,22016]	[1,11008]	9111585016	9111598019	NA	PASS
MP05	1	3227	model.layers.14.mlp.down_proj	DECODE	[1,11008]	[1,2048]	9111601605	9111629496	NA	PASS
MP05	1	3228	model.layers.15.self_attn	DECODE	null	[1,2048]	9111647339	9111842309	NA	PASS
MP05	1	3229	model.layers.15.mlp.gate_up_proj	DECODE	[1,2048]	[1,22016]	9111861860	9111891551	NA	PASS
MP05	1	3230	model.layers.15.mlp.act_fn	DECODE	[1,22016]	[1,11008]	9111896031	9111909161	NA	PASS
MP05	1	3231	model.layers.15.mlp.down_proj	DECODE	[1,11008]	[1,2048]	9111912901	9111940824	NA	PASS
MP05	1	3232	model.layers.16.self_attn	DECODE	null	[1,2048]	9111961800	9112156350	NA	PASS
MP05	1	3233	model.layers.16.mlp.gate_up_proj	DECODE	[1,2048]	[1,22016]	9112174655	9112203501	NA	PASS
MP05	1	3234	model.layers.16.mlp.act_fn	DECODE	[1,22016]	[1,11008]	9112208016	9112220629	NA	PASS
MP05	1	3235	model.layers.16.mlp.down_proj	DECODE	[1,11008]	[1,2048]	9112224585	9112252057	NA	PASS
MP05	1	3236	model.layers.17.self_attn	DECODE	null	[1,2048]	9112269865	9112454727	NA	PASS
MP05	1	3237	model.layers.17.mlp.gate_up_proj	DECODE	[1,2048]	[1,22016]	9112476097	9112505400	NA	PASS
MP05	1	3238	model.layers.17.mlp.act_fn	DECODE	[1,22016]	[1,11008]	9112509584	9112522336	NA	PASS
MP05	1	3239	model.layers.17.mlp.down_proj	DECODE	[1,11008]	[1,2048]	9112525862	9112553048	NA	PASS
MP05	1	3240	model.layers.18.self_attn	DECODE	null	[1,2048]	9112570944	9112755392	NA	PASS
MP05	1	3241	model.layers.18.mlp.gate_up_proj	DECODE	[1,2048]	[1,22016]	9112772894	9112801459	NA	PASS
MP05	1	3242	model.layers.18.mlp.act_fn	DECODE	[1,22016]	[1,11008]	9112805682	9112818101	NA	PASS
MP05	1	3243	model.layers.18.mlp.down_proj	DECODE	[1,11008]	[1,2048]	9112821341	9112848883	NA	PASS
MP05	1	3244	model.layers.19.self_attn	DECODE	null	[1,2048]	9112866848	9113054330	NA	PASS
MP05	1	3245	model.layers.19.mlp.gate_up_proj	DECODE	[1,2048]	[1,22016]	9113072063	9113102920	NA	PASS
MP05	1	3246	model.layers.19.mlp.act_fn	DECODE	[1,22016]	[1,11008]	9113107307	9113119585	NA	PASS
MP05	1	3247	model.layers.19.mlp.down_proj	DECODE	[1,11008]	[1,2048]	9113123119	9113150047	NA	PASS
MP05	1	3248	model.layers.20.self_attn	DECODE	null	[1,2048]	9113167759	9113357241	NA	PASS
MP05	1	3249	model.layers.20.mlp.gate_up_proj	DECODE	[1,2048]	[1,22016]	9113383585	9113413995	NA	PASS
MP05	1	3250	model.layers.20.mlp.act_fn	DECODE	[1,22016]	[1,11008]	9113418043	9113430986	NA	PASS
MP05	1	3251	model.layers.20.mlp.down_proj	DECODE	[1,11008]	[1,2048]	9113434297	9113466173	NA	PASS
MP05	1	3252	model.layers.21.self_attn	DECODE	null	[1,2048]	9113484514	9113670726	NA	PASS
MP05	1	3253	model.layers.21.mlp.gate_up_proj	DECODE	[1,2048]	[1,22016]	9113688251	9113716506	NA	PASS
MP05	1	3254	model.layers.21.mlp.act_fn	DECODE	[1,22016]	[1,11008]	9113720589	9113732459	NA	PASS
MP05	1	3255	model.layers.21.mlp.down_proj	DECODE	[1,11008]	[1,2048]	9113736149	9113764060	NA	PASS
MP05	1	3256	model.layers.22.self_attn	DECODE	null	[1,2048]	9113781648	9113960262	NA	PASS
MP05	1	3257	model.layers.22.mlp.gate_up_proj	DECODE	[1,2048]	[1,22016]	9113977513	9114006233	NA	PASS
MP05	1	3258	model.layers.22.mlp.act_fn	DECODE	[1,22016]	[1,11008]	9114010749	9114023186	NA	PASS
MP05	1	3259	model.layers.22.mlp.down_proj	DECODE	[1,11008]	[1,2048]	9114026670	9114054968	NA	PASS
MP05	1	3260	model.layers.23.self_attn	DECODE	null	[1,2048]	9114072718	9114255644	NA	PASS
MP05	1	3261	model.layers.23.mlp.gate_up_proj	DECODE	[1,2048]	[1,22016]	9114274025	9114302744	NA	PASS
MP05	1	3262	model.layers.23.mlp.act_fn	DECODE	[1,22016]	[1,11008]	9114306883	9114319108	NA	PASS
MP05	1	3263	model.layers.23.mlp.down_proj	DECODE	[1,11008]	[1,2048]	9114322731	9114350621	NA	PASS
MP05	1	3264	model.layers.24.self_attn	DECODE	null	[1,2048]	9114368144	9114559306	NA	PASS
MP05	1	3265	model.layers.24.mlp.gate_up_proj	DECODE	[1,2048]	[1,22016]	9114577037	9114605379	NA	PASS
MP05	1	3266	model.layers.24.mlp.act_fn	DECODE	[1,22016]	[1,11008]	9114609553	9114621792	NA	PASS
MP05	1	3267	model.layers.24.mlp.down_proj	DECODE	[1,11008]	[1,2048]	9114625509	9114652996	NA	PASS
MP05	1	3268	model.layers.25.self_attn	DECODE	null	[1,2048]	9114672230	9114852857	NA	PASS
MP05	1	3269	model.layers.25.mlp.gate_up_proj	DECODE	[1,2048]	[1,22016]	9114870477	9114898855	NA	PASS
MP05	1	3270	model.layers.25.mlp.act_fn	DECODE	[1,22016]	[1,11008]	9114903087	9114915714	NA	PASS
MP05	1	3271	model.layers.25.mlp.down_proj	DECODE	[1,11008]	[1,2048]	9114919242	9114946536	NA	PASS
MP05	1	3272	model.layers.26.self_attn	DECODE	null	[1,2048]	9114964275	9115145880	NA	PASS
MP05	1	3273	model.layers.26.mlp.gate_up_proj	DECODE	[1,2048]	[1,22016]	9115165436	9115194329	NA	PASS
MP05	1	3274	model.layers.26.mlp.act_fn	DECODE	[1,22016]	[1,11008]	9115198775	9115211217	NA	PASS
MP05	1	3275	model.layers.26.mlp.down_proj	DECODE	[1,11008]	[1,2048]	9115215064	9115242823	NA	PASS
MP05	1	3276	model.layers.27.self_attn	DECODE	null	[1,2048]	9115260555	9115438482	NA	PASS
MP05	1	3277	model.layers.27.mlp.gate_up_proj	DECODE	[1,2048]	[1,22016]	9115456618	9115488991	NA	PASS
MP05	1	3278	model.layers.27.mlp.act_fn	DECODE	[1,22016]	[1,11008]	9115493263	9115505462	NA	PASS
MP05	1	3279	model.layers.27.mlp.down_proj	DECODE	[1,11008]	[1,2048]	9115508949	9115536833	NA	PASS
MP05	1	3280	model.layers.28.self_attn	DECODE	null	[1,2048]	9115554764	9115736152	NA	PASS
MP05	1	3281	model.layers.28.mlp.gate_up_proj	DECODE	[1,2048]	[1,22016]	9115753669	9115782077	NA	PASS
MP05	1	3282	model.layers.28.mlp.act_fn	DECODE	[1,22016]	[1,11008]	9115789707	9115801766	NA	PASS
MP05	1	3283	model.layers.28.mlp.down_proj	DECODE	[1,11008]	[1,2048]	9115805371	9115832977	NA	PASS
MP05	1	3284	model.layers.29.self_attn	DECODE	null	[1,2048]	9115851162	9116036291	NA	PASS
MP05	1	3285	model.layers.29.mlp.gate_up_proj	DECODE	[1,2048]	[1,22016]	9116055581	9116085208	NA	PASS
MP05	1	3286	model.layers.29.mlp.act_fn	DECODE	[1,22016]	[1,11008]	9116089736	9116103084	NA	PASS
MP05	1	3287	model.layers.29.mlp.down_proj	DECODE	[1,11008]	[1,2048]	9116106632	9116137198	NA	PASS
MP05	1	3288	model.layers.30.self_attn	DECODE	null	[1,2048]	9116155503	9116339509	NA	PASS
MP05	1	3289	model.layers.30.mlp.gate_up_proj	DECODE	[1,2048]	[1,22016]	9116357492	9116386282	NA	PASS
MP05	1	3290	model.layers.30.mlp.act_fn	DECODE	[1,22016]	[1,11008]	9116390647	9116403112	NA	PASS
MP05	1	3291	model.layers.30.mlp.down_proj	DECODE	[1,11008]	[1,2048]	9116406820	9116434312	NA	PASS
MP05	1	3292	model.layers.31.self_attn	DECODE	null	[1,2048]	9116451870	9116635120	NA	PASS
MP05	1	3293	model.layers.31.mlp.gate_up_proj	DECODE	[1,2048]	[1,22016]	9116652855	9116681253	NA	PASS
MP05	1	3294	model.layers.31.mlp.act_fn	DECODE	[1,22016]	[1,11008]	9116685317	9116697543	NA	PASS
MP05	1	3295	model.layers.31.mlp.down_proj	DECODE	[1,11008]	[1,2048]	9116701120	9116728676	NA	PASS
MP05	1	3296	model.layers.32.self_attn	DECODE	null	[1,2048]	9116746541	9116924470	NA	PASS
MP05	1	3297	model.layers.32.mlp.gate_up_proj	DECODE	[1,2048]	[1,22016]	9116942164	9116974105	NA	PASS
MP05	1	3298	model.layers.32.mlp.act_fn	DECODE	[1,22016]	[1,11008]	9116978355	9116994806	NA	PASS
MP05	1	3299	model.layers.32.mlp.down_proj	DECODE	[1,11008]	[1,2048]	9116998634	9117025781	NA	PASS
MP05	1	3300	model.layers.33.self_attn	DECODE	null	[1,2048]	9117043287	9117222994	NA	PASS
MP05	1	3301	model.layers.33.mlp.gate_up_proj	DECODE	[1,2048]	[1,22016]	9117241679	9117270985	NA	PASS
MP05	1	3302	model.layers.33.mlp.act_fn	DECODE	[1,22016]	[1,11008]	9117275746	9117288325	NA	PASS
MP05	1	3303	model.layers.33.mlp.down_proj	DECODE	[1,11008]	[1,2048]	9117291721	9117318917	NA	PASS
MP05	1	3304	model.layers.34.self_attn	DECODE	null	[1,2048]	9117337066	9117532399	NA	PASS
MP05	1	3305	model.layers.34.mlp.gate_up_proj	DECODE	[1,2048]	[1,22016]	9117550985	9117580506	NA	PASS
MP05	1	3306	model.layers.34.mlp.act_fn	DECODE	[1,22016]	[1,11008]	9117584998	9117597756	NA	PASS
MP05	1	3307	model.layers.34.mlp.down_proj	DECODE	[1,11008]	[1,2048]	9117601294	9117628740	NA	PASS
MP05	1	3308	model.layers.35.self_attn	DECODE	null	[1,2048]	9117647022	9117829415	NA	PASS
MP05	1	3309	model.layers.35.mlp.gate_up_proj	DECODE	[1,2048]	[1,22016]	9117847193	9117876208	NA	PASS
MP05	1	3310	model.layers.35.mlp.act_fn	DECODE	[1,22016]	[1,11008]	9117880716	9117893165	NA	PASS
MP05	1	3311	model.layers.35.mlp.down_proj	DECODE	[1,11008]	[1,2048]	9117897182	9117924582	NA	PASS
MP05	1	3312	model.layers.0.self_attn	DECODE	null	[1,2048]	9119047524	9119310530	NA	PASS
MP05	1	3313	model.layers.0.mlp.gate_up_proj	DECODE	[1,2048]	[1,22016]	9119336086	9119369391	NA	PASS
MP05	1	3314	model.layers.0.mlp.act_fn	DECODE	[1,22016]	[1,11008]	9119374524	9119389192	NA	PASS
MP05	1	3315	model.layers.0.mlp.down_proj	DECODE	[1,11008]	[1,2048]	9119393209	9119423683	NA	PASS
MP05	1	3316	model.layers.1.self_attn	DECODE	null	[1,2048]	9119443094	9119662544	NA	PASS
MP05	1	3317	model.layers.1.mlp.gate_up_proj	DECODE	[1,2048]	[1,22016]	9119682900	9119713308	NA	PASS
MP05	1	3318	model.layers.1.mlp.act_fn	DECODE	[1,22016]	[1,11008]	9119717730	9119730394	NA	PASS
MP05	1	3319	model.layers.1.mlp.down_proj	DECODE	[1,11008]	[1,2048]	9119734013	9119765245	NA	PASS
MP05	1	3320	model.layers.2.self_attn	DECODE	null	[1,2048]	9119785224	9119986651	NA	PASS
MP05	1	3321	model.layers.2.mlp.gate_up_proj	DECODE	[1,2048]	[1,22016]	9120006450	9120035544	NA	PASS
MP05	1	3322	model.layers.2.mlp.act_fn	DECODE	[1,22016]	[1,11008]	9120039919	9120052339	NA	PASS
MP05	1	3323	model.layers.2.mlp.down_proj	DECODE	[1,11008]	[1,2048]	9120055746	9120084129	NA	PASS
MP05	1	3324	model.layers.3.self_attn	DECODE	null	[1,2048]	9120104629	9120298028	NA	PASS
MP05	1	3325	model.layers.3.mlp.gate_up_proj	DECODE	[1,2048]	[1,22016]	9120316557	9120345751	NA	PASS
MP05	1	3326	model.layers.3.mlp.act_fn	DECODE	[1,22016]	[1,11008]	9120350284	9120363739	NA	PASS
MP05	1	3327	model.layers.3.mlp.down_proj	DECODE	[1,11008]	[1,2048]	9120367249	9120395151	NA	PASS
MP05	1	3328	model.layers.4.self_attn	DECODE	null	[1,2048]	9120413521	9120622180	NA	PASS
MP05	1	3329	model.layers.4.mlp.gate_up_proj	DECODE	[1,2048]	[1,22016]	9120643659	9120675167	NA	PASS
MP05	1	3330	model.layers.4.mlp.act_fn	DECODE	[1,22016]	[1,11008]	9120681953	9120696643	NA	PASS
MP05	1	3331	model.layers.4.mlp.down_proj	DECODE	[1,11008]	[1,2048]	9120700401	9120729506	NA	PASS
MP05	1	3332	model.layers.5.self_attn	DECODE	null	[1,2048]	9120749238	9120945523	NA	PASS
MP05	1	3333	model.layers.5.mlp.gate_up_proj	DECODE	[1,2048]	[1,22016]	9120964681	9120994569	NA	PASS
MP05	1	3334	model.layers.5.mlp.act_fn	DECODE	[1,22016]	[1,11008]	9120998826	9121011526	NA	PASS
MP05	1	3335	model.layers.5.mlp.down_proj	DECODE	[1,11008]	[1,2048]	9121015023	9121045103	NA	PASS
MP05	1	3336	model.layers.6.self_attn	DECODE	null	[1,2048]	9121064290	9121302885	NA	PASS
MP05	1	3337	model.layers.6.mlp.gate_up_proj	DECODE	[1,2048]	[1,22016]	9121324406	9121355313	NA	PASS
MP05	1	3338	model.layers.6.mlp.act_fn	DECODE	[1,22016]	[1,11008]	9121360121	9121376816	NA	PASS
MP05	1	3339	model.layers.6.mlp.down_proj	DECODE	[1,11008]	[1,2048]	9121380562	9121409815	NA	PASS
MP05	1	3340	model.layers.7.self_attn	DECODE	null	[1,2048]	9121429667	9121645480	NA	PASS
MP05	1	3341	model.layers.7.mlp.gate_up_proj	DECODE	[1,2048]	[1,22016]	9121664499	9121693844	NA	PASS
MP05	1	3342	model.layers.7.mlp.act_fn	DECODE	[1,22016]	[1,11008]	9121698161	9121710773	NA	PASS
MP05	1	3343	model.layers.7.mlp.down_proj	DECODE	[1,11008]	[1,2048]	9121714490	9121742368	NA	PASS
MP05	1	3344	model.layers.8.self_attn	DECODE	null	[1,2048]	9121761316	9121954103	NA	PASS
MP05	1	3345	model.layers.8.mlp.gate_up_proj	DECODE	[1,2048]	[1,22016]	9121972295	9122001521	NA	PASS
MP05	1	3346	model.layers.8.mlp.act_fn	DECODE	[1,22016]	[1,11008]	9122005855	9122018181	NA	PASS
MP05	1	3347	model.layers.8.mlp.down_proj	DECODE	[1,11008]	[1,2048]	9122021788	9122049462	NA	PASS
MP05	1	3348	model.layers.9.self_attn	DECODE	null	[1,2048]	9122067777	9122251953	NA	PASS
MP05	1	3349	model.layers.9.mlp.gate_up_proj	DECODE	[1,2048]	[1,22016]	9122272066	9122300978	NA	PASS
MP05	1	3350	model.layers.9.mlp.act_fn	DECODE	[1,22016]	[1,11008]	9122305165	9122317591	NA	PASS
MP05	1	3351	model.layers.9.mlp.down_proj	DECODE	[1,11008]	[1,2048]	9122321073	9122349158	NA	PASS
MP05	1	3352	model.layers.10.self_attn	DECODE	null	[1,2048]	9122367409	9122564364	NA	PASS
MP05	1	3353	model.layers.10.mlp.gate_up_proj	DECODE	[1,2048]	[1,22016]	9122584998	9122615646	NA	PASS
MP05	1	3354	model.layers.10.mlp.act_fn	DECODE	[1,22016]	[1,11008]	9122620292	9122633523	NA	PASS
MP05	1	3355	model.layers.10.mlp.down_proj	DECODE	[1,11008]	[1,2048]	9122637670	9122666807	NA	PASS
MP05	1	3356	model.layers.11.self_attn	DECODE	null	[1,2048]	9122686076	9122875384	NA	PASS
MP05	1	3357	model.layers.11.mlp.gate_up_proj	DECODE	[1,2048]	[1,22016]	9122894035	9122923589	NA	PASS
MP05	1	3358	model.layers.11.mlp.act_fn	DECODE	[1,22016]	[1,11008]	9122927960	9122944119	NA	PASS
MP05	1	3359	model.layers.11.mlp.down_proj	DECODE	[1,11008]	[1,2048]	9122947717	9122975214	NA	PASS
MP05	1	3360	model.layers.12.self_attn	DECODE	null	[1,2048]	9122993503	9123180425	NA	PASS
MP05	1	3361	model.layers.12.mlp.gate_up_proj	DECODE	[1,2048]	[1,22016]	9123199867	9123229435	NA	PASS
MP05	1	3362	model.layers.12.mlp.act_fn	DECODE	[1,22016]	[1,11008]	9123233979	9123247250	NA	PASS
MP05	1	3363	model.layers.12.mlp.down_proj	DECODE	[1,11008]	[1,2048]	9123250746	9123278533	NA	PASS
MP05	1	3364	model.layers.13.self_attn	DECODE	null	[1,2048]	9123297615	9123499031	NA	PASS
MP05	1	3365	model.layers.13.mlp.gate_up_proj	DECODE	[1,2048]	[1,22016]	9123517995	9123547303	NA	PASS
MP05	1	3366	model.layers.13.mlp.act_fn	DECODE	[1,22016]	[1,11008]	9123551600	9123566494	NA	PASS
MP05	1	3367	model.layers.13.mlp.down_proj	DECODE	[1,11008]	[1,2048]	9123570315	9123598136	NA	PASS
MP05	1	3368	model.layers.14.self_attn	DECODE	null	[1,2048]	9123617234	9123809184	NA	PASS
MP05	1	3369	model.layers.14.mlp.gate_up_proj	DECODE	[1,2048]	[1,22016]	9123826939	9123855549	NA	PASS
MP05	1	3370	model.layers.14.mlp.act_fn	DECODE	[1,22016]	[1,11008]	9123859739	9123872360	NA	PASS
MP05	1	3371	model.layers.14.mlp.down_proj	DECODE	[1,11008]	[1,2048]	9123875790	9123903239	NA	PASS
MP05	1	3372	model.layers.15.self_attn	DECODE	null	[1,2048]	9123921637	9124105165	NA	PASS
MP05	1	3373	model.layers.15.mlp.gate_up_proj	DECODE	[1,2048]	[1,22016]	9124122935	9124151142	NA	PASS
MP05	1	3374	model.layers.15.mlp.act_fn	DECODE	[1,22016]	[1,11008]	9124155342	9124167576	NA	PASS
MP05	1	3375	model.layers.15.mlp.down_proj	DECODE	[1,11008]	[1,2048]	9124170901	9124198872	NA	PASS
MP05	1	3376	model.layers.16.self_attn	DECODE	null	[1,2048]	9124217319	9124407969	NA	PASS
MP05	1	3377	model.layers.16.mlp.gate_up_proj	DECODE	[1,2048]	[1,22016]	9124426384	9124454710	NA	PASS
MP05	1	3378	model.layers.16.mlp.act_fn	DECODE	[1,22016]	[1,11008]	9124458821	9124475664	NA	PASS
MP05	1	3379	model.layers.16.mlp.down_proj	DECODE	[1,11008]	[1,2048]	9124479272	9124507011	NA	PASS
MP05	1	3380	model.layers.17.self_attn	DECODE	null	[1,2048]	9124525284	9124711432	NA	PASS
MP05	1	3381	model.layers.17.mlp.gate_up_proj	DECODE	[1,2048]	[1,22016]	9124729211	9124757759	NA	PASS
MP05	1	3382	model.layers.17.mlp.act_fn	DECODE	[1,22016]	[1,11008]	9124762097	9124774247	NA	PASS
MP05	1	3383	model.layers.17.mlp.down_proj	DECODE	[1,11008]	[1,2048]	9124779407	9124806860	NA	PASS
MP05	1	3384	model.layers.18.self_attn	DECODE	null	[1,2048]	9124824445	9125003376	NA	PASS
MP05	1	3385	model.layers.18.mlp.gate_up_proj	DECODE	[1,2048]	[1,22016]	9125020958	9125049568	NA	PASS
MP05	1	3386	model.layers.18.mlp.act_fn	DECODE	[1,22016]	[1,11008]	9125053650	9125065839	NA	PASS
MP05	1	3387	model.layers.18.mlp.down_proj	DECODE	[1,11008]	[1,2048]	9125069351	9125096566	NA	PASS
MP05	1	3388	model.layers.19.self_attn	DECODE	null	[1,2048]	9125114036	9125290361	NA	PASS
MP05	1	3389	model.layers.19.mlp.gate_up_proj	DECODE	[1,2048]	[1,22016]	9125307241	9125335309	NA	PASS
MP05	1	3390	model.layers.19.mlp.act_fn	DECODE	[1,22016]	[1,11008]	9125339373	9125351776	NA	PASS
MP05	1	3391	model.layers.19.mlp.down_proj	DECODE	[1,11008]	[1,2048]	9125355188	9125382920	NA	PASS
MP05	1	3392	model.layers.20.self_attn	DECODE	null	[1,2048]	9125400423	9125594040	NA	PASS
MP05	1	3393	model.layers.20.mlp.gate_up_proj	DECODE	[1,2048]	[1,22016]	9125612720	9125641643	NA	PASS
MP05	1	3394	model.layers.20.mlp.act_fn	DECODE	[1,22016]	[1,11008]	9125647735	9125660410	NA	PASS
MP05	1	3395	model.layers.20.mlp.down_proj	DECODE	[1,11008]	[1,2048]	9125664044	9125691656	NA	PASS
MP05	1	3396	model.layers.21.self_attn	DECODE	null	[1,2048]	9125709484	9125892991	NA	PASS
MP05	1	3397	model.layers.21.mlp.gate_up_proj	DECODE	[1,2048]	[1,22016]	9125910769	9125939371	NA	PASS
MP05	1	3398	model.layers.21.mlp.act_fn	DECODE	[1,22016]	[1,11008]	9125943630	9125955777	NA	PASS
MP05	1	3399	model.layers.21.mlp.down_proj	DECODE	[1,11008]	[1,2048]	9125959280	9125986223	NA	PASS
MP05	1	3400	model.layers.22.self_attn	DECODE	null	[1,2048]	9126003150	9126181892	NA	PASS
MP05	1	3401	model.layers.22.mlp.gate_up_proj	DECODE	[1,2048]	[1,22016]	9126199374	9126227643	NA	PASS
MP05	1	3402	model.layers.22.mlp.act_fn	DECODE	[1,22016]	[1,11008]	9126231709	9126243953	NA	PASS
MP05	1	3403	model.layers.22.mlp.down_proj	DECODE	[1,11008]	[1,2048]	9126247487	9126273855	NA	PASS
MP05	1	3404	model.layers.23.self_attn	DECODE	null	[1,2048]	9126291149	9126472920	NA	PASS
MP05	1	3405	model.layers.23.mlp.gate_up_proj	DECODE	[1,2048]	[1,22016]	9126490812	9126519092	NA	PASS
MP05	1	3406	model.layers.23.mlp.act_fn	DECODE	[1,22016]	[1,11008]	9126523519	9126535982	NA	PASS
MP05	1	3407	model.layers.23.mlp.down_proj	DECODE	[1,11008]	[1,2048]	9126539615	9126566592	NA	PASS
MP05	1	3408	model.layers.24.self_attn	DECODE	null	[1,2048]	9126583897	9126766193	NA	PASS
MP05	1	3409	model.layers.24.mlp.gate_up_proj	DECODE	[1,2048]	[1,22016]	9126785244	9126814475	NA	PASS
MP05	1	3410	model.layers.24.mlp.act_fn	DECODE	[1,22016]	[1,11008]	9126819090	9126832266	NA	PASS
MP05	1	3411	model.layers.24.mlp.down_proj	DECODE	[1,11008]	[1,2048]	9126835836	9126869125	NA	PASS
MP05	1	3412	model.layers.25.self_attn	DECODE	null	[1,2048]	9126887593	9127071963	NA	PASS
MP05	1	3413	model.layers.25.mlp.gate_up_proj	DECODE	[1,2048]	[1,22016]	9127094166	9127123513	NA	PASS
MP05	1	3414	model.layers.25.mlp.act_fn	DECODE	[1,22016]	[1,11008]	9127131249	9127143747	NA	PASS
MP05	1	3415	model.layers.25.mlp.down_proj	DECODE	[1,11008]	[1,2048]	9127147464	9127176450	NA	PASS
MP05	1	3416	model.layers.26.self_attn	DECODE	null	[1,2048]	9127194504	9127376473	NA	PASS
MP05	1	3417	model.layers.26.mlp.gate_up_proj	DECODE	[1,2048]	[1,22016]	9127394438	9127422622	NA	PASS
MP05	1	3418	model.layers.26.mlp.act_fn	DECODE	[1,22016]	[1,11008]	9127426770	9127439291	NA	PASS
MP05	1	3419	model.layers.26.mlp.down_proj	DECODE	[1,11008]	[1,2048]	9127444981	9127477208	NA	PASS
MP05	1	3420	model.layers.27.self_attn	DECODE	null	[1,2048]	9127495581	9127687035	NA	PASS
MP05	1	3421	model.layers.27.mlp.gate_up_proj	DECODE	[1,2048]	[1,22016]	9127705783	9127734875	NA	PASS
MP05	1	3422	model.layers.27.mlp.act_fn	DECODE	[1,22016]	[1,11008]	9127739037	9127751968	NA	PASS
MP05	1	3423	model.layers.27.mlp.down_proj	DECODE	[1,11008]	[1,2048]	9127755392	9127783243	NA	PASS
MP05	1	3424	model.layers.28.self_attn	DECODE	null	[1,2048]	9127801009	9127991970	NA	PASS
MP05	1	3425	model.layers.28.mlp.gate_up_proj	DECODE	[1,2048]	[1,22016]	9128009999	9128039069	NA	PASS
MP05	1	3426	model.layers.28.mlp.act_fn	DECODE	[1,22016]	[1,11008]	9128043355	9128056061	NA	PASS
MP05	1	3427	model.layers.28.mlp.down_proj	DECODE	[1,11008]	[1,2048]	9128059315	9128086964	NA	PASS
MP05	1	3428	model.layers.29.self_attn	DECODE	null	[1,2048]	9128104577	9128292330	NA	PASS
MP05	1	3429	model.layers.29.mlp.gate_up_proj	DECODE	[1,2048]	[1,22016]	9128310185	9128340121	NA	PASS
MP05	1	3430	model.layers.29.mlp.act_fn	DECODE	[1,22016]	[1,11008]	9128344436	9128356832	NA	PASS
MP05	1	3431	model.layers.29.mlp.down_proj	DECODE	[1,11008]	[1,2048]	9128360300	9128387291	NA	PASS
MP05	1	3432	model.layers.30.self_attn	DECODE	null	[1,2048]	9128404612	9128603564	NA	PASS
MP05	1	3433	model.layers.30.mlp.gate_up_proj	DECODE	[1,2048]	[1,22016]	9128623282	9128653506	NA	PASS
MP05	1	3434	model.layers.30.mlp.act_fn	DECODE	[1,22016]	[1,11008]	9128658145	9128671469	NA	PASS
MP05	1	3435	model.layers.30.mlp.down_proj	DECODE	[1,11008]	[1,2048]	9128675064	9128703470	NA	PASS
MP05	1	3436	model.layers.31.self_attn	DECODE	null	[1,2048]	9128722282	9128918398	NA	PASS
MP05	1	3437	model.layers.31.mlp.gate_up_proj	DECODE	[1,2048]	[1,22016]	9128937362	9128966849	NA	PASS
MP05	1	3438	model.layers.31.mlp.act_fn	DECODE	[1,22016]	[1,11008]	9128971553	9128984352	NA	PASS
MP05	1	3439	model.layers.31.mlp.down_proj	DECODE	[1,11008]	[1,2048]	9128987822	9129016074	NA	PASS
MP05	1	3440	model.layers.32.self_attn	DECODE	null	[1,2048]	9129034706	9129226937	NA	PASS
MP05	1	3441	model.layers.32.mlp.gate_up_proj	DECODE	[1,2048]	[1,22016]	9129245080	9129274089	NA	PASS
MP05	1	3442	model.layers.32.mlp.act_fn	DECODE	[1,22016]	[1,11008]	9129278400	9129291345	NA	PASS
MP05	1	3443	model.layers.32.mlp.down_proj	DECODE	[1,11008]	[1,2048]	9129295075	9129323033	NA	PASS
MP05	1	3444	model.layers.33.self_attn	DECODE	null	[1,2048]	9129340862	9129533581	NA	PASS
MP05	1	3445	model.layers.33.mlp.gate_up_proj	DECODE	[1,2048]	[1,22016]	9129551580	9129579888	NA	PASS
MP05	1	3446	model.layers.33.mlp.act_fn	DECODE	[1,22016]	[1,11008]	9129584324	9129596890	NA	PASS
MP05	1	3447	model.layers.33.mlp.down_proj	DECODE	[1,11008]	[1,2048]	9129600346	9129627405	NA	PASS
MP05	1	3448	model.layers.34.self_attn	DECODE	null	[1,2048]	9129644221	9129832516	NA	PASS
MP05	1	3449	model.layers.34.mlp.gate_up_proj	DECODE	[1,2048]	[1,22016]	9129852326	9129882027	NA	PASS
MP05	1	3450	model.layers.34.mlp.act_fn	DECODE	[1,22016]	[1,11008]	9129886552	9129899404	NA	PASS
MP05	1	3451	model.layers.34.mlp.down_proj	DECODE	[1,11008]	[1,2048]	9129903026	9129930392	NA	PASS
MP05	1	3452	model.layers.35.self_attn	DECODE	null	[1,2048]	9129948430	9130132580	NA	PASS
MP05	1	3453	model.layers.35.mlp.gate_up_proj	DECODE	[1,2048]	[1,22016]	9130151079	9130179705	NA	PASS
MP05	1	3454	model.layers.35.mlp.act_fn	DECODE	[1,22016]	[1,11008]	9130183890	9130196356	NA	PASS
MP05	1	3455	model.layers.35.mlp.down_proj	DECODE	[1,11008]	[1,2048]	9130200060	9130227727	NA	PASS
MP05	1	3456	model.layers.0.self_attn	DECODE	null	[1,2048]	9131295799	9131565461	NA	PASS
MP05	1	3457	model.layers.0.mlp.gate_up_proj	DECODE	[1,2048]	[1,22016]	9131591321	9131624685	NA	PASS
MP05	1	3458	model.layers.0.mlp.act_fn	DECODE	[1,22016]	[1,11008]	9131629788	9131647823	NA	PASS
MP05	1	3459	model.layers.0.mlp.down_proj	DECODE	[1,11008]	[1,2048]	9131652062	9131681958	NA	PASS
MP05	1	3460	model.layers.1.self_attn	DECODE	null	[1,2048]	9131702128	9131914308	NA	PASS
MP05	1	3461	model.layers.1.mlp.gate_up_proj	DECODE	[1,2048]	[1,22016]	9131934437	9131964775	NA	PASS
MP05	1	3462	model.layers.1.mlp.act_fn	DECODE	[1,22016]	[1,11008]	9131969776	9131983147	NA	PASS
MP05	1	3463	model.layers.1.mlp.down_proj	DECODE	[1,11008]	[1,2048]	9131986819	9132014531	NA	PASS
MP05	1	3464	model.layers.2.self_attn	DECODE	null	[1,2048]	9132033382	9132229937	NA	PASS
MP05	1	3465	model.layers.2.mlp.gate_up_proj	DECODE	[1,2048]	[1,22016]	9132248480	9132278044	NA	PASS
MP05	1	3466	model.layers.2.mlp.act_fn	DECODE	[1,22016]	[1,11008]	9132282481	9132295487	NA	PASS
MP05	1	3467	model.layers.2.mlp.down_proj	DECODE	[1,11008]	[1,2048]	9132299430	9132327556	NA	PASS
MP05	1	3468	model.layers.3.self_attn	DECODE	null	[1,2048]	9132346373	9132541124	NA	PASS
MP05	1	3469	model.layers.3.mlp.gate_up_proj	DECODE	[1,2048]	[1,22016]	9132559090	9132587717	NA	PASS
MP05	1	3470	model.layers.3.mlp.act_fn	DECODE	[1,22016]	[1,11008]	9132592118	9132604960	NA	PASS
MP05	1	3471	model.layers.3.mlp.down_proj	DECODE	[1,11008]	[1,2048]	9132611259	9132639044	NA	PASS
MP05	1	3472	model.layers.4.self_attn	DECODE	null	[1,2048]	9132658770	9132848992	NA	PASS
MP05	1	3473	model.layers.4.mlp.gate_up_proj	DECODE	[1,2048]	[1,22016]	9132868390	9132897930	NA	PASS
MP05	1	3474	model.layers.4.mlp.act_fn	DECODE	[1,22016]	[1,11008]	9132902244	9132915241	NA	PASS
MP05	1	3475	model.layers.4.mlp.down_proj	DECODE	[1,11008]	[1,2048]	9132918948	9132947530	NA	PASS
MP05	1	3476	model.layers.5.self_attn	DECODE	null	[1,2048]	9132966050	9133157912	NA	PASS
MP05	1	3477	model.layers.5.mlp.gate_up_proj	DECODE	[1,2048]	[1,22016]	9133175881	9133204497	NA	PASS
MP05	1	3478	model.layers.5.mlp.act_fn	DECODE	[1,22016]	[1,11008]	9133208612	9133221071	NA	PASS
MP05	1	3479	model.layers.5.mlp.down_proj	DECODE	[1,11008]	[1,2048]	9133224421	9133251275	NA	PASS
MP05	1	3480	model.layers.6.self_attn	DECODE	null	[1,2048]	9133269390	9133454697	NA	PASS
MP05	1	3481	model.layers.6.mlp.gate_up_proj	DECODE	[1,2048]	[1,22016]	9133476516	9133504953	NA	PASS
MP05	1	3482	model.layers.6.mlp.act_fn	DECODE	[1,22016]	[1,11008]	9133509173	9133521699	NA	PASS
MP05	1	3483	model.layers.6.mlp.down_proj	DECODE	[1,11008]	[1,2048]	9133525121	9133552406	NA	PASS
MP05	1	3484	model.layers.7.self_attn	DECODE	null	[1,2048]	9133569910	9133751290	NA	PASS
MP05	1	3485	model.layers.7.mlp.gate_up_proj	DECODE	[1,2048]	[1,22016]	9133768860	9133797349	NA	PASS
MP05	1	3486	model.layers.7.mlp.act_fn	DECODE	[1,22016]	[1,11008]	9133801389	9133813945	NA	PASS
MP05	1	3487	model.layers.7.mlp.down_proj	DECODE	[1,11008]	[1,2048]	9133819737	9133847411	NA	PASS
MP05	1	3488	model.layers.8.self_attn	DECODE	null	[1,2048]	9133865806	9134059080	NA	PASS
MP05	1	3489	model.layers.8.mlp.gate_up_proj	DECODE	[1,2048]	[1,22016]	9134076888	9134105721	NA	PASS
MP05	1	3490	model.layers.8.mlp.act_fn	DECODE	[1,22016]	[1,11008]	9134110066	9134122595	NA	PASS
MP05	1	3491	model.layers.8.mlp.down_proj	DECODE	[1,11008]	[1,2048]	9134126120	9134153800	NA	PASS
MP05	1	3492	model.layers.9.self_attn	DECODE	null	[1,2048]	9134171474	9134359465	NA	PASS
MP05	1	3493	model.layers.9.mlp.gate_up_proj	DECODE	[1,2048]	[1,22016]	9134377719	9134407025	NA	PASS
MP05	1	3494	model.layers.9.mlp.act_fn	DECODE	[1,22016]	[1,11008]	9134411077	9134423715	NA	PASS
MP05	1	3495	model.layers.9.mlp.down_proj	DECODE	[1,11008]	[1,2048]	9134427178	9134454822	NA	PASS
MP05	1	3496	model.layers.10.self_attn	DECODE	null	[1,2048]	9134476594	9134661401	NA	PASS
MP05	1	3497	model.layers.10.mlp.gate_up_proj	DECODE	[1,2048]	[1,22016]	9134679021	9134707631	NA	PASS
MP05	1	3498	model.layers.10.mlp.act_fn	DECODE	[1,22016]	[1,11008]	9134711792	9134723943	NA	PASS
MP05	1	3499	model.layers.10.mlp.down_proj	DECODE	[1,11008]	[1,2048]	9134727573	9134754640	NA	PASS
MP05	1	3500	model.layers.11.self_attn	DECODE	null	[1,2048]	9134772200	9134954981	NA	PASS
MP05	1	3501	model.layers.11.mlp.gate_up_proj	DECODE	[1,2048]	[1,22016]	9134972809	9135001286	NA	PASS
MP05	1	3502	model.layers.11.mlp.act_fn	DECODE	[1,22016]	[1,11008]	9135005469	9135019713	NA	PASS
MP05	1	3503	model.layers.11.mlp.down_proj	DECODE	[1,11008]	[1,2048]	9135023137	9135051038	NA	PASS
MP05	1	3504	model.layers.12.self_attn	DECODE	null	[1,2048]	9135069954	9135304976	NA	PASS
MP05	1	3505	model.layers.12.mlp.gate_up_proj	DECODE	[1,2048]	[1,22016]	9135324763	9135354682	NA	PASS
MP05	1	3506	model.layers.12.mlp.act_fn	DECODE	[1,22016]	[1,11008]	9135358956	9135371959	NA	PASS
MP05	1	3507	model.layers.12.mlp.down_proj	DECODE	[1,11008]	[1,2048]	9135375663	9135403154	NA	PASS
MP05	1	3508	model.layers.13.self_attn	DECODE	null	[1,2048]	9135420887	9135616381	NA	PASS
MP05	1	3509	model.layers.13.mlp.gate_up_proj	DECODE	[1,2048]	[1,22016]	9135634853	9135663470	NA	PASS
MP05	1	3510	model.layers.13.mlp.act_fn	DECODE	[1,22016]	[1,11008]	9135667740	9135680068	NA	PASS
MP05	1	3511	model.layers.13.mlp.down_proj	DECODE	[1,11008]	[1,2048]	9135683592	9135711105	NA	PASS
MP05	1	3512	model.layers.14.self_attn	DECODE	null	[1,2048]	9135728482	9135908667	NA	PASS
MP05	1	3513	model.layers.14.mlp.gate_up_proj	DECODE	[1,2048]	[1,22016]	9135925964	9135954250	NA	PASS
MP05	1	3514	model.layers.14.mlp.act_fn	DECODE	[1,22016]	[1,11008]	9135958445	9135970574	NA	PASS
MP05	1	3515	model.layers.14.mlp.down_proj	DECODE	[1,11008]	[1,2048]	9135974200	9136001910	NA	PASS
MP05	1	3516	model.layers.15.self_attn	DECODE	null	[1,2048]	9136019136	9136197323	NA	PASS
MP05	1	3517	model.layers.15.mlp.gate_up_proj	DECODE	[1,2048]	[1,22016]	9136214518	9136243691	NA	PASS
MP05	1	3518	model.layers.15.mlp.act_fn	DECODE	[1,22016]	[1,11008]	9136247800	9136260191	NA	PASS
MP05	1	3519	model.layers.15.mlp.down_proj	DECODE	[1,11008]	[1,2048]	9136265856	9136294147	NA	PASS
MP05	1	3520	model.layers.16.self_attn	DECODE	null	[1,2048]	9136314664	9136509351	NA	PASS
MP05	1	3521	model.layers.16.mlp.gate_up_proj	DECODE	[1,2048]	[1,22016]	9136527400	9136555894	NA	PASS
MP05	1	3522	model.layers.16.mlp.act_fn	DECODE	[1,22016]	[1,11008]	9136560109	9136572948	NA	PASS
MP05	1	3523	model.layers.16.mlp.down_proj	DECODE	[1,11008]	[1,2048]	9136576279	9136603184	NA	PASS
MP05	1	3524	model.layers.17.self_attn	DECODE	null	[1,2048]	9136620260	9136804301	NA	PASS
MP05	1	3525	model.layers.17.mlp.gate_up_proj	DECODE	[1,2048]	[1,22016]	9136821634	9136850383	NA	PASS
MP05	1	3526	model.layers.17.mlp.act_fn	DECODE	[1,22016]	[1,11008]	9136854517	9136866872	NA	PASS
MP05	1	3527	model.layers.17.mlp.down_proj	DECODE	[1,11008]	[1,2048]	9136870193	9136897615	NA	PASS
MP05	1	3528	model.layers.18.self_attn	DECODE	null	[1,2048]	9136915235	9137093288	NA	PASS
MP05	1	3529	model.layers.18.mlp.gate_up_proj	DECODE	[1,2048]	[1,22016]	9137110140	9137138242	NA	PASS
MP05	1	3530	model.layers.18.mlp.act_fn	DECODE	[1,22016]	[1,11008]	9137142607	9137154856	NA	PASS
MP05	1	3531	model.layers.18.mlp.down_proj	DECODE	[1,11008]	[1,2048]	9137160594	9137187653	NA	PASS
MP05	1	3532	model.layers.19.self_attn	DECODE	null	[1,2048]	9137204410	9137385878	NA	PASS
MP05	1	3533	model.layers.19.mlp.gate_up_proj	DECODE	[1,2048]	[1,22016]	9137403911	9137432965	NA	PASS
MP05	1	3534	model.layers.19.mlp.act_fn	DECODE	[1,22016]	[1,11008]	9137437411	9137449908	NA	PASS
MP05	1	3535	model.layers.19.mlp.down_proj	DECODE	[1,11008]	[1,2048]	9137453374	9137489015	NA	PASS
MP05	1	3536	model.layers.20.self_attn	DECODE	null	[1,2048]	9137508891	9137705751	NA	PASS
MP05	1	3537	model.layers.20.mlp.gate_up_proj	DECODE	[1,2048]	[1,22016]	9137724389	9137753376	NA	PASS
MP05	1	3538	model.layers.20.mlp.act_fn	DECODE	[1,22016]	[1,11008]	9137757863	9137770438	NA	PASS
MP05	1	3539	model.layers.20.mlp.down_proj	DECODE	[1,11008]	[1,2048]	9137774131	9137801634	NA	PASS
MP05	1	3540	model.layers.21.self_attn	DECODE	null	[1,2048]	9137819959	9138006985	NA	PASS
MP05	1	3541	model.layers.21.mlp.gate_up_proj	DECODE	[1,2048]	[1,22016]	9138024965	9138054034	NA	PASS
MP05	1	3542	model.layers.21.mlp.act_fn	DECODE	[1,22016]	[1,11008]	9138058237	9138073186	NA	PASS
MP05	1	3543	model.layers.21.mlp.down_proj	DECODE	[1,11008]	[1,2048]	9138076625	9138104627	NA	PASS
MP05	1	3544	model.layers.22.self_attn	DECODE	null	[1,2048]	9138121912	9138305831	NA	PASS
MP05	1	3545	model.layers.22.mlp.gate_up_proj	DECODE	[1,2048]	[1,22016]	9138324055	9138353755	NA	PASS
MP05	1	3546	model.layers.22.mlp.act_fn	DECODE	[1,22016]	[1,11008]	9138358013	9138370521	NA	PASS
MP05	1	3547	model.layers.22.mlp.down_proj	DECODE	[1,11008]	[1,2048]	9138373941	9138401786	NA	PASS
MP05	1	3548	model.layers.23.self_attn	DECODE	null	[1,2048]	9138419739	9138614063	NA	PASS
MP05	1	3549	model.layers.23.mlp.gate_up_proj	DECODE	[1,2048]	[1,22016]	9138633748	9138664569	NA	PASS
MP05	1	3550	model.layers.23.mlp.act_fn	DECODE	[1,22016]	[1,11008]	9138669184	9138682354	NA	PASS
MP05	1	3551	model.layers.23.mlp.down_proj	DECODE	[1,11008]	[1,2048]	9138685935	9138714236	NA	PASS
MP05	1	3552	model.layers.24.self_attn	DECODE	null	[1,2048]	9138735439	9138925272	NA	PASS
MP05	1	3553	model.layers.24.mlp.gate_up_proj	DECODE	[1,2048]	[1,22016]	9138943987	9138973210	NA	PASS
MP05	1	3554	model.layers.24.mlp.act_fn	DECODE	[1,22016]	[1,11008]	9138977830	9138990774	NA	PASS
MP05	1	3555	model.layers.24.mlp.down_proj	DECODE	[1,11008]	[1,2048]	9138994440	9139022745	NA	PASS
MP05	1	3556	model.layers.25.self_attn	DECODE	null	[1,2048]	9139040737	9139222928	NA	PASS
MP05	1	3557	model.layers.25.mlp.gate_up_proj	DECODE	[1,2048]	[1,22016]	9139240966	9139270395	NA	PASS
MP05	1	3558	model.layers.25.mlp.act_fn	DECODE	[1,22016]	[1,11008]	9139274486	9139287511	NA	PASS
MP05	1	3559	model.layers.25.mlp.down_proj	DECODE	[1,11008]	[1,2048]	9139291181	9139319017	NA	PASS
MP05	1	3560	model.layers.26.self_attn	DECODE	null	[1,2048]	9139336907	9139530273	NA	PASS
MP05	1	3561	model.layers.26.mlp.gate_up_proj	DECODE	[1,2048]	[1,22016]	9139549719	9139579402	NA	PASS
MP05	1	3562	model.layers.26.mlp.act_fn	DECODE	[1,22016]	[1,11008]	9139583955	9139597254	NA	PASS
MP05	1	3563	model.layers.26.mlp.down_proj	DECODE	[1,11008]	[1,2048]	9139600892	9139629182	NA	PASS
MP05	1	3564	model.layers.27.self_attn	DECODE	null	[1,2048]	9139647985	9139835005	NA	PASS
MP05	1	3565	model.layers.27.mlp.gate_up_proj	DECODE	[1,2048]	[1,22016]	9139853187	9139882350	NA	PASS
MP05	1	3566	model.layers.27.mlp.act_fn	DECODE	[1,22016]	[1,11008]	9139886531	9139899128	NA	PASS
MP05	1	3567	model.layers.27.mlp.down_proj	DECODE	[1,11008]	[1,2048]	9139903253	9139930591	NA	PASS
MP05	1	3568	model.layers.28.self_attn	DECODE	null	[1,2048]	9139951196	9140135921	NA	PASS
MP05	1	3569	model.layers.28.mlp.gate_up_proj	DECODE	[1,2048]	[1,22016]	9140153649	9140182370	NA	PASS
MP05	1	3570	model.layers.28.mlp.act_fn	DECODE	[1,22016]	[1,11008]	9140186915	9140199873	NA	PASS
MP05	1	3571	model.layers.28.mlp.down_proj	DECODE	[1,11008]	[1,2048]	9140203597	9140232367	NA	PASS
MP05	1	3572	model.layers.29.self_attn	DECODE	null	[1,2048]	9140250426	9140440880	NA	PASS
MP05	1	3573	model.layers.29.mlp.gate_up_proj	DECODE	[1,2048]	[1,22016]	9140458983	9140491813	NA	PASS
MP05	1	3574	model.layers.29.mlp.act_fn	DECODE	[1,22016]	[1,11008]	9140496073	9140510891	NA	PASS
MP05	1	3575	model.layers.29.mlp.down_proj	DECODE	[1,11008]	[1,2048]	9140514462	9140542532	NA	PASS
MP05	1	3576	model.layers.30.self_attn	DECODE	null	[1,2048]	9140560843	9140745968	NA	PASS
MP05	1	3577	model.layers.30.mlp.gate_up_proj	DECODE	[1,2048]	[1,22016]	9140764632	9140793972	NA	PASS
MP05	1	3578	model.layers.30.mlp.act_fn	DECODE	[1,22016]	[1,11008]	9140798223	9140810676	NA	PASS
MP05	1	3579	model.layers.30.mlp.down_proj	DECODE	[1,11008]	[1,2048]	9140814086	9140842141	NA	PASS
MP05	1	3580	model.layers.31.self_attn	DECODE	null	[1,2048]	9140860231	9141046531	NA	PASS
MP05	1	3581	model.layers.31.mlp.gate_up_proj	DECODE	[1,2048]	[1,22016]	9141064519	9141093797	NA	PASS
MP05	1	3582	model.layers.31.mlp.act_fn	DECODE	[1,22016]	[1,11008]	9141098068	9141112909	NA	PASS
MP05	1	3583	model.layers.31.mlp.down_proj	DECODE	[1,11008]	[1,2048]	9141116464	9141144044	NA	PASS
MP05	1	3584	model.layers.32.self_attn	DECODE	null	[1,2048]	9141164453	9141352310	NA	PASS
MP05	1	3585	model.layers.32.mlp.gate_up_proj	DECODE	[1,2048]	[1,22016]	9141372909	9141405735	NA	PASS
MP05	1	3586	model.layers.32.mlp.act_fn	DECODE	[1,22016]	[1,11008]	9141410293	9141428045	NA	PASS
MP05	1	3587	model.layers.32.mlp.down_proj	DECODE	[1,11008]	[1,2048]	9141431730	9141464452	NA	PASS
MP05	1	3588	model.layers.33.self_attn	DECODE	null	[1,2048]	9141484374	9141675247	NA	PASS
MP05	1	3589	model.layers.33.mlp.gate_up_proj	DECODE	[1,2048]	[1,22016]	9141693936	9141723217	NA	PASS
MP05	1	3590	model.layers.33.mlp.act_fn	DECODE	[1,22016]	[1,11008]	9141727532	9141740739	NA	PASS
MP05	1	3591	model.layers.33.mlp.down_proj	DECODE	[1,11008]	[1,2048]	9141744294	9141771955	NA	PASS
MP05	1	3592	model.layers.34.self_attn	DECODE	null	[1,2048]	9141790241	9141972967	NA	PASS
MP05	1	3593	model.layers.34.mlp.gate_up_proj	DECODE	[1,2048]	[1,22016]	9141990929	9142020042	NA	PASS
MP05	1	3594	model.layers.34.mlp.act_fn	DECODE	[1,22016]	[1,11008]	9142024275	9142037033	NA	PASS
MP05	1	3595	model.layers.34.mlp.down_proj	DECODE	[1,11008]	[1,2048]	9142040550	9142068848	NA	PASS
MP05	1	3596	model.layers.35.self_attn	DECODE	null	[1,2048]	9142087381	9142275015	NA	PASS
MP05	1	3597	model.layers.35.mlp.gate_up_proj	DECODE	[1,2048]	[1,22016]	9142293795	9142323656	NA	PASS
MP05	1	3598	model.layers.35.mlp.act_fn	DECODE	[1,22016]	[1,11008]	9142328100	9142340952	NA	PASS
MP05	1	3599	model.layers.35.mlp.down_proj	DECODE	[1,11008]	[1,2048]	9142344439	9142372229	NA	PASS
MP05	1	3600	model.layers.0.self_attn	DECODE	null	[1,2048]	9143430409	9143699490	NA	PASS
MP05	1	3601	model.layers.0.mlp.gate_up_proj	DECODE	[1,2048]	[1,22016]	9143724855	9143758108	NA	PASS
MP05	1	3602	model.layers.0.mlp.act_fn	DECODE	[1,22016]	[1,11008]	9143763218	9143778034	NA	PASS
MP05	1	3603	model.layers.0.mlp.down_proj	DECODE	[1,11008]	[1,2048]	9143782196	9143812402	NA	PASS
MP05	1	3604	model.layers.1.self_attn	DECODE	null	[1,2048]	9143832703	9144049926	NA	PASS
MP05	1	3605	model.layers.1.mlp.gate_up_proj	DECODE	[1,2048]	[1,22016]	9144071640	9144103447	NA	PASS
MP05	1	3606	model.layers.1.mlp.act_fn	DECODE	[1,22016]	[1,11008]	9144108286	9144121874	NA	PASS
MP05	1	3607	model.layers.1.mlp.down_proj	DECODE	[1,11008]	[1,2048]	9144125576	9144158249	NA	PASS
MP05	1	3608	model.layers.2.self_attn	DECODE	null	[1,2048]	9144177833	9144379607	NA	PASS
MP05	1	3609	model.layers.2.mlp.gate_up_proj	DECODE	[1,2048]	[1,22016]	9144399298	9144428541	NA	PASS
MP05	1	3610	model.layers.2.mlp.act_fn	DECODE	[1,22016]	[1,11008]	9144432880	9144445587	NA	PASS
MP05	1	3611	model.layers.2.mlp.down_proj	DECODE	[1,11008]	[1,2048]	9144449208	9144544974	NA	PASS
MP05	1	3612	model.layers.3.self_attn	DECODE	null	[1,2048]	9144564322	9144769576	NA	PASS
MP05	1	3613	model.layers.3.mlp.gate_up_proj	DECODE	[1,2048]	[1,22016]	9144788412	9144817489	NA	PASS
MP05	1	3614	model.layers.3.mlp.act_fn	DECODE	[1,22016]	[1,11008]	9144821892	9144836494	NA	PASS
MP05	1	3615	model.layers.3.mlp.down_proj	DECODE	[1,11008]	[1,2048]	9144841424	9144870099	NA	PASS
MP05	1	3616	model.layers.4.self_attn	DECODE	null	[1,2048]	9144888166	9145078279	NA	PASS
MP05	1	3617	model.layers.4.mlp.gate_up_proj	DECODE	[1,2048]	[1,22016]	9145096167	9145124825	NA	PASS
MP05	1	3618	model.layers.4.mlp.act_fn	DECODE	[1,22016]	[1,11008]	9145129300	9145141697	NA	PASS
MP05	1	3619	model.layers.4.mlp.down_proj	DECODE	[1,11008]	[1,2048]	9145145198	9145172740	NA	PASS
MP05	1	3620	model.layers.5.self_attn	DECODE	null	[1,2048]	9145190590	9145375894	NA	PASS
MP05	1	3621	model.layers.5.mlp.gate_up_proj	DECODE	[1,2048]	[1,22016]	9145393734	9145422796	NA	PASS
MP05	1	3622	model.layers.5.mlp.act_fn	DECODE	[1,22016]	[1,11008]	9145429192	9145442033	NA	PASS
MP05	1	3623	model.layers.5.mlp.down_proj	DECODE	[1,11008]	[1,2048]	9145445815	9145477449	NA	PASS
MP05	1	3624	model.layers.6.self_attn	DECODE	null	[1,2048]	9145495578	9145688636	NA	PASS
MP05	1	3625	model.layers.6.mlp.gate_up_proj	DECODE	[1,2048]	[1,22016]	9145708929	9145739503	NA	PASS
MP05	1	3626	model.layers.6.mlp.act_fn	DECODE	[1,22016]	[1,11008]	9145744074	9145756891	NA	PASS
MP05	1	3627	model.layers.6.mlp.down_proj	DECODE	[1,11008]	[1,2048]	9145760366	9145788102	NA	PASS
MP05	1	3628	model.layers.7.self_attn	DECODE	null	[1,2048]	9145806908	9146001716	NA	PASS
MP05	1	3629	model.layers.7.mlp.gate_up_proj	DECODE	[1,2048]	[1,22016]	9146020563	9146049613	NA	PASS
MP05	1	3630	model.layers.7.mlp.act_fn	DECODE	[1,22016]	[1,11008]	9146054131	9146067172	NA	PASS
MP05	1	3631	model.layers.7.mlp.down_proj	DECODE	[1,11008]	[1,2048]	9146070770	9146098170	NA	PASS
MP05	1	3632	model.layers.8.self_attn	DECODE	null	[1,2048]	9146116279	9146298809	NA	PASS
MP05	1	3633	model.layers.8.mlp.gate_up_proj	DECODE	[1,2048]	[1,22016]	9146316963	9146345554	NA	PASS
MP05	1	3634	model.layers.8.mlp.act_fn	DECODE	[1,22016]	[1,11008]	9146349696	9146361808	NA	PASS
MP05	1	3635	model.layers.8.mlp.down_proj	DECODE	[1,11008]	[1,2048]	9146365315	9146392320	NA	PASS
MP05	1	3636	model.layers.9.self_attn	DECODE	null	[1,2048]	9146410234	9146608723	NA	PASS
MP05	1	3637	model.layers.9.mlp.gate_up_proj	DECODE	[1,2048]	[1,22016]	9146628551	9146659067	NA	PASS
MP05	1	3638	model.layers.9.mlp.act_fn	DECODE	[1,22016]	[1,11008]	9146663525	9146676346	NA	PASS
MP05	1	3639	model.layers.9.mlp.down_proj	DECODE	[1,11008]	[1,2048]	9146679895	9146708233	NA	PASS
MP05	1	3640	model.layers.10.self_attn	DECODE	null	[1,2048]	9146727178	9146913102	NA	PASS
MP05	1	3641	model.layers.10.mlp.gate_up_proj	DECODE	[1,2048]	[1,22016]	9146935766	9146965121	NA	PASS
MP05	1	3642	model.layers.10.mlp.act_fn	DECODE	[1,22016]	[1,11008]	9146969405	9146981820	NA	PASS
MP05	1	3643	model.layers.10.mlp.down_proj	DECODE	[1,11008]	[1,2048]	9146985188	9147012244	NA	PASS
MP05	1	3644	model.layers.11.self_attn	DECODE	null	[1,2048]	9147029977	9147213131	NA	PASS
MP05	1	3645	model.layers.11.mlp.gate_up_proj	DECODE	[1,2048]	[1,22016]	9147231282	9147260124	NA	PASS
MP05	1	3646	model.layers.11.mlp.act_fn	DECODE	[1,22016]	[1,11008]	9147266106	9147278664	NA	PASS
MP05	1	3647	model.layers.11.mlp.down_proj	DECODE	[1,11008]	[1,2048]	9147282197	9147309475	NA	PASS
MP05	1	3648	model.layers.12.self_attn	DECODE	null	[1,2048]	9147327557	9147513998	NA	PASS
MP05	1	3649	model.layers.12.mlp.gate_up_proj	DECODE	[1,2048]	[1,22016]	9147531920	9147563007	NA	PASS
MP05	1	3650	model.layers.12.mlp.act_fn	DECODE	[1,22016]	[1,11008]	9147567399	9147580235	NA	PASS
MP05	1	3651	model.layers.12.mlp.down_proj	DECODE	[1,11008]	[1,2048]	9147583946	9147612068	NA	PASS
MP05	1	3652	model.layers.13.self_attn	DECODE	null	[1,2048]	9147630956	9147828505	NA	PASS
MP05	1	3653	model.layers.13.mlp.gate_up_proj	DECODE	[1,2048]	[1,22016]	9147847597	9147877291	NA	PASS
MP05	1	3654	model.layers.13.mlp.act_fn	DECODE	[1,22016]	[1,11008]	9147881739	9147894262	NA	PASS
MP05	1	3655	model.layers.13.mlp.down_proj	DECODE	[1,11008]	[1,2048]	9147897737	9147925919	NA	PASS
MP05	1	3656	model.layers.14.self_attn	DECODE	null	[1,2048]	9147944181	9148131718	NA	PASS
MP05	1	3657	model.layers.14.mlp.gate_up_proj	DECODE	[1,2048]	[1,22016]	9148149819	9148179113	NA	PASS
MP05	1	3658	model.layers.14.mlp.act_fn	DECODE	[1,22016]	[1,11008]	9148183590	9148196023	NA	PASS
MP05	1	3659	model.layers.14.mlp.down_proj	DECODE	[1,11008]	[1,2048]	9148199851	9148227646	NA	PASS
MP05	1	3660	model.layers.15.self_attn	DECODE	null	[1,2048]	9148245738	9148437152	NA	PASS
MP05	1	3661	model.layers.15.mlp.gate_up_proj	DECODE	[1,2048]	[1,22016]	9148469436	9148500702	NA	PASS
MP05	1	3662	model.layers.15.mlp.act_fn	DECODE	[1,22016]	[1,11008]	9148505052	9148517817	NA	PASS
MP05	1	3663	model.layers.15.mlp.down_proj	DECODE	[1,11008]	[1,2048]	9148521680	9148549487	NA	PASS
MP05	1	3664	model.layers.16.self_attn	DECODE	null	[1,2048]	9148568029	9148760712	NA	PASS
MP05	1	3665	model.layers.16.mlp.gate_up_proj	DECODE	[1,2048]	[1,22016]	9148779750	9148809763	NA	PASS
MP05	1	3666	model.layers.16.mlp.act_fn	DECODE	[1,22016]	[1,11008]	9148814459	9148827414	NA	PASS
MP05	1	3667	model.layers.16.mlp.down_proj	DECODE	[1,11008]	[1,2048]	9148831113	9148860280	NA	PASS
MP05	1	3668	model.layers.17.self_attn	DECODE	null	[1,2048]	9148879097	9149074902	NA	PASS
MP05	1	3669	model.layers.17.mlp.gate_up_proj	DECODE	[1,2048]	[1,22016]	9149093176	9149122358	NA	PASS
MP05	1	3670	model.layers.17.mlp.act_fn	DECODE	[1,22016]	[1,11008]	9149129051	9149142699	NA	PASS
MP05	1	3671	model.layers.17.mlp.down_proj	DECODE	[1,11008]	[1,2048]	9149146242	9149174397	NA	PASS
MP05	1	3672	model.layers.18.self_attn	DECODE	null	[1,2048]	9149193038	9149381344	NA	PASS
MP05	1	3673	model.layers.18.mlp.gate_up_proj	DECODE	[1,2048]	[1,22016]	9149399070	9149427763	NA	PASS
MP05	1	3674	model.layers.18.mlp.act_fn	DECODE	[1,22016]	[1,11008]	9149432107	9149444697	NA	PASS
MP05	1	3675	model.layers.18.mlp.down_proj	DECODE	[1,11008]	[1,2048]	9149448356	9149480971	NA	PASS
MP05	1	3676	model.layers.19.self_attn	DECODE	null	[1,2048]	9149499237	9149750326	NA	PASS
MP05	1	3677	model.layers.19.mlp.gate_up_proj	DECODE	[1,2048]	[1,22016]	9149772697	9149804797	NA	PASS
MP05	1	3678	model.layers.19.mlp.act_fn	DECODE	[1,22016]	[1,11008]	9149809864	9149824488	NA	PASS
MP05	1	3679	model.layers.19.mlp.down_proj	DECODE	[1,11008]	[1,2048]	9149828386	9149857667	NA	PASS
MP05	1	3680	model.layers.20.self_attn	DECODE	null	[1,2048]	9149878338	9150086201	NA	PASS
MP05	1	3681	model.layers.20.mlp.gate_up_proj	DECODE	[1,2048]	[1,22016]	9150105048	9150134420	NA	PASS
MP05	1	3682	model.layers.20.mlp.act_fn	DECODE	[1,22016]	[1,11008]	9150138744	9150151551	NA	PASS
MP05	1	3683	model.layers.20.mlp.down_proj	DECODE	[1,11008]	[1,2048]	9150154937	9150182826	NA	PASS
MP05	1	3684	model.layers.21.self_attn	DECODE	null	[1,2048]	9150201277	9150390282	NA	PASS
MP05	1	3685	model.layers.21.mlp.gate_up_proj	DECODE	[1,2048]	[1,22016]	9150408356	9150437094	NA	PASS
MP05	1	3686	model.layers.21.mlp.act_fn	DECODE	[1,22016]	[1,11008]	9150441512	9150453881	NA	PASS
MP05	1	3687	model.layers.21.mlp.down_proj	DECODE	[1,11008]	[1,2048]	9150457373	9150490265	NA	PASS
MP05	1	3688	model.layers.22.self_attn	DECODE	null	[1,2048]	9150513501	9150704111	NA	PASS
MP05	1	3689	model.layers.22.mlp.gate_up_proj	DECODE	[1,2048]	[1,22016]	9150722259	9150751815	NA	PASS
MP05	1	3690	model.layers.22.mlp.act_fn	DECODE	[1,22016]	[1,11008]	9150756379	9150769119	NA	PASS
MP05	1	3691	model.layers.22.mlp.down_proj	DECODE	[1,11008]	[1,2048]	9150772610	9150800635	NA	PASS
MP05	1	3692	model.layers.23.self_attn	DECODE	null	[1,2048]	9150818876	9151018628	NA	PASS
MP05	1	3693	model.layers.23.mlp.gate_up_proj	DECODE	[1,2048]	[1,22016]	9151038018	9151067781	NA	PASS
MP05	1	3694	model.layers.23.mlp.act_fn	DECODE	[1,22016]	[1,11008]	9151072230	9151084882	NA	PASS
MP05	1	3695	model.layers.23.mlp.down_proj	DECODE	[1,11008]	[1,2048]	9151088593	9151117713	NA	PASS
MP05	1	3696	model.layers.24.self_attn	DECODE	null	[1,2048]	9151136406	9151325778	NA	PASS
MP05	1	3697	model.layers.24.mlp.gate_up_proj	DECODE	[1,2048]	[1,22016]	9151344064	9151373816	NA	PASS
MP05	1	3698	model.layers.24.mlp.act_fn	DECODE	[1,22016]	[1,11008]	9151378312	9151391515	NA	PASS
MP05	1	3699	model.layers.24.mlp.down_proj	DECODE	[1,11008]	[1,2048]	9151395188	9151423682	NA	PASS
MP05	1	3700	model.layers.25.self_attn	DECODE	null	[1,2048]	9151442050	9151634311	NA	PASS
MP05	1	3701	model.layers.25.mlp.gate_up_proj	DECODE	[1,2048]	[1,22016]	9151652860	9151682472	NA	PASS
MP05	1	3702	model.layers.25.mlp.act_fn	DECODE	[1,22016]	[1,11008]	9151686694	9151699307	NA	PASS
MP05	1	3703	model.layers.25.mlp.down_proj	DECODE	[1,11008]	[1,2048]	9151703065	9151730661	NA	PASS
MP05	1	3704	model.layers.26.self_attn	DECODE	null	[1,2048]	9151750856	9151932964	NA	PASS
MP05	1	3705	model.layers.26.mlp.gate_up_proj	DECODE	[1,2048]	[1,22016]	9151950618	9151979922	NA	PASS
MP05	1	3706	model.layers.26.mlp.act_fn	DECODE	[1,22016]	[1,11008]	9151984045	9151996697	NA	PASS
MP05	1	3707	model.layers.26.mlp.down_proj	DECODE	[1,11008]	[1,2048]	9152000336	9152030847	NA	PASS
MP05	1	3708	model.layers.27.self_attn	DECODE	null	[1,2048]	9152049895	9152245680	NA	PASS
MP05	1	3709	model.layers.27.mlp.gate_up_proj	DECODE	[1,2048]	[1,22016]	9152263496	9152292135	NA	PASS
MP05	1	3710	model.layers.27.mlp.act_fn	DECODE	[1,22016]	[1,11008]	9152298284	9152310819	NA	PASS
MP05	1	3711	model.layers.27.mlp.down_proj	DECODE	[1,11008]	[1,2048]	9152314466	9152341768	NA	PASS
MP05	1	3712	model.layers.28.self_attn	DECODE	null	[1,2048]	9152359532	9152549744	NA	PASS
MP05	1	3713	model.layers.28.mlp.gate_up_proj	DECODE	[1,2048]	[1,22016]	9152567605	9152595971	NA	PASS
MP05	1	3714	model.layers.28.mlp.act_fn	DECODE	[1,22016]	[1,11008]	9152600415	9152612736	NA	PASS
MP05	1	3715	model.layers.28.mlp.down_proj	DECODE	[1,11008]	[1,2048]	9152616258	9152643732	NA	PASS
MP05	1	3716	model.layers.29.self_attn	DECODE	null	[1,2048]	9152661201	9152839644	NA	PASS
MP05	1	3717	model.layers.29.mlp.gate_up_proj	DECODE	[1,2048]	[1,22016]	9152857099	9152885359	NA	PASS
MP05	1	3718	model.layers.29.mlp.act_fn	DECODE	[1,22016]	[1,11008]	9152889530	9152901571	NA	PASS
MP05	1	3719	model.layers.29.mlp.down_proj	DECODE	[1,11008]	[1,2048]	9152905012	9152932073	NA	PASS
MP05	1	3720	model.layers.30.self_attn	DECODE	null	[1,2048]	9152949744	9153132940	NA	PASS
MP05	1	3721	model.layers.30.mlp.gate_up_proj	DECODE	[1,2048]	[1,22016]	9153151078	9153180511	NA	PASS
MP05	1	3722	model.layers.30.mlp.act_fn	DECODE	[1,22016]	[1,11008]	9153184910	9153197469	NA	PASS
MP05	1	3723	model.layers.30.mlp.down_proj	DECODE	[1,11008]	[1,2048]	9153200917	9153228839	NA	PASS
MP05	1	3724	model.layers.31.self_attn	DECODE	null	[1,2048]	9153247211	9153441957	NA	PASS
MP05	1	3725	model.layers.31.mlp.gate_up_proj	DECODE	[1,2048]	[1,22016]	9153463513	9153492960	NA	PASS
MP05	1	3726	model.layers.31.mlp.act_fn	DECODE	[1,22016]	[1,11008]	9153497290	9153509748	NA	PASS
MP05	1	3727	model.layers.31.mlp.down_proj	DECODE	[1,11008]	[1,2048]	9153513115	9153540589	NA	PASS
MP05	1	3728	model.layers.32.self_attn	DECODE	null	[1,2048]	9153558224	9153743783	NA	PASS
MP05	1	3729	model.layers.32.mlp.gate_up_proj	DECODE	[1,2048]	[1,22016]	9153761767	9153790881	NA	PASS
MP05	1	3730	model.layers.32.mlp.act_fn	DECODE	[1,22016]	[1,11008]	9153794935	9153807999	NA	PASS
MP05	1	3731	model.layers.32.mlp.down_proj	DECODE	[1,11008]	[1,2048]	9153811500	9153839192	NA	PASS
MP05	1	3732	model.layers.33.self_attn	DECODE	null	[1,2048]	9153857331	9154038610	NA	PASS
MP05	1	3733	model.layers.33.mlp.gate_up_proj	DECODE	[1,2048]	[1,22016]	9154055900	9154085025	NA	PASS
MP05	1	3734	model.layers.33.mlp.act_fn	DECODE	[1,22016]	[1,11008]	9154089260	9154101456	NA	PASS
MP05	1	3735	model.layers.33.mlp.down_proj	DECODE	[1,11008]	[1,2048]	9154104851	9154132773	NA	PASS
MP05	1	3736	model.layers.34.self_attn	DECODE	null	[1,2048]	9154149920	9154336832	NA	PASS
MP05	1	3737	model.layers.34.mlp.gate_up_proj	DECODE	[1,2048]	[1,22016]	9154356205	9154386189	NA	PASS
MP05	1	3738	model.layers.34.mlp.act_fn	DECODE	[1,22016]	[1,11008]	9154390528	9154403067	NA	PASS
MP05	1	3739	model.layers.34.mlp.down_proj	DECODE	[1,11008]	[1,2048]	9154406432	9154434257	NA	PASS
MP05	1	3740	model.layers.35.self_attn	DECODE	null	[1,2048]	9154452977	9154644107	NA	PASS
MP05	1	3741	model.layers.35.mlp.gate_up_proj	DECODE	[1,2048]	[1,22016]	9154662178	9154690842	NA	PASS
MP05	1	3742	model.layers.35.mlp.act_fn	DECODE	[1,22016]	[1,11008]	9154695078	9154707590	NA	PASS
MP05	1	3743	model.layers.35.mlp.down_proj	DECODE	[1,11008]	[1,2048]	9154711020	9154738266	NA	PASS
MP05	1	3744	model.layers.0.self_attn	DECODE	null	[1,2048]	9155828951	9156105507	NA	PASS
MP05	1	3745	model.layers.0.mlp.gate_up_proj	DECODE	[1,2048]	[1,22016]	9156131845	9156166998	NA	PASS
MP05	1	3746	model.layers.0.mlp.act_fn	DECODE	[1,22016]	[1,11008]	9156172222	9156187463	NA	PASS
MP05	1	3747	model.layers.0.mlp.down_proj	DECODE	[1,11008]	[1,2048]	9156191537	9156222255	NA	PASS
MP05	1	3748	model.layers.1.self_attn	DECODE	null	[1,2048]	9156242472	9156455909	NA	PASS
MP05	1	3749	model.layers.1.mlp.gate_up_proj	DECODE	[1,2048]	[1,22016]	9156481310	9156512392	NA	PASS
MP05	1	3750	model.layers.1.mlp.act_fn	DECODE	[1,22016]	[1,11008]	9156516698	9156530344	NA	PASS
MP05	1	3751	model.layers.1.mlp.down_proj	DECODE	[1,11008]	[1,2048]	9156533930	9156562727	NA	PASS
MP05	1	3752	model.layers.2.self_attn	DECODE	null	[1,2048]	9156582192	9156784387	NA	PASS
MP05	1	3753	model.layers.2.mlp.gate_up_proj	DECODE	[1,2048]	[1,22016]	9156803384	9156833107	NA	PASS
MP05	1	3754	model.layers.2.mlp.act_fn	DECODE	[1,22016]	[1,11008]	9156837596	9156850476	NA	PASS
MP05	1	3755	model.layers.2.mlp.down_proj	DECODE	[1,11008]	[1,2048]	9156854108	9156887283	NA	PASS
MP05	1	3756	model.layers.3.self_attn	DECODE	null	[1,2048]	9156906436	9157104646	NA	PASS
MP05	1	3757	model.layers.3.mlp.gate_up_proj	DECODE	[1,2048]	[1,22016]	9157123550	9157152988	NA	PASS
MP05	1	3758	model.layers.3.mlp.act_fn	DECODE	[1,22016]	[1,11008]	9157157548	9157170611	NA	PASS
MP05	1	3759	model.layers.3.mlp.down_proj	DECODE	[1,11008]	[1,2048]	9157174182	9157202373	NA	PASS
MP05	1	3760	model.layers.4.self_attn	DECODE	null	[1,2048]	9157220758	9157411555	NA	PASS
MP05	1	3761	model.layers.4.mlp.gate_up_proj	DECODE	[1,2048]	[1,22016]	9157429010	9157459390	NA	PASS
MP05	1	3762	model.layers.4.mlp.act_fn	DECODE	[1,22016]	[1,11008]	9157467715	9157480638	NA	PASS
MP05	1	3763	model.layers.4.mlp.down_proj	DECODE	[1,11008]	[1,2048]	9157484226	9157512397	NA	PASS
MP05	1	3764	model.layers.5.self_attn	DECODE	null	[1,2048]	9157531065	9157727680	NA	PASS
MP05	1	3765	model.layers.5.mlp.gate_up_proj	DECODE	[1,2048]	[1,22016]	9157747993	9157778559	NA	PASS
MP05	1	3766	model.layers.5.mlp.act_fn	DECODE	[1,22016]	[1,11008]	9157783212	9157796194	NA	PASS
MP05	1	3767	model.layers.5.mlp.down_proj	DECODE	[1,11008]	[1,2048]	9157799934	9157829105	NA	PASS
MP05	1	3768	model.layers.6.self_attn	DECODE	null	[1,2048]	9157848365	9158039784	NA	PASS
MP05	1	3769	model.layers.6.mlp.gate_up_proj	DECODE	[1,2048]	[1,22016]	9158058130	9158087601	NA	PASS
MP05	1	3770	model.layers.6.mlp.act_fn	DECODE	[1,22016]	[1,11008]	9158092065	9158104860	NA	PASS
MP05	1	3771	model.layers.6.mlp.down_proj	DECODE	[1,11008]	[1,2048]	9158108532	9158136860	NA	PASS
MP05	1	3772	model.layers.7.self_attn	DECODE	null	[1,2048]	9158158963	9158347820	NA	PASS
MP05	1	3773	model.layers.7.mlp.gate_up_proj	DECODE	[1,2048]	[1,22016]	9158365878	9158396896	NA	PASS
MP05	1	3774	model.layers.7.mlp.act_fn	DECODE	[1,22016]	[1,11008]	9158401338	9158413975	NA	PASS
MP05	1	3775	model.layers.7.mlp.down_proj	DECODE	[1,11008]	[1,2048]	9158417365	9158445355	NA	PASS
MP05	1	3776	model.layers.8.self_attn	DECODE	null	[1,2048]	9158467308	9158654256	NA	PASS
MP05	1	3777	model.layers.8.mlp.gate_up_proj	DECODE	[1,2048]	[1,22016]	9158671926	9158700901	NA	PASS
MP05	1	3778	model.layers.8.mlp.act_fn	DECODE	[1,22016]	[1,11008]	9158705204	9158717810	NA	PASS
MP05	1	3779	model.layers.8.mlp.down_proj	DECODE	[1,11008]	[1,2048]	9158721309	9158749561	NA	PASS
MP05	1	3780	model.layers.9.self_attn	DECODE	null	[1,2048]	9158767879	9158958433	NA	PASS
MP05	1	3781	model.layers.9.mlp.gate_up_proj	DECODE	[1,2048]	[1,22016]	9158977458	9159007448	NA	PASS
MP05	1	3782	model.layers.9.mlp.act_fn	DECODE	[1,22016]	[1,11008]	9159011742	9159024628	NA	PASS
MP05	1	3783	model.layers.9.mlp.down_proj	DECODE	[1,11008]	[1,2048]	9159028198	9159059170	NA	PASS
MP05	1	3784	model.layers.10.self_attn	DECODE	null	[1,2048]	9159077476	9159263518	NA	PASS
MP05	1	3785	model.layers.10.mlp.gate_up_proj	DECODE	[1,2048]	[1,22016]	9159281197	9159309847	NA	PASS
MP05	1	3786	model.layers.10.mlp.act_fn	DECODE	[1,22016]	[1,11008]	9159314288	9159326899	NA	PASS
MP05	1	3787	model.layers.10.mlp.down_proj	DECODE	[1,11008]	[1,2048]	9159330468	9159358115	NA	PASS
MP05	1	3788	model.layers.11.self_attn	DECODE	null	[1,2048]	9159375634	9159575298	NA	PASS
MP05	1	3789	model.layers.11.mlp.gate_up_proj	DECODE	[1,2048]	[1,22016]	9159595945	9159626277	NA	PASS
MP05	1	3790	model.layers.11.mlp.act_fn	DECODE	[1,22016]	[1,11008]	9159630927	9159644028	NA	PASS
MP05	1	3791	model.layers.11.mlp.down_proj	DECODE	[1,11008]	[1,2048]	9159647820	9159676024	NA	PASS
MP05	1	3792	model.layers.12.self_attn	DECODE	null	[1,2048]	9159695466	9159886383	NA	PASS
MP05	1	3793	model.layers.12.mlp.gate_up_proj	DECODE	[1,2048]	[1,22016]	9159904683	9159933544	NA	PASS
MP05	1	3794	model.layers.12.mlp.act_fn	DECODE	[1,22016]	[1,11008]	9159937785	9159950398	NA	PASS
MP05	1	3795	model.layers.12.mlp.down_proj	DECODE	[1,11008]	[1,2048]	9159954027	9159981640	NA	PASS
MP05	1	3796	model.layers.13.self_attn	DECODE	null	[1,2048]	9159999781	9160182029	NA	PASS
MP05	1	3797	model.layers.13.mlp.gate_up_proj	DECODE	[1,2048]	[1,22016]	9160199735	9160228021	NA	PASS
MP05	1	3798	model.layers.13.mlp.act_fn	DECODE	[1,22016]	[1,11008]	9160232067	9160246525	NA	PASS
MP05	1	3799	model.layers.13.mlp.down_proj	DECODE	[1,11008]	[1,2048]	9160250078	9160277460	NA	PASS
MP05	1	3800	model.layers.14.self_attn	DECODE	null	[1,2048]	9160295170	9160481582	NA	PASS
MP05	1	3801	model.layers.14.mlp.gate_up_proj	DECODE	[1,2048]	[1,22016]	9160500864	9160529949	NA	PASS
MP05	1	3802	model.layers.14.mlp.act_fn	DECODE	[1,22016]	[1,11008]	9160534241	9160546741	NA	PASS
MP05	1	3803	model.layers.14.mlp.down_proj	DECODE	[1,11008]	[1,2048]	9160550264	9160578022	NA	PASS
MP05	1	3804	model.layers.15.self_attn	DECODE	null	[1,2048]	9160597301	9160791912	NA	PASS
MP05	1	3805	model.layers.15.mlp.gate_up_proj	DECODE	[1,2048]	[1,22016]	9160810374	9160838706	NA	PASS
MP05	1	3806	model.layers.15.mlp.act_fn	DECODE	[1,22016]	[1,11008]	9160844319	9160856803	NA	PASS
MP05	1	3807	model.layers.15.mlp.down_proj	DECODE	[1,11008]	[1,2048]	9160860243	9160887321	NA	PASS
MP05	1	3808	model.layers.16.self_attn	DECODE	null	[1,2048]	9160905358	9161090434	NA	PASS
MP05	1	3809	model.layers.16.mlp.gate_up_proj	DECODE	[1,2048]	[1,22016]	9161107702	9161136441	NA	PASS
MP05	1	3810	model.layers.16.mlp.act_fn	DECODE	[1,22016]	[1,11008]	9161140906	9161153139	NA	PASS
MP05	1	3811	model.layers.16.mlp.down_proj	DECODE	[1,11008]	[1,2048]	9161156762	9161183806	NA	PASS
MP05	1	3812	model.layers.17.self_attn	DECODE	null	[1,2048]	9161201344	9161382219	NA	PASS
MP05	1	3813	model.layers.17.mlp.gate_up_proj	DECODE	[1,2048]	[1,22016]	9161399578	9161427815	NA	PASS
MP05	1	3814	model.layers.17.mlp.act_fn	DECODE	[1,22016]	[1,11008]	9161431955	9161444508	NA	PASS
MP05	1	3815	model.layers.17.mlp.down_proj	DECODE	[1,11008]	[1,2048]	9161447949	9161478752	NA	PASS
MP05	1	3816	model.layers.18.self_attn	DECODE	null	[1,2048]	9161496536	9161679542	NA	PASS
MP05	1	3817	model.layers.18.mlp.gate_up_proj	DECODE	[1,2048]	[1,22016]	9161696942	9161725138	NA	PASS
MP05	1	3818	model.layers.18.mlp.act_fn	DECODE	[1,22016]	[1,11008]	9161729300	9161741366	NA	PASS
MP05	1	3819	model.layers.18.mlp.down_proj	DECODE	[1,11008]	[1,2048]	9161744884	9161771860	NA	PASS
MP05	1	3820	model.layers.19.self_attn	DECODE	null	[1,2048]	9161789245	9161977896	NA	PASS
MP05	1	3821	model.layers.19.mlp.gate_up_proj	DECODE	[1,2048]	[1,22016]	9162000051	9162028315	NA	PASS
MP05	1	3822	model.layers.19.mlp.act_fn	DECODE	[1,22016]	[1,11008]	9162032742	9162044951	NA	PASS
MP05	1	3823	model.layers.19.mlp.down_proj	DECODE	[1,11008]	[1,2048]	9162048619	9162078271	NA	PASS
MP05	1	3824	model.layers.20.self_attn	DECODE	null	[1,2048]	9162096036	9162278083	NA	PASS
MP05	1	3825	model.layers.20.mlp.gate_up_proj	DECODE	[1,2048]	[1,22016]	9162295583	9162323921	NA	PASS
MP05	1	3826	model.layers.20.mlp.act_fn	DECODE	[1,22016]	[1,11008]	9162328194	9162340108	NA	PASS
MP05	1	3827	model.layers.20.mlp.down_proj	DECODE	[1,11008]	[1,2048]	9162343477	9162370486	NA	PASS
MP05	1	3828	model.layers.21.self_attn	DECODE	null	[1,2048]	9162387653	9162569901	NA	PASS
MP05	1	3829	model.layers.21.mlp.gate_up_proj	DECODE	[1,2048]	[1,22016]	9162587461	9162615515	NA	PASS
MP05	1	3830	model.layers.21.mlp.act_fn	DECODE	[1,22016]	[1,11008]	9162619887	9162632583	NA	PASS
MP05	1	3831	model.layers.21.mlp.down_proj	DECODE	[1,11008]	[1,2048]	9162636201	9162666207	NA	PASS
MP05	1	3832	model.layers.22.self_attn	DECODE	null	[1,2048]	9162683737	9162867445	NA	PASS
MP05	1	3833	model.layers.22.mlp.gate_up_proj	DECODE	[1,2048]	[1,22016]	9162886265	9162915401	NA	PASS
MP05	1	3834	model.layers.22.mlp.act_fn	DECODE	[1,22016]	[1,11008]	9162919761	9162932602	NA	PASS
MP05	1	3835	model.layers.22.mlp.down_proj	DECODE	[1,11008]	[1,2048]	9162936131	9162964299	NA	PASS
MP05	1	3836	model.layers.23.self_attn	DECODE	null	[1,2048]	9162985369	9163170384	NA	PASS
MP05	1	3837	model.layers.23.mlp.gate_up_proj	DECODE	[1,2048]	[1,22016]	9163188357	9163217056	NA	PASS
MP05	1	3838	model.layers.23.mlp.act_fn	DECODE	[1,22016]	[1,11008]	9163221396	9163233918	NA	PASS
MP05	1	3839	model.layers.23.mlp.down_proj	DECODE	[1,11008]	[1,2048]	9163237376	9163264659	NA	PASS
MP05	1	3840	model.layers.24.self_attn	DECODE	null	[1,2048]	9163284616	9163472323	NA	PASS
MP05	1	3841	model.layers.24.mlp.gate_up_proj	DECODE	[1,2048]	[1,22016]	9163490699	9163519727	NA	PASS
MP05	1	3842	model.layers.24.mlp.act_fn	DECODE	[1,22016]	[1,11008]	9163524321	9163536988	NA	PASS
MP05	1	3843	model.layers.24.mlp.down_proj	DECODE	[1,11008]	[1,2048]	9163540539	9163568601	NA	PASS
MP05	1	3844	model.layers.25.self_attn	DECODE	null	[1,2048]	9163586776	9163774489	NA	PASS
MP05	1	3845	model.layers.25.mlp.gate_up_proj	DECODE	[1,2048]	[1,22016]	9163792840	9163822920	NA	PASS
MP05	1	3846	model.layers.25.mlp.act_fn	DECODE	[1,22016]	[1,11008]	9163827363	9163840430	NA	PASS
MP05	1	3847	model.layers.25.mlp.down_proj	DECODE	[1,11008]	[1,2048]	9163844110	9163871814	NA	PASS
MP05	1	3848	model.layers.26.self_attn	DECODE	null	[1,2048]	9163889491	9164125139	NA	PASS
MP05	1	3849	model.layers.26.mlp.gate_up_proj	DECODE	[1,2048]	[1,22016]	9164146096	9164176260	NA	PASS
MP05	1	3850	model.layers.26.mlp.act_fn	DECODE	[1,22016]	[1,11008]	9164180998	9164194552	NA	PASS
MP05	1	3851	model.layers.26.mlp.down_proj	DECODE	[1,11008]	[1,2048]	9164198377	9164226136	NA	PASS
MP05	1	3852	model.layers.27.self_attn	DECODE	null	[1,2048]	9164245771	9164447014	NA	PASS
MP05	1	3853	model.layers.27.mlp.gate_up_proj	DECODE	[1,2048]	[1,22016]	9164469988	9164498947	NA	PASS
MP05	1	3854	model.layers.27.mlp.act_fn	DECODE	[1,22016]	[1,11008]	9164503340	9164515642	NA	PASS
MP05	1	3855	model.layers.27.mlp.down_proj	DECODE	[1,11008]	[1,2048]	9164519107	9164546894	NA	PASS
MP05	1	3856	model.layers.28.self_attn	DECODE	null	[1,2048]	9164565443	9164757441	NA	PASS
MP05	1	3857	model.layers.28.mlp.gate_up_proj	DECODE	[1,2048]	[1,22016]	9164775687	9164804182	NA	PASS
MP05	1	3858	model.layers.28.mlp.act_fn	DECODE	[1,22016]	[1,11008]	9164808501	9164821179	NA	PASS
MP05	1	3859	model.layers.28.mlp.down_proj	DECODE	[1,11008]	[1,2048]	9164824834	9164852156	NA	PASS
MP05	1	3860	model.layers.29.self_attn	DECODE	null	[1,2048]	9164870741	9165054759	NA	PASS
MP05	1	3861	model.layers.29.mlp.gate_up_proj	DECODE	[1,2048]	[1,22016]	9165072174	9165100324	NA	PASS
MP05	1	3862	model.layers.29.mlp.act_fn	DECODE	[1,22016]	[1,11008]	9165104797	9165117036	NA	PASS
MP05	1	3863	model.layers.29.mlp.down_proj	DECODE	[1,11008]	[1,2048]	9165120399	9165147002	NA	PASS
MP05	1	3864	model.layers.30.self_attn	DECODE	null	[1,2048]	9165164752	9165343057	NA	PASS
MP05	1	3865	model.layers.30.mlp.gate_up_proj	DECODE	[1,2048]	[1,22016]	9165360606	9165389484	NA	PASS
MP05	1	3866	model.layers.30.mlp.act_fn	DECODE	[1,22016]	[1,11008]	9165393561	9165405712	NA	PASS
MP05	1	3867	model.layers.30.mlp.down_proj	DECODE	[1,11008]	[1,2048]	9165409070	9165437015	NA	PASS
MP05	1	3868	model.layers.31.self_attn	DECODE	null	[1,2048]	9165455097	9165649773	NA	PASS
MP05	1	3869	model.layers.31.mlp.gate_up_proj	DECODE	[1,2048]	[1,22016]	9165667835	9165696251	NA	PASS
MP05	1	3870	model.layers.31.mlp.act_fn	DECODE	[1,22016]	[1,11008]	9165700364	9165713210	NA	PASS
MP05	1	3871	model.layers.31.mlp.down_proj	DECODE	[1,11008]	[1,2048]	9165716720	9165744460	NA	PASS
MP05	1	3872	model.layers.32.self_attn	DECODE	null	[1,2048]	9165762171	9165947766	NA	PASS
MP05	1	3873	model.layers.32.mlp.gate_up_proj	DECODE	[1,2048]	[1,22016]	9165965470	9165994468	NA	PASS
MP05	1	3874	model.layers.32.mlp.act_fn	DECODE	[1,22016]	[1,11008]	9165999073	9166011533	NA	PASS
MP05	1	3875	model.layers.32.mlp.down_proj	DECODE	[1,11008]	[1,2048]	9166014956	9166042080	NA	PASS
MP05	1	3876	model.layers.33.self_attn	DECODE	null	[1,2048]	9166060182	9166240247	NA	PASS
MP05	1	3877	model.layers.33.mlp.gate_up_proj	DECODE	[1,2048]	[1,22016]	9166257757	9166286438	NA	PASS
MP05	1	3878	model.layers.33.mlp.act_fn	DECODE	[1,22016]	[1,11008]	9166290680	9166302702	NA	PASS
MP05	1	3879	model.layers.33.mlp.down_proj	DECODE	[1,11008]	[1,2048]	9166306175	9166333213	NA	PASS
MP05	1	3880	model.layers.34.self_attn	DECODE	null	[1,2048]	9166350442	9166533110	NA	PASS
MP05	1	3881	model.layers.34.mlp.gate_up_proj	DECODE	[1,2048]	[1,22016]	9166551195	9166580039	NA	PASS
MP05	1	3882	model.layers.34.mlp.act_fn	DECODE	[1,22016]	[1,11008]	9166584311	9166598930	NA	PASS
MP05	1	3883	model.layers.34.mlp.down_proj	DECODE	[1,11008]	[1,2048]	9166602419	9166630287	NA	PASS
MP05	1	3884	model.layers.35.self_attn	DECODE	null	[1,2048]	9166648388	9166839762	NA	PASS
MP05	1	3885	model.layers.35.mlp.gate_up_proj	DECODE	[1,2048]	[1,22016]	9166858068	9166886683	NA	PASS
MP05	1	3886	model.layers.35.mlp.act_fn	DECODE	[1,22016]	[1,11008]	9166890841	9166903132	NA	PASS
MP05	1	3887	model.layers.35.mlp.down_proj	DECODE	[1,11008]	[1,2048]	9166906466	9166933386	NA	PASS
MP05	1	3888	model.layers.0.self_attn	DECODE	null	[1,2048]	9168029545	9168294394	NA	PASS
MP05	1	3889	model.layers.0.mlp.gate_up_proj	DECODE	[1,2048]	[1,22016]	9168320216	9168357751	NA	PASS
MP05	1	3890	model.layers.0.mlp.act_fn	DECODE	[1,22016]	[1,11008]	9168362964	9168377996	NA	PASS
MP05	1	3891	model.layers.0.mlp.down_proj	DECODE	[1,11008]	[1,2048]	9168381897	9168412548	NA	PASS
MP05	1	3892	model.layers.1.self_attn	DECODE	null	[1,2048]	9168434840	9168661264	NA	PASS
MP05	1	3893	model.layers.1.mlp.gate_up_proj	DECODE	[1,2048]	[1,22016]	9168682141	9168712277	NA	PASS
MP05	1	3894	model.layers.1.mlp.act_fn	DECODE	[1,22016]	[1,11008]	9168716875	9168733861	NA	PASS
MP05	1	3895	model.layers.1.mlp.down_proj	DECODE	[1,11008]	[1,2048]	9168737806	9168767247	NA	PASS
MP05	1	3896	model.layers.2.self_attn	DECODE	null	[1,2048]	9168787035	9168992275	NA	PASS
MP05	1	3897	model.layers.2.mlp.gate_up_proj	DECODE	[1,2048]	[1,22016]	9169011523	9169041860	NA	PASS
MP05	1	3898	model.layers.2.mlp.act_fn	DECODE	[1,22016]	[1,11008]	9169049179	9169062583	NA	PASS
MP05	1	3899	model.layers.2.mlp.down_proj	DECODE	[1,11008]	[1,2048]	9169066224	9169094273	NA	PASS
MP05	1	3900	model.layers.3.self_attn	DECODE	null	[1,2048]	9169113542	9169318126	NA	PASS
MP05	1	3901	model.layers.3.mlp.gate_up_proj	DECODE	[1,2048]	[1,22016]	9169336464	9169365065	NA	PASS
MP05	1	3902	model.layers.3.mlp.act_fn	DECODE	[1,22016]	[1,11008]	9169369230	9169381576	NA	PASS
MP05	1	3903	model.layers.3.mlp.down_proj	DECODE	[1,11008]	[1,2048]	9169385010	9169412395	NA	PASS
MP05	1	3904	model.layers.4.self_attn	DECODE	null	[1,2048]	9169430295	9169623558	NA	PASS
MP05	1	3905	model.layers.4.mlp.gate_up_proj	DECODE	[1,2048]	[1,22016]	9169641450	9169670947	NA	PASS
MP05	1	3906	model.layers.4.mlp.act_fn	DECODE	[1,22016]	[1,11008]	9169675294	9169687794	NA	PASS
MP05	1	3907	model.layers.4.mlp.down_proj	DECODE	[1,11008]	[1,2048]	9169691307	9169722344	NA	PASS
MP05	1	3908	model.layers.5.self_attn	DECODE	null	[1,2048]	9169740898	9169939343	NA	PASS
MP05	1	3909	model.layers.5.mlp.gate_up_proj	DECODE	[1,2048]	[1,22016]	9169959665	9169989651	NA	PASS
MP05	1	3910	model.layers.5.mlp.act_fn	DECODE	[1,22016]	[1,11008]	9169994025	9170007380	NA	PASS
MP05	1	3911	model.layers.5.mlp.down_proj	DECODE	[1,11008]	[1,2048]	9170011075	9170038735	NA	PASS
MP05	1	3912	model.layers.6.self_attn	DECODE	null	[1,2048]	9170057613	9170247279	NA	PASS
MP05	1	3913	model.layers.6.mlp.gate_up_proj	DECODE	[1,2048]	[1,22016]	9170265079	9170296332	NA	PASS
MP05	1	3914	model.layers.6.mlp.act_fn	DECODE	[1,22016]	[1,11008]	9170300559	9170313354	NA	PASS
MP05	1	3915	model.layers.6.mlp.down_proj	DECODE	[1,11008]	[1,2048]	9170317000	9170347325	NA	PASS
MP05	1	3916	model.layers.7.self_attn	DECODE	null	[1,2048]	9170365759	9170562110	NA	PASS
MP05	1	3917	model.layers.7.mlp.gate_up_proj	DECODE	[1,2048]	[1,22016]	9170580122	9170609003	NA	PASS
MP05	1	3918	model.layers.7.mlp.act_fn	DECODE	[1,22016]	[1,11008]	9170613100	9170625869	NA	PASS
MP05	1	3919	model.layers.7.mlp.down_proj	DECODE	[1,11008]	[1,2048]	9170629285	9170656812	NA	PASS
MP05	1	3920	model.layers.8.self_attn	DECODE	null	[1,2048]	9170674709	9170861896	NA	PASS
MP05	1	3921	model.layers.8.mlp.gate_up_proj	DECODE	[1,2048]	[1,22016]	9170879876	9170908859	NA	PASS
MP05	1	3922	model.layers.8.mlp.act_fn	DECODE	[1,22016]	[1,11008]	9170912971	9170925559	NA	PASS
MP05	1	3923	model.layers.8.mlp.down_proj	DECODE	[1,11008]	[1,2048]	9170929163	9170956455	NA	PASS
MP05	1	3924	model.layers.9.self_attn	DECODE	null	[1,2048]	9170974386	9171158444	NA	PASS
MP05	1	3925	model.layers.9.mlp.gate_up_proj	DECODE	[1,2048]	[1,22016]	9171176219	9171207065	NA	PASS
MP05	1	3926	model.layers.9.mlp.act_fn	DECODE	[1,22016]	[1,11008]	9171211419	9171224201	NA	PASS
MP05	1	3927	model.layers.9.mlp.down_proj	DECODE	[1,11008]	[1,2048]	9171227702	9171255765	NA	PASS
MP05	1	3928	model.layers.10.self_attn	DECODE	null	[1,2048]	9171274406	9171474569	NA	PASS
MP05	1	3929	model.layers.10.mlp.gate_up_proj	DECODE	[1,2048]	[1,22016]	9171493263	9171523746	NA	PASS
MP05	1	3930	model.layers.10.mlp.act_fn	DECODE	[1,22016]	[1,11008]	9171528271	9171541149	NA	PASS
MP05	1	3931	model.layers.10.mlp.down_proj	DECODE	[1,11008]	[1,2048]	9171544574	9171571957	NA	PASS
MP05	1	3932	model.layers.11.self_attn	DECODE	null	[1,2048]	9171590044	9171783106	NA	PASS
MP05	1	3933	model.layers.11.mlp.gate_up_proj	DECODE	[1,2048]	[1,22016]	9171801551	9171830592	NA	PASS
MP05	1	3934	model.layers.11.mlp.act_fn	DECODE	[1,22016]	[1,11008]	9171834987	9171847031	NA	PASS
MP05	1	3935	model.layers.11.mlp.down_proj	DECODE	[1,11008]	[1,2048]	9171850370	9171878240	NA	PASS
MP05	1	3936	model.layers.12.self_attn	DECODE	null	[1,2048]	9171896269	9172078727	NA	PASS
MP05	1	3937	model.layers.12.mlp.gate_up_proj	DECODE	[1,2048]	[1,22016]	9172096201	9172124723	NA	PASS
MP05	1	3938	model.layers.12.mlp.act_fn	DECODE	[1,22016]	[1,11008]	9172128854	9172141076	NA	PASS
MP05	1	3939	model.layers.12.mlp.down_proj	DECODE	[1,11008]	[1,2048]	9172144743	9172172742	NA	PASS
MP05	1	3940	model.layers.13.self_attn	DECODE	null	[1,2048]	9172189958	9172376181	NA	PASS
MP05	1	3941	model.layers.13.mlp.gate_up_proj	DECODE	[1,2048]	[1,22016]	9172394348	9172422854	NA	PASS
MP05	1	3942	model.layers.13.mlp.act_fn	DECODE	[1,22016]	[1,11008]	9172427042	9172439467	NA	PASS
MP05	1	3943	model.layers.13.mlp.down_proj	DECODE	[1,11008]	[1,2048]	9172442981	9172474207	NA	PASS
MP05	1	3944	model.layers.14.self_attn	DECODE	null	[1,2048]	9172492161	9172680133	NA	PASS
MP05	1	3945	model.layers.14.mlp.gate_up_proj	DECODE	[1,2048]	[1,22016]	9172697187	9172725446	NA	PASS
MP05	1	3946	model.layers.14.mlp.act_fn	DECODE	[1,22016]	[1,11008]	9172729437	9172741719	NA	PASS
MP05	1	3947	model.layers.14.mlp.down_proj	DECODE	[1,11008]	[1,2048]	9172745077	9172772178	NA	PASS
MP05	1	3948	model.layers.15.self_attn	DECODE	null	[1,2048]	9172789653	9172976253	NA	PASS
MP05	1	3949	model.layers.15.mlp.gate_up_proj	DECODE	[1,2048]	[1,22016]	9172993720	9173021902	NA	PASS
MP05	1	3950	model.layers.15.mlp.act_fn	DECODE	[1,22016]	[1,11008]	9173025903	9173038206	NA	PASS
MP05	1	3951	model.layers.15.mlp.down_proj	DECODE	[1,11008]	[1,2048]	9173041490	9173068365	NA	PASS
MP05	1	3952	model.layers.16.self_attn	DECODE	null	[1,2048]	9173085567	9173273161	NA	PASS
MP05	1	3953	model.layers.16.mlp.gate_up_proj	DECODE	[1,2048]	[1,22016]	9173291012	9173319984	NA	PASS
MP05	1	3954	model.layers.16.mlp.act_fn	DECODE	[1,22016]	[1,11008]	9173323970	9173336528	NA	PASS
MP05	1	3955	model.layers.16.mlp.down_proj	DECODE	[1,11008]	[1,2048]	9173339993	9173370463	NA	PASS
MP05	1	3956	model.layers.17.self_attn	DECODE	null	[1,2048]	9173388585	9173578272	NA	PASS
MP05	1	3957	model.layers.17.mlp.gate_up_proj	DECODE	[1,2048]	[1,22016]	9173596454	9173625862	NA	PASS
MP05	1	3958	model.layers.17.mlp.act_fn	DECODE	[1,22016]	[1,11008]	9173630171	9173642719	NA	PASS
MP05	1	3959	model.layers.17.mlp.down_proj	DECODE	[1,11008]	[1,2048]	9173646355	9173678625	NA	PASS
MP05	1	3960	model.layers.18.self_attn	DECODE	null	[1,2048]	9173697109	9173889162	NA	PASS
MP05	1	3961	model.layers.18.mlp.gate_up_proj	DECODE	[1,2048]	[1,22016]	9173907017	9173935885	NA	PASS
MP05	1	3962	model.layers.18.mlp.act_fn	DECODE	[1,22016]	[1,11008]	9173942384	9173954928	NA	PASS
MP05	1	3963	model.layers.18.mlp.down_proj	DECODE	[1,11008]	[1,2048]	9173958372	9173985785	NA	PASS
MP05	1	3964	model.layers.19.self_attn	DECODE	null	[1,2048]	9174003542	9174190116	NA	PASS
MP05	1	3965	model.layers.19.mlp.gate_up_proj	DECODE	[1,2048]	[1,22016]	9174207890	9174236669	NA	PASS
MP05	1	3966	model.layers.19.mlp.act_fn	DECODE	[1,22016]	[1,11008]	9174240841	9174253206	NA	PASS
MP05	1	3967	model.layers.19.mlp.down_proj	DECODE	[1,11008]	[1,2048]	9174256796	9174284424	NA	PASS
MP05	1	3968	model.layers.20.self_attn	DECODE	null	[1,2048]	9174301741	9174490019	NA	PASS
MP05	1	3969	model.layers.20.mlp.gate_up_proj	DECODE	[1,2048]	[1,22016]	9174508096	9174537008	NA	PASS
MP05	1	3970	model.layers.20.mlp.act_fn	DECODE	[1,22016]	[1,11008]	9174541214	9174553775	NA	PASS
MP05	1	3971	model.layers.20.mlp.down_proj	DECODE	[1,11008]	[1,2048]	9174557175	9174584559	NA	PASS
MP05	1	3972	model.layers.21.self_attn	DECODE	null	[1,2048]	9174602044	9174794092	NA	PASS
MP05	1	3973	model.layers.21.mlp.gate_up_proj	DECODE	[1,2048]	[1,22016]	9174811151	9174839315	NA	PASS
MP05	1	3974	model.layers.21.mlp.act_fn	DECODE	[1,22016]	[1,11008]	9174843404	9174855437	NA	PASS
MP05	1	3975	model.layers.21.mlp.down_proj	DECODE	[1,11008]	[1,2048]	9174858908	9174885957	NA	PASS
MP05	1	3976	model.layers.22.self_attn	DECODE	null	[1,2048]	9174903655	9175086791	NA	PASS
MP05	1	3977	model.layers.22.mlp.gate_up_proj	DECODE	[1,2048]	[1,22016]	9175104298	9175132259	NA	PASS
MP05	1	3978	model.layers.22.mlp.act_fn	DECODE	[1,22016]	[1,11008]	9175136545	9175148680	NA	PASS
MP05	1	3979	model.layers.22.mlp.down_proj	DECODE	[1,11008]	[1,2048]	9175152156	9175178919	NA	PASS
MP05	1	3980	model.layers.23.self_attn	DECODE	null	[1,2048]	9175198737	9175378786	NA	PASS
MP05	1	3981	model.layers.23.mlp.gate_up_proj	DECODE	[1,2048]	[1,22016]	9175395808	9175424050	NA	PASS
MP05	1	3982	model.layers.23.mlp.act_fn	DECODE	[1,22016]	[1,11008]	9175428246	9175440153	NA	PASS
MP05	1	3983	model.layers.23.mlp.down_proj	DECODE	[1,11008]	[1,2048]	9175443527	9175475049	NA	PASS
MP05	1	3984	model.layers.24.self_attn	DECODE	null	[1,2048]	9175493470	9175683539	NA	PASS
MP05	1	3985	model.layers.24.mlp.gate_up_proj	DECODE	[1,2048]	[1,22016]	9175702091	9175730803	NA	PASS
MP05	1	3986	model.layers.24.mlp.act_fn	DECODE	[1,22016]	[1,11008]	9175735138	9175747946	NA	PASS
MP05	1	3987	model.layers.24.mlp.down_proj	DECODE	[1,11008]	[1,2048]	9175751697	9175779508	NA	PASS
MP05	1	3988	model.layers.25.self_attn	DECODE	null	[1,2048]	9175797105	9175981548	NA	PASS
MP05	1	3989	model.layers.25.mlp.gate_up_proj	DECODE	[1,2048]	[1,22016]	9175999315	9176027728	NA	PASS
MP05	1	3990	model.layers.25.mlp.act_fn	DECODE	[1,22016]	[1,11008]	9176032345	9176044927	NA	PASS
MP05	1	3991	model.layers.25.mlp.down_proj	DECODE	[1,11008]	[1,2048]	9176048667	9176076430	NA	PASS
MP05	1	3992	model.layers.26.self_attn	DECODE	null	[1,2048]	9176094030	9176272182	NA	PASS
MP05	1	3993	model.layers.26.mlp.gate_up_proj	DECODE	[1,2048]	[1,22016]	9176289699	9176318559	NA	PASS
MP05	1	3994	model.layers.26.mlp.act_fn	DECODE	[1,22016]	[1,11008]	9176322590	9176334740	NA	PASS
MP05	1	3995	model.layers.26.mlp.down_proj	DECODE	[1,11008]	[1,2048]	9176338005	9176364862	NA	PASS
MP05	1	3996	model.layers.27.self_attn	DECODE	null	[1,2048]	9176384304	9176569759	NA	PASS
MP05	1	3997	model.layers.27.mlp.gate_up_proj	DECODE	[1,2048]	[1,22016]	9176588605	9176618063	NA	PASS
MP05	1	3998	model.layers.27.mlp.act_fn	DECODE	[1,22016]	[1,11008]	9176622650	9176635861	NA	PASS
MP05	1	3999	model.layers.27.mlp.down_proj	DECODE	[1,11008]	[1,2048]	9176639470	9176667356	NA	PASS
MP05	1	4000	model.layers.28.self_attn	DECODE	null	[1,2048]	9176686070	9176875655	NA	PASS
MP05	1	4001	model.layers.28.mlp.gate_up_proj	DECODE	[1,2048]	[1,22016]	9176893603	9176922268	NA	PASS
MP05	1	4002	model.layers.28.mlp.act_fn	DECODE	[1,22016]	[1,11008]	9176926478	9176941575	NA	PASS
MP05	1	4003	model.layers.28.mlp.down_proj	DECODE	[1,11008]	[1,2048]	9176945068	9176972925	NA	PASS
MP05	1	4004	model.layers.29.self_attn	DECODE	null	[1,2048]	9176990476	9177177117	NA	PASS
MP05	1	4005	model.layers.29.mlp.gate_up_proj	DECODE	[1,2048]	[1,22016]	9177196333	9177225583	NA	PASS
MP05	1	4006	model.layers.29.mlp.act_fn	DECODE	[1,22016]	[1,11008]	9177230136	9177243121	NA	PASS
MP05	1	4007	model.layers.29.mlp.down_proj	DECODE	[1,11008]	[1,2048]	9177246660	9177273868	NA	PASS
MP05	1	4008	model.layers.30.self_attn	DECODE	null	[1,2048]	9177292624	9177485926	NA	PASS
MP05	1	4009	model.layers.30.mlp.gate_up_proj	DECODE	[1,2048]	[1,22016]	9177504533	9177533105	NA	PASS
MP05	1	4010	model.layers.30.mlp.act_fn	DECODE	[1,22016]	[1,11008]	9177537427	9177552158	NA	PASS
MP05	1	4011	model.layers.30.mlp.down_proj	DECODE	[1,11008]	[1,2048]	9177555544	9177583223	NA	PASS
MP05	1	4012	model.layers.31.self_attn	DECODE	null	[1,2048]	9177602487	9177800613	NA	PASS
MP05	1	4013	model.layers.31.mlp.gate_up_proj	DECODE	[1,2048]	[1,22016]	9177818433	9177847073	NA	PASS
MP05	1	4014	model.layers.31.mlp.act_fn	DECODE	[1,22016]	[1,11008]	9177851178	9177863800	NA	PASS
MP05	1	4015	model.layers.31.mlp.down_proj	DECODE	[1,11008]	[1,2048]	9177867243	9177894605	NA	PASS
MP05	1	4016	model.layers.32.self_attn	DECODE	null	[1,2048]	9177913686	9178102859	NA	PASS
MP05	1	4017	model.layers.32.mlp.gate_up_proj	DECODE	[1,2048]	[1,22016]	9178121052	9178150673	NA	PASS
MP05	1	4018	model.layers.32.mlp.act_fn	DECODE	[1,22016]	[1,11008]	9178155140	9178167558	NA	PASS
MP05	1	4019	model.layers.32.mlp.down_proj	DECODE	[1,11008]	[1,2048]	9178171006	9178199018	NA	PASS
MP05	1	4020	model.layers.33.self_attn	DECODE	null	[1,2048]	9178217175	9178458708	NA	PASS
MP05	1	4021	model.layers.33.mlp.gate_up_proj	DECODE	[1,2048]	[1,22016]	9178484900	9178519038	NA	PASS
MP05	1	4022	model.layers.33.mlp.act_fn	DECODE	[1,22016]	[1,11008]	9178525894	9178538734	NA	PASS
MP05	1	4023	model.layers.33.mlp.down_proj	DECODE	[1,11008]	[1,2048]	9178542165	9178573028	NA	PASS
MP05	1	4024	model.layers.34.self_attn	DECODE	null	[1,2048]	9178591431	9178787257	NA	PASS
MP05	1	4025	model.layers.34.mlp.gate_up_proj	DECODE	[1,2048]	[1,22016]	9178804927	9178833641	NA	PASS
MP05	1	4026	model.layers.34.mlp.act_fn	DECODE	[1,22016]	[1,11008]	9178840167	9178853417	NA	PASS
MP05	1	4027	model.layers.34.mlp.down_proj	DECODE	[1,11008]	[1,2048]	9178856856	9178884863	NA	PASS
MP05	1	4028	model.layers.35.self_attn	DECODE	null	[1,2048]	9178904253	9179099340	NA	PASS
MP05	1	4029	model.layers.35.mlp.gate_up_proj	DECODE	[1,2048]	[1,22016]	9179119541	9179149362	NA	PASS
MP05	1	4030	model.layers.35.mlp.act_fn	DECODE	[1,22016]	[1,11008]	9179154054	9179167121	NA	PASS
MP05	1	4031	model.layers.35.mlp.down_proj	DECODE	[1,11008]	[1,2048]	9179170861	9179198991	NA	PASS
MP05	1	4032	model.layers.0.self_attn	DECODE	null	[1,2048]	9180293237	9180559175	NA	PASS
MP05	1	4033	model.layers.0.mlp.gate_up_proj	DECODE	[1,2048]	[1,22016]	9180584647	9180618843	NA	PASS
MP05	1	4034	model.layers.0.mlp.act_fn	DECODE	[1,22016]	[1,11008]	9180623887	9180641959	NA	PASS
MP05	1	4035	model.layers.0.mlp.down_proj	DECODE	[1,11008]	[1,2048]	9180645924	9180676003	NA	PASS
MP05	1	4036	model.layers.1.self_attn	DECODE	null	[1,2048]	9180696328	9180912817	NA	PASS
MP05	1	4037	model.layers.1.mlp.gate_up_proj	DECODE	[1,2048]	[1,22016]	9180933218	9180963478	NA	PASS
MP05	1	4038	model.layers.1.mlp.act_fn	DECODE	[1,22016]	[1,11008]	9180967898	9180980865	NA	PASS
MP05	1	4039	model.layers.1.mlp.down_proj	DECODE	[1,11008]	[1,2048]	9180984471	9181012188	NA	PASS
MP05	1	4040	model.layers.2.self_attn	DECODE	null	[1,2048]	9181030920	9181227922	NA	PASS
MP05	1	4041	model.layers.2.mlp.gate_up_proj	DECODE	[1,2048]	[1,22016]	9181246647	9181275554	NA	PASS
MP05	1	4042	model.layers.2.mlp.act_fn	DECODE	[1,22016]	[1,11008]	9181279855	9181292501	NA	PASS
MP05	1	4043	model.layers.2.mlp.down_proj	DECODE	[1,11008]	[1,2048]	9181296091	9181323813	NA	PASS
MP05	1	4044	model.layers.3.self_attn	DECODE	null	[1,2048]	9181344600	9181543621	NA	PASS
MP05	1	4045	model.layers.3.mlp.gate_up_proj	DECODE	[1,2048]	[1,22016]	9181562211	9181591251	NA	PASS
MP05	1	4046	model.layers.3.mlp.act_fn	DECODE	[1,22016]	[1,11008]	9181595671	9181608929	NA	PASS
MP05	1	4047	model.layers.3.mlp.down_proj	DECODE	[1,11008]	[1,2048]	9181612679	9181640928	NA	PASS
MP05	1	4048	model.layers.4.self_attn	DECODE	null	[1,2048]	9181659101	9181846225	NA	PASS
MP05	1	4049	model.layers.4.mlp.gate_up_proj	DECODE	[1,2048]	[1,22016]	9181863784	9181892284	NA	PASS
MP05	1	4050	model.layers.4.mlp.act_fn	DECODE	[1,22016]	[1,11008]	9181896594	9181909344	NA	PASS
MP05	1	4051	model.layers.4.mlp.down_proj	DECODE	[1,11008]	[1,2048]	9181912726	9181940525	NA	PASS
MP05	1	4052	model.layers.5.self_attn	DECODE	null	[1,2048]	9181958450	9182153423	NA	PASS
MP05	1	4053	model.layers.5.mlp.gate_up_proj	DECODE	[1,2048]	[1,22016]	9182172357	9182201786	NA	PASS
MP05	1	4054	model.layers.5.mlp.act_fn	DECODE	[1,22016]	[1,11008]	9182206309	9182221153	NA	PASS
MP05	1	4055	model.layers.5.mlp.down_proj	DECODE	[1,11008]	[1,2048]	9182224906	9182252796	NA	PASS
MP05	1	4056	model.layers.6.self_attn	DECODE	null	[1,2048]	9182270981	9182457105	NA	PASS
MP05	1	4057	model.layers.6.mlp.gate_up_proj	DECODE	[1,2048]	[1,22016]	9182479331	9182508755	NA	PASS
MP05	1	4058	model.layers.6.mlp.act_fn	DECODE	[1,22016]	[1,11008]	9182513116	9182525643	NA	PASS
MP05	1	4059	model.layers.6.mlp.down_proj	DECODE	[1,11008]	[1,2048]	9182529092	9182557026	NA	PASS
MP05	1	4060	model.layers.7.self_attn	DECODE	null	[1,2048]	9182576894	9182764067	NA	PASS
MP05	1	4061	model.layers.7.mlp.gate_up_proj	DECODE	[1,2048]	[1,22016]	9182781546	9182810353	NA	PASS
MP05	1	4062	model.layers.7.mlp.act_fn	DECODE	[1,22016]	[1,11008]	9182814524	9182826640	NA	PASS
MP05	1	4063	model.layers.7.mlp.down_proj	DECODE	[1,11008]	[1,2048]	9182830019	9182857724	NA	PASS
MP05	1	4064	model.layers.8.self_attn	DECODE	null	[1,2048]	9182875707	9183055543	NA	PASS
MP05	1	4065	model.layers.8.mlp.gate_up_proj	DECODE	[1,2048]	[1,22016]	9183073164	9183102478	NA	PASS
MP05	1	4066	model.layers.8.mlp.act_fn	DECODE	[1,22016]	[1,11008]	9183106727	9183119290	NA	PASS
MP05	1	4067	model.layers.8.mlp.down_proj	DECODE	[1,11008]	[1,2048]	9183122761	9183149900	NA	PASS
MP05	1	4068	model.layers.9.self_attn	DECODE	null	[1,2048]	9183168421	9183358973	NA	PASS
MP05	1	4069	model.layers.9.mlp.gate_up_proj	DECODE	[1,2048]	[1,22016]	9183376809	9183405059	NA	PASS
MP05	1	4070	model.layers.9.mlp.act_fn	DECODE	[1,22016]	[1,11008]	9183409248	9183421627	NA	PASS
MP05	1	4071	model.layers.9.mlp.down_proj	DECODE	[1,11008]	[1,2048]	9183425208	9183452636	NA	PASS
MP05	1	4072	model.layers.10.self_attn	DECODE	null	[1,2048]	9183474452	9183660267	NA	PASS
MP05	1	4073	model.layers.10.mlp.gate_up_proj	DECODE	[1,2048]	[1,22016]	9183678243	9183707451	NA	PASS
MP05	1	4074	model.layers.10.mlp.act_fn	DECODE	[1,22016]	[1,11008]	9183711776	9183724100	NA	PASS
MP05	1	4075	model.layers.10.mlp.down_proj	DECODE	[1,11008]	[1,2048]	9183727544	9183754854	NA	PASS
MP05	1	4076	model.layers.11.self_attn	DECODE	null	[1,2048]	9183775369	9183959519	NA	PASS
MP05	1	4077	model.layers.11.mlp.gate_up_proj	DECODE	[1,2048]	[1,22016]	9183977332	9184005902	NA	PASS
MP05	1	4078	model.layers.11.mlp.act_fn	DECODE	[1,22016]	[1,11008]	9184010058	9184022492	NA	PASS
MP05	1	4079	model.layers.11.mlp.down_proj	DECODE	[1,11008]	[1,2048]	9184025961	9184053412	NA	PASS
MP05	1	4080	model.layers.12.self_attn	DECODE	null	[1,2048]	9184070632	9184259516	NA	PASS
MP05	1	4081	model.layers.12.mlp.gate_up_proj	DECODE	[1,2048]	[1,22016]	9184278011	9184308019	NA	PASS
MP05	1	4082	model.layers.12.mlp.act_fn	DECODE	[1,22016]	[1,11008]	9184312414	9184324973	NA	PASS
MP05	1	4083	model.layers.12.mlp.down_proj	DECODE	[1,11008]	[1,2048]	9184328649	9184356168	NA	PASS
MP05	1	4084	model.layers.13.self_attn	DECODE	null	[1,2048]	9184374397	9184560889	NA	PASS
MP05	1	4085	model.layers.13.mlp.gate_up_proj	DECODE	[1,2048]	[1,22016]	9184579329	9184608478	NA	PASS
MP05	1	4086	model.layers.13.mlp.act_fn	DECODE	[1,22016]	[1,11008]	9184612677	9184625933	NA	PASS
MP05	1	4087	model.layers.13.mlp.down_proj	DECODE	[1,11008]	[1,2048]	9184629526	9184656555	NA	PASS
MP05	1	4088	model.layers.14.self_attn	DECODE	null	[1,2048]	9184676906	9184857524	NA	PASS
MP05	1	4089	model.layers.14.mlp.gate_up_proj	DECODE	[1,2048]	[1,22016]	9184875103	9184903337	NA	PASS
MP05	1	4090	model.layers.14.mlp.act_fn	DECODE	[1,22016]	[1,11008]	9184907430	9184919631	NA	PASS
MP05	1	4091	model.layers.14.mlp.down_proj	DECODE	[1,11008]	[1,2048]	9184923038	9184950018	NA	PASS
MP05	1	4092	model.layers.15.self_attn	DECODE	null	[1,2048]	9184970024	9185151044	NA	PASS
MP05	1	4093	model.layers.15.mlp.gate_up_proj	DECODE	[1,2048]	[1,22016]	9185168444	9185196679	NA	PASS
MP05	1	4094	model.layers.15.mlp.act_fn	DECODE	[1,22016]	[1,11008]	9185201070	9185213382	NA	PASS
MP05	1	4095	model.layers.15.mlp.down_proj	DECODE	[1,11008]	[1,2048]	9185216804	9185245401	NA	PASS
MP05	1	4096	model.layers.16.self_attn	DECODE	null	[1,2048]	9185262833	9185449510	NA	PASS
MP05	1	4097	model.layers.16.mlp.gate_up_proj	DECODE	[1,2048]	[1,22016]	9185470499	9185499305	NA	PASS
MP05	1	4098	model.layers.16.mlp.act_fn	DECODE	[1,22016]	[1,11008]	9185503427	9185515805	NA	PASS
MP05	1	4099	model.layers.16.mlp.down_proj	DECODE	[1,11008]	[1,2048]	9185519541	9185547113	NA	PASS
MP05	1	4100	model.layers.17.self_attn	DECODE	null	[1,2048]	9185563961	9185745505	NA	PASS
MP05	1	4101	model.layers.17.mlp.gate_up_proj	DECODE	[1,2048]	[1,22016]	9185762796	9185790984	NA	PASS
MP05	1	4102	model.layers.17.mlp.act_fn	DECODE	[1,22016]	[1,11008]	9185795025	9185807129	NA	PASS
MP05	1	4103	model.layers.17.mlp.down_proj	DECODE	[1,11008]	[1,2048]	9185810579	9185837753	NA	PASS
MP05	1	4104	model.layers.18.self_attn	DECODE	null	[1,2048]	9185855020	9186035107	NA	PASS
MP05	1	4105	model.layers.18.mlp.gate_up_proj	DECODE	[1,2048]	[1,22016]	9186052353	9186080513	NA	PASS
MP05	1	4106	model.layers.18.mlp.act_fn	DECODE	[1,22016]	[1,11008]	9186084669	9186096942	NA	PASS
MP05	1	4107	model.layers.18.mlp.down_proj	DECODE	[1,11008]	[1,2048]	9186100667	9186127894	NA	PASS
MP05	1	4108	model.layers.19.self_attn	DECODE	null	[1,2048]	9186145663	9186327653	NA	PASS
MP05	1	4109	model.layers.19.mlp.gate_up_proj	DECODE	[1,2048]	[1,22016]	9186345808	9186375087	NA	PASS
MP05	1	4110	model.layers.19.mlp.act_fn	DECODE	[1,22016]	[1,11008]	9186379420	9186392076	NA	PASS
MP05	1	4111	model.layers.19.mlp.down_proj	DECODE	[1,11008]	[1,2048]	9186395752	9186423114	NA	PASS
MP05	1	4112	model.layers.20.self_attn	DECODE	null	[1,2048]	9186441088	9186635021	NA	PASS
MP05	1	4113	model.layers.20.mlp.gate_up_proj	DECODE	[1,2048]	[1,22016]	9186652733	9186681872	NA	PASS
MP05	1	4114	model.layers.20.mlp.act_fn	DECODE	[1,22016]	[1,11008]	9186686016	9186698296	NA	PASS
MP05	1	4115	model.layers.20.mlp.down_proj	DECODE	[1,11008]	[1,2048]	9186701945	9186728614	NA	PASS
MP05	1	4116	model.layers.21.self_attn	DECODE	null	[1,2048]	9186746721	9186929758	NA	PASS
MP05	1	4117	model.layers.21.mlp.gate_up_proj	DECODE	[1,2048]	[1,22016]	9186946897	9186975657	NA	PASS
MP05	1	4118	model.layers.21.mlp.act_fn	DECODE	[1,22016]	[1,11008]	9186979729	9186991872	NA	PASS
MP05	1	4119	model.layers.21.mlp.down_proj	DECODE	[1,11008]	[1,2048]	9186995415	9187022211	NA	PASS
MP05	1	4120	model.layers.22.self_attn	DECODE	null	[1,2048]	9187039459	9187220417	NA	PASS
MP05	1	4121	model.layers.22.mlp.gate_up_proj	DECODE	[1,2048]	[1,22016]	9187237824	9187266110	NA	PASS
MP05	1	4122	model.layers.22.mlp.act_fn	DECODE	[1,22016]	[1,11008]	9187270408	9187282883	NA	PASS
MP05	1	4123	model.layers.22.mlp.down_proj	DECODE	[1,11008]	[1,2048]	9187286238	9187312920	NA	PASS
MP05	1	4124	model.layers.23.self_attn	DECODE	null	[1,2048]	9187329744	9187517667	NA	PASS
MP05	1	4125	model.layers.23.mlp.gate_up_proj	DECODE	[1,2048]	[1,22016]	9187570608	9187601366	NA	PASS
MP05	1	4126	model.layers.23.mlp.act_fn	DECODE	[1,22016]	[1,11008]	9187605809	9187618817	NA	PASS
MP05	1	4127	model.layers.23.mlp.down_proj	DECODE	[1,11008]	[1,2048]	9187622608	9187651289	NA	PASS
MP05	1	4128	model.layers.24.self_attn	DECODE	null	[1,2048]	9187669951	9187870723	NA	PASS
MP05	1	4129	model.layers.24.mlp.gate_up_proj	DECODE	[1,2048]	[1,22016]	9187889165	9187919225	NA	PASS
MP05	1	4130	model.layers.24.mlp.act_fn	DECODE	[1,22016]	[1,11008]	9187923598	9187936767	NA	PASS
MP05	1	4131	model.layers.24.mlp.down_proj	DECODE	[1,11008]	[1,2048]	9187940507	9187968474	NA	PASS
MP05	1	4132	model.layers.25.self_attn	DECODE	null	[1,2048]	9187987095	9188175436	NA	PASS
MP05	1	4133	model.layers.25.mlp.gate_up_proj	DECODE	[1,2048]	[1,22016]	9188193395	9188222503	NA	PASS
MP05	1	4134	model.layers.25.mlp.act_fn	DECODE	[1,22016]	[1,11008]	9188226857	9188239511	NA	PASS
MP05	1	4135	model.layers.25.mlp.down_proj	DECODE	[1,11008]	[1,2048]	9188242930	9188270586	NA	PASS
MP05	1	4136	model.layers.26.self_attn	DECODE	null	[1,2048]	9188288791	9188480415	NA	PASS
MP05	1	4137	model.layers.26.mlp.gate_up_proj	DECODE	[1,2048]	[1,22016]	9188498684	9188527925	NA	PASS
MP05	1	4138	model.layers.26.mlp.act_fn	DECODE	[1,22016]	[1,11008]	9188532221	9188546347	NA	PASS
MP05	1	4139	model.layers.26.mlp.down_proj	DECODE	[1,11008]	[1,2048]	9188549985	9188578404	NA	PASS
MP05	1	4140	model.layers.27.self_attn	DECODE	null	[1,2048]	9188596610	9188783804	NA	PASS
MP05	1	4141	model.layers.27.mlp.gate_up_proj	DECODE	[1,2048]	[1,22016]	9188801646	9188830502	NA	PASS
MP05	1	4142	model.layers.27.mlp.act_fn	DECODE	[1,22016]	[1,11008]	9188836810	9188849192	NA	PASS
MP05	1	4143	model.layers.27.mlp.down_proj	DECODE	[1,11008]	[1,2048]	9188852648	9188880169	NA	PASS
MP05	1	4144	model.layers.28.self_attn	DECODE	null	[1,2048]	9188898207	9189085988	NA	PASS
MP05	1	4145	model.layers.28.mlp.gate_up_proj	DECODE	[1,2048]	[1,22016]	9189104471	9189133214	NA	PASS
MP05	1	4146	model.layers.28.mlp.act_fn	DECODE	[1,22016]	[1,11008]	9189137497	9189149662	NA	PASS
MP05	1	4147	model.layers.28.mlp.down_proj	DECODE	[1,11008]	[1,2048]	9189153145	9189179653	NA	PASS
MP05	1	4148	model.layers.29.self_attn	DECODE	null	[1,2048]	9189196922	9189377086	NA	PASS
MP05	1	4149	model.layers.29.mlp.gate_up_proj	DECODE	[1,2048]	[1,22016]	9189394588	9189422787	NA	PASS
MP05	1	4150	model.layers.29.mlp.act_fn	DECODE	[1,22016]	[1,11008]	9189426985	9189439233	NA	PASS
MP05	1	4151	model.layers.29.mlp.down_proj	DECODE	[1,11008]	[1,2048]	9189442800	9189472447	NA	PASS
MP05	1	4152	model.layers.30.self_attn	DECODE	null	[1,2048]	9189492182	9189678278	NA	PASS
MP05	1	4153	model.layers.30.mlp.gate_up_proj	DECODE	[1,2048]	[1,22016]	9189696355	9189724659	NA	PASS
MP05	1	4154	model.layers.30.mlp.act_fn	DECODE	[1,22016]	[1,11008]	9189728846	9189741503	NA	PASS
MP05	1	4155	model.layers.30.mlp.down_proj	DECODE	[1,11008]	[1,2048]	9189745105	9189773143	NA	PASS
MP05	1	4156	model.layers.31.self_attn	DECODE	null	[1,2048]	9189790776	9189971803	NA	PASS
MP05	1	4157	model.layers.31.mlp.gate_up_proj	DECODE	[1,2048]	[1,22016]	9189990284	9190020257	NA	PASS
MP05	1	4158	model.layers.31.mlp.act_fn	DECODE	[1,22016]	[1,11008]	9190024722	9190037421	NA	PASS
MP05	1	4159	model.layers.31.mlp.down_proj	DECODE	[1,11008]	[1,2048]	9190041092	9190071176	NA	PASS
MP05	1	4160	model.layers.32.self_attn	DECODE	null	[1,2048]	9190089243	9190279606	NA	PASS
MP05	1	4161	model.layers.32.mlp.gate_up_proj	DECODE	[1,2048]	[1,22016]	9190297773	9190326938	NA	PASS
MP05	1	4162	model.layers.32.mlp.act_fn	DECODE	[1,22016]	[1,11008]	9190331299	9190347325	NA	PASS
MP05	1	4163	model.layers.32.mlp.down_proj	DECODE	[1,11008]	[1,2048]	9190350859	9190377956	NA	PASS
MP05	1	4164	model.layers.33.self_attn	DECODE	null	[1,2048]	9190395456	9190585371	NA	PASS
MP05	1	4165	model.layers.33.mlp.gate_up_proj	DECODE	[1,2048]	[1,22016]	9190604208	9190633730	NA	PASS
MP05	1	4166	model.layers.33.mlp.act_fn	DECODE	[1,22016]	[1,11008]	9190638209	9190651166	NA	PASS
MP05	1	4167	model.layers.33.mlp.down_proj	DECODE	[1,11008]	[1,2048]	9190654785	9190682143	NA	PASS
MP05	1	4168	model.layers.34.self_attn	DECODE	null	[1,2048]	9190701039	9190896273	NA	PASS
MP05	1	4169	model.layers.34.mlp.gate_up_proj	DECODE	[1,2048]	[1,22016]	9190914767	9190944149	NA	PASS
MP05	1	4170	model.layers.34.mlp.act_fn	DECODE	[1,22016]	[1,11008]	9190948428	9190961075	NA	PASS
MP05	1	4171	model.layers.34.mlp.down_proj	DECODE	[1,11008]	[1,2048]	9190964733	9190995737	NA	PASS
MP05	1	4172	model.layers.35.self_attn	DECODE	null	[1,2048]	9191013360	9191198164	NA	PASS
MP05	1	4173	model.layers.35.mlp.gate_up_proj	DECODE	[1,2048]	[1,22016]	9191215660	9191244257	NA	PASS
MP05	1	4174	model.layers.35.mlp.act_fn	DECODE	[1,22016]	[1,11008]	9191248660	9191261015	NA	PASS
MP05	1	4175	model.layers.35.mlp.down_proj	DECODE	[1,11008]	[1,2048]	9191264716	9191292225	NA	PASS
MP05	1	4176	model.layers.0.self_attn	DECODE	null	[1,2048]	9192346984	9192654869	NA	PASS
MP05	1	4177	model.layers.0.mlp.gate_up_proj	DECODE	[1,2048]	[1,22016]	9192681287	9192715299	NA	PASS
MP05	1	4178	model.layers.0.mlp.act_fn	DECODE	[1,22016]	[1,11008]	9192720215	9192735136	NA	PASS
MP05	1	4179	model.layers.0.mlp.down_proj	DECODE	[1,11008]	[1,2048]	9192739229	9192769424	NA	PASS
MP05	1	4180	model.layers.1.self_attn	DECODE	null	[1,2048]	9192789923	9193009956	NA	PASS
MP05	1	4181	model.layers.1.mlp.gate_up_proj	DECODE	[1,2048]	[1,22016]	9193029806	9193059349	NA	PASS
MP05	1	4182	model.layers.1.mlp.act_fn	DECODE	[1,22016]	[1,11008]	9193066194	9193079531	NA	PASS
MP05	1	4183	model.layers.1.mlp.down_proj	DECODE	[1,11008]	[1,2048]	9193083196	9193111639	NA	PASS
MP05	1	4184	model.layers.2.self_attn	DECODE	null	[1,2048]	9193131610	9193333173	NA	PASS
MP05	1	4185	model.layers.2.mlp.gate_up_proj	DECODE	[1,2048]	[1,22016]	9193352322	9193381989	NA	PASS
MP05	1	4186	model.layers.2.mlp.act_fn	DECODE	[1,22016]	[1,11008]	9193386446	9193399057	NA	PASS
MP05	1	4187	model.layers.2.mlp.down_proj	DECODE	[1,11008]	[1,2048]	9193402620	9193430378	NA	PASS
MP05	1	4188	model.layers.3.self_attn	DECODE	null	[1,2048]	9193448831	9193646437	NA	PASS
MP05	1	4189	model.layers.3.mlp.gate_up_proj	DECODE	[1,2048]	[1,22016]	9193665132	9193693476	NA	PASS
MP05	1	4190	model.layers.3.mlp.act_fn	DECODE	[1,22016]	[1,11008]	9193697739	9193710396	NA	PASS
MP05	1	4191	model.layers.3.mlp.down_proj	DECODE	[1,11008]	[1,2048]	9193713867	9193741249	NA	PASS
MP05	1	4192	model.layers.4.self_attn	DECODE	null	[1,2048]	9193759645	9193946359	NA	PASS
MP05	1	4193	model.layers.4.mlp.gate_up_proj	DECODE	[1,2048]	[1,22016]	9193964426	9193993527	NA	PASS
MP05	1	4194	model.layers.4.mlp.act_fn	DECODE	[1,22016]	[1,11008]	9193997999	9194010464	NA	PASS
MP05	1	4195	model.layers.4.mlp.down_proj	DECODE	[1,11008]	[1,2048]	9194014076	9194041588	NA	PASS
MP05	1	4196	model.layers.5.self_attn	DECODE	null	[1,2048]	9194059945	9194255961	NA	PASS
MP05	1	4197	model.layers.5.mlp.gate_up_proj	DECODE	[1,2048]	[1,22016]	9194275127	9194305050	NA	PASS
MP05	1	4198	model.layers.5.mlp.act_fn	DECODE	[1,22016]	[1,11008]	9194309339	9194323732	NA	PASS
MP05	1	4199	model.layers.5.mlp.down_proj	DECODE	[1,11008]	[1,2048]	9194327329	9194355632	NA	PASS
MP05	1	4200	model.layers.6.self_attn	DECODE	null	[1,2048]	9194373658	9194568546	NA	PASS
MP05	1	4201	model.layers.6.mlp.gate_up_proj	DECODE	[1,2048]	[1,22016]	9194586995	9194616715	NA	PASS
MP05	1	4202	model.layers.6.mlp.act_fn	DECODE	[1,22016]	[1,11008]	9194620917	9194633728	NA	PASS
MP05	1	4203	model.layers.6.mlp.down_proj	DECODE	[1,11008]	[1,2048]	9194637432	9194665092	NA	PASS
MP05	1	4204	model.layers.7.self_attn	DECODE	null	[1,2048]	9194683262	9194869698	NA	PASS
MP05	1	4205	model.layers.7.mlp.gate_up_proj	DECODE	[1,2048]	[1,22016]	9194887272	9194916261	NA	PASS
MP05	1	4206	model.layers.7.mlp.act_fn	DECODE	[1,22016]	[1,11008]	9194920793	9194933105	NA	PASS
MP05	1	4207	model.layers.7.mlp.down_proj	DECODE	[1,11008]	[1,2048]	9194936627	9194963943	NA	PASS
MP05	1	4208	model.layers.8.self_attn	DECODE	null	[1,2048]	9194981840	9195163004	NA	PASS
MP05	1	4209	model.layers.8.mlp.gate_up_proj	DECODE	[1,2048]	[1,22016]	9195180654	9195209488	NA	PASS
MP05	1	4210	model.layers.8.mlp.act_fn	DECODE	[1,22016]	[1,11008]	9195213843	9195226888	NA	PASS
MP05	1	4211	model.layers.8.mlp.down_proj	DECODE	[1,11008]	[1,2048]	9195230522	9195258132	NA	PASS
MP05	1	4212	model.layers.9.self_attn	DECODE	null	[1,2048]	9195276752	9195473315	NA	PASS
MP05	1	4213	model.layers.9.mlp.gate_up_proj	DECODE	[1,2048]	[1,22016]	9195491652	9195520741	NA	PASS
MP05	1	4214	model.layers.9.mlp.act_fn	DECODE	[1,22016]	[1,11008]	9195527009	9195539847	NA	PASS
MP05	1	4215	model.layers.9.mlp.down_proj	DECODE	[1,11008]	[1,2048]	9195543190	9195571114	NA	PASS
MP05	1	4216	model.layers.10.self_attn	DECODE	null	[1,2048]	9195588549	9195776393	NA	PASS
MP05	1	4217	model.layers.10.mlp.gate_up_proj	DECODE	[1,2048]	[1,22016]	9195794363	9195822628	NA	PASS
MP05	1	4218	model.layers.10.mlp.act_fn	DECODE	[1,22016]	[1,11008]	9195827005	9195839702	NA	PASS
MP05	1	4219	model.layers.10.mlp.down_proj	DECODE	[1,11008]	[1,2048]	9195843302	9195870526	NA	PASS
MP05	1	4220	model.layers.11.self_attn	DECODE	null	[1,2048]	9195888148	9196069023	NA	PASS
MP05	1	4221	model.layers.11.mlp.gate_up_proj	DECODE	[1,2048]	[1,22016]	9196086656	9196115701	NA	PASS
MP05	1	4222	model.layers.11.mlp.act_fn	DECODE	[1,22016]	[1,11008]	9196119999	9196134377	NA	PASS
MP05	1	4223	model.layers.11.mlp.down_proj	DECODE	[1,11008]	[1,2048]	9196137707	9196164897	NA	PASS
MP05	1	4224	model.layers.12.self_attn	DECODE	null	[1,2048]	9196182262	9196360114	NA	PASS
MP05	1	4225	model.layers.12.mlp.gate_up_proj	DECODE	[1,2048]	[1,22016]	9196377274	9196405901	NA	PASS
MP05	1	4226	model.layers.12.mlp.act_fn	DECODE	[1,22016]	[1,11008]	9196410153	9196422318	NA	PASS
MP05	1	4227	model.layers.12.mlp.down_proj	DECODE	[1,11008]	[1,2048]	9196425846	9196452859	NA	PASS
MP05	1	4228	model.layers.13.self_attn	DECODE	null	[1,2048]	9196474755	9196663400	NA	PASS
MP05	1	4229	model.layers.13.mlp.gate_up_proj	DECODE	[1,2048]	[1,22016]	9196682825	9196712273	NA	PASS
MP05	1	4230	model.layers.13.mlp.act_fn	DECODE	[1,22016]	[1,11008]	9196716692	9196729633	NA	PASS
MP05	1	4231	model.layers.13.mlp.down_proj	DECODE	[1,11008]	[1,2048]	9196733166	9196761248	NA	PASS
MP05	1	4232	model.layers.14.self_attn	DECODE	null	[1,2048]	9196779267	9196962915	NA	PASS
MP05	1	4233	model.layers.14.mlp.gate_up_proj	DECODE	[1,2048]	[1,22016]	9196980745	9197009081	NA	PASS
MP05	1	4234	model.layers.14.mlp.act_fn	DECODE	[1,22016]	[1,11008]	9197013244	9197025580	NA	PASS
MP05	1	4235	model.layers.14.mlp.down_proj	DECODE	[1,11008]	[1,2048]	9197028886	9197056298	NA	PASS
MP05	1	4236	model.layers.15.self_attn	DECODE	null	[1,2048]	9197074507	9197253231	NA	PASS
MP05	1	4237	model.layers.15.mlp.gate_up_proj	DECODE	[1,2048]	[1,22016]	9197270421	9197298601	NA	PASS
MP05	1	4238	model.layers.15.mlp.act_fn	DECODE	[1,22016]	[1,11008]	9197302670	9197315225	NA	PASS
MP05	1	4239	model.layers.15.mlp.down_proj	DECODE	[1,11008]	[1,2048]	9197318640	9197346185	NA	PASS
MP05	1	4240	model.layers.16.self_attn	DECODE	null	[1,2048]	9197363673	9197553062	NA	PASS
MP05	1	4241	model.layers.16.mlp.gate_up_proj	DECODE	[1,2048]	[1,22016]	9197572325	9197602174	NA	PASS
MP05	1	4242	model.layers.16.mlp.act_fn	DECODE	[1,22016]	[1,11008]	9197606673	9197619219	NA	PASS
MP05	1	4243	model.layers.16.mlp.down_proj	DECODE	[1,11008]	[1,2048]	9197622767	9197650568	NA	PASS
MP05	1	4244	model.layers.17.self_attn	DECODE	null	[1,2048]	9197668846	9197861139	NA	PASS
MP05	1	4245	model.layers.17.mlp.gate_up_proj	DECODE	[1,2048]	[1,22016]	9197880044	9197914279	NA	PASS
MP05	1	4246	model.layers.17.mlp.act_fn	DECODE	[1,22016]	[1,11008]	9197918662	9197931232	NA	PASS
MP05	1	4247	model.layers.17.mlp.down_proj	DECODE	[1,11008]	[1,2048]	9197934872	9197962915	NA	PASS
MP05	1	4248	model.layers.18.self_attn	DECODE	null	[1,2048]	9197981335	9198168268	NA	PASS
MP05	1	4249	model.layers.18.mlp.gate_up_proj	DECODE	[1,2048]	[1,22016]	9198186050	9198214788	NA	PASS
MP05	1	4250	model.layers.18.mlp.act_fn	DECODE	[1,22016]	[1,11008]	9198219256	9198232140	NA	PASS
MP05	1	4251	model.layers.18.mlp.down_proj	DECODE	[1,11008]	[1,2048]	9198235675	9198265036	NA	PASS
MP05	1	4252	model.layers.19.self_attn	DECODE	null	[1,2048]	9198283696	9198469375	NA	PASS
MP05	1	4253	model.layers.19.mlp.gate_up_proj	DECODE	[1,2048]	[1,22016]	9198487600	9198517107	NA	PASS
MP05	1	4254	model.layers.19.mlp.act_fn	DECODE	[1,22016]	[1,11008]	9198521467	9198534219	NA	PASS
MP05	1	4255	model.layers.19.mlp.down_proj	DECODE	[1,11008]	[1,2048]	9198537754	9198565571	NA	PASS
MP05	1	4256	model.layers.20.self_attn	DECODE	null	[1,2048]	9198583557	9198780813	NA	PASS
MP05	1	4257	model.layers.20.mlp.gate_up_proj	DECODE	[1,2048]	[1,22016]	9198799160	9198828815	NA	PASS
MP05	1	4258	model.layers.20.mlp.act_fn	DECODE	[1,22016]	[1,11008]	9198833070	9198845847	NA	PASS
MP05	1	4259	model.layers.20.mlp.down_proj	DECODE	[1,11008]	[1,2048]	9198849738	9198878314	NA	PASS
MP05	1	4260	model.layers.21.self_attn	DECODE	null	[1,2048]	9198896536	9199085255	NA	PASS
MP05	1	4261	model.layers.21.mlp.gate_up_proj	DECODE	[1,2048]	[1,22016]	9199103005	9199131641	NA	PASS
MP05	1	4262	model.layers.21.mlp.act_fn	DECODE	[1,22016]	[1,11008]	9199135953	9199148525	NA	PASS
MP05	1	4263	model.layers.21.mlp.down_proj	DECODE	[1,11008]	[1,2048]	9199151961	9199179376	NA	PASS
MP05	1	4264	model.layers.22.self_attn	DECODE	null	[1,2048]	9199197334	9199385190	NA	PASS
MP05	1	4265	model.layers.22.mlp.gate_up_proj	DECODE	[1,2048]	[1,22016]	9199402880	9199433660	NA	PASS
MP05	1	4266	model.layers.22.mlp.act_fn	DECODE	[1,22016]	[1,11008]	9199438025	9199450731	NA	PASS
MP05	1	4267	model.layers.22.mlp.down_proj	DECODE	[1,11008]	[1,2048]	9199454231	9199485206	NA	PASS
MP05	1	4268	model.layers.23.self_attn	DECODE	null	[1,2048]	9199505829	9199700546	NA	PASS
MP05	1	4269	model.layers.23.mlp.gate_up_proj	DECODE	[1,2048]	[1,22016]	9199718635	9199748210	NA	PASS
MP05	1	4270	model.layers.23.mlp.act_fn	DECODE	[1,22016]	[1,11008]	9199752600	9199765569	NA	PASS
MP05	1	4271	model.layers.23.mlp.down_proj	DECODE	[1,11008]	[1,2048]	9199769234	9199796427	NA	PASS
MP05	1	4272	model.layers.24.self_attn	DECODE	null	[1,2048]	9199814354	9200002559	NA	PASS
MP05	1	4273	model.layers.24.mlp.gate_up_proj	DECODE	[1,2048]	[1,22016]	9200020407	9200048951	NA	PASS
MP05	1	4274	model.layers.24.mlp.act_fn	DECODE	[1,22016]	[1,11008]	9200053337	9200065580	NA	PASS
MP05	1	4275	model.layers.24.mlp.down_proj	DECODE	[1,11008]	[1,2048]	9200068984	9200096156	NA	PASS
MP05	1	4276	model.layers.25.self_attn	DECODE	null	[1,2048]	9200113566	9200295683	NA	PASS
MP05	1	4277	model.layers.25.mlp.gate_up_proj	DECODE	[1,2048]	[1,22016]	9200313287	9200340975	NA	PASS
MP05	1	4278	model.layers.25.mlp.act_fn	DECODE	[1,22016]	[1,11008]	9200346907	9200359412	NA	PASS
MP05	1	4279	model.layers.25.mlp.down_proj	DECODE	[1,11008]	[1,2048]	9200362880	9200390189	NA	PASS
MP05	1	4280	model.layers.26.self_attn	DECODE	null	[1,2048]	9200407817	9200605415	NA	PASS
MP05	1	4281	model.layers.26.mlp.gate_up_proj	DECODE	[1,2048]	[1,22016]	9200625241	9200655008	NA	PASS
MP05	1	4282	model.layers.26.mlp.act_fn	DECODE	[1,22016]	[1,11008]	9200659727	9200672641	NA	PASS
MP05	1	4283	model.layers.26.mlp.down_proj	DECODE	[1,11008]	[1,2048]	9200676250	9200704502	NA	PASS
MP05	1	4284	model.layers.27.self_attn	DECODE	null	[1,2048]	9200723216	9200908047	NA	PASS
MP05	1	4285	model.layers.27.mlp.gate_up_proj	DECODE	[1,2048]	[1,22016]	9200926559	9200955983	NA	PASS
MP05	1	4286	model.layers.27.mlp.act_fn	DECODE	[1,22016]	[1,11008]	9200960311	9200972938	NA	PASS
MP05	1	4287	model.layers.27.mlp.down_proj	DECODE	[1,11008]	[1,2048]	9200976513	9201003972	NA	PASS
MP05	1	4288	model.layers.28.self_attn	DECODE	null	[1,2048]	9201022318	9201202853	NA	PASS
MP05	1	4289	model.layers.28.mlp.gate_up_proj	DECODE	[1,2048]	[1,22016]	9201221146	9201250329	NA	PASS
MP05	1	4290	model.layers.28.mlp.act_fn	DECODE	[1,22016]	[1,11008]	9201254904	9201267460	NA	PASS
MP05	1	4291	model.layers.28.mlp.down_proj	DECODE	[1,11008]	[1,2048]	9201271040	9201299235	NA	PASS
MP05	1	4292	model.layers.29.self_attn	DECODE	null	[1,2048]	9201317601	9201514981	NA	PASS
MP05	1	4293	model.layers.29.mlp.gate_up_proj	DECODE	[1,2048]	[1,22016]	9201534149	9201562995	NA	PASS
MP05	1	4294	model.layers.29.mlp.act_fn	DECODE	[1,22016]	[1,11008]	9201567358	9201579941	NA	PASS
MP05	1	4295	model.layers.29.mlp.down_proj	DECODE	[1,11008]	[1,2048]	9201583426	9201611597	NA	PASS
MP05	1	4296	model.layers.30.self_attn	DECODE	null	[1,2048]	9201630075	9201823417	NA	PASS
MP05	1	4297	model.layers.30.mlp.gate_up_proj	DECODE	[1,2048]	[1,22016]	9201841451	9201870387	NA	PASS
MP05	1	4298	model.layers.30.mlp.act_fn	DECODE	[1,22016]	[1,11008]	9201874764	9201887074	NA	PASS
MP05	1	4299	model.layers.30.mlp.down_proj	DECODE	[1,11008]	[1,2048]	9201890493	9201917715	NA	PASS
MP05	1	4300	model.layers.31.self_attn	DECODE	null	[1,2048]	9201935929	9202121064	NA	PASS
MP05	1	4301	model.layers.31.mlp.gate_up_proj	DECODE	[1,2048]	[1,22016]	9202138794	9202167538	NA	PASS
MP05	1	4302	model.layers.31.mlp.act_fn	DECODE	[1,22016]	[1,11008]	9202171595	9202184159	NA	PASS
MP05	1	4303	model.layers.31.mlp.down_proj	DECODE	[1,11008]	[1,2048]	9202187823	9202215086	NA	PASS
MP05	1	4304	model.layers.32.self_attn	DECODE	null	[1,2048]	9202232714	9202409794	NA	PASS
MP05	1	4305	model.layers.32.mlp.gate_up_proj	DECODE	[1,2048]	[1,22016]	9202427285	9202456197	NA	PASS
MP05	1	4306	model.layers.32.mlp.act_fn	DECODE	[1,22016]	[1,11008]	9202464110	9202476380	NA	PASS
MP05	1	4307	model.layers.32.mlp.down_proj	DECODE	[1,11008]	[1,2048]	9202480032	9202507379	NA	PASS
MP05	1	4308	model.layers.33.self_attn	DECODE	null	[1,2048]	9202524808	9202718005	NA	PASS
MP05	1	4309	model.layers.33.mlp.gate_up_proj	DECODE	[1,2048]	[1,22016]	9202735958	9202764205	NA	PASS
MP05	1	4310	model.layers.33.mlp.act_fn	DECODE	[1,22016]	[1,11008]	9202768755	9202781585	NA	PASS
MP05	1	4311	model.layers.33.mlp.down_proj	DECODE	[1,11008]	[1,2048]	9202785359	9202814601	NA	PASS
MP05	1	4312	model.layers.34.self_attn	DECODE	null	[1,2048]	9202832471	9203017394	NA	PASS
MP05	1	4313	model.layers.34.mlp.gate_up_proj	DECODE	[1,2048]	[1,22016]	9203035341	9203063788	NA	PASS
MP05	1	4314	model.layers.34.mlp.act_fn	DECODE	[1,22016]	[1,11008]	9203067998	9203079928	NA	PASS
MP05	1	4315	model.layers.34.mlp.down_proj	DECODE	[1,11008]	[1,2048]	9203083332	9203110775	NA	PASS
MP05	1	4316	model.layers.35.self_attn	DECODE	null	[1,2048]	9203128156	9203306228	NA	PASS
MP05	1	4317	model.layers.35.mlp.gate_up_proj	DECODE	[1,2048]	[1,22016]	9203325841	9203354056	NA	PASS
MP05	1	4318	model.layers.35.mlp.act_fn	DECODE	[1,22016]	[1,11008]	9203358544	9203370857	NA	PASS
MP05	1	4319	model.layers.35.mlp.down_proj	DECODE	[1,11008]	[1,2048]	9203374265	9203404978	NA	PASS
MP05	1	4320	model.layers.0.self_attn	DECODE	null	[1,2048]	9204493370	9204757479	NA	PASS
MP05	1	4321	model.layers.0.mlp.gate_up_proj	DECODE	[1,2048]	[1,22016]	9204782786	9204816026	NA	PASS
MP05	1	4322	model.layers.0.mlp.act_fn	DECODE	[1,22016]	[1,11008]	9204821090	9204835899	NA	PASS
MP05	1	4323	model.layers.0.mlp.down_proj	DECODE	[1,11008]	[1,2048]	9204840318	9204870285	NA	PASS
MP05	1	4324	model.layers.1.self_attn	DECODE	null	[1,2048]	9204890359	9205100183	NA	PASS
MP05	1	4325	model.layers.1.mlp.gate_up_proj	DECODE	[1,2048]	[1,22016]	9205120388	9205150471	NA	PASS
MP05	1	4326	model.layers.1.mlp.act_fn	DECODE	[1,22016]	[1,11008]	9205155210	9205168641	NA	PASS
MP05	1	4327	model.layers.1.mlp.down_proj	DECODE	[1,11008]	[1,2048]	9205172599	9205201479	NA	PASS
MP05	1	4328	model.layers.2.self_attn	DECODE	null	[1,2048]	9205220958	9205431693	NA	PASS
MP05	1	4329	model.layers.2.mlp.gate_up_proj	DECODE	[1,2048]	[1,22016]	9205451486	9205486756	NA	PASS
MP05	1	4330	model.layers.2.mlp.act_fn	DECODE	[1,22016]	[1,11008]	9205491318	9205507181	NA	PASS
MP05	1	4331	model.layers.2.mlp.down_proj	DECODE	[1,11008]	[1,2048]	9205510873	9205539183	NA	PASS
MP05	1	4332	model.layers.3.self_attn	DECODE	null	[1,2048]	9205558659	9205758765	NA	PASS
MP05	1	4333	model.layers.3.mlp.gate_up_proj	DECODE	[1,2048]	[1,22016]	9205778216	9205808632	NA	PASS
MP05	1	4334	model.layers.3.mlp.act_fn	DECODE	[1,22016]	[1,11008]	9205813064	9205826326	NA	PASS
MP05	1	4335	model.layers.3.mlp.down_proj	DECODE	[1,11008]	[1,2048]	9205829741	9205858552	NA	PASS
MP05	1	4336	model.layers.4.self_attn	DECODE	null	[1,2048]	9205878189	9206079591	NA	PASS
MP05	1	4337	model.layers.4.mlp.gate_up_proj	DECODE	[1,2048]	[1,22016]	9206099085	9206129018	NA	PASS
MP05	1	4338	model.layers.4.mlp.act_fn	DECODE	[1,22016]	[1,11008]	9206133324	9206147748	NA	PASS
MP05	1	4339	model.layers.4.mlp.down_proj	DECODE	[1,11008]	[1,2048]	9206151197	9206179321	NA	PASS
MP05	1	4340	model.layers.5.self_attn	DECODE	null	[1,2048]	9206201310	9206408849	NA	PASS
MP05	1	4341	model.layers.5.mlp.gate_up_proj	DECODE	[1,2048]	[1,22016]	9206428629	9206457372	NA	PASS
MP05	1	4342	model.layers.5.mlp.act_fn	DECODE	[1,22016]	[1,11008]	9206465786	9206478987	NA	PASS
MP05	1	4343	model.layers.5.mlp.down_proj	DECODE	[1,11008]	[1,2048]	9206482634	9206511050	NA	PASS
MP05	1	4344	model.layers.6.self_attn	DECODE	null	[1,2048]	9206532788	9206801563	NA	PASS
MP05	1	4345	model.layers.6.mlp.gate_up_proj	DECODE	[1,2048]	[1,22016]	9206826301	9206857716	NA	PASS
MP05	1	4346	model.layers.6.mlp.act_fn	DECODE	[1,22016]	[1,11008]	9206862202	9206876206	NA	PASS
MP05	1	4347	model.layers.6.mlp.down_proj	DECODE	[1,11008]	[1,2048]	9206879860	9206908212	NA	PASS
MP05	1	4348	model.layers.7.self_attn	DECODE	null	[1,2048]	9206928033	9207146157	NA	PASS
MP05	1	4349	model.layers.7.mlp.gate_up_proj	DECODE	[1,2048]	[1,22016]	9207165784	9207194878	NA	PASS
MP05	1	4350	model.layers.7.mlp.act_fn	DECODE	[1,22016]	[1,11008]	9207199068	9207213633	NA	PASS
MP05	1	4351	model.layers.7.mlp.down_proj	DECODE	[1,11008]	[1,2048]	9207217367	9207245084	NA	PASS
MP05	1	4352	model.layers.8.self_attn	DECODE	null	[1,2048]	9207264039	9207457541	NA	PASS
MP05	1	4353	model.layers.8.mlp.gate_up_proj	DECODE	[1,2048]	[1,22016]	9207480778	9207511274	NA	PASS
MP05	1	4354	model.layers.8.mlp.act_fn	DECODE	[1,22016]	[1,11008]	9207515546	9207528104	NA	PASS
MP05	1	4355	model.layers.8.mlp.down_proj	DECODE	[1,11008]	[1,2048]	9207531675	9207559931	NA	PASS
MP05	1	4356	model.layers.9.self_attn	DECODE	null	[1,2048]	9207578584	9207770211	NA	PASS
MP05	1	4357	model.layers.9.mlp.gate_up_proj	DECODE	[1,2048]	[1,22016]	9207788368	9207817376	NA	PASS
MP05	1	4358	model.layers.9.mlp.act_fn	DECODE	[1,22016]	[1,11008]	9207821646	9207834432	NA	PASS
MP05	1	4359	model.layers.9.mlp.down_proj	DECODE	[1,11008]	[1,2048]	9207837942	9207865778	NA	PASS
MP05	1	4360	model.layers.10.self_attn	DECODE	null	[1,2048]	9207884167	9208074564	NA	PASS
MP05	1	4361	model.layers.10.mlp.gate_up_proj	DECODE	[1,2048]	[1,22016]	9208092709	9208121517	NA	PASS
MP05	1	4362	model.layers.10.mlp.act_fn	DECODE	[1,22016]	[1,11008]	9208125754	9208138300	NA	PASS
MP05	1	4363	model.layers.10.mlp.down_proj	DECODE	[1,11008]	[1,2048]	9208141875	9208169229	NA	PASS
MP05	1	4364	model.layers.11.self_attn	DECODE	null	[1,2048]	9208187400	9208383288	NA	PASS
MP05	1	4365	model.layers.11.mlp.gate_up_proj	DECODE	[1,2048]	[1,22016]	9208402569	9208432386	NA	PASS
MP05	1	4366	model.layers.11.mlp.act_fn	DECODE	[1,22016]	[1,11008]	9208437144	9208450171	NA	PASS
MP05	1	4367	model.layers.11.mlp.down_proj	DECODE	[1,11008]	[1,2048]	9208453814	9208497684	NA	PASS
MP05	1	4368	model.layers.12.self_attn	DECODE	null	[1,2048]	9208517023	9208713064	NA	PASS
MP05	1	4369	model.layers.12.mlp.gate_up_proj	DECODE	[1,2048]	[1,22016]	9208732366	9208761763	NA	PASS
MP05	1	4370	model.layers.12.mlp.act_fn	DECODE	[1,22016]	[1,11008]	9208766040	9208779276	NA	PASS
MP05	1	4371	model.layers.12.mlp.down_proj	DECODE	[1,11008]	[1,2048]	9208783023	9208810876	NA	PASS
MP05	1	4372	model.layers.13.self_attn	DECODE	null	[1,2048]	9208829595	9209018013	NA	PASS
MP05	1	4373	model.layers.13.mlp.gate_up_proj	DECODE	[1,2048]	[1,22016]	9209037748	9209067646	NA	PASS
MP05	1	4374	model.layers.13.mlp.act_fn	DECODE	[1,22016]	[1,11008]	9209072070	9209085190	NA	PASS
MP05	1	4375	model.layers.13.mlp.down_proj	DECODE	[1,11008]	[1,2048]	9209088732	9209119709	NA	PASS
MP05	1	4376	model.layers.14.self_attn	DECODE	null	[1,2048]	9209139058	9209333004	NA	PASS
MP05	1	4377	model.layers.14.mlp.gate_up_proj	DECODE	[1,2048]	[1,22016]	9209351723	9209381490	NA	PASS
MP05	1	4378	model.layers.14.mlp.act_fn	DECODE	[1,22016]	[1,11008]	9209385932	9209398798	NA	PASS
MP05	1	4379	model.layers.14.mlp.down_proj	DECODE	[1,11008]	[1,2048]	9209402464	9209430481	NA	PASS
MP05	1	4380	model.layers.15.self_attn	DECODE	null	[1,2048]	9209448851	9209651851	NA	PASS
MP05	1	4381	model.layers.15.mlp.gate_up_proj	DECODE	[1,2048]	[1,22016]	9209672241	9209701492	NA	PASS
MP05	1	4382	model.layers.15.mlp.act_fn	DECODE	[1,22016]	[1,11008]	9209708067	9209721349	NA	PASS
MP05	1	4383	model.layers.15.mlp.down_proj	DECODE	[1,11008]	[1,2048]	9209725029	9209753176	NA	PASS
MP05	1	4384	model.layers.16.self_attn	DECODE	null	[1,2048]	9209772129	9209956555	NA	PASS
MP05	1	4385	model.layers.16.mlp.gate_up_proj	DECODE	[1,2048]	[1,22016]	9209974544	9210003081	NA	PASS
MP05	1	4386	model.layers.16.mlp.act_fn	DECODE	[1,22016]	[1,11008]	9210007347	9210019522	NA	PASS
MP05	1	4387	model.layers.16.mlp.down_proj	DECODE	[1,11008]	[1,2048]	9210023072	9210049940	NA	PASS
MP05	1	4388	model.layers.17.self_attn	DECODE	null	[1,2048]	9210068685	9210253503	NA	PASS
MP05	1	4389	model.layers.17.mlp.gate_up_proj	DECODE	[1,2048]	[1,22016]	9210271496	9210299643	NA	PASS
MP05	1	4390	model.layers.17.mlp.act_fn	DECODE	[1,22016]	[1,11008]	9210303700	9210316097	NA	PASS
MP05	1	4391	model.layers.17.mlp.down_proj	DECODE	[1,11008]	[1,2048]	9210319769	9210346801	NA	PASS
MP05	1	4392	model.layers.18.self_attn	DECODE	null	[1,2048]	9210364464	9210564223	NA	PASS
MP05	1	4393	model.layers.18.mlp.gate_up_proj	DECODE	[1,2048]	[1,22016]	9210584276	9210614699	NA	PASS
MP05	1	4394	model.layers.18.mlp.act_fn	DECODE	[1,22016]	[1,11008]	9210619366	9210632231	NA	PASS
MP05	1	4395	model.layers.18.mlp.down_proj	DECODE	[1,11008]	[1,2048]	9210635850	9210668643	NA	PASS
MP05	1	4396	model.layers.19.self_attn	DECODE	null	[1,2048]	9210687652	9210876303	NA	PASS
MP05	1	4397	model.layers.19.mlp.gate_up_proj	DECODE	[1,2048]	[1,22016]	9210894375	9210923538	NA	PASS
MP05	1	4398	model.layers.19.mlp.act_fn	DECODE	[1,22016]	[1,11008]	9210929978	9210942870	NA	PASS
MP05	1	4399	model.layers.19.mlp.down_proj	DECODE	[1,11008]	[1,2048]	9210946531	9210974383	NA	PASS
MP05	1	4400	model.layers.20.self_attn	DECODE	null	[1,2048]	9210992368	9211175723	NA	PASS
MP05	1	4401	model.layers.20.mlp.gate_up_proj	DECODE	[1,2048]	[1,22016]	9211194006	9211222916	NA	PASS
MP05	1	4402	model.layers.20.mlp.act_fn	DECODE	[1,22016]	[1,11008]	9211227272	9211239661	NA	PASS
MP05	1	4403	model.layers.20.mlp.down_proj	DECODE	[1,11008]	[1,2048]	9211243173	9211270354	NA	PASS
MP05	1	4404	model.layers.21.self_attn	DECODE	null	[1,2048]	9211290810	9211492735	NA	PASS
MP05	1	4405	model.layers.21.mlp.gate_up_proj	DECODE	[1,2048]	[1,22016]	9211512222	9211541645	NA	PASS
MP05	1	4406	model.layers.21.mlp.act_fn	DECODE	[1,22016]	[1,11008]	9211545931	9211558504	NA	PASS
MP05	1	4407	model.layers.21.mlp.down_proj	DECODE	[1,11008]	[1,2048]	9211561946	9211588943	NA	PASS
MP05	1	4408	model.layers.22.self_attn	DECODE	null	[1,2048]	9211607088	9211801909	NA	PASS
MP05	1	4409	model.layers.22.mlp.gate_up_proj	DECODE	[1,2048]	[1,22016]	9211819647	9211847677	NA	PASS
MP05	1	4410	model.layers.22.mlp.act_fn	DECODE	[1,22016]	[1,11008]	9211851795	9211864347	NA	PASS
MP05	1	4411	model.layers.22.mlp.down_proj	DECODE	[1,11008]	[1,2048]	9211868097	9211895200	NA	PASS
MP05	1	4412	model.layers.23.self_attn	DECODE	null	[1,2048]	9211913266	9212098124	NA	PASS
MP05	1	4413	model.layers.23.mlp.gate_up_proj	DECODE	[1,2048]	[1,22016]	9212116826	9212146553	NA	PASS
MP05	1	4414	model.layers.23.mlp.act_fn	DECODE	[1,22016]	[1,11008]	9212150894	9212163506	NA	PASS
MP05	1	4415	model.layers.23.mlp.down_proj	DECODE	[1,11008]	[1,2048]	9212168850	9212196900	NA	PASS
MP05	1	4416	model.layers.24.self_attn	DECODE	null	[1,2048]	9212215898	9212408640	NA	PASS
MP05	1	4417	model.layers.24.mlp.gate_up_proj	DECODE	[1,2048]	[1,22016]	9212427017	9212455683	NA	PASS
MP05	1	4418	model.layers.24.mlp.act_fn	DECODE	[1,22016]	[1,11008]	9212463703	9212476380	NA	PASS
MP05	1	4419	model.layers.24.mlp.down_proj	DECODE	[1,11008]	[1,2048]	9212479838	9212506938	NA	PASS
MP05	1	4420	model.layers.25.self_attn	DECODE	null	[1,2048]	9212524730	9212711638	NA	PASS
MP05	1	4421	model.layers.25.mlp.gate_up_proj	DECODE	[1,2048]	[1,22016]	9212729343	9212758434	NA	PASS
MP05	1	4422	model.layers.25.mlp.act_fn	DECODE	[1,22016]	[1,11008]	9212763067	9212775712	NA	PASS
MP05	1	4423	model.layers.25.mlp.down_proj	DECODE	[1,11008]	[1,2048]	9212779564	9212806700	NA	PASS
MP05	1	4424	model.layers.26.self_attn	DECODE	null	[1,2048]	9212824625	9213007822	NA	PASS
MP05	1	4425	model.layers.26.mlp.gate_up_proj	DECODE	[1,2048]	[1,22016]	9213025698	9213054054	NA	PASS
MP05	1	4426	model.layers.26.mlp.act_fn	DECODE	[1,22016]	[1,11008]	9213058213	9213070653	NA	PASS
MP05	1	4427	model.layers.26.mlp.down_proj	DECODE	[1,11008]	[1,2048]	9213074163	9213101347	NA	PASS
MP05	1	4428	model.layers.27.self_attn	DECODE	null	[1,2048]	9213118525	9213295412	NA	PASS
MP05	1	4429	model.layers.27.mlp.gate_up_proj	DECODE	[1,2048]	[1,22016]	9213312645	9213340746	NA	PASS
MP05	1	4430	model.layers.27.mlp.act_fn	DECODE	[1,22016]	[1,11008]	9213344728	9213356599	NA	PASS
MP05	1	4431	model.layers.27.mlp.down_proj	DECODE	[1,11008]	[1,2048]	9213359959	9213387167	NA	PASS
MP05	1	4432	model.layers.28.self_attn	DECODE	null	[1,2048]	9213404644	9213602745	NA	PASS
MP05	1	4433	model.layers.28.mlp.gate_up_proj	DECODE	[1,2048]	[1,22016]	9213621666	9213650841	NA	PASS
MP05	1	4434	model.layers.28.mlp.act_fn	DECODE	[1,22016]	[1,11008]	9213655106	9213667927	NA	PASS
MP05	1	4435	model.layers.28.mlp.down_proj	DECODE	[1,11008]	[1,2048]	9213671276	9213701604	NA	PASS
MP05	1	4436	model.layers.29.self_attn	DECODE	null	[1,2048]	9213720207	9213907002	NA	PASS
MP05	1	4437	model.layers.29.mlp.gate_up_proj	DECODE	[1,2048]	[1,22016]	9213925410	9213954496	NA	PASS
MP05	1	4438	model.layers.29.mlp.act_fn	DECODE	[1,22016]	[1,11008]	9213958844	9213971413	NA	PASS
MP05	1	4439	model.layers.29.mlp.down_proj	DECODE	[1,11008]	[1,2048]	9213974889	9214002008	NA	PASS
MP05	1	4440	model.layers.30.self_attn	DECODE	null	[1,2048]	9214020319	9214203864	NA	PASS
MP05	1	4441	model.layers.30.mlp.gate_up_proj	DECODE	[1,2048]	[1,22016]	9214221876	9214251031	NA	PASS
MP05	1	4442	model.layers.30.mlp.act_fn	DECODE	[1,22016]	[1,11008]	9214255189	9214267415	NA	PASS
MP05	1	4443	model.layers.30.mlp.down_proj	DECODE	[1,11008]	[1,2048]	9214271048	9214298989	NA	PASS
MP05	1	4444	model.layers.31.self_attn	DECODE	null	[1,2048]	9214316681	9214506002	NA	PASS
MP05	1	4445	model.layers.31.mlp.gate_up_proj	DECODE	[1,2048]	[1,22016]	9214525465	9214555049	NA	PASS
MP05	1	4446	model.layers.31.mlp.act_fn	DECODE	[1,22016]	[1,11008]	9214559378	9214572281	NA	PASS
MP05	1	4447	model.layers.31.mlp.down_proj	DECODE	[1,11008]	[1,2048]	9214575824	9214603310	NA	PASS
MP05	1	4448	model.layers.32.self_attn	DECODE	null	[1,2048]	9214621568	9214816959	NA	PASS
MP05	1	4449	model.layers.32.mlp.gate_up_proj	DECODE	[1,2048]	[1,22016]	9214840120	9214869391	NA	PASS
MP05	1	4450	model.layers.32.mlp.act_fn	DECODE	[1,22016]	[1,11008]	9214873857	9214886805	NA	PASS
MP05	1	4451	model.layers.32.mlp.down_proj	DECODE	[1,11008]	[1,2048]	9214890342	9214917971	NA	PASS
MP05	1	4452	model.layers.33.self_attn	DECODE	null	[1,2048]	9214935810	9215117730	NA	PASS
MP05	1	4453	model.layers.33.mlp.gate_up_proj	DECODE	[1,2048]	[1,22016]	9215135268	9215163985	NA	PASS
MP05	1	4454	model.layers.33.mlp.act_fn	DECODE	[1,22016]	[1,11008]	9215168180	9215180731	NA	PASS
MP05	1	4455	model.layers.33.mlp.down_proj	DECODE	[1,11008]	[1,2048]	9215184234	9215210971	NA	PASS
MP05	1	4456	model.layers.34.self_attn	DECODE	null	[1,2048]	9215229156	9215411255	NA	PASS
MP05	1	4457	model.layers.34.mlp.gate_up_proj	DECODE	[1,2048]	[1,22016]	9215428257	9215456078	NA	PASS
MP05	1	4458	model.layers.34.mlp.act_fn	DECODE	[1,22016]	[1,11008]	9215463405	9215475851	NA	PASS
MP05	1	4459	model.layers.34.mlp.down_proj	DECODE	[1,11008]	[1,2048]	9215479247	9215506043	NA	PASS
MP05	1	4460	model.layers.35.self_attn	DECODE	null	[1,2048]	9215523813	9215704102	NA	PASS
MP05	1	4461	model.layers.35.mlp.gate_up_proj	DECODE	[1,2048]	[1,22016]	9215722997	9215752590	NA	PASS
MP05	1	4462	model.layers.35.mlp.act_fn	DECODE	[1,22016]	[1,11008]	9215757104	9215769759	NA	PASS
MP05	1	4463	model.layers.35.mlp.down_proj	DECODE	[1,11008]	[1,2048]	9215773044	9215800853	NA	PASS
MP05	1	4464	model.layers.0.self_attn	DECODE	null	[1,2048]	9216887605	9217165719	NA	PASS
MP05	1	4465	model.layers.0.mlp.gate_up_proj	DECODE	[1,2048]	[1,22016]	9217191372	9217225300	NA	PASS
MP05	1	4466	model.layers.0.mlp.act_fn	DECODE	[1,22016]	[1,11008]	9217233574	9217248953	NA	PASS
MP05	1	4467	model.layers.0.mlp.down_proj	DECODE	[1,11008]	[1,2048]	9217253028	9217283430	NA	PASS
MP05	1	4468	model.layers.1.self_attn	DECODE	null	[1,2048]	9217304806	9217533482	NA	PASS
MP05	1	4469	model.layers.1.mlp.gate_up_proj	DECODE	[1,2048]	[1,22016]	9217554165	9217584949	NA	PASS
MP05	1	4470	model.layers.1.mlp.act_fn	DECODE	[1,22016]	[1,11008]	9217589359	9217602970	NA	PASS
MP05	1	4471	model.layers.1.mlp.down_proj	DECODE	[1,11008]	[1,2048]	9217606907	9217635994	NA	PASS
MP05	1	4472	model.layers.2.self_attn	DECODE	null	[1,2048]	9217657400	9217862667	NA	PASS
MP05	1	4473	model.layers.2.mlp.gate_up_proj	DECODE	[1,2048]	[1,22016]	9217881999	9217911447	NA	PASS
MP05	1	4474	model.layers.2.mlp.act_fn	DECODE	[1,22016]	[1,11008]	9217915917	9217928652	NA	PASS
MP05	1	4475	model.layers.2.mlp.down_proj	DECODE	[1,11008]	[1,2048]	9217932358	9217960598	NA	PASS
MP05	1	4476	model.layers.3.self_attn	DECODE	null	[1,2048]	9217979206	9218171903	NA	PASS
MP05	1	4477	model.layers.3.mlp.gate_up_proj	DECODE	[1,2048]	[1,22016]	9218190142	9218219747	NA	PASS
MP05	1	4478	model.layers.3.mlp.act_fn	DECODE	[1,22016]	[1,11008]	9218224047	9218238978	NA	PASS
MP05	1	4479	model.layers.3.mlp.down_proj	DECODE	[1,11008]	[1,2048]	9218242771	9218271446	NA	PASS
MP05	1	4480	model.layers.4.self_attn	DECODE	null	[1,2048]	9218290240	9218485103	NA	PASS
MP05	1	4481	model.layers.4.mlp.gate_up_proj	DECODE	[1,2048]	[1,22016]	9218503539	9218533494	NA	PASS
MP05	1	4482	model.layers.4.mlp.act_fn	DECODE	[1,22016]	[1,11008]	9218538188	9218551296	NA	PASS
MP05	1	4483	model.layers.4.mlp.down_proj	DECODE	[1,11008]	[1,2048]	9218554920	9218582964	NA	PASS
MP05	1	4484	model.layers.5.self_attn	DECODE	null	[1,2048]	9218601680	9218804414	NA	PASS
MP05	1	4485	model.layers.5.mlp.gate_up_proj	DECODE	[1,2048]	[1,22016]	9218823425	9218852965	NA	PASS
MP05	1	4486	model.layers.5.mlp.act_fn	DECODE	[1,22016]	[1,11008]	9218857490	9218870252	NA	PASS
MP05	1	4487	model.layers.5.mlp.down_proj	DECODE	[1,11008]	[1,2048]	9218873967	9218902113	NA	PASS
MP05	1	4488	model.layers.6.self_attn	DECODE	null	[1,2048]	9218922716	9219115134	NA	PASS
MP05	1	4489	model.layers.6.mlp.gate_up_proj	DECODE	[1,2048]	[1,22016]	9219133453	9219162876	NA	PASS
MP05	1	4490	model.layers.6.mlp.act_fn	DECODE	[1,22016]	[1,11008]	9219167136	9219179565	NA	PASS
MP05	1	4491	model.layers.6.mlp.down_proj	DECODE	[1,11008]	[1,2048]	9219184591	9219212708	NA	PASS
MP05	1	4492	model.layers.7.self_attn	DECODE	null	[1,2048]	9219231710	9219420241	NA	PASS
MP05	1	4493	model.layers.7.mlp.gate_up_proj	DECODE	[1,2048]	[1,22016]	9219437714	9219470275	NA	PASS
MP05	1	4494	model.layers.7.mlp.act_fn	DECODE	[1,22016]	[1,11008]	9219474512	9219486739	NA	PASS
MP05	1	4495	model.layers.7.mlp.down_proj	DECODE	[1,11008]	[1,2048]	9219490307	9219517956	NA	PASS
MP05	1	4496	model.layers.8.self_attn	DECODE	null	[1,2048]	9219536289	9219720040	NA	PASS
MP05	1	4497	model.layers.8.mlp.gate_up_proj	DECODE	[1,2048]	[1,22016]	9219738675	9219767861	NA	PASS
MP05	1	4498	model.layers.8.mlp.act_fn	DECODE	[1,22016]	[1,11008]	9219772262	9219784825	NA	PASS
MP05	1	4499	model.layers.8.mlp.down_proj	DECODE	[1,11008]	[1,2048]	9219788420	9219816644	NA	PASS
MP05	1	4500	model.layers.9.self_attn	DECODE	null	[1,2048]	9219837614	9220030881	NA	PASS
MP05	1	4501	model.layers.9.mlp.gate_up_proj	DECODE	[1,2048]	[1,22016]	9220049247	9220078236	NA	PASS
MP05	1	4502	model.layers.9.mlp.act_fn	DECODE	[1,22016]	[1,11008]	9220082625	9220094980	NA	PASS
MP05	1	4503	model.layers.9.mlp.down_proj	DECODE	[1,11008]	[1,2048]	9220098566	9220125497	NA	PASS
MP05	1	4504	model.layers.10.self_attn	DECODE	null	[1,2048]	9220145325	9220336605	NA	PASS
MP05	1	4505	model.layers.10.mlp.gate_up_proj	DECODE	[1,2048]	[1,22016]	9220353820	9220381926	NA	PASS
MP05	1	4506	model.layers.10.mlp.act_fn	DECODE	[1,22016]	[1,11008]	9220386337	9220398497	NA	PASS
MP05	1	4507	model.layers.10.mlp.down_proj	DECODE	[1,11008]	[1,2048]	9220401913	9220429299	NA	PASS
MP05	1	4508	model.layers.11.self_attn	DECODE	null	[1,2048]	9220446881	9220634578	NA	PASS
MP05	1	4509	model.layers.11.mlp.gate_up_proj	DECODE	[1,2048]	[1,22016]	9220652228	9220681309	NA	PASS
MP05	1	4510	model.layers.11.mlp.act_fn	DECODE	[1,22016]	[1,11008]	9220685597	9220697792	NA	PASS
MP05	1	4511	model.layers.11.mlp.down_proj	DECODE	[1,11008]	[1,2048]	9220701180	9220728809	NA	PASS
MP05	1	4512	model.layers.12.self_attn	DECODE	null	[1,2048]	9220747250	9220982902	NA	PASS
MP05	1	4513	model.layers.12.mlp.gate_up_proj	DECODE	[1,2048]	[1,22016]	9221003072	9221032950	NA	PASS
MP05	1	4514	model.layers.12.mlp.act_fn	DECODE	[1,22016]	[1,11008]	9221037285	9221050215	NA	PASS
MP05	1	4515	model.layers.12.mlp.down_proj	DECODE	[1,11008]	[1,2048]	9221053787	9221081864	NA	PASS
MP05	1	4516	model.layers.13.self_attn	DECODE	null	[1,2048]	9221100160	9221299808	NA	PASS
MP05	1	4517	model.layers.13.mlp.gate_up_proj	DECODE	[1,2048]	[1,22016]	9221317725	9221346392	NA	PASS
MP05	1	4518	model.layers.13.mlp.act_fn	DECODE	[1,22016]	[1,11008]	9221350691	9221366488	NA	PASS
MP05	1	4519	model.layers.13.mlp.down_proj	DECODE	[1,11008]	[1,2048]	9221370049	9221397954	NA	PASS
MP05	1	4520	model.layers.14.self_attn	DECODE	null	[1,2048]	9221418086	9221623035	NA	PASS
MP05	1	4521	model.layers.14.mlp.gate_up_proj	DECODE	[1,2048]	[1,22016]	9221641423	9221670670	NA	PASS
MP05	1	4522	model.layers.14.mlp.act_fn	DECODE	[1,22016]	[1,11008]	9221674937	9221687225	NA	PASS
MP05	1	4523	model.layers.14.mlp.down_proj	DECODE	[1,11008]	[1,2048]	9221690852	9221718317	NA	PASS
MP05	1	4524	model.layers.15.self_attn	DECODE	null	[1,2048]	9221735766	9221921170	NA	PASS
MP05	1	4525	model.layers.15.mlp.gate_up_proj	DECODE	[1,2048]	[1,22016]	9221938957	9221967870	NA	PASS
MP05	1	4526	model.layers.15.mlp.act_fn	DECODE	[1,22016]	[1,11008]	9221972061	9221984127	NA	PASS
MP05	1	4527	model.layers.15.mlp.down_proj	DECODE	[1,11008]	[1,2048]	9221987604	9222014837	NA	PASS
MP05	1	4528	model.layers.16.self_attn	DECODE	null	[1,2048]	9222033125	9222219763	NA	PASS
MP05	1	4529	model.layers.16.mlp.gate_up_proj	DECODE	[1,2048]	[1,22016]	9222237059	9222265742	NA	PASS
MP05	1	4530	model.layers.16.mlp.act_fn	DECODE	[1,22016]	[1,11008]	9222272467	9222285009	NA	PASS
MP05	1	4531	model.layers.16.mlp.down_proj	DECODE	[1,11008]	[1,2048]	9222288440	9222315870	NA	PASS
MP05	1	4532	model.layers.17.self_attn	DECODE	null	[1,2048]	9222334595	9222523887	NA	PASS
MP05	1	4533	model.layers.17.mlp.gate_up_proj	DECODE	[1,2048]	[1,22016]	9222546418	9222575339	NA	PASS
MP05	1	4534	model.layers.17.mlp.act_fn	DECODE	[1,22016]	[1,11008]	9222579521	9222592091	NA	PASS
MP05	1	4535	model.layers.17.mlp.down_proj	DECODE	[1,11008]	[1,2048]	9222598987	9222626660	NA	PASS
MP05	1	4536	model.layers.18.self_attn	DECODE	null	[1,2048]	9222646517	9222835311	NA	PASS
MP05	1	4537	model.layers.18.mlp.gate_up_proj	DECODE	[1,2048]	[1,22016]	9222853245	9222881956	NA	PASS
MP05	1	4538	model.layers.18.mlp.act_fn	DECODE	[1,22016]	[1,11008]	9222886116	9222898222	NA	PASS
MP05	1	4539	model.layers.18.mlp.down_proj	DECODE	[1,11008]	[1,2048]	9222901578	9222928469	NA	PASS
MP05	1	4540	model.layers.19.self_attn	DECODE	null	[1,2048]	9222946258	9223125924	NA	PASS
MP05	1	4541	model.layers.19.mlp.gate_up_proj	DECODE	[1,2048]	[1,22016]	9223143475	9223172021	NA	PASS
MP05	1	4542	model.layers.19.mlp.act_fn	DECODE	[1,22016]	[1,11008]	9223176283	9223188604	NA	PASS
MP05	1	4543	model.layers.19.mlp.down_proj	DECODE	[1,11008]	[1,2048]	9223192150	9223219057	NA	PASS
MP05	1	4544	model.layers.20.self_attn	DECODE	null	[1,2048]	9223237249	9223422716	NA	PASS
MP05	1	4545	model.layers.20.mlp.gate_up_proj	DECODE	[1,2048]	[1,22016]	9223440539	9223475749	NA	PASS
MP05	1	4546	model.layers.20.mlp.act_fn	DECODE	[1,22016]	[1,11008]	9223480029	9223494944	NA	PASS
MP05	1	4547	model.layers.20.mlp.down_proj	DECODE	[1,11008]	[1,2048]	9223498529	9223526356	NA	PASS
MP05	1	4548	model.layers.21.self_attn	DECODE	null	[1,2048]	9223544975	9223733298	NA	PASS
MP05	1	4549	model.layers.21.mlp.gate_up_proj	DECODE	[1,2048]	[1,22016]	9223751449	9223780800	NA	PASS
MP05	1	4550	model.layers.21.mlp.act_fn	DECODE	[1,22016]	[1,11008]	9223785235	9223797821	NA	PASS
MP05	1	4551	model.layers.21.mlp.down_proj	DECODE	[1,11008]	[1,2048]	9223801487	9223829595	NA	PASS
MP05	1	4552	model.layers.22.self_attn	DECODE	null	[1,2048]	9223849559	9224039044	NA	PASS
MP05	1	4553	model.layers.22.mlp.gate_up_proj	DECODE	[1,2048]	[1,22016]	9224057967	9224087942	NA	PASS
MP05	1	4554	model.layers.22.mlp.act_fn	DECODE	[1,22016]	[1,11008]	9224092307	9224104654	NA	PASS
MP05	1	4555	model.layers.22.mlp.down_proj	DECODE	[1,11008]	[1,2048]	9224108541	9224136903	NA	PASS
MP05	1	4556	model.layers.23.self_attn	DECODE	null	[1,2048]	9224154911	9224342854	NA	PASS
MP05	1	4557	model.layers.23.mlp.gate_up_proj	DECODE	[1,2048]	[1,22016]	9224360216	9224388982	NA	PASS
MP05	1	4558	model.layers.23.mlp.act_fn	DECODE	[1,22016]	[1,11008]	9224393193	9224405787	NA	PASS
MP05	1	4559	model.layers.23.mlp.down_proj	DECODE	[1,11008]	[1,2048]	9224409458	9224436907	NA	PASS
MP05	1	4560	model.layers.24.self_attn	DECODE	null	[1,2048]	9224454982	9224639776	NA	PASS
MP05	1	4561	model.layers.24.mlp.gate_up_proj	DECODE	[1,2048]	[1,22016]	9224657800	9224687167	NA	PASS
MP05	1	4562	model.layers.24.mlp.act_fn	DECODE	[1,22016]	[1,11008]	9224691634	9224706023	NA	PASS
MP05	1	4563	model.layers.24.mlp.down_proj	DECODE	[1,11008]	[1,2048]	9224709487	9224737358	NA	PASS
MP05	1	4564	model.layers.25.self_attn	DECODE	null	[1,2048]	9224759619	9224946255	NA	PASS
MP05	1	4565	model.layers.25.mlp.gate_up_proj	DECODE	[1,2048]	[1,22016]	9224964173	9224993545	NA	PASS
MP05	1	4566	model.layers.25.mlp.act_fn	DECODE	[1,22016]	[1,11008]	9224998020	9225010453	NA	PASS
MP05	1	4567	model.layers.25.mlp.down_proj	DECODE	[1,11008]	[1,2048]	9225013981	9225041316	NA	PASS
MP05	1	4568	model.layers.26.self_attn	DECODE	null	[1,2048]	9225060583	9225240113	NA	PASS
MP05	1	4569	model.layers.26.mlp.gate_up_proj	DECODE	[1,2048]	[1,22016]	9225257273	9225285756	NA	PASS
MP05	1	4570	model.layers.26.mlp.act_fn	DECODE	[1,22016]	[1,11008]	9225289954	9225302094	NA	PASS
MP05	1	4571	model.layers.26.mlp.down_proj	DECODE	[1,11008]	[1,2048]	9225305425	9225332882	NA	PASS
MP05	1	4572	model.layers.27.self_attn	DECODE	null	[1,2048]	9225350633	9225532342	NA	PASS
MP05	1	4573	model.layers.27.mlp.gate_up_proj	DECODE	[1,2048]	[1,22016]	9225550198	9225578562	NA	PASS
MP05	1	4574	model.layers.27.mlp.act_fn	DECODE	[1,22016]	[1,11008]	9225582681	9225594794	NA	PASS
MP05	1	4575	model.layers.27.mlp.down_proj	DECODE	[1,11008]	[1,2048]	9225598089	9225625151	NA	PASS
MP05	1	4576	model.layers.28.self_attn	DECODE	null	[1,2048]	9225642878	9225820251	NA	PASS
MP05	1	4577	model.layers.28.mlp.gate_up_proj	DECODE	[1,2048]	[1,22016]	9225837907	9225866439	NA	PASS
MP05	1	4578	model.layers.28.mlp.act_fn	DECODE	[1,22016]	[1,11008]	9225870618	9225882833	NA	PASS
MP05	1	4579	model.layers.28.mlp.down_proj	DECODE	[1,11008]	[1,2048]	9225886125	9225912749	NA	PASS
MP05	1	4580	model.layers.29.self_attn	DECODE	null	[1,2048]	9225930284	9226113576	NA	PASS
MP05	1	4581	model.layers.29.mlp.gate_up_proj	DECODE	[1,2048]	[1,22016]	9226131563	9226160874	NA	PASS
MP05	1	4582	model.layers.29.mlp.act_fn	DECODE	[1,22016]	[1,11008]	9226165254	9226177652	NA	PASS
MP05	1	4583	model.layers.29.mlp.down_proj	DECODE	[1,11008]	[1,2048]	9226183278	9226210834	NA	PASS
MP05	1	4584	model.layers.30.self_attn	DECODE	null	[1,2048]	9226230553	9226411912	NA	PASS
MP05	1	4585	model.layers.30.mlp.gate_up_proj	DECODE	[1,2048]	[1,22016]	9226429215	9226458267	NA	PASS
MP05	1	4586	model.layers.30.mlp.act_fn	DECODE	[1,22016]	[1,11008]	9226466002	9226478542	NA	PASS
MP05	1	4587	model.layers.30.mlp.down_proj	DECODE	[1,11008]	[1,2048]	9226482129	9226514366	NA	PASS
MP05	1	4588	model.layers.31.self_attn	DECODE	null	[1,2048]	9226531714	9226708900	NA	PASS
MP05	1	4589	model.layers.31.mlp.gate_up_proj	DECODE	[1,2048]	[1,22016]	9226726517	9226754861	NA	PASS
MP05	1	4590	model.layers.31.mlp.act_fn	DECODE	[1,22016]	[1,11008]	9226759107	9226771626	NA	PASS
MP05	1	4591	model.layers.31.mlp.down_proj	DECODE	[1,11008]	[1,2048]	9226775601	9226803265	NA	PASS
MP05	1	4592	model.layers.32.self_attn	DECODE	null	[1,2048]	9226820889	9226998535	NA	PASS
MP05	1	4593	model.layers.32.mlp.gate_up_proj	DECODE	[1,2048]	[1,22016]	9227016189	9227045329	NA	PASS
MP05	1	4594	model.layers.32.mlp.act_fn	DECODE	[1,22016]	[1,11008]	9227051871	9227064712	NA	PASS
MP05	1	4595	model.layers.32.mlp.down_proj	DECODE	[1,11008]	[1,2048]	9227068273	9227095613	NA	PASS
MP05	1	4596	model.layers.33.self_attn	DECODE	null	[1,2048]	9227114293	9227304334	NA	PASS
MP05	1	4597	model.layers.33.mlp.gate_up_proj	DECODE	[1,2048]	[1,22016]	9227322102	9227351061	NA	PASS
MP05	1	4598	model.layers.33.mlp.act_fn	DECODE	[1,22016]	[1,11008]	9227355176	9227367722	NA	PASS
MP05	1	4599	model.layers.33.mlp.down_proj	DECODE	[1,11008]	[1,2048]	9227371242	9227398491	NA	PASS
MP05	1	4600	model.layers.34.self_attn	DECODE	null	[1,2048]	9227419342	9227608497	NA	PASS
MP05	1	4601	model.layers.34.mlp.gate_up_proj	DECODE	[1,2048]	[1,22016]	9227626164	9227654807	NA	PASS
MP05	1	4602	model.layers.34.mlp.act_fn	DECODE	[1,22016]	[1,11008]	9227658995	9227671029	NA	PASS
MP05	1	4603	model.layers.34.mlp.down_proj	DECODE	[1,11008]	[1,2048]	9227674568	9227701249	NA	PASS
MP05	1	4604	model.layers.35.self_attn	DECODE	null	[1,2048]	9227718251	9227900643	NA	PASS
MP05	1	4605	model.layers.35.mlp.gate_up_proj	DECODE	[1,2048]	[1,22016]	9227918180	9227951325	NA	PASS
MP05	1	4606	model.layers.35.mlp.act_fn	DECODE	[1,22016]	[1,11008]	9227955718	9227968263	NA	PASS
MP05	1	4607	model.layers.35.mlp.down_proj	DECODE	[1,11008]	[1,2048]	9227971910	9227999434	NA	PASS
