plan_id	split_id	source_roi	reference_arm	candidate_arm	metric	reference_value	estimate	absolute_error	relative_error	percentage_point_error	interval_kind	interval_low	interval_high	effect_reference	effect_estimate	effect_resolution	prediction_verdict	validation_verdict	test_set_previously_seen	scope
LAYER_ANCHOR_CHEAP_V1__B12	C12_RETROSPECTIVE_ALL_SEEN	prefill	F0	NA	unique_64KiB_pages_WEIGHT	15443	8178	7265	0.470439681409	NA	EXACT_SET_COMPARISON_NO_SAMPLING_CI	NA	NA	NA	NA	NA	FAIL	FAIL	TRUE	TRACE_DERIVED_EXACT_UNION; sample plan is cheap/oracle as named
LAYER_ANCHOR_CHEAP_V1__B12	C12_RETROSPECTIVE_ALL_SEEN	prefill	F0	NA	unique_64KiB_pages_KV_CACHE	64	14	50	0.78125	NA	EXACT_SET_COMPARISON_NO_SAMPLING_CI	NA	NA	NA	NA	NA	FAIL	FAIL	TRUE	TRACE_DERIVED_EXACT_UNION; sample plan is cheap/oracle as named
LAYER_ANCHOR_CHEAP_V1__B12	C12_RETROSPECTIVE_ALL_SEEN	prefill	F0	NA	unique_64KiB_pages_UNKNOWN	2161	2118	43	0.01989819528	NA	EXACT_SET_COMPARISON_NO_SAMPLING_CI	NA	NA	NA	NA	NA	PASS	PASS	TRUE	TRACE_DERIVED_EXACT_UNION; sample plan is cheap/oracle as named
LAYER_ANCHOR_CHEAP_V1__B24	C12_RETROSPECTIVE_ALL_SEEN	prefill	F0	NA	unique_64KiB_pages_WEIGHT	15443	8085	7358	0.476461827365	NA	EXACT_SET_COMPARISON_NO_SAMPLING_CI	NA	NA	NA	NA	NA	FAIL	FAIL	TRUE	TRACE_DERIVED_EXACT_UNION; sample plan is cheap/oracle as named
LAYER_ANCHOR_CHEAP_V1__B24	C12_RETROSPECTIVE_ALL_SEEN	prefill	F0	NA	unique_64KiB_pages_KV_CACHE	64	2	62	0.96875	NA	EXACT_SET_COMPARISON_NO_SAMPLING_CI	NA	NA	NA	NA	NA	FAIL	FAIL	TRUE	TRACE_DERIVED_EXACT_UNION; sample plan is cheap/oracle as named
LAYER_ANCHOR_CHEAP_V1__B24	C12_RETROSPECTIVE_ALL_SEEN	prefill	F0	NA	unique_64KiB_pages_UNKNOWN	2161	2082	79	0.0365571494678	NA	EXACT_SET_COMPARISON_NO_SAMPLING_CI	NA	NA	NA	NA	NA	PASS	PASS	TRUE	TRACE_DERIVED_EXACT_UNION; sample plan is cheap/oracle as named
LAYER_ANCHOR_CHEAP_V1__B48	C12_RETROSPECTIVE_ALL_SEEN	prefill	F0	NA	unique_64KiB_pages_WEIGHT	15443	8343	7100	0.459755228906	NA	EXACT_SET_COMPARISON_NO_SAMPLING_CI	NA	NA	NA	NA	NA	FAIL	FAIL	TRUE	TRACE_DERIVED_EXACT_UNION; sample plan is cheap/oracle as named
LAYER_ANCHOR_CHEAP_V1__B48	C12_RETROSPECTIVE_ALL_SEEN	prefill	F0	NA	unique_64KiB_pages_KV_CACHE	64	28	36	0.5625	NA	EXACT_SET_COMPARISON_NO_SAMPLING_CI	NA	NA	NA	NA	NA	FAIL	FAIL	TRUE	TRACE_DERIVED_EXACT_UNION; sample plan is cheap/oracle as named
LAYER_ANCHOR_CHEAP_V1__B48	C12_RETROSPECTIVE_ALL_SEEN	prefill	F0	NA	unique_64KiB_pages_UNKNOWN	2161	2116	45	0.0208236927348	NA	EXACT_SET_COMPARISON_NO_SAMPLING_CI	NA	NA	NA	NA	NA	PASS	PASS	TRUE	TRACE_DERIVED_EXACT_UNION; sample plan is cheap/oracle as named
LAYER_ANCHOR_CHEAP_V1__B8	C12_RETROSPECTIVE_ALL_SEEN	prefill	F0	NA	unique_64KiB_pages_WEIGHT	15443	8025	7418	0.480347082821	NA	EXACT_SET_COMPARISON_NO_SAMPLING_CI	NA	NA	NA	NA	NA	FAIL	FAIL	TRUE	TRACE_DERIVED_EXACT_UNION; sample plan is cheap/oracle as named
LAYER_ANCHOR_CHEAP_V1__B8	C12_RETROSPECTIVE_ALL_SEEN	prefill	F0	NA	unique_64KiB_pages_KV_CACHE	64	0	64	1	NA	EXACT_SET_COMPARISON_NO_SAMPLING_CI	NA	NA	NA	NA	NA	FAIL	FAIL	TRUE	TRACE_DERIVED_EXACT_UNION; sample plan is cheap/oracle as named
LAYER_ANCHOR_CHEAP_V1__B8	C12_RETROSPECTIVE_ALL_SEEN	prefill	F0	NA	unique_64KiB_pages_UNKNOWN	2161	2073	88	0.0407218880148	NA	EXACT_SET_COMPARISON_NO_SAMPLING_CI	NA	NA	NA	NA	NA	PASS	PASS	TRUE	TRACE_DERIVED_EXACT_UNION; sample plan is cheap/oracle as named
STRATIFIED_RANDOM_CHEAP_V1__B12	C12_RETROSPECTIVE_ALL_SEEN	prefill	F0	NA	unique_64KiB_pages_WEIGHT	15443	1	15442	0.999935245742	NA	EXACT_SET_COMPARISON_NO_SAMPLING_CI	NA	NA	NA	NA	NA	FAIL	FAIL	TRUE	TRACE_DERIVED_EXACT_UNION; sample plan is cheap/oracle as named
STRATIFIED_RANDOM_CHEAP_V1__B12	C12_RETROSPECTIVE_ALL_SEEN	prefill	F0	NA	unique_64KiB_pages_KV_CACHE	64	12	52	0.8125	NA	EXACT_SET_COMPARISON_NO_SAMPLING_CI	NA	NA	NA	NA	NA	FAIL	FAIL	TRUE	TRACE_DERIVED_EXACT_UNION; sample plan is cheap/oracle as named
STRATIFIED_RANDOM_CHEAP_V1__B12	C12_RETROSPECTIVE_ALL_SEEN	prefill	F0	NA	unique_64KiB_pages_UNKNOWN	2161	150	2011	0.930587690884	NA	EXACT_SET_COMPARISON_NO_SAMPLING_CI	NA	NA	NA	NA	NA	FAIL	FAIL	TRUE	TRACE_DERIVED_EXACT_UNION; sample plan is cheap/oracle as named
STRATIFIED_RANDOM_CHEAP_V1__B24	C12_RETROSPECTIVE_ALL_SEEN	prefill	F0	NA	unique_64KiB_pages_WEIGHT	15443	260	15183	0.983163893026	NA	EXACT_SET_COMPARISON_NO_SAMPLING_CI	NA	NA	NA	NA	NA	FAIL	FAIL	TRUE	TRACE_DERIVED_EXACT_UNION; sample plan is cheap/oracle as named
STRATIFIED_RANDOM_CHEAP_V1__B24	C12_RETROSPECTIVE_ALL_SEEN	prefill	F0	NA	unique_64KiB_pages_KV_CACHE	64	16	48	0.75	NA	EXACT_SET_COMPARISON_NO_SAMPLING_CI	NA	NA	NA	NA	NA	FAIL	FAIL	TRUE	TRACE_DERIVED_EXACT_UNION; sample plan is cheap/oracle as named
STRATIFIED_RANDOM_CHEAP_V1__B24	C12_RETROSPECTIVE_ALL_SEEN	prefill	F0	NA	unique_64KiB_pages_UNKNOWN	2161	195	1966	0.909763998149	NA	EXACT_SET_COMPARISON_NO_SAMPLING_CI	NA	NA	NA	NA	NA	FAIL	FAIL	TRUE	TRACE_DERIVED_EXACT_UNION; sample plan is cheap/oracle as named
STRATIFIED_RANDOM_CHEAP_V1__B48	C12_RETROSPECTIVE_ALL_SEEN	prefill	F0	NA	unique_64KiB_pages_WEIGHT	15443	332	15111	0.978501586479	NA	EXACT_SET_COMPARISON_NO_SAMPLING_CI	NA	NA	NA	NA	NA	FAIL	FAIL	TRUE	TRACE_DERIVED_EXACT_UNION; sample plan is cheap/oracle as named
STRATIFIED_RANDOM_CHEAP_V1__B48	C12_RETROSPECTIVE_ALL_SEEN	prefill	F0	NA	unique_64KiB_pages_KV_CACHE	64	60	4	0.0625	NA	EXACT_SET_COMPARISON_NO_SAMPLING_CI	NA	NA	NA	NA	NA	PASS	PASS	TRUE	TRACE_DERIVED_EXACT_UNION; sample plan is cheap/oracle as named
STRATIFIED_RANDOM_CHEAP_V1__B48	C12_RETROSPECTIVE_ALL_SEEN	prefill	F0	NA	unique_64KiB_pages_UNKNOWN	2161	268	1893	0.875983341046	NA	EXACT_SET_COMPARISON_NO_SAMPLING_CI	NA	NA	NA	NA	NA	FAIL	FAIL	TRUE	TRACE_DERIVED_EXACT_UNION; sample plan is cheap/oracle as named
STRATIFIED_RANDOM_CHEAP_V1__B8	C12_RETROSPECTIVE_ALL_SEEN	prefill	F0	NA	unique_64KiB_pages_WEIGHT	15443	129	15314	0.991646700771	NA	EXACT_SET_COMPARISON_NO_SAMPLING_CI	NA	NA	NA	NA	NA	FAIL	FAIL	TRUE	TRACE_DERIVED_EXACT_UNION; sample plan is cheap/oracle as named
STRATIFIED_RANDOM_CHEAP_V1__B8	C12_RETROSPECTIVE_ALL_SEEN	prefill	F0	NA	unique_64KiB_pages_KV_CACHE	64	12	52	0.8125	NA	EXACT_SET_COMPARISON_NO_SAMPLING_CI	NA	NA	NA	NA	NA	FAIL	FAIL	TRUE	TRACE_DERIVED_EXACT_UNION; sample plan is cheap/oracle as named
STRATIFIED_RANDOM_CHEAP_V1__B8	C12_RETROSPECTIVE_ALL_SEEN	prefill	F0	NA	unique_64KiB_pages_UNKNOWN	2161	80	2081	0.962980101805	NA	EXACT_SET_COMPARISON_NO_SAMPLING_CI	NA	NA	NA	NA	NA	FAIL	FAIL	TRUE	TRACE_DERIVED_EXACT_UNION; sample plan is cheap/oracle as named
STRATIFIED_REPRESENTATIVE_CHEAP_V1__B12	C12_RETROSPECTIVE_ALL_SEEN	prefill	F0	NA	unique_64KiB_pages_WEIGHT	15443	8178	7265	0.470439681409	NA	EXACT_SET_COMPARISON_NO_SAMPLING_CI	NA	NA	NA	NA	NA	FAIL	FAIL	TRUE	TRACE_DERIVED_EXACT_UNION; sample plan is cheap/oracle as named
STRATIFIED_REPRESENTATIVE_CHEAP_V1__B12	C12_RETROSPECTIVE_ALL_SEEN	prefill	F0	NA	unique_64KiB_pages_KV_CACHE	64	14	50	0.78125	NA	EXACT_SET_COMPARISON_NO_SAMPLING_CI	NA	NA	NA	NA	NA	FAIL	FAIL	TRUE	TRACE_DERIVED_EXACT_UNION; sample plan is cheap/oracle as named
STRATIFIED_REPRESENTATIVE_CHEAP_V1__B12	C12_RETROSPECTIVE_ALL_SEEN	prefill	F0	NA	unique_64KiB_pages_UNKNOWN	2161	2118	43	0.01989819528	NA	EXACT_SET_COMPARISON_NO_SAMPLING_CI	NA	NA	NA	NA	NA	PASS	PASS	TRUE	TRACE_DERIVED_EXACT_UNION; sample plan is cheap/oracle as named
STRATIFIED_REPRESENTATIVE_CHEAP_V1__B24	C12_RETROSPECTIVE_ALL_SEEN	prefill	F0	NA	unique_64KiB_pages_WEIGHT	15443	8085	7358	0.476461827365	NA	EXACT_SET_COMPARISON_NO_SAMPLING_CI	NA	NA	NA	NA	NA	FAIL	FAIL	TRUE	TRACE_DERIVED_EXACT_UNION; sample plan is cheap/oracle as named
STRATIFIED_REPRESENTATIVE_CHEAP_V1__B24	C12_RETROSPECTIVE_ALL_SEEN	prefill	F0	NA	unique_64KiB_pages_KV_CACHE	64	2	62	0.96875	NA	EXACT_SET_COMPARISON_NO_SAMPLING_CI	NA	NA	NA	NA	NA	FAIL	FAIL	TRUE	TRACE_DERIVED_EXACT_UNION; sample plan is cheap/oracle as named
STRATIFIED_REPRESENTATIVE_CHEAP_V1__B24	C12_RETROSPECTIVE_ALL_SEEN	prefill	F0	NA	unique_64KiB_pages_UNKNOWN	2161	2082	79	0.0365571494678	NA	EXACT_SET_COMPARISON_NO_SAMPLING_CI	NA	NA	NA	NA	NA	PASS	PASS	TRUE	TRACE_DERIVED_EXACT_UNION; sample plan is cheap/oracle as named
STRATIFIED_REPRESENTATIVE_CHEAP_V1__B48	C12_RETROSPECTIVE_ALL_SEEN	prefill	F0	NA	unique_64KiB_pages_WEIGHT	15443	8343	7100	0.459755228906	NA	EXACT_SET_COMPARISON_NO_SAMPLING_CI	NA	NA	NA	NA	NA	FAIL	FAIL	TRUE	TRACE_DERIVED_EXACT_UNION; sample plan is cheap/oracle as named
STRATIFIED_REPRESENTATIVE_CHEAP_V1__B48	C12_RETROSPECTIVE_ALL_SEEN	prefill	F0	NA	unique_64KiB_pages_KV_CACHE	64	28	36	0.5625	NA	EXACT_SET_COMPARISON_NO_SAMPLING_CI	NA	NA	NA	NA	NA	FAIL	FAIL	TRUE	TRACE_DERIVED_EXACT_UNION; sample plan is cheap/oracle as named
STRATIFIED_REPRESENTATIVE_CHEAP_V1__B48	C12_RETROSPECTIVE_ALL_SEEN	prefill	F0	NA	unique_64KiB_pages_UNKNOWN	2161	2116	45	0.0208236927348	NA	EXACT_SET_COMPARISON_NO_SAMPLING_CI	NA	NA	NA	NA	NA	PASS	PASS	TRUE	TRACE_DERIVED_EXACT_UNION; sample plan is cheap/oracle as named
STRATIFIED_REPRESENTATIVE_CHEAP_V1__B8	C12_RETROSPECTIVE_ALL_SEEN	prefill	F0	NA	unique_64KiB_pages_WEIGHT	15443	8025	7418	0.480347082821	NA	EXACT_SET_COMPARISON_NO_SAMPLING_CI	NA	NA	NA	NA	NA	FAIL	FAIL	TRUE	TRACE_DERIVED_EXACT_UNION; sample plan is cheap/oracle as named
STRATIFIED_REPRESENTATIVE_CHEAP_V1__B8	C12_RETROSPECTIVE_ALL_SEEN	prefill	F0	NA	unique_64KiB_pages_KV_CACHE	64	0	64	1	NA	EXACT_SET_COMPARISON_NO_SAMPLING_CI	NA	NA	NA	NA	NA	FAIL	FAIL	TRUE	TRACE_DERIVED_EXACT_UNION; sample plan is cheap/oracle as named
STRATIFIED_REPRESENTATIVE_CHEAP_V1__B8	C12_RETROSPECTIVE_ALL_SEEN	prefill	F0	NA	unique_64KiB_pages_UNKNOWN	2161	2073	88	0.0407218880148	NA	EXACT_SET_COMPARISON_NO_SAMPLING_CI	NA	NA	NA	NA	NA	PASS	PASS	TRUE	TRACE_DERIVED_EXACT_UNION; sample plan is cheap/oracle as named
TRACE_INFORMED_ORACLE_DIAGNOSTIC_V1__B12	C12_RETROSPECTIVE_ALL_SEEN	prefill	F0	NA	unique_64KiB_pages_WEIGHT	15443	35	15408	0.997733600984	NA	EXACT_SET_COMPARISON_NO_SAMPLING_CI	NA	NA	NA	NA	NA	FAIL	FAIL	TRUE	TRACE_DERIVED_EXACT_UNION; sample plan is cheap/oracle as named
TRACE_INFORMED_ORACLE_DIAGNOSTIC_V1__B12	C12_RETROSPECTIVE_ALL_SEEN	prefill	F0	NA	unique_64KiB_pages_KV_CACHE	64	14	50	0.78125	NA	EXACT_SET_COMPARISON_NO_SAMPLING_CI	NA	NA	NA	NA	NA	FAIL	FAIL	TRUE	TRACE_DERIVED_EXACT_UNION; sample plan is cheap/oracle as named
TRACE_INFORMED_ORACLE_DIAGNOSTIC_V1__B12	C12_RETROSPECTIVE_ALL_SEEN	prefill	F0	NA	unique_64KiB_pages_UNKNOWN	2161	155	2006	0.928273947247	NA	EXACT_SET_COMPARISON_NO_SAMPLING_CI	NA	NA	NA	NA	NA	FAIL	FAIL	TRUE	TRACE_DERIVED_EXACT_UNION; sample plan is cheap/oracle as named
TRACE_INFORMED_ORACLE_DIAGNOSTIC_V1__B24	C12_RETROSPECTIVE_ALL_SEEN	prefill	F0	NA	unique_64KiB_pages_WEIGHT	15443	89	15354	0.994236871074	NA	EXACT_SET_COMPARISON_NO_SAMPLING_CI	NA	NA	NA	NA	NA	FAIL	FAIL	TRUE	TRACE_DERIVED_EXACT_UNION; sample plan is cheap/oracle as named
TRACE_INFORMED_ORACLE_DIAGNOSTIC_V1__B24	C12_RETROSPECTIVE_ALL_SEEN	prefill	F0	NA	unique_64KiB_pages_KV_CACHE	64	26	38	0.59375	NA	EXACT_SET_COMPARISON_NO_SAMPLING_CI	NA	NA	NA	NA	NA	FAIL	FAIL	TRUE	TRACE_DERIVED_EXACT_UNION; sample plan is cheap/oracle as named
TRACE_INFORMED_ORACLE_DIAGNOSTIC_V1__B24	C12_RETROSPECTIVE_ALL_SEEN	prefill	F0	NA	unique_64KiB_pages_UNKNOWN	2161	155	2006	0.928273947247	NA	EXACT_SET_COMPARISON_NO_SAMPLING_CI	NA	NA	NA	NA	NA	FAIL	FAIL	TRUE	TRACE_DERIVED_EXACT_UNION; sample plan is cheap/oracle as named
TRACE_INFORMED_ORACLE_DIAGNOSTIC_V1__B48	C12_RETROSPECTIVE_ALL_SEEN	prefill	F0	NA	unique_64KiB_pages_WEIGHT	15443	786	14657	0.949103153532	NA	EXACT_SET_COMPARISON_NO_SAMPLING_CI	NA	NA	NA	NA	NA	FAIL	FAIL	TRUE	TRACE_DERIVED_EXACT_UNION; sample plan is cheap/oracle as named
TRACE_INFORMED_ORACLE_DIAGNOSTIC_V1__B48	C12_RETROSPECTIVE_ALL_SEEN	prefill	F0	NA	unique_64KiB_pages_KV_CACHE	64	38	26	0.40625	NA	EXACT_SET_COMPARISON_NO_SAMPLING_CI	NA	NA	NA	NA	NA	FAIL	FAIL	TRUE	TRACE_DERIVED_EXACT_UNION; sample plan is cheap/oracle as named
TRACE_INFORMED_ORACLE_DIAGNOSTIC_V1__B48	C12_RETROSPECTIVE_ALL_SEEN	prefill	F0	NA	unique_64KiB_pages_UNKNOWN	2161	187	1974	0.913465987969	NA	EXACT_SET_COMPARISON_NO_SAMPLING_CI	NA	NA	NA	NA	NA	FAIL	FAIL	TRUE	TRACE_DERIVED_EXACT_UNION; sample plan is cheap/oracle as named
TRACE_INFORMED_ORACLE_DIAGNOSTIC_V1__B8	C12_RETROSPECTIVE_ALL_SEEN	prefill	F0	NA	unique_64KiB_pages_WEIGHT	15443	17	15426	0.998899177621	NA	EXACT_SET_COMPARISON_NO_SAMPLING_CI	NA	NA	NA	NA	NA	FAIL	FAIL	TRUE	TRACE_DERIVED_EXACT_UNION; sample plan is cheap/oracle as named
TRACE_INFORMED_ORACLE_DIAGNOSTIC_V1__B8	C12_RETROSPECTIVE_ALL_SEEN	prefill	F0	NA	unique_64KiB_pages_KV_CACHE	64	14	50	0.78125	NA	EXACT_SET_COMPARISON_NO_SAMPLING_CI	NA	NA	NA	NA	NA	FAIL	FAIL	TRUE	TRACE_DERIVED_EXACT_UNION; sample plan is cheap/oracle as named
TRACE_INFORMED_ORACLE_DIAGNOSTIC_V1__B8	C12_RETROSPECTIVE_ALL_SEEN	prefill	F0	NA	unique_64KiB_pages_UNKNOWN	2161	155	2006	0.928273947247	NA	EXACT_SET_COMPARISON_NO_SAMPLING_CI	NA	NA	NA	NA	NA	FAIL	FAIL	TRUE	TRACE_DERIVED_EXACT_UNION; sample plan is cheap/oracle as named
LAYER_ANCHOR_CHEAP_V1__B12	C12_RETROSPECTIVE_ALL_SEEN	decode1	F0	NA	unique_64KiB_pages_WEIGHT	15443	8016	7427	0.480929871139	NA	EXACT_SET_COMPARISON_NO_SAMPLING_CI	NA	NA	NA	NA	NA	FAIL	FAIL	TRUE	TRACE_DERIVED_EXACT_UNION; sample plan is cheap/oracle as named
LAYER_ANCHOR_CHEAP_V1__B12	C12_RETROSPECTIVE_ALL_SEEN	decode1	F0	NA	unique_64KiB_pages_KV_CACHE	82	10	72	0.878048780488	NA	EXACT_SET_COMPARISON_NO_SAMPLING_CI	NA	NA	NA	NA	NA	FAIL	FAIL	TRUE	TRACE_DERIVED_EXACT_UNION; sample plan is cheap/oracle as named
LAYER_ANCHOR_CHEAP_V1__B12	C12_RETROSPECTIVE_ALL_SEEN	decode1	F0	NA	unique_64KiB_pages_UNKNOWN	81	47	34	0.41975308642	NA	EXACT_SET_COMPARISON_NO_SAMPLING_CI	NA	NA	NA	NA	NA	FAIL	FAIL	TRUE	TRACE_DERIVED_EXACT_UNION; sample plan is cheap/oracle as named
LAYER_ANCHOR_CHEAP_V1__B24	C12_RETROSPECTIVE_ALL_SEEN	decode1	F0	NA	unique_64KiB_pages_WEIGHT	15443	8025	7418	0.480347082821	NA	EXACT_SET_COMPARISON_NO_SAMPLING_CI	NA	NA	NA	NA	NA	FAIL	FAIL	TRUE	TRACE_DERIVED_EXACT_UNION; sample plan is cheap/oracle as named
LAYER_ANCHOR_CHEAP_V1__B24	C12_RETROSPECTIVE_ALL_SEEN	decode1	F0	NA	unique_64KiB_pages_KV_CACHE	82	7	75	0.914634146341	NA	EXACT_SET_COMPARISON_NO_SAMPLING_CI	NA	NA	NA	NA	NA	FAIL	FAIL	TRUE	TRACE_DERIVED_EXACT_UNION; sample plan is cheap/oracle as named
LAYER_ANCHOR_CHEAP_V1__B24	C12_RETROSPECTIVE_ALL_SEEN	decode1	F0	NA	unique_64KiB_pages_UNKNOWN	81	42	39	0.481481481481	NA	EXACT_SET_COMPARISON_NO_SAMPLING_CI	NA	NA	NA	NA	NA	FAIL	FAIL	TRUE	TRACE_DERIVED_EXACT_UNION; sample plan is cheap/oracle as named
LAYER_ANCHOR_CHEAP_V1__B48	C12_RETROSPECTIVE_ALL_SEEN	decode1	F0	NA	unique_64KiB_pages_WEIGHT	15443	8348	7095	0.459431457618	NA	EXACT_SET_COMPARISON_NO_SAMPLING_CI	NA	NA	NA	NA	NA	FAIL	FAIL	TRUE	TRACE_DERIVED_EXACT_UNION; sample plan is cheap/oracle as named
LAYER_ANCHOR_CHEAP_V1__B48	C12_RETROSPECTIVE_ALL_SEEN	decode1	F0	NA	unique_64KiB_pages_KV_CACHE	82	17	65	0.792682926829	NA	EXACT_SET_COMPARISON_NO_SAMPLING_CI	NA	NA	NA	NA	NA	FAIL	FAIL	TRUE	TRACE_DERIVED_EXACT_UNION; sample plan is cheap/oracle as named
LAYER_ANCHOR_CHEAP_V1__B48	C12_RETROSPECTIVE_ALL_SEEN	decode1	F0	NA	unique_64KiB_pages_UNKNOWN	81	55	26	0.320987654321	NA	EXACT_SET_COMPARISON_NO_SAMPLING_CI	NA	NA	NA	NA	NA	FAIL	FAIL	TRUE	TRACE_DERIVED_EXACT_UNION; sample plan is cheap/oracle as named
LAYER_ANCHOR_CHEAP_V1__B8	C12_RETROSPECTIVE_ALL_SEEN	decode1	F0	NA	unique_64KiB_pages_WEIGHT	15443	8025	7418	0.480347082821	NA	EXACT_SET_COMPARISON_NO_SAMPLING_CI	NA	NA	NA	NA	NA	FAIL	FAIL	TRUE	TRACE_DERIVED_EXACT_UNION; sample plan is cheap/oracle as named
LAYER_ANCHOR_CHEAP_V1__B8	C12_RETROSPECTIVE_ALL_SEEN	decode1	F0	NA	unique_64KiB_pages_KV_CACHE	82	5	77	0.939024390244	NA	EXACT_SET_COMPARISON_NO_SAMPLING_CI	NA	NA	NA	NA	NA	FAIL	FAIL	TRUE	TRACE_DERIVED_EXACT_UNION; sample plan is cheap/oracle as named
LAYER_ANCHOR_CHEAP_V1__B8	C12_RETROSPECTIVE_ALL_SEEN	decode1	F0	NA	unique_64KiB_pages_UNKNOWN	81	41	40	0.493827160494	NA	EXACT_SET_COMPARISON_NO_SAMPLING_CI	NA	NA	NA	NA	NA	FAIL	FAIL	TRUE	TRACE_DERIVED_EXACT_UNION; sample plan is cheap/oracle as named
STRATIFIED_RANDOM_CHEAP_V1__B12	C12_RETROSPECTIVE_ALL_SEEN	decode1	F0	NA	unique_64KiB_pages_WEIGHT	15443	33	15410	0.997863109499	NA	EXACT_SET_COMPARISON_NO_SAMPLING_CI	NA	NA	NA	NA	NA	FAIL	FAIL	TRUE	TRACE_DERIVED_EXACT_UNION; sample plan is cheap/oracle as named
STRATIFIED_RANDOM_CHEAP_V1__B12	C12_RETROSPECTIVE_ALL_SEEN	decode1	F0	NA	unique_64KiB_pages_KV_CACHE	82	11	71	0.865853658537	NA	EXACT_SET_COMPARISON_NO_SAMPLING_CI	NA	NA	NA	NA	NA	FAIL	FAIL	TRUE	TRACE_DERIVED_EXACT_UNION; sample plan is cheap/oracle as named
STRATIFIED_RANDOM_CHEAP_V1__B12	C12_RETROSPECTIVE_ALL_SEEN	decode1	F0	NA	unique_64KiB_pages_UNKNOWN	81	14	67	0.827160493827	NA	EXACT_SET_COMPARISON_NO_SAMPLING_CI	NA	NA	NA	NA	NA	FAIL	FAIL	TRUE	TRACE_DERIVED_EXACT_UNION; sample plan is cheap/oracle as named
STRATIFIED_RANDOM_CHEAP_V1__B24	C12_RETROSPECTIVE_ALL_SEEN	decode1	F0	NA	unique_64KiB_pages_WEIGHT	15443	129	15314	0.991646700771	NA	EXACT_SET_COMPARISON_NO_SAMPLING_CI	NA	NA	NA	NA	NA	FAIL	FAIL	TRUE	TRACE_DERIVED_EXACT_UNION; sample plan is cheap/oracle as named
STRATIFIED_RANDOM_CHEAP_V1__B24	C12_RETROSPECTIVE_ALL_SEEN	decode1	F0	NA	unique_64KiB_pages_KV_CACHE	82	8	74	0.90243902439	NA	EXACT_SET_COMPARISON_NO_SAMPLING_CI	NA	NA	NA	NA	NA	FAIL	FAIL	TRUE	TRACE_DERIVED_EXACT_UNION; sample plan is cheap/oracle as named
STRATIFIED_RANDOM_CHEAP_V1__B24	C12_RETROSPECTIVE_ALL_SEEN	decode1	F0	NA	unique_64KiB_pages_UNKNOWN	81	15	66	0.814814814815	NA	EXACT_SET_COMPARISON_NO_SAMPLING_CI	NA	NA	NA	NA	NA	FAIL	FAIL	TRUE	TRACE_DERIVED_EXACT_UNION; sample plan is cheap/oracle as named
STRATIFIED_RANDOM_CHEAP_V1__B48	C12_RETROSPECTIVE_ALL_SEEN	decode1	F0	NA	unique_64KiB_pages_WEIGHT	15443	188	15255	0.987826199573	NA	EXACT_SET_COMPARISON_NO_SAMPLING_CI	NA	NA	NA	NA	NA	FAIL	FAIL	TRUE	TRACE_DERIVED_EXACT_UNION; sample plan is cheap/oracle as named
STRATIFIED_RANDOM_CHEAP_V1__B48	C12_RETROSPECTIVE_ALL_SEEN	decode1	F0	NA	unique_64KiB_pages_KV_CACHE	82	23	59	0.719512195122	NA	EXACT_SET_COMPARISON_NO_SAMPLING_CI	NA	NA	NA	NA	NA	FAIL	FAIL	TRUE	TRACE_DERIVED_EXACT_UNION; sample plan is cheap/oracle as named
STRATIFIED_RANDOM_CHEAP_V1__B48	C12_RETROSPECTIVE_ALL_SEEN	decode1	F0	NA	unique_64KiB_pages_UNKNOWN	81	31	50	0.617283950617	NA	EXACT_SET_COMPARISON_NO_SAMPLING_CI	NA	NA	NA	NA	NA	FAIL	FAIL	TRUE	TRACE_DERIVED_EXACT_UNION; sample plan is cheap/oracle as named
STRATIFIED_RANDOM_CHEAP_V1__B8	C12_RETROSPECTIVE_ALL_SEEN	decode1	F0	NA	unique_64KiB_pages_WEIGHT	15443	0	15443	1	NA	EXACT_SET_COMPARISON_NO_SAMPLING_CI	NA	NA	NA	NA	NA	FAIL	FAIL	TRUE	TRACE_DERIVED_EXACT_UNION; sample plan is cheap/oracle as named
STRATIFIED_RANDOM_CHEAP_V1__B8	C12_RETROSPECTIVE_ALL_SEEN	decode1	F0	NA	unique_64KiB_pages_KV_CACHE	82	0	82	1	NA	EXACT_SET_COMPARISON_NO_SAMPLING_CI	NA	NA	NA	NA	NA	FAIL	FAIL	TRUE	TRACE_DERIVED_EXACT_UNION; sample plan is cheap/oracle as named
STRATIFIED_RANDOM_CHEAP_V1__B8	C12_RETROSPECTIVE_ALL_SEEN	decode1	F0	NA	unique_64KiB_pages_UNKNOWN	81	4	77	0.950617283951	NA	EXACT_SET_COMPARISON_NO_SAMPLING_CI	NA	NA	NA	NA	NA	FAIL	FAIL	TRUE	TRACE_DERIVED_EXACT_UNION; sample plan is cheap/oracle as named
STRATIFIED_REPRESENTATIVE_CHEAP_V1__B12	C12_RETROSPECTIVE_ALL_SEEN	decode1	F0	NA	unique_64KiB_pages_WEIGHT	15443	8016	7427	0.480929871139	NA	EXACT_SET_COMPARISON_NO_SAMPLING_CI	NA	NA	NA	NA	NA	FAIL	FAIL	TRUE	TRACE_DERIVED_EXACT_UNION; sample plan is cheap/oracle as named
STRATIFIED_REPRESENTATIVE_CHEAP_V1__B12	C12_RETROSPECTIVE_ALL_SEEN	decode1	F0	NA	unique_64KiB_pages_KV_CACHE	82	10	72	0.878048780488	NA	EXACT_SET_COMPARISON_NO_SAMPLING_CI	NA	NA	NA	NA	NA	FAIL	FAIL	TRUE	TRACE_DERIVED_EXACT_UNION; sample plan is cheap/oracle as named
STRATIFIED_REPRESENTATIVE_CHEAP_V1__B12	C12_RETROSPECTIVE_ALL_SEEN	decode1	F0	NA	unique_64KiB_pages_UNKNOWN	81	47	34	0.41975308642	NA	EXACT_SET_COMPARISON_NO_SAMPLING_CI	NA	NA	NA	NA	NA	FAIL	FAIL	TRUE	TRACE_DERIVED_EXACT_UNION; sample plan is cheap/oracle as named
STRATIFIED_REPRESENTATIVE_CHEAP_V1__B24	C12_RETROSPECTIVE_ALL_SEEN	decode1	F0	NA	unique_64KiB_pages_WEIGHT	15443	8025	7418	0.480347082821	NA	EXACT_SET_COMPARISON_NO_SAMPLING_CI	NA	NA	NA	NA	NA	FAIL	FAIL	TRUE	TRACE_DERIVED_EXACT_UNION; sample plan is cheap/oracle as named
STRATIFIED_REPRESENTATIVE_CHEAP_V1__B24	C12_RETROSPECTIVE_ALL_SEEN	decode1	F0	NA	unique_64KiB_pages_KV_CACHE	82	7	75	0.914634146341	NA	EXACT_SET_COMPARISON_NO_SAMPLING_CI	NA	NA	NA	NA	NA	FAIL	FAIL	TRUE	TRACE_DERIVED_EXACT_UNION; sample plan is cheap/oracle as named
STRATIFIED_REPRESENTATIVE_CHEAP_V1__B24	C12_RETROSPECTIVE_ALL_SEEN	decode1	F0	NA	unique_64KiB_pages_UNKNOWN	81	42	39	0.481481481481	NA	EXACT_SET_COMPARISON_NO_SAMPLING_CI	NA	NA	NA	NA	NA	FAIL	FAIL	TRUE	TRACE_DERIVED_EXACT_UNION; sample plan is cheap/oracle as named
STRATIFIED_REPRESENTATIVE_CHEAP_V1__B48	C12_RETROSPECTIVE_ALL_SEEN	decode1	F0	NA	unique_64KiB_pages_WEIGHT	15443	8348	7095	0.459431457618	NA	EXACT_SET_COMPARISON_NO_SAMPLING_CI	NA	NA	NA	NA	NA	FAIL	FAIL	TRUE	TRACE_DERIVED_EXACT_UNION; sample plan is cheap/oracle as named
STRATIFIED_REPRESENTATIVE_CHEAP_V1__B48	C12_RETROSPECTIVE_ALL_SEEN	decode1	F0	NA	unique_64KiB_pages_KV_CACHE	82	17	65	0.792682926829	NA	EXACT_SET_COMPARISON_NO_SAMPLING_CI	NA	NA	NA	NA	NA	FAIL	FAIL	TRUE	TRACE_DERIVED_EXACT_UNION; sample plan is cheap/oracle as named
STRATIFIED_REPRESENTATIVE_CHEAP_V1__B48	C12_RETROSPECTIVE_ALL_SEEN	decode1	F0	NA	unique_64KiB_pages_UNKNOWN	81	55	26	0.320987654321	NA	EXACT_SET_COMPARISON_NO_SAMPLING_CI	NA	NA	NA	NA	NA	FAIL	FAIL	TRUE	TRACE_DERIVED_EXACT_UNION; sample plan is cheap/oracle as named
STRATIFIED_REPRESENTATIVE_CHEAP_V1__B8	C12_RETROSPECTIVE_ALL_SEEN	decode1	F0	NA	unique_64KiB_pages_WEIGHT	15443	8025	7418	0.480347082821	NA	EXACT_SET_COMPARISON_NO_SAMPLING_CI	NA	NA	NA	NA	NA	FAIL	FAIL	TRUE	TRACE_DERIVED_EXACT_UNION; sample plan is cheap/oracle as named
STRATIFIED_REPRESENTATIVE_CHEAP_V1__B8	C12_RETROSPECTIVE_ALL_SEEN	decode1	F0	NA	unique_64KiB_pages_KV_CACHE	82	5	77	0.939024390244	NA	EXACT_SET_COMPARISON_NO_SAMPLING_CI	NA	NA	NA	NA	NA	FAIL	FAIL	TRUE	TRACE_DERIVED_EXACT_UNION; sample plan is cheap/oracle as named
STRATIFIED_REPRESENTATIVE_CHEAP_V1__B8	C12_RETROSPECTIVE_ALL_SEEN	decode1	F0	NA	unique_64KiB_pages_UNKNOWN	81	41	40	0.493827160494	NA	EXACT_SET_COMPARISON_NO_SAMPLING_CI	NA	NA	NA	NA	NA	FAIL	FAIL	TRUE	TRACE_DERIVED_EXACT_UNION; sample plan is cheap/oracle as named
TRACE_INFORMED_ORACLE_DIAGNOSTIC_V1__B12	C12_RETROSPECTIVE_ALL_SEEN	decode1	F0	NA	unique_64KiB_pages_WEIGHT	15443	35	15408	0.997733600984	NA	EXACT_SET_COMPARISON_NO_SAMPLING_CI	NA	NA	NA	NA	NA	FAIL	FAIL	TRUE	TRACE_DERIVED_EXACT_UNION; sample plan is cheap/oracle as named
TRACE_INFORMED_ORACLE_DIAGNOSTIC_V1__B12	C12_RETROSPECTIVE_ALL_SEEN	decode1	F0	NA	unique_64KiB_pages_KV_CACHE	82	7	75	0.914634146341	NA	EXACT_SET_COMPARISON_NO_SAMPLING_CI	NA	NA	NA	NA	NA	FAIL	FAIL	TRUE	TRACE_DERIVED_EXACT_UNION; sample plan is cheap/oracle as named
TRACE_INFORMED_ORACLE_DIAGNOSTIC_V1__B12	C12_RETROSPECTIVE_ALL_SEEN	decode1	F0	NA	unique_64KiB_pages_UNKNOWN	81	25	56	0.691358024691	NA	EXACT_SET_COMPARISON_NO_SAMPLING_CI	NA	NA	NA	NA	NA	FAIL	FAIL	TRUE	TRACE_DERIVED_EXACT_UNION; sample plan is cheap/oracle as named
TRACE_INFORMED_ORACLE_DIAGNOSTIC_V1__B24	C12_RETROSPECTIVE_ALL_SEEN	decode1	F0	NA	unique_64KiB_pages_WEIGHT	15443	89	15354	0.994236871074	NA	EXACT_SET_COMPARISON_NO_SAMPLING_CI	NA	NA	NA	NA	NA	FAIL	FAIL	TRUE	TRACE_DERIVED_EXACT_UNION; sample plan is cheap/oracle as named
TRACE_INFORMED_ORACLE_DIAGNOSTIC_V1__B24	C12_RETROSPECTIVE_ALL_SEEN	decode1	F0	NA	unique_64KiB_pages_KV_CACHE	82	7	75	0.914634146341	NA	EXACT_SET_COMPARISON_NO_SAMPLING_CI	NA	NA	NA	NA	NA	FAIL	FAIL	TRUE	TRACE_DERIVED_EXACT_UNION; sample plan is cheap/oracle as named
TRACE_INFORMED_ORACLE_DIAGNOSTIC_V1__B24	C12_RETROSPECTIVE_ALL_SEEN	decode1	F0	NA	unique_64KiB_pages_UNKNOWN	81	25	56	0.691358024691	NA	EXACT_SET_COMPARISON_NO_SAMPLING_CI	NA	NA	NA	NA	NA	FAIL	FAIL	TRUE	TRACE_DERIVED_EXACT_UNION; sample plan is cheap/oracle as named
TRACE_INFORMED_ORACLE_DIAGNOSTIC_V1__B48	C12_RETROSPECTIVE_ALL_SEEN	decode1	F0	NA	unique_64KiB_pages_WEIGHT	15443	1044	14399	0.932396555073	NA	EXACT_SET_COMPARISON_NO_SAMPLING_CI	NA	NA	NA	NA	NA	FAIL	FAIL	TRUE	TRACE_DERIVED_EXACT_UNION; sample plan is cheap/oracle as named
TRACE_INFORMED_ORACLE_DIAGNOSTIC_V1__B48	C12_RETROSPECTIVE_ALL_SEEN	decode1	F0	NA	unique_64KiB_pages_KV_CACHE	82	8	74	0.90243902439	NA	EXACT_SET_COMPARISON_NO_SAMPLING_CI	NA	NA	NA	NA	NA	FAIL	FAIL	TRUE	TRACE_DERIVED_EXACT_UNION; sample plan is cheap/oracle as named
TRACE_INFORMED_ORACLE_DIAGNOSTIC_V1__B48	C12_RETROSPECTIVE_ALL_SEEN	decode1	F0	NA	unique_64KiB_pages_UNKNOWN	81	25	56	0.691358024691	NA	EXACT_SET_COMPARISON_NO_SAMPLING_CI	NA	NA	NA	NA	NA	FAIL	FAIL	TRUE	TRACE_DERIVED_EXACT_UNION; sample plan is cheap/oracle as named
TRACE_INFORMED_ORACLE_DIAGNOSTIC_V1__B8	C12_RETROSPECTIVE_ALL_SEEN	decode1	F0	NA	unique_64KiB_pages_WEIGHT	15443	17	15426	0.998899177621	NA	EXACT_SET_COMPARISON_NO_SAMPLING_CI	NA	NA	NA	NA	NA	FAIL	FAIL	TRUE	TRACE_DERIVED_EXACT_UNION; sample plan is cheap/oracle as named
TRACE_INFORMED_ORACLE_DIAGNOSTIC_V1__B8	C12_RETROSPECTIVE_ALL_SEEN	decode1	F0	NA	unique_64KiB_pages_KV_CACHE	82	7	75	0.914634146341	NA	EXACT_SET_COMPARISON_NO_SAMPLING_CI	NA	NA	NA	NA	NA	FAIL	FAIL	TRUE	TRACE_DERIVED_EXACT_UNION; sample plan is cheap/oracle as named
TRACE_INFORMED_ORACLE_DIAGNOSTIC_V1__B8	C12_RETROSPECTIVE_ALL_SEEN	decode1	F0	NA	unique_64KiB_pages_UNKNOWN	81	24	57	0.703703703704	NA	EXACT_SET_COMPARISON_NO_SAMPLING_CI	NA	NA	NA	NA	NA	FAIL	FAIL	TRUE	TRACE_DERIVED_EXACT_UNION; sample plan is cheap/oracle as named
LAYER_ANCHOR_CHEAP_V1__B12	C12_RETROSPECTIVE_ALL_SEEN	prefill	F0	NA	gpu_sim_cycle	62490238	2112376479.33	2049886241.33	32.8033034749	NA	NOT_DESIGN_BASED	NA	NA	NA	NA	NA	FAIL	FAIL	TRUE	retrospective full-ROI per-kernel exact values; macro cycle 5% is screening only
LAYER_ANCHOR_CHEAP_V1__B12	C12_RETROSPECTIVE_ALL_SEEN	prefill	F0	NA	vm_l1_tlb_accesses	94168155	3099635464	3005467309	31.9159625566	NA	NOT_DESIGN_BASED	NA	NA	NA	NA	NA	FAIL	FAIL	TRUE	retrospective full-ROI per-kernel exact values; macro cycle 5% is screening only
LAYER_ANCHOR_CHEAP_V1__B12	C12_RETROSPECTIVE_ALL_SEEN	prefill	F0	NA	vm_l1_tlb_misses	1119527	36037976	34918449	31.1903589641	NA	NOT_DESIGN_BASED	NA	NA	NA	NA	NA	FAIL	FAIL	TRUE	retrospective full-ROI per-kernel exact values; macro cycle 5% is screening only
LAYER_ANCHOR_CHEAP_V1__B12	C12_RETROSPECTIVE_ALL_SEEN	prefill	F0	NA	vm_l2_tlb_accesses	1119527	36037976	34918449	31.1903589641	NA	NOT_DESIGN_BASED	NA	NA	NA	NA	NA	FAIL	FAIL	TRUE	retrospective full-ROI per-kernel exact values; macro cycle 5% is screening only
LAYER_ANCHOR_CHEAP_V1__B12	C12_RETROSPECTIVE_ALL_SEEN	prefill	F0	NA	vm_l2_tlb_misses	45227	2405738	2360511	52.1925177438	NA	NOT_DESIGN_BASED	NA	NA	NA	NA	NA	FAIL	FAIL	TRUE	retrospective full-ROI per-kernel exact values; macro cycle 5% is screening only
LAYER_ANCHOR_CHEAP_V1__B12	C12_RETROSPECTIVE_ALL_SEEN	prefill	F0	NA	vm_translation_walk_starts	20816	1463349.33333	1442533.33333	69.2992569818	NA	NOT_DESIGN_BASED	NA	NA	NA	NA	NA	FAIL	FAIL	TRUE	retrospective full-ROI per-kernel exact values; macro cycle 5% is screening only
LAYER_ANCHOR_CHEAP_V1__B12	C12_RETROSPECTIVE_ALL_SEEN	prefill	F0	NA	vm_pte_requests	20899	1468885.33333	1447986.33333	69.284957813	NA	NOT_DESIGN_BASED	NA	NA	NA	NA	NA	FAIL	FAIL	TRUE	retrospective full-ROI per-kernel exact values; macro cycle 5% is screening only
LAYER_ANCHOR_CHEAP_V1__B12	C12_RETROSPECTIVE_ALL_SEEN	prefill	F0	NA	vm_pte_dram_responses	8629	737095.333333	728466.333333	84.4207130992	NA	NOT_DESIGN_BASED	NA	NA	NA	NA	NA	FAIL	FAIL	TRUE	retrospective full-ROI per-kernel exact values; macro cycle 5% is screening only
LAYER_ANCHOR_CHEAP_V1__B12	C12_RETROSPECTIVE_ALL_SEEN	decode1	F0	NA	gpu_sim_cycle	34564626	471420083.333	436855457.333	12.6388018008	NA	NOT_DESIGN_BASED	NA	NA	NA	NA	NA	FAIL	FAIL	TRUE	retrospective full-ROI per-kernel exact values; macro cycle 5% is screening only
LAYER_ANCHOR_CHEAP_V1__B12	C12_RETROSPECTIVE_ALL_SEEN	decode1	F0	NA	vm_l1_tlb_accesses	76015393	652697760	576682367	7.58638933828	NA	NOT_DESIGN_BASED	NA	NA	NA	NA	NA	FAIL	FAIL	TRUE	retrospective full-ROI per-kernel exact values; macro cycle 5% is screening only
LAYER_ANCHOR_CHEAP_V1__B12	C12_RETROSPECTIVE_ALL_SEEN	decode1	F0	NA	vm_l1_tlb_misses	57947	1213106.66667	1155159.66667	19.9347622253	NA	NOT_DESIGN_BASED	NA	NA	NA	NA	NA	FAIL	FAIL	TRUE	retrospective full-ROI per-kernel exact values; macro cycle 5% is screening only
LAYER_ANCHOR_CHEAP_V1__B12	C12_RETROSPECTIVE_ALL_SEEN	decode1	F0	NA	vm_l2_tlb_accesses	57947	1213106.66667	1155159.66667	19.9347622253	NA	NOT_DESIGN_BASED	NA	NA	NA	NA	NA	FAIL	FAIL	TRUE	retrospective full-ROI per-kernel exact values; macro cycle 5% is screening only
LAYER_ANCHOR_CHEAP_V1__B12	C12_RETROSPECTIVE_ALL_SEEN	decode1	F0	NA	vm_l2_tlb_misses	22220	1012566.66667	990346.666667	44.5700570057	NA	NOT_DESIGN_BASED	NA	NA	NA	NA	NA	FAIL	FAIL	TRUE	retrospective full-ROI per-kernel exact values; macro cycle 5% is screening only
LAYER_ANCHOR_CHEAP_V1__B12	C12_RETROSPECTIVE_ALL_SEEN	decode1	F0	NA	vm_translation_walk_starts	15691	994190	978499	62.3605251418	NA	NOT_DESIGN_BASED	NA	NA	NA	NA	NA	FAIL	FAIL	TRUE	retrospective full-ROI per-kernel exact values; macro cycle 5% is screening only
LAYER_ANCHOR_CHEAP_V1__B12	C12_RETROSPECTIVE_ALL_SEEN	decode1	F0	NA	vm_pte_requests	15796	1002453.33333	986657.333333	62.4624799527	NA	NOT_DESIGN_BASED	NA	NA	NA	NA	NA	FAIL	FAIL	TRUE	retrospective full-ROI per-kernel exact values; macro cycle 5% is screening only
LAYER_ANCHOR_CHEAP_V1__B12	C12_RETROSPECTIVE_ALL_SEEN	decode1	F0	NA	vm_pte_dram_responses	4134	257273.333333	253139.333333	61.2335107241	NA	NOT_DESIGN_BASED	NA	NA	NA	NA	NA	FAIL	FAIL	TRUE	retrospective full-ROI per-kernel exact values; macro cycle 5% is screening only
LAYER_ANCHOR_CHEAP_V1__B24	C12_RETROSPECTIVE_ALL_SEEN	prefill	F0	NA	gpu_sim_cycle	62490238	1053811796.33	991321558.333	15.8636227043	NA	NOT_DESIGN_BASED	NA	NA	NA	NA	NA	FAIL	FAIL	TRUE	retrospective full-ROI per-kernel exact values; macro cycle 5% is screening only
LAYER_ANCHOR_CHEAP_V1__B24	C12_RETROSPECTIVE_ALL_SEEN	prefill	F0	NA	vm_l1_tlb_accesses	94168155	1526408756	1432240601	15.2093943117	NA	NOT_DESIGN_BASED	NA	NA	NA	NA	NA	FAIL	FAIL	TRUE	retrospective full-ROI per-kernel exact values; macro cycle 5% is screening only
LAYER_ANCHOR_CHEAP_V1__B24	C12_RETROSPECTIVE_ALL_SEEN	prefill	F0	NA	vm_l1_tlb_misses	1119527	17901232.6667	16781705.6667	14.9899963705	NA	NOT_DESIGN_BASED	NA	NA	NA	NA	NA	FAIL	FAIL	TRUE	retrospective full-ROI per-kernel exact values; macro cycle 5% is screening only
LAYER_ANCHOR_CHEAP_V1__B24	C12_RETROSPECTIVE_ALL_SEEN	prefill	F0	NA	vm_l2_tlb_accesses	1119527	17901232.6667	16781705.6667	14.9899963705	NA	NOT_DESIGN_BASED	NA	NA	NA	NA	NA	FAIL	FAIL	TRUE	retrospective full-ROI per-kernel exact values; macro cycle 5% is screening only
LAYER_ANCHOR_CHEAP_V1__B24	C12_RETROSPECTIVE_ALL_SEEN	prefill	F0	NA	vm_l2_tlb_misses	45227	1219707.66667	1174480.66667	25.9685733448	NA	NOT_DESIGN_BASED	NA	NA	NA	NA	NA	FAIL	FAIL	TRUE	retrospective full-ROI per-kernel exact values; macro cycle 5% is screening only
LAYER_ANCHOR_CHEAP_V1__B24	C12_RETROSPECTIVE_ALL_SEEN	prefill	F0	NA	vm_translation_walk_starts	20816	728214.666667	707398.666667	33.9834101973	NA	NOT_DESIGN_BASED	NA	NA	NA	NA	NA	FAIL	FAIL	TRUE	retrospective full-ROI per-kernel exact values; macro cycle 5% is screening only
LAYER_ANCHOR_CHEAP_V1__B24	C12_RETROSPECTIVE_ALL_SEEN	prefill	F0	NA	vm_pte_requests	20899	730982.666667	710083.666667	33.9769207458	NA	NOT_DESIGN_BASED	NA	NA	NA	NA	NA	FAIL	FAIL	TRUE	retrospective full-ROI per-kernel exact values; macro cycle 5% is screening only
LAYER_ANCHOR_CHEAP_V1__B24	C12_RETROSPECTIVE_ALL_SEEN	prefill	F0	NA	vm_pte_dram_responses	8629	367971	359342	41.6435276394	NA	NOT_DESIGN_BASED	NA	NA	NA	NA	NA	FAIL	FAIL	TRUE	retrospective full-ROI per-kernel exact values; macro cycle 5% is screening only
LAYER_ANCHOR_CHEAP_V1__B24	C12_RETROSPECTIVE_ALL_SEEN	decode1	F0	NA	gpu_sim_cycle	34564626	240229715	205665089	5.9501609825	NA	NOT_DESIGN_BASED	NA	NA	NA	NA	NA	FAIL	FAIL	TRUE	retrospective full-ROI per-kernel exact values; macro cycle 5% is screening only
LAYER_ANCHOR_CHEAP_V1__B24	C12_RETROSPECTIVE_ALL_SEEN	decode1	F0	NA	vm_l1_tlb_accesses	76015393	331179600	255164207	3.35674390317	NA	NOT_DESIGN_BASED	NA	NA	NA	NA	NA	FAIL	FAIL	TRUE	retrospective full-ROI per-kernel exact values; macro cycle 5% is screening only
LAYER_ANCHOR_CHEAP_V1__B24	C12_RETROSPECTIVE_ALL_SEEN	decode1	F0	NA	vm_l1_tlb_misses	57947	605011.666667	547064.666667	9.4407763416	NA	NOT_DESIGN_BASED	NA	NA	NA	NA	NA	FAIL	FAIL	TRUE	retrospective full-ROI per-kernel exact values; macro cycle 5% is screening only
LAYER_ANCHOR_CHEAP_V1__B24	C12_RETROSPECTIVE_ALL_SEEN	decode1	F0	NA	vm_l2_tlb_accesses	57947	605011.666667	547064.666667	9.4407763416	NA	NOT_DESIGN_BASED	NA	NA	NA	NA	NA	FAIL	FAIL	TRUE	retrospective full-ROI per-kernel exact values; macro cycle 5% is screening only
LAYER_ANCHOR_CHEAP_V1__B24	C12_RETROSPECTIVE_ALL_SEEN	decode1	F0	NA	vm_l2_tlb_misses	22220	509736.666667	487516.666667	21.9404440444	NA	NOT_DESIGN_BASED	NA	NA	NA	NA	NA	FAIL	FAIL	TRUE	retrospective full-ROI per-kernel exact values; macro cycle 5% is screening only
LAYER_ANCHOR_CHEAP_V1__B24	C12_RETROSPECTIVE_ALL_SEEN	decode1	F0	NA	vm_translation_walk_starts	15691	497588.333333	481897.333333	30.7117030994	NA	NOT_DESIGN_BASED	NA	NA	NA	NA	NA	FAIL	FAIL	TRUE	retrospective full-ROI per-kernel exact values; macro cycle 5% is screening only
LAYER_ANCHOR_CHEAP_V1__B24	C12_RETROSPECTIVE_ALL_SEEN	decode1	F0	NA	vm_pte_requests	15796	501720	485924	30.7624715118	NA	NOT_DESIGN_BASED	NA	NA	NA	NA	NA	FAIL	FAIL	TRUE	retrospective full-ROI per-kernel exact values; macro cycle 5% is screening only
LAYER_ANCHOR_CHEAP_V1__B24	C12_RETROSPECTIVE_ALL_SEEN	decode1	F0	NA	vm_pte_dram_responses	4134	128821.666667	124687.666667	30.1615062087	NA	NOT_DESIGN_BASED	NA	NA	NA	NA	NA	FAIL	FAIL	TRUE	retrospective full-ROI per-kernel exact values; macro cycle 5% is screening only
LAYER_ANCHOR_CHEAP_V1__B48	C12_RETROSPECTIVE_ALL_SEEN	prefill	F0	NA	gpu_sim_cycle	62490238	581340715.478	518850477.478	8.30290448691	NA	NOT_DESIGN_BASED	NA	NA	NA	NA	NA	FAIL	FAIL	TRUE	retrospective full-ROI per-kernel exact values; macro cycle 5% is screening only
LAYER_ANCHOR_CHEAP_V1__B48	C12_RETROSPECTIVE_ALL_SEEN	prefill	F0	NA	vm_l1_tlb_accesses	94168155	850400424.696	756232269.696	8.03065823787	NA	NOT_DESIGN_BASED	NA	NA	NA	NA	NA	FAIL	FAIL	TRUE	retrospective full-ROI per-kernel exact values; macro cycle 5% is screening only
LAYER_ANCHOR_CHEAP_V1__B48	C12_RETROSPECTIVE_ALL_SEEN	prefill	F0	NA	vm_l1_tlb_misses	1119527	9729610.26087	8610083.26087	7.69082233914	NA	NOT_DESIGN_BASED	NA	NA	NA	NA	NA	FAIL	FAIL	TRUE	retrospective full-ROI per-kernel exact values; macro cycle 5% is screening only
LAYER_ANCHOR_CHEAP_V1__B48	C12_RETROSPECTIVE_ALL_SEEN	prefill	F0	NA	vm_l2_tlb_accesses	1119527	9729610.26087	8610083.26087	7.69082233914	NA	NOT_DESIGN_BASED	NA	NA	NA	NA	NA	FAIL	FAIL	TRUE	retrospective full-ROI per-kernel exact values; macro cycle 5% is screening only
LAYER_ANCHOR_CHEAP_V1__B48	C12_RETROSPECTIVE_ALL_SEEN	prefill	F0	NA	vm_l2_tlb_misses	45227	651533.043478	606306.043478	13.4058426046	NA	NOT_DESIGN_BASED	NA	NA	NA	NA	NA	FAIL	FAIL	TRUE	retrospective full-ROI per-kernel exact values; macro cycle 5% is screening only
LAYER_ANCHOR_CHEAP_V1__B48	C12_RETROSPECTIVE_ALL_SEEN	prefill	F0	NA	vm_translation_walk_starts	20816	387640.347826	366824.347826	17.6222303913	NA	NOT_DESIGN_BASED	NA	NA	NA	NA	NA	FAIL	FAIL	TRUE	retrospective full-ROI per-kernel exact values; macro cycle 5% is screening only
LAYER_ANCHOR_CHEAP_V1__B48	C12_RETROSPECTIVE_ALL_SEEN	prefill	F0	NA	vm_pte_requests	20899	389084.521739	368185.521739	17.6173750772	NA	NOT_DESIGN_BASED	NA	NA	NA	NA	NA	FAIL	FAIL	TRUE	retrospective full-ROI per-kernel exact values; macro cycle 5% is screening only
LAYER_ANCHOR_CHEAP_V1__B48	C12_RETROSPECTIVE_ALL_SEEN	prefill	F0	NA	vm_pte_dram_responses	8629	194000.695652	185371.695652	21.4824076547	NA	NOT_DESIGN_BASED	NA	NA	NA	NA	NA	FAIL	FAIL	TRUE	retrospective full-ROI per-kernel exact values; macro cycle 5% is screening only
LAYER_ANCHOR_CHEAP_V1__B48	C12_RETROSPECTIVE_ALL_SEEN	decode1	F0	NA	gpu_sim_cycle	34564626	148438139.2	113873513.2	3.29451020821	NA	NOT_DESIGN_BASED	NA	NA	NA	NA	NA	FAIL	FAIL	TRUE	retrospective full-ROI per-kernel exact values; macro cycle 5% is screening only
LAYER_ANCHOR_CHEAP_V1__B48	C12_RETROSPECTIVE_ALL_SEEN	decode1	F0	NA	vm_l1_tlb_accesses	76015393	245353571.2	169338178.2	2.22768273	NA	NOT_DESIGN_BASED	NA	NA	NA	NA	NA	FAIL	FAIL	TRUE	retrospective full-ROI per-kernel exact values; macro cycle 5% is screening only
LAYER_ANCHOR_CHEAP_V1__B48	C12_RETROSPECTIVE_ALL_SEEN	decode1	F0	NA	vm_l1_tlb_misses	57947	333473.6	275526.6	4.75480352736	NA	NOT_DESIGN_BASED	NA	NA	NA	NA	NA	FAIL	FAIL	TRUE	retrospective full-ROI per-kernel exact values; macro cycle 5% is screening only
LAYER_ANCHOR_CHEAP_V1__B48	C12_RETROSPECTIVE_ALL_SEEN	decode1	F0	NA	vm_l2_tlb_accesses	57947	333473.6	275526.6	4.75480352736	NA	NOT_DESIGN_BASED	NA	NA	NA	NA	NA	FAIL	FAIL	TRUE	retrospective full-ROI per-kernel exact values; macro cycle 5% is screening only
LAYER_ANCHOR_CHEAP_V1__B48	C12_RETROSPECTIVE_ALL_SEEN	decode1	F0	NA	vm_l2_tlb_misses	22220	257608.8	235388.8	10.5935553555	NA	NOT_DESIGN_BASED	NA	NA	NA	NA	NA	FAIL	FAIL	TRUE	retrospective full-ROI per-kernel exact values; macro cycle 5% is screening only
LAYER_ANCHOR_CHEAP_V1__B48	C12_RETROSPECTIVE_ALL_SEEN	decode1	F0	NA	vm_translation_walk_starts	15691	248492	232801	14.836594226	NA	NOT_DESIGN_BASED	NA	NA	NA	NA	NA	FAIL	FAIL	TRUE	retrospective full-ROI per-kernel exact values; macro cycle 5% is screening only
LAYER_ANCHOR_CHEAP_V1__B48	C12_RETROSPECTIVE_ALL_SEEN	decode1	F0	NA	vm_pte_requests	15796	250475.2	234679.2	14.8568751583	NA	NOT_DESIGN_BASED	NA	NA	NA	NA	NA	FAIL	FAIL	TRUE	retrospective full-ROI per-kernel exact values; macro cycle 5% is screening only
LAYER_ANCHOR_CHEAP_V1__B48	C12_RETROSPECTIVE_ALL_SEEN	decode1	F0	NA	vm_pte_dram_responses	4134	64350.4	60216.4	14.5661344944	NA	NOT_DESIGN_BASED	NA	NA	NA	NA	NA	FAIL	FAIL	TRUE	retrospective full-ROI per-kernel exact values; macro cycle 5% is screening only
LAYER_ANCHOR_CHEAP_V1__B8	C12_RETROSPECTIVE_ALL_SEEN	prefill	F0	NA	gpu_sim_cycle	62490238	3073710203	3011219965	48.1870458711	NA	NOT_DESIGN_BASED	NA	NA	NA	NA	NA	FAIL	FAIL	TRUE	retrospective full-ROI per-kernel exact values; macro cycle 5% is screening only
LAYER_ANCHOR_CHEAP_V1__B8	C12_RETROSPECTIVE_ALL_SEEN	prefill	F0	NA	vm_l1_tlb_accesses	94168155	4475500485	4381332330	46.5266876047	NA	NOT_DESIGN_BASED	NA	NA	NA	NA	NA	FAIL	FAIL	TRUE	retrospective full-ROI per-kernel exact values; macro cycle 5% is screening only
LAYER_ANCHOR_CHEAP_V1__B8	C12_RETROSPECTIVE_ALL_SEEN	prefill	F0	NA	vm_l1_tlb_misses	1119527	53003567	51884040	46.3446080354	NA	NOT_DESIGN_BASED	NA	NA	NA	NA	NA	FAIL	FAIL	TRUE	retrospective full-ROI per-kernel exact values; macro cycle 5% is screening only
LAYER_ANCHOR_CHEAP_V1__B8	C12_RETROSPECTIVE_ALL_SEEN	prefill	F0	NA	vm_l2_tlb_accesses	1119527	53003567	51884040	46.3446080354	NA	NOT_DESIGN_BASED	NA	NA	NA	NA	NA	FAIL	FAIL	TRUE	retrospective full-ROI per-kernel exact values; macro cycle 5% is screening only
LAYER_ANCHOR_CHEAP_V1__B8	C12_RETROSPECTIVE_ALL_SEEN	prefill	F0	NA	vm_l2_tlb_misses	45227	3563973	3518746	77.8018882526	NA	NOT_DESIGN_BASED	NA	NA	NA	NA	NA	FAIL	FAIL	TRUE	retrospective full-ROI per-kernel exact values; macro cycle 5% is screening only
LAYER_ANCHOR_CHEAP_V1__B8	C12_RETROSPECTIVE_ALL_SEEN	prefill	F0	NA	vm_translation_walk_starts	20816	2168728	2147912	103.185626441	NA	NOT_DESIGN_BASED	NA	NA	NA	NA	NA	FAIL	FAIL	TRUE	retrospective full-ROI per-kernel exact values; macro cycle 5% is screening only
LAYER_ANCHOR_CHEAP_V1__B8	C12_RETROSPECTIVE_ALL_SEEN	prefill	F0	NA	vm_pte_requests	20899	2177032	2156133	103.169194698	NA	NOT_DESIGN_BASED	NA	NA	NA	NA	NA	FAIL	FAIL	TRUE	retrospective full-ROI per-kernel exact values; macro cycle 5% is screening only
LAYER_ANCHOR_CHEAP_V1__B8	C12_RETROSPECTIVE_ALL_SEEN	prefill	F0	NA	vm_pte_dram_responses	8629	1098896	1090267	126.349171399	NA	NOT_DESIGN_BASED	NA	NA	NA	NA	NA	FAIL	FAIL	TRUE	retrospective full-ROI per-kernel exact values; macro cycle 5% is screening only
LAYER_ANCHOR_CHEAP_V1__B8	C12_RETROSPECTIVE_ALL_SEEN	decode1	F0	NA	gpu_sim_cycle	34564626	708088055	673523429	19.4859168735	NA	NOT_DESIGN_BASED	NA	NA	NA	NA	NA	FAIL	FAIL	TRUE	retrospective full-ROI per-kernel exact values; macro cycle 5% is screening only
LAYER_ANCHOR_CHEAP_V1__B8	C12_RETROSPECTIVE_ALL_SEEN	decode1	F0	NA	vm_l1_tlb_accesses	76015393	992335930	916320537	12.0544076777	NA	NOT_DESIGN_BASED	NA	NA	NA	NA	NA	FAIL	FAIL	TRUE	retrospective full-ROI per-kernel exact values; macro cycle 5% is screening only
LAYER_ANCHOR_CHEAP_V1__B8	C12_RETROSPECTIVE_ALL_SEEN	decode1	F0	NA	vm_l1_tlb_misses	57947	1804860	1746913	30.146737536	NA	NOT_DESIGN_BASED	NA	NA	NA	NA	NA	FAIL	FAIL	TRUE	retrospective full-ROI per-kernel exact values; macro cycle 5% is screening only
LAYER_ANCHOR_CHEAP_V1__B8	C12_RETROSPECTIVE_ALL_SEEN	decode1	F0	NA	vm_l2_tlb_accesses	57947	1804860	1746913	30.146737536	NA	NOT_DESIGN_BASED	NA	NA	NA	NA	NA	FAIL	FAIL	TRUE	retrospective full-ROI per-kernel exact values; macro cycle 5% is screening only
LAYER_ANCHOR_CHEAP_V1__B8	C12_RETROSPECTIVE_ALL_SEEN	decode1	F0	NA	vm_l2_tlb_misses	22220	1525140	1502920	67.6381638164	NA	NOT_DESIGN_BASED	NA	NA	NA	NA	NA	FAIL	FAIL	TRUE	retrospective full-ROI per-kernel exact values; macro cycle 5% is screening only
LAYER_ANCHOR_CHEAP_V1__B8	C12_RETROSPECTIVE_ALL_SEEN	decode1	F0	NA	vm_translation_walk_starts	15691	1492765	1477074	94.1351092983	NA	NOT_DESIGN_BASED	NA	NA	NA	NA	NA	FAIL	FAIL	TRUE	retrospective full-ROI per-kernel exact values; macro cycle 5% is screening only
LAYER_ANCHOR_CHEAP_V1__B8	C12_RETROSPECTIVE_ALL_SEEN	decode1	F0	NA	vm_pte_requests	15796	1505160	1489364	94.2874145353	NA	NOT_DESIGN_BASED	NA	NA	NA	NA	NA	FAIL	FAIL	TRUE	retrospective full-ROI per-kernel exact values; macro cycle 5% is screening only
LAYER_ANCHOR_CHEAP_V1__B8	C12_RETROSPECTIVE_ALL_SEEN	decode1	F0	NA	vm_pte_dram_responses	4134	386280	382146	92.4397677794	NA	NOT_DESIGN_BASED	NA	NA	NA	NA	NA	FAIL	FAIL	TRUE	retrospective full-ROI per-kernel exact values; macro cycle 5% is screening only
STRATIFIED_RANDOM_CHEAP_V1__B12	C12_RETROSPECTIVE_ALL_SEEN	prefill	F0	NA	gpu_sim_cycle	62490238	15691215.3333	46799022.6667	0.748901335064	NA	SEED_SENSITIVITY_ONLY	NA	NA	NA	NA	NA	FAIL	FAIL	TRUE	retrospective full-ROI per-kernel exact values; macro cycle 5% is screening only
STRATIFIED_RANDOM_CHEAP_V1__B12	C12_RETROSPECTIVE_ALL_SEEN	prefill	F0	NA	vm_l1_tlb_accesses	94168155	19912646	74255509	0.788541614732	NA	SEED_SENSITIVITY_ONLY	NA	NA	NA	NA	NA	FAIL	FAIL	TRUE	retrospective full-ROI per-kernel exact values; macro cycle 5% is screening only
STRATIFIED_RANDOM_CHEAP_V1__B12	C12_RETROSPECTIVE_ALL_SEEN	prefill	F0	NA	vm_l1_tlb_misses	1119527	363992	755535	0.674869833421	NA	SEED_SENSITIVITY_ONLY	NA	NA	NA	NA	NA	FAIL	FAIL	TRUE	retrospective full-ROI per-kernel exact values; macro cycle 5% is screening only
STRATIFIED_RANDOM_CHEAP_V1__B12	C12_RETROSPECTIVE_ALL_SEEN	prefill	F0	NA	vm_l2_tlb_accesses	1119527	363992	755535	0.674869833421	NA	SEED_SENSITIVITY_ONLY	NA	NA	NA	NA	NA	FAIL	FAIL	TRUE	retrospective full-ROI per-kernel exact values; macro cycle 5% is screening only
STRATIFIED_RANDOM_CHEAP_V1__B12	C12_RETROSPECTIVE_ALL_SEEN	prefill	F0	NA	vm_l2_tlb_misses	45227	5190	40037	0.885245539169	NA	SEED_SENSITIVITY_ONLY	NA	NA	NA	NA	NA	FAIL	FAIL	TRUE	retrospective full-ROI per-kernel exact values; macro cycle 5% is screening only
STRATIFIED_RANDOM_CHEAP_V1__B12	C12_RETROSPECTIVE_ALL_SEEN	prefill	F0	NA	vm_translation_walk_starts	20816	807.333333333	20008.6666667	0.961215731489	NA	SEED_SENSITIVITY_ONLY	NA	NA	NA	NA	NA	FAIL	FAIL	TRUE	retrospective full-ROI per-kernel exact values; macro cycle 5% is screening only
STRATIFIED_RANDOM_CHEAP_V1__B12	C12_RETROSPECTIVE_ALL_SEEN	prefill	F0	NA	vm_pte_requests	20899	807.333333333	20091.6666667	0.961369762509	NA	SEED_SENSITIVITY_ONLY	NA	NA	NA	NA	NA	FAIL	FAIL	TRUE	retrospective full-ROI per-kernel exact values; macro cycle 5% is screening only
STRATIFIED_RANDOM_CHEAP_V1__B12	C12_RETROSPECTIVE_ALL_SEEN	prefill	F0	NA	vm_pte_dram_responses	8629	346	8283	0.959902653842	NA	SEED_SENSITIVITY_ONLY	NA	NA	NA	NA	NA	FAIL	FAIL	TRUE	retrospective full-ROI per-kernel exact values; macro cycle 5% is screening only
STRATIFIED_RANDOM_CHEAP_V1__B12	C12_RETROSPECTIVE_ALL_SEEN	decode1	F0	NA	gpu_sim_cycle	34564626	8949066.66667	25615559.3333	0.741091754713	NA	SEED_SENSITIVITY_ONLY	NA	NA	NA	NA	NA	FAIL	FAIL	TRUE	retrospective full-ROI per-kernel exact values; macro cycle 5% is screening only
STRATIFIED_RANDOM_CHEAP_V1__B12	C12_RETROSPECTIVE_ALL_SEEN	decode1	F0	NA	vm_l1_tlb_accesses	76015393	5968100	70047293	0.921488270145	NA	SEED_SENSITIVITY_ONLY	NA	NA	NA	NA	NA	FAIL	FAIL	TRUE	retrospective full-ROI per-kernel exact values; macro cycle 5% is screening only
STRATIFIED_RANDOM_CHEAP_V1__B12	C12_RETROSPECTIVE_ALL_SEEN	decode1	F0	NA	vm_l1_tlb_misses	57947	102366.666667	44419.6666667	0.766556796153	NA	SEED_SENSITIVITY_ONLY	NA	NA	NA	NA	NA	FAIL	FAIL	TRUE	retrospective full-ROI per-kernel exact values; macro cycle 5% is screening only
STRATIFIED_RANDOM_CHEAP_V1__B12	C12_RETROSPECTIVE_ALL_SEEN	decode1	F0	NA	vm_l2_tlb_accesses	57947	102366.666667	44419.6666667	0.766556796153	NA	SEED_SENSITIVITY_ONLY	NA	NA	NA	NA	NA	FAIL	FAIL	TRUE	retrospective full-ROI per-kernel exact values; macro cycle 5% is screening only
STRATIFIED_RANDOM_CHEAP_V1__B12	C12_RETROSPECTIVE_ALL_SEEN	decode1	F0	NA	vm_l2_tlb_misses	22220	11223.3333333	10996.6666667	0.494899489949	NA	SEED_SENSITIVITY_ONLY	NA	NA	NA	NA	NA	FAIL	FAIL	TRUE	retrospective full-ROI per-kernel exact values; macro cycle 5% is screening only
STRATIFIED_RANDOM_CHEAP_V1__B12	C12_RETROSPECTIVE_ALL_SEEN	decode1	F0	NA	vm_translation_walk_starts	15691	4193.33333333	11497.6666667	0.732755507403	NA	SEED_SENSITIVITY_ONLY	NA	NA	NA	NA	NA	FAIL	FAIL	TRUE	retrospective full-ROI per-kernel exact values; macro cycle 5% is screening only
STRATIFIED_RANDOM_CHEAP_V1__B12	C12_RETROSPECTIVE_ALL_SEEN	decode1	F0	NA	vm_pte_requests	15796	4193.33333333	11602.6666667	0.734531949017	NA	SEED_SENSITIVITY_ONLY	NA	NA	NA	NA	NA	FAIL	FAIL	TRUE	retrospective full-ROI per-kernel exact values; macro cycle 5% is screening only
STRATIFIED_RANDOM_CHEAP_V1__B12	C12_RETROSPECTIVE_ALL_SEEN	decode1	F0	NA	vm_pte_dram_responses	4134	1110	3024	0.731494920174	NA	SEED_SENSITIVITY_ONLY	NA	NA	NA	NA	NA	FAIL	FAIL	TRUE	retrospective full-ROI per-kernel exact values; macro cycle 5% is screening only
STRATIFIED_RANDOM_CHEAP_V1__B24	C12_RETROSPECTIVE_ALL_SEEN	prefill	F0	NA	gpu_sim_cycle	62490238	73103745	10613507	0.169842640062	NA	SEED_SENSITIVITY_ONLY	NA	NA	NA	NA	NA	FAIL	FAIL	TRUE	retrospective full-ROI per-kernel exact values; macro cycle 5% is screening only
STRATIFIED_RANDOM_CHEAP_V1__B24	C12_RETROSPECTIVE_ALL_SEEN	prefill	F0	NA	vm_l1_tlb_accesses	94168155	124147625.667	29979470.6667	0.318361028382	NA	SEED_SENSITIVITY_ONLY	NA	NA	NA	NA	NA	FAIL	FAIL	TRUE	retrospective full-ROI per-kernel exact values; macro cycle 5% is screening only
STRATIFIED_RANDOM_CHEAP_V1__B24	C12_RETROSPECTIVE_ALL_SEEN	prefill	F0	NA	vm_l1_tlb_misses	1119527	1382731.33333	263204.333333	0.235103158149	NA	SEED_SENSITIVITY_ONLY	NA	NA	NA	NA	NA	FAIL	FAIL	TRUE	retrospective full-ROI per-kernel exact values; macro cycle 5% is screening only
STRATIFIED_RANDOM_CHEAP_V1__B24	C12_RETROSPECTIVE_ALL_SEEN	prefill	F0	NA	vm_l2_tlb_accesses	1119527	1382731.33333	263204.333333	0.235103158149	NA	SEED_SENSITIVITY_ONLY	NA	NA	NA	NA	NA	FAIL	FAIL	TRUE	retrospective full-ROI per-kernel exact values; macro cycle 5% is screening only
STRATIFIED_RANDOM_CHEAP_V1__B24	C12_RETROSPECTIVE_ALL_SEEN	prefill	F0	NA	vm_l2_tlb_misses	45227	31082.3333333	14144.6666667	0.312748284579	NA	SEED_SENSITIVITY_ONLY	NA	NA	NA	NA	NA	FAIL	FAIL	TRUE	retrospective full-ROI per-kernel exact values; macro cycle 5% is screening only
STRATIFIED_RANDOM_CHEAP_V1__B24	C12_RETROSPECTIVE_ALL_SEEN	prefill	F0	NA	vm_translation_walk_starts	20816	14762.6666667	6053.33333333	0.29080194722	NA	SEED_SENSITIVITY_ONLY	NA	NA	NA	NA	NA	FAIL	FAIL	TRUE	retrospective full-ROI per-kernel exact values; macro cycle 5% is screening only
STRATIFIED_RANDOM_CHEAP_V1__B24	C12_RETROSPECTIVE_ALL_SEEN	prefill	F0	NA	vm_pte_requests	20899	14820.3333333	6078.66666667	0.290859211765	NA	SEED_SENSITIVITY_ONLY	NA	NA	NA	NA	NA	FAIL	FAIL	TRUE	retrospective full-ROI per-kernel exact values; macro cycle 5% is screening only
STRATIFIED_RANDOM_CHEAP_V1__B24	C12_RETROSPECTIVE_ALL_SEEN	prefill	F0	NA	vm_pte_dram_responses	8629	3921.33333333	4707.66666667	0.545563410206	NA	SEED_SENSITIVITY_ONLY	NA	NA	NA	NA	NA	FAIL	FAIL	TRUE	retrospective full-ROI per-kernel exact values; macro cycle 5% is screening only
STRATIFIED_RANDOM_CHEAP_V1__B24	C12_RETROSPECTIVE_ALL_SEEN	decode1	F0	NA	gpu_sim_cycle	34564626	33051113.3333	1513512.66667	0.0437879080962	NA	SEED_SENSITIVITY_ONLY	NA	NA	NA	NA	NA	PASS	PASS	TRUE	retrospective full-ROI per-kernel exact values; macro cycle 5% is screening only
STRATIFIED_RANDOM_CHEAP_V1__B24	C12_RETROSPECTIVE_ALL_SEEN	decode1	F0	NA	vm_l1_tlb_accesses	76015393	79743386.6667	3727993.66667	0.0490426151801	NA	SEED_SENSITIVITY_ONLY	NA	NA	NA	NA	NA	PASS	PASS	TRUE	retrospective full-ROI per-kernel exact values; macro cycle 5% is screening only
STRATIFIED_RANDOM_CHEAP_V1__B24	C12_RETROSPECTIVE_ALL_SEEN	decode1	F0	NA	vm_l1_tlb_misses	57947	30401.6666667	27545.3333333	0.475353915359	NA	SEED_SENSITIVITY_ONLY	NA	NA	NA	NA	NA	FAIL	FAIL	TRUE	retrospective full-ROI per-kernel exact values; macro cycle 5% is screening only
STRATIFIED_RANDOM_CHEAP_V1__B24	C12_RETROSPECTIVE_ALL_SEEN	decode1	F0	NA	vm_l2_tlb_accesses	57947	30401.6666667	27545.3333333	0.475353915359	NA	SEED_SENSITIVITY_ONLY	NA	NA	NA	NA	NA	FAIL	FAIL	TRUE	retrospective full-ROI per-kernel exact values; macro cycle 5% is screening only
STRATIFIED_RANDOM_CHEAP_V1__B24	C12_RETROSPECTIVE_ALL_SEEN	decode1	F0	NA	vm_l2_tlb_misses	22220	16773.3333333	5446.66666667	0.245124512451	NA	SEED_SENSITIVITY_ONLY	NA	NA	NA	NA	NA	FAIL	FAIL	TRUE	retrospective full-ROI per-kernel exact values; macro cycle 5% is screening only
STRATIFIED_RANDOM_CHEAP_V1__B24	C12_RETROSPECTIVE_ALL_SEEN	decode1	F0	NA	vm_translation_walk_starts	15691	8325	7366	0.469441080874	NA	SEED_SENSITIVITY_ONLY	NA	NA	NA	NA	NA	FAIL	FAIL	TRUE	retrospective full-ROI per-kernel exact values; macro cycle 5% is screening only
STRATIFIED_RANDOM_CHEAP_V1__B24	C12_RETROSPECTIVE_ALL_SEEN	decode1	F0	NA	vm_pte_requests	15796	8325	7471	0.472967839959	NA	SEED_SENSITIVITY_ONLY	NA	NA	NA	NA	NA	FAIL	FAIL	TRUE	retrospective full-ROI per-kernel exact values; macro cycle 5% is screening only
STRATIFIED_RANDOM_CHEAP_V1__B24	C12_RETROSPECTIVE_ALL_SEEN	decode1	F0	NA	vm_pte_dram_responses	4134	2096.66666667	2037.33333333	0.492823738107	NA	SEED_SENSITIVITY_ONLY	NA	NA	NA	NA	NA	FAIL	FAIL	TRUE	retrospective full-ROI per-kernel exact values; macro cycle 5% is screening only
STRATIFIED_RANDOM_CHEAP_V1__B48	C12_RETROSPECTIVE_ALL_SEEN	prefill	F0	NA	gpu_sim_cycle	62490238	54792800.6957	7697437.30435	0.123178236325	NA	SEED_SENSITIVITY_ONLY	NA	NA	NA	NA	NA	FAIL	FAIL	TRUE	retrospective full-ROI per-kernel exact values; macro cycle 5% is screening only
STRATIFIED_RANDOM_CHEAP_V1__B48	C12_RETROSPECTIVE_ALL_SEEN	prefill	F0	NA	vm_l1_tlb_accesses	94168155	84601603.3043	9566551.69565	0.10159009376	NA	SEED_SENSITIVITY_ONLY	NA	NA	NA	NA	NA	FAIL	FAIL	TRUE	retrospective full-ROI per-kernel exact values; macro cycle 5% is screening only
STRATIFIED_RANDOM_CHEAP_V1__B48	C12_RETROSPECTIVE_ALL_SEEN	prefill	F0	NA	vm_l1_tlb_misses	1119527	861810.782609	257716.217391	0.230200984337	NA	SEED_SENSITIVITY_ONLY	NA	NA	NA	NA	NA	FAIL	FAIL	TRUE	retrospective full-ROI per-kernel exact values; macro cycle 5% is screening only
STRATIFIED_RANDOM_CHEAP_V1__B48	C12_RETROSPECTIVE_ALL_SEEN	prefill	F0	NA	vm_l2_tlb_accesses	1119527	861810.782609	257716.217391	0.230200984337	NA	SEED_SENSITIVITY_ONLY	NA	NA	NA	NA	NA	FAIL	FAIL	TRUE	retrospective full-ROI per-kernel exact values; macro cycle 5% is screening only
STRATIFIED_RANDOM_CHEAP_V1__B48	C12_RETROSPECTIVE_ALL_SEEN	prefill	F0	NA	vm_l2_tlb_misses	45227	23528	21699	0.479779777566	NA	SEED_SENSITIVITY_ONLY	NA	NA	NA	NA	NA	FAIL	FAIL	TRUE	retrospective full-ROI per-kernel exact values; macro cycle 5% is screening only
STRATIFIED_RANDOM_CHEAP_V1__B48	C12_RETROSPECTIVE_ALL_SEEN	prefill	F0	NA	vm_translation_walk_starts	20816	10049.0434783	10766.9565217	0.517244260268	NA	SEED_SENSITIVITY_ONLY	NA	NA	NA	NA	NA	FAIL	FAIL	TRUE	retrospective full-ROI per-kernel exact values; macro cycle 5% is screening only
STRATIFIED_RANDOM_CHEAP_V1__B48	C12_RETROSPECTIVE_ALL_SEEN	prefill	F0	NA	vm_pte_requests	20899	10049.0434783	10849.9565217	0.519161515945	NA	SEED_SENSITIVITY_ONLY	NA	NA	NA	NA	NA	FAIL	FAIL	TRUE	retrospective full-ROI per-kernel exact values; macro cycle 5% is screening only
STRATIFIED_RANDOM_CHEAP_V1__B48	C12_RETROSPECTIVE_ALL_SEEN	prefill	F0	NA	vm_pte_dram_responses	8629	2677.73913043	5951.26086957	0.689681407992	NA	SEED_SENSITIVITY_ONLY	NA	NA	NA	NA	NA	FAIL	FAIL	TRUE	retrospective full-ROI per-kernel exact values; macro cycle 5% is screening only
STRATIFIED_RANDOM_CHEAP_V1__B48	C12_RETROSPECTIVE_ALL_SEEN	decode1	F0	NA	gpu_sim_cycle	34564626	24075248.8	10489377.2	0.303471450841	NA	SEED_SENSITIVITY_ONLY	NA	NA	NA	NA	NA	FAIL	FAIL	TRUE	retrospective full-ROI per-kernel exact values; macro cycle 5% is screening only
STRATIFIED_RANDOM_CHEAP_V1__B48	C12_RETROSPECTIVE_ALL_SEEN	decode1	F0	NA	vm_l1_tlb_accesses	76015393	48108939.2	27906453.8	0.367115826133	NA	SEED_SENSITIVITY_ONLY	NA	NA	NA	NA	NA	FAIL	FAIL	TRUE	retrospective full-ROI per-kernel exact values; macro cycle 5% is screening only
STRATIFIED_RANDOM_CHEAP_V1__B48	C12_RETROSPECTIVE_ALL_SEEN	decode1	F0	NA	vm_l1_tlb_misses	57947	77315.2	19368.2	0.334239908882	NA	SEED_SENSITIVITY_ONLY	NA	NA	NA	NA	NA	FAIL	FAIL	TRUE	retrospective full-ROI per-kernel exact values; macro cycle 5% is screening only
STRATIFIED_RANDOM_CHEAP_V1__B48	C12_RETROSPECTIVE_ALL_SEEN	decode1	F0	NA	vm_l2_tlb_accesses	57947	77315.2	19368.2	0.334239908882	NA	SEED_SENSITIVITY_ONLY	NA	NA	NA	NA	NA	FAIL	FAIL	TRUE	retrospective full-ROI per-kernel exact values; macro cycle 5% is screening only
STRATIFIED_RANDOM_CHEAP_V1__B48	C12_RETROSPECTIVE_ALL_SEEN	decode1	F0	NA	vm_l2_tlb_misses	22220	14148.8	8071.2	0.363240324032	NA	SEED_SENSITIVITY_ONLY	NA	NA	NA	NA	NA	FAIL	FAIL	TRUE	retrospective full-ROI per-kernel exact values; macro cycle 5% is screening only
STRATIFIED_RANDOM_CHEAP_V1__B48	C12_RETROSPECTIVE_ALL_SEEN	decode1	F0	NA	vm_translation_walk_starts	15691	5624	10067	0.641577974635	NA	SEED_SENSITIVITY_ONLY	NA	NA	NA	NA	NA	FAIL	FAIL	TRUE	retrospective full-ROI per-kernel exact values; macro cycle 5% is screening only
STRATIFIED_RANDOM_CHEAP_V1__B48	C12_RETROSPECTIVE_ALL_SEEN	decode1	F0	NA	vm_pte_requests	15796	5624	10172	0.643960496328	NA	SEED_SENSITIVITY_ONLY	NA	NA	NA	NA	NA	FAIL	FAIL	TRUE	retrospective full-ROI per-kernel exact values; macro cycle 5% is screening only
STRATIFIED_RANDOM_CHEAP_V1__B48	C12_RETROSPECTIVE_ALL_SEEN	decode1	F0	NA	vm_pte_dram_responses	4134	1509.6	2624.4	0.634833091437	NA	SEED_SENSITIVITY_ONLY	NA	NA	NA	NA	NA	FAIL	FAIL	TRUE	retrospective full-ROI per-kernel exact values; macro cycle 5% is screening only
STRATIFIED_RANDOM_CHEAP_V1__B8	C12_RETROSPECTIVE_ALL_SEEN	prefill	F0	NA	gpu_sim_cycle	62490238	81333701	18843463	0.301542506527	NA	SEED_SENSITIVITY_ONLY	NA	NA	NA	NA	NA	FAIL	FAIL	TRUE	retrospective full-ROI per-kernel exact values; macro cycle 5% is screening only
STRATIFIED_RANDOM_CHEAP_V1__B8	C12_RETROSPECTIVE_ALL_SEEN	prefill	F0	NA	vm_l1_tlb_accesses	94168155	143726497	49558342	0.526274959937	NA	SEED_SENSITIVITY_ONLY	NA	NA	NA	NA	NA	FAIL	FAIL	TRUE	retrospective full-ROI per-kernel exact values; macro cycle 5% is screening only
STRATIFIED_RANDOM_CHEAP_V1__B8	C12_RETROSPECTIVE_ALL_SEEN	prefill	F0	NA	vm_l1_tlb_misses	1119527	426618	692909	0.61893013746	NA	SEED_SENSITIVITY_ONLY	NA	NA	NA	NA	NA	FAIL	FAIL	TRUE	retrospective full-ROI per-kernel exact values; macro cycle 5% is screening only
STRATIFIED_RANDOM_CHEAP_V1__B8	C12_RETROSPECTIVE_ALL_SEEN	prefill	F0	NA	vm_l2_tlb_accesses	1119527	426618	692909	0.61893013746	NA	SEED_SENSITIVITY_ONLY	NA	NA	NA	NA	NA	FAIL	FAIL	TRUE	retrospective full-ROI per-kernel exact values; macro cycle 5% is screening only
STRATIFIED_RANDOM_CHEAP_V1__B8	C12_RETROSPECTIVE_ALL_SEEN	prefill	F0	NA	vm_l2_tlb_misses	45227	55706	10479	0.231697879585	NA	SEED_SENSITIVITY_ONLY	NA	NA	NA	NA	NA	FAIL	FAIL	TRUE	retrospective full-ROI per-kernel exact values; macro cycle 5% is screening only
STRATIFIED_RANDOM_CHEAP_V1__B8	C12_RETROSPECTIVE_ALL_SEEN	prefill	F0	NA	vm_translation_walk_starts	20816	23528	2712	0.130284396618	NA	SEED_SENSITIVITY_ONLY	NA	NA	NA	NA	NA	FAIL	FAIL	TRUE	retrospective full-ROI per-kernel exact values; macro cycle 5% is screening only
STRATIFIED_RANDOM_CHEAP_V1__B8	C12_RETROSPECTIVE_ALL_SEEN	prefill	F0	NA	vm_pte_requests	20899	23874	2975	0.142351308675	NA	SEED_SENSITIVITY_ONLY	NA	NA	NA	NA	NA	FAIL	FAIL	TRUE	retrospective full-ROI per-kernel exact values; macro cycle 5% is screening only
STRATIFIED_RANDOM_CHEAP_V1__B8	C12_RETROSPECTIVE_ALL_SEEN	prefill	F0	NA	vm_pte_dram_responses	8629	6228	2401	0.278247769151	NA	SEED_SENSITIVITY_ONLY	NA	NA	NA	NA	NA	FAIL	FAIL	TRUE	retrospective full-ROI per-kernel exact values; macro cycle 5% is screening only
STRATIFIED_RANDOM_CHEAP_V1__B8	C12_RETROSPECTIVE_ALL_SEEN	decode1	F0	NA	gpu_sim_cycle	34564626	5225880	29338746	0.848808432066	NA	SEED_SENSITIVITY_ONLY	NA	NA	NA	NA	NA	FAIL	FAIL	TRUE	retrospective full-ROI per-kernel exact values; macro cycle 5% is screening only
STRATIFIED_RANDOM_CHEAP_V1__B8	C12_RETROSPECTIVE_ALL_SEEN	decode1	F0	NA	vm_l1_tlb_accesses	76015393	284160	75731233	0.996261809763	NA	SEED_SENSITIVITY_ONLY	NA	NA	NA	NA	NA	FAIL	FAIL	TRUE	retrospective full-ROI per-kernel exact values; macro cycle 5% is screening only
STRATIFIED_RANDOM_CHEAP_V1__B8	C12_RETROSPECTIVE_ALL_SEEN	decode1	F0	NA	vm_l1_tlb_misses	57947	1110	56837	0.980844564861	NA	SEED_SENSITIVITY_ONLY	NA	NA	NA	NA	NA	FAIL	FAIL	TRUE	retrospective full-ROI per-kernel exact values; macro cycle 5% is screening only
STRATIFIED_RANDOM_CHEAP_V1__B8	C12_RETROSPECTIVE_ALL_SEEN	decode1	F0	NA	vm_l2_tlb_accesses	57947	1110	56837	0.980844564861	NA	SEED_SENSITIVITY_ONLY	NA	NA	NA	NA	NA	FAIL	FAIL	TRUE	retrospective full-ROI per-kernel exact values; macro cycle 5% is screening only
STRATIFIED_RANDOM_CHEAP_V1__B8	C12_RETROSPECTIVE_ALL_SEEN	decode1	F0	NA	vm_l2_tlb_misses	22220	0	22220	1	NA	SEED_SENSITIVITY_ONLY	NA	NA	NA	NA	NA	FAIL	FAIL	TRUE	retrospective full-ROI per-kernel exact values; macro cycle 5% is screening only
STRATIFIED_RANDOM_CHEAP_V1__B8	C12_RETROSPECTIVE_ALL_SEEN	decode1	F0	NA	vm_translation_walk_starts	15691	0	15691	1	NA	SEED_SENSITIVITY_ONLY	NA	NA	NA	NA	NA	FAIL	FAIL	TRUE	retrospective full-ROI per-kernel exact values; macro cycle 5% is screening only
STRATIFIED_RANDOM_CHEAP_V1__B8	C12_RETROSPECTIVE_ALL_SEEN	decode1	F0	NA	vm_pte_requests	15796	0	15796	1	NA	SEED_SENSITIVITY_ONLY	NA	NA	NA	NA	NA	FAIL	FAIL	TRUE	retrospective full-ROI per-kernel exact values; macro cycle 5% is screening only
STRATIFIED_RANDOM_CHEAP_V1__B8	C12_RETROSPECTIVE_ALL_SEEN	decode1	F0	NA	vm_pte_dram_responses	4134	0	4134	1	NA	SEED_SENSITIVITY_ONLY	NA	NA	NA	NA	NA	FAIL	FAIL	TRUE	retrospective full-ROI per-kernel exact values; macro cycle 5% is screening only
STRATIFIED_REPRESENTATIVE_CHEAP_V1__B12	C12_RETROSPECTIVE_ALL_SEEN	prefill	F0	NA	gpu_sim_cycle	62490238	2112376479.33	2049886241.33	32.8033034749	NA	NOT_DESIGN_BASED	NA	NA	NA	NA	NA	FAIL	FAIL	TRUE	retrospective full-ROI per-kernel exact values; macro cycle 5% is screening only
STRATIFIED_REPRESENTATIVE_CHEAP_V1__B12	C12_RETROSPECTIVE_ALL_SEEN	prefill	F0	NA	vm_l1_tlb_accesses	94168155	3099635464	3005467309	31.9159625566	NA	NOT_DESIGN_BASED	NA	NA	NA	NA	NA	FAIL	FAIL	TRUE	retrospective full-ROI per-kernel exact values; macro cycle 5% is screening only
STRATIFIED_REPRESENTATIVE_CHEAP_V1__B12	C12_RETROSPECTIVE_ALL_SEEN	prefill	F0	NA	vm_l1_tlb_misses	1119527	36037976	34918449	31.1903589641	NA	NOT_DESIGN_BASED	NA	NA	NA	NA	NA	FAIL	FAIL	TRUE	retrospective full-ROI per-kernel exact values; macro cycle 5% is screening only
STRATIFIED_REPRESENTATIVE_CHEAP_V1__B12	C12_RETROSPECTIVE_ALL_SEEN	prefill	F0	NA	vm_l2_tlb_accesses	1119527	36037976	34918449	31.1903589641	NA	NOT_DESIGN_BASED	NA	NA	NA	NA	NA	FAIL	FAIL	TRUE	retrospective full-ROI per-kernel exact values; macro cycle 5% is screening only
STRATIFIED_REPRESENTATIVE_CHEAP_V1__B12	C12_RETROSPECTIVE_ALL_SEEN	prefill	F0	NA	vm_l2_tlb_misses	45227	2405738	2360511	52.1925177438	NA	NOT_DESIGN_BASED	NA	NA	NA	NA	NA	FAIL	FAIL	TRUE	retrospective full-ROI per-kernel exact values; macro cycle 5% is screening only
STRATIFIED_REPRESENTATIVE_CHEAP_V1__B12	C12_RETROSPECTIVE_ALL_SEEN	prefill	F0	NA	vm_translation_walk_starts	20816	1463349.33333	1442533.33333	69.2992569818	NA	NOT_DESIGN_BASED	NA	NA	NA	NA	NA	FAIL	FAIL	TRUE	retrospective full-ROI per-kernel exact values; macro cycle 5% is screening only
STRATIFIED_REPRESENTATIVE_CHEAP_V1__B12	C12_RETROSPECTIVE_ALL_SEEN	prefill	F0	NA	vm_pte_requests	20899	1468885.33333	1447986.33333	69.284957813	NA	NOT_DESIGN_BASED	NA	NA	NA	NA	NA	FAIL	FAIL	TRUE	retrospective full-ROI per-kernel exact values; macro cycle 5% is screening only
STRATIFIED_REPRESENTATIVE_CHEAP_V1__B12	C12_RETROSPECTIVE_ALL_SEEN	prefill	F0	NA	vm_pte_dram_responses	8629	737095.333333	728466.333333	84.4207130992	NA	NOT_DESIGN_BASED	NA	NA	NA	NA	NA	FAIL	FAIL	TRUE	retrospective full-ROI per-kernel exact values; macro cycle 5% is screening only
STRATIFIED_REPRESENTATIVE_CHEAP_V1__B12	C12_RETROSPECTIVE_ALL_SEEN	decode1	F0	NA	gpu_sim_cycle	34564626	471420083.333	436855457.333	12.6388018008	NA	NOT_DESIGN_BASED	NA	NA	NA	NA	NA	FAIL	FAIL	TRUE	retrospective full-ROI per-kernel exact values; macro cycle 5% is screening only
STRATIFIED_REPRESENTATIVE_CHEAP_V1__B12	C12_RETROSPECTIVE_ALL_SEEN	decode1	F0	NA	vm_l1_tlb_accesses	76015393	652697760	576682367	7.58638933828	NA	NOT_DESIGN_BASED	NA	NA	NA	NA	NA	FAIL	FAIL	TRUE	retrospective full-ROI per-kernel exact values; macro cycle 5% is screening only
STRATIFIED_REPRESENTATIVE_CHEAP_V1__B12	C12_RETROSPECTIVE_ALL_SEEN	decode1	F0	NA	vm_l1_tlb_misses	57947	1213106.66667	1155159.66667	19.9347622253	NA	NOT_DESIGN_BASED	NA	NA	NA	NA	NA	FAIL	FAIL	TRUE	retrospective full-ROI per-kernel exact values; macro cycle 5% is screening only
STRATIFIED_REPRESENTATIVE_CHEAP_V1__B12	C12_RETROSPECTIVE_ALL_SEEN	decode1	F0	NA	vm_l2_tlb_accesses	57947	1213106.66667	1155159.66667	19.9347622253	NA	NOT_DESIGN_BASED	NA	NA	NA	NA	NA	FAIL	FAIL	TRUE	retrospective full-ROI per-kernel exact values; macro cycle 5% is screening only
STRATIFIED_REPRESENTATIVE_CHEAP_V1__B12	C12_RETROSPECTIVE_ALL_SEEN	decode1	F0	NA	vm_l2_tlb_misses	22220	1012566.66667	990346.666667	44.5700570057	NA	NOT_DESIGN_BASED	NA	NA	NA	NA	NA	FAIL	FAIL	TRUE	retrospective full-ROI per-kernel exact values; macro cycle 5% is screening only
STRATIFIED_REPRESENTATIVE_CHEAP_V1__B12	C12_RETROSPECTIVE_ALL_SEEN	decode1	F0	NA	vm_translation_walk_starts	15691	994190	978499	62.3605251418	NA	NOT_DESIGN_BASED	NA	NA	NA	NA	NA	FAIL	FAIL	TRUE	retrospective full-ROI per-kernel exact values; macro cycle 5% is screening only
STRATIFIED_REPRESENTATIVE_CHEAP_V1__B12	C12_RETROSPECTIVE_ALL_SEEN	decode1	F0	NA	vm_pte_requests	15796	1002453.33333	986657.333333	62.4624799527	NA	NOT_DESIGN_BASED	NA	NA	NA	NA	NA	FAIL	FAIL	TRUE	retrospective full-ROI per-kernel exact values; macro cycle 5% is screening only
STRATIFIED_REPRESENTATIVE_CHEAP_V1__B12	C12_RETROSPECTIVE_ALL_SEEN	decode1	F0	NA	vm_pte_dram_responses	4134	257273.333333	253139.333333	61.2335107241	NA	NOT_DESIGN_BASED	NA	NA	NA	NA	NA	FAIL	FAIL	TRUE	retrospective full-ROI per-kernel exact values; macro cycle 5% is screening only
STRATIFIED_REPRESENTATIVE_CHEAP_V1__B24	C12_RETROSPECTIVE_ALL_SEEN	prefill	F0	NA	gpu_sim_cycle	62490238	1053811796.33	991321558.333	15.8636227043	NA	NOT_DESIGN_BASED	NA	NA	NA	NA	NA	FAIL	FAIL	TRUE	retrospective full-ROI per-kernel exact values; macro cycle 5% is screening only
STRATIFIED_REPRESENTATIVE_CHEAP_V1__B24	C12_RETROSPECTIVE_ALL_SEEN	prefill	F0	NA	vm_l1_tlb_accesses	94168155	1526408756	1432240601	15.2093943117	NA	NOT_DESIGN_BASED	NA	NA	NA	NA	NA	FAIL	FAIL	TRUE	retrospective full-ROI per-kernel exact values; macro cycle 5% is screening only
STRATIFIED_REPRESENTATIVE_CHEAP_V1__B24	C12_RETROSPECTIVE_ALL_SEEN	prefill	F0	NA	vm_l1_tlb_misses	1119527	17901232.6667	16781705.6667	14.9899963705	NA	NOT_DESIGN_BASED	NA	NA	NA	NA	NA	FAIL	FAIL	TRUE	retrospective full-ROI per-kernel exact values; macro cycle 5% is screening only
STRATIFIED_REPRESENTATIVE_CHEAP_V1__B24	C12_RETROSPECTIVE_ALL_SEEN	prefill	F0	NA	vm_l2_tlb_accesses	1119527	17901232.6667	16781705.6667	14.9899963705	NA	NOT_DESIGN_BASED	NA	NA	NA	NA	NA	FAIL	FAIL	TRUE	retrospective full-ROI per-kernel exact values; macro cycle 5% is screening only
STRATIFIED_REPRESENTATIVE_CHEAP_V1__B24	C12_RETROSPECTIVE_ALL_SEEN	prefill	F0	NA	vm_l2_tlb_misses	45227	1219707.66667	1174480.66667	25.9685733448	NA	NOT_DESIGN_BASED	NA	NA	NA	NA	NA	FAIL	FAIL	TRUE	retrospective full-ROI per-kernel exact values; macro cycle 5% is screening only
STRATIFIED_REPRESENTATIVE_CHEAP_V1__B24	C12_RETROSPECTIVE_ALL_SEEN	prefill	F0	NA	vm_translation_walk_starts	20816	728214.666667	707398.666667	33.9834101973	NA	NOT_DESIGN_BASED	NA	NA	NA	NA	NA	FAIL	FAIL	TRUE	retrospective full-ROI per-kernel exact values; macro cycle 5% is screening only
STRATIFIED_REPRESENTATIVE_CHEAP_V1__B24	C12_RETROSPECTIVE_ALL_SEEN	prefill	F0	NA	vm_pte_requests	20899	730982.666667	710083.666667	33.9769207458	NA	NOT_DESIGN_BASED	NA	NA	NA	NA	NA	FAIL	FAIL	TRUE	retrospective full-ROI per-kernel exact values; macro cycle 5% is screening only
STRATIFIED_REPRESENTATIVE_CHEAP_V1__B24	C12_RETROSPECTIVE_ALL_SEEN	prefill	F0	NA	vm_pte_dram_responses	8629	367971	359342	41.6435276394	NA	NOT_DESIGN_BASED	NA	NA	NA	NA	NA	FAIL	FAIL	TRUE	retrospective full-ROI per-kernel exact values; macro cycle 5% is screening only
STRATIFIED_REPRESENTATIVE_CHEAP_V1__B24	C12_RETROSPECTIVE_ALL_SEEN	decode1	F0	NA	gpu_sim_cycle	34564626	240229715	205665089	5.9501609825	NA	NOT_DESIGN_BASED	NA	NA	NA	NA	NA	FAIL	FAIL	TRUE	retrospective full-ROI per-kernel exact values; macro cycle 5% is screening only
STRATIFIED_REPRESENTATIVE_CHEAP_V1__B24	C12_RETROSPECTIVE_ALL_SEEN	decode1	F0	NA	vm_l1_tlb_accesses	76015393	331179600	255164207	3.35674390317	NA	NOT_DESIGN_BASED	NA	NA	NA	NA	NA	FAIL	FAIL	TRUE	retrospective full-ROI per-kernel exact values; macro cycle 5% is screening only
STRATIFIED_REPRESENTATIVE_CHEAP_V1__B24	C12_RETROSPECTIVE_ALL_SEEN	decode1	F0	NA	vm_l1_tlb_misses	57947	605011.666667	547064.666667	9.4407763416	NA	NOT_DESIGN_BASED	NA	NA	NA	NA	NA	FAIL	FAIL	TRUE	retrospective full-ROI per-kernel exact values; macro cycle 5% is screening only
STRATIFIED_REPRESENTATIVE_CHEAP_V1__B24	C12_RETROSPECTIVE_ALL_SEEN	decode1	F0	NA	vm_l2_tlb_accesses	57947	605011.666667	547064.666667	9.4407763416	NA	NOT_DESIGN_BASED	NA	NA	NA	NA	NA	FAIL	FAIL	TRUE	retrospective full-ROI per-kernel exact values; macro cycle 5% is screening only
STRATIFIED_REPRESENTATIVE_CHEAP_V1__B24	C12_RETROSPECTIVE_ALL_SEEN	decode1	F0	NA	vm_l2_tlb_misses	22220	509736.666667	487516.666667	21.9404440444	NA	NOT_DESIGN_BASED	NA	NA	NA	NA	NA	FAIL	FAIL	TRUE	retrospective full-ROI per-kernel exact values; macro cycle 5% is screening only
STRATIFIED_REPRESENTATIVE_CHEAP_V1__B24	C12_RETROSPECTIVE_ALL_SEEN	decode1	F0	NA	vm_translation_walk_starts	15691	497588.333333	481897.333333	30.7117030994	NA	NOT_DESIGN_BASED	NA	NA	NA	NA	NA	FAIL	FAIL	TRUE	retrospective full-ROI per-kernel exact values; macro cycle 5% is screening only
STRATIFIED_REPRESENTATIVE_CHEAP_V1__B24	C12_RETROSPECTIVE_ALL_SEEN	decode1	F0	NA	vm_pte_requests	15796	501720	485924	30.7624715118	NA	NOT_DESIGN_BASED	NA	NA	NA	NA	NA	FAIL	FAIL	TRUE	retrospective full-ROI per-kernel exact values; macro cycle 5% is screening only
STRATIFIED_REPRESENTATIVE_CHEAP_V1__B24	C12_RETROSPECTIVE_ALL_SEEN	decode1	F0	NA	vm_pte_dram_responses	4134	128821.666667	124687.666667	30.1615062087	NA	NOT_DESIGN_BASED	NA	NA	NA	NA	NA	FAIL	FAIL	TRUE	retrospective full-ROI per-kernel exact values; macro cycle 5% is screening only
STRATIFIED_REPRESENTATIVE_CHEAP_V1__B48	C12_RETROSPECTIVE_ALL_SEEN	prefill	F0	NA	gpu_sim_cycle	62490238	581340715.478	518850477.478	8.30290448691	NA	NOT_DESIGN_BASED	NA	NA	NA	NA	NA	FAIL	FAIL	TRUE	retrospective full-ROI per-kernel exact values; macro cycle 5% is screening only
STRATIFIED_REPRESENTATIVE_CHEAP_V1__B48	C12_RETROSPECTIVE_ALL_SEEN	prefill	F0	NA	vm_l1_tlb_accesses	94168155	850400424.696	756232269.696	8.03065823787	NA	NOT_DESIGN_BASED	NA	NA	NA	NA	NA	FAIL	FAIL	TRUE	retrospective full-ROI per-kernel exact values; macro cycle 5% is screening only
STRATIFIED_REPRESENTATIVE_CHEAP_V1__B48	C12_RETROSPECTIVE_ALL_SEEN	prefill	F0	NA	vm_l1_tlb_misses	1119527	9729610.26087	8610083.26087	7.69082233914	NA	NOT_DESIGN_BASED	NA	NA	NA	NA	NA	FAIL	FAIL	TRUE	retrospective full-ROI per-kernel exact values; macro cycle 5% is screening only
STRATIFIED_REPRESENTATIVE_CHEAP_V1__B48	C12_RETROSPECTIVE_ALL_SEEN	prefill	F0	NA	vm_l2_tlb_accesses	1119527	9729610.26087	8610083.26087	7.69082233914	NA	NOT_DESIGN_BASED	NA	NA	NA	NA	NA	FAIL	FAIL	TRUE	retrospective full-ROI per-kernel exact values; macro cycle 5% is screening only
STRATIFIED_REPRESENTATIVE_CHEAP_V1__B48	C12_RETROSPECTIVE_ALL_SEEN	prefill	F0	NA	vm_l2_tlb_misses	45227	651533.043478	606306.043478	13.4058426046	NA	NOT_DESIGN_BASED	NA	NA	NA	NA	NA	FAIL	FAIL	TRUE	retrospective full-ROI per-kernel exact values; macro cycle 5% is screening only
STRATIFIED_REPRESENTATIVE_CHEAP_V1__B48	C12_RETROSPECTIVE_ALL_SEEN	prefill	F0	NA	vm_translation_walk_starts	20816	387640.347826	366824.347826	17.6222303913	NA	NOT_DESIGN_BASED	NA	NA	NA	NA	NA	FAIL	FAIL	TRUE	retrospective full-ROI per-kernel exact values; macro cycle 5% is screening only
STRATIFIED_REPRESENTATIVE_CHEAP_V1__B48	C12_RETROSPECTIVE_ALL_SEEN	prefill	F0	NA	vm_pte_requests	20899	389084.521739	368185.521739	17.6173750772	NA	NOT_DESIGN_BASED	NA	NA	NA	NA	NA	FAIL	FAIL	TRUE	retrospective full-ROI per-kernel exact values; macro cycle 5% is screening only
STRATIFIED_REPRESENTATIVE_CHEAP_V1__B48	C12_RETROSPECTIVE_ALL_SEEN	prefill	F0	NA	vm_pte_dram_responses	8629	194000.695652	185371.695652	21.4824076547	NA	NOT_DESIGN_BASED	NA	NA	NA	NA	NA	FAIL	FAIL	TRUE	retrospective full-ROI per-kernel exact values; macro cycle 5% is screening only
STRATIFIED_REPRESENTATIVE_CHEAP_V1__B48	C12_RETROSPECTIVE_ALL_SEEN	decode1	F0	NA	gpu_sim_cycle	34564626	148438139.2	113873513.2	3.29451020821	NA	NOT_DESIGN_BASED	NA	NA	NA	NA	NA	FAIL	FAIL	TRUE	retrospective full-ROI per-kernel exact values; macro cycle 5% is screening only
STRATIFIED_REPRESENTATIVE_CHEAP_V1__B48	C12_RETROSPECTIVE_ALL_SEEN	decode1	F0	NA	vm_l1_tlb_accesses	76015393	245353571.2	169338178.2	2.22768273	NA	NOT_DESIGN_BASED	NA	NA	NA	NA	NA	FAIL	FAIL	TRUE	retrospective full-ROI per-kernel exact values; macro cycle 5% is screening only
STRATIFIED_REPRESENTATIVE_CHEAP_V1__B48	C12_RETROSPECTIVE_ALL_SEEN	decode1	F0	NA	vm_l1_tlb_misses	57947	333473.6	275526.6	4.75480352736	NA	NOT_DESIGN_BASED	NA	NA	NA	NA	NA	FAIL	FAIL	TRUE	retrospective full-ROI per-kernel exact values; macro cycle 5% is screening only
STRATIFIED_REPRESENTATIVE_CHEAP_V1__B48	C12_RETROSPECTIVE_ALL_SEEN	decode1	F0	NA	vm_l2_tlb_accesses	57947	333473.6	275526.6	4.75480352736	NA	NOT_DESIGN_BASED	NA	NA	NA	NA	NA	FAIL	FAIL	TRUE	retrospective full-ROI per-kernel exact values; macro cycle 5% is screening only
STRATIFIED_REPRESENTATIVE_CHEAP_V1__B48	C12_RETROSPECTIVE_ALL_SEEN	decode1	F0	NA	vm_l2_tlb_misses	22220	257608.8	235388.8	10.5935553555	NA	NOT_DESIGN_BASED	NA	NA	NA	NA	NA	FAIL	FAIL	TRUE	retrospective full-ROI per-kernel exact values; macro cycle 5% is screening only
STRATIFIED_REPRESENTATIVE_CHEAP_V1__B48	C12_RETROSPECTIVE_ALL_SEEN	decode1	F0	NA	vm_translation_walk_starts	15691	248492	232801	14.836594226	NA	NOT_DESIGN_BASED	NA	NA	NA	NA	NA	FAIL	FAIL	TRUE	retrospective full-ROI per-kernel exact values; macro cycle 5% is screening only
STRATIFIED_REPRESENTATIVE_CHEAP_V1__B48	C12_RETROSPECTIVE_ALL_SEEN	decode1	F0	NA	vm_pte_requests	15796	250475.2	234679.2	14.8568751583	NA	NOT_DESIGN_BASED	NA	NA	NA	NA	NA	FAIL	FAIL	TRUE	retrospective full-ROI per-kernel exact values; macro cycle 5% is screening only
STRATIFIED_REPRESENTATIVE_CHEAP_V1__B48	C12_RETROSPECTIVE_ALL_SEEN	decode1	F0	NA	vm_pte_dram_responses	4134	64350.4	60216.4	14.5661344944	NA	NOT_DESIGN_BASED	NA	NA	NA	NA	NA	FAIL	FAIL	TRUE	retrospective full-ROI per-kernel exact values; macro cycle 5% is screening only
STRATIFIED_REPRESENTATIVE_CHEAP_V1__B8	C12_RETROSPECTIVE_ALL_SEEN	prefill	F0	NA	gpu_sim_cycle	62490238	3073710203	3011219965	48.1870458711	NA	NOT_DESIGN_BASED	NA	NA	NA	NA	NA	FAIL	FAIL	TRUE	retrospective full-ROI per-kernel exact values; macro cycle 5% is screening only
STRATIFIED_REPRESENTATIVE_CHEAP_V1__B8	C12_RETROSPECTIVE_ALL_SEEN	prefill	F0	NA	vm_l1_tlb_accesses	94168155	4475500485	4381332330	46.5266876047	NA	NOT_DESIGN_BASED	NA	NA	NA	NA	NA	FAIL	FAIL	TRUE	retrospective full-ROI per-kernel exact values; macro cycle 5% is screening only
STRATIFIED_REPRESENTATIVE_CHEAP_V1__B8	C12_RETROSPECTIVE_ALL_SEEN	prefill	F0	NA	vm_l1_tlb_misses	1119527	53003567	51884040	46.3446080354	NA	NOT_DESIGN_BASED	NA	NA	NA	NA	NA	FAIL	FAIL	TRUE	retrospective full-ROI per-kernel exact values; macro cycle 5% is screening only
STRATIFIED_REPRESENTATIVE_CHEAP_V1__B8	C12_RETROSPECTIVE_ALL_SEEN	prefill	F0	NA	vm_l2_tlb_accesses	1119527	53003567	51884040	46.3446080354	NA	NOT_DESIGN_BASED	NA	NA	NA	NA	NA	FAIL	FAIL	TRUE	retrospective full-ROI per-kernel exact values; macro cycle 5% is screening only
STRATIFIED_REPRESENTATIVE_CHEAP_V1__B8	C12_RETROSPECTIVE_ALL_SEEN	prefill	F0	NA	vm_l2_tlb_misses	45227	3563973	3518746	77.8018882526	NA	NOT_DESIGN_BASED	NA	NA	NA	NA	NA	FAIL	FAIL	TRUE	retrospective full-ROI per-kernel exact values; macro cycle 5% is screening only
STRATIFIED_REPRESENTATIVE_CHEAP_V1__B8	C12_RETROSPECTIVE_ALL_SEEN	prefill	F0	NA	vm_translation_walk_starts	20816	2168728	2147912	103.185626441	NA	NOT_DESIGN_BASED	NA	NA	NA	NA	NA	FAIL	FAIL	TRUE	retrospective full-ROI per-kernel exact values; macro cycle 5% is screening only
STRATIFIED_REPRESENTATIVE_CHEAP_V1__B8	C12_RETROSPECTIVE_ALL_SEEN	prefill	F0	NA	vm_pte_requests	20899	2177032	2156133	103.169194698	NA	NOT_DESIGN_BASED	NA	NA	NA	NA	NA	FAIL	FAIL	TRUE	retrospective full-ROI per-kernel exact values; macro cycle 5% is screening only
STRATIFIED_REPRESENTATIVE_CHEAP_V1__B8	C12_RETROSPECTIVE_ALL_SEEN	prefill	F0	NA	vm_pte_dram_responses	8629	1098896	1090267	126.349171399	NA	NOT_DESIGN_BASED	NA	NA	NA	NA	NA	FAIL	FAIL	TRUE	retrospective full-ROI per-kernel exact values; macro cycle 5% is screening only
STRATIFIED_REPRESENTATIVE_CHEAP_V1__B8	C12_RETROSPECTIVE_ALL_SEEN	decode1	F0	NA	gpu_sim_cycle	34564626	708088055	673523429	19.4859168735	NA	NOT_DESIGN_BASED	NA	NA	NA	NA	NA	FAIL	FAIL	TRUE	retrospective full-ROI per-kernel exact values; macro cycle 5% is screening only
STRATIFIED_REPRESENTATIVE_CHEAP_V1__B8	C12_RETROSPECTIVE_ALL_SEEN	decode1	F0	NA	vm_l1_tlb_accesses	76015393	992335930	916320537	12.0544076777	NA	NOT_DESIGN_BASED	NA	NA	NA	NA	NA	FAIL	FAIL	TRUE	retrospective full-ROI per-kernel exact values; macro cycle 5% is screening only
STRATIFIED_REPRESENTATIVE_CHEAP_V1__B8	C12_RETROSPECTIVE_ALL_SEEN	decode1	F0	NA	vm_l1_tlb_misses	57947	1804860	1746913	30.146737536	NA	NOT_DESIGN_BASED	NA	NA	NA	NA	NA	FAIL	FAIL	TRUE	retrospective full-ROI per-kernel exact values; macro cycle 5% is screening only
STRATIFIED_REPRESENTATIVE_CHEAP_V1__B8	C12_RETROSPECTIVE_ALL_SEEN	decode1	F0	NA	vm_l2_tlb_accesses	57947	1804860	1746913	30.146737536	NA	NOT_DESIGN_BASED	NA	NA	NA	NA	NA	FAIL	FAIL	TRUE	retrospective full-ROI per-kernel exact values; macro cycle 5% is screening only
STRATIFIED_REPRESENTATIVE_CHEAP_V1__B8	C12_RETROSPECTIVE_ALL_SEEN	decode1	F0	NA	vm_l2_tlb_misses	22220	1525140	1502920	67.6381638164	NA	NOT_DESIGN_BASED	NA	NA	NA	NA	NA	FAIL	FAIL	TRUE	retrospective full-ROI per-kernel exact values; macro cycle 5% is screening only
STRATIFIED_REPRESENTATIVE_CHEAP_V1__B8	C12_RETROSPECTIVE_ALL_SEEN	decode1	F0	NA	vm_translation_walk_starts	15691	1492765	1477074	94.1351092983	NA	NOT_DESIGN_BASED	NA	NA	NA	NA	NA	FAIL	FAIL	TRUE	retrospective full-ROI per-kernel exact values; macro cycle 5% is screening only
STRATIFIED_REPRESENTATIVE_CHEAP_V1__B8	C12_RETROSPECTIVE_ALL_SEEN	decode1	F0	NA	vm_pte_requests	15796	1505160	1489364	94.2874145353	NA	NOT_DESIGN_BASED	NA	NA	NA	NA	NA	FAIL	FAIL	TRUE	retrospective full-ROI per-kernel exact values; macro cycle 5% is screening only
STRATIFIED_REPRESENTATIVE_CHEAP_V1__B8	C12_RETROSPECTIVE_ALL_SEEN	decode1	F0	NA	vm_pte_dram_responses	4134	386280	382146	92.4397677794	NA	NOT_DESIGN_BASED	NA	NA	NA	NA	NA	FAIL	FAIL	TRUE	retrospective full-ROI per-kernel exact values; macro cycle 5% is screening only
TRACE_INFORMED_ORACLE_DIAGNOSTIC_V1__B12	C12_RETROSPECTIVE_ALL_SEEN	prefill	F0	NA	gpu_sim_cycle	62490238	42072562	20417676	0.326733849213	NA	NOT_DESIGN_BASED	NA	NA	NA	NA	NA	FAIL	FAIL	TRUE	retrospective full-ROI per-kernel exact values; macro cycle 5% is screening only
TRACE_INFORMED_ORACLE_DIAGNOSTIC_V1__B12	C12_RETROSPECTIVE_ALL_SEEN	prefill	F0	NA	vm_l1_tlb_accesses	94168155	38945068	55223087	0.58643059323	NA	NOT_DESIGN_BASED	NA	NA	NA	NA	NA	FAIL	FAIL	TRUE	retrospective full-ROI per-kernel exact values; macro cycle 5% is screening only
TRACE_INFORMED_ORACLE_DIAGNOSTIC_V1__B12	C12_RETROSPECTIVE_ALL_SEEN	prefill	F0	NA	vm_l1_tlb_misses	1119527	451991.333333	667535.666667	0.596265803921	NA	NOT_DESIGN_BASED	NA	NA	NA	NA	NA	FAIL	FAIL	TRUE	retrospective full-ROI per-kernel exact values; macro cycle 5% is screening only
TRACE_INFORMED_ORACLE_DIAGNOSTIC_V1__B12	C12_RETROSPECTIVE_ALL_SEEN	prefill	F0	NA	vm_l2_tlb_accesses	1119527	451991.333333	667535.666667	0.596265803921	NA	NOT_DESIGN_BASED	NA	NA	NA	NA	NA	FAIL	FAIL	TRUE	retrospective full-ROI per-kernel exact values; macro cycle 5% is screening only
TRACE_INFORMED_ORACLE_DIAGNOSTIC_V1__B12	C12_RETROSPECTIVE_ALL_SEEN	prefill	F0	NA	vm_l2_tlb_misses	45227	31716.6666667	13510.3333333	0.298722739367	NA	NOT_DESIGN_BASED	NA	NA	NA	NA	NA	FAIL	FAIL	TRUE	retrospective full-ROI per-kernel exact values; macro cycle 5% is screening only
TRACE_INFORMED_ORACLE_DIAGNOSTIC_V1__B12	C12_RETROSPECTIVE_ALL_SEEN	prefill	F0	NA	vm_translation_walk_starts	20816	4959.33333333	15856.6666667	0.761753779144	NA	NOT_DESIGN_BASED	NA	NA	NA	NA	NA	FAIL	FAIL	TRUE	retrospective full-ROI per-kernel exact values; macro cycle 5% is screening only
TRACE_INFORMED_ORACLE_DIAGNOSTIC_V1__B12	C12_RETROSPECTIVE_ALL_SEEN	prefill	F0	NA	vm_pte_requests	20899	4959.33333333	15939.6666667	0.762699969696	NA	NOT_DESIGN_BASED	NA	NA	NA	NA	NA	FAIL	FAIL	TRUE	retrospective full-ROI per-kernel exact values; macro cycle 5% is screening only
TRACE_INFORMED_ORACLE_DIAGNOSTIC_V1__B12	C12_RETROSPECTIVE_ALL_SEEN	prefill	F0	NA	vm_pte_dram_responses	8629	1614.66666667	7014.33333333	0.812879051261	NA	NOT_DESIGN_BASED	NA	NA	NA	NA	NA	FAIL	FAIL	TRUE	retrospective full-ROI per-kernel exact values; macro cycle 5% is screening only
TRACE_INFORMED_ORACLE_DIAGNOSTIC_V1__B12	C12_RETROSPECTIVE_ALL_SEEN	decode1	F0	NA	gpu_sim_cycle	34564626	24402240	10162386	0.294011166214	NA	NOT_DESIGN_BASED	NA	NA	NA	NA	NA	FAIL	FAIL	TRUE	retrospective full-ROI per-kernel exact values; macro cycle 5% is screening only
TRACE_INFORMED_ORACLE_DIAGNOSTIC_V1__B12	C12_RETROSPECTIVE_ALL_SEEN	decode1	F0	NA	vm_l1_tlb_accesses	76015393	45599910	30415483	0.400122683047	NA	NOT_DESIGN_BASED	NA	NA	NA	NA	NA	FAIL	FAIL	TRUE	retrospective full-ROI per-kernel exact values; macro cycle 5% is screening only
TRACE_INFORMED_ORACLE_DIAGNOSTIC_V1__B12	C12_RETROSPECTIVE_ALL_SEEN	decode1	F0	NA	vm_l1_tlb_misses	57947	129500	71553	1.23480076622	NA	NOT_DESIGN_BASED	NA	NA	NA	NA	NA	FAIL	FAIL	TRUE	retrospective full-ROI per-kernel exact values; macro cycle 5% is screening only
TRACE_INFORMED_ORACLE_DIAGNOSTIC_V1__B12	C12_RETROSPECTIVE_ALL_SEEN	decode1	F0	NA	vm_l2_tlb_accesses	57947	129500	71553	1.23480076622	NA	NOT_DESIGN_BASED	NA	NA	NA	NA	NA	FAIL	FAIL	TRUE	retrospective full-ROI per-kernel exact values; macro cycle 5% is screening only
TRACE_INFORMED_ORACLE_DIAGNOSTIC_V1__B12	C12_RETROSPECTIVE_ALL_SEEN	decode1	F0	NA	vm_l2_tlb_misses	22220	31696.6666667	9476.66666667	0.426492649265	NA	NOT_DESIGN_BASED	NA	NA	NA	NA	NA	FAIL	FAIL	TRUE	retrospective full-ROI per-kernel exact values; macro cycle 5% is screening only
TRACE_INFORMED_ORACLE_DIAGNOSTIC_V1__B12	C12_RETROSPECTIVE_ALL_SEEN	decode1	F0	NA	vm_translation_walk_starts	15691	3946.66666667	11744.3333333	0.748475771674	NA	NOT_DESIGN_BASED	NA	NA	NA	NA	NA	FAIL	FAIL	TRUE	retrospective full-ROI per-kernel exact values; macro cycle 5% is screening only
TRACE_INFORMED_ORACLE_DIAGNOSTIC_V1__B12	C12_RETROSPECTIVE_ALL_SEEN	decode1	F0	NA	vm_pte_requests	15796	3946.66666667	11849.3333333	0.750147716722	NA	NOT_DESIGN_BASED	NA	NA	NA	NA	NA	FAIL	FAIL	TRUE	retrospective full-ROI per-kernel exact values; macro cycle 5% is screening only
TRACE_INFORMED_ORACLE_DIAGNOSTIC_V1__B12	C12_RETROSPECTIVE_ALL_SEEN	decode1	F0	NA	vm_pte_dram_responses	4134	986.666666667	3147.33333333	0.761328817933	NA	NOT_DESIGN_BASED	NA	NA	NA	NA	NA	FAIL	FAIL	TRUE	retrospective full-ROI per-kernel exact values; macro cycle 5% is screening only
TRACE_INFORMED_ORACLE_DIAGNOSTIC_V1__B24	C12_RETROSPECTIVE_ALL_SEEN	prefill	F0	NA	gpu_sim_cycle	62490238	45190598.6667	17299639.3333	0.276837469131	NA	NOT_DESIGN_BASED	NA	NA	NA	NA	NA	FAIL	FAIL	TRUE	retrospective full-ROI per-kernel exact values; macro cycle 5% is screening only
TRACE_INFORMED_ORACLE_DIAGNOSTIC_V1__B24	C12_RETROSPECTIVE_ALL_SEEN	prefill	F0	NA	vm_l1_tlb_accesses	94168155	42519421	51648734	0.548473462181	NA	NOT_DESIGN_BASED	NA	NA	NA	NA	NA	FAIL	FAIL	TRUE	retrospective full-ROI per-kernel exact values; macro cycle 5% is screening only
TRACE_INFORMED_ORACLE_DIAGNOSTIC_V1__B24	C12_RETROSPECTIVE_ALL_SEEN	prefill	F0	NA	vm_l1_tlb_misses	1119527	273282.333333	846244.666667	0.755894825821	NA	NOT_DESIGN_BASED	NA	NA	NA	NA	NA	FAIL	FAIL	TRUE	retrospective full-ROI per-kernel exact values; macro cycle 5% is screening only
TRACE_INFORMED_ORACLE_DIAGNOSTIC_V1__B24	C12_RETROSPECTIVE_ALL_SEEN	prefill	F0	NA	vm_l2_tlb_accesses	1119527	273282.333333	846244.666667	0.755894825821	NA	NOT_DESIGN_BASED	NA	NA	NA	NA	NA	FAIL	FAIL	TRUE	retrospective full-ROI per-kernel exact values; macro cycle 5% is screening only
TRACE_INFORMED_ORACLE_DIAGNOSTIC_V1__B24	C12_RETROSPECTIVE_ALL_SEEN	prefill	F0	NA	vm_l2_tlb_misses	45227	32985.3333333	12241.6666667	0.270671648941	NA	NOT_DESIGN_BASED	NA	NA	NA	NA	NA	FAIL	FAIL	TRUE	retrospective full-ROI per-kernel exact values; macro cycle 5% is screening only
TRACE_INFORMED_ORACLE_DIAGNOSTIC_V1__B24	C12_RETROSPECTIVE_ALL_SEEN	prefill	F0	NA	vm_translation_walk_starts	20816	5478.33333333	15337.6666667	0.736821035101	NA	NOT_DESIGN_BASED	NA	NA	NA	NA	NA	FAIL	FAIL	TRUE	retrospective full-ROI per-kernel exact values; macro cycle 5% is screening only
TRACE_INFORMED_ORACLE_DIAGNOSTIC_V1__B24	C12_RETROSPECTIVE_ALL_SEEN	prefill	F0	NA	vm_pte_requests	20899	5478.33333333	15420.6666667	0.737866245594	NA	NOT_DESIGN_BASED	NA	NA	NA	NA	NA	FAIL	FAIL	TRUE	retrospective full-ROI per-kernel exact values; macro cycle 5% is screening only
TRACE_INFORMED_ORACLE_DIAGNOSTIC_V1__B24	C12_RETROSPECTIVE_ALL_SEEN	prefill	F0	NA	vm_pte_dram_responses	8629	1672.33333333	6956.66666667	0.806196160235	NA	NOT_DESIGN_BASED	NA	NA	NA	NA	NA	FAIL	FAIL	TRUE	retrospective full-ROI per-kernel exact values; macro cycle 5% is screening only
TRACE_INFORMED_ORACLE_DIAGNOSTIC_V1__B24	C12_RETROSPECTIVE_ALL_SEEN	decode1	F0	NA	gpu_sim_cycle	34564626	27040895	7523731	0.217671413543	NA	NOT_DESIGN_BASED	NA	NA	NA	NA	NA	FAIL	FAIL	TRUE	retrospective full-ROI per-kernel exact values; macro cycle 5% is screening only
TRACE_INFORMED_ORACLE_DIAGNOSTIC_V1__B24	C12_RETROSPECTIVE_ALL_SEEN	decode1	F0	NA	vm_l1_tlb_accesses	76015393	55594041.6667	20421351.3333	0.268647579489	NA	NOT_DESIGN_BASED	NA	NA	NA	NA	NA	FAIL	FAIL	TRUE	retrospective full-ROI per-kernel exact values; macro cycle 5% is screening only
TRACE_INFORMED_ORACLE_DIAGNOSTIC_V1__B24	C12_RETROSPECTIVE_ALL_SEEN	decode1	F0	NA	vm_l1_tlb_misses	57947	125800	67853	1.17094931575	NA	NOT_DESIGN_BASED	NA	NA	NA	NA	NA	FAIL	FAIL	TRUE	retrospective full-ROI per-kernel exact values; macro cycle 5% is screening only
TRACE_INFORMED_ORACLE_DIAGNOSTIC_V1__B24	C12_RETROSPECTIVE_ALL_SEEN	decode1	F0	NA	vm_l2_tlb_accesses	57947	125800	67853	1.17094931575	NA	NOT_DESIGN_BASED	NA	NA	NA	NA	NA	FAIL	FAIL	TRUE	retrospective full-ROI per-kernel exact values; macro cycle 5% is screening only
TRACE_INFORMED_ORACLE_DIAGNOSTIC_V1__B24	C12_RETROSPECTIVE_ALL_SEEN	decode1	F0	NA	vm_l2_tlb_misses	22220	36815	14595	0.656840684068	NA	NOT_DESIGN_BASED	NA	NA	NA	NA	NA	FAIL	FAIL	TRUE	retrospective full-ROI per-kernel exact values; macro cycle 5% is screening only
TRACE_INFORMED_ORACLE_DIAGNOSTIC_V1__B24	C12_RETROSPECTIVE_ALL_SEEN	decode1	F0	NA	vm_translation_walk_starts	15691	4933.33333333	10757.6666667	0.685594714592	NA	NOT_DESIGN_BASED	NA	NA	NA	NA	NA	FAIL	FAIL	TRUE	retrospective full-ROI per-kernel exact values; macro cycle 5% is screening only
TRACE_INFORMED_ORACLE_DIAGNOSTIC_V1__B24	C12_RETROSPECTIVE_ALL_SEEN	decode1	F0	NA	vm_pte_requests	15796	4933.33333333	10862.6666667	0.687684645902	NA	NOT_DESIGN_BASED	NA	NA	NA	NA	NA	FAIL	FAIL	TRUE	retrospective full-ROI per-kernel exact values; macro cycle 5% is screening only
TRACE_INFORMED_ORACLE_DIAGNOSTIC_V1__B24	C12_RETROSPECTIVE_ALL_SEEN	decode1	F0	NA	vm_pte_dram_responses	4134	1233.33333333	2900.66666667	0.701661022416	NA	NOT_DESIGN_BASED	NA	NA	NA	NA	NA	FAIL	FAIL	TRUE	retrospective full-ROI per-kernel exact values; macro cycle 5% is screening only
TRACE_INFORMED_ORACLE_DIAGNOSTIC_V1__B48	C12_RETROSPECTIVE_ALL_SEEN	prefill	F0	NA	gpu_sim_cycle	62490238	100996437.217	38506199.2174	0.616195432275	NA	NOT_DESIGN_BASED	NA	NA	NA	NA	NA	FAIL	FAIL	TRUE	retrospective full-ROI per-kernel exact values; macro cycle 5% is screening only
TRACE_INFORMED_ORACLE_DIAGNOSTIC_V1__B48	C12_RETROSPECTIVE_ALL_SEEN	prefill	F0	NA	vm_l1_tlb_accesses	94168155	155531964.348	61363809.3478	0.651640773336	NA	NOT_DESIGN_BASED	NA	NA	NA	NA	NA	FAIL	FAIL	TRUE	retrospective full-ROI per-kernel exact values; macro cycle 5% is screening only
TRACE_INFORMED_ORACLE_DIAGNOSTIC_V1__B48	C12_RETROSPECTIVE_ALL_SEEN	prefill	F0	NA	vm_l1_tlb_misses	1119527	476938.434783	642588.565217	0.573982195353	NA	NOT_DESIGN_BASED	NA	NA	NA	NA	NA	FAIL	FAIL	TRUE	retrospective full-ROI per-kernel exact values; macro cycle 5% is screening only
TRACE_INFORMED_ORACLE_DIAGNOSTIC_V1__B48	C12_RETROSPECTIVE_ALL_SEEN	prefill	F0	NA	vm_l2_tlb_accesses	1119527	476938.434783	642588.565217	0.573982195353	NA	NOT_DESIGN_BASED	NA	NA	NA	NA	NA	FAIL	FAIL	TRUE	retrospective full-ROI per-kernel exact values; macro cycle 5% is screening only
TRACE_INFORMED_ORACLE_DIAGNOSTIC_V1__B48	C12_RETROSPECTIVE_ALL_SEEN	prefill	F0	NA	vm_l2_tlb_misses	45227	63904.6956522	18677.6956522	0.412976665535	NA	NOT_DESIGN_BASED	NA	NA	NA	NA	NA	FAIL	FAIL	TRUE	retrospective full-ROI per-kernel exact values; macro cycle 5% is screening only
TRACE_INFORMED_ORACLE_DIAGNOSTIC_V1__B48	C12_RETROSPECTIVE_ALL_SEEN	prefill	F0	NA	vm_translation_walk_starts	20816	23618.2608696	2802.26086957	0.134620526017	NA	NOT_DESIGN_BASED	NA	NA	NA	NA	NA	FAIL	FAIL	TRUE	retrospective full-ROI per-kernel exact values; macro cycle 5% is screening only
TRACE_INFORMED_ORACLE_DIAGNOSTIC_V1__B48	C12_RETROSPECTIVE_ALL_SEEN	prefill	F0	NA	vm_pte_requests	20899	23618.2608696	2719.26086957	0.130114401147	NA	NOT_DESIGN_BASED	NA	NA	NA	NA	NA	FAIL	FAIL	TRUE	retrospective full-ROI per-kernel exact values; macro cycle 5% is screening only
TRACE_INFORMED_ORACLE_DIAGNOSTIC_V1__B48	C12_RETROSPECTIVE_ALL_SEEN	prefill	F0	NA	vm_pte_dram_responses	8629	6288.17391304	2340.82608696	0.271274317645	NA	NOT_DESIGN_BASED	NA	NA	NA	NA	NA	FAIL	FAIL	TRUE	retrospective full-ROI per-kernel exact values; macro cycle 5% is screening only
TRACE_INFORMED_ORACLE_DIAGNOSTIC_V1__B48	C12_RETROSPECTIVE_ALL_SEEN	decode1	F0	NA	gpu_sim_cycle	34564626	113640764	79076138	2.28777646835	NA	NOT_DESIGN_BASED	NA	NA	NA	NA	NA	FAIL	FAIL	TRUE	retrospective full-ROI per-kernel exact values; macro cycle 5% is screening only
TRACE_INFORMED_ORACLE_DIAGNOSTIC_V1__B48	C12_RETROSPECTIVE_ALL_SEEN	decode1	F0	NA	vm_l1_tlb_accesses	76015393	305865620.8	229850227.8	3.02373267741	NA	NOT_DESIGN_BASED	NA	NA	NA	NA	NA	FAIL	FAIL	TRUE	retrospective full-ROI per-kernel exact values; macro cycle 5% is screening only
TRACE_INFORMED_ORACLE_DIAGNOSTIC_V1__B48	C12_RETROSPECTIVE_ALL_SEEN	decode1	F0	NA	vm_l1_tlb_misses	57947	126480.8	68533.8	1.18269798264	NA	NOT_DESIGN_BASED	NA	NA	NA	NA	NA	FAIL	FAIL	TRUE	retrospective full-ROI per-kernel exact values; macro cycle 5% is screening only
TRACE_INFORMED_ORACLE_DIAGNOSTIC_V1__B48	C12_RETROSPECTIVE_ALL_SEEN	decode1	F0	NA	vm_l2_tlb_accesses	57947	126480.8	68533.8	1.18269798264	NA	NOT_DESIGN_BASED	NA	NA	NA	NA	NA	FAIL	FAIL	TRUE	retrospective full-ROI per-kernel exact values; macro cycle 5% is screening only
TRACE_INFORMED_ORACLE_DIAGNOSTIC_V1__B48	C12_RETROSPECTIVE_ALL_SEEN	decode1	F0	NA	vm_l2_tlb_misses	22220	54523.2	32303.2	1.45378937894	NA	NOT_DESIGN_BASED	NA	NA	NA	NA	NA	FAIL	FAIL	TRUE	retrospective full-ROI per-kernel exact values; macro cycle 5% is screening only
TRACE_INFORMED_ORACLE_DIAGNOSTIC_V1__B48	C12_RETROSPECTIVE_ALL_SEEN	decode1	F0	NA	vm_translation_walk_starts	15691	30310.4	14619.4	0.931706073545	NA	NOT_DESIGN_BASED	NA	NA	NA	NA	NA	FAIL	FAIL	TRUE	retrospective full-ROI per-kernel exact values; macro cycle 5% is screening only
TRACE_INFORMED_ORACLE_DIAGNOSTIC_V1__B48	C12_RETROSPECTIVE_ALL_SEEN	decode1	F0	NA	vm_pte_requests	15796	30310.4	14514.4	0.918865535579	NA	NOT_DESIGN_BASED	NA	NA	NA	NA	NA	FAIL	FAIL	TRUE	retrospective full-ROI per-kernel exact values; macro cycle 5% is screening only
TRACE_INFORMED_ORACLE_DIAGNOSTIC_V1__B48	C12_RETROSPECTIVE_ALL_SEEN	decode1	F0	NA	vm_pte_dram_responses	4134	7755.2	3621.2	0.87595549105	NA	NOT_DESIGN_BASED	NA	NA	NA	NA	NA	FAIL	FAIL	TRUE	retrospective full-ROI per-kernel exact values; macro cycle 5% is screening only
TRACE_INFORMED_ORACLE_DIAGNOSTIC_V1__B8	C12_RETROSPECTIVE_ALL_SEEN	prefill	F0	NA	gpu_sim_cycle	62490238	38968596	23521642	0.37640506346	NA	NOT_DESIGN_BASED	NA	NA	NA	NA	NA	FAIL	FAIL	TRUE	retrospective full-ROI per-kernel exact values; macro cycle 5% is screening only
TRACE_INFORMED_ORACLE_DIAGNOSTIC_V1__B8	C12_RETROSPECTIVE_ALL_SEEN	prefill	F0	NA	vm_l1_tlb_accesses	94168155	35371926	58796229	0.624374864305	NA	NOT_DESIGN_BASED	NA	NA	NA	NA	NA	FAIL	FAIL	TRUE	retrospective full-ROI per-kernel exact values; macro cycle 5% is screening only
TRACE_INFORMED_ORACLE_DIAGNOSTIC_V1__B8	C12_RETROSPECTIVE_ALL_SEEN	prefill	F0	NA	vm_l1_tlb_misses	1119527	631969	487558	0.435503565345	NA	NOT_DESIGN_BASED	NA	NA	NA	NA	NA	FAIL	FAIL	TRUE	retrospective full-ROI per-kernel exact values; macro cycle 5% is screening only
TRACE_INFORMED_ORACLE_DIAGNOSTIC_V1__B8	C12_RETROSPECTIVE_ALL_SEEN	prefill	F0	NA	vm_l2_tlb_accesses	1119527	631969	487558	0.435503565345	NA	NOT_DESIGN_BASED	NA	NA	NA	NA	NA	FAIL	FAIL	TRUE	retrospective full-ROI per-kernel exact values; macro cycle 5% is screening only
TRACE_INFORMED_ORACLE_DIAGNOSTIC_V1__B8	C12_RETROSPECTIVE_ALL_SEEN	prefill	F0	NA	vm_l2_tlb_misses	45227	31659	13568	0.299997788931	NA	NOT_DESIGN_BASED	NA	NA	NA	NA	NA	FAIL	FAIL	TRUE	retrospective full-ROI per-kernel exact values; macro cycle 5% is screening only
TRACE_INFORMED_ORACLE_DIAGNOSTIC_V1__B8	C12_RETROSPECTIVE_ALL_SEEN	prefill	F0	NA	vm_translation_walk_starts	20816	4671	16145	0.775605303613	NA	NOT_DESIGN_BASED	NA	NA	NA	NA	NA	FAIL	FAIL	TRUE	retrospective full-ROI per-kernel exact values; macro cycle 5% is screening only
TRACE_INFORMED_ORACLE_DIAGNOSTIC_V1__B8	C12_RETROSPECTIVE_ALL_SEEN	prefill	F0	NA	vm_pte_requests	20899	4671	16228	0.776496483085	NA	NOT_DESIGN_BASED	NA	NA	NA	NA	NA	FAIL	FAIL	TRUE	retrospective full-ROI per-kernel exact values; macro cycle 5% is screening only
TRACE_INFORMED_ORACLE_DIAGNOSTIC_V1__B8	C12_RETROSPECTIVE_ALL_SEEN	prefill	F0	NA	vm_pte_dram_responses	8629	1730	6899	0.799513269208	NA	NOT_DESIGN_BASED	NA	NA	NA	NA	NA	FAIL	FAIL	TRUE	retrospective full-ROI per-kernel exact values; macro cycle 5% is screening only
TRACE_INFORMED_ORACLE_DIAGNOSTIC_V1__B8	C12_RETROSPECTIVE_ALL_SEEN	decode1	F0	NA	gpu_sim_cycle	34564626	21815385	12749241	0.368852276891	NA	NOT_DESIGN_BASED	NA	NA	NA	NA	NA	FAIL	FAIL	TRUE	retrospective full-ROI per-kernel exact values; macro cycle 5% is screening only
TRACE_INFORMED_ORACLE_DIAGNOSTIC_V1__B8	C12_RETROSPECTIVE_ALL_SEEN	decode1	F0	NA	vm_l1_tlb_accesses	76015393	35601400	40413993	0.531655384588	NA	NOT_DESIGN_BASED	NA	NA	NA	NA	NA	FAIL	FAIL	TRUE	retrospective full-ROI per-kernel exact values; macro cycle 5% is screening only
TRACE_INFORMED_ORACLE_DIAGNOSTIC_V1__B8	C12_RETROSPECTIVE_ALL_SEEN	decode1	F0	NA	vm_l1_tlb_misses	57947	133200	75253	1.29865221668	NA	NOT_DESIGN_BASED	NA	NA	NA	NA	NA	FAIL	FAIL	TRUE	retrospective full-ROI per-kernel exact values; macro cycle 5% is screening only
TRACE_INFORMED_ORACLE_DIAGNOSTIC_V1__B8	C12_RETROSPECTIVE_ALL_SEEN	decode1	F0	NA	vm_l2_tlb_accesses	57947	133200	75253	1.29865221668	NA	NOT_DESIGN_BASED	NA	NA	NA	NA	NA	FAIL	FAIL	TRUE	retrospective full-ROI per-kernel exact values; macro cycle 5% is screening only
TRACE_INFORMED_ORACLE_DIAGNOSTIC_V1__B8	C12_RETROSPECTIVE_ALL_SEEN	decode1	F0	NA	vm_l2_tlb_misses	22220	22200	20	0.000900090009001	NA	NOT_DESIGN_BASED	NA	NA	NA	NA	NA	PASS	PASS	TRUE	retrospective full-ROI per-kernel exact values; macro cycle 5% is screening only
TRACE_INFORMED_ORACLE_DIAGNOSTIC_V1__B8	C12_RETROSPECTIVE_ALL_SEEN	decode1	F0	NA	vm_translation_walk_starts	15691	2960	12731	0.811356828755	NA	NOT_DESIGN_BASED	NA	NA	NA	NA	NA	FAIL	FAIL	TRUE	retrospective full-ROI per-kernel exact values; macro cycle 5% is screening only
TRACE_INFORMED_ORACLE_DIAGNOSTIC_V1__B8	C12_RETROSPECTIVE_ALL_SEEN	decode1	F0	NA	vm_pte_requests	15796	2960	12836	0.812610787541	NA	NOT_DESIGN_BASED	NA	NA	NA	NA	NA	FAIL	FAIL	TRUE	retrospective full-ROI per-kernel exact values; macro cycle 5% is screening only
TRACE_INFORMED_ORACLE_DIAGNOSTIC_V1__B8	C12_RETROSPECTIVE_ALL_SEEN	decode1	F0	NA	vm_pte_dram_responses	4134	740	3394	0.820996613449	NA	NOT_DESIGN_BASED	NA	NA	NA	NA	NA	FAIL	FAIL	TRUE	retrospective full-ROI per-kernel exact values; macro cycle 5% is screening only
LAYER_ANCHOR_CHEAP_V1__B12	C12_RETROSPECTIVE_ALL_SEEN	decode1	F0	NA	vm_l1_tlb_miss_rate	0.000762306129234	0.00185860399868	0.00109629786945	1.43813335274	0.109629786945	NOT_DESIGN_BASED	NA	NA	NA	NA	NA	REPORTED_NO_RATE_QUALIFICATION_THRESHOLD	INCONCLUSIVE	TRUE	rate recomputed from separately weighted numerator and denominator; count errors retained in their own rows
LAYER_ANCHOR_CHEAP_V1__B12	C12_RETROSPECTIVE_ALL_SEEN	decode1	F0	NA	vm_l2_tlb_miss_rate	0.383453845756	0.834688897926	0.45123505217	1.17676496706	45.123505217	NOT_DESIGN_BASED	NA	NA	NA	NA	NA	REPORTED_NO_RATE_QUALIFICATION_THRESHOLD	INCONCLUSIVE	TRUE	rate recomputed from separately weighted numerator and denominator; count errors retained in their own rows
LAYER_ANCHOR_CHEAP_V1__B12	C12_RETROSPECTIVE_ALL_SEEN	prefill	F0	NA	vm_l1_tlb_miss_rate	0.011888594398	0.0116265207372	0.000262073660754	0.0220441249807	0.0262073660754	NOT_DESIGN_BASED	NA	NA	NA	NA	NA	REPORTED_NO_RATE_QUALIFICATION_THRESHOLD	INCONCLUSIVE	TRUE	rate recomputed from separately weighted numerator and denominator; count errors retained in their own rows
LAYER_ANCHOR_CHEAP_V1__B12	C12_RETROSPECTIVE_ALL_SEEN	prefill	F0	NA	vm_l2_tlb_miss_rate	0.0403983110724	0.0667556357771	0.0263573247047	0.652436302532	2.63573247047	NOT_DESIGN_BASED	NA	NA	NA	NA	NA	REPORTED_NO_RATE_QUALIFICATION_THRESHOLD	INCONCLUSIVE	TRUE	rate recomputed from separately weighted numerator and denominator; count errors retained in their own rows
LAYER_ANCHOR_CHEAP_V1__B24	C12_RETROSPECTIVE_ALL_SEEN	decode1	F0	NA	vm_l1_tlb_miss_rate	0.000762306129234	0.00182683856936	0.00106453244013	1.39646317838	0.106453244013	NOT_DESIGN_BASED	NA	NA	NA	NA	NA	REPORTED_NO_RATE_QUALIFICATION_THRESHOLD	INCONCLUSIVE	TRUE	rate recomputed from separately weighted numerator and denominator; count errors retained in their own rows
LAYER_ANCHOR_CHEAP_V1__B24	C12_RETROSPECTIVE_ALL_SEEN	decode1	F0	NA	vm_l2_tlb_miss_rate	0.383453845756	0.84252369789	0.459069852135	1.19719715219	45.9069852135	NOT_DESIGN_BASED	NA	NA	NA	NA	NA	REPORTED_NO_RATE_QUALIFICATION_THRESHOLD	INCONCLUSIVE	TRUE	rate recomputed from separately weighted numerator and denominator; count errors retained in their own rows
LAYER_ANCHOR_CHEAP_V1__B24	C12_RETROSPECTIVE_ALL_SEEN	prefill	F0	NA	vm_l1_tlb_miss_rate	0.011888594398	0.0117276794936	0.00016091490432	0.0135352337655	0.016091490432	NOT_DESIGN_BASED	NA	NA	NA	NA	NA	REPORTED_NO_RATE_QUALIFICATION_THRESHOLD	INCONCLUSIVE	TRUE	rate recomputed from separately weighted numerator and denominator; count errors retained in their own rows
LAYER_ANCHOR_CHEAP_V1__B24	C12_RETROSPECTIVE_ALL_SEEN	prefill	F0	NA	vm_l2_tlb_miss_rate	0.0403983110724	0.0681354010296	0.0277370899571	0.686590335605	2.77370899571	NOT_DESIGN_BASED	NA	NA	NA	NA	NA	REPORTED_NO_RATE_QUALIFICATION_THRESHOLD	INCONCLUSIVE	TRUE	rate recomputed from separately weighted numerator and denominator; count errors retained in their own rows
LAYER_ANCHOR_CHEAP_V1__B48	C12_RETROSPECTIVE_ALL_SEEN	decode1	F0	NA	vm_l1_tlb_miss_rate	0.000762306129234	0.00135915527281	0.000596849143579	0.782952046023	0.0596849143579	NOT_DESIGN_BASED	NA	NA	NA	NA	NA	REPORTED_NO_RATE_QUALIFICATION_THRESHOLD	INCONCLUSIVE	TRUE	rate recomputed from separately weighted numerator and denominator; count errors retained in their own rows
LAYER_ANCHOR_CHEAP_V1__B48	C12_RETROSPECTIVE_ALL_SEEN	decode1	F0	NA	vm_l2_tlb_miss_rate	0.383453845756	0.77250133144	0.389047485684	1.01458751813	38.9047485684	NOT_DESIGN_BASED	NA	NA	NA	NA	NA	REPORTED_NO_RATE_QUALIFICATION_THRESHOLD	INCONCLUSIVE	TRUE	rate recomputed from separately weighted numerator and denominator; count errors retained in their own rows
LAYER_ANCHOR_CHEAP_V1__B48	C12_RETROSPECTIVE_ALL_SEEN	prefill	F0	NA	vm_l1_tlb_miss_rate	0.011888594398	0.0114412104913	0.000447383906626	0.0376313541913	0.0447383906626	NOT_DESIGN_BASED	NA	NA	NA	NA	NA	REPORTED_NO_RATE_QUALIFICATION_THRESHOLD	INCONCLUSIVE	TRUE	rate recomputed from separately weighted numerator and denominator; count errors retained in their own rows
LAYER_ANCHOR_CHEAP_V1__B48	C12_RETROSPECTIVE_ALL_SEEN	prefill	F0	NA	vm_l2_tlb_miss_rate	0.0403983110724	0.0669639405906	0.0265656295181	0.65759257783	2.65656295181	NOT_DESIGN_BASED	NA	NA	NA	NA	NA	REPORTED_NO_RATE_QUALIFICATION_THRESHOLD	INCONCLUSIVE	TRUE	rate recomputed from separately weighted numerator and denominator; count errors retained in their own rows
LAYER_ANCHOR_CHEAP_V1__B8	C12_RETROSPECTIVE_ALL_SEEN	decode1	F0	NA	vm_l1_tlb_miss_rate	0.000762306129234	0.00181879940596	0.00105649327673	1.38591733191	0.105649327673	NOT_DESIGN_BASED	NA	NA	NA	NA	NA	REPORTED_NO_RATE_QUALIFICATION_THRESHOLD	INCONCLUSIVE	TRUE	rate recomputed from separately weighted numerator and denominator; count errors retained in their own rows
LAYER_ANCHOR_CHEAP_V1__B8	C12_RETROSPECTIVE_ALL_SEEN	decode1	F0	NA	vm_l2_tlb_miss_rate	0.383453845756	0.845018450185	0.461564604429	1.20370315629	46.1564604429	NOT_DESIGN_BASED	NA	NA	NA	NA	NA	REPORTED_NO_RATE_QUALIFICATION_THRESHOLD	INCONCLUSIVE	TRUE	rate recomputed from separately weighted numerator and denominator; count errors retained in their own rows
LAYER_ANCHOR_CHEAP_V1__B8	C12_RETROSPECTIVE_ALL_SEEN	prefill	F0	NA	vm_l1_tlb_miss_rate	0.011888594398	0.0118430479848	4.55464131348e-05	0.00383110160967	0.00455464131348	NOT_DESIGN_BASED	NA	NA	NA	NA	NA	REPORTED_NO_RATE_QUALIFICATION_THRESHOLD	INCONCLUSIVE	TRUE	rate recomputed from separately weighted numerator and denominator; count errors retained in their own rows
LAYER_ANCHOR_CHEAP_V1__B8	C12_RETROSPECTIVE_ALL_SEEN	prefill	F0	NA	vm_l2_tlb_miss_rate	0.0403983110724	0.0672402481893	0.0268419371169	0.664432160759	2.68419371169	NOT_DESIGN_BASED	NA	NA	NA	NA	NA	REPORTED_NO_RATE_QUALIFICATION_THRESHOLD	INCONCLUSIVE	TRUE	rate recomputed from separately weighted numerator and denominator; count errors retained in their own rows
STRATIFIED_RANDOM_CHEAP_V1__B12	C12_RETROSPECTIVE_ALL_SEEN	decode1	F0	NA	vm_l1_tlb_miss_rate	0.000762306129234	0.0171523041951	0.0163899980658	21.5005460894	1.63899980658	SEED_SENSITIVITY_ONLY	NA	NA	NA	NA	NA	REPORTED_NO_RATE_QUALIFICATION_THRESHOLD	INCONCLUSIVE	TRUE	rate recomputed from separately weighted numerator and denominator; count errors retained in their own rows
STRATIFIED_RANDOM_CHEAP_V1__B12	C12_RETROSPECTIVE_ALL_SEEN	decode1	F0	NA	vm_l2_tlb_miss_rate	0.383453845756	0.109638554217	0.273815291539	0.714076269073	27.3815291539	SEED_SENSITIVITY_ONLY	NA	NA	NA	NA	NA	REPORTED_NO_RATE_QUALIFICATION_THRESHOLD	INCONCLUSIVE	TRUE	rate recomputed from separately weighted numerator and denominator; count errors retained in their own rows
STRATIFIED_RANDOM_CHEAP_V1__B12	C12_RETROSPECTIVE_ALL_SEEN	prefill	F0	NA	vm_l1_tlb_miss_rate	0.011888594398	0.0182794391062	0.00639084470822	0.537561001266	0.639084470822	SEED_SENSITIVITY_ONLY	NA	NA	NA	NA	NA	REPORTED_NO_RATE_QUALIFICATION_THRESHOLD	INCONCLUSIVE	TRUE	rate recomputed from separately weighted numerator and denominator; count errors retained in their own rows
STRATIFIED_RANDOM_CHEAP_V1__B12	C12_RETROSPECTIVE_ALL_SEEN	prefill	F0	NA	vm_l2_tlb_miss_rate	0.0403983110724	0.0142585551331	0.0261397559394	0.647050711909	2.61397559394	SEED_SENSITIVITY_ONLY	NA	NA	NA	NA	NA	REPORTED_NO_RATE_QUALIFICATION_THRESHOLD	INCONCLUSIVE	TRUE	rate recomputed from separately weighted numerator and denominator; count errors retained in their own rows
STRATIFIED_RANDOM_CHEAP_V1__B24	C12_RETROSPECTIVE_ALL_SEEN	decode1	F0	NA	vm_l1_tlb_miss_rate	0.000762306129234	0.000381243736158	0.000381062393076	0.499881056262	0.0381062393076	SEED_SENSITIVITY_ONLY	NA	NA	NA	NA	NA	REPORTED_NO_RATE_QUALIFICATION_THRESHOLD	INCONCLUSIVE	TRUE	rate recomputed from separately weighted numerator and denominator; count errors retained in their own rows
STRATIFIED_RANDOM_CHEAP_V1__B24	C12_RETROSPECTIVE_ALL_SEEN	decode1	F0	NA	vm_l2_tlb_miss_rate	0.383453845756	0.551724137931	0.168270292175	0.438828020733	16.8270292175	SEED_SENSITIVITY_ONLY	NA	NA	NA	NA	NA	REPORTED_NO_RATE_QUALIFICATION_THRESHOLD	INCONCLUSIVE	TRUE	rate recomputed from separately weighted numerator and denominator; count errors retained in their own rows
STRATIFIED_RANDOM_CHEAP_V1__B24	C12_RETROSPECTIVE_ALL_SEEN	prefill	F0	NA	vm_l1_tlb_miss_rate	0.011888594398	0.0111377992604	0.000750795137546	0.0631525571833	0.0750795137546	SEED_SENSITIVITY_ONLY	NA	NA	NA	NA	NA	REPORTED_NO_RATE_QUALIFICATION_THRESHOLD	INCONCLUSIVE	TRUE	rate recomputed from separately weighted numerator and denominator; count errors retained in their own rows
STRATIFIED_RANDOM_CHEAP_V1__B24	C12_RETROSPECTIVE_ALL_SEEN	prefill	F0	NA	vm_l2_tlb_miss_rate	0.0403983110724	0.0224789390274	0.017919372045	0.443567356389	1.7919372045	SEED_SENSITIVITY_ONLY	NA	NA	NA	NA	NA	REPORTED_NO_RATE_QUALIFICATION_THRESHOLD	INCONCLUSIVE	TRUE	rate recomputed from separately weighted numerator and denominator; count errors retained in their own rows
STRATIFIED_RANDOM_CHEAP_V1__B48	C12_RETROSPECTIVE_ALL_SEEN	decode1	F0	NA	vm_l1_tlb_miss_rate	0.000762306129234	0.00160708594464	0.000844779815409	1.10818971934	0.0844779815409	SEED_SENSITIVITY_ONLY	NA	NA	NA	NA	NA	REPORTED_NO_RATE_QUALIFICATION_THRESHOLD	INCONCLUSIVE	TRUE	rate recomputed from separately weighted numerator and denominator; count errors retained in their own rows
STRATIFIED_RANDOM_CHEAP_V1__B48	C12_RETROSPECTIVE_ALL_SEEN	decode1	F0	NA	vm_l2_tlb_miss_rate	0.383453845756	0.183001531394	0.200452314362	0.522754737189	20.0452314362	SEED_SENSITIVITY_ONLY	NA	NA	NA	NA	NA	REPORTED_NO_RATE_QUALIFICATION_THRESHOLD	INCONCLUSIVE	TRUE	rate recomputed from separately weighted numerator and denominator; count errors retained in their own rows
STRATIFIED_RANDOM_CHEAP_V1__B48	C12_RETROSPECTIVE_ALL_SEEN	prefill	F0	NA	vm_l1_tlb_miss_rate	0.011888594398	0.0101866956293	0.00170189876871	0.143153909683	0.170189876871	SEED_SENSITIVITY_ONLY	NA	NA	NA	NA	NA	REPORTED_NO_RATE_QUALIFICATION_THRESHOLD	INCONCLUSIVE	TRUE	rate recomputed from separately weighted numerator and denominator; count errors retained in their own rows
STRATIFIED_RANDOM_CHEAP_V1__B48	C12_RETROSPECTIVE_ALL_SEEN	prefill	F0	NA	vm_l2_tlb_miss_rate	0.0403983110724	0.0273006563329	0.0130976547395	0.324212928507	1.30976547395	SEED_SENSITIVITY_ONLY	NA	NA	NA	NA	NA	REPORTED_NO_RATE_QUALIFICATION_THRESHOLD	INCONCLUSIVE	TRUE	rate recomputed from separately weighted numerator and denominator; count errors retained in their own rows
STRATIFIED_RANDOM_CHEAP_V1__B8	C12_RETROSPECTIVE_ALL_SEEN	decode1	F0	NA	vm_l1_tlb_miss_rate	0.000762306129234	0.00390625	0.00314394387077	4.12425369573	0.314394387077	SEED_SENSITIVITY_ONLY	NA	NA	NA	NA	NA	REPORTED_NO_RATE_QUALIFICATION_THRESHOLD	INCONCLUSIVE	TRUE	rate recomputed from separately weighted numerator and denominator; count errors retained in their own rows
STRATIFIED_RANDOM_CHEAP_V1__B8	C12_RETROSPECTIVE_ALL_SEEN	decode1	F0	NA	vm_l2_tlb_miss_rate	0.383453845756	0	0.383453845756	1	38.3453845756	SEED_SENSITIVITY_ONLY	NA	NA	NA	NA	NA	REPORTED_NO_RATE_QUALIFICATION_THRESHOLD	INCONCLUSIVE	TRUE	rate recomputed from separately weighted numerator and denominator; count errors retained in their own rows
STRATIFIED_RANDOM_CHEAP_V1__B8	C12_RETROSPECTIVE_ALL_SEEN	prefill	F0	NA	vm_l1_tlb_miss_rate	0.011888594398	0.00296826269967	0.00892033169829	0.750326859483	0.892033169829	SEED_SENSITIVITY_ONLY	NA	NA	NA	NA	NA	REPORTED_NO_RATE_QUALIFICATION_THRESHOLD	INCONCLUSIVE	TRUE	rate recomputed from separately weighted numerator and denominator; count errors retained in their own rows
STRATIFIED_RANDOM_CHEAP_V1__B8	C12_RETROSPECTIVE_ALL_SEEN	prefill	F0	NA	vm_l2_tlb_miss_rate	0.0403983110724	0.130575831306	0.0901775202333	2.23221015531	9.01775202333	SEED_SENSITIVITY_ONLY	NA	NA	NA	NA	NA	REPORTED_NO_RATE_QUALIFICATION_THRESHOLD	INCONCLUSIVE	TRUE	rate recomputed from separately weighted numerator and denominator; count errors retained in their own rows
STRATIFIED_REPRESENTATIVE_CHEAP_V1__B12	C12_RETROSPECTIVE_ALL_SEEN	decode1	F0	NA	vm_l1_tlb_miss_rate	0.000762306129234	0.00185860399868	0.00109629786945	1.43813335274	0.109629786945	NOT_DESIGN_BASED	NA	NA	NA	NA	NA	REPORTED_NO_RATE_QUALIFICATION_THRESHOLD	INCONCLUSIVE	TRUE	rate recomputed from separately weighted numerator and denominator; count errors retained in their own rows
STRATIFIED_REPRESENTATIVE_CHEAP_V1__B12	C12_RETROSPECTIVE_ALL_SEEN	decode1	F0	NA	vm_l2_tlb_miss_rate	0.383453845756	0.834688897926	0.45123505217	1.17676496706	45.123505217	NOT_DESIGN_BASED	NA	NA	NA	NA	NA	REPORTED_NO_RATE_QUALIFICATION_THRESHOLD	INCONCLUSIVE	TRUE	rate recomputed from separately weighted numerator and denominator; count errors retained in their own rows
STRATIFIED_REPRESENTATIVE_CHEAP_V1__B12	C12_RETROSPECTIVE_ALL_SEEN	prefill	F0	NA	vm_l1_tlb_miss_rate	0.011888594398	0.0116265207372	0.000262073660754	0.0220441249807	0.0262073660754	NOT_DESIGN_BASED	NA	NA	NA	NA	NA	REPORTED_NO_RATE_QUALIFICATION_THRESHOLD	INCONCLUSIVE	TRUE	rate recomputed from separately weighted numerator and denominator; count errors retained in their own rows
STRATIFIED_REPRESENTATIVE_CHEAP_V1__B12	C12_RETROSPECTIVE_ALL_SEEN	prefill	F0	NA	vm_l2_tlb_miss_rate	0.0403983110724	0.0667556357771	0.0263573247047	0.652436302532	2.63573247047	NOT_DESIGN_BASED	NA	NA	NA	NA	NA	REPORTED_NO_RATE_QUALIFICATION_THRESHOLD	INCONCLUSIVE	TRUE	rate recomputed from separately weighted numerator and denominator; count errors retained in their own rows
STRATIFIED_REPRESENTATIVE_CHEAP_V1__B24	C12_RETROSPECTIVE_ALL_SEEN	decode1	F0	NA	vm_l1_tlb_miss_rate	0.000762306129234	0.00182683856936	0.00106453244013	1.39646317838	0.106453244013	NOT_DESIGN_BASED	NA	NA	NA	NA	NA	REPORTED_NO_RATE_QUALIFICATION_THRESHOLD	INCONCLUSIVE	TRUE	rate recomputed from separately weighted numerator and denominator; count errors retained in their own rows
STRATIFIED_REPRESENTATIVE_CHEAP_V1__B24	C12_RETROSPECTIVE_ALL_SEEN	decode1	F0	NA	vm_l2_tlb_miss_rate	0.383453845756	0.84252369789	0.459069852135	1.19719715219	45.9069852135	NOT_DESIGN_BASED	NA	NA	NA	NA	NA	REPORTED_NO_RATE_QUALIFICATION_THRESHOLD	INCONCLUSIVE	TRUE	rate recomputed from separately weighted numerator and denominator; count errors retained in their own rows
STRATIFIED_REPRESENTATIVE_CHEAP_V1__B24	C12_RETROSPECTIVE_ALL_SEEN	prefill	F0	NA	vm_l1_tlb_miss_rate	0.011888594398	0.0117276794936	0.00016091490432	0.0135352337655	0.016091490432	NOT_DESIGN_BASED	NA	NA	NA	NA	NA	REPORTED_NO_RATE_QUALIFICATION_THRESHOLD	INCONCLUSIVE	TRUE	rate recomputed from separately weighted numerator and denominator; count errors retained in their own rows
STRATIFIED_REPRESENTATIVE_CHEAP_V1__B24	C12_RETROSPECTIVE_ALL_SEEN	prefill	F0	NA	vm_l2_tlb_miss_rate	0.0403983110724	0.0681354010296	0.0277370899571	0.686590335605	2.77370899571	NOT_DESIGN_BASED	NA	NA	NA	NA	NA	REPORTED_NO_RATE_QUALIFICATION_THRESHOLD	INCONCLUSIVE	TRUE	rate recomputed from separately weighted numerator and denominator; count errors retained in their own rows
STRATIFIED_REPRESENTATIVE_CHEAP_V1__B48	C12_RETROSPECTIVE_ALL_SEEN	decode1	F0	NA	vm_l1_tlb_miss_rate	0.000762306129234	0.00135915527281	0.000596849143579	0.782952046023	0.0596849143579	NOT_DESIGN_BASED	NA	NA	NA	NA	NA	REPORTED_NO_RATE_QUALIFICATION_THRESHOLD	INCONCLUSIVE	TRUE	rate recomputed from separately weighted numerator and denominator; count errors retained in their own rows
STRATIFIED_REPRESENTATIVE_CHEAP_V1__B48	C12_RETROSPECTIVE_ALL_SEEN	decode1	F0	NA	vm_l2_tlb_miss_rate	0.383453845756	0.77250133144	0.389047485684	1.01458751813	38.9047485684	NOT_DESIGN_BASED	NA	NA	NA	NA	NA	REPORTED_NO_RATE_QUALIFICATION_THRESHOLD	INCONCLUSIVE	TRUE	rate recomputed from separately weighted numerator and denominator; count errors retained in their own rows
STRATIFIED_REPRESENTATIVE_CHEAP_V1__B48	C12_RETROSPECTIVE_ALL_SEEN	prefill	F0	NA	vm_l1_tlb_miss_rate	0.011888594398	0.0114412104913	0.000447383906626	0.0376313541913	0.0447383906626	NOT_DESIGN_BASED	NA	NA	NA	NA	NA	REPORTED_NO_RATE_QUALIFICATION_THRESHOLD	INCONCLUSIVE	TRUE	rate recomputed from separately weighted numerator and denominator; count errors retained in their own rows
STRATIFIED_REPRESENTATIVE_CHEAP_V1__B48	C12_RETROSPECTIVE_ALL_SEEN	prefill	F0	NA	vm_l2_tlb_miss_rate	0.0403983110724	0.0669639405906	0.0265656295181	0.65759257783	2.65656295181	NOT_DESIGN_BASED	NA	NA	NA	NA	NA	REPORTED_NO_RATE_QUALIFICATION_THRESHOLD	INCONCLUSIVE	TRUE	rate recomputed from separately weighted numerator and denominator; count errors retained in their own rows
STRATIFIED_REPRESENTATIVE_CHEAP_V1__B8	C12_RETROSPECTIVE_ALL_SEEN	decode1	F0	NA	vm_l1_tlb_miss_rate	0.000762306129234	0.00181879940596	0.00105649327673	1.38591733191	0.105649327673	NOT_DESIGN_BASED	NA	NA	NA	NA	NA	REPORTED_NO_RATE_QUALIFICATION_THRESHOLD	INCONCLUSIVE	TRUE	rate recomputed from separately weighted numerator and denominator; count errors retained in their own rows
STRATIFIED_REPRESENTATIVE_CHEAP_V1__B8	C12_RETROSPECTIVE_ALL_SEEN	decode1	F0	NA	vm_l2_tlb_miss_rate	0.383453845756	0.845018450185	0.461564604429	1.20370315629	46.1564604429	NOT_DESIGN_BASED	NA	NA	NA	NA	NA	REPORTED_NO_RATE_QUALIFICATION_THRESHOLD	INCONCLUSIVE	TRUE	rate recomputed from separately weighted numerator and denominator; count errors retained in their own rows
STRATIFIED_REPRESENTATIVE_CHEAP_V1__B8	C12_RETROSPECTIVE_ALL_SEEN	prefill	F0	NA	vm_l1_tlb_miss_rate	0.011888594398	0.0118430479848	4.55464131348e-05	0.00383110160967	0.00455464131348	NOT_DESIGN_BASED	NA	NA	NA	NA	NA	REPORTED_NO_RATE_QUALIFICATION_THRESHOLD	INCONCLUSIVE	TRUE	rate recomputed from separately weighted numerator and denominator; count errors retained in their own rows
STRATIFIED_REPRESENTATIVE_CHEAP_V1__B8	C12_RETROSPECTIVE_ALL_SEEN	prefill	F0	NA	vm_l2_tlb_miss_rate	0.0403983110724	0.0672402481893	0.0268419371169	0.664432160759	2.68419371169	NOT_DESIGN_BASED	NA	NA	NA	NA	NA	REPORTED_NO_RATE_QUALIFICATION_THRESHOLD	INCONCLUSIVE	TRUE	rate recomputed from separately weighted numerator and denominator; count errors retained in their own rows
TRACE_INFORMED_ORACLE_DIAGNOSTIC_V1__B12	C12_RETROSPECTIVE_ALL_SEEN	decode1	F0	NA	vm_l1_tlb_miss_rate	0.000762306129234	0.0028399178858	0.00207761175657	2.7254296888	0.207761175657	NOT_DESIGN_BASED	NA	NA	NA	NA	NA	REPORTED_NO_RATE_QUALIFICATION_THRESHOLD	INCONCLUSIVE	TRUE	rate recomputed from separately weighted numerator and denominator; count errors retained in their own rows
TRACE_INFORMED_ORACLE_DIAGNOSTIC_V1__B12	C12_RETROSPECTIVE_ALL_SEEN	decode1	F0	NA	vm_l2_tlb_miss_rate	0.383453845756	0.244761904762	0.138691940994	0.36169135485	13.8691940994	NOT_DESIGN_BASED	NA	NA	NA	NA	NA	REPORTED_NO_RATE_QUALIFICATION_THRESHOLD	INCONCLUSIVE	TRUE	rate recomputed from separately weighted numerator and denominator; count errors retained in their own rows
TRACE_INFORMED_ORACLE_DIAGNOSTIC_V1__B12	C12_RETROSPECTIVE_ALL_SEEN	prefill	F0	NA	vm_l1_tlb_miss_rate	0.011888594398	0.0116058683819	0.000282726016038	0.0237812820064	0.0282726016038	NOT_DESIGN_BASED	NA	NA	NA	NA	NA	REPORTED_NO_RATE_QUALIFICATION_THRESHOLD	INCONCLUSIVE	TRUE	rate recomputed from separately weighted numerator and denominator; count errors retained in their own rows
TRACE_INFORMED_ORACLE_DIAGNOSTIC_V1__B12	C12_RETROSPECTIVE_ALL_SEEN	prefill	F0	NA	vm_l2_tlb_miss_rate	0.0403983110724	0.0701709619801	0.0297726509077	0.736977614095	2.97726509077	NOT_DESIGN_BASED	NA	NA	NA	NA	NA	REPORTED_NO_RATE_QUALIFICATION_THRESHOLD	INCONCLUSIVE	TRUE	rate recomputed from separately weighted numerator and denominator; count errors retained in their own rows
TRACE_INFORMED_ORACLE_DIAGNOSTIC_V1__B24	C12_RETROSPECTIVE_ALL_SEEN	decode1	F0	NA	vm_l1_tlb_miss_rate	0.000762306129234	0.00226283242284	0.00150052629361	1.96840381582	0.150052629361	NOT_DESIGN_BASED	NA	NA	NA	NA	NA	REPORTED_NO_RATE_QUALIFICATION_THRESHOLD	INCONCLUSIVE	TRUE	rate recomputed from separately weighted numerator and denominator; count errors retained in their own rows
TRACE_INFORMED_ORACLE_DIAGNOSTIC_V1__B24	C12_RETROSPECTIVE_ALL_SEEN	decode1	F0	NA	vm_l2_tlb_miss_rate	0.383453845756	0.292647058824	0.0908067869321	0.236812820988	9.08067869321	NOT_DESIGN_BASED	NA	NA	NA	NA	NA	REPORTED_NO_RATE_QUALIFICATION_THRESHOLD	INCONCLUSIVE	TRUE	rate recomputed from separately weighted numerator and denominator; count errors retained in their own rows
TRACE_INFORMED_ORACLE_DIAGNOSTIC_V1__B24	C12_RETROSPECTIVE_ALL_SEEN	prefill	F0	NA	vm_l1_tlb_miss_rate	0.011888594398	0.00642723552923	0.00546135886874	0.459378012734	0.546135886874	NOT_DESIGN_BASED	NA	NA	NA	NA	NA	REPORTED_NO_RATE_QUALIFICATION_THRESHOLD	INCONCLUSIVE	TRUE	rate recomputed from separately weighted numerator and denominator; count errors retained in their own rows
TRACE_INFORMED_ORACLE_DIAGNOSTIC_V1__B24	C12_RETROSPECTIVE_ALL_SEEN	prefill	F0	NA	vm_l2_tlb_miss_rate	0.0403983110724	0.12070056974	0.080302258668	1.9877627687	8.0302258668	NOT_DESIGN_BASED	NA	NA	NA	NA	NA	REPORTED_NO_RATE_QUALIFICATION_THRESHOLD	INCONCLUSIVE	TRUE	rate recomputed from separately weighted numerator and denominator; count errors retained in their own rows
TRACE_INFORMED_ORACLE_DIAGNOSTIC_V1__B48	C12_RETROSPECTIVE_ALL_SEEN	decode1	F0	NA	vm_l1_tlb_miss_rate	0.000762306129234	0.000413517542995	0.000348788586238	0.457543987727	0.0348788586238	NOT_DESIGN_BASED	NA	NA	NA	NA	NA	REPORTED_NO_RATE_QUALIFICATION_THRESHOLD	INCONCLUSIVE	TRUE	rate recomputed from separately weighted numerator and denominator; count errors retained in their own rows
TRACE_INFORMED_ORACLE_DIAGNOSTIC_V1__B48	C12_RETROSPECTIVE_ALL_SEEN	decode1	F0	NA	vm_l2_tlb_miss_rate	0.383453845756	0.431078867306	0.0476250215507	0.124200140585	4.76250215507	NOT_DESIGN_BASED	NA	NA	NA	NA	NA	REPORTED_NO_RATE_QUALIFICATION_THRESHOLD	INCONCLUSIVE	TRUE	rate recomputed from separately weighted numerator and denominator; count errors retained in their own rows
TRACE_INFORMED_ORACLE_DIAGNOSTIC_V1__B48	C12_RETROSPECTIVE_ALL_SEEN	prefill	F0	NA	vm_l1_tlb_miss_rate	0.011888594398	0.00306649785324	0.00882209654473	0.742063884881	0.882209654473	NOT_DESIGN_BASED	NA	NA	NA	NA	NA	REPORTED_NO_RATE_QUALIFICATION_THRESHOLD	INCONCLUSIVE	TRUE	rate recomputed from separately weighted numerator and denominator; count errors retained in their own rows
TRACE_INFORMED_ORACLE_DIAGNOSTIC_V1__B48	C12_RETROSPECTIVE_ALL_SEEN	prefill	F0	NA	vm_l2_tlb_miss_rate	0.0403983110724	0.133989401968	0.0935910908958	2.31670801108	9.35910908958	NOT_DESIGN_BASED	NA	NA	NA	NA	NA	REPORTED_NO_RATE_QUALIFICATION_THRESHOLD	INCONCLUSIVE	TRUE	rate recomputed from separately weighted numerator and denominator; count errors retained in their own rows
TRACE_INFORMED_ORACLE_DIAGNOSTIC_V1__B8	C12_RETROSPECTIVE_ALL_SEEN	decode1	F0	NA	vm_l1_tlb_miss_rate	0.000762306129234	0.00374142589898	0.00297911976975	3.90803596548	0.297911976975	NOT_DESIGN_BASED	NA	NA	NA	NA	NA	REPORTED_NO_RATE_QUALIFICATION_THRESHOLD	INCONCLUSIVE	TRUE	rate recomputed from separately weighted numerator and denominator; count errors retained in their own rows
TRACE_INFORMED_ORACLE_DIAGNOSTIC_V1__B8	C12_RETROSPECTIVE_ALL_SEEN	decode1	F0	NA	vm_l2_tlb_miss_rate	0.383453845756	0.166666666667	0.216787179089	0.565354035404	21.6787179089	NOT_DESIGN_BASED	NA	NA	NA	NA	NA	REPORTED_NO_RATE_QUALIFICATION_THRESHOLD	INCONCLUSIVE	TRUE	rate recomputed from separately weighted numerator and denominator; count errors retained in their own rows
TRACE_INFORMED_ORACLE_DIAGNOSTIC_V1__B8	C12_RETROSPECTIVE_ALL_SEEN	prefill	F0	NA	vm_l1_tlb_miss_rate	0.011888594398	0.0178664006026	0.00597780620459	0.502818584307	0.597780620459	NOT_DESIGN_BASED	NA	NA	NA	NA	NA	REPORTED_NO_RATE_QUALIFICATION_THRESHOLD	INCONCLUSIVE	TRUE	rate recomputed from separately weighted numerator and denominator; count errors retained in their own rows
TRACE_INFORMED_ORACLE_DIAGNOSTIC_V1__B8	C12_RETROSPECTIVE_ALL_SEEN	prefill	F0	NA	vm_l2_tlb_miss_rate	0.0403983110724	0.0500958116616	0.0096975005892	0.240047178502	0.96975005892	NOT_DESIGN_BASED	NA	NA	NA	NA	NA	REPORTED_NO_RATE_QUALIFICATION_THRESHOLD	INCONCLUSIVE	TRUE	rate recomputed from separately weighted numerator and denominator; count errors retained in their own rows
